23864-src.FleetSimulationBase-INFO-Initialization of network and routing engine...
23864-src.routing.NetworkBasic-INFO-... no network dynamics file given -> read folder structure
23864-src.routing.NetworkBasic-INFO-Loading nodes from E:\Sharing bike\FleetPy-main\FleetPy-main\data\networks\example_network\base\nodes.csv ...
23864-src.routing.NetworkBasic-INFO-Loading edges from E:\Sharing bike\FleetPy-main\FleetPy-main\data\networks\example_network\base\edges.csv ...
23864-src.routing.NetworkBasic-INFO-... 7617 nodes loaded!
23864-src.FleetSimulationBase-INFO-Initialization of line-based public transportation...
23864-src.FleetSimulationBase-INFO-Initialization of travelers...
23864-src.demand.demand-INFO-init(): 0/100 requests removed (rq_time not in simulation time)
23864-src.demand.demand-INFO-init(): 0/100 requests removed (start == end)
23864-src.FleetSimulationBase-INFO-Initialization of MoD fleets...
23864-src.fleetctrl.FleetControlBase-INFO-Scenario example_broker_broker_sc_1
Operator 0 control strategy: BrokerDecisionCtrl
	 control function: {'func_key': 'distance_and_user_times_with_walk', 'vot': 0.45}
Operator 0 additional strategies:
	 RV Heuristics: {}
	 Stop-Insert Heuristics: {}
	 Charging: None
	 On-Street Parking: True
	 Repositioning: None
	 Dynamic Pricing: None
	 Dynamic Fleet Sizing: None

23864-src.fleetctrl.pooling.objectives-INFO- -> assignment_reward_per_rq for objective function: 100000.0
23864-src.fleetctrl.FleetControlBase-INFO-Scenario example_broker_broker_sc_1
Operator 1 control strategy: BrokerDecisionCtrl
	 control function: {'func_key': 'distance_and_user_times_with_walk', 'vot': 0.45}
Operator 1 additional strategies:
	 RV Heuristics: {}
	 Stop-Insert Heuristics: {}
	 Charging: None
	 On-Street Parking: True
	 Repositioning: None
	 Dynamic Pricing: None
	 Dynamic Fleet Sizing: None

23864-src.fleetctrl.pooling.objectives-INFO- -> assignment_reward_per_rq for objective function: 100000.0
23864-src.FleetSimulationBase-INFO-Simulation environment specific initializations...
23864-src.fleetctrl.RidePoolingBatchOptimizationFleetControlBase-INFO-add init: 1
23864-src.fleetctrl.RidePoolingBatchOptimizationFleetControlBase-INFO-add init: 1
23864-src.FleetSimulationBase-INFO-Creating or loading initial vehicle states...
23864-src.FleetSimulationBase-INFO-Initialization of scenario example_broker_broker_sc_1 successful.
23864-src.FleetSimulationBase-INFO-No broker type specified, using default broker: BrokerBasic.
23864-src.fleetctrl.pooling.batch.AlonsoMora.AlonsoMoraAssignment-INFO-=========
23864-src.fleetctrl.pooling.batch.AlonsoMora.AlonsoMoraAssignment-INFO-OPT TIME 0:
23864-src.fleetctrl.pooling.batch.AlonsoMora.AlonsoMoraAssignment-INFO-solution status 2
23864-src.fleetctrl.pooling.batch.AlonsoMora.AlonsoMoraAssignment-INFO-number solutions 1
23864-src.fleetctrl.pooling.batch.AlonsoMora.AlonsoMoraAssignment-INFO-number opt requests 0 | number revealed requests 0 | number active requests: 0
23864-src.fleetctrl.pooling.batch.AlonsoMora.AlonsoMoraAssignment-INFO-number rtv_objs: 0
23864-src.fleetctrl.pooling.batch.AlonsoMora.AlonsoMoraAssignment-INFO-OPT TIMES:sim_time;0,setup;0.0,rr;0.0,rv;0.0,build;0.0,opt;0.0015676021575927734,all;0.0015676021575927734
23864-src.fleetctrl.pooling.batch.AlonsoMora.AlonsoMoraAssignment-INFO-Opt stats at sim time 0 : opt duration 0.0015676021575927734 | res cfv 0
23864-src.fleetctrl.pooling.batch.AlonsoMora.AlonsoMoraAssignment-INFO-Number of rtv_keys in trees:
23864-src.fleetctrl.pooling.batch.AlonsoMora.AlonsoMoraAssignment-INFO-Objective value at time 0 for AM: 0
23864-src.fleetctrl.pooling.batch.AlonsoMora.AlonsoMoraAssignment-INFO-=========
23864-src.fleetctrl.pooling.batch.AlonsoMora.AlonsoMoraAssignment-INFO-OPT TIME 0:
23864-src.fleetctrl.pooling.batch.AlonsoMora.AlonsoMoraAssignment-INFO-solution status 2
23864-src.fleetctrl.pooling.batch.AlonsoMora.AlonsoMoraAssignment-INFO-number solutions 1
23864-src.fleetctrl.pooling.batch.AlonsoMora.AlonsoMoraAssignment-INFO-number opt requests 0 | number revealed requests 0 | number active requests: 0
23864-src.fleetctrl.pooling.batch.AlonsoMora.AlonsoMoraAssignment-INFO-number rtv_objs: 0
23864-src.fleetctrl.pooling.batch.AlonsoMora.AlonsoMoraAssignment-INFO-OPT TIMES:sim_time;0,setup;0.0,rr;0.0,rv;0.0,build;0.0,opt;0.0032548904418945312,all;0.0032548904418945312
23864-src.fleetctrl.pooling.batch.AlonsoMora.AlonsoMoraAssignment-INFO-Opt stats at sim time 0 : opt duration 0.0032548904418945312 | res cfv 0
23864-src.fleetctrl.pooling.batch.AlonsoMora.AlonsoMoraAssignment-INFO-Number of rtv_keys in trees:
23864-src.fleetctrl.pooling.batch.AlonsoMora.AlonsoMoraAssignment-INFO-Objective value at time 0 for AM: 0
23864-src.fleetctrl.pooling.batch.AlonsoMora.AlonsoMoraAssignment-INFO-=========
23864-src.fleetctrl.pooling.batch.AlonsoMora.AlonsoMoraAssignment-INFO-OPT TIME 60:
23864-src.fleetctrl.pooling.batch.AlonsoMora.AlonsoMoraAssignment-INFO-solution status 2
23864-src.fleetctrl.pooling.batch.AlonsoMora.AlonsoMoraAssignment-INFO-number solutions 1
23864-src.fleetctrl.pooling.batch.AlonsoMora.AlonsoMoraAssignment-INFO-number opt requests 0 | number revealed requests 0 | number active requests: 0
23864-src.fleetctrl.pooling.batch.AlonsoMora.AlonsoMoraAssignment-INFO-number rtv_objs: 0
23864-src.fleetctrl.pooling.batch.AlonsoMora.AlonsoMoraAssignment-INFO-OPT TIMES:sim_time;60,setup;0.0,rr;0.0,rv;0.0,build;0.0,opt;0.001991748809814453,all;0.001991748809814453
23864-src.fleetctrl.pooling.batch.AlonsoMora.AlonsoMoraAssignment-INFO-Opt stats at sim time 60 : opt duration 0.001991748809814453 | res cfv 0
23864-src.fleetctrl.pooling.batch.AlonsoMora.AlonsoMoraAssignment-INFO-Number of rtv_keys in trees:
23864-src.fleetctrl.pooling.batch.AlonsoMora.AlonsoMoraAssignment-INFO-Objective value at time 60 for AM: 0
23864-src.fleetctrl.pooling.batch.AlonsoMora.AlonsoMoraAssignment-INFO-=========
23864-src.fleetctrl.pooling.batch.AlonsoMora.AlonsoMoraAssignment-INFO-OPT TIME 60:
23864-src.fleetctrl.pooling.batch.AlonsoMora.AlonsoMoraAssignment-INFO-solution status 2
23864-src.fleetctrl.pooling.batch.AlonsoMora.AlonsoMoraAssignment-INFO-number solutions 1
23864-src.fleetctrl.pooling.batch.AlonsoMora.AlonsoMoraAssignment-INFO-number opt requests 0 | number revealed requests 0 | number active requests: 0
23864-src.fleetctrl.pooling.batch.AlonsoMora.AlonsoMoraAssignment-INFO-number rtv_objs: 0
23864-src.fleetctrl.pooling.batch.AlonsoMora.AlonsoMoraAssignment-INFO-OPT TIMES:sim_time;60,setup;0.0,rr;0.0,rv;0.0,build;0.0,opt;0.0025987625122070312,all;0.0025987625122070312
23864-src.fleetctrl.pooling.batch.AlonsoMora.AlonsoMoraAssignment-INFO-Opt stats at sim time 60 : opt duration 0.0025987625122070312 | res cfv 0
23864-src.fleetctrl.pooling.batch.AlonsoMora.AlonsoMoraAssignment-INFO-Number of rtv_keys in trees:
23864-src.fleetctrl.pooling.batch.AlonsoMora.AlonsoMoraAssignment-INFO-Objective value at time 60 for AM: 0
23864-src.fleetctrl.pooling.batch.AlonsoMora.AlonsoMoraAssignment-INFO-=========
23864-src.fleetctrl.pooling.batch.AlonsoMora.AlonsoMoraAssignment-INFO-OPT TIME 120:
23864-src.fleetctrl.pooling.batch.AlonsoMora.AlonsoMoraAssignment-INFO-solution status 2
23864-src.fleetctrl.pooling.batch.AlonsoMora.AlonsoMoraAssignment-INFO-number solutions 1
23864-src.fleetctrl.pooling.batch.AlonsoMora.AlonsoMoraAssignment-INFO-number opt requests 0 | number revealed requests 0 | number active requests: 0
23864-src.fleetctrl.pooling.batch.AlonsoMora.AlonsoMoraAssignment-INFO-number rtv_objs: 0
23864-src.fleetctrl.pooling.batch.AlonsoMora.AlonsoMoraAssignment-INFO-OPT TIMES:sim_time;120,setup;0.0,rr;0.0,rv;0.0,build;0.0,opt;0.003149271011352539,all;0.003149271011352539
23864-src.fleetctrl.pooling.batch.AlonsoMora.AlonsoMoraAssignment-INFO-Opt stats at sim time 120 : opt duration 0.003149271011352539 | res cfv 0
23864-src.fleetctrl.pooling.batch.AlonsoMora.AlonsoMoraAssignment-INFO-Number of rtv_keys in trees:
23864-src.fleetctrl.pooling.batch.AlonsoMora.AlonsoMoraAssignment-INFO-Objective value at time 120 for AM: 0
23864-src.fleetctrl.pooling.batch.AlonsoMora.AlonsoMoraAssignment-INFO-=========
23864-src.fleetctrl.pooling.batch.AlonsoMora.AlonsoMoraAssignment-INFO-OPT TIME 120:
23864-src.fleetctrl.pooling.batch.AlonsoMora.AlonsoMoraAssignment-INFO-solution status 2
23864-src.fleetctrl.pooling.batch.AlonsoMora.AlonsoMoraAssignment-INFO-number solutions 1
23864-src.fleetctrl.pooling.batch.AlonsoMora.AlonsoMoraAssignment-INFO-number opt requests 0 | number revealed requests 0 | number active requests: 0
23864-src.fleetctrl.pooling.batch.AlonsoMora.AlonsoMoraAssignment-INFO-number rtv_objs: 0
23864-src.fleetctrl.pooling.batch.AlonsoMora.AlonsoMoraAssignment-INFO-OPT TIMES:sim_time;120,setup;0.0,rr;0.0,rv;0.0,build;0.0005261898040771484,opt;0.0015158653259277344,all;0.002042055130004883
23864-src.fleetctrl.pooling.batch.AlonsoMora.AlonsoMoraAssignment-INFO-Opt stats at sim time 120 : opt duration 0.002042055130004883 | res cfv 0
23864-src.fleetctrl.pooling.batch.AlonsoMora.AlonsoMoraAssignment-INFO-Number of rtv_keys in trees:
23864-src.fleetctrl.pooling.batch.AlonsoMora.AlonsoMoraAssignment-INFO-Objective value at time 120 for AM: 0
23864-src.fleetctrl.pooling.batch.AlonsoMora.AlonsoMoraAssignment-INFO-=========
23864-src.fleetctrl.pooling.batch.AlonsoMora.AlonsoMoraAssignment-INFO-OPT TIME 180:
23864-src.fleetctrl.pooling.batch.AlonsoMora.AlonsoMoraAssignment-INFO-solution status 2
23864-src.fleetctrl.pooling.batch.AlonsoMora.AlonsoMoraAssignment-INFO-number solutions 1
23864-src.fleetctrl.pooling.batch.AlonsoMora.AlonsoMoraAssignment-INFO-number opt requests 0 | number revealed requests 0 | number active requests: 0
23864-src.fleetctrl.pooling.batch.AlonsoMora.AlonsoMoraAssignment-INFO-number rtv_objs: 0
23864-src.fleetctrl.pooling.batch.AlonsoMora.AlonsoMoraAssignment-INFO-OPT TIMES:sim_time;180,setup;0.0,rr;0.0,rv;0.0,build;0.0,opt;0.0015859603881835938,all;0.0015859603881835938
23864-src.fleetctrl.pooling.batch.AlonsoMora.AlonsoMoraAssignment-INFO-Opt stats at sim time 180 : opt duration 0.0015859603881835938 | res cfv 0
23864-src.fleetctrl.pooling.batch.AlonsoMora.AlonsoMoraAssignment-INFO-Number of rtv_keys in trees:
23864-src.fleetctrl.pooling.batch.AlonsoMora.AlonsoMoraAssignment-INFO-Objective value at time 180 for AM: 0
23864-src.fleetctrl.pooling.batch.AlonsoMora.AlonsoMoraAssignment-INFO-=========
23864-src.fleetctrl.pooling.batch.AlonsoMora.AlonsoMoraAssignment-INFO-OPT TIME 180:
23864-src.fleetctrl.pooling.batch.AlonsoMora.AlonsoMoraAssignment-INFO-solution status 2
23864-src.fleetctrl.pooling.batch.AlonsoMora.AlonsoMoraAssignment-INFO-number solutions 1
23864-src.fleetctrl.pooling.batch.AlonsoMora.AlonsoMoraAssignment-INFO-number opt requests 2 | number revealed requests 2 | number active requests: 2
23864-src.fleetctrl.pooling.batch.AlonsoMora.AlonsoMoraAssignment-INFO-number rtv_objs: 12
23864-src.fleetctrl.pooling.batch.AlonsoMora.AlonsoMoraAssignment-INFO-OPT TIMES:sim_time;180,setup;0.0,rr;0.0,rv;0.06110382080078125,build;0.022838592529296875,opt;0.003042936325073242,all;0.08698534965515137
23864-src.fleetctrl.pooling.batch.AlonsoMora.AlonsoMoraAssignment-INFO-Opt stats at sim time 180 : opt duration 0.08698534965515137 | res cfv -199612.7711256624
23864-src.fleetctrl.pooling.batch.AlonsoMora.AlonsoMoraAssignment-INFO-Number of rtv_keys in trees:
23864-src.fleetctrl.pooling.batch.AlonsoMora.AlonsoMoraAssignment-INFO-N 1 : 8 | plans_ 8
23864-src.fleetctrl.pooling.batch.AlonsoMora.AlonsoMoraAssignment-INFO-N 2 : 4 | plans_ 8
23864-src.fleetctrl.pooling.batch.AlonsoMora.AlonsoMoraAssignment-INFO-Objective value at time 180 for AM: -199612.7711256624
23864-src.fleetctrl.pooling.batch.AlonsoMora.AlonsoMoraAssignment-INFO-=========
23864-src.fleetctrl.pooling.batch.AlonsoMora.AlonsoMoraAssignment-INFO-OPT TIME 240:
23864-src.fleetctrl.pooling.batch.AlonsoMora.AlonsoMoraAssignment-INFO-solution status 2
23864-src.fleetctrl.pooling.batch.AlonsoMora.AlonsoMoraAssignment-INFO-number solutions 1
23864-src.fleetctrl.pooling.batch.AlonsoMora.AlonsoMoraAssignment-INFO-number opt requests 0 | number revealed requests 0 | number active requests: 0
23864-src.fleetctrl.pooling.batch.AlonsoMora.AlonsoMoraAssignment-INFO-number rtv_objs: 0
23864-src.fleetctrl.pooling.batch.AlonsoMora.AlonsoMoraAssignment-INFO-OPT TIMES:sim_time;240,setup;0.0,rr;0.0,rv;0.0,build;0.0,opt;0.0033369064331054688,all;0.0033369064331054688
23864-src.fleetctrl.pooling.batch.AlonsoMora.AlonsoMoraAssignment-INFO-Opt stats at sim time 240 : opt duration 0.0033369064331054688 | res cfv 0
23864-src.fleetctrl.pooling.batch.AlonsoMora.AlonsoMoraAssignment-INFO-Number of rtv_keys in trees:
23864-src.fleetctrl.pooling.batch.AlonsoMora.AlonsoMoraAssignment-INFO-Objective value at time 240 for AM: 0
23864-src.fleetctrl.pooling.batch.AlonsoMora.AlonsoMoraAssignment-INFO-=========
23864-src.fleetctrl.pooling.batch.AlonsoMora.AlonsoMoraAssignment-INFO-OPT TIME 240:
23864-src.fleetctrl.pooling.batch.AlonsoMora.AlonsoMoraAssignment-INFO-solution status 2
23864-src.fleetctrl.pooling.batch.AlonsoMora.AlonsoMoraAssignment-INFO-number solutions 1
23864-src.fleetctrl.pooling.batch.AlonsoMora.AlonsoMoraAssignment-INFO-number opt requests 2 | number revealed requests 2 | number active requests: 2
23864-src.fleetctrl.pooling.batch.AlonsoMora.AlonsoMoraAssignment-INFO-number rtv_objs: 1
23864-src.fleetctrl.pooling.batch.AlonsoMora.AlonsoMoraAssignment-INFO-OPT TIMES:sim_time;240,setup;0.0,rr;0.0,rv;0.0,build;0.018530607223510742,opt;0.001573801040649414,all;0.020104408264160156
23864-src.fleetctrl.pooling.batch.AlonsoMora.AlonsoMoraAssignment-INFO-Opt stats at sim time 240 : opt duration 0.020104408264160156 | res cfv -199614.22945899575
23864-src.fleetctrl.pooling.batch.AlonsoMora.AlonsoMoraAssignment-INFO-Number of rtv_keys in trees:
23864-src.fleetctrl.pooling.batch.AlonsoMora.AlonsoMoraAssignment-INFO-N 1 : 0 | plans_ 0
23864-src.fleetctrl.pooling.batch.AlonsoMora.AlonsoMoraAssignment-INFO-N 2 : 1 | plans_ 2
23864-src.fleetctrl.pooling.batch.AlonsoMora.AlonsoMoraAssignment-INFO-Objective value at time 240 for AM: -199614.22945899575
23864-src.fleetctrl.pooling.batch.AlonsoMora.AlonsoMoraAssignment-INFO-=========
23864-src.fleetctrl.pooling.batch.AlonsoMora.AlonsoMoraAssignment-INFO-OPT TIME 300:
23864-src.fleetctrl.pooling.batch.AlonsoMora.AlonsoMoraAssignment-INFO-solution status 2
23864-src.fleetctrl.pooling.batch.AlonsoMora.AlonsoMoraAssignment-INFO-number solutions 1
23864-src.fleetctrl.pooling.batch.AlonsoMora.AlonsoMoraAssignment-INFO-number opt requests 1 | number revealed requests 1 | number active requests: 1
23864-src.fleetctrl.pooling.batch.AlonsoMora.AlonsoMoraAssignment-INFO-number rtv_objs: 5
23864-src.fleetctrl.pooling.batch.AlonsoMora.AlonsoMoraAssignment-INFO-OPT TIMES:sim_time;300,setup;0.0,rr;0.0,rv;0.036234140396118164,build;0.0015115737915039062,opt;0.0025260448455810547,all;0.040271759033203125
23864-src.fleetctrl.pooling.batch.AlonsoMora.AlonsoMoraAssignment-INFO-Opt stats at sim time 300 : opt duration 0.040271759033203125 | res cfv -99784.67332167985
23864-src.fleetctrl.pooling.batch.AlonsoMora.AlonsoMoraAssignment-INFO-Number of rtv_keys in trees:
23864-src.fleetctrl.pooling.batch.AlonsoMora.AlonsoMoraAssignment-INFO-N 1 : 5 | plans_ 5
23864-src.fleetctrl.pooling.batch.AlonsoMora.AlonsoMoraAssignment-INFO-Objective value at time 300 for AM: -99784.67332167985
23864-src.fleetctrl.pooling.batch.AlonsoMora.AlonsoMoraAssignment-INFO-=========
23864-src.fleetctrl.pooling.batch.AlonsoMora.AlonsoMoraAssignment-INFO-OPT TIME 300:
23864-src.fleetctrl.pooling.batch.AlonsoMora.AlonsoMoraAssignment-INFO-solution status 2
23864-src.fleetctrl.pooling.batch.AlonsoMora.AlonsoMoraAssignment-INFO-number solutions 1
23864-src.fleetctrl.pooling.batch.AlonsoMora.AlonsoMoraAssignment-INFO-number opt requests 2 | number revealed requests 2 | number active requests: 2
23864-src.fleetctrl.pooling.batch.AlonsoMora.AlonsoMoraAssignment-INFO-number rtv_objs: 1
23864-src.fleetctrl.pooling.batch.AlonsoMora.AlonsoMoraAssignment-INFO-OPT TIMES:sim_time;300,setup;0.0,rr;0.0,rv;0.0,build;0.014657735824584961,opt;0.0020194053649902344,all;0.016677141189575195
23864-src.fleetctrl.pooling.batch.AlonsoMora.AlonsoMoraAssignment-INFO-Opt stats at sim time 300 : opt duration 0.016677141189575195 | res cfv -199627.60512495268
23864-src.fleetctrl.pooling.batch.AlonsoMora.AlonsoMoraAssignment-INFO-Number of rtv_keys in trees:
23864-src.fleetctrl.pooling.batch.AlonsoMora.AlonsoMoraAssignment-INFO-N 1 : 0 | plans_ 0
23864-src.fleetctrl.pooling.batch.AlonsoMora.AlonsoMoraAssignment-INFO-N 2 : 1 | plans_ 2
23864-src.fleetctrl.pooling.batch.AlonsoMora.AlonsoMoraAssignment-INFO-Objective value at time 300 for AM: -199627.60512495268
23864-src.fleetctrl.pooling.batch.AlonsoMora.AlonsoMoraAssignment-INFO-=========
23864-src.fleetctrl.pooling.batch.AlonsoMora.AlonsoMoraAssignment-INFO-OPT TIME 360:
23864-src.fleetctrl.pooling.batch.AlonsoMora.AlonsoMoraAssignment-INFO-solution status 2
23864-src.fleetctrl.pooling.batch.AlonsoMora.AlonsoMoraAssignment-INFO-number solutions 1
23864-src.fleetctrl.pooling.batch.AlonsoMora.AlonsoMoraAssignment-INFO-number opt requests 2 | number revealed requests 2 | number active requests: 2
23864-src.fleetctrl.pooling.batch.AlonsoMora.AlonsoMoraAssignment-INFO-number rtv_objs: 9
23864-src.fleetctrl.pooling.batch.AlonsoMora.AlonsoMoraAssignment-INFO-OPT TIMES:sim_time;360,setup;0.0,rr;0.0,rv;0.018750429153442383,build;0.013775348663330078,opt;0.0016071796417236328,all;0.034132957458496094
23864-src.fleetctrl.pooling.batch.AlonsoMora.AlonsoMoraAssignment-INFO-Opt stats at sim time 360 : opt duration 0.034132957458496094 | res cfv -199783.1343317597
23864-src.fleetctrl.pooling.batch.AlonsoMora.AlonsoMoraAssignment-INFO-Number of rtv_keys in trees:
23864-src.fleetctrl.pooling.batch.AlonsoMora.AlonsoMoraAssignment-INFO-N 1 : 9 | plans_ 9
23864-src.fleetctrl.pooling.batch.AlonsoMora.AlonsoMoraAssignment-INFO-Objective value at time 360 for AM: -199783.1343317597
23864-src.fleetctrl.pooling.batch.AlonsoMora.AlonsoMoraAssignment-INFO-=========
23864-src.fleetctrl.pooling.batch.AlonsoMora.AlonsoMoraAssignment-INFO-OPT TIME 360:
23864-src.fleetctrl.pooling.batch.AlonsoMora.AlonsoMoraAssignment-INFO-solution status 2
23864-src.fleetctrl.pooling.batch.AlonsoMora.AlonsoMoraAssignment-INFO-number solutions 1
23864-src.fleetctrl.pooling.batch.AlonsoMora.AlonsoMoraAssignment-INFO-number opt requests 3 | number revealed requests 3 | number active requests: 3
23864-src.fleetctrl.pooling.batch.AlonsoMora.AlonsoMoraAssignment-INFO-number rtv_objs: 5
23864-src.fleetctrl.pooling.batch.AlonsoMora.AlonsoMoraAssignment-INFO-OPT TIMES:sim_time;360,setup;0.0,rr;0.0,rv;0.029575824737548828,build;0.047582387924194336,opt;0.003162384033203125,all;0.08032059669494629
23864-src.fleetctrl.pooling.batch.AlonsoMora.AlonsoMoraAssignment-INFO-Opt stats at sim time 360 : opt duration 0.08032059669494629 | res cfv -299531.9159818476
23864-src.fleetctrl.pooling.batch.AlonsoMora.AlonsoMoraAssignment-INFO-Number of rtv_keys in trees:
23864-src.fleetctrl.pooling.batch.AlonsoMora.AlonsoMoraAssignment-INFO-N 1 : 4 | plans_ 4
23864-src.fleetctrl.pooling.batch.AlonsoMora.AlonsoMoraAssignment-INFO-N 2 : 1 | plans_ 2
23864-src.fleetctrl.pooling.batch.AlonsoMora.AlonsoMoraAssignment-INFO-Objective value at time 360 for AM: -299531.9159818476
23864-src.fleetctrl.pooling.batch.AlonsoMora.AlonsoMoraAssignment-INFO-=========
23864-src.fleetctrl.pooling.batch.AlonsoMora.AlonsoMoraAssignment-INFO-OPT TIME 420:
23864-src.fleetctrl.pooling.batch.AlonsoMora.AlonsoMoraAssignment-INFO-solution status 2
23864-src.fleetctrl.pooling.batch.AlonsoMora.AlonsoMoraAssignment-INFO-number solutions 1
23864-src.fleetctrl.pooling.batch.AlonsoMora.AlonsoMoraAssignment-INFO-number opt requests 2 | number revealed requests 2 | number active requests: 2
23864-src.fleetctrl.pooling.batch.AlonsoMora.AlonsoMoraAssignment-INFO-number rtv_objs: 2
23864-src.fleetctrl.pooling.batch.AlonsoMora.AlonsoMoraAssignment-INFO-OPT TIMES:sim_time;420,setup;0.0,rr;0.0,rv;0.0,build;0.0,opt;0.0035829544067382812,all;0.0035829544067382812
23864-src.fleetctrl.pooling.batch.AlonsoMora.AlonsoMoraAssignment-INFO-Opt stats at sim time 420 : opt duration 0.0035829544067382812 | res cfv -199796.6255667479
23864-src.fleetctrl.pooling.batch.AlonsoMora.AlonsoMoraAssignment-INFO-Number of rtv_keys in trees:
23864-src.fleetctrl.pooling.batch.AlonsoMora.AlonsoMoraAssignment-INFO-N 1 : 2 | plans_ 2
23864-src.fleetctrl.pooling.batch.AlonsoMora.AlonsoMoraAssignment-INFO-Objective value at time 420 for AM: -199796.6255667479
23864-src.fleetctrl.pooling.batch.AlonsoMora.AlonsoMoraAssignment-INFO-=========
23864-src.fleetctrl.pooling.batch.AlonsoMora.AlonsoMoraAssignment-INFO-OPT TIME 420:
23864-src.fleetctrl.pooling.batch.AlonsoMora.AlonsoMoraAssignment-INFO-solution status 2
23864-src.fleetctrl.pooling.batch.AlonsoMora.AlonsoMoraAssignment-INFO-number solutions 1
23864-src.fleetctrl.pooling.batch.AlonsoMora.AlonsoMoraAssignment-INFO-number opt requests 3 | number revealed requests 3 | number active requests: 3
23864-src.fleetctrl.pooling.batch.AlonsoMora.AlonsoMoraAssignment-INFO-number rtv_objs: 2
23864-src.fleetctrl.pooling.batch.AlonsoMora.AlonsoMoraAssignment-INFO-OPT TIMES:sim_time;420,setup;0.0,rr;0.0,rv;0.0,build;0.0030791759490966797,opt;0.0016019344329833984,all;0.004681110382080078
23864-src.fleetctrl.pooling.batch.AlonsoMora.AlonsoMoraAssignment-INFO-Opt stats at sim time 420 : opt duration 0.004681110382080078 | res cfv -299552.8347076816
23864-src.fleetctrl.pooling.batch.AlonsoMora.AlonsoMoraAssignment-INFO-Number of rtv_keys in trees:
23864-src.fleetctrl.pooling.batch.AlonsoMora.AlonsoMoraAssignment-INFO-N 1 : 1 | plans_ 1
23864-src.fleetctrl.pooling.batch.AlonsoMora.AlonsoMoraAssignment-INFO-N 2 : 1 | plans_ 2
23864-src.fleetctrl.pooling.batch.AlonsoMora.AlonsoMoraAssignment-INFO-Objective value at time 420 for AM: -299552.8347076816
23864-src.fleetctrl.pooling.batch.AlonsoMora.AlonsoMoraAssignment-INFO-=========
23864-src.fleetctrl.pooling.batch.AlonsoMora.AlonsoMoraAssignment-INFO-OPT TIME 480:
23864-src.fleetctrl.pooling.batch.AlonsoMora.AlonsoMoraAssignment-INFO-solution status 2
23864-src.fleetctrl.pooling.batch.AlonsoMora.AlonsoMoraAssignment-INFO-number solutions 1
23864-src.fleetctrl.pooling.batch.AlonsoMora.AlonsoMoraAssignment-INFO-number opt requests 1 | number revealed requests 1 | number active requests: 1
23864-src.fleetctrl.pooling.batch.AlonsoMora.AlonsoMoraAssignment-INFO-number rtv_objs: 1
23864-src.fleetctrl.pooling.batch.AlonsoMora.AlonsoMoraAssignment-INFO-OPT TIMES:sim_time;480,setup;0.0,rr;0.0,rv;0.0,build;0.0,opt;0.001798391342163086,all;0.001798391342163086
23864-src.fleetctrl.pooling.batch.AlonsoMora.AlonsoMoraAssignment-INFO-Opt stats at sim time 480 : opt duration 0.001798391342163086 | res cfv -99825.58287312913
23864-src.fleetctrl.pooling.batch.AlonsoMora.AlonsoMoraAssignment-INFO-Number of rtv_keys in trees:
23864-src.fleetctrl.pooling.batch.AlonsoMora.AlonsoMoraAssignment-INFO-N 1 : 1 | plans_ 1
23864-src.fleetctrl.pooling.batch.AlonsoMora.AlonsoMoraAssignment-INFO-Objective value at time 480 for AM: -99825.58287312913
23864-src.fleetctrl.pooling.batch.AlonsoMora.AlonsoMoraAssignment-INFO-=========
23864-src.fleetctrl.pooling.batch.AlonsoMora.AlonsoMoraAssignment-INFO-OPT TIME 480:
23864-src.fleetctrl.pooling.batch.AlonsoMora.AlonsoMoraAssignment-INFO-solution status 2
23864-src.fleetctrl.pooling.batch.AlonsoMora.AlonsoMoraAssignment-INFO-number solutions 1
23864-src.fleetctrl.pooling.batch.AlonsoMora.AlonsoMoraAssignment-INFO-number opt requests 3 | number revealed requests 3 | number active requests: 3
23864-src.fleetctrl.pooling.batch.AlonsoMora.AlonsoMoraAssignment-INFO-number rtv_objs: 2
23864-src.fleetctrl.pooling.batch.AlonsoMora.AlonsoMoraAssignment-INFO-OPT TIMES:sim_time;480,setup;0.0,rr;0.0,rv;0.0,build;0.0015707015991210938,opt;0.0015609264373779297,all;0.0031316280364990234
23864-src.fleetctrl.pooling.batch.AlonsoMora.AlonsoMoraAssignment-INFO-Opt stats at sim time 480 : opt duration 0.0031316280364990234 | res cfv -299580.2865108705
23864-src.fleetctrl.pooling.batch.AlonsoMora.AlonsoMoraAssignment-INFO-Number of rtv_keys in trees:
23864-src.fleetctrl.pooling.batch.AlonsoMora.AlonsoMoraAssignment-INFO-N 1 : 1 | plans_ 1
23864-src.fleetctrl.pooling.batch.AlonsoMora.AlonsoMoraAssignment-INFO-N 2 : 1 | plans_ 2
23864-src.fleetctrl.pooling.batch.AlonsoMora.AlonsoMoraAssignment-INFO-Objective value at time 480 for AM: -299580.2865108705
23864-src.fleetctrl.pooling.batch.AlonsoMora.AlonsoMoraAssignment-INFO-=========
23864-src.fleetctrl.pooling.batch.AlonsoMora.AlonsoMoraAssignment-INFO-OPT TIME 540:
23864-src.fleetctrl.pooling.batch.AlonsoMora.AlonsoMoraAssignment-INFO-solution status 2
23864-src.fleetctrl.pooling.batch.AlonsoMora.AlonsoMoraAssignment-INFO-number solutions 1
23864-src.fleetctrl.pooling.batch.AlonsoMora.AlonsoMoraAssignment-INFO-number opt requests 1 | number revealed requests 1 | number active requests: 1
23864-src.fleetctrl.pooling.batch.AlonsoMora.AlonsoMoraAssignment-INFO-number rtv_objs: 1
23864-src.fleetctrl.pooling.batch.AlonsoMora.AlonsoMoraAssignment-INFO-OPT TIMES:sim_time;540,setup;0.0003218650817871094,rr;0.0,rv;0.0,build;0.0,opt;0.001012563705444336,all;0.0013344287872314453
23864-src.fleetctrl.pooling.batch.AlonsoMora.AlonsoMoraAssignment-INFO-Opt stats at sim time 540 : opt duration 0.0013344287872314453 | res cfv -99838.94357167985
23864-src.fleetctrl.pooling.batch.AlonsoMora.AlonsoMoraAssignment-INFO-Number of rtv_keys in trees:
23864-src.fleetctrl.pooling.batch.AlonsoMora.AlonsoMoraAssignment-INFO-N 1 : 1 | plans_ 1
23864-src.fleetctrl.pooling.batch.AlonsoMora.AlonsoMoraAssignment-INFO-Objective value at time 540 for AM: -99838.94357167985
23864-src.fleetctrl.pooling.batch.AlonsoMora.AlonsoMoraAssignment-INFO-=========
23864-src.fleetctrl.pooling.batch.AlonsoMora.AlonsoMoraAssignment-INFO-OPT TIME 540:
23864-src.fleetctrl.pooling.batch.AlonsoMora.AlonsoMoraAssignment-INFO-solution status 2
23864-src.fleetctrl.pooling.batch.AlonsoMora.AlonsoMoraAssignment-INFO-number solutions 1
23864-src.fleetctrl.pooling.batch.AlonsoMora.AlonsoMoraAssignment-INFO-number opt requests 2 | number revealed requests 2 | number active requests: 2
23864-src.fleetctrl.pooling.batch.AlonsoMora.AlonsoMoraAssignment-INFO-number rtv_objs: 2
23864-src.fleetctrl.pooling.batch.AlonsoMora.AlonsoMoraAssignment-INFO-OPT TIMES:sim_time;540,setup;0.0,rr;0.0,rv;0.0,build;0.020569562911987305,opt;0.0025823116302490234,all;0.023151874542236328
23864-src.fleetctrl.pooling.batch.AlonsoMora.AlonsoMoraAssignment-INFO-Opt stats at sim time 540 : opt duration 0.023151874542236328 | res cfv -199739.91386554268
23864-src.fleetctrl.pooling.batch.AlonsoMora.AlonsoMoraAssignment-INFO-Number of rtv_keys in trees:
23864-src.fleetctrl.pooling.batch.AlonsoMora.AlonsoMoraAssignment-INFO-N 1 : 2 | plans_ 2
23864-src.fleetctrl.pooling.batch.AlonsoMora.AlonsoMoraAssignment-INFO-N 2 : 0 | plans_ 0
23864-src.fleetctrl.pooling.batch.AlonsoMora.AlonsoMoraAssignment-INFO-Objective value at time 540 for AM: -199739.91386554268
23864-src.fleetctrl.pooling.batch.AlonsoMora.AlonsoMoraAssignment-INFO-=========
23864-src.fleetctrl.pooling.batch.AlonsoMora.AlonsoMoraAssignment-INFO-OPT TIME 600:
23864-src.fleetctrl.pooling.batch.AlonsoMora.AlonsoMoraAssignment-INFO-solution status 2
23864-src.fleetctrl.pooling.batch.AlonsoMora.AlonsoMoraAssignment-INFO-number solutions 1
23864-src.fleetctrl.pooling.batch.AlonsoMora.AlonsoMoraAssignment-INFO-number opt requests 1 | number revealed requests 1 | number active requests: 1
23864-src.fleetctrl.pooling.batch.AlonsoMora.AlonsoMoraAssignment-INFO-number rtv_objs: 1
23864-src.fleetctrl.pooling.batch.AlonsoMora.AlonsoMoraAssignment-INFO-OPT TIMES:sim_time;600,setup;0.0,rr;0.0,rv;0.0,build;0.0,opt;0.0031905174255371094,all;0.0031905174255371094
23864-src.fleetctrl.pooling.batch.AlonsoMora.AlonsoMoraAssignment-INFO-Opt stats at sim time 600 : opt duration 0.0031905174255371094 | res cfv -99859.77690501318
23864-src.fleetctrl.pooling.batch.AlonsoMora.AlonsoMoraAssignment-INFO-Number of rtv_keys in trees:
23864-src.fleetctrl.pooling.batch.AlonsoMora.AlonsoMoraAssignment-INFO-N 1 : 1 | plans_ 1
23864-src.fleetctrl.pooling.batch.AlonsoMora.AlonsoMoraAssignment-INFO-Objective value at time 600 for AM: -99859.77690501318
23864-src.fleetctrl.pooling.batch.AlonsoMora.AlonsoMoraAssignment-INFO-=========
23864-src.fleetctrl.pooling.batch.AlonsoMora.AlonsoMoraAssignment-INFO-OPT TIME 600:
23864-src.fleetctrl.pooling.batch.AlonsoMora.AlonsoMoraAssignment-INFO-solution status 2
23864-src.fleetctrl.pooling.batch.AlonsoMora.AlonsoMoraAssignment-INFO-number solutions 1
23864-src.fleetctrl.pooling.batch.AlonsoMora.AlonsoMoraAssignment-INFO-number opt requests 0 | number revealed requests 0 | number active requests: 0
23864-src.fleetctrl.pooling.batch.AlonsoMora.AlonsoMoraAssignment-INFO-number rtv_objs: 0
23864-src.fleetctrl.pooling.batch.AlonsoMora.AlonsoMoraAssignment-INFO-OPT TIMES:sim_time;600,setup;0.0,rr;0.0,rv;0.0,build;0.0,opt;0.003454446792602539,all;0.003454446792602539
23864-src.fleetctrl.pooling.batch.AlonsoMora.AlonsoMoraAssignment-INFO-Opt stats at sim time 600 : opt duration 0.003454446792602539 | res cfv 0
23864-src.fleetctrl.pooling.batch.AlonsoMora.AlonsoMoraAssignment-INFO-Number of rtv_keys in trees:
23864-src.fleetctrl.pooling.batch.AlonsoMora.AlonsoMoraAssignment-INFO-N 1 : 0 | plans_ 0
23864-src.fleetctrl.pooling.batch.AlonsoMora.AlonsoMoraAssignment-INFO-N 2 : 0 | plans_ 0
23864-src.fleetctrl.pooling.batch.AlonsoMora.AlonsoMoraAssignment-INFO-Objective value at time 600 for AM: 0
23864-src.fleetctrl.pooling.batch.AlonsoMora.AlonsoMoraAssignment-INFO-=========
23864-src.fleetctrl.pooling.batch.AlonsoMora.AlonsoMoraAssignment-INFO-OPT TIME 660:
23864-src.fleetctrl.pooling.batch.AlonsoMora.AlonsoMoraAssignment-INFO-solution status 2
23864-src.fleetctrl.pooling.batch.AlonsoMora.AlonsoMoraAssignment-INFO-number solutions 1
23864-src.fleetctrl.pooling.batch.AlonsoMora.AlonsoMoraAssignment-INFO-number opt requests 1 | number revealed requests 1 | number active requests: 1
23864-src.fleetctrl.pooling.batch.AlonsoMora.AlonsoMoraAssignment-INFO-number rtv_objs: 5
23864-src.fleetctrl.pooling.batch.AlonsoMora.AlonsoMoraAssignment-INFO-OPT TIMES:sim_time;660,setup;0.0,rr;0.0,rv;0.006075382232666016,build;0.0015621185302734375,opt;0.0032379627227783203,all;0.010875463485717773
23864-src.fleetctrl.pooling.batch.AlonsoMora.AlonsoMoraAssignment-INFO-Opt stats at sim time 660 : opt duration 0.010875463485717773 | res cfv -99934.99681198614
23864-src.fleetctrl.pooling.batch.AlonsoMora.AlonsoMoraAssignment-INFO-Number of rtv_keys in trees:
23864-src.fleetctrl.pooling.batch.AlonsoMora.AlonsoMoraAssignment-INFO-N 1 : 5 | plans_ 5
23864-src.fleetctrl.pooling.batch.AlonsoMora.AlonsoMoraAssignment-INFO-Objective value at time 660 for AM: -99934.99681198614
23864-src.fleetctrl.pooling.batch.AlonsoMora.AlonsoMoraAssignment-INFO-=========
23864-src.fleetctrl.pooling.batch.AlonsoMora.AlonsoMoraAssignment-INFO-OPT TIME 660:
23864-src.fleetctrl.pooling.batch.AlonsoMora.AlonsoMoraAssignment-INFO-solution status 2
23864-src.fleetctrl.pooling.batch.AlonsoMora.AlonsoMoraAssignment-INFO-number solutions 1
23864-src.fleetctrl.pooling.batch.AlonsoMora.AlonsoMoraAssignment-INFO-number opt requests 0 | number revealed requests 0 | number active requests: 0
23864-src.fleetctrl.pooling.batch.AlonsoMora.AlonsoMoraAssignment-INFO-number rtv_objs: 0
23864-src.fleetctrl.pooling.batch.AlonsoMora.AlonsoMoraAssignment-INFO-OPT TIMES:sim_time;660,setup;0.0,rr;0.0,rv;0.0,build;0.0,opt;0.0015883445739746094,all;0.0015883445739746094
23864-src.fleetctrl.pooling.batch.AlonsoMora.AlonsoMoraAssignment-INFO-Opt stats at sim time 660 : opt duration 0.0015883445739746094 | res cfv 0
23864-src.fleetctrl.pooling.batch.AlonsoMora.AlonsoMoraAssignment-INFO-Number of rtv_keys in trees:
23864-src.fleetctrl.pooling.batch.AlonsoMora.AlonsoMoraAssignment-INFO-N 1 : 0 | plans_ 0
23864-src.fleetctrl.pooling.batch.AlonsoMora.AlonsoMoraAssignment-INFO-N 2 : 0 | plans_ 0
23864-src.fleetctrl.pooling.batch.AlonsoMora.AlonsoMoraAssignment-INFO-Objective value at time 660 for AM: 0
23864-src.fleetctrl.pooling.batch.AlonsoMora.AlonsoMoraAssignment-INFO-=========
23864-src.fleetctrl.pooling.batch.AlonsoMora.AlonsoMoraAssignment-INFO-OPT TIME 720:
23864-src.fleetctrl.pooling.batch.AlonsoMora.AlonsoMoraAssignment-INFO-solution status 2
23864-src.fleetctrl.pooling.batch.AlonsoMora.AlonsoMoraAssignment-INFO-number solutions 1
23864-src.fleetctrl.pooling.batch.AlonsoMora.AlonsoMoraAssignment-INFO-number opt requests 1 | number revealed requests 1 | number active requests: 1
23864-src.fleetctrl.pooling.batch.AlonsoMora.AlonsoMoraAssignment-INFO-number rtv_objs: 1
23864-src.fleetctrl.pooling.batch.AlonsoMora.AlonsoMoraAssignment-INFO-OPT TIMES:sim_time;720,setup;0.0,rr;0.0,rv;0.0,build;0.0,opt;0.0031099319458007812,all;0.0031099319458007812
23864-src.fleetctrl.pooling.batch.AlonsoMora.AlonsoMoraAssignment-INFO-Opt stats at sim time 720 : opt duration 0.0031099319458007812 | res cfv -99941.24681198614
23864-src.fleetctrl.pooling.batch.AlonsoMora.AlonsoMoraAssignment-INFO-Number of rtv_keys in trees:
23864-src.fleetctrl.pooling.batch.AlonsoMora.AlonsoMoraAssignment-INFO-N 1 : 1 | plans_ 1
23864-src.fleetctrl.pooling.batch.AlonsoMora.AlonsoMoraAssignment-INFO-Objective value at time 720 for AM: -99941.24681198614
23864-src.fleetctrl.pooling.batch.AlonsoMora.AlonsoMoraAssignment-INFO-=========
23864-src.fleetctrl.pooling.batch.AlonsoMora.AlonsoMoraAssignment-INFO-OPT TIME 720:
23864-src.fleetctrl.pooling.batch.AlonsoMora.AlonsoMoraAssignment-INFO-solution status 2
23864-src.fleetctrl.pooling.batch.AlonsoMora.AlonsoMoraAssignment-INFO-number solutions 1
23864-src.fleetctrl.pooling.batch.AlonsoMora.AlonsoMoraAssignment-INFO-number opt requests 0 | number revealed requests 0 | number active requests: 0
23864-src.fleetctrl.pooling.batch.AlonsoMora.AlonsoMoraAssignment-INFO-number rtv_objs: 0
23864-src.fleetctrl.pooling.batch.AlonsoMora.AlonsoMoraAssignment-INFO-OPT TIMES:sim_time;720,setup;0.0,rr;0.0,rv;0.0,build;0.0015475749969482422,opt;0.0015747547149658203,all;0.0031223297119140625
23864-src.fleetctrl.pooling.batch.AlonsoMora.AlonsoMoraAssignment-INFO-Opt stats at sim time 720 : opt duration 0.0031223297119140625 | res cfv 0
23864-src.fleetctrl.pooling.batch.AlonsoMora.AlonsoMoraAssignment-INFO-Number of rtv_keys in trees:
23864-src.fleetctrl.pooling.batch.AlonsoMora.AlonsoMoraAssignment-INFO-N 1 : 0 | plans_ 0
23864-src.fleetctrl.pooling.batch.AlonsoMora.AlonsoMoraAssignment-INFO-N 2 : 0 | plans_ 0
23864-src.fleetctrl.pooling.batch.AlonsoMora.AlonsoMoraAssignment-INFO-Objective value at time 720 for AM: 0
23864-src.fleetctrl.pooling.batch.AlonsoMora.AlonsoMoraAssignment-INFO-=========
23864-src.fleetctrl.pooling.batch.AlonsoMora.AlonsoMoraAssignment-INFO-OPT TIME 780:
23864-src.fleetctrl.pooling.batch.AlonsoMora.AlonsoMoraAssignment-INFO-solution status 2
23864-src.fleetctrl.pooling.batch.AlonsoMora.AlonsoMoraAssignment-INFO-number solutions 1
23864-src.fleetctrl.pooling.batch.AlonsoMora.AlonsoMoraAssignment-INFO-number opt requests 1 | number revealed requests 1 | number active requests: 1
23864-src.fleetctrl.pooling.batch.AlonsoMora.AlonsoMoraAssignment-INFO-number rtv_objs: 1
23864-src.fleetctrl.pooling.batch.AlonsoMora.AlonsoMoraAssignment-INFO-OPT TIMES:sim_time;780,setup;0.0,rr;0.0,rv;0.0,build;0.0,opt;0.003118276596069336,all;0.003118276596069336
23864-src.fleetctrl.pooling.batch.AlonsoMora.AlonsoMoraAssignment-INFO-Opt stats at sim time 780 : opt duration 0.003118276596069336 | res cfv -99951.50864136063
23864-src.fleetctrl.pooling.batch.AlonsoMora.AlonsoMoraAssignment-INFO-Number of rtv_keys in trees:
23864-src.fleetctrl.pooling.batch.AlonsoMora.AlonsoMoraAssignment-INFO-N 1 : 1 | plans_ 1
23864-src.fleetctrl.pooling.batch.AlonsoMora.AlonsoMoraAssignment-INFO-Objective value at time 780 for AM: -99951.50864136063
23864-src.fleetctrl.pooling.batch.AlonsoMora.AlonsoMoraAssignment-INFO-=========
23864-src.fleetctrl.pooling.batch.AlonsoMora.AlonsoMoraAssignment-INFO-OPT TIME 780:
23864-src.fleetctrl.pooling.batch.AlonsoMora.AlonsoMoraAssignment-INFO-solution status 2
23864-src.fleetctrl.pooling.batch.AlonsoMora.AlonsoMoraAssignment-INFO-number solutions 1
23864-src.fleetctrl.pooling.batch.AlonsoMora.AlonsoMoraAssignment-INFO-number opt requests 0 | number revealed requests 0 | number active requests: 0
23864-src.fleetctrl.pooling.batch.AlonsoMora.AlonsoMoraAssignment-INFO-number rtv_objs: 0
23864-src.fleetctrl.pooling.batch.AlonsoMora.AlonsoMoraAssignment-INFO-OPT TIMES:sim_time;780,setup;0.0,rr;0.0,rv;0.0,build;0.0,opt;0.0030934810638427734,all;0.0030934810638427734
23864-src.fleetctrl.pooling.batch.AlonsoMora.AlonsoMoraAssignment-INFO-Opt stats at sim time 780 : opt duration 0.0030934810638427734 | res cfv 0
23864-src.fleetctrl.pooling.batch.AlonsoMora.AlonsoMoraAssignment-INFO-Number of rtv_keys in trees:
23864-src.fleetctrl.pooling.batch.AlonsoMora.AlonsoMoraAssignment-INFO-N 1 : 0 | plans_ 0
23864-src.fleetctrl.pooling.batch.AlonsoMora.AlonsoMoraAssignment-INFO-N 2 : 0 | plans_ 0
23864-src.fleetctrl.pooling.batch.AlonsoMora.AlonsoMoraAssignment-INFO-Objective value at time 780 for AM: 0
23864-src.fleetctrl.pooling.batch.AlonsoMora.AlonsoMoraAssignment-INFO-=========
23864-src.fleetctrl.pooling.batch.AlonsoMora.AlonsoMoraAssignment-INFO-OPT TIME 840:
23864-src.fleetctrl.pooling.batch.AlonsoMora.AlonsoMoraAssignment-INFO-solution status 2
23864-src.fleetctrl.pooling.batch.AlonsoMora.AlonsoMoraAssignment-INFO-number solutions 1
23864-src.fleetctrl.pooling.batch.AlonsoMora.AlonsoMoraAssignment-INFO-number opt requests 1 | number revealed requests 1 | number active requests: 1
23864-src.fleetctrl.pooling.batch.AlonsoMora.AlonsoMoraAssignment-INFO-number rtv_objs: 3
23864-src.fleetctrl.pooling.batch.AlonsoMora.AlonsoMoraAssignment-INFO-OPT TIMES:sim_time;840,setup;0.0,rr;0.0,rv;0.031188488006591797,build;0.0,opt;0.0031201839447021484,all;0.034308671951293945
23864-src.fleetctrl.pooling.batch.AlonsoMora.AlonsoMoraAssignment-INFO-Opt stats at sim time 840 : opt duration 0.034308671951293945 | res cfv -99762.59105733986
23864-src.fleetctrl.pooling.batch.AlonsoMora.AlonsoMoraAssignment-INFO-Number of rtv_keys in trees:
23864-src.fleetctrl.pooling.batch.AlonsoMora.AlonsoMoraAssignment-INFO-N 1 : 3 | plans_ 3
23864-src.fleetctrl.pooling.batch.AlonsoMora.AlonsoMoraAssignment-INFO-Objective value at time 840 for AM: -99762.59105733986
23864-src.fleetctrl.pooling.batch.AlonsoMora.AlonsoMoraAssignment-INFO-=========
23864-src.fleetctrl.pooling.batch.AlonsoMora.AlonsoMoraAssignment-INFO-OPT TIME 840:
23864-src.fleetctrl.pooling.batch.AlonsoMora.AlonsoMoraAssignment-INFO-solution status 2
23864-src.fleetctrl.pooling.batch.AlonsoMora.AlonsoMoraAssignment-INFO-number solutions 1
23864-src.fleetctrl.pooling.batch.AlonsoMora.AlonsoMoraAssignment-INFO-number opt requests 1 | number revealed requests 1 | number active requests: 1
23864-src.fleetctrl.pooling.batch.AlonsoMora.AlonsoMoraAssignment-INFO-number rtv_objs: 5
23864-src.fleetctrl.pooling.batch.AlonsoMora.AlonsoMoraAssignment-INFO-OPT TIMES:sim_time;840,setup;0.0,rr;0.0,rv;0.038504838943481445,build;0.0005056858062744141,opt;0.0030205249786376953,all;0.042031049728393555
23864-src.fleetctrl.pooling.batch.AlonsoMora.AlonsoMoraAssignment-INFO-Opt stats at sim time 840 : opt duration 0.042031049728393555 | res cfv -99818.00657695883
23864-src.fleetctrl.pooling.batch.AlonsoMora.AlonsoMoraAssignment-INFO-Number of rtv_keys in trees:
23864-src.fleetctrl.pooling.batch.AlonsoMora.AlonsoMoraAssignment-INFO-N 1 : 5 | plans_ 5
23864-src.fleetctrl.pooling.batch.AlonsoMora.AlonsoMoraAssignment-INFO-N 2 : 0 | plans_ 0
23864-src.fleetctrl.pooling.batch.AlonsoMora.AlonsoMoraAssignment-INFO-Objective value at time 840 for AM: -99818.00657695883
23864-src.fleetctrl.pooling.batch.AlonsoMora.AlonsoMoraAssignment-INFO-=========
23864-src.fleetctrl.pooling.batch.AlonsoMora.AlonsoMoraAssignment-INFO-OPT TIME 900:
23864-src.fleetctrl.pooling.batch.AlonsoMora.AlonsoMoraAssignment-INFO-solution status 2
23864-src.fleetctrl.pooling.batch.AlonsoMora.AlonsoMoraAssignment-INFO-number solutions 2
23864-src.fleetctrl.pooling.batch.AlonsoMora.AlonsoMoraAssignment-INFO-number opt requests 3 | number revealed requests 3 | number active requests: 3
23864-src.fleetctrl.pooling.batch.AlonsoMora.AlonsoMoraAssignment-INFO-number rtv_objs: 11
23864-src.fleetctrl.pooling.batch.AlonsoMora.AlonsoMoraAssignment-INFO-OPT TIMES:sim_time;900,setup;0.0,rr;0.0,rv;0.017456769943237305,build;0.11639547348022461,opt;0.003203868865966797,all;0.1370561122894287
23864-src.fleetctrl.pooling.batch.AlonsoMora.AlonsoMoraAssignment-INFO-Opt stats at sim time 900 : opt duration 0.1370561122894287 | res cfv -299511.1503603134
23864-src.fleetctrl.pooling.batch.AlonsoMora.AlonsoMoraAssignment-INFO-Number of rtv_keys in trees:
23864-src.fleetctrl.pooling.batch.AlonsoMora.AlonsoMoraAssignment-INFO-N 1 : 11 | plans_ 11
23864-src.fleetctrl.pooling.batch.AlonsoMora.AlonsoMoraAssignment-INFO-Objective value at time 900 for AM: -299511.1503603134
23864-src.fleetctrl.pooling.batch.AlonsoMora.AlonsoMoraAssignment-INFO-=========
23864-src.fleetctrl.pooling.batch.AlonsoMora.AlonsoMoraAssignment-INFO-OPT TIME 900:
23864-src.fleetctrl.pooling.batch.AlonsoMora.AlonsoMoraAssignment-INFO-solution status 2
23864-src.fleetctrl.pooling.batch.AlonsoMora.AlonsoMoraAssignment-INFO-number solutions 1
23864-src.fleetctrl.pooling.batch.AlonsoMora.AlonsoMoraAssignment-INFO-number opt requests 1 | number revealed requests 1 | number active requests: 1
23864-src.fleetctrl.pooling.batch.AlonsoMora.AlonsoMoraAssignment-INFO-number rtv_objs: 1
23864-src.fleetctrl.pooling.batch.AlonsoMora.AlonsoMoraAssignment-INFO-OPT TIMES:sim_time;900,setup;0.0,rr;0.0,rv;0.0,build;0.0,opt;0.0031599998474121094,all;0.0031599998474121094
23864-src.fleetctrl.pooling.batch.AlonsoMora.AlonsoMoraAssignment-INFO-Opt stats at sim time 900 : opt duration 0.0031599998474121094 | res cfv -99828.4232436255
23864-src.fleetctrl.pooling.batch.AlonsoMora.AlonsoMoraAssignment-INFO-Number of rtv_keys in trees:
23864-src.fleetctrl.pooling.batch.AlonsoMora.AlonsoMoraAssignment-INFO-N 1 : 1 | plans_ 1
23864-src.fleetctrl.pooling.batch.AlonsoMora.AlonsoMoraAssignment-INFO-N 2 : 0 | plans_ 0
23864-src.fleetctrl.pooling.batch.AlonsoMora.AlonsoMoraAssignment-INFO-Objective value at time 900 for AM: -99828.4232436255
23864-src.fleetctrl.pooling.batch.AlonsoMora.AlonsoMoraAssignment-INFO-=========
23864-src.fleetctrl.pooling.batch.AlonsoMora.AlonsoMoraAssignment-INFO-OPT TIME 960:
23864-src.fleetctrl.pooling.batch.AlonsoMora.AlonsoMoraAssignment-INFO-solution status 2
23864-src.fleetctrl.pooling.batch.AlonsoMora.AlonsoMoraAssignment-INFO-number solutions 1
23864-src.fleetctrl.pooling.batch.AlonsoMora.AlonsoMoraAssignment-INFO-number opt requests 4 | number revealed requests 4 | number active requests: 4
23864-src.fleetctrl.pooling.batch.AlonsoMora.AlonsoMoraAssignment-INFO-number rtv_objs: 13
23864-src.fleetctrl.pooling.batch.AlonsoMora.AlonsoMoraAssignment-INFO-OPT TIMES:sim_time;960,setup;0.0010178089141845703,rr;0.0,rv;0.013196468353271484,build;0.03836488723754883,opt;0.0030333995819091797,all;0.05561256408691406
23864-src.fleetctrl.pooling.batch.AlonsoMora.AlonsoMoraAssignment-INFO-Opt stats at sim time 960 : opt duration 0.05561256408691406 | res cfv -399325.02556302736
23864-src.fleetctrl.pooling.batch.AlonsoMora.AlonsoMoraAssignment-INFO-Number of rtv_keys in trees:
23864-src.fleetctrl.pooling.batch.AlonsoMora.AlonsoMoraAssignment-INFO-N 1 : 9 | plans_ 9
23864-src.fleetctrl.pooling.batch.AlonsoMora.AlonsoMoraAssignment-INFO-N 2 : 4 | plans_ 5
23864-src.fleetctrl.pooling.batch.AlonsoMora.AlonsoMoraAssignment-INFO-Objective value at time 960 for AM: -399325.02556302736
23864-src.fleetctrl.pooling.batch.AlonsoMora.AlonsoMoraAssignment-INFO-=========
23864-src.fleetctrl.pooling.batch.AlonsoMora.AlonsoMoraAssignment-INFO-OPT TIME 960:
23864-src.fleetctrl.pooling.batch.AlonsoMora.AlonsoMoraAssignment-INFO-solution status 2
23864-src.fleetctrl.pooling.batch.AlonsoMora.AlonsoMoraAssignment-INFO-number solutions 1
23864-src.fleetctrl.pooling.batch.AlonsoMora.AlonsoMoraAssignment-INFO-number opt requests 1 | number revealed requests 1 | number active requests: 1
23864-src.fleetctrl.pooling.batch.AlonsoMora.AlonsoMoraAssignment-INFO-number rtv_objs: 1
23864-src.fleetctrl.pooling.batch.AlonsoMora.AlonsoMoraAssignment-INFO-OPT TIMES:sim_time;960,setup;0.0,rr;0.0,rv;0.0010166168212890625,build;0.0,opt;0.002037525177001953,all;0.0030541419982910156
23864-src.fleetctrl.pooling.batch.AlonsoMora.AlonsoMoraAssignment-INFO-Opt stats at sim time 960 : opt duration 0.0030541419982910156 | res cfv -99849.25657695883
23864-src.fleetctrl.pooling.batch.AlonsoMora.AlonsoMoraAssignment-INFO-Number of rtv_keys in trees:
23864-src.fleetctrl.pooling.batch.AlonsoMora.AlonsoMoraAssignment-INFO-N 1 : 1 | plans_ 1
23864-src.fleetctrl.pooling.batch.AlonsoMora.AlonsoMoraAssignment-INFO-N 2 : 0 | plans_ 0
23864-src.fleetctrl.pooling.batch.AlonsoMora.AlonsoMoraAssignment-INFO-Objective value at time 960 for AM: -99849.25657695883
23864-src.fleetctrl.pooling.batch.AlonsoMora.AlonsoMoraAssignment-INFO-=========
23864-src.fleetctrl.pooling.batch.AlonsoMora.AlonsoMoraAssignment-INFO-OPT TIME 1020:
23864-src.fleetctrl.pooling.batch.AlonsoMora.AlonsoMoraAssignment-INFO-solution status 2
23864-src.fleetctrl.pooling.batch.AlonsoMora.AlonsoMoraAssignment-INFO-number solutions 1
23864-src.fleetctrl.pooling.batch.AlonsoMora.AlonsoMoraAssignment-INFO-number opt requests 4 | number revealed requests 4 | number active requests: 4
23864-src.fleetctrl.pooling.batch.AlonsoMora.AlonsoMoraAssignment-INFO-number rtv_objs: 3
23864-src.fleetctrl.pooling.batch.AlonsoMora.AlonsoMoraAssignment-INFO-OPT TIMES:sim_time;1020,setup;0.0,rr;0.0,rv;0.0,build;0.0005040168762207031,opt;0.0015215873718261719,all;0.002025604248046875
23864-src.fleetctrl.pooling.batch.AlonsoMora.AlonsoMoraAssignment-INFO-Opt stats at sim time 1020 : opt duration 0.002025604248046875 | res cfv -399347.48374248954
23864-src.fleetctrl.pooling.batch.AlonsoMora.AlonsoMoraAssignment-INFO-Number of rtv_keys in trees:
23864-src.fleetctrl.pooling.batch.AlonsoMora.AlonsoMoraAssignment-INFO-N 1 : 2 | plans_ 2
23864-src.fleetctrl.pooling.batch.AlonsoMora.AlonsoMoraAssignment-INFO-N 2 : 1 | plans_ 1
23864-src.fleetctrl.pooling.batch.AlonsoMora.AlonsoMoraAssignment-INFO-Objective value at time 1020 for AM: -399347.48374248954
23864-src.fleetctrl.pooling.batch.AlonsoMora.AlonsoMoraAssignment-INFO-=========
23864-src.fleetctrl.pooling.batch.AlonsoMora.AlonsoMoraAssignment-INFO-OPT TIME 1020:
23864-src.fleetctrl.pooling.batch.AlonsoMora.AlonsoMoraAssignment-INFO-solution status 2
23864-src.fleetctrl.pooling.batch.AlonsoMora.AlonsoMoraAssignment-INFO-number solutions 1
23864-src.fleetctrl.pooling.batch.AlonsoMora.AlonsoMoraAssignment-INFO-number opt requests 1 | number revealed requests 1 | number active requests: 1
23864-src.fleetctrl.pooling.batch.AlonsoMora.AlonsoMoraAssignment-INFO-number rtv_objs: 1
23864-src.fleetctrl.pooling.batch.AlonsoMora.AlonsoMoraAssignment-INFO-OPT TIMES:sim_time;1020,setup;0.0,rr;0.0,rv;0.0,build;0.0,opt;0.0030405521392822266,all;0.0030405521392822266
23864-src.fleetctrl.pooling.batch.AlonsoMora.AlonsoMoraAssignment-INFO-Opt stats at sim time 1020 : opt duration 0.0030405521392822266 | res cfv -99865.41157689423
23864-src.fleetctrl.pooling.batch.AlonsoMora.AlonsoMoraAssignment-INFO-Number of rtv_keys in trees:
23864-src.fleetctrl.pooling.batch.AlonsoMora.AlonsoMoraAssignment-INFO-N 1 : 1 | plans_ 1
23864-src.fleetctrl.pooling.batch.AlonsoMora.AlonsoMoraAssignment-INFO-N 2 : 0 | plans_ 0
23864-src.fleetctrl.pooling.batch.AlonsoMora.AlonsoMoraAssignment-INFO-Objective value at time 1020 for AM: -99865.41157689423
23864-src.fleetctrl.pooling.batch.AlonsoMora.AlonsoMoraAssignment-INFO-=========
23864-src.fleetctrl.pooling.batch.AlonsoMora.AlonsoMoraAssignment-INFO-OPT TIME 1080:
23864-src.fleetctrl.pooling.batch.AlonsoMora.AlonsoMoraAssignment-INFO-solution status 2
23864-src.fleetctrl.pooling.batch.AlonsoMora.AlonsoMoraAssignment-INFO-number solutions 1
23864-src.fleetctrl.pooling.batch.AlonsoMora.AlonsoMoraAssignment-INFO-number opt requests 6 | number revealed requests 6 | number active requests: 6
23864-src.fleetctrl.pooling.batch.AlonsoMora.AlonsoMoraAssignment-INFO-number rtv_objs: 9
23864-src.fleetctrl.pooling.batch.AlonsoMora.AlonsoMoraAssignment-INFO-OPT TIMES:sim_time;1080,setup;0.0,rr;0.0,rv;0.06398940086364746,build;0.09252810478210449,opt;0.0025527477264404297,all;0.15907025337219238
23864-src.fleetctrl.pooling.batch.AlonsoMora.AlonsoMoraAssignment-INFO-Opt stats at sim time 1080 : opt duration 0.15907025337219238 | res cfv -598959.0798064249
23864-src.fleetctrl.pooling.batch.AlonsoMora.AlonsoMoraAssignment-INFO-Number of rtv_keys in trees:
23864-src.fleetctrl.pooling.batch.AlonsoMora.AlonsoMoraAssignment-INFO-N 1 : 6 | plans_ 6
23864-src.fleetctrl.pooling.batch.AlonsoMora.AlonsoMoraAssignment-INFO-N 2 : 3 | plans_ 3
23864-src.fleetctrl.pooling.batch.AlonsoMora.AlonsoMoraAssignment-INFO-Objective value at time 1080 for AM: -598959.0798064249
23864-src.fleetctrl.pooling.batch.AlonsoMora.AlonsoMoraAssignment-INFO-=========
23864-src.fleetctrl.pooling.batch.AlonsoMora.AlonsoMoraAssignment-INFO-OPT TIME 1080:
23864-src.fleetctrl.pooling.batch.AlonsoMora.AlonsoMoraAssignment-INFO-solution status 2
23864-src.fleetctrl.pooling.batch.AlonsoMora.AlonsoMoraAssignment-INFO-number solutions 1
23864-src.fleetctrl.pooling.batch.AlonsoMora.AlonsoMoraAssignment-INFO-number opt requests 1 | number revealed requests 1 | number active requests: 1
23864-src.fleetctrl.pooling.batch.AlonsoMora.AlonsoMoraAssignment-INFO-number rtv_objs: 1
23864-src.fleetctrl.pooling.batch.AlonsoMora.AlonsoMoraAssignment-INFO-OPT TIMES:sim_time;1080,setup;0.0,rr;0.0,rv;0.0,build;0.0,opt;0.0015501976013183594,all;0.0015501976013183594
23864-src.fleetctrl.pooling.batch.AlonsoMora.AlonsoMoraAssignment-INFO-Opt stats at sim time 1080 : opt duration 0.0015501976013183594 | res cfv -99878.83037695882
23864-src.fleetctrl.pooling.batch.AlonsoMora.AlonsoMoraAssignment-INFO-Number of rtv_keys in trees:
23864-src.fleetctrl.pooling.batch.AlonsoMora.AlonsoMoraAssignment-INFO-N 1 : 1 | plans_ 1
23864-src.fleetctrl.pooling.batch.AlonsoMora.AlonsoMoraAssignment-INFO-N 2 : 0 | plans_ 0
23864-src.fleetctrl.pooling.batch.AlonsoMora.AlonsoMoraAssignment-INFO-Objective value at time 1080 for AM: -99878.83037695882
23864-src.fleetctrl.pooling.batch.AlonsoMora.AlonsoMoraAssignment-INFO-=========
23864-src.fleetctrl.pooling.batch.AlonsoMora.AlonsoMoraAssignment-INFO-OPT TIME 1140:
23864-src.fleetctrl.pooling.batch.AlonsoMora.AlonsoMoraAssignment-INFO-solution status 2
23864-src.fleetctrl.pooling.batch.AlonsoMora.AlonsoMoraAssignment-INFO-number solutions 1
23864-src.fleetctrl.pooling.batch.AlonsoMora.AlonsoMoraAssignment-INFO-number opt requests 5 | number revealed requests 5 | number active requests: 5
23864-src.fleetctrl.pooling.batch.AlonsoMora.AlonsoMoraAssignment-INFO-number rtv_objs: 8
23864-src.fleetctrl.pooling.batch.AlonsoMora.AlonsoMoraAssignment-INFO-OPT TIMES:sim_time;1140,setup;0.0,rr;0.0,rv;0.0,build;0.024257659912109375,opt;0.003491640090942383,all;0.027749300003051758
23864-src.fleetctrl.pooling.batch.AlonsoMora.AlonsoMoraAssignment-INFO-Opt stats at sim time 1140 : opt duration 0.027749300003051758 | res cfv -499069.45138647244
23864-src.fleetctrl.pooling.batch.AlonsoMora.AlonsoMoraAssignment-INFO-Number of rtv_keys in trees:
23864-src.fleetctrl.pooling.batch.AlonsoMora.AlonsoMoraAssignment-INFO-N 1 : 6 | plans_ 6
23864-src.fleetctrl.pooling.batch.AlonsoMora.AlonsoMoraAssignment-INFO-N 2 : 2 | plans_ 2
23864-src.fleetctrl.pooling.batch.AlonsoMora.AlonsoMoraAssignment-INFO-Objective value at time 1140 for AM: -499069.45138647244
23864-src.fleetctrl.pooling.batch.AlonsoMora.AlonsoMoraAssignment-INFO-=========
23864-src.fleetctrl.pooling.batch.AlonsoMora.AlonsoMoraAssignment-INFO-OPT TIME 1140:
23864-src.fleetctrl.pooling.batch.AlonsoMora.AlonsoMoraAssignment-INFO-solution status 2
23864-src.fleetctrl.pooling.batch.AlonsoMora.AlonsoMoraAssignment-INFO-number solutions 1
23864-src.fleetctrl.pooling.batch.AlonsoMora.AlonsoMoraAssignment-INFO-number opt requests 1 | number revealed requests 1 | number active requests: 1
23864-src.fleetctrl.pooling.batch.AlonsoMora.AlonsoMoraAssignment-INFO-number rtv_objs: 5
23864-src.fleetctrl.pooling.batch.AlonsoMora.AlonsoMoraAssignment-INFO-OPT TIMES:sim_time;1140,setup;0.0,rr;0.0,rv;0.03209805488586426,build;0.001825094223022461,opt;0.0020394325256347656,all;0.035962581634521484
23864-src.fleetctrl.pooling.batch.AlonsoMora.AlonsoMoraAssignment-INFO-Opt stats at sim time 1140 : opt duration 0.035962581634521484 | res cfv -99894.42609384253
23864-src.fleetctrl.pooling.batch.AlonsoMora.AlonsoMoraAssignment-INFO-Number of rtv_keys in trees:
23864-src.fleetctrl.pooling.batch.AlonsoMora.AlonsoMoraAssignment-INFO-N 1 : 5 | plans_ 5
23864-src.fleetctrl.pooling.batch.AlonsoMora.AlonsoMoraAssignment-INFO-N 2 : 0 | plans_ 0
23864-src.fleetctrl.pooling.batch.AlonsoMora.AlonsoMoraAssignment-INFO-Objective value at time 1140 for AM: -99894.42609384253
23864-src.fleetctrl.pooling.batch.AlonsoMora.AlonsoMoraAssignment-INFO-=========
23864-src.fleetctrl.pooling.batch.AlonsoMora.AlonsoMoraAssignment-INFO-OPT TIME 1200:
23864-src.fleetctrl.pooling.batch.AlonsoMora.AlonsoMoraAssignment-INFO-solution status 2
23864-src.fleetctrl.pooling.batch.AlonsoMora.AlonsoMoraAssignment-INFO-number solutions 1
23864-src.fleetctrl.pooling.batch.AlonsoMora.AlonsoMoraAssignment-INFO-number opt requests 4 | number revealed requests 4 | number active requests: 4
23864-src.fleetctrl.pooling.batch.AlonsoMora.AlonsoMoraAssignment-INFO-number rtv_objs: 7
23864-src.fleetctrl.pooling.batch.AlonsoMora.AlonsoMoraAssignment-INFO-OPT TIMES:sim_time;1200,setup;0.0,rr;0.0,rv;0.0,build;0.026651620864868164,opt;0.003202199935913086,all;0.02985382080078125
23864-src.fleetctrl.pooling.batch.AlonsoMora.AlonsoMoraAssignment-INFO-Opt stats at sim time 1200 : opt duration 0.02985382080078125 | res cfv -399216.1259769321
23864-src.fleetctrl.pooling.batch.AlonsoMora.AlonsoMoraAssignment-INFO-Number of rtv_keys in trees:
23864-src.fleetctrl.pooling.batch.AlonsoMora.AlonsoMoraAssignment-INFO-N 1 : 6 | plans_ 6
23864-src.fleetctrl.pooling.batch.AlonsoMora.AlonsoMoraAssignment-INFO-N 2 : 1 | plans_ 1
23864-src.fleetctrl.pooling.batch.AlonsoMora.AlonsoMoraAssignment-INFO-Objective value at time 1200 for AM: -399216.1259769321
23864-src.fleetctrl.pooling.batch.AlonsoMora.AlonsoMoraAssignment-INFO-=========
23864-src.fleetctrl.pooling.batch.AlonsoMora.AlonsoMoraAssignment-INFO-OPT TIME 1200:
23864-src.fleetctrl.pooling.batch.AlonsoMora.AlonsoMoraAssignment-INFO-solution status 2
23864-src.fleetctrl.pooling.batch.AlonsoMora.AlonsoMoraAssignment-INFO-number solutions 1
23864-src.fleetctrl.pooling.batch.AlonsoMora.AlonsoMoraAssignment-INFO-number opt requests 2 | number revealed requests 2 | number active requests: 2
23864-src.fleetctrl.pooling.batch.AlonsoMora.AlonsoMoraAssignment-INFO-number rtv_objs: 6
23864-src.fleetctrl.pooling.batch.AlonsoMora.AlonsoMoraAssignment-INFO-OPT TIMES:sim_time;1200,setup;0.0,rr;0.0,rv;0.0294497013092041,build;0.0015327930450439453,opt;0.0031037330627441406,all;0.03408622741699219
23864-src.fleetctrl.pooling.batch.AlonsoMora.AlonsoMoraAssignment-INFO-Opt stats at sim time 1200 : opt duration 0.03408622741699219 | res cfv -199764.78707292664
23864-src.fleetctrl.pooling.batch.AlonsoMora.AlonsoMoraAssignment-INFO-Number of rtv_keys in trees:
23864-src.fleetctrl.pooling.batch.AlonsoMora.AlonsoMoraAssignment-INFO-N 1 : 5 | plans_ 5
23864-src.fleetctrl.pooling.batch.AlonsoMora.AlonsoMoraAssignment-INFO-N 2 : 1 | plans_ 1
23864-src.fleetctrl.pooling.batch.AlonsoMora.AlonsoMoraAssignment-INFO-Objective value at time 1200 for AM: -199764.78707292664
23864-src.fleetctrl.pooling.batch.AlonsoMora.AlonsoMoraAssignment-INFO-=========
23864-src.fleetctrl.pooling.batch.AlonsoMora.AlonsoMoraAssignment-INFO-OPT TIME 1260:
23864-src.fleetctrl.pooling.batch.AlonsoMora.AlonsoMoraAssignment-INFO-solution status 2
23864-src.fleetctrl.pooling.batch.AlonsoMora.AlonsoMoraAssignment-INFO-number solutions 1
23864-src.fleetctrl.pooling.batch.AlonsoMora.AlonsoMoraAssignment-INFO-number opt requests 3 | number revealed requests 3 | number active requests: 3
23864-src.fleetctrl.pooling.batch.AlonsoMora.AlonsoMoraAssignment-INFO-number rtv_objs: 3
23864-src.fleetctrl.pooling.batch.AlonsoMora.AlonsoMoraAssignment-INFO-OPT TIMES:sim_time;1260,setup;0.0,rr;0.0,rv;0.0,build;0.0,opt;0.003110170364379883,all;0.003110170364379883
23864-src.fleetctrl.pooling.batch.AlonsoMora.AlonsoMoraAssignment-INFO-Opt stats at sim time 1260 : opt duration 0.003110170364379883 | res cfv -299412.901058392
23864-src.fleetctrl.pooling.batch.AlonsoMora.AlonsoMoraAssignment-INFO-Number of rtv_keys in trees:
23864-src.fleetctrl.pooling.batch.AlonsoMora.AlonsoMoraAssignment-INFO-N 1 : 3 | plans_ 3
23864-src.fleetctrl.pooling.batch.AlonsoMora.AlonsoMoraAssignment-INFO-N 2 : 0 | plans_ 0
23864-src.fleetctrl.pooling.batch.AlonsoMora.AlonsoMoraAssignment-INFO-Objective value at time 1260 for AM: -299412.901058392
23864-src.fleetctrl.pooling.batch.AlonsoMora.AlonsoMoraAssignment-INFO-=========
23864-src.fleetctrl.pooling.batch.AlonsoMora.AlonsoMoraAssignment-INFO-OPT TIME 1260:
23864-src.fleetctrl.pooling.batch.AlonsoMora.AlonsoMoraAssignment-INFO-solution status 2
23864-src.fleetctrl.pooling.batch.AlonsoMora.AlonsoMoraAssignment-INFO-number solutions 1
23864-src.fleetctrl.pooling.batch.AlonsoMora.AlonsoMoraAssignment-INFO-number opt requests 2 | number revealed requests 2 | number active requests: 2
23864-src.fleetctrl.pooling.batch.AlonsoMora.AlonsoMoraAssignment-INFO-number rtv_objs: 5
23864-src.fleetctrl.pooling.batch.AlonsoMora.AlonsoMoraAssignment-INFO-OPT TIMES:sim_time;1260,setup;0.0,rr;0.0,rv;0.0,build;0.0,opt;0.003129243850708008,all;0.003129243850708008
23864-src.fleetctrl.pooling.batch.AlonsoMora.AlonsoMoraAssignment-INFO-Opt stats at sim time 1260 : opt duration 0.003129243850708008 | res cfv -199803.4136908474
23864-src.fleetctrl.pooling.batch.AlonsoMora.AlonsoMoraAssignment-INFO-Number of rtv_keys in trees:
23864-src.fleetctrl.pooling.batch.AlonsoMora.AlonsoMoraAssignment-INFO-N 1 : 4 | plans_ 4
23864-src.fleetctrl.pooling.batch.AlonsoMora.AlonsoMoraAssignment-INFO-N 2 : 1 | plans_ 1
23864-src.fleetctrl.pooling.batch.AlonsoMora.AlonsoMoraAssignment-INFO-Objective value at time 1260 for AM: -199803.4136908474
23864-src.fleetctrl.pooling.batch.AlonsoMora.AlonsoMoraAssignment-INFO-=========
23864-src.fleetctrl.pooling.batch.AlonsoMora.AlonsoMoraAssignment-INFO-OPT TIME 1320:
23864-src.fleetctrl.pooling.batch.AlonsoMora.AlonsoMoraAssignment-INFO-solution status 2
23864-src.fleetctrl.pooling.batch.AlonsoMora.AlonsoMoraAssignment-INFO-number solutions 1
23864-src.fleetctrl.pooling.batch.AlonsoMora.AlonsoMoraAssignment-INFO-number opt requests 4 | number revealed requests 4 | number active requests: 4
23864-src.fleetctrl.pooling.batch.AlonsoMora.AlonsoMoraAssignment-INFO-number rtv_objs: 7
23864-src.fleetctrl.pooling.batch.AlonsoMora.AlonsoMoraAssignment-INFO-OPT TIMES:sim_time;1320,setup;0.0,rr;0.0,rv;0.03248476982116699,build;0.03468155860900879,opt;0.0031049251556396484,all;0.07027125358581543
23864-src.fleetctrl.pooling.batch.AlonsoMora.AlonsoMoraAssignment-INFO-Opt stats at sim time 1320 : opt duration 0.07027125358581543 | res cfv -399311.1929173859
23864-src.fleetctrl.pooling.batch.AlonsoMora.AlonsoMoraAssignment-INFO-Number of rtv_keys in trees:
23864-src.fleetctrl.pooling.batch.AlonsoMora.AlonsoMoraAssignment-INFO-N 1 : 5 | plans_ 5
23864-src.fleetctrl.pooling.batch.AlonsoMora.AlonsoMoraAssignment-INFO-N 2 : 2 | plans_ 2
23864-src.fleetctrl.pooling.batch.AlonsoMora.AlonsoMoraAssignment-INFO-Objective value at time 1320 for AM: -399311.1929173859
23864-src.fleetctrl.pooling.batch.AlonsoMora.AlonsoMoraAssignment-INFO-=========
23864-src.fleetctrl.pooling.batch.AlonsoMora.AlonsoMoraAssignment-INFO-OPT TIME 1320:
23864-src.fleetctrl.pooling.batch.AlonsoMora.AlonsoMoraAssignment-INFO-solution status 2
23864-src.fleetctrl.pooling.batch.AlonsoMora.AlonsoMoraAssignment-INFO-number solutions 1
23864-src.fleetctrl.pooling.batch.AlonsoMora.AlonsoMoraAssignment-INFO-number opt requests 2 | number revealed requests 2 | number active requests: 2
23864-src.fleetctrl.pooling.batch.AlonsoMora.AlonsoMoraAssignment-INFO-number rtv_objs: 2
23864-src.fleetctrl.pooling.batch.AlonsoMora.AlonsoMoraAssignment-INFO-OPT TIMES:sim_time;1320,setup;0.0006163120269775391,rr;0.0,rv;0.0,build;0.0,opt;0.002130270004272461,all;0.00274658203125
23864-src.fleetctrl.pooling.batch.AlonsoMora.AlonsoMoraAssignment-INFO-Opt stats at sim time 1320 : opt duration 0.00274658203125 | res cfv -199816.4906294362
23864-src.fleetctrl.pooling.batch.AlonsoMora.AlonsoMoraAssignment-INFO-Number of rtv_keys in trees:
23864-src.fleetctrl.pooling.batch.AlonsoMora.AlonsoMoraAssignment-INFO-N 1 : 2 | plans_ 2
23864-src.fleetctrl.pooling.batch.AlonsoMora.AlonsoMoraAssignment-INFO-N 2 : 0 | plans_ 0
23864-src.fleetctrl.pooling.batch.AlonsoMora.AlonsoMoraAssignment-INFO-Objective value at time 1320 for AM: -199816.4906294362
23864-src.fleetctrl.pooling.batch.AlonsoMora.AlonsoMoraAssignment-INFO-=========
23864-src.fleetctrl.pooling.batch.AlonsoMora.AlonsoMoraAssignment-INFO-OPT TIME 1380:
23864-src.fleetctrl.pooling.batch.AlonsoMora.AlonsoMoraAssignment-INFO-solution status 2
23864-src.fleetctrl.pooling.batch.AlonsoMora.AlonsoMoraAssignment-INFO-number solutions 1
23864-src.fleetctrl.pooling.batch.AlonsoMora.AlonsoMoraAssignment-INFO-number opt requests 4 | number revealed requests 4 | number active requests: 4
23864-src.fleetctrl.pooling.batch.AlonsoMora.AlonsoMoraAssignment-INFO-number rtv_objs: 7
23864-src.fleetctrl.pooling.batch.AlonsoMora.AlonsoMoraAssignment-INFO-OPT TIMES:sim_time;1380,setup;0.0018012523651123047,rr;0.0,rv;0.0,build;0.0,opt;0.0019550323486328125,all;0.003756284713745117
23864-src.fleetctrl.pooling.batch.AlonsoMora.AlonsoMoraAssignment-INFO-Opt stats at sim time 1380 : opt duration 0.003756284713745117 | res cfv -399350.3978054727
23864-src.fleetctrl.pooling.batch.AlonsoMora.AlonsoMoraAssignment-INFO-Number of rtv_keys in trees:
23864-src.fleetctrl.pooling.batch.AlonsoMora.AlonsoMoraAssignment-INFO-N 1 : 5 | plans_ 5
23864-src.fleetctrl.pooling.batch.AlonsoMora.AlonsoMoraAssignment-INFO-N 2 : 2 | plans_ 2
23864-src.fleetctrl.pooling.batch.AlonsoMora.AlonsoMoraAssignment-INFO-Objective value at time 1380 for AM: -399350.3978054727
23864-src.fleetctrl.pooling.batch.AlonsoMora.AlonsoMoraAssignment-INFO-=========
23864-src.fleetctrl.pooling.batch.AlonsoMora.AlonsoMoraAssignment-INFO-OPT TIME 1380:
23864-src.fleetctrl.pooling.batch.AlonsoMora.AlonsoMoraAssignment-INFO-solution status 2
23864-src.fleetctrl.pooling.batch.AlonsoMora.AlonsoMoraAssignment-INFO-number solutions 1
23864-src.fleetctrl.pooling.batch.AlonsoMora.AlonsoMoraAssignment-INFO-number opt requests 1 | number revealed requests 1 | number active requests: 1
23864-src.fleetctrl.pooling.batch.AlonsoMora.AlonsoMoraAssignment-INFO-number rtv_objs: 1
23864-src.fleetctrl.pooling.batch.AlonsoMora.AlonsoMoraAssignment-INFO-OPT TIMES:sim_time;1380,setup;0.0,rr;0.0,rv;0.0,build;0.0,opt;0.0015881061553955078,all;0.0015881061553955078
23864-src.fleetctrl.pooling.batch.AlonsoMora.AlonsoMoraAssignment-INFO-Opt stats at sim time 1380 : opt duration 0.0015881061553955078 | res cfv -99899.83223676613
23864-src.fleetctrl.pooling.batch.AlonsoMora.AlonsoMoraAssignment-INFO-Number of rtv_keys in trees:
23864-src.fleetctrl.pooling.batch.AlonsoMora.AlonsoMoraAssignment-INFO-N 1 : 1 | plans_ 1
23864-src.fleetctrl.pooling.batch.AlonsoMora.AlonsoMoraAssignment-INFO-N 2 : 0 | plans_ 0
23864-src.fleetctrl.pooling.batch.AlonsoMora.AlonsoMoraAssignment-INFO-Objective value at time 1380 for AM: -99899.83223676613
23864-src.fleetctrl.pooling.batch.AlonsoMora.AlonsoMoraAssignment-INFO-=========
23864-src.fleetctrl.pooling.batch.AlonsoMora.AlonsoMoraAssignment-INFO-OPT TIME 1440:
23864-src.fleetctrl.pooling.batch.AlonsoMora.AlonsoMoraAssignment-INFO-solution status 2
23864-src.fleetctrl.pooling.batch.AlonsoMora.AlonsoMoraAssignment-INFO-number solutions 1
23864-src.fleetctrl.pooling.batch.AlonsoMora.AlonsoMoraAssignment-INFO-number opt requests 2 | number revealed requests 2 | number active requests: 2
23864-src.fleetctrl.pooling.batch.AlonsoMora.AlonsoMoraAssignment-INFO-number rtv_objs: 2
23864-src.fleetctrl.pooling.batch.AlonsoMora.AlonsoMoraAssignment-INFO-OPT TIMES:sim_time;1440,setup;0.0,rr;0.0,rv;0.0,build;0.0005035400390625,opt;0.001522064208984375,all;0.002025604248046875
23864-src.fleetctrl.pooling.batch.AlonsoMora.AlonsoMoraAssignment-INFO-Opt stats at sim time 1440 : opt duration 0.002025604248046875 | res cfv -199689.4894088609
23864-src.fleetctrl.pooling.batch.AlonsoMora.AlonsoMoraAssignment-INFO-Number of rtv_keys in trees:
23864-src.fleetctrl.pooling.batch.AlonsoMora.AlonsoMoraAssignment-INFO-N 1 : 2 | plans_ 2
23864-src.fleetctrl.pooling.batch.AlonsoMora.AlonsoMoraAssignment-INFO-N 2 : 0 | plans_ 0
23864-src.fleetctrl.pooling.batch.AlonsoMora.AlonsoMoraAssignment-INFO-Objective value at time 1440 for AM: -199689.4894088609
23864-src.fleetctrl.pooling.batch.AlonsoMora.AlonsoMoraAssignment-INFO-=========
23864-src.fleetctrl.pooling.batch.AlonsoMora.AlonsoMoraAssignment-INFO-OPT TIME 1440:
23864-src.fleetctrl.pooling.batch.AlonsoMora.AlonsoMoraAssignment-INFO-solution status 2
23864-src.fleetctrl.pooling.batch.AlonsoMora.AlonsoMoraAssignment-INFO-number solutions 1
23864-src.fleetctrl.pooling.batch.AlonsoMora.AlonsoMoraAssignment-INFO-number opt requests 1 | number revealed requests 1 | number active requests: 1
23864-src.fleetctrl.pooling.batch.AlonsoMora.AlonsoMoraAssignment-INFO-number rtv_objs: 5
23864-src.fleetctrl.pooling.batch.AlonsoMora.AlonsoMoraAssignment-INFO-OPT TIMES:sim_time;1440,setup;0.0,rr;0.0,rv;0.01828932762145996,build;0.0010080337524414062,opt;0.0015411376953125,all;0.020838499069213867
23864-src.fleetctrl.pooling.batch.AlonsoMora.AlonsoMoraAssignment-INFO-Opt stats at sim time 1440 : opt duration 0.020838499069213867 | res cfv -99901.33915530086
23864-src.fleetctrl.pooling.batch.AlonsoMora.AlonsoMoraAssignment-INFO-Number of rtv_keys in trees:
23864-src.fleetctrl.pooling.batch.AlonsoMora.AlonsoMoraAssignment-INFO-N 1 : 5 | plans_ 5
23864-src.fleetctrl.pooling.batch.AlonsoMora.AlonsoMoraAssignment-INFO-N 2 : 0 | plans_ 0
23864-src.fleetctrl.pooling.batch.AlonsoMora.AlonsoMoraAssignment-INFO-Objective value at time 1440 for AM: -99901.33915530086
23864-src.fleetctrl.pooling.batch.AlonsoMora.AlonsoMoraAssignment-INFO-=========
23864-src.fleetctrl.pooling.batch.AlonsoMora.AlonsoMoraAssignment-INFO-OPT TIME 1500:
23864-src.fleetctrl.pooling.batch.AlonsoMora.AlonsoMoraAssignment-INFO-solution status 2
23864-src.fleetctrl.pooling.batch.AlonsoMora.AlonsoMoraAssignment-INFO-number solutions 1
23864-src.fleetctrl.pooling.batch.AlonsoMora.AlonsoMoraAssignment-INFO-number opt requests 5 | number revealed requests 5 | number active requests: 5
23864-src.fleetctrl.pooling.batch.AlonsoMora.AlonsoMoraAssignment-INFO-number rtv_objs: 19
23864-src.fleetctrl.pooling.batch.AlonsoMora.AlonsoMoraAssignment-INFO-OPT TIMES:sim_time;1500,setup;0.0,rr;0.0,rv;0.09977388381958008,build;0.1041562557220459,opt;0.003536701202392578,all;0.20746684074401855
23864-src.fleetctrl.pooling.batch.AlonsoMora.AlonsoMoraAssignment-INFO-Opt stats at sim time 1500 : opt duration 0.20746684074401855 | res cfv -499199.7358855647
23864-src.fleetctrl.pooling.batch.AlonsoMora.AlonsoMoraAssignment-INFO-Number of rtv_keys in trees:
23864-src.fleetctrl.pooling.batch.AlonsoMora.AlonsoMoraAssignment-INFO-N 1 : 11 | plans_ 11
23864-src.fleetctrl.pooling.batch.AlonsoMora.AlonsoMoraAssignment-INFO-N 2 : 8 | plans_ 8
23864-src.fleetctrl.pooling.batch.AlonsoMora.AlonsoMoraAssignment-INFO-Objective value at time 1500 for AM: -499199.7358855647
23864-src.fleetctrl.pooling.batch.AlonsoMora.AlonsoMoraAssignment-INFO-=========
23864-src.fleetctrl.pooling.batch.AlonsoMora.AlonsoMoraAssignment-INFO-OPT TIME 1500:
23864-src.fleetctrl.pooling.batch.AlonsoMora.AlonsoMoraAssignment-INFO-solution status 2
23864-src.fleetctrl.pooling.batch.AlonsoMora.AlonsoMoraAssignment-INFO-number solutions 1
23864-src.fleetctrl.pooling.batch.AlonsoMora.AlonsoMoraAssignment-INFO-number opt requests 1 | number revealed requests 1 | number active requests: 1
23864-src.fleetctrl.pooling.batch.AlonsoMora.AlonsoMoraAssignment-INFO-number rtv_objs: 1
23864-src.fleetctrl.pooling.batch.AlonsoMora.AlonsoMoraAssignment-INFO-OPT TIMES:sim_time;1500,setup;0.0,rr;0.0,rv;0.0,build;0.0,opt;0.002546548843383789,all;0.002546548843383789
23864-src.fleetctrl.pooling.batch.AlonsoMora.AlonsoMoraAssignment-INFO-Opt stats at sim time 1500 : opt duration 0.002546548843383789 | res cfv -99910.40702375384
23864-src.fleetctrl.pooling.batch.AlonsoMora.AlonsoMoraAssignment-INFO-Number of rtv_keys in trees:
23864-src.fleetctrl.pooling.batch.AlonsoMora.AlonsoMoraAssignment-INFO-N 1 : 1 | plans_ 1
23864-src.fleetctrl.pooling.batch.AlonsoMora.AlonsoMoraAssignment-INFO-N 2 : 0 | plans_ 0
23864-src.fleetctrl.pooling.batch.AlonsoMora.AlonsoMoraAssignment-INFO-Objective value at time 1500 for AM: -99910.40702375384
23864-src.fleetctrl.pooling.batch.AlonsoMora.AlonsoMoraAssignment-INFO-=========
23864-src.fleetctrl.pooling.batch.AlonsoMora.AlonsoMoraAssignment-INFO-OPT TIME 1560:
23864-src.fleetctrl.pooling.batch.AlonsoMora.AlonsoMoraAssignment-INFO-solution status 2
23864-src.fleetctrl.pooling.batch.AlonsoMora.AlonsoMoraAssignment-INFO-number solutions 1
23864-src.fleetctrl.pooling.batch.AlonsoMora.AlonsoMoraAssignment-INFO-number opt requests 4 | number revealed requests 4 | number active requests: 4
23864-src.fleetctrl.pooling.batch.AlonsoMora.AlonsoMoraAssignment-INFO-number rtv_objs: 5
23864-src.fleetctrl.pooling.batch.AlonsoMora.AlonsoMoraAssignment-INFO-OPT TIMES:sim_time;1560,setup;0.0005042552947998047,rr;0.0,rv;0.0,build;0.0,opt;0.0030155181884765625,all;0.003519773483276367
23864-src.fleetctrl.pooling.batch.AlonsoMora.AlonsoMoraAssignment-INFO-Opt stats at sim time 1560 : opt duration 0.003519773483276367 | res cfv -399417.38590289396
23864-src.fleetctrl.pooling.batch.AlonsoMora.AlonsoMoraAssignment-INFO-Number of rtv_keys in trees:
23864-src.fleetctrl.pooling.batch.AlonsoMora.AlonsoMoraAssignment-INFO-N 1 : 3 | plans_ 3
23864-src.fleetctrl.pooling.batch.AlonsoMora.AlonsoMoraAssignment-INFO-N 2 : 2 | plans_ 2
23864-src.fleetctrl.pooling.batch.AlonsoMora.AlonsoMoraAssignment-INFO-Objective value at time 1560 for AM: -399417.38590289396
23864-src.fleetctrl.pooling.batch.AlonsoMora.AlonsoMoraAssignment-INFO-=========
23864-src.fleetctrl.pooling.batch.AlonsoMora.AlonsoMoraAssignment-INFO-OPT TIME 1560:
23864-src.fleetctrl.pooling.batch.AlonsoMora.AlonsoMoraAssignment-INFO-solution status 2
23864-src.fleetctrl.pooling.batch.AlonsoMora.AlonsoMoraAssignment-INFO-number solutions 1
23864-src.fleetctrl.pooling.batch.AlonsoMora.AlonsoMoraAssignment-INFO-number opt requests 2 | number revealed requests 2 | number active requests: 2
23864-src.fleetctrl.pooling.batch.AlonsoMora.AlonsoMoraAssignment-INFO-number rtv_objs: 6
23864-src.fleetctrl.pooling.batch.AlonsoMora.AlonsoMoraAssignment-INFO-OPT TIMES:sim_time;1560,setup;0.0005030632019042969,rr;0.0,rv;0.019205570220947266,build;0.0015113353729248047,opt;0.002017974853515625,all;0.023237943649291992
23864-src.fleetctrl.pooling.batch.AlonsoMora.AlonsoMoraAssignment-INFO-Opt stats at sim time 1560 : opt duration 0.023237943649291992 | res cfv -199885.90523392108
23864-src.fleetctrl.pooling.batch.AlonsoMora.AlonsoMoraAssignment-INFO-Number of rtv_keys in trees:
23864-src.fleetctrl.pooling.batch.AlonsoMora.AlonsoMoraAssignment-INFO-N 1 : 5 | plans_ 5
23864-src.fleetctrl.pooling.batch.AlonsoMora.AlonsoMoraAssignment-INFO-N 2 : 1 | plans_ 1
23864-src.fleetctrl.pooling.batch.AlonsoMora.AlonsoMoraAssignment-INFO-Objective value at time 1560 for AM: -199885.90523392108
23864-src.fleetctrl.pooling.batch.AlonsoMora.AlonsoMoraAssignment-INFO-=========
23864-src.fleetctrl.pooling.batch.AlonsoMora.AlonsoMoraAssignment-INFO-OPT TIME 1620:
23864-src.fleetctrl.pooling.batch.AlonsoMora.AlonsoMoraAssignment-INFO-solution status 2
23864-src.fleetctrl.pooling.batch.AlonsoMora.AlonsoMoraAssignment-INFO-number solutions 1
23864-src.fleetctrl.pooling.batch.AlonsoMora.AlonsoMoraAssignment-INFO-number opt requests 3 | number revealed requests 3 | number active requests: 3
23864-src.fleetctrl.pooling.batch.AlonsoMora.AlonsoMoraAssignment-INFO-number rtv_objs: 3
23864-src.fleetctrl.pooling.batch.AlonsoMora.AlonsoMoraAssignment-INFO-OPT TIMES:sim_time;1620,setup;0.0,rr;0.0,rv;0.0,build;0.0,opt;0.0032138824462890625,all;0.0032138824462890625
23864-src.fleetctrl.pooling.batch.AlonsoMora.AlonsoMoraAssignment-INFO-Opt stats at sim time 1620 : opt duration 0.0032138824462890625 | res cfv -299540.1368435854
23864-src.fleetctrl.pooling.batch.AlonsoMora.AlonsoMoraAssignment-INFO-Number of rtv_keys in trees:
23864-src.fleetctrl.pooling.batch.AlonsoMora.AlonsoMoraAssignment-INFO-N 1 : 2 | plans_ 2
23864-src.fleetctrl.pooling.batch.AlonsoMora.AlonsoMoraAssignment-INFO-N 2 : 1 | plans_ 1
23864-src.fleetctrl.pooling.batch.AlonsoMora.AlonsoMoraAssignment-INFO-Objective value at time 1620 for AM: -299540.1368435854
23864-src.fleetctrl.pooling.batch.AlonsoMora.AlonsoMoraAssignment-INFO-=========
23864-src.fleetctrl.pooling.batch.AlonsoMora.AlonsoMoraAssignment-INFO-OPT TIME 1620:
23864-src.fleetctrl.pooling.batch.AlonsoMora.AlonsoMoraAssignment-INFO-solution status 2
23864-src.fleetctrl.pooling.batch.AlonsoMora.AlonsoMoraAssignment-INFO-number solutions 2
23864-src.fleetctrl.pooling.batch.AlonsoMora.AlonsoMoraAssignment-INFO-number opt requests 4 | number revealed requests 4 | number active requests: 4
23864-src.fleetctrl.pooling.batch.AlonsoMora.AlonsoMoraAssignment-INFO-number rtv_objs: 12
23864-src.fleetctrl.pooling.batch.AlonsoMora.AlonsoMoraAssignment-INFO-OPT TIMES:sim_time;1620,setup;0.0015807151794433594,rr;0.0,rv;0.03389239311218262,build;0.007805585861206055,opt;0.0031855106353759766,all;0.04646420478820801
23864-src.fleetctrl.pooling.batch.AlonsoMora.AlonsoMoraAssignment-INFO-Opt stats at sim time 1620 : opt duration 0.04646420478820801 | res cfv -399621.37282374816
23864-src.fleetctrl.pooling.batch.AlonsoMora.AlonsoMoraAssignment-INFO-Number of rtv_keys in trees:
23864-src.fleetctrl.pooling.batch.AlonsoMora.AlonsoMoraAssignment-INFO-N 1 : 8 | plans_ 8
23864-src.fleetctrl.pooling.batch.AlonsoMora.AlonsoMoraAssignment-INFO-N 2 : 4 | plans_ 4
23864-src.fleetctrl.pooling.batch.AlonsoMora.AlonsoMoraAssignment-INFO-Objective value at time 1620 for AM: -399621.37282374816
23864-src.fleetctrl.pooling.batch.AlonsoMora.AlonsoMoraAssignment-INFO-=========
23864-src.fleetctrl.pooling.batch.AlonsoMora.AlonsoMoraAssignment-INFO-OPT TIME 1680:
23864-src.fleetctrl.pooling.batch.AlonsoMora.AlonsoMoraAssignment-INFO-solution status 2
23864-src.fleetctrl.pooling.batch.AlonsoMora.AlonsoMoraAssignment-INFO-number solutions 2
23864-src.fleetctrl.pooling.batch.AlonsoMora.AlonsoMoraAssignment-INFO-number opt requests 5 | number revealed requests 5 | number active requests: 5
23864-src.fleetctrl.pooling.batch.AlonsoMora.AlonsoMoraAssignment-INFO-number rtv_objs: 9
23864-src.fleetctrl.pooling.batch.AlonsoMora.AlonsoMoraAssignment-INFO-OPT TIMES:sim_time;1680,setup;0.0,rr;0.0,rv;0.07322525978088379,build;0.004786491394042969,opt;0.0034422874450683594,all;0.08145403861999512
23864-src.fleetctrl.pooling.batch.AlonsoMora.AlonsoMoraAssignment-INFO-Opt stats at sim time 1680 : opt duration 0.08145403861999512 | res cfv -499095.8935684826
23864-src.fleetctrl.pooling.batch.AlonsoMora.AlonsoMoraAssignment-INFO-Number of rtv_keys in trees:
23864-src.fleetctrl.pooling.batch.AlonsoMora.AlonsoMoraAssignment-INFO-N 1 : 7 | plans_ 7
23864-src.fleetctrl.pooling.batch.AlonsoMora.AlonsoMoraAssignment-INFO-N 2 : 2 | plans_ 2
23864-src.fleetctrl.pooling.batch.AlonsoMora.AlonsoMoraAssignment-INFO-Objective value at time 1680 for AM: -499095.8935684826
23864-src.fleetctrl.pooling.batch.AlonsoMora.AlonsoMoraAssignment-INFO-=========
23864-src.fleetctrl.pooling.batch.AlonsoMora.AlonsoMoraAssignment-INFO-OPT TIME 1680:
23864-src.fleetctrl.pooling.batch.AlonsoMora.AlonsoMoraAssignment-INFO-solution status 2
23864-src.fleetctrl.pooling.batch.AlonsoMora.AlonsoMoraAssignment-INFO-number solutions 1
23864-src.fleetctrl.pooling.batch.AlonsoMora.AlonsoMoraAssignment-INFO-number opt requests 3 | number revealed requests 3 | number active requests: 3
23864-src.fleetctrl.pooling.batch.AlonsoMora.AlonsoMoraAssignment-INFO-number rtv_objs: 15
23864-src.fleetctrl.pooling.batch.AlonsoMora.AlonsoMoraAssignment-INFO-OPT TIMES:sim_time;1680,setup;0.0,rr;0.0,rv;0.040468454360961914,build;0.009290456771850586,opt;0.0030999183654785156,all;0.052858829498291016
23864-src.fleetctrl.pooling.batch.AlonsoMora.AlonsoMoraAssignment-INFO-Opt stats at sim time 1680 : opt duration 0.052858829498291016 | res cfv -299509.6381198624
23864-src.fleetctrl.pooling.batch.AlonsoMora.AlonsoMoraAssignment-INFO-Number of rtv_keys in trees:
23864-src.fleetctrl.pooling.batch.AlonsoMora.AlonsoMoraAssignment-INFO-N 1 : 15 | plans_ 15
23864-src.fleetctrl.pooling.batch.AlonsoMora.AlonsoMoraAssignment-INFO-N 2 : 0 | plans_ 0
23864-src.fleetctrl.pooling.batch.AlonsoMora.AlonsoMoraAssignment-INFO-Objective value at time 1680 for AM: -299509.6381198624
23864-src.fleetctrl.pooling.batch.AlonsoMora.AlonsoMoraAssignment-INFO-=========
23864-src.fleetctrl.pooling.batch.AlonsoMora.AlonsoMoraAssignment-INFO-OPT TIME 1740:
23864-src.fleetctrl.pooling.batch.AlonsoMora.AlonsoMoraAssignment-INFO-solution status 2
23864-src.fleetctrl.pooling.batch.AlonsoMora.AlonsoMoraAssignment-INFO-number solutions 1
23864-src.fleetctrl.pooling.batch.AlonsoMora.AlonsoMoraAssignment-INFO-number opt requests 4 | number revealed requests 4 | number active requests: 4
23864-src.fleetctrl.pooling.batch.AlonsoMora.AlonsoMoraAssignment-INFO-number rtv_objs: 4
23864-src.fleetctrl.pooling.batch.AlonsoMora.AlonsoMoraAssignment-INFO-OPT TIMES:sim_time;1740,setup;0.0,rr;0.0,rv;0.0,build;0.006393909454345703,opt;0.0015642642974853516,all;0.007958173751831055
23864-src.fleetctrl.pooling.batch.AlonsoMora.AlonsoMoraAssignment-INFO-Opt stats at sim time 1740 : opt duration 0.007958173751831055 | res cfv -399233.9098980096
23864-src.fleetctrl.pooling.batch.AlonsoMora.AlonsoMoraAssignment-INFO-Number of rtv_keys in trees:
23864-src.fleetctrl.pooling.batch.AlonsoMora.AlonsoMoraAssignment-INFO-N 1 : 4 | plans_ 4
23864-src.fleetctrl.pooling.batch.AlonsoMora.AlonsoMoraAssignment-INFO-N 2 : 0 | plans_ 0
23864-src.fleetctrl.pooling.batch.AlonsoMora.AlonsoMoraAssignment-INFO-Objective value at time 1740 for AM: -399233.9098980096
23864-src.fleetctrl.pooling.batch.AlonsoMora.AlonsoMoraAssignment-INFO-=========
23864-src.fleetctrl.pooling.batch.AlonsoMora.AlonsoMoraAssignment-INFO-OPT TIME 1740:
23864-src.fleetctrl.pooling.batch.AlonsoMora.AlonsoMoraAssignment-INFO-solution status 2
23864-src.fleetctrl.pooling.batch.AlonsoMora.AlonsoMoraAssignment-INFO-number solutions 1
23864-src.fleetctrl.pooling.batch.AlonsoMora.AlonsoMoraAssignment-INFO-number opt requests 3 | number revealed requests 3 | number active requests: 3
23864-src.fleetctrl.pooling.batch.AlonsoMora.AlonsoMoraAssignment-INFO-number rtv_objs: 6
23864-src.fleetctrl.pooling.batch.AlonsoMora.AlonsoMoraAssignment-INFO-OPT TIMES:sim_time;1740,setup;0.0,rr;0.0,rv;0.0,build;0.016266822814941406,opt;0.0031604766845703125,all;0.01942729949951172
23864-src.fleetctrl.pooling.batch.AlonsoMora.AlonsoMoraAssignment-INFO-Opt stats at sim time 1740 : opt duration 0.01942729949951172 | res cfv -299542.2299310351
23864-src.fleetctrl.pooling.batch.AlonsoMora.AlonsoMoraAssignment-INFO-Number of rtv_keys in trees:
23864-src.fleetctrl.pooling.batch.AlonsoMora.AlonsoMoraAssignment-INFO-N 1 : 6 | plans_ 6
23864-src.fleetctrl.pooling.batch.AlonsoMora.AlonsoMoraAssignment-INFO-N 2 : 0 | plans_ 0
23864-src.fleetctrl.pooling.batch.AlonsoMora.AlonsoMoraAssignment-INFO-Objective value at time 1740 for AM: -299542.2299310351
23864-src.fleetctrl.pooling.batch.AlonsoMora.AlonsoMoraAssignment-INFO-=========
23864-src.fleetctrl.pooling.batch.AlonsoMora.AlonsoMoraAssignment-INFO-OPT TIME 1800:
23864-src.fleetctrl.pooling.batch.AlonsoMora.AlonsoMoraAssignment-INFO-solution status 2
23864-src.fleetctrl.pooling.batch.AlonsoMora.AlonsoMoraAssignment-INFO-number solutions 1
23864-src.fleetctrl.pooling.batch.AlonsoMora.AlonsoMoraAssignment-INFO-number opt requests 4 | number revealed requests 4 | number active requests: 4
23864-src.fleetctrl.pooling.batch.AlonsoMora.AlonsoMoraAssignment-INFO-number rtv_objs: 4
23864-src.fleetctrl.pooling.batch.AlonsoMora.AlonsoMoraAssignment-INFO-OPT TIMES:sim_time;1800,setup;0.0010156631469726562,rr;0.0,rv;0.0,build;0.0,opt;0.002026796340942383,all;0.003042459487915039
23864-src.fleetctrl.pooling.batch.AlonsoMora.AlonsoMoraAssignment-INFO-Opt stats at sim time 1800 : opt duration 0.003042459487915039 | res cfv -399291.21251764346
23864-src.fleetctrl.pooling.batch.AlonsoMora.AlonsoMoraAssignment-INFO-Number of rtv_keys in trees:
23864-src.fleetctrl.pooling.batch.AlonsoMora.AlonsoMoraAssignment-INFO-N 1 : 4 | plans_ 4
23864-src.fleetctrl.pooling.batch.AlonsoMora.AlonsoMoraAssignment-INFO-N 2 : 0 | plans_ 0
23864-src.fleetctrl.pooling.batch.AlonsoMora.AlonsoMoraAssignment-INFO-Objective value at time 1800 for AM: -399291.21251764346
23864-src.fleetctrl.pooling.batch.AlonsoMora.AlonsoMoraAssignment-INFO-=========
23864-src.fleetctrl.pooling.batch.AlonsoMora.AlonsoMoraAssignment-INFO-OPT TIME 1800:
23864-src.fleetctrl.pooling.batch.AlonsoMora.AlonsoMoraAssignment-INFO-solution status 2
23864-src.fleetctrl.pooling.batch.AlonsoMora.AlonsoMoraAssignment-INFO-number solutions 1
23864-src.fleetctrl.pooling.batch.AlonsoMora.AlonsoMoraAssignment-INFO-number opt requests 3 | number revealed requests 3 | number active requests: 3
23864-src.fleetctrl.pooling.batch.AlonsoMora.AlonsoMoraAssignment-INFO-number rtv_objs: 3
23864-src.fleetctrl.pooling.batch.AlonsoMora.AlonsoMoraAssignment-INFO-OPT TIMES:sim_time;1800,setup;0.0,rr;0.0,rv;0.0,build;0.0,opt;0.0030548572540283203,all;0.0030548572540283203
23864-src.fleetctrl.pooling.batch.AlonsoMora.AlonsoMoraAssignment-INFO-Opt stats at sim time 1800 : opt duration 0.0030548572540283203 | res cfv -299567.65733300056
23864-src.fleetctrl.pooling.batch.AlonsoMora.AlonsoMoraAssignment-INFO-Number of rtv_keys in trees:
23864-src.fleetctrl.pooling.batch.AlonsoMora.AlonsoMoraAssignment-INFO-N 1 : 3 | plans_ 3
23864-src.fleetctrl.pooling.batch.AlonsoMora.AlonsoMoraAssignment-INFO-N 2 : 0 | plans_ 0
23864-src.fleetctrl.pooling.batch.AlonsoMora.AlonsoMoraAssignment-INFO-Objective value at time 1800 for AM: -299567.65733300056
23864-src.fleetctrl.pooling.batch.AlonsoMora.AlonsoMoraAssignment-INFO-=========
23864-src.fleetctrl.pooling.batch.AlonsoMora.AlonsoMoraAssignment-INFO-OPT TIME 1860:
23864-src.fleetctrl.pooling.batch.AlonsoMora.AlonsoMoraAssignment-INFO-solution status 2
23864-src.fleetctrl.pooling.batch.AlonsoMora.AlonsoMoraAssignment-INFO-number solutions 1
23864-src.fleetctrl.pooling.batch.AlonsoMora.AlonsoMoraAssignment-INFO-number opt requests 2 | number revealed requests 2 | number active requests: 2
23864-src.fleetctrl.pooling.batch.AlonsoMora.AlonsoMoraAssignment-INFO-number rtv_objs: 2
23864-src.fleetctrl.pooling.batch.AlonsoMora.AlonsoMoraAssignment-INFO-OPT TIMES:sim_time;1860,setup;0.0,rr;0.0,rv;0.0,build;0.0,opt;0.002523660659790039,all;0.002523660659790039
23864-src.fleetctrl.pooling.batch.AlonsoMora.AlonsoMoraAssignment-INFO-Opt stats at sim time 1860 : opt duration 0.002523660659790039 | res cfv -199612.4070608627
23864-src.fleetctrl.pooling.batch.AlonsoMora.AlonsoMoraAssignment-INFO-Number of rtv_keys in trees:
23864-src.fleetctrl.pooling.batch.AlonsoMora.AlonsoMoraAssignment-INFO-N 1 : 2 | plans_ 2
23864-src.fleetctrl.pooling.batch.AlonsoMora.AlonsoMoraAssignment-INFO-N 2 : 0 | plans_ 0
23864-src.fleetctrl.pooling.batch.AlonsoMora.AlonsoMoraAssignment-INFO-Objective value at time 1860 for AM: -199612.4070608627
23864-src.fleetctrl.pooling.batch.AlonsoMora.AlonsoMoraAssignment-INFO-=========
23864-src.fleetctrl.pooling.batch.AlonsoMora.AlonsoMoraAssignment-INFO-OPT TIME 1860:
23864-src.fleetctrl.pooling.batch.AlonsoMora.AlonsoMoraAssignment-INFO-solution status 2
23864-src.fleetctrl.pooling.batch.AlonsoMora.AlonsoMoraAssignment-INFO-number solutions 1
23864-src.fleetctrl.pooling.batch.AlonsoMora.AlonsoMoraAssignment-INFO-number opt requests 2 | number revealed requests 2 | number active requests: 2
23864-src.fleetctrl.pooling.batch.AlonsoMora.AlonsoMoraAssignment-INFO-number rtv_objs: 2
23864-src.fleetctrl.pooling.batch.AlonsoMora.AlonsoMoraAssignment-INFO-OPT TIMES:sim_time;1860,setup;0.0,rr;0.0,rv;0.0,build;0.0010094642639160156,opt;0.0020215511322021484,all;0.003031015396118164
23864-src.fleetctrl.pooling.batch.AlonsoMora.AlonsoMoraAssignment-INFO-Opt stats at sim time 1860 : opt duration 0.003031015396118164 | res cfv -199657.4006577342
23864-src.fleetctrl.pooling.batch.AlonsoMora.AlonsoMoraAssignment-INFO-Number of rtv_keys in trees:
23864-src.fleetctrl.pooling.batch.AlonsoMora.AlonsoMoraAssignment-INFO-N 1 : 2 | plans_ 2
23864-src.fleetctrl.pooling.batch.AlonsoMora.AlonsoMoraAssignment-INFO-N 2 : 0 | plans_ 0
23864-src.fleetctrl.pooling.batch.AlonsoMora.AlonsoMoraAssignment-INFO-Objective value at time 1860 for AM: -199657.4006577342
23864-src.fleetctrl.pooling.batch.AlonsoMora.AlonsoMoraAssignment-INFO-=========
23864-src.fleetctrl.pooling.batch.AlonsoMora.AlonsoMoraAssignment-INFO-OPT TIME 1920:
23864-src.fleetctrl.pooling.batch.AlonsoMora.AlonsoMoraAssignment-INFO-solution status 2
23864-src.fleetctrl.pooling.batch.AlonsoMora.AlonsoMoraAssignment-INFO-number solutions 1
23864-src.fleetctrl.pooling.batch.AlonsoMora.AlonsoMoraAssignment-INFO-number opt requests 2 | number revealed requests 2 | number active requests: 2
23864-src.fleetctrl.pooling.batch.AlonsoMora.AlonsoMoraAssignment-INFO-number rtv_objs: 2
23864-src.fleetctrl.pooling.batch.AlonsoMora.AlonsoMoraAssignment-INFO-OPT TIMES:sim_time;1920,setup;0.0,rr;0.0,rv;0.0,build;0.0005054473876953125,opt;0.0015137195587158203,all;0.002019166946411133
23864-src.fleetctrl.pooling.batch.AlonsoMora.AlonsoMoraAssignment-INFO-Opt stats at sim time 1920 : opt duration 0.002019166946411133 | res cfv -199641.0398020415
23864-src.fleetctrl.pooling.batch.AlonsoMora.AlonsoMoraAssignment-INFO-Number of rtv_keys in trees:
23864-src.fleetctrl.pooling.batch.AlonsoMora.AlonsoMoraAssignment-INFO-N 1 : 2 | plans_ 2
23864-src.fleetctrl.pooling.batch.AlonsoMora.AlonsoMoraAssignment-INFO-N 2 : 0 | plans_ 0
23864-src.fleetctrl.pooling.batch.AlonsoMora.AlonsoMoraAssignment-INFO-Objective value at time 1920 for AM: -199641.0398020415
23864-src.fleetctrl.pooling.batch.AlonsoMora.AlonsoMoraAssignment-INFO-=========
23864-src.fleetctrl.pooling.batch.AlonsoMora.AlonsoMoraAssignment-INFO-OPT TIME 1920:
23864-src.fleetctrl.pooling.batch.AlonsoMora.AlonsoMoraAssignment-INFO-solution status 2
23864-src.fleetctrl.pooling.batch.AlonsoMora.AlonsoMoraAssignment-INFO-number solutions 1
23864-src.fleetctrl.pooling.batch.AlonsoMora.AlonsoMoraAssignment-INFO-number opt requests 2 | number revealed requests 2 | number active requests: 2
23864-src.fleetctrl.pooling.batch.AlonsoMora.AlonsoMoraAssignment-INFO-number rtv_objs: 2
23864-src.fleetctrl.pooling.batch.AlonsoMora.AlonsoMoraAssignment-INFO-OPT TIMES:sim_time;1920,setup;0.0,rr;0.0,rv;0.0,build;0.0005159378051757812,opt;0.0020427703857421875,all;0.0025587081909179688
23864-src.fleetctrl.pooling.batch.AlonsoMora.AlonsoMoraAssignment-INFO-Opt stats at sim time 1920 : opt duration 0.0025587081909179688 | res cfv -199679.21312929853
23864-src.fleetctrl.pooling.batch.AlonsoMora.AlonsoMoraAssignment-INFO-Number of rtv_keys in trees:
23864-src.fleetctrl.pooling.batch.AlonsoMora.AlonsoMoraAssignment-INFO-N 1 : 2 | plans_ 2
23864-src.fleetctrl.pooling.batch.AlonsoMora.AlonsoMoraAssignment-INFO-N 2 : 0 | plans_ 0
23864-src.fleetctrl.pooling.batch.AlonsoMora.AlonsoMoraAssignment-INFO-Objective value at time 1920 for AM: -199679.21312929853
23864-src.fleetctrl.pooling.batch.AlonsoMora.AlonsoMoraAssignment-INFO-=========
23864-src.fleetctrl.pooling.batch.AlonsoMora.AlonsoMoraAssignment-INFO-OPT TIME 1980:
23864-src.fleetctrl.pooling.batch.AlonsoMora.AlonsoMoraAssignment-INFO-solution status 2
23864-src.fleetctrl.pooling.batch.AlonsoMora.AlonsoMoraAssignment-INFO-number solutions 1
23864-src.fleetctrl.pooling.batch.AlonsoMora.AlonsoMoraAssignment-INFO-number opt requests 2 | number revealed requests 2 | number active requests: 2
23864-src.fleetctrl.pooling.batch.AlonsoMora.AlonsoMoraAssignment-INFO-number rtv_objs: 2
23864-src.fleetctrl.pooling.batch.AlonsoMora.AlonsoMoraAssignment-INFO-OPT TIMES:sim_time;1980,setup;0.0,rr;0.0,rv;0.0,build;0.0,opt;0.0031654834747314453,all;0.0031654834747314453
23864-src.fleetctrl.pooling.batch.AlonsoMora.AlonsoMoraAssignment-INFO-Opt stats at sim time 1980 : opt duration 0.0031654834747314453 | res cfv -199662.31713609904
23864-src.fleetctrl.pooling.batch.AlonsoMora.AlonsoMoraAssignment-INFO-Number of rtv_keys in trees:
23864-src.fleetctrl.pooling.batch.AlonsoMora.AlonsoMoraAssignment-INFO-N 1 : 2 | plans_ 2
23864-src.fleetctrl.pooling.batch.AlonsoMora.AlonsoMoraAssignment-INFO-N 2 : 0 | plans_ 0
23864-src.fleetctrl.pooling.batch.AlonsoMora.AlonsoMoraAssignment-INFO-Objective value at time 1980 for AM: -199662.31713609904
23864-src.fleetctrl.pooling.batch.AlonsoMora.AlonsoMoraAssignment-INFO-=========
23864-src.fleetctrl.pooling.batch.AlonsoMora.AlonsoMoraAssignment-INFO-OPT TIME 1980:
23864-src.fleetctrl.pooling.batch.AlonsoMora.AlonsoMoraAssignment-INFO-solution status 2
23864-src.fleetctrl.pooling.batch.AlonsoMora.AlonsoMoraAssignment-INFO-number solutions 1
23864-src.fleetctrl.pooling.batch.AlonsoMora.AlonsoMoraAssignment-INFO-number opt requests 1 | number revealed requests 1 | number active requests: 1
23864-src.fleetctrl.pooling.batch.AlonsoMora.AlonsoMoraAssignment-INFO-number rtv_objs: 1
23864-src.fleetctrl.pooling.batch.AlonsoMora.AlonsoMoraAssignment-INFO-OPT TIMES:sim_time;1980,setup;0.0,rr;0.0,rv;0.0,build;0.0,opt;0.0015265941619873047,all;0.0015265941619873047
23864-src.fleetctrl.pooling.batch.AlonsoMora.AlonsoMoraAssignment-INFO-Opt stats at sim time 1980 : opt duration 0.0015265941619873047 | res cfv -99819.82806787745
23864-src.fleetctrl.pooling.batch.AlonsoMora.AlonsoMoraAssignment-INFO-Number of rtv_keys in trees:
23864-src.fleetctrl.pooling.batch.AlonsoMora.AlonsoMoraAssignment-INFO-N 1 : 1 | plans_ 1
23864-src.fleetctrl.pooling.batch.AlonsoMora.AlonsoMoraAssignment-INFO-N 2 : 0 | plans_ 0
23864-src.fleetctrl.pooling.batch.AlonsoMora.AlonsoMoraAssignment-INFO-Objective value at time 1980 for AM: -99819.82806787745
23864-src.fleetctrl.pooling.batch.AlonsoMora.AlonsoMoraAssignment-INFO-=========
23864-src.fleetctrl.pooling.batch.AlonsoMora.AlonsoMoraAssignment-INFO-OPT TIME 2040:
23864-src.fleetctrl.pooling.batch.AlonsoMora.AlonsoMoraAssignment-INFO-solution status 2
23864-src.fleetctrl.pooling.batch.AlonsoMora.AlonsoMoraAssignment-INFO-number solutions 1
23864-src.fleetctrl.pooling.batch.AlonsoMora.AlonsoMoraAssignment-INFO-number opt requests 3 | number revealed requests 3 | number active requests: 3
23864-src.fleetctrl.pooling.batch.AlonsoMora.AlonsoMoraAssignment-INFO-number rtv_objs: 14
23864-src.fleetctrl.pooling.batch.AlonsoMora.AlonsoMoraAssignment-INFO-OPT TIMES:sim_time;2040,setup;0.0015654563903808594,rr;0.0,rv;0.0818929672241211,build;0.014310359954833984,opt;0.0031440258026123047,all;0.10091280937194824
23864-src.fleetctrl.pooling.batch.AlonsoMora.AlonsoMoraAssignment-INFO-Opt stats at sim time 2040 : opt duration 0.10091280937194824 | res cfv -299540.1490007622
23864-src.fleetctrl.pooling.batch.AlonsoMora.AlonsoMoraAssignment-INFO-Number of rtv_keys in trees:
23864-src.fleetctrl.pooling.batch.AlonsoMora.AlonsoMoraAssignment-INFO-N 1 : 9 | plans_ 9
23864-src.fleetctrl.pooling.batch.AlonsoMora.AlonsoMoraAssignment-INFO-N 2 : 4 | plans_ 4
23864-src.fleetctrl.pooling.batch.AlonsoMora.AlonsoMoraAssignment-INFO-N 3 : 1 | plans_ 1
23864-src.fleetctrl.pooling.batch.AlonsoMora.AlonsoMoraAssignment-INFO-Objective value at time 2040 for AM: -299540.1490007622
23864-src.fleetctrl.pooling.batch.AlonsoMora.AlonsoMoraAssignment-INFO-=========
23864-src.fleetctrl.pooling.batch.AlonsoMora.AlonsoMoraAssignment-INFO-OPT TIME 2040:
23864-src.fleetctrl.pooling.batch.AlonsoMora.AlonsoMoraAssignment-INFO-solution status 2
23864-src.fleetctrl.pooling.batch.AlonsoMora.AlonsoMoraAssignment-INFO-number solutions 1
23864-src.fleetctrl.pooling.batch.AlonsoMora.AlonsoMoraAssignment-INFO-number opt requests 1 | number revealed requests 1 | number active requests: 1
23864-src.fleetctrl.pooling.batch.AlonsoMora.AlonsoMoraAssignment-INFO-number rtv_objs: 1
23864-src.fleetctrl.pooling.batch.AlonsoMora.AlonsoMoraAssignment-INFO-OPT TIMES:sim_time;2040,setup;0.0,rr;0.0,rv;0.0,build;0.0,opt;0.0015802383422851562,all;0.0015802383422851562
23864-src.fleetctrl.pooling.batch.AlonsoMora.AlonsoMoraAssignment-INFO-Opt stats at sim time 2040 : opt duration 0.0015802383422851562 | res cfv -99832.32806787745
23864-src.fleetctrl.pooling.batch.AlonsoMora.AlonsoMoraAssignment-INFO-Number of rtv_keys in trees:
23864-src.fleetctrl.pooling.batch.AlonsoMora.AlonsoMoraAssignment-INFO-N 1 : 1 | plans_ 1
23864-src.fleetctrl.pooling.batch.AlonsoMora.AlonsoMoraAssignment-INFO-N 2 : 0 | plans_ 0
23864-src.fleetctrl.pooling.batch.AlonsoMora.AlonsoMoraAssignment-INFO-Objective value at time 2040 for AM: -99832.32806787745
23864-src.fleetctrl.pooling.batch.AlonsoMora.AlonsoMoraAssignment-INFO-=========
23864-src.fleetctrl.pooling.batch.AlonsoMora.AlonsoMoraAssignment-INFO-OPT TIME 2100:
23864-src.fleetctrl.pooling.batch.AlonsoMora.AlonsoMoraAssignment-INFO-solution status 2
23864-src.fleetctrl.pooling.batch.AlonsoMora.AlonsoMoraAssignment-INFO-number solutions 1
23864-src.fleetctrl.pooling.batch.AlonsoMora.AlonsoMoraAssignment-INFO-number opt requests 4 | number revealed requests 4 | number active requests: 4
23864-src.fleetctrl.pooling.batch.AlonsoMora.AlonsoMoraAssignment-INFO-number rtv_objs: 14
23864-src.fleetctrl.pooling.batch.AlonsoMora.AlonsoMoraAssignment-INFO-OPT TIMES:sim_time;2100,setup;0.0,rr;0.0,rv;0.039301395416259766,build;0.051346540451049805,opt;0.0030341148376464844,all;0.09368205070495605
23864-src.fleetctrl.pooling.batch.AlonsoMora.AlonsoMoraAssignment-INFO-Opt stats at sim time 2100 : opt duration 0.09368205070495605 | res cfv -399381.85904541
23864-src.fleetctrl.pooling.batch.AlonsoMora.AlonsoMoraAssignment-INFO-Number of rtv_keys in trees:
23864-src.fleetctrl.pooling.batch.AlonsoMora.AlonsoMoraAssignment-INFO-N 1 : 9 | plans_ 9
23864-src.fleetctrl.pooling.batch.AlonsoMora.AlonsoMoraAssignment-INFO-N 2 : 4 | plans_ 4
23864-src.fleetctrl.pooling.batch.AlonsoMora.AlonsoMoraAssignment-INFO-N 3 : 1 | plans_ 1
23864-src.fleetctrl.pooling.batch.AlonsoMora.AlonsoMoraAssignment-INFO-Objective value at time 2100 for AM: -399381.85904541
23864-src.fleetctrl.pooling.batch.AlonsoMora.AlonsoMoraAssignment-INFO-=========
23864-src.fleetctrl.pooling.batch.AlonsoMora.AlonsoMoraAssignment-INFO-OPT TIME 2100:
23864-src.fleetctrl.pooling.batch.AlonsoMora.AlonsoMoraAssignment-INFO-solution status 2
23864-src.fleetctrl.pooling.batch.AlonsoMora.AlonsoMoraAssignment-INFO-number solutions 1
23864-src.fleetctrl.pooling.batch.AlonsoMora.AlonsoMoraAssignment-INFO-number opt requests 0 | number revealed requests 0 | number active requests: 0
23864-src.fleetctrl.pooling.batch.AlonsoMora.AlonsoMoraAssignment-INFO-number rtv_objs: 0
23864-src.fleetctrl.pooling.batch.AlonsoMora.AlonsoMoraAssignment-INFO-OPT TIMES:sim_time;2100,setup;0.0,rr;0.0,rv;0.0,build;0.0,opt;0.0025255680084228516,all;0.0025255680084228516
23864-src.fleetctrl.pooling.batch.AlonsoMora.AlonsoMoraAssignment-INFO-Opt stats at sim time 2100 : opt duration 0.0025255680084228516 | res cfv 0
23864-src.fleetctrl.pooling.batch.AlonsoMora.AlonsoMoraAssignment-INFO-Number of rtv_keys in trees:
23864-src.fleetctrl.pooling.batch.AlonsoMora.AlonsoMoraAssignment-INFO-N 1 : 0 | plans_ 0
23864-src.fleetctrl.pooling.batch.AlonsoMora.AlonsoMoraAssignment-INFO-N 2 : 0 | plans_ 0
23864-src.fleetctrl.pooling.batch.AlonsoMora.AlonsoMoraAssignment-INFO-Objective value at time 2100 for AM: 0
23864-src.fleetctrl.pooling.batch.AlonsoMora.AlonsoMoraAssignment-INFO-=========
23864-src.fleetctrl.pooling.batch.AlonsoMora.AlonsoMoraAssignment-INFO-OPT TIME 2160:
23864-src.fleetctrl.pooling.batch.AlonsoMora.AlonsoMoraAssignment-INFO-solution status 2
23864-src.fleetctrl.pooling.batch.AlonsoMora.AlonsoMoraAssignment-INFO-number solutions 1
23864-src.fleetctrl.pooling.batch.AlonsoMora.AlonsoMoraAssignment-INFO-number opt requests 3 | number revealed requests 3 | number active requests: 3
23864-src.fleetctrl.pooling.batch.AlonsoMora.AlonsoMoraAssignment-INFO-number rtv_objs: 4
23864-src.fleetctrl.pooling.batch.AlonsoMora.AlonsoMoraAssignment-INFO-OPT TIMES:sim_time;2160,setup;0.0,rr;0.0,rv;0.0,build;0.001506805419921875,opt;0.0025224685668945312,all;0.004029273986816406
23864-src.fleetctrl.pooling.batch.AlonsoMora.AlonsoMoraAssignment-INFO-Opt stats at sim time 2160 : opt duration 0.004029273986816406 | res cfv -299587.4466610657
23864-src.fleetctrl.pooling.batch.AlonsoMora.AlonsoMoraAssignment-INFO-Number of rtv_keys in trees:
23864-src.fleetctrl.pooling.batch.AlonsoMora.AlonsoMoraAssignment-INFO-N 1 : 3 | plans_ 3
23864-src.fleetctrl.pooling.batch.AlonsoMora.AlonsoMoraAssignment-INFO-N 2 : 1 | plans_ 1
23864-src.fleetctrl.pooling.batch.AlonsoMora.AlonsoMoraAssignment-INFO-N 3 : 0 | plans_ 0
23864-src.fleetctrl.pooling.batch.AlonsoMora.AlonsoMoraAssignment-INFO-Objective value at time 2160 for AM: -299587.4466610657
23864-src.fleetctrl.pooling.batch.AlonsoMora.AlonsoMoraAssignment-INFO-=========
23864-src.fleetctrl.pooling.batch.AlonsoMora.AlonsoMoraAssignment-INFO-OPT TIME 2160:
23864-src.fleetctrl.pooling.batch.AlonsoMora.AlonsoMoraAssignment-INFO-solution status 2
23864-src.fleetctrl.pooling.batch.AlonsoMora.AlonsoMoraAssignment-INFO-number solutions 1
23864-src.fleetctrl.pooling.batch.AlonsoMora.AlonsoMoraAssignment-INFO-number opt requests 1 | number revealed requests 1 | number active requests: 1
23864-src.fleetctrl.pooling.batch.AlonsoMora.AlonsoMoraAssignment-INFO-number rtv_objs: 5
23864-src.fleetctrl.pooling.batch.AlonsoMora.AlonsoMoraAssignment-INFO-OPT TIMES:sim_time;2160,setup;0.0,rr;0.0,rv;0.007051229476928711,build;0.0005030632019042969,opt;0.0030286312103271484,all;0.010582923889160156
23864-src.fleetctrl.pooling.batch.AlonsoMora.AlonsoMoraAssignment-INFO-Opt stats at sim time 2160 : opt duration 0.010582923889160156 | res cfv -99879.12384136982
23864-src.fleetctrl.pooling.batch.AlonsoMora.AlonsoMoraAssignment-INFO-Number of rtv_keys in trees:
23864-src.fleetctrl.pooling.batch.AlonsoMora.AlonsoMoraAssignment-INFO-N 1 : 5 | plans_ 5
23864-src.fleetctrl.pooling.batch.AlonsoMora.AlonsoMoraAssignment-INFO-N 2 : 0 | plans_ 0
23864-src.fleetctrl.pooling.batch.AlonsoMora.AlonsoMoraAssignment-INFO-Objective value at time 2160 for AM: -99879.12384136982
23864-src.fleetctrl.pooling.batch.AlonsoMora.AlonsoMoraAssignment-INFO-=========
23864-src.fleetctrl.pooling.batch.AlonsoMora.AlonsoMoraAssignment-INFO-OPT TIME 2220:
23864-src.fleetctrl.pooling.batch.AlonsoMora.AlonsoMoraAssignment-INFO-solution status 2
23864-src.fleetctrl.pooling.batch.AlonsoMora.AlonsoMoraAssignment-INFO-number solutions 1
23864-src.fleetctrl.pooling.batch.AlonsoMora.AlonsoMoraAssignment-INFO-number opt requests 3 | number revealed requests 3 | number active requests: 3
23864-src.fleetctrl.pooling.batch.AlonsoMora.AlonsoMoraAssignment-INFO-number rtv_objs: 2
23864-src.fleetctrl.pooling.batch.AlonsoMora.AlonsoMoraAssignment-INFO-OPT TIMES:sim_time;2220,setup;0.0,rr;0.0,rv;0.0,build;0.0,opt;0.0031189918518066406,all;0.0031189918518066406
23864-src.fleetctrl.pooling.batch.AlonsoMora.AlonsoMoraAssignment-INFO-Opt stats at sim time 2220 : opt duration 0.0031189918518066406 | res cfv -299613.4783552416
23864-src.fleetctrl.pooling.batch.AlonsoMora.AlonsoMoraAssignment-INFO-Number of rtv_keys in trees:
23864-src.fleetctrl.pooling.batch.AlonsoMora.AlonsoMoraAssignment-INFO-N 1 : 1 | plans_ 1
23864-src.fleetctrl.pooling.batch.AlonsoMora.AlonsoMoraAssignment-INFO-N 2 : 1 | plans_ 1
23864-src.fleetctrl.pooling.batch.AlonsoMora.AlonsoMoraAssignment-INFO-N 3 : 0 | plans_ 0
23864-src.fleetctrl.pooling.batch.AlonsoMora.AlonsoMoraAssignment-INFO-Objective value at time 2220 for AM: -299613.4783552416
23864-src.fleetctrl.pooling.batch.AlonsoMora.AlonsoMoraAssignment-INFO-=========
23864-src.fleetctrl.pooling.batch.AlonsoMora.AlonsoMoraAssignment-INFO-OPT TIME 2220:
23864-src.fleetctrl.pooling.batch.AlonsoMora.AlonsoMoraAssignment-INFO-solution status 2
23864-src.fleetctrl.pooling.batch.AlonsoMora.AlonsoMoraAssignment-INFO-number solutions 1
23864-src.fleetctrl.pooling.batch.AlonsoMora.AlonsoMoraAssignment-INFO-number opt requests 1 | number revealed requests 1 | number active requests: 1
23864-src.fleetctrl.pooling.batch.AlonsoMora.AlonsoMoraAssignment-INFO-number rtv_objs: 1
23864-src.fleetctrl.pooling.batch.AlonsoMora.AlonsoMoraAssignment-INFO-OPT TIMES:sim_time;2220,setup;0.0015938282012939453,rr;0.0,rv;0.0,build;0.0,opt;0.0016100406646728516,all;0.003203868865966797
23864-src.fleetctrl.pooling.batch.AlonsoMora.AlonsoMoraAssignment-INFO-Opt stats at sim time 2220 : opt duration 0.003203868865966797 | res cfv -99882.80192818453
23864-src.fleetctrl.pooling.batch.AlonsoMora.AlonsoMoraAssignment-INFO-Number of rtv_keys in trees:
23864-src.fleetctrl.pooling.batch.AlonsoMora.AlonsoMoraAssignment-INFO-N 1 : 1 | plans_ 1
23864-src.fleetctrl.pooling.batch.AlonsoMora.AlonsoMoraAssignment-INFO-N 2 : 0 | plans_ 0
23864-src.fleetctrl.pooling.batch.AlonsoMora.AlonsoMoraAssignment-INFO-Objective value at time 2220 for AM: -99882.80192818453
23864-src.fleetctrl.pooling.batch.AlonsoMora.AlonsoMoraAssignment-INFO-=========
23864-src.fleetctrl.pooling.batch.AlonsoMora.AlonsoMoraAssignment-INFO-OPT TIME 2280:
23864-src.fleetctrl.pooling.batch.AlonsoMora.AlonsoMoraAssignment-INFO-solution status 2
23864-src.fleetctrl.pooling.batch.AlonsoMora.AlonsoMoraAssignment-INFO-number solutions 1
23864-src.fleetctrl.pooling.batch.AlonsoMora.AlonsoMoraAssignment-INFO-number opt requests 4 | number revealed requests 4 | number active requests: 4
23864-src.fleetctrl.pooling.batch.AlonsoMora.AlonsoMoraAssignment-INFO-number rtv_objs: 6
23864-src.fleetctrl.pooling.batch.AlonsoMora.AlonsoMoraAssignment-INFO-OPT TIMES:sim_time;2280,setup;0.0,rr;0.0,rv;0.03287911415100098,build;0.0,opt;0.0031080245971679688,all;0.035987138748168945
23864-src.fleetctrl.pooling.batch.AlonsoMora.AlonsoMoraAssignment-INFO-Opt stats at sim time 2280 : opt duration 0.035987138748168945 | res cfv -399493.664689825
23864-src.fleetctrl.pooling.batch.AlonsoMora.AlonsoMoraAssignment-INFO-Number of rtv_keys in trees:
23864-src.fleetctrl.pooling.batch.AlonsoMora.AlonsoMoraAssignment-INFO-N 1 : 4 | plans_ 4
23864-src.fleetctrl.pooling.batch.AlonsoMora.AlonsoMoraAssignment-INFO-N 2 : 2 | plans_ 2
23864-src.fleetctrl.pooling.batch.AlonsoMora.AlonsoMoraAssignment-INFO-N 3 : 0 | plans_ 0
23864-src.fleetctrl.pooling.batch.AlonsoMora.AlonsoMoraAssignment-INFO-Objective value at time 2280 for AM: -399493.664689825
23864-src.fleetctrl.pooling.batch.AlonsoMora.AlonsoMoraAssignment-INFO-=========
23864-src.fleetctrl.pooling.batch.AlonsoMora.AlonsoMoraAssignment-INFO-OPT TIME 2280:
23864-src.fleetctrl.pooling.batch.AlonsoMora.AlonsoMoraAssignment-INFO-solution status 2
23864-src.fleetctrl.pooling.batch.AlonsoMora.AlonsoMoraAssignment-INFO-number solutions 1
23864-src.fleetctrl.pooling.batch.AlonsoMora.AlonsoMoraAssignment-INFO-number opt requests 1 | number revealed requests 1 | number active requests: 1
23864-src.fleetctrl.pooling.batch.AlonsoMora.AlonsoMoraAssignment-INFO-number rtv_objs: 1
23864-src.fleetctrl.pooling.batch.AlonsoMora.AlonsoMoraAssignment-INFO-OPT TIMES:sim_time;2280,setup;0.0,rr;0.0,rv;0.0,build;0.0,opt;0.0032029151916503906,all;0.0032029151916503906
23864-src.fleetctrl.pooling.batch.AlonsoMora.AlonsoMoraAssignment-INFO-Opt stats at sim time 2280 : opt duration 0.0032029151916503906 | res cfv -99895.55312994124
23864-src.fleetctrl.pooling.batch.AlonsoMora.AlonsoMoraAssignment-INFO-Number of rtv_keys in trees:
23864-src.fleetctrl.pooling.batch.AlonsoMora.AlonsoMoraAssignment-INFO-N 1 : 1 | plans_ 1
23864-src.fleetctrl.pooling.batch.AlonsoMora.AlonsoMoraAssignment-INFO-N 2 : 0 | plans_ 0
23864-src.fleetctrl.pooling.batch.AlonsoMora.AlonsoMoraAssignment-INFO-Objective value at time 2280 for AM: -99895.55312994124
23864-src.fleetctrl.pooling.batch.AlonsoMora.AlonsoMoraAssignment-INFO-=========
23864-src.fleetctrl.pooling.batch.AlonsoMora.AlonsoMoraAssignment-INFO-OPT TIME 2340:
23864-src.fleetctrl.pooling.batch.AlonsoMora.AlonsoMoraAssignment-INFO-solution status 2
23864-src.fleetctrl.pooling.batch.AlonsoMora.AlonsoMoraAssignment-INFO-number solutions 1
23864-src.fleetctrl.pooling.batch.AlonsoMora.AlonsoMoraAssignment-INFO-number opt requests 2 | number revealed requests 2 | number active requests: 2
23864-src.fleetctrl.pooling.batch.AlonsoMora.AlonsoMoraAssignment-INFO-number rtv_objs: 4
23864-src.fleetctrl.pooling.batch.AlonsoMora.AlonsoMoraAssignment-INFO-OPT TIMES:sim_time;2340,setup;0.0,rr;0.0,rv;0.0,build;0.0,opt;0.0031290054321289062,all;0.0031290054321289062
23864-src.fleetctrl.pooling.batch.AlonsoMora.AlonsoMoraAssignment-INFO-Opt stats at sim time 2340 : opt duration 0.0031290054321289062 | res cfv -199755.3818223842
23864-src.fleetctrl.pooling.batch.AlonsoMora.AlonsoMoraAssignment-INFO-Number of rtv_keys in trees:
23864-src.fleetctrl.pooling.batch.AlonsoMora.AlonsoMoraAssignment-INFO-N 1 : 3 | plans_ 3
23864-src.fleetctrl.pooling.batch.AlonsoMora.AlonsoMoraAssignment-INFO-N 2 : 1 | plans_ 1
23864-src.fleetctrl.pooling.batch.AlonsoMora.AlonsoMoraAssignment-INFO-N 3 : 0 | plans_ 0
23864-src.fleetctrl.pooling.batch.AlonsoMora.AlonsoMoraAssignment-INFO-Objective value at time 2340 for AM: -199755.3818223842
23864-src.fleetctrl.pooling.batch.AlonsoMora.AlonsoMoraAssignment-INFO-=========
23864-src.fleetctrl.pooling.batch.AlonsoMora.AlonsoMoraAssignment-INFO-OPT TIME 2340:
23864-src.fleetctrl.pooling.batch.AlonsoMora.AlonsoMoraAssignment-INFO-solution status 2
23864-src.fleetctrl.pooling.batch.AlonsoMora.AlonsoMoraAssignment-INFO-number solutions 1
23864-src.fleetctrl.pooling.batch.AlonsoMora.AlonsoMoraAssignment-INFO-number opt requests 2 | number revealed requests 2 | number active requests: 2
23864-src.fleetctrl.pooling.batch.AlonsoMora.AlonsoMoraAssignment-INFO-number rtv_objs: 5
23864-src.fleetctrl.pooling.batch.AlonsoMora.AlonsoMoraAssignment-INFO-OPT TIMES:sim_time;2340,setup;0.0,rr;0.0,rv;0.04170536994934082,build;0.0047261714935302734,opt;0.003047943115234375,all;0.04947948455810547
23864-src.fleetctrl.pooling.batch.AlonsoMora.AlonsoMoraAssignment-INFO-Opt stats at sim time 2340 : opt duration 0.04947948455810547 | res cfv -199568.46781599004
23864-src.fleetctrl.pooling.batch.AlonsoMora.AlonsoMoraAssignment-INFO-Number of rtv_keys in trees:
23864-src.fleetctrl.pooling.batch.AlonsoMora.AlonsoMoraAssignment-INFO-N 1 : 4 | plans_ 4
23864-src.fleetctrl.pooling.batch.AlonsoMora.AlonsoMoraAssignment-INFO-N 2 : 1 | plans_ 1
23864-src.fleetctrl.pooling.batch.AlonsoMora.AlonsoMoraAssignment-INFO-Objective value at time 2340 for AM: -199568.46781599004
23864-src.fleetctrl.pooling.batch.AlonsoMora.AlonsoMoraAssignment-INFO-=========
23864-src.fleetctrl.pooling.batch.AlonsoMora.AlonsoMoraAssignment-INFO-OPT TIME 2400:
23864-src.fleetctrl.pooling.batch.AlonsoMora.AlonsoMoraAssignment-INFO-solution status 2
23864-src.fleetctrl.pooling.batch.AlonsoMora.AlonsoMoraAssignment-INFO-number solutions 1
23864-src.fleetctrl.pooling.batch.AlonsoMora.AlonsoMoraAssignment-INFO-number opt requests 2 | number revealed requests 2 | number active requests: 2
23864-src.fleetctrl.pooling.batch.AlonsoMora.AlonsoMoraAssignment-INFO-number rtv_objs: 6
23864-src.fleetctrl.pooling.batch.AlonsoMora.AlonsoMoraAssignment-INFO-OPT TIMES:sim_time;2400,setup;0.0,rr;0.0,rv;0.020442485809326172,build;0.0,opt;0.003475189208984375,all;0.023917675018310547
23864-src.fleetctrl.pooling.batch.AlonsoMora.AlonsoMoraAssignment-INFO-Opt stats at sim time 2400 : opt duration 0.023917675018310547 | res cfv -199730.4276910103
23864-src.fleetctrl.pooling.batch.AlonsoMora.AlonsoMoraAssignment-INFO-Number of rtv_keys in trees:
23864-src.fleetctrl.pooling.batch.AlonsoMora.AlonsoMoraAssignment-INFO-N 1 : 5 | plans_ 5
23864-src.fleetctrl.pooling.batch.AlonsoMora.AlonsoMoraAssignment-INFO-N 2 : 1 | plans_ 1
23864-src.fleetctrl.pooling.batch.AlonsoMora.AlonsoMoraAssignment-INFO-N 3 : 0 | plans_ 0
23864-src.fleetctrl.pooling.batch.AlonsoMora.AlonsoMoraAssignment-INFO-Objective value at time 2400 for AM: -199730.4276910103
23864-src.fleetctrl.pooling.batch.AlonsoMora.AlonsoMoraAssignment-INFO-=========
23864-src.fleetctrl.pooling.batch.AlonsoMora.AlonsoMoraAssignment-INFO-OPT TIME 2400:
23864-src.fleetctrl.pooling.batch.AlonsoMora.AlonsoMoraAssignment-INFO-solution status 2
23864-src.fleetctrl.pooling.batch.AlonsoMora.AlonsoMoraAssignment-INFO-number solutions 1
23864-src.fleetctrl.pooling.batch.AlonsoMora.AlonsoMoraAssignment-INFO-number opt requests 1 | number revealed requests 1 | number active requests: 1
23864-src.fleetctrl.pooling.batch.AlonsoMora.AlonsoMoraAssignment-INFO-number rtv_objs: 1
23864-src.fleetctrl.pooling.batch.AlonsoMora.AlonsoMoraAssignment-INFO-OPT TIMES:sim_time;2400,setup;0.0,rr;0.0,rv;0.0,build;0.0019533634185791016,opt;0.0015714168548583984,all;0.0035247802734375
23864-src.fleetctrl.pooling.batch.AlonsoMora.AlonsoMoraAssignment-INFO-Opt stats at sim time 2400 : opt duration 0.0035247802734375 | res cfv -99663.20048666312
23864-src.fleetctrl.pooling.batch.AlonsoMora.AlonsoMoraAssignment-INFO-Number of rtv_keys in trees:
23864-src.fleetctrl.pooling.batch.AlonsoMora.AlonsoMoraAssignment-INFO-N 1 : 1 | plans_ 1
23864-src.fleetctrl.pooling.batch.AlonsoMora.AlonsoMoraAssignment-INFO-N 2 : 0 | plans_ 0
23864-src.fleetctrl.pooling.batch.AlonsoMora.AlonsoMoraAssignment-INFO-Objective value at time 2400 for AM: -99663.20048666312
23864-src.fleetctrl.pooling.batch.AlonsoMora.AlonsoMoraAssignment-INFO-=========
23864-src.fleetctrl.pooling.batch.AlonsoMora.AlonsoMoraAssignment-INFO-OPT TIME 2460:
23864-src.fleetctrl.pooling.batch.AlonsoMora.AlonsoMoraAssignment-INFO-solution status 2
23864-src.fleetctrl.pooling.batch.AlonsoMora.AlonsoMoraAssignment-INFO-number solutions 1
23864-src.fleetctrl.pooling.batch.AlonsoMora.AlonsoMoraAssignment-INFO-number opt requests 3 | number revealed requests 3 | number active requests: 3
23864-src.fleetctrl.pooling.batch.AlonsoMora.AlonsoMoraAssignment-INFO-number rtv_objs: 6
23864-src.fleetctrl.pooling.batch.AlonsoMora.AlonsoMoraAssignment-INFO-OPT TIMES:sim_time;2460,setup;0.0,rr;0.0,rv;0.04106855392456055,build;0.01982402801513672,opt;0.002035856246948242,all;0.06292843818664551
23864-src.fleetctrl.pooling.batch.AlonsoMora.AlonsoMoraAssignment-INFO-Opt stats at sim time 2460 : opt duration 0.06292843818664551 | res cfv -299504.4072486692
23864-src.fleetctrl.pooling.batch.AlonsoMora.AlonsoMoraAssignment-INFO-Number of rtv_keys in trees:
23864-src.fleetctrl.pooling.batch.AlonsoMora.AlonsoMoraAssignment-INFO-N 1 : 5 | plans_ 5
23864-src.fleetctrl.pooling.batch.AlonsoMora.AlonsoMoraAssignment-INFO-N 2 : 1 | plans_ 1
23864-src.fleetctrl.pooling.batch.AlonsoMora.AlonsoMoraAssignment-INFO-N 3 : 0 | plans_ 0
23864-src.fleetctrl.pooling.batch.AlonsoMora.AlonsoMoraAssignment-INFO-Objective value at time 2460 for AM: -299504.4072486692
23864-src.fleetctrl.pooling.batch.AlonsoMora.AlonsoMoraAssignment-INFO-=========
23864-src.fleetctrl.pooling.batch.AlonsoMora.AlonsoMoraAssignment-INFO-OPT TIME 2460:
23864-src.fleetctrl.pooling.batch.AlonsoMora.AlonsoMoraAssignment-INFO-solution status 2
23864-src.fleetctrl.pooling.batch.AlonsoMora.AlonsoMoraAssignment-INFO-number solutions 1
23864-src.fleetctrl.pooling.batch.AlonsoMora.AlonsoMoraAssignment-INFO-number opt requests 1 | number revealed requests 1 | number active requests: 1
23864-src.fleetctrl.pooling.batch.AlonsoMora.AlonsoMoraAssignment-INFO-number rtv_objs: 1
23864-src.fleetctrl.pooling.batch.AlonsoMora.AlonsoMoraAssignment-INFO-OPT TIMES:sim_time;2460,setup;0.0,rr;0.0,rv;0.0,build;0.0,opt;0.002537965774536133,all;0.002537965774536133
23864-src.fleetctrl.pooling.batch.AlonsoMora.AlonsoMoraAssignment-INFO-Opt stats at sim time 2460 : opt duration 0.002537965774536133 | res cfv -99677.41536577117
23864-src.fleetctrl.pooling.batch.AlonsoMora.AlonsoMoraAssignment-INFO-Number of rtv_keys in trees:
23864-src.fleetctrl.pooling.batch.AlonsoMora.AlonsoMoraAssignment-INFO-N 1 : 1 | plans_ 1
23864-src.fleetctrl.pooling.batch.AlonsoMora.AlonsoMoraAssignment-INFO-N 2 : 0 | plans_ 0
23864-src.fleetctrl.pooling.batch.AlonsoMora.AlonsoMoraAssignment-INFO-Objective value at time 2460 for AM: -99677.41536577117
23864-src.fleetctrl.pooling.batch.AlonsoMora.AlonsoMoraAssignment-INFO-=========
23864-src.fleetctrl.pooling.batch.AlonsoMora.AlonsoMoraAssignment-INFO-OPT TIME 2520:
23864-src.fleetctrl.pooling.batch.AlonsoMora.AlonsoMoraAssignment-INFO-solution status 2
23864-src.fleetctrl.pooling.batch.AlonsoMora.AlonsoMoraAssignment-INFO-number solutions 1
23864-src.fleetctrl.pooling.batch.AlonsoMora.AlonsoMoraAssignment-INFO-number opt requests 4 | number revealed requests 4 | number active requests: 4
23864-src.fleetctrl.pooling.batch.AlonsoMora.AlonsoMoraAssignment-INFO-number rtv_objs: 7
23864-src.fleetctrl.pooling.batch.AlonsoMora.AlonsoMoraAssignment-INFO-OPT TIMES:sim_time;2520,setup;0.0,rr;0.0,rv;0.03943586349487305,build;0.03313255310058594,opt;0.0015606880187988281,all;0.07412910461425781
23864-src.fleetctrl.pooling.batch.AlonsoMora.AlonsoMoraAssignment-INFO-Opt stats at sim time 2520 : opt duration 0.07412910461425781 | res cfv -399419.2634962576
23864-src.fleetctrl.pooling.batch.AlonsoMora.AlonsoMoraAssignment-INFO-Number of rtv_keys in trees:
23864-src.fleetctrl.pooling.batch.AlonsoMora.AlonsoMoraAssignment-INFO-N 1 : 5 | plans_ 5
23864-src.fleetctrl.pooling.batch.AlonsoMora.AlonsoMoraAssignment-INFO-N 2 : 2 | plans_ 2
23864-src.fleetctrl.pooling.batch.AlonsoMora.AlonsoMoraAssignment-INFO-N 3 : 0 | plans_ 0
23864-src.fleetctrl.pooling.batch.AlonsoMora.AlonsoMoraAssignment-INFO-Objective value at time 2520 for AM: -399419.2634962576
23864-src.fleetctrl.pooling.batch.AlonsoMora.AlonsoMoraAssignment-INFO-=========
23864-src.fleetctrl.pooling.batch.AlonsoMora.AlonsoMoraAssignment-INFO-OPT TIME 2520:
23864-src.fleetctrl.pooling.batch.AlonsoMora.AlonsoMoraAssignment-INFO-solution status 2
23864-src.fleetctrl.pooling.batch.AlonsoMora.AlonsoMoraAssignment-INFO-number solutions 1
23864-src.fleetctrl.pooling.batch.AlonsoMora.AlonsoMoraAssignment-INFO-number opt requests 1 | number revealed requests 1 | number active requests: 1
23864-src.fleetctrl.pooling.batch.AlonsoMora.AlonsoMoraAssignment-INFO-number rtv_objs: 1
23864-src.fleetctrl.pooling.batch.AlonsoMora.AlonsoMoraAssignment-INFO-OPT TIMES:sim_time;2520,setup;0.0,rr;0.0,rv;0.0,build;0.0,opt;0.0032007694244384766,all;0.0032007694244384766
23864-src.fleetctrl.pooling.batch.AlonsoMora.AlonsoMoraAssignment-INFO-Opt stats at sim time 2520 : opt duration 0.0032007694244384766 | res cfv -99698.24869910452
23864-src.fleetctrl.pooling.batch.AlonsoMora.AlonsoMoraAssignment-INFO-Number of rtv_keys in trees:
23864-src.fleetctrl.pooling.batch.AlonsoMora.AlonsoMoraAssignment-INFO-N 1 : 1 | plans_ 1
23864-src.fleetctrl.pooling.batch.AlonsoMora.AlonsoMoraAssignment-INFO-N 2 : 0 | plans_ 0
23864-src.fleetctrl.pooling.batch.AlonsoMora.AlonsoMoraAssignment-INFO-Objective value at time 2520 for AM: -99698.24869910452
23864-src.fleetctrl.pooling.batch.AlonsoMora.AlonsoMoraAssignment-INFO-=========
23864-src.fleetctrl.pooling.batch.AlonsoMora.AlonsoMoraAssignment-INFO-OPT TIME 2580:
23864-src.fleetctrl.pooling.batch.AlonsoMora.AlonsoMoraAssignment-INFO-solution status 2
23864-src.fleetctrl.pooling.batch.AlonsoMora.AlonsoMoraAssignment-INFO-number solutions 1
23864-src.fleetctrl.pooling.batch.AlonsoMora.AlonsoMoraAssignment-INFO-number opt requests 4 | number revealed requests 4 | number active requests: 4
23864-src.fleetctrl.pooling.batch.AlonsoMora.AlonsoMoraAssignment-INFO-number rtv_objs: 10
23864-src.fleetctrl.pooling.batch.AlonsoMora.AlonsoMoraAssignment-INFO-OPT TIMES:sim_time;2580,setup;0.0,rr;0.0,rv;0.040161848068237305,build;0.01349782943725586,opt;0.004221200942993164,all;0.05788087844848633
23864-src.fleetctrl.pooling.batch.AlonsoMora.AlonsoMoraAssignment-INFO-Opt stats at sim time 2580 : opt duration 0.05788087844848633 | res cfv -399385.1625885742
23864-src.fleetctrl.pooling.batch.AlonsoMora.AlonsoMoraAssignment-INFO-Number of rtv_keys in trees:
23864-src.fleetctrl.pooling.batch.AlonsoMora.AlonsoMoraAssignment-INFO-N 1 : 6 | plans_ 6
23864-src.fleetctrl.pooling.batch.AlonsoMora.AlonsoMoraAssignment-INFO-N 2 : 3 | plans_ 4
23864-src.fleetctrl.pooling.batch.AlonsoMora.AlonsoMoraAssignment-INFO-N 3 : 1 | plans_ 1
23864-src.fleetctrl.pooling.batch.AlonsoMora.AlonsoMoraAssignment-INFO-Objective value at time 2580 for AM: -399385.1625885742
23864-src.fleetctrl.pooling.batch.AlonsoMora.AlonsoMoraAssignment-INFO-=========
23864-src.fleetctrl.pooling.batch.AlonsoMora.AlonsoMoraAssignment-INFO-OPT TIME 2580:
23864-src.fleetctrl.pooling.batch.AlonsoMora.AlonsoMoraAssignment-INFO-solution status 2
23864-src.fleetctrl.pooling.batch.AlonsoMora.AlonsoMoraAssignment-INFO-number solutions 1
23864-src.fleetctrl.pooling.batch.AlonsoMora.AlonsoMoraAssignment-INFO-number opt requests 1 | number revealed requests 1 | number active requests: 1
23864-src.fleetctrl.pooling.batch.AlonsoMora.AlonsoMoraAssignment-INFO-number rtv_objs: 1
23864-src.fleetctrl.pooling.batch.AlonsoMora.AlonsoMoraAssignment-INFO-OPT TIMES:sim_time;2580,setup;0.0,rr;0.0,rv;0.0,build;0.0,opt;0.0031354427337646484,all;0.0031354427337646484
23864-src.fleetctrl.pooling.batch.AlonsoMora.AlonsoMoraAssignment-INFO-Opt stats at sim time 2580 : opt duration 0.0031354427337646484 | res cfv -99710.15398531477
23864-src.fleetctrl.pooling.batch.AlonsoMora.AlonsoMoraAssignment-INFO-Number of rtv_keys in trees:
23864-src.fleetctrl.pooling.batch.AlonsoMora.AlonsoMoraAssignment-INFO-N 1 : 1 | plans_ 1
23864-src.fleetctrl.pooling.batch.AlonsoMora.AlonsoMoraAssignment-INFO-N 2 : 0 | plans_ 0
23864-src.fleetctrl.pooling.batch.AlonsoMora.AlonsoMoraAssignment-INFO-Objective value at time 2580 for AM: -99710.15398531477
23864-src.fleetctrl.pooling.batch.AlonsoMora.AlonsoMoraAssignment-INFO-=========
23864-src.fleetctrl.pooling.batch.AlonsoMora.AlonsoMoraAssignment-INFO-OPT TIME 2640:
23864-src.fleetctrl.pooling.batch.AlonsoMora.AlonsoMoraAssignment-INFO-solution status 2
23864-src.fleetctrl.pooling.batch.AlonsoMora.AlonsoMoraAssignment-INFO-number solutions 1
23864-src.fleetctrl.pooling.batch.AlonsoMora.AlonsoMoraAssignment-INFO-number opt requests 3 | number revealed requests 3 | number active requests: 3
23864-src.fleetctrl.pooling.batch.AlonsoMora.AlonsoMoraAssignment-INFO-number rtv_objs: 5
23864-src.fleetctrl.pooling.batch.AlonsoMora.AlonsoMoraAssignment-INFO-OPT TIMES:sim_time;2640,setup;0.0010263919830322266,rr;0.0,rv;0.0,build;0.0005078315734863281,opt;0.0030465126037597656,all;0.00458073616027832
23864-src.fleetctrl.pooling.batch.AlonsoMora.AlonsoMoraAssignment-INFO-Opt stats at sim time 2640 : opt duration 0.00458073616027832 | res cfv -299506.27010977216
23864-src.fleetctrl.pooling.batch.AlonsoMora.AlonsoMoraAssignment-INFO-Number of rtv_keys in trees:
23864-src.fleetctrl.pooling.batch.AlonsoMora.AlonsoMoraAssignment-INFO-N 1 : 4 | plans_ 4
23864-src.fleetctrl.pooling.batch.AlonsoMora.AlonsoMoraAssignment-INFO-N 2 : 1 | plans_ 1
23864-src.fleetctrl.pooling.batch.AlonsoMora.AlonsoMoraAssignment-INFO-N 3 : 0 | plans_ 0
23864-src.fleetctrl.pooling.batch.AlonsoMora.AlonsoMoraAssignment-INFO-Objective value at time 2640 for AM: -299506.27010977216
23864-src.fleetctrl.pooling.batch.AlonsoMora.AlonsoMoraAssignment-INFO-=========
23864-src.fleetctrl.pooling.batch.AlonsoMora.AlonsoMoraAssignment-INFO-OPT TIME 2640:
23864-src.fleetctrl.pooling.batch.AlonsoMora.AlonsoMoraAssignment-INFO-solution status 2
23864-src.fleetctrl.pooling.batch.AlonsoMora.AlonsoMoraAssignment-INFO-number solutions 1
23864-src.fleetctrl.pooling.batch.AlonsoMora.AlonsoMoraAssignment-INFO-number opt requests 1 | number revealed requests 1 | number active requests: 1
23864-src.fleetctrl.pooling.batch.AlonsoMora.AlonsoMoraAssignment-INFO-number rtv_objs: 1
23864-src.fleetctrl.pooling.batch.AlonsoMora.AlonsoMoraAssignment-INFO-OPT TIMES:sim_time;2640,setup;0.0,rr;0.0,rv;0.0,build;0.0,opt;0.0025556087493896484,all;0.0025556087493896484
23864-src.fleetctrl.pooling.batch.AlonsoMora.AlonsoMoraAssignment-INFO-Opt stats at sim time 2640 : opt duration 0.0025556087493896484 | res cfv -99721.57716577117
23864-src.fleetctrl.pooling.batch.AlonsoMora.AlonsoMoraAssignment-INFO-Number of rtv_keys in trees:
23864-src.fleetctrl.pooling.batch.AlonsoMora.AlonsoMoraAssignment-INFO-N 1 : 1 | plans_ 1
23864-src.fleetctrl.pooling.batch.AlonsoMora.AlonsoMoraAssignment-INFO-N 2 : 0 | plans_ 0
23864-src.fleetctrl.pooling.batch.AlonsoMora.AlonsoMoraAssignment-INFO-Objective value at time 2640 for AM: -99721.57716577117
23864-src.fleetctrl.pooling.batch.AlonsoMora.AlonsoMoraAssignment-INFO-=========
23864-src.fleetctrl.pooling.batch.AlonsoMora.AlonsoMoraAssignment-INFO-OPT TIME 2700:
23864-src.fleetctrl.pooling.batch.AlonsoMora.AlonsoMoraAssignment-INFO-solution status 2
23864-src.fleetctrl.pooling.batch.AlonsoMora.AlonsoMoraAssignment-INFO-number solutions 1
23864-src.fleetctrl.pooling.batch.AlonsoMora.AlonsoMoraAssignment-INFO-number opt requests 4 | number revealed requests 4 | number active requests: 4
23864-src.fleetctrl.pooling.batch.AlonsoMora.AlonsoMoraAssignment-INFO-number rtv_objs: 11
23864-src.fleetctrl.pooling.batch.AlonsoMora.AlonsoMoraAssignment-INFO-OPT TIMES:sim_time;2700,setup;0.0,rr;0.0,rv;0.04285717010498047,build;0.018674612045288086,opt;0.003036022186279297,all;0.06456780433654785
23864-src.fleetctrl.pooling.batch.AlonsoMora.AlonsoMoraAssignment-INFO-Opt stats at sim time 2700 : opt duration 0.06456780433654785 | res cfv -399311.75742824364
23864-src.fleetctrl.pooling.batch.AlonsoMora.AlonsoMoraAssignment-INFO-Number of rtv_keys in trees:
23864-src.fleetctrl.pooling.batch.AlonsoMora.AlonsoMoraAssignment-INFO-N 1 : 6 | plans_ 6
23864-src.fleetctrl.pooling.batch.AlonsoMora.AlonsoMoraAssignment-INFO-N 2 : 4 | plans_ 6
23864-src.fleetctrl.pooling.batch.AlonsoMora.AlonsoMoraAssignment-INFO-N 3 : 1 | plans_ 4
23864-src.fleetctrl.pooling.batch.AlonsoMora.AlonsoMoraAssignment-INFO-Objective value at time 2700 for AM: -399311.75742824364
23864-src.fleetctrl.pooling.batch.AlonsoMora.AlonsoMoraAssignment-INFO-=========
23864-src.fleetctrl.pooling.batch.AlonsoMora.AlonsoMoraAssignment-INFO-OPT TIME 2700:
23864-src.fleetctrl.pooling.batch.AlonsoMora.AlonsoMoraAssignment-INFO-solution status 2
23864-src.fleetctrl.pooling.batch.AlonsoMora.AlonsoMoraAssignment-INFO-number solutions 1
23864-src.fleetctrl.pooling.batch.AlonsoMora.AlonsoMoraAssignment-INFO-number opt requests 1 | number revealed requests 1 | number active requests: 1
23864-src.fleetctrl.pooling.batch.AlonsoMora.AlonsoMoraAssignment-INFO-number rtv_objs: 1
23864-src.fleetctrl.pooling.batch.AlonsoMora.AlonsoMoraAssignment-INFO-OPT TIMES:sim_time;2700,setup;0.0,rr;0.0,rv;0.0,build;0.0010075569152832031,opt;0.002012968063354492,all;0.0030205249786376953
23864-src.fleetctrl.pooling.batch.AlonsoMora.AlonsoMoraAssignment-INFO-Opt stats at sim time 2700 : opt duration 0.0030205249786376953 | res cfv -99742.41049910452
23864-src.fleetctrl.pooling.batch.AlonsoMora.AlonsoMoraAssignment-INFO-Number of rtv_keys in trees:
23864-src.fleetctrl.pooling.batch.AlonsoMora.AlonsoMoraAssignment-INFO-N 1 : 1 | plans_ 1
23864-src.fleetctrl.pooling.batch.AlonsoMora.AlonsoMoraAssignment-INFO-N 2 : 0 | plans_ 0
23864-src.fleetctrl.pooling.batch.AlonsoMora.AlonsoMoraAssignment-INFO-Objective value at time 2700 for AM: -99742.41049910452
23864-src.fleetctrl.pooling.batch.AlonsoMora.AlonsoMoraAssignment-INFO-=========
23864-src.fleetctrl.pooling.batch.AlonsoMora.AlonsoMoraAssignment-INFO-OPT TIME 2760:
23864-src.fleetctrl.pooling.batch.AlonsoMora.AlonsoMoraAssignment-INFO-solution status 2
23864-src.fleetctrl.pooling.batch.AlonsoMora.AlonsoMoraAssignment-INFO-number solutions 2
23864-src.fleetctrl.pooling.batch.AlonsoMora.AlonsoMoraAssignment-INFO-number opt requests 5 | number revealed requests 5 | number active requests: 5
23864-src.fleetctrl.pooling.batch.AlonsoMora.AlonsoMoraAssignment-INFO-number rtv_objs: 12
23864-src.fleetctrl.pooling.batch.AlonsoMora.AlonsoMoraAssignment-INFO-OPT TIMES:sim_time;2760,setup;0.0,rr;0.0,rv;0.03794527053833008,build;0.0033445358276367188,opt;0.0037457942962646484,all;0.045035600662231445
23864-src.fleetctrl.pooling.batch.AlonsoMora.AlonsoMoraAssignment-INFO-Opt stats at sim time 2760 : opt duration 0.045035600662231445 | res cfv -499205.16590971674
23864-src.fleetctrl.pooling.batch.AlonsoMora.AlonsoMoraAssignment-INFO-Number of rtv_keys in trees:
23864-src.fleetctrl.pooling.batch.AlonsoMora.AlonsoMoraAssignment-INFO-N 1 : 6 | plans_ 6
23864-src.fleetctrl.pooling.batch.AlonsoMora.AlonsoMoraAssignment-INFO-N 2 : 3 | plans_ 3
23864-src.fleetctrl.pooling.batch.AlonsoMora.AlonsoMoraAssignment-INFO-N 3 : 2 | plans_ 3
23864-src.fleetctrl.pooling.batch.AlonsoMora.AlonsoMoraAssignment-INFO-N 4 : 1 | plans_ 1
23864-src.fleetctrl.pooling.batch.AlonsoMora.AlonsoMoraAssignment-INFO-Objective value at time 2760 for AM: -499205.16590971674
23864-src.fleetctrl.pooling.batch.AlonsoMora.AlonsoMoraAssignment-INFO-=========
23864-src.fleetctrl.pooling.batch.AlonsoMora.AlonsoMoraAssignment-INFO-OPT TIME 2760:
23864-src.fleetctrl.pooling.batch.AlonsoMora.AlonsoMoraAssignment-INFO-solution status 2
23864-src.fleetctrl.pooling.batch.AlonsoMora.AlonsoMoraAssignment-INFO-number solutions 1
23864-src.fleetctrl.pooling.batch.AlonsoMora.AlonsoMoraAssignment-INFO-number opt requests 1 | number revealed requests 1 | number active requests: 1
23864-src.fleetctrl.pooling.batch.AlonsoMora.AlonsoMoraAssignment-INFO-number rtv_objs: 1
23864-src.fleetctrl.pooling.batch.AlonsoMora.AlonsoMoraAssignment-INFO-OPT TIMES:sim_time;2760,setup;0.0,rr;0.0,rv;0.0,build;0.0,opt;0.0025589466094970703,all;0.0025589466094970703
23864-src.fleetctrl.pooling.batch.AlonsoMora.AlonsoMoraAssignment-INFO-Opt stats at sim time 2760 : opt duration 0.0025589466094970703 | res cfv -99756.92830666312
23864-src.fleetctrl.pooling.batch.AlonsoMora.AlonsoMoraAssignment-INFO-Number of rtv_keys in trees:
23864-src.fleetctrl.pooling.batch.AlonsoMora.AlonsoMoraAssignment-INFO-N 1 : 1 | plans_ 1
23864-src.fleetctrl.pooling.batch.AlonsoMora.AlonsoMoraAssignment-INFO-N 2 : 0 | plans_ 0
23864-src.fleetctrl.pooling.batch.AlonsoMora.AlonsoMoraAssignment-INFO-Objective value at time 2760 for AM: -99756.92830666312
23864-src.fleetctrl.pooling.batch.AlonsoMora.AlonsoMoraAssignment-INFO-=========
23864-src.fleetctrl.pooling.batch.AlonsoMora.AlonsoMoraAssignment-INFO-OPT TIME 2820:
23864-src.fleetctrl.pooling.batch.AlonsoMora.AlonsoMoraAssignment-INFO-solution status 2
23864-src.fleetctrl.pooling.batch.AlonsoMora.AlonsoMoraAssignment-INFO-number solutions 1
23864-src.fleetctrl.pooling.batch.AlonsoMora.AlonsoMoraAssignment-INFO-number opt requests 4 | number revealed requests 4 | number active requests: 4
23864-src.fleetctrl.pooling.batch.AlonsoMora.AlonsoMoraAssignment-INFO-number rtv_objs: 5
23864-src.fleetctrl.pooling.batch.AlonsoMora.AlonsoMoraAssignment-INFO-OPT TIMES:sim_time;2820,setup;0.0,rr;0.0,rv;0.0,build;0.002019643783569336,opt;0.003036975860595703,all;0.005056619644165039
23864-src.fleetctrl.pooling.batch.AlonsoMora.AlonsoMoraAssignment-INFO-Opt stats at sim time 2820 : opt duration 0.005056619644165039 | res cfv -399324.8444742825
23864-src.fleetctrl.pooling.batch.AlonsoMora.AlonsoMoraAssignment-INFO-Number of rtv_keys in trees:
23864-src.fleetctrl.pooling.batch.AlonsoMora.AlonsoMoraAssignment-INFO-N 1 : 2 | plans_ 2
23864-src.fleetctrl.pooling.batch.AlonsoMora.AlonsoMoraAssignment-INFO-N 2 : 2 | plans_ 2
23864-src.fleetctrl.pooling.batch.AlonsoMora.AlonsoMoraAssignment-INFO-N 3 : 1 | plans_ 1
23864-src.fleetctrl.pooling.batch.AlonsoMora.AlonsoMoraAssignment-INFO-N 4 : 0 | plans_ 0
23864-src.fleetctrl.pooling.batch.AlonsoMora.AlonsoMoraAssignment-INFO-Objective value at time 2820 for AM: -399324.8444742825
23864-src.fleetctrl.pooling.batch.AlonsoMora.AlonsoMoraAssignment-INFO-=========
23864-src.fleetctrl.pooling.batch.AlonsoMora.AlonsoMoraAssignment-INFO-OPT TIME 2820:
23864-src.fleetctrl.pooling.batch.AlonsoMora.AlonsoMoraAssignment-INFO-solution status 2
23864-src.fleetctrl.pooling.batch.AlonsoMora.AlonsoMoraAssignment-INFO-number solutions 1
23864-src.fleetctrl.pooling.batch.AlonsoMora.AlonsoMoraAssignment-INFO-number opt requests 1 | number revealed requests 1 | number active requests: 1
23864-src.fleetctrl.pooling.batch.AlonsoMora.AlonsoMoraAssignment-INFO-number rtv_objs: 1
23864-src.fleetctrl.pooling.batch.AlonsoMora.AlonsoMoraAssignment-INFO-OPT TIMES:sim_time;2820,setup;0.0,rr;0.0,rv;0.0,build;0.0,opt;0.00202178955078125,all;0.00202178955078125
23864-src.fleetctrl.pooling.batch.AlonsoMora.AlonsoMoraAssignment-INFO-Opt stats at sim time 2820 : opt duration 0.00202178955078125 | res cfv -99769.42830666312
23864-src.fleetctrl.pooling.batch.AlonsoMora.AlonsoMoraAssignment-INFO-Number of rtv_keys in trees:
23864-src.fleetctrl.pooling.batch.AlonsoMora.AlonsoMoraAssignment-INFO-N 1 : 1 | plans_ 1
23864-src.fleetctrl.pooling.batch.AlonsoMora.AlonsoMoraAssignment-INFO-N 2 : 0 | plans_ 0
23864-src.fleetctrl.pooling.batch.AlonsoMora.AlonsoMoraAssignment-INFO-Objective value at time 2820 for AM: -99769.42830666312
23864-src.fleetctrl.pooling.batch.AlonsoMora.AlonsoMoraAssignment-INFO-=========
23864-src.fleetctrl.pooling.batch.AlonsoMora.AlonsoMoraAssignment-INFO-OPT TIME 2880:
23864-src.fleetctrl.pooling.batch.AlonsoMora.AlonsoMoraAssignment-INFO-solution status 2
23864-src.fleetctrl.pooling.batch.AlonsoMora.AlonsoMoraAssignment-INFO-number solutions 1
23864-src.fleetctrl.pooling.batch.AlonsoMora.AlonsoMoraAssignment-INFO-number opt requests 5 | number revealed requests 5 | number active requests: 5
23864-src.fleetctrl.pooling.batch.AlonsoMora.AlonsoMoraAssignment-INFO-number rtv_objs: 11
23864-src.fleetctrl.pooling.batch.AlonsoMora.AlonsoMoraAssignment-INFO-OPT TIMES:sim_time;2880,setup;0.0,rr;0.0,rv;0.08157634735107422,build;0.019134998321533203,opt;0.003537416458129883,all;0.1042487621307373
23864-src.fleetctrl.pooling.batch.AlonsoMora.AlonsoMoraAssignment-INFO-Opt stats at sim time 2880 : opt duration 0.1042487621307373 | res cfv -498758.8846058286
23864-src.fleetctrl.pooling.batch.AlonsoMora.AlonsoMoraAssignment-INFO-Number of rtv_keys in trees:
23864-src.fleetctrl.pooling.batch.AlonsoMora.AlonsoMoraAssignment-INFO-N 1 : 8 | plans_ 8
23864-src.fleetctrl.pooling.batch.AlonsoMora.AlonsoMoraAssignment-INFO-N 2 : 1 | plans_ 1
23864-src.fleetctrl.pooling.batch.AlonsoMora.AlonsoMoraAssignment-INFO-N 3 : 2 | plans_ 2
23864-src.fleetctrl.pooling.batch.AlonsoMora.AlonsoMoraAssignment-INFO-N 4 : 0 | plans_ 0
23864-src.fleetctrl.pooling.batch.AlonsoMora.AlonsoMoraAssignment-INFO-Objective value at time 2880 for AM: -498758.8846058286
23864-src.fleetctrl.pooling.batch.AlonsoMora.AlonsoMoraAssignment-INFO-=========
23864-src.fleetctrl.pooling.batch.AlonsoMora.AlonsoMoraAssignment-INFO-OPT TIME 2880:
23864-src.fleetctrl.pooling.batch.AlonsoMora.AlonsoMoraAssignment-INFO-solution status 2
23864-src.fleetctrl.pooling.batch.AlonsoMora.AlonsoMoraAssignment-INFO-number solutions 1
23864-src.fleetctrl.pooling.batch.AlonsoMora.AlonsoMoraAssignment-INFO-number opt requests 0 | number revealed requests 0 | number active requests: 0
23864-src.fleetctrl.pooling.batch.AlonsoMora.AlonsoMoraAssignment-INFO-number rtv_objs: 0
23864-src.fleetctrl.pooling.batch.AlonsoMora.AlonsoMoraAssignment-INFO-OPT TIMES:sim_time;2880,setup;0.0,rr;0.0,rv;0.0,build;0.0,opt;0.0030260086059570312,all;0.0030260086059570312
23864-src.fleetctrl.pooling.batch.AlonsoMora.AlonsoMoraAssignment-INFO-Opt stats at sim time 2880 : opt duration 0.0030260086059570312 | res cfv 0
23864-src.fleetctrl.pooling.batch.AlonsoMora.AlonsoMoraAssignment-INFO-Number of rtv_keys in trees:
23864-src.fleetctrl.pooling.batch.AlonsoMora.AlonsoMoraAssignment-INFO-N 1 : 0 | plans_ 0
23864-src.fleetctrl.pooling.batch.AlonsoMora.AlonsoMoraAssignment-INFO-N 2 : 0 | plans_ 0
23864-src.fleetctrl.pooling.batch.AlonsoMora.AlonsoMoraAssignment-INFO-Objective value at time 2880 for AM: 0
23864-src.fleetctrl.pooling.batch.AlonsoMora.AlonsoMoraAssignment-INFO-=========
23864-src.fleetctrl.pooling.batch.AlonsoMora.AlonsoMoraAssignment-INFO-OPT TIME 2940:
23864-src.fleetctrl.pooling.batch.AlonsoMora.AlonsoMoraAssignment-INFO-solution status 2
23864-src.fleetctrl.pooling.batch.AlonsoMora.AlonsoMoraAssignment-INFO-number solutions 1
23864-src.fleetctrl.pooling.batch.AlonsoMora.AlonsoMoraAssignment-INFO-number opt requests 5 | number revealed requests 5 | number active requests: 5
23864-src.fleetctrl.pooling.batch.AlonsoMora.AlonsoMoraAssignment-INFO-number rtv_objs: 8
23864-src.fleetctrl.pooling.batch.AlonsoMora.AlonsoMoraAssignment-INFO-OPT TIMES:sim_time;2940,setup;0.0,rr;0.0,rv;0.0,build;0.02107977867126465,opt;0.002922534942626953,all;0.0240023136138916
23864-src.fleetctrl.pooling.batch.AlonsoMora.AlonsoMoraAssignment-INFO-Opt stats at sim time 2940 : opt duration 0.0240023136138916 | res cfv -498805.83907432493
23864-src.fleetctrl.pooling.batch.AlonsoMora.AlonsoMoraAssignment-INFO-Number of rtv_keys in trees:
23864-src.fleetctrl.pooling.batch.AlonsoMora.AlonsoMoraAssignment-INFO-N 1 : 5 | plans_ 5
23864-src.fleetctrl.pooling.batch.AlonsoMora.AlonsoMoraAssignment-INFO-N 2 : 1 | plans_ 1
23864-src.fleetctrl.pooling.batch.AlonsoMora.AlonsoMoraAssignment-INFO-N 3 : 2 | plans_ 2
23864-src.fleetctrl.pooling.batch.AlonsoMora.AlonsoMoraAssignment-INFO-N 4 : 0 | plans_ 0
23864-src.fleetctrl.pooling.batch.AlonsoMora.AlonsoMoraAssignment-INFO-Objective value at time 2940 for AM: -498805.83907432493
23864-src.fleetctrl.pooling.batch.AlonsoMora.AlonsoMoraAssignment-INFO-=========
23864-src.fleetctrl.pooling.batch.AlonsoMora.AlonsoMoraAssignment-INFO-OPT TIME 2940:
23864-src.fleetctrl.pooling.batch.AlonsoMora.AlonsoMoraAssignment-INFO-solution status 2
23864-src.fleetctrl.pooling.batch.AlonsoMora.AlonsoMoraAssignment-INFO-number solutions 1
23864-src.fleetctrl.pooling.batch.AlonsoMora.AlonsoMoraAssignment-INFO-number opt requests 1 | number revealed requests 1 | number active requests: 1
23864-src.fleetctrl.pooling.batch.AlonsoMora.AlonsoMoraAssignment-INFO-number rtv_objs: 5
23864-src.fleetctrl.pooling.batch.AlonsoMora.AlonsoMoraAssignment-INFO-OPT TIMES:sim_time;2940,setup;0.0010058879852294922,rr;0.0,rv;0.03934001922607422,build;0.0005068778991699219,opt;0.0030329227447509766,all;0.04388570785522461
23864-src.fleetctrl.pooling.batch.AlonsoMora.AlonsoMoraAssignment-INFO-Opt stats at sim time 2940 : opt duration 0.04388570785522461 | res cfv -99684.55291286549
23864-src.fleetctrl.pooling.batch.AlonsoMora.AlonsoMoraAssignment-INFO-Number of rtv_keys in trees:
23864-src.fleetctrl.pooling.batch.AlonsoMora.AlonsoMoraAssignment-INFO-N 1 : 5 | plans_ 5
23864-src.fleetctrl.pooling.batch.AlonsoMora.AlonsoMoraAssignment-INFO-N 2 : 0 | plans_ 0
23864-src.fleetctrl.pooling.batch.AlonsoMora.AlonsoMoraAssignment-INFO-Objective value at time 2940 for AM: -99684.55291286549
23864-src.fleetctrl.pooling.batch.AlonsoMora.AlonsoMoraAssignment-INFO-=========
23864-src.fleetctrl.pooling.batch.AlonsoMora.AlonsoMoraAssignment-INFO-OPT TIME 3000:
23864-src.fleetctrl.pooling.batch.AlonsoMora.AlonsoMoraAssignment-INFO-solution status 2
23864-src.fleetctrl.pooling.batch.AlonsoMora.AlonsoMoraAssignment-INFO-number solutions 1
23864-src.fleetctrl.pooling.batch.AlonsoMora.AlonsoMoraAssignment-INFO-number opt requests 5 | number revealed requests 5 | number active requests: 5
23864-src.fleetctrl.pooling.batch.AlonsoMora.AlonsoMoraAssignment-INFO-number rtv_objs: 10
23864-src.fleetctrl.pooling.batch.AlonsoMora.AlonsoMoraAssignment-INFO-OPT TIMES:sim_time;3000,setup;0.0,rr;0.0,rv;0.017284870147705078,build;0.013176918029785156,opt;0.0025703907012939453,all;0.03303217887878418
23864-src.fleetctrl.pooling.batch.AlonsoMora.AlonsoMoraAssignment-INFO-Opt stats at sim time 3000 : opt duration 0.03303217887878418 | res cfv -498929.2642594809
23864-src.fleetctrl.pooling.batch.AlonsoMora.AlonsoMoraAssignment-INFO-Number of rtv_keys in trees:
23864-src.fleetctrl.pooling.batch.AlonsoMora.AlonsoMoraAssignment-INFO-N 1 : 8 | plans_ 8
23864-src.fleetctrl.pooling.batch.AlonsoMora.AlonsoMoraAssignment-INFO-N 2 : 1 | plans_ 1
23864-src.fleetctrl.pooling.batch.AlonsoMora.AlonsoMoraAssignment-INFO-N 3 : 1 | plans_ 1
23864-src.fleetctrl.pooling.batch.AlonsoMora.AlonsoMoraAssignment-INFO-N 4 : 0 | plans_ 0
23864-src.fleetctrl.pooling.batch.AlonsoMora.AlonsoMoraAssignment-INFO-Objective value at time 3000 for AM: -498929.2642594809
23864-src.fleetctrl.pooling.batch.AlonsoMora.AlonsoMoraAssignment-INFO-=========
23864-src.fleetctrl.pooling.batch.AlonsoMora.AlonsoMoraAssignment-INFO-OPT TIME 3000:
23864-src.fleetctrl.pooling.batch.AlonsoMora.AlonsoMoraAssignment-INFO-solution status 2
23864-src.fleetctrl.pooling.batch.AlonsoMora.AlonsoMoraAssignment-INFO-number solutions 1
23864-src.fleetctrl.pooling.batch.AlonsoMora.AlonsoMoraAssignment-INFO-number opt requests 1 | number revealed requests 1 | number active requests: 1
23864-src.fleetctrl.pooling.batch.AlonsoMora.AlonsoMoraAssignment-INFO-number rtv_objs: 4
23864-src.fleetctrl.pooling.batch.AlonsoMora.AlonsoMoraAssignment-INFO-OPT TIMES:sim_time;3000,setup;0.0,rr;0.0,rv;0.0,build;0.0,opt;0.003154754638671875,all;0.003154754638671875
23864-src.fleetctrl.pooling.batch.AlonsoMora.AlonsoMoraAssignment-INFO-Opt stats at sim time 3000 : opt duration 0.003154754638671875 | res cfv -99697.62757286549
23864-src.fleetctrl.pooling.batch.AlonsoMora.AlonsoMoraAssignment-INFO-Number of rtv_keys in trees:
23864-src.fleetctrl.pooling.batch.AlonsoMora.AlonsoMoraAssignment-INFO-N 1 : 4 | plans_ 4
23864-src.fleetctrl.pooling.batch.AlonsoMora.AlonsoMoraAssignment-INFO-N 2 : 0 | plans_ 0
23864-src.fleetctrl.pooling.batch.AlonsoMora.AlonsoMoraAssignment-INFO-Objective value at time 3000 for AM: -99697.62757286549
23864-src.fleetctrl.pooling.batch.AlonsoMora.AlonsoMoraAssignment-INFO-=========
23864-src.fleetctrl.pooling.batch.AlonsoMora.AlonsoMoraAssignment-INFO-OPT TIME 3060:
23864-src.fleetctrl.pooling.batch.AlonsoMora.AlonsoMoraAssignment-INFO-solution status 2
23864-src.fleetctrl.pooling.batch.AlonsoMora.AlonsoMoraAssignment-INFO-number solutions 1
23864-src.fleetctrl.pooling.batch.AlonsoMora.AlonsoMoraAssignment-INFO-number opt requests 6 | number revealed requests 6 | number active requests: 6
23864-src.fleetctrl.pooling.batch.AlonsoMora.AlonsoMoraAssignment-INFO-number rtv_objs: 16
23864-src.fleetctrl.pooling.batch.AlonsoMora.AlonsoMoraAssignment-INFO-OPT TIMES:sim_time;3060,setup;0.0,rr;0.0,rv;0.06419086456298828,build;0.0839695930480957,opt;0.0030333995819091797,all;0.15119385719299316
23864-src.fleetctrl.pooling.batch.AlonsoMora.AlonsoMoraAssignment-INFO-Opt stats at sim time 3060 : opt duration 0.15119385719299316 | res cfv -598639.2924855672
23864-src.fleetctrl.pooling.batch.AlonsoMora.AlonsoMoraAssignment-INFO-Number of rtv_keys in trees:
23864-src.fleetctrl.pooling.batch.AlonsoMora.AlonsoMoraAssignment-INFO-N 1 : 12 | plans_ 12
23864-src.fleetctrl.pooling.batch.AlonsoMora.AlonsoMoraAssignment-INFO-N 2 : 4 | plans_ 4
23864-src.fleetctrl.pooling.batch.AlonsoMora.AlonsoMoraAssignment-INFO-N 3 : 0 | plans_ 0
23864-src.fleetctrl.pooling.batch.AlonsoMora.AlonsoMoraAssignment-INFO-N 4 : 0 | plans_ 0
23864-src.fleetctrl.pooling.batch.AlonsoMora.AlonsoMoraAssignment-INFO-Objective value at time 3060 for AM: -598639.2924855672
23864-src.fleetctrl.pooling.batch.AlonsoMora.AlonsoMoraAssignment-INFO-=========
23864-src.fleetctrl.pooling.batch.AlonsoMora.AlonsoMoraAssignment-INFO-OPT TIME 3060:
23864-src.fleetctrl.pooling.batch.AlonsoMora.AlonsoMoraAssignment-INFO-solution status 2
23864-src.fleetctrl.pooling.batch.AlonsoMora.AlonsoMoraAssignment-INFO-number solutions 1
23864-src.fleetctrl.pooling.batch.AlonsoMora.AlonsoMoraAssignment-INFO-number opt requests 2 | number revealed requests 2 | number active requests: 2
23864-src.fleetctrl.pooling.batch.AlonsoMora.AlonsoMoraAssignment-INFO-number rtv_objs: 6
23864-src.fleetctrl.pooling.batch.AlonsoMora.AlonsoMoraAssignment-INFO-OPT TIMES:sim_time;3060,setup;0.0,rr;0.0,rv;0.03929638862609863,build;0.001512289047241211,opt;0.0030324459075927734,all;0.04384112358093262
23864-src.fleetctrl.pooling.batch.AlonsoMora.AlonsoMoraAssignment-INFO-Opt stats at sim time 3060 : opt duration 0.04384112358093262 | res cfv -199419.89690012066
23864-src.fleetctrl.pooling.batch.AlonsoMora.AlonsoMoraAssignment-INFO-Number of rtv_keys in trees:
23864-src.fleetctrl.pooling.batch.AlonsoMora.AlonsoMoraAssignment-INFO-N 1 : 6 | plans_ 6
23864-src.fleetctrl.pooling.batch.AlonsoMora.AlonsoMoraAssignment-INFO-N 2 : 0 | plans_ 0
23864-src.fleetctrl.pooling.batch.AlonsoMora.AlonsoMoraAssignment-INFO-Objective value at time 3060 for AM: -199419.89690012066
23864-src.fleetctrl.pooling.batch.AlonsoMora.AlonsoMoraAssignment-INFO-=========
23864-src.fleetctrl.pooling.batch.AlonsoMora.AlonsoMoraAssignment-INFO-OPT TIME 3120:
23864-src.fleetctrl.pooling.batch.AlonsoMora.AlonsoMoraAssignment-INFO-solution status 2
23864-src.fleetctrl.pooling.batch.AlonsoMora.AlonsoMoraAssignment-INFO-number solutions 1
23864-src.fleetctrl.pooling.batch.AlonsoMora.AlonsoMoraAssignment-INFO-number opt requests 6 | number revealed requests 6 | number active requests: 6
23864-src.fleetctrl.pooling.batch.AlonsoMora.AlonsoMoraAssignment-INFO-number rtv_objs: 8
23864-src.fleetctrl.pooling.batch.AlonsoMora.AlonsoMoraAssignment-INFO-OPT TIMES:sim_time;3120,setup;0.0,rr;0.0,rv;0.0,build;0.020662307739257812,opt;0.003020763397216797,all;0.02368307113647461
23864-src.fleetctrl.pooling.batch.AlonsoMora.AlonsoMoraAssignment-INFO-Opt stats at sim time 3120 : opt duration 0.02368307113647461 | res cfv -598693.8696728937
23864-src.fleetctrl.pooling.batch.AlonsoMora.AlonsoMoraAssignment-INFO-Number of rtv_keys in trees:
23864-src.fleetctrl.pooling.batch.AlonsoMora.AlonsoMoraAssignment-INFO-N 1 : 5 | plans_ 5
23864-src.fleetctrl.pooling.batch.AlonsoMora.AlonsoMoraAssignment-INFO-N 2 : 3 | plans_ 3
23864-src.fleetctrl.pooling.batch.AlonsoMora.AlonsoMoraAssignment-INFO-N 3 : 0 | plans_ 0
23864-src.fleetctrl.pooling.batch.AlonsoMora.AlonsoMoraAssignment-INFO-N 4 : 0 | plans_ 0
23864-src.fleetctrl.pooling.batch.AlonsoMora.AlonsoMoraAssignment-INFO-Objective value at time 3120 for AM: -598693.8696728937
23864-src.fleetctrl.pooling.batch.AlonsoMora.AlonsoMoraAssignment-INFO-=========
23864-src.fleetctrl.pooling.batch.AlonsoMora.AlonsoMoraAssignment-INFO-OPT TIME 3120:
23864-src.fleetctrl.pooling.batch.AlonsoMora.AlonsoMoraAssignment-INFO-solution status 2
23864-src.fleetctrl.pooling.batch.AlonsoMora.AlonsoMoraAssignment-INFO-number solutions 1
23864-src.fleetctrl.pooling.batch.AlonsoMora.AlonsoMoraAssignment-INFO-number opt requests 2 | number revealed requests 2 | number active requests: 2
23864-src.fleetctrl.pooling.batch.AlonsoMora.AlonsoMoraAssignment-INFO-number rtv_objs: 5
23864-src.fleetctrl.pooling.batch.AlonsoMora.AlonsoMoraAssignment-INFO-OPT TIMES:sim_time;3120,setup;0.0005040168762207031,rr;0.0,rv;0.0,build;0.0075531005859375,opt;0.003038644790649414,all;0.011095762252807617
23864-src.fleetctrl.pooling.batch.AlonsoMora.AlonsoMoraAssignment-INFO-Opt stats at sim time 3120 : opt duration 0.011095762252807617 | res cfv -199444.89690012066
23864-src.fleetctrl.pooling.batch.AlonsoMora.AlonsoMoraAssignment-INFO-Number of rtv_keys in trees:
23864-src.fleetctrl.pooling.batch.AlonsoMora.AlonsoMoraAssignment-INFO-N 1 : 5 | plans_ 5
23864-src.fleetctrl.pooling.batch.AlonsoMora.AlonsoMoraAssignment-INFO-N 2 : 0 | plans_ 0
23864-src.fleetctrl.pooling.batch.AlonsoMora.AlonsoMoraAssignment-INFO-Objective value at time 3120 for AM: -199444.89690012066
23864-src.fleetctrl.pooling.batch.AlonsoMora.AlonsoMoraAssignment-INFO-=========
23864-src.fleetctrl.pooling.batch.AlonsoMora.AlonsoMoraAssignment-INFO-OPT TIME 3180:
23864-src.fleetctrl.pooling.batch.AlonsoMora.AlonsoMoraAssignment-INFO-solution status 2
23864-src.fleetctrl.pooling.batch.AlonsoMora.AlonsoMoraAssignment-INFO-number solutions 1
23864-src.fleetctrl.pooling.batch.AlonsoMora.AlonsoMoraAssignment-INFO-number opt requests 4 | number revealed requests 4 | number active requests: 4
23864-src.fleetctrl.pooling.batch.AlonsoMora.AlonsoMoraAssignment-INFO-number rtv_objs: 4
23864-src.fleetctrl.pooling.batch.AlonsoMora.AlonsoMoraAssignment-INFO-OPT TIMES:sim_time;3180,setup;0.0,rr;0.0,rv;0.0,build;0.0,opt;0.0034863948822021484,all;0.0034863948822021484
23864-src.fleetctrl.pooling.batch.AlonsoMora.AlonsoMoraAssignment-INFO-Opt stats at sim time 3180 : opt duration 0.0034863948822021484 | res cfv -398969.21606065123
23864-src.fleetctrl.pooling.batch.AlonsoMora.AlonsoMoraAssignment-INFO-Number of rtv_keys in trees:
23864-src.fleetctrl.pooling.batch.AlonsoMora.AlonsoMoraAssignment-INFO-N 1 : 3 | plans_ 3
23864-src.fleetctrl.pooling.batch.AlonsoMora.AlonsoMoraAssignment-INFO-N 2 : 1 | plans_ 1
23864-src.fleetctrl.pooling.batch.AlonsoMora.AlonsoMoraAssignment-INFO-N 3 : 0 | plans_ 0
23864-src.fleetctrl.pooling.batch.AlonsoMora.AlonsoMoraAssignment-INFO-N 4 : 0 | plans_ 0
23864-src.fleetctrl.pooling.batch.AlonsoMora.AlonsoMoraAssignment-INFO-Objective value at time 3180 for AM: -398969.21606065123
23864-src.fleetctrl.pooling.batch.AlonsoMora.AlonsoMoraAssignment-INFO-=========
23864-src.fleetctrl.pooling.batch.AlonsoMora.AlonsoMoraAssignment-INFO-OPT TIME 3180:
23864-src.fleetctrl.pooling.batch.AlonsoMora.AlonsoMoraAssignment-INFO-solution status 2
23864-src.fleetctrl.pooling.batch.AlonsoMora.AlonsoMoraAssignment-INFO-number solutions 1
23864-src.fleetctrl.pooling.batch.AlonsoMora.AlonsoMoraAssignment-INFO-number opt requests 2 | number revealed requests 2 | number active requests: 2
23864-src.fleetctrl.pooling.batch.AlonsoMora.AlonsoMoraAssignment-INFO-number rtv_objs: 2
23864-src.fleetctrl.pooling.batch.AlonsoMora.AlonsoMoraAssignment-INFO-OPT TIMES:sim_time;3180,setup;0.0,rr;0.0,rv;0.0,build;0.0015740394592285156,opt;0.00142669677734375,all;0.0030007362365722656
23864-src.fleetctrl.pooling.batch.AlonsoMora.AlonsoMoraAssignment-INFO-Opt stats at sim time 3180 : opt duration 0.0030007362365722656 | res cfv -199465.09871083807
23864-src.fleetctrl.pooling.batch.AlonsoMora.AlonsoMoraAssignment-INFO-Number of rtv_keys in trees:
23864-src.fleetctrl.pooling.batch.AlonsoMora.AlonsoMoraAssignment-INFO-N 1 : 2 | plans_ 2
23864-src.fleetctrl.pooling.batch.AlonsoMora.AlonsoMoraAssignment-INFO-N 2 : 0 | plans_ 0
23864-src.fleetctrl.pooling.batch.AlonsoMora.AlonsoMoraAssignment-INFO-Objective value at time 3180 for AM: -199465.09871083807
23864-src.fleetctrl.pooling.batch.AlonsoMora.AlonsoMoraAssignment-INFO-=========
23864-src.fleetctrl.pooling.batch.AlonsoMora.AlonsoMoraAssignment-INFO-OPT TIME 3240:
23864-src.fleetctrl.pooling.batch.AlonsoMora.AlonsoMoraAssignment-INFO-solution status 2
23864-src.fleetctrl.pooling.batch.AlonsoMora.AlonsoMoraAssignment-INFO-number solutions 1
23864-src.fleetctrl.pooling.batch.AlonsoMora.AlonsoMoraAssignment-INFO-number opt requests 4 | number revealed requests 4 | number active requests: 4
23864-src.fleetctrl.pooling.batch.AlonsoMora.AlonsoMoraAssignment-INFO-number rtv_objs: 3
23864-src.fleetctrl.pooling.batch.AlonsoMora.AlonsoMoraAssignment-INFO-OPT TIMES:sim_time;3240,setup;0.0,rr;0.0,rv;0.0,build;0.0,opt;0.0034744739532470703,all;0.0034744739532470703
23864-src.fleetctrl.pooling.batch.AlonsoMora.AlonsoMoraAssignment-INFO-Opt stats at sim time 3240 : opt duration 0.0034744739532470703 | res cfv -399013.5231253694
23864-src.fleetctrl.pooling.batch.AlonsoMora.AlonsoMoraAssignment-INFO-Number of rtv_keys in trees:
23864-src.fleetctrl.pooling.batch.AlonsoMora.AlonsoMoraAssignment-INFO-N 1 : 2 | plans_ 2
23864-src.fleetctrl.pooling.batch.AlonsoMora.AlonsoMoraAssignment-INFO-N 2 : 1 | plans_ 1
23864-src.fleetctrl.pooling.batch.AlonsoMora.AlonsoMoraAssignment-INFO-N 3 : 0 | plans_ 0
23864-src.fleetctrl.pooling.batch.AlonsoMora.AlonsoMoraAssignment-INFO-N 4 : 0 | plans_ 0
23864-src.fleetctrl.pooling.batch.AlonsoMora.AlonsoMoraAssignment-INFO-Objective value at time 3240 for AM: -399013.5231253694
23864-src.fleetctrl.pooling.batch.AlonsoMora.AlonsoMoraAssignment-INFO-=========
23864-src.fleetctrl.pooling.batch.AlonsoMora.AlonsoMoraAssignment-INFO-OPT TIME 3240:
23864-src.fleetctrl.pooling.batch.AlonsoMora.AlonsoMoraAssignment-INFO-solution status 2
23864-src.fleetctrl.pooling.batch.AlonsoMora.AlonsoMoraAssignment-INFO-number solutions 1
23864-src.fleetctrl.pooling.batch.AlonsoMora.AlonsoMoraAssignment-INFO-number opt requests 2 | number revealed requests 2 | number active requests: 2
23864-src.fleetctrl.pooling.batch.AlonsoMora.AlonsoMoraAssignment-INFO-number rtv_objs: 2
23864-src.fleetctrl.pooling.batch.AlonsoMora.AlonsoMoraAssignment-INFO-OPT TIMES:sim_time;3240,setup;0.0,rr;0.0,rv;0.0,build;0.000514984130859375,opt;0.0013380050659179688,all;0.0018529891967773438
23864-src.fleetctrl.pooling.batch.AlonsoMora.AlonsoMoraAssignment-INFO-Opt stats at sim time 3240 : opt duration 0.0018529891967773438 | res cfv -199499.75384249422
23864-src.fleetctrl.pooling.batch.AlonsoMora.AlonsoMoraAssignment-INFO-Number of rtv_keys in trees:
23864-src.fleetctrl.pooling.batch.AlonsoMora.AlonsoMoraAssignment-INFO-N 1 : 2 | plans_ 2
23864-src.fleetctrl.pooling.batch.AlonsoMora.AlonsoMoraAssignment-INFO-N 2 : 0 | plans_ 0
23864-src.fleetctrl.pooling.batch.AlonsoMora.AlonsoMoraAssignment-INFO-Objective value at time 3240 for AM: -199499.75384249422
23864-src.fleetctrl.pooling.batch.AlonsoMora.AlonsoMoraAssignment-INFO-=========
23864-src.fleetctrl.pooling.batch.AlonsoMora.AlonsoMoraAssignment-INFO-OPT TIME 3300:
23864-src.fleetctrl.pooling.batch.AlonsoMora.AlonsoMoraAssignment-INFO-solution status 2
23864-src.fleetctrl.pooling.batch.AlonsoMora.AlonsoMoraAssignment-INFO-number solutions 1
23864-src.fleetctrl.pooling.batch.AlonsoMora.AlonsoMoraAssignment-INFO-number opt requests 4 | number revealed requests 4 | number active requests: 4
23864-src.fleetctrl.pooling.batch.AlonsoMora.AlonsoMoraAssignment-INFO-number rtv_objs: 3
23864-src.fleetctrl.pooling.batch.AlonsoMora.AlonsoMoraAssignment-INFO-OPT TIMES:sim_time;3300,setup;0.0,rr;0.0,rv;0.0,build;0.0,opt;0.003122091293334961,all;0.003122091293334961
23864-src.fleetctrl.pooling.batch.AlonsoMora.AlonsoMoraAssignment-INFO-Opt stats at sim time 3300 : opt duration 0.003122091293334961 | res cfv -399071.6047883996
23864-src.fleetctrl.pooling.batch.AlonsoMora.AlonsoMoraAssignment-INFO-Number of rtv_keys in trees:
23864-src.fleetctrl.pooling.batch.AlonsoMora.AlonsoMoraAssignment-INFO-N 1 : 2 | plans_ 2
23864-src.fleetctrl.pooling.batch.AlonsoMora.AlonsoMoraAssignment-INFO-N 2 : 1 | plans_ 1
23864-src.fleetctrl.pooling.batch.AlonsoMora.AlonsoMoraAssignment-INFO-N 3 : 0 | plans_ 0
23864-src.fleetctrl.pooling.batch.AlonsoMora.AlonsoMoraAssignment-INFO-N 4 : 0 | plans_ 0
23864-src.fleetctrl.pooling.batch.AlonsoMora.AlonsoMoraAssignment-INFO-Objective value at time 3300 for AM: -399071.6047883996
23864-src.fleetctrl.pooling.batch.AlonsoMora.AlonsoMoraAssignment-INFO-=========
23864-src.fleetctrl.pooling.batch.AlonsoMora.AlonsoMoraAssignment-INFO-OPT TIME 3300:
23864-src.fleetctrl.pooling.batch.AlonsoMora.AlonsoMoraAssignment-INFO-solution status 2
23864-src.fleetctrl.pooling.batch.AlonsoMora.AlonsoMoraAssignment-INFO-number solutions 1
23864-src.fleetctrl.pooling.batch.AlonsoMora.AlonsoMoraAssignment-INFO-number opt requests 3 | number revealed requests 3 | number active requests: 3
23864-src.fleetctrl.pooling.batch.AlonsoMora.AlonsoMoraAssignment-INFO-number rtv_objs: 7
23864-src.fleetctrl.pooling.batch.AlonsoMora.AlonsoMoraAssignment-INFO-OPT TIMES:sim_time;3300,setup;0.0,rr;0.0,rv;0.00992274284362793,build;0.019891023635864258,opt;0.0031936168670654297,all;0.03300738334655762
23864-src.fleetctrl.pooling.batch.AlonsoMora.AlonsoMoraAssignment-INFO-Opt stats at sim time 3300 : opt duration 0.03300738334655762 | res cfv -299314.16499181
23864-src.fleetctrl.pooling.batch.AlonsoMora.AlonsoMoraAssignment-INFO-Number of rtv_keys in trees:
23864-src.fleetctrl.pooling.batch.AlonsoMora.AlonsoMoraAssignment-INFO-N 1 : 5 | plans_ 5
23864-src.fleetctrl.pooling.batch.AlonsoMora.AlonsoMoraAssignment-INFO-N 2 : 2 | plans_ 3
23864-src.fleetctrl.pooling.batch.AlonsoMora.AlonsoMoraAssignment-INFO-Objective value at time 3300 for AM: -299314.16499181
23864-src.fleetctrl.pooling.batch.AlonsoMora.AlonsoMoraAssignment-INFO-=========
23864-src.fleetctrl.pooling.batch.AlonsoMora.AlonsoMoraAssignment-INFO-OPT TIME 3360:
23864-src.fleetctrl.pooling.batch.AlonsoMora.AlonsoMoraAssignment-INFO-solution status 2
23864-src.fleetctrl.pooling.batch.AlonsoMora.AlonsoMoraAssignment-INFO-number solutions 1
23864-src.fleetctrl.pooling.batch.AlonsoMora.AlonsoMoraAssignment-INFO-number opt requests 4 | number revealed requests 4 | number active requests: 4
23864-src.fleetctrl.pooling.batch.AlonsoMora.AlonsoMoraAssignment-INFO-number rtv_objs: 3
23864-src.fleetctrl.pooling.batch.AlonsoMora.AlonsoMoraAssignment-INFO-OPT TIMES:sim_time;3360,setup;0.0,rr;0.0,rv;0.0,build;0.0015468597412109375,opt;0.001575469970703125,all;0.0031223297119140625
23864-src.fleetctrl.pooling.batch.AlonsoMora.AlonsoMoraAssignment-INFO-Opt stats at sim time 3360 : opt duration 0.0031223297119140625 | res cfv -399117.75090552773
23864-src.fleetctrl.pooling.batch.AlonsoMora.AlonsoMoraAssignment-INFO-Number of rtv_keys in trees:
23864-src.fleetctrl.pooling.batch.AlonsoMora.AlonsoMoraAssignment-INFO-N 1 : 2 | plans_ 2
23864-src.fleetctrl.pooling.batch.AlonsoMora.AlonsoMoraAssignment-INFO-N 2 : 1 | plans_ 1
23864-src.fleetctrl.pooling.batch.AlonsoMora.AlonsoMoraAssignment-INFO-N 3 : 0 | plans_ 0
23864-src.fleetctrl.pooling.batch.AlonsoMora.AlonsoMoraAssignment-INFO-N 4 : 0 | plans_ 0
23864-src.fleetctrl.pooling.batch.AlonsoMora.AlonsoMoraAssignment-INFO-Objective value at time 3360 for AM: -399117.75090552773
23864-src.fleetctrl.pooling.batch.AlonsoMora.AlonsoMoraAssignment-INFO-=========
23864-src.fleetctrl.pooling.batch.AlonsoMora.AlonsoMoraAssignment-INFO-OPT TIME 3360:
23864-src.fleetctrl.pooling.batch.AlonsoMora.AlonsoMoraAssignment-INFO-solution status 2
23864-src.fleetctrl.pooling.batch.AlonsoMora.AlonsoMoraAssignment-INFO-number solutions 1
23864-src.fleetctrl.pooling.batch.AlonsoMora.AlonsoMoraAssignment-INFO-number opt requests 4 | number revealed requests 4 | number active requests: 4
23864-src.fleetctrl.pooling.batch.AlonsoMora.AlonsoMoraAssignment-INFO-number rtv_objs: 8
23864-src.fleetctrl.pooling.batch.AlonsoMora.AlonsoMoraAssignment-INFO-OPT TIMES:sim_time;3360,setup;0.0,rr;0.0,rv;0.021625518798828125,build;0.0030317306518554688,opt;0.0030510425567626953,all;0.02770829200744629
23864-src.fleetctrl.pooling.batch.AlonsoMora.AlonsoMoraAssignment-INFO-Opt stats at sim time 3360 : opt duration 0.02770829200744629 | res cfv -399208.9796700453
23864-src.fleetctrl.pooling.batch.AlonsoMora.AlonsoMoraAssignment-INFO-Number of rtv_keys in trees:
23864-src.fleetctrl.pooling.batch.AlonsoMora.AlonsoMoraAssignment-INFO-N 1 : 5 | plans_ 5
23864-src.fleetctrl.pooling.batch.AlonsoMora.AlonsoMoraAssignment-INFO-N 2 : 3 | plans_ 3
23864-src.fleetctrl.pooling.batch.AlonsoMora.AlonsoMoraAssignment-INFO-Objective value at time 3360 for AM: -399208.9796700453
23864-src.fleetctrl.pooling.batch.AlonsoMora.AlonsoMoraAssignment-INFO-=========
23864-src.fleetctrl.pooling.batch.AlonsoMora.AlonsoMoraAssignment-INFO-OPT TIME 3420:
23864-src.fleetctrl.pooling.batch.AlonsoMora.AlonsoMoraAssignment-INFO-solution status 2
23864-src.fleetctrl.pooling.batch.AlonsoMora.AlonsoMoraAssignment-INFO-number solutions 1
23864-src.fleetctrl.pooling.batch.AlonsoMora.AlonsoMoraAssignment-INFO-number opt requests 4 | number revealed requests 4 | number active requests: 4
23864-src.fleetctrl.pooling.batch.AlonsoMora.AlonsoMoraAssignment-INFO-number rtv_objs: 5
23864-src.fleetctrl.pooling.batch.AlonsoMora.AlonsoMoraAssignment-INFO-OPT TIMES:sim_time;3420,setup;0.0,rr;0.0,rv;0.03617572784423828,build;0.02219867706298828,opt;0.003158092498779297,all;0.06153249740600586
23864-src.fleetctrl.pooling.batch.AlonsoMora.AlonsoMoraAssignment-INFO-Opt stats at sim time 3420 : opt duration 0.06153249740600586 | res cfv -399170.20409323956
23864-src.fleetctrl.pooling.batch.AlonsoMora.AlonsoMoraAssignment-INFO-Number of rtv_keys in trees:
23864-src.fleetctrl.pooling.batch.AlonsoMora.AlonsoMoraAssignment-INFO-N 1 : 3 | plans_ 3
23864-src.fleetctrl.pooling.batch.AlonsoMora.AlonsoMoraAssignment-INFO-N 2 : 2 | plans_ 2
23864-src.fleetctrl.pooling.batch.AlonsoMora.AlonsoMoraAssignment-INFO-N 3 : 0 | plans_ 0
23864-src.fleetctrl.pooling.batch.AlonsoMora.AlonsoMoraAssignment-INFO-N 4 : 0 | plans_ 0
23864-src.fleetctrl.pooling.batch.AlonsoMora.AlonsoMoraAssignment-INFO-Objective value at time 3420 for AM: -399170.20409323956
23864-src.fleetctrl.pooling.batch.AlonsoMora.AlonsoMoraAssignment-INFO-=========
23864-src.fleetctrl.pooling.batch.AlonsoMora.AlonsoMoraAssignment-INFO-OPT TIME 3420:
23864-src.fleetctrl.pooling.batch.AlonsoMora.AlonsoMoraAssignment-INFO-solution status 2
23864-src.fleetctrl.pooling.batch.AlonsoMora.AlonsoMoraAssignment-INFO-number solutions 1
23864-src.fleetctrl.pooling.batch.AlonsoMora.AlonsoMoraAssignment-INFO-number opt requests 4 | number revealed requests 4 | number active requests: 4
23864-src.fleetctrl.pooling.batch.AlonsoMora.AlonsoMoraAssignment-INFO-number rtv_objs: 3
23864-src.fleetctrl.pooling.batch.AlonsoMora.AlonsoMoraAssignment-INFO-OPT TIMES:sim_time;3420,setup;0.0005681514739990234,rr;0.0,rv;0.0,build;0.0,opt;0.0019681453704833984,all;0.002536296844482422
23864-src.fleetctrl.pooling.batch.AlonsoMora.AlonsoMoraAssignment-INFO-Opt stats at sim time 3420 : opt duration 0.002536296844482422 | res cfv -399241.6837230443
23864-src.fleetctrl.pooling.batch.AlonsoMora.AlonsoMoraAssignment-INFO-Number of rtv_keys in trees:
23864-src.fleetctrl.pooling.batch.AlonsoMora.AlonsoMoraAssignment-INFO-N 1 : 2 | plans_ 2
23864-src.fleetctrl.pooling.batch.AlonsoMora.AlonsoMoraAssignment-INFO-N 2 : 1 | plans_ 1
23864-src.fleetctrl.pooling.batch.AlonsoMora.AlonsoMoraAssignment-INFO-Objective value at time 3420 for AM: -399241.6837230443
23864-src.fleetctrl.pooling.batch.AlonsoMora.AlonsoMoraAssignment-INFO-=========
23864-src.fleetctrl.pooling.batch.AlonsoMora.AlonsoMoraAssignment-INFO-OPT TIME 3480:
23864-src.fleetctrl.pooling.batch.AlonsoMora.AlonsoMoraAssignment-INFO-solution status 2
23864-src.fleetctrl.pooling.batch.AlonsoMora.AlonsoMoraAssignment-INFO-number solutions 1
23864-src.fleetctrl.pooling.batch.AlonsoMora.AlonsoMoraAssignment-INFO-number opt requests 2 | number revealed requests 2 | number active requests: 2
23864-src.fleetctrl.pooling.batch.AlonsoMora.AlonsoMoraAssignment-INFO-number rtv_objs: 3
23864-src.fleetctrl.pooling.batch.AlonsoMora.AlonsoMoraAssignment-INFO-OPT TIMES:sim_time;3480,setup;0.0,rr;0.0,rv;0.0,build;0.02015542984008789,opt;0.0032358169555664062,all;0.023391246795654297
23864-src.fleetctrl.pooling.batch.AlonsoMora.AlonsoMoraAssignment-INFO-Opt stats at sim time 3480 : opt duration 0.023391246795654297 | res cfv -199527.98472240922
23864-src.fleetctrl.pooling.batch.AlonsoMora.AlonsoMoraAssignment-INFO-Number of rtv_keys in trees:
23864-src.fleetctrl.pooling.batch.AlonsoMora.AlonsoMoraAssignment-INFO-N 1 : 3 | plans_ 3
23864-src.fleetctrl.pooling.batch.AlonsoMora.AlonsoMoraAssignment-INFO-N 2 : 0 | plans_ 0
23864-src.fleetctrl.pooling.batch.AlonsoMora.AlonsoMoraAssignment-INFO-N 3 : 0 | plans_ 0
23864-src.fleetctrl.pooling.batch.AlonsoMora.AlonsoMoraAssignment-INFO-N 4 : 0 | plans_ 0
23864-src.fleetctrl.pooling.batch.AlonsoMora.AlonsoMoraAssignment-INFO-Objective value at time 3480 for AM: -199527.98472240922
23864-src.fleetctrl.pooling.batch.AlonsoMora.AlonsoMoraAssignment-INFO-=========
23864-src.fleetctrl.pooling.batch.AlonsoMora.AlonsoMoraAssignment-INFO-OPT TIME 3480:
23864-src.fleetctrl.pooling.batch.AlonsoMora.AlonsoMoraAssignment-INFO-solution status 2
23864-src.fleetctrl.pooling.batch.AlonsoMora.AlonsoMoraAssignment-INFO-number solutions 1
23864-src.fleetctrl.pooling.batch.AlonsoMora.AlonsoMoraAssignment-INFO-number opt requests 3 | number revealed requests 3 | number active requests: 3
23864-src.fleetctrl.pooling.batch.AlonsoMora.AlonsoMoraAssignment-INFO-number rtv_objs: 2
23864-src.fleetctrl.pooling.batch.AlonsoMora.AlonsoMoraAssignment-INFO-OPT TIMES:sim_time;3480,setup;0.0,rr;0.0,rv;0.0,build;0.0,opt;0.003191232681274414,all;0.003191232681274414
23864-src.fleetctrl.pooling.batch.AlonsoMora.AlonsoMoraAssignment-INFO-Opt stats at sim time 3480 : opt duration 0.003191232681274414 | res cfv -299465.21816092887
23864-src.fleetctrl.pooling.batch.AlonsoMora.AlonsoMoraAssignment-INFO-Number of rtv_keys in trees:
23864-src.fleetctrl.pooling.batch.AlonsoMora.AlonsoMoraAssignment-INFO-N 1 : 1 | plans_ 1
23864-src.fleetctrl.pooling.batch.AlonsoMora.AlonsoMoraAssignment-INFO-N 2 : 1 | plans_ 1
23864-src.fleetctrl.pooling.batch.AlonsoMora.AlonsoMoraAssignment-INFO-Objective value at time 3480 for AM: -299465.21816092887
23864-src.fleetctrl.pooling.batch.AlonsoMora.AlonsoMoraAssignment-INFO-=========
23864-src.fleetctrl.pooling.batch.AlonsoMora.AlonsoMoraAssignment-INFO-OPT TIME 3540:
23864-src.fleetctrl.pooling.batch.AlonsoMora.AlonsoMoraAssignment-INFO-solution status 2
23864-src.fleetctrl.pooling.batch.AlonsoMora.AlonsoMoraAssignment-INFO-number solutions 1
23864-src.fleetctrl.pooling.batch.AlonsoMora.AlonsoMoraAssignment-INFO-number opt requests 1 | number revealed requests 1 | number active requests: 1
23864-src.fleetctrl.pooling.batch.AlonsoMora.AlonsoMoraAssignment-INFO-number rtv_objs: 1
23864-src.fleetctrl.pooling.batch.AlonsoMora.AlonsoMoraAssignment-INFO-OPT TIMES:sim_time;3540,setup;0.0,rr;0.0,rv;0.0,build;0.0010209083557128906,opt;0.0015513896942138672,all;0.002572298049926758
23864-src.fleetctrl.pooling.batch.AlonsoMora.AlonsoMoraAssignment-INFO-Opt stats at sim time 3540 : opt duration 0.002572298049926758 | res cfv -99821.14677953722
23864-src.fleetctrl.pooling.batch.AlonsoMora.AlonsoMoraAssignment-INFO-Number of rtv_keys in trees:
23864-src.fleetctrl.pooling.batch.AlonsoMora.AlonsoMoraAssignment-INFO-N 1 : 1 | plans_ 1
23864-src.fleetctrl.pooling.batch.AlonsoMora.AlonsoMoraAssignment-INFO-N 2 : 0 | plans_ 0
23864-src.fleetctrl.pooling.batch.AlonsoMora.AlonsoMoraAssignment-INFO-N 3 : 0 | plans_ 0
23864-src.fleetctrl.pooling.batch.AlonsoMora.AlonsoMoraAssignment-INFO-N 4 : 0 | plans_ 0
23864-src.fleetctrl.pooling.batch.AlonsoMora.AlonsoMoraAssignment-INFO-Objective value at time 3540 for AM: -99821.14677953722
23864-src.fleetctrl.pooling.batch.AlonsoMora.AlonsoMoraAssignment-INFO-=========
23864-src.fleetctrl.pooling.batch.AlonsoMora.AlonsoMoraAssignment-INFO-OPT TIME 3540:
23864-src.fleetctrl.pooling.batch.AlonsoMora.AlonsoMoraAssignment-INFO-solution status 2
23864-src.fleetctrl.pooling.batch.AlonsoMora.AlonsoMoraAssignment-INFO-number solutions 1
23864-src.fleetctrl.pooling.batch.AlonsoMora.AlonsoMoraAssignment-INFO-number opt requests 2 | number revealed requests 2 | number active requests: 2
23864-src.fleetctrl.pooling.batch.AlonsoMora.AlonsoMoraAssignment-INFO-number rtv_objs: 1
23864-src.fleetctrl.pooling.batch.AlonsoMora.AlonsoMoraAssignment-INFO-OPT TIMES:sim_time;3540,setup;0.0,rr;0.0,rv;0.0,build;0.0,opt;0.0015785694122314453,all;0.0015785694122314453
23864-src.fleetctrl.pooling.batch.AlonsoMora.AlonsoMoraAssignment-INFO-Opt stats at sim time 3540 : opt duration 0.0015785694122314453 | res cfv -199671.52807741542
23864-src.fleetctrl.pooling.batch.AlonsoMora.AlonsoMoraAssignment-INFO-Number of rtv_keys in trees:
23864-src.fleetctrl.pooling.batch.AlonsoMora.AlonsoMoraAssignment-INFO-N 1 : 0 | plans_ 0
23864-src.fleetctrl.pooling.batch.AlonsoMora.AlonsoMoraAssignment-INFO-N 2 : 1 | plans_ 1
23864-src.fleetctrl.pooling.batch.AlonsoMora.AlonsoMoraAssignment-INFO-Objective value at time 3540 for AM: -199671.52807741542
23864-src.fleetctrl.pooling.batch.AlonsoMora.AlonsoMoraAssignment-INFO-=========
23864-src.fleetctrl.pooling.batch.AlonsoMora.AlonsoMoraAssignment-INFO-OPT TIME 3600:
23864-src.fleetctrl.pooling.batch.AlonsoMora.AlonsoMoraAssignment-INFO-solution status 2
23864-src.fleetctrl.pooling.batch.AlonsoMora.AlonsoMoraAssignment-INFO-number solutions 1
23864-src.fleetctrl.pooling.batch.AlonsoMora.AlonsoMoraAssignment-INFO-number opt requests 3 | number revealed requests 3 | number active requests: 3
23864-src.fleetctrl.pooling.batch.AlonsoMora.AlonsoMoraAssignment-INFO-number rtv_objs: 10
23864-src.fleetctrl.pooling.batch.AlonsoMora.AlonsoMoraAssignment-INFO-OPT TIMES:sim_time;3600,setup;0.0,rr;0.0,rv;0.05692553520202637,build;0.0026471614837646484,opt;0.0020799636840820312,all;0.06165266036987305
23864-src.fleetctrl.pooling.batch.AlonsoMora.AlonsoMoraAssignment-INFO-Opt stats at sim time 3600 : opt duration 0.06165266036987305 | res cfv -299469.7099701651
23864-src.fleetctrl.pooling.batch.AlonsoMora.AlonsoMoraAssignment-INFO-Number of rtv_keys in trees:
23864-src.fleetctrl.pooling.batch.AlonsoMora.AlonsoMoraAssignment-INFO-N 1 : 9 | plans_ 9
23864-src.fleetctrl.pooling.batch.AlonsoMora.AlonsoMoraAssignment-INFO-N 2 : 1 | plans_ 1
23864-src.fleetctrl.pooling.batch.AlonsoMora.AlonsoMoraAssignment-INFO-N 3 : 0 | plans_ 0
23864-src.fleetctrl.pooling.batch.AlonsoMora.AlonsoMoraAssignment-INFO-N 4 : 0 | plans_ 0
23864-src.fleetctrl.pooling.batch.AlonsoMora.AlonsoMoraAssignment-INFO-Objective value at time 3600 for AM: -299469.7099701651
23864-src.fleetctrl.pooling.batch.AlonsoMora.AlonsoMoraAssignment-INFO-=========
23864-src.fleetctrl.pooling.batch.AlonsoMora.AlonsoMoraAssignment-INFO-OPT TIME 3600:
23864-src.fleetctrl.pooling.batch.AlonsoMora.AlonsoMoraAssignment-INFO-solution status 2
23864-src.fleetctrl.pooling.batch.AlonsoMora.AlonsoMoraAssignment-INFO-number solutions 1
23864-src.fleetctrl.pooling.batch.AlonsoMora.AlonsoMoraAssignment-INFO-number opt requests 2 | number revealed requests 2 | number active requests: 2
23864-src.fleetctrl.pooling.batch.AlonsoMora.AlonsoMoraAssignment-INFO-number rtv_objs: 1
23864-src.fleetctrl.pooling.batch.AlonsoMora.AlonsoMoraAssignment-INFO-OPT TIMES:sim_time;3600,setup;0.0,rr;0.0,rv;0.0,build;0.0,opt;0.0010256767272949219,all;0.0010256767272949219
23864-src.fleetctrl.pooling.batch.AlonsoMora.AlonsoMoraAssignment-INFO-Opt stats at sim time 3600 : opt duration 0.0010256767272949219 | res cfv -199683.33018992585
23864-src.fleetctrl.pooling.batch.AlonsoMora.AlonsoMoraAssignment-INFO-Number of rtv_keys in trees:
23864-src.fleetctrl.pooling.batch.AlonsoMora.AlonsoMoraAssignment-INFO-N 1 : 0 | plans_ 0
23864-src.fleetctrl.pooling.batch.AlonsoMora.AlonsoMoraAssignment-INFO-N 2 : 1 | plans_ 1
23864-src.fleetctrl.pooling.batch.AlonsoMora.AlonsoMoraAssignment-INFO-Objective value at time 3600 for AM: -199683.33018992585
23864-src.fleetctrl.pooling.batch.AlonsoMora.AlonsoMoraAssignment-INFO-=========
23864-src.fleetctrl.pooling.batch.AlonsoMora.AlonsoMoraAssignment-INFO-OPT TIME 3660:
23864-src.fleetctrl.pooling.batch.AlonsoMora.AlonsoMoraAssignment-INFO-solution status 2
23864-src.fleetctrl.pooling.batch.AlonsoMora.AlonsoMoraAssignment-INFO-number solutions 1
23864-src.fleetctrl.pooling.batch.AlonsoMora.AlonsoMoraAssignment-INFO-number opt requests 3 | number revealed requests 3 | number active requests: 3
23864-src.fleetctrl.pooling.batch.AlonsoMora.AlonsoMoraAssignment-INFO-number rtv_objs: 3
23864-src.fleetctrl.pooling.batch.AlonsoMora.AlonsoMoraAssignment-INFO-OPT TIMES:sim_time;3660,setup;0.0,rr;0.0,rv;0.0,build;0.0015473365783691406,opt;0.0011425018310546875,all;0.002689838409423828
23864-src.fleetctrl.pooling.batch.AlonsoMora.AlonsoMoraAssignment-INFO-Opt stats at sim time 3660 : opt duration 0.002689838409423828 | res cfv -299515.8066098231
23864-src.fleetctrl.pooling.batch.AlonsoMora.AlonsoMoraAssignment-INFO-Number of rtv_keys in trees:
23864-src.fleetctrl.pooling.batch.AlonsoMora.AlonsoMoraAssignment-INFO-N 1 : 3 | plans_ 3
23864-src.fleetctrl.pooling.batch.AlonsoMora.AlonsoMoraAssignment-INFO-N 2 : 0 | plans_ 0
23864-src.fleetctrl.pooling.batch.AlonsoMora.AlonsoMoraAssignment-INFO-N 3 : 0 | plans_ 0
23864-src.fleetctrl.pooling.batch.AlonsoMora.AlonsoMoraAssignment-INFO-N 4 : 0 | plans_ 0
23864-src.fleetctrl.pooling.batch.AlonsoMora.AlonsoMoraAssignment-INFO-Objective value at time 3660 for AM: -299515.8066098231
23864-src.fleetctrl.pooling.batch.AlonsoMora.AlonsoMoraAssignment-INFO-=========
23864-src.fleetctrl.pooling.batch.AlonsoMora.AlonsoMoraAssignment-INFO-OPT TIME 3660:
23864-src.fleetctrl.pooling.batch.AlonsoMora.AlonsoMoraAssignment-INFO-solution status 2
23864-src.fleetctrl.pooling.batch.AlonsoMora.AlonsoMoraAssignment-INFO-number solutions 1
23864-src.fleetctrl.pooling.batch.AlonsoMora.AlonsoMoraAssignment-INFO-number opt requests 1 | number revealed requests 1 | number active requests: 1
23864-src.fleetctrl.pooling.batch.AlonsoMora.AlonsoMoraAssignment-INFO-number rtv_objs: 1
23864-src.fleetctrl.pooling.batch.AlonsoMora.AlonsoMoraAssignment-INFO-OPT TIMES:sim_time;3660,setup;0.0010273456573486328,rr;0.0,rv;0.0,build;0.0,opt;0.0020225048065185547,all;0.0030498504638671875
23864-src.fleetctrl.pooling.batch.AlonsoMora.AlonsoMoraAssignment-INFO-Opt stats at sim time 3660 : opt duration 0.0030498504638671875 | res cfv -99797.02828148723
23864-src.fleetctrl.pooling.batch.AlonsoMora.AlonsoMoraAssignment-INFO-Number of rtv_keys in trees:
23864-src.fleetctrl.pooling.batch.AlonsoMora.AlonsoMoraAssignment-INFO-N 1 : 1 | plans_ 1
23864-src.fleetctrl.pooling.batch.AlonsoMora.AlonsoMoraAssignment-INFO-N 2 : 0 | plans_ 0
23864-src.fleetctrl.pooling.batch.AlonsoMora.AlonsoMoraAssignment-INFO-Objective value at time 3660 for AM: -99797.02828148723
23864-src.fleetctrl.pooling.batch.AlonsoMora.AlonsoMoraAssignment-INFO-=========
23864-src.fleetctrl.pooling.batch.AlonsoMora.AlonsoMoraAssignment-INFO-OPT TIME 3720:
23864-src.fleetctrl.pooling.batch.AlonsoMora.AlonsoMoraAssignment-INFO-solution status 2
23864-src.fleetctrl.pooling.batch.AlonsoMora.AlonsoMoraAssignment-INFO-number solutions 1
23864-src.fleetctrl.pooling.batch.AlonsoMora.AlonsoMoraAssignment-INFO-number opt requests 4 | number revealed requests 4 | number active requests: 4
23864-src.fleetctrl.pooling.batch.AlonsoMora.AlonsoMoraAssignment-INFO-number rtv_objs: 8
23864-src.fleetctrl.pooling.batch.AlonsoMora.AlonsoMoraAssignment-INFO-OPT TIMES:sim_time;3720,setup;0.001569509506225586,rr;0.0,rv;0.03143167495727539,build;0.007869482040405273,opt;0.0031588077545166016,all;0.04402947425842285
23864-src.fleetctrl.pooling.batch.AlonsoMora.AlonsoMoraAssignment-INFO-Opt stats at sim time 3720 : opt duration 0.04402947425842285 | res cfv -399332.5653138559
23864-src.fleetctrl.pooling.batch.AlonsoMora.AlonsoMoraAssignment-INFO-Number of rtv_keys in trees:
23864-src.fleetctrl.pooling.batch.AlonsoMora.AlonsoMoraAssignment-INFO-N 1 : 6 | plans_ 6
23864-src.fleetctrl.pooling.batch.AlonsoMora.AlonsoMoraAssignment-INFO-N 2 : 2 | plans_ 2
23864-src.fleetctrl.pooling.batch.AlonsoMora.AlonsoMoraAssignment-INFO-N 3 : 0 | plans_ 0
23864-src.fleetctrl.pooling.batch.AlonsoMora.AlonsoMoraAssignment-INFO-N 4 : 0 | plans_ 0
23864-src.fleetctrl.pooling.batch.AlonsoMora.AlonsoMoraAssignment-INFO-Objective value at time 3720 for AM: -399332.5653138559
23864-src.fleetctrl.pooling.batch.AlonsoMora.AlonsoMoraAssignment-INFO-=========
23864-src.fleetctrl.pooling.batch.AlonsoMora.AlonsoMoraAssignment-INFO-OPT TIME 3720:
23864-src.fleetctrl.pooling.batch.AlonsoMora.AlonsoMoraAssignment-INFO-solution status 2
23864-src.fleetctrl.pooling.batch.AlonsoMora.AlonsoMoraAssignment-INFO-number solutions 1
23864-src.fleetctrl.pooling.batch.AlonsoMora.AlonsoMoraAssignment-INFO-number opt requests 1 | number revealed requests 1 | number active requests: 1
23864-src.fleetctrl.pooling.batch.AlonsoMora.AlonsoMoraAssignment-INFO-number rtv_objs: 1
23864-src.fleetctrl.pooling.batch.AlonsoMora.AlonsoMoraAssignment-INFO-OPT TIMES:sim_time;3720,setup;0.0,rr;0.0,rv;0.0015757083892822266,build;0.0,opt;0.0015742778778076172,all;0.0031499862670898438
23864-src.fleetctrl.pooling.batch.AlonsoMora.AlonsoMoraAssignment-INFO-Opt stats at sim time 3720 : opt duration 0.0031499862670898438 | res cfv -99809.52828148723
23864-src.fleetctrl.pooling.batch.AlonsoMora.AlonsoMoraAssignment-INFO-Number of rtv_keys in trees:
23864-src.fleetctrl.pooling.batch.AlonsoMora.AlonsoMoraAssignment-INFO-N 1 : 1 | plans_ 1
23864-src.fleetctrl.pooling.batch.AlonsoMora.AlonsoMoraAssignment-INFO-N 2 : 0 | plans_ 0
23864-src.fleetctrl.pooling.batch.AlonsoMora.AlonsoMoraAssignment-INFO-Objective value at time 3720 for AM: -99809.52828148723
23864-src.fleetctrl.pooling.batch.AlonsoMora.AlonsoMoraAssignment-INFO-=========
23864-src.fleetctrl.pooling.batch.AlonsoMora.AlonsoMoraAssignment-INFO-OPT TIME 3780:
23864-src.fleetctrl.pooling.batch.AlonsoMora.AlonsoMoraAssignment-INFO-solution status 2
23864-src.fleetctrl.pooling.batch.AlonsoMora.AlonsoMoraAssignment-INFO-number solutions 1
23864-src.fleetctrl.pooling.batch.AlonsoMora.AlonsoMoraAssignment-INFO-number opt requests 2 | number revealed requests 2 | number active requests: 2
23864-src.fleetctrl.pooling.batch.AlonsoMora.AlonsoMoraAssignment-INFO-number rtv_objs: 4
23864-src.fleetctrl.pooling.batch.AlonsoMora.AlonsoMoraAssignment-INFO-OPT TIMES:sim_time;3780,setup;0.0,rr;0.0,rv;0.0,build;0.0,opt;0.003145933151245117,all;0.003145933151245117
23864-src.fleetctrl.pooling.batch.AlonsoMora.AlonsoMoraAssignment-INFO-Opt stats at sim time 3780 : opt duration 0.003145933151245117 | res cfv -199530.19087935134
23864-src.fleetctrl.pooling.batch.AlonsoMora.AlonsoMoraAssignment-INFO-Number of rtv_keys in trees:
23864-src.fleetctrl.pooling.batch.AlonsoMora.AlonsoMoraAssignment-INFO-N 1 : 4 | plans_ 4
23864-src.fleetctrl.pooling.batch.AlonsoMora.AlonsoMoraAssignment-INFO-N 2 : 0 | plans_ 0
23864-src.fleetctrl.pooling.batch.AlonsoMora.AlonsoMoraAssignment-INFO-N 3 : 0 | plans_ 0
23864-src.fleetctrl.pooling.batch.AlonsoMora.AlonsoMoraAssignment-INFO-N 4 : 0 | plans_ 0
23864-src.fleetctrl.pooling.batch.AlonsoMora.AlonsoMoraAssignment-INFO-Objective value at time 3780 for AM: -199530.19087935134
23864-src.fleetctrl.pooling.batch.AlonsoMora.AlonsoMoraAssignment-INFO-=========
23864-src.fleetctrl.pooling.batch.AlonsoMora.AlonsoMoraAssignment-INFO-OPT TIME 3780:
23864-src.fleetctrl.pooling.batch.AlonsoMora.AlonsoMoraAssignment-INFO-solution status 2
23864-src.fleetctrl.pooling.batch.AlonsoMora.AlonsoMoraAssignment-INFO-number solutions 1
23864-src.fleetctrl.pooling.batch.AlonsoMora.AlonsoMoraAssignment-INFO-number opt requests 0 | number revealed requests 0 | number active requests: 0
23864-src.fleetctrl.pooling.batch.AlonsoMora.AlonsoMoraAssignment-INFO-number rtv_objs: 0
23864-src.fleetctrl.pooling.batch.AlonsoMora.AlonsoMoraAssignment-INFO-OPT TIMES:sim_time;3780,setup;0.0,rr;0.0,rv;0.0,build;0.0,opt;0.0015377998352050781,all;0.0015377998352050781
23864-src.fleetctrl.pooling.batch.AlonsoMora.AlonsoMoraAssignment-INFO-Opt stats at sim time 3780 : opt duration 0.0015377998352050781 | res cfv 0
23864-src.fleetctrl.pooling.batch.AlonsoMora.AlonsoMoraAssignment-INFO-Number of rtv_keys in trees:
23864-src.fleetctrl.pooling.batch.AlonsoMora.AlonsoMoraAssignment-INFO-N 1 : 0 | plans_ 0
23864-src.fleetctrl.pooling.batch.AlonsoMora.AlonsoMoraAssignment-INFO-N 2 : 0 | plans_ 0
23864-src.fleetctrl.pooling.batch.AlonsoMora.AlonsoMoraAssignment-INFO-Objective value at time 3780 for AM: 0
23864-src.fleetctrl.pooling.batch.AlonsoMora.AlonsoMoraAssignment-INFO-=========
23864-src.fleetctrl.pooling.batch.AlonsoMora.AlonsoMoraAssignment-INFO-OPT TIME 3840:
23864-src.fleetctrl.pooling.batch.AlonsoMora.AlonsoMoraAssignment-INFO-solution status 2
23864-src.fleetctrl.pooling.batch.AlonsoMora.AlonsoMoraAssignment-INFO-number solutions 1
23864-src.fleetctrl.pooling.batch.AlonsoMora.AlonsoMoraAssignment-INFO-number opt requests 4 | number revealed requests 4 | number active requests: 4
23864-src.fleetctrl.pooling.batch.AlonsoMora.AlonsoMoraAssignment-INFO-number rtv_objs: 8
23864-src.fleetctrl.pooling.batch.AlonsoMora.AlonsoMoraAssignment-INFO-OPT TIMES:sim_time;3840,setup;0.0,rr;0.0,rv;0.07207202911376953,build;0.0032601356506347656,opt;0.0031785964965820312,all;0.07851076126098633
23864-src.fleetctrl.pooling.batch.AlonsoMora.AlonsoMoraAssignment-INFO-Opt stats at sim time 3840 : opt duration 0.07851076126098633 | res cfv -398981.25093550136
23864-src.fleetctrl.pooling.batch.AlonsoMora.AlonsoMoraAssignment-INFO-Number of rtv_keys in trees:
23864-src.fleetctrl.pooling.batch.AlonsoMora.AlonsoMoraAssignment-INFO-N 1 : 7 | plans_ 7
23864-src.fleetctrl.pooling.batch.AlonsoMora.AlonsoMoraAssignment-INFO-N 2 : 1 | plans_ 1
23864-src.fleetctrl.pooling.batch.AlonsoMora.AlonsoMoraAssignment-INFO-N 3 : 0 | plans_ 0
23864-src.fleetctrl.pooling.batch.AlonsoMora.AlonsoMoraAssignment-INFO-N 4 : 0 | plans_ 0
23864-src.fleetctrl.pooling.batch.AlonsoMora.AlonsoMoraAssignment-INFO-Objective value at time 3840 for AM: -398981.25093550136
23864-src.fleetctrl.pooling.batch.AlonsoMora.AlonsoMoraAssignment-INFO-=========
23864-src.fleetctrl.pooling.batch.AlonsoMora.AlonsoMoraAssignment-INFO-OPT TIME 3840:
23864-src.fleetctrl.pooling.batch.AlonsoMora.AlonsoMoraAssignment-INFO-solution status 2
23864-src.fleetctrl.pooling.batch.AlonsoMora.AlonsoMoraAssignment-INFO-number solutions 1
23864-src.fleetctrl.pooling.batch.AlonsoMora.AlonsoMoraAssignment-INFO-number opt requests 1 | number revealed requests 1 | number active requests: 1
23864-src.fleetctrl.pooling.batch.AlonsoMora.AlonsoMoraAssignment-INFO-number rtv_objs: 5
23864-src.fleetctrl.pooling.batch.AlonsoMora.AlonsoMoraAssignment-INFO-OPT TIMES:sim_time;3840,setup;0.0,rr;0.0,rv;0.0422213077545166,build;0.0016608238220214844,opt;0.0015795230865478516,all;0.04546165466308594
23864-src.fleetctrl.pooling.batch.AlonsoMora.AlonsoMoraAssignment-INFO-Opt stats at sim time 3840 : opt duration 0.04546165466308594 | res cfv -99777.22867762744
23864-src.fleetctrl.pooling.batch.AlonsoMora.AlonsoMoraAssignment-INFO-Number of rtv_keys in trees:
23864-src.fleetctrl.pooling.batch.AlonsoMora.AlonsoMoraAssignment-INFO-N 1 : 5 | plans_ 5
23864-src.fleetctrl.pooling.batch.AlonsoMora.AlonsoMoraAssignment-INFO-N 2 : 0 | plans_ 0
23864-src.fleetctrl.pooling.batch.AlonsoMora.AlonsoMoraAssignment-INFO-Objective value at time 3840 for AM: -99777.22867762744
23864-src.fleetctrl.pooling.batch.AlonsoMora.AlonsoMoraAssignment-INFO-=========
23864-src.fleetctrl.pooling.batch.AlonsoMora.AlonsoMoraAssignment-INFO-OPT TIME 3900:
23864-src.fleetctrl.pooling.batch.AlonsoMora.AlonsoMoraAssignment-INFO-solution status 2
23864-src.fleetctrl.pooling.batch.AlonsoMora.AlonsoMoraAssignment-INFO-number solutions 1
23864-src.fleetctrl.pooling.batch.AlonsoMora.AlonsoMoraAssignment-INFO-number opt requests 4 | number revealed requests 4 | number active requests: 4
23864-src.fleetctrl.pooling.batch.AlonsoMora.AlonsoMoraAssignment-INFO-number rtv_objs: 6
23864-src.fleetctrl.pooling.batch.AlonsoMora.AlonsoMoraAssignment-INFO-OPT TIMES:sim_time;3900,setup;0.0,rr;0.0,rv;0.0,build;0.011162519454956055,opt;0.0020132064819335938,all;0.013175725936889648
23864-src.fleetctrl.pooling.batch.AlonsoMora.AlonsoMoraAssignment-INFO-Opt stats at sim time 3900 : opt duration 0.013175725936889648 | res cfv -399025.43198893947
23864-src.fleetctrl.pooling.batch.AlonsoMora.AlonsoMoraAssignment-INFO-Number of rtv_keys in trees:
23864-src.fleetctrl.pooling.batch.AlonsoMora.AlonsoMoraAssignment-INFO-N 1 : 5 | plans_ 5
23864-src.fleetctrl.pooling.batch.AlonsoMora.AlonsoMoraAssignment-INFO-N 2 : 1 | plans_ 1
23864-src.fleetctrl.pooling.batch.AlonsoMora.AlonsoMoraAssignment-INFO-N 3 : 0 | plans_ 0
23864-src.fleetctrl.pooling.batch.AlonsoMora.AlonsoMoraAssignment-INFO-N 4 : 0 | plans_ 0
23864-src.fleetctrl.pooling.batch.AlonsoMora.AlonsoMoraAssignment-INFO-Objective value at time 3900 for AM: -399025.43198893947
23864-src.fleetctrl.pooling.batch.AlonsoMora.AlonsoMoraAssignment-INFO-=========
23864-src.fleetctrl.pooling.batch.AlonsoMora.AlonsoMoraAssignment-INFO-OPT TIME 3900:
23864-src.fleetctrl.pooling.batch.AlonsoMora.AlonsoMoraAssignment-INFO-solution status 2
23864-src.fleetctrl.pooling.batch.AlonsoMora.AlonsoMoraAssignment-INFO-number solutions 1
23864-src.fleetctrl.pooling.batch.AlonsoMora.AlonsoMoraAssignment-INFO-number opt requests 1 | number revealed requests 1 | number active requests: 1
23864-src.fleetctrl.pooling.batch.AlonsoMora.AlonsoMoraAssignment-INFO-number rtv_objs: 4
23864-src.fleetctrl.pooling.batch.AlonsoMora.AlonsoMoraAssignment-INFO-OPT TIMES:sim_time;3900,setup;0.000728607177734375,rr;0.0,rv;0.0,build;0.0,opt;0.0030426979064941406,all;0.0037713050842285156
23864-src.fleetctrl.pooling.batch.AlonsoMora.AlonsoMoraAssignment-INFO-Opt stats at sim time 3900 : opt duration 0.0037713050842285156 | res cfv -99789.72867762744
23864-src.fleetctrl.pooling.batch.AlonsoMora.AlonsoMoraAssignment-INFO-Number of rtv_keys in trees:
23864-src.fleetctrl.pooling.batch.AlonsoMora.AlonsoMoraAssignment-INFO-N 1 : 4 | plans_ 4
23864-src.fleetctrl.pooling.batch.AlonsoMora.AlonsoMoraAssignment-INFO-N 2 : 0 | plans_ 0
23864-src.fleetctrl.pooling.batch.AlonsoMora.AlonsoMoraAssignment-INFO-Objective value at time 3900 for AM: -99789.72867762744
23864-src.fleetctrl.pooling.batch.AlonsoMora.AlonsoMoraAssignment-INFO-=========
23864-src.fleetctrl.pooling.batch.AlonsoMora.AlonsoMoraAssignment-INFO-OPT TIME 3960:
23864-src.fleetctrl.pooling.batch.AlonsoMora.AlonsoMoraAssignment-INFO-solution status 2
23864-src.fleetctrl.pooling.batch.AlonsoMora.AlonsoMoraAssignment-INFO-number solutions 1
23864-src.fleetctrl.pooling.batch.AlonsoMora.AlonsoMoraAssignment-INFO-number opt requests 4 | number revealed requests 4 | number active requests: 4
23864-src.fleetctrl.pooling.batch.AlonsoMora.AlonsoMoraAssignment-INFO-number rtv_objs: 5
23864-src.fleetctrl.pooling.batch.AlonsoMora.AlonsoMoraAssignment-INFO-OPT TIMES:sim_time;3960,setup;0.0,rr;0.0,rv;0.0,build;0.005584239959716797,opt;0.002036571502685547,all;0.007620811462402344
23864-src.fleetctrl.pooling.batch.AlonsoMora.AlonsoMoraAssignment-INFO-Opt stats at sim time 3960 : opt duration 0.007620811462402344 | res cfv -399073.9806139308
23864-src.fleetctrl.pooling.batch.AlonsoMora.AlonsoMoraAssignment-INFO-Number of rtv_keys in trees:
23864-src.fleetctrl.pooling.batch.AlonsoMora.AlonsoMoraAssignment-INFO-N 1 : 4 | plans_ 4
23864-src.fleetctrl.pooling.batch.AlonsoMora.AlonsoMoraAssignment-INFO-N 2 : 1 | plans_ 1
23864-src.fleetctrl.pooling.batch.AlonsoMora.AlonsoMoraAssignment-INFO-N 3 : 0 | plans_ 0
23864-src.fleetctrl.pooling.batch.AlonsoMora.AlonsoMoraAssignment-INFO-N 4 : 0 | plans_ 0
23864-src.fleetctrl.pooling.batch.AlonsoMora.AlonsoMoraAssignment-INFO-Objective value at time 3960 for AM: -399073.9806139308
23864-src.fleetctrl.pooling.batch.AlonsoMora.AlonsoMoraAssignment-INFO-=========
23864-src.fleetctrl.pooling.batch.AlonsoMora.AlonsoMoraAssignment-INFO-OPT TIME 3960:
23864-src.fleetctrl.pooling.batch.AlonsoMora.AlonsoMoraAssignment-INFO-solution status 2
23864-src.fleetctrl.pooling.batch.AlonsoMora.AlonsoMoraAssignment-INFO-number solutions 1
23864-src.fleetctrl.pooling.batch.AlonsoMora.AlonsoMoraAssignment-INFO-number opt requests 1 | number revealed requests 1 | number active requests: 1
23864-src.fleetctrl.pooling.batch.AlonsoMora.AlonsoMoraAssignment-INFO-number rtv_objs: 1
23864-src.fleetctrl.pooling.batch.AlonsoMora.AlonsoMoraAssignment-INFO-OPT TIMES:sim_time;3960,setup;0.0,rr;0.0,rv;0.0,build;0.0,opt;0.0025413036346435547,all;0.0025413036346435547
23864-src.fleetctrl.pooling.batch.AlonsoMora.AlonsoMoraAssignment-INFO-Opt stats at sim time 3960 : opt duration 0.0025413036346435547 | res cfv -99795.97867762744
23864-src.fleetctrl.pooling.batch.AlonsoMora.AlonsoMoraAssignment-INFO-Number of rtv_keys in trees:
23864-src.fleetctrl.pooling.batch.AlonsoMora.AlonsoMoraAssignment-INFO-N 1 : 1 | plans_ 1
23864-src.fleetctrl.pooling.batch.AlonsoMora.AlonsoMoraAssignment-INFO-N 2 : 0 | plans_ 0
23864-src.fleetctrl.pooling.batch.AlonsoMora.AlonsoMoraAssignment-INFO-Objective value at time 3960 for AM: -99795.97867762744
23864-src.fleetctrl.pooling.batch.AlonsoMora.AlonsoMoraAssignment-INFO-=========
23864-src.fleetctrl.pooling.batch.AlonsoMora.AlonsoMoraAssignment-INFO-OPT TIME 4020:
23864-src.fleetctrl.pooling.batch.AlonsoMora.AlonsoMoraAssignment-INFO-solution status 2
23864-src.fleetctrl.pooling.batch.AlonsoMora.AlonsoMoraAssignment-INFO-number solutions 1
23864-src.fleetctrl.pooling.batch.AlonsoMora.AlonsoMoraAssignment-INFO-number opt requests 4 | number revealed requests 4 | number active requests: 4
23864-src.fleetctrl.pooling.batch.AlonsoMora.AlonsoMoraAssignment-INFO-number rtv_objs: 5
23864-src.fleetctrl.pooling.batch.AlonsoMora.AlonsoMoraAssignment-INFO-OPT TIMES:sim_time;4020,setup;0.0,rr;0.0,rv;0.0,build;0.0030219554901123047,opt;0.0030333995819091797,all;0.006055355072021484
23864-src.fleetctrl.pooling.batch.AlonsoMora.AlonsoMoraAssignment-INFO-Opt stats at sim time 4020 : opt duration 0.006055355072021484 | res cfv -399119.0563745513
23864-src.fleetctrl.pooling.batch.AlonsoMora.AlonsoMoraAssignment-INFO-Number of rtv_keys in trees:
23864-src.fleetctrl.pooling.batch.AlonsoMora.AlonsoMoraAssignment-INFO-N 1 : 4 | plans_ 4
23864-src.fleetctrl.pooling.batch.AlonsoMora.AlonsoMoraAssignment-INFO-N 2 : 1 | plans_ 1
23864-src.fleetctrl.pooling.batch.AlonsoMora.AlonsoMoraAssignment-INFO-N 3 : 0 | plans_ 0
23864-src.fleetctrl.pooling.batch.AlonsoMora.AlonsoMoraAssignment-INFO-N 4 : 0 | plans_ 0
23864-src.fleetctrl.pooling.batch.AlonsoMora.AlonsoMoraAssignment-INFO-Objective value at time 4020 for AM: -399119.0563745513
23864-src.fleetctrl.pooling.batch.AlonsoMora.AlonsoMoraAssignment-INFO-=========
23864-src.fleetctrl.pooling.batch.AlonsoMora.AlonsoMoraAssignment-INFO-OPT TIME 4020:
23864-src.fleetctrl.pooling.batch.AlonsoMora.AlonsoMoraAssignment-INFO-solution status 2
23864-src.fleetctrl.pooling.batch.AlonsoMora.AlonsoMoraAssignment-INFO-number solutions 1
23864-src.fleetctrl.pooling.batch.AlonsoMora.AlonsoMoraAssignment-INFO-number opt requests 1 | number revealed requests 1 | number active requests: 1
23864-src.fleetctrl.pooling.batch.AlonsoMora.AlonsoMoraAssignment-INFO-number rtv_objs: 1
23864-src.fleetctrl.pooling.batch.AlonsoMora.AlonsoMoraAssignment-INFO-OPT TIMES:sim_time;4020,setup;0.0,rr;0.0,rv;0.0,build;0.0,opt;0.0025243759155273438,all;0.0025243759155273438
23864-src.fleetctrl.pooling.batch.AlonsoMora.AlonsoMoraAssignment-INFO-Opt stats at sim time 4020 : opt duration 0.0025243759155273438 | res cfv -99814.43520050686
23864-src.fleetctrl.pooling.batch.AlonsoMora.AlonsoMoraAssignment-INFO-Number of rtv_keys in trees:
23864-src.fleetctrl.pooling.batch.AlonsoMora.AlonsoMoraAssignment-INFO-N 1 : 1 | plans_ 1
23864-src.fleetctrl.pooling.batch.AlonsoMora.AlonsoMoraAssignment-INFO-N 2 : 0 | plans_ 0
23864-src.fleetctrl.pooling.batch.AlonsoMora.AlonsoMoraAssignment-INFO-Objective value at time 4020 for AM: -99814.43520050686
23864-src.fleetctrl.pooling.batch.AlonsoMora.AlonsoMoraAssignment-INFO-=========
23864-src.fleetctrl.pooling.batch.AlonsoMora.AlonsoMoraAssignment-INFO-OPT TIME 4080:
23864-src.fleetctrl.pooling.batch.AlonsoMora.AlonsoMoraAssignment-INFO-solution status 2
23864-src.fleetctrl.pooling.batch.AlonsoMora.AlonsoMoraAssignment-INFO-number solutions 1
23864-src.fleetctrl.pooling.batch.AlonsoMora.AlonsoMoraAssignment-INFO-number opt requests 2 | number revealed requests 2 | number active requests: 2
23864-src.fleetctrl.pooling.batch.AlonsoMora.AlonsoMoraAssignment-INFO-number rtv_objs: 2
23864-src.fleetctrl.pooling.batch.AlonsoMora.AlonsoMoraAssignment-INFO-OPT TIMES:sim_time;4080,setup;0.0,rr;0.0,rv;0.0,build;0.007633209228515625,opt;0.0020356178283691406,all;0.009668827056884766
23864-src.fleetctrl.pooling.batch.AlonsoMora.AlonsoMoraAssignment-INFO-Opt stats at sim time 4080 : opt duration 0.009668827056884766 | res cfv -199471.90008298997
23864-src.fleetctrl.pooling.batch.AlonsoMora.AlonsoMoraAssignment-INFO-Number of rtv_keys in trees:
23864-src.fleetctrl.pooling.batch.AlonsoMora.AlonsoMoraAssignment-INFO-N 1 : 2 | plans_ 2
23864-src.fleetctrl.pooling.batch.AlonsoMora.AlonsoMoraAssignment-INFO-N 2 : 0 | plans_ 0
23864-src.fleetctrl.pooling.batch.AlonsoMora.AlonsoMoraAssignment-INFO-N 3 : 0 | plans_ 0
23864-src.fleetctrl.pooling.batch.AlonsoMora.AlonsoMoraAssignment-INFO-N 4 : 0 | plans_ 0
23864-src.fleetctrl.pooling.batch.AlonsoMora.AlonsoMoraAssignment-INFO-Objective value at time 4080 for AM: -199471.90008298997
23864-src.fleetctrl.pooling.batch.AlonsoMora.AlonsoMoraAssignment-INFO-=========
23864-src.fleetctrl.pooling.batch.AlonsoMora.AlonsoMoraAssignment-INFO-OPT TIME 4080:
23864-src.fleetctrl.pooling.batch.AlonsoMora.AlonsoMoraAssignment-INFO-solution status 2
23864-src.fleetctrl.pooling.batch.AlonsoMora.AlonsoMoraAssignment-INFO-number solutions 1
23864-src.fleetctrl.pooling.batch.AlonsoMora.AlonsoMoraAssignment-INFO-number opt requests 1 | number revealed requests 1 | number active requests: 1
23864-src.fleetctrl.pooling.batch.AlonsoMora.AlonsoMoraAssignment-INFO-number rtv_objs: 1
23864-src.fleetctrl.pooling.batch.AlonsoMora.AlonsoMoraAssignment-INFO-OPT TIMES:sim_time;4080,setup;0.0005066394805908203,rr;0.0,rv;0.0,build;0.0,opt;0.001522064208984375,all;0.0020287036895751953
23864-src.fleetctrl.pooling.batch.AlonsoMora.AlonsoMoraAssignment-INFO-Opt stats at sim time 4080 : opt duration 0.0020287036895751953 | res cfv -99835.2685338402
23864-src.fleetctrl.pooling.batch.AlonsoMora.AlonsoMoraAssignment-INFO-Number of rtv_keys in trees:
23864-src.fleetctrl.pooling.batch.AlonsoMora.AlonsoMoraAssignment-INFO-N 1 : 1 | plans_ 1
23864-src.fleetctrl.pooling.batch.AlonsoMora.AlonsoMoraAssignment-INFO-N 2 : 0 | plans_ 0
23864-src.fleetctrl.pooling.batch.AlonsoMora.AlonsoMoraAssignment-INFO-Objective value at time 4080 for AM: -99835.2685338402
23864-src.fleetctrl.pooling.batch.AlonsoMora.AlonsoMoraAssignment-INFO-=========
23864-src.fleetctrl.pooling.batch.AlonsoMora.AlonsoMoraAssignment-INFO-OPT TIME 4140:
23864-src.fleetctrl.pooling.batch.AlonsoMora.AlonsoMoraAssignment-INFO-solution status 2
23864-src.fleetctrl.pooling.batch.AlonsoMora.AlonsoMoraAssignment-INFO-number solutions 1
23864-src.fleetctrl.pooling.batch.AlonsoMora.AlonsoMoraAssignment-INFO-number opt requests 2 | number revealed requests 2 | number active requests: 2
23864-src.fleetctrl.pooling.batch.AlonsoMora.AlonsoMoraAssignment-INFO-number rtv_objs: 2
23864-src.fleetctrl.pooling.batch.AlonsoMora.AlonsoMoraAssignment-INFO-OPT TIMES:sim_time;4140,setup;0.0,rr;0.0,rv;0.0,build;0.0010099411010742188,opt;0.002022266387939453,all;0.003032207489013672
23864-src.fleetctrl.pooling.batch.AlonsoMora.AlonsoMoraAssignment-INFO-Opt stats at sim time 4140 : opt duration 0.003032207489013672 | res cfv -199485.08062075294
23864-src.fleetctrl.pooling.batch.AlonsoMora.AlonsoMoraAssignment-INFO-Number of rtv_keys in trees:
23864-src.fleetctrl.pooling.batch.AlonsoMora.AlonsoMoraAssignment-INFO-N 1 : 2 | plans_ 2
23864-src.fleetctrl.pooling.batch.AlonsoMora.AlonsoMoraAssignment-INFO-N 2 : 0 | plans_ 0
23864-src.fleetctrl.pooling.batch.AlonsoMora.AlonsoMoraAssignment-INFO-N 3 : 0 | plans_ 0
23864-src.fleetctrl.pooling.batch.AlonsoMora.AlonsoMoraAssignment-INFO-N 4 : 0 | plans_ 0
23864-src.fleetctrl.pooling.batch.AlonsoMora.AlonsoMoraAssignment-INFO-Objective value at time 4140 for AM: -199485.08062075294
23864-src.fleetctrl.pooling.batch.AlonsoMora.AlonsoMoraAssignment-INFO-=========
23864-src.fleetctrl.pooling.batch.AlonsoMora.AlonsoMoraAssignment-INFO-OPT TIME 4140:
23864-src.fleetctrl.pooling.batch.AlonsoMora.AlonsoMoraAssignment-INFO-solution status 2
23864-src.fleetctrl.pooling.batch.AlonsoMora.AlonsoMoraAssignment-INFO-number solutions 1
23864-src.fleetctrl.pooling.batch.AlonsoMora.AlonsoMoraAssignment-INFO-number opt requests 1 | number revealed requests 1 | number active requests: 1
23864-src.fleetctrl.pooling.batch.AlonsoMora.AlonsoMoraAssignment-INFO-number rtv_objs: 1
23864-src.fleetctrl.pooling.batch.AlonsoMora.AlonsoMoraAssignment-INFO-OPT TIMES:sim_time;4140,setup;0.0,rr;0.0,rv;0.0,build;0.0005054473876953125,opt;0.0015177726745605469,all;0.0020232200622558594
23864-src.fleetctrl.pooling.batch.AlonsoMora.AlonsoMoraAssignment-INFO-Opt stats at sim time 4140 : opt duration 0.0020232200622558594 | res cfv -99855.02987762744
23864-src.fleetctrl.pooling.batch.AlonsoMora.AlonsoMoraAssignment-INFO-Number of rtv_keys in trees:
23864-src.fleetctrl.pooling.batch.AlonsoMora.AlonsoMoraAssignment-INFO-N 1 : 1 | plans_ 1
23864-src.fleetctrl.pooling.batch.AlonsoMora.AlonsoMoraAssignment-INFO-N 2 : 0 | plans_ 0
23864-src.fleetctrl.pooling.batch.AlonsoMora.AlonsoMoraAssignment-INFO-Objective value at time 4140 for AM: -99855.02987762744
23864-src.fleetctrl.pooling.batch.AlonsoMora.AlonsoMoraAssignment-INFO-=========
23864-src.fleetctrl.pooling.batch.AlonsoMora.AlonsoMoraAssignment-INFO-OPT TIME 4200:
23864-src.fleetctrl.pooling.batch.AlonsoMora.AlonsoMoraAssignment-INFO-solution status 2
23864-src.fleetctrl.pooling.batch.AlonsoMora.AlonsoMoraAssignment-INFO-number solutions 1
23864-src.fleetctrl.pooling.batch.AlonsoMora.AlonsoMoraAssignment-INFO-number opt requests 2 | number revealed requests 2 | number active requests: 2
23864-src.fleetctrl.pooling.batch.AlonsoMora.AlonsoMoraAssignment-INFO-number rtv_objs: 2
23864-src.fleetctrl.pooling.batch.AlonsoMora.AlonsoMoraAssignment-INFO-OPT TIMES:sim_time;4200,setup;0.0010075569152832031,rr;0.0,rv;0.0,build;0.0,opt;0.0020208358764648438,all;0.003028392791748047
23864-src.fleetctrl.pooling.batch.AlonsoMora.AlonsoMoraAssignment-INFO-Opt stats at sim time 4200 : opt duration 0.003028392791748047 | res cfv -199503.89429859948
23864-src.fleetctrl.pooling.batch.AlonsoMora.AlonsoMoraAssignment-INFO-Number of rtv_keys in trees:
23864-src.fleetctrl.pooling.batch.AlonsoMora.AlonsoMoraAssignment-INFO-N 1 : 2 | plans_ 2
23864-src.fleetctrl.pooling.batch.AlonsoMora.AlonsoMoraAssignment-INFO-N 2 : 0 | plans_ 0
23864-src.fleetctrl.pooling.batch.AlonsoMora.AlonsoMoraAssignment-INFO-N 3 : 0 | plans_ 0
23864-src.fleetctrl.pooling.batch.AlonsoMora.AlonsoMoraAssignment-INFO-N 4 : 0 | plans_ 0
23864-src.fleetctrl.pooling.batch.AlonsoMora.AlonsoMoraAssignment-INFO-Objective value at time 4200 for AM: -199503.89429859948
23864-src.fleetctrl.pooling.batch.AlonsoMora.AlonsoMoraAssignment-INFO-=========
23864-src.fleetctrl.pooling.batch.AlonsoMora.AlonsoMoraAssignment-INFO-OPT TIME 4200:
23864-src.fleetctrl.pooling.batch.AlonsoMora.AlonsoMoraAssignment-INFO-solution status 2
23864-src.fleetctrl.pooling.batch.AlonsoMora.AlonsoMoraAssignment-INFO-number solutions 1
23864-src.fleetctrl.pooling.batch.AlonsoMora.AlonsoMoraAssignment-INFO-number opt requests 0 | number revealed requests 0 | number active requests: 0
23864-src.fleetctrl.pooling.batch.AlonsoMora.AlonsoMoraAssignment-INFO-number rtv_objs: 0
23864-src.fleetctrl.pooling.batch.AlonsoMora.AlonsoMoraAssignment-INFO-OPT TIMES:sim_time;4200,setup;0.0,rr;0.0,rv;0.0,build;0.0,opt;0.0015327930450439453,all;0.0015327930450439453
23864-src.fleetctrl.pooling.batch.AlonsoMora.AlonsoMoraAssignment-INFO-Opt stats at sim time 4200 : opt duration 0.0015327930450439453 | res cfv 0
23864-src.fleetctrl.pooling.batch.AlonsoMora.AlonsoMoraAssignment-INFO-Number of rtv_keys in trees:
23864-src.fleetctrl.pooling.batch.AlonsoMora.AlonsoMoraAssignment-INFO-N 1 : 0 | plans_ 0
23864-src.fleetctrl.pooling.batch.AlonsoMora.AlonsoMoraAssignment-INFO-N 2 : 0 | plans_ 0
23864-src.fleetctrl.pooling.batch.AlonsoMora.AlonsoMoraAssignment-INFO-Objective value at time 4200 for AM: 0
23864-src.fleetctrl.pooling.batch.AlonsoMora.AlonsoMoraAssignment-INFO-=========
23864-src.fleetctrl.pooling.batch.AlonsoMora.AlonsoMoraAssignment-INFO-OPT TIME 4260:
23864-src.fleetctrl.pooling.batch.AlonsoMora.AlonsoMoraAssignment-INFO-solution status 2
23864-src.fleetctrl.pooling.batch.AlonsoMora.AlonsoMoraAssignment-INFO-number solutions 1
23864-src.fleetctrl.pooling.batch.AlonsoMora.AlonsoMoraAssignment-INFO-number opt requests 2 | number revealed requests 2 | number active requests: 2
23864-src.fleetctrl.pooling.batch.AlonsoMora.AlonsoMoraAssignment-INFO-number rtv_objs: 4
23864-src.fleetctrl.pooling.batch.AlonsoMora.AlonsoMoraAssignment-INFO-OPT TIMES:sim_time;4260,setup;0.0,rr;0.0,rv;0.03107166290283203,build;0.0015532970428466797,opt;0.003551483154296875,all;0.036176443099975586
23864-src.fleetctrl.pooling.batch.AlonsoMora.AlonsoMoraAssignment-INFO-Opt stats at sim time 4260 : opt duration 0.036176443099975586 | res cfv -199474.54264953517
23864-src.fleetctrl.pooling.batch.AlonsoMora.AlonsoMoraAssignment-INFO-Number of rtv_keys in trees:
23864-src.fleetctrl.pooling.batch.AlonsoMora.AlonsoMoraAssignment-INFO-N 1 : 4 | plans_ 4
23864-src.fleetctrl.pooling.batch.AlonsoMora.AlonsoMoraAssignment-INFO-N 2 : 0 | plans_ 0
23864-src.fleetctrl.pooling.batch.AlonsoMora.AlonsoMoraAssignment-INFO-N 3 : 0 | plans_ 0
23864-src.fleetctrl.pooling.batch.AlonsoMora.AlonsoMoraAssignment-INFO-N 4 : 0 | plans_ 0
23864-src.fleetctrl.pooling.batch.AlonsoMora.AlonsoMoraAssignment-INFO-Objective value at time 4260 for AM: -199474.54264953517
23864-src.fleetctrl.pooling.batch.AlonsoMora.AlonsoMoraAssignment-INFO-=========
23864-src.fleetctrl.pooling.batch.AlonsoMora.AlonsoMoraAssignment-INFO-OPT TIME 4260:
23864-src.fleetctrl.pooling.batch.AlonsoMora.AlonsoMoraAssignment-INFO-solution status 2
23864-src.fleetctrl.pooling.batch.AlonsoMora.AlonsoMoraAssignment-INFO-number solutions 1
23864-src.fleetctrl.pooling.batch.AlonsoMora.AlonsoMoraAssignment-INFO-number opt requests 0 | number revealed requests 0 | number active requests: 0
23864-src.fleetctrl.pooling.batch.AlonsoMora.AlonsoMoraAssignment-INFO-number rtv_objs: 0
23864-src.fleetctrl.pooling.batch.AlonsoMora.AlonsoMoraAssignment-INFO-OPT TIMES:sim_time;4260,setup;0.0,rr;0.0,rv;0.0,build;0.0,opt;0.0015840530395507812,all;0.0015840530395507812
23864-src.fleetctrl.pooling.batch.AlonsoMora.AlonsoMoraAssignment-INFO-Opt stats at sim time 4260 : opt duration 0.0015840530395507812 | res cfv 0
23864-src.fleetctrl.pooling.batch.AlonsoMora.AlonsoMoraAssignment-INFO-Number of rtv_keys in trees:
23864-src.fleetctrl.pooling.batch.AlonsoMora.AlonsoMoraAssignment-INFO-N 1 : 0 | plans_ 0
23864-src.fleetctrl.pooling.batch.AlonsoMora.AlonsoMoraAssignment-INFO-N 2 : 0 | plans_ 0
23864-src.fleetctrl.pooling.batch.AlonsoMora.AlonsoMoraAssignment-INFO-Objective value at time 4260 for AM: 0
23864-src.fleetctrl.pooling.batch.AlonsoMora.AlonsoMoraAssignment-INFO-=========
23864-src.fleetctrl.pooling.batch.AlonsoMora.AlonsoMoraAssignment-INFO-OPT TIME 4320:
23864-src.fleetctrl.pooling.batch.AlonsoMora.AlonsoMoraAssignment-INFO-solution status 2
23864-src.fleetctrl.pooling.batch.AlonsoMora.AlonsoMoraAssignment-INFO-number solutions 1
23864-src.fleetctrl.pooling.batch.AlonsoMora.AlonsoMoraAssignment-INFO-number opt requests 3 | number revealed requests 3 | number active requests: 3
23864-src.fleetctrl.pooling.batch.AlonsoMora.AlonsoMoraAssignment-INFO-number rtv_objs: 6
23864-src.fleetctrl.pooling.batch.AlonsoMora.AlonsoMoraAssignment-INFO-OPT TIMES:sim_time;4320,setup;0.0,rr;0.0,rv;0.03079676628112793,build;0.015146017074584961,opt;0.002541780471801758,all;0.04848456382751465
23864-src.fleetctrl.pooling.batch.AlonsoMora.AlonsoMoraAssignment-INFO-Opt stats at sim time 4320 : opt duration 0.04848456382751465 | res cfv -299332.7266988262
23864-src.fleetctrl.pooling.batch.AlonsoMora.AlonsoMoraAssignment-INFO-Number of rtv_keys in trees:
23864-src.fleetctrl.pooling.batch.AlonsoMora.AlonsoMoraAssignment-INFO-N 1 : 5 | plans_ 5
23864-src.fleetctrl.pooling.batch.AlonsoMora.AlonsoMoraAssignment-INFO-N 2 : 1 | plans_ 1
23864-src.fleetctrl.pooling.batch.AlonsoMora.AlonsoMoraAssignment-INFO-N 3 : 0 | plans_ 0
23864-src.fleetctrl.pooling.batch.AlonsoMora.AlonsoMoraAssignment-INFO-N 4 : 0 | plans_ 0
23864-src.fleetctrl.pooling.batch.AlonsoMora.AlonsoMoraAssignment-INFO-Objective value at time 4320 for AM: -299332.7266988262
23864-src.fleetctrl.pooling.batch.AlonsoMora.AlonsoMoraAssignment-INFO-=========
23864-src.fleetctrl.pooling.batch.AlonsoMora.AlonsoMoraAssignment-INFO-OPT TIME 4320:
23864-src.fleetctrl.pooling.batch.AlonsoMora.AlonsoMoraAssignment-INFO-solution status 2
23864-src.fleetctrl.pooling.batch.AlonsoMora.AlonsoMoraAssignment-INFO-number solutions 1
23864-src.fleetctrl.pooling.batch.AlonsoMora.AlonsoMoraAssignment-INFO-number opt requests 1 | number revealed requests 1 | number active requests: 1
23864-src.fleetctrl.pooling.batch.AlonsoMora.AlonsoMoraAssignment-INFO-number rtv_objs: 5
23864-src.fleetctrl.pooling.batch.AlonsoMora.AlonsoMoraAssignment-INFO-OPT TIMES:sim_time;4320,setup;0.0,rr;0.0,rv;0.007608175277709961,build;0.0015146732330322266,opt;0.0025434494018554688,all;0.011666297912597656
23864-src.fleetctrl.pooling.batch.AlonsoMora.AlonsoMoraAssignment-INFO-Opt stats at sim time 4320 : opt duration 0.011666297912597656 | res cfv -99866.9004047204
23864-src.fleetctrl.pooling.batch.AlonsoMora.AlonsoMoraAssignment-INFO-Number of rtv_keys in trees:
23864-src.fleetctrl.pooling.batch.AlonsoMora.AlonsoMoraAssignment-INFO-N 1 : 5 | plans_ 5
23864-src.fleetctrl.pooling.batch.AlonsoMora.AlonsoMoraAssignment-INFO-N 2 : 0 | plans_ 0
23864-src.fleetctrl.pooling.batch.AlonsoMora.AlonsoMoraAssignment-INFO-Objective value at time 4320 for AM: -99866.9004047204
23864-src.fleetctrl.pooling.batch.AlonsoMora.AlonsoMoraAssignment-INFO-=========
23864-src.fleetctrl.pooling.batch.AlonsoMora.AlonsoMoraAssignment-INFO-OPT TIME 4380:
23864-src.fleetctrl.pooling.batch.AlonsoMora.AlonsoMoraAssignment-INFO-solution status 2
23864-src.fleetctrl.pooling.batch.AlonsoMora.AlonsoMoraAssignment-INFO-number solutions 1
23864-src.fleetctrl.pooling.batch.AlonsoMora.AlonsoMoraAssignment-INFO-number opt requests 4 | number revealed requests 4 | number active requests: 4
23864-src.fleetctrl.pooling.batch.AlonsoMora.AlonsoMoraAssignment-INFO-number rtv_objs: 7
23864-src.fleetctrl.pooling.batch.AlonsoMora.AlonsoMoraAssignment-INFO-OPT TIMES:sim_time;4380,setup;0.0,rr;0.0,rv;0.02657318115234375,build;0.009430885314941406,opt;0.003127574920654297,all;0.03913164138793945
23864-src.fleetctrl.pooling.batch.AlonsoMora.AlonsoMoraAssignment-INFO-Opt stats at sim time 4380 : opt duration 0.03913164138793945 | res cfv -399106.8378897583
23864-src.fleetctrl.pooling.batch.AlonsoMora.AlonsoMoraAssignment-INFO-Number of rtv_keys in trees:
23864-src.fleetctrl.pooling.batch.AlonsoMora.AlonsoMoraAssignment-INFO-N 1 : 5 | plans_ 5
23864-src.fleetctrl.pooling.batch.AlonsoMora.AlonsoMoraAssignment-INFO-N 2 : 2 | plans_ 2
23864-src.fleetctrl.pooling.batch.AlonsoMora.AlonsoMoraAssignment-INFO-N 3 : 0 | plans_ 0
23864-src.fleetctrl.pooling.batch.AlonsoMora.AlonsoMoraAssignment-INFO-N 4 : 0 | plans_ 0
23864-src.fleetctrl.pooling.batch.AlonsoMora.AlonsoMoraAssignment-INFO-Objective value at time 4380 for AM: -399106.8378897583
23864-src.fleetctrl.pooling.batch.AlonsoMora.AlonsoMoraAssignment-INFO-=========
23864-src.fleetctrl.pooling.batch.AlonsoMora.AlonsoMoraAssignment-INFO-OPT TIME 4380:
23864-src.fleetctrl.pooling.batch.AlonsoMora.AlonsoMoraAssignment-INFO-solution status 2
23864-src.fleetctrl.pooling.batch.AlonsoMora.AlonsoMoraAssignment-INFO-number solutions 1
23864-src.fleetctrl.pooling.batch.AlonsoMora.AlonsoMoraAssignment-INFO-number opt requests 1 | number revealed requests 1 | number active requests: 1
23864-src.fleetctrl.pooling.batch.AlonsoMora.AlonsoMoraAssignment-INFO-number rtv_objs: 1
23864-src.fleetctrl.pooling.batch.AlonsoMora.AlonsoMoraAssignment-INFO-OPT TIMES:sim_time;4380,setup;0.0,rr;0.0,rv;0.0,build;0.0,opt;0.0015499591827392578,all;0.0015499591827392578
23864-src.fleetctrl.pooling.batch.AlonsoMora.AlonsoMoraAssignment-INFO-Opt stats at sim time 4380 : opt duration 0.0015499591827392578 | res cfv -99871.30366790568
23864-src.fleetctrl.pooling.batch.AlonsoMora.AlonsoMoraAssignment-INFO-Number of rtv_keys in trees:
23864-src.fleetctrl.pooling.batch.AlonsoMora.AlonsoMoraAssignment-INFO-N 1 : 1 | plans_ 1
23864-src.fleetctrl.pooling.batch.AlonsoMora.AlonsoMoraAssignment-INFO-N 2 : 0 | plans_ 0
23864-src.fleetctrl.pooling.batch.AlonsoMora.AlonsoMoraAssignment-INFO-Objective value at time 4380 for AM: -99871.30366790568
23864-src.fleetctrl.pooling.batch.AlonsoMora.AlonsoMoraAssignment-INFO-=========
23864-src.fleetctrl.pooling.batch.AlonsoMora.AlonsoMoraAssignment-INFO-OPT TIME 4440:
23864-src.fleetctrl.pooling.batch.AlonsoMora.AlonsoMoraAssignment-INFO-solution status 2
23864-src.fleetctrl.pooling.batch.AlonsoMora.AlonsoMoraAssignment-INFO-number solutions 1
23864-src.fleetctrl.pooling.batch.AlonsoMora.AlonsoMoraAssignment-INFO-number opt requests 5 | number revealed requests 5 | number active requests: 5
23864-src.fleetctrl.pooling.batch.AlonsoMora.AlonsoMoraAssignment-INFO-number rtv_objs: 5
23864-src.fleetctrl.pooling.batch.AlonsoMora.AlonsoMoraAssignment-INFO-OPT TIMES:sim_time;4440,setup;0.0,rr;0.0,rv;0.031218767166137695,build;0.002827167510986328,opt;0.0024950504302978516,all;0.036540985107421875
23864-src.fleetctrl.pooling.batch.AlonsoMora.AlonsoMoraAssignment-INFO-Opt stats at sim time 4440 : opt duration 0.036540985107421875 | res cfv -498863.5457773045
23864-src.fleetctrl.pooling.batch.AlonsoMora.AlonsoMoraAssignment-INFO-Number of rtv_keys in trees:
23864-src.fleetctrl.pooling.batch.AlonsoMora.AlonsoMoraAssignment-INFO-N 1 : 4 | plans_ 4
23864-src.fleetctrl.pooling.batch.AlonsoMora.AlonsoMoraAssignment-INFO-N 2 : 1 | plans_ 1
23864-src.fleetctrl.pooling.batch.AlonsoMora.AlonsoMoraAssignment-INFO-N 3 : 0 | plans_ 0
23864-src.fleetctrl.pooling.batch.AlonsoMora.AlonsoMoraAssignment-INFO-N 4 : 0 | plans_ 0
23864-src.fleetctrl.pooling.batch.AlonsoMora.AlonsoMoraAssignment-INFO-Objective value at time 4440 for AM: -498863.5457773045
23864-src.fleetctrl.pooling.batch.AlonsoMora.AlonsoMoraAssignment-INFO-=========
23864-src.fleetctrl.pooling.batch.AlonsoMora.AlonsoMoraAssignment-INFO-OPT TIME 4440:
23864-src.fleetctrl.pooling.batch.AlonsoMora.AlonsoMoraAssignment-INFO-solution status 2
23864-src.fleetctrl.pooling.batch.AlonsoMora.AlonsoMoraAssignment-INFO-number solutions 1
23864-src.fleetctrl.pooling.batch.AlonsoMora.AlonsoMoraAssignment-INFO-number opt requests 2 | number revealed requests 2 | number active requests: 2
23864-src.fleetctrl.pooling.batch.AlonsoMora.AlonsoMoraAssignment-INFO-number rtv_objs: 6
23864-src.fleetctrl.pooling.batch.AlonsoMora.AlonsoMoraAssignment-INFO-OPT TIMES:sim_time;4440,setup;0.0,rr;0.0,rv;0.0059430599212646484,build;0.006288290023803711,opt;0.003133535385131836,all;0.015364885330200195
23864-src.fleetctrl.pooling.batch.AlonsoMora.AlonsoMoraAssignment-INFO-Opt stats at sim time 4440 : opt duration 0.015364885330200195 | res cfv -199682.07567972154
23864-src.fleetctrl.pooling.batch.AlonsoMora.AlonsoMoraAssignment-INFO-Number of rtv_keys in trees:
23864-src.fleetctrl.pooling.batch.AlonsoMora.AlonsoMoraAssignment-INFO-N 1 : 5 | plans_ 5
23864-src.fleetctrl.pooling.batch.AlonsoMora.AlonsoMoraAssignment-INFO-N 2 : 1 | plans_ 1
23864-src.fleetctrl.pooling.batch.AlonsoMora.AlonsoMoraAssignment-INFO-Objective value at time 4440 for AM: -199682.07567972154
23864-src.fleetctrl.pooling.batch.AlonsoMora.AlonsoMoraAssignment-INFO-=========
23864-src.fleetctrl.pooling.batch.AlonsoMora.AlonsoMoraAssignment-INFO-OPT TIME 4500:
23864-src.fleetctrl.pooling.batch.AlonsoMora.AlonsoMoraAssignment-INFO-solution status 2
23864-src.fleetctrl.pooling.batch.AlonsoMora.AlonsoMoraAssignment-INFO-number solutions 1
23864-src.fleetctrl.pooling.batch.AlonsoMora.AlonsoMoraAssignment-INFO-number opt requests 4 | number revealed requests 4 | number active requests: 4
23864-src.fleetctrl.pooling.batch.AlonsoMora.AlonsoMoraAssignment-INFO-number rtv_objs: 5
23864-src.fleetctrl.pooling.batch.AlonsoMora.AlonsoMoraAssignment-INFO-OPT TIMES:sim_time;4500,setup;0.0015535354614257812,rr;0.0,rv;0.0,build;0.003064870834350586,opt;0.0031595230102539062,all;0.0077779293060302734
23864-src.fleetctrl.pooling.batch.AlonsoMora.AlonsoMoraAssignment-INFO-Opt stats at sim time 4500 : opt duration 0.0077779293060302734 | res cfv -399185.71318752214
23864-src.fleetctrl.pooling.batch.AlonsoMora.AlonsoMoraAssignment-INFO-Number of rtv_keys in trees:
23864-src.fleetctrl.pooling.batch.AlonsoMora.AlonsoMoraAssignment-INFO-N 1 : 5 | plans_ 5
23864-src.fleetctrl.pooling.batch.AlonsoMora.AlonsoMoraAssignment-INFO-N 2 : 0 | plans_ 0
23864-src.fleetctrl.pooling.batch.AlonsoMora.AlonsoMoraAssignment-INFO-N 3 : 0 | plans_ 0
23864-src.fleetctrl.pooling.batch.AlonsoMora.AlonsoMoraAssignment-INFO-N 4 : 0 | plans_ 0
23864-src.fleetctrl.pooling.batch.AlonsoMora.AlonsoMoraAssignment-INFO-Objective value at time 4500 for AM: -399185.71318752214
23864-src.fleetctrl.pooling.batch.AlonsoMora.AlonsoMoraAssignment-INFO-=========
23864-src.fleetctrl.pooling.batch.AlonsoMora.AlonsoMoraAssignment-INFO-OPT TIME 4500:
23864-src.fleetctrl.pooling.batch.AlonsoMora.AlonsoMoraAssignment-INFO-solution status 2
23864-src.fleetctrl.pooling.batch.AlonsoMora.AlonsoMoraAssignment-INFO-number solutions 1
23864-src.fleetctrl.pooling.batch.AlonsoMora.AlonsoMoraAssignment-INFO-number opt requests 2 | number revealed requests 2 | number active requests: 2
23864-src.fleetctrl.pooling.batch.AlonsoMora.AlonsoMoraAssignment-INFO-number rtv_objs: 2
23864-src.fleetctrl.pooling.batch.AlonsoMora.AlonsoMoraAssignment-INFO-OPT TIMES:sim_time;4500,setup;0.0,rr;0.0,rv;0.0,build;0.0,opt;0.0019519329071044922,all;0.0019519329071044922
23864-src.fleetctrl.pooling.batch.AlonsoMora.AlonsoMoraAssignment-INFO-Opt stats at sim time 4500 : opt duration 0.0019519329071044922 | res cfv -199701.40033972153
23864-src.fleetctrl.pooling.batch.AlonsoMora.AlonsoMoraAssignment-INFO-Number of rtv_keys in trees:
23864-src.fleetctrl.pooling.batch.AlonsoMora.AlonsoMoraAssignment-INFO-N 1 : 2 | plans_ 2
23864-src.fleetctrl.pooling.batch.AlonsoMora.AlonsoMoraAssignment-INFO-N 2 : 0 | plans_ 0
23864-src.fleetctrl.pooling.batch.AlonsoMora.AlonsoMoraAssignment-INFO-Objective value at time 4500 for AM: -199701.40033972153
23864-src.fleetctrl.pooling.batch.AlonsoMora.AlonsoMoraAssignment-INFO-=========
23864-src.fleetctrl.pooling.batch.AlonsoMora.AlonsoMoraAssignment-INFO-OPT TIME 4560:
23864-src.fleetctrl.pooling.batch.AlonsoMora.AlonsoMoraAssignment-INFO-solution status 2
23864-src.fleetctrl.pooling.batch.AlonsoMora.AlonsoMoraAssignment-INFO-number solutions 1
23864-src.fleetctrl.pooling.batch.AlonsoMora.AlonsoMoraAssignment-INFO-number opt requests 4 | number revealed requests 4 | number active requests: 4
23864-src.fleetctrl.pooling.batch.AlonsoMora.AlonsoMoraAssignment-INFO-number rtv_objs: 4
23864-src.fleetctrl.pooling.batch.AlonsoMora.AlonsoMoraAssignment-INFO-OPT TIMES:sim_time;4560,setup;0.0,rr;0.0,rv;0.0,build;0.0,opt;0.0015919208526611328,all;0.0015919208526611328
23864-src.fleetctrl.pooling.batch.AlonsoMora.AlonsoMoraAssignment-INFO-Opt stats at sim time 4560 : opt duration 0.0015919208526611328 | res cfv -399245.63047745754
23864-src.fleetctrl.pooling.batch.AlonsoMora.AlonsoMoraAssignment-INFO-Number of rtv_keys in trees:
23864-src.fleetctrl.pooling.batch.AlonsoMora.AlonsoMoraAssignment-INFO-N 1 : 4 | plans_ 4
23864-src.fleetctrl.pooling.batch.AlonsoMora.AlonsoMoraAssignment-INFO-N 2 : 0 | plans_ 0
23864-src.fleetctrl.pooling.batch.AlonsoMora.AlonsoMoraAssignment-INFO-N 3 : 0 | plans_ 0
23864-src.fleetctrl.pooling.batch.AlonsoMora.AlonsoMoraAssignment-INFO-N 4 : 0 | plans_ 0
23864-src.fleetctrl.pooling.batch.AlonsoMora.AlonsoMoraAssignment-INFO-Objective value at time 4560 for AM: -399245.63047745754
23864-src.fleetctrl.pooling.batch.AlonsoMora.AlonsoMoraAssignment-INFO-=========
23864-src.fleetctrl.pooling.batch.AlonsoMora.AlonsoMoraAssignment-INFO-OPT TIME 4560:
23864-src.fleetctrl.pooling.batch.AlonsoMora.AlonsoMoraAssignment-INFO-solution status 2
23864-src.fleetctrl.pooling.batch.AlonsoMora.AlonsoMoraAssignment-INFO-number solutions 1
23864-src.fleetctrl.pooling.batch.AlonsoMora.AlonsoMoraAssignment-INFO-number opt requests 3 | number revealed requests 3 | number active requests: 3
23864-src.fleetctrl.pooling.batch.AlonsoMora.AlonsoMoraAssignment-INFO-number rtv_objs: 7
23864-src.fleetctrl.pooling.batch.AlonsoMora.AlonsoMoraAssignment-INFO-OPT TIMES:sim_time;4560,setup;0.0,rr;0.0,rv;0.03775382041931152,build;0.004886150360107422,opt;0.0034444332122802734,all;0.04608440399169922
23864-src.fleetctrl.pooling.batch.AlonsoMora.AlonsoMoraAssignment-INFO-Opt stats at sim time 4560 : opt duration 0.04608440399169922 | res cfv -299496.5847284449
23864-src.fleetctrl.pooling.batch.AlonsoMora.AlonsoMoraAssignment-INFO-Number of rtv_keys in trees:
23864-src.fleetctrl.pooling.batch.AlonsoMora.AlonsoMoraAssignment-INFO-N 1 : 5 | plans_ 5
23864-src.fleetctrl.pooling.batch.AlonsoMora.AlonsoMoraAssignment-INFO-N 2 : 2 | plans_ 2
23864-src.fleetctrl.pooling.batch.AlonsoMora.AlonsoMoraAssignment-INFO-Objective value at time 4560 for AM: -299496.5847284449
23864-src.fleetctrl.pooling.batch.AlonsoMora.AlonsoMoraAssignment-INFO-=========
23864-src.fleetctrl.pooling.batch.AlonsoMora.AlonsoMoraAssignment-INFO-OPT TIME 4620:
23864-src.fleetctrl.pooling.batch.AlonsoMora.AlonsoMoraAssignment-INFO-solution status 2
23864-src.fleetctrl.pooling.batch.AlonsoMora.AlonsoMoraAssignment-INFO-number solutions 1
23864-src.fleetctrl.pooling.batch.AlonsoMora.AlonsoMoraAssignment-INFO-number opt requests 4 | number revealed requests 4 | number active requests: 4
23864-src.fleetctrl.pooling.batch.AlonsoMora.AlonsoMoraAssignment-INFO-number rtv_objs: 6
23864-src.fleetctrl.pooling.batch.AlonsoMora.AlonsoMoraAssignment-INFO-OPT TIMES:sim_time;4620,setup;0.0,rr;0.0,rv;0.038011789321899414,build;0.020154714584350586,opt;0.0031414031982421875,all;0.06130790710449219
23864-src.fleetctrl.pooling.batch.AlonsoMora.AlonsoMoraAssignment-INFO-Opt stats at sim time 4620 : opt duration 0.06130790710449219 | res cfv -399245.05128868914
23864-src.fleetctrl.pooling.batch.AlonsoMora.AlonsoMoraAssignment-INFO-Number of rtv_keys in trees:
23864-src.fleetctrl.pooling.batch.AlonsoMora.AlonsoMoraAssignment-INFO-N 1 : 5 | plans_ 5
23864-src.fleetctrl.pooling.batch.AlonsoMora.AlonsoMoraAssignment-INFO-N 2 : 1 | plans_ 1
23864-src.fleetctrl.pooling.batch.AlonsoMora.AlonsoMoraAssignment-INFO-N 3 : 0 | plans_ 0
23864-src.fleetctrl.pooling.batch.AlonsoMora.AlonsoMoraAssignment-INFO-N 4 : 0 | plans_ 0
23864-src.fleetctrl.pooling.batch.AlonsoMora.AlonsoMoraAssignment-INFO-Objective value at time 4620 for AM: -399245.05128868914
23864-src.fleetctrl.pooling.batch.AlonsoMora.AlonsoMoraAssignment-INFO-=========
23864-src.fleetctrl.pooling.batch.AlonsoMora.AlonsoMoraAssignment-INFO-OPT TIME 4620:
23864-src.fleetctrl.pooling.batch.AlonsoMora.AlonsoMoraAssignment-INFO-solution status 2
23864-src.fleetctrl.pooling.batch.AlonsoMora.AlonsoMoraAssignment-INFO-number solutions 1
23864-src.fleetctrl.pooling.batch.AlonsoMora.AlonsoMoraAssignment-INFO-number opt requests 3 | number revealed requests 3 | number active requests: 3
23864-src.fleetctrl.pooling.batch.AlonsoMora.AlonsoMoraAssignment-INFO-number rtv_objs: 9
23864-src.fleetctrl.pooling.batch.AlonsoMora.AlonsoMoraAssignment-INFO-OPT TIMES:sim_time;4620,setup;0.0,rr;0.0,rv;0.014357805252075195,build;0.05438876152038574,opt;0.0036270618438720703,all;0.07237362861633301
23864-src.fleetctrl.pooling.batch.AlonsoMora.AlonsoMoraAssignment-INFO-Opt stats at sim time 4620 : opt duration 0.07237362861633301 | res cfv -299520.30146586295
23864-src.fleetctrl.pooling.batch.AlonsoMora.AlonsoMoraAssignment-INFO-Number of rtv_keys in trees:
23864-src.fleetctrl.pooling.batch.AlonsoMora.AlonsoMoraAssignment-INFO-N 1 : 8 | plans_ 8
23864-src.fleetctrl.pooling.batch.AlonsoMora.AlonsoMoraAssignment-INFO-N 2 : 1 | plans_ 1
23864-src.fleetctrl.pooling.batch.AlonsoMora.AlonsoMoraAssignment-INFO-Objective value at time 4620 for AM: -299520.30146586295
23864-src.fleetctrl.pooling.batch.AlonsoMora.AlonsoMoraAssignment-INFO-=========
23864-src.fleetctrl.pooling.batch.AlonsoMora.AlonsoMoraAssignment-INFO-OPT TIME 4680:
23864-src.fleetctrl.pooling.batch.AlonsoMora.AlonsoMoraAssignment-INFO-solution status 2
23864-src.fleetctrl.pooling.batch.AlonsoMora.AlonsoMoraAssignment-INFO-number solutions 1
23864-src.fleetctrl.pooling.batch.AlonsoMora.AlonsoMoraAssignment-INFO-number opt requests 3 | number revealed requests 3 | number active requests: 3
23864-src.fleetctrl.pooling.batch.AlonsoMora.AlonsoMoraAssignment-INFO-number rtv_objs: 3
23864-src.fleetctrl.pooling.batch.AlonsoMora.AlonsoMoraAssignment-INFO-OPT TIMES:sim_time;4680,setup;0.0,rr;0.0,rv;0.0,build;0.0010268688201904297,opt;0.0020606517791748047,all;0.0030875205993652344
23864-src.fleetctrl.pooling.batch.AlonsoMora.AlonsoMoraAssignment-INFO-Opt stats at sim time 4680 : opt duration 0.0030875205993652344 | res cfv -299413.24245774606
23864-src.fleetctrl.pooling.batch.AlonsoMora.AlonsoMoraAssignment-INFO-Number of rtv_keys in trees:
23864-src.fleetctrl.pooling.batch.AlonsoMora.AlonsoMoraAssignment-INFO-N 1 : 3 | plans_ 3
23864-src.fleetctrl.pooling.batch.AlonsoMora.AlonsoMoraAssignment-INFO-N 2 : 0 | plans_ 0
23864-src.fleetctrl.pooling.batch.AlonsoMora.AlonsoMoraAssignment-INFO-N 3 : 0 | plans_ 0
23864-src.fleetctrl.pooling.batch.AlonsoMora.AlonsoMoraAssignment-INFO-N 4 : 0 | plans_ 0
23864-src.fleetctrl.pooling.batch.AlonsoMora.AlonsoMoraAssignment-INFO-Objective value at time 4680 for AM: -299413.24245774606
23864-src.fleetctrl.pooling.batch.AlonsoMora.AlonsoMoraAssignment-INFO-=========
23864-src.fleetctrl.pooling.batch.AlonsoMora.AlonsoMoraAssignment-INFO-OPT TIME 4680:
23864-src.fleetctrl.pooling.batch.AlonsoMora.AlonsoMoraAssignment-INFO-solution status 2
23864-src.fleetctrl.pooling.batch.AlonsoMora.AlonsoMoraAssignment-INFO-number solutions 1
23864-src.fleetctrl.pooling.batch.AlonsoMora.AlonsoMoraAssignment-INFO-number opt requests 4 | number revealed requests 4 | number active requests: 4
23864-src.fleetctrl.pooling.batch.AlonsoMora.AlonsoMoraAssignment-INFO-number rtv_objs: 6
23864-src.fleetctrl.pooling.batch.AlonsoMora.AlonsoMoraAssignment-INFO-OPT TIMES:sim_time;4680,setup;0.0,rr;0.0,rv;0.038100242614746094,build;0.0018086433410644531,opt;0.0032196044921875,all;0.04312849044799805
23864-src.fleetctrl.pooling.batch.AlonsoMora.AlonsoMoraAssignment-INFO-Opt stats at sim time 4680 : opt duration 0.04312849044799805 | res cfv -399330.7998897478
23864-src.fleetctrl.pooling.batch.AlonsoMora.AlonsoMoraAssignment-INFO-Number of rtv_keys in trees:
23864-src.fleetctrl.pooling.batch.AlonsoMora.AlonsoMoraAssignment-INFO-N 1 : 4 | plans_ 4
23864-src.fleetctrl.pooling.batch.AlonsoMora.AlonsoMoraAssignment-INFO-N 2 : 2 | plans_ 2
23864-src.fleetctrl.pooling.batch.AlonsoMora.AlonsoMoraAssignment-INFO-Objective value at time 4680 for AM: -399330.7998897478
23864-src.fleetctrl.pooling.batch.AlonsoMora.AlonsoMoraAssignment-INFO-=========
23864-src.fleetctrl.pooling.batch.AlonsoMora.AlonsoMoraAssignment-INFO-OPT TIME 4740:
23864-src.fleetctrl.pooling.batch.AlonsoMora.AlonsoMoraAssignment-INFO-solution status 2
23864-src.fleetctrl.pooling.batch.AlonsoMora.AlonsoMoraAssignment-INFO-number solutions 1
23864-src.fleetctrl.pooling.batch.AlonsoMora.AlonsoMoraAssignment-INFO-number opt requests 3 | number revealed requests 3 | number active requests: 3
23864-src.fleetctrl.pooling.batch.AlonsoMora.AlonsoMoraAssignment-INFO-number rtv_objs: 3
23864-src.fleetctrl.pooling.batch.AlonsoMora.AlonsoMoraAssignment-INFO-OPT TIMES:sim_time;4740,setup;0.0,rr;0.0,rv;0.0,build;0.0,opt;0.0030603408813476562,all;0.0030603408813476562
23864-src.fleetctrl.pooling.batch.AlonsoMora.AlonsoMoraAssignment-INFO-Opt stats at sim time 4740 : opt duration 0.0030603408813476562 | res cfv -299461.79733143846
23864-src.fleetctrl.pooling.batch.AlonsoMora.AlonsoMoraAssignment-INFO-Number of rtv_keys in trees:
23864-src.fleetctrl.pooling.batch.AlonsoMora.AlonsoMoraAssignment-INFO-N 1 : 3 | plans_ 3
23864-src.fleetctrl.pooling.batch.AlonsoMora.AlonsoMoraAssignment-INFO-N 2 : 0 | plans_ 0
23864-src.fleetctrl.pooling.batch.AlonsoMora.AlonsoMoraAssignment-INFO-N 3 : 0 | plans_ 0
23864-src.fleetctrl.pooling.batch.AlonsoMora.AlonsoMoraAssignment-INFO-N 4 : 0 | plans_ 0
23864-src.fleetctrl.pooling.batch.AlonsoMora.AlonsoMoraAssignment-INFO-Objective value at time 4740 for AM: -299461.79733143846
23864-src.fleetctrl.pooling.batch.AlonsoMora.AlonsoMoraAssignment-INFO-=========
23864-src.fleetctrl.pooling.batch.AlonsoMora.AlonsoMoraAssignment-INFO-OPT TIME 4740:
23864-src.fleetctrl.pooling.batch.AlonsoMora.AlonsoMoraAssignment-INFO-solution status 2
23864-src.fleetctrl.pooling.batch.AlonsoMora.AlonsoMoraAssignment-INFO-number solutions 1
23864-src.fleetctrl.pooling.batch.AlonsoMora.AlonsoMoraAssignment-INFO-number opt requests 4 | number revealed requests 4 | number active requests: 4
23864-src.fleetctrl.pooling.batch.AlonsoMora.AlonsoMoraAssignment-INFO-number rtv_objs: 5
23864-src.fleetctrl.pooling.batch.AlonsoMora.AlonsoMoraAssignment-INFO-OPT TIMES:sim_time;4740,setup;0.0,rr;0.0,rv;0.0,build;0.009485006332397461,opt;0.0031371116638183594,all;0.01262211799621582
23864-src.fleetctrl.pooling.batch.AlonsoMora.AlonsoMoraAssignment-INFO-Opt stats at sim time 4740 : opt duration 0.01262211799621582 | res cfv -399366.7546005836
23864-src.fleetctrl.pooling.batch.AlonsoMora.AlonsoMoraAssignment-INFO-Number of rtv_keys in trees:
23864-src.fleetctrl.pooling.batch.AlonsoMora.AlonsoMoraAssignment-INFO-N 1 : 3 | plans_ 3
23864-src.fleetctrl.pooling.batch.AlonsoMora.AlonsoMoraAssignment-INFO-N 2 : 2 | plans_ 2
23864-src.fleetctrl.pooling.batch.AlonsoMora.AlonsoMoraAssignment-INFO-Objective value at time 4740 for AM: -399366.7546005836
23864-src.fleetctrl.pooling.batch.AlonsoMora.AlonsoMoraAssignment-INFO-=========
23864-src.fleetctrl.pooling.batch.AlonsoMora.AlonsoMoraAssignment-INFO-OPT TIME 4800:
23864-src.fleetctrl.pooling.batch.AlonsoMora.AlonsoMoraAssignment-INFO-solution status 2
23864-src.fleetctrl.pooling.batch.AlonsoMora.AlonsoMoraAssignment-INFO-number solutions 1
23864-src.fleetctrl.pooling.batch.AlonsoMora.AlonsoMoraAssignment-INFO-number opt requests 3 | number revealed requests 3 | number active requests: 3
23864-src.fleetctrl.pooling.batch.AlonsoMora.AlonsoMoraAssignment-INFO-number rtv_objs: 3
23864-src.fleetctrl.pooling.batch.AlonsoMora.AlonsoMoraAssignment-INFO-OPT TIMES:sim_time;4800,setup;0.0,rr;0.0,rv;0.0,build;0.0,opt;0.0015804767608642578,all;0.0015804767608642578
23864-src.fleetctrl.pooling.batch.AlonsoMora.AlonsoMoraAssignment-INFO-Opt stats at sim time 4800 : opt duration 0.0015804767608642578 | res cfv -299496.37124102237
23864-src.fleetctrl.pooling.batch.AlonsoMora.AlonsoMoraAssignment-INFO-Number of rtv_keys in trees:
23864-src.fleetctrl.pooling.batch.AlonsoMora.AlonsoMoraAssignment-INFO-N 1 : 3 | plans_ 3
23864-src.fleetctrl.pooling.batch.AlonsoMora.AlonsoMoraAssignment-INFO-N 2 : 0 | plans_ 0
23864-src.fleetctrl.pooling.batch.AlonsoMora.AlonsoMoraAssignment-INFO-N 3 : 0 | plans_ 0
23864-src.fleetctrl.pooling.batch.AlonsoMora.AlonsoMoraAssignment-INFO-N 4 : 0 | plans_ 0
23864-src.fleetctrl.pooling.batch.AlonsoMora.AlonsoMoraAssignment-INFO-Objective value at time 4800 for AM: -299496.37124102237
23864-src.fleetctrl.pooling.batch.AlonsoMora.AlonsoMoraAssignment-INFO-=========
23864-src.fleetctrl.pooling.batch.AlonsoMora.AlonsoMoraAssignment-INFO-OPT TIME 4800:
23864-src.fleetctrl.pooling.batch.AlonsoMora.AlonsoMoraAssignment-INFO-solution status 2
23864-src.fleetctrl.pooling.batch.AlonsoMora.AlonsoMoraAssignment-INFO-number solutions 1
23864-src.fleetctrl.pooling.batch.AlonsoMora.AlonsoMoraAssignment-INFO-number opt requests 3 | number revealed requests 3 | number active requests: 3
23864-src.fleetctrl.pooling.batch.AlonsoMora.AlonsoMoraAssignment-INFO-number rtv_objs: 2
23864-src.fleetctrl.pooling.batch.AlonsoMora.AlonsoMoraAssignment-INFO-OPT TIMES:sim_time;4800,setup;0.0,rr;0.0,rv;0.0,build;0.0,opt;0.0031087398529052734,all;0.0031087398529052734
23864-src.fleetctrl.pooling.batch.AlonsoMora.AlonsoMoraAssignment-INFO-Opt stats at sim time 4800 : opt duration 0.0031087398529052734 | res cfv -299531.11484564736
23864-src.fleetctrl.pooling.batch.AlonsoMora.AlonsoMoraAssignment-INFO-Number of rtv_keys in trees:
23864-src.fleetctrl.pooling.batch.AlonsoMora.AlonsoMoraAssignment-INFO-N 1 : 1 | plans_ 1
23864-src.fleetctrl.pooling.batch.AlonsoMora.AlonsoMoraAssignment-INFO-N 2 : 1 | plans_ 1
23864-src.fleetctrl.pooling.batch.AlonsoMora.AlonsoMoraAssignment-INFO-Objective value at time 4800 for AM: -299531.11484564736
23864-src.fleetctrl.pooling.batch.AlonsoMora.AlonsoMoraAssignment-INFO-=========
23864-src.fleetctrl.pooling.batch.AlonsoMora.AlonsoMoraAssignment-INFO-OPT TIME 4860:
23864-src.fleetctrl.pooling.batch.AlonsoMora.AlonsoMoraAssignment-INFO-solution status 2
23864-src.fleetctrl.pooling.batch.AlonsoMora.AlonsoMoraAssignment-INFO-number solutions 1
23864-src.fleetctrl.pooling.batch.AlonsoMora.AlonsoMoraAssignment-INFO-number opt requests 2 | number revealed requests 2 | number active requests: 2
23864-src.fleetctrl.pooling.batch.AlonsoMora.AlonsoMoraAssignment-INFO-number rtv_objs: 5
23864-src.fleetctrl.pooling.batch.AlonsoMora.AlonsoMoraAssignment-INFO-OPT TIMES:sim_time;4860,setup;0.0005106925964355469,rr;0.0,rv;0.03099966049194336,build;0.001554727554321289,opt;0.0033469200134277344,all;0.03641200065612793
23864-src.fleetctrl.pooling.batch.AlonsoMora.AlonsoMoraAssignment-INFO-Opt stats at sim time 4860 : opt duration 0.03641200065612793 | res cfv -199763.97332274588
23864-src.fleetctrl.pooling.batch.AlonsoMora.AlonsoMoraAssignment-INFO-Number of rtv_keys in trees:
23864-src.fleetctrl.pooling.batch.AlonsoMora.AlonsoMoraAssignment-INFO-N 1 : 5 | plans_ 5
23864-src.fleetctrl.pooling.batch.AlonsoMora.AlonsoMoraAssignment-INFO-N 2 : 0 | plans_ 0
23864-src.fleetctrl.pooling.batch.AlonsoMora.AlonsoMoraAssignment-INFO-N 3 : 0 | plans_ 0
23864-src.fleetctrl.pooling.batch.AlonsoMora.AlonsoMoraAssignment-INFO-N 4 : 0 | plans_ 0
23864-src.fleetctrl.pooling.batch.AlonsoMora.AlonsoMoraAssignment-INFO-Objective value at time 4860 for AM: -199763.97332274588
23864-src.fleetctrl.pooling.batch.AlonsoMora.AlonsoMoraAssignment-INFO-=========
23864-src.fleetctrl.pooling.batch.AlonsoMora.AlonsoMoraAssignment-INFO-OPT TIME 4860:
23864-src.fleetctrl.pooling.batch.AlonsoMora.AlonsoMoraAssignment-INFO-solution status 2
23864-src.fleetctrl.pooling.batch.AlonsoMora.AlonsoMoraAssignment-INFO-number solutions 1
23864-src.fleetctrl.pooling.batch.AlonsoMora.AlonsoMoraAssignment-INFO-number opt requests 2 | number revealed requests 2 | number active requests: 2
23864-src.fleetctrl.pooling.batch.AlonsoMora.AlonsoMoraAssignment-INFO-number rtv_objs: 1
23864-src.fleetctrl.pooling.batch.AlonsoMora.AlonsoMoraAssignment-INFO-OPT TIMES:sim_time;4860,setup;0.0,rr;0.0,rv;0.0,build;0.0,opt;0.0033254623413085938,all;0.0033254623413085938
23864-src.fleetctrl.pooling.batch.AlonsoMora.AlonsoMoraAssignment-INFO-Opt stats at sim time 4860 : opt duration 0.0033254623413085938 | res cfv -199614.142848041
23864-src.fleetctrl.pooling.batch.AlonsoMora.AlonsoMoraAssignment-INFO-Number of rtv_keys in trees:
23864-src.fleetctrl.pooling.batch.AlonsoMora.AlonsoMoraAssignment-INFO-N 1 : 0 | plans_ 0
23864-src.fleetctrl.pooling.batch.AlonsoMora.AlonsoMoraAssignment-INFO-N 2 : 1 | plans_ 1
23864-src.fleetctrl.pooling.batch.AlonsoMora.AlonsoMoraAssignment-INFO-Objective value at time 4860 for AM: -199614.142848041
23864-src.fleetctrl.pooling.batch.AlonsoMora.AlonsoMoraAssignment-INFO-=========
23864-src.fleetctrl.pooling.batch.AlonsoMora.AlonsoMoraAssignment-INFO-OPT TIME 4920:
23864-src.fleetctrl.pooling.batch.AlonsoMora.AlonsoMoraAssignment-INFO-solution status 2
23864-src.fleetctrl.pooling.batch.AlonsoMora.AlonsoMoraAssignment-INFO-number solutions 1
23864-src.fleetctrl.pooling.batch.AlonsoMora.AlonsoMoraAssignment-INFO-number opt requests 2 | number revealed requests 2 | number active requests: 2
23864-src.fleetctrl.pooling.batch.AlonsoMora.AlonsoMoraAssignment-INFO-number rtv_objs: 5
23864-src.fleetctrl.pooling.batch.AlonsoMora.AlonsoMoraAssignment-INFO-OPT TIMES:sim_time;4920,setup;0.0,rr;0.0,rv;0.02242755889892578,build;0.0015285015106201172,opt;0.002897977828979492,all;0.02685403823852539
23864-src.fleetctrl.pooling.batch.AlonsoMora.AlonsoMoraAssignment-INFO-Opt stats at sim time 4920 : opt duration 0.02685403823852539 | res cfv -199680.77312963153
23864-src.fleetctrl.pooling.batch.AlonsoMora.AlonsoMoraAssignment-INFO-Number of rtv_keys in trees:
23864-src.fleetctrl.pooling.batch.AlonsoMora.AlonsoMoraAssignment-INFO-N 1 : 5 | plans_ 5
23864-src.fleetctrl.pooling.batch.AlonsoMora.AlonsoMoraAssignment-INFO-N 2 : 0 | plans_ 0
23864-src.fleetctrl.pooling.batch.AlonsoMora.AlonsoMoraAssignment-INFO-N 3 : 0 | plans_ 0
23864-src.fleetctrl.pooling.batch.AlonsoMora.AlonsoMoraAssignment-INFO-N 4 : 0 | plans_ 0
23864-src.fleetctrl.pooling.batch.AlonsoMora.AlonsoMoraAssignment-INFO-Objective value at time 4920 for AM: -199680.77312963153
23864-src.fleetctrl.pooling.batch.AlonsoMora.AlonsoMoraAssignment-INFO-=========
23864-src.fleetctrl.pooling.batch.AlonsoMora.AlonsoMoraAssignment-INFO-OPT TIME 4920:
23864-src.fleetctrl.pooling.batch.AlonsoMora.AlonsoMoraAssignment-INFO-solution status 2
23864-src.fleetctrl.pooling.batch.AlonsoMora.AlonsoMoraAssignment-INFO-number solutions 1
23864-src.fleetctrl.pooling.batch.AlonsoMora.AlonsoMoraAssignment-INFO-number opt requests 3 | number revealed requests 3 | number active requests: 3
23864-src.fleetctrl.pooling.batch.AlonsoMora.AlonsoMoraAssignment-INFO-number rtv_objs: 5
23864-src.fleetctrl.pooling.batch.AlonsoMora.AlonsoMoraAssignment-INFO-OPT TIMES:sim_time;4920,setup;0.0,rr;0.0,rv;0.032099246978759766,build;0.003141641616821289,opt;0.0021944046020507812,all;0.037435293197631836
23864-src.fleetctrl.pooling.batch.AlonsoMora.AlonsoMoraAssignment-INFO-Opt stats at sim time 4920 : opt duration 0.037435293197631836 | res cfv -299383.0464185725
23864-src.fleetctrl.pooling.batch.AlonsoMora.AlonsoMoraAssignment-INFO-Number of rtv_keys in trees:
23864-src.fleetctrl.pooling.batch.AlonsoMora.AlonsoMoraAssignment-INFO-N 1 : 4 | plans_ 4
23864-src.fleetctrl.pooling.batch.AlonsoMora.AlonsoMoraAssignment-INFO-N 2 : 1 | plans_ 1
23864-src.fleetctrl.pooling.batch.AlonsoMora.AlonsoMoraAssignment-INFO-Objective value at time 4920 for AM: -299383.0464185725
23864-src.fleetctrl.pooling.batch.AlonsoMora.AlonsoMoraAssignment-INFO-=========
23864-src.fleetctrl.pooling.batch.AlonsoMora.AlonsoMoraAssignment-INFO-OPT TIME 4980:
23864-src.fleetctrl.pooling.batch.AlonsoMora.AlonsoMoraAssignment-INFO-solution status 2
23864-src.fleetctrl.pooling.batch.AlonsoMora.AlonsoMoraAssignment-INFO-number solutions 2
23864-src.fleetctrl.pooling.batch.AlonsoMora.AlonsoMoraAssignment-INFO-number opt requests 4 | number revealed requests 4 | number active requests: 4
23864-src.fleetctrl.pooling.batch.AlonsoMora.AlonsoMoraAssignment-INFO-number rtv_objs: 9
23864-src.fleetctrl.pooling.batch.AlonsoMora.AlonsoMoraAssignment-INFO-OPT TIMES:sim_time;4980,setup;0.0,rr;0.0,rv;0.06162095069885254,build;0.018670082092285156,opt;0.003107786178588867,all;0.08339881896972656
23864-src.fleetctrl.pooling.batch.AlonsoMora.AlonsoMoraAssignment-INFO-Opt stats at sim time 4980 : opt duration 0.08339881896972656 | res cfv -399314.9925858669
23864-src.fleetctrl.pooling.batch.AlonsoMora.AlonsoMoraAssignment-INFO-Number of rtv_keys in trees:
23864-src.fleetctrl.pooling.batch.AlonsoMora.AlonsoMoraAssignment-INFO-N 1 : 8 | plans_ 8
23864-src.fleetctrl.pooling.batch.AlonsoMora.AlonsoMoraAssignment-INFO-N 2 : 1 | plans_ 1
23864-src.fleetctrl.pooling.batch.AlonsoMora.AlonsoMoraAssignment-INFO-N 3 : 0 | plans_ 0
23864-src.fleetctrl.pooling.batch.AlonsoMora.AlonsoMoraAssignment-INFO-N 4 : 0 | plans_ 0
23864-src.fleetctrl.pooling.batch.AlonsoMora.AlonsoMoraAssignment-INFO-Objective value at time 4980 for AM: -399314.9925858669
23864-src.fleetctrl.pooling.batch.AlonsoMora.AlonsoMoraAssignment-INFO-=========
23864-src.fleetctrl.pooling.batch.AlonsoMora.AlonsoMoraAssignment-INFO-OPT TIME 4980:
23864-src.fleetctrl.pooling.batch.AlonsoMora.AlonsoMoraAssignment-INFO-solution status 2
23864-src.fleetctrl.pooling.batch.AlonsoMora.AlonsoMoraAssignment-INFO-number solutions 1
23864-src.fleetctrl.pooling.batch.AlonsoMora.AlonsoMoraAssignment-INFO-number opt requests 2 | number revealed requests 2 | number active requests: 2
23864-src.fleetctrl.pooling.batch.AlonsoMora.AlonsoMoraAssignment-INFO-number rtv_objs: 2
23864-src.fleetctrl.pooling.batch.AlonsoMora.AlonsoMoraAssignment-INFO-OPT TIMES:sim_time;4980,setup;0.0,rr;0.0,rv;0.0,build;0.007759571075439453,opt;0.0016446113586425781,all;0.009404182434082031
23864-src.fleetctrl.pooling.batch.AlonsoMora.AlonsoMoraAssignment-INFO-Opt stats at sim time 4980 : opt duration 0.009404182434082031 | res cfv -199564.3590295856
23864-src.fleetctrl.pooling.batch.AlonsoMora.AlonsoMoraAssignment-INFO-Number of rtv_keys in trees:
23864-src.fleetctrl.pooling.batch.AlonsoMora.AlonsoMoraAssignment-INFO-N 1 : 2 | plans_ 2
23864-src.fleetctrl.pooling.batch.AlonsoMora.AlonsoMoraAssignment-INFO-N 2 : 0 | plans_ 0
23864-src.fleetctrl.pooling.batch.AlonsoMora.AlonsoMoraAssignment-INFO-Objective value at time 4980 for AM: -199564.3590295856
23864-src.fleetctrl.pooling.batch.AlonsoMora.AlonsoMoraAssignment-INFO-=========
23864-src.fleetctrl.pooling.batch.AlonsoMora.AlonsoMoraAssignment-INFO-OPT TIME 5040:
23864-src.fleetctrl.pooling.batch.AlonsoMora.AlonsoMoraAssignment-INFO-solution status 2
23864-src.fleetctrl.pooling.batch.AlonsoMora.AlonsoMoraAssignment-INFO-number solutions 1
23864-src.fleetctrl.pooling.batch.AlonsoMora.AlonsoMoraAssignment-INFO-number opt requests 4 | number revealed requests 4 | number active requests: 4
23864-src.fleetctrl.pooling.batch.AlonsoMora.AlonsoMoraAssignment-INFO-number rtv_objs: 5
23864-src.fleetctrl.pooling.batch.AlonsoMora.AlonsoMoraAssignment-INFO-OPT TIMES:sim_time;5040,setup;0.0005178451538085938,rr;0.0,rv;0.0,build;0.0,opt;0.0025720596313476562,all;0.00308990478515625
23864-src.fleetctrl.pooling.batch.AlonsoMora.AlonsoMoraAssignment-INFO-Opt stats at sim time 5040 : opt duration 0.00308990478515625 | res cfv -399367.3416498888
23864-src.fleetctrl.pooling.batch.AlonsoMora.AlonsoMoraAssignment-INFO-Number of rtv_keys in trees:
23864-src.fleetctrl.pooling.batch.AlonsoMora.AlonsoMoraAssignment-INFO-N 1 : 4 | plans_ 4
23864-src.fleetctrl.pooling.batch.AlonsoMora.AlonsoMoraAssignment-INFO-N 2 : 1 | plans_ 1
23864-src.fleetctrl.pooling.batch.AlonsoMora.AlonsoMoraAssignment-INFO-N 3 : 0 | plans_ 0
23864-src.fleetctrl.pooling.batch.AlonsoMora.AlonsoMoraAssignment-INFO-N 4 : 0 | plans_ 0
23864-src.fleetctrl.pooling.batch.AlonsoMora.AlonsoMoraAssignment-INFO-Objective value at time 5040 for AM: -399367.3416498888
23864-src.fleetctrl.pooling.batch.AlonsoMora.AlonsoMoraAssignment-INFO-=========
23864-src.fleetctrl.pooling.batch.AlonsoMora.AlonsoMoraAssignment-INFO-OPT TIME 5040:
23864-src.fleetctrl.pooling.batch.AlonsoMora.AlonsoMoraAssignment-INFO-solution status 2
23864-src.fleetctrl.pooling.batch.AlonsoMora.AlonsoMoraAssignment-INFO-number solutions 1
23864-src.fleetctrl.pooling.batch.AlonsoMora.AlonsoMoraAssignment-INFO-number opt requests 2 | number revealed requests 2 | number active requests: 2
23864-src.fleetctrl.pooling.batch.AlonsoMora.AlonsoMoraAssignment-INFO-number rtv_objs: 2
23864-src.fleetctrl.pooling.batch.AlonsoMora.AlonsoMoraAssignment-INFO-OPT TIMES:sim_time;5040,setup;0.0,rr;0.0,rv;0.0,build;0.0,opt;0.0015549659729003906,all;0.0015549659729003906
23864-src.fleetctrl.pooling.batch.AlonsoMora.AlonsoMoraAssignment-INFO-Opt stats at sim time 5040 : opt duration 0.0015549659729003906 | res cfv -199592.14196907828
23864-src.fleetctrl.pooling.batch.AlonsoMora.AlonsoMoraAssignment-INFO-Number of rtv_keys in trees:
23864-src.fleetctrl.pooling.batch.AlonsoMora.AlonsoMoraAssignment-INFO-N 1 : 2 | plans_ 2
23864-src.fleetctrl.pooling.batch.AlonsoMora.AlonsoMoraAssignment-INFO-N 2 : 0 | plans_ 0
23864-src.fleetctrl.pooling.batch.AlonsoMora.AlonsoMoraAssignment-INFO-Objective value at time 5040 for AM: -199592.14196907828
23864-src.fleetctrl.pooling.batch.AlonsoMora.AlonsoMoraAssignment-INFO-=========
23864-src.fleetctrl.pooling.batch.AlonsoMora.AlonsoMoraAssignment-INFO-OPT TIME 5100:
23864-src.fleetctrl.pooling.batch.AlonsoMora.AlonsoMoraAssignment-INFO-solution status 2
23864-src.fleetctrl.pooling.batch.AlonsoMora.AlonsoMoraAssignment-INFO-number solutions 1
23864-src.fleetctrl.pooling.batch.AlonsoMora.AlonsoMoraAssignment-INFO-number opt requests 3 | number revealed requests 3 | number active requests: 3
23864-src.fleetctrl.pooling.batch.AlonsoMora.AlonsoMoraAssignment-INFO-number rtv_objs: 4
23864-src.fleetctrl.pooling.batch.AlonsoMora.AlonsoMoraAssignment-INFO-OPT TIMES:sim_time;5100,setup;0.0,rr;0.0,rv;0.0,build;0.0,opt;0.003119945526123047,all;0.003119945526123047
23864-src.fleetctrl.pooling.batch.AlonsoMora.AlonsoMoraAssignment-INFO-Opt stats at sim time 5100 : opt duration 0.003119945526123047 | res cfv -299491.20146857813
23864-src.fleetctrl.pooling.batch.AlonsoMora.AlonsoMoraAssignment-INFO-Number of rtv_keys in trees:
23864-src.fleetctrl.pooling.batch.AlonsoMora.AlonsoMoraAssignment-INFO-N 1 : 3 | plans_ 3
23864-src.fleetctrl.pooling.batch.AlonsoMora.AlonsoMoraAssignment-INFO-N 2 : 1 | plans_ 1
23864-src.fleetctrl.pooling.batch.AlonsoMora.AlonsoMoraAssignment-INFO-N 3 : 0 | plans_ 0
23864-src.fleetctrl.pooling.batch.AlonsoMora.AlonsoMoraAssignment-INFO-N 4 : 0 | plans_ 0
23864-src.fleetctrl.pooling.batch.AlonsoMora.AlonsoMoraAssignment-INFO-Objective value at time 5100 for AM: -299491.20146857813
23864-src.fleetctrl.pooling.batch.AlonsoMora.AlonsoMoraAssignment-INFO-=========
23864-src.fleetctrl.pooling.batch.AlonsoMora.AlonsoMoraAssignment-INFO-OPT TIME 5100:
23864-src.fleetctrl.pooling.batch.AlonsoMora.AlonsoMoraAssignment-INFO-solution status 2
23864-src.fleetctrl.pooling.batch.AlonsoMora.AlonsoMoraAssignment-INFO-number solutions 1
23864-src.fleetctrl.pooling.batch.AlonsoMora.AlonsoMoraAssignment-INFO-number opt requests 2 | number revealed requests 2 | number active requests: 2
23864-src.fleetctrl.pooling.batch.AlonsoMora.AlonsoMoraAssignment-INFO-number rtv_objs: 5
23864-src.fleetctrl.pooling.batch.AlonsoMora.AlonsoMoraAssignment-INFO-OPT TIMES:sim_time;5100,setup;0.0,rr;0.0,rv;0.03908181190490723,build;0.0017917156219482422,opt;0.0016176700592041016,all;0.04249119758605957
23864-src.fleetctrl.pooling.batch.AlonsoMora.AlonsoMoraAssignment-INFO-Opt stats at sim time 5100 : opt duration 0.04249119758605957 | res cfv -199591.47680059395
23864-src.fleetctrl.pooling.batch.AlonsoMora.AlonsoMoraAssignment-INFO-Number of rtv_keys in trees:
23864-src.fleetctrl.pooling.batch.AlonsoMora.AlonsoMoraAssignment-INFO-N 1 : 5 | plans_ 5
23864-src.fleetctrl.pooling.batch.AlonsoMora.AlonsoMoraAssignment-INFO-N 2 : 0 | plans_ 0
23864-src.fleetctrl.pooling.batch.AlonsoMora.AlonsoMoraAssignment-INFO-Objective value at time 5100 for AM: -199591.47680059395
23864-src.fleetctrl.pooling.batch.AlonsoMora.AlonsoMoraAssignment-INFO-=========
23864-src.fleetctrl.pooling.batch.AlonsoMora.AlonsoMoraAssignment-INFO-OPT TIME 5160:
23864-src.fleetctrl.pooling.batch.AlonsoMora.AlonsoMoraAssignment-INFO-solution status 2
23864-src.fleetctrl.pooling.batch.AlonsoMora.AlonsoMoraAssignment-INFO-number solutions 1
23864-src.fleetctrl.pooling.batch.AlonsoMora.AlonsoMoraAssignment-INFO-number opt requests 3 | number revealed requests 3 | number active requests: 3
23864-src.fleetctrl.pooling.batch.AlonsoMora.AlonsoMoraAssignment-INFO-number rtv_objs: 3
23864-src.fleetctrl.pooling.batch.AlonsoMora.AlonsoMoraAssignment-INFO-OPT TIMES:sim_time;5160,setup;0.0,rr;0.0,rv;0.0,build;0.0,opt;0.0015676021575927734,all;0.0015676021575927734
23864-src.fleetctrl.pooling.batch.AlonsoMora.AlonsoMoraAssignment-INFO-Opt stats at sim time 5160 : opt duration 0.0015676021575927734 | res cfv -299528.5548484646
23864-src.fleetctrl.pooling.batch.AlonsoMora.AlonsoMoraAssignment-INFO-Number of rtv_keys in trees:
23864-src.fleetctrl.pooling.batch.AlonsoMora.AlonsoMoraAssignment-INFO-N 1 : 3 | plans_ 3
23864-src.fleetctrl.pooling.batch.AlonsoMora.AlonsoMoraAssignment-INFO-N 2 : 0 | plans_ 0
23864-src.fleetctrl.pooling.batch.AlonsoMora.AlonsoMoraAssignment-INFO-N 3 : 0 | plans_ 0
23864-src.fleetctrl.pooling.batch.AlonsoMora.AlonsoMoraAssignment-INFO-N 4 : 0 | plans_ 0
23864-src.fleetctrl.pooling.batch.AlonsoMora.AlonsoMoraAssignment-INFO-Objective value at time 5160 for AM: -299528.5548484646
23864-src.fleetctrl.pooling.batch.AlonsoMora.AlonsoMoraAssignment-INFO-=========
23864-src.fleetctrl.pooling.batch.AlonsoMora.AlonsoMoraAssignment-INFO-OPT TIME 5160:
23864-src.fleetctrl.pooling.batch.AlonsoMora.AlonsoMoraAssignment-INFO-solution status 2
23864-src.fleetctrl.pooling.batch.AlonsoMora.AlonsoMoraAssignment-INFO-number solutions 1
23864-src.fleetctrl.pooling.batch.AlonsoMora.AlonsoMoraAssignment-INFO-number opt requests 3 | number revealed requests 3 | number active requests: 3
23864-src.fleetctrl.pooling.batch.AlonsoMora.AlonsoMoraAssignment-INFO-number rtv_objs: 6
23864-src.fleetctrl.pooling.batch.AlonsoMora.AlonsoMoraAssignment-INFO-OPT TIMES:sim_time;5160,setup;0.0,rr;0.0,rv;0.032269954681396484,build;0.00154876708984375,opt;0.0030527114868164062,all;0.03687143325805664
23864-src.fleetctrl.pooling.batch.AlonsoMora.AlonsoMoraAssignment-INFO-Opt stats at sim time 5160 : opt duration 0.03687143325805664 | res cfv -299425.7354324674
23864-src.fleetctrl.pooling.batch.AlonsoMora.AlonsoMoraAssignment-INFO-Number of rtv_keys in trees:
23864-src.fleetctrl.pooling.batch.AlonsoMora.AlonsoMoraAssignment-INFO-N 1 : 5 | plans_ 5
23864-src.fleetctrl.pooling.batch.AlonsoMora.AlonsoMoraAssignment-INFO-N 2 : 1 | plans_ 2
23864-src.fleetctrl.pooling.batch.AlonsoMora.AlonsoMoraAssignment-INFO-Objective value at time 5160 for AM: -299425.7354324674
23864-src.fleetctrl.pooling.batch.AlonsoMora.AlonsoMoraAssignment-INFO-=========
23864-src.fleetctrl.pooling.batch.AlonsoMora.AlonsoMoraAssignment-INFO-OPT TIME 5220:
23864-src.fleetctrl.pooling.batch.AlonsoMora.AlonsoMoraAssignment-INFO-solution status 2
23864-src.fleetctrl.pooling.batch.AlonsoMora.AlonsoMoraAssignment-INFO-number solutions 1
23864-src.fleetctrl.pooling.batch.AlonsoMora.AlonsoMoraAssignment-INFO-number opt requests 3 | number revealed requests 3 | number active requests: 3
23864-src.fleetctrl.pooling.batch.AlonsoMora.AlonsoMoraAssignment-INFO-number rtv_objs: 6
23864-src.fleetctrl.pooling.batch.AlonsoMora.AlonsoMoraAssignment-INFO-OPT TIMES:sim_time;5220,setup;0.0010161399841308594,rr;0.0,rv;0.02842235565185547,build;0.0015230178833007812,opt;0.002559185028076172,all;0.03352069854736328
23864-src.fleetctrl.pooling.batch.AlonsoMora.AlonsoMoraAssignment-INFO-Opt stats at sim time 5220 : opt duration 0.03352069854736328 | res cfv -299418.32949800603
23864-src.fleetctrl.pooling.batch.AlonsoMora.AlonsoMoraAssignment-INFO-Number of rtv_keys in trees:
23864-src.fleetctrl.pooling.batch.AlonsoMora.AlonsoMoraAssignment-INFO-N 1 : 5 | plans_ 5
23864-src.fleetctrl.pooling.batch.AlonsoMora.AlonsoMoraAssignment-INFO-N 2 : 1 | plans_ 1
23864-src.fleetctrl.pooling.batch.AlonsoMora.AlonsoMoraAssignment-INFO-N 3 : 0 | plans_ 0
23864-src.fleetctrl.pooling.batch.AlonsoMora.AlonsoMoraAssignment-INFO-N 4 : 0 | plans_ 0
23864-src.fleetctrl.pooling.batch.AlonsoMora.AlonsoMoraAssignment-INFO-Objective value at time 5220 for AM: -299418.32949800603
23864-src.fleetctrl.pooling.batch.AlonsoMora.AlonsoMoraAssignment-INFO-=========
23864-src.fleetctrl.pooling.batch.AlonsoMora.AlonsoMoraAssignment-INFO-OPT TIME 5220:
23864-src.fleetctrl.pooling.batch.AlonsoMora.AlonsoMoraAssignment-INFO-solution status 2
23864-src.fleetctrl.pooling.batch.AlonsoMora.AlonsoMoraAssignment-INFO-number solutions 1
23864-src.fleetctrl.pooling.batch.AlonsoMora.AlonsoMoraAssignment-INFO-number opt requests 3 | number revealed requests 3 | number active requests: 3
23864-src.fleetctrl.pooling.batch.AlonsoMora.AlonsoMoraAssignment-INFO-number rtv_objs: 3
23864-src.fleetctrl.pooling.batch.AlonsoMora.AlonsoMoraAssignment-INFO-OPT TIMES:sim_time;5220,setup;0.0010271072387695312,rr;0.0,rv;0.0,build;0.0,opt;0.002026081085205078,all;0.0030531883239746094
23864-src.fleetctrl.pooling.batch.AlonsoMora.AlonsoMoraAssignment-INFO-Opt stats at sim time 5220 : opt duration 0.0030531883239746094 | res cfv -299474.7854212726
23864-src.fleetctrl.pooling.batch.AlonsoMora.AlonsoMoraAssignment-INFO-Number of rtv_keys in trees:
23864-src.fleetctrl.pooling.batch.AlonsoMora.AlonsoMoraAssignment-INFO-N 1 : 3 | plans_ 3
23864-src.fleetctrl.pooling.batch.AlonsoMora.AlonsoMoraAssignment-INFO-N 2 : 0 | plans_ 0
23864-src.fleetctrl.pooling.batch.AlonsoMora.AlonsoMoraAssignment-INFO-Objective value at time 5220 for AM: -299474.7854212726
23864-src.fleetctrl.pooling.batch.AlonsoMora.AlonsoMoraAssignment-INFO-=========
23864-src.fleetctrl.pooling.batch.AlonsoMora.AlonsoMoraAssignment-INFO-OPT TIME 5280:
23864-src.fleetctrl.pooling.batch.AlonsoMora.AlonsoMoraAssignment-INFO-solution status 2
23864-src.fleetctrl.pooling.batch.AlonsoMora.AlonsoMoraAssignment-INFO-number solutions 1
23864-src.fleetctrl.pooling.batch.AlonsoMora.AlonsoMoraAssignment-INFO-number opt requests 2 | number revealed requests 2 | number active requests: 2
23864-src.fleetctrl.pooling.batch.AlonsoMora.AlonsoMoraAssignment-INFO-number rtv_objs: 2
23864-src.fleetctrl.pooling.batch.AlonsoMora.AlonsoMoraAssignment-INFO-OPT TIMES:sim_time;5280,setup;0.0,rr;0.0,rv;0.0,build;0.0,opt;0.0026199817657470703,all;0.0026199817657470703
23864-src.fleetctrl.pooling.batch.AlonsoMora.AlonsoMoraAssignment-INFO-Opt stats at sim time 5280 : opt duration 0.0026199817657470703 | res cfv -199575.30375015928
23864-src.fleetctrl.pooling.batch.AlonsoMora.AlonsoMoraAssignment-INFO-Number of rtv_keys in trees:
23864-src.fleetctrl.pooling.batch.AlonsoMora.AlonsoMoraAssignment-INFO-N 1 : 2 | plans_ 2
23864-src.fleetctrl.pooling.batch.AlonsoMora.AlonsoMoraAssignment-INFO-N 2 : 0 | plans_ 0
23864-src.fleetctrl.pooling.batch.AlonsoMora.AlonsoMoraAssignment-INFO-N 3 : 0 | plans_ 0
23864-src.fleetctrl.pooling.batch.AlonsoMora.AlonsoMoraAssignment-INFO-N 4 : 0 | plans_ 0
23864-src.fleetctrl.pooling.batch.AlonsoMora.AlonsoMoraAssignment-INFO-Objective value at time 5280 for AM: -199575.30375015928
23864-src.fleetctrl.pooling.batch.AlonsoMora.AlonsoMoraAssignment-INFO-=========
23864-src.fleetctrl.pooling.batch.AlonsoMora.AlonsoMoraAssignment-INFO-OPT TIME 5280:
23864-src.fleetctrl.pooling.batch.AlonsoMora.AlonsoMoraAssignment-INFO-solution status 2
23864-src.fleetctrl.pooling.batch.AlonsoMora.AlonsoMoraAssignment-INFO-number solutions 1
23864-src.fleetctrl.pooling.batch.AlonsoMora.AlonsoMoraAssignment-INFO-number opt requests 3 | number revealed requests 3 | number active requests: 3
23864-src.fleetctrl.pooling.batch.AlonsoMora.AlonsoMoraAssignment-INFO-number rtv_objs: 3
23864-src.fleetctrl.pooling.batch.AlonsoMora.AlonsoMoraAssignment-INFO-OPT TIMES:sim_time;5280,setup;0.0,rr;0.0,rv;0.0,build;0.0,opt;0.0031859874725341797,all;0.0031859874725341797
23864-src.fleetctrl.pooling.batch.AlonsoMora.AlonsoMoraAssignment-INFO-Opt stats at sim time 5280 : opt duration 0.0031859874725341797 | res cfv -299522.95835344214
23864-src.fleetctrl.pooling.batch.AlonsoMora.AlonsoMoraAssignment-INFO-Number of rtv_keys in trees:
23864-src.fleetctrl.pooling.batch.AlonsoMora.AlonsoMoraAssignment-INFO-N 1 : 3 | plans_ 3
23864-src.fleetctrl.pooling.batch.AlonsoMora.AlonsoMoraAssignment-INFO-N 2 : 0 | plans_ 0
23864-src.fleetctrl.pooling.batch.AlonsoMora.AlonsoMoraAssignment-INFO-Objective value at time 5280 for AM: -299522.95835344214
23864-src.fleetctrl.pooling.batch.AlonsoMora.AlonsoMoraAssignment-INFO-=========
23864-src.fleetctrl.pooling.batch.AlonsoMora.AlonsoMoraAssignment-INFO-OPT TIME 5340:
23864-src.fleetctrl.pooling.batch.AlonsoMora.AlonsoMoraAssignment-INFO-solution status 2
23864-src.fleetctrl.pooling.batch.AlonsoMora.AlonsoMoraAssignment-INFO-number solutions 1
23864-src.fleetctrl.pooling.batch.AlonsoMora.AlonsoMoraAssignment-INFO-number opt requests 2 | number revealed requests 2 | number active requests: 2
23864-src.fleetctrl.pooling.batch.AlonsoMora.AlonsoMoraAssignment-INFO-number rtv_objs: 2
23864-src.fleetctrl.pooling.batch.AlonsoMora.AlonsoMoraAssignment-INFO-OPT TIMES:sim_time;5340,setup;0.0,rr;0.0,rv;0.0,build;0.0015668869018554688,opt;0.0016150474548339844,all;0.003181934356689453
23864-src.fleetctrl.pooling.batch.AlonsoMora.AlonsoMoraAssignment-INFO-Opt stats at sim time 5340 : opt duration 0.003181934356689453 | res cfv -199602.19287741283
23864-src.fleetctrl.pooling.batch.AlonsoMora.AlonsoMoraAssignment-INFO-Number of rtv_keys in trees:
23864-src.fleetctrl.pooling.batch.AlonsoMora.AlonsoMoraAssignment-INFO-N 1 : 2 | plans_ 2
23864-src.fleetctrl.pooling.batch.AlonsoMora.AlonsoMoraAssignment-INFO-N 2 : 0 | plans_ 0
23864-src.fleetctrl.pooling.batch.AlonsoMora.AlonsoMoraAssignment-INFO-N 3 : 0 | plans_ 0
23864-src.fleetctrl.pooling.batch.AlonsoMora.AlonsoMoraAssignment-INFO-N 4 : 0 | plans_ 0
23864-src.fleetctrl.pooling.batch.AlonsoMora.AlonsoMoraAssignment-INFO-Objective value at time 5340 for AM: -199602.19287741283
23864-src.fleetctrl.pooling.batch.AlonsoMora.AlonsoMoraAssignment-INFO-=========
23864-src.fleetctrl.pooling.batch.AlonsoMora.AlonsoMoraAssignment-INFO-OPT TIME 5340:
23864-src.fleetctrl.pooling.batch.AlonsoMora.AlonsoMoraAssignment-INFO-solution status 2
23864-src.fleetctrl.pooling.batch.AlonsoMora.AlonsoMoraAssignment-INFO-number solutions 1
23864-src.fleetctrl.pooling.batch.AlonsoMora.AlonsoMoraAssignment-INFO-number opt requests 2 | number revealed requests 2 | number active requests: 2
23864-src.fleetctrl.pooling.batch.AlonsoMora.AlonsoMoraAssignment-INFO-number rtv_objs: 2
23864-src.fleetctrl.pooling.batch.AlonsoMora.AlonsoMoraAssignment-INFO-OPT TIMES:sim_time;5340,setup;0.0,rr;0.0,rv;0.0,build;0.0,opt;0.0021109580993652344,all;0.0021109580993652344
23864-src.fleetctrl.pooling.batch.AlonsoMora.AlonsoMoraAssignment-INFO-Opt stats at sim time 5340 : opt duration 0.0021109580993652344 | res cfv -199736.02536147187
23864-src.fleetctrl.pooling.batch.AlonsoMora.AlonsoMoraAssignment-INFO-Number of rtv_keys in trees:
23864-src.fleetctrl.pooling.batch.AlonsoMora.AlonsoMoraAssignment-INFO-N 1 : 2 | plans_ 2
23864-src.fleetctrl.pooling.batch.AlonsoMora.AlonsoMoraAssignment-INFO-N 2 : 0 | plans_ 0
23864-src.fleetctrl.pooling.batch.AlonsoMora.AlonsoMoraAssignment-INFO-Objective value at time 5340 for AM: -199736.02536147187
23864-src.fleetctrl.pooling.batch.AlonsoMora.AlonsoMoraAssignment-INFO-=========
23864-src.fleetctrl.pooling.batch.AlonsoMora.AlonsoMoraAssignment-INFO-OPT TIME 5400:
23864-src.fleetctrl.pooling.batch.AlonsoMora.AlonsoMoraAssignment-INFO-solution status 2
23864-src.fleetctrl.pooling.batch.AlonsoMora.AlonsoMoraAssignment-INFO-number solutions 1
23864-src.fleetctrl.pooling.batch.AlonsoMora.AlonsoMoraAssignment-INFO-number opt requests 3 | number revealed requests 3 | number active requests: 3
23864-src.fleetctrl.pooling.batch.AlonsoMora.AlonsoMoraAssignment-INFO-number rtv_objs: 7
23864-src.fleetctrl.pooling.batch.AlonsoMora.AlonsoMoraAssignment-INFO-OPT TIMES:sim_time;5400,setup;0.0,rr;0.0,rv;0.01261281967163086,build;0.0015606880187988281,opt;0.003145456314086914,all;0.0173189640045166
23864-src.fleetctrl.pooling.batch.AlonsoMora.AlonsoMoraAssignment-INFO-Opt stats at sim time 5400 : opt duration 0.0173189640045166 | res cfv -299437.6640436404
23864-src.fleetctrl.pooling.batch.AlonsoMora.AlonsoMoraAssignment-INFO-Number of rtv_keys in trees:
23864-src.fleetctrl.pooling.batch.AlonsoMora.AlonsoMoraAssignment-INFO-N 1 : 5 | plans_ 5
23864-src.fleetctrl.pooling.batch.AlonsoMora.AlonsoMoraAssignment-INFO-N 2 : 2 | plans_ 2
23864-src.fleetctrl.pooling.batch.AlonsoMora.AlonsoMoraAssignment-INFO-N 3 : 0 | plans_ 0
23864-src.fleetctrl.pooling.batch.AlonsoMora.AlonsoMoraAssignment-INFO-N 4 : 0 | plans_ 0
23864-src.fleetctrl.pooling.batch.AlonsoMora.AlonsoMoraAssignment-INFO-Objective value at time 5400 for AM: -299437.6640436404
23864-src.fleetctrl.pooling.batch.AlonsoMora.AlonsoMoraAssignment-INFO-=========
23864-src.fleetctrl.pooling.batch.AlonsoMora.AlonsoMoraAssignment-INFO-OPT TIME 5400:
23864-src.fleetctrl.pooling.batch.AlonsoMora.AlonsoMoraAssignment-INFO-solution status 2
23864-src.fleetctrl.pooling.batch.AlonsoMora.AlonsoMoraAssignment-INFO-number solutions 1
23864-src.fleetctrl.pooling.batch.AlonsoMora.AlonsoMoraAssignment-INFO-number opt requests 2 | number revealed requests 2 | number active requests: 2
23864-src.fleetctrl.pooling.batch.AlonsoMora.AlonsoMoraAssignment-INFO-number rtv_objs: 6
23864-src.fleetctrl.pooling.batch.AlonsoMora.AlonsoMoraAssignment-INFO-OPT TIMES:sim_time;5400,setup;0.0,rr;0.0,rv;0.014102935791015625,build;0.0,opt;0.004803657531738281,all;0.018906593322753906
23864-src.fleetctrl.pooling.batch.AlonsoMora.AlonsoMoraAssignment-INFO-Opt stats at sim time 5400 : opt duration 0.018906593322753906 | res cfv -199691.5815846439
23864-src.fleetctrl.pooling.batch.AlonsoMora.AlonsoMoraAssignment-INFO-Number of rtv_keys in trees:
23864-src.fleetctrl.pooling.batch.AlonsoMora.AlonsoMoraAssignment-INFO-N 1 : 5 | plans_ 5
23864-src.fleetctrl.pooling.batch.AlonsoMora.AlonsoMoraAssignment-INFO-N 2 : 1 | plans_ 1
23864-src.fleetctrl.pooling.batch.AlonsoMora.AlonsoMoraAssignment-INFO-Objective value at time 5400 for AM: -199691.5815846439
23864-src.fleetctrl.pooling.batch.AlonsoMora.AlonsoMoraAssignment-INFO-=========
23864-src.fleetctrl.pooling.batch.AlonsoMora.AlonsoMoraAssignment-INFO-OPT TIME 5460:
23864-src.fleetctrl.pooling.batch.AlonsoMora.AlonsoMoraAssignment-INFO-solution status 2
23864-src.fleetctrl.pooling.batch.AlonsoMora.AlonsoMoraAssignment-INFO-number solutions 1
23864-src.fleetctrl.pooling.batch.AlonsoMora.AlonsoMoraAssignment-INFO-number opt requests 3 | number revealed requests 3 | number active requests: 3
23864-src.fleetctrl.pooling.batch.AlonsoMora.AlonsoMoraAssignment-INFO-number rtv_objs: 7
23864-src.fleetctrl.pooling.batch.AlonsoMora.AlonsoMoraAssignment-INFO-OPT TIMES:sim_time;5460,setup;0.0,rr;0.0,rv;0.0075528621673583984,build;0.0030241012573242188,opt;0.0025315284729003906,all;0.013108491897583008
23864-src.fleetctrl.pooling.batch.AlonsoMora.AlonsoMoraAssignment-INFO-Opt stats at sim time 5460 : opt duration 0.013108491897583008 | res cfv -299471.37928912934
23864-src.fleetctrl.pooling.batch.AlonsoMora.AlonsoMoraAssignment-INFO-Number of rtv_keys in trees:
23864-src.fleetctrl.pooling.batch.AlonsoMora.AlonsoMoraAssignment-INFO-N 1 : 5 | plans_ 5
23864-src.fleetctrl.pooling.batch.AlonsoMora.AlonsoMoraAssignment-INFO-N 2 : 2 | plans_ 2
23864-src.fleetctrl.pooling.batch.AlonsoMora.AlonsoMoraAssignment-INFO-N 3 : 0 | plans_ 0
23864-src.fleetctrl.pooling.batch.AlonsoMora.AlonsoMoraAssignment-INFO-N 4 : 0 | plans_ 0
23864-src.fleetctrl.pooling.batch.AlonsoMora.AlonsoMoraAssignment-INFO-Objective value at time 5460 for AM: -299471.37928912934
23864-src.fleetctrl.pooling.batch.AlonsoMora.AlonsoMoraAssignment-INFO-=========
23864-src.fleetctrl.pooling.batch.AlonsoMora.AlonsoMoraAssignment-INFO-OPT TIME 5460:
23864-src.fleetctrl.pooling.batch.AlonsoMora.AlonsoMoraAssignment-INFO-solution status 2
23864-src.fleetctrl.pooling.batch.AlonsoMora.AlonsoMoraAssignment-INFO-number solutions 2
23864-src.fleetctrl.pooling.batch.AlonsoMora.AlonsoMoraAssignment-INFO-number opt requests 4 | number revealed requests 4 | number active requests: 4
23864-src.fleetctrl.pooling.batch.AlonsoMora.AlonsoMoraAssignment-INFO-number rtv_objs: 13
23864-src.fleetctrl.pooling.batch.AlonsoMora.AlonsoMoraAssignment-INFO-OPT TIMES:sim_time;5460,setup;0.0,rr;0.0005044937133789062,rv;0.010571002960205078,build;0.01963210105895996,opt;0.0035402774810791016,all;0.03374338150024414
23864-src.fleetctrl.pooling.batch.AlonsoMora.AlonsoMoraAssignment-INFO-Opt stats at sim time 5460 : opt duration 0.03374338150024414 | res cfv -399404.0629290231
23864-src.fleetctrl.pooling.batch.AlonsoMora.AlonsoMoraAssignment-INFO-Number of rtv_keys in trees:
23864-src.fleetctrl.pooling.batch.AlonsoMora.AlonsoMoraAssignment-INFO-N 1 : 8 | plans_ 8
23864-src.fleetctrl.pooling.batch.AlonsoMora.AlonsoMoraAssignment-INFO-N 2 : 5 | plans_ 5
23864-src.fleetctrl.pooling.batch.AlonsoMora.AlonsoMoraAssignment-INFO-Objective value at time 5460 for AM: -399404.0629290231
23864-src.fleetctrl.pooling.batch.AlonsoMora.AlonsoMoraAssignment-INFO-=========
23864-src.fleetctrl.pooling.batch.AlonsoMora.AlonsoMoraAssignment-INFO-OPT TIME 5520:
23864-src.fleetctrl.pooling.batch.AlonsoMora.AlonsoMoraAssignment-INFO-solution status 2
23864-src.fleetctrl.pooling.batch.AlonsoMora.AlonsoMoraAssignment-INFO-number solutions 1
23864-src.fleetctrl.pooling.batch.AlonsoMora.AlonsoMoraAssignment-INFO-number opt requests 4 | number revealed requests 4 | number active requests: 4
23864-src.fleetctrl.pooling.batch.AlonsoMora.AlonsoMoraAssignment-INFO-number rtv_objs: 5
23864-src.fleetctrl.pooling.batch.AlonsoMora.AlonsoMoraAssignment-INFO-OPT TIMES:sim_time;5520,setup;0.0,rr;0.0,rv;0.027814865112304688,build;0.0015134811401367188,opt;0.0020170211791992188,all;0.031345367431640625
23864-src.fleetctrl.pooling.batch.AlonsoMora.AlonsoMoraAssignment-INFO-Opt stats at sim time 5520 : opt duration 0.031345367431640625 | res cfv -399071.20963692106
23864-src.fleetctrl.pooling.batch.AlonsoMora.AlonsoMoraAssignment-INFO-Number of rtv_keys in trees:
23864-src.fleetctrl.pooling.batch.AlonsoMora.AlonsoMoraAssignment-INFO-N 1 : 4 | plans_ 4
23864-src.fleetctrl.pooling.batch.AlonsoMora.AlonsoMoraAssignment-INFO-N 2 : 1 | plans_ 1
23864-src.fleetctrl.pooling.batch.AlonsoMora.AlonsoMoraAssignment-INFO-N 3 : 0 | plans_ 0
23864-src.fleetctrl.pooling.batch.AlonsoMora.AlonsoMoraAssignment-INFO-N 4 : 0 | plans_ 0
23864-src.fleetctrl.pooling.batch.AlonsoMora.AlonsoMoraAssignment-INFO-Objective value at time 5520 for AM: -399071.20963692106
23864-src.fleetctrl.pooling.batch.AlonsoMora.AlonsoMoraAssignment-INFO-=========
23864-src.fleetctrl.pooling.batch.AlonsoMora.AlonsoMoraAssignment-INFO-OPT TIME 5520:
23864-src.fleetctrl.pooling.batch.AlonsoMora.AlonsoMoraAssignment-INFO-solution status 2
23864-src.fleetctrl.pooling.batch.AlonsoMora.AlonsoMoraAssignment-INFO-number solutions 1
23864-src.fleetctrl.pooling.batch.AlonsoMora.AlonsoMoraAssignment-INFO-number opt requests 6 | number revealed requests 6 | number active requests: 6
23864-src.fleetctrl.pooling.batch.AlonsoMora.AlonsoMoraAssignment-INFO-number rtv_objs: 12
23864-src.fleetctrl.pooling.batch.AlonsoMora.AlonsoMoraAssignment-INFO-OPT TIMES:sim_time;5520,setup;0.0,rr;0.0,rv;0.0562891960144043,build;0.0563814640045166,opt;0.0040721893310546875,all;0.11674284934997559
23864-src.fleetctrl.pooling.batch.AlonsoMora.AlonsoMoraAssignment-INFO-Opt stats at sim time 5520 : opt duration 0.11674284934997559 | res cfv -598992.1006738236
23864-src.fleetctrl.pooling.batch.AlonsoMora.AlonsoMoraAssignment-INFO-Number of rtv_keys in trees:
23864-src.fleetctrl.pooling.batch.AlonsoMora.AlonsoMoraAssignment-INFO-N 1 : 9 | plans_ 9
23864-src.fleetctrl.pooling.batch.AlonsoMora.AlonsoMoraAssignment-INFO-N 2 : 3 | plans_ 3
23864-src.fleetctrl.pooling.batch.AlonsoMora.AlonsoMoraAssignment-INFO-Objective value at time 5520 for AM: -598992.1006738236
23864-src.fleetctrl.pooling.batch.AlonsoMora.AlonsoMoraAssignment-INFO-=========
23864-src.fleetctrl.pooling.batch.AlonsoMora.AlonsoMoraAssignment-INFO-OPT TIME 5580:
23864-src.fleetctrl.pooling.batch.AlonsoMora.AlonsoMoraAssignment-INFO-solution status 2
23864-src.fleetctrl.pooling.batch.AlonsoMora.AlonsoMoraAssignment-INFO-number solutions 1
23864-src.fleetctrl.pooling.batch.AlonsoMora.AlonsoMoraAssignment-INFO-number opt requests 5 | number revealed requests 5 | number active requests: 5
23864-src.fleetctrl.pooling.batch.AlonsoMora.AlonsoMoraAssignment-INFO-number rtv_objs: 10
23864-src.fleetctrl.pooling.batch.AlonsoMora.AlonsoMoraAssignment-INFO-OPT TIMES:sim_time;5580,setup;0.0010149478912353516,rr;0.0,rv;0.041968345642089844,build;0.03124380111694336,opt;0.0030508041381835938,all;0.07727789878845215
23864-src.fleetctrl.pooling.batch.AlonsoMora.AlonsoMoraAssignment-INFO-Opt stats at sim time 5580 : opt duration 0.07727789878845215 | res cfv -498779.3478491757
23864-src.fleetctrl.pooling.batch.AlonsoMora.AlonsoMoraAssignment-INFO-Number of rtv_keys in trees:
23864-src.fleetctrl.pooling.batch.AlonsoMora.AlonsoMoraAssignment-INFO-N 1 : 9 | plans_ 9
23864-src.fleetctrl.pooling.batch.AlonsoMora.AlonsoMoraAssignment-INFO-N 2 : 1 | plans_ 1
23864-src.fleetctrl.pooling.batch.AlonsoMora.AlonsoMoraAssignment-INFO-N 3 : 0 | plans_ 0
23864-src.fleetctrl.pooling.batch.AlonsoMora.AlonsoMoraAssignment-INFO-N 4 : 0 | plans_ 0
23864-src.fleetctrl.pooling.batch.AlonsoMora.AlonsoMoraAssignment-INFO-Objective value at time 5580 for AM: -498779.3478491757
23864-src.fleetctrl.pooling.batch.AlonsoMora.AlonsoMoraAssignment-INFO-=========
23864-src.fleetctrl.pooling.batch.AlonsoMora.AlonsoMoraAssignment-INFO-OPT TIME 5580:
23864-src.fleetctrl.pooling.batch.AlonsoMora.AlonsoMoraAssignment-INFO-solution status 2
23864-src.fleetctrl.pooling.batch.AlonsoMora.AlonsoMoraAssignment-INFO-number solutions 1
23864-src.fleetctrl.pooling.batch.AlonsoMora.AlonsoMoraAssignment-INFO-number opt requests 7 | number revealed requests 7 | number active requests: 7
23864-src.fleetctrl.pooling.batch.AlonsoMora.AlonsoMoraAssignment-INFO-number rtv_objs: 15
23864-src.fleetctrl.pooling.batch.AlonsoMora.AlonsoMoraAssignment-INFO-OPT TIMES:sim_time;5580,setup;0.0,rr;0.0,rv;0.013609886169433594,build;0.042349815368652344,opt;0.0030205249786376953,all;0.05898022651672363
23864-src.fleetctrl.pooling.batch.AlonsoMora.AlonsoMoraAssignment-INFO-Opt stats at sim time 5580 : opt duration 0.05898022651672363 | res cfv -698788.4226219234
23864-src.fleetctrl.pooling.batch.AlonsoMora.AlonsoMoraAssignment-INFO-Number of rtv_keys in trees:
23864-src.fleetctrl.pooling.batch.AlonsoMora.AlonsoMoraAssignment-INFO-N 1 : 10 | plans_ 10
23864-src.fleetctrl.pooling.batch.AlonsoMora.AlonsoMoraAssignment-INFO-N 2 : 5 | plans_ 6
23864-src.fleetctrl.pooling.batch.AlonsoMora.AlonsoMoraAssignment-INFO-Objective value at time 5580 for AM: -698788.4226219234
23864-src.fleetctrl.pooling.batch.AlonsoMora.AlonsoMoraAssignment-INFO-=========
23864-src.fleetctrl.pooling.batch.AlonsoMora.AlonsoMoraAssignment-INFO-OPT TIME 5640:
23864-src.fleetctrl.pooling.batch.AlonsoMora.AlonsoMoraAssignment-INFO-solution status 2
23864-src.fleetctrl.pooling.batch.AlonsoMora.AlonsoMoraAssignment-INFO-number solutions 1
23864-src.fleetctrl.pooling.batch.AlonsoMora.AlonsoMoraAssignment-INFO-number opt requests 5 | number revealed requests 5 | number active requests: 5
23864-src.fleetctrl.pooling.batch.AlonsoMora.AlonsoMoraAssignment-INFO-number rtv_objs: 8
23864-src.fleetctrl.pooling.batch.AlonsoMora.AlonsoMoraAssignment-INFO-OPT TIMES:sim_time;5640,setup;0.0,rr;0.0,rv;0.0,build;0.04709339141845703,opt;0.002521038055419922,all;0.04961442947387695
23864-src.fleetctrl.pooling.batch.AlonsoMora.AlonsoMoraAssignment-INFO-Opt stats at sim time 5640 : opt duration 0.04961442947387695 | res cfv -498862.6811825091
23864-src.fleetctrl.pooling.batch.AlonsoMora.AlonsoMoraAssignment-INFO-Number of rtv_keys in trees:
23864-src.fleetctrl.pooling.batch.AlonsoMora.AlonsoMoraAssignment-INFO-N 1 : 7 | plans_ 7
23864-src.fleetctrl.pooling.batch.AlonsoMora.AlonsoMoraAssignment-INFO-N 2 : 1 | plans_ 1
23864-src.fleetctrl.pooling.batch.AlonsoMora.AlonsoMoraAssignment-INFO-N 3 : 0 | plans_ 0
23864-src.fleetctrl.pooling.batch.AlonsoMora.AlonsoMoraAssignment-INFO-N 4 : 0 | plans_ 0
23864-src.fleetctrl.pooling.batch.AlonsoMora.AlonsoMoraAssignment-INFO-Objective value at time 5640 for AM: -498862.6811825091
23864-src.fleetctrl.pooling.batch.AlonsoMora.AlonsoMoraAssignment-INFO-=========
23864-src.fleetctrl.pooling.batch.AlonsoMora.AlonsoMoraAssignment-INFO-OPT TIME 5640:
23864-src.fleetctrl.pooling.batch.AlonsoMora.AlonsoMoraAssignment-INFO-solution status 2
23864-src.fleetctrl.pooling.batch.AlonsoMora.AlonsoMoraAssignment-INFO-number solutions 1
23864-src.fleetctrl.pooling.batch.AlonsoMora.AlonsoMoraAssignment-INFO-number opt requests 6 | number revealed requests 6 | number active requests: 6
23864-src.fleetctrl.pooling.batch.AlonsoMora.AlonsoMoraAssignment-INFO-number rtv_objs: 7
23864-src.fleetctrl.pooling.batch.AlonsoMora.AlonsoMoraAssignment-INFO-OPT TIMES:sim_time;5640,setup;0.0,rr;0.0,rv;0.0,build;0.024355411529541016,opt;0.0025730133056640625,all;0.026928424835205078
23864-src.fleetctrl.pooling.batch.AlonsoMora.AlonsoMoraAssignment-INFO-Opt stats at sim time 5640 : opt duration 0.026928424835205078 | res cfv -598908.7330476706
23864-src.fleetctrl.pooling.batch.AlonsoMora.AlonsoMoraAssignment-INFO-Number of rtv_keys in trees:
23864-src.fleetctrl.pooling.batch.AlonsoMora.AlonsoMoraAssignment-INFO-N 1 : 5 | plans_ 5
23864-src.fleetctrl.pooling.batch.AlonsoMora.AlonsoMoraAssignment-INFO-N 2 : 2 | plans_ 3
23864-src.fleetctrl.pooling.batch.AlonsoMora.AlonsoMoraAssignment-INFO-Objective value at time 5640 for AM: -598908.7330476706
23864-src.fleetctrl.pooling.batch.AlonsoMora.AlonsoMoraAssignment-INFO-=========
23864-src.fleetctrl.pooling.batch.AlonsoMora.AlonsoMoraAssignment-INFO-OPT TIME 5700:
23864-src.fleetctrl.pooling.batch.AlonsoMora.AlonsoMoraAssignment-INFO-solution status 2
23864-src.fleetctrl.pooling.batch.AlonsoMora.AlonsoMoraAssignment-INFO-number solutions 1
23864-src.fleetctrl.pooling.batch.AlonsoMora.AlonsoMoraAssignment-INFO-number opt requests 5 | number revealed requests 5 | number active requests: 5
23864-src.fleetctrl.pooling.batch.AlonsoMora.AlonsoMoraAssignment-INFO-number rtv_objs: 6
23864-src.fleetctrl.pooling.batch.AlonsoMora.AlonsoMoraAssignment-INFO-OPT TIMES:sim_time;5700,setup;0.0,rr;0.0,rv;0.0,build;0.022619962692260742,opt;0.003188610076904297,all;0.02580857276916504
23864-src.fleetctrl.pooling.batch.AlonsoMora.AlonsoMoraAssignment-INFO-Opt stats at sim time 5700 : opt duration 0.02580857276916504 | res cfv -498930.4132582271
23864-src.fleetctrl.pooling.batch.AlonsoMora.AlonsoMoraAssignment-INFO-Number of rtv_keys in trees:
23864-src.fleetctrl.pooling.batch.AlonsoMora.AlonsoMoraAssignment-INFO-N 1 : 5 | plans_ 5
23864-src.fleetctrl.pooling.batch.AlonsoMora.AlonsoMoraAssignment-INFO-N 2 : 1 | plans_ 1
23864-src.fleetctrl.pooling.batch.AlonsoMora.AlonsoMoraAssignment-INFO-N 3 : 0 | plans_ 0
23864-src.fleetctrl.pooling.batch.AlonsoMora.AlonsoMoraAssignment-INFO-N 4 : 0 | plans_ 0
23864-src.fleetctrl.pooling.batch.AlonsoMora.AlonsoMoraAssignment-INFO-Objective value at time 5700 for AM: -498930.4132582271
23864-src.fleetctrl.pooling.batch.AlonsoMora.AlonsoMoraAssignment-INFO-=========
23864-src.fleetctrl.pooling.batch.AlonsoMora.AlonsoMoraAssignment-INFO-OPT TIME 5700:
23864-src.fleetctrl.pooling.batch.AlonsoMora.AlonsoMoraAssignment-INFO-solution status 2
23864-src.fleetctrl.pooling.batch.AlonsoMora.AlonsoMoraAssignment-INFO-number solutions 2
23864-src.fleetctrl.pooling.batch.AlonsoMora.AlonsoMoraAssignment-INFO-number opt requests 7 | number revealed requests 7 | number active requests: 7
23864-src.fleetctrl.pooling.batch.AlonsoMora.AlonsoMoraAssignment-INFO-number rtv_objs: 11
23864-src.fleetctrl.pooling.batch.AlonsoMora.AlonsoMoraAssignment-INFO-OPT TIMES:sim_time;5700,setup;0.0,rr;0.0,rv;0.046031951904296875,build;0.015706300735473633,opt;0.003204822540283203,all;0.06494307518005371
23864-src.fleetctrl.pooling.batch.AlonsoMora.AlonsoMoraAssignment-INFO-Opt stats at sim time 5700 : opt duration 0.06494307518005371 | res cfv -698644.1573604465
23864-src.fleetctrl.pooling.batch.AlonsoMora.AlonsoMoraAssignment-INFO-Number of rtv_keys in trees:
23864-src.fleetctrl.pooling.batch.AlonsoMora.AlonsoMoraAssignment-INFO-N 1 : 6 | plans_ 6
23864-src.fleetctrl.pooling.batch.AlonsoMora.AlonsoMoraAssignment-INFO-N 2 : 5 | plans_ 6
23864-src.fleetctrl.pooling.batch.AlonsoMora.AlonsoMoraAssignment-INFO-Objective value at time 5700 for AM: -698644.1573604465
23864-src.fleetctrl.pooling.batch.AlonsoMora.AlonsoMoraAssignment-INFO-=========
23864-src.fleetctrl.pooling.batch.AlonsoMora.AlonsoMoraAssignment-INFO-OPT TIME 5760:
23864-src.fleetctrl.pooling.batch.AlonsoMora.AlonsoMoraAssignment-INFO-solution status 2
23864-src.fleetctrl.pooling.batch.AlonsoMora.AlonsoMoraAssignment-INFO-number solutions 1
23864-src.fleetctrl.pooling.batch.AlonsoMora.AlonsoMoraAssignment-INFO-number opt requests 4 | number revealed requests 4 | number active requests: 4
23864-src.fleetctrl.pooling.batch.AlonsoMora.AlonsoMoraAssignment-INFO-number rtv_objs: 4
23864-src.fleetctrl.pooling.batch.AlonsoMora.AlonsoMoraAssignment-INFO-OPT TIMES:sim_time;5760,setup;0.0,rr;0.0,rv;0.0,build;0.009360551834106445,opt;0.0032167434692382812,all;0.012577295303344727
23864-src.fleetctrl.pooling.batch.AlonsoMora.AlonsoMoraAssignment-INFO-Opt stats at sim time 5760 : opt duration 0.012577295303344727 | res cfv -399100.5157100668
23864-src.fleetctrl.pooling.batch.AlonsoMora.AlonsoMoraAssignment-INFO-Number of rtv_keys in trees:
23864-src.fleetctrl.pooling.batch.AlonsoMora.AlonsoMoraAssignment-INFO-N 1 : 4 | plans_ 4
23864-src.fleetctrl.pooling.batch.AlonsoMora.AlonsoMoraAssignment-INFO-N 2 : 0 | plans_ 0
23864-src.fleetctrl.pooling.batch.AlonsoMora.AlonsoMoraAssignment-INFO-N 3 : 0 | plans_ 0
23864-src.fleetctrl.pooling.batch.AlonsoMora.AlonsoMoraAssignment-INFO-N 4 : 0 | plans_ 0
23864-src.fleetctrl.pooling.batch.AlonsoMora.AlonsoMoraAssignment-INFO-Objective value at time 5760 for AM: -399100.5157100668
23864-src.fleetctrl.pooling.batch.AlonsoMora.AlonsoMoraAssignment-INFO-=========
23864-src.fleetctrl.pooling.batch.AlonsoMora.AlonsoMoraAssignment-INFO-OPT TIME 5760:
23864-src.fleetctrl.pooling.batch.AlonsoMora.AlonsoMoraAssignment-INFO-solution status 2
23864-src.fleetctrl.pooling.batch.AlonsoMora.AlonsoMoraAssignment-INFO-number solutions 1
23864-src.fleetctrl.pooling.batch.AlonsoMora.AlonsoMoraAssignment-INFO-number opt requests 8 | number revealed requests 8 | number active requests: 8
23864-src.fleetctrl.pooling.batch.AlonsoMora.AlonsoMoraAssignment-INFO-number rtv_objs: 13
23864-src.fleetctrl.pooling.batch.AlonsoMora.AlonsoMoraAssignment-INFO-OPT TIMES:sim_time;5760,setup;0.0,rr;0.0,rv;0.032959699630737305,build;0.02319025993347168,opt;0.0031485557556152344,all;0.05929851531982422
23864-src.fleetctrl.pooling.batch.AlonsoMora.AlonsoMoraAssignment-INFO-Opt stats at sim time 5760 : opt duration 0.05929851531982422 | res cfv -798574.5331883861
23864-src.fleetctrl.pooling.batch.AlonsoMora.AlonsoMoraAssignment-INFO-Number of rtv_keys in trees:
23864-src.fleetctrl.pooling.batch.AlonsoMora.AlonsoMoraAssignment-INFO-N 1 : 6 | plans_ 6
23864-src.fleetctrl.pooling.batch.AlonsoMora.AlonsoMoraAssignment-INFO-N 2 : 6 | plans_ 6
23864-src.fleetctrl.pooling.batch.AlonsoMora.AlonsoMoraAssignment-INFO-N 3 : 1 | plans_ 1
23864-src.fleetctrl.pooling.batch.AlonsoMora.AlonsoMoraAssignment-INFO-Objective value at time 5760 for AM: -798574.5331883861
23864-src.fleetctrl.pooling.batch.AlonsoMora.AlonsoMoraAssignment-INFO-=========
23864-src.fleetctrl.pooling.batch.AlonsoMora.AlonsoMoraAssignment-INFO-OPT TIME 5820:
23864-src.fleetctrl.pooling.batch.AlonsoMora.AlonsoMoraAssignment-INFO-solution status 2
23864-src.fleetctrl.pooling.batch.AlonsoMora.AlonsoMoraAssignment-INFO-number solutions 1
23864-src.fleetctrl.pooling.batch.AlonsoMora.AlonsoMoraAssignment-INFO-number opt requests 3 | number revealed requests 3 | number active requests: 3
23864-src.fleetctrl.pooling.batch.AlonsoMora.AlonsoMoraAssignment-INFO-number rtv_objs: 3
23864-src.fleetctrl.pooling.batch.AlonsoMora.AlonsoMoraAssignment-INFO-OPT TIMES:sim_time;5820,setup;0.0,rr;0.0,rv;0.0,build;0.0,opt;0.0030558109283447266,all;0.0030558109283447266
23864-src.fleetctrl.pooling.batch.AlonsoMora.AlonsoMoraAssignment-INFO-Opt stats at sim time 5820 : opt duration 0.0030558109283447266 | res cfv -299273.17419812205
23864-src.fleetctrl.pooling.batch.AlonsoMora.AlonsoMoraAssignment-INFO-Number of rtv_keys in trees:
23864-src.fleetctrl.pooling.batch.AlonsoMora.AlonsoMoraAssignment-INFO-N 1 : 3 | plans_ 3
23864-src.fleetctrl.pooling.batch.AlonsoMora.AlonsoMoraAssignment-INFO-N 2 : 0 | plans_ 0
23864-src.fleetctrl.pooling.batch.AlonsoMora.AlonsoMoraAssignment-INFO-N 3 : 0 | plans_ 0
23864-src.fleetctrl.pooling.batch.AlonsoMora.AlonsoMoraAssignment-INFO-N 4 : 0 | plans_ 0
23864-src.fleetctrl.pooling.batch.AlonsoMora.AlonsoMoraAssignment-INFO-Objective value at time 5820 for AM: -299273.17419812205
23864-src.fleetctrl.pooling.batch.AlonsoMora.AlonsoMoraAssignment-INFO-=========
23864-src.fleetctrl.pooling.batch.AlonsoMora.AlonsoMoraAssignment-INFO-OPT TIME 5820:
23864-src.fleetctrl.pooling.batch.AlonsoMora.AlonsoMoraAssignment-INFO-solution status 2
23864-src.fleetctrl.pooling.batch.AlonsoMora.AlonsoMoraAssignment-INFO-number solutions 1
23864-src.fleetctrl.pooling.batch.AlonsoMora.AlonsoMoraAssignment-INFO-number opt requests 6 | number revealed requests 6 | number active requests: 6
23864-src.fleetctrl.pooling.batch.AlonsoMora.AlonsoMoraAssignment-INFO-number rtv_objs: 7
23864-src.fleetctrl.pooling.batch.AlonsoMora.AlonsoMoraAssignment-INFO-OPT TIMES:sim_time;5820,setup;0.0,rr;0.0,rv;0.0,build;0.03944993019104004,opt;0.0031690597534179688,all;0.04261898994445801
23864-src.fleetctrl.pooling.batch.AlonsoMora.AlonsoMoraAssignment-INFO-Opt stats at sim time 5820 : opt duration 0.04261898994445801 | res cfv -598892.8582134491
23864-src.fleetctrl.pooling.batch.AlonsoMora.AlonsoMoraAssignment-INFO-Number of rtv_keys in trees:
23864-src.fleetctrl.pooling.batch.AlonsoMora.AlonsoMoraAssignment-INFO-N 1 : 5 | plans_ 5
23864-src.fleetctrl.pooling.batch.AlonsoMora.AlonsoMoraAssignment-INFO-N 2 : 1 | plans_ 1
23864-src.fleetctrl.pooling.batch.AlonsoMora.AlonsoMoraAssignment-INFO-N 3 : 1 | plans_ 1
23864-src.fleetctrl.pooling.batch.AlonsoMora.AlonsoMoraAssignment-INFO-Objective value at time 5820 for AM: -598892.8582134491
23864-src.fleetctrl.pooling.batch.AlonsoMora.AlonsoMoraAssignment-INFO-=========
23864-src.fleetctrl.pooling.batch.AlonsoMora.AlonsoMoraAssignment-INFO-OPT TIME 5880:
23864-src.fleetctrl.pooling.batch.AlonsoMora.AlonsoMoraAssignment-INFO-solution status 2
23864-src.fleetctrl.pooling.batch.AlonsoMora.AlonsoMoraAssignment-INFO-number solutions 1
23864-src.fleetctrl.pooling.batch.AlonsoMora.AlonsoMoraAssignment-INFO-number opt requests 3 | number revealed requests 3 | number active requests: 3
23864-src.fleetctrl.pooling.batch.AlonsoMora.AlonsoMoraAssignment-INFO-number rtv_objs: 3
23864-src.fleetctrl.pooling.batch.AlonsoMora.AlonsoMoraAssignment-INFO-OPT TIMES:sim_time;5880,setup;0.0,rr;0.0,rv;0.0,build;0.0010073184967041016,opt;0.0020284652709960938,all;0.0030357837677001953
23864-src.fleetctrl.pooling.batch.AlonsoMora.AlonsoMoraAssignment-INFO-Opt stats at sim time 5880 : opt duration 0.0030357837677001953 | res cfv -299315.6658738806
23864-src.fleetctrl.pooling.batch.AlonsoMora.AlonsoMoraAssignment-INFO-Number of rtv_keys in trees:
23864-src.fleetctrl.pooling.batch.AlonsoMora.AlonsoMoraAssignment-INFO-N 1 : 3 | plans_ 3
23864-src.fleetctrl.pooling.batch.AlonsoMora.AlonsoMoraAssignment-INFO-N 2 : 0 | plans_ 0
23864-src.fleetctrl.pooling.batch.AlonsoMora.AlonsoMoraAssignment-INFO-N 3 : 0 | plans_ 0
23864-src.fleetctrl.pooling.batch.AlonsoMora.AlonsoMoraAssignment-INFO-N 4 : 0 | plans_ 0
23864-src.fleetctrl.pooling.batch.AlonsoMora.AlonsoMoraAssignment-INFO-Objective value at time 5880 for AM: -299315.6658738806
23864-src.fleetctrl.pooling.batch.AlonsoMora.AlonsoMoraAssignment-INFO-=========
23864-src.fleetctrl.pooling.batch.AlonsoMora.AlonsoMoraAssignment-INFO-OPT TIME 5880:
23864-src.fleetctrl.pooling.batch.AlonsoMora.AlonsoMoraAssignment-INFO-solution status 2
23864-src.fleetctrl.pooling.batch.AlonsoMora.AlonsoMoraAssignment-INFO-number solutions 1
23864-src.fleetctrl.pooling.batch.AlonsoMora.AlonsoMoraAssignment-INFO-number opt requests 5 | number revealed requests 5 | number active requests: 5
23864-src.fleetctrl.pooling.batch.AlonsoMora.AlonsoMoraAssignment-INFO-number rtv_objs: 5
23864-src.fleetctrl.pooling.batch.AlonsoMora.AlonsoMoraAssignment-INFO-OPT TIMES:sim_time;5880,setup;0.0,rr;0.0,rv;0.0,build;0.0030527114868164062,opt;0.0025572776794433594,all;0.005609989166259766
23864-src.fleetctrl.pooling.batch.AlonsoMora.AlonsoMoraAssignment-INFO-Opt stats at sim time 5880 : opt duration 0.005609989166259766 | res cfv -499109.7763845927
23864-src.fleetctrl.pooling.batch.AlonsoMora.AlonsoMoraAssignment-INFO-Number of rtv_keys in trees:
23864-src.fleetctrl.pooling.batch.AlonsoMora.AlonsoMoraAssignment-INFO-N 1 : 5 | plans_ 5
23864-src.fleetctrl.pooling.batch.AlonsoMora.AlonsoMoraAssignment-INFO-N 2 : 0 | plans_ 0
23864-src.fleetctrl.pooling.batch.AlonsoMora.AlonsoMoraAssignment-INFO-N 3 : 0 | plans_ 0
23864-src.fleetctrl.pooling.batch.AlonsoMora.AlonsoMoraAssignment-INFO-Objective value at time 5880 for AM: -499109.7763845927
23864-src.fleetctrl.pooling.batch.AlonsoMora.AlonsoMoraAssignment-INFO-=========
23864-src.fleetctrl.pooling.batch.AlonsoMora.AlonsoMoraAssignment-INFO-OPT TIME 5940:
23864-src.fleetctrl.pooling.batch.AlonsoMora.AlonsoMoraAssignment-INFO-solution status 2
23864-src.fleetctrl.pooling.batch.AlonsoMora.AlonsoMoraAssignment-INFO-number solutions 1
23864-src.fleetctrl.pooling.batch.AlonsoMora.AlonsoMoraAssignment-INFO-number opt requests 3 | number revealed requests 3 | number active requests: 3
23864-src.fleetctrl.pooling.batch.AlonsoMora.AlonsoMoraAssignment-INFO-number rtv_objs: 3
23864-src.fleetctrl.pooling.batch.AlonsoMora.AlonsoMoraAssignment-INFO-OPT TIMES:sim_time;5940,setup;0.0,rr;0.0,rv;0.0,build;0.0,opt;0.0031549930572509766,all;0.0031549930572509766
23864-src.fleetctrl.pooling.batch.AlonsoMora.AlonsoMoraAssignment-INFO-Opt stats at sim time 5940 : opt duration 0.0031549930572509766 | res cfv -299359.9732009782
23864-src.fleetctrl.pooling.batch.AlonsoMora.AlonsoMoraAssignment-INFO-Number of rtv_keys in trees:
23864-src.fleetctrl.pooling.batch.AlonsoMora.AlonsoMoraAssignment-INFO-N 1 : 3 | plans_ 3
23864-src.fleetctrl.pooling.batch.AlonsoMora.AlonsoMoraAssignment-INFO-N 2 : 0 | plans_ 0
23864-src.fleetctrl.pooling.batch.AlonsoMora.AlonsoMoraAssignment-INFO-N 3 : 0 | plans_ 0
23864-src.fleetctrl.pooling.batch.AlonsoMora.AlonsoMoraAssignment-INFO-N 4 : 0 | plans_ 0
23864-src.fleetctrl.pooling.batch.AlonsoMora.AlonsoMoraAssignment-INFO-Objective value at time 5940 for AM: -299359.9732009782
23864-src.fleetctrl.pooling.batch.AlonsoMora.AlonsoMoraAssignment-INFO-=========
23864-src.fleetctrl.pooling.batch.AlonsoMora.AlonsoMoraAssignment-INFO-OPT TIME 5940:
23864-src.fleetctrl.pooling.batch.AlonsoMora.AlonsoMoraAssignment-INFO-solution status 2
23864-src.fleetctrl.pooling.batch.AlonsoMora.AlonsoMoraAssignment-INFO-number solutions 1
23864-src.fleetctrl.pooling.batch.AlonsoMora.AlonsoMoraAssignment-INFO-number opt requests 4 | number revealed requests 4 | number active requests: 4
23864-src.fleetctrl.pooling.batch.AlonsoMora.AlonsoMoraAssignment-INFO-number rtv_objs: 4
23864-src.fleetctrl.pooling.batch.AlonsoMora.AlonsoMoraAssignment-INFO-OPT TIMES:sim_time;5940,setup;0.0,rr;0.0,rv;0.0,build;0.0,opt;0.0032525062561035156,all;0.0032525062561035156
23864-src.fleetctrl.pooling.batch.AlonsoMora.AlonsoMoraAssignment-INFO-Opt stats at sim time 5940 : opt duration 0.0032525062561035156 | res cfv -399326.81405524345
23864-src.fleetctrl.pooling.batch.AlonsoMora.AlonsoMoraAssignment-INFO-Number of rtv_keys in trees:
23864-src.fleetctrl.pooling.batch.AlonsoMora.AlonsoMoraAssignment-INFO-N 1 : 4 | plans_ 4
23864-src.fleetctrl.pooling.batch.AlonsoMora.AlonsoMoraAssignment-INFO-N 2 : 0 | plans_ 0
23864-src.fleetctrl.pooling.batch.AlonsoMora.AlonsoMoraAssignment-INFO-N 3 : 0 | plans_ 0
23864-src.fleetctrl.pooling.batch.AlonsoMora.AlonsoMoraAssignment-INFO-Objective value at time 5940 for AM: -399326.81405524345
23864-src.fleetctrl.pooling.batch.AlonsoMora.AlonsoMoraAssignment-INFO-=========
23864-src.fleetctrl.pooling.batch.AlonsoMora.AlonsoMoraAssignment-INFO-OPT TIME 6000:
23864-src.fleetctrl.pooling.batch.AlonsoMora.AlonsoMoraAssignment-INFO-solution status 2
23864-src.fleetctrl.pooling.batch.AlonsoMora.AlonsoMoraAssignment-INFO-number solutions 1
23864-src.fleetctrl.pooling.batch.AlonsoMora.AlonsoMoraAssignment-INFO-number opt requests 1 | number revealed requests 1 | number active requests: 1
23864-src.fleetctrl.pooling.batch.AlonsoMora.AlonsoMoraAssignment-INFO-number rtv_objs: 1
23864-src.fleetctrl.pooling.batch.AlonsoMora.AlonsoMoraAssignment-INFO-OPT TIMES:sim_time;6000,setup;0.0,rr;0.0,rv;0.0,build;0.0,opt;0.0031113624572753906,all;0.0031113624572753906
23864-src.fleetctrl.pooling.batch.AlonsoMora.AlonsoMoraAssignment-INFO-Opt stats at sim time 6000 : opt duration 0.0031113624572753906 | res cfv -99703.3533224341
23864-src.fleetctrl.pooling.batch.AlonsoMora.AlonsoMoraAssignment-INFO-Number of rtv_keys in trees:
23864-src.fleetctrl.pooling.batch.AlonsoMora.AlonsoMoraAssignment-INFO-N 1 : 1 | plans_ 1
23864-src.fleetctrl.pooling.batch.AlonsoMora.AlonsoMoraAssignment-INFO-N 2 : 0 | plans_ 0
23864-src.fleetctrl.pooling.batch.AlonsoMora.AlonsoMoraAssignment-INFO-N 3 : 0 | plans_ 0
23864-src.fleetctrl.pooling.batch.AlonsoMora.AlonsoMoraAssignment-INFO-N 4 : 0 | plans_ 0
23864-src.fleetctrl.pooling.batch.AlonsoMora.AlonsoMoraAssignment-INFO-Objective value at time 6000 for AM: -99703.3533224341
23864-src.fleetctrl.pooling.batch.AlonsoMora.AlonsoMoraAssignment-INFO-=========
23864-src.fleetctrl.pooling.batch.AlonsoMora.AlonsoMoraAssignment-INFO-OPT TIME 6000:
23864-src.fleetctrl.pooling.batch.AlonsoMora.AlonsoMoraAssignment-INFO-solution status 2
23864-src.fleetctrl.pooling.batch.AlonsoMora.AlonsoMoraAssignment-INFO-number solutions 1
23864-src.fleetctrl.pooling.batch.AlonsoMora.AlonsoMoraAssignment-INFO-number opt requests 4 | number revealed requests 4 | number active requests: 4
23864-src.fleetctrl.pooling.batch.AlonsoMora.AlonsoMoraAssignment-INFO-number rtv_objs: 4
23864-src.fleetctrl.pooling.batch.AlonsoMora.AlonsoMoraAssignment-INFO-OPT TIMES:sim_time;6000,setup;0.0,rr;0.0,rv;0.0,build;0.0016169548034667969,opt;0.0013802051544189453,all;0.002997159957885742
23864-src.fleetctrl.pooling.batch.AlonsoMora.AlonsoMoraAssignment-INFO-Opt stats at sim time 6000 : opt duration 0.002997159957885742 | res cfv -399378.8634642252
23864-src.fleetctrl.pooling.batch.AlonsoMora.AlonsoMoraAssignment-INFO-Number of rtv_keys in trees:
23864-src.fleetctrl.pooling.batch.AlonsoMora.AlonsoMoraAssignment-INFO-N 1 : 4 | plans_ 4
23864-src.fleetctrl.pooling.batch.AlonsoMora.AlonsoMoraAssignment-INFO-N 2 : 0 | plans_ 0
23864-src.fleetctrl.pooling.batch.AlonsoMora.AlonsoMoraAssignment-INFO-N 3 : 0 | plans_ 0
23864-src.fleetctrl.pooling.batch.AlonsoMora.AlonsoMoraAssignment-INFO-Objective value at time 6000 for AM: -399378.8634642252
23864-src.fleetctrl.pooling.batch.AlonsoMora.AlonsoMoraAssignment-INFO-=========
23864-src.fleetctrl.pooling.batch.AlonsoMora.AlonsoMoraAssignment-INFO-OPT TIME 6060:
23864-src.fleetctrl.pooling.batch.AlonsoMora.AlonsoMoraAssignment-INFO-solution status 2
23864-src.fleetctrl.pooling.batch.AlonsoMora.AlonsoMoraAssignment-INFO-number solutions 1
23864-src.fleetctrl.pooling.batch.AlonsoMora.AlonsoMoraAssignment-INFO-number opt requests 1 | number revealed requests 1 | number active requests: 1
23864-src.fleetctrl.pooling.batch.AlonsoMora.AlonsoMoraAssignment-INFO-number rtv_objs: 1
23864-src.fleetctrl.pooling.batch.AlonsoMora.AlonsoMoraAssignment-INFO-OPT TIMES:sim_time;6060,setup;0.0,rr;0.0,rv;0.0,build;0.0,opt;0.001960277557373047,all;0.001960277557373047
23864-src.fleetctrl.pooling.batch.AlonsoMora.AlonsoMoraAssignment-INFO-Opt stats at sim time 6060 : opt duration 0.001960277557373047 | res cfv -99724.18665576744
23864-src.fleetctrl.pooling.batch.AlonsoMora.AlonsoMoraAssignment-INFO-Number of rtv_keys in trees:
23864-src.fleetctrl.pooling.batch.AlonsoMora.AlonsoMoraAssignment-INFO-N 1 : 1 | plans_ 1
23864-src.fleetctrl.pooling.batch.AlonsoMora.AlonsoMoraAssignment-INFO-N 2 : 0 | plans_ 0
23864-src.fleetctrl.pooling.batch.AlonsoMora.AlonsoMoraAssignment-INFO-N 3 : 0 | plans_ 0
23864-src.fleetctrl.pooling.batch.AlonsoMora.AlonsoMoraAssignment-INFO-N 4 : 0 | plans_ 0
23864-src.fleetctrl.pooling.batch.AlonsoMora.AlonsoMoraAssignment-INFO-Objective value at time 6060 for AM: -99724.18665576744
23864-src.fleetctrl.pooling.batch.AlonsoMora.AlonsoMoraAssignment-INFO-=========
23864-src.fleetctrl.pooling.batch.AlonsoMora.AlonsoMoraAssignment-INFO-OPT TIME 6060:
23864-src.fleetctrl.pooling.batch.AlonsoMora.AlonsoMoraAssignment-INFO-solution status 2
23864-src.fleetctrl.pooling.batch.AlonsoMora.AlonsoMoraAssignment-INFO-number solutions 1
23864-src.fleetctrl.pooling.batch.AlonsoMora.AlonsoMoraAssignment-INFO-number opt requests 3 | number revealed requests 3 | number active requests: 3
23864-src.fleetctrl.pooling.batch.AlonsoMora.AlonsoMoraAssignment-INFO-number rtv_objs: 7
23864-src.fleetctrl.pooling.batch.AlonsoMora.AlonsoMoraAssignment-INFO-OPT TIMES:sim_time;6060,setup;0.0,rr;0.0,rv;0.017640352249145508,build;0.0015752315521240234,opt;0.003399372100830078,all;0.02261495590209961
23864-src.fleetctrl.pooling.batch.AlonsoMora.AlonsoMoraAssignment-INFO-Opt stats at sim time 6060 : opt duration 0.02261495590209961 | res cfv -299576.12417847896
23864-src.fleetctrl.pooling.batch.AlonsoMora.AlonsoMoraAssignment-INFO-Number of rtv_keys in trees:
23864-src.fleetctrl.pooling.batch.AlonsoMora.AlonsoMoraAssignment-INFO-N 1 : 5 | plans_ 5
23864-src.fleetctrl.pooling.batch.AlonsoMora.AlonsoMoraAssignment-INFO-N 2 : 2 | plans_ 2
23864-src.fleetctrl.pooling.batch.AlonsoMora.AlonsoMoraAssignment-INFO-N 3 : 0 | plans_ 0
23864-src.fleetctrl.pooling.batch.AlonsoMora.AlonsoMoraAssignment-INFO-Objective value at time 6060 for AM: -299576.12417847896
23864-src.fleetctrl.pooling.batch.AlonsoMora.AlonsoMoraAssignment-INFO-=========
23864-src.fleetctrl.pooling.batch.AlonsoMora.AlonsoMoraAssignment-INFO-OPT TIME 6120:
23864-src.fleetctrl.pooling.batch.AlonsoMora.AlonsoMoraAssignment-INFO-solution status 2
23864-src.fleetctrl.pooling.batch.AlonsoMora.AlonsoMoraAssignment-INFO-number solutions 1
23864-src.fleetctrl.pooling.batch.AlonsoMora.AlonsoMoraAssignment-INFO-number opt requests 1 | number revealed requests 1 | number active requests: 1
23864-src.fleetctrl.pooling.batch.AlonsoMora.AlonsoMoraAssignment-INFO-number rtv_objs: 1
23864-src.fleetctrl.pooling.batch.AlonsoMora.AlonsoMoraAssignment-INFO-OPT TIMES:sim_time;6120,setup;0.0,rr;0.0,rv;0.0,build;0.0,opt;0.0015909671783447266,all;0.0015909671783447266
23864-src.fleetctrl.pooling.batch.AlonsoMora.AlonsoMoraAssignment-INFO-Opt stats at sim time 6120 : opt duration 0.0015909671783447266 | res cfv -99738.47818200113
23864-src.fleetctrl.pooling.batch.AlonsoMora.AlonsoMoraAssignment-INFO-Number of rtv_keys in trees:
23864-src.fleetctrl.pooling.batch.AlonsoMora.AlonsoMoraAssignment-INFO-N 1 : 1 | plans_ 1
23864-src.fleetctrl.pooling.batch.AlonsoMora.AlonsoMoraAssignment-INFO-N 2 : 0 | plans_ 0
23864-src.fleetctrl.pooling.batch.AlonsoMora.AlonsoMoraAssignment-INFO-N 3 : 0 | plans_ 0
23864-src.fleetctrl.pooling.batch.AlonsoMora.AlonsoMoraAssignment-INFO-N 4 : 0 | plans_ 0
23864-src.fleetctrl.pooling.batch.AlonsoMora.AlonsoMoraAssignment-INFO-Objective value at time 6120 for AM: -99738.47818200113
23864-src.fleetctrl.pooling.batch.AlonsoMora.AlonsoMoraAssignment-INFO-=========
23864-src.fleetctrl.pooling.batch.AlonsoMora.AlonsoMoraAssignment-INFO-OPT TIME 6120:
23864-src.fleetctrl.pooling.batch.AlonsoMora.AlonsoMoraAssignment-INFO-solution status 2
23864-src.fleetctrl.pooling.batch.AlonsoMora.AlonsoMoraAssignment-INFO-number solutions 1
23864-src.fleetctrl.pooling.batch.AlonsoMora.AlonsoMoraAssignment-INFO-number opt requests 1 | number revealed requests 1 | number active requests: 1
23864-src.fleetctrl.pooling.batch.AlonsoMora.AlonsoMoraAssignment-INFO-number rtv_objs: 1
23864-src.fleetctrl.pooling.batch.AlonsoMora.AlonsoMoraAssignment-INFO-OPT TIMES:sim_time;6120,setup;0.0,rr;0.0,rv;0.0,build;0.0015988349914550781,opt;0.001913309097290039,all;0.003512144088745117
23864-src.fleetctrl.pooling.batch.AlonsoMora.AlonsoMoraAssignment-INFO-Opt stats at sim time 6120 : opt duration 0.003512144088745117 | res cfv -99943.77434444553
23864-src.fleetctrl.pooling.batch.AlonsoMora.AlonsoMoraAssignment-INFO-Number of rtv_keys in trees:
23864-src.fleetctrl.pooling.batch.AlonsoMora.AlonsoMoraAssignment-INFO-N 1 : 1 | plans_ 1
23864-src.fleetctrl.pooling.batch.AlonsoMora.AlonsoMoraAssignment-INFO-N 2 : 0 | plans_ 0
23864-src.fleetctrl.pooling.batch.AlonsoMora.AlonsoMoraAssignment-INFO-N 3 : 0 | plans_ 0
23864-src.fleetctrl.pooling.batch.AlonsoMora.AlonsoMoraAssignment-INFO-Objective value at time 6120 for AM: -99943.77434444553
23864-src.fleetctrl.pooling.batch.AlonsoMora.AlonsoMoraAssignment-INFO-=========
23864-src.fleetctrl.pooling.batch.AlonsoMora.AlonsoMoraAssignment-INFO-OPT TIME 6180:
23864-src.fleetctrl.pooling.batch.AlonsoMora.AlonsoMoraAssignment-INFO-solution status 2
23864-src.fleetctrl.pooling.batch.AlonsoMora.AlonsoMoraAssignment-INFO-number solutions 1
23864-src.fleetctrl.pooling.batch.AlonsoMora.AlonsoMoraAssignment-INFO-number opt requests 0 | number revealed requests 0 | number active requests: 0
23864-src.fleetctrl.pooling.batch.AlonsoMora.AlonsoMoraAssignment-INFO-number rtv_objs: 0
23864-src.fleetctrl.pooling.batch.AlonsoMora.AlonsoMoraAssignment-INFO-OPT TIMES:sim_time;6180,setup;0.0005035400390625,rr;0.0,rv;0.0,build;0.0,opt;0.0015637874603271484,all;0.0020673274993896484
23864-src.fleetctrl.pooling.batch.AlonsoMora.AlonsoMoraAssignment-INFO-Opt stats at sim time 6180 : opt duration 0.0020673274993896484 | res cfv 0
23864-src.fleetctrl.pooling.batch.AlonsoMora.AlonsoMoraAssignment-INFO-Number of rtv_keys in trees:
23864-src.fleetctrl.pooling.batch.AlonsoMora.AlonsoMoraAssignment-INFO-N 1 : 0 | plans_ 0
23864-src.fleetctrl.pooling.batch.AlonsoMora.AlonsoMoraAssignment-INFO-N 2 : 0 | plans_ 0
23864-src.fleetctrl.pooling.batch.AlonsoMora.AlonsoMoraAssignment-INFO-N 3 : 0 | plans_ 0
23864-src.fleetctrl.pooling.batch.AlonsoMora.AlonsoMoraAssignment-INFO-N 4 : 0 | plans_ 0
23864-src.fleetctrl.pooling.batch.AlonsoMora.AlonsoMoraAssignment-INFO-Objective value at time 6180 for AM: 0
23864-src.fleetctrl.pooling.batch.AlonsoMora.AlonsoMoraAssignment-INFO-=========
23864-src.fleetctrl.pooling.batch.AlonsoMora.AlonsoMoraAssignment-INFO-OPT TIME 6180:
23864-src.fleetctrl.pooling.batch.AlonsoMora.AlonsoMoraAssignment-INFO-solution status 2
23864-src.fleetctrl.pooling.batch.AlonsoMora.AlonsoMoraAssignment-INFO-number solutions 1
23864-src.fleetctrl.pooling.batch.AlonsoMora.AlonsoMoraAssignment-INFO-number opt requests 1 | number revealed requests 1 | number active requests: 1
23864-src.fleetctrl.pooling.batch.AlonsoMora.AlonsoMoraAssignment-INFO-number rtv_objs: 1
23864-src.fleetctrl.pooling.batch.AlonsoMora.AlonsoMoraAssignment-INFO-OPT TIMES:sim_time;6180,setup;0.0,rr;0.0,rv;0.0,build;0.0015990734100341797,opt;0.0018396377563476562,all;0.003438711166381836
23864-src.fleetctrl.pooling.batch.AlonsoMora.AlonsoMoraAssignment-INFO-Opt stats at sim time 6180 : opt duration 0.003438711166381836 | res cfv -99951.04385497361
23864-src.fleetctrl.pooling.batch.AlonsoMora.AlonsoMoraAssignment-INFO-Number of rtv_keys in trees:
23864-src.fleetctrl.pooling.batch.AlonsoMora.AlonsoMoraAssignment-INFO-N 1 : 1 | plans_ 1
23864-src.fleetctrl.pooling.batch.AlonsoMora.AlonsoMoraAssignment-INFO-N 2 : 0 | plans_ 0
23864-src.fleetctrl.pooling.batch.AlonsoMora.AlonsoMoraAssignment-INFO-N 3 : 0 | plans_ 0
23864-src.fleetctrl.pooling.batch.AlonsoMora.AlonsoMoraAssignment-INFO-Objective value at time 6180 for AM: -99951.04385497361
23864-src.fleetctrl.pooling.batch.AlonsoMora.AlonsoMoraAssignment-INFO-=========
23864-src.fleetctrl.pooling.batch.AlonsoMora.AlonsoMoraAssignment-INFO-OPT TIME 6240:
23864-src.fleetctrl.pooling.batch.AlonsoMora.AlonsoMoraAssignment-INFO-solution status 2
23864-src.fleetctrl.pooling.batch.AlonsoMora.AlonsoMoraAssignment-INFO-number solutions 1
23864-src.fleetctrl.pooling.batch.AlonsoMora.AlonsoMoraAssignment-INFO-number opt requests 0 | number revealed requests 0 | number active requests: 0
23864-src.fleetctrl.pooling.batch.AlonsoMora.AlonsoMoraAssignment-INFO-number rtv_objs: 0
23864-src.fleetctrl.pooling.batch.AlonsoMora.AlonsoMoraAssignment-INFO-OPT TIMES:sim_time;6240,setup;0.0,rr;0.0,rv;0.0,build;0.0,opt;0.001810312271118164,all;0.001810312271118164
23864-src.fleetctrl.pooling.batch.AlonsoMora.AlonsoMoraAssignment-INFO-Opt stats at sim time 6240 : opt duration 0.001810312271118164 | res cfv 0
23864-src.fleetctrl.pooling.batch.AlonsoMora.AlonsoMoraAssignment-INFO-Number of rtv_keys in trees:
23864-src.fleetctrl.pooling.batch.AlonsoMora.AlonsoMoraAssignment-INFO-N 1 : 0 | plans_ 0
23864-src.fleetctrl.pooling.batch.AlonsoMora.AlonsoMoraAssignment-INFO-N 2 : 0 | plans_ 0
23864-src.fleetctrl.pooling.batch.AlonsoMora.AlonsoMoraAssignment-INFO-N 3 : 0 | plans_ 0
23864-src.fleetctrl.pooling.batch.AlonsoMora.AlonsoMoraAssignment-INFO-N 4 : 0 | plans_ 0
23864-src.fleetctrl.pooling.batch.AlonsoMora.AlonsoMoraAssignment-INFO-Objective value at time 6240 for AM: 0
23864-src.fleetctrl.pooling.batch.AlonsoMora.AlonsoMoraAssignment-INFO-=========
23864-src.fleetctrl.pooling.batch.AlonsoMora.AlonsoMoraAssignment-INFO-OPT TIME 6240:
23864-src.fleetctrl.pooling.batch.AlonsoMora.AlonsoMoraAssignment-INFO-solution status 2
23864-src.fleetctrl.pooling.batch.AlonsoMora.AlonsoMoraAssignment-INFO-number solutions 1
23864-src.fleetctrl.pooling.batch.AlonsoMora.AlonsoMoraAssignment-INFO-number opt requests 1 | number revealed requests 1 | number active requests: 1
23864-src.fleetctrl.pooling.batch.AlonsoMora.AlonsoMoraAssignment-INFO-number rtv_objs: 5
23864-src.fleetctrl.pooling.batch.AlonsoMora.AlonsoMoraAssignment-INFO-OPT TIMES:sim_time;6240,setup;0.0,rr;0.0,rv;0.0335385799407959,build;0.0015180110931396484,opt;0.002524852752685547,all;0.037581443786621094
23864-src.fleetctrl.pooling.batch.AlonsoMora.AlonsoMoraAssignment-INFO-Opt stats at sim time 6240 : opt duration 0.037581443786621094 | res cfv -99848.57822663705
23864-src.fleetctrl.pooling.batch.AlonsoMora.AlonsoMoraAssignment-INFO-Number of rtv_keys in trees:
23864-src.fleetctrl.pooling.batch.AlonsoMora.AlonsoMoraAssignment-INFO-N 1 : 5 | plans_ 5
23864-src.fleetctrl.pooling.batch.AlonsoMora.AlonsoMoraAssignment-INFO-N 2 : 0 | plans_ 0
23864-src.fleetctrl.pooling.batch.AlonsoMora.AlonsoMoraAssignment-INFO-N 3 : 0 | plans_ 0
23864-src.fleetctrl.pooling.batch.AlonsoMora.AlonsoMoraAssignment-INFO-Objective value at time 6240 for AM: -99848.57822663705
23864-src.fleetctrl.pooling.batch.AlonsoMora.AlonsoMoraAssignment-INFO-=========
23864-src.fleetctrl.pooling.batch.AlonsoMora.AlonsoMoraAssignment-INFO-OPT TIME 6300:
23864-src.fleetctrl.pooling.batch.AlonsoMora.AlonsoMoraAssignment-INFO-solution status 2
23864-src.fleetctrl.pooling.batch.AlonsoMora.AlonsoMoraAssignment-INFO-number solutions 1
23864-src.fleetctrl.pooling.batch.AlonsoMora.AlonsoMoraAssignment-INFO-number opt requests 0 | number revealed requests 0 | number active requests: 0
23864-src.fleetctrl.pooling.batch.AlonsoMora.AlonsoMoraAssignment-INFO-number rtv_objs: 0
23864-src.fleetctrl.pooling.batch.AlonsoMora.AlonsoMoraAssignment-INFO-OPT TIMES:sim_time;6300,setup;0.0,rr;0.0,rv;0.0,build;0.0,opt;0.0015146732330322266,all;0.0015146732330322266
23864-src.fleetctrl.pooling.batch.AlonsoMora.AlonsoMoraAssignment-INFO-Opt stats at sim time 6300 : opt duration 0.0015146732330322266 | res cfv 0
23864-src.fleetctrl.pooling.batch.AlonsoMora.AlonsoMoraAssignment-INFO-Number of rtv_keys in trees:
23864-src.fleetctrl.pooling.batch.AlonsoMora.AlonsoMoraAssignment-INFO-N 1 : 0 | plans_ 0
23864-src.fleetctrl.pooling.batch.AlonsoMora.AlonsoMoraAssignment-INFO-N 2 : 0 | plans_ 0
23864-src.fleetctrl.pooling.batch.AlonsoMora.AlonsoMoraAssignment-INFO-N 3 : 0 | plans_ 0
23864-src.fleetctrl.pooling.batch.AlonsoMora.AlonsoMoraAssignment-INFO-N 4 : 0 | plans_ 0
23864-src.fleetctrl.pooling.batch.AlonsoMora.AlonsoMoraAssignment-INFO-Objective value at time 6300 for AM: 0
23864-src.fleetctrl.pooling.batch.AlonsoMora.AlonsoMoraAssignment-INFO-=========
23864-src.fleetctrl.pooling.batch.AlonsoMora.AlonsoMoraAssignment-INFO-OPT TIME 6300:
23864-src.fleetctrl.pooling.batch.AlonsoMora.AlonsoMoraAssignment-INFO-solution status 2
23864-src.fleetctrl.pooling.batch.AlonsoMora.AlonsoMoraAssignment-INFO-number solutions 1
23864-src.fleetctrl.pooling.batch.AlonsoMora.AlonsoMoraAssignment-INFO-number opt requests 1 | number revealed requests 1 | number active requests: 1
23864-src.fleetctrl.pooling.batch.AlonsoMora.AlonsoMoraAssignment-INFO-number rtv_objs: 1
23864-src.fleetctrl.pooling.batch.AlonsoMora.AlonsoMoraAssignment-INFO-OPT TIMES:sim_time;6300,setup;0.0,rr;0.0,rv;0.0,build;0.0,opt;0.0015439987182617188,all;0.0015439987182617188
23864-src.fleetctrl.pooling.batch.AlonsoMora.AlonsoMoraAssignment-INFO-Opt stats at sim time 6300 : opt duration 0.0015439987182617188 | res cfv -99866.18396785103
23864-src.fleetctrl.pooling.batch.AlonsoMora.AlonsoMoraAssignment-INFO-Number of rtv_keys in trees:
23864-src.fleetctrl.pooling.batch.AlonsoMora.AlonsoMoraAssignment-INFO-N 1 : 1 | plans_ 1
23864-src.fleetctrl.pooling.batch.AlonsoMora.AlonsoMoraAssignment-INFO-N 2 : 0 | plans_ 0
23864-src.fleetctrl.pooling.batch.AlonsoMora.AlonsoMoraAssignment-INFO-N 3 : 0 | plans_ 0
23864-src.fleetctrl.pooling.batch.AlonsoMora.AlonsoMoraAssignment-INFO-Objective value at time 6300 for AM: -99866.18396785103
23864-src.fleetctrl.pooling.batch.AlonsoMora.AlonsoMoraAssignment-INFO-=========
23864-src.fleetctrl.pooling.batch.AlonsoMora.AlonsoMoraAssignment-INFO-OPT TIME 6360:
23864-src.fleetctrl.pooling.batch.AlonsoMora.AlonsoMoraAssignment-INFO-solution status 2
23864-src.fleetctrl.pooling.batch.AlonsoMora.AlonsoMoraAssignment-INFO-number solutions 1
23864-src.fleetctrl.pooling.batch.AlonsoMora.AlonsoMoraAssignment-INFO-number opt requests 0 | number revealed requests 0 | number active requests: 0
23864-src.fleetctrl.pooling.batch.AlonsoMora.AlonsoMoraAssignment-INFO-number rtv_objs: 0
23864-src.fleetctrl.pooling.batch.AlonsoMora.AlonsoMoraAssignment-INFO-OPT TIMES:sim_time;6360,setup;0.0,rr;0.0,rv;0.0,build;0.0,opt;0.0025568008422851562,all;0.0025568008422851562
23864-src.fleetctrl.pooling.batch.AlonsoMora.AlonsoMoraAssignment-INFO-Opt stats at sim time 6360 : opt duration 0.0025568008422851562 | res cfv 0
23864-src.fleetctrl.pooling.batch.AlonsoMora.AlonsoMoraAssignment-INFO-Number of rtv_keys in trees:
23864-src.fleetctrl.pooling.batch.AlonsoMora.AlonsoMoraAssignment-INFO-N 1 : 0 | plans_ 0
23864-src.fleetctrl.pooling.batch.AlonsoMora.AlonsoMoraAssignment-INFO-N 2 : 0 | plans_ 0
23864-src.fleetctrl.pooling.batch.AlonsoMora.AlonsoMoraAssignment-INFO-N 3 : 0 | plans_ 0
23864-src.fleetctrl.pooling.batch.AlonsoMora.AlonsoMoraAssignment-INFO-N 4 : 0 | plans_ 0
23864-src.fleetctrl.pooling.batch.AlonsoMora.AlonsoMoraAssignment-INFO-Objective value at time 6360 for AM: 0
23864-src.fleetctrl.pooling.batch.AlonsoMora.AlonsoMoraAssignment-INFO-=========
23864-src.fleetctrl.pooling.batch.AlonsoMora.AlonsoMoraAssignment-INFO-OPT TIME 6360:
23864-src.fleetctrl.pooling.batch.AlonsoMora.AlonsoMoraAssignment-INFO-solution status 2
23864-src.fleetctrl.pooling.batch.AlonsoMora.AlonsoMoraAssignment-INFO-number solutions 1
23864-src.fleetctrl.pooling.batch.AlonsoMora.AlonsoMoraAssignment-INFO-number opt requests 1 | number revealed requests 1 | number active requests: 1
23864-src.fleetctrl.pooling.batch.AlonsoMora.AlonsoMoraAssignment-INFO-number rtv_objs: 1
23864-src.fleetctrl.pooling.batch.AlonsoMora.AlonsoMoraAssignment-INFO-OPT TIMES:sim_time;6360,setup;0.0,rr;0.0,rv;0.0,build;0.0,opt;0.0025637149810791016,all;0.0025637149810791016
23864-src.fleetctrl.pooling.batch.AlonsoMora.AlonsoMoraAssignment-INFO-Opt stats at sim time 6360 : opt duration 0.0025637149810791016 | res cfv -99876.78817789118
23864-src.fleetctrl.pooling.batch.AlonsoMora.AlonsoMoraAssignment-INFO-Number of rtv_keys in trees:
23864-src.fleetctrl.pooling.batch.AlonsoMora.AlonsoMoraAssignment-INFO-N 1 : 1 | plans_ 1
23864-src.fleetctrl.pooling.batch.AlonsoMora.AlonsoMoraAssignment-INFO-N 2 : 0 | plans_ 0
23864-src.fleetctrl.pooling.batch.AlonsoMora.AlonsoMoraAssignment-INFO-N 3 : 0 | plans_ 0
23864-src.fleetctrl.pooling.batch.AlonsoMora.AlonsoMoraAssignment-INFO-Objective value at time 6360 for AM: -99876.78817789118
23864-src.fleetctrl.pooling.batch.AlonsoMora.AlonsoMoraAssignment-INFO-=========
23864-src.fleetctrl.pooling.batch.AlonsoMora.AlonsoMoraAssignment-INFO-OPT TIME 6420:
23864-src.fleetctrl.pooling.batch.AlonsoMora.AlonsoMoraAssignment-INFO-solution status 2
23864-src.fleetctrl.pooling.batch.AlonsoMora.AlonsoMoraAssignment-INFO-number solutions 1
23864-src.fleetctrl.pooling.batch.AlonsoMora.AlonsoMoraAssignment-INFO-number opt requests 1 | number revealed requests 1 | number active requests: 1
23864-src.fleetctrl.pooling.batch.AlonsoMora.AlonsoMoraAssignment-INFO-number rtv_objs: 5
23864-src.fleetctrl.pooling.batch.AlonsoMora.AlonsoMoraAssignment-INFO-OPT TIMES:sim_time;6420,setup;0.0,rr;0.0,rv;0.03827643394470215,build;0.0010614395141601562,opt;0.0015633106231689453,all;0.04090118408203125
23864-src.fleetctrl.pooling.batch.AlonsoMora.AlonsoMoraAssignment-INFO-Opt stats at sim time 6420 : opt duration 0.04090118408203125 | res cfv -99837.92670836812
23864-src.fleetctrl.pooling.batch.AlonsoMora.AlonsoMoraAssignment-INFO-Number of rtv_keys in trees:
23864-src.fleetctrl.pooling.batch.AlonsoMora.AlonsoMoraAssignment-INFO-N 1 : 5 | plans_ 5
23864-src.fleetctrl.pooling.batch.AlonsoMora.AlonsoMoraAssignment-INFO-N 2 : 0 | plans_ 0
23864-src.fleetctrl.pooling.batch.AlonsoMora.AlonsoMoraAssignment-INFO-N 3 : 0 | plans_ 0
23864-src.fleetctrl.pooling.batch.AlonsoMora.AlonsoMoraAssignment-INFO-N 4 : 0 | plans_ 0
23864-src.fleetctrl.pooling.batch.AlonsoMora.AlonsoMoraAssignment-INFO-Objective value at time 6420 for AM: -99837.92670836812
23864-src.fleetctrl.pooling.batch.AlonsoMora.AlonsoMoraAssignment-INFO-=========
23864-src.fleetctrl.pooling.batch.AlonsoMora.AlonsoMoraAssignment-INFO-OPT TIME 6420:
23864-src.fleetctrl.pooling.batch.AlonsoMora.AlonsoMoraAssignment-INFO-solution status 2
23864-src.fleetctrl.pooling.batch.AlonsoMora.AlonsoMoraAssignment-INFO-number solutions 1
23864-src.fleetctrl.pooling.batch.AlonsoMora.AlonsoMoraAssignment-INFO-number opt requests 1 | number revealed requests 1 | number active requests: 1
23864-src.fleetctrl.pooling.batch.AlonsoMora.AlonsoMoraAssignment-INFO-number rtv_objs: 1
23864-src.fleetctrl.pooling.batch.AlonsoMora.AlonsoMoraAssignment-INFO-OPT TIMES:sim_time;6420,setup;0.0,rr;0.0,rv;0.0,build;0.0,opt;0.002925395965576172,all;0.002925395965576172
23864-src.fleetctrl.pooling.batch.AlonsoMora.AlonsoMoraAssignment-INFO-Opt stats at sim time 6420 : opt duration 0.002925395965576172 | res cfv -99889.28817789118
23864-src.fleetctrl.pooling.batch.AlonsoMora.AlonsoMoraAssignment-INFO-Number of rtv_keys in trees:
23864-src.fleetctrl.pooling.batch.AlonsoMora.AlonsoMoraAssignment-INFO-N 1 : 1 | plans_ 1
23864-src.fleetctrl.pooling.batch.AlonsoMora.AlonsoMoraAssignment-INFO-N 2 : 0 | plans_ 0
23864-src.fleetctrl.pooling.batch.AlonsoMora.AlonsoMoraAssignment-INFO-N 3 : 0 | plans_ 0
23864-src.fleetctrl.pooling.batch.AlonsoMora.AlonsoMoraAssignment-INFO-Objective value at time 6420 for AM: -99889.28817789118
23864-src.fleetctrl.pooling.batch.AlonsoMora.AlonsoMoraAssignment-INFO-=========
23864-src.fleetctrl.pooling.batch.AlonsoMora.AlonsoMoraAssignment-INFO-OPT TIME 6480:
23864-src.fleetctrl.pooling.batch.AlonsoMora.AlonsoMoraAssignment-INFO-solution status 2
23864-src.fleetctrl.pooling.batch.AlonsoMora.AlonsoMoraAssignment-INFO-number solutions 1
23864-src.fleetctrl.pooling.batch.AlonsoMora.AlonsoMoraAssignment-INFO-number opt requests 1 | number revealed requests 1 | number active requests: 1
23864-src.fleetctrl.pooling.batch.AlonsoMora.AlonsoMoraAssignment-INFO-number rtv_objs: 1
23864-src.fleetctrl.pooling.batch.AlonsoMora.AlonsoMoraAssignment-INFO-OPT TIMES:sim_time;6480,setup;0.0,rr;0.0,rv;0.0,build;0.0,opt;0.0031270980834960938,all;0.0031270980834960938
23864-src.fleetctrl.pooling.batch.AlonsoMora.AlonsoMoraAssignment-INFO-Opt stats at sim time 6480 : opt duration 0.0031270980834960938 | res cfv -99848.34337503478
23864-src.fleetctrl.pooling.batch.AlonsoMora.AlonsoMoraAssignment-INFO-Number of rtv_keys in trees:
23864-src.fleetctrl.pooling.batch.AlonsoMora.AlonsoMoraAssignment-INFO-N 1 : 1 | plans_ 1
23864-src.fleetctrl.pooling.batch.AlonsoMora.AlonsoMoraAssignment-INFO-N 2 : 0 | plans_ 0
23864-src.fleetctrl.pooling.batch.AlonsoMora.AlonsoMoraAssignment-INFO-N 3 : 0 | plans_ 0
23864-src.fleetctrl.pooling.batch.AlonsoMora.AlonsoMoraAssignment-INFO-N 4 : 0 | plans_ 0
23864-src.fleetctrl.pooling.batch.AlonsoMora.AlonsoMoraAssignment-INFO-Objective value at time 6480 for AM: -99848.34337503478
23864-src.fleetctrl.pooling.batch.AlonsoMora.AlonsoMoraAssignment-INFO-=========
23864-src.fleetctrl.pooling.batch.AlonsoMora.AlonsoMoraAssignment-INFO-OPT TIME 6480:
23864-src.fleetctrl.pooling.batch.AlonsoMora.AlonsoMoraAssignment-INFO-solution status 2
23864-src.fleetctrl.pooling.batch.AlonsoMora.AlonsoMoraAssignment-INFO-number solutions 1
23864-src.fleetctrl.pooling.batch.AlonsoMora.AlonsoMoraAssignment-INFO-number opt requests 1 | number revealed requests 1 | number active requests: 1
23864-src.fleetctrl.pooling.batch.AlonsoMora.AlonsoMoraAssignment-INFO-number rtv_objs: 1
23864-src.fleetctrl.pooling.batch.AlonsoMora.AlonsoMoraAssignment-INFO-OPT TIMES:sim_time;6480,setup;0.0010135173797607422,rr;0.0,rv;0.0,build;0.0,opt;0.0020847320556640625,all;0.0030982494354248047
23864-src.fleetctrl.pooling.batch.AlonsoMora.AlonsoMoraAssignment-INFO-Opt stats at sim time 6480 : opt duration 0.0030982494354248047 | res cfv -99898.69065324207
23864-src.fleetctrl.pooling.batch.AlonsoMora.AlonsoMoraAssignment-INFO-Number of rtv_keys in trees:
23864-src.fleetctrl.pooling.batch.AlonsoMora.AlonsoMoraAssignment-INFO-N 1 : 1 | plans_ 1
23864-src.fleetctrl.pooling.batch.AlonsoMora.AlonsoMoraAssignment-INFO-N 2 : 0 | plans_ 0
23864-src.fleetctrl.pooling.batch.AlonsoMora.AlonsoMoraAssignment-INFO-N 3 : 0 | plans_ 0
23864-src.fleetctrl.pooling.batch.AlonsoMora.AlonsoMoraAssignment-INFO-Objective value at time 6480 for AM: -99898.69065324207
23864-src.fleetctrl.pooling.batch.AlonsoMora.AlonsoMoraAssignment-INFO-=========
23864-src.fleetctrl.pooling.batch.AlonsoMora.AlonsoMoraAssignment-INFO-OPT TIME 6540:
23864-src.fleetctrl.pooling.batch.AlonsoMora.AlonsoMoraAssignment-INFO-solution status 2
23864-src.fleetctrl.pooling.batch.AlonsoMora.AlonsoMoraAssignment-INFO-number solutions 1
23864-src.fleetctrl.pooling.batch.AlonsoMora.AlonsoMoraAssignment-INFO-number opt requests 1 | number revealed requests 1 | number active requests: 1
23864-src.fleetctrl.pooling.batch.AlonsoMora.AlonsoMoraAssignment-INFO-number rtv_objs: 1
23864-src.fleetctrl.pooling.batch.AlonsoMora.AlonsoMoraAssignment-INFO-OPT TIMES:sim_time;6540,setup;0.0,rr;0.0,rv;0.0,build;0.001577615737915039,opt;0.0015735626220703125,all;0.0031511783599853516
23864-src.fleetctrl.pooling.batch.AlonsoMora.AlonsoMoraAssignment-INFO-Opt stats at sim time 6540 : opt duration 0.0031511783599853516 | res cfv -99869.17670836812
23864-src.fleetctrl.pooling.batch.AlonsoMora.AlonsoMoraAssignment-INFO-Number of rtv_keys in trees:
23864-src.fleetctrl.pooling.batch.AlonsoMora.AlonsoMoraAssignment-INFO-N 1 : 1 | plans_ 1
23864-src.fleetctrl.pooling.batch.AlonsoMora.AlonsoMoraAssignment-INFO-N 2 : 0 | plans_ 0
23864-src.fleetctrl.pooling.batch.AlonsoMora.AlonsoMoraAssignment-INFO-N 3 : 0 | plans_ 0
23864-src.fleetctrl.pooling.batch.AlonsoMora.AlonsoMoraAssignment-INFO-N 4 : 0 | plans_ 0
23864-src.fleetctrl.pooling.batch.AlonsoMora.AlonsoMoraAssignment-INFO-Objective value at time 6540 for AM: -99869.17670836812
23864-src.fleetctrl.pooling.batch.AlonsoMora.AlonsoMoraAssignment-INFO-=========
23864-src.fleetctrl.pooling.batch.AlonsoMora.AlonsoMoraAssignment-INFO-OPT TIME 6540:
23864-src.fleetctrl.pooling.batch.AlonsoMora.AlonsoMoraAssignment-INFO-solution status 2
23864-src.fleetctrl.pooling.batch.AlonsoMora.AlonsoMoraAssignment-INFO-number solutions 1
23864-src.fleetctrl.pooling.batch.AlonsoMora.AlonsoMoraAssignment-INFO-number opt requests 1 | number revealed requests 1 | number active requests: 1
23864-src.fleetctrl.pooling.batch.AlonsoMora.AlonsoMoraAssignment-INFO-number rtv_objs: 5
23864-src.fleetctrl.pooling.batch.AlonsoMora.AlonsoMoraAssignment-INFO-OPT TIMES:sim_time;6540,setup;0.0017333030700683594,rr;0.0,rv;0.017123937606811523,build;0.0015902519226074219,opt;0.003129243850708008,all;0.023576736450195312
23864-src.fleetctrl.pooling.batch.AlonsoMora.AlonsoMoraAssignment-INFO-Opt stats at sim time 6540 : opt duration 0.023576736450195312 | res cfv -99955.22567621201
23864-src.fleetctrl.pooling.batch.AlonsoMora.AlonsoMoraAssignment-INFO-Number of rtv_keys in trees:
23864-src.fleetctrl.pooling.batch.AlonsoMora.AlonsoMoraAssignment-INFO-N 1 : 5 | plans_ 5
23864-src.fleetctrl.pooling.batch.AlonsoMora.AlonsoMoraAssignment-INFO-N 2 : 0 | plans_ 0
23864-src.fleetctrl.pooling.batch.AlonsoMora.AlonsoMoraAssignment-INFO-N 3 : 0 | plans_ 0
23864-src.fleetctrl.pooling.batch.AlonsoMora.AlonsoMoraAssignment-INFO-Objective value at time 6540 for AM: -99955.22567621201
23864-src.fleetctrl.pooling.batch.AlonsoMora.AlonsoMoraAssignment-INFO-=========
23864-src.fleetctrl.pooling.batch.AlonsoMora.AlonsoMoraAssignment-INFO-OPT TIME 6600:
23864-src.fleetctrl.pooling.batch.AlonsoMora.AlonsoMoraAssignment-INFO-solution status 2
23864-src.fleetctrl.pooling.batch.AlonsoMora.AlonsoMoraAssignment-INFO-number solutions 1
23864-src.fleetctrl.pooling.batch.AlonsoMora.AlonsoMoraAssignment-INFO-number opt requests 2 | number revealed requests 2 | number active requests: 2
23864-src.fleetctrl.pooling.batch.AlonsoMora.AlonsoMoraAssignment-INFO-number rtv_objs: 5
23864-src.fleetctrl.pooling.batch.AlonsoMora.AlonsoMoraAssignment-INFO-OPT TIMES:sim_time;6600,setup;0.0,rr;0.0,rv;0.02912425994873047,build;0.0015511512756347656,opt;0.0015730857849121094,all;0.032248497009277344
23864-src.fleetctrl.pooling.batch.AlonsoMora.AlonsoMoraAssignment-INFO-Opt stats at sim time 6600 : opt duration 0.032248497009277344 | res cfv -199643.12010593055
23864-src.fleetctrl.pooling.batch.AlonsoMora.AlonsoMoraAssignment-INFO-Number of rtv_keys in trees:
23864-src.fleetctrl.pooling.batch.AlonsoMora.AlonsoMoraAssignment-INFO-N 1 : 5 | plans_ 5
23864-src.fleetctrl.pooling.batch.AlonsoMora.AlonsoMoraAssignment-INFO-N 2 : 0 | plans_ 0
23864-src.fleetctrl.pooling.batch.AlonsoMora.AlonsoMoraAssignment-INFO-N 3 : 0 | plans_ 0
23864-src.fleetctrl.pooling.batch.AlonsoMora.AlonsoMoraAssignment-INFO-N 4 : 0 | plans_ 0
23864-src.fleetctrl.pooling.batch.AlonsoMora.AlonsoMoraAssignment-INFO-Objective value at time 6600 for AM: -199643.12010593055
23864-src.fleetctrl.pooling.batch.AlonsoMora.AlonsoMoraAssignment-INFO-=========
23864-src.fleetctrl.pooling.batch.AlonsoMora.AlonsoMoraAssignment-INFO-OPT TIME 6600:
23864-src.fleetctrl.pooling.batch.AlonsoMora.AlonsoMoraAssignment-INFO-solution status 2
23864-src.fleetctrl.pooling.batch.AlonsoMora.AlonsoMoraAssignment-INFO-number solutions 1
23864-src.fleetctrl.pooling.batch.AlonsoMora.AlonsoMoraAssignment-INFO-number opt requests 2 | number revealed requests 2 | number active requests: 2
23864-src.fleetctrl.pooling.batch.AlonsoMora.AlonsoMoraAssignment-INFO-number rtv_objs: 6
23864-src.fleetctrl.pooling.batch.AlonsoMora.AlonsoMoraAssignment-INFO-OPT TIMES:sim_time;6600,setup;0.0,rr;0.0,rv;0.03727293014526367,build;0.0015995502471923828,opt;0.0031604766845703125,all;0.04203295707702637
23864-src.fleetctrl.pooling.batch.AlonsoMora.AlonsoMoraAssignment-INFO-Opt stats at sim time 6600 : opt duration 0.04203295707702637 | res cfv -199684.71092499487
23864-src.fleetctrl.pooling.batch.AlonsoMora.AlonsoMoraAssignment-INFO-Number of rtv_keys in trees:
23864-src.fleetctrl.pooling.batch.AlonsoMora.AlonsoMoraAssignment-INFO-N 1 : 5 | plans_ 5
23864-src.fleetctrl.pooling.batch.AlonsoMora.AlonsoMoraAssignment-INFO-N 2 : 1 | plans_ 1
23864-src.fleetctrl.pooling.batch.AlonsoMora.AlonsoMoraAssignment-INFO-N 3 : 0 | plans_ 0
23864-src.fleetctrl.pooling.batch.AlonsoMora.AlonsoMoraAssignment-INFO-Objective value at time 6600 for AM: -199684.71092499487
23864-src.fleetctrl.pooling.batch.AlonsoMora.AlonsoMoraAssignment-INFO-=========
23864-src.fleetctrl.pooling.batch.AlonsoMora.AlonsoMoraAssignment-INFO-OPT TIME 6660:
23864-src.fleetctrl.pooling.batch.AlonsoMora.AlonsoMoraAssignment-INFO-solution status 2
23864-src.fleetctrl.pooling.batch.AlonsoMora.AlonsoMoraAssignment-INFO-number solutions 1
23864-src.fleetctrl.pooling.batch.AlonsoMora.AlonsoMoraAssignment-INFO-number opt requests 3 | number revealed requests 3 | number active requests: 3
23864-src.fleetctrl.pooling.batch.AlonsoMora.AlonsoMoraAssignment-INFO-number rtv_objs: 7
23864-src.fleetctrl.pooling.batch.AlonsoMora.AlonsoMoraAssignment-INFO-OPT TIMES:sim_time;6660,setup;0.0,rr;0.0,rv;0.03111743927001953,build;0.0031194686889648438,opt;0.0031850337982177734,all;0.03742194175720215
23864-src.fleetctrl.pooling.batch.AlonsoMora.AlonsoMoraAssignment-INFO-Opt stats at sim time 6660 : opt duration 0.03742194175720215 | res cfv -299372.7935315679
23864-src.fleetctrl.pooling.batch.AlonsoMora.AlonsoMoraAssignment-INFO-Number of rtv_keys in trees:
23864-src.fleetctrl.pooling.batch.AlonsoMora.AlonsoMoraAssignment-INFO-N 1 : 7 | plans_ 7
23864-src.fleetctrl.pooling.batch.AlonsoMora.AlonsoMoraAssignment-INFO-N 2 : 0 | plans_ 0
23864-src.fleetctrl.pooling.batch.AlonsoMora.AlonsoMoraAssignment-INFO-N 3 : 0 | plans_ 0
23864-src.fleetctrl.pooling.batch.AlonsoMora.AlonsoMoraAssignment-INFO-N 4 : 0 | plans_ 0
23864-src.fleetctrl.pooling.batch.AlonsoMora.AlonsoMoraAssignment-INFO-Objective value at time 6660 for AM: -299372.7935315679
23864-src.fleetctrl.pooling.batch.AlonsoMora.AlonsoMoraAssignment-INFO-=========
23864-src.fleetctrl.pooling.batch.AlonsoMora.AlonsoMoraAssignment-INFO-OPT TIME 6660:
23864-src.fleetctrl.pooling.batch.AlonsoMora.AlonsoMoraAssignment-INFO-solution status 2
23864-src.fleetctrl.pooling.batch.AlonsoMora.AlonsoMoraAssignment-INFO-number solutions 1
23864-src.fleetctrl.pooling.batch.AlonsoMora.AlonsoMoraAssignment-INFO-number opt requests 2 | number revealed requests 2 | number active requests: 2
23864-src.fleetctrl.pooling.batch.AlonsoMora.AlonsoMoraAssignment-INFO-number rtv_objs: 9
23864-src.fleetctrl.pooling.batch.AlonsoMora.AlonsoMoraAssignment-INFO-OPT TIMES:sim_time;6660,setup;0.0,rr;0.0,rv;0.038388729095458984,build;0.003164052963256836,opt;0.0031006336212158203,all;0.04465341567993164
23864-src.fleetctrl.pooling.batch.AlonsoMora.AlonsoMoraAssignment-INFO-Opt stats at sim time 6660 : opt duration 0.04465341567993164 | res cfv -199652.20773507142
23864-src.fleetctrl.pooling.batch.AlonsoMora.AlonsoMoraAssignment-INFO-Number of rtv_keys in trees:
23864-src.fleetctrl.pooling.batch.AlonsoMora.AlonsoMoraAssignment-INFO-N 1 : 9 | plans_ 9
23864-src.fleetctrl.pooling.batch.AlonsoMora.AlonsoMoraAssignment-INFO-N 2 : 0 | plans_ 0
23864-src.fleetctrl.pooling.batch.AlonsoMora.AlonsoMoraAssignment-INFO-N 3 : 0 | plans_ 0
23864-src.fleetctrl.pooling.batch.AlonsoMora.AlonsoMoraAssignment-INFO-Objective value at time 6660 for AM: -199652.20773507142
23864-src.fleetctrl.pooling.batch.AlonsoMora.AlonsoMoraAssignment-INFO-=========
23864-src.fleetctrl.pooling.batch.AlonsoMora.AlonsoMoraAssignment-INFO-OPT TIME 6720:
23864-src.fleetctrl.pooling.batch.AlonsoMora.AlonsoMoraAssignment-INFO-solution status 2
23864-src.fleetctrl.pooling.batch.AlonsoMora.AlonsoMoraAssignment-INFO-number solutions 1
23864-src.fleetctrl.pooling.batch.AlonsoMora.AlonsoMoraAssignment-INFO-number opt requests 2 | number revealed requests 2 | number active requests: 2
23864-src.fleetctrl.pooling.batch.AlonsoMora.AlonsoMoraAssignment-INFO-number rtv_objs: 4
23864-src.fleetctrl.pooling.batch.AlonsoMora.AlonsoMoraAssignment-INFO-OPT TIMES:sim_time;6720,setup;0.0005214214324951172,rr;0.0,rv;0.0,build;0.020742416381835938,opt;0.0019659996032714844,all;0.02322983741760254
23864-src.fleetctrl.pooling.batch.AlonsoMora.AlonsoMoraAssignment-INFO-Opt stats at sim time 6720 : opt duration 0.02322983741760254 | res cfv -199511.6875016385
23864-src.fleetctrl.pooling.batch.AlonsoMora.AlonsoMoraAssignment-INFO-Number of rtv_keys in trees:
23864-src.fleetctrl.pooling.batch.AlonsoMora.AlonsoMoraAssignment-INFO-N 1 : 4 | plans_ 4
23864-src.fleetctrl.pooling.batch.AlonsoMora.AlonsoMoraAssignment-INFO-N 2 : 0 | plans_ 0
23864-src.fleetctrl.pooling.batch.AlonsoMora.AlonsoMoraAssignment-INFO-N 3 : 0 | plans_ 0
23864-src.fleetctrl.pooling.batch.AlonsoMora.AlonsoMoraAssignment-INFO-N 4 : 0 | plans_ 0
23864-src.fleetctrl.pooling.batch.AlonsoMora.AlonsoMoraAssignment-INFO-Objective value at time 6720 for AM: -199511.6875016385
23864-src.fleetctrl.pooling.batch.AlonsoMora.AlonsoMoraAssignment-INFO-=========
23864-src.fleetctrl.pooling.batch.AlonsoMora.AlonsoMoraAssignment-INFO-OPT TIME 6720:
23864-src.fleetctrl.pooling.batch.AlonsoMora.AlonsoMoraAssignment-INFO-solution status 2
23864-src.fleetctrl.pooling.batch.AlonsoMora.AlonsoMoraAssignment-INFO-number solutions 1
23864-src.fleetctrl.pooling.batch.AlonsoMora.AlonsoMoraAssignment-INFO-number opt requests 2 | number revealed requests 2 | number active requests: 2
23864-src.fleetctrl.pooling.batch.AlonsoMora.AlonsoMoraAssignment-INFO-number rtv_objs: 3
23864-src.fleetctrl.pooling.batch.AlonsoMora.AlonsoMoraAssignment-INFO-OPT TIMES:sim_time;6720,setup;0.0,rr;0.0,rv;0.0,build;0.0,opt;0.0034666061401367188,all;0.0034666061401367188
23864-src.fleetctrl.pooling.batch.AlonsoMora.AlonsoMoraAssignment-INFO-Opt stats at sim time 6720 : opt duration 0.0034666061401367188 | res cfv -199685.061518414
23864-src.fleetctrl.pooling.batch.AlonsoMora.AlonsoMoraAssignment-INFO-Number of rtv_keys in trees:
23864-src.fleetctrl.pooling.batch.AlonsoMora.AlonsoMoraAssignment-INFO-N 1 : 3 | plans_ 3
23864-src.fleetctrl.pooling.batch.AlonsoMora.AlonsoMoraAssignment-INFO-N 2 : 0 | plans_ 0
23864-src.fleetctrl.pooling.batch.AlonsoMora.AlonsoMoraAssignment-INFO-N 3 : 0 | plans_ 0
23864-src.fleetctrl.pooling.batch.AlonsoMora.AlonsoMoraAssignment-INFO-Objective value at time 6720 for AM: -199685.061518414
23864-src.fleetctrl.pooling.batch.AlonsoMora.AlonsoMoraAssignment-INFO-=========
23864-src.fleetctrl.pooling.batch.AlonsoMora.AlonsoMoraAssignment-INFO-OPT TIME 6780:
23864-src.fleetctrl.pooling.batch.AlonsoMora.AlonsoMoraAssignment-INFO-solution status 2
23864-src.fleetctrl.pooling.batch.AlonsoMora.AlonsoMoraAssignment-INFO-number solutions 1
23864-src.fleetctrl.pooling.batch.AlonsoMora.AlonsoMoraAssignment-INFO-number opt requests 2 | number revealed requests 2 | number active requests: 2
23864-src.fleetctrl.pooling.batch.AlonsoMora.AlonsoMoraAssignment-INFO-number rtv_objs: 2
23864-src.fleetctrl.pooling.batch.AlonsoMora.AlonsoMoraAssignment-INFO-OPT TIMES:sim_time;6780,setup;0.0,rr;0.0,rv;0.0,build;0.0,opt;0.001584768295288086,all;0.001584768295288086
23864-src.fleetctrl.pooling.batch.AlonsoMora.AlonsoMoraAssignment-INFO-Opt stats at sim time 6780 : opt duration 0.001584768295288086 | res cfv -199528.50748877192
23864-src.fleetctrl.pooling.batch.AlonsoMora.AlonsoMoraAssignment-INFO-Number of rtv_keys in trees:
23864-src.fleetctrl.pooling.batch.AlonsoMora.AlonsoMoraAssignment-INFO-N 1 : 2 | plans_ 2
23864-src.fleetctrl.pooling.batch.AlonsoMora.AlonsoMoraAssignment-INFO-N 2 : 0 | plans_ 0
23864-src.fleetctrl.pooling.batch.AlonsoMora.AlonsoMoraAssignment-INFO-N 3 : 0 | plans_ 0
23864-src.fleetctrl.pooling.batch.AlonsoMora.AlonsoMoraAssignment-INFO-N 4 : 0 | plans_ 0
23864-src.fleetctrl.pooling.batch.AlonsoMora.AlonsoMoraAssignment-INFO-Objective value at time 6780 for AM: -199528.50748877192
23864-src.fleetctrl.pooling.batch.AlonsoMora.AlonsoMoraAssignment-INFO-=========
23864-src.fleetctrl.pooling.batch.AlonsoMora.AlonsoMoraAssignment-INFO-OPT TIME 6780:
23864-src.fleetctrl.pooling.batch.AlonsoMora.AlonsoMoraAssignment-INFO-solution status 2
23864-src.fleetctrl.pooling.batch.AlonsoMora.AlonsoMoraAssignment-INFO-number solutions 1
23864-src.fleetctrl.pooling.batch.AlonsoMora.AlonsoMoraAssignment-INFO-number opt requests 2 | number revealed requests 2 | number active requests: 2
23864-src.fleetctrl.pooling.batch.AlonsoMora.AlonsoMoraAssignment-INFO-number rtv_objs: 2
23864-src.fleetctrl.pooling.batch.AlonsoMora.AlonsoMoraAssignment-INFO-OPT TIMES:sim_time;6780,setup;0.0,rr;0.0,rv;0.0,build;0.0,opt;0.0015785694122314453,all;0.0015785694122314453
23864-src.fleetctrl.pooling.batch.AlonsoMora.AlonsoMoraAssignment-INFO-Opt stats at sim time 6780 : opt duration 0.0015785694122314453 | res cfv -199708.39298659342
23864-src.fleetctrl.pooling.batch.AlonsoMora.AlonsoMoraAssignment-INFO-Number of rtv_keys in trees:
23864-src.fleetctrl.pooling.batch.AlonsoMora.AlonsoMoraAssignment-INFO-N 1 : 2 | plans_ 2
23864-src.fleetctrl.pooling.batch.AlonsoMora.AlonsoMoraAssignment-INFO-N 2 : 0 | plans_ 0
23864-src.fleetctrl.pooling.batch.AlonsoMora.AlonsoMoraAssignment-INFO-N 3 : 0 | plans_ 0
23864-src.fleetctrl.pooling.batch.AlonsoMora.AlonsoMoraAssignment-INFO-Objective value at time 6780 for AM: -199708.39298659342
23864-src.fleetctrl.pooling.batch.AlonsoMora.AlonsoMoraAssignment-INFO-=========
23864-src.fleetctrl.pooling.batch.AlonsoMora.AlonsoMoraAssignment-INFO-OPT TIME 6840:
23864-src.fleetctrl.pooling.batch.AlonsoMora.AlonsoMoraAssignment-INFO-solution status 2
23864-src.fleetctrl.pooling.batch.AlonsoMora.AlonsoMoraAssignment-INFO-number solutions 1
23864-src.fleetctrl.pooling.batch.AlonsoMora.AlonsoMoraAssignment-INFO-number opt requests 4 | number revealed requests 4 | number active requests: 4
23864-src.fleetctrl.pooling.batch.AlonsoMora.AlonsoMoraAssignment-INFO-number rtv_objs: 10
23864-src.fleetctrl.pooling.batch.AlonsoMora.AlonsoMoraAssignment-INFO-OPT TIMES:sim_time;6840,setup;0.0015635490417480469,rr;0.0,rv;0.0560297966003418,build;0.0036361217498779297,opt;0.0031261444091796875,all;0.06435561180114746
23864-src.fleetctrl.pooling.batch.AlonsoMora.AlonsoMoraAssignment-INFO-Opt stats at sim time 6840 : opt duration 0.06435561180114746 | res cfv -399097.83306211105
23864-src.fleetctrl.pooling.batch.AlonsoMora.AlonsoMoraAssignment-INFO-Number of rtv_keys in trees:
23864-src.fleetctrl.pooling.batch.AlonsoMora.AlonsoMoraAssignment-INFO-N 1 : 8 | plans_ 8
23864-src.fleetctrl.pooling.batch.AlonsoMora.AlonsoMoraAssignment-INFO-N 2 : 2 | plans_ 2
23864-src.fleetctrl.pooling.batch.AlonsoMora.AlonsoMoraAssignment-INFO-N 3 : 0 | plans_ 0
23864-src.fleetctrl.pooling.batch.AlonsoMora.AlonsoMoraAssignment-INFO-N 4 : 0 | plans_ 0
23864-src.fleetctrl.pooling.batch.AlonsoMora.AlonsoMoraAssignment-INFO-Objective value at time 6840 for AM: -399097.83306211105
23864-src.fleetctrl.pooling.batch.AlonsoMora.AlonsoMoraAssignment-INFO-=========
23864-src.fleetctrl.pooling.batch.AlonsoMora.AlonsoMoraAssignment-INFO-OPT TIME 6840:
23864-src.fleetctrl.pooling.batch.AlonsoMora.AlonsoMoraAssignment-INFO-solution status 2
23864-src.fleetctrl.pooling.batch.AlonsoMora.AlonsoMoraAssignment-INFO-number solutions 1
23864-src.fleetctrl.pooling.batch.AlonsoMora.AlonsoMoraAssignment-INFO-number opt requests 1 | number revealed requests 1 | number active requests: 1
23864-src.fleetctrl.pooling.batch.AlonsoMora.AlonsoMoraAssignment-INFO-number rtv_objs: 1
23864-src.fleetctrl.pooling.batch.AlonsoMora.AlonsoMoraAssignment-INFO-OPT TIMES:sim_time;6840,setup;0.0,rr;0.0,rv;0.0,build;0.0,opt;0.0031824111938476562,all;0.0031824111938476562
23864-src.fleetctrl.pooling.batch.AlonsoMora.AlonsoMoraAssignment-INFO-Opt stats at sim time 6840 : opt duration 0.0031824111938476562 | res cfv -99780.26490878286
23864-src.fleetctrl.pooling.batch.AlonsoMora.AlonsoMoraAssignment-INFO-Number of rtv_keys in trees:
23864-src.fleetctrl.pooling.batch.AlonsoMora.AlonsoMoraAssignment-INFO-N 1 : 1 | plans_ 1
23864-src.fleetctrl.pooling.batch.AlonsoMora.AlonsoMoraAssignment-INFO-N 2 : 0 | plans_ 0
23864-src.fleetctrl.pooling.batch.AlonsoMora.AlonsoMoraAssignment-INFO-N 3 : 0 | plans_ 0
23864-src.fleetctrl.pooling.batch.AlonsoMora.AlonsoMoraAssignment-INFO-Objective value at time 6840 for AM: -99780.26490878286
23864-src.fleetctrl.pooling.batch.AlonsoMora.AlonsoMoraAssignment-INFO-=========
23864-src.fleetctrl.pooling.batch.AlonsoMora.AlonsoMoraAssignment-INFO-OPT TIME 6900:
23864-src.fleetctrl.pooling.batch.AlonsoMora.AlonsoMoraAssignment-INFO-solution status 2
23864-src.fleetctrl.pooling.batch.AlonsoMora.AlonsoMoraAssignment-INFO-number solutions 1
23864-src.fleetctrl.pooling.batch.AlonsoMora.AlonsoMoraAssignment-INFO-number opt requests 5 | number revealed requests 5 | number active requests: 5
23864-src.fleetctrl.pooling.batch.AlonsoMora.AlonsoMoraAssignment-INFO-number rtv_objs: 17
23864-src.fleetctrl.pooling.batch.AlonsoMora.AlonsoMoraAssignment-INFO-OPT TIMES:sim_time;6900,setup;0.0,rr;0.0,rv;0.020793676376342773,build;0.044385671615600586,opt;0.003995418548583984,all;0.06917476654052734
23864-src.fleetctrl.pooling.batch.AlonsoMora.AlonsoMoraAssignment-INFO-Opt stats at sim time 6900 : opt duration 0.06917476654052734 | res cfv -498895.03342646547
23864-src.fleetctrl.pooling.batch.AlonsoMora.AlonsoMoraAssignment-INFO-Number of rtv_keys in trees:
23864-src.fleetctrl.pooling.batch.AlonsoMora.AlonsoMoraAssignment-INFO-N 1 : 11 | plans_ 11
23864-src.fleetctrl.pooling.batch.AlonsoMora.AlonsoMoraAssignment-INFO-N 2 : 6 | plans_ 7
23864-src.fleetctrl.pooling.batch.AlonsoMora.AlonsoMoraAssignment-INFO-N 3 : 0 | plans_ 0
23864-src.fleetctrl.pooling.batch.AlonsoMora.AlonsoMoraAssignment-INFO-N 4 : 0 | plans_ 0
23864-src.fleetctrl.pooling.batch.AlonsoMora.AlonsoMoraAssignment-INFO-Objective value at time 6900 for AM: -498895.03342646547
23864-src.fleetctrl.pooling.batch.AlonsoMora.AlonsoMoraAssignment-INFO-=========
23864-src.fleetctrl.pooling.batch.AlonsoMora.AlonsoMoraAssignment-INFO-OPT TIME 6900:
23864-src.fleetctrl.pooling.batch.AlonsoMora.AlonsoMoraAssignment-INFO-solution status 2
23864-src.fleetctrl.pooling.batch.AlonsoMora.AlonsoMoraAssignment-INFO-number solutions 1
23864-src.fleetctrl.pooling.batch.AlonsoMora.AlonsoMoraAssignment-INFO-number opt requests 2 | number revealed requests 2 | number active requests: 2
23864-src.fleetctrl.pooling.batch.AlonsoMora.AlonsoMoraAssignment-INFO-number rtv_objs: 5
23864-src.fleetctrl.pooling.batch.AlonsoMora.AlonsoMoraAssignment-INFO-OPT TIMES:sim_time;6900,setup;0.0,rr;0.0,rv;0.0275418758392334,build;0.0015621185302734375,opt;0.0015137195587158203,all;0.030617713928222656
23864-src.fleetctrl.pooling.batch.AlonsoMora.AlonsoMoraAssignment-INFO-Opt stats at sim time 6900 : opt duration 0.030617713928222656 | res cfv -199607.20038188668
23864-src.fleetctrl.pooling.batch.AlonsoMora.AlonsoMoraAssignment-INFO-Number of rtv_keys in trees:
23864-src.fleetctrl.pooling.batch.AlonsoMora.AlonsoMoraAssignment-INFO-N 1 : 5 | plans_ 5
23864-src.fleetctrl.pooling.batch.AlonsoMora.AlonsoMoraAssignment-INFO-N 2 : 0 | plans_ 0
23864-src.fleetctrl.pooling.batch.AlonsoMora.AlonsoMoraAssignment-INFO-N 3 : 0 | plans_ 0
23864-src.fleetctrl.pooling.batch.AlonsoMora.AlonsoMoraAssignment-INFO-Objective value at time 6900 for AM: -199607.20038188668
23864-src.fleetctrl.pooling.batch.AlonsoMora.AlonsoMoraAssignment-INFO-=========
23864-src.fleetctrl.pooling.batch.AlonsoMora.AlonsoMoraAssignment-INFO-OPT TIME 6960:
23864-src.fleetctrl.pooling.batch.AlonsoMora.AlonsoMoraAssignment-INFO-solution status 2
23864-src.fleetctrl.pooling.batch.AlonsoMora.AlonsoMoraAssignment-INFO-number solutions 1
23864-src.fleetctrl.pooling.batch.AlonsoMora.AlonsoMoraAssignment-INFO-number opt requests 5 | number revealed requests 5 | number active requests: 5
23864-src.fleetctrl.pooling.batch.AlonsoMora.AlonsoMoraAssignment-INFO-number rtv_objs: 8
23864-src.fleetctrl.pooling.batch.AlonsoMora.AlonsoMoraAssignment-INFO-OPT TIMES:sim_time;6960,setup;0.0,rr;0.0,rv;0.0,build;0.025161027908325195,opt;0.0033910274505615234,all;0.02855205535888672
23864-src.fleetctrl.pooling.batch.AlonsoMora.AlonsoMoraAssignment-INFO-Opt stats at sim time 6960 : opt duration 0.02855205535888672 | res cfv -498951.14110516396
23864-src.fleetctrl.pooling.batch.AlonsoMora.AlonsoMoraAssignment-INFO-Number of rtv_keys in trees:
23864-src.fleetctrl.pooling.batch.AlonsoMora.AlonsoMoraAssignment-INFO-N 1 : 5 | plans_ 5
23864-src.fleetctrl.pooling.batch.AlonsoMora.AlonsoMoraAssignment-INFO-N 2 : 3 | plans_ 3
23864-src.fleetctrl.pooling.batch.AlonsoMora.AlonsoMoraAssignment-INFO-N 3 : 0 | plans_ 0
23864-src.fleetctrl.pooling.batch.AlonsoMora.AlonsoMoraAssignment-INFO-N 4 : 0 | plans_ 0
23864-src.fleetctrl.pooling.batch.AlonsoMora.AlonsoMoraAssignment-INFO-Objective value at time 6960 for AM: -498951.14110516396
23864-src.fleetctrl.pooling.batch.AlonsoMora.AlonsoMoraAssignment-INFO-=========
23864-src.fleetctrl.pooling.batch.AlonsoMora.AlonsoMoraAssignment-INFO-OPT TIME 6960:
23864-src.fleetctrl.pooling.batch.AlonsoMora.AlonsoMoraAssignment-INFO-solution status 2
23864-src.fleetctrl.pooling.batch.AlonsoMora.AlonsoMoraAssignment-INFO-number solutions 1
23864-src.fleetctrl.pooling.batch.AlonsoMora.AlonsoMoraAssignment-INFO-number opt requests 2 | number revealed requests 2 | number active requests: 2
23864-src.fleetctrl.pooling.batch.AlonsoMora.AlonsoMoraAssignment-INFO-number rtv_objs: 2
23864-src.fleetctrl.pooling.batch.AlonsoMora.AlonsoMoraAssignment-INFO-OPT TIMES:sim_time;6960,setup;0.0,rr;0.0,rv;0.0,build;0.0,opt;0.0020797252655029297,all;0.0020797252655029297
23864-src.fleetctrl.pooling.batch.AlonsoMora.AlonsoMoraAssignment-INFO-Opt stats at sim time 6960 : opt duration 0.0020797252655029297 | res cfv -199631.6046724254
23864-src.fleetctrl.pooling.batch.AlonsoMora.AlonsoMoraAssignment-INFO-Number of rtv_keys in trees:
23864-src.fleetctrl.pooling.batch.AlonsoMora.AlonsoMoraAssignment-INFO-N 1 : 2 | plans_ 2
23864-src.fleetctrl.pooling.batch.AlonsoMora.AlonsoMoraAssignment-INFO-N 2 : 0 | plans_ 0
23864-src.fleetctrl.pooling.batch.AlonsoMora.AlonsoMoraAssignment-INFO-N 3 : 0 | plans_ 0
23864-src.fleetctrl.pooling.batch.AlonsoMora.AlonsoMoraAssignment-INFO-Objective value at time 6960 for AM: -199631.6046724254
23864-src.fleetctrl.pooling.batch.AlonsoMora.AlonsoMoraAssignment-INFO-=========
23864-src.fleetctrl.pooling.batch.AlonsoMora.AlonsoMoraAssignment-INFO-OPT TIME 7020:
23864-src.fleetctrl.pooling.batch.AlonsoMora.AlonsoMoraAssignment-INFO-solution status 2
23864-src.fleetctrl.pooling.batch.AlonsoMora.AlonsoMoraAssignment-INFO-number solutions 1
23864-src.fleetctrl.pooling.batch.AlonsoMora.AlonsoMoraAssignment-INFO-number opt requests 4 | number revealed requests 4 | number active requests: 4
23864-src.fleetctrl.pooling.batch.AlonsoMora.AlonsoMoraAssignment-INFO-number rtv_objs: 5
23864-src.fleetctrl.pooling.batch.AlonsoMora.AlonsoMoraAssignment-INFO-OPT TIMES:sim_time;7020,setup;0.0,rr;0.0,rv;0.0,build;0.0,opt;0.0031790733337402344,all;0.0031790733337402344
23864-src.fleetctrl.pooling.batch.AlonsoMora.AlonsoMoraAssignment-INFO-Opt stats at sim time 7020 : opt duration 0.0031790733337402344 | res cfv -399149.9278460533
23864-src.fleetctrl.pooling.batch.AlonsoMora.AlonsoMoraAssignment-INFO-Number of rtv_keys in trees:
23864-src.fleetctrl.pooling.batch.AlonsoMora.AlonsoMoraAssignment-INFO-N 1 : 3 | plans_ 3
23864-src.fleetctrl.pooling.batch.AlonsoMora.AlonsoMoraAssignment-INFO-N 2 : 2 | plans_ 2
23864-src.fleetctrl.pooling.batch.AlonsoMora.AlonsoMoraAssignment-INFO-N 3 : 0 | plans_ 0
23864-src.fleetctrl.pooling.batch.AlonsoMora.AlonsoMoraAssignment-INFO-N 4 : 0 | plans_ 0
23864-src.fleetctrl.pooling.batch.AlonsoMora.AlonsoMoraAssignment-INFO-Objective value at time 7020 for AM: -399149.9278460533
23864-src.fleetctrl.pooling.batch.AlonsoMora.AlonsoMoraAssignment-INFO-=========
23864-src.fleetctrl.pooling.batch.AlonsoMora.AlonsoMoraAssignment-INFO-OPT TIME 7020:
23864-src.fleetctrl.pooling.batch.AlonsoMora.AlonsoMoraAssignment-INFO-solution status 2
23864-src.fleetctrl.pooling.batch.AlonsoMora.AlonsoMoraAssignment-INFO-number solutions 1
23864-src.fleetctrl.pooling.batch.AlonsoMora.AlonsoMoraAssignment-INFO-number opt requests 2 | number revealed requests 2 | number active requests: 2
23864-src.fleetctrl.pooling.batch.AlonsoMora.AlonsoMoraAssignment-INFO-number rtv_objs: 2
23864-src.fleetctrl.pooling.batch.AlonsoMora.AlonsoMoraAssignment-INFO-OPT TIMES:sim_time;7020,setup;0.0015916824340820312,rr;0.0,rv;0.0,build;0.0,opt;0.0020399093627929688,all;0.003631591796875
23864-src.fleetctrl.pooling.batch.AlonsoMora.AlonsoMoraAssignment-INFO-Opt stats at sim time 7020 : opt duration 0.003631591796875 | res cfv -199657.91177049157
23864-src.fleetctrl.pooling.batch.AlonsoMora.AlonsoMoraAssignment-INFO-Number of rtv_keys in trees:
23864-src.fleetctrl.pooling.batch.AlonsoMora.AlonsoMoraAssignment-INFO-N 1 : 2 | plans_ 2
23864-src.fleetctrl.pooling.batch.AlonsoMora.AlonsoMoraAssignment-INFO-N 2 : 0 | plans_ 0
23864-src.fleetctrl.pooling.batch.AlonsoMora.AlonsoMoraAssignment-INFO-N 3 : 0 | plans_ 0
23864-src.fleetctrl.pooling.batch.AlonsoMora.AlonsoMoraAssignment-INFO-Objective value at time 7020 for AM: -199657.91177049157
23864-src.fleetctrl.pooling.batch.AlonsoMora.AlonsoMoraAssignment-INFO-=========
23864-src.fleetctrl.pooling.batch.AlonsoMora.AlonsoMoraAssignment-INFO-OPT TIME 7080:
23864-src.fleetctrl.pooling.batch.AlonsoMora.AlonsoMoraAssignment-INFO-solution status 2
23864-src.fleetctrl.pooling.batch.AlonsoMora.AlonsoMoraAssignment-INFO-number solutions 1
23864-src.fleetctrl.pooling.batch.AlonsoMora.AlonsoMoraAssignment-INFO-number opt requests 3 | number revealed requests 3 | number active requests: 3
23864-src.fleetctrl.pooling.batch.AlonsoMora.AlonsoMoraAssignment-INFO-number rtv_objs: 2
23864-src.fleetctrl.pooling.batch.AlonsoMora.AlonsoMoraAssignment-INFO-OPT TIMES:sim_time;7080,setup;0.0,rr;0.0,rv;0.0,build;0.0015468597412109375,opt;0.001523733139038086,all;0.0030705928802490234
23864-src.fleetctrl.pooling.batch.AlonsoMora.AlonsoMoraAssignment-INFO-Opt stats at sim time 7080 : opt duration 0.0030705928802490234 | res cfv -299242.1980439725
23864-src.fleetctrl.pooling.batch.AlonsoMora.AlonsoMoraAssignment-INFO-Number of rtv_keys in trees:
23864-src.fleetctrl.pooling.batch.AlonsoMora.AlonsoMoraAssignment-INFO-N 1 : 1 | plans_ 1
23864-src.fleetctrl.pooling.batch.AlonsoMora.AlonsoMoraAssignment-INFO-N 2 : 1 | plans_ 1
23864-src.fleetctrl.pooling.batch.AlonsoMora.AlonsoMoraAssignment-INFO-N 3 : 0 | plans_ 0
23864-src.fleetctrl.pooling.batch.AlonsoMora.AlonsoMoraAssignment-INFO-N 4 : 0 | plans_ 0
23864-src.fleetctrl.pooling.batch.AlonsoMora.AlonsoMoraAssignment-INFO-Objective value at time 7080 for AM: -299242.1980439725
23864-src.fleetctrl.pooling.batch.AlonsoMora.AlonsoMoraAssignment-INFO-=========
23864-src.fleetctrl.pooling.batch.AlonsoMora.AlonsoMoraAssignment-INFO-OPT TIME 7080:
23864-src.fleetctrl.pooling.batch.AlonsoMora.AlonsoMoraAssignment-INFO-solution status 2
23864-src.fleetctrl.pooling.batch.AlonsoMora.AlonsoMoraAssignment-INFO-number solutions 1
23864-src.fleetctrl.pooling.batch.AlonsoMora.AlonsoMoraAssignment-INFO-number opt requests 1 | number revealed requests 1 | number active requests: 1
23864-src.fleetctrl.pooling.batch.AlonsoMora.AlonsoMoraAssignment-INFO-number rtv_objs: 1
23864-src.fleetctrl.pooling.batch.AlonsoMora.AlonsoMoraAssignment-INFO-OPT TIMES:sim_time;7080,setup;0.0,rr;0.0,rv;0.0,build;0.0,opt;0.002076387405395508,all;0.002076387405395508
23864-src.fleetctrl.pooling.batch.AlonsoMora.AlonsoMoraAssignment-INFO-Opt stats at sim time 7080 : opt duration 0.002076387405395508 | res cfv -99856.03113068866
23864-src.fleetctrl.pooling.batch.AlonsoMora.AlonsoMoraAssignment-INFO-Number of rtv_keys in trees:
23864-src.fleetctrl.pooling.batch.AlonsoMora.AlonsoMoraAssignment-INFO-N 1 : 1 | plans_ 1
23864-src.fleetctrl.pooling.batch.AlonsoMora.AlonsoMoraAssignment-INFO-N 2 : 0 | plans_ 0
23864-src.fleetctrl.pooling.batch.AlonsoMora.AlonsoMoraAssignment-INFO-N 3 : 0 | plans_ 0
23864-src.fleetctrl.pooling.batch.AlonsoMora.AlonsoMoraAssignment-INFO-Objective value at time 7080 for AM: -99856.03113068866
23864-src.fleetctrl.pooling.batch.AlonsoMora.AlonsoMoraAssignment-INFO-=========
23864-src.fleetctrl.pooling.batch.AlonsoMora.AlonsoMoraAssignment-INFO-OPT TIME 7140:
23864-src.fleetctrl.pooling.batch.AlonsoMora.AlonsoMoraAssignment-INFO-solution status 2
23864-src.fleetctrl.pooling.batch.AlonsoMora.AlonsoMoraAssignment-INFO-number solutions 1
23864-src.fleetctrl.pooling.batch.AlonsoMora.AlonsoMoraAssignment-INFO-number opt requests 4 | number revealed requests 4 | number active requests: 4
23864-src.fleetctrl.pooling.batch.AlonsoMora.AlonsoMoraAssignment-INFO-number rtv_objs: 5
23864-src.fleetctrl.pooling.batch.AlonsoMora.AlonsoMoraAssignment-INFO-OPT TIMES:sim_time;7140,setup;0.0,rr;0.0,rv;0.042333364486694336,build;0.001512289047241211,opt;0.003059864044189453,all;0.046905517578125
23864-src.fleetctrl.pooling.batch.AlonsoMora.AlonsoMoraAssignment-INFO-Opt stats at sim time 7140 : opt duration 0.046905517578125 | res cfv -399171.9111510144
23864-src.fleetctrl.pooling.batch.AlonsoMora.AlonsoMoraAssignment-INFO-Number of rtv_keys in trees:
23864-src.fleetctrl.pooling.batch.AlonsoMora.AlonsoMoraAssignment-INFO-N 1 : 3 | plans_ 3
23864-src.fleetctrl.pooling.batch.AlonsoMora.AlonsoMoraAssignment-INFO-N 2 : 2 | plans_ 3
23864-src.fleetctrl.pooling.batch.AlonsoMora.AlonsoMoraAssignment-INFO-N 3 : 0 | plans_ 0
23864-src.fleetctrl.pooling.batch.AlonsoMora.AlonsoMoraAssignment-INFO-N 4 : 0 | plans_ 0
23864-src.fleetctrl.pooling.batch.AlonsoMora.AlonsoMoraAssignment-INFO-Objective value at time 7140 for AM: -399171.9111510144
23864-src.fleetctrl.pooling.batch.AlonsoMora.AlonsoMoraAssignment-INFO-=========
23864-src.fleetctrl.pooling.batch.AlonsoMora.AlonsoMoraAssignment-INFO-OPT TIME 7140:
23864-src.fleetctrl.pooling.batch.AlonsoMora.AlonsoMoraAssignment-INFO-solution status 2
23864-src.fleetctrl.pooling.batch.AlonsoMora.AlonsoMoraAssignment-INFO-number solutions 1
23864-src.fleetctrl.pooling.batch.AlonsoMora.AlonsoMoraAssignment-INFO-number opt requests 1 | number revealed requests 1 | number active requests: 1
23864-src.fleetctrl.pooling.batch.AlonsoMora.AlonsoMoraAssignment-INFO-number rtv_objs: 1
23864-src.fleetctrl.pooling.batch.AlonsoMora.AlonsoMoraAssignment-INFO-OPT TIMES:sim_time;7140,setup;0.0,rr;0.0,rv;0.0,build;0.0010077953338623047,opt;0.002023935317993164,all;0.0030317306518554688
23864-src.fleetctrl.pooling.batch.AlonsoMora.AlonsoMoraAssignment-INFO-Opt stats at sim time 7140 : opt duration 0.0030317306518554688 | res cfv -99870.6743831038
23864-src.fleetctrl.pooling.batch.AlonsoMora.AlonsoMoraAssignment-INFO-Number of rtv_keys in trees:
23864-src.fleetctrl.pooling.batch.AlonsoMora.AlonsoMoraAssignment-INFO-N 1 : 1 | plans_ 1
23864-src.fleetctrl.pooling.batch.AlonsoMora.AlonsoMoraAssignment-INFO-N 2 : 0 | plans_ 0
23864-src.fleetctrl.pooling.batch.AlonsoMora.AlonsoMoraAssignment-INFO-N 3 : 0 | plans_ 0
23864-src.fleetctrl.pooling.batch.AlonsoMora.AlonsoMoraAssignment-INFO-Objective value at time 7140 for AM: -99870.6743831038
23864-src.FleetSimulationBase-INFO-Saving final simulation state.
23864-src.FleetSimulationBase-INFO-record_remaining_assignments()
23864-src.FleetSimulationBase-INFO-	 time 7200, remaining tasks 10
23864-src.FleetSimulationBase-INFO-	 time 7260, remaining tasks 5
23864-src.FleetSimulationBase-INFO-	 time 7320, remaining tasks 2
23864-src.FleetSimulationBase-INFO-	 time 7380, remaining tasks 1
23864-src.FleetSimulationBase-INFO-	 time 7440, remaining tasks 0
23864-src.FleetSimulationBase-INFO-Scenario example_broker_broker_sc_1 finished:
      initialization : 0:00:01 h
          simulation : 0:00:17 h
          evaluation : 0:00:00 h

23864-src.FleetSimulationBase-INFO-General initialization of scenario example_broker_user_sc_1...
