operator_id,vehicle_id,vehicle_type,status,locked,start_time,end_time,start_pos,end_pos,driven_distance,start_soc,end_soc,charging_power,charging_unit,toll,rq_on_board,occupancy,rq_boarding,rq_alighting,route,trajectory
0,2,default_vehtype,route,False,300,404.9151342727892,2967;-1;-1,2970;-1;-1,1260.6748435775457,0.5435646498507704,0.5434385823664126,0.0,,0,,0,,,2967;3896;6788;5444;1716;2720;4210;1711;98;2497;7434;2760;542;1074;336;2759;1664;1659;4844;3270;4850;6823;1946;7401;3560;2970,2967:300;3896:306.0795464347745;6788:307.3465304347745;5444:317.8829384347745;1716:320.6732984347745;2720:321.4199384347745;4210:322.3182104347745;1711:323.44789043477454;98:332.06369843477455;2497:333.57433043477454;7434:340.78217843477455;2760:347.3207144347746;542:354.84881843477456;1074:355.78222643477454;336:356.80534643477455;2759:361.53531443477453;1664:364.78921043477453;1659:369.54877043477455;4844:381.82129043477454;3270:383.69437043477456;4850:389.24749043477453;6823:396.72781043477454;1946:400.98109043477456;7401:402.1801304347746;3560:403.2556904347746;2970:404.9151342727892
0,4,default_vehtype,boarding,True,360,390.0,2977;-1;-1,2977;-1;-1,0.0,0.8229470565333281,0.8229470565333281,0.0,,0,4,1,4,,,
0,4,default_vehtype,route,False,390,403.47694671413734,2977;-1;-1,2983;-1;-1,112.30788928447757,0.8229470565333281,0.8229358257443997,0.0,,0,4,1,,,2977;6202;7315;2983,2977:390;6202:393.8930921031118;7315:400.78841210311185;2983:403.47694671413734
0,2,default_vehtype,boarding,True,404.9151342727892,434.9151342727892,2970;-1;-1,2970;-1;-1,0.0,0.5434385823664126,0.5434385823664126,0,,0,2,1,2,,,
0,4,default_vehtype,boarding,True,403.47694671413734,433.47694671413734,2983;-1;-1,2983;-1;-1,0.0,0.8229358257443997,0.8229358257443997,0,,0,4,1,,4,,
0,2,default_vehtype,route,False,434.9151342727892,606.5516174050668,2970;-1;-1,2987;-1;-1,1834.4631759372726,0.5434385823664126,0.5432551360488188,0.0,,0,2,1,,,2970;671;662;7398;3491;6933;7394;6989;7392;5704;7389;3806;2573;885;316;2042;1982;6306;374;7114;3246;5330;661;445;6080;7381;364;3029;3886;5711;6045;2157;4817;456;5901;7605;2830;1420;1084;7357;2826;2827;4225;2987,2970:434.9151342727892;671:435.94525043477455;662:458.39497043477456;7398:461.9142104347746;3491:468.2389304347746;6933:469.1506904347746;7394:474.5122904347746;6989:475.1066504347746;7392:484.3177304347746;5704:486.6828104347746;7389:501.22105043477455;3806:505.28545043477453;2573:506.3534504347745;885:506.9568104347745;316:513.7839704347746;2042:524.5224104347745;1982:525.2851304347745;6306:525.5019704347745;374:533.8029704347746;7114:536.0179784347746;3246:537.1557944347746;5330:537.9033704347746;661:538.8948104347746;445:541.9244984347746;6080:544.7479064347746;7381:545.1567944347746;364:545.5921784347746;3029:547.6163864347747;3886:548.1144104347746;5711:550.6539944347746;6045:552.0482744347746;2157:556.2368024347746;4817:556.7135864347746;456:557.3284664347746;5901:558.0840344347746;7605:561.5557304347745;2830:561.7851224347745;1420:573.4902344347745;1084:577.0252184347745;7357:581.6097464347745;2826:590.8190504347745;2827:600.0283544347744;4225:604.6128824347744;2987:606.5516174050668
0,2,default_vehtype,boarding,True,606.5516174050668,636.5516174050668,2987;-1;-1,2987;-1;-1,0.0,0.5432551360488188,0.5432551360488188,0.0,,0,2,1,,2,,
0,4,default_vehtype,boarding,True,660,690,2983;-1;-1,2983;-1;-1,0.0,0.8229358257443997,0.8229358257443997,0,,0,5,1,5,,,
0,4,default_vehtype,route,False,690,767.7585747541395,2983;-1;-1,2985;-1;-1,660.4731749798569,0.8229358257443997,0.8228697784269017,0.0,,0,5,1,,,2983;7527;2803;7558;2806;4344;2996;3013;7322;2804;3061;1173;3425;4304;793;118;3979;2985,2983:690;7527:694.5269453889745;2803:702.0819053889745;7558:709.4769053889745;2806:717.3107453889745;4344:718.5137453889745;2996:720.5572253889745;3013:725.3423453889745;7322:729.3529853889745;2804:732.6797453889745;3061:739.3477853889746;1173:744.9461453889745;3425:746.1291053889745;4304:747.5314253889745;793:759.6469853889745;118:765.5112653889745;3979:767.3618093889745;2985:767.7585747541395
0,4,default_vehtype,boarding,True,767.7585747541395,797.7585747541395,2985;-1;-1,2985;-1;-1,0.0,0.8228697784269017,0.8228697784269017,0,,0,5,1,,5,,
0,4,default_vehtype,route,False,900,953.6804572641747,2985;-1;-1,2976;-1;-1,461.98409183942806,0.8228697784269017,0.8228235800177177,0.0,,0,,0,,,2985;1140;880;3109;3874;4306;429;4313;68;7318;7325;3011;4;4345;7330;2976,2985:900;1140:900.194570634835;880:900.785906634835;3109:902.636450634835;3874:908.500730634835;4306:920.616290634835;429:922.018610634835;4313:923.201570634835;68:928.7999306348349;7318:935.467970634835;7325:938.794730634835;3011:942.805370634835;4:947.590490634835;4345:949.633970634835;7330:950.836970634835;2976:953.6804572641747
0,0,default_vehtype,route,False,900.0,991.5022874490586,2978;-1;-1,2977;-1;-1,651.2122049326322,0.9458865003910399,0.9458213791705466,0.0,,0,,0,,,2978;4103;4326;7286;1218;7334;7010;820;7498;276;2915;2661;7517;6201;7314;7529;7535;2931;2929;2927;2802;2977,2978:900;4103:902.6189566950277;4326:907.9101166950277;7286:908.8270366950277;1218:909.9502366950277;7334:917.5313566950277;7010:920.4388366950277;820:922.4197966950277;7498:922.8877966950276;276:922.9993966950276;2915:934.3453966950276;2661:941.5787566950276;7517:948.8907166950275;6201:949.7518366950276;7314:956.6471566950275;7529:963.8626366950275;7535:968.9221795521704;2931:972.573608123599;2929:976.2250366950276;2927:981.2845795521705;2802:988.5000595521705;2977:991.5022874490586
0,4,default_vehtype,boarding,True,953.6804572641747,983.6804572641747,2976;-1;-1,2976;-1;-1,0.0,0.8228235800177177,0.8228235800177177,0.0,,0,9,1,9,,,
0,0,default_vehtype,boarding,True,991.5022874490586,1021.5022874490586,2977;-1;-1,2977;-1;-1,0.0,0.9458213791705466,0.9458213791705466,0.0,,0,10;8,2,10;8,,,
0,1,default_vehtype,route,False,840.0,1069.9869602780316,2981;-1;-1,2966;-1;-1,2071.863435442099,0.8575946831862098,0.8573874968426657,0.0,,0,,0,,,2981;6320;3549;6384;4032;1804;4811;5237;608;459;2416;4011;5246;363;366;2314;2877;1748;2880;906;984;2268;1857;1806;1371;938;5442;4054;2205;1369;2047;1337;1873;1939;665;666;1885;668;1415;1041;1623;1383;2333;2966,2981:840;6320:843.3731188541452;3549:849.0103588541452;6384:849.2721988541452;4032:852.4938388541452;1804:853.4097508541453;4811:855.0923908541453;5237:859.8328708541453;608:868.6989508541453;459:869.0287108541453;2416:871.2423508541453;4011:871.9064788541453;5246:877.8316468541453;363:884.7403348541453;366:886.1454148541453;2314:887.2902868541453;2877:900.4613908541453;1748:901.5799108541453;2880:902.7417028541453;906:914.9670148541453;984:917.7367108541453;2268:918.4845748541453;1857:918.8704948541454;1806:919.5326788541454;1371:920.2028548541454;938:922.7839828541454;5442:932.5046308541454;4054:940.1446228541454;2205:945.8970628541454;1369:952.3432228541453;2047:953.2862788541453;1337:954.2476228541453;1873:970.7250388541453;1939:971.0660308541453;665:971.5881028541453;666:972.4572148541453;1885:973.4430388541452;668:986.8134388541453;1415:987.4425028541452;1041:1004.1290171398596;1623:1008.5122742827167;1383:1019.5977028541453;2333:1059.751588568431;2966:1069.9869602780316
0,0,default_vehtype,route,False,1021.5022874490586,1133.446846934568,2977;-1;-1,2986;-1;-1,1060.4065922814566,0.9458213791705466,0.9457153385113185,0.0,,0,10;8,2,,,2977;6202;7315;7530;2803;7558;2806;4344;2996;3013;7322;2804;3061;1173;3425;4304;793;118;3979;4275;103;6480;7360;2986,2977:1021.5022874490586;6202:1025.3953795521704;7315:1032.2906995521705;7530:1039.5061795521706;2803:1047.0611395521705;7558:1054.4561395521705;2806:1062.2899795521705;4344:1063.4929795521705;2996:1065.5364595521705;3013:1070.3215795521705;7322:1074.3322195521705;2804:1077.6589795521704;3061:1084.3270195521704;1173:1089.9253795521704;3425:1091.1083395521705;4304:1092.5106595521704;793:1104.6262195521704;118:1110.4904995521704;3979:1112.3410435521703;4275:1112.9323795521702;103:1114.0753075521702;6480:1127.39703555217;7360:1132.8989155521701;2986:1133.446846934568
0,1,default_vehtype,boarding,True,1069.9869602780316,1099.9869602780316,2966;-1;-1,2966;-1;-1,0.0,0.8573874968426657,0.8573874968426657,0.0,,0,7,1,7,,,
0,4,default_vehtype,route,False,983.6804572641747,1097.242980432267,2976;-1;-1,2982;-1;-1,828.4892168769599,0.8228235800177177,0.82274073109603,0.0,,0,9,1,,,2976;7557;7316;7531;2802;2251;7515;7037;7512;3274;2902;3901;7011;7336;4365;7288;1182;1001;6296;6301;2298;2295;2293;4102;4325;7285;1218;2982,2976:983.6804572641747;7557:988.670810634835;7316:996.065810634835;7531:1003.620770634835;2802:1010.836250634835;2251:1017.731570634835;7515:1018.592690634835;7037:1025.904650634835;7512:1033.138010634835;3274:1044.484010634835;2902:1044.5956106348349;3901:1045.063610634835;7011:1047.044570634835;7336:1049.9520506348351;4365:1057.5331706348352;7288:1058.6563706348352;1182:1059.573290634835;1001:1064.864450634835;6296:1067.223770634835;6301:1072.1660563491207;2298:1076.4479992062636;2295:1080.7299420634065;2293:1085.6722277776921;4102:1088.0315477776921;4325:1093.3227077776921;7285:1094.239627777692;1218:1095.362827777692;2982:1097.242980432267
0,4,default_vehtype,boarding,True,1097.242980432267,1127.242980432267,2982;-1;-1,2982;-1;-1,0.0,0.82274073109603,0.82274073109603,0.0,,0,9,1,,9,,
0,0,default_vehtype,boarding,True,1133.446846934568,1163.446846934568,2986;-1;-1,2986;-1;-1,0.0,0.9457153385113185,0.9457153385113185,0,,0,10;8,2,,8,,
0,1,default_vehtype,route,False,1099.9869602780316,1203.0771404193704,2966;-1;-1,2967;-1;-1,889.1057434150201,0.8573874968426657,0.8572985862683242,0.0,,0,7,1,,,2966;2743;2631;2150;735;738;2470;734;1815;739;1724;1962;1910;164;1354;197;1311;7;1963;1308;482;7613;2611;1307;2876;1960;2967,2966:1099.9869602780316;2743:1107.8307885684312;2631:1111.8422171398597;2150:1128.7725028541454;735:1139.254674282717;738:1145.4225028541455;2470:1146.3721828541454;734:1146.5810548541453;1815:1147.5892708541453;739:1148.4297988541452;1724:1164.8874868541452;1962:1165.9443028541452;1910:1166.7665428541452;164:1167.7177348541452;1354:1168.6742548541451;197:1170.883502854145;1311:1182.418262854145;7:1186.113230854145;1963:1186.521686854145;1308:1186.882910854145;482:1191.437558854145;7613:1192.761710854145;2611:1196.6580628541449;1307:1197.973790854145;2876:1200.6405268541448;1960:1201.6247668541448;2967:1203.0771404193704
0,1,default_vehtype,boarding,True,1203.0771404193704,1233.0771404193704,2967;-1;-1,2967;-1;-1,0.0,0.8572985862683242,0.8572985862683242,0.0,,0,7,1,,7,,
0,4,default_vehtype,route,False,1127.242980432267,1206.9148785317234,2982;-1;-1,2977;-1;-1,552.6256270192777,0.82274073109603,0.8226854685333279,0.0,,0,,0,,,2982;2809;7010;820;7498;276;2915;2661;7517;6201;7314;7529;7535;2931;2929;2927;2802;2977,2982:1127.242980432267;2809:1132.943947777692;7010:1135.8514277776922;820:1137.8323877776922;7498:1138.3003877776923;276:1138.4119877776923;2915:1149.7579877776923;2661:1156.9913477776922;7517:1164.3033077776922;6201:1165.1644277776923;7314:1172.0597477776923;7529:1179.2752277776924;7535:1184.3347706348352;2931:1187.9861992062638;2929:1191.6376277776924;2927:1196.6971706348352;2802:1203.9126506348352;2977:1206.9148785317234
0,4,default_vehtype,boarding,True,1206.9148785317234,1236.9148785317234,2977;-1;-1,2977;-1;-1,0.0,0.8226854685333279,0.8226854685333279,0.0,,0,11,1,11,,,
0,1,default_vehtype,route,False,1233.0771404193704,1261.6162953191995,2967;-1;-1,2992;-1;-1,396.37715138651487,0.8572985862683242,0.8572589485531856,0.0,,0,,0,,,2967;3896;6788;5444;1716;2720;4210;2067;2063;1937;2992,2967:1233.0771404193704;3896:1239.156686854145;6788:1240.423670854145;5444:1250.960078854145;1716:1253.750438854145;2720:1254.497078854145;4210:1255.395350854145;2067:1256.295926854145;2063:1257.0121828541448;1937:1260.282134854145;2992:1261.6162953191995
0,1,default_vehtype,boarding,True,1261.6162953191995,1291.6162953191995,2992;-1;-1,2992;-1;-1,0.0,0.8572589485531856,0.8572589485531856,0.0,,0,12,1,12,,,
0,0,default_vehtype,route,False,1163.446846934568,1352.9629746215426,2986;-1;-1,2991;-1;-1,2166.9757734302116,0.9457153385113185,0.9454986409339755,0.0,,0,10,1,,,2986;3155;6029;5745;6035;5743;6038;6041;7365;6050;6068;6077;3629;4502;6912;2108;7370;7608;5900;3459;4818;5992;6047;5708;3884;3030;3347;7376;2207;3446;3720;5332;251;2711;3358;2296;5495;5697;5497;5500;670;5502;5512;5520;5531;6313;6632;6644;3793;6319;7102;3741;7384;6414;5446;2447;2571;42;2577;2566;3033;3036;2469;2404;2235;3762;5287;310;2280;1447;6261;3764;4397;4745;4182;4187;4191;4195;4202;4208;537;2991,2986:1163.446846934568;3155:1163.99072355217;6029:1164.95185155217;5745:1166.44347555217;6035:1168.36688355217;5743:1169.73632355217;6038:1171.75174755217;6041:1173.02801955217;7365:1179.69118755217;6050:1181.96473155217;6068:1186.19105955217;6077:1186.83675555217;3629:1188.39404355217;4502:1188.85693155217;6912:1194.00536355217;2108:1195.90177155217;7370:1202.42849955217;7608:1202.65789155217;5900:1206.12958755217;3459:1206.88515555217;4818:1207.5000355521702;5992:1207.9768195521701;6047:1212.16534755217;5708:1213.55962755217;3884:1216.0992115521701;3030:1216.59723555217;3347:1218.6214435521701;7376:1219.0568275521703;2207:1219.4657155521702;3446:1222.2891235521702;3720:1225.3188115521702;5332:1226.3102515521703;251:1227.0578275521702;2711:1228.1956435521702;3358:1230.41065155217;2296:1238.71165155217;5495:1238.92849155217;5697:1240.03225155217;5497:1240.72969155217;5500:1243.63693155217;670:1245.03433155217;5502:1247.38177155217;5512:1250.90353155217;5520:1253.35753155217;5531:1255.0544515521701;6313:1256.07949155217;6632:1258.37653155217;6644:1259.94781155217;3793:1261.79701155217;6319:1262.71273155217;7102:1263.19081155217;3741:1263.73045155217;7384:1271.3894515521702;6414:1276.59661155217;5446:1278.86437155217;2447:1282.8004915521701;2571:1290.38941155217;42:1295.05741155217;2577:1295.7298915521699;2566:1304.3289715521698;3033:1304.9599315521698;3036:1307.2294915521697;2469:1310.8218115521697;2404:1314.1453315521696;2235:1315.4287315521697;3762:1315.8521635521697;5287:1316.3912275521698;310:1319.1814435521699;2280:1319.78055555217;1447:1320.22645155217;6261:1324.1044435521699;3764:1325.1101395521698;4397:1325.6607955521697;4745:1325.8870915521697;4182:1330.3408675521698;4187:1333.0029235521697;4191:1333.7412115521697;4195:1348.2044995521696;4202:1349.2070275521696;4208:1350.1886755521696;537:1351.1426755521695;2991:1352.9629746215426
0,4,default_vehtype,route,False,1236.9148785317234,1350.4868037806903,2977;-1;-1,2981;-1;-1,969.4191104080553,0.8226854685333279,0.8225885266222871,0.0,,0,11,1,,,2977;6202;7516;7037;7512;3274;2902;3901;7011;7336;4365;7288;4302;5102;7160;7294;2701;3076;4023;7300;1891;827;6499;1803;1141;5241;922;6385;3550;2981,2977:1236.9148785317234;6202:1240.807970634835;7516:1241.6690906348351;7037:1248.9810506348351;7512:1256.214410634835;3274:1267.560410634835;2902:1267.672010634835;3901:1268.140010634835;7011:1270.1209706348352;7336:1273.0284506348353;4365:1280.6095706348353;7288:1281.7327706348353;4302:1283.1445706348354;5102:1294.2530906348354;7160:1295.7083306348354;7294:1304.4268106348354;2701:1310.2289306348355;3076:1311.0782906348354;4023:1318.9512506348353;7300:1320.0934106348354;1891:1320.3473306348355;827:1321.4131706348355;6499:1330.7680106348355;1803:1336.7305706348354;1141:1342.2352106348355;5241:1343.8232906348355;922:1344.7392026348355;6385:1347.9608426348354;3550:1348.2226826348353;2981:1350.4868037806903
0,0,default_vehtype,boarding,True,1352.9629746215426,1382.9629746215426,2991;-1;-1,2991;-1;-1,0.0,0.9454986409339755,0.9454986409339755,0.0,,0,10,1,,10,,
0,0,default_vehtype,route,False,1382.9629746215426,1439.7158795702685,2991;-1;-1,2993;-1;-1,788.234790954525,0.9454986409339755,0.94541981745488,0.0,,0,,0,,,2991;3010;5631;1068;2559;6740;1717;2067;2063;1937;6789;3895;5465;7450;2993,2991:1382.9629746215426;3010:1387.0102435521696;5631:1392.8596675521696;1068:1395.4120675521697;2559:1402.4626675521697;6740:1406.9332915521697;1717:1412.7670195521698;2067:1413.5048035521697;2063:1414.2210595521697;1937:1417.4910115521698;6789:1428.0274195521697;3895:1429.2944035521698;5465:1436.8263235521697;7450:1437.8105635521697;2993:1439.7158795702685
0,4,default_vehtype,boarding,True,1350.4868037806903,1380.4868037806903,2981;-1;-1,2981;-1;-1,0.0,0.8225885266222871,0.8225885266222871,0.0,,0,11,1,,11,,
0,0,default_vehtype,boarding,True,1439.7158795702685,1469.7158795702685,2993;-1;-1,2993;-1;-1,0.0,0.94541981745488,0.94541981745488,0.0,,0,15,1,15,,,
0,1,default_vehtype,route,False,1291.6162953191995,1489.679388118488,2992;-1;-1,2980;-1;-1,2377.795994888241,0.8572589485531856,0.8570211689536968,0.0,,0,12,1,,,2992;2526;5444;1716;2720;4210;1711;98;2497;7434;2760;542;1074;4204;5649;5760;205;5793;1407;5826;7411;4686;5074;5295;5274;7181;604;603;602;3851;4573;1400;971;598;1368;591;585;940;1370;939;1903;983;3921;840;2881;5099;1157;2058;2092;915;2980,2992:1291.6162953191995;2526:1300.8185428541449;5444:1311.3549508541448;1716:1314.1453108541448;2720:1314.8919508541449;4210:1315.7902228541448;1711:1316.9199028541448;98:1325.5357108541448;2497:1327.0463428541448;7434:1334.2541908541448;2760:1340.7927268541448;542:1348.3208308541448;1074:1349.254238854145;4204:1350.2358868541448;5649:1351.0366708541449;5760:1356.594998854145;205:1361.739254854145;5793:1365.8606068541449;1407:1367.4807508541448;5826:1369.761062854145;7411:1372.659710854145;4686:1373.730422854145;5074:1380.670934854145;5295:1380.901190854145;5274:1384.2800068541449;7181:1388.7892948541448;604:1392.367694854145;603:1393.431278854145;602:1394.284406854145;3851:1395.287798854145;4573:1399.5941188541449;1400:1401.326798854145;971:1405.125230854145;598:1406.192486854145;1368:1407.1528228541451;591:1413.0237748541451;585:1426.1950228541452;940:1432.7748868541453;1370:1439.8015108541454;939:1440.4981828541454;1903:1441.3197748541454;983:1442.3022868541454;3921:1446.1004308541455;840:1450.6612708541456;2881:1457.2918948541455;5099:1458.4447588541454;1157:1463.1839017112884;2058:1468.973730282717;2092:1472.3628731398599;915:1477.4810445684313;2980:1489.679388118488
0,0,default_vehtype,route,False,1469.7158795702685,1533.5123206002231,2993;-1;-1,2969;-1;-1,886.0616809715947,0.94541981745488,0.9453312112867829,0.0,,0,15,1,,,2993;4483;7446;1960;816;6786;5444;1716;2720;4210;1711;98;2497;7434;2760;542;1074;336;2969,2993:1469.7158795702685;4483:1470.4772995521696;7446:1473.1440355521695;1960:1474.1282755521695;816:1481.6601955521694;6786:1482.9271795521695;5444:1493.4635875521694;1716:1496.2539475521694;2720:1497.0005875521695;4210:1497.8988595521694;1711:1499.0285395521694;98:1507.6443475521694;2497:1509.1549795521694;7434:1516.3628275521694;2760:1522.9013635521694;542:1530.4294675521694;1074:1531.3628755521695;336:1532.3859955521696;2969:1533.5123206002231
0,1,default_vehtype,boarding,True,1489.679388118488,1519.679388118488,2980;-1;-1,2980;-1;-1,0.0,0.8570211689536968,0.8570211689536968,0.0,,0,12,1,,12,,
0,3,default_vehtype,route,False,1500.0,1537.5180435490054,2988;-1;-1,2989;-1;-1,366.3228098138172,0.7644474598764522,0.7644108275954709,0.0,,0,,0,,,2988;3447;3721;5333;251;2711;3358;2296;5495;5696;3307;3987;6878;2989,2988:1500;3447:1501.539512442979;3721:1504.569200442979;5333:1505.560640442979;251:1506.308216442979;2711:1507.446032442979;3358:1509.661040442979;2296:1517.9620404429788;5495:1518.1788804429789;5696:1518.9416004429788;3307:1529.680040442979;3987:1536.507200442979;6878:1537.110560442979;2989:1537.5180435490054
0,0,default_vehtype,boarding,True,1533.5123206002231,1563.5123206002231,2969;-1;-1,2969;-1;-1,0.0,0.9453312112867829,0.9453312112867829,0,,0,15,1,,15,,
0,3,default_vehtype,boarding,True,1537.5180435490054,1567.5180435490054,2989;-1;-1,2989;-1;-1,0.0,0.7644108275954709,0.7644108275954709,0,,0,19;18,2,19;18,,,
0,4,default_vehtype,route,False,1500.0,1633.2697381767123,2981;-1;-1,2984;-1;-1,1110.5811514726022,0.8225885266222871,0.8224774685071399,0.0,,0,,0,,,2981;6320;7278;2411;1661;7283;796;751;4635;6299;4102;4325;7285;1218;7334;7010;820;7498;276;2915;2661;7517;6201;7314;7529;2803;7558;2806;4344;2996;2984,2981:1500;6320:1503.373118854145;7278:1506.891878854145;2411:1512.726998854145;1661:1518.526838854145;7283:1519.575878854145;796:1528.368398854145;751:1530.276278854145;4635:1535.3849188541449;6299:1541.343998854145;4102:1543.703318854145;4325:1548.994478854145;7285:1549.9113988541449;1218:1551.0345988541449;7334:1558.615718854145;7010:1561.523198854145;820:1563.504158854145;7498:1563.9721588541452;276:1564.0837588541451;2915:1575.4297588541451;2661:1582.663118854145;7517:1589.975078854145;6201:1590.836198854145;7314:1597.7315188541452;7529:1604.9469988541452;2803:1612.5019588541452;7558:1619.8969588541452;2806:1627.7307988541452;4344:1628.9337988541452;2996:1630.9772788541452;2984:1633.2697381767123
0,4,default_vehtype,boarding,True,1633.2697381767123,1663.2697381767123,2984;-1;-1,2984;-1;-1,0.0,0.8224774685071399,0.8224774685071399,0.0,,0,17,1,17,,,
0,0,default_vehtype,boarding,True,1680.0,1710.0,2969;-1;-1,2969;-1;-1,0.0,0.9453312112867829,0.9453312112867829,0.0,,0,24,1,24,,,
0,3,default_vehtype,route,False,1567.5180435490054,1694.4851996988916,2989;-1;-1,2975;-1;-1,1557.616034582387,0.7644108275954709,0.7642550659920126,0.0,,0,19;18,2,,,2989;3808;6876;885;316;2042;1982;6306;374;7114;3246;5330;661;445;6080;7381;364;3029;3886;5711;6045;2157;4817;456;5901;7605;2830;5852;6913;1321;597;2204;6066;6049;7367;2188;2186;5744;6033;5746;6031;146;2828;2376;3091;4274;880;3109;3874;2975,2989:1567.5180435490054;3808:1568.178560442979;6876:1569.246560442979;885:1569.849920442979;316:1576.677080442979;2042:1587.4155204429792;1982:1588.1782404429791;6306:1588.3950804429792;374:1596.696080442979;7114:1598.911088442979;3246:1600.048904442979;5330:1600.796480442979;661:1601.787920442979;445:1604.817608442979;6080:1607.641016442979;7381:1608.049904442979;364:1608.485288442979;3029:1610.509496442979;3886:1611.007520442979;5711:1613.5471044429792;6045:1614.9413844429791;2157:1619.129912442979;4817:1619.606696442979;456:1620.221576442979;5901:1620.9771444429791;7605:1624.4488404429792;2830:1624.6782324429792;5852:1631.2049604429792;6913:1633.1013684429793;1321:1638.2498004429792;597:1638.7126884429792;2204:1640.2699764429792;6066:1640.9156724429793;6049:1645.1420004429792;7367:1647.4155444429791;2188:1654.0787124429792;2186:1655.3549844429792;5744:1657.3704084429792;6033:1658.739848442979;5746:1660.6632564429792;6031:1662.1548804429792;146:1663.1160084429791;2828:1664.207816442979;2376:1669.709696442979;3091:1683.031424442979;4274:1684.174352442979;880:1684.765688442979;3109:1686.6162324429788;3874:1692.4805124429788;2975:1694.4851996988916
0,3,default_vehtype,boarding,True,1694.4851996988916,1724.4851996988916,2975;-1;-1,2975;-1;-1,0.0,0.7642550659920126,0.7642550659920126,0.0,,0,19;18,2,,19,,
0,3,default_vehtype,route,False,1724.4851996988916,1797.8182603398668,2975;-1;-1,2977;-1;-1,611.1088386747941,0.7642550659920126,0.7641939551081451,0.0,,0,18,1,,,2975;1166;429;4313;68;7318;7325;3011;4;4345;7330;7562;7316;7531;2802;2977,2975:1724.4851996988916;1166:1734.5960724429788;429:1735.9983924429787;4313:1737.1813524429788;68:1742.7797124429787;7318:1749.4477524429788;7325:1752.7745124429787;3011:1756.7851524429786;4:1761.5702724429786;4345:1763.6137524429787;7330:1764.8167524429787;7562:1772.6505924429787;7316:1780.0455924429787;7531:1787.6005524429786;2802:1794.8160324429787;2977:1797.8182603398668
0,3,default_vehtype,boarding,True,1797.8182603398668,1827.8182603398668,2977;-1;-1,2977;-1;-1,0.0,0.7641939551081451,0.7641939551081451,0.0,,0,18,1,,18,,
0,4,default_vehtype,route,False,1663.2697381767123,1829.4705226711499,2984;-1;-1,2972;-1;-1,1890.1043999290787,0.8224774685071399,0.822288458067147,0.0,,0,17,1,,,2984;3012;7321;2804;3061;1173;3425;4304;793;118;3979;4275;103;6480;7360;3154;6028;5745;6035;5743;6038;6041;7365;6050;6068;6077;3629;4502;6912;2108;7370;7608;5900;3459;4818;5992;6047;5708;3884;3030;3347;7376;2207;3446;3720;5332;251;2711;3358;2296;5681;2294;2035;6308;374;7114;3246;5330;661;445;2972,2984:1663.2697381767123;3012:1665.7623988541452;7321:1669.7730388541452;2804:1673.099798854145;3061:1679.767838854145;1173:1685.366198854145;3425:1686.5491588541452;4304:1687.951478854145;793:1700.067038854145;118:1705.931318854145;3979:1707.781862854145;4275:1708.373198854145;103:1709.5161268541449;6480:1722.8378548541448;7360:1728.3397348541448;3154:1729.4315428541447;6028:1730.3926708541446;5745:1731.8842948541446;6035:1733.8077028541447;5743:1735.1771428541447;6038:1737.1925668541446;6041:1738.4688388541447;7365:1745.1320068541447;6050:1747.4055508541446;6068:1751.6318788541446;6077:1752.2775748541446;3629:1753.8348628541446;4502:1754.2977508541446;6912:1759.4461828541446;2108:1761.3425908541446;7370:1767.8693188541447;7608:1768.0987108541447;5900:1771.5704068541447;3459:1772.3259748541448;4818:1772.9408548541448;5992:1773.4176388541448;6047:1777.6061668541447;5708:1779.0004468541447;3884:1781.5400308541448;3030:1782.0380548541448;3347:1784.0622628541448;7376:1784.497646854145;2207:1784.9065348541449;3446:1787.7299428541448;3720:1790.759630854145;5332:1791.751070854145;251:1792.498646854145;2711:1793.6364628541448;3358:1795.8514708541447;2296:1804.1524708541447;5681:1806.5464708541447;2294:1807.8779565684304;2035:1809.209442282716;6308:1811.603442282716;374:1819.904442282716;7114:1822.119450282716;3246:1823.2572662827158;5330:1824.0048422827158;661:1824.9962822827158;445:1828.025970282716;2972:1829.4705226711499
0,4,default_vehtype,boarding,True,1829.4705226711499,1859.4705226711499,2972;-1;-1,2972;-1;-1,0.0,0.822288458067147,0.822288458067147,0.0,,0,17,1,,17,,
0,2,default_vehtype,route,False,1680,1916.7153620235044,2987;-1;-1,2967;-1;-1,2680.1169804851816,0.5432551360488188,0.5429871243507703,0.0,,0,,0,,,2987;4613;7368;7606;5900;3459;4818;5992;6047;5708;3884;3030;3347;7376;2207;3446;3720;5332;251;2711;3358;2296;5495;5697;5497;5500;670;5502;5512;5520;5531;6313;6632;6644;3793;6319;7102;3741;7384;6414;5446;2447;2571;42;2577;2566;3033;3036;2469;2404;2235;3762;5287;310;2280;1447;6261;3764;4397;4745;4182;4187;4191;4195;4202;4208;537;18;5629;1068;2559;6740;1717;2067;2063;1937;6789;3895;5465;7450;1719;3469;470;469;5079;7447;1960;2967,2987:1680;4613:1681.5962490297077;7368:1693.3013610297078;7606:1693.5307530297077;5900:1697.0024490297078;3459:1697.7580170297078;4818:1698.372897029708;5992:1698.8496810297079;6047:1703.0382090297078;5708:1704.4324890297078;3884:1706.9720730297079;3030:1707.4700970297079;3347:1709.494305029708;7376:1709.929689029708;2207:1710.338577029708;3446:1713.161985029708;3720:1716.191673029708;5332:1717.183113029708;251:1717.930689029708;2711:1719.068505029708;3358:1721.2835130297078;2296:1729.5845130297078;5495:1729.8013530297078;5697:1730.9051130297078;5497:1731.6025530297077;5500:1734.5097930297077;670:1735.9071930297077;5502:1738.2546330297077;5512:1741.7763930297078;5520:1744.2303930297078;5531:1745.9273130297079;6313:1746.9523530297079;6632:1749.2493930297078;6644:1750.8206730297077;3793:1752.6698730297078;6319:1753.5855930297078;7102:1754.0636730297078;3741:1754.6033130297078;7384:1762.262313029708;6414:1767.4694730297078;5446:1769.7372330297078;2447:1773.6733530297079;2571:1781.2622730297078;42:1785.9302730297077;2577:1786.6027530297076;2566:1795.2018330297076;3033:1795.8327930297075;3036:1798.1023530297075;2469:1801.6946730297075;2404:1805.0181930297074;2235:1806.3015930297074;3762:1806.7250250297075;5287:1807.2640890297075;310:1810.0543050297076;2280:1810.6534170297077;1447:1811.0993130297077;6261:1814.9773050297076;3764:1815.9830010297076;4397:1816.5336570297075;4745:1816.7599530297075;4182:1821.2137290297076;4187:1823.8757850297075;4191:1824.6140730297075;4195:1839.0773610297074;4202:1840.0798890297074;4208:1841.0615370297073;537:1842.0155370297073;18:1847.8831050297072;5629:1853.7325290297072;1068:1856.2849290297072;2559:1863.3355290297072;6740:1867.8061530297073;1717:1873.6398810297073;2067:1874.3776650297073;2063:1875.0939210297072;1937:1878.3638730297073;6789:1888.9002810297072;3895:1890.1672650297073;5465:1897.6991850297072;7450:1898.6834250297072;1719:1899.5000490297073;3469:1900.5200010297074;470:1906.481086743993;469:1912.4421724582787;5079:1913.4621244582788;7447:1914.2787484582789;1960:1915.2629884582789;2967:1916.7153620235044
0,0,default_vehtype,route,False,1710.0,1966.6568068488348,2969;-1;-1,2977;-1;-1,2203.3461623622125,0.9453312112867829,0.9451108766705467,0.0,,0,24,1,,,2969;7192;1664;1659;538;4990;4939;5252;3070;1657;4439;4842;1272;3423;4282;4975;5250;6710;2464;7135;1193;552;2755;7131;3567;888;712;2718;754;611;1812;1186;7311;3767;4527;3089;3131;5447;7352;414;122;3426;4314;68;7318;7325;3011;4;4345;7330;7562;7316;7531;2802;2977,2969:1710;7192:1713.6036429519463;1664:1716.8575389519463;1659:1721.6170989519462;538:1722.7681389519462;4990:1726.465218951946;4939:1727.8557789519461;5252:1733.2804989519461;3070:1734.3169389519462;1657:1741.8337389519463;4439:1747.4638989519462;4842:1751.8484589519462;1272:1752.0333789519461;3423:1753.2499389519462;4282:1757.0274189519462;4975:1758.0771789519463;5250:1763.8810989519463;6710:1765.8082989519464;2464:1781.6678589519465;7135:1789.5999789519465;1193:1790.7000189519465;552:1795.1982189519465;2755:1797.0273789519465;7131:1804.9845789519466;3567:1814.8634589519465;888:1815.3217389519466;712:1819.0573389519466;2718:1819.9945389519467;754:1863.5546589519467;611:1864.8032589519466;1812:1869.3744189519466;1186:1870.5516189519467;7311:1871.3672589519467;3767:1873.3736589519467;4527:1876.1704989519467;3089:1884.5800989519466;3131:1885.0603389519467;5447:1887.4479789519467;7352:1888.7593389519466;414:1891.2290589519466;122:1903.5834189519467;3426:1904.8369389519466;4314:1906.0198989519467;68:1911.6182589519467;7318:1918.2862989519467;7325:1921.6130589519466;3011:1925.6236989519466;4:1930.4088189519466;4345:1932.4522989519467;7330:1933.6552989519466;7562:1941.4891389519466;7316:1948.8841389519466;7531:1956.4390989519466;2802:1963.6545789519466;2977:1966.6568068488348
0,2,default_vehtype,boarding,True,1916.7153620235044,1946.7153620235044,2967;-1;-1,2967;-1;-1,0.0,0.5429871243507703,0.5429871243507703,0.0,,0,23,1,23,,,
0,0,default_vehtype,boarding,True,1966.6568068488348,1996.6568068488348,2977;-1;-1,2977;-1;-1,0.0,0.9451108766705467,0.9451108766705467,0,,0,24,1,,24,,
0,2,default_vehtype,route,False,1946.7153620235044,2084.279416337196,2967;-1;-1,2990;-1;-1,1532.749177251729,0.5429871243507703,0.5428338494330451,0.0,,0,23,1,,,2967;3896;6788;5444;1716;2720;4210;1711;98;2497;7434;2760;542;1074;336;2759;1664;1659;538;4990;4939;5252;3070;1657;4439;4842;1272;3423;4282;4975;6830;4349;4937;669;5061;7265;3848;534;2839;5449;2990,2967:1946.7153620235044;3896:1952.794908458279;6788:1954.061892458279;5444:1964.598300458279;1716:1967.388660458279;2720:1968.135300458279;4210:1969.033572458279;1711:1970.163252458279;98:1978.779060458279;2497:1980.289692458279;7434:1987.497540458279;2760:1994.036076458279;542:2001.564180458279;1074:2002.497588458279;336:2003.5207084582792;2759:2008.2506764582793;1664:2011.5045724582792;1659:2016.2641324582792;538:2017.4151724582791;4990:2021.112252458279;4939:2022.502812458279;5252:2027.927532458279;3070:2028.9639724582792;1657:2036.4807724582793;4439:2042.1109324582792;4842:2046.4954924582792;1272:2046.680412458279;3423:2047.8969724582792;4282:2051.674452458279;4975:2052.724212458279;6830:2053.497132458279;4349:2054.0460124582787;4937:2058.415572458279;669:2068.722972458279;5061:2074.531332458279;7265:2075.314572458279;3848:2076.289212458279;534:2080.334172458279;2839:2081.692812458279;5449:2082.891852458279;2990:2084.279416337196
0,2,default_vehtype,boarding,True,2084.279416337196,2114.279416337196,2990;-1;-1,2990;-1;-1,0.0,0.5428338494330451,0.5428338494330451,0.0,,0,23,1,,23,,
0,4,default_vehtype,route,False,2100.0,2134.4435283009025,2972;-1;-1,2973;-1;-1,478.3823375125352,0.822288458067147,0.8222406198333958,0.0,,0,,0,,,2972;6079;7380;364;3029;3886;5711;6045;2157;4817;456;5901;7605;2830;1420;1084;2973,2972:2100;6079:2101.378855611566;7380:2101.787743611566;364:2102.223127611566;3029:2104.2473356115656;3886:2104.7453596115656;5711:2107.2849436115657;6045:2108.6792236115657;2157:2112.867751611566;4817:2113.344535611566;456:2113.959415611566;5901:2114.714983611566;7605:2118.186679611566;2830:2118.416071611566;1420:2130.1211836115663;1084:2133.656167611566;2973:2134.4435283009025
0,2,default_vehtype,route,False,2114.279416337196,2160.998897506333,2990;-1;-1,2969;-1;-1,481.96637112088393,0.5428338494330451,0.542785652795933,0.0,,0,,0,,,2990;2552;4848;3271;4846;4989;5000;337;1075;4198;336;2969,2990:2114.279416337196;2552:2117.1451324582795;4848:2124.6254524582796;3271:2130.1785724582796;4846:2132.0516524582795;4989:2144.3241724582795;5000:2149.0837324582794;337:2156.8439644582795;1075:2157.8678044582794;4198:2158.8494524582793;336:2159.872572458279;2969:2160.998897506333
0,2,default_vehtype,boarding,True,2160.998897506333,2190.998897506333,2969;-1;-1,2969;-1;-1,0.0,0.542785652795933,0.542785652795933,0.0,,0,27,1,27,,,
0,2,default_vehtype,route,False,2190.998897506333,2209.4148075276526,2969;-1;-1,2991;-1;-1,255.77652807388006,0.542785652795933,0.5427600751431256,0.0,,0,27,1,,,2969;7192;1664;337;1075;537;2991,2969:2190.998897506333;7192:2194.6025404582792;1664:2197.8564364582794;337:2205.6166684582795;1075:2206.6405084582793;537:2207.5945084582795;2991:2209.4148075276526
0,4,default_vehtype,boarding,True,2134.4435283009025,2164.4435283009025,2973;-1;-1,2973;-1;-1,0.0,0.8222406198333958,0.8222406198333958,0.0,,0,28,1,28,,,
0,2,default_vehtype,boarding,True,2209.4148075276526,2239.4148075276526,2991;-1;-1,2991;-1;-1,0.0,0.5427600751431256,0.5427600751431256,0,,0,27;26,2,26,,,
0,2,default_vehtype,route,False,2239.4148075276526,2296.1677124763787,2991;-1;-1,2993;-1;-1,788.2347909545251,0.5427600751431256,0.5426812516640301,0.0,,0,27;26,2,,,2991;3010;5631;1068;2559;6740;1717;2067;2063;1937;6789;3895;5465;7450;2993,2991:2239.4148075276526;3010:2243.4620764582796;5631:2249.3115004582796;1068:2251.8639004582797;2559:2258.9145004582797;6740:2263.3851244582797;1717:2269.21885245828;2067:2269.9566364582797;2063:2270.67289245828;1937:2273.94284445828;6789:2284.47925245828;3895:2285.74623645828;5465:2293.2781564582797;7450:2294.26239645828;2993:2296.1677124763787
0,2,default_vehtype,boarding,True,2296.1677124763787,2326.1677124763787,2993;-1;-1,2993;-1;-1,0.0,0.5426812516640301,0.5426812516640301,0.0,,0,27;26,2,,26;27,,
0,0,default_vehtype,route,False,2280.0,2391.9445594855088,2977;-1;-1,2986;-1;-1,1060.4065922814566,0.9451108766705467,0.9450048360113186,0.0,,0,,0,,,2977;6202;7315;7530;2803;7558;2806;4344;2996;3013;7322;2804;3061;1173;3425;4304;793;118;3979;4275;103;6480;7360;2986,2977:2280;6202:2283.893092103112;7315:2290.788412103112;7530:2298.003892103112;2803:2305.558852103112;7558:2312.953852103112;2806:2320.7876921031116;4344:2321.9906921031115;2996:2324.0341721031114;3013:2328.8192921031114;7322:2332.8299321031113;2804:2336.1566921031113;3061:2342.8247321031113;1173:2348.4230921031112;3425:2349.6060521031113;4304:2351.0083721031115;793:2363.1239321031117;118:2368.9882121031114;3979:2370.8387561031113;4275:2371.4300921031113;103:2372.5730201031115;6480:2385.8947481031114;7360:2391.396628103111;2986:2391.9445594855088
0,4,default_vehtype,route,False,2164.4435283009025,2342.6862167574222,2973;-1;-1,2981;-1;-1,1853.8591110857842,0.8222406198333958,0.8220552339222872,0.0,,0,28,1,,,2973;7354;3525;6025;3063;6027;7362;2188;2186;5744;6033;5746;6031;146;2828;2376;3091;4274;880;3109;3874;4306;429;3125;3406;2825;1944;130;99;4526;714;2800;4339;2419;5404;5421;1925;1883;926;925;5399;1905;830;2795;1891;827;6499;1803;1141;5241;922;6385;3550;2981,2973:2164.4435283009025;7354:2168.240695611566;3525:2179.119535611566;6025:2180.860999611566;3063:2182.1256796115663;6027:2183.4276556115665;7362:2187.4358956115666;2188:2194.0990636115666;2186:2195.3753356115667;5744:2197.390759611567;6033:2198.760199611567;5746:2200.683607611567;6031:2202.1752316115667;146:2203.1363596115666;2828:2204.2281676115667;2376:2209.7300476115665;3091:2223.0517756115664;4274:2224.1947036115666;880:2224.7860396115666;3109:2226.6365836115665;3874:2232.5008636115663;4306:2244.6164236115665;429:2246.0187436115666;3125:2247.272263611567;3406:2259.6266236115666;2825:2262.0963436115667;1944:2263.407703611567;130:2265.7953436115668;99:2266.2755836115666;4526:2274.6851836115666;714:2277.4820236115665;2800:2279.4884236115668;4339:2280.9821836115666;2419:2285.591263611567;5404:2289.818143611567;5421:2290.923463611567;1925:2291.066743611567;1883:2292.104023611567;926:2296.3565836115667;925:2299.300903611567;5399:2308.6057036115667;1905:2309.9323036115666;830:2311.1091436115667;2795:2312.2928236115667;1891:2312.546743611567;827:2313.612583611567;6499:2322.967423611567;1803:2328.929983611567;1141:2334.434623611567;5241:2336.022703611567;922:2336.938615611567;6385:2340.160255611567;3550:2340.4220956115673;2981:2342.6862167574222
0,4,default_vehtype,boarding,True,2342.6862167574222,2372.6862167574222,2981;-1;-1,2981;-1;-1,0.0,0.8220552339222872,0.8220552339222872,0.0,,0,28,1,,28,,
0,0,default_vehtype,boarding,True,2391.9445594855088,2421.9445594855088,2986;-1;-1,2986;-1;-1,0.0,0.9450048360113186,0.9450048360113186,0,,0,30,1,30,,,
0,4,default_vehtype,boarding,True,2400.0,2430.0,2981;-1;-1,2981;-1;-1,0.0,0.8220552339222872,0.8220552339222872,0,,0,32,1,32,,,
0,0,default_vehtype,route,False,2421.9445594855088,2505.3028051399633,2986;-1;-1,2984;-1;-1,777.242669599201,0.9450048360113186,0.9449271117443586,0.0,,0,30,1,,,2986;3155;7358;2376;3091;4274;880;3109;3874;4306;429;4313;68;7318;7325;3011;4;4345;1199;1204;2996;2984,2986:2421.9445594855088;3155:2422.488436103111;7358:2423.580244103111;2376:2429.082124103111;3091:2442.4038521031107;4274:2443.546780103111;880:2444.138116103111;3109:2445.9886601031108;3874:2451.8529401031105;4306:2463.9685001031107;429:2465.370820103111;4313:2466.553780103111;68:2472.152140103111;7318:2478.820180103111;7325:2482.146940103111;3011:2486.157580103111;4:2490.942700103111;4345:2492.9861801031107;1199:2496.9765229602535;1204:2500.9668658173964;2996:2503.0103458173962;2984:2505.3028051399633
0,2,default_vehtype,route,False,2460.0,2494.403924446956,2993;-1;-1,2992;-1;-1,477.8322839854968,0.5426812516640301,0.5426334684356315,0.0,,0,,0,,,2993;4483;7446;1960;816;6786;5444;1716;2720;4210;2067;2063;1937;2992,2993:2460;4483:2460.7614199819013;7446:2463.4281559819015;1960:2464.4123959819017;816:2471.9443159819016;6786:2473.2112999819014;5444:2483.7477079819014;1716:2486.5380679819013;2720:2487.284707981901;4210:2488.182979981901;2067:2489.083555981901;2063:2489.7998119819013;1937:2493.0697639819014;2992:2494.403924446956
0,0,default_vehtype,boarding,True,2505.3028051399633,2535.3028051399633,2984;-1;-1,2984;-1;-1,0.0,0.9449271117443586,0.9449271117443586,0,,0,30,1,,30,,
0,2,default_vehtype,boarding,True,2494.403924446956,2524.403924446956,2992;-1;-1,2992;-1;-1,0.0,0.5426334684356315,0.5426334684356315,0,,0,33,1,33,,,
0,4,default_vehtype,route,False,2430.0,2603.936803902199,2981;-1;-1,2969;-1;-1,2279.3367272297323,0.8220552339222872,0.8218273002495642,0.0,,0,32,1,,,2981;6320;3549;6384;4032;1804;4811;5237;608;459;2416;4011;5246;363;366;2314;2877;1748;2880;906;984;2268;1857;1806;1371;938;5442;4054;2205;1369;2047;3631;4079;4572;4577;778;3636;3639;3642;7178;5275;5297;5072;1464;2847;5825;4587;5794;3202;2065;2023;4203;4198;336;2969,2981:2430;6320:2433.373118854145;3549:2439.010358854145;6384:2439.2721988541452;4032:2442.4938388541455;1804:2443.4097508541454;4811:2445.0923908541454;5237:2449.8328708541453;608:2458.698950854145;459:2459.028710854145;2416:2461.242350854145;4011:2461.906478854145;5246:2467.831646854145;363:2474.740334854145;366:2476.145414854145;2314:2477.290286854145;2877:2490.461390854145;1748:2491.579910854145;2880:2492.741702854145;906:2504.967014854145;984:2507.736710854145;2268:2508.4845748541447;1857:2508.870494854145;1806:2509.5326788541447;1371:2510.202854854145;938:2512.7839828541446;5442:2522.5046308541446;4054:2530.1446228541445;2205:2535.8970628541447;1369:2542.3432228541446;2047:2543.2862788541447;3631:2544.849110854145;4079:2545.9163668541446;4572:2549.7147988541446;4577:2551.4474788541447;778:2555.753798854145;3636:2556.757190854145;3639:2557.610318854145;3642:2558.673902854145;7178:2562.252302854145;5275:2566.761590854145;5297:2570.140406854145;5072:2570.370662854145;1464:2577.311174854145;2847:2578.3818868541453;5825:2581.280534854145;4587:2583.560846854145;5794:2585.180990854145;3202:2589.302342854145;2065:2594.446598854145;2023:2600.004926854145;4203:2600.805710854145;4198:2601.787358854145;336:2602.810478854145;2969:2603.936803902199
0,4,default_vehtype,boarding,True,2603.936803902199,2633.936803902199,2969;-1;-1,2969;-1;-1,0.0,0.8218273002495642,0.8218273002495642,0.0,,0,32,1,,32,,
0,4,default_vehtype,route,False,2633.936803902199,2713.569186733062,2969;-1;-1,2990;-1;-1,728.1426288791162,0.8218273002495642,0.8217544859866762,0.0,,0,,0,,,2969;7192;1664;1659;538;4990;4939;5252;3070;1657;4439;4842;1272;3423;4282;4975;6830;4349;4937;669;5061;7265;3848;534;2839;5449;2990,2969:2633.936803902199;7192:2637.540446854145;1664:2640.7943428541453;1659:2645.5539028541452;538:2646.7049428541454;4990:2650.4020228541453;4939:2651.792582854145;5252:2657.217302854145;3070:2658.253742854145;1657:2665.770542854145;4439:2671.400702854145;4842:2675.785262854145;1272:2675.970182854145;3423:2677.186742854145;4282:2680.964222854145;4975:2682.013982854145;6830:2682.786902854145;4349:2683.335782854145;4937:2687.705342854145;669:2698.012742854145;5061:2703.821102854145;7265:2704.604342854145;3848:2705.578982854145;534:2709.6239428541453;2839:2710.982582854145;5449:2712.181622854145;2990:2713.569186733062
0,4,default_vehtype,boarding,True,2713.569186733062,2743.569186733062,2990;-1;-1,2990;-1;-1,0.0,0.8217544859866762,0.8217544859866762,0.0,,0,34;35,2,34;35,,,
0,4,default_vehtype,route,False,2743.569186733062,2754.6222266921604,2990;-1;-1,2970;-1;-1,92.10866632581656,0.8217544859866762,0.8217452751200436,0.0,,0,34;35,2,,,2990;2552;1946;7401;3560;2970,2990:2743.569186733062;2552:2746.4349028541455;1946:2750.6881828541455;7401:2751.8872228541454;3560:2752.9627828541456;2970:2754.6222266921604
0,2,default_vehtype,route,False,2524.403924446956,2806.991095364299,2992;-1;-1,2986;-1;-1,3048.0671516297666,0.5426334684356315,0.5423286617204687,0.0,,0,33,1,,,2992;2526;5444;1716;2720;4210;1711;98;2497;7434;2760;542;1074;4204;5649;5760;205;5793;1407;5826;7411;4686;5074;5295;5274;7181;604;603;1365;2574;7139;1693;1114;5299;7129;754;611;1812;1186;7311;3767;4527;3089;3131;5447;7352;414;122;3426;4305;793;118;3979;4275;103;6480;7360;2986,2992:2524.403924446956;2526:2533.6061719819013;5444:2544.1425799819012;1716:2546.932939981901;2720:2547.679579981901;4210:2548.577851981901;1711:2549.707531981901;98:2558.323339981901;2497:2559.833971981901;7434:2567.041819981901;2760:2573.580355981901;542:2581.108459981901;1074:2582.041867981901;4204:2583.023515981901;5649:2583.824299981901;5760:2589.382627981901;205:2594.526883981901;5793:2598.648235981901;1407:2600.268379981901;5826:2602.548691981901;7411:2605.4473399819008;4686:2606.518051981901;5074:2613.458563981901;5295:2613.688819981901;5274:2617.067635981901;7181:2621.576923981901;604:2625.155323981901;603:2626.218907981901;1365:2628.1606279819007;2574:2639.668507981901;7139:2645.934907981901;1693:2647.573507981901;1114:2663.914027981901;5299:2678.459227981901;7129:2679.8101879819014;754:2723.3703079819015;611:2724.6189079819014;1812:2729.1900679819014;1186:2730.3672679819015;7311:2731.1829079819013;3767:2733.1893079819015;4527:2735.9861479819015;3089:2744.3957479819014;3131:2744.8759879819013;5447:2747.263627981901;7352:2748.5749879819014;414:2751.0447079819014;122:2763.399067981901;3426:2764.6525879819014;4305:2766.0549079819016;793:2778.1704679819018;118:2784.0347479819015;3979:2785.8852919819014;4275:2786.4766279819014;103:2787.6195559819016;6480:2800.9412839819015;7360:2806.4431639819013;2986:2806.991095364299
0,4,default_vehtype,boarding,True,2754.6222266921604,2784.6222266921604,2970;-1;-1,2970;-1;-1,0.0,0.8217452751200436,0.8217452751200436,0.0,,0,34;35,2,,34,,
0,4,default_vehtype,boarding,True,2784.6222266921604,2814.6222266921604,2970;-1;-1,2970;-1;-1,0.0,0.8217452751200436,0.8217452751200436,0.0,,0,35;37,2,37,,,
0,2,default_vehtype,boarding,True,2806.991095364299,2836.991095364299,2986;-1;-1,2986;-1;-1,0.0,0.5423286617204687,0.5423286617204687,0,,0,33,1,,33,,
0,4,default_vehtype,route,False,2814.6222266921604,2939.740425839739,2970;-1;-1,2988;-1;-1,1089.6601840862809,0.8217452751200436,0.821636309101635,0.0,,0,35;37,2,,,2970;671;662;7398;3491;6933;7394;6989;7392;5704;7389;3806;2573;885;316;2042;1982;6306;374;7114;3246;5330;661;445;6080;7381;364;3029;69;30;3346;2832;2207;2988,2970:2814.6222266921604;671:2815.652342854146;662:2838.102062854146;7398:2841.621302854146;3491:2847.946022854146;6933:2848.857782854146;7394:2854.2193828541463;6989:2854.8137428541463;7392:2864.0248228541464;5704:2866.3899028541464;7389:2880.9281428541462;3806:2884.9925428541464;2573:2886.0605428541467;885:2886.6639028541467;316:2893.4910628541465;2042:2904.2295028541466;1982:2904.992222854147;6306:2905.209062854147;374:2913.510062854147;7114:2915.725070854147;3246:2916.862886854147;5330:2917.610462854147;661:2918.601902854147;445:2921.631590854147;6080:2924.454998854147;7381:2924.863886854147;364:2925.299270854147;3029:2927.3234788541467;69:2931.4557645684326;30:2935.5880502827185;3346:2937.6122582827184;2832:2938.0476422827182;2207:2938.456530282718;2988:2939.740425839739
0,0,default_vehtype,route,False,2880.0,2940.0,2984;-1;-1,799;3653;0.273,500.0000000000025,0.9449271117443586,0.9448771117443586,0.0,,0,,0,,,2984;3012;7321;2804;3061;1173;3425;3125;3406;2825;1944;130;99;4526;714;2800;4332;799,2984:2880;3012:2882.492660677433;7321:2886.503300677433;2804:2889.830060677433;3061:2896.498100677433;1173:2902.096460677433;3425:2903.279420677433;3125:2904.532940677433;3406:2916.887300677433;2825:2919.357020677433;1944:2920.668380677433;130:2923.056020677433;99:2923.536260677433;4526:2931.945860677433;714:2934.742700677433;2800:2936.749100677433;4332:2937.564740677433;799:2938.7456606774326
0,2,default_vehtype,route,False,2880.0,2940.0,2986;-1;-1,3446;3720;0.382,833.3333333333268,0.5423286617204687,0.5422453283871354,0.0,,0,,0,,,2986;3155;6029;5745;6035;5743;6038;6041;7365;6050;6068;6077;3629;4502;6912;2108;7370;7608;5900;3459;4818;5992;6047;5708;3884;3030;3347;7376;2207;3446,2986:2880;3155:2880.543876617602;6029:2881.505004617602;5745:2882.996628617602;6035:2884.920036617602;5743:2886.289476617602;6038:2888.304900617602;6041:2889.581172617602;7365:2896.244340617602;6050:2898.5178846176022;6068:2902.7442126176024;6077:2903.3899086176025;3629:2904.9471966176025;4502:2905.4100846176025;6912:2910.5585166176024;2108:2912.4549246176025;7370:2918.9816526176023;7608:2919.2110446176025;5900:2922.6827406176026;3459:2923.4383086176026;4818:2924.0531886176027;5992:2924.5299726176027;6047:2928.718500617603;5708:2930.1127806176028;3884:2932.652364617603;3030:2933.150388617603;3347:2935.1745966176027;7376:2935.6099806176026;2207:2936.0188686176025;3446:2938.8422766176027
0,4,default_vehtype,boarding,True,2939.740425839739,2969.740425839739,2988;-1;-1,2988;-1;-1,0.0,0.821636309101635,0.821636309101635,0.0,,0,35;37,2,,35,,
0,4,default_vehtype,route,False,2969.740425839739,2972.7244906711517,2988;-1;-1,2972;-1;-1,41.44534488073482,0.821636309101635,0.8216321645671469,0.0,,0,37,1,,,2988;3447;2972,2988:2969.740425839739;3447:2971.279938282718;2972:2972.7244906711517
0,0,default_vehtype,route,False,2940.0,3000.0,799;3653;0.273,1836;4248;0.722,499.99999999999943,0.9448771117443586,0.9448271117443586,0.0,,0,,0,,,799;3653;3825;7127;1836,799:2940;3653:2943.3419006774325;3825:2944.5905006774324;7127:2988.1506206774325;1836:2989.5015806774327
0,2,default_vehtype,route,False,2940.0,3000.0,3446;3720;0.382,2447;2571;0.085,538.6878034311266,0.5422453283871354,0.5421914596067923,0.0,,0,,0,,,3446;3720;5332;251;2711;3358;2296;5495;5697;5497;5500;670;5502;5512;5520;5531;6313;6632;6644;3793;6319;7102;3741;7384;6414;5446;2447,3446:2940;3720:2941.8719646176028;5332:2942.8634046176026;251:2943.6109806176028;2711:2944.7487966176027;3358:2946.963804617603;2296:2955.2648046176027;5495:2955.481644617603;5697:2956.5854046176028;5497:2957.2828446176027;5500:2960.1900846176027;670:2961.5874846176025;5502:2963.9349246176025;5512:2967.4566846176026;5520:2969.910684617603;5531:2971.6076046176026;6313:2972.6326446176026;6632:2974.9296846176026;6644:2976.5009646176027;3793:2978.350164617603;6319:2979.2658846176028;7102:2979.7439646176026;3741:2980.2836046176026;7384:2987.9426046176027;6414:2993.1497646176026;5446:2995.417524617603;2447:2999.3536446176026
0,3,default_vehtype,boarding,True,3000.0,3030.0,2977;-1;-1,2977;-1;-1,0.0,0.7641939551081451,0.7641939551081451,0,,0,41,1,41,,,
0,4,default_vehtype,boarding,True,2972.7244906711517,3002.7244906711517,2972;-1;-1,2972;-1;-1,0.0,0.8216321645671469,0.8216321645671469,0,,0,37;36,2,36,37,,
0,2,default_vehtype,route,False,3000,3105.378325082658,2447;2571;0.085,2992;-1;-1,1293.0407116057802,0.5421914596067923,0.5420621555356316,0.0,,0,,0,,,2447;2571;42;2577;2566;3033;3036;2469;2404;2235;3762;5287;310;2280;1447;6261;3764;4397;4745;4182;4187;4191;4195;4202;4208;537;18;5629;1068;2559;6740;1717;2067;2063;1937;2992,2447:3000;2571:3006.942564617603;42:3011.610564617603;2577:3012.283044617603;2566:3020.882124617603;3033:3021.513084617603;3036:3023.782644617603;2469:3027.3749646176034;2404:3030.6984846176033;2235:3031.981884617603;3762:3032.405316617603;5287:3032.944380617603;310:3035.734596617603;2280:3036.333708617603;1447:3036.779604617603;6261:3040.6575966176033;3764:3041.6632926176035;4397:3042.2139486176034;4745:3042.440244617603;4182:3046.894020617603;4187:3049.556076617603;4191:3050.294364617603;4195:3064.757652617603;4202:3065.760180617603;4208:3066.741828617603;537:3067.695828617603;18:3073.5633966176033;5629:3079.4128206176033;1068:3081.9652206176033;2559:3089.0158206176034;6740:3093.4864446176034;1717:3099.3201726176035;2067:3100.0579566176034;2063:3100.7742126176036;1937:3104.0441646176037;2992:3105.378325082658
0,3,default_vehtype,route,False,3030,3113.404501900545,2977;-1;-1,2982;-1;-1,577.1723729807225,0.7641939551081451,0.7641362378708471,0.0,,0,41,1,,,2977;6202;7516;7037;7512;3274;2902;3901;7011;7336;4365;7288;1182;1001;6296;6301;2298;2295;2293;4102;4325;7285;1218;2982,2977:3030;6202:3033.893092103112;7516:3034.754212103112;7037:3042.066172103112;7512:3049.299532103112;3274:3060.645532103112;2902:3060.7571321031123;3901:3061.225132103112;7011:3063.206092103112;7336:3066.113572103112;4365:3073.6946921031117;7288:3074.8178921031117;1182:3075.734812103112;1001:3081.025972103112;6296:3083.385292103112;6301:3088.327577817398;2298:3092.609520674541;2295:3096.8914635316837;2293:3101.8337492459696;4102:3104.1930692459696;4325:3109.48422924597;7285:3110.40114924597;1218:3111.52434924597;2982:3113.404501900545
0,0,default_vehtype,route,False,3000.0,3145.2540246955327,1836;4248;0.722,2993;-1;-1,1785.8708947855337,0.9448271117443586,0.9446485246548801,0.0,,0,,0,,,1836;4248;5046;7138;6879;1367;3637;3640;3643;7179;5275;5297;5072;1464;2847;5825;4587;5794;3202;2065;2023;4203;537;18;5629;1068;2559;6740;1717;2067;2063;1937;6789;3895;5465;7450;2993,1836:3000;4248:3004.0467806774327;5046:3020.387300677433;7138:3022.025900677433;6879:3028.292300677433;1367:3039.785180677433;3637:3041.678300677433;3640:3042.5314286774333;3643:3043.5950126774333;7179:3047.173412677433;5275:3051.6827006774333;5297:3055.0615166774332;5072:3055.291772677433;1464:3062.232284677433;2847:3063.3029966774334;5825:3066.2016446774333;4587:3068.481956677433;5794:3070.102100677433;3202:3074.223452677433;2065:3079.3677086774333;2023:3084.9260366774333;4203:3085.7268206774334;537:3086.6808206774335;18:3092.5483886774336;5629:3098.3978126774336;1068:3100.9502126774337;2559:3108.0008126774337;6740:3112.4714366774338;1717:3118.305164677434;2067:3119.0429486774337;2063:3119.759204677434;1937:3123.029156677434;6789:3133.565564677434;3895:3134.832548677434;5465:3142.3644686774337;7450:3143.348708677434;2993:3145.2540246955327
0,0,default_vehtype,boarding,True,3145.2540246955327,3175.2540246955327,2993;-1;-1,2993;-1;-1,0.0,0.9446485246548801,0.9446485246548801,0.0,,0,38,1,38,,,
0,2,default_vehtype,boarding,True,3105.378325082658,3135.378325082658,2992;-1;-1,2992;-1;-1,0.0,0.5420621555356316,0.5420621555356316,0.0,,0,39,1,39,,,
0,2,default_vehtype,route,False,3135.378325082658,3172.395653611401,2992;-1;-1,2967;-1;-1,371.725848613485,0.5420621555356316,0.5420249829507703,0.0,,0,39,1,,,2992;2526;3895;5465;7450;1719;3469;470;469;5079;7447;1960;2967,2992:3135.378325082658;2526:3144.5805726176036;3895:3145.8475566176035;5465:3153.3794766176034;7450:3154.3637166176036;1719:3155.1803406176036;3469:3156.2002926176037;470:3162.1613783318894;469:3168.122464046175;5079:3169.142416046175;7447:3169.9590400461752;1960:3170.9432800461755;2967:3172.395653611401
0,3,default_vehtype,boarding,True,3113.404501900545,3143.404501900545,2982;-1;-1,2982;-1;-1,0.0,0.7641362378708471,0.7641362378708471,0.0,,0,41,1,,41,,
0,4,default_vehtype,route,False,3002.7244906711517,3149.8358145050247,2972;-1;-1,2985;-1;-1,1272.6774024545985,0.8216321645671469,0.8215048968269015,0.0,,0,36,1,,,2972;6079;7380;364;3029;3886;5711;6045;2157;4817;456;5901;7605;2830;5852;6913;1321;597;2204;6066;6049;7367;2188;2186;5744;6033;5746;6031;146;2828;2376;3091;4274;880;3109;114;5021;1108;1680;3103;3110;3980;2985,2972:3002.7244906711517;6079:3004.1033462827177;7380:3004.5122342827176;364:3004.9476182827175;3029:3006.9718262827173;3886:3007.4698502827173;5711:3010.0094342827174;6045:3011.4037142827174;2157:3015.5922422827175;4817:3016.0690262827175;456:3016.6839062827175;5901:3017.4394742827176;7605:3020.9111702827176;2830:3021.140562282718;5852:3027.6672902827177;6913:3029.5636982827177;1321:3034.7121302827177;597:3035.1750182827177;2204:3036.7323062827177;6066:3037.3780022827177;6049:3041.604330282718;7367:3043.877874282718;2188:3050.541042282718;2186:3051.817314282718;5744:3053.8327382827183;6033:3055.2021782827183;5746:3057.1255862827184;6031:3058.617210282718;146:3059.578338282718;2828:3060.670146282718;2376:3066.172026282718;3091:3079.493754282718;4274:3080.636682282718;880:3081.228018282718;3109:3083.078562282718;114:3087.890733711289;5021:3090.2641622827177;1108:3115.333533711289;1680:3140.40290513986;3103:3142.7763337112888;3110:3147.58850513986;3980:3149.43904913986;2985:3149.8358145050247
0,4,default_vehtype,boarding,True,3149.8358145050247,3179.8358145050247,2985;-1;-1,2985;-1;-1,0.0,0.8215048968269015,0.8215048968269015,0.0,,0,36,1,,36,,
0,2,default_vehtype,boarding,True,3172.395653611401,3202.395653611401,2967;-1;-1,2967;-1;-1,0.0,0.5420249829507703,0.5420249829507703,0.0,,0,39;44,2,44,,,
0,4,default_vehtype,route,False,3179.8358145050247,3200.5448525222573,2985;-1;-1,2986;-1;-1,287.625528017122,0.8215048968269015,0.8214761342740998,0.0,,0,,0,,,2985;1140;103;6480;7360;2986,2985:3179.8358145050247;1140:3180.03038513986;103:3181.17331313986;6480:3194.49504113986;7360:3199.9969211398598;2986:3200.5448525222573
0,4,default_vehtype,boarding,True,3200.5448525222573,3230.5448525222573,2986;-1;-1,2986;-1;-1,0.0,0.8214761342740998,0.8214761342740998,0.0,,0,42,1,42,,,
0,0,default_vehtype,route,False,3175.2540246955327,3367.3140370658675,2993;-1;-1,2972;-1;-1,2183.785505143543,0.9446485246548801,0.9444301461043658,0.0,,0,38,1,,,2993;4483;7446;1960;816;6786;5444;1716;2720;4210;1711;98;2497;7434;2760;542;1074;1071;1070;1069;1067;1504;4396;710;2281;4664;6260;3300;1832;708;6180;2405;6169;2744;2567;2576;3077;3241;88;2758;2742;2448;2353;6140;7386;3742;7100;6318;737;6639;2446;2301;1992;1990;1988;1985;3729;5498;5496;5699;5494;6307;374;7114;3246;5330;661;445;2972,2993:3175.2540246955327;4483:3176.015444677434;7446:3178.682180677434;1960:3179.6664206774344;816:3187.1983406774343;6786:3188.465324677434;5444:3199.001732677434;1716:3201.792092677434;2720:3202.538732677434;4210:3203.437004677434;1711:3204.566684677434;98:3213.182492677434;2497:3214.693124677434;7434:3221.900972677434;2760:3228.439508677434;542:3235.967612677434;1074:3236.9010206774337;1071:3237.9035486774337;1070:3252.3668366774336;1069:3253.1051246774337;1067:3255.7671806774338;1504:3260.2209566774336;4396:3260.4472526774334;710:3260.9979086774333;2281:3262.0036046774335;4664:3265.8815966774337;6260:3266.327492677434;3300:3266.9266046774337;1832:3269.7168206774336;708:3270.2558846774336;6180:3270.6793166774337;2405:3272.901716677434;6169:3276.378836677434;2744:3280.9793966774337;2567:3282.8223566774336;2576:3291.3109166774334;3077:3293.443556677433;3241:3296.5724366774334;88:3298.4992766774335;2758:3300.4627166774335;2742:3300.8691566774337;2448:3304.054796677434;2353:3310.2556766774337;6140:3315.426716677434;7386:3316.769156677434;3742:3324.428156677434;7100:3324.967796677434;6318:3325.4458766774337;737:3326.3615966774337;6639:3328.210796677434;2446:3329.782076677434;2301:3332.079116677434;1992:3333.104156677434;1990:3334.8010766774337;1988:3337.255076677434;1985:3340.776836677434;3729:3343.124276677434;5498:3344.521676677434;5496:3347.428916677434;5699:3348.1263566774337;5494:3349.2301166774337;6307:3349.4469566774337;374:3357.7479566774336;7114:3359.962964677434;3246:3361.1007806774337;5330:3361.848356677434;661:3362.8397966774337;445:3365.869484677434;2972:3367.3140370658675
0,0,default_vehtype,boarding,True,3367.3140370658675,3397.3140370658675,2972;-1;-1,2972;-1;-1,0.0,0.9444301461043658,0.9444301461043658,0.0,,0,38,1,,38,,
0,2,default_vehtype,route,False,3202.395653611401,3422.7744491920307,2967;-1;-1,2981;-1;-1,2961.6368211428803,0.5420249829507703,0.541728819268656,0.0,,0,39;44,2,,,2967;3896;6788;5444;1716;2720;4210;1711;98;2497;7434;2760;542;1074;4204;5649;5760;205;5793;1407;5826;7411;4686;5074;5295;5274;7181;604;603;602;3851;4573;1400;971;598;1368;591;585;940;1370;939;1903;983;3921;840;2881;5099;2878;1735;2581;370;361;2874;1887;4059;910;6541;3462;3648;2851;2850;1801;1560;5242;922;6385;3550;2981,2967:3202.395653611401;3896:3208.4752000461754;6788:3209.742184046175;5444:3220.278592046175;1716:3223.068952046175;2720:3223.815592046175;4210:3224.713864046175;1711:3225.843544046175;98:3234.459352046175;2497:3235.969984046175;7434:3243.177832046175;2760:3249.716368046175;542:3257.244472046175;1074:3258.177880046175;4204:3259.1595280461747;5649:3259.9603120461747;5760:3265.518640046175;205:3270.662896046175;5793:3274.784248046175;1407:3276.404392046175;5826:3278.684704046175;7411:3281.5833520461747;4686:3282.654064046175;5074:3289.594576046175;5295:3289.824832046175;5274:3293.2036480461747;7181:3297.712936046175;604:3301.291336046175;603:3302.354920046175;602:3303.208048046175;3851:3304.211440046175;4573:3308.517760046175;1400:3310.2504400461753;971:3314.0488720461753;598:3315.116128046175;1368:3316.0764640461753;591:3321.9474160461755;585:3335.1186640461756;940:3341.6985280461754;1370:3348.7251520461755;939:3349.4218240461755;1903:3350.2434160461753;983:3351.2259280461753;3921:3355.024072046175;840:3359.5849120461753;2881:3366.215536046175;5099:3367.3684000461753;2878:3368.4964240461754;1735:3379.4807440461755;2581:3380.8201600461753;370:3382.4030080461753;361:3384.9001120461753;2874:3385.4861200461755;1887:3391.1415040461757;4059:3393.0608080461757;910:3397.5770080461757;6541:3398.2411360461756;3462:3400.4547760461755;3648:3400.7845360461756;2851:3405.4587760461754;2850:3406.3921360461754;1801:3409.6878160461756;1560:3414.4282960461755;5242:3416.1109360461755;922:3417.0268480461755;6385:3420.2484880461757;3550:3420.510328046176;2981:3422.7744491920307
0,2,default_vehtype,boarding,True,3422.7744491920307,3452.7744491920307,2981;-1;-1,2981;-1;-1,0.0,0.541728819268656,0.541728819268656,0.0,,0,39;44,2,,44,,
0,4,default_vehtype,route,False,3230.5448525222573,3439.1201238350186,2986;-1;-1,2970;-1;-1,2037.389540561264,0.8214761342740998,0.8212723953200437,0.0,,0,42,1,,,2986;3155;6029;5745;6035;5743;6038;6041;7365;6050;6068;6077;3629;4502;6912;2108;7370;7608;5900;3459;4818;5992;6047;5708;3884;3030;3347;7376;2207;3446;3720;5332;251;2711;3358;2296;5495;5696;3307;3987;6878;746;2834;2045;2835;2641;7396;2616;486;2838;3722;3732;544;7400;5449;6824;4848;1631;1593;6821;1946;7401;3560;2970,2986:3230.5448525222573;3155:3231.0887291398594;6029:3232.0498571398593;5745:3233.541481139859;6035:3235.464889139859;5743:3236.834329139859;6038:3238.8497531398593;6041:3240.1260251398594;7365:3246.7891931398594;6050:3249.0627371398596;6068:3253.2890651398598;6077:3253.93476113986;3629:3255.49204913986;4502:3255.95493713986;6912:3261.1033691398598;2108:3262.99977713986;7370:3269.5265051398596;7608:3269.75589713986;5900:3273.22759313986;3459:3273.98316113986;4818:3274.59804113986;5992:3275.07482513986;6047:3279.26335313986;5708:3280.65763313986;3884:3283.19721713986;3030:3283.69524113986;3347:3285.71944913986;7376:3286.15483313986;2207:3286.56372113986;3446:3289.38712913986;3720:3292.41681713986;5332:3293.40825713986;251:3294.15583313986;2711:3295.29364913986;3358:3297.50865713986;2296:3305.80965713986;5495:3306.02649713986;5696:3306.7892171398603;3307:3317.5276571398604;3987:3324.35481713986;6878:3324.9581771398603;746:3326.0261771398605;2834:3330.0905771398607;2045:3344.6288171398605;2835:3346.9938971398606;2641:3356.2049771398606;7396:3356.7993371398607;2616:3362.160937139861;486:3363.072697139861;2838:3369.397417139861;3722:3372.916657139861;3732:3395.366377139861;544:3398.055937139861;7400:3399.131497139861;5449:3400.330537139861;6824:3404.583817139861;4848:3412.064137139861;1631:3417.7583085684323;1593:3423.4524799970036;6821:3430.9327999970037;1946:3435.1860799970036;7401:3436.3851199970036;3560:3437.460679997004;2970:3439.1201238350186
0,4,default_vehtype,boarding,True,3439.1201238350186,3469.1201238350186,2970;-1;-1,2970;-1;-1,0.0,0.8212723953200437,0.8212723953200437,0.0,,0,42,1,,42,,
0,0,default_vehtype,route,False,3420.0,3509.2857163434082,2972;-1;-1,2971;-1;-1,812.5131451482081,0.9444301461043658,0.944348894789851,0.0,,0,,0,,,2972;6079;3446;3720;5332;251;2711;3358;2296;5495;5696;3307;3987;2396;886;808;1372;807;1375;108;1376;1380;373;2390;7391;5704;7389;2971,2972:3420;6079:3421.378855611566;3446:3424.202263611566;3720:3427.2319516115663;5332:3428.223391611566;251:3428.9709676115663;2711:3430.108783611566;3358:3432.3237916115663;2296:3440.6247916115663;5495:3440.8416316115663;5696:3441.6043516115665;3307:3452.3427916115666;3987:3459.1699516115664;2396:3460.4759116115665;886:3466.1135116115665;808:3466.5797116115664;1372:3467.4426316115664;807:3468.5465116115665;1375:3470.2307116115667;108:3472.371151611567;1376:3474.171391611567;1380:3476.1879916115668;373:3485.748991611567;2390:3488.293711611567;7391:3489.6943516115666;5704:3492.0594316115667;7389:3506.5976716115665;2971:3509.2857163434082
0,0,default_vehtype,boarding,True,3509.2857163434082,3539.2857163434082,2971;-1;-1,2971;-1;-1,0.0,0.944348894789851,0.944348894789851,0.0,,0,47,1,47,,,
0,2,default_vehtype,route,False,3452.7744491920307,3505.6892007007514,2981;-1;-1,2982;-1;-1,440.95626257266684,0.541728819268656,0.5416847236423987,0.0,,0,39,1,,,2981;6320;7278;2411;1661;7283;796;751;4635;6299;4102;4325;7285;1218;2982,2981:3452.7744491920307;6320:3456.147568046176;7278:3459.6663280461757;2411:3465.501448046176;1661:3471.301288046176;7283:3472.350328046176;796:3481.142848046176;751:3483.050728046176;4635:3488.159368046176;6299:3494.118448046176;4102:3496.477768046176;4325:3501.7689280461764;7285:3502.6858480461765;1218:3503.8090480461765;2982:3505.6892007007514
0,2,default_vehtype,boarding,True,3505.6892007007514,3535.6892007007514,2982;-1;-1,2982;-1;-1,0.0,0.5416847236423987,0.5416847236423987,0.0,,0,39,1,,39,,
0,3,default_vehtype,route,False,3600,3647.5053019564502,2982;-1;-1,2983;-1;-1,395.8775163037552,0.7641362378708471,0.7640966501192167,0.0,,0,,0,,,2982;2809;7010;820;7498;276;2915;2661;7517;6201;7314;2983,2982:3600;2809:3605.700967345425;7010:3608.608447345425;820:3610.5894073454247;7498:3611.0574073454245;276:3611.1690073454247;2915:3622.5150073454247;2661:3629.748367345425;7517:3637.060327345425;6201:3637.921447345425;7314:3644.816767345425;2983:3647.5053019564502
0,3,default_vehtype,boarding,True,3647.5053019564502,3677.5053019564502,2983;-1;-1,2983;-1;-1,0.0,0.7640966501192167,0.7640966501192167,0.0,,0,49,1,49,,,
0,3,default_vehtype,route,False,3677.5053019564502,3692.249955242313,2983;-1;-1,2977;-1;-1,122.87211071552242,0.7640966501192167,0.7640843629081451,0.0,,0,49,1,,,2983;7527;2802;2977,2983:3677.5053019564502;7527:3682.032247345425;2802:3689.2477273454247;2977:3692.249955242313
0,0,default_vehtype,route,False,3539.2857163434082,3725.8569958338744,2971;-1;-1,2985;-1;-1,1654.65525730639,0.944348894789851,0.9441834292641204,0.0,,0,47,1,,,2971;3807;6875;885;316;2042;1982;6306;374;7114;3246;5330;661;445;6080;7381;364;3029;3886;5711;6045;2157;4817;456;5901;7605;2830;5852;6913;1321;597;2204;6066;6049;7367;2188;2186;5744;6033;5746;6031;146;2828;2376;3091;4274;880;3109;114;5021;1108;1680;3103;3110;3980;2985,2971:3539.2857163434082;3807:3540.6620716115667;6875:3541.730071611567;885:3542.333431611567;316:3549.160591611567;2042:3559.899031611567;1982:3560.661751611567;6306:3560.878591611567;374:3569.179591611567;7114:3571.394599611567;3246:3572.532415611567;5330:3573.2799916115673;661:3574.271431611567;445:3577.301119611567;6080:3580.1245276115674;7381:3580.5334156115673;364:3580.968799611567;3029:3582.993007611567;3886:3583.491031611567;5711:3586.030615611567;6045:3587.424895611567;2157:3591.613423611567;4817:3592.090207611567;456:3592.7050876115673;5901:3593.4606556115673;7605:3596.9323516115674;2830:3597.1617436115675;5852:3603.6884716115674;6913:3605.5848796115674;1321:3610.7333116115674;597:3611.1961996115674;2204:3612.7534876115674;6066:3613.3991836115674;6049:3617.6255116115676;7367:3619.8990556115677;2188:3626.562223611568;2186:3627.838495611568;5744:3629.853919611568;6033:3631.223359611568;5746:3633.146767611568;6031:3634.638391611568;146:3635.5995196115678;2828:3636.691327611568;2376:3642.1932076115677;3091:3655.5149356115676;4274:3656.657863611568;880:3657.2491996115677;3109:3659.0997436115676;114:3663.911915040139;5021:3666.2853436115674;1108:3691.3547150401387;1680:3716.42408646871;3103:3718.7975150401385;3110:3723.6096864687097;3980:3725.4602304687096;2985:3725.8569958338744
0,0,default_vehtype,boarding,True,3725.8569958338744,3755.8569958338744,2985;-1;-1,2985;-1;-1,0.0,0.9441834292641204,0.9441834292641204,0.0,,0,47,1,,47,,
0,3,default_vehtype,boarding,True,3692.249955242313,3722.249955242313,2977;-1;-1,2977;-1;-1,0.0,0.7640843629081451,0.7640843629081451,0.0,,0,49,1,,49,,
0,4,default_vehtype,route,False,3600.0,3726.6240531557833,2970;-1;-1,2967;-1;-1,1408.3381564224546,0.8212723953200437,0.8211315615044015,0.0,,0,,0,,,2970;671;544;7400;5449;6824;4848;3271;4846;4989;5000;337;1075;537;18;5629;1068;2559;6740;1717;2067;2063;1937;6789;3895;5465;7450;1719;3469;470;469;5079;7447;1960;2967,2970:3600;671:3601.0301161619855;544:3603.7196761619853;7400:3604.7952361619855;5449:3605.9942761619855;6824:3610.2475561619854;4848:3617.7278761619855;3271:3623.2809961619855;4846:3625.1540761619854;4989:3637.4265961619853;5000:3642.1861561619853;337:3649.9463881619854;1075:3650.9702281619852;537:3651.9242281619854;18:3657.7917961619855;5629:3663.6412201619855;1068:3666.1936201619856;2559:3673.2442201619856;6740:3677.7148441619856;1717:3683.5485721619857;2067:3684.2863561619856;2063:3685.002612161986;1937:3688.272564161986;6789:3698.808972161986;3895:3700.0759561619857;5465:3707.6078761619856;7450:3708.592116161986;1719:3709.408740161986;3469:3710.428692161986;470:3716.3897778762716;469:3722.3508635905573;5079:3723.3708155905574;7447:3724.1874395905575;1960:3725.1716795905577;2967:3726.6240531557833
0,4,default_vehtype,boarding,True,3726.6240531557833,3756.6240531557833,2967;-1;-1,2967;-1;-1,0.0,0.8211315615044015,0.8211315615044015,0.0,,0,48,1,48,,,
0,0,default_vehtype,route,False,3755.8569958338744,3793.589390420957,2985;-1;-1,2974;-1;-1,422.96189307455256,0.9441834292641204,0.9441411330748128,0.0,,0,,0,,,2985;1140;103;6480;7360;3154;6028;2181;2180;146;2828;2974,2985:3755.8569958338744;1140:3756.0515664687096;103:3757.1944944687098;6480:3770.5162224687097;7360:3776.0181024687095;3154:3777.1099104687096;6028:3778.0710384687095;2181:3782.3030956115667;2180:3786.535152754424;146:3787.496280754424;2828:3788.588088754424;2974:3793.589390420957
0,0,default_vehtype,boarding,True,3793.589390420957,3823.589390420957,2974;-1;-1,2974;-1;-1,0.0,0.9441411330748128,0.9441411330748128,0.0,,0,50,1,50,,,
0,0,default_vehtype,route,False,3823.589390420957,4038.7150514495834,2974;-1;-1,2970;-1;-1,2128.3671755038336,0.9441411330748128,0.9439282963572625,0.0,,0,50,1,,,2974;6479;7359;3154;6028;5745;6035;5743;6038;6041;7365;6050;6068;6077;3629;4502;6912;2108;7370;7608;5900;3459;4818;5992;6047;5708;3884;3030;3347;7376;2207;3446;3720;5332;251;2711;3358;2296;5495;5696;3307;3987;6878;746;2834;2045;2835;2641;7396;2616;486;2838;3722;3732;544;7400;5449;6824;4848;1631;1593;6821;1946;7401;3560;2970,2974:3823.589390420957;6479:3824.0899687544243;7359:3829.591848754424;3154:3830.683656754424;6028:3831.644784754424;5745:3833.136408754424;6035:3835.059816754424;5743:3836.429256754424;6038:3838.444680754424;6041:3839.720952754424;7365:3846.384120754424;6050:3848.6576647544243;6068:3852.8839927544245;6077:3853.5296887544246;3629:3855.0869767544245;4502:3855.5498647544246;6912:3860.6982967544245;2108:3862.5947047544246;7370:3869.1214327544244;7608:3869.3508247544246;5900:3872.8225207544247;3459:3873.5780887544247;4818:3874.192968754425;5992:3874.6697527544247;6047:3878.858280754425;5708:3880.252560754425;3884:3882.792144754425;3030:3883.290168754425;3347:3885.3143767544248;7376:3885.7497607544246;2207:3886.1586487544246;3446:3888.982056754425;3720:3892.011744754425;5332:3893.0031847544246;251:3893.750760754425;2711:3894.888576754425;3358:3897.103584754425;2296:3905.404584754425;5495:3905.621424754425;5696:3906.384144754425;3307:3917.122584754425;3987:3923.949744754425;6878:3924.553104754425;746:3925.6211047544252;2834:3929.6855047544254;2045:3944.2237447544253;2835:3946.5888247544253;2641:3955.7999047544254;7396:3956.3942647544254;2616:3961.7558647544256;486:3962.6676247544256;2838:3968.9923447544256;3722:3972.5115847544257;3732:3994.961304754426;544:3997.6508647544256;7400:3998.726424754426;5449:3999.925464754426;6824:4004.1787447544257;4848:4011.659064754426;1631:4017.353236182997;1593:4023.0474076115684;6821:4030.5277276115685;1946:4034.7810076115684;7401:4035.9800476115684;3560:4037.0556076115686;2970:4038.7150514495834
0,0,default_vehtype,boarding,True,4038.7150514495834,4068.7150514495834,2970;-1;-1,2970;-1;-1,0.0,0.9439282963572625,0.9439282963572625,0.0,,0,50,1,,50,,
0,4,default_vehtype,route,False,3756.6240531557833,4029.9176002451336,2967;-1;-1,2982;-1;-1,3402.5930837155474,0.8211315615044015,0.8207913021960299,0.0,,0,48,1,,,2967;3896;6788;5444;1716;2720;4210;1711;98;2497;7434;2760;542;1074;4204;5649;5760;205;5793;1407;5826;7411;4686;5074;5295;5274;7181;604;603;602;3851;4573;1400;971;598;1368;591;585;940;1370;939;1903;983;3921;840;2881;5099;2878;1735;2581;370;361;2874;1887;4059;910;6541;3462;3648;2851;2850;1801;1560;5242;922;6385;3550;6322;7280;2411;1661;7283;796;751;4635;6299;4102;4325;7285;1218;2982,2967:3756.6240531557833;3896:3762.7035995905576;6788:3763.9705835905575;5444:3774.5069915905574;1716:3777.2973515905574;2720:3778.043991590557;4210:3778.942263590557;1711:3780.071943590557;98:3788.687751590557;2497:3790.198383590557;7434:3797.406231590557;2760:3803.944767590557;542:3811.472871590557;1074:3812.406279590557;4204:3813.387927590557;5649:3814.188711590557;5760:3819.747039590557;205:3824.891295590557;5793:3829.012647590557;1407:3830.632791590557;5826:3832.913103590557;7411:3835.811751590557;4686:3836.882463590557;5074:3843.8229755905572;5295:3844.053231590557;5274:3847.432047590557;7181:3851.941335590557;604:3855.519735590557;603:3856.583319590557;602:3857.4364475905572;3851:3858.4398395905573;4573:3862.7461595905575;1400:3864.4788395905575;971:3868.2772715905576;598:3869.3445275905574;1368:3870.3048635905575;591:3876.1758155905577;585:3889.347063590558;940:3895.9269275905576;1370:3902.9535515905577;939:3903.6502235905577;1903:3904.4718155905575;983:3905.4543275905576;3921:3909.2524715905574;840:3913.8133115905575;2881:3920.4439355905574;5099:3921.5967995905576;2878:3922.7248235905577;1735:3933.7091435905577;2581:3935.0485595905575;370:3936.6314075905575;361:3939.1285115905575;2874:3939.7145195905578;1887:3945.369903590558;4059:3947.289207590558;910:3951.805407590558;6541:3952.469535590558;3462:3954.6831755905578;3648:3955.012935590558;2851:3959.6871755905577;2850:3960.6205355905577;1801:3963.916215590558;1560:3968.656695590558;5242:3970.3393355905578;922:3971.2552475905577;6385:3974.476887590558;3550:3974.738727590558;6322:3980.375967590558;7280:3983.894727590558;2411:3989.729847590558;1661:3995.5296875905583;7283:3996.578727590558;796:4005.371247590558;751:4007.2791275905583;4635:4012.3877675905583;6299:4018.3468475905584;4102:4020.7061675905584;4325:4025.9973275905586;7285:4026.9142475905587;1218:4028.0374475905587;2982:4029.9176002451336
0,4,default_vehtype,boarding,True,4029.9176002451336,4059.9176002451336,2982;-1;-1,2982;-1;-1,0.0,0.8207913021960299,0.8207913021960299,0.0,,0,48,1,,48,,
0,0,default_vehtype,route,False,4068.7150514495834,4122.816372659622,2970;-1;-1,2969;-1;-1,543.4817047950673,0.9439282963572625,0.9438739481867829,0.0,,0,,0,,,2970;671;544;7400;5449;6824;4848;3271;4846;4989;5000;337;1075;4198;336;2969,2970:4068.7150514495834;671:4069.745167611569;544:4072.4347276115686;7400:4073.510287611569;5449:4074.709327611569;6824:4078.9626076115687;4848:4086.442927611569;3271:4091.996047611569;4846:4093.8691276115687;4989:4106.141647611569;5000:4110.90120761157;337:4118.661439611569;1075:4119.685279611569;4198:4120.666927611569;336:4121.690047611569;2969:4122.816372659622
0,1,default_vehtype,route,False,3840.0,4120.001679588114,2980;-1;-1,2966;-1;-1,1989.2821103102237,0.8570211689536968,0.8568222407426659,0.0,,0,,0,,,2980;914;2135;1730;2664;2579;2961;2407;2581;370;361;2874;1887;1805;363;366;2314;2877;1748;2880;906;984;2268;1857;1806;1371;938;5442;4054;2205;1369;2047;1337;1873;1939;665;666;1885;668;1415;1041;1623;1383;2333;2966,2980:3840;914:3855.8821707356574;2135:3863.8330278785147;1730:3879.2893707356575;2664:3881.1114850213717;2579:3885.9874278785146;2961:3902.7582850213716;2407:3908.0070850213715;2581:3916.494342164229;370:3918.077190164229;361:3920.574294164229;2874:3921.160302164229;1887:3926.815686164229;1805:3927.846366164229;363:3934.755054164229;366:3936.160134164229;2314:3937.305006164229;2877:3950.476110164229;1748:3951.594630164229;2880:3952.7564221642288;906:3964.981734164229;984:3967.7514301642286;2268:3968.4992941642286;1857:3968.8852141642287;1806:3969.5473981642285;1371:3970.2175741642286;938:3972.7987021642284;5442:3982.5193501642284;4054:3990.1593421642283;2205:3995.9117821642285;1369:4002.3579421642285;2047:4003.3009981642285;1337:4004.2623421642284;1873:4020.7397581642285;1939:4021.0807501642284;665:4021.6028221642287;666:4022.4719341642285;1885:4023.4577581642284;668:4036.828158164228;1415:4037.4572221642284;1041:4054.1437364499425;1623:4058.5269935927995;1383:4069.612422164228;2333:4109.7663078785135;2966:4120.001679588114
0,0,default_vehtype,boarding,True,4122.816372659622,4152.816372659622,2969;-1;-1,2969;-1;-1,0.0,0.9438739481867829,0.9438739481867829,0,,0,52,1,52,,,
0,1,default_vehtype,boarding,True,4120.001679588114,4150.001679588114,2966;-1;-1,2966;-1;-1,0.0,0.8568222407426659,0.8568222407426659,0,,0,51,1,51,,,
0,0,default_vehtype,route,False,4152.816372659622,4207.09448007662,2969;-1;-1,2992;-1;-1,753.8626030139021,0.9438739481867829,0.9437985619264816,0.0,,0,52,1,,,2969;7192;1664;337;1075;537;18;5629;1068;2559;6740;1717;2067;2063;1937;2992,2969:4152.816372659622;7192:4156.4200156115685;1664:4159.673911611569;337:4167.434143611568;1075:4168.457983611568;537:4169.411983611568;18:4175.2795516115675;5629:4181.1289756115675;1068:4183.681375611567;2559:4190.731975611567;6740:4195.202599611566;1717:4201.036327611566;2067:4201.774111611566;2063:4202.4903676115655;1937:4205.760319611565;2992:4207.09448007662
0,0,default_vehtype,boarding,True,4207.09448007662,4237.09448007662,2992;-1;-1,2992;-1;-1,0.0,0.9437985619264816,0.9437985619264816,0.0,,0,52,1,,52,,
0,3,default_vehtype,boarding,True,4260.0,4290,2977;-1;-1,2977;-1;-1,0.0,0.7640843629081451,0.7640843629081451,0.0,,0,54,1,54,,,
0,1,default_vehtype,route,False,4150.001679588114,4320,2966;-1;-1,2405;6169;0.622,1680.095008402443,0.8568222407426659,0.8566542312418257,0.0,,0,51,1,,,2966;2743;2631;2150;735;738;1096;3736;81;831;2413;1146;832;1880;1340;3638;3641;7177;5275;5297;5072;1464;2847;5825;4587;5794;3202;2065;2023;4203;4198;1071;1070;1069;1067;1504;4396;710;2281;4664;6260;3300;1832;708;6180;2405,2966:4150.001679588114;2743:4157.845507878514;2631:4161.856936449943;2150:4178.787222164228;735:4189.2693935928;738:4195.437222164229;1096:4204.9761935928;3736:4205.2392095928;81:4209.0881135928;831:4219.9346975928;2413:4220.9223935928;1146:4221.7357775928;832:4222.5441935928;1880:4225.1418815928;1340:4236.6746975928;3638:4237.6611695927995;3641:4238.7247535928;7177:4242.3031535928;5275:4246.8124415928005;5297:4250.191257592801;5072:4250.421513592801;1464:4257.362025592801;2847:4258.432737592801;5825:4261.331385592801;4587:4263.611697592801;5794:4265.231841592801;3202:4269.353193592801;2065:4274.497449592801;2023:4280.055777592801;4203:4280.856561592801;4198:4281.838209592801;1071:4282.840737592801;1070:4297.304025592801;1069:4298.0423135928;1067:4300.7043695928005;1504:4305.158145592801;4396:4305.384441592801;710:4305.935097592801;2281:4306.940793592801;4664:4310.818785592801;6260:4311.264681592801;3300:4311.863793592801;1832:4314.654009592801;708:4315.193073592801;6180:4315.6165055928;2405:4317.8389055928
0,1,default_vehtype,route,False,4320,4412.251225981233,2405;6169;0.622,2972;-1;-1,821.9051075571383,0.8566542312418257,0.85657204073107,0.0,,0,51,1,,,2405;6169;2744;2567;2576;3077;3241;88;2758;2742;2448;2353;6140;7386;3742;7100;6318;737;6639;2446;2301;1992;1990;1988;1985;3729;5498;5496;5699;5494;6307;374;7114;3246;5330;661;445;2972,2405:4320;6169:4321.3160255928;2744:4325.9165855927995;2567:4327.759545592799;2576:4336.248105592799;3077:4338.380745592799;3241:4341.509625592799;88:4343.436465592799;2758:4345.3999055928;2742:4345.8063455927995;2448:4348.991985592799;2353:4355.1928655927995;6140:4360.3639055928;7386:4361.7063455928;3742:4369.3653455928;7100:4369.9049855928;6318:4370.3830655927995;737:4371.2987855927995;6639:4373.147985592799;2446:4374.719265592799;2301:4377.0163055928;1992:4378.0413455928;1990:4379.7382655928;1988:4382.1922655928;1985:4385.7140255928;3729:4388.061465592799;5498:4389.458865592799;5496:4392.366105592799;5699:4393.063545592799;5494:4394.167305592799;6307:4394.384145592799;374:4402.685145592799;7114:4404.900153592799;3246:4406.0379695927995;5330:4406.785545592799;661:4407.776985592799;445:4410.806673592799;2972:4412.251225981233
0,4,default_vehtype,route,False,4380,4427.505301956449,2982;-1;-1,2983;-1;-1,395.8775163037552,0.8207913021960299,0.8207517144443995,0.0,,0,,0,,,2982;2809;7010;820;7498;276;2915;2661;7517;6201;7314;2983,2982:4380;2809:4385.700967345425;7010:4388.608447345425;820:4390.589407345425;7498:4391.0574073454245;276:4391.169007345425;2915:4402.515007345424;2661:4409.748367345424;7517:4417.060327345424;6201:4417.921447345424;7314:4424.816767345424;2983:4427.505301956449
0,1,default_vehtype,boarding,True,4412.251225981233,4442.251225981233,2972;-1;-1,2972;-1;-1,0.0,0.85657204073107,0.85657204073107,0.0,,0,51;55,2,55,,,
0,1,default_vehtype,route,False,4442.251225981233,4444.91397714982,2972;-1;-1,2988;-1;-1,36.982655119265175,0.85657204073107,0.856568342465558,0.0,,0,51;55,2,,,2972;6079;2988,2972:4442.251225981233;6079:4443.630081592799;2988:4444.91397714982
0,1,default_vehtype,boarding,True,4444.91397714982,4474.91397714982,2988;-1;-1,2988;-1;-1,0.0,0.856568342465558,0.856568342465558,0.0,,0,51;55,2,,51,,
0,4,default_vehtype,boarding,True,4427.505301956449,4457.505301956449,2983;-1;-1,2983;-1;-1,0.0,0.8207517144443995,0.8207517144443995,0.0,,0,57,1,57,,,
0,0,default_vehtype,route,False,4440.0,4579.419771413864,2992;-1;-1,2990;-1;-1,1558.523025865214,0.9437985619264816,0.9436427096238951,0.0,,0,,0,,,2992;2526;5444;1716;2720;4210;1711;98;2497;7434;2760;542;1074;336;2759;1664;1659;538;4990;4939;5252;3070;1657;4439;4842;1272;3423;4282;4975;6830;4349;4937;669;5061;7265;3848;534;2839;5449;2990,2992:4440;2526:4449.202247534946;5444:4459.738655534946;1716:4462.529015534946;2720:4463.275655534946;4210:4464.173927534946;1711:4465.303607534946;98:4473.919415534946;2497:4475.430047534946;7434:4482.637895534946;2760:4489.1764315349465;542:4496.704535534946;1074:4497.637943534946;336:4498.661063534946;2759:4503.391031534946;1664:4506.644927534946;1659:4511.404487534946;538:4512.555527534946;4990:4516.252607534946;4939:4517.643167534946;5252:4523.067887534946;3070:4524.104327534946;1657:4531.621127534946;4439:4537.251287534946;4842:4541.635847534946;1272:4541.820767534946;3423:4543.037327534946;4282:4546.814807534945;4975:4547.864567534945;6830:4548.637487534946;4349:4549.186367534946;4937:4553.555927534946;669:4563.863327534946;5061:4569.671687534946;7265:4570.454927534945;3848:4571.429567534946;534:4575.474527534946;2839:4576.833167534946;5449:4578.032207534947;2990:4579.419771413864
0,0,default_vehtype,boarding,True,4579.419771413864,4609.419771413864,2990;-1;-1,2990;-1;-1,0.0,0.9436427096238951,0.9436427096238951,0.0,,0,59,1,59,,,
0,1,default_vehtype,route,False,4474.91397714982,4607.127340662169,2988;-1;-1,2991;-1;-1,1371.1040487826663,0.856568342465558,0.8564312320606798,0.0,,0,55,1,,,2988;3447;3721;5333;251;2711;3358;2296;5495;5697;5497;5500;670;5502;5512;5520;5531;6313;6632;6644;3793;6319;7102;3741;7384;6414;5446;2447;2571;42;2577;2566;3033;3036;2469;2404;2235;3762;5287;310;2280;1447;6261;3764;4397;4745;4182;4187;4191;4195;4202;4208;537;2991,2988:4474.91397714982;3447:4476.453489592799;3721:4479.483177592799;5333:4480.4746175927985;251:4481.222193592798;2711:4482.360009592799;3358:4484.575017592799;2296:4492.876017592799;5495:4493.092857592799;5697:4494.196617592799;5497:4494.894057592799;5500:4497.801297592799;670:4499.198697592798;5502:4501.546137592798;5512:4505.067897592798;5520:4507.521897592797;5531:4509.218817592798;6313:4510.243857592798;6632:4512.5408975927985;6644:4514.112177592799;3793:4515.961377592798;6319:4516.877097592798;7102:4517.355177592798;3741:4517.894817592798;7384:4525.553817592798;6414:4530.760977592798;5446:4533.028737592797;2447:4536.964857592798;2571:4544.553777592798;42:4549.2217775927975;2577:4549.894257592798;2566:4558.493337592798;3033:4559.124297592798;3036:4561.393857592798;2469:4564.9861775927975;2404:4568.309697592797;2235:4569.593097592798;3762:4570.016529592797;5287:4570.555593592797;310:4573.345809592797;2280:4573.944921592797;1447:4574.390817592797;6261:4578.268809592797;3764:4579.274505592797;4397:4579.8251615927975;4745:4580.051457592797;4182:4584.505233592798;4187:4587.167289592798;4191:4587.905577592797;4195:4602.368865592797;4202:4603.371393592797;4208:4604.353041592797;537:4605.307041592797;2991:4607.127340662169
0,3,default_vehtype,route,False,4290.0,4580.689948568164,2977;-1;-1,2992;-1;-1,2881.7774406516896,0.7640843629081451,0.7637961851640799,0.0,,0,54,1,,,2977;6202;7315;7530;2803;7558;2806;4344;2996;3013;7322;2804;3061;1173;3425;3125;3406;2825;1944;130;99;4526;714;2800;4332;799;3653;3825;7127;1836;4248;5046;7138;6879;1367;3637;3640;3643;7179;5275;5297;5072;1464;2847;5825;4587;5794;3202;2065;2023;4203;537;18;5629;1068;2559;6740;1717;2067;2063;1937;2992,2977:4290;6202:4293.8930921031115;7315:4300.788412103111;7530:4308.003892103111;2803:4315.558852103111;7558:4322.953852103112;2806:4330.787692103112;4344:4331.990692103112;2996:4334.034172103113;3013:4338.819292103112;7322:4342.829932103113;2804:4346.156692103113;3061:4352.824732103112;1173:4358.423092103112;3425:4359.606052103112;3125:4360.859572103112;3406:4373.213932103113;2825:4375.683652103113;1944:4376.9950121031125;130:4379.382652103112;99:4379.862892103112;4526:4388.272492103112;714:4391.069332103112;2800:4393.075732103112;4332:4393.891372103112;799:4395.072292103112;3653:4399.668532103112;3825:4400.917132103112;7127:4444.477252103112;1836:4445.828212103112;4248:4460.373412103111;5046:4476.713932103111;7138:4478.352532103111;6879:4484.618932103112;1367:4496.111812103111;3637:4498.004932103111;3640:4498.858060103111;3643:4499.921644103111;7179:4503.500044103112;5275:4508.009332103112;5297:4511.388148103112;5072:4511.618404103112;1464:4518.558916103112;2847:4519.629628103112;5825:4522.528276103112;4587:4524.808588103112;5794:4526.428732103112;3202:4530.550084103113;2065:4535.694340103112;2023:4541.252668103112;4203:4542.053452103112;537:4543.007452103112;18:4548.875020103112;5629:4554.724444103112;1068:4557.276844103111;2559:4564.327444103111;6740:4568.79806810311;1717:4574.63179610311;2067:4575.36958010311;2063:4576.08583610311;1937:4579.355788103109;2992:4580.689948568164
0,3,default_vehtype,boarding,True,4580.689948568164,4610.689948568164,2992;-1;-1,2992;-1;-1,0.0,0.7637961851640799,0.7637961851640799,0.0,,0,54,1,,54,,
0,1,default_vehtype,boarding,True,4607.127340662169,4637.127340662169,2991;-1;-1,2991;-1;-1,0.0,0.8564312320606798,0.8564312320606798,0,,0,55,1,,55,,
0,1,default_vehtype,boarding,True,4637.127340662169,4667.127340662169,2991;-1;-1,2991;-1;-1,0.0,0.8564312320606798,0.8564312320606798,0,,0,62,1,62,,,
0,4,default_vehtype,route,False,4457.505301956449,4780.854232769311,2983;-1;-1,2966;-1;-1,2424.2986565656774,0.8207517144443995,0.820509284578743,0.0,,0,57,1,,,2983;7527;2803;7558;2806;4344;2996;3013;7322;2804;3061;1173;3425;3125;3406;2825;1944;130;99;4526;714;2800;4332;799;3653;3825;7127;1836;4248;5046;7138;6879;1367;3637;1339;1395;1399;835;1147;1093;2607;911;1150;665;666;1885;668;1415;1041;1623;1383;2333;2966,2983:4457.505301956449;7527:4462.0322473454235;2803:4469.587207345424;7558:4476.982207345424;2806:4484.8160473454245;4344:4486.019047345425;2996:4488.062527345425;3013:4492.847647345425;7322:4496.858287345425;2804:4500.185047345425;3061:4506.853087345425;1173:4512.451447345425;3425:4513.634407345425;3125:4514.887927345425;3406:4527.242287345425;2825:4529.712007345425;1944:4531.023367345425;130:4533.411007345425;99:4533.891247345425;4526:4542.300847345425;714:4545.097687345425;2800:4547.104087345425;4332:4547.919727345425;799:4549.1006473454245;3653:4553.696887345424;3825:4554.945487345424;7127:4598.505607345424;1836:4599.856567345424;4248:4614.401767345424;5046:4630.742287345423;7138:4632.380887345424;6879:4638.647287345424;1367:4650.140167345424;3637:4652.033287345424;1339:4653.025663345424;1395:4661.562991345424;1399:4663.703695345424;835:4667.280655345425;1147:4668.073231345425;1093:4669.332511345425;2607:4677.391183345425;911:4680.245047345425;1150:4681.005511345425;665:4682.455375345425;666:4683.324487345425;1885:4684.310311345425;668:4697.680711345425;1415:4698.309775345425;1041:4714.996289631139;1623:4719.3795467739965;1383:4730.464975345425;2333:4770.618861059711;2966:4780.854232769311
0,0,default_vehtype,route,False,4609.419771413864,4816.623080680803,2990;-1;-1,2981;-1;-1,2611.7286438911515,0.9436427096238951,0.943381536759506,0.0,,0,59,1,,,2990;2552;4848;3271;4846;4989;5000;337;1075;5648;5759;205;5793;1407;5826;7411;4686;5074;5295;5274;7181;604;603;602;3851;4573;1400;971;598;1368;591;585;940;1370;939;1903;983;3921;840;2881;5099;2878;1735;2581;370;361;2874;1887;4059;910;6541;3462;3648;2851;2850;1801;1560;5242;922;6385;3550;2981,2990:4609.419771413864;2552:4612.285487534947;4848:4619.765807534946;3271:4625.318927534946;4846:4627.192007534946;4989:4639.464527534947;5000:4644.224087534947;337:4651.984319534947;1075:4653.008159534947;5648:4653.808943534947;5759:4659.367271534947;205:4664.511527534946;5793:4668.632879534946;1407:4670.253023534947;5826:4672.533335534947;7411:4675.431983534947;4686:4676.502695534947;5074:4683.443207534947;5295:4683.673463534947;5274:4687.052279534947;7181:4691.561567534947;604:4695.139967534948;603:4696.203551534948;602:4697.056679534948;3851:4698.060071534947;4573:4702.366391534947;1400:4704.099071534947;971:4707.897503534947;598:4708.964759534947;1368:4709.925095534947;591:4715.796047534947;585:4728.967295534947;940:4735.547159534947;1370:4742.573783534947;939:4743.270455534947;1903:4744.092047534948;983:4745.074559534947;3921:4748.8727035349475;840:4753.433543534948;2881:4760.064167534948;5099:4761.217031534948;2878:4762.345055534947;1735:4773.329375534947;2581:4774.668791534947;370:4776.251639534947;361:4778.748743534947;2874:4779.334751534947;1887:4784.990135534947;4059:4786.909439534947;910:4791.425639534947;6541:4792.089767534947;3462:4794.303407534947;3648:4794.633167534947;2851:4799.307407534947;2850:4800.240767534947;1801:4803.536447534947;1560:4808.276927534947;5242:4809.959567534947;922:4810.875479534948;6385:4814.0971195349475;3550:4814.358959534948;2981:4816.623080680803
0,0,default_vehtype,boarding,True,4816.623080680803,4846.623080680803,2981;-1;-1,2981;-1;-1,0.0,0.943381536759506,0.943381536759506,0.0,,0,59,1,,59,,
0,4,default_vehtype,boarding,True,4780.854232769311,4810.854232769311,2966;-1;-1,2966;-1;-1,0.0,0.820509284578743,0.820509284578743,0.0,,0,57,1,,57,,
0,1,default_vehtype,route,False,4667.127340662169,4889.046360563087,2991;-1;-1,2987;-1;-1,2598.4939430683253,0.8564312320606798,0.8561713826663729,0.0,,0,62,1,,,2991;3010;5631;1068;2867;2760;542;1074;1071;1070;1069;1067;1504;4396;710;2281;4664;6260;3300;1832;708;6180;2405;6169;2744;2567;2576;3077;3241;88;2758;2742;2448;2353;6140;7386;3742;7100;6318;737;6639;2446;2301;1992;1990;1988;1985;3729;5498;5496;5699;5494;6307;374;7114;3246;5330;661;445;6080;7381;364;3029;3886;5711;6045;2157;4817;456;5901;7605;2830;1420;1084;7357;2826;2827;4225;2987,2991:4667.127340662169;3010:4671.1746095927965;5631:4677.0240335927965;1068:4679.576433592796;2867:4680.450729592796;2760:4686.989265592796;542:4694.517369592796;1074:4695.450777592796;1071:4696.453305592796;1070:4710.916593592796;1069:4711.654881592795;1067:4714.3169375927955;1504:4718.770713592796;4396:4718.997009592796;710:4719.547665592796;2281:4720.553361592796;4664:4724.431353592796;6260:4724.877249592796;3300:4725.476361592796;1832:4728.266577592796;708:4728.805641592796;6180:4729.229073592795;2405:4731.451473592795;6169:4734.928593592795;2744:4739.5291535927945;2567:4741.372113592794;2576:4749.860673592794;3077:4751.993313592794;3241:4755.122193592794;88:4757.049033592794;2758:4759.012473592795;2742:4759.4189135927945;2448:4762.604553592794;2353:4768.8054335927945;6140:4773.976473592795;7386:4775.318913592795;3742:4782.977913592795;7100:4783.517553592795;6318:4783.995633592795;737:4784.9113535927945;6639:4786.760553592794;2446:4788.331833592794;2301:4790.628873592795;1992:4791.653913592795;1990:4793.350833592795;1988:4795.804833592795;1985:4799.326593592795;3729:4801.674033592794;5498:4803.071433592794;5496:4805.978673592794;5699:4806.676113592794;5494:4807.779873592794;6307:4807.996713592794;374:4816.297713592794;7114:4818.512721592794;3246:4819.6505375927945;5330:4820.398113592794;661:4821.389553592794;445:4824.419241592794;6080:4827.242649592794;7381:4827.651537592794;364:4828.086921592794;3029:4830.111129592794;3886:4830.609153592794;5711:4833.1487375927945;6045:4834.543017592795;2157:4838.731545592795;4817:4839.208329592795;456:4839.823209592795;5901:4840.578777592795;7605:4844.050473592794;2830:4844.2798655927945;1420:4855.984977592794;1084:4859.519961592794;7357:4864.104489592794;2826:4873.313793592794;2827:4882.523097592794;4225:4887.107625592795;2987:4889.046360563087
0,1,default_vehtype,boarding,True,4889.046360563087,4919.046360563087,2987;-1;-1,2987;-1;-1,0.0,0.8561713826663729,0.8561713826663729,0.0,,0,62,1,,62,,
0,4,default_vehtype,boarding,True,4860.0,4890.0,2966;-1;-1,2966;-1;-1,0.0,0.820509284578743,0.820509284578743,0.0,,0,64,1,64,,,
0,0,default_vehtype,route,False,4920,4956.179240432202,2981;-1;-1,2979;-1;-1,176.13052741122,0.943381536759506,0.9433639237067648,0.0,,0,,0,,,2981;6320;7278;2411;6281;2286;2287;6538;2979,2981:4920;6320:4923.373118854145;7278:4926.891878854145;2411:4932.726998854145;6281:4937.771113139859;2286:4942.538027425573;2287:4947.304941711287;6538:4952.349055997001;2979:4956.179240432202
0,0,default_vehtype,boarding,True,4956.179240432202,4986.179240432202,2979;-1;-1,2979;-1;-1,0.0,0.9433639237067648,0.9433639237067648,0.0,,0,66,1,66,,,
0,1,default_vehtype,boarding,True,4980.0,5010.0,2987;-1;-1,2987;-1;-1,0.0,0.8561713826663729,0.8561713826663729,0.0,,0,67,1,67,,,
0,4,default_vehtype,route,False,4890.0,5021.629335041171,2966;-1;-1,2992;-1;-1,1285.4828948015352,0.820509284578743,0.8203807362892628,0.0,,0,64,1,,,2966;2743;2631;2150;735;738;2470;734;1815;739;1724;1962;1910;164;1354;197;1311;7;1963;1308;482;7613;2611;1307;2876;1960;816;6786;5444;1716;2720;4210;2067;2063;1937;2992,2966:4890;2743:4897.8438282904;2631:4901.855256861829;2150:4918.7855425761145;735:4929.267714004686;738:4935.435542576115;2470:4936.385222576115;734:4936.594094576115;1815:4937.602310576115;739:4938.442838576115;1724:4954.900526576115;1962:4955.9573425761155;1910:4956.779582576116;164:4957.730774576116;1354:4958.687294576116;197:4960.896542576116;1311:4972.431302576116;7:4976.1262705761155;1963:4976.534726576116;1308:4976.895950576116;482:4981.450598576116;7613:4982.774750576116;2611:4986.671102576116;1307:4987.986830576116;2876:4990.653566576116;1960:4991.6378065761155;816:4999.169726576116;6786:5000.436710576116;5444:5010.973118576116;1716:5013.763478576116;2720:5014.510118576116;4210:5015.408390576116;2067:5016.308966576116;2063:5017.025222576116;1937:5020.295174576116;2992:5021.629335041171
0,4,default_vehtype,boarding,True,5021.629335041171,5051.629335041171,2992;-1;-1,2992;-1;-1,0.0,0.8203807362892628,0.8203807362892628,0,,0,64,1,,64,,
0,1,default_vehtype,route,False,5010.0,5137.425794066561,2987;-1;-1,2984;-1;-1,1389.2919531006646,0.8561713826663729,0.8560324534710628,0.0,,0,67,1,,,2987;4613;1084;7357;3525;6025;3063;6027;7362;2188;2186;5744;6033;5746;6031;146;2828;2376;3091;4274;880;3109;3874;4306;429;4313;68;7318;7325;3011;4;4345;1199;1204;2996;2984,2987:5010;4613:5011.596249029708;1084:5015.131233029708;7357:5019.715761029708;3525:5030.594601029708;6025:5032.336065029708;3063:5033.600745029708;6027:5034.902721029708;7362:5038.910961029708;2188:5045.574129029708;2186:5046.850401029708;5744:5048.8658250297085;6033:5050.235265029709;5746:5052.158673029709;6031:5053.650297029709;146:5054.611425029709;2828:5055.703233029709;2376:5061.205113029709;3091:5074.5268410297085;4274:5075.669769029709;880:5076.261105029709;3109:5078.111649029709;3874:5083.975929029709;4306:5096.091489029709;429:5097.493809029709;4313:5098.676769029709;68:5104.275129029709;7318:5110.943169029709;7325:5114.269929029709;3011:5118.280569029709;4:5123.065689029709;4345:5125.109169029709;1199:5129.099511886851;1204:5133.089854743994;2996:5135.133334743994;2984:5137.425794066561
0,2,default_vehtype,route,False,4980.0,5125.972914727823,2982;-1;-1,2986;-1;-1,1343.976219300734,0.5416847236423987,0.5415503260204687,0.0,,0,,0,,,2982;2809;7010;820;7498;276;2915;2661;7517;6201;7314;7529;2803;7558;2806;4344;2996;3013;7322;2804;3061;1173;3425;4304;793;118;3979;4275;103;6480;7360;2986,2982:4980;2809:4985.700967345425;7010:4988.608447345425;820:4990.589407345425;7498:4991.0574073454245;276:4991.169007345425;2915:5002.515007345424;2661:5009.748367345424;7517:5017.060327345424;6201:5017.921447345424;7314:5024.816767345424;7529:5032.0322473454235;2803:5039.587207345424;7558:5046.982207345424;2806:5054.8160473454245;4344:5056.019047345425;2996:5058.062527345425;3013:5062.847647345425;7322:5066.858287345425;2804:5070.185047345425;3061:5076.853087345425;1173:5082.451447345425;3425:5083.634407345425;4304:5085.036727345425;793:5097.152287345425;118:5103.016567345425;3979:5104.867111345425;4275:5105.458447345425;103:5106.601375345425;6480:5119.923103345425;7360:5125.424983345425;2986:5125.972914727823
0,2,default_vehtype,boarding,True,5125.972914727823,5155.972914727823,2986;-1;-1,2986;-1;-1,0.0,0.5415503260204687,0.5415503260204687,0.0,,0,68,1,68,,,
0,0,default_vehtype,route,False,4986.179240432202,5218.662732015098,2979;-1;-1,2993;-1;-1,3080.537518846917,0.9433639237067648,0.9430558699548801,0.0,,0,66,1,,,2979;2786;2307;3549;6384;4032;1804;4811;5237;608;459;2416;4011;5246;363;366;2314;2877;1748;2880;906;984;2268;1857;1806;1371;938;5442;4054;2205;1369;2047;3631;4079;4572;4577;778;3636;3639;3642;7178;5275;5297;5072;1464;2847;5825;4587;5794;3202;2065;2023;4203;537;18;5629;1068;2559;6740;1717;2067;2063;1937;6789;3895;5465;7450;2993,2979:4986.179240432202;2786:4988.184175997001;2307:4991.702935997001;3549:4997.340175997001;6384:4997.602015997001;4032:5000.823655997001;1804:5001.739567997001;4811:5003.422207997001;5237:5008.162687997002;608:5017.0287679970015;459:5017.358527997001;2416:5019.572167997001;4011:5020.236295997001;5246:5026.161463997001;363:5033.070151997002;366:5034.475231997002;2314:5035.620103997002;2877:5048.791207997002;1748:5049.909727997002;2880:5051.071519997002;906:5063.296831997001;984:5066.066527997002;2268:5066.814391997002;1857:5067.200311997001;1806:5067.862495997001;1371:5068.532671997001;938:5071.113799997001;5442:5080.834447997001;4054:5088.474439997001;2205:5094.226879997002;1369:5100.673039997002;2047:5101.616095997002;3631:5103.178927997002;4079:5104.246183997002;4572:5108.0446159970015;4577:5109.777295997002;778:5114.083615997001;3636:5115.087007997001;3639:5115.940135997001;3642:5117.003719997001;7178:5120.582119997001;5275:5125.091407997002;5297:5128.470223997002;5072:5128.700479997002;1464:5135.640991997002;2847:5136.711703997002;5825:5139.610351997002;4587:5141.890663997002;5794:5143.510807997002;3202:5147.632159997002;2065:5152.776415997002;2023:5158.334743997002;4203:5159.135527997002;537:5160.089527997002;18:5165.9570959970015;5629:5171.8065199970015;1068:5174.358919997001;2559:5181.409519997001;6740:5185.880143997;1717:5191.713871997;2067:5192.451655997;2063:5193.1679119969995;1937:5196.437863996999;6789:5206.974271996999;3895:5208.241255996999;5465:5215.773175996999;7450:5216.757415996999;2993:5218.662732015098
0,1,default_vehtype,boarding,True,5137.425794066561,5167.425794066561,2984;-1;-1,2984;-1;-1,0.0,0.8560324534710628,0.8560324534710628,0.0,,0,67,1,,67,,
0,0,default_vehtype,boarding,True,5218.662732015098,5248.662732015098,2993;-1;-1,2993;-1;-1,0.0,0.9430558699548801,0.9430558699548801,0.0,,0,66,1,,66,,
0,1,default_vehtype,route,False,5220.0,5264.908890042598,2984;-1;-1,2985;-1;-1,386.725802383677,0.8560324534710628,0.8559937808908245,0.0,,0,,0,,,2984;3012;7321;2804;3061;1173;3425;4304;793;118;3979;2985,2984:5220;3012:5222.4926606774325;7321:5226.503300677433;2804:5229.830060677433;3061:5236.498100677432;1173:5242.096460677432;3425:5243.279420677432;4304:5244.681740677433;793:5256.797300677433;118:5262.6615806774325;3979:5264.512124677432;2985:5264.908890042598
0,1,default_vehtype,boarding,True,5264.908890042598,5294.908890042598,2985;-1;-1,2985;-1;-1,0.0,0.8559937808908245,0.8559937808908245,0,,0,71,1,71,,,
0,2,default_vehtype,route,False,5155.972914727823,5381.351239810475,2986;-1;-1,2992;-1;-1,2665.0618483702333,0.5415503260204687,0.5412838198356317,0.0,,0,68,1,,,2986;3155;6029;5745;6035;5743;6038;6041;7365;6050;6068;6077;3629;4502;6912;2108;7370;7608;5900;3459;4818;5992;6047;5708;3884;3030;3347;7376;2207;3446;3720;5332;251;2711;3358;2296;5495;5697;5497;5500;670;5502;5512;5520;5531;6313;6632;6644;3793;6319;7102;3741;7384;6414;5446;2447;2571;42;2577;2566;3033;3036;2469;2404;2235;3762;5287;310;2280;1447;6261;3764;4397;4745;4182;4187;4191;4195;4202;4208;537;18;5629;1068;2559;6740;1717;2067;2063;1937;2992,2986:5155.972914727823;3155:5156.516791345425;6029:5157.477919345425;5745:5158.969543345425;6035:5160.892951345425;5743:5162.262391345425;6038:5164.277815345426;6041:5165.554087345426;7365:5172.217255345426;6050:5174.490799345425;6068:5178.717127345425;6077:5179.362823345425;3629:5180.920111345425;4502:5181.382999345425;6912:5186.531431345425;2108:5188.427839345424;7370:5194.954567345424;7608:5195.183959345424;5900:5198.655655345424;3459:5199.411223345423;4818:5200.0261033454235;5992:5200.502887345424;6047:5204.691415345424;5708:5206.085695345424;3884:5208.625279345424;3030:5209.123303345425;3347:5211.147511345424;7376:5211.582895345425;2207:5211.991783345425;3446:5214.815191345425;3720:5217.8448793454245;5332:5218.836319345424;251:5219.583895345424;2711:5220.721711345424;3358:5222.9367193454245;2296:5231.237719345425;5495:5231.454559345425;5697:5232.558319345425;5497:5233.255759345425;5500:5236.162999345424;670:5237.560399345424;5502:5239.907839345424;5512:5243.429599345423;5520:5245.883599345423;5531:5247.580519345423;6313:5248.605559345424;6632:5250.902599345424;6644:5252.473879345424;3793:5254.323079345424;6319:5255.238799345424;7102:5255.716879345424;3741:5256.256519345424;7384:5263.9155193454235;6414:5269.122679345423;5446:5271.390439345423;2447:5275.326559345423;2571:5282.915479345424;42:5287.583479345423;2577:5288.255959345423;2566:5296.855039345423;3033:5297.485999345424;3036:5299.7555593454235;2469:5303.347879345423;2404:5306.671399345423;2235:5307.954799345423;3762:5308.378231345423;5287:5308.917295345423;310:5311.707511345423;2280:5312.306623345423;1447:5312.752519345423;6261:5316.630511345423;3764:5317.636207345423;4397:5318.186863345423;4745:5318.413159345423;4182:5322.866935345423;4187:5325.5289913454235;4191:5326.267279345423;4195:5340.730567345423;4202:5341.733095345423;4208:5342.714743345423;537:5343.668743345423;18:5349.536311345422;5629:5355.385735345422;1068:5357.938135345422;2559:5364.988735345421;6740:5369.459359345421;1717:5375.293087345421;2067:5376.030871345421;2063:5376.74712734542;1937:5380.01707934542;2992:5381.351239810475
0,0,default_vehtype,route,False,5400.0,5405.864769547126,2993;-1;-1,2967;-1;-1,81.45513259898192,0.9430558699548801,0.9430477244416202,0.0,,0,,0,,,2993;4483;7446;1960;2967,2993:5400;4483:5400.761419981901;7446:5403.428155981901;1960:5404.412395981901;2967:5405.864769547126
0,0,default_vehtype,boarding,True,5405.864769547126,5435.864769547126,2967;-1;-1,2967;-1;-1,0.0,0.9430477244416202,0.9430477244416202,0.0,,0,72,1,72,,,
0,2,default_vehtype,boarding,True,5381.351239810475,5411.351239810475,2992;-1;-1,2992;-1;-1,0.0,0.5412838198356317,0.5412838198356317,0.0,,0,68,1,,68,,
0,0,default_vehtype,route,False,5435.864769547126,5460.0,2967;-1;-1,1711;98;0.080,335.2115340676797,0.9430477244416202,0.9430142032882135,0.0,,0,72,1,,,2967;3896;6788;5444;1716;2720;4210;1711,2967:5435.864769547126;3896:5441.944315981901;6788:5443.211299981901;5444:5453.747707981901;1716:5456.538067981901;2720:5457.284707981901;4210:5458.182979981902;1711:5459.312659981902
0,0,default_vehtype,route,False,5460,5493.796441029955,1711;98;0.080,2969;-1;-1,469.39501430493317,0.9430142032882135,0.942967263786783,0.0,,0,72,1,,,1711;98;2497;7434;2760;542;1074;336;2969,1711:5460;98:5467.928467981901;2497:5469.439099981902;7434:5476.646947981902;2760:5483.185483981902;542:5490.713587981902;1074:5491.6469959819015;336:5492.670115981901;2969:5493.796441029955
0,0,default_vehtype,boarding,True,5493.796441029955,5523.796441029955,2969;-1;-1,2969;-1;-1,0.0,0.942967263786783,0.942967263786783,0.0,,0,72;74,2,74,,,
0,1,default_vehtype,route,False,5294.908890042598,5546.79121024266,2985;-1;-1,2967;-1;-1,2621.8042250008402,0.8559937808908245,0.8557316004683243,0.0,,0,71,1,,,2985;1140;880;3109;3874;4306;429;3125;3406;2825;1944;130;99;4526;714;2800;4332;799;3653;3825;7127;1836;4248;5046;7138;6879;1367;3637;1339;1395;1399;835;1147;2412;836;1097;738;2470;734;1815;739;1724;1962;1910;164;1354;197;1311;7;1963;1308;482;7613;2611;1307;2876;1960;2967,2985:5294.908890042598;1140:5295.103460677433;880:5295.694796677433;3109:5297.545340677433;3874:5303.409620677433;4306:5315.525180677433;429:5316.927500677433;3125:5318.1810206774335;3406:5330.535380677434;2825:5333.005100677434;1944:5334.3164606774335;130:5336.704100677433;99:5337.184340677433;4526:5345.593940677433;714:5348.390780677433;2800:5350.397180677433;4332:5351.212820677433;799:5352.393740677433;3653:5356.989980677433;3825:5358.238580677433;7127:5401.798700677433;1836:5403.149660677433;4248:5417.694860677432;5046:5434.035380677432;7138:5435.673980677432;6879:5441.940380677433;1367:5453.433260677432;3637:5455.326380677432;1339:5456.318756677432;1395:5464.856084677433;1399:5466.996788677433;835:5470.573748677433;1147:5471.366324677433;2412:5472.174380677433;836:5473.173164677433;1097:5488.433924677433;738:5489.136572677434;2470:5490.086252677434;734:5490.295124677434;1815:5491.303340677434;739:5492.143868677434;1724:5508.601556677434;1962:5509.658372677434;1910:5510.480612677435;164:5511.431804677435;1354:5512.388324677435;197:5514.597572677435;1311:5526.1323326774345;7:5529.827300677434;1963:5530.235756677434;1308:5530.596980677435;482:5535.151628677435;7613:5536.475780677435;2611:5540.372132677435;1307:5541.687860677434;2876:5544.3545966774345;1960:5545.338836677434;2967:5546.79121024266
0,1,default_vehtype,boarding,True,5546.79121024266,5576.79121024266,2967;-1;-1,2967;-1;-1,0.0,0.8557316004683243,0.8557316004683243,0.0,,0,71,1,,71,,
0,0,default_vehtype,route,False,5523.796441029955,5703.052973127757,2969;-1;-1,2981;-1;-1,2390.4942727702673,0.942967263786783,0.9427282143595059,0.0,,0,72;74,2,,,2969;7192;1664;337;1075;5648;5759;205;5793;1407;5826;7411;4686;5074;5295;5274;7181;604;603;602;3851;4573;1400;971;598;1368;591;585;940;1370;939;1903;983;3921;840;2881;5099;2878;1735;2581;370;361;2874;1887;4059;910;6541;3462;3648;2851;2850;1801;1560;5242;922;6385;3550;2981,2969:5523.796441029955;7192:5527.400083981901;1664:5530.653979981901;337:5538.414211981901;1075:5539.438051981901;5648:5540.238835981901;5759:5545.797163981901;205:5550.9414199819;5793:5555.0627719819;1407:5556.682915981901;5826:5558.963227981901;7411:5561.861875981901;4686:5562.932587981901;5074:5569.873099981901;5295:5570.103355981901;5274:5573.482171981901;7181:5577.991459981901;604:5581.569859981902;603:5582.633443981902;602:5583.486571981902;3851:5584.489963981901;4573:5588.796283981901;1400:5590.528963981901;971:5594.327395981901;598:5595.394651981901;1368:5596.354987981901;591:5602.225939981901;585:5615.397187981901;940:5621.977051981901;1370:5629.003675981901;939:5629.700347981901;1903:5630.521939981902;983:5631.504451981901;3921:5635.3025959819015;840:5639.863435981902;2881:5646.494059981902;5099:5647.646923981902;2878:5648.774947981901;1735:5659.759267981901;2581:5661.098683981901;370:5662.681531981901;361:5665.178635981901;2874:5665.764643981901;1887:5671.420027981901;4059:5673.339331981901;910:5677.855531981901;6541:5678.519659981901;3462:5680.733299981901;3648:5681.063059981901;2851:5685.737299981901;2850:5686.670659981901;1801:5689.966339981901;1560:5694.706819981901;5242:5696.389459981901;922:5697.305371981902;6385:5700.5270119819015;3550:5700.788851981902;2981:5703.052973127757
0,0,default_vehtype,boarding,True,5703.052973127757,5733.052973127757,2981;-1;-1,2981;-1;-1,0.0,0.9427282143595059,0.9427282143595059,0.0,,0,72;74,2,,72,,
0,1,default_vehtype,route,False,5580.0,5734.035201572945,2967;-1;-1,2966;-1;-1,1352.74125658498,0.8557316004683243,0.8555963263426658,0.0,,0,,0,,,2967;3896;5466;7451;4482;6930;7615;3488;4485;5469;2998;901;1083;1355;1961;1962;1033;1559;1958;2907;636;1954;1949;186;333;2164;695;694;1041;1623;1383;2333;2966,2967:5580;3896:5586.079546434775;5466:5593.611466434775;7451:5594.595706434775;4482:5597.262442434775;6930:5598.578170434775;7615:5602.474522434774;3488:5603.7986744347745;4485:5608.353322434775;5469:5608.714546434775;2998:5609.123002434775;901:5610.3685304347755;1083:5613.158962434775;1355:5626.848250434775;1961:5627.830978434775;1962:5628.7698584347745;1033:5629.979314434774;1559:5636.363410434774;1958:5643.710434434774;2907:5644.334098434773;636:5647.1492264347735;1954:5647.759930434773;1949:5656.660066434773;186:5658.226210434774;333:5658.865930434774;2164:5659.482322434774;695:5664.189610434773;694:5667.358330434773;1041:5668.177258434773;1623:5672.56051557763;1383:5683.645944149059;2333:5723.799829863345;2966:5734.035201572945
0,0,default_vehtype,route,False,5733.052973127757,5769.232213559959,2981;-1;-1,2979;-1;-1,176.13052741122,0.9427282143595059,0.9427106013067649,0.0,,0,74,1,,,2981;6320;7278;2411;6281;2286;2287;6538;2979,2981:5733.052973127757;6320:5736.426091981902;7278:5739.944851981902;2411:5745.779971981901;6281:5750.824086267616;2286:5755.59100055333;2287:5760.357914839044;6538:5765.402029124758;2979:5769.232213559959
0,0,default_vehtype,boarding,True,5769.232213559959,5799.232213559959,2979;-1;-1,2979;-1;-1,0.0,0.9427106013067649,0.9427106013067649,0.0,,0,74,1,,74,,
0,1,default_vehtype,boarding,True,5734.035201572945,5764.035201572945,2966;-1;-1,2966;-1;-1,0.0,0.8555963263426658,0.8555963263426658,0.0,,0,82,1,82,,,
0,4,default_vehtype,route,False,5520.0,5801.250642839921,2992;-1;-1,2978;-1;-1,3456.225354415678,0.8203807362892628,0.8200351137538212,0.0,,0,,0,,,2992;2526;5444;1716;2720;4210;1711;98;2497;7434;2760;542;1074;4204;5649;5760;205;5793;1407;5826;7411;4686;5074;5295;5274;7181;604;603;602;3851;4573;1400;971;598;1368;591;585;940;1370;939;1903;983;3921;840;2881;5099;2878;1735;2581;370;361;2874;1887;4059;910;6541;3462;3648;2851;2850;1801;1560;5242;4277;5239;6501;3911;5389;7301;918;3075;7097;7290;2736;1744;1164;2789;1182;2978,2992:5520;2526:5529.202247534946;5444:5539.738655534946;1716:5542.529015534946;2720:5543.275655534946;4210:5544.173927534946;1711:5545.303607534946;98:5553.919415534946;2497:5555.430047534946;7434:5562.637895534946;2760:5569.1764315349465;542:5576.704535534946;1074:5577.637943534946;4204:5578.619591534946;5649:5579.420375534946;5760:5584.978703534946;205:5590.122959534946;5793:5594.244311534946;1407:5595.8644555349465;5826:5598.144767534946;7411:5601.043415534947;4686:5602.114127534946;5074:5609.054639534947;5295:5609.284895534946;5274:5612.663711534947;7181:5617.172999534947;604:5620.751399534947;603:5621.814983534948;602:5622.6681115349475;3851:5623.671503534947;4573:5627.977823534947;1400:5629.710503534947;971:5633.508935534946;598:5634.576191534947;1368:5635.536527534947;591:5641.407479534947;585:5654.578727534947;940:5661.158591534947;1370:5668.185215534947;939:5668.881887534947;1903:5669.703479534947;983:5670.685991534947;3921:5674.484135534947;840:5679.044975534947;2881:5685.675599534948;5099:5686.828463534947;2878:5687.956487534947;1735:5698.9408075349465;2581:5700.280223534946;370:5701.863071534946;361:5704.360175534946;2874:5704.946183534947;1887:5710.601567534946;4059:5712.520871534946;910:5717.037071534946;6541:5717.701199534947;3462:5719.914839534947;3648:5720.244599534946;2851:5724.9188395349465;2850:5725.8521995349465;1801:5729.147879534947;1560:5733.888359534947;5242:5735.570999534947;4277:5737.1590795349475;5239:5742.663719534948;6501:5748.626279534948;3911:5757.9811195349475;5389:5759.046959534948;7301:5759.300879534948;918:5760.443039534948;3075:5768.315999534948;7097:5769.165359534948;7290:5774.967479534948;2736:5783.685959534949;1744:5785.141199534949;1164:5796.249719534949;2789:5797.661519534949;1182:5798.578439534948;2978:5801.250642839921
0,2,default_vehtype,route,False,5580.0,5856.273998790857,2992;-1;-1,2975;-1;-1,3309.7077206735157,0.5412838198356317,0.5409528490635643,0.0,,0,,0,,,2992;2526;5444;1716;2720;4210;1711;98;2497;7434;2760;542;1074;1071;1070;1069;1067;1504;4396;710;2281;4664;6260;3300;1832;708;6180;2405;6169;2744;2567;2576;3077;3241;88;2758;2742;2448;2353;6140;7386;3742;7100;6318;737;6639;2446;2301;1992;1990;1988;1985;3729;5498;5496;5699;5494;6307;374;7114;3246;5330;661;445;6080;7381;364;3029;3886;5711;6045;2157;4817;456;5901;7605;2830;5852;6913;1321;597;2204;6066;6049;7367;2188;2186;5744;6033;5746;6031;146;2828;2376;3091;4274;880;3109;3874;2975,2992:5580;2526:5589.202247534946;5444:5599.738655534946;1716:5602.529015534946;2720:5603.275655534946;4210:5604.173927534946;1711:5605.303607534946;98:5613.919415534946;2497:5615.430047534946;7434:5622.637895534946;2760:5629.1764315349465;542:5636.704535534946;1074:5637.637943534946;1071:5638.640471534946;1070:5653.103759534946;1069:5653.842047534946;1067:5656.504103534946;1504:5660.957879534946;4396:5661.184175534946;710:5661.734831534946;2281:5662.7405275349465;4664:5666.618519534946;6260:5667.064415534946;3300:5667.663527534946;1832:5670.453743534947;708:5670.992807534946;6180:5671.416239534946;2405:5673.6386395349455;6169:5677.115759534945;2744:5681.716319534945;2567:5683.559279534945;2576:5692.047839534945;3077:5694.180479534944;3241:5697.309359534945;88:5699.236199534945;2758:5701.199639534945;2742:5701.606079534945;2448:5704.791719534945;2353:5710.992599534945;6140:5716.163639534945;7386:5717.5060795349455;3742:5725.165079534945;7100:5725.704719534945;6318:5726.182799534945;737:5727.098519534945;6639:5728.947719534945;2446:5730.518999534945;2301:5732.816039534945;1992:5733.8410795349455;1990:5735.537999534946;1988:5737.9919995349455;1985:5741.513759534945;3729:5743.861199534945;5498:5745.258599534945;5496:5748.165839534944;5699:5748.863279534944;5494:5749.967039534944;6307:5750.183879534944;374:5758.484879534944;7114:5760.6998875349445;3246:5761.837703534945;5330:5762.585279534945;661:5763.5767195349445;445:5766.606407534944;6080:5769.429815534944;7381:5769.838703534944;364:5770.274087534945;3029:5772.298295534944;3886:5772.796319534945;5711:5775.335903534945;6045:5776.730183534945;2157:5780.918711534945;4817:5781.395495534945;456:5782.0103755349455;5901:5782.765943534945;7605:5786.237639534945;2830:5786.467031534945;5852:5792.993759534945;6913:5794.890167534944;1321:5800.038599534944;597:5800.501487534944;2204:5802.058775534944;6066:5802.704471534944;6049:5806.930799534944;7367:5809.204343534943;2188:5815.867511534943;2186:5817.143783534943;5744:5819.159207534944;6033:5820.528647534944;5746:5822.452055534944;6031:5823.943679534944;146:5824.904807534944;2828:5825.996615534944;2376:5831.498495534944;3091:5844.820223534944;4274:5845.963151534944;880:5846.554487534944;3109:5848.405031534944;3874:5854.269311534944;2975:5856.273998790857
0,4,default_vehtype,boarding,True,5801.250642839921,5831.250642839921,2978;-1;-1,2978;-1;-1,0.0,0.8200351137538212,0.8200351137538212,0.0,,0,80,1,80,,,
0,2,default_vehtype,boarding,True,5856.273998790857,5886.273998790857,2975;-1;-1,2975;-1;-1,0.0,0.5409528490635643,0.5409528490635643,0.0,,0,83,1,83,,,
0,2,default_vehtype,route,False,5886.273998790857,5929.4490381642845,2975;-1;-1,2976;-1;-1,359.7919947785567,0.5409528490635643,0.5409168698640865,0.0,,0,83,1,,,2975;1166;429;4313;68;7318;7325;3011;4;4345;7330;2976,2975:5886.273998790857;1166:5896.384871534944;429:5897.787191534944;4313:5898.970151534944;68:5904.568511534944;7318:5911.236551534944;7325:5914.563311534944;3011:5918.573951534944;4:5923.359071534944;4345:5925.402551534944;7330:5926.605551534944;2976:5929.4490381642845
0,1,default_vehtype,route,False,5764.035201572945,5945.004639415647,2966;-1;-1,2970;-1;-1,1660.3445869925656,0.8555963263426658,0.8554302918839666,0.0,,0,82,1,,,2966;2743;2631;2150;735;738;1096;3736;81;831;2413;1146;832;1880;1340;3638;3641;7177;5275;5297;5072;1464;2847;5825;4587;5794;3202;2065;2023;4203;4198;336;2759;1664;1659;4844;3270;4850;6823;1946;7401;3560;2970,2966:5764.035201572945;2743:5771.879029863345;2631:5775.890458434774;2150:5792.8207441490595;735:5803.302915577631;738:5809.47074414906;1096:5819.009715577631;3736:5819.272731577631;81:5823.121635577631;831:5833.968219577631;2413:5834.9559155776315;1146:5835.7692995776315;832:5836.577715577631;1880:5839.175403577631;1340:5850.708219577631;3638:5851.694691577631;3641:5852.758275577631;7177:5856.3366755776315;5275:5860.845963577632;5297:5864.224779577632;5072:5864.455035577632;1464:5871.395547577632;2847:5872.466259577632;5825:5875.364907577632;4587:5877.645219577632;5794:5879.265363577632;3202:5883.3867155776325;2065:5888.530971577632;2023:5894.089299577632;4203:5894.890083577632;4198:5895.871731577632;336:5896.894851577632;2759:5901.624819577632;1664:5904.878715577632;1659:5909.638275577632;4844:5921.910795577633;3270:5923.783875577633;4850:5929.3369955776325;6823:5936.817315577632;1946:5941.070595577632;7401:5942.2696355776325;3560:5943.345195577633;2970:5945.004639415647
0,1,default_vehtype,boarding,True,5945.004639415647,5975.004639415647,2970;-1;-1,2970;-1;-1,0.0,0.8554302918839666,0.8554302918839666,0.0,,0,82,1,,82,,
0,2,default_vehtype,boarding,True,5929.4490381642845,5959.4490381642845,2976;-1;-1,2976;-1;-1,0.0,0.5409168698640865,0.5409168698640865,0.0,,0,83,1,,83,,
0,4,default_vehtype,route,False,5831.250642839921,6101.159595553045,2978;-1;-1,2993;-1;-1,3392.4163615988246,0.8200351137538212,0.8196958721176614,0.0,,0,80,1,,,2978;4103;6297;1434;3820;3877;2787;4993;6537;7281;2307;3549;6384;4032;1804;4811;5237;608;459;2416;4011;5246;363;366;2314;2877;1748;2880;906;984;2268;1857;1806;1371;938;5442;4054;2205;1369;2047;3631;4079;4572;4577;778;3636;3639;3642;7178;5275;5297;5072;1464;2847;5825;4587;5794;3202;2065;2023;4203;537;18;5629;1068;2559;6740;1717;2067;2063;1937;6789;3895;5465;7450;2993,2978:5831.250642839921;4103:5833.869599534949;6297:5836.228919534949;1434:5842.187999534948;3820:5847.296639534949;3877:5849.204519534948;2787:5857.997039534948;4993:5859.046079534948;6537:5864.845919534948;7281:5870.681039534948;2307:5874.1997995349475;3549:5879.8370395349475;6384:5880.098879534948;4032:5883.320519534947;1804:5884.236431534948;4811:5885.919071534948;5237:5890.659551534948;608:5899.525631534948;459:5899.855391534948;2416:5902.0690315349475;4011:5902.733159534948;5246:5908.658327534948;363:5915.567015534948;366:5916.9720955349485;2314:5918.116967534948;2877:5931.288071534948;1748:5932.406591534948;2880:5933.568383534948;906:5945.793695534948;984:5948.563391534948;2268:5949.311255534948;1857:5949.697175534948;1806:5950.3593595349475;1371:5951.029535534947;938:5953.610663534947;5442:5963.331311534947;4054:5970.971303534948;2205:5976.723743534948;1369:5983.169903534948;2047:5984.1129595349485;3631:5985.675791534948;4079:5986.743047534948;4572:5990.541479534948;4577:5992.274159534948;778:5996.580479534948;3636:5997.583871534947;3639:5998.436999534947;3642:5999.5005835349475;7178:6003.078983534948;5275:6007.588271534948;5297:6010.967087534948;5072:6011.197343534948;1464:6018.137855534948;2847:6019.208567534948;5825:6022.107215534948;4587:6024.387527534948;5794:6026.007671534949;3202:6030.129023534949;2065:6035.273279534948;2023:6040.8316075349485;4203:6041.6323915349485;537:6042.586391534948;18:6048.453959534948;5629:6054.303383534948;1068:6056.8557835349475;2559:6063.906383534947;6740:6068.377007534947;1717:6074.210735534946;2067:6074.948519534946;2063:6075.664775534946;1937:6078.9347275349455;6789:6089.4711355349455;3895:6090.738119534945;5465:6098.270039534946;7450:6099.254279534945;2993:6101.159595553045
0,4,default_vehtype,boarding,True,6101.159595553045,6131.159595553045,2993;-1;-1,2993;-1;-1,0.0,0.8196958721176614,0.8196958721176614,0,,0,80,1,,80,,
0,3,default_vehtype,boarding,True,6420,6450,2992;-1;-1,2992;-1;-1,0.0,0.7637961851640799,0.7637961851640799,0,,0,89,1,89,,,
0,3,default_vehtype,route,False,6450,6648.06309279929,2992;-1;-1,2980;-1;-1,2377.795994888241,0.7637961851640799,0.763558405564591,0.0,,0,89,1,,,2992;2526;5444;1716;2720;4210;1711;98;2497;7434;2760;542;1074;4204;5649;5760;205;5793;1407;5826;7411;4686;5074;5295;5274;7181;604;603;602;3851;4573;1400;971;598;1368;591;585;940;1370;939;1903;983;3921;840;2881;5099;1157;2058;2092;915;2980,2992:6450;2526:6459.202247534946;5444:6469.738655534946;1716:6472.529015534946;2720:6473.275655534946;4210:6474.173927534946;1711:6475.303607534946;98:6483.919415534946;2497:6485.430047534946;7434:6492.637895534946;2760:6499.1764315349465;542:6506.704535534946;1074:6507.637943534946;4204:6508.619591534946;5649:6509.420375534946;5760:6514.978703534946;205:6520.122959534946;5793:6524.244311534946;1407:6525.8644555349465;5826:6528.144767534946;7411:6531.043415534947;4686:6532.114127534946;5074:6539.054639534947;5295:6539.284895534946;5274:6542.663711534947;7181:6547.172999534947;604:6550.751399534947;603:6551.814983534948;602:6552.6681115349475;3851:6553.671503534947;4573:6557.977823534947;1400:6559.710503534947;971:6563.508935534946;598:6564.576191534947;1368:6565.536527534947;591:6571.407479534947;585:6584.578727534947;940:6591.158591534947;1370:6598.185215534947;939:6598.881887534947;1903:6599.703479534947;983:6600.685991534947;3921:6604.484135534947;840:6609.044975534947;2881:6615.675599534948;5099:6616.828463534947;1157:6621.56760639209;2058:6627.357434963518;2092:6630.7465778206615;915:6635.864749249233;2980:6648.06309279929
0,3,default_vehtype,boarding,True,6648.06309279929,6678.06309279929,2980;-1;-1,2980;-1;-1,0.0,0.763558405564591,0.763558405564591,0,,0,89,1,,89,,
0,1,default_vehtype,route,False,6600.0,6742.897444851321,2970;-1;-1,2973;-1;-1,1435.309866479551,0.8554302918839666,0.8552867608973187,0.0,,0,,0,,,2970;671;662;7398;3491;6933;7394;6989;7392;5704;7389;3806;2573;885;316;2042;1982;6306;374;7114;3246;5330;661;445;6080;7381;364;3029;3886;5711;6045;2157;4817;456;5901;7605;2830;1420;1084;2973,2970:6600;671:6601.0301161619855;662:6623.479836161985;7398:6626.999076161985;3491:6633.323796161984;6933:6634.235556161984;7394:6639.5971561619845;6989:6640.1915161619845;7392:6649.402596161985;5704:6651.767676161984;7389:6666.305916161984;3806:6670.370316161984;2573:6671.438316161984;885:6672.0416761619845;316:6678.868836161984;2042:6689.607276161984;1982:6690.369996161984;6306:6690.586836161984;374:6698.8878361619845;7114:6701.102844161985;3246:6702.240660161985;5330:6702.988236161985;661:6703.979676161985;445:6707.009364161984;6080:6709.832772161984;7381:6710.241660161984;364:6710.677044161985;3029:6712.7012521619845;3886:6713.199276161985;5711:6715.738860161985;6045:6717.1331401619855;2157:6721.321668161985;4817:6721.798452161986;456:6722.413332161986;5901:6723.168900161985;7605:6726.640596161985;2830:6726.869988161985;1420:6738.575100161985;1084:6742.110084161985;2973:6742.897444851321
0,1,default_vehtype,boarding,True,6742.897444851321,6772.897444851321,2973;-1;-1,2973;-1;-1,0.0,0.8552867608973187,0.8552867608973187,0.0,,0,91,1,91,,,
0,4,default_vehtype,route,False,6660.0,6797.534179120071,2993;-1;-1,2966;-1;-1,1123.5603891839621,0.8196958721176614,0.819583516078743,0.0,,0,,0,,,2993;4483;6931;7616;3488;4485;5469;2998;901;1083;1355;1961;1962;1033;1559;1958;2907;636;1954;1949;186;333;2164;695;694;1041;1623;1383;2333;2966,2993:6660;4483:6660.761419981901;6931:6662.0771479819;7616:6665.9734999819;3488:6667.2976519819;4485:6671.852299981901;5469:6672.213523981901;2998:6672.621979981901;901:6673.867507981901;1083:6676.657939981901;1355:6690.347227981901;1961:6691.329955981901;1962:6692.2688359819;1033:6693.4782919819;1559:6699.8623879819;1958:6707.209411981899;2907:6707.833075981899;636:6710.648203981899;1954:6711.258907981899;1949:6720.159043981899;186:6721.7251879819;333:6722.3649079819;2164:6722.9812999819;695:6727.688587981899;694:6730.857307981899;1041:6731.676235981899;1623:6736.059493124756;1383:6747.144921696185;2333:6787.2988074104705;2966:6797.534179120071
0,4,default_vehtype,boarding,True,6797.534179120071,6827.534179120071,2966;-1;-1,2966;-1;-1,0.0,0.819583516078743,0.819583516078743,0.0,,0,93,1,93,,,
0,4,default_vehtype,route,False,6827.534179120071,6840.0,2966;-1;-1,2631;2150;0.036,24.239096155416583,0.819583516078743,0.8195810921691274,0.0,,0,93,1,,,2966;2743;2631,2966:6827.534179120071;2743:6835.378007410471;2631:6839.3894359819
0,2,default_vehtype,route,False,6840.0,6903.272022735826,2976;-1;-1,2985;-1;-1,539.7519081605719,0.5409168698640865,0.5408628946732704,0.0,,0,,0,,,2976;7557;2806;4344;2996;3013;7322;2804;3061;1173;3425;4304;793;118;3979;2985,2976:6840;7557:6844.99035337066;2806:6852.82419337066;4344:6854.027193370661;2996:6856.070673370661;3013:6860.855793370661;7322:6864.866433370661;2804:6868.193193370661;3061:6874.861233370661;1173:6880.4595933706605;3425:6881.642553370661;4304:6883.044873370661;793:6895.160433370661;118:6901.024713370661;3979:6902.875257370661;2985:6903.272022735826
0,2,default_vehtype,boarding,True,6903.272022735826,6933.272022735826,2985;-1;-1,2985;-1;-1,0.0,0.5408628946732704,0.5408628946732704,0.0,,0,95,1,95,,,
0,1,default_vehtype,route,False,6772.897444851321,6962.110732816562,2973;-1;-1,2982;-1;-1,1922.294373658451,0.8552867608973187,0.855094531459953,0.0,,0,91,1,,,2973;7354;3525;6025;3063;6027;7362;2188;2186;5744;6033;5746;6031;146;2828;2376;3091;4274;880;3109;3874;4306;429;3125;3406;2825;1944;130;99;4526;714;2800;4339;2419;5404;5421;1925;1883;926;925;5399;1905;830;2795;918;3075;7097;7290;2736;1744;1164;2789;1218;2982,2973:6772.897444851321;7354:6776.694612161985;3525:6787.573452161985;6025:6789.314916161985;3063:6790.579596161985;6027:6791.881572161985;7362:6795.889812161985;2188:6802.552980161985;2186:6803.829252161985;5744:6805.844676161985;6033:6807.214116161986;5746:6809.137524161985;6031:6810.6291481619855;146:6811.5902761619855;2828:6812.682084161986;2376:6818.183964161985;3091:6831.505692161985;4274:6832.6486201619855;880:6833.239956161986;3109:6835.090500161986;3874:6840.954780161986;4306:6853.070340161986;429:6854.472660161986;3125:6855.726180161986;3406:6868.080540161986;2825:6870.550260161986;1944:6871.861620161986;130:6874.249260161986;99:6874.729500161986;4526:6883.139100161986;714:6885.935940161986;2800:6887.942340161986;4339:6889.436100161986;2419:6894.0451801619865;5404:6898.272060161987;5421:6899.377380161986;1925:6899.520660161987;1883:6900.557940161986;926:6904.810500161986;925:6907.754820161986;5399:6917.059620161986;1905:6918.386220161986;830:6919.563060161986;2795:6920.746740161986;918:6921.888900161986;3075:6929.761860161986;7097:6930.611220161986;7290:6936.4133401619865;2736:6945.131820161987;1744:6946.587060161987;1164:6957.695580161987;2789:6959.107380161987;1218:6960.230580161987;2982:6962.110732816562
0,1,default_vehtype,boarding,True,6962.110732816562,6992.110732816562,2982;-1;-1,2982;-1;-1,0.0,0.855094531459953,0.855094531459953,0.0,,0,91,1,,91,,
0,2,default_vehtype,route,False,6933.272022735826,6995.943864340954,2985;-1;-1,2987;-1;-1,870.4422445156584,0.5408628946732704,0.5407758504488189,0.0,,0,95,1,,,2985;1140;103;6480;7360;3154;6028;5745;6035;5743;6038;6041;7365;2179;3064;6023;3524;7356;4225;2987,2985:6933.272022735826;1140:6933.466593370661;103:6934.609521370661;6480:6947.931249370661;7360:6953.433129370661;3154:6954.524937370661;6028:6955.486065370661;5745:6956.977689370661;6035:6958.901097370661;5743:6960.270537370661;6038:6962.285961370661;6041:6963.5622333706615;7365:6970.2254013706615;2179:6974.233641370662;3064:6975.535617370661;6023:6976.800297370662;3524:6978.541761370661;7356:6989.420601370662;4225:6994.005129370662;2987:6995.943864340954
0,4,default_vehtype,route,False,6840.0,6961.16336019413,2631;2150;0.036,2991;-1;-1,1175.0817237060962,0.8195810921691274,0.8194635839967569,0.0,,0,93,1,,,2631;2150;735;738;1096;3736;81;831;2413;1146;832;1880;1340;3638;3641;7177;5275;5297;5072;1464;2847;5825;4587;5794;3202;2065;2023;4203;537;2991,2631:6840;2150:6856.319721696185;735:6866.801893124757;738:6872.969721696186;1096:6882.508693124757;3736:6882.771709124757;81:6886.620613124757;831:6897.467197124757;2413:6898.454893124757;1146:6899.268277124757;832:6900.076693124757;1880:6902.674381124757;1340:6914.207197124757;3638:6915.1936691247565;3641:6916.257253124757;7177:6919.835653124757;5275:6924.3449411247575;5297:6927.723757124758;5072:6927.954013124758;1464:6934.894525124758;2847:6935.965237124758;5825:6938.863885124758;4587:6941.144197124758;5794:6942.764341124758;3202:6946.885693124758;2065:6952.029949124758;2023:6957.588277124758;4203:6958.389061124758;537:6959.343061124758;2991:6961.16336019413
0,4,default_vehtype,boarding,True,6961.16336019413,6991.16336019413,2991;-1;-1,2991;-1;-1,0.0,0.8194635839967569,0.8194635839967569,0.0,,0,93;96,2,96,,,
0,0,default_vehtype,route,False,6900.0,7036.074027908422,2979;-1;-1,2976;-1;-1,1082.9625182844873,0.9427106013067649,0.9426023050549365,0.0,,0,,0,,,2979;2786;2411;1661;7283;796;751;4635;6299;4102;4325;7285;1218;7334;7010;820;7498;276;2915;2661;7517;6201;7314;7529;2803;7558;2806;4344;1199;1204;7329;2976,2979:6900;2786:6902.004935564799;2411:6907.840055564799;1661:6913.639895564798;7283:6914.688935564798;796:6923.481455564798;751:6925.389335564798;4635:6930.497975564798;6299:6936.457055564798;4102:6938.816375564797;4325:6944.107535564797;7285:6945.024455564797;1218:6946.147655564797;7334:6953.728775564797;7010:6956.636255564797;820:6958.617215564796;7498:6959.085215564796;276:6959.196815564796;2915:6970.542815564796;2661:6977.776175564796;7517:6985.088135564796;6201:6985.949255564796;7314:6992.844575564795;7529:7000.060055564795;2803:7007.615015564796;7558:7015.010015564796;2806:7022.843855564796;4344:7024.046855564797;1199:7028.037198421939;1204:7032.027541279082;7329:7033.230541279082;2976:7036.074027908422
0,0,default_vehtype,boarding,True,7036.074027908422,7066.074027908422,2976;-1;-1,2976;-1;-1,0.0,0.9426023050549365,0.9426023050549365,0.0,,0,98,1,98,,,
0,2,default_vehtype,boarding,True,6995.943864340954,7025.943864340954,2987;-1;-1,2987;-1;-1,0.0,0.5407758504488189,0.5407758504488189,0.0,,0,95,1,,95,,
0,2,default_vehtype,route,False,7140.0,7171.62247258673,2987;-1;-1,2988;-1;-1,439.20100814900826,0.5407758504488189,0.540731930348004,0.0,,0,,0,,,2987;4613;7368;7606;5900;3459;4818;5992;6047;5708;3884;3030;3347;7376;2207;2988,2987:7140;4613:7141.596249029708;7368:7153.301361029708;7606:7153.530753029708;5900:7157.002449029707;3459:7157.758017029707;4818:7158.372897029707;5992:7158.849681029707;6047:7163.038209029707;5708:7164.4324890297075;3884:7166.972073029708;3030:7167.470097029708;3347:7169.494305029708;7376:7169.929689029708;2207:7170.338577029708;2988:7171.62247258673
0,0,default_vehtype,route,False,7066.074027908422,7250.637945096089,2976;-1;-1,2972;-1;-1,2043.1305057059735,0.9426023050549365,0.9423979920043658,0.0,,0,98,1,,,2976;7557;2806;4344;2996;3013;7322;2804;3061;1173;3425;4304;793;118;3979;4275;103;6480;7360;3154;6028;5745;6035;5743;6038;6041;7365;6050;6068;6077;3629;4502;6912;2108;7370;7608;5900;3459;4818;5992;6047;5708;3884;3030;3347;7376;2207;3446;3720;5332;251;2711;3358;2296;5681;2294;2035;6308;374;7114;3246;5330;661;445;2972,2976:7066.074027908422;7557:7071.064381279082;2806:7078.8982212790825;4344:7080.101221279083;2996:7082.144701279083;3013:7086.929821279083;7322:7090.940461279083;2804:7094.267221279083;3061:7100.935261279083;1173:7106.533621279083;3425:7107.716581279083;4304:7109.118901279083;793:7121.234461279083;118:7127.098741279083;3979:7128.949285279083;4275:7129.540621279083;103:7130.683549279083;6480:7144.005277279083;7360:7149.507157279083;3154:7150.598965279083;6028:7151.560093279083;5745:7153.051717279083;6035:7154.975125279083;5743:7156.344565279083;6038:7158.3599892790835;6041:7159.636261279084;7365:7166.299429279084;6050:7168.572973279083;6068:7172.799301279083;6077:7173.444997279083;3629:7175.002285279083;4502:7175.465173279083;6912:7180.613605279083;2108:7182.510013279082;7370:7189.036741279082;7608:7189.266133279082;5900:7192.737829279082;3459:7193.493397279081;4818:7194.108277279081;5992:7194.585061279082;6047:7198.7735892790815;5708:7200.167869279082;3884:7202.707453279082;3030:7203.2054772790825;3347:7205.229685279082;7376:7205.665069279083;2207:7206.073957279083;3446:7208.897365279083;3720:7211.927053279082;5332:7212.918493279082;251:7213.666069279082;2711:7214.803885279082;3358:7217.0188932790825;2296:7225.319893279083;5681:7227.713893279083;2294:7229.045378993369;2035:7230.376864707655;6308:7232.770864707655;374:7241.071864707656;7114:7243.286872707656;3246:7244.424688707656;5330:7245.172264707656;661:7246.163704707656;445:7249.193392707655;2972:7250.637945096089
0,2,default_vehtype,boarding,True,7171.62247258673,7201.62247258673,2988;-1;-1,2988;-1;-1,0.0,0.540731930348004,0.540731930348004,0.0,,0,99,1,99,,,
0,4,default_vehtype,route,False,6991.16336019413,7212.846770791287,2991;-1;-1,2974;-1;-1,2595.221591627219,0.8194635839967569,0.8192040618375941,0.0,,0,93;96,2,,,2991;3010;5631;1068;2867;2760;542;1074;1071;1070;1069;1067;1504;4396;710;2281;4664;6260;3300;1832;708;6180;2405;6169;2744;2567;2576;3077;3241;88;2758;2742;2448;2353;6140;7386;3742;7100;6318;737;6639;2446;2301;1992;1990;1988;1985;3729;5498;5496;5699;5494;6307;374;7114;3246;5330;661;445;6080;7381;364;3029;3886;5711;6045;2157;4817;456;5901;7605;2830;5852;6913;1321;597;2204;6066;6049;7367;2188;2186;5744;6033;5746;6031;146;2828;2974,2991:6991.16336019413;3010:6995.210629124757;5631:7001.060053124757;1068:7003.612453124757;2867:7004.486749124757;2760:7011.025285124757;542:7018.553389124757;1074:7019.486797124757;1071:7020.489325124757;1070:7034.952613124757;1069:7035.690901124756;1067:7038.352957124756;1504:7042.806733124757;4396:7043.0330291247565;710:7043.583685124757;2281:7044.589381124757;4664:7048.467373124757;6260:7048.913269124757;3300:7049.512381124757;1832:7052.302597124757;708:7052.841661124757;6180:7053.265093124756;2405:7055.487493124756;6169:7058.9646131247555;2744:7063.565173124755;2567:7065.408133124755;2576:7073.896693124755;3077:7076.029333124755;3241:7079.158213124755;88:7081.085053124755;2758:7083.048493124756;2742:7083.454933124755;2448:7086.640573124755;2353:7092.841453124755;6140:7098.012493124756;7386:7099.354933124756;3742:7107.013933124756;7100:7107.5535731247555;6318:7108.031653124755;737:7108.947373124755;6639:7110.796573124755;2446:7112.367853124755;2301:7114.6648931247555;1992:7115.689933124756;1990:7117.386853124756;1988:7119.840853124756;1985:7123.362613124756;3729:7125.710053124755;5498:7127.107453124755;5496:7130.014693124755;5699:7130.7121331247545;5494:7131.815893124754;6307:7132.0327331247545;374:7140.333733124755;7114:7142.548741124755;3246:7143.686557124755;5330:7144.434133124755;661:7145.425573124755;445:7148.4552611247545;6080:7151.278669124755;7381:7151.687557124755;364:7152.122941124755;3029:7154.147149124755;3886:7154.645173124755;5711:7157.184757124755;6045:7158.579037124756;2157:7162.7675651247555;4817:7163.244349124756;456:7163.859229124756;5901:7164.614797124756;7605:7168.086493124755;2830:7168.315885124755;5852:7174.842613124755;6913:7176.739021124755;1321:7181.887453124755;597:7182.350341124755;2204:7183.907629124755;6066:7184.553325124754;6049:7188.779653124754;7367:7191.053197124754;2188:7197.716365124754;2186:7198.992637124754;5744:7201.008061124754;6033:7202.377501124754;5746:7204.300909124754;6031:7205.792533124754;146:7206.753661124754;2828:7207.845469124754;2974:7212.846770791287
0,4,default_vehtype,boarding,True,7212.846770791287,7242.846770791287,2974;-1;-1,2974;-1;-1,0.0,0.8192040618375941,0.8192040618375941,0.0,,0,93;96,2,,93,,
0,0,default_vehtype,boarding,True,7250.637945096089,7280.637945096089,2972;-1;-1,2972;-1;-1,0.0,0.9423979920043658,0.9423979920043658,0.0,,0,98,1,,98,,
0,2,default_vehtype,route,False,7201.62247258673,7288.245437761547,2988;-1;-1,2971;-1;-1,775.530490028943,0.540731930348004,0.5406543772990012,0.0,,0,99,1,,,2988;3447;3721;5333;251;2711;3358;2296;5495;5696;3307;3987;2396;886;808;1372;807;1375;108;1376;1380;373;2390;7391;5704;7389;2971,2988:7201.62247258673;3447:7203.161985029708;3721:7206.191673029708;5333:7207.183113029708;251:7207.9306890297075;2711:7209.068505029708;3358:7211.283513029708;2296:7219.584513029708;5495:7219.8013530297085;5696:7220.564073029708;3307:7231.302513029708;3987:7238.129673029708;2396:7239.435633029708;886:7245.073233029708;808:7245.539433029708;1372:7246.402353029707;807:7247.506233029707;1375:7249.190433029707;108:7251.330873029707;1376:7253.131113029706;1380:7255.147713029706;373:7264.708713029706;2390:7267.253433029706;7391:7268.654073029706;5704:7271.019153029705;7389:7285.557393029705;2971:7288.245437761547
0,2,default_vehtype,boarding,True,7288.245437761547,7318.245437761547,2971;-1;-1,2971;-1;-1,0.0,0.5406543772990012,0.5406543772990012,0.0,,0,99,1,,99,,
0,4,default_vehtype,route,False,7242.846770791287,7370.065614021493,2974;-1;-1,2983;-1;-1,1071.1849319455903,0.8192040618375941,0.8190969433443995,0.0,,0,96,1,,,2974;6479;3091;4274;880;3109;3874;4306;429;4313;68;7318;7325;3011;4;4345;7330;7562;7316;7531;2802;2251;7515;4311;2918;1172;2919;6201;7314;2983,2974:7242.846770791287;6479:7243.347349124754;3091:7256.669077124754;4274:7257.812005124754;880:7258.403341124755;3109:7260.253885124755;3874:7266.118165124754;4306:7278.2337251247545;429:7279.636045124755;4313:7280.819005124755;68:7286.417365124755;7318:7293.085405124754;7325:7296.412165124754;3011:7300.422805124755;4:7305.207925124754;4345:7307.2514051247545;7330:7308.454405124755;7562:7316.288245124755;7316:7323.683245124756;7531:7331.238205124756;2802:7338.453685124756;2251:7345.349005124755;7515:7346.210125124755;4311:7350.960067981898;2918:7352.915382267612;1172:7354.870696553326;2919:7359.620639410468;6201:7360.481759410468;7314:7367.377079410468;2983:7370.065614021493
0,4,default_vehtype,boarding,True,7370.065614021493,7400.065614021493,2983;-1;-1,2983;-1;-1,0.0,0.8190969433443995,0.8190969433443995,0.0,,0,96,1,,96,,
