operator_id,vehicle_id,vehicle_type,status,locked,start_time,end_time,start_pos,end_pos,driven_distance,start_soc,end_soc,charging_power,charging_unit,toll,rq_on_board,occupancy,rq_boarding,rq_alighting,route,trajectory
0,5,default_vehtype,route,False,60,117.93167148282812,2967;-1;-1,2969;-1;-1,804.6065483726129,0.5435646498507704,0.5434841891959331,0.0,,0,,0,,,2967;3896;6788;5444;1716;2720;4210;1711;98;2497;7434;2760;542;1074;336;2969,2967:60;3896:66.0795464347745;6788:67.3465304347745;5444:77.88293843477449;1716:80.6732984347745;2720:81.4199384347745;4210:82.3182104347745;1711:83.4478904347745;98:92.0636984347745;2497:93.5743304347745;7434:100.7821784347745;2760:107.32071443477449;542:114.84881843477449;1074:115.78222643477449;336:116.80534643477449;2969:117.93167148282812
0,6,default_vehtype,boarding,True,60,90.0,2988;-1;-1,2988;-1;-1,0.0,0.7644474598764522,0.7644474598764522,0.0,,0,2,1,2,,,
0,2,default_vehtype,route,False,120.0,156.1792404322035,2981;-1;-1,2979;-1;-1,176.13052741122,0.9627983191463305,0.9627807060935893,0.0,,0,,0,,,2981;6320;7278;2411;6281;2286;2287;6538;2979,2981:120;6320:123.37311885414516;7278:126.89187885414516;2411:132.72699885414517;6281:137.77111313985944;2286:142.53802742557372;2287:147.304941711288;6538:152.34905599700227;2979:156.1792404322035
0,4,default_vehtype,route,False,120.0,166.32663142567893,2977;-1;-1,2984;-1;-1,386.0552618806575,0.8229470565333281,0.82290845100714,0.0,,0,,0,,,2977;6202;7315;7530;2803;7558;2806;4344;2996;2984,2977:120;6202:123.89309210311183;7315:130.78841210311182;7530:138.00389210311184;2803:145.55885210311183;7558:152.95385210311184;2806:160.78769210311185;4344:161.99069210311185;2996:164.03417210311184;2984:166.32663142567893
0,5,default_vehtype,boarding,True,117.93167148282812,147.9316714828281,2969;-1;-1,2969;-1;-1,0.0,0.5434841891959331,0.5434841891959331,0.0,,0,1,1,1,,,
0,5,default_vehtype,route,False,147.9316714828281,180.0,2969;-1;-1,1657;4439;0.042,331.77550959835696,0.5434841891959331,0.5434510116449732,0.0,,0,1,1,,,2969;7192;1664;1659;538;4990;4939;5252;3070;1657,2969:147.9316714828281;7192:151.53531443477448;1664:154.78921043477447;1659:159.54877043477447;538:160.69981043477446;4990:164.39689043477446;4939:165.78745043477446;5252:171.21217043477446;3070:172.24861043477446;1657:179.76541043477445
0,1,default_vehtype,boarding,True,180.0,210.0,2981;-1;-1,2981;-1;-1,0.0,0.8575946831862098,0.8575946831862098,0.0,,0,5,1,5,,,
0,2,default_vehtype,boarding,True,156.1792404322035,186.1792404322035,2979;-1;-1,2979;-1;-1,0.0,0.9627807060935893,0.9627807060935893,0.0,,0,3,1,3,,,
0,4,default_vehtype,boarding,True,166.32663142567893,196.32663142567893,2984;-1;-1,2984;-1;-1,0.0,0.82290845100714,0.82290845100714,0.0,,0,4,1,4,,,
0,5,default_vehtype,route,False,180.0,227.71245427278907,1657;4439;0.042,2970;-1;-1,397.6037856065758,0.5434510116449732,0.5434112512664125,0.0,,0,1,1,,,1657;4439;4842;1272;3423;4282;4975;6830;4349;4937;669;5061;7265;3848;534;2839;3560;2970,1657:180;4439:185.39557043477444;4842:189.78013043477443;1272:189.96505043477444;3423:191.18161043477443;4282:194.95909043477442;4975:196.00885043477442;6830:196.78177043477442;4349:197.3306504347744;4937:201.70021043477442;669:212.00761043477442;5061:217.8159704347744;7265:218.59921043477442;3848:219.5738504347744;534:223.61881043477442;2839:224.97745043477443;3560:226.05301043477442;2970:227.71245427278907
0,6,default_vehtype,route,False,90.0,224.3821430723187,2988;-1;-1,2976;-1;-1,1582.8408391747612,0.7644474598764522,0.7642891757925347,0.0,,0,2,1,,,2988;3447;6082;7383;364;3029;3886;5711;6045;2157;4817;456;5901;7605;2830;5852;6913;1321;597;2204;6066;6049;7367;2188;2186;5744;6033;5746;6031;146;2828;2376;3091;4274;880;3109;3874;4306;429;4313;68;7318;7325;3011;4;4345;7330;2976,2988:90;3447:91.53951244297899;6082:94.36292044297899;7383:94.771808442979;364:95.207192442979;3029:97.231400442979;3886:97.729424442979;5711:100.269008442979;6045:101.663288442979;2157:105.851816442979;4817:106.328600442979;456:106.943480442979;5901:107.69904844297899;7605:111.17074444297899;2830:111.40013644297899;5852:117.926864442979;6913:119.82327244297899;1321:124.97170444297899;597:125.434592442979;2204:126.991880442979;6066:127.637576442979;6049:131.863904442979;7367:134.13744844297898;2188:140.800616442979;2186:142.076888442979;5744:144.092312442979;6033:145.461752442979;5746:147.385160442979;6031:148.876784442979;146:149.837912442979;2828:150.92972044297898;2376:156.43160044297898;3091:169.75332844297898;4274:170.896256442979;880:171.487592442979;3109:173.33813644297902;3874:179.20241644297903;4306:191.31797644297902;429:192.72029644297902;4313:193.90325644297903;68:199.501616442979;7318:206.169656442979;7325:209.496416442979;3011:213.507056442979;4:218.292176442979;4345:220.335656442979;7330:221.538656442979;2976:224.3821430723187
0,3,default_vehtype,route,False,180.0,241.39389060431841,2992;-1;-1,2991;-1;-1,852.6929250599779,0.6917207594128889,0.691635490120383,0.0,,0,,0,,,2992;2526;5444;1716;2720;4210;1711;98;2497;7434;2760;542;1074;4204;537;2991,2992:180;2526:189.20224753494543;5444:199.73865553494542;1716:202.52901553494542;2720:203.27565553494543;4210:204.17392753494542;1711:205.30360753494543;98:213.91941553494541;2497:215.4300475349454;7434:222.63789553494541;2760:229.1764315349454;542:236.70453553494542;1074:237.6379435349454;4204:238.6195915349454;537:239.57359153494542;2991:241.39389060431841
0,3,default_vehtype,boarding,True,241.39389060431841,271.3938906043184,2991;-1;-1,2991;-1;-1,0.0,0.691635490120383,0.691635490120383,0.0,,0,7,1,7,,,
0,5,default_vehtype,boarding,True,227.71245427278907,257.71245427278905,2970;-1;-1,2970;-1;-1,0.0,0.5434112512664125,0.5434112512664125,0.0,,0,1;6,2,6,,,
0,6,default_vehtype,boarding,True,224.3821430723187,254.3821430723187,2976;-1;-1,2976;-1;-1,0.0,0.7642891757925347,0.7642891757925347,0.0,,0,2,1,,2,,
0,7,default_vehtype,route,False,60.0,260.98202403476154,2982;-1;-1,2973;-1;-1,2107.991626341549,0.7724415914984484,0.7722307923358142,0.0,,0,,0,,,2982;2809;7010;820;7498;276;2915;2661;7517;6201;7314;7529;2803;7558;2806;4344;2996;3013;7322;2804;3061;1173;3425;4304;793;118;3979;4275;103;6480;7360;3154;6028;5745;6035;5743;6038;6041;7365;6050;6068;6077;3629;4502;6912;2108;7370;1420;1084;2973,2982:60;2809:65.70096734542513;7010:68.60844734542513;820:70.58940734542513;7498:71.05740734542513;276:71.16900734542513;2915:82.51500734542513;2661:89.74836734542514;7517:97.06032734542514;6201:97.92144734542514;7314:104.81676734542513;7529:112.03224734542513;2803:119.58720734542513;7558:126.98220734542512;2806:134.81604734542512;4344:136.01904734542512;2996:138.0625273454251;3013:142.84764734542512;7322:146.8582873454251;2804:150.18504734542512;3061:156.8530873454251;1173:162.4514473454251;3425:163.6344073454251;4304:165.0367273454251;793:177.1522873454251;118:183.0165673454251;3979:184.86711134542512;4275:185.45844734542513;103:186.60137534542514;6480:199.92310334542515;7360:205.42498334542515;3154:206.51679134542513;6028:207.47791934542514;5745:208.96954334542514;6035:210.89295134542513;5743:212.26239134542513;6038:214.27781534542513;6041:215.55408734542513;7365:222.21725534542514;6050:224.49079934542513;6068:228.71712734542513;6077:229.3628233454251;3629:230.9201113454251;4502:231.3829993454251;6912:236.53143134542512;2108:238.42783934542513;7370:244.95456734542512;1420:256.6596793454251;1084:260.1946633454251;2973:260.98202403476154
0,7,default_vehtype,boarding,True,260.98202403476154,290.98202403476154,2973;-1;-1,2973;-1;-1,0.0,0.7722307923358142,0.7722307923358142,0.0,,0,0,1,0,,,
0,0,default_vehtype,route,False,300.0,337.42546113022894,2978;-1;-1,2979;-1;-1,311.87884275190765,0.9458865003910399,0.9458553125067648,0.0,,0,,0,,,2978;4103;6297;1434;3820;3877;2787;4993;6537;2979,2978:300;4103:302.6189566950277;6297:304.9782766950277;1434:310.9373566950277;3820:316.04599669502767;3877:317.95387669502765;2787:326.74639669502767;4993:327.79543669502766;6537:333.5952766950277;2979:337.42546113022894
0,1,default_vehtype,route,False,210.0,355.75221823654294,2981;-1;-1,2986;-1;-1,1365.123481873401,0.8575946831862098,0.8574581708380226,0.0,,0,5,1,,,2981;6320;3549;6384;4032;1804;4277;5239;6501;3911;5389;7301;3914;5398;5400;4040;4041;5374;5418;5424;5403;6546;1200;7312;3767;4527;3089;3131;5447;7352;414;122;3426;4305;793;118;3979;4275;103;6480;7360;2986,2981:210;6320:213.37311885414516;3549:219.01035885414515;6384:219.27219885414516;4032:222.49383885414517;1804:223.40975085414516;4277:224.99783085414515;5239:230.50247085414514;6501:236.46503085414514;3911:245.81987085414514;5389:246.88571085414515;7301:247.13963085414514;3914:248.32331085414515;5398:249.50015085414515;5400:250.82675085414516;4040:260.1315508541452;4041:263.0758708541452;5374:267.3284308541452;5418:268.3657108541452;5424:268.5089908541452;5403:269.61431085414523;6546:273.8411908541452;1200:278.45027085414523;7312:279.94403085414524;3767:281.9504308541452;4527:284.7472708541452;3089:293.1568708541452;3131:293.6371108541452;5447:296.02475085414517;7352:297.33611085414515;414:299.80583085414514;122:312.1601908541451;3426:313.4137108541451;4305:314.8160308541451;793:326.9315908541451;118:332.7958708541451;3979:334.6464148541451;4275:335.23775085414513;103:336.3806788541451;6480:349.7024068541451;7360:355.20428685414515;2986:355.75221823654294
0,3,default_vehtype,route,False,271.3938906043184,307.2560879999999,2991;-1;-1,2992;-1;-1,498.08607494002206,0.691635490120383,0.691585681512889,0.0,,0,7,1,,,2991;3010;5631;1068;2559;6740;1717;2067;2063;1937;2992,2991:271.3938906043184;3010:275.4411595349454;5631:281.2905835349454;1068:283.8429835349454;2559:290.8935835349454;6740:295.36420753494536;1717:301.1979355349454;2067:301.93571953494535;2063:302.65197553494534;1937:305.9219275349453;2992:307.2560879999999
0,3,default_vehtype,boarding,True,307.2560879999999,337.2560879999999,2992;-1;-1,2992;-1;-1,0.0,0.691585681512889,0.691585681512889,0.0,,0,7,1,,7,,
0,6,default_vehtype,route,False,254.3821430723187,355.38656039522596,2976;-1;-1,2974;-1;-1,962.7138012351245,0.7642891757925347,0.7641929044124113,0.0,,0,,0,,,2976;7557;2806;4344;2996;3013;7322;2804;3061;1173;3425;4304;793;118;3979;4275;103;6480;7360;3154;6028;2181;2180;146;2828;2974,2976:254.3821430723187;7557:259.372496442979;2806:267.206336442979;4344:268.409336442979;2996:270.452816442979;3013:275.237936442979;7322:279.248576442979;2804:282.575336442979;3061:289.243376442979;1173:294.841736442979;3425:296.024696442979;4304:297.427016442979;793:309.542576442979;118:315.406856442979;3979:317.257400442979;4275:317.84873644297903;103:318.991664442979;6480:332.313392442979;7360:337.815272442979;3154:338.907080442979;6028:339.868208442979;2181:344.1002655858361;2180:348.3323227286932;146:349.2934507286932;2828:350.3852587286932;2974:355.38656039522596
0,0,default_vehtype,boarding,True,337.42546113022894,367.42546113022894,2979;-1;-1,2979;-1;-1,0.0,0.9458553125067648,0.9458553125067648,0.0,,0,10,1,10,,,
0,0,default_vehtype,route,False,367.42546113022894,415.4532693496026,2979;-1;-1,2982;-1;-1,400.231735161447,0.9458553125067648,0.9458152893332487,0.0,,0,10,1,,,2979;2786;2411;1661;7283;796;751;4635;6299;4102;4325;7285;1218;2982,2979:367.42546113022894;2786:369.4303966950277;2411:375.2655166950277;1661:381.06535669502773;7283:382.1143966950277;796:390.90691669502775;751:392.8147966950277;4635:397.9234366950277;6299:403.8825166950277;4102:406.2418366950277;4325:411.5329966950277;7285:412.4499166950277;1218:413.5731166950277;2982:415.4532693496026
0,1,default_vehtype,boarding,True,355.75221823654294,385.75221823654294,2986;-1;-1,2986;-1;-1,0.0,0.8574581708380226,0.8574581708380226,0.0,,0,5,1,,5,,
0,6,default_vehtype,boarding,True,355.38656039522596,385.38656039522596,2974;-1;-1,2974;-1;-1,0.0,0.7641929044124113,0.7641929044124113,0.0,,0,9,1,9,,,
0,0,default_vehtype,boarding,True,415.4532693496026,445.4532693496026,2982;-1;-1,2982;-1;-1,0.0,0.9458152893332487,0.9458152893332487,0.0,,0,10,1,,10,,
0,1,default_vehtype,route,False,385.75221823654294,440.7613275434816,2986;-1;-1,2973;-1;-1,764.0154070408148,0.8574581708380226,0.8573817692973185,0.0,,0,,0,,,2986;3155;6029;5745;6035;5743;6038;6041;7365;6050;6068;6077;3629;4502;6912;2108;7370;1420;1084;2973,2986:385.75221823654294;3155:386.29609485414517;6029:387.25722285414514;5745:388.74884685414514;6035:390.67225485414514;5743:392.04169485414513;6038:394.05711885414513;6041:395.33339085414514;7365:401.9965588541451;6050:404.27010285414514;6068:408.49643085414516;6077:409.14212685414515;3629:410.6994148541452;4502:411.1623028541452;6912:416.3107348541452;2108:418.2071428541452;7370:424.7338708541452;1420:436.4389828541452;1084:439.9739668541452;2973:440.7613275434816
0,1,default_vehtype,boarding,True,440.7613275434816,470.7613275434816,2973;-1;-1,2973;-1;-1,0.0,0.8573817692973185,0.8573817692973185,0.0,,0,14,1,14,,,
0,2,default_vehtype,route,False,186.1792404322035,434.6648918140075,2979;-1;-1,2972;-1;-1,2598.7980239904605,0.9627807060935893,0.9625208262911904,0.0,,0,3,1,,,2979;2786;2307;3549;6384;4032;1804;4277;5239;6501;3911;5389;7301;3914;5398;5400;4040;4041;5374;5418;5424;5403;6546;1200;7312;3767;4527;3089;3131;5447;7352;414;122;3426;4305;793;118;3979;4275;103;6480;7360;3154;6028;5745;6035;5743;6038;6041;7365;6050;6068;6077;3629;4502;6912;2108;7370;7608;5900;3459;4818;5992;6047;5708;3884;3030;3347;7376;2207;3446;3720;5332;251;2711;3358;2296;5681;2294;2035;6308;374;7114;3246;5330;661;445;2972,2979:186.1792404322035;2786:188.18417599700226;2307:191.70293599700224;3549:197.34017599700223;6384:197.60201599700224;4032:200.82365599700225;1804:201.73956799700224;4277:203.32764799700223;5239:208.83228799700223;6501:214.79484799700222;3911:224.14968799700222;5389:225.21552799700223;7301:225.46944799700222;3914:226.65312799700223;5398:227.82996799700223;5400:229.15656799700224;4040:238.46136799700224;4041:241.40568799700225;5374:245.65824799700223;5418:246.69552799700224;5424:246.83880799700225;5403:247.94412799700225;6546:252.17100799700225;1200:256.7800879970022;7312:258.27384799700224;3767:260.2802479970022;4527:263.0770879970022;3089:271.4866879970022;3131:271.9669279970022;5447:274.35456799700216;7352:275.66592799700214;414:278.13564799700214;122:290.4900079970021;3426:291.7435279970021;4305:293.1458479970021;793:305.2614079970021;118:311.1256879970021;3979:312.9762319970021;4275:313.56756799700213;103:314.7104959970021;6480:328.0322239970021;7360:333.53410399700215;3154:334.62591199700216;6028:335.58703999700214;5745:337.07866399700214;6035:339.00207199700213;5743:340.37151199700213;6038:342.3869359970021;6041:343.66320799700213;7365:350.3263759970021;6050:352.59991999700213;6068:356.82624799700216;6077:357.47194399700214;3629:359.02923199700217;4502:359.4921199970022;6912:364.6405519970022;2108:366.5369599970022;7370:373.0636879970022;7608:373.2930799970022;5900:376.76477599700223;3459:377.5203439970022;4818:378.13522399700224;5992:378.61200799700225;6047:382.80053599700227;5708:384.19481599700225;3884:386.73439999700224;3030:387.23242399700223;3347:389.2566319970022;7376:389.6920159970022;2207:390.1009039970022;3446:392.9243119970022;3720:395.9539999970022;5332:396.9454399970022;251:397.6930159970022;2711:398.8308319970022;3358:401.0458399970022;2296:409.3468399970022;5681:411.7408399970022;2294:413.0723257112879;2035:414.40381142557356;6308:416.79781142557357;374:425.09881142557356;7114:427.31381942557357;3246:428.45163542557356;5330:429.19921142557354;661:430.19065142557355;445:433.22033942557357;2972:434.6648918140075
0,2,default_vehtype,boarding,True,434.6648918140075,464.6648918140075,2972;-1;-1,2972;-1;-1,0.0,0.9625208262911904,0.9625208262911904,0.0,,0,3,1,,3,,
0,4,default_vehtype,route,False,196.32663142567893,440.6899485681664,2984;-1;-1,2992;-1;-1,2495.7221787710323,0.82290845100714,0.8226588787892629,0.0,,0,4,1,,,2984;3012;7321;2804;3061;1173;3425;3125;3406;2825;1944;130;99;4526;714;2800;4332;799;3653;3825;7127;1836;4248;5046;7138;6879;1367;3637;3640;3643;7179;5275;5297;5072;1464;2847;5825;4587;5794;3202;2065;2023;4203;537;18;5629;1068;2559;6740;1717;2067;2063;1937;2992,2984:196.32663142567893;3012:198.81929210311185;7321:202.82993210311184;2804:206.15669210311185;3061:212.82473210311184;1173:218.42309210311186;3425:219.60605210311186;3125:220.85957210311187;3406:233.21393210311186;2825:235.68365210311185;1944:236.99501210311186;130:239.38265210311187;99:239.86289210311188;4526:248.2724921031119;714:251.0693321031119;2800:253.0757321031119;4332:253.8913721031119;799:255.0722921031119;3653:259.6685321031119;3825:260.9171321031119;7127:304.4772521031119;1836:305.82821210311187;4248:320.3734121031119;5046:336.7139321031119;7138:338.3525321031119;6879:344.6189321031119;1367:356.1118121031119;3637:358.0049321031119;3640:358.85806010311194;3643:359.92164410311193;7179:363.5000441031119;5275:368.00933210311194;5297:371.3881481031119;5072:371.6184041031119;1464:378.5589161031119;2847:379.62962810311194;5825:382.5282761031119;4587:384.8085881031119;5794:386.4287321031119;3202:390.5500841031119;2065:395.69434010311187;2023:401.2526681031119;4203:402.0534521031119;537:403.0074521031119;18:408.8750201031119;5629:414.7244441031119;1068:417.2768441031119;2559:424.3274441031119;6740:428.79806810311186;1717:434.63179610311187;2067:435.36958010311184;2063:436.08583610311183;1937:439.3557881031118;2992:440.6899485681664
0,4,default_vehtype,boarding,True,440.6899485681664,470.6899485681664,2992;-1;-1,2992;-1;-1,0.0,0.8226588787892629,0.8226588787892629,0.0,,0,4,1,,4,,
0,5,default_vehtype,route,False,257.71245427278905,429.11332810130716,2970;-1;-1,2974;-1;-1,1831.1908244961667,0.5434112512664125,0.5432281321839629,0.0,,0,1;6,2,,,2970;671;662;7398;3491;6933;7394;6989;7392;5704;7389;3806;2573;885;316;2042;1982;6306;374;7114;3246;5330;661;445;6080;7381;364;3029;3886;5711;6045;2157;4817;456;5901;7605;2830;5852;6913;1321;597;2204;6066;6049;7367;2188;2186;5744;6033;5746;6031;146;2828;2974,2970:257.71245427278905;671:258.7425704347744;662:281.1922904347744;7398:284.71153043477443;3491:291.03625043477444;6933:291.94801043477446;7394:297.30961043477447;6989:297.90397043477446;7392:307.11505043477445;5704:309.4801304347744;7389:324.0183704347744;3806:328.0827704347744;2573:329.15077043477436;885:329.75413043477437;316:336.58129043477436;2042:347.3197304347744;1982:348.0824504347744;6306:348.2992904347744;374:356.60029043477437;7114:358.8152984347744;3246:359.95311443477436;5330:360.70069043477434;661:361.69213043477436;445:364.7218184347744;6080:367.54522643477435;7381:367.95411443477434;364:368.38949843477434;3029:370.4137064347743;3886:370.9117304347743;5711:373.4513144347743;6045:374.8455944347743;2157:379.0341224347743;4817:379.5109064347743;456:380.12578643477434;5901:380.8813544347743;7605:384.35305043477433;2830:384.58244243477435;5852:391.10917043477434;6913:393.00557843477435;1321:398.15401043477436;597:398.6168984347744;2204:400.1741864347744;6066:400.8198824347744;6049:405.0462104347744;7367:407.31975443477444;2188:413.9829224347744;2186:415.25919443477443;5744:417.2746184347744;6033:418.6440584347744;5746:420.5674664347744;6031:422.0590904347744;146:423.0202184347744;2828:424.1120264347744;2974:429.11332810130716
0,5,default_vehtype,boarding,True,429.11332810130716,459.11332810130716,2974;-1;-1,2974;-1;-1,0.0,0.5432281321839629,0.5432281321839629,0.0,,0,1;6,2,,6,,
0,5,default_vehtype,route,False,459.11332810130716,465.66371781717214,2974;-1;-1,2986;-1;-1,90.97763494256945,0.5432281321839629,0.5432190344204687,0.0,,0,1,1,,,2974;6479;7359;2986,2974:459.11332810130716;6479:459.6139064347744;7359:465.11578643477435;2986:465.66371781717214
0,6,default_vehtype,route,False,385.38656039522596,462.107819765546,2974;-1;-1,2984;-1;-1,685.0623045417706,0.7641929044124113,0.7641243981819571,0.0,,0,9,1,,,2974;6479;3091;4274;880;3109;3874;4306;429;4313;68;7318;7325;3011;4;4345;1199;1204;2996;2984,2974:385.38656039522596;6479:385.8871387286932;3091:399.2088667286932;4274:400.35179472869316;880:400.9431307286932;3109:402.7936747286932;3874:408.6579547286932;4306:420.7735147286932;429:422.1758347286932;4313:423.35879472869317;68:428.9571547286932;7318:435.6251947286932;7325:438.9519547286932;3011:442.9625947286932;4:447.7477147286932;4345:449.7911947286932;1199:453.7815375858361;1204:457.77188044297895;2996:459.81536044297894;2984:462.107819765546
0,0,default_vehtype,route,False,445.4532693496026,525.8082560175949,2982;-1;-1,2984;-1;-1,669.6248888999351,0.9458152893332487,0.9457483268443586,0.0,,0,,0,,,2982;2809;7010;820;7498;276;2915;2661;7517;6201;7314;7529;2803;7558;2806;4344;2996;2984,2982:445.4532693496026;2809:451.1542366950277;7010:454.0617166950277;820:456.0426766950277;7498:456.5106766950277;276:456.6222766950277;2915:467.9682766950277;2661:475.20163669502773;7517:482.51359669502773;6201:483.37471669502776;7314:490.2700366950278;7529:497.4855166950278;2803:505.0404766950278;7558:512.4354766950278;2806:520.2693166950278;4344:521.4723166950278;2996:523.5157966950278;2984:525.8082560175949
0,3,default_vehtype,route,False,360.0,499.4197714138621,2992;-1;-1,2990;-1;-1,1558.5230258652139,0.691585681512889,0.6914298292103025,0.0,,0,,0,,,2992;2526;5444;1716;2720;4210;1711;98;2497;7434;2760;542;1074;336;2759;1664;1659;538;4990;4939;5252;3070;1657;4439;4842;1272;3423;4282;4975;6830;4349;4937;669;5061;7265;3848;534;2839;5449;2990,2992:360;2526:369.2022475349454;5444:379.7386555349454;1716:382.5290155349454;2720:383.27565553494543;4210:384.17392753494545;1711:385.30360753494546;98:393.9194155349455;2497:395.43004753494546;7434:402.63789553494547;2760:409.1764315349455;542:416.7045355349455;1074:417.63794353494546;336:418.66106353494547;2759:423.39103153494545;1664:426.64492753494545;1659:431.4044875349455;538:432.5555275349455;4990:436.2526075349455;4939:437.6431675349455;5252:443.0678875349455;3070:444.1043275349455;1657:451.6211275349455;4439:457.2512875349455;4842:461.6358475349455;1272:461.8207675349455;3423:463.0373275349455;4282:466.81480753494554;4975:467.86456753494554;6830:468.63748753494554;4349:469.18636753494553;4937:473.5559275349455;669:483.8633275349455;5061:489.6716875349455;7265:490.45492753494545;3848:491.4295675349455;534:495.4745275349455;2839:496.83316753494546;5449:498.0322075349455;2990:499.4197714138621
0,3,default_vehtype,boarding,True,499.4197714138621,529.4197714138621,2990;-1;-1,2990;-1;-1,0.0,0.6914298292103025,0.6914298292103025,0.0,,0,12,1,12,,,
0,4,default_vehtype,route,False,470.6899485681664,530.4773371511654,2992;-1;-1,2969;-1;-1,830.380396986098,0.8226588787892629,0.8225758407495642,0.0,,0,,0,,,2992;2526;5444;1716;2720;4210;1711;98;2497;7434;2760;542;1074;336;2969,2992:470.6899485681664;2526:479.8921961031118;5444:490.4286041031118;1716:493.21896410311183;2720:493.96560410311184;4210:494.86387610311186;1711:495.99355610311187;98:504.6093641031119;2497:506.1199961031119;7434:513.3278441031118;2760:519.8663801031119;542:527.3944841031118;1074:528.3278921031118;336:529.3510121031118;2969:530.4773371511654
0,5,default_vehtype,boarding,True,465.66371781717214,495.66371781717214,2986;-1;-1,2986;-1;-1,0.0,0.5432190344204687,0.5432190344204687,0.0,,0,1,1,,1,,
0,6,default_vehtype,boarding,True,462.107819765546,492.107819765546,2984;-1;-1,2984;-1;-1,0.0,0.7641243981819571,0.7641243981819571,0.0,,0,9,1,,9,,
0,7,default_vehtype,route,False,290.98202403476154,501.31762686850414,2973;-1;-1,2968;-1;-1,2456.1351504686504,0.7722307923358142,0.7719851788207672,0.0,,0,0,1,,,2973;7354;4225;4614;7369;7607;5900;3459;4818;5992;6047;5708;3884;3030;3347;7376;2207;3446;3720;5332;251;2711;3358;2296;5495;5697;5497;5500;670;5502;5512;5520;5531;6313;6632;6644;3793;6319;7102;3741;7384;6414;5446;2447;2571;42;2577;2566;3033;3036;2469;2404;2235;3762;5287;310;2280;1447;6261;3764;4397;4745;4182;4187;4191;4195;4202;4208;537;18;5629;1068;2559;6740;1717;2067;2720;4210;1711;2968,2973:290.98202403476154;7354:294.7791913454251;4225:299.36371934542507;4614:302.8987033454251;7369:314.60381534542506;7607:314.8332073454251;5900:318.3049033454251;3459:319.06047134542507;4818:319.6753513454251;5992:320.1521353454251;6047:324.3406633454251;5708:325.7349433454251;3884:328.2745273454251;3030:328.7725513454251;3347:330.7967593454251;7376:331.2321433454251;2207:331.64103134542506;3446:334.46443934542503;3720:337.49412734542506;5332:338.48556734542507;251:339.23314334542505;2711:340.37095934542504;3358:342.58596734542505;2296:350.88696734542503;5495:351.103807345425;5697:352.20756734542505;5497:352.905007345425;5500:355.812247345425;670:357.209647345425;5502:359.55708734542503;5512:363.078847345425;5520:365.532847345425;5531:367.229767345425;6313:368.254807345425;6632:370.55184734542496;6644:372.12312734542496;3793:373.97232734542496;6319:374.888047345425;7102:375.36612734542496;3741:375.905767345425;7384:383.56476734542497;6414:388.77192734542496;5446:391.03968734542497;2447:394.975807345425;2571:402.56472734542496;42:407.23272734542496;2577:407.90520734542497;2566:416.504287345425;3033:417.135247345425;3036:419.404807345425;2469:422.997127345425;2404:426.32064734542496;2235:427.60404734542493;3762:428.0274793454249;5287:428.5665433454249;310:431.3567593454249;2280:431.9558713454249;1447:432.4017673454249;6261:436.2797593454249;3764:437.2854553454249;4397:437.8361113454249;4745:438.0624073454249;4182:442.5161833454249;4187:445.1782393454249;4191:445.9165273454249;4195:460.3798153454249;4202:461.3823433454249;4208:462.3639913454249;537:463.3179913454249;18:469.1855593454249;5629:475.0349833454249;1068:477.5873833454249;2559:484.63798334542486;6740:489.10860734542484;1717:494.94233534542485;2067:495.6801193454248;2720:496.44353534542483;4210:497.34180734542485;1711:498.47148734542486;2968:501.31762686850414
0,7,default_vehtype,boarding,True,501.31762686850414,531.3176268685041,2968;-1;-1,2968;-1;-1,0.0,0.7719851788207672,0.7719851788207672,0.0,,0,0,1,,0,,
0,8,default_vehtype,route,False,240.0,502.24954639311903,2966;-1;-1,2972;-1;-1,2502.0001159595813,0.916309922773969,0.9160597227623731,0.0,,0,,0,,,2966;2743;2631;2150;735;738;1096;3736;81;831;2413;1146;832;1880;1340;3638;3641;7177;5275;5297;5072;1464;2847;5825;4587;5794;3202;2065;2023;4203;4198;1071;1070;1069;1067;1504;4396;710;2281;4664;6260;3300;1832;708;6180;2405;6169;2744;2567;2576;3077;3241;88;2758;2742;2448;2353;6140;7386;3742;7100;6318;737;6639;2446;2301;1992;1990;1988;1985;3729;5498;5496;5699;5494;6307;374;7114;3246;5330;661;445;2972,2966:240;2743:247.84382829039959;2631:251.85525686182817;2150:268.78554257611387;735:279.2677140046853;738:285.43554257611385;1096:294.97451400468526;3736:295.23753000468525;81:299.08643400468526;831:309.93301800468527;2413:310.9207140046853;1146:311.7340980046853;832:312.5425140046853;1880:315.1402020046853;1340:326.67301800468533;3638:327.6594900046853;3641:328.7230740046853;7177:332.3014740046853;5275:336.81076200468533;5297:340.1895780046853;5072:340.4198340046853;1464:347.3603460046853;2847:348.4310580046853;5825:351.3297060046853;4587:353.6100180046853;5794:355.23016200468527;3202:359.35151400468527;2065:364.49577000468526;2023:370.0540980046853;4203:370.8548820046853;4198:371.8365300046853;1071:372.8390580046853;1070:387.30234600468526;1069:388.0406340046853;1067:390.7026900046853;1504:395.1564660046853;4396:395.3827620046853;710:395.9334180046853;2281:396.9391140046853;4664:400.8171060046853;6260:401.2630020046853;3300:401.8621140046853;1832:404.65233000468527;708:405.19139400468526;6180:405.61482600468526;2405:407.83722600468525;6169:411.31434600468526;2744:415.91490600468524;2567:417.75786600468524;2576:426.24642600468525;3077:428.3790660046852;3241:431.5079460046852;88:433.43478600468524;2758:435.3982260046852;2742:435.8046660046852;2448:438.9903060046852;2353:445.19118600468516;6140:450.36222600468517;7386:451.7046660046852;3742:459.3636660046852;7100:459.9033060046852;6318:460.38138600468517;737:461.2971060046852;6639:463.1463060046852;2446:464.7175860046852;2301:467.01462600468517;1992:468.03966600468516;1990:469.73658600468514;1988:472.19058600468514;1985:475.7123460046851;3729:478.0597860046851;5498:479.4571860046851;5496:482.36442600468513;5699:483.0618660046851;5494:484.1656260046851;6307:484.3824660046851;374:492.6834660046851;7114:494.8984740046851;3246:496.0362900046851;5330:496.7838660046851;661:497.7753060046851;445:500.8049940046851;2972:502.24954639311903
0,8,default_vehtype,boarding,True,502.24954639311903,532.2495463931191,2972;-1;-1,2972;-1;-1,0.0,0.9160597227623731,0.9160597227623731,0.0,,0,8,1,8,,,
0,0,default_vehtype,boarding,True,525.8082560175949,555.8082560175949,2984;-1;-1,2984;-1;-1,0.0,0.9457483268443586,0.9457483268443586,0.0,,0,11,1,11,,,
0,2,default_vehtype,route,False,464.6648918140075,553.9506081574152,2972;-1;-1,2971;-1;-1,812.5131451482082,0.9625208262911904,0.9624395749766755,0.0,,0,,0,,,2972;6079;3446;3720;5332;251;2711;3358;2296;5495;5696;3307;3987;2396;886;808;1372;807;1375;108;1376;1380;373;2390;7391;5704;7389;2971,2972:464.6648918140075;6079:466.0437474255736;3446:468.86715542557357;3720:471.8968434255736;5332:472.8882834255736;251:473.6358594255736;2711:474.7736754255736;3358:476.9886834255736;2296:485.28968342557357;5495:485.50652342557356;5696:486.26924342557356;3307:497.0076834255736;3987:503.8348434255736;2396:505.1408034255736;886:510.77840342557363;808:511.24460342557364;1372:512.1075234255736;807:513.2114034255736;1375:514.8956034255737;108:517.0360434255737;1376:518.8362834255737;1380:520.8528834255737;373:530.4138834255738;2390:532.9586034255738;7391:534.3592434255737;5704:536.7243234255737;7389:551.2625634255737;2971:553.9506081574152
0,2,default_vehtype,boarding,True,553.9506081574152,583.9506081574152,2971;-1;-1,2971;-1;-1,0.0,0.9624395749766755,0.9624395749766755,0.0,,0,13,1,13,,,
0,4,default_vehtype,boarding,True,530.4773371511654,560.4773371511654,2969;-1;-1,2969;-1;-1,0.0,0.8225758407495642,0.8225758407495642,0.0,,0,15,1,15,,,
0,1,default_vehtype,route,False,470.7613275434816,600.0,2973;-1;-1,1883;926;0.371,1422.5059110857842,0.8573817692973185,0.85723951870621,0.0,,0,14,1,,,2973;7354;3525;6025;3063;6027;7362;2188;2186;5744;6033;5746;6031;146;2828;2376;3091;4274;880;3109;3874;4306;429;3125;3406;2825;1944;130;99;4526;714;2800;4339;2419;5404;5421;1925;1883,2973:470.7613275434816;7354:474.5584948541452;3525:485.4373348541452;6025:487.1787988541452;3063:488.4434788541452;6027:489.74545485414524;7362:493.75369485414524;2188:500.4168628541452;2186:501.6931348541452;5744:503.7085588541452;6033:505.0779988541452;5746:507.0014068541452;6031:508.4930308541452;146:509.4541588541452;2828:510.5459668541452;2376:516.0478468541452;3091:529.3695748541452;4274:530.5125028541452;880:531.1038388541451;3109:532.9543828541451;3874:538.8186628541451;4306:550.9342228541451;429:552.3365428541451;3125:553.5900628541451;3406:565.9444228541452;2825:568.4141428541452;1944:569.7255028541452;130:572.1131428541453;99:572.5933828541453;4526:581.0029828541452;714:583.7998228541452;2800:585.8062228541452;4339:587.2999828541451;2419:591.9090628541451;5404:596.1359428541451;5421:597.2412628541451;1925:597.3845428541451;1883:598.4218228541451
0,1,default_vehtype,route,False,600.0,649.0040159999999,1883;926;0.371,2981;-1;-1,431.3531999999999,0.85723951870621,0.85719638338621,0.0,,0,14,1,,,1883;926;925;5399;1905;830;2795;1891;827;6499;1803;1141;5241;922;6385;3550;2981,1883:600;926:602.6743828541452;925:605.6187028541451;5399:614.9235028541451;1905:616.2501028541451;830:617.4269428541451;2795:618.610622854145;1891:618.864542854145;827:619.930382854145;6499:629.285222854145;1803:635.247782854145;1141:640.752422854145;5241:642.340502854145;922:643.2564148541451;6385:646.4780548541451;3550:646.7398948541451;2981:649.0040159999999
0,5,default_vehtype,route,False,540.0,630.8013528399102,2986;-1;-1,2985;-1;-1,490.5944719828781,0.5432190344204687,0.5431699749732705,0.0,,0,,0,,,2986;3155;7358;2376;3091;4274;880;3109;114;5021;1108;1680;3103;3110;3980;2985,2986:540;3155:540.5438766176022;7358:541.6356846176022;2376:547.1375646176023;3091:560.4592926176023;4274:561.6022206176023;880:562.1935566176022;3109:564.0441006176022;114:568.8562720461737;5021:571.2297006176022;1108:596.2990720461737;1680:621.3684434747452;3103:623.7418720461737;3110:628.5540434747452;3980:630.4045874747452;2985:630.8013528399102
0,4,default_vehtype,route,False,560.4773371511654,660.0,2969;-1;-1,7386;3742;0.396,1109.364162362214,0.8225758407495642,0.822464904333328,0.0,,0,15,1,,,2969;7192;1664;337;1075;4198;1071;1070;1069;1067;1504;4396;710;2281;4664;6260;3300;1832;708;6180;2405;6169;2744;2567;2576;3077;3241;88;2758;2742;2448;2353;6140;7386,2969:560.4773371511654;7192:564.0809801031119;1664:567.3348761031119;337:575.0951081031119;1075:576.1189481031118;4198:577.1005961031118;1071:578.1031241031118;1070:592.5664121031118;1069:593.3047001031118;1067:595.9667561031118;1504:600.4205321031118;4396:600.6468281031118;710:601.1974841031118;2281:602.2031801031118;4664:606.0811721031117;6260:606.5270681031117;3300:607.1261801031117;1832:609.9163961031117;708:610.4554601031117;6180:610.8788921031118;2405:613.1012921031117;6169:616.5784121031118;2744:621.1789721031117;2567:623.0219321031117;2576:631.5104921031117;3077:633.6431321031117;3241:636.7720121031117;88:638.6988521031117;2758:640.6622921031117;2742:641.0687321031116;2448:644.2543721031117;2353:650.4552521031117;6140:655.6262921031116;7386:656.9687321031116
0,0,default_vehtype,route,False,555.8082560175949,685.1665011302289,2984;-1;-1,2979;-1;-1,1077.985375938618,0.9457483268443586,0.9456405283067647,0.0,,0,11,1,,,2984;3012;4;4345;7330;7562;7316;7531;2802;2251;7515;7037;7512;3274;2902;3901;7011;7336;4365;7288;1182;1001;6296;1434;3820;3877;2787;4993;6537;2979,2984:555.8082560175949;3012:558.3009166950278;4:563.0860366950278;4345:565.1295166950279;7330:566.3325166950278;7562:574.1663566950278;7316:581.5613566950278;7531:589.1163166950279;2802:596.3317966950278;2251:603.2271166950278;7515:604.0882366950278;7037:611.4001966950278;7512:618.6335566950278;3274:629.9795566950278;2902:630.0911566950277;3901:630.5591566950277;7011:632.5401166950277;7336:635.4475966950276;4365:643.0287166950277;7288:644.1519166950277;1182:645.0688366950277;1001:650.3599966950277;6296:652.7193166950277;1434:658.6783966950277;3820:663.7870366950277;3877:665.6949166950277;2787:674.4874366950277;4993:675.5364766950277;6537:681.3363166950277;2979:685.1665011302289
0,0,default_vehtype,boarding,True,685.1665011302289,715.1665011302289,2979;-1;-1,2979;-1;-1,0.0,0.9456405283067647,0.9456405283067647,0.0,,0,11;26,2,26,11,,
0,1,default_vehtype,boarding,True,649.0040159999999,679.0040159999999,2981;-1;-1,2981;-1;-1,0.0,0.85719638338621,0.85719638338621,0.0,,0,14;19,2,19,,,
0,1,default_vehtype,route,False,679.0040159999999,715.1832564322034,2981;-1;-1,2979;-1;-1,176.13052741122,0.85719638338621,0.8571787703334688,0.0,,0,14;19,2,,,2981;6320;7278;2411;6281;2286;2287;6538;2979,2981:679.0040159999999;6320:682.3771348541451;7278:685.8958948541451;2411:691.7310148541451;6281:696.7751291398594;2286:701.5420434255736;2287:706.3089577112879;6538:711.3530719970022;2979:715.1832564322034
0,3,default_vehtype,route,False,529.4197714138621,712.4516607992877,2990;-1;-1,2980;-1;-1,2002.113969023027,0.6914298292103025,0.6912296178134002,0.0,,0,12,1,,,2990;2552;4848;3271;4846;4989;5000;337;1075;5648;5759;205;5793;1407;5826;7411;4686;5074;5295;5274;7181;604;603;602;3851;4573;1400;971;598;1368;591;585;940;1370;939;1903;983;3921;840;2881;5099;1157;2058;2092;915;2980,2990:529.4197714138621;2552:532.2854875349454;4848:539.7658075349455;3271:545.3189275349455;4846:547.1920075349454;4989:559.4645275349454;5000:564.2240875349454;337:571.9843195349454;1075:573.0081595349453;5648:573.8089435349453;5759:579.3672715349453;205:584.5115275349453;5793:588.6328795349453;1407:590.2530235349453;5826:592.5333355349453;7411:595.4319835349453;4686:596.5026955349452;5074:603.4432075349453;5295:603.6734635349453;5274:607.0522795349453;7181:611.5615675349453;604:615.1399675349453;603:616.2035515349453;602:617.0566795349453;3851:618.0600715349452;4573:622.3663915349453;1400:624.0990715349452;971:627.8975035349453;598:628.9647595349453;1368:629.9250955349453;591:635.7960475349453;585:648.9672955349453;940:655.5471595349453;1370:662.5737835349453;939:663.2704555349453;1903:664.0920475349453;983:665.0745595349454;3921:668.8727035349453;840:673.4335435349453;2881:680.0641675349453;5099:681.2170315349454;1157:685.9561743920882;2058:691.7460029635167;2092:695.1351458206595;915:700.2533172492309;2980:712.4516607992877
0,4,default_vehtype,route,False,660.0,708.7688552091378,7386;3742;0.396,2989;-1;-1,406.40712674281696,0.822464904333328,0.8224242636206537,0.0,,0,15,1,,,7386;3742;7100;6318;737;6639;2446;2301;1992;1990;1988;1985;3729;5498;5496;5699;5494;5695;3307;3987;6878;2989,7386:660;3742:664.6277321031116;7100:665.1673721031116;6318:665.6454521031116;737:666.5611721031115;6639:668.4103721031115;2446:669.9816521031115;2301:672.2786921031116;1992:673.3037321031115;1990:675.0006521031115;1988:677.4546521031115;1985:680.9764121031114;3729:683.3238521031114;5498:684.7212521031114;5496:687.6284921031114;5699:688.3259321031114;5494:689.4296921031114;5695:690.1924121031113;3307:700.9308521031113;3987:707.7580121031114;6878:708.3613721031113;2989:708.7688552091378
0,5,default_vehtype,boarding,True,630.8013528399102,660.8013528399102,2985;-1;-1,2985;-1;-1,0.0,0.5431699749732705,0.5431699749732705,0.0,,0,18,1,18,,,
0,7,default_vehtype,route,False,540.0,709.913345741263,2968;-1;-1,2980;-1;-1,1986.8272857490092,0.7719851788207672,0.7717864960921923,0.0,,0,,0,,,2968;98;2497;7434;2760;542;1074;4204;5649;5760;205;5793;1407;5826;7411;4686;5074;5295;5274;7181;604;603;602;3851;4573;1400;971;598;1368;591;585;940;1370;939;1903;983;3921;840;2881;5099;1157;2058;2092;915;2980,2968:540;98:545.7696684769207;2497:547.2803004769207;7434:554.4881484769207;2760:561.0266844769208;542:568.5547884769207;1074:569.4881964769207;4204:570.4698444769207;5649:571.2706284769207;5760:576.8289564769207;205:581.9732124769207;5793:586.0945644769207;1407:587.7147084769207;5826:589.9950204769207;7411:592.8936684769207;4686:593.9643804769206;5074:600.9048924769206;5295:601.1351484769207;5274:604.5139644769207;7181:609.0232524769207;604:612.6016524769207;603:613.6652364769207;602:614.5183644769206;3851:615.5217564769206;4573:619.8280764769206;1400:621.5607564769206;971:625.3591884769206;598:626.4264444769207;1368:627.3867804769206;591:633.2577324769206;585:646.4289804769206;940:653.0088444769207;1370:660.0354684769206;939:660.7321404769207;1903:661.5537324769207;983:662.5362444769207;3921:666.3343884769207;840:670.8952284769207;2881:677.5258524769207;5099:678.6787164769207;1157:683.4178593340636;2058:689.2076879054921;2092:692.5968307626349;915:697.7150021912063;2980:709.913345741263
0,1,default_vehtype,boarding,True,715.1832564322034,745.1832564322034,2979;-1;-1,2979;-1;-1,0.0,0.8571787703334688,0.8571787703334688,0.0,,0,14;19,2,,14,,
0,3,default_vehtype,boarding,True,712.4516607992877,742.4516607992877,2980;-1;-1,2980;-1;-1,0.0,0.6912296178134002,0.6912296178134002,0.0,,0,12,1,,12,,
0,4,default_vehtype,boarding,True,708.7688552091378,738.7688552091378,2989;-1;-1,2989;-1;-1,0.0,0.8224242636206537,0.8224242636206537,0.0,,0,15;24,2,24,,,
0,5,default_vehtype,route,False,660.8013528399102,779.4874366206,2985;-1;-1,2981;-1;-1,1026.684046143721,0.5431699749732705,0.543067306568656,0.0,,0,18,1,,,2985;1140;880;3109;3874;4306;429;3125;3406;2825;1944;130;99;4526;714;2800;4339;2419;5404;5421;1925;1883;926;925;5399;1905;830;2795;1891;827;6499;1803;1141;5241;922;6385;3550;2981,2985:660.8013528399102;1140:660.9959234747453;880:661.5872594747452;3109:663.4378034747452;3874:669.3020834747452;4306:681.4176434747452;429:682.8199634747452;3125:684.0734834747452;3406:696.4278434747453;2825:698.8975634747453;1944:700.2089234747453;130:702.5965634747454;99:703.0768034747454;4526:711.4864034747453;714:714.2832434747453;2800:716.2896434747453;4339:717.7834034747452;2419:722.3924834747452;5404:726.6193634747452;5421:727.7246834747452;1925:727.8679634747452;1883:728.9052434747452;926:733.1578034747453;925:736.1021234747452;5399:745.4069234747452;1905:746.7335234747452;830:747.9103634747452;2795:749.0940434747451;1891:749.3479634747451;827:750.4138034747451;6499:759.7686434747451;1803:765.7312034747451;1141:771.2358434747451;5241:772.8239234747451;922:773.7398354747452;6385:776.9614754747452;3550:777.2233154747452;2981:779.4874366206
0,6,default_vehtype,route,False,540.0,740.4425699417751,2984;-1;-1,2980;-1;-1,1603.9301736592736,0.7641243981819571,0.7639640051645912,0.0,,0,,0,,,2984;3012;7321;2804;3061;1173;3425;3125;3406;2825;1944;130;99;4526;714;2800;4339;2419;5404;5421;1925;1883;926;925;5399;1905;830;2795;1891;827;6499;1803;1141;5241;4811;5237;608;459;2416;4011;5246;363;366;2314;2877;1748;1743;1157;2058;2092;915;2980,2984:540;3012:542.4926606774329;7321:546.5033006774329;2804:549.8300606774329;3061:556.498100677433;1173:562.0964606774329;3425:563.2794206774329;3125:564.5329406774329;3406:576.8873006774329;2825:579.357020677433;1944:580.668380677433;130:583.056020677433;99:583.536260677433;4526:591.945860677433;714:594.7427006774329;2800:596.7491006774329;4339:598.2428606774329;2419:602.8519406774328;5404:607.0788206774329;5421:608.1841406774329;1925:608.3274206774329;1883:609.3647006774329;926:613.6172606774329;925:616.5615806774329;5399:625.8663806774329;1905:627.1929806774328;830:628.3698206774328;2795:629.5535006774328;1891:629.8074206774328;827:630.8732606774328;6499:640.2281006774327;1803:646.1906606774328;1141:651.6953006774328;5241:653.2833806774328;4811:654.9660206774328;5237:659.7065006774328;608:668.5725806774328;459:668.9023406774328;2416:671.1159806774328;4011:671.7801086774328;5246:677.7052766774328;363:684.6139646774328;366:686.0190446774328;2314:687.1639166774328;2877:700.3350206774328;1748:701.4535406774328;1743:709.2079406774328;1157:713.9470835345757;2058:719.7369121060042;2092:723.126054963147;915:728.2442263917184;2980:740.4425699417751
0,6,default_vehtype,boarding,True,740.4425699417751,770.4425699417751,2980;-1;-1,2980;-1;-1,0.0,0.7639640051645912,0.7639640051645912,0.0,,0,17,1,17,,,
0,7,default_vehtype,boarding,True,709.913345741263,739.913345741263,2980;-1;-1,2980;-1;-1,0.0,0.7717864960921923,0.7717864960921923,0.0,,0,16,1,16,,,
0,8,default_vehtype,route,False,532.2495463931191,739.62385065926,2972;-1;-1,2982;-1;-1,2174.530711170986,0.9160597227623731,0.915842269691256,0.0,,0,8,1,,,2972;6079;7380;364;3029;3886;5711;6045;2157;4817;456;5901;7605;2830;5852;6913;1321;597;2204;6066;6049;7367;2188;2186;5744;6033;5746;6031;146;2828;2376;3091;4274;880;3109;3874;4306;429;3125;3406;2825;1944;130;99;4526;714;2800;4339;2419;5404;5421;1925;1883;926;925;5399;1905;830;2795;918;3075;7097;7290;2736;1744;1164;2789;1218;2982,2972:532.2495463931191;6079:533.6284020046852;7380:534.0372900046852;364:534.4726740046852;3029:536.4968820046853;3886:536.9949060046853;5711:539.5344900046853;6045:540.9287700046852;2157:545.1172980046853;4817:545.5940820046852;456:546.2089620046852;5901:546.9645300046852;7605:550.4362260046852;2830:550.6656180046851;5852:557.1923460046852;6913:559.0887540046851;1321:564.2371860046851;597:564.7000740046851;2204:566.2573620046851;6066:566.9030580046851;6049:571.1293860046851;7367:573.4029300046851;2188:580.0660980046852;2186:581.3423700046851;5744:583.3577940046852;6033:584.7272340046852;5746:586.6506420046852;6031:588.1422660046852;146:589.1033940046852;2828:590.1952020046853;2376:595.6970820046853;3091:609.0188100046853;4274:610.1617380046853;880:610.7530740046852;3109:612.6036180046852;3874:618.4678980046853;4306:630.5834580046852;429:631.9857780046852;3125:633.2392980046852;3406:645.5936580046853;2825:648.0633780046853;1944:649.3747380046854;130:651.7623780046854;99:652.2426180046854;4526:660.6522180046853;714:663.4490580046853;2800:665.4554580046853;4339:666.9492180046852;2419:671.5582980046852;5404:675.7851780046852;5421:676.8904980046852;1925:677.0337780046852;1883:678.0710580046853;926:682.3236180046853;925:685.2679380046852;5399:694.5727380046852;1905:695.8993380046852;830:697.0761780046852;2795:698.2598580046852;918:699.4020180046851;3075:707.2749780046852;7097:708.1243380046852;7290:713.9264580046852;2736:722.6449380046852;1744:724.1001780046852;1164:735.2086980046852;2789:736.6204980046851;1218:737.7436980046851;2982:739.62385065926
0,8,default_vehtype,boarding,True,739.62385065926,769.62385065926,2982;-1;-1,2982;-1;-1,0.0,0.915842269691256,0.915842269691256,0.0,,0,8,1,,8,,
0,5,default_vehtype,boarding,True,779.4874366206,809.4874366206,2981;-1;-1,2981;-1;-1,0.0,0.543067306568656,0.543067306568656,0.0,,0,18,1,,18,,
0,8,default_vehtype,route,False,769.62385065926,817.1291526157105,2982;-1;-1,2983;-1;-1,395.8775163037551,0.915842269691256,0.9158026819396258,0.0,,0,,0,,,2982;2809;7010;820;7498;276;2915;2661;7517;6201;7314;2983,2982:769.62385065926;2809:775.3248180046852;7010:778.2322980046852;820:780.2132580046851;7498:780.6812580046851;276:780.7928580046851;2915:792.1388580046851;2661:799.372218004685;7517:806.684178004685;6201:807.545298004685;7314:814.440618004685;2983:817.1291526157105
0,0,default_vehtype,route,False,715.1665011302289,891.2538817430813,2979;-1;-1,2969;-1;-1,2297.2581998185124,0.9456405283067647,0.9454108024867828,0.0,,0,26,1,,,2979;2786;2307;3549;6384;4032;1804;4811;5237;608;459;2416;4011;5246;363;366;2314;2877;1748;2880;906;984;2268;1857;1806;1371;938;5442;4054;2205;1369;2047;3631;4079;4572;4577;778;3636;3639;3642;7178;5275;5297;5072;1464;2847;5825;4587;5794;3202;2065;2023;4203;4198;336;2969,2979:715.1665011302289;2786:717.1714366950276;2307:720.6901966950277;3549:726.3274366950277;6384:726.5892766950277;4032:729.8109166950277;1804:730.7268286950277;4811:732.4094686950277;5237:737.1499486950278;608:746.0160286950278;459:746.3457886950277;2416:748.5594286950278;4011:749.2235566950278;5246:755.1487246950278;363:762.0574126950278;366:763.4624926950278;2314:764.6073646950277;2877:777.7784686950278;1748:778.8969886950277;2880:780.0587806950277;906:792.2840926950278;984:795.0537886950277;2268:795.8016526950278;1857:796.1875726950278;1806:796.8497566950278;1371:797.5199326950278;938:800.1010606950279;5442:809.8217086950278;4054:817.4617006950278;2205:823.2141406950278;1369:829.6603006950278;2047:830.6033566950277;3631:832.1661886950277;4079:833.2334446950277;4572:837.0318766950278;4577:838.7645566950277;778:843.0708766950278;3636:844.0742686950277;3639:844.9273966950277;3642:845.9909806950277;7178:849.5693806950277;5275:854.0786686950277;5297:857.4574846950277;5072:857.6877406950277;1464:864.6282526950278;2847:865.6989646950277;5825:868.5976126950277;4587:870.8779246950277;5794:872.4980686950277;3202:876.6194206950277;2065:881.7636766950277;2023:887.3220046950277;4203:888.1227886950277;4198:889.1044366950276;336:890.1275566950276;2969:891.2538817430813
0,2,default_vehtype,route,False,583.9506081574152,877.4767408494596,2971;-1;-1,2966;-1;-1,2495.7317388922106,0.9624395749766755,0.9621900018027864,0.0,,0,13,1,,,2971;3807;7387;2045;2835;2641;7396;2616;486;2838;3722;3732;544;7400;5449;6824;4848;3271;4846;4989;5000;337;1075;5648;5759;205;5793;1407;5826;7411;4686;5074;5295;5274;7181;604;603;602;1339;1395;1399;835;1147;1093;2607;911;1150;665;666;1885;668;1415;1041;1623;1383;2333;2966,2971:583.9506081574152;3807:585.3269634255737;7387:589.3913634255737;2045:603.9296034255736;2835:606.2946834255737;2641:615.5057634255737;7396:616.1001234255738;2616:621.4617234255737;486:622.3734834255737;2838:628.6982034255736;3722:632.2174434255736;3732:654.6671634255736;544:657.3567234255736;7400:658.4322834255736;5449:659.6313234255736;6824:663.8846034255736;4848:671.3649234255736;3271:676.9180434255736;4846:678.7911234255736;4989:691.0636434255736;5000:695.8232034255735;337:703.5834354255735;1075:704.6072754255734;5648:705.4080594255735;5759:710.9663874255734;205:716.1106434255735;5793:720.2319954255735;1407:721.8521394255735;5826:724.1324514255734;7411:727.0310994255734;4686:728.1018114255734;5074:735.0423234255734;5295:735.2725794255734;5274:738.6513954255735;7181:743.1606834255734;604:746.7390834255734;603:747.8026674255734;602:748.6557954255734;1339:749.6481714255734;1395:758.1854994255734;1399:760.3262034255735;835:763.9031634255734;1147:764.6957394255735;1093:765.9550194255735;2607:774.0136914255735;911:776.8675554255735;1150:777.6280194255735;665:779.0778834255735;666:779.9469954255735;1885:780.9328194255735;668:794.3032194255735;1415:794.9322834255735;1041:811.6187977112878;1623:816.002054854145;1383:827.0874834255735;2333:867.2413691398592;2966:877.4767408494596
0,4,default_vehtype,route,False,738.7688552091378,865.7360113590244,2989;-1;-1,2975;-1;-1,1557.6160345823873,0.8224242636206537,0.8222685020171955,0.0,,0,15;24,2,,,2989;3808;6876;885;316;2042;1982;6306;374;7114;3246;5330;661;445;6080;7381;364;3029;3886;5711;6045;2157;4817;456;5901;7605;2830;5852;6913;1321;597;2204;6066;6049;7367;2188;2186;5744;6033;5746;6031;146;2828;2376;3091;4274;880;3109;3874;2975,2989:738.7688552091378;3808:739.4293721031114;6876:740.4973721031114;885:741.1007321031113;316:747.9278921031114;2042:758.6663321031114;1982:759.4290521031113;6306:759.6458921031114;374:767.9468921031114;7114:770.1619001031114;3246:771.2997161031115;5330:772.0472921031114;661:773.0387321031114;445:776.0684201031114;6080:778.8918281031114;7381:779.3007161031114;364:779.7361001031114;3029:781.7603081031115;3886:782.2583321031115;5711:784.7979161031114;6045:786.1921961031114;2157:790.3807241031114;4817:790.8575081031114;456:791.4723881031114;5901:792.2279561031114;7605:795.6996521031114;2830:795.9290441031113;5852:802.4557721031114;6913:804.3521801031113;1321:809.5006121031113;597:809.9635001031113;2204:811.5207881031113;6066:812.1664841031113;6049:816.3928121031113;7367:818.6663561031113;2188:825.3295241031113;2186:826.6057961031113;5744:828.6212201031113;6033:829.9906601031114;5746:831.9140681031114;6031:833.4056921031114;146:834.3668201031114;2828:835.4586281031114;2376:840.9605081031115;3091:854.2822361031115;4274:855.4251641031115;880:856.0165001031114;3109:857.8670441031114;3874:863.7313241031114;2975:865.7360113590244
0,4,default_vehtype,boarding,True,865.7360113590244,895.7360113590244,2975;-1;-1,2975;-1;-1,0.0,0.8222685020171955,0.8222685020171955,0.0,,0,15;24,2,,15,,
0,8,default_vehtype,boarding,True,817.1291526157105,847.1291526157105,2983;-1;-1,2983;-1;-1,0.0,0.9158026819396258,0.9158026819396258,0.0,,0,22,1,22,,,
0,8,default_vehtype,route,False,847.1291526157105,887.6700703483104,2983;-1;-1,2976;-1;-1,286.853266819285,0.9158026819396258,0.9157739966129439,0.0,,0,22,1,,,2983;7527;2803;7558;2806;4344;1199;1204;7329;2976,2983:847.1291526157105;7527:851.656098004685;2803:859.211058004685;7558:866.606058004685;2806:874.439898004685;4344:875.642898004685;1199:879.6332408618279;1204:883.6235837189707;7329:884.8265837189707;2976:887.6700703483104
0,0,default_vehtype,boarding,True,891.2538817430813,921.2538817430813,2969;-1;-1,2969;-1;-1,0.0,0.9454108024867828,0.9454108024867828,0.0,,0,26,1,,26,,
0,1,default_vehtype,route,False,745.1832564322034,910.1094079492492,2979;-1;-1,2974;-1;-1,1518.3813195196117,0.8571787703334688,0.8570269322015168,0.0,,0,19,1,,,2979;2786;2307;3549;6384;4032;1804;4277;5239;6501;3911;5389;7301;3914;5398;5400;4040;4041;5374;5418;5424;5403;6546;1200;7312;3767;4527;3089;3131;5447;7352;414;122;3426;4305;793;118;3979;4275;103;6480;7360;3154;6028;2181;2180;146;2828;2974,2979:745.1832564322034;2786:747.1881919970021;2307:750.7069519970022;3549:756.3441919970022;6384:756.6060319970022;4032:759.8276719970022;1804:760.7435839970022;4277:762.3316639970022;5239:767.8363039970022;6501:773.7988639970023;3911:783.1537039970023;5389:784.2195439970022;7301:784.4734639970022;3914:785.6571439970022;5398:786.8339839970022;5400:788.1605839970022;4040:797.4653839970022;4041:800.4097039970021;5374:804.6622639970021;5418:805.6995439970021;5424:805.8428239970021;5403:806.9481439970021;6546:811.1750239970022;1200:815.7841039970021;7312:817.2778639970021;3767:819.2842639970021;4527:822.0811039970021;3089:830.490703997002;3131:830.970943997002;5447:833.358583997002;7352:834.6699439970021;414:837.1396639970021;122:849.4940239970022;3426:850.7475439970021;4305:852.1498639970022;793:864.2654239970021;118:870.1297039970021;3979:871.9802479970022;4275:872.5715839970021;103:873.7145119970021;6480:887.0362399970021;7360:892.5381199970021;3154:893.6299279970021;6028:894.5910559970022;2181:898.8231131398593;2180:903.0551702827164;146:904.0162982827164;2828:905.1081062827164;2974:910.1094079492492
0,1,default_vehtype,boarding,True,910.1094079492492,940.1094079492492,2974;-1;-1,2974;-1;-1,0.0,0.8570269322015168,0.8570269322015168,0.0,,0,19,1,,19,,
0,2,default_vehtype,boarding,True,877.4767408494596,907.4767408494596,2966;-1;-1,2966;-1;-1,0.0,0.9621900018027864,0.9621900018027864,0.0,,0,13,1,,13,,
0,5,default_vehtype,route,False,809.4874366206,959.0966061592294,2981;-1;-1,2975;-1;-1,1207.0300509171504,0.543067306568656,0.5429466035635643,0.0,,0,,0,,,2981;6320;3549;6384;4032;1804;4277;5239;6501;3911;5389;7301;3914;5398;5400;4040;4041;5374;5418;5424;5403;6546;1200;7312;3767;4527;3089;3131;5447;7352;414;122;3426;4305;793;118;3979;4275;3068;70;73;4273;880;3109;3874;2975,2981:809.4874366206;6320:812.8605554747452;3549:818.4977954747452;6384:818.7596354747452;4032:821.9812754747452;1804:822.8971874747452;4277:824.4852674747452;5239:829.9899074747452;6501:835.9524674747453;3911:845.3073074747452;5389:846.3731474747452;7301:846.6270674747452;3914:847.8107474747452;5398:848.9875874747452;5400:850.3141874747452;4040:859.6189874747452;4041:862.5633074747451;5374:866.8158674747451;5418:867.8531474747451;5424:867.9964274747451;5403:869.1017474747451;6546:873.3286274747452;1200:877.9377074747451;7312:879.4314674747451;3767:881.4378674747451;4527:884.234707474745;3089:892.644307474745;3131:893.124547474745;5447:895.512187474745;7352:896.823547474745;414:899.2932674747451;122:911.6476274747451;3426:912.9011474747451;4305:914.3034674747452;793:926.4190274747451;118:932.2833074747451;3979:934.1338514747451;4275:934.7251874747451;3068:939.4694731890309;70:941.7554731890308;73:944.0414731890307;4273:948.7857589033165;880:949.3770949033164;3109:951.2276389033165;3874:957.0919189033165;2975:959.0966061592294
0,8,default_vehtype,boarding,True,887.6700703483104,917.6700703483104,2976;-1;-1,2976;-1;-1,0.0,0.9157739966129439,0.9157739966129439,0.0,,0,22,1,,22,,
0,4,default_vehtype,route,False,895.7360113590244,960.0,2975;-1;-1,926;925;0.820,535.5332386747962,0.8222685020171955,0.822214948693328,0.0,,0,24,1,,,2975;1166;429;3125;3406;2825;1944;130;99;4526;714;2800;4339;2419;5404;5421;1925;1883;926,2975:895.7360113590244;1166:905.8468841031115;429:907.2492041031115;3125:908.5027241031115;3406:920.8570841031116;2825:923.3268041031116;1944:924.6381641031116;130:927.0258041031117;99:927.5060441031117;4526:935.9156441031116;714:938.7124841031116;2800:940.7188841031116;4339:942.2126441031115;2419:946.8217241031115;5404:951.0486041031115;5421:952.1539241031115;1925:952.2972041031115;1883:953.3344841031115;926:957.5870441031116
0,1,default_vehtype,route,False,940.1094079492492,965.3854895386294,2974;-1;-1,2975;-1;-1,307.34020398631884,0.8570269322015168,0.8569961981811183,0.0,,0,,0,,,2974;6479;3091;4274;880;3109;3874;2975,2974:940.1094079492492;6479:940.6099862827165;3091:953.9317142827165;4274:955.0746422827165;880:955.6659782827164;3109:957.5165222827164;3874:963.3808022827164;2975:965.3854895386294
0,1,default_vehtype,boarding,True,965.3854895386294,995.3854895386294,2975;-1;-1,2975;-1;-1,0.0,0.8569961981811183,0.8569961981811183,0.0,,0,29,1,29,,,
0,4,default_vehtype,route,False,960.0,1003.9166772489663,926;925;0.820,2981;-1;-1,388.9587104080534,0.822214948693328,0.8221760528222872,0.0,,0,24,1,,,926;925;5399;1905;830;2795;1891;827;6499;1803;1141;5241;922;6385;3550;2981,926:960;925:960.5313641031115;5399:969.8361641031115;1905:971.1627641031115;830:972.3396041031115;2795:973.5232841031115;1891:973.7772041031114;827:974.8430441031114;6499:984.1978841031114;1803:990.1604441031114;1141:995.6650841031114;5241:997.2531641031114;922:998.1690761031115;6385:1001.3907161031115;3550:1001.6525561031115;2981:1003.9166772489663
0,5,default_vehtype,boarding,True,959.0966061592294,989.0966061592294,2975;-1;-1,2975;-1;-1,0.0,0.5429466035635643,0.5429466035635643,0.0,,0,25,1,25,,,
0,8,default_vehtype,route,False,917.6700703483104,980.9420930841358,2976;-1;-1,2985;-1;-1,539.7519081605719,0.9157739966129439,0.9157200214221278,0.0,,0,,0,,,2976;7557;2806;4344;2996;3013;7322;2804;3061;1173;3425;4304;793;118;3979;2985,2976:917.6700703483104;7557:922.6604237189707;2806:930.4942637189707;4344:931.6972637189707;2996:933.7407437189707;3013:938.5258637189708;7322:942.5365037189707;2804:945.8632637189708;3061:952.5313037189708;1173:958.1296637189707;3425:959.3126237189707;4304:960.7149437189707;793:972.8305037189707;118:978.6947837189707;3979:980.5453277189707;2985:980.9420930841358
0,8,default_vehtype,boarding,True,980.9420930841358,1010.9420930841358,2985;-1;-1,2985;-1;-1,0.0,0.9157200214221278,0.9157200214221278,0.0,,0,28,1,28,,,
0,1,default_vehtype,route,False,995.3854895386294,1038.5605289120563,2975;-1;-1,2976;-1;-1,359.7919947785567,0.8569961981811183,0.8569602189816404,0.0,,0,29,1,,,2975;1166;429;4313;68;7318;7325;3011;4;4345;7330;2976,2975:995.3854895386294;1166:1005.4963622827165;429:1006.8986822827165;4313:1008.0816422827165;68:1013.6800022827165;7318:1020.3480422827165;7325:1023.6748022827165;3011:1027.6854422827166;4:1032.4705622827166;4345:1034.5140422827167;7330:1035.7170422827166;2976:1038.5605289120563
0,1,default_vehtype,boarding,True,1038.5605289120563,1068.5605289120563,2976;-1;-1,2976;-1;-1,0.0,0.8569602189816404,0.8569602189816404,0.0,,0,29,1,,29,,
0,4,default_vehtype,boarding,True,1003.9166772489663,1033.9166772489662,2981;-1;-1,2981;-1;-1,0.0,0.8221760528222872,0.8221760528222872,0.0,,0,24;30,2,30,,,
0,4,default_vehtype,route,False,1033.9166772489662,1070.09591768117,2981;-1;-1,2979;-1;-1,176.13052741122,0.8221760528222872,0.8221584397695461,0.0,,0,24;30,2,,,2981;6320;7278;2411;6281;2286;2287;6538;2979,2981:1033.9166772489662;6320:1037.2897961031113;7278:1040.8085561031112;2411:1046.6436761031111;6281:1051.6877903888255;2286:1056.45470467454;2287:1061.2216189602543;6538:1066.2657332459687;2979:1070.09591768117
0,6,default_vehtype,route,False,770.4425699417751,1063.537611984921,2980;-1;-1,2990;-1;-1,2515.5820309769733,0.7639640051645912,0.7637124469614935,0.0,,0,17,1,,,2980;914;2135;1730;2664;2579;2961;2407;2581;370;361;2874;1887;1805;363;366;2314;2877;1748;2880;906;984;2268;1857;1806;1371;938;5442;4054;2205;1369;2047;3631;4079;4572;4577;778;3636;3639;1365;2574;7139;711;91;913;3564;4948;592;557;3881;4091;5064;991;990;4272;2724;6667;6711;1807;1653;6829;4349;4937;669;5061;7265;3848;534;2839;5449;2990,2980:770.4425699417751;914:786.3247406774327;2135:794.2755978202898;1730:809.7319406774327;2664:811.554054963147;2579:816.4299978202898;2961:833.200854963147;2407:838.4496549631469;2581:846.9369121060041;370:848.5197601060041;361:851.0168641060042;2874:851.6028721060042;1887:857.2582561060042;1805:858.2889361060041;363:865.1976241060041;366:866.6027041060041;2314:867.7475761060041;2877:880.9186801060041;1748:882.0372001060041;2880:883.1989921060041;906:895.4243041060041;984:898.1940001060041;2268:898.9418641060041;1857:899.3277841060042;1806:899.9899681060042;1371:900.6601441060042;938:903.2412721060042;5442:912.9619201060042;4054:920.6019121060042;2205:926.3543521060042;1369:932.8005121060041;2047:933.7435681060041;3631:935.306400106004;4079:936.3736561060041;4572:940.1720881060041;4577:941.9047681060041;778:946.2110881060041;3636:947.2144801060041;3639:948.0676081060041;1365:950.0093281060041;2574:961.5172081060041;7139:967.7836081060041;711:968.9692081060041;91:970.0512481060041;913:972.0670081060041;3564:977.9534881060041;4948:982.8694081060041;592:984.4960081060042;557:990.0917281060042;3881:991.0548481060042;4091:992.1536881060042;5064:993.7115281060043;991:994.1831281060042;990:996.2959681060042;4272:999.4651681060043;2724:1000.4596081060043;6667:1008.3917281060044;6711:1024.2512881060045;1807:1026.1784881060046;1653:1031.9824081060046;6829:1032.7553281060048;4349:1033.3042081060048;4937:1037.673768106005;669:1047.9811681060048;5061:1053.7895281060048;7265:1054.5727681060048;3848:1055.5474081060047;534:1059.5923681060046;2839:1060.9510081060046;5449:1062.1500481060045;2990:1063.537611984921
0,7,default_vehtype,route,False,739.913345741263,1020.2609799235909,2980;-1;-1,2993;-1;-1,2980.034721126262,0.7717864960921923,0.7714884926200797,0.0,,0,16,1,,,2980;914;2135;1730;2664;2579;2961;2407;2581;370;361;2874;1887;1805;363;366;2314;2877;1748;2880;906;984;2268;1857;1806;1371;938;5442;4054;2205;1369;2047;3631;4079;4572;4577;778;3636;3639;3642;7178;5275;5297;5072;1464;2847;5825;4587;5794;3202;2065;2023;4203;537;18;5629;1068;2559;6740;1717;2067;2063;1937;6789;3895;5465;7450;2993,2980:739.913345741263;914:755.7955164769206;2135:763.7463736197777;1730:779.2027164769206;2664:781.0248307626349;2579:785.9007736197777;2961:802.6716307626349;2407:807.9204307626349;2581:816.407687905492;370:817.990535905492;361:820.4876399054921;2874:821.0736479054921;1887:826.7290319054921;1805:827.759711905492;363:834.668399905492;366:836.073479905492;2314:837.218351905492;2877:850.389455905492;1748:851.507975905492;2880:852.669767905492;906:864.895079905492;984:867.664775905492;2268:868.412639905492;1857:868.7985599054921;1806:869.4607439054921;1371:870.1309199054921;938:872.7120479054921;5442:882.4326959054921;4054:890.0726879054921;2205:895.8251279054921;1369:902.271287905492;2047:903.214343905492;3631:904.777175905492;4079:905.844431905492;4572:909.642863905492;4577:911.375543905492;778:915.681863905492;3636:916.685255905492;3639:917.538383905492;3642:918.601967905492;7178:922.180367905492;5275:926.6896559054919;5297:930.068471905492;5072:930.298727905492;1464:937.239239905492;2847:938.309951905492;5825:941.208599905492;4587:943.4889119054919;5794:945.1090559054919;3202:949.2304079054919;2065:954.374663905492;2023:959.9329919054919;4203:960.7337759054919;537:961.6877759054919;18:967.5553439054919;5629:973.4047679054919;1068:975.9571679054919;2559:983.007767905492;6740:987.478391905492;1717:993.312119905492;2067:994.049903905492;2063:994.766159905492;1937:998.036111905492;6789:1008.5725199054921;3895:1009.839503905492;5465:1017.3714239054921;7450:1018.3556639054921;2993:1020.2609799235909
0,7,default_vehtype,boarding,True,1020.2609799235909,1050.2609799235909,2993;-1;-1,2993;-1;-1,0.0,0.7714884926200797,0.7714884926200797,0.0,,0,16,1,,16,,
0,0,default_vehtype,route,False,1080.0,1134.5952464750255,2969;-1;-1,2968;-1;-1,758.2673121531342,0.9454108024867828,0.9453349757555675,0.0,,0,,0,,,2969;7192;1664;337;1075;537;18;5629;1068;2559;6740;1717;2067;2720;4210;1711;2968,2969:1080;7192:1083.6036429519463;1664:1086.8575389519463;337:1094.6177709519463;1075:1095.6416109519464;537:1096.5956109519464;18:1102.4631789519462;5629:1108.3126029519462;1068:1110.8650029519463;2559:1117.9156029519463;6740:1122.3862269519464;1717:1128.2199549519464;2067:1128.9577389519463;2720:1129.7211549519463;4210:1130.6194269519463;1711:1131.7491069519463;2968:1134.5952464750255
0,4,default_vehtype,boarding,True,1070.09591768117,1100.0959176811702,2979;-1;-1,2979;-1;-1,0.0,0.8221584397695461,0.8221584397695461,0.0,,0,24;30,2,,24,,
0,6,default_vehtype,boarding,True,1063.537611984921,1093.537611984921,2990;-1;-1,2990;-1;-1,0.0,0.7637124469614935,0.7637124469614935,0.0,,0,17,1,,17,,
0,7,default_vehtype,route,False,1080.0,1085.8647695471266,2993;-1;-1,2967;-1;-1,81.45513259898192,0.7714884926200797,0.7714803471068198,0.0,,0,,0,,,2993;4483;7446;1960;2967,2993:1080;4483:1080.761419981901;7446:1083.428155981901;1960:1084.412395981901;2967:1085.8647695471266
0,7,default_vehtype,boarding,True,1085.8647695471266,1115.8647695471266,2967;-1;-1,2967;-1;-1,0.0,0.7714803471068198,0.7714803471068198,0.0,,0,33;34,2,33;34,,,
0,8,default_vehtype,route,False,1010.9420930841358,1132.2339875359758,2985;-1;-1,2972;-1;-1,1503.3785975454016,0.9157200214221278,0.9155696835623732,0.0,,0,28,1,,,2985;1140;103;6480;7360;3154;6028;5745;6035;5743;6038;6041;7365;6050;6068;6077;3629;4502;6912;2108;7370;7608;5900;3459;4818;5992;6047;5708;3884;3030;3347;7376;2207;3446;3720;5332;251;2711;3358;2296;5681;2294;2035;6308;374;7114;3246;5330;661;445;2972,2985:1010.9420930841358;1140:1011.1366637189708;103:1012.2795917189708;6480:1025.6013197189707;7360:1031.1031997189707;3154:1032.1950077189706;6028:1033.1561357189705;5745:1034.6477597189705;6035:1036.5711677189706;5743:1037.9406077189706;6038:1039.9560317189705;6041:1041.2323037189706;7365:1047.8954717189706;6050:1050.1690157189705;6068:1054.3953437189705;6077:1055.0410397189705;3629:1056.5983277189705;4502:1057.0612157189705;6912:1062.2096477189705;2108:1064.1060557189705;7370:1070.6327837189706;7608:1070.8621757189705;5900:1074.3338717189706;3459:1075.0894397189707;4818:1075.7043197189707;5992:1076.1811037189707;6047:1080.3696317189706;5708:1081.7639117189706;3884:1084.3034957189707;3030:1084.8015197189707;3347:1086.8257277189707;7376:1087.2611117189708;2207:1087.6699997189708;3446:1090.4934077189707;3720:1093.5230957189708;5332:1094.5145357189708;251:1095.2621117189708;2711:1096.3999277189707;3358:1098.6149357189706;2296:1106.9159357189706;5681:1109.3099357189706;2294:1110.6414214332563;2035:1111.972907147542;6308:1114.366907147542;374:1122.6679071475419;7114:1124.8829151475418;3246:1126.0207311475417;5330:1126.7683071475417;661:1127.7597471475417;445:1130.7894351475418;2972:1132.2339875359758
0,1,default_vehtype,route,False,1068.5605289120563,1140.0,2976;-1;-1,103;6480;0.513,653.1886908288863,0.8569602189816404,0.8568949001125575,0.0,,0,,0,,,2976;7557;2806;4344;2996;3013;7322;2804;3061;1173;3425;4304;793;118;3979;4275;103,2976:1068.5605289120563;7557:1073.5508822827167;2806:1081.3847222827167;4344:1082.5877222827166;2996:1084.6312022827167;3013:1089.4163222827167;7322:1093.4269622827167;2804:1096.7537222827166;3061:1103.4217622827166;1173:1109.0201222827166;3425:1110.2030822827167;4304:1111.6054022827166;793:1123.7209622827165;118:1129.5852422827165;3979:1131.4357862827164;4275:1132.0271222827164;103:1133.1700502827164
0,0,default_vehtype,boarding,True,1134.5952464750255,1164.5952464750255,2968;-1;-1,2968;-1;-1,0.0,0.9453349757555675,0.9453349757555675,0.0,,0,32,1,32,,,
0,1,default_vehtype,route,False,1140.0,1194.841027824343,103;6480;0.513,2975;-1;-1,616.865314392557,0.8568949001125575,0.8568332135811183,0.0,,0,,0,,,103;6480;7360;3154;6028;2181;2180;146;2828;2376;3091;4274;880;3109;3874;2975,103:1140;6480:1146.4917782827163;7360:1151.9936582827163;3154:1153.0854662827162;6028:1154.0465942827161;2181:1158.2786514255733;2180:1162.5107085684306;146:1163.4718365684305;2828:1164.5636445684304;2376:1170.0655245684304;3091:1183.3872525684303;4274:1184.5301805684303;880:1185.1215165684303;3109:1186.9720605684302;3874:1192.8363405684302;2975:1194.841027824343
0,5,default_vehtype,route,False,989.0966061592294,1184.069395635158,2975;-1;-1,2971;-1;-1,2124.329645632739,0.5429466035635643,0.542734170599001,0.0,,0,25,1,,,2975;1166;793;118;3979;4275;103;6480;7360;3154;6028;5745;6035;5743;6038;6041;7365;6050;6068;6077;3629;4502;6912;2108;7370;7608;5900;3459;4818;5992;6047;5708;3884;3030;3347;7376;2207;3446;3720;5332;251;2711;3358;2296;5495;5696;3307;3987;2396;886;808;1372;807;1375;108;1376;1380;373;2390;7391;5704;7389;2971,2975:989.0966061592294;1166:999.2074789033165;793:1011.3230389033165;118:1017.1873189033165;3979:1019.0378629033165;4275:1019.6291989033165;103:1020.7721269033165;6480:1034.0938549033165;7360:1039.5957349033165;3154:1040.6875429033164;6028:1041.6486709033163;5745:1043.1402949033163;6035:1045.0637029033164;5743:1046.4331429033164;6038:1048.4485669033163;6041:1049.7248389033164;7365:1056.3880069033164;6050:1058.6615509033163;6068:1062.8878789033163;6077:1063.5335749033163;3629:1065.0908629033163;4502:1065.5537509033163;6912:1070.7021829033163;2108:1072.5985909033163;7370:1079.1253189033164;7608:1079.3547109033163;5900:1082.8264069033164;3459:1083.5819749033164;4818:1084.1968549033165;5992:1084.6736389033165;6047:1088.8621669033164;5708:1090.2564469033164;3884:1092.7960309033165;3030:1093.2940549033165;3347:1095.3182629033165;7376:1095.7536469033166;2207:1096.1625349033166;3446:1098.9859429033165;3720:1102.0156309033166;5332:1103.0070709033166;251:1103.7546469033166;2711:1104.8924629033165;3358:1107.1074709033164;2296:1115.4084709033164;5495:1115.6253109033164;5696:1116.3880309033163;3307:1127.1264709033164;3987:1133.9536309033165;2396:1135.2595909033164;886:1140.8971909033164;808:1141.3633909033165;1372:1142.2263109033165;807:1143.3301909033164;1375:1145.0143909033163;108:1147.1548309033162;1376:1148.9550709033163;1380:1150.9716709033162;373:1160.532670903316;2390:1163.0773909033162;7391:1164.4780309033163;5704:1166.8431109033163;7389:1181.3813509033164;2971:1184.069395635158
0,8,default_vehtype,boarding,True,1132.2339875359758,1162.2339875359758,2972;-1;-1,2972;-1;-1,0.0,0.9155696835623732,0.9155696835623732,0.0,,0,28,1,,28,,
0,1,default_vehtype,boarding,True,1194.841027824343,1224.841027824343,2975;-1;-1,2975;-1;-1,0.0,0.8568332135811183,0.8568332135811183,0.0,,0,35,1,35,,,
0,5,default_vehtype,boarding,True,1184.069395635158,1214.069395635158,2971;-1;-1,2971;-1;-1,0.0,0.542734170599001,0.542734170599001,0.0,,0,25,1,,25,,
0,6,default_vehtype,route,False,1200.0,1246.3626871904564,2990;-1;-1,2991;-1;-1,477.01089919476397,0.7637124469614935,0.7636647458715741,0.0,,0,,0,,,2990;2552;4848;3271;4846;4989;5000;337;1075;537;2991,2990:1200;2552:1202.8657161210833;4848:1210.3460361210832;3271:1215.8991561210833;4846:1217.7722361210833;4989:1230.0447561210833;5000:1234.8043161210833;337:1242.5645481210834;1075:1243.5883881210834;537:1244.5423881210834;2991:1246.3626871904564
0,4,default_vehtype,route,False,1100.0959176811702,1303.007821935305,2979;-1;-1,2973;-1;-1,2147.060361502996,0.8221584397695461,0.8219437337333957,0.0,,0,30,1,,,2979;2786;2307;3549;6384;4032;1804;4277;5239;6501;3911;5389;7301;3914;5398;5400;4040;4041;5374;5418;5424;5403;6546;1200;7312;3767;4527;3089;3131;5447;7352;414;122;3426;4305;793;118;3979;4275;103;6480;7360;3154;6028;5745;6035;5743;6038;6041;7365;6050;6068;6077;3629;4502;6912;2108;7370;1420;1084;2973,2979:1100.0959176811702;2786:1102.1008532459691;2307:1105.619613245969;3549:1111.256853245969;6384:1111.518693245969;4032:1114.740333245969;1804:1115.6562452459689;4277:1117.2443252459689;5239:1122.748965245969;6501:1128.711525245969;3911:1138.0663652459689;5389:1139.1322052459689;7301:1139.386125245969;3914:1140.569805245969;5398:1141.7466452459691;5400:1143.0732452459692;4040:1152.3780452459691;4041:1155.3223652459692;5374:1159.574925245969;5418:1160.612205245969;5424:1160.755485245969;5403:1161.860805245969;6546:1166.087685245969;1200:1170.696765245969;7312:1172.190525245969;3767:1174.196925245969;4527:1176.993765245969;3089:1185.4033652459689;3131:1185.883605245969;5447:1188.2712452459689;7352:1189.5826052459688;414:1192.0523252459689;122:1204.406685245969;3426:1205.6602052459689;4305:1207.0625252459688;793:1219.1780852459688;118:1225.0423652459688;3979:1226.8929092459687;4275:1227.4842452459686;103:1228.6271732459686;6480:1241.9489012459685;7360:1247.4507812459685;3154:1248.5425892459684;6028:1249.5037172459683;5745:1250.9953412459683;6035:1252.9187492459685;5743:1254.2881892459684;6038:1256.3036132459683;6041:1257.5798852459684;7365:1264.2430532459684;6050:1266.5165972459683;6068:1270.7429252459683;6077:1271.3886212459684;3629:1272.9459092459683;4502:1273.4087972459683;6912:1278.5572292459683;2108:1280.4536372459684;7370:1286.9803652459684;1420:1298.6854772459685;1084:1302.2204612459684;2973:1303.007821935305
0,6,default_vehtype,boarding,True,1246.3626871904564,1276.3626871904564,2991;-1;-1,2991;-1;-1,0.0,0.7636647458715741,0.7636647458715741,0.0,,0,36,1,36,,,
0,8,default_vehtype,route,False,1162.2339875359758,1274.721217958511,2972;-1;-1,2986;-1;-1,1394.3769304717207,0.9155696835623732,0.9154302458693261,0.0,,0,,0,,,2972;6079;7380;364;3029;3886;5711;6045;2157;4817;456;5901;7605;2830;5852;6913;1321;597;2204;6066;6049;7367;2188;2186;5744;6033;5746;6031;146;2828;2376;3091;4274;3068;70;73;4273;103;6480;7360;2986,2972:1162.2339875359758;6079:1163.6128431475418;7380:1164.0217311475417;364:1164.4571151475418;3029:1166.4813231475418;3886:1166.9793471475418;5711:1169.518931147542;6045:1170.913211147542;2157:1175.1017391475418;4817:1175.5785231475418;456:1176.1934031475419;5901:1176.948971147542;7605:1180.420667147542;2830:1180.650059147542;5852:1187.176787147542;6913:1189.073195147542;1321:1194.221627147542;597:1194.684515147542;2204:1196.241803147542;6066:1196.887499147542;6049:1201.113827147542;7367:1203.387371147542;2188:1210.050539147542;2186:1211.326811147542;5744:1213.342235147542;6033:1214.7116751475419;5746:1216.635083147542;6031:1218.126707147542;146:1219.087835147542;2828:1220.1796431475418;2376:1225.6815231475418;3091:1239.0032511475417;4274:1240.1461791475417;3068:1244.8904648618275;70:1247.1764648618275;73:1249.4624648618276;4273:1254.2067505761133;103:1255.3496785761133;6480:1268.6714065761132;7360:1274.1732865761132;2986:1274.721217958511
0,8,default_vehtype,boarding,True,1274.721217958511,1304.721217958511,2986;-1;-1,2986;-1;-1,0.0,0.9154302458693261,0.9154302458693261,0.0,,0,31,1,31,,,
0,8,default_vehtype,route,False,1304.721217958511,1320.0,2986;-1;-1,2376;3091;0.611,212.20530613179375,0.9154302458693261,0.9154090253387129,0.0,,0,31,1,,,2986;3155;7358;2376,2986:1304.721217958511;3155:1305.2650945761131;7358:1306.356902576113;2376:1311.858782576113
0,3,default_vehtype,route,False,1200.0,1354.6278717422872,2980;-1;-1,2979;-1;-1,808.3882022793445,0.6912296178134002,0.6911487789931723,0.0,,0,,0,,,2980;914;2135;1730;2664;2579;2961;2407;2581;370;361;2874;1887;4059;910;6541;3462;3648;2851;2850;1801;1560;5242;922;6385;3550;6322;7280;2411;6281;2286;2287;6538;2979,2980:1200;914:1215.8821707356576;2135:1223.8330278785147;1730:1239.2893707356575;2664:1241.1114850213717;2579:1245.9874278785146;2961:1262.7582850213716;2407:1268.0070850213717;2581:1276.4943421642288;370:1278.0771901642288;361:1280.5742941642288;2874:1281.1603021642288;1887:1286.8156861642287;4059:1288.7349901642287;910:1293.2511901642288;6541:1293.9153181642287;3462:1296.1289581642286;3648:1296.4587181642287;2851:1301.1329581642287;2850:1302.0663181642287;1801:1305.3619981642287;1560:1310.1024781642286;5242:1311.7851181642286;922:1312.7010301642285;6385:1315.9226701642285;3550:1316.1845101642284;6322:1321.8217501642284;7280:1325.3405101642284;2411:1331.1756301642283;6281:1336.2197444499427;2286:1340.986658735657;2287:1345.7535730213715;6538:1350.7976873070859;2979:1354.6278717422872
0,4,default_vehtype,boarding,True,1303.007821935305,1333.007821935305,2973;-1;-1,2973;-1;-1,0.0,0.8219437337333957,0.8219437337333957,0.0,,0,30,1,,30,,
0,7,default_vehtype,route,False,1115.8647695471266,1375.8871853470662,2967;-1;-1,2985;-1;-1,2734.6677749991595,0.7714803471068198,0.7712068803293198,0.0,,0,33;34,2,,,2967;3896;6788;5444;1716;2720;4210;1711;98;2497;7434;2760;542;1074;4204;5649;5760;205;5793;1407;5826;7411;4686;5074;5295;5274;7181;604;603;1365;2574;7139;1693;1114;5299;7129;754;611;1812;1186;7311;3767;4527;3089;3131;5447;7352;414;122;3426;4305;793;118;3979;2985,2967:1115.8647695471266;3896:1121.9443159819011;6788:1123.2112999819012;5444:1133.7477079819012;1716:1136.5380679819011;2720:1137.2847079819012;4210:1138.182979981901;1711:1139.312659981901;98:1147.9284679819011;2497:1149.439099981901;7434:1156.6469479819011;2760:1163.1854839819011;542:1170.7135879819011;1074:1171.6469959819012;4204:1172.6286439819012;5649:1173.4294279819012;5760:1178.9877559819013;205:1184.1320119819013;5793:1188.2533639819012;1407:1189.8735079819012;5826:1192.1538199819013;7411:1195.0524679819014;4686:1196.1231799819013;5074:1203.0636919819012;5295:1203.2939479819013;5274:1206.6727639819012;7181:1211.1820519819012;604:1214.7604519819013;603:1215.8240359819013;1365:1217.7657559819013;2574:1229.2736359819014;7139:1235.5400359819014;1693:1237.1786359819014;1114:1253.5191559819013;5299:1268.0643559819014;7129:1269.4153159819014;754:1312.9754359819015;611:1314.2240359819014;1812:1318.7951959819013;1186:1319.9723959819014;7311:1320.7880359819014;3767:1322.7944359819014;4527:1325.5912759819014;3089:1334.0008759819013;3131:1334.4811159819014;5447:1336.8687559819014;7352:1338.1801159819013;414:1340.6498359819013;122:1353.0041959819014;3426:1354.2577159819014;4305:1355.6600359819013;793:1367.7755959819012;118:1373.6398759819012;3979:1375.4904199819011;2985:1375.8871853470662
0,0,default_vehtype,route,False,1164.5952464750255,1394.8592525300055,2968;-1;-1,2979;-1;-1,2772.5724880283537,0.9453349757555675,0.9450577185067646,0.0,,0,32,1,,,2968;98;2497;7434;2760;542;1074;4204;5649;5760;205;5793;1407;5826;7411;4686;5074;5295;5274;7181;604;603;602;3851;4573;1400;971;598;1368;591;585;940;1370;939;1903;983;3921;840;2881;5099;2878;1735;2581;370;361;2874;1887;4059;910;6541;3462;3648;2851;2850;1801;1560;5242;922;6385;3550;6322;7280;2411;6281;2286;2287;6538;2979,2968:1164.5952464750255;98:1170.3649149519463;2497:1171.8755469519463;7434:1179.0833949519463;2760:1185.6219309519463;542:1193.1500349519463;1074:1194.0834429519464;4204:1195.0650909519463;5649:1195.8658749519464;5760:1201.4242029519464;205:1206.5684589519465;5793:1210.6898109519464;1407:1212.3099549519463;5826:1214.5902669519464;7411:1217.4889149519465;4686:1218.5596269519465;5074:1225.5001389519464;5295:1225.7303949519464;5274:1229.1092109519464;7181:1233.6184989519463;604:1237.1968989519464;603:1238.2604829519464;602:1239.1136109519464;3851:1240.1170029519465;4573:1244.4233229519464;1400:1246.1560029519464;971:1249.9544349519465;598:1251.0216909519465;1368:1251.9820269519466;591:1257.8529789519466;585:1271.0242269519467;940:1277.6040909519468;1370:1284.6307149519469;939:1285.327386951947;1903:1286.148978951947;983:1287.131490951947;3921:1290.929634951947;840:1295.4904749519471;2881:1302.121098951947;5099:1303.273962951947;2878:1304.401986951947;1735:1315.386306951947;2581:1316.725722951947;370:1318.308570951947;361:1320.8056749519471;2874:1321.3916829519471;1887:1327.047066951947;4059:1328.966370951947;910:1333.482570951947;6541:1334.146698951947;3462:1336.360338951947;3648:1336.690098951947;2851:1341.364338951947;2850:1342.297698951947;1801:1345.593378951947;1560:1350.333858951947;5242:1352.016498951947;922:1352.9324109519468;6385:1356.1540509519468;3550:1356.4158909519467;6322:1362.0531309519467;7280:1365.5718909519467;2411:1371.4070109519466;6281:1376.451125237661;2286:1381.2180395233754;2287:1385.9849538090898;6538:1391.0290680948042;2979:1394.8592525300055
0,0,default_vehtype,boarding,True,1394.8592525300055,1424.8592525300055,2979;-1;-1,2979;-1;-1,0.0,0.9450577185067646,0.9450577185067646,0.0,,0,32,1,,32,,
0,1,default_vehtype,route,False,1224.841027824343,1421.575919637803,2975;-1;-1,2991;-1;-1,1899.5842043864618,0.8568332135811183,0.8566432551606797,0.0,,0,35,1,,,2975;1166;429;3125;3406;2825;1944;130;99;4526;714;2800;4332;799;3653;3825;7127;1836;4248;5046;7138;6879;1367;3637;3640;3643;7179;5275;5297;5072;1464;2847;5825;4587;5794;3202;2065;2023;4203;537;2991,2975:1224.841027824343;1166:1234.9519005684301;429:1236.35422056843;3125:1237.60774056843;3406:1249.96210056843;2825:1252.43182056843;1944:1253.74318056843;130:1256.13082056843;99:1256.61106056843;4526:1265.02066056843;714:1267.81750056843;2800:1269.82390056843;4332:1270.63954056843;799:1271.82046056843;3653:1276.41670056843;3825:1277.66530056843;7127:1321.22542056843;1836:1322.57638056843;4248:1337.12158056843;5046:1353.46210056843;7138:1355.10070056843;6879:1361.36710056843;1367:1372.85998056843;3637:1374.75310056843;3640:1375.60622856843;3643:1376.66981256843;7179:1380.24821256843;5275:1384.75750056843;5297:1388.13631656843;5072:1388.36657256843;1464:1395.30708456843;2847:1396.3777965684299;5825:1399.27644456843;4587:1401.55675656843;5794:1403.17690056843;3202:1407.29825256843;2065:1412.44250856843;2023:1418.00083656843;4203:1418.80162056843;537:1419.75562056843;2991:1421.575919637803
0,2,default_vehtype,route,False,1260.0,1389.3842100991924,2966;-1;-1,2968;-1;-1,1254.300603940767,0.9621900018027864,0.9620645717423923,0.0,,0,,0,,,2966;2743;2631;2150;735;738;2470;734;1815;739;1724;1962;1910;164;1354;197;1311;7;1963;1308;482;7613;2611;1307;2876;1960;816;6786;5444;1716;2720;4210;1711;2968,2966:1260;2743:1267.8438282903996;2631:1271.8552568618281;2150:1288.7855425761138;735:1299.2677140046853;738:1305.435542576114;2470:1306.3852225761138;734:1306.5940945761138;1815:1307.6023105761137;739:1308.4428385761137;1724:1324.9005265761136;1962:1325.9573425761137;1910:1326.7795825761136;164:1327.7307745761136;1354:1328.6872945761136;197:1330.8965425761135;1311:1342.4313025761135;7:1346.1262705761135;1963:1346.5347265761134;1308:1346.8959505761134;482:1351.4505985761134;7613:1352.7747505761133;2611:1356.6711025761133;1307:1357.9868305761133;2876:1360.6535665761132;1960:1361.6378065761132;816:1369.1697265761131;6786:1370.4367105761132;5444:1380.9731185761132;1716:1383.7634785761131;2720:1384.5101185761132;4210:1385.408390576113;1711:1386.5380705761131;2968:1389.3842100991924
0,2,default_vehtype,boarding,True,1389.3842100991924,1419.3842100991924,2968;-1;-1,2968;-1;-1,0.0,0.9620645717423923,0.9620645717423923,0.0,,0,41;38,2,41;38,,,
0,3,default_vehtype,boarding,True,1354.6278717422872,1384.6278717422872,2979;-1;-1,2979;-1;-1,0.0,0.6911487789931723,0.6911487789931723,0.0,,0,37,1,37,,,
0,5,default_vehtype,boarding,True,1380.0,1410.0,2971;-1;-1,2971;-1;-1,0.0,0.542734170599001,0.542734170599001,0.0,,0,43,1,43,,,
0,7,default_vehtype,boarding,True,1375.8871853470662,1405.8871853470662,2985;-1;-1,2985;-1;-1,0.0,0.7712068803293198,0.7712068803293198,0.0,,0,33;34,2,,33,,
0,8,default_vehtype,route,False,1320.0,1409.9673464730008,2376;3091;0.611,2977;-1;-1,798.4241015867497,0.9154090253387129,0.9153291829285543,0.0,,0,31,1,,,2376;3091;4274;880;3109;3874;4306;429;4313;68;7318;7325;3011;4;4345;7330;7562;7316;7531;2802;2977,2376:1320;3091:1325.180510576113;4274:1326.323438576113;880:1326.914774576113;3109:1328.7653185761128;3874:1334.6295985761128;4306:1346.7451585761128;429:1348.1474785761127;4313:1349.3304385761128;68:1354.9287985761127;7318:1361.5968385761128;7325:1364.9235985761127;3011:1368.9342385761126;4:1373.7193585761127;4345:1375.7628385761127;7330:1376.9658385761127;7562:1384.7996785761127;7316:1392.1946785761127;7531:1399.7496385761126;2802:1406.9651185761127;2977:1409.9673464730008
0,8,default_vehtype,boarding,True,1409.9673464730008,1439.9673464730008,2977;-1;-1,2977;-1;-1,0.0,0.9153291829285543,0.9153291829285543,0.0,,0,31;42,2,42,,,
0,0,default_vehtype,boarding,True,1440.0,1470.0,2979;-1;-1,2979;-1;-1,0.0,0.9450577185067646,0.9450577185067646,0.0,,0,47,1,47,,,
0,1,default_vehtype,boarding,True,1421.575919637803,1451.575919637803,2991;-1;-1,2991;-1;-1,0.0,0.8566432551606797,0.8566432551606797,0.0,,0,35,1,,35,,
0,1,default_vehtype,route,False,1451.575919637803,1487.4381170334848,2991;-1;-1,2992;-1;-1,498.08607494002206,0.8566432551606797,0.8565934465531857,0.0,,0,,0,,,2991;3010;5631;1068;2559;6740;1717;2067;2063;1937;2992,2991:1451.575919637803;3010:1455.6231885684301;5631:1461.4726125684301;1068:1464.0250125684302;2559:1471.0756125684302;6740:1475.5462365684302;1717:1481.3799645684303;2067:1482.1177485684302;2063:1482.8340045684301;1937:1486.1039565684302;2992:1487.4381170334848
0,2,default_vehtype,route,False,1419.3842100991924,1451.0218516241669,2968;-1;-1,2969;-1;-1,439.4116878468658,0.9620645717423923,0.9620206305736076,0.0,,0,41;38,2,,,2968;98;2497;7434;2760;542;1074;336;2969,2968:1419.3842100991924;98:1425.1538785761131;2497:1426.6645105761131;7434:1433.8723585761131;2760:1440.4108945761132;542:1447.9389985761131;1074:1448.8724065761132;336:1449.8955265761133;2969:1451.0218516241669
0,2,default_vehtype,boarding,True,1451.0218516241669,1481.0218516241669,2969;-1;-1,2969;-1;-1,0.0,0.9620206305736076,0.9620206305736076,0.0,,0,41;38,2,,41,,
0,5,default_vehtype,route,False,1410.0,1466.124238253751,2971;-1;-1,2988;-1;-1,514.7105099710569,0.542734170599001,0.5426826995480039,0.0,,0,43,1,,,2971;3807;6875;885;316;2042;1982;6306;374;7114;3246;5330;661;445;6080;7381;364;3029;69;30;3346;2832;2207;2988,2971:1410;3807:1411.3763552681585;6875:1412.4443552681585;885:1413.0477152681585;316:1419.8748752681586;2042:1430.6133152681587;1982:1431.3760352681586;6306:1431.5928752681587;374:1439.8938752681586;7114:1442.1088832681585;3246:1443.2466992681584;5330:1443.9942752681584;661:1444.9857152681584;445:1448.0154032681585;6080:1450.8388112681585;7381:1451.2476992681584;364:1451.6830832681585;3029:1453.7072912681585;69:1457.8395769824442;30:1461.9718626967299;3346:1463.99607069673;2832:1464.43145469673;2207:1464.84034269673;2988:1466.124238253751
0,5,default_vehtype,boarding,True,1466.124238253751,1496.124238253751,2988;-1;-1,2988;-1;-1,0.0,0.5426826995480039,0.5426826995480039,0.0,,0,43,1,,43,,
0,7,default_vehtype,route,False,1405.8871853470662,1467.8377810187537,2985;-1;-1,2984;-1;-1,479.914197616323,0.7712068803293198,0.7711588889095582,0.0,,0,34,1,,,2985;1140;880;3109;3874;4306;429;4313;68;7318;7325;3011;4;4345;1199;1204;2996;2984,2985:1405.8871853470662;1140:1406.081755981901;880:1406.673091981901;3109:1408.523635981901;3874:1414.387915981901;4306:1426.503475981901;429:1427.9057959819008;4313:1429.088755981901;68:1434.687115981901;7318:1441.355155981901;7325:1444.6819159819008;3011:1448.6925559819008;4:1453.4776759819008;4345:1455.5211559819008;1199:1459.5114988390437;1204:1463.5018416961866;2996:1465.5453216961866;2984:1467.8377810187537
0,7,default_vehtype,boarding,True,1467.8377810187537,1497.8377810187537,2984;-1;-1,2984;-1;-1,0.0,0.7711588889095582,0.7711588889095582,0.0,,0,34,1,,34,,
0,8,default_vehtype,route,False,1439.9673464730008,1453.444293187138,2977;-1;-1,2983;-1;-1,112.30788928447758,0.9153291829285543,0.9153179521396259,0.0,,0,31;42,2,,,2977;6202;7315;2983,2977:1439.9673464730008;6202:1443.8604385761125;7315:1450.7557585761126;2983:1453.444293187138
0,8,default_vehtype,boarding,True,1453.444293187138,1483.444293187138,2983;-1;-1,2983;-1;-1,0.0,0.9153179521396259,0.9153179521396259,0.0,,0,31;42,2,,31,,
0,7,default_vehtype,route,False,1497.8377810187537,1500.0,2984;-1;-1,2984;3012;0.867,18.018491510385577,0.7711588889095582,0.7711570870604072,0.0,,0,,0,,,2984,2984:1497.8377810187537
0,1,default_vehtype,boarding,True,1487.4381170334848,1517.4381170334848,2992;-1;-1,2992;-1;-1,0.0,0.8565934465531857,0.8565934465531857,0.0,,0,39,1,39,,,
0,4,default_vehtype,route,False,1333.007821935305,1526.2232319411262,2973;-1;-1,2970;-1;-1,1824.0581335204492,0.8219437337333957,0.8217613279200436,0.0,,0,,0,,,2973;7354;4225;4614;7369;7607;5900;3459;4818;5992;6047;5708;3884;3030;3347;7376;2207;3446;3720;5332;251;2711;3358;2296;5495;5696;3307;3987;6878;746;2834;2045;2835;2641;7396;2616;486;2838;3722;3732;544;7400;5449;6824;4848;1631;1593;6821;1946;7401;3560;2970,2973:1333.007821935305;7354:1336.8049892459685;4225:1341.3895172459686;4614:1344.9245012459685;7369:1356.6296132459686;7607:1356.8590052459685;5900:1360.3307012459686;3459:1361.0862692459687;4818:1361.7011492459687;5992:1362.1779332459687;6047:1366.3664612459686;5708:1367.7607412459686;3884:1370.3003252459687;3030:1370.7983492459687;3347:1372.8225572459687;7376:1373.2579412459688;2207:1373.6668292459688;3446:1376.4902372459687;3720:1379.5199252459688;5332:1380.5113652459688;251:1381.2589412459688;2711:1382.3967572459687;3358:1384.6117652459686;2296:1392.9127652459686;5495:1393.1296052459686;5696:1393.8923252459686;3307:1404.6307652459686;3987:1411.4579252459687;6878:1412.0612852459687;746:1413.1292852459687;2834:1417.1936852459687;2045:1431.7319252459688;2835:1434.0970052459688;2641:1443.3080852459689;7396:1443.902445245969;2616:1449.2640452459689;486:1450.1758052459688;2838:1456.500525245969;3722:1460.019765245969;3732:1482.469485245969;544:1485.159045245969;7400:1486.234605245969;5449:1487.433645245969;6824:1491.686925245969;4848:1499.1672452459688;1631:1504.8614166745404;1593:1510.5555881031119;6821:1518.0359081031118;1946:1522.2891881031117;7401:1523.4882281031116;3560:1524.5637881031116;2970:1526.2232319411262
0,4,default_vehtype,boarding,True,1526.2232319411262,1556.2232319411262,2970;-1;-1,2970;-1;-1,0.0,0.8217613279200436,0.8217613279200436,0.0,,0,40;48,2,40;48,,,
0,6,default_vehtype,route,False,1276.3626871904564,1523.3221793769962,2991;-1;-1,2975;-1;-1,2902.561795613538,0.7636647458715741,0.7633744896920128,0.0,,0,36,1,,,2991;3010;5631;1068;2867;2760;542;1074;1071;1070;1069;1067;1504;4396;710;2281;4664;6260;3300;1832;708;6180;2405;6169;2744;2567;2576;3077;3241;88;2758;2742;2448;2353;6140;7386;3742;7100;6318;737;6639;2446;2301;1992;1990;1988;1985;3729;5498;5496;5699;5494;6307;374;7114;3246;5330;661;445;6080;7381;364;3029;3886;5711;6045;2157;4817;456;5901;7605;2830;5852;6913;1321;597;2204;6066;6049;7367;2188;2186;5744;6033;5746;6031;146;2828;2376;3091;4274;880;3109;3874;2975,2991:1276.3626871904564;3010:1280.4099561210835;5631:1286.2593801210835;1068:1288.8117801210835;2867:1289.6860761210835;2760:1296.2246121210835;542:1303.7527161210835;1074:1304.6861241210836;1071:1305.6886521210836;1070:1320.1519401210835;1069:1320.8902281210835;1067:1323.5522841210834;1504:1328.0060601210835;4396:1328.2323561210835;710:1328.7830121210834;2281:1329.7887081210833;4664:1333.6667001210833;6260:1334.1125961210832;3300:1334.7117081210833;1832:1337.5019241210834;708:1338.0409881210835;6180:1338.4644201210835;2405:1340.6868201210837;6169:1344.1639401210837;2744:1348.7645001210838;2567:1350.6074601210837;2576:1359.0960201210837;3077:1361.2286601210837;3241:1364.3575401210837;88:1366.2843801210838;2758:1368.2478201210838;2742:1368.6542601210838;2448:1371.8399001210837;2353:1378.0407801210838;6140:1383.2118201210837;7386:1384.5542601210836;3742:1392.2132601210837;7100:1392.7529001210837;6318:1393.2309801210838;737:1394.1467001210838;6639:1395.9959001210839;2446:1397.5671801210838;2301:1399.8642201210837;1992:1400.8892601210837;1990:1402.5861801210838;1988:1405.0401801210837;1985:1408.5619401210838;3729:1410.9093801210838;5498:1412.3067801210839;5496:1415.2140201210839;5699:1415.9114601210838;5494:1417.0152201210838;6307:1417.2320601210838;374:1425.5330601210837;7114:1427.7480681210836;3246:1428.8858841210836;5330:1429.6334601210835;661:1430.6249001210836;445:1433.6545881210836;6080:1436.4779961210836;7381:1436.8868841210835;364:1437.3222681210837;3029:1439.3464761210837;3886:1439.8445001210837;5711:1442.3840841210838;6045:1443.7783641210838;2157:1447.9668921210837;4817:1448.4436761210836;456:1449.0585561210837;5901:1449.8141241210838;7605:1453.2858201210838;2830:1453.5152121210838;5852:1460.0419401210838;6913:1461.938348121084;1321:1467.0867801210838;597:1467.5496681210839;2204:1469.1069561210838;6066:1469.7526521210839;6049:1473.9789801210839;7367:1476.2525241210838;2188:1482.9156921210838;2186:1484.1919641210839;5744:1486.2073881210838;6033:1487.5768281210837;5746:1489.5002361210838;6031:1490.9918601210838;146:1491.9529881210838;2828:1493.0447961210837;2376:1498.5466761210837;3091:1511.8684041210836;4274:1513.0113321210836;880:1513.6026681210835;3109:1515.4532121210834;3874:1521.3174921210834;2975:1523.3221793769962
0,6,default_vehtype,boarding,True,1523.3221793769962,1553.3221793769962,2975;-1;-1,2975;-1;-1,0.0,0.7633744896920128,0.7633744896920128,0.0,,0,36,1,,36,,
0,7,default_vehtype,route,False,1500.0,1542.7466710613514,2984;3012;0.867,2985;-1;-1,368.7073108732915,0.7711570870604072,0.7711202163293198,0.0,,0,,0,,,2984;3012;7321;2804;3061;1173;3425;4304;793;118;3979;2985,2984:1500;3012:1500.3304416961867;7321:1504.3410816961866;2804:1507.6678416961865;3061:1514.3358816961866;1173:1519.9342416961865;3425:1521.1172016961866;4304:1522.5195216961865;793:1534.6350816961865;118:1540.4993616961865;3979:1542.3499056961864;2985:1542.7466710613514
0,8,default_vehtype,route,False,1483.444293187138,1516.2939778986797,2983;-1;-1,2984;-1;-1,273.74737259617996,0.9153179521396259,0.9152905774023663,0.0,,0,42,1,,,2983;7527;2803;7558;2806;4344;2996;2984,2983:1483.444293187138;7527:1487.9712385761127;2803:1495.5261985761126;7558:1502.9211985761126;2806:1510.7550385761126;4344:1511.9580385761126;2996:1514.0015185761126;2984:1516.2939778986797
0,8,default_vehtype,boarding,True,1516.2939778986797,1546.2939778986797,2984;-1;-1,2984;-1;-1,0.0,0.9152905774023663,0.9152905774023663,0.0,,0,42,1,,42,,
0,8,default_vehtype,route,False,1546.2939778986797,1559.6617252054523,2984;-1;-1,2976;-1;-1,111.3978942231051,0.9152905774023663,0.915279437612944,0.0,,0,,0,,,2984;3012;4;4345;7330;2976,2984:1546.2939778986797;3012:1548.7866385761126;4:1553.5717585761126;4345:1555.6152385761127;7330:1556.8182385761127;2976:1559.6617252054523
0,1,default_vehtype,route,False,1517.4381170334848,1560.0,2992;-1;-1,2497;7434;0.989,591.1372634238242,0.8565934465531857,0.8565343328268433,0.0,,0,39,1,,,2992;2526;5444;1716;2720;4210;1711;98;2497,2992:1517.4381170334848;2526:1526.6403645684302;5444:1537.1767725684301;1716:1539.96713256843;2720:1540.7137725684302;4210:1541.61204456843;1711:1542.74172456843;98:1551.35753256843;2497:1552.86816456843
0,1,default_vehtype,route,False,1560.0,1584.6805520915093,2497;7434;0.989,2968;-1;-1,342.78544571540783,0.8565343328268433,0.8565000542822718,0.0,,0,39,1,,,2497;7434;4184;2559;6740;1717;2067;2720;4210;1711;2968,2497:1560;7434:1560.07601256843;4184:1560.95030856843;2559:1568.00090856843;6740:1572.4715325684301;1717:1578.3052605684302;2067:1579.04304456843;2720:1579.80646056843;4210:1580.70473256843;1711:1581.83441256843;2968:1584.6805520915093
0,1,default_vehtype,boarding,True,1584.6805520915093,1614.6805520915093,2968;-1;-1,2968;-1;-1,0.0,0.8565000542822718,0.8565000542822718,0.0,,0,39;50,2,50,,,
0,3,default_vehtype,route,False,1384.6278717422872,1601.596563186003,2979;-1;-1,2990;-1;-1,1831.0588286976283,0.6911487789931723,0.6909656731103025,0.0,,0,37,1,,,2979;2786;2307;3549;6384;4032;1804;4277;5239;6501;3911;5389;7301;3914;5398;5400;4040;4041;5374;5418;5424;5403;6546;1200;7312;4332;799;3653;3825;7127;3766;3988;553;7132;7191;3566;4337;7134;6667;6711;1807;1653;6829;4349;4937;669;5061;7265;3848;534;2839;5449;2990,2979:1384.6278717422872;2786:1386.632807307086;2307:1390.151567307086;3549:1395.788807307086;6384:1396.050647307086;4032:1399.272287307086;1804:1400.1881993070858;4277:1401.7762793070858;5239:1407.280919307086;6501:1413.2434793070859;3911:1422.5983193070858;5389:1423.6641593070858;7301:1423.918079307086;3914:1425.101759307086;5398:1426.278599307086;5400:1427.6051993070862;4040:1436.9099993070863;4041:1439.8543193070864;5374:1444.1068793070863;5418:1445.1441593070863;5424:1445.2874393070863;5403:1446.3927593070862;6546:1450.6196393070861;1200:1455.228719307086;7312:1456.7224793070861;4332:1457.5381193070862;799:1458.7190393070862;3653:1463.3152793070863;3825:1464.5638793070862;7127:1508.1239993070863;3766:1509.0611993070863;3988:1512.7967993070863;553:1513.2550793070864;7132:1523.1339593070863;7191:1531.0911593070864;3566:1532.9203193070864;4337:1537.4185193070864;7134:1538.5185593070864;6667:1546.4506793070864;6711:1562.3102393070865;1807:1564.2374393070866;1653:1570.0413593070866;6829:1570.8142793070867;4349:1571.3631593070868;4937:1575.7327193070869;669:1586.0401193070868;5061:1591.8484793070868;7265:1592.6317193070868;3848:1593.6063593070867;534:1597.6513193070866;2839:1599.0099593070865;5449:1600.2089993070865;2990:1601.596563186003
0,6,default_vehtype,route,False,1560.0,1603.1750393734267,2975;-1;-1,2976;-1;-1,359.7919947785567,0.7633744896920128,0.763338510492535,0.0,,0,,0,,,2975;1166;429;4313;68;7318;7325;3011;4;4345;7330;2976,2975:1560;1166:1570.1108727440871;429:1571.513192744087;4313:1572.6961527440872;68:1578.2945127440871;7318:1584.9625527440871;7325:1588.289312744087;3011:1592.299952744087;4:1597.085072744087;4345:1599.128552744087;7330:1600.331552744087;2976:1603.1750393734267
0,7,default_vehtype,boarding,True,1542.7466710613514,1572.7466710613514,2985;-1;-1,2985;-1;-1,0.0,0.7711202163293198,0.7711202163293198,0.0,,0,49;44,2,49;44,,,
0,8,default_vehtype,boarding,True,1559.6617252054523,1589.6617252054523,2976;-1;-1,2976;-1;-1,0.0,0.915279437612944,0.915279437612944,0.0,,0,45,1,45,,,
0,8,default_vehtype,route,False,1589.6617252054523,1608.0248578986798,2976;-1;-1,2984;-1;-1,153.0261057768949,0.915279437612944,0.9152641350023663,0.0,,0,45,1,,,2976;7557;2806;4344;2996;2984,2976:1589.6617252054523;7557:1594.6520785761127;2806:1602.4859185761127;4344:1603.6889185761127;2996:1605.7323985761127;2984:1608.0248578986798
0,0,default_vehtype,route,False,1470.0,1621.7597462492827,2979;-1;-1,2975;-1;-1,1224.9515235059305,0.9450577185067646,0.944935223354414,0.0,,0,47,1,,,2979;2786;2307;3549;6384;4032;1804;4277;5239;6501;3911;5389;7301;3914;5398;5400;4040;4041;5374;5418;5424;5403;6546;1200;7312;3767;4527;3089;3131;5447;7352;414;122;3426;4305;793;118;3979;4275;3068;70;73;4273;880;3109;3874;2975,2979:1470;2786:1472.0049355647989;2307:1475.5236955647988;3549:1481.1609355647988;6384:1481.4227755647987;4032:1484.6444155647987;1804:1485.5603275647986;4277:1487.1484075647986;5239:1492.6530475647987;6501:1498.6156075647987;3911:1507.9704475647986;5389:1509.0362875647986;7301:1509.2902075647987;3914:1510.4738875647988;5398:1511.650727564799;5400:1512.977327564799;4040:1522.2821275647989;4041:1525.226447564799;5374:1529.4790075647988;5418:1530.5162875647989;5424:1530.6595675647989;5403:1531.7648875647988;6546:1535.9917675647987;1200:1540.6008475647986;7312:1542.0946075647987;3767:1544.1010075647987;4527:1546.8978475647987;3089:1555.3074475647986;3131:1555.7876875647987;5447:1558.1753275647986;7352:1559.4866875647986;414:1561.9564075647986;122:1574.3107675647987;3426:1575.5642875647986;4305:1576.9666075647986;793:1589.0821675647985;118:1594.9464475647985;3979:1596.7969915647984;4275:1597.3883275647984;3068:1602.1326132790841;70:1604.4186132790842;73:1606.7046132790842;4273:1611.44889899337;880:1612.04023499337;3109:1613.8907789933698;3874:1619.7550589933699;2975:1621.7597462492827
0,0,default_vehtype,boarding,True,1621.7597462492827,1651.7597462492827,2975;-1;-1,2975;-1;-1,0.0,0.944935223354414,0.944935223354414,0.0,,0,47,1,,47,,
0,2,default_vehtype,route,False,1481.0218516241669,1636.1069638404565,2969;-1;-1,2980;-1;-1,1780.8795979021434,0.9620206305736076,0.9618425426138174,0.0,,0,38,1,,,2969;7192;1664;337;1075;5648;5759;205;5793;1407;5826;7411;4686;5074;5295;5274;7181;604;603;602;3851;4573;1400;971;598;1368;591;585;940;1370;939;1903;983;3921;840;2881;5099;1157;2058;2092;915;2980,2969:1481.0218516241669;7192:1484.6254945761132;1664:1487.879390576113;337:1495.6396225761132;1075:1496.6634625761133;5648:1497.4642465761133;5759:1503.0225745761134;205:1508.1668305761134;5793:1512.2881825761133;1407:1513.9083265761133;5826:1516.1886385761134;7411:1519.0872865761135;4686:1520.1579985761134;5074:1527.0985105761133;5295:1527.3287665761134;5274:1530.7075825761133;7181:1535.2168705761133;604:1538.7952705761134;603:1539.8588545761133;602:1540.7119825761133;3851:1541.7153745761134;4573:1546.0216945761133;1400:1547.7543745761134;971:1551.5528065761134;598:1552.6200625761135;1368:1553.5803985761136;591:1559.4513505761136;585:1572.6225985761137;940:1579.2024625761137;1370:1586.2290865761138;939:1586.9257585761138;1903:1587.7473505761138;983:1588.7298625761139;3921:1592.528006576114;840:1597.088846576114;2881:1603.719470576114;5099:1604.8723345761139;1157:1609.6114774332568;2058:1615.4013060046855;2092:1618.7904488618283;915:1623.9086202903998;2980:1636.1069638404565
0,2,default_vehtype,boarding,True,1636.1069638404565,1666.1069638404565,2980;-1;-1,2980;-1;-1,0.0,0.9618425426138174,0.9618425426138174,0.0,,0,38,1,,38,,
0,3,default_vehtype,boarding,True,1601.596563186003,1631.596563186003,2990;-1;-1,2990;-1;-1,0.0,0.6909656731103025,0.6909656731103025,0.0,,0,37,1,,37,,
0,3,default_vehtype,route,False,1631.596563186003,1677.9592503764595,2990;-1;-1,2991;-1;-1,477.01089919476397,0.6909656731103025,0.6909179720203831,0.0,,0,,0,,,2990;2552;4848;3271;4846;4989;5000;337;1075;537;2991,2990:1631.596563186003;2552:1634.4622793070864;4848:1641.9425993070863;3271:1647.4957193070863;4846:1649.3687993070864;4989:1661.6413193070864;5000:1666.4008793070864;337:1674.1611113070865;1075:1675.1849513070865;537:1676.1389513070865;2991:1677.9592503764595
0,6,default_vehtype,boarding,True,1603.1750393734267,1633.1750393734267,2976;-1;-1,2976;-1;-1,0.0,0.763338510492535,0.763338510492535,0.0,,0,52,1,52,,,
0,7,default_vehtype,route,False,1572.7466710613514,1648.4648183855227,2985;-1;-1,2973;-1;-1,1051.6409350579365,0.7711202163293198,0.7710150522358141,0.0,,0,49;44,2,,,2985;1140;103;6480;7360;3154;6028;5745;6035;5743;6038;6041;7365;6050;6068;6077;3629;4502;6912;2108;7370;1420;1084;2973,2985:1572.7466710613514;1140:1572.9412416961864;103:1574.0841696961863;6480:1587.4058976961862;7360:1592.9077776961863;3154:1593.9995856961862;6028:1594.960713696186;5745:1596.452337696186;6035:1598.3757456961862;5743:1599.7451856961861;6038:1601.760609696186;6041:1603.0368816961861;7365:1609.7000496961862;6050:1611.973593696186;6068:1616.199921696186;6077:1616.845617696186;3629:1618.402905696186;4502:1618.865793696186;6912:1624.014225696186;2108:1625.910633696186;7370:1632.4373616961861;1420:1644.1424736961862;1084:1647.6774576961861;2973:1648.4648183855227
0,7,default_vehtype,boarding,True,1648.4648183855227,1678.4648183855227,2973;-1;-1,2973;-1;-1,0.0,0.7710150522358141,0.7710150522358141,0.0,,0,49;44,2,,44,,
0,8,default_vehtype,boarding,True,1608.0248578986798,1638.0248578986798,2984;-1;-1,2984;-1;-1,0.0,0.9152641350023663,0.9152641350023663,0.0,,0,45;51,2,51,,,
0,3,default_vehtype,boarding,True,1677.9592503764595,1707.9592503764595,2991;-1;-1,2991;-1;-1,0.0,0.6909179720203831,0.6909179720203831,0.0,,0,46,1,46,,,
0,4,default_vehtype,route,False,1556.2232319411262,1681.3414310887044,2970;-1;-1,2988;-1;-1,1089.6601840862809,0.8217613279200436,0.821652361901635,0.0,,0,40;48,2,,,2970;671;662;7398;3491;6933;7394;6989;7392;5704;7389;3806;2573;885;316;2042;1982;6306;374;7114;3246;5330;661;445;6080;7381;364;3029;69;30;3346;2832;2207;2988,2970:1556.2232319411262;671:1557.2533481031116;662:1579.7030681031117;7398:1583.2223081031118;3491:1589.5470281031119;6933:1590.4587881031118;7394:1595.8203881031118;6989:1596.4147481031118;7392:1605.6258281031119;5704:1607.990908103112;7389:1622.529148103112;3806:1626.593548103112;2573:1627.661548103112;885:1628.264908103112;316:1635.092068103112;2042:1645.8305081031122;1982:1646.593228103112;6306:1646.8100681031121;374:1655.111068103112;7114:1657.326076103112;3246:1658.463892103112;5330:1659.2114681031119;661:1660.202908103112;445:1663.232596103112;6080:1666.056004103112;7381:1666.4648921031119;364:1666.900276103112;3029:1668.924484103112;69:1673.0567698173977;30:1677.1890555316834;3346:1679.2132635316834;2832:1679.6486475316835;2207:1680.0575355316835;2988:1681.3414310887044
0,4,default_vehtype,boarding,True,1681.3414310887044,1711.3414310887044,2988;-1;-1,2988;-1;-1,0.0,0.821652361901635,0.821652361901635,0.0,,0,40;48,2,,40,,
0,0,default_vehtype,route,False,1651.7597462492827,1759.9404121392245,2975;-1;-1,2981;-1;-1,924.4919490828495,0.944935223354414,0.9448427741595058,0.0,,0,,0,,,2975;1166;429;3125;3406;2825;1944;130;99;4526;714;2800;4339;2419;5404;5421;1925;1883;926;925;5399;1905;830;2795;1891;827;6499;1803;1141;5241;922;6385;3550;2981,2975:1651.7597462492827;1166:1661.8706189933698;429:1663.2729389933697;3125:1664.5264589933697;3406:1676.8808189933698;2825:1679.3505389933698;1944:1680.6618989933697;130:1683.0495389933697;99:1683.5297789933697;4526:1691.9393789933697;714:1694.7362189933697;2800:1696.7426189933697;4339:1698.2363789933697;2419:1702.8454589933697;5404:1707.0723389933696;5421:1708.1776589933695;1925:1708.3209389933695;1883:1709.3582189933695;926:1713.6107789933694;925:1716.5550989933695;5399:1725.8598989933694;1905:1727.1864989933695;830:1728.3633389933696;2795:1729.5470189933696;1891:1729.8009389933698;827:1730.8667789933697;6499:1740.2216189933697;1803:1746.1841789933696;1141:1751.6888189933698;5241:1753.2768989933697;922:1754.1928109933697;6385:1757.4144509933697;3550:1757.6762909933695;2981:1759.9404121392245
0,0,default_vehtype,boarding,True,1759.9404121392245,1789.9404121392245,2981;-1;-1,2981;-1;-1,0.0,0.9448427741595058,0.9448427741595058,0.0,,0,55,1,55,,,
0,1,default_vehtype,route,False,1614.6805520915093,1774.5817649568642,2968;-1;-1,2972;-1;-1,1737.135512018814,0.8565000542822718,0.8563263407310701,0.0,,0,39;50,2,,,2968;98;2497;7434;2760;542;1074;1071;1070;1069;1067;1504;4396;710;2281;4664;6260;3300;1832;708;6180;2405;6169;2744;2567;2576;3077;3241;88;2758;2742;2448;2353;6140;7386;3742;7100;6318;737;6639;2446;2301;1992;1990;1988;1985;3729;5498;5496;5699;5494;6307;374;7114;3246;5330;661;445;2972,2968:1614.6805520915093;98:1620.45022056843;2497:1621.96085256843;7434:1629.16870056843;2760:1635.70723656843;542:1643.23534056843;1074:1644.1687485684301;1071:1645.1712765684301;1070:1659.63456456843;1069:1660.37285256843;1067:1663.03490856843;1504:1667.48868456843;4396:1667.71498056843;710:1668.26563656843;2281:1669.27133256843;4664:1673.1493245684298;6260:1673.5952205684298;3300:1674.19433256843;1832:1676.98454856843;708:1677.52361256843;6180:1677.94704456843;2405:1680.1694445684302;6169:1683.6465645684302;2744:1688.2471245684303;2567:1690.0900845684303;2576:1698.5786445684303;3077:1700.7112845684303;3241:1703.8401645684303;88:1705.7670045684304;2758:1707.7304445684304;2742:1708.1368845684303;2448:1711.3225245684303;2353:1717.5234045684304;6140:1722.6944445684303;7386:1724.0368845684302;3742:1731.6958845684303;7100:1732.2355245684303;6318:1732.7136045684304;737:1733.6293245684303;6639:1735.4785245684304;2446:1737.0498045684303;2301:1739.3468445684302;1992:1740.3718845684302;1990:1742.0688045684303;1988:1744.5228045684303;1985:1748.0445645684304;3729:1750.3920045684304;5498:1751.7894045684304;5496:1754.6966445684304;5699:1755.3940845684303;5494:1756.4978445684303;6307:1756.7146845684304;374:1765.0156845684303;7114:1767.2306925684302;3246:1768.3685085684301;5330:1769.11608456843;661:1770.10752456843;445:1773.1372125684302;2972:1774.5817649568642
0,5,default_vehtype,route,False,1620.0,1771.2725071381365,2988;-1;-1,2970;-1;-1,1241.517815913719,0.5426826995480039,0.5425585477664124,0.0,,0,,0,,,2988;3447;3721;5333;251;2711;3358;2296;5495;5696;3307;3987;6878;746;2834;2045;2835;2641;7396;2616;486;2838;3722;3732;544;7400;5449;6824;4848;1631;1593;6821;1946;7401;3560;2970,2988:1620;3447:1621.539512442979;3721:1624.569200442979;5333:1625.560640442979;251:1626.308216442979;2711:1627.446032442979;3358:1629.661040442979;2296:1637.9620404429788;5495:1638.1788804429789;5696:1638.9416004429788;3307:1649.680040442979;3987:1656.507200442979;6878:1657.110560442979;746:1658.178560442979;2834:1662.242960442979;2045:1676.781200442979;2835:1679.146280442979;2641:1688.3573604429791;7396:1688.9517204429792;2616:1694.3133204429791;486:1695.225080442979;2838:1701.5498004429792;3722:1705.0690404429793;3732:1727.5187604429793;544:1730.2083204429794;7400:1731.2838804429794;5449:1732.4829204429793;6824:1736.7362004429792;4848:1744.2165204429791;1631:1749.9106918715506;1593:1755.6048633001221;6821:1763.085183300122;1946:1767.338463300122;7401:1768.537503300122;3560:1769.613063300122;2970:1771.2725071381365
0,1,default_vehtype,boarding,True,1774.5817649568642,1804.5817649568642,2972;-1;-1,2972;-1;-1,0.0,0.8563263407310701,0.8563263407310701,0.0,,0,39;50,2,,39,,
0,4,default_vehtype,route,False,1711.3414310887044,1853.993712568536,2988;-1;-1,2984;-1;-1,1600.770944951656,0.821652361901635,0.82149228480714,0.0,,0,48,1,,,2988;3447;6082;7383;364;3029;3886;5711;6045;2157;4817;456;5901;7605;2830;5852;6913;1321;597;2204;6066;6049;7367;2188;2186;5744;6033;5746;6031;146;2828;2376;3091;4274;880;3109;3874;4306;429;4313;68;7318;7325;3011;4;4345;1199;1204;2996;2984,2988:1711.3414310887044;3447:1712.8809435316834;6082:1715.7043515316834;7383:1716.1132395316833;364:1716.5486235316835;3029:1718.5728315316835;3886:1719.0708555316835;5711:1721.6104395316836;6045:1723.0047195316836;2157:1727.1932475316835;4817:1727.6700315316834;456:1728.2849115316835;5901:1729.0404795316836;7605:1732.5121755316836;2830:1732.7415675316836;5852:1739.2682955316836;6913:1741.1647035316837;1321:1746.3131355316837;597:1746.7760235316837;2204:1748.3333115316836;6066:1748.9790075316837;6049:1753.2053355316837;7367:1755.4788795316836;2188:1762.1420475316836;2186:1763.4183195316837;5744:1765.4337435316836;6033:1766.8031835316835;5746:1768.7265915316837;6031:1770.2182155316837;146:1771.1793435316836;2828:1772.2711515316835;2376:1777.7730315316835;3091:1791.0947595316834;4274:1792.2376875316834;880:1792.8290235316833;3109:1794.6795675316832;3874:1800.5438475316832;4306:1812.6594075316832;429:1814.0617275316831;4313:1815.2446875316832;68:1820.8430475316832;7318:1827.5110875316832;7325:1830.837847531683;3011:1834.848487531683;4:1839.633607531683;4345:1841.6770875316831;1199:1845.667430388826;1204:1849.6577732459689;2996:1851.701253245969;2984:1853.993712568536
0,5,default_vehtype,boarding,True,1771.2725071381365,1801.2725071381365,2970;-1;-1,2970;-1;-1,0.0,0.5425585477664124,0.5425585477664124,0.0,,0,53,1,53,,,
0,5,default_vehtype,route,False,1801.2725071381365,1808.6543471790385,2970;-1;-1,2990;-1;-1,61.51533367418344,0.5425585477664124,0.542552396233045,0.0,,0,53,1,,,2970;671;544;7400;5449;2990,2970:1801.2725071381365;671:1802.302623300122;544:1804.992183300122;7400:1806.067743300122;5449:1807.266783300122;2990:1808.6543471790385
0,5,default_vehtype,boarding,True,1808.6543471790385,1838.6543471790385,2990;-1;-1,2990;-1;-1,0.0,0.542552396233045,0.542552396233045,0.0,,0,53;59,2,59,,,
0,6,default_vehtype,route,False,1633.1750393734267,1851.8850540084295,2976;-1;-1,2980;-1;-1,1779.1452794361685,0.763338510492535,0.7631605959645914,0.0,,0,52,1,,,2976;7557;7316;7531;2802;2251;7515;7037;7512;3274;2902;3901;7011;7336;4365;7288;1182;1001;6296;1434;3820;3877;2787;4993;6537;7281;2307;3549;6384;4032;1804;4811;5237;608;459;2416;4011;5246;363;366;2314;2877;1748;1743;1157;2058;2092;915;2980,2976:1633.1750393734267;7557:1638.165392744087;7316:1645.560392744087;7531:1653.115352744087;2802:1660.330832744087;2251:1667.2261527440871;7515:1668.0872727440872;7037:1675.3992327440872;7512:1682.632592744087;3274:1693.978592744087;2902:1694.090192744087;3901:1694.5581927440871;7011:1696.5391527440872;7336:1699.4466327440873;4365:1707.0277527440874;7288:1708.1509527440874;1182:1709.0678727440873;1001:1714.3590327440872;6296:1716.7183527440873;1434:1722.6774327440874;3820:1727.7860727440873;3877:1729.6939527440873;2787:1738.4864727440872;4993:1739.5355127440873;6537:1745.3353527440872;7281:1751.1704727440872;2307:1754.6892327440871;3549:1760.3264727440871;6384:1760.588312744087;4032:1763.809952744087;1804:1764.725864744087;4811:1766.408504744087;5237:1771.1489847440869;608:1780.0150647440869;459:1780.344824744087;2416:1782.558464744087;4011:1783.2225927440868;5246:1789.1477607440868;363:1796.0564487440868;366:1797.4615287440868;2314:1798.6064007440868;2877:1811.7775047440869;1748:1812.8960247440868;1743:1820.6504247440869;1157:1825.3895676012298;2058:1831.1793961726585;2092:1834.5685390298013;915:1839.6867104583728;2980:1851.8850540084295
0,7,default_vehtype,route,False,1678.4648183855227,1807.0306864280278,2973;-1;-1,2971;-1;-1,1358.0708076356732,0.7710150522358141,0.7708792451550506,0.0,,0,49,1,,,2973;7354;4225;4614;7369;7607;5900;3459;4818;5992;6047;5708;3884;3030;3347;7376;2207;3446;3720;5332;251;2711;3358;2296;5495;5696;3307;3987;2396;886;808;1372;807;1375;108;1376;1380;373;2390;7391;5704;7389;2971,2973:1678.4648183855227;7354:1682.2619856961862;4225:1686.8465136961863;4614:1690.3814976961862;7369:1702.0866096961863;7607:1702.3160016961863;5900:1705.7876976961863;3459:1706.5432656961864;4818:1707.1581456961865;5992:1707.6349296961864;6047:1711.8234576961863;5708:1713.2177376961863;3884:1715.7573216961864;3030:1716.2553456961864;3347:1718.2795536961864;7376:1718.7149376961866;2207:1719.1238256961865;3446:1721.9472336961865;3720:1724.9769216961865;5332:1725.9683616961865;251:1726.7159376961865;2711:1727.8537536961865;3358:1730.0687616961864;2296:1738.3697616961863;5495:1738.5866016961863;5696:1739.3493216961863;3307:1750.0877616961864;3987:1756.9149216961864;2396:1758.2208816961863;886:1763.8584816961863;808:1764.3246816961864;1372:1765.1876016961864;807:1766.2914816961863;1375:1767.9756816961863;108:1770.1161216961862;1376:1771.9163616961862;1380:1773.932961696186;373:1783.493961696186;2390:1786.0386816961861;7391:1787.4393216961862;5704:1789.8044016961862;7389:1804.3426416961863;2971:1807.0306864280278
0,7,default_vehtype,boarding,True,1807.0306864280278,1837.0306864280278,2971;-1;-1,2971;-1;-1,0.0,0.7708792451550506,0.7708792451550506,0.0,,0,49,1,,49,,
0,8,default_vehtype,route,False,1638.0248578986798,1839.6480424550296,2984;-1;-1,2990;-1;-1,1680.1932046362467,0.9152641350023663,0.9150961156819026,0.0,,0,45;51,2,,,2984;3012;7321;2804;3061;1173;3425;3125;3406;2825;1944;130;99;4526;714;2800;4332;799;3653;3825;7127;3766;3988;553;7132;7191;3566;4337;7134;6667;6711;1807;1653;6829;4349;4937;669;5061;7265;3848;534;2839;5449;2990,2984:1638.0248578986798;3012:1640.5175185761127;7321:1644.5281585761127;2804:1647.8549185761126;3061:1654.5229585761126;1173:1660.1213185761126;3425:1661.3042785761127;3125:1662.5577985761126;3406:1674.9121585761127;2825:1677.3818785761127;1944:1678.6932385761127;130:1681.0808785761126;99:1681.5611185761127;4526:1689.9707185761126;714:1692.7675585761126;2800:1694.7739585761126;4332:1695.5895985761126;799:1696.7705185761126;3653:1701.3667585761127;3825:1702.6153585761126;7127:1746.1754785761127;3766:1747.1126785761128;3988:1750.8482785761128;553:1751.3065585761128;7132:1761.1854385761128;7191:1769.1426385761129;3566:1770.9717985761129;4337:1775.4699985761129;7134:1776.570038576113;6667:1784.5021585761128;6711:1800.361718576113;1807:1802.288918576113;1653:1808.092838576113;6829:1808.8657585761132;4349:1809.4146385761132;4937:1813.7841985761133;669:1824.0915985761133;5061:1829.8999585761132;7265:1830.6831985761132;3848:1831.6578385761131;534:1835.702798576113;2839:1837.061438576113;5449:1838.260478576113;2990:1839.6480424550296
0,4,default_vehtype,boarding,True,1853.993712568536,1883.993712568536,2984;-1;-1,2984;-1;-1,0.0,0.82149228480714,0.82149228480714,0.0,,0,48,1,,48,,
0,6,default_vehtype,boarding,True,1851.8850540084295,1881.8850540084295,2980;-1;-1,2980;-1;-1,0.0,0.7631605959645914,0.7631605959645914,0.0,,0,52,1,,52,,
0,8,default_vehtype,boarding,True,1839.6480424550296,1869.6480424550296,2990;-1;-1,2990;-1;-1,0.0,0.9150961156819026,0.9150961156819026,0.0,,0,45;51,2,,51,,
0,8,default_vehtype,route,False,1869.6480424550296,1916.3675236241666,2990;-1;-1,2969;-1;-1,481.9663711208839,0.9150961156819026,0.9150479190447905,0.0,,0,45,1,,,2990;2552;4848;3271;4846;4989;5000;337;1075;4198;336;2969,2990:1869.6480424550296;2552:1872.5137585761129;4848:1879.9940785761128;3271:1885.5471985761128;4846:1887.4202785761129;4989:1899.6927985761129;5000:1904.4523585761128;337:1912.212590576113;1075:1913.236430576113;4198:1914.218078576113;336:1915.241198576113;2969:1916.3675236241666
0,1,default_vehtype,route,False,1804.5817649568642,1951.6930887907379,2972;-1;-1,2985;-1;-1,1272.6774024545982,0.8563263407310701,0.8561990729908247,0.0,,0,50,1,,,2972;6079;7380;364;3029;3886;5711;6045;2157;4817;456;5901;7605;2830;5852;6913;1321;597;2204;6066;6049;7367;2188;2186;5744;6033;5746;6031;146;2828;2376;3091;4274;880;3109;114;5021;1108;1680;3103;3110;3980;2985,2972:1804.5817649568642;6079:1805.9606205684302;7380:1806.36950856843;364:1806.8048925684302;3029:1808.8291005684302;3886:1809.3271245684302;5711:1811.8667085684303;6045:1813.2609885684303;2157:1817.4495165684302;4817:1817.9263005684302;456:1818.5411805684303;5901:1819.2967485684303;7605:1822.7684445684304;2830:1822.9978365684303;5852:1829.5245645684304;6913:1831.4209725684304;1321:1836.5694045684304;597:1837.0322925684304;2204:1838.5895805684304;6066:1839.2352765684304;6049:1843.4616045684304;7367:1845.7351485684303;2188:1852.3983165684303;2186:1853.6745885684304;5744:1855.6900125684303;6033:1857.0594525684303;5746:1858.9828605684304;6031:1860.4744845684304;146:1861.4356125684303;2828:1862.5274205684302;2376:1868.0293005684302;3091:1881.3510285684301;4274:1882.4939565684301;880:1883.08529256843;3109:1884.93583656843;114:1889.7480079970014;5021:1892.12143656843;1108:1917.1908079970015;1680:1942.260179425573;3103:1944.6336079970015;3110:1949.445779425573;3980:1951.2963234255728;2985:1951.6930887907379
0,2,default_vehtype,route,False,1680.0,1931.0352809182596,2980;-1;-1,2977;-1;-1,1625.8395644600691,0.9618425426138174,0.9616799586573715,0.0,,0,,0,,,2980;914;2135;1730;2664;2579;2961;2407;2581;370;361;2874;1887;4059;910;6541;3462;3648;2851;2850;1801;1560;5242;922;6385;3550;6322;7280;2411;1661;7283;796;751;4635;6299;4102;4325;7285;1218;7334;7010;820;7498;276;2915;2661;7517;6201;7314;7529;7535;2931;2929;2927;2802;2977,2980:1680;914:1695.8821707356576;2135:1703.8330278785147;1730:1719.2893707356575;2664:1721.1114850213717;2579:1725.9874278785146;2961:1742.7582850213716;2407:1748.0070850213717;2581:1756.4943421642288;370:1758.0771901642288;361:1760.5742941642288;2874:1761.1603021642288;1887:1766.8156861642287;4059:1768.7349901642287;910:1773.2511901642288;6541:1773.9153181642287;3462:1776.1289581642286;3648:1776.4587181642287;2851:1781.1329581642287;2850:1782.0663181642287;1801:1785.3619981642287;1560:1790.1024781642286;5242:1791.7851181642286;922:1792.7010301642285;6385:1795.9226701642285;3550:1796.1845101642284;6322:1801.8217501642284;7280:1805.3405101642284;2411:1811.1756301642283;1661:1816.9754701642282;7283:1818.0245101642283;796:1826.8170301642283;751:1828.7249101642283;4635:1833.8335501642282;6299:1839.7926301642283;4102:1842.1519501642283;4325:1847.4431101642283;7285:1848.3600301642282;1218:1849.4832301642282;7334:1857.0643501642282;7010:1859.9718301642283;820:1861.9527901642284;7498:1862.4207901642285;276:1862.5323901642284;2915:1873.8783901642284;2661:1881.1117501642284;7517:1888.4237101642284;6201:1889.2848301642284;7314:1896.1801501642285;7529:1903.3956301642286;7535:1908.4551730213714;2931:1912.1066015928;2929:1915.7580301642286;2927:1920.8175730213713;2802:1928.0330530213714;2977:1931.0352809182596
0,2,default_vehtype,boarding,True,1931.0352809182596,1961.0352809182596,2977;-1;-1,2977;-1;-1,0.0,0.9616799586573715,0.9616799586573715,0.0,,0,56,1,56,,,
0,3,default_vehtype,route,False,1707.9592503764595,1949.4594139364262,2991;-1;-1,2976;-1;-1,2179.155790392095,0.6909179720203831,0.6907000564413438,0.0,,0,46,1,,,2991;3010;5658;3008;4585;330;4588;5827;7412;4686;5074;5295;5274;7181;604;603;1365;2574;7139;1693;1114;5299;7129;754;611;1812;1186;7311;3767;4527;3089;3131;5447;7352;414;122;3426;4314;68;7318;7325;3011;4;4345;7330;2976,2991:1707.9592503764595;3010:1712.0065193070866;5658:1712.8141193070867;3008:1720.9169993070866;4585:1743.2452793070865;330:1752.8409593070865;4588:1753.4133593070865;5827:1755.6936713070866;7412:1758.5923193070867;4686:1759.6630313070866;5074:1766.6035433070865;5295:1766.8337993070866;5274:1770.2126153070865;7181:1774.7219033070864;604:1778.3003033070866;603:1779.3638873070865;1365:1781.3056073070866;2574:1792.8134873070867;7139:1799.0798873070867;1693:1800.7184873070867;1114:1817.0590073070866;5299:1831.6042073070867;7129:1832.9551673070866;754:1876.5152873070867;611:1877.7638873070866;1812:1882.3350473070866;1186:1883.5122473070867;7311:1884.3278873070867;3767:1886.3342873070867;4527:1889.1311273070867;3089:1897.5407273070866;3131:1898.0209673070867;5447:1900.4086073070866;7352:1901.7199673070866;414:1904.1896873070866;122:1916.5440473070867;3426:1917.7975673070866;4314:1918.9805273070867;68:1924.5788873070867;7318:1931.2469273070867;7325:1934.5736873070866;3011:1938.5843273070866;4:1943.3694473070866;4345:1945.4129273070866;7330:1946.6159273070866;2976:1949.4594139364262
0,3,default_vehtype,boarding,True,1949.4594139364262,1979.4594139364262,2976;-1;-1,2976;-1;-1,0.0,0.6907000564413438,0.6907000564413438,0.0,,0,46,1,,46,,
0,8,default_vehtype,boarding,True,1916.3675236241666,1946.3675236241666,2969;-1;-1,2969;-1;-1,0.0,0.9150479190447905,0.9150479190447905,0.0,,0,45,1,,45,,
0,0,default_vehtype,route,False,1789.9404121392245,2020.2733270114684,2981;-1;-1,2993;-1;-1,3062.6160462581374,0.9448427741595058,0.94453651255488,0.0,,0,55,1,,,2981;6320;3549;6384;4032;1804;4811;5237;608;459;2416;4011;5246;363;366;2314;2877;1748;2880;906;984;2268;1857;1806;1371;938;5442;4054;2205;1369;2047;3631;4079;4572;4577;778;3636;3639;3642;7178;5275;5297;5072;1464;2847;5825;4587;5794;3202;2065;2023;4203;537;18;5629;1068;2559;6740;1717;2067;2063;1937;6789;3895;5465;7450;2993,2981:1789.9404121392245;6320:1793.3135309933696;3549:1798.9507709933696;6384:1799.2126109933695;4032:1802.4342509933695;1804:1803.3501629933694;4811:1805.0328029933694;5237:1809.7732829933693;608:1818.6393629933693;459:1818.9691229933694;2416:1821.1827629933694;4011:1821.8468909933692;5246:1827.7720589933692;363:1834.6807469933692;366:1836.0858269933692;2314:1837.2306989933693;2877:1850.4018029933693;1748:1851.5203229933693;2880:1852.6821149933694;906:1864.9074269933694;984:1867.6771229933695;2268:1868.4249869933694;1857:1868.8109069933694;1806:1869.4730909933694;1371:1870.1432669933695;938:1872.7243949933695;5442:1882.4450429933695;4054:1890.0850349933694;2205:1895.8374749933694;1369:1902.2836349933693;2047:1903.2266909933694;3631:1904.7895229933695;4079:1905.8567789933695;4572:1909.6552109933696;4577:1911.3878909933696;778:1915.6942109933696;3636:1916.6976029933696;3639:1917.5507309933696;3642:1918.6143149933696;7178:1922.1927149933697;5275:1926.7020029933697;5297:1930.0808189933696;5072:1930.3110749933696;1464:1937.2515869933695;2847:1938.3222989933695;5825:1941.2209469933696;4587:1943.5012589933697;5794:1945.1214029933697;3202:1949.2427549933695;2065:1954.3870109933696;2023:1959.9453389933697;4203:1960.7461229933697;537:1961.7001229933696;18:1967.5676909933695;5629:1973.4171149933695;1068:1975.9695149933696;2559:1983.0201149933696;6740:1987.4907389933696;1717:1993.3244669933697;2067:1994.0622509933696;2063:1994.7785069933695;1937:1998.0484589933696;6789:2008.5848669933696;3895:2009.8518509933697;5465:2017.3837709933696;7450:2018.3680109933696;2993:2020.2733270114684
0,1,default_vehtype,boarding,True,1951.6930887907379,1981.6930887907379,2985;-1;-1,2985;-1;-1,0.0,0.8561990729908247,0.8561990729908247,0.0,,0,50,1,,50,,
0,3,default_vehtype,route,False,1979.4594139364262,1997.8225466296537,2976;-1;-1,2984;-1;-1,153.0261057768949,0.6907000564413438,0.6906847538307661,0.0,,0,,0,,,2976;7557;2806;4344;2996;2984,2976:1979.4594139364262;7557:1984.4497673070866;2806:1992.2836073070866;4344:1993.4866073070866;2996:1995.5300873070867;2984:1997.8225466296537
0,3,default_vehtype,boarding,True,1997.8225466296537,2027.8225466296537,2984;-1;-1,2984;-1;-1,0.0,0.6906847538307661,0.6906847538307661,0.0,,0,66,1,66,,,
0,4,default_vehtype,route,False,1883.993712568536,1991.5744442162609,2984;-1;-1,2987;-1;-1,1257.1680468993354,0.82149228480714,0.82136656800245,0.0,,0,,0,,,2984;3012;7321;2804;3061;1173;3425;4304;793;118;3979;4275;103;6480;7360;3154;6028;5745;6035;5743;6038;6041;7365;2179;3064;6023;3524;7356;4225;2987,2984:1883.993712568536;3012:1886.486373245969;7321:1890.497013245969;2804:1893.8237732459688;3061:1900.4918132459688;1173:1906.0901732459688;3425:1907.273133245969;4304:1908.6754532459688;793:1920.7910132459688;118:1926.6552932459688;3979:1928.5058372459687;4275:1929.0971732459686;103:1930.2401012459686;6480:1943.5618292459685;7360:1949.0637092459685;3154:1950.1555172459684;6028:1951.1166452459684;5745:1952.6082692459684;6035:1954.5316772459685;5743:1955.9011172459684;6038:1957.9165412459683;6041:1959.1928132459684;7365:1965.8559812459685;2179:1969.8642212459683;3064:1971.1661972459683;6023:1972.4308772459683;3524:1974.1723412459683;7356:1985.0511812459683;4225:1989.6357092459684;2987:1991.5744442162609
0,4,default_vehtype,boarding,True,1991.5744442162609,2021.5744442162609,2987;-1;-1,2987;-1;-1,0.0,0.82136656800245,0.82136656800245,0.0,,0,58,1,58,,,
0,6,default_vehtype,route,False,1881.8850540084295,2036.5129257507167,2980;-1;-1,2979;-1;-1,808.3882022793446,0.7631605959645914,0.7630797571443635,0.0,,0,,0,,,2980;914;2135;1730;2664;2579;2961;2407;2581;370;361;2874;1887;4059;910;6541;3462;3648;2851;2850;1801;1560;5242;922;6385;3550;6322;7280;2411;6281;2286;2287;6538;2979,2980:1881.8850540084295;914:1897.7672247440871;2135:1905.7180818869442;1730:1921.174424744087;2664:1922.9965390298012;2579:1927.8724818869441;2961:1944.6433390298012;2407:1949.8921390298012;2581:1958.3793961726583;370:1959.9622441726583;361:1962.4593481726583;2874:1963.0453561726583;1887:1968.7007401726582;4059:1970.6200441726583;910:1975.1362441726583;6541:1975.8003721726582;3462:1978.014012172658;3648:1978.3437721726582;2851:1983.0180121726582;2850:1983.9513721726582;1801:1987.2470521726582;1560:1991.9875321726581;5242:1993.670172172658;922:1994.586084172658;6385:1997.807724172658;3550:1998.069564172658;6322:2003.706804172658;7280:2007.2255641726579;2411:2013.0606841726578;6281:2018.1047984583722;2286:2022.8717127440866;2287:2027.638627029801;6538:2032.6827413155154;2979:2036.5129257507167
0,0,default_vehtype,boarding,True,2020.2733270114684,2050.2733270114686,2993;-1;-1,2993;-1;-1,0.0,0.94453651255488,0.94453651255488,0.0,,0,55;60,2,60,55,,
0,0,default_vehtype,route,False,2050.2733270114686,2084.6772514584245,2993;-1;-1,2992;-1;-1,477.8322839854968,0.94453651255488,0.9444887293264814,0.0,,0,60,1,,,2993;4483;7446;1960;816;6786;5444;1716;2720;4210;2067;2063;1937;2992,2993:2050.2733270114686;4483:2051.03474699337;7446:2053.70148299337;1960:2054.6857229933703;816:2062.21764299337;6786:2063.48462699337;5444:2074.02103499337;1716:2076.81139499337;2720:2077.55803499337;4210:2078.4563069933697;2067:2079.3568829933697;2063:2080.07313899337;1937:2083.34309099337;2992:2084.6772514584245
0,5,default_vehtype,route,False,1838.6543471790385,2046.3843425560347,2990;-1;-1,2975;-1;-1,2230.6396948083016,0.542552396233045,0.5423293322635641,0.0,,0,53;59,2,,,2990;2552;1946;7401;3560;3731;662;7398;3491;6933;7394;6989;7392;5704;7389;3806;2573;885;316;2042;1982;6306;374;7114;3246;5330;661;445;6080;7381;364;3029;3886;5711;6045;2157;4817;456;5901;7605;2830;5852;6913;1321;597;2204;6066;6049;7367;2188;2186;5744;6033;5746;6031;146;2828;2376;3091;4274;880;3109;3874;2975,2990:1838.6543471790385;2552:1841.5200633001218;1946:1845.7733433001217;7401:1846.9723833001217;3560:1848.0479433001217;3731:1850.7375033001217;662:1873.1872233001218;7398:1876.7064633001219;3491:1883.031183300122;6933:1883.942943300122;7394:1889.3045433001218;6989:1889.898903300122;7392:1899.109983300122;5704:1901.475063300122;7389:1916.013303300122;3806:1920.077703300122;2573:1921.145703300122;885:1921.749063300122;316:1928.5762233001221;2042:1939.3146633001222;1982:1940.0773833001222;6306:1940.2942233001222;374:1948.5952233001221;7114:1950.810231300122;3246:1951.948047300122;5330:1952.695623300122;661:1953.687063300122;445:1956.716751300122;6080:1959.540159300122;7381:1959.949047300122;364:1960.384431300122;3029:1962.408639300122;3886:1962.906663300122;5711:1965.4462473001222;6045:1966.8405273001222;2157:1971.029055300122;4817:1971.505839300122;456:1972.1207193001221;5901:1972.8762873001222;7605:1976.3479833001222;2830:1976.5773753001222;5852:1983.1041033001222;6913:1985.0005113001223;1321:1990.1489433001223;597:1990.6118313001223;2204:1992.1691193001222;6066:1992.8148153001223;6049:1997.0411433001223;7367:1999.3146873001222;2188:2005.9778553001222;2186:2007.2541273001223;5744:2009.2695513001222;6033:2010.6389913001221;5746:2012.5623993001223;6031:2014.0540233001223;146:2015.0151513001222;2828:2016.106959300122;2376:2021.608839300122;3091:2034.930567300122;4274:2036.073495300122;880:2036.664831300122;3109:2038.5153753001218;3874:2044.3796553001218;2975:2046.3843425560347
0,5,default_vehtype,boarding,True,2046.3843425560347,2076.3843425560344,2975;-1;-1,2975;-1;-1,0.0,0.5423293322635641,0.5423293322635641,0.0,,0,53;59,2,,53,,
0,6,default_vehtype,boarding,True,2036.5129257507167,2066.512925750717,2979;-1;-1,2979;-1;-1,0.0,0.7630797571443635,0.7630797571443635,0.0,,0,62,1,62,,,
0,0,default_vehtype,boarding,True,2084.6772514584245,2114.6772514584245,2992;-1;-1,2992;-1;-1,0.0,0.9444887293264814,0.9444887293264814,0.0,,0,60;67,2,67,,,
0,0,default_vehtype,route,False,2114.6772514584245,2142.826998516449,2992;-1;-1,2968;-1;-1,390.96870913923203,0.9444887293264814,0.9444496324555675,0.0,,0,60;67,2,,,2992;2526;5444;1716;2720;4210;1711;2968,2992:2114.6772514584245;2526:2123.87949899337;5444:2134.41590699337;1716:2137.20626699337;2720:2137.9529069933697;4210:2138.8511789933696;1711:2139.9808589933696;2968:2142.826998516449
0,1,default_vehtype,route,False,1981.6930887907379,2111.9355427305445,2985;-1;-1,2978;-1;-1,1100.0007308030333,0.8561990729908247,0.8560890729177444,0.0,,0,,0,,,2985;1140;880;3109;3874;4306;429;3125;3406;2825;1944;130;99;4526;714;2800;4339;2419;5404;5421;1925;1883;926;925;5399;1905;830;2795;918;3075;7097;7290;2736;1744;1164;2789;1182;2978,2985:1981.6930887907379;1140:1981.8876594255728;880:1982.4789954255727;3109:1984.3295394255726;3874:1990.1938194255727;4306:2002.3093794255726;429:2003.7116994255725;3125:2004.9652194255725;3406:2017.3195794255726;2825:2019.7892994255726;1944:2021.1006594255725;130:2023.4882994255724;99:2023.9685394255725;4526:2032.3781394255725;714:2035.1749794255725;2800:2037.1813794255725;4339:2038.6751394255725;2419:2043.2842194255725;5404:2047.5110994255724;5421:2048.6164194255725;1925:2048.7596994255723;1883:2049.7969794255723;926:2054.049539425572;925:2056.9938594255723;5399:2066.298659425572;1905:2067.625259425572;830:2068.802099425572;2795:2069.985779425572;918:2071.127939425572;3075:2079.0008994255722;7097:2079.8502594255724;7290:2085.6523794255722;2736:2094.3708594255722;1744:2095.826099425572;1164:2106.9346194255722;2789:2108.346419425572;1182:2109.263339425572;2978:2111.9355427305445
0,1,default_vehtype,boarding,True,2111.9355427305445,2141.9355427305445,2978;-1;-1,2978;-1;-1,0.0,0.8560890729177444,0.8560890729177444,0.0,,0,63,1,63,,,
0,2,default_vehtype,route,False,1961.0352809182596,2149.587274285713,2977;-1;-1,2980;-1;-1,1527.828435539931,0.9616799586573715,0.9615271758138175,0.0,,0,56,1,,,2977;6202;7516;7037;7512;3274;2902;3901;7011;7336;4365;7288;1182;1001;6296;1434;3820;3877;2787;4993;6537;7281;2307;3549;6384;4032;1804;4811;5237;608;459;2416;4011;5246;363;366;2314;2877;1748;1743;1157;2058;2092;915;2980,2977:1961.0352809182596;6202:1964.9283730213713;7516:1965.7894930213713;7037:1973.1014530213713;7512:1980.3348130213712;3274:1991.6808130213713;2902:1991.7924130213712;3901:1992.2604130213713;7011:1994.2413730213714;7336:1997.1488530213715;4365:2004.7299730213715;7288:2005.8531730213715;1182:2006.7700930213714;1001:2012.0612530213714;6296:2014.4205730213714;1434:2020.3796530213715;3820:2025.4882930213714;3877:2027.3961730213714;2787:2036.1886930213714;4993:2037.2377330213715;6537:2043.0375730213714;7281:2048.8726930213716;2307:2052.3914530213715;3549:2058.0286930213715;6384:2058.2905330213716;4032:2061.512173021372;1804:2062.4280850213718;4811:2064.1107250213718;5237:2068.8512050213717;608:2077.7172850213715;459:2078.0470450213716;2416:2080.2606850213715;4011:2080.9248130213714;5246:2086.8499810213716;363:2093.7586690213716;366:2095.1637490213716;2314:2096.3086210213714;2877:2109.4797250213715;1748:2110.5982450213714;1743:2118.3526450213712;1157:2123.091787878514;2058:2128.8816164499426;2092:2132.2707593070854;915:2137.3889307356567;2980:2149.587274285713
0,5,default_vehtype,route,False,2076.3843425560344,2149.717403197009,2975;-1;-1,2977;-1;-1,611.108838674794,0.5423293322635641,0.5422682213796965,0.0,,0,59,1,,,2975;1166;429;4313;68;7318;7325;3011;4;4345;7330;7562;7316;7531;2802;2977,2975:2076.3843425560344;1166:2086.4952153001213;429:2087.8975353001215;4313:2089.0804953001216;68:2094.6788553001215;7318:2101.3468953001216;7325:2104.6736553001215;3011:2108.6842953001214;4:2113.4694153001215;4345:2115.5128953001213;7330:2116.7158953001212;7562:2124.549735300121;7316:2131.944735300121;7531:2139.499695300121;2802:2146.715175300121;2977:2149.717403197009
0,8,default_vehtype,route,False,1946.3675236241666,2134.8785999999986,2969;-1;-1,2966;-1;-1,1632.2617082123672,0.9150479190447905,0.9148846928739693,0.0,,0,,0,,,2969;7192;1664;337;1075;5648;5759;205;5793;1407;5826;7411;4686;5074;5295;5274;7181;604;603;602;1339;1395;1399;835;1147;1093;2607;911;1150;665;666;1885;668;1415;1041;1623;1383;2333;2966,2969:1946.3675236241666;7192:1949.9711665761129;1664:1953.2250625761128;337:1960.985294576113;1075:1962.009134576113;5648:1962.809918576113;5759:1968.368246576113;205:1973.512502576113;5793:1977.633854576113;1407:1979.253998576113;5826:1981.534310576113;7411:1984.4329585761132;4686:1985.503670576113;5074:1992.444182576113;5295:1992.674438576113;5274:1996.053254576113;7181:2000.562542576113;604:2004.140942576113;603:2005.204526576113;602:2006.057654576113;1339:2007.050030576113;1395:2015.5873585761128;1399:2017.7280625761127;835:2021.3050225761128;1147:2022.097598576113;1093:2023.3568785761129;2607:2031.4155505761128;911:2034.2694145761127;1150:2035.0298785761127;665:2036.4797425761126;666:2037.3488545761127;1885:2038.3346785761128;668:2051.7050785761126;1415:2052.3341425761128;1041:2069.020656861827;1623:2073.403914004684;1383:2084.4893425761124;2333:2124.6432282903984;2966:2134.8785999999986
0,1,default_vehtype,route,False,2141.9355427305445,2160.0,2978;-1;-1,4302;5102;0.704,150.53714391212927,0.8560890729177444,0.8560740192033531,0.0,,0,63,1,,,2978;4103;4326;7286;4302,2978:2141.9355427305445;4103:2144.554499425572;4326:2149.845659425572;7286:2150.7625794255723;4302:2152.174379425572
0,6,default_vehtype,route,False,2066.512925750717,2160.0,2979;-1;-1,414;122;0.124,802.0453520773526,0.7630797571443635,0.7629995526091558,0.0,,0,62,1,,,2979;2786;2307;3549;6384;4032;1804;4277;5239;6501;3911;5389;7301;3914;5398;5400;4040;4041;5374;5418;5424;5403;6546;1200;7312;3767;4527;3089;3131;5447;7352;414,2979:2066.512925750717;2786:2068.517861315516;2307:2072.0366213155157;3549:2077.6738613155158;6384:2077.935701315516;4032:2081.157341315516;1804:2082.073253315516;4277:2083.661333315516;5239:2089.165973315516;6501:2095.128533315516;3911:2104.483373315516;5389:2105.549213315516;7301:2105.8031333155163;3914:2106.9868133155164;5398:2108.1636533155165;5400:2109.4902533155164;4040:2118.7950533155163;4041:2121.7393733155163;5374:2125.9919333155162;5418:2127.0292133155162;5424:2127.172493315516;5403:2128.277813315516;6546:2132.5046933155163;1200:2137.1137733155165;7312:2138.6075333155163;3767:2140.6139333155165;4527:2143.4107733155165;3089:2151.8203733155165;3131:2152.3006133155163;5447:2154.6882533155162;7352:2155.9996133155164;414:2158.4693333155165
0,0,default_vehtype,boarding,True,2142.826998516449,2172.826998516449,2968;-1;-1,2968;-1;-1,0.0,0.9444496324555675,0.9444496324555675,0.0,,0,60;67,2,,67,,
0,2,default_vehtype,boarding,True,2149.587274285713,2179.587274285713,2980;-1;-1,2980;-1;-1,0.0,0.9615271758138175,0.9615271758138175,0.0,,0,56;64,2,64,56,,
0,3,default_vehtype,route,False,2027.8225466296537,2188.2612824131143,2984;-1;-1,2989;-1;-1,1836.545864862161,0.6906847538307661,0.6905010992442799,0.0,,0,66,1,,,2984;3012;7321;2804;3061;1173;3425;4304;793;118;3979;4275;103;6480;7360;3154;6028;5745;6035;5743;6038;6041;7365;6050;6068;6077;3629;4502;6912;2108;7370;7608;5900;3459;4818;5992;6047;5708;3884;3030;3347;7376;2207;3446;3720;5332;251;2711;3358;2296;5495;5696;3307;3987;6878;2989,2984:2027.8225466296537;3012:2030.3152073070867;7321:2034.3258473070866;2804:2037.6526073070866;3061:2044.3206473070866;1173:2049.9190073070868;3425:2051.101967307087;4304:2052.504287307087;793:2064.619847307087;118:2070.484127307087;3979:2072.334671307087;4275:2072.926007307087;103:2074.068935307087;6480:2087.390663307087;7360:2092.8925433070867;3154:2093.984351307087;6028:2094.9454793070868;5745:2096.4371033070865;6035:2098.3605113070867;5743:2099.7299513070866;6038:2101.7453753070868;6041:2103.021647307087;7365:2109.684815307087;6050:2111.958359307087;6068:2116.184687307087;6077:2116.8303833070872;3629:2118.387671307087;4502:2118.850559307087;6912:2123.998991307087;2108:2125.8953993070872;7370:2132.422127307087;7608:2132.6515193070873;5900:2136.1232153070873;3459:2136.8787833070874;4818:2137.4936633070874;5992:2137.9704473070874;6047:2142.1589753070875;5708:2143.5532553070875;3884:2146.0928393070876;3030:2146.5908633070876;3347:2148.6150713070874;7376:2149.0504553070873;2207:2149.4593433070872;3446:2152.2827513070874;3720:2155.3124393070875;5332:2156.3038793070873;251:2157.0514553070875;2711:2158.1892713070874;3358:2160.4042793070876;2296:2168.7052793070875;5495:2168.9221193070875;5696:2169.6848393070877;3307:2180.423279307088;3987:2187.2504393070876;6878:2187.8537993070877;2989:2188.2612824131143
0,3,default_vehtype,boarding,True,2188.2612824131143,2218.2612824131143,2989;-1;-1,2989;-1;-1,0.0,0.6905010992442799,0.6905010992442799,0.0,,0,66,1,,66,,
0,4,default_vehtype,route,False,2021.5744442162609,2204.469423941127,2987;-1;-1,2970;-1;-1,1680.7188240627274,0.82136656800245,0.8211984961200437,0.0,,0,58,1,,,2987;4613;7368;7606;5900;3459;4818;5992;6047;5708;3884;3030;3347;7376;2207;3446;3720;5332;251;2711;3358;2296;5495;5696;3307;3987;6878;746;2834;2045;2835;2641;7396;2616;486;2838;3722;3732;544;7400;5449;6824;4848;1631;1593;6821;1946;7401;3560;2970,2987:2021.5744442162609;4613:2023.1706932459686;7368:2034.8758052459686;7606:2035.1051972459686;5900:2038.5768932459687;3459:2039.3324612459687;4818:2039.9473412459688;5992:2040.4241252459688;6047:2044.6126532459687;5708:2046.0069332459686;3884:2048.5465172459685;3030:2049.0445412459685;3347:2051.0687492459683;7376:2051.504133245968;2207:2051.913021245968;3446:2054.7364292459683;3720:2057.7661172459684;5332:2058.757557245968;251:2059.5051332459684;2711:2060.6429492459683;3358:2062.8579572459685;2296:2071.1589572459684;5495:2071.3757972459684;5696:2072.1385172459686;3307:2082.8769572459687;3987:2089.7041172459685;6878:2090.3074772459686;746:2091.375477245969;2834:2095.439877245969;2045:2109.978117245969;2835:2112.343197245969;2641:2121.554277245969;7396:2122.148637245969;2616:2127.510237245969;486:2128.421997245969;2838:2134.746717245969;3722:2138.2659572459693;3732:2160.7156772459693;544:2163.405237245969;7400:2164.4807972459694;5449:2165.6798372459693;6824:2169.9331172459692;4848:2177.4134372459694;1631:2183.1076086745406;1593:2188.801780103112;6821:2196.282100103112;1946:2200.535380103112;7401:2201.734420103112;3560:2202.809980103112;2970:2204.469423941127
0,5,default_vehtype,boarding,True,2149.717403197009,2179.717403197009,2977;-1;-1,2977;-1;-1,0.0,0.5422682213796965,0.5422682213796965,0.0,,0,59,1,,59,,
0,7,default_vehtype,route,False,2040.0,2163.430966337532,2971;-1;-1,2991;-1;-1,1119.2465587537235,0.7708792451550506,0.7707673204991752,0.0,,0,,0,,,2971;3807;7387;2045;2835;2641;7396;2616;486;2838;3722;3732;544;7400;5449;6824;4848;3271;4846;4989;5000;337;1075;537;2991,2971:2040;3807:2041.3763552681585;7387:2045.4407552681585;2045:2059.9789952681585;2835:2062.3440752681586;2641:2071.5551552681586;7396:2072.1495152681587;2616:2077.511115268159;486:2078.422875268159;2838:2084.747595268159;3722:2088.266835268159;3732:2110.716555268159;544:2113.406115268159;7400:2114.481675268159;5449:2115.680715268159;6824:2119.933995268159;4848:2127.414315268159;3271:2132.967435268159;4846:2134.840515268159;4989:2147.113035268159;5000:2151.872595268159;337:2159.632827268159;1075:2160.656667268159;537:2161.610667268159;2991:2163.430966337532
0,7,default_vehtype,boarding,True,2163.430966337532,2193.430966337532,2991;-1;-1,2991;-1;-1,0.0,0.7707673204991752,0.7707673204991752,0.0,,0,68,1,68,,,
0,8,default_vehtype,boarding,True,2134.8785999999986,2164.8785999999986,2966;-1;-1,2966;-1;-1,0.0,0.9148846928739693,0.9148846928739693,0.0,,0,65,1,65,,,
0,4,default_vehtype,boarding,True,2204.469423941127,2234.469423941127,2970;-1;-1,2970;-1;-1,0.0,0.8211984961200437,0.8211984961200437,0.0,,0,58,1,,58,,
0,5,default_vehtype,route,False,2179.717403197009,2226.0440346226874,2977;-1;-1,2984;-1;-1,386.05526188065755,0.5422682213796965,0.5422296158535085,0.0,,0,,0,,,2977;6202;7315;7530;2803;7558;2806;4344;2996;2984,2977:2179.717403197009;6202:2183.610495300121;7315:2190.505815300121;7530:2197.721295300121;2803:2205.2762553001207;7558:2212.6712553001207;2806:2220.5050953001205;4344:2221.7080953001205;2996:2223.7515753001203;2984:2226.0440346226874
0,5,default_vehtype,boarding,True,2226.0440346226874,2256.0440346226874,2984;-1;-1,2984;-1;-1,0.0,0.5422296158535085,0.5422296158535085,0.0,,0,69,1,69,,,
0,5,default_vehtype,route,False,2256.0440346226874,2269.4117819294597,2984;-1;-1,2976;-1;-1,111.3978942231051,0.5422296158535085,0.5422184760640861,0.0,,0,69,1,,,2984;3012;4;4345;7330;2976,2984:2256.0440346226874;3012:2258.5366953001203;4:2263.3218153001203;4345:2265.36529530012;7330:2266.56829530012;2976:2269.4117819294597
0,6,default_vehtype,route,False,2160.0,2256.3785242858094,414;122;0.124,2987;-1;-1,1163.816318883365,0.7629995526091558,0.7628831709772674,0.0,,0,62,1,,,414;122;3426;4305;793;118;3979;4275;103;6480;7360;3154;6028;5745;6035;5743;6038;6041;7365;2179;3064;6023;3524;7356;4225;2987,414:2160;122:2170.8236933155163;3426:2172.0772133155165;4305:2173.4795333155166;793:2185.595093315517;118:2191.4593733155166;3979:2193.3099173155165;4275:2193.9012533155164;103:2195.0441813155167;6480:2208.3659093155165;7360:2213.8677893155163;3154:2214.9595973155165;6028:2215.9207253155164;5745:2217.412349315516;6035:2219.3357573155163;5743:2220.705197315516;6038:2222.7206213155164;6041:2223.9968933155164;7365:2230.6600613155165;2179:2234.6683013155166;3064:2235.970277315517;6023:2237.234957315517;3524:2238.976421315517;7356:2249.855261315517;4225:2254.439789315517;2987:2256.3785242858094
0,7,default_vehtype,route,False,2193.430966337532,2280.0,2991;-1;-1,1368;591;0.246,972.3096897564933,0.7707673204991752,0.7706700895301996,0.0,,0,68,1,,,2991;3010;5658;3008;4585;330;4588;5827;7412;4686;5074;5295;5274;7181;604;603;602;3851;4573;1400;971;598;1368,2991:2193.430966337532;3010:2197.478235268159;5658:2198.285835268159;3008:2206.388715268159;4585:2228.7169952681593;330:2238.312675268159;4588:2238.885075268159;5827:2241.165387268159;7412:2244.064035268159;4686:2245.134747268159;5074:2252.0752592681592;5295:2252.305515268159;5274:2255.684331268159;7181:2260.193619268159;604:2263.772019268159;603:2264.835603268159;602:2265.6887312681592;3851:2266.6921232681593;4573:2270.9984432681595;1400:2272.7311232681595;971:2276.5295552681596;598:2277.5968112681594;1368:2278.5571472681595
0,3,default_vehtype,route,False,2280.0,2318.744117282408,2989;-1;-1,2972;-1;-1,376.01253506691756,0.6905010992442799,0.6904634979907732,0.0,,0,,0,,,2989;3808;6876;885;316;2042;1982;6306;374;7114;3246;5330;661;445;2972,2989:2280;3808:2280.6605168939736;6876:2281.728516893974;885:2282.331876893974;316:2289.1590368939737;2042:2299.897476893974;1982:2300.660196893974;6306:2300.877036893974;374:2309.178036893974;7114:2311.393044893974;3246:2312.530860893974;5330:2313.2784368939742;661:2314.269876893974;445:2317.299564893974;2972:2318.744117282408
0,5,default_vehtype,boarding,True,2269.4117819294597,2299.4117819294597,2976;-1;-1,2976;-1;-1,0.0,0.5422184760640861,0.5422184760640861,0.0,,0,69,1,,69,,
0,6,default_vehtype,boarding,True,2256.3785242858094,2286.3785242858094,2987;-1;-1,2987;-1;-1,0.0,0.7628831709772674,0.7628831709772674,0.0,,0,62;70,2,70,,,
0,8,default_vehtype,route,False,2164.8785999999986,2296.5079350411675,2966;-1;-1,2992;-1;-1,1285.4828948015352,0.9148846928739693,0.9147561445844892,0.0,,0,65,1,,,2966;2743;2631;2150;735;738;2470;734;1815;739;1724;1962;1910;164;1354;197;1311;7;1963;1308;482;7613;2611;1307;2876;1960;816;6786;5444;1716;2720;4210;2067;2063;1937;2992,2966:2164.8785999999986;2743:2172.722428290398;2631:2176.7338568618266;2150:2193.664142576112;735:2204.1463140046835;738:2210.314142576112;2470:2211.263822576112;734:2211.472694576112;1815:2212.4809105761124;739:2213.3214385761125;1724:2229.7791265761125;1962:2230.8359425761123;1910:2231.6581825761123;164:2232.6093745761123;1354:2233.5658945761124;197:2235.7751425761126;1311:2247.3099025761126;7:2251.0048705761124;1963:2251.4133265761125;1308:2251.7745505761127;482:2256.3291985761125;7613:2257.6533505761126;2611:2261.549702576113;1307:2262.865430576113;2876:2265.532166576113;1960:2266.5164065761132;816:2274.048326576113;6786:2275.315310576113;5444:2285.851718576113;1716:2288.642078576113;2720:2289.3887185761128;4210:2290.2869905761127;2067:2291.1875665761127;2063:2291.903822576113;1937:2295.173774576113;2992:2296.5079350411675
0,8,default_vehtype,boarding,True,2296.5079350411675,2326.5079350411675,2992;-1;-1,2992;-1;-1,0.0,0.9147561445844892,0.9147561445844892,0.0,,0,65,1,,65,,
0,3,default_vehtype,boarding,True,2318.744117282408,2348.744117282408,2972;-1;-1,2972;-1;-1,0.0,0.6904634979907732,0.6904634979907732,0.0,,0,72;73,2,72;73,,,
0,5,default_vehtype,route,False,2299.4117819294597,2387.249793984603,2976;-1;-1,2975;-1;-1,669.2840052214433,0.5422184760640861,0.542151547663564,0.0,,0,,0,,,2976;7557;2806;4344;2996;3013;7322;2804;3061;1173;3425;4304;793;118;3979;4275;3068;70;73;4273;880;3109;3874;2975,2976:2299.4117819294597;7557:2304.40213530012;2806:2312.2359753001197;4344:2313.4389753001196;2996:2315.4824553001195;3013:2320.2675753001195;7322:2324.2782153001194;2804:2327.6049753001193;3061:2334.2730153001194;1173:2339.8713753001193;3425:2341.0543353001194;4304:2342.4566553001196;793:2354.5722153001198;118:2360.4364953001195;3979:2362.2870393001194;4275:2362.8783753001194;3068:2367.622661014405;70:2369.908661014405;73:2372.194661014405;4273:2376.9389467286906;880:2377.5302827286905;3109:2379.3808267286904;3874:2385.24510672869;2975:2387.249793984603
0,6,default_vehtype,route,False,2286.3785242858094,2355.519040421544,2987;-1;-1,2989;-1;-1,805.5238179628255,0.7628831709772674,0.7628026185954712,0.0,,0,62;70,2,,,2987;4613;7368;7606;5900;3459;4818;5992;6047;5708;3884;3030;3347;7376;2207;3446;3720;5332;251;2711;3358;2296;5495;5696;3307;3987;6878;2989,2987:2286.3785242858094;4613:2287.974773315517;7368:2299.679885315517;7606:2299.909277315517;5900:2303.380973315517;3459:2304.136541315517;4818:2304.7514213155173;5992:2305.2282053155172;6047:2309.4167333155174;5708:2310.8110133155174;3884:2313.3505973155175;3030:2313.8486213155174;3347:2315.8728293155173;7376:2316.308213315517;2207:2316.717101315517;3446:2319.5405093155173;3720:2322.5701973155174;5332:2323.561637315517;251:2324.3092133155174;2711:2325.4470293155173;3358:2327.6620373155174;2296:2335.9630373155173;5495:2336.1798773155174;5696:2336.9425973155176;3307:2347.6810373155176;3987:2354.5081973155175;6878:2355.1115573155175;2989:2355.519040421544
0,6,default_vehtype,boarding,True,2355.519040421544,2385.519040421544,2989;-1;-1,2989;-1;-1,0.0,0.7628026185954712,0.7628026185954712,0.0,,0,62;70,2,,62;70,,
0,7,default_vehtype,route,False,2280.0,2361.0837125325015,1368;591;0.246,2980;-1;-1,753.08238007177,0.7706700895301996,0.7705947812921924,0.0,,0,68,1,,,1368;591;585;940;1370;939;1903;983;3921;840;2881;5099;1157;2058;2092;915;2980,1368:2280;591:2284.4280992681597;585:2297.59934726816;940:2304.1792112681596;1370:2311.2058352681597;939:2311.9025072681598;1903:2312.7240992681595;983:2313.7066112681596;3921:2317.5047552681594;840:2322.0655952681595;2881:2328.6962192681594;5099:2329.8490832681596;1157:2334.5882261253023;2058:2340.378054696731;2092:2343.7671975538738;915:2348.885368982445;2980:2361.0837125325015
0,7,default_vehtype,boarding,True,2361.0837125325015,2391.0837125325015,2980;-1;-1,2980;-1;-1,0.0,0.7705947812921924,0.7705947812921924,0.0,,0,68;74,2,74,,,
0,8,default_vehtype,route,False,2340.0,2377.017328528743,2992;-1;-1,2967;-1;-1,371.725848613485,0.9147561445844892,0.9147189719996278,0.0,,0,,0,,,2992;2526;3895;5465;7450;1719;3469;470;469;5079;7447;1960;2967,2992:2340;2526:2349.2022475349454;3895:2350.4692315349453;5465:2358.001151534945;7450:2358.9853915349454;1719:2359.8020155349454;3469:2360.8219675349455;470:2366.783053249231;469:2372.744138963517;5079:2373.764090963517;7447:2374.580714963517;1960:2375.5649549635173;2967:2377.017328528743
0,0,default_vehtype,route,False,2172.826998516449,2420.9512502492826,2968;-1;-1,2975;-1;-1,2918.739011534284,0.9444496324555675,0.944157758554414,0.0,,0,60,1,,,2968;98;2497;7434;2760;542;1074;1071;1070;1069;1067;1504;4396;710;2281;4664;6260;3300;1832;708;6180;2405;6169;2744;2567;2576;3077;3241;88;2758;2742;2448;2353;6140;7386;3742;7100;6318;737;6639;2446;2301;1992;1990;1988;1985;3729;5498;5496;5699;5494;6307;374;7114;3246;5330;661;445;6080;7381;364;3029;3886;5711;6045;2157;4817;456;5901;7605;2830;5852;6913;1321;597;2204;6066;6049;7367;2188;2186;5744;6033;5746;6031;146;2828;2376;3091;4274;880;3109;3874;2975,2968:2172.826998516449;98:2178.5966669933696;2497:2180.1072989933696;7434:2187.3151469933696;2760:2193.8536829933696;542:2201.3817869933696;1074:2202.3151949933695;1071:2203.3177229933694;1070:2217.7810109933694;1069:2218.5192989933694;1067:2221.1813549933695;1504:2225.6351309933693;4396:2225.861426993369;710:2226.412082993369;2281:2227.417778993369;4664:2231.2957709933694;6260:2231.7416669933696;3300:2232.3407789933694;1832:2235.1309949933693;708:2235.6700589933694;6180:2236.0934909933694;2405:2238.3158909933695;6169:2241.7930109933695;2744:2246.3935709933694;2567:2248.2365309933693;2576:2256.725090993369;3077:2258.857730993369;3241:2261.986610993369;88:2263.913450993369;2758:2265.876890993369;2742:2266.2833309933694;2448:2269.4689709933696;2353:2275.6698509933694;6140:2280.8408909933696;7386:2282.1833309933695;3742:2289.8423309933696;7100:2290.3819709933696;6318:2290.8600509933694;737:2291.7757709933694;6639:2293.6249709933695;2446:2295.1962509933696;2301:2297.4932909933696;1992:2298.5183309933695;1990:2300.2152509933694;1988:2302.6692509933696;1985:2306.1910109933697;3729:2308.5384509933697;5498:2309.9358509933695;5496:2312.8430909933695;5699:2313.5405309933694;5494:2314.6442909933694;6307:2314.8611309933694;374:2323.1621309933694;7114:2325.3771389933695;3246:2326.5149549933694;5330:2327.2625309933696;661:2328.2539709933694;445:2331.2836589933695;6080:2334.1070669933697;7381:2334.5159549933696;364:2334.9513389933695;3029:2336.9755469933693;3886:2337.4735709933693;5711:2340.0131549933694;6045:2341.4074349933694;2157:2345.5959629933695;4817:2346.0727469933695;456:2346.6876269933696;5901:2347.4431949933696;7605:2350.9148909933697;2830:2351.14428299337;5852:2357.6710109933697;6913:2359.5674189933698;1321:2364.7158509933697;597:2365.1787389933697;2204:2366.7360269933697;6066:2367.3817229933697;6049:2371.60805099337;7367:2373.88159499337;2188:2380.54476299337;2186:2381.82103499337;5744:2383.8364589933703;6033:2385.2058989933703;5746:2387.1293069933704;6031:2388.62093099337;146:2389.58205899337;2828:2390.67386699337;2376:2396.17574699337;3091:2409.49747499337;4274:2410.64040299337;880:2411.23173899337;3109:2413.08228299337;3874:2418.9465629933698;2975:2420.9512502492826
0,0,default_vehtype,boarding,True,2420.9512502492826,2450.9512502492826,2975;-1;-1,2975;-1;-1,0.0,0.944157758554414,0.944157758554414,0.0,,0,60,1,,60,,
0,1,default_vehtype,route,False,2160.0,2435.944064157413,4302;5102;0.704,2971;-1;-1,2299.5338679784477,0.8560740192033531,0.8558440658165553,0.0,,0,63,1,,,4302;5102;7160;7294;2701;3076;4023;7300;3914;5398;5400;4040;4041;5374;5418;5424;5403;6546;1200;7312;4332;799;3653;3825;7127;3766;3988;553;7132;7191;3566;4337;7134;6667;6711;1807;1653;6829;4349;4937;669;5061;7265;3848;534;2839;3560;3731;662;7398;3491;6933;7394;6989;7392;5704;7389;2971,4302:2160;5102:2163.2828994255724;7160:2164.738139425572;7294:2173.456619425572;2701:2179.258739425572;3076:2180.108099425572;4023:2187.9810594255723;7300:2189.123219425572;3914:2190.3068994255723;5398:2191.4837394255724;5400:2192.8103394255722;4040:2202.115139425572;4041:2205.059459425572;5374:2209.312019425572;5418:2210.349299425572;5424:2210.492579425572;5403:2211.597899425572;6546:2215.824779425572;1200:2220.4338594255723;7312:2221.927619425572;4332:2222.743259425572;799:2223.9241794255718;3653:2228.5204194255716;3825:2229.7690194255715;7127:2273.3291394255716;3766:2274.2663394255715;3988:2278.0019394255714;553:2278.4602194255713;7132:2288.3390994255715;7191:2296.2962994255713;3566:2298.125459425571;4337:2302.623659425571;7134:2303.723699425571;6667:2311.655819425571;6711:2327.5153794255707;1807:2329.442579425571;1653:2335.2464994255706;6829:2336.0194194255705;4349:2336.5682994255703;4937:2340.9378594255704;669:2351.2452594255706;5061:2357.0536194255706;7265:2357.8368594255708;3848:2358.8114994255707;534:2362.856459425571;2839:2364.2150994255708;3560:2365.290659425571;3731:2367.980219425571;662:2390.429939425571;7398:2393.949179425571;3491:2400.273899425571;6933:2401.185659425571;7394:2406.547259425571;6989:2407.141619425571;7392:2416.3526994255712;5704:2418.7177794255713;7389:2433.256019425571;2971:2435.944064157413
0,4,default_vehtype,route,False,2400.0,2453.7445272313585,2970;-1;-1,2991;-1;-1,538.5262328689473,0.8211984961200437,0.8211446434967568,0.0,,0,,0,,,2970;671;544;7400;5449;6824;4848;3271;4846;4989;5000;337;1075;537;2991,2970:2400;671:2401.0301161619855;544:2403.7196761619853;7400:2404.7952361619855;5449:2405.9942761619855;6824:2410.2475561619854;4848:2417.7278761619855;3271:2423.2809961619855;4846:2425.1540761619854;4989:2437.4265961619853;5000:2442.1861561619853;337:2449.9463881619854;1075:2450.9702281619852;537:2451.9242281619854;2991:2453.7445272313585
0,5,default_vehtype,boarding,True,2387.249793984603,2417.249793984603,2975;-1;-1,2975;-1;-1,0.0,0.542151547663564,0.542151547663564,0.0,,0,71,1,71,,,
0,8,default_vehtype,boarding,True,2377.017328528743,2407.017328528743,2967;-1;-1,2967;-1;-1,0.0,0.9147189719996278,0.9147189719996278,0.0,,0,76,1,76,,,
0,8,default_vehtype,route,False,2407.017328528743,2433.311358486596,2967;-1;-1,2968;-1;-1,365.194860525747,0.9147189719996278,0.9146824525135753,0.0,,0,76,1,,,2967;3896;6788;5444;1716;2720;4210;1711;2968,2967:2407.017328528743;3896:2413.096874963517;6788:2414.363858963517;5444:2424.900266963517;1716:2427.690626963517;2720:2428.437266963517;4210:2429.3355389635167;1711:2430.4652189635167;2968:2433.311358486596
0,1,default_vehtype,boarding,True,2435.944064157413,2465.944064157413,2971;-1;-1,2971;-1;-1,0.0,0.8558440658165553,0.8558440658165553,0.0,,0,63,1,,63,,
0,2,default_vehtype,route,False,2179.587274285713,2478.7239691392792,2980;-1;-1,2973;-1;-1,2548.1465637823403,0.9615271758138175,0.9612723611574392,0.0,,0,64,1,,,2980;914;2135;1730;2664;2579;2961;2407;2581;370;361;2874;1887;4059;910;6541;3462;3648;2851;2850;1801;1560;5242;4277;5239;6501;3911;5389;7301;3914;5398;5400;4040;4041;5374;5418;5424;5403;6546;1200;7312;3767;4527;3089;3131;5447;7352;414;122;3426;4305;793;118;3979;4275;103;6480;7360;3154;6028;5745;6035;5743;6038;6041;7365;6050;6068;6077;3629;4502;6912;2108;7370;1420;1084;2973,2980:2179.587274285713;914:2195.4694450213706;2135:2203.420302164228;1730:2218.8766450213707;2664:2220.698759307085;2579:2225.574702164228;2961:2242.345559307085;2407:2247.5943593070847;2581:2256.081616449942;370:2257.664464449942;361:2260.161568449942;2874:2260.7475764499422;1887:2266.4029604499424;4059:2268.3222644499424;910:2272.8384644499424;6541:2273.5025924499423;3462:2275.7162324499423;3648:2276.0459924499423;2851:2280.720232449942;2850:2281.653592449942;1801:2284.9492724499423;1560:2289.6897524499423;5242:2291.3723924499423;4277:2292.9604724499422;5239:2298.4651124499424;6501:2304.4276724499423;3911:2313.7825124499423;5389:2314.8483524499425;7301:2315.1022724499426;3914:2316.2859524499427;5398:2317.4627924499428;5400:2318.7893924499426;4040:2328.0941924499425;4041:2331.0385124499426;5374:2335.2910724499425;5418:2336.3283524499425;5424:2336.4716324499423;5403:2337.5769524499424;6546:2341.8038324499425;1200:2346.4129124499427;7312:2347.9066724499426;3767:2349.913072449943;4527:2352.7099124499427;3089:2361.1195124499427;3131:2361.5997524499426;5447:2363.9873924499425;7352:2365.2987524499426;414:2367.7684724499427;122:2380.1228324499425;3426:2381.3763524499427;4305:2382.778672449943;793:2394.894232449943;118:2400.758512449943;3979:2402.6090564499427;4275:2403.2003924499427;103:2404.343320449943;6480:2417.665048449943;7360:2423.1669284499426;3154:2424.2587364499427;6028:2425.2198644499426;5745:2426.7114884499424;6035:2428.6348964499425;5743:2430.0043364499425;6038:2432.0197604499426;6041:2433.2960324499427;7365:2439.9592004499427;6050:2442.232744449943;6068:2446.459072449943;6077:2447.104768449943;3629:2448.662056449943;4502:2449.124944449943;6912:2454.273376449943;2108:2456.169784449943;7370:2462.696512449943;1420:2474.401624449943;1084:2477.936608449943;2973:2478.7239691392792
0,2,default_vehtype,boarding,True,2478.7239691392792,2508.7239691392792,2973;-1;-1,2973;-1;-1,0.0,0.9612723611574392,0.9612723611574392,0.0,,0,64,1,,64,,
0,4,default_vehtype,boarding,True,2453.7445272313585,2483.7445272313585,2991;-1;-1,2991;-1;-1,0.0,0.8211446434967568,0.8211446434967568,0.0,,0,78,1,78,,,
0,8,default_vehtype,boarding,True,2433.311358486596,2463.311358486596,2968;-1;-1,2968;-1;-1,0.0,0.9146824525135753,0.9146824525135753,0.0,,0,76,1,,76,,
0,3,default_vehtype,route,False,2348.744117282408,2545.14782203983,2972;-1;-1,2981;-1;-1,2106.0954485983193,0.6904634979907732,0.6902528884459134,0.0,,0,72;73,2,,,2972;6079;7380;364;3029;3886;5711;6045;2157;4817;456;5901;7605;2830;5852;6913;1321;597;2204;6066;6049;7367;2188;2186;5744;6033;5746;6031;146;2828;2376;3091;4274;880;3109;3874;4306;429;3125;3406;2825;1944;130;99;4526;714;2800;4339;2419;5404;5421;1925;1883;926;925;5399;1905;830;2795;1891;827;6499;1803;1141;5241;922;6385;3550;2981,2972:2348.744117282408;6079:2350.122972893974;7380:2350.5318608939738;364:2350.9672448939737;3029:2352.9914528939735;3886:2353.4894768939735;5711:2356.0290608939736;6045:2357.4233408939735;2157:2361.6118688939737;4817:2362.0886528939736;456:2362.7035328939737;5901:2363.4591008939738;7605:2366.930796893974;2830:2367.160188893974;5852:2373.686916893974;6913:2375.583324893974;1321:2380.731756893974;597:2381.194644893974;2204:2382.751932893974;6066:2383.397628893974;6049:2387.623956893974;7367:2389.897500893974;2188:2396.5606688939743;2186:2397.8369408939743;5744:2399.8523648939745;6033:2401.2218048939744;5746:2403.1452128939745;6031:2404.6368368939743;146:2405.597964893974;2828:2406.6897728939744;2376:2412.191652893974;3091:2425.513380893974;4274:2426.6563088939743;880:2427.247644893974;3109:2429.098188893974;3874:2434.962468893974;4306:2447.078028893974;429:2448.480348893974;3125:2449.7338688939744;3406:2462.0882288939742;2825:2464.5579488939743;1944:2465.8693088939744;130:2468.2569488939744;99:2468.7371888939742;4526:2477.146788893974;714:2479.943628893974;2800:2481.9500288939744;4339:2483.443788893974;2419:2488.0528688939744;5404:2492.2797488939746;5421:2493.3850688939747;1925:2493.5283488939745;1883:2494.5656288939745;926:2498.8181888939744;925:2501.7625088939744;5399:2511.0673088939743;1905:2512.393908893974;830:2513.5707488939743;2795:2514.7544288939744;1891:2515.0083488939745;827:2516.0741888939747;6499:2525.4290288939746;1803:2531.3915888939746;1141:2536.8962288939747;5241:2538.4843088939747;922:2539.4002208939746;6385:2542.621860893975;3550:2542.883700893975;2981:2545.14782203983
0,3,default_vehtype,boarding,True,2545.14782203983,2575.14782203983,2981;-1;-1,2981;-1;-1,0.0,0.6902528884459134,0.6902528884459134,0.0,,0,72;73,2,,72;73,,
0,8,default_vehtype,route,False,2463.311358486596,2522.9776149816157,2968;-1;-1,2993;-1;-1,828.698006875271,0.9146824525135753,0.9145995827128878,0.0,,0,,0,,,2968;98;2497;7434;4184;2559;6740;1717;2067;2063;1937;6789;3895;5465;7450;2993,2968:2463.311358486596;98:2469.0810269635167;2497:2470.5916589635167;7434:2477.7995069635167;4184:2478.6738029635167;2559:2485.7244029635167;6740:2490.1950269635167;1717:2496.028754963517;2067:2496.7665389635167;2063:2497.482794963517;1937:2500.752746963517;6789:2511.289154963517;3895:2512.556138963517;5465:2520.0880589635167;7450:2521.072298963517;2993:2522.9776149816157
0,8,default_vehtype,boarding,True,2522.9776149816157,2552.9776149816157,2993;-1;-1,2993;-1;-1,0.0,0.9145995827128878,0.9145995827128878,0.0,,0,79,1,79,,,
0,0,default_vehtype,route,False,2450.9512502492826,2595.3111565714294,2975;-1;-1,2979;-1;-1,1100.6224764940696,0.944157758554414,0.9440476963067645,0.0,,0,,0,,,2975;1166;429;3125;3406;2825;1944;130;99;4526;714;2800;4339;2419;5404;5421;1925;1883;926;925;5399;1905;830;2795;1891;827;6499;1803;1141;5241;922;6385;3550;6322;7280;2411;6281;2286;2287;6538;2979,2975:2450.9512502492826;1166:2461.0621229933695;429:2462.4644429933696;3125:2463.71796299337;3406:2476.0723229933697;2825:2478.5420429933697;1944:2479.85340299337;130:2482.24104299337;99:2482.7212829933696;4526:2491.1308829933696;714:2493.9277229933696;2800:2495.93412299337;4339:2497.4278829933696;2419:2502.03696299337;5404:2506.26384299337;5421:2507.36916299337;1925:2507.51244299337;1883:2508.54972299337;926:2512.8022829933698;925:2515.74660299337;5399:2525.0514029933697;1905:2526.3780029933696;830:2527.5548429933697;2795:2528.7385229933698;1891:2528.99244299337;827:2530.05828299337;6499:2539.41312299337;1803:2545.37568299337;1141:2550.88032299337;5241:2552.46840299337;922:2553.38431499337;6385:2556.6059549933702;3550:2556.8677949933704;6322:2562.5050349933704;7280:2566.0237949933703;2411:2571.8589149933705;6281:2576.903029279085;2286:2581.6699435647993;2287:2586.4368578505137;6538:2591.480972136228;2979:2595.3111565714294
0,0,default_vehtype,boarding,True,2595.3111565714294,2625.3111565714294,2979;-1;-1,2979;-1;-1,0.0,0.9440476963067645,0.9440476963067645,0.0,,0,75,1,75,,,
0,2,default_vehtype,route,False,2520.0,2590.0620225665766,2973;-1;-1,2975;-1;-1,929.3671620029345,0.9612723611574392,0.9611794244412389,0.0,,0,,0,,,2973;7354;3525;6025;3063;6027;7362;2188;2186;5744;6033;5746;6031;146;2828;2376;3091;4274;880;3109;3874;2975,2973:2520;7354:2523.7971673106636;3525:2534.6760073106634;6025:2536.4174713106636;3063:2537.682151310664;6027:2538.984127310664;7362:2542.992367310664;2188:2549.655535310664;2186:2550.931807310664;5744:2552.9472313106644;6033:2554.3166713106643;5746:2556.2400793106644;6031:2557.731703310664;146:2558.692831310664;2828:2559.7846393106643;2376:2565.286519310664;3091:2578.608247310664;4274:2579.751175310664;880:2580.342511310664;3109:2582.193055310664;3874:2588.057335310664;2975:2590.0620225665766
0,2,default_vehtype,boarding,True,2590.0620225665766,2620.0620225665766,2975;-1;-1,2975;-1;-1,0.0,0.9611794244412389,0.9611794244412389,0.0,,0,83,1,83,,,
0,3,default_vehtype,route,False,2575.14782203983,2628.0625735485505,2981;-1;-1,2982;-1;-1,440.95626257266696,0.6902528884459134,0.6902087928196561,0.0,,0,,0,,,2981;6320;7278;2411;1661;7283;796;751;4635;6299;4102;4325;7285;1218;2982,2981:2575.14782203983;6320:2578.520940893975;7278:2582.039700893975;2411:2587.874820893975;1661:2593.674660893975;7283:2594.723700893975;796:2603.516220893975;751:2605.4241008939753;4635:2610.532740893975;6299:2616.4918208939753;4102:2618.8511408939753;4325:2624.1423008939755;7285:2625.0592208939756;1218:2626.1824208939756;2982:2628.0625735485505
0,6,default_vehtype,route,False,2520.0,2593.1876455833108,2989;-1;-1,2973;-1;-1,854.3948725794526,0.7628026185954712,0.7627171791082132,0.0,,0,,0,,,2989;3808;6876;885;316;2042;1982;6306;374;7114;3246;5330;661;445;6080;7381;364;3029;3886;5711;6045;2157;4817;456;5901;7605;2830;1420;1084;2973,2989:2520;3808:2520.6605168939736;6876:2521.728516893974;885:2522.331876893974;316:2529.1590368939737;2042:2539.897476893974;1982:2540.660196893974;6306:2540.877036893974;374:2549.178036893974;7114:2551.393044893974;3246:2552.530860893974;5330:2553.2784368939742;661:2554.269876893974;445:2557.299564893974;6080:2560.1229728939743;7381:2560.531860893974;364:2560.967244893974;3029:2562.991452893974;3886:2563.489476893974;5711:2566.029060893974;6045:2567.423340893974;2157:2571.611868893974;4817:2572.088652893974;456:2572.703532893974;5901:2573.459100893974;7605:2576.9307968939743;2830:2577.1601888939745;1420:2588.8653008939746;1084:2592.4002848939745;2973:2593.1876455833108
0,6,default_vehtype,boarding,True,2593.1876455833108,2623.1876455833108,2973;-1;-1,2973;-1;-1,0.0,0.7627171791082132,0.7627171791082132,0.0,,0,81,1,81,,,
0,7,default_vehtype,route,False,2391.0837125325015,2609.9523973077567,2980;-1;-1,2983;-1;-1,1469.0914537445467,0.7705947812921924,0.770447872146818,0.0,,0,68;74,2,,,2980;914;2135;1730;2664;2579;2961;2407;2581;370;361;2874;1887;4059;910;6541;3462;3648;2851;2850;1801;1560;5242;922;6385;3550;6322;7280;2411;1661;7283;796;751;4635;6299;4102;4325;7285;1218;7334;7010;820;7498;276;2915;2661;7517;6201;7314;2983,2980:2391.0837125325015;914:2406.965883268159;2135:2414.9167404110162;1730:2430.373083268159;2664:2432.195197553873;2579:2437.071140411016;2961:2453.841997553873;2407:2459.090797553873;2581:2467.5780546967303;370:2469.1609026967303;361:2471.6580066967304;2874:2472.2440146967306;1887:2477.8993986967307;4059:2479.8187026967307;910:2484.3349026967308;6541:2484.9990306967306;3462:2487.2126706967306;3648:2487.5424306967307;2851:2492.2166706967305;2850:2493.1500306967305;1801:2496.4457106967307;1560:2501.1861906967306;5242:2502.8688306967306;922:2503.7847426967305;6385:2507.0063826967307;3550:2507.268222696731;6322:2512.905462696731;7280:2516.424222696731;2411:2522.259342696731;1661:2528.059182696731;7283:2529.108222696731;796:2537.900742696731;751:2539.808622696731;4635:2544.917262696731;6299:2550.876342696731;4102:2553.235662696731;4325:2558.5268226967314;7285:2559.4437426967315;1218:2560.5669426967315;7334:2568.1480626967314;7010:2571.055542696731;820:2573.036502696731;7498:2573.504502696731;276:2573.616102696731;2915:2584.962102696731;2661:2592.1954626967313;7517:2599.5074226967313;6201:2600.3685426967313;7314:2607.2638626967314;2983:2609.9523973077567
0,7,default_vehtype,boarding,True,2609.9523973077567,2639.9523973077567,2983;-1;-1,2983;-1;-1,0.0,0.770447872146818,0.770447872146818,0.0,,0,68;74,2,,68,,
0,1,default_vehtype,route,False,2520.0,2643.7877603162124,2971;-1;-1,2969;-1;-1,1124.2020306798433,0.8558440658165553,0.8557316456134872,0.0,,0,,0,,,2971;3807;7387;2045;2835;2641;7396;2616;486;2838;3722;3732;544;7400;5449;6824;4848;3271;4846;4989;5000;337;1075;4198;336;2969,2971:2520;3807:2521.3763552681585;7387:2525.4407552681587;2045:2539.9789952681585;2835:2542.3440752681586;2641:2551.5551552681586;7396:2552.1495152681587;2616:2557.511115268159;486:2558.422875268159;2838:2564.747595268159;3722:2568.266835268159;3732:2590.716555268159;544:2593.406115268159;7400:2594.481675268159;5449:2595.680715268159;6824:2599.933995268159;4848:2607.414315268159;3271:2612.967435268159;4846:2614.840515268159;4989:2627.113035268159;5000:2631.872595268159;337:2639.632827268159;1075:2640.656667268159;4198:2641.6383152681587;336:2642.6614352681586;2969:2643.7877603162124
0,1,default_vehtype,boarding,True,2643.7877603162124,2673.7877603162124,2969;-1;-1,2969;-1;-1,0.0,0.8557316456134872,0.8557316456134872,0.0,,0,80,1,80,,,
0,3,default_vehtype,boarding,True,2628.0625735485505,2658.0625735485505,2982;-1;-1,2982;-1;-1,0.0,0.6902087928196561,0.6902087928196561,0.0,,0,82,1,82,,,
0,4,default_vehtype,route,False,2483.7445272313585,2643.736223268012,2991;-1;-1,2989;-1;-1,1678.2737610311506,0.8211446434967568,0.8209768161206538,0.0,,0,78,1,,,2991;3010;5631;1068;2867;2760;542;1074;1071;1070;1069;1067;1504;4396;710;2281;4664;6260;3300;1832;708;6180;2405;6169;2744;2567;2576;3077;3241;88;2758;2742;2448;2353;6140;7386;3742;7100;6318;737;6639;2446;2301;1992;1990;1988;1985;3729;5498;5496;5699;5494;5695;3307;3987;6878;2989,2991:2483.7445272313585;3010:2487.7917961619855;5631:2493.6412201619855;1068:2496.1936201619856;2867:2497.0679161619855;2760:2503.6064521619855;542:2511.1345561619855;1074:2512.0679641619854;1071:2513.0704921619854;1070:2527.5337801619853;1069:2528.2720681619853;1067:2530.9341241619854;1504:2535.3879001619853;4396:2535.614196161985;710:2536.164852161985;2281:2537.170548161985;4664:2541.0485401619853;6260:2541.4944361619855;3300:2542.0935481619854;1832:2544.8837641619853;708:2545.4228281619853;6180:2545.8462601619854;2405:2548.0686601619855;6169:2551.5457801619855;2744:2556.1463401619853;2567:2557.9893001619853;2576:2566.477860161985;3077:2568.610500161985;3241:2571.739380161985;88:2573.666220161985;2758:2575.629660161985;2742:2576.0361001619854;2448:2579.2217401619855;2353:2585.4226201619854;6140:2590.5936601619856;7386:2591.9361001619855;3742:2599.5951001619856;7100:2600.1347401619855;6318:2600.6128201619854;737:2601.5285401619853;6639:2603.3777401619855;2446:2604.9490201619856;2301:2607.2460601619855;1992:2608.2711001619855;1990:2609.9680201619854;1988:2612.4220201619855;1985:2615.9437801619856;3729:2618.2912201619856;5498:2619.6886201619855;5496:2622.5958601619855;5699:2623.2933001619854;5494:2624.3970601619853;5695:2625.1597801619855;3307:2635.8982201619856;3987:2642.7253801619854;6878:2643.3287401619855;2989:2643.736223268012
0,4,default_vehtype,boarding,True,2643.736223268012,2673.736223268012,2989;-1;-1,2989;-1;-1,0.0,0.8209768161206538,0.8209768161206538,0.0,,0,78,1,,78,,
0,5,default_vehtype,route,False,2417.249793984603,2695.982812152576,2975;-1;-1,2966;-1;-1,2052.499384524949,0.542151547663564,0.5419462977251115,0.0,,0,71,1,,,2975;1166;429;3125;3406;2825;1944;130;99;4526;714;2800;4332;799;3653;3825;7127;1836;4248;5046;7138;6879;1367;3637;1339;1395;1399;835;1147;1093;2607;911;1150;665;666;1885;668;1415;1041;1623;1383;2333;2966,2975:2417.249793984603;1166:2427.36066672869;429:2428.76298672869;3125:2430.0165067286903;3406:2442.37086672869;2825:2444.84058672869;1944:2446.1519467286903;130:2448.53958672869;99:2449.01982672869;4526:2457.42942672869;714:2460.22626672869;2800:2462.23266672869;4332:2463.04830672869;799:2464.22922672869;3653:2468.8254667286897;3825:2470.0740667286896;7127:2513.6341867286897;1836:2514.98514672869;4248:2529.53034672869;5046:2545.87086672869;7138:2547.5094667286903;6879:2553.7758667286903;1367:2565.26874672869;3637:2567.1618667286903;1339:2568.1542427286904;1395:2576.6915707286903;1399:2578.83227472869;835:2582.40923472869;1147:2583.20181072869;1093:2584.46109072869;2607:2592.5197627286902;911:2595.3736267286904;1150:2596.1340907286904;665:2597.5839547286905;666:2598.4530667286904;1885:2599.4388907286902;668:2612.80929072869;1415:2613.4383547286902;1041:2630.1248690144043;1623:2634.5081261572614;1383:2645.59355472869;2333:2685.747440442976;2966:2695.982812152576
0,0,default_vehtype,route,False,2625.3111565714294,2752.5049135013937,2979;-1;-1,2985;-1;-1,1095.4194264450591,0.9440476963067645,0.9439381543641201,0.0,,0,75,1,,,2979;2786;2307;3549;6384;4032;1804;4277;5239;6501;3911;5389;7301;3914;5398;5400;4040;4041;5374;5418;5424;5403;6546;1200;7312;3767;4527;3089;3131;5447;7352;414;122;3426;4305;793;118;3979;2985,2979:2625.3111565714294;2786:2627.3160921362282;2307:2630.834852136228;3549:2636.472092136228;6384:2636.7339321362283;4032:2639.9555721362285;1804:2640.8714841362284;4277:2642.4595641362284;5239:2647.9642041362285;6501:2653.9267641362285;3911:2663.2816041362285;5389:2664.3474441362287;7301:2664.6013641362288;3914:2665.785044136229;5398:2666.961884136229;5400:2668.288484136229;4040:2677.5932841362287;4041:2680.5376041362288;5374:2684.7901641362287;5418:2685.8274441362287;5424:2685.9707241362285;5403:2687.0760441362286;6546:2691.3029241362287;1200:2695.912004136229;7312:2697.4057641362288;3767:2699.412164136229;4527:2702.209004136229;3089:2710.618604136229;3131:2711.0988441362288;5447:2713.4864841362287;7352:2714.797844136229;414:2717.267564136229;122:2729.6219241362287;3426:2730.875444136229;4305:2732.277764136229;793:2744.3933241362292;118:2750.257604136229;3979:2752.108148136229;2985:2752.5049135013937
0,5,default_vehtype,boarding,True,2695.982812152576,2725.982812152576,2966;-1;-1,2966;-1;-1,0.0,0.5419462977251115,0.5419462977251115,0.0,,0,71,1,,71,,
0,5,default_vehtype,boarding,True,2725.982812152576,2755.982812152576,2966;-1;-1,2966;-1;-1,0.0,0.5419462977251115,0.5419462977251115,0.0,,0,88,1,88,,,
0,6,default_vehtype,route,False,2623.1876455833108,2736.4247075233143,2973;-1;-1,2976;-1;-1,1289.1591567814912,0.7627171791082132,0.7625882631925351,0.0,,0,81,1,,,2973;7354;3525;6025;3063;6027;7362;2188;2186;5744;6033;5746;6031;146;2828;2376;3091;4274;880;3109;3874;4306;429;4313;68;7318;7325;3011;4;4345;7330;2976,2973:2623.1876455833108;7354:2626.9848128939743;3525:2637.863652893974;6025:2639.6051168939744;3063:2640.8697968939746;6027:2642.171772893975;7362:2646.180012893975;2188:2652.843180893975;2186:2654.119452893975;5744:2656.134876893975;6033:2657.504316893975;5746:2659.427724893975;6031:2660.919348893975;146:2661.880476893975;2828:2662.972284893975;2376:2668.474164893975;3091:2681.7958928939747;4274:2682.938820893975;880:2683.530156893975;3109:2685.380700893975;3874:2691.2449808939746;4306:2703.3605408939748;429:2704.762860893975;4313:2705.945820893975;68:2711.544180893975;7318:2718.212220893975;7325:2721.538980893975;3011:2725.549620893975;4:2730.334740893975;4345:2732.3782208939747;7330:2733.5812208939747;2976:2736.4247075233143
0,8,default_vehtype,route,False,2552.9776149816157,2746.2928700695434,2993;-1;-1,2989;-1;-1,2141.100970076626,0.9145995827128878,0.9143854726158801,0.0,,0,79,1,,,2993;4483;7446;1960;816;6786;5444;1716;2720;4210;1711;98;2497;7434;2760;542;1074;1071;1070;1069;1067;1504;4396;710;2281;4664;6260;3300;1832;708;6180;2405;6169;2744;2567;2576;3077;3241;88;2758;2742;2448;2353;6140;7386;3742;7100;6318;737;6639;2446;2301;1992;1990;1988;1985;3729;5498;5496;5699;5494;5695;3307;3987;6878;2989,2993:2552.9776149816157;4483:2553.739034963517;7446:2556.405770963517;1960:2557.3900109635174;816:2564.9219309635173;6786:2566.188914963517;5444:2576.725322963517;1716:2579.515682963517;2720:2580.262322963517;4210:2581.160594963517;1711:2582.290274963517;98:2590.906082963517;2497:2592.416714963517;7434:2599.624562963517;2760:2606.163098963517;542:2613.691202963517;1074:2614.6246109635167;1071:2615.6271389635167;1070:2630.0904269635166;1069:2630.8287149635166;1067:2633.4907709635168;1504:2637.9445469635166;4396:2638.1708429635164;710:2638.7214989635163;2281:2639.7271949635165;4664:2643.6051869635166;6260:2644.051082963517;3300:2644.6501949635167;1832:2647.4404109635166;708:2647.9794749635166;6180:2648.4029069635167;2405:2650.625306963517;6169:2654.102426963517;2744:2658.7029869635167;2567:2660.5459469635166;2576:2669.0345069635164;3077:2671.167146963516;3241:2674.2960269635164;88:2676.2228669635165;2758:2678.1863069635165;2742:2678.5927469635167;2448:2681.778386963517;2353:2687.9792669635167;6140:2693.150306963517;7386:2694.4927469635168;3742:2702.151746963517;7100:2702.691386963517;6318:2703.1694669635167;737:2704.0851869635167;6639:2705.9343869635168;2446:2707.505666963517;2301:2709.802706963517;1992:2710.827746963517;1990:2712.5246669635167;1988:2714.978666963517;1985:2718.500426963517;3729:2720.847866963517;5498:2722.2452669635168;5496:2725.1525069635168;5699:2725.8499469635167;5494:2726.9537069635167;5695:2727.716426963517;3307:2738.454866963517;3987:2745.2820269635167;6878:2745.885386963517;2989:2746.2928700695434
0,2,default_vehtype,route,False,2620.0620225665766,2760.0,2975;-1;-1,6879;1367;0.297,1166.1498119451933,0.9611794244412389,0.9610628094600444,0.0,,0,83,1,,,2975;1166;429;3125;3406;2825;1944;130;99;4526;714;2800;4332;799;3653;3825;7127;1836;4248;5046;7138;6879,2975:2620.0620225665766;1166:2630.1728953106635;429:2631.5752153106637;3125:2632.828735310664;3406:2645.1830953106637;2825:2647.6528153106638;1944:2648.964175310664;130:2651.351815310664;99:2651.8320553106637;4526:2660.2416553106636;714:2663.0384953106636;2800:2665.044895310664;4332:2665.8605353106636;799:2667.0414553106634;3653:2671.6376953106633;3825:2672.886295310663;7127:2716.4464153106633;1836:2717.7973753106635;4248:2732.3425753106635;5046:2748.6830953106637;7138:2750.321695310664;6879:2756.588095310664
0,0,default_vehtype,boarding,True,2752.5049135013937,2782.5049135013937,2985;-1;-1,2985;-1;-1,0.0,0.9439381543641201,0.9439381543641201,0.0,,0,75,1,,75,,
0,4,default_vehtype,route,False,2700.0,2813.754463589132,2989;-1;-1,2970;-1;-1,875.195006099902,0.8209768161206538,0.8208892966200437,0.0,,0,,0,,,2989;3808;7388;2045;2835;2641;7396;2616;486;2838;3722;3732;544;7400;5449;6824;4848;1631;1593;6821;1946;7401;3560;2970,2989:2700;3808:2700.6605168939736;7388:2704.724916893974;2045:2719.2631568939737;2835:2721.6282368939737;2641:2730.839316893974;7396:2731.433676893974;2616:2736.795276893974;486:2737.707036893974;2838:2744.031756893974;3722:2747.550996893974;3732:2770.000716893974;544:2772.690276893974;7400:2773.765836893974;5449:2774.964876893974;6824:2779.218156893974;4848:2786.698476893974;1631:2792.3926483225455;1593:2798.0868197511168;6821:2805.567139751117;1946:2809.820419751117;7401:2811.0194597511168;3560:2812.095019751117;2970:2813.754463589132
0,6,default_vehtype,boarding,True,2736.4247075233143,2766.4247075233143,2976;-1;-1,2976;-1;-1,0.0,0.7625882631925351,0.7625882631925351,0.0,,0,81,1,,81,,
0,6,default_vehtype,route,False,2766.4247075233143,2784.787840216541,2976;-1;-1,2984;-1;-1,153.0261057768949,0.7625882631925351,0.7625729605819574,0.0,,0,,0,,,2976;7557;2806;4344;2996;2984,2976:2766.4247075233143;7557:2771.4150608939744;2806:2779.248900893974;4344:2780.451900893974;2996:2782.495380893974;2984:2784.787840216541
0,6,default_vehtype,boarding,True,2784.787840216541,2814.787840216541,2984;-1;-1,2984;-1;-1,0.0,0.7625729605819574,0.7625729605819574,0.0,,0,90,1,90,,,
0,8,default_vehtype,boarding,True,2746.2928700695434,2776.2928700695434,2989;-1;-1,2989;-1;-1,0.0,0.9143854726158801,0.9143854726158801,0.0,,0,79,1,,79,,
0,0,default_vehtype,route,False,2782.5049135013937,2836.185370765568,2985;-1;-1,2976;-1;-1,461.98409183942806,0.9439381543641201,0.9438919559549362,0.0,,0,,0,,,2985;1140;880;3109;3874;4306;429;4313;68;7318;7325;3011;4;4345;7330;2976,2985:2782.5049135013937;1140:2782.699484136229;880:2783.290820136229;3109:2785.1413641362287;3874:2791.0056441362285;4306:2803.1212041362287;429:2804.523524136229;4313:2805.706484136229;68:2811.304844136229;7318:2817.972884136229;7325:2821.299644136229;3011:2825.310284136229;4:2830.095404136229;4345:2832.1388841362286;7330:2833.3418841362286;2976:2836.185370765568
0,0,default_vehtype,boarding,True,2836.185370765568,2866.185370765568,2976;-1;-1,2976;-1;-1,0.0,0.9438919559549362,0.9438919559549362,0.0,,0,85,1,85,,,
0,1,default_vehtype,route,False,2673.7877603162124,2828.8728725325013,2969;-1;-1,2980;-1;-1,1780.8795979021434,0.8557316456134872,0.855553557653697,0.0,,0,80,1,,,2969;7192;1664;337;1075;5648;5759;205;5793;1407;5826;7411;4686;5074;5295;5274;7181;604;603;602;3851;4573;1400;971;598;1368;591;585;940;1370;939;1903;983;3921;840;2881;5099;1157;2058;2092;915;2980,2969:2673.7877603162124;7192:2677.3914032681587;1664:2680.645299268159;337:2688.405531268159;1075:2689.429371268159;5648:2690.230155268159;5759:2695.788483268159;205:2700.932739268159;5793:2705.054091268159;1407:2706.674235268159;5826:2708.954547268159;7411:2711.8531952681587;4686:2712.923907268159;5074:2719.864419268159;5295:2720.094675268159;5274:2723.473491268159;7181:2727.982779268159;604:2731.561179268159;603:2732.624763268159;602:2733.477891268159;3851:2734.481283268159;4573:2738.7876032681593;1400:2740.5202832681593;971:2744.3187152681594;598:2745.385971268159;1368:2746.3463072681593;591:2752.2172592681595;585:2765.3885072681596;940:2771.9683712681594;1370:2778.9949952681595;939:2779.6916672681596;1903:2780.5132592681593;983:2781.4957712681594;3921:2785.2939152681593;840:2789.8547552681594;2881:2796.4853792681592;5099:2797.6382432681594;1157:2802.377386125302;2058:2808.1672146967308;2092:2811.5563575538736;915:2816.674528982445;2980:2828.8728725325013
0,1,default_vehtype,boarding,True,2828.8728725325013,2858.8728725325013,2980;-1;-1,2980;-1;-1,0.0,0.855553557653697,0.855553557653697,0.0,,0,80,1,,80,,
0,2,default_vehtype,route,False,2760.0,2852.6591117757193,6879;1367;0.297,2992;-1;-1,1231.5204673812905,0.9610628094600444,0.9609396574133063,0.0,,0,83,1,,,6879;1367;3637;3640;3643;7179;5275;5297;5072;1464;2847;5825;4587;5794;3202;2065;2023;4203;537;18;5629;1068;2559;6740;1717;2067;2063;1937;2992,6879:2760;1367:2768.0809753106637;3637:2769.974095310664;3640:2770.827223310664;3643:2771.890807310664;7179:2775.469207310664;5275:2779.978495310664;5297:2783.357311310664;5072:2783.587567310664;1464:2790.528079310664;2847:2791.598791310664;5825:2794.497439310664;4587:2796.777751310664;5794:2798.397895310664;3202:2802.519247310664;2065:2807.663503310664;2023:2813.221831310664;4203:2814.022615310664;537:2814.9766153106643;18:2820.8441833106644;5629:2826.6936073106644;1068:2829.2460073106645;2559:2836.2966073106645;6740:2840.7672313106646;1717:2846.6009593106646;2067:2847.3387433106645;2063:2848.0549993106647;1937:2851.324951310665;2992:2852.6591117757193
0,4,default_vehtype,boarding,True,2813.754463589132,2843.754463589132,2970;-1;-1,2970;-1;-1,0.0,0.8208892966200437,0.8208892966200437,0.0,,0,87,1,87,,,
0,7,default_vehtype,route,False,2639.9523973077567,2839.0028665137365,2983;-1;-1,2972;-1;-1,2163.8517725252586,0.770447872146818,0.7702314869695654,0.0,,0,74,1,,,2983;7527;2803;7558;2806;4344;2996;3013;7322;2804;3061;1173;3425;4304;793;118;3979;4275;103;6480;7360;3154;6028;5745;6035;5743;6038;6041;7365;6050;6068;6077;3629;4502;6912;2108;7370;7608;5900;3459;4818;5992;6047;5708;3884;3030;3347;7376;2207;3446;3720;5332;251;2711;3358;2296;5681;2294;2035;6308;374;7114;3246;5330;661;445;2972,2983:2639.9523973077567;7527:2644.4793426967312;2803:2652.034302696731;7558:2659.429302696731;2806:2667.263142696731;4344:2668.466142696731;2996:2670.5096226967307;3013:2675.2947426967307;7322:2679.3053826967307;2804:2682.6321426967306;3061:2689.3001826967306;1173:2694.8985426967306;3425:2696.0815026967307;4304:2697.483822696731;793:2709.599382696731;118:2715.463662696731;3979:2717.3142066967307;4275:2717.9055426967307;103:2719.048470696731;6480:2732.3701986967308;7360:2737.8720786967306;3154:2738.9638866967307;6028:2739.9250146967306;5745:2741.4166386967304;6035:2743.3400466967305;5743:2744.7094866967304;6038:2746.7249106967306;6041:2748.0011826967307;7365:2754.6643506967307;6050:2756.937894696731;6068:2761.164222696731;6077:2761.809918696731;3629:2763.367206696731;4502:2763.830094696731;6912:2768.978526696731;2108:2770.874934696731;7370:2777.401662696731;7608:2777.631054696731;5900:2781.102750696731;3459:2781.858318696731;4818:2782.4731986967313;5992:2782.9499826967312;6047:2787.1385106967314;5708:2788.5327906967314;3884:2791.0723746967315;3030:2791.5703986967314;3347:2793.5946066967313;7376:2794.029990696731;2207:2794.438878696731;3446:2797.2622866967313;3720:2800.2919746967314;5332:2801.283414696731;251:2802.0309906967314;2711:2803.1688066967313;3358:2805.3838146967314;2296:2813.6848146967313;5681:2816.078814696731;2294:2817.410300411017;2035:2818.741786125303;6308:2821.1357861253027;374:2829.4367861253027;7114:2831.651794125303;3246:2832.7896101253027;5330:2833.537186125303;661:2834.5286261253027;445:2837.558314125303;2972:2839.0028665137365
0,7,default_vehtype,boarding,True,2839.0028665137365,2869.0028665137365,2972;-1;-1,2972;-1;-1,0.0,0.7702314869695654,0.7702314869695654,0.0,,0,74,1,,74,,
0,2,default_vehtype,boarding,True,2852.6591117757193,2882.6591117757193,2992;-1;-1,2992;-1;-1,0.0,0.9609396574133063,0.9609396574133063,0.0,,0,83;92,2,92,,,
0,2,default_vehtype,route,False,2882.6591117757193,2903.5498193287635,2992;-1;-1,2993;-1;-1,290.1487160145031,0.9609396574133063,0.9609106425417049,0.0,,0,83;92,2,,,2992;2526;3895;5465;7450;2993,2992:2882.6591117757193;2526:2891.8613593106647;3895:2893.1283433106646;5465:2900.6602633106645;7450:2901.6445033106647;2993:2903.5498193287635
0,2,default_vehtype,boarding,True,2903.5498193287635,2933.5498193287635,2993;-1;-1,2993;-1;-1,0.0,0.9609106425417049,0.9609106425417049,0.0,,0,83;92,2,,83,,
0,3,default_vehtype,route,False,2658.0625735485505,2925.3923684170554,2982;-1;-1,2968;-1;-1,3256.625776810199,0.6902087928196561,0.6898831302419751,0.0,,0,82,1,,,2982;2809;4365;7288;1182;1001;6296;1434;3820;3877;2787;4993;6537;7281;2307;3549;6384;4032;1804;4811;5237;608;459;2416;4011;5246;363;366;2314;2877;1748;2880;906;984;2268;1857;1806;1371;938;5442;4054;2205;1369;2047;3631;4079;4572;4577;778;3636;3639;3642;7178;5275;5297;5072;1464;2847;5825;4587;5794;3202;2065;2023;4203;537;18;5629;1068;2559;6740;1717;2067;2720;4210;1711;2968,2982:2658.0625735485505;2809:2663.7635408939755;4365:2671.3446608939753;7288:2672.4678608939753;1182:2673.3847808939754;1001:2678.6759408939756;6296:2681.0352608939756;1434:2686.9943408939757;3820:2692.1029808939757;3877:2694.010860893976;2787:2702.803380893976;4993:2703.8524208939757;6537:2709.652260893976;7281:2715.487380893976;2307:2719.006140893976;3549:2724.643380893976;6384:2724.905220893976;4032:2728.1268608939763;1804:2729.0427728939762;4811:2730.725412893976;5237:2735.465892893976;608:2744.331972893976;459:2744.661732893976;2416:2746.875372893976;4011:2747.539500893976;5246:2753.464668893976;363:2760.373356893976;366:2761.778436893976;2314:2762.923308893976;2877:2776.094412893976;1748:2777.212932893976;2880:2778.374724893976;906:2790.600036893976;984:2793.3697328939757;2268:2794.1175968939756;1857:2794.5035168939758;1806:2795.1657008939756;1371:2795.8358768939756;938:2798.4170048939754;5442:2808.1376528939754;4054:2815.7776448939753;2205:2821.5300848939755;1369:2827.9762448939755;2047:2828.9193008939756;3631:2830.4821328939756;4079:2831.5493888939754;4572:2835.3478208939755;4577:2837.0805008939756;778:2841.3868208939757;3636:2842.390212893976;3639:2843.243340893976;3642:2844.306924893976;7178:2847.885324893976;5275:2852.394612893976;5297:2855.773428893976;5072:2856.003684893976;1464:2862.944196893976;2847:2864.014908893976;5825:2866.913556893976;4587:2869.193868893976;5794:2870.814012893976;3202:2874.935364893976;2065:2880.079620893976;2023:2885.637948893976;4203:2886.438732893976;537:2887.3927328939762;18:2893.2603008939764;5629:2899.1097248939764;1068:2901.6621248939764;2559:2908.7127248939764;6740:2913.1833488939765;1717:2919.0170768939765;2067:2919.7548608939765;2720:2920.5182768939762;4210:2921.416548893976;1711:2922.546228893976;2968:2925.3923684170554
0,6,default_vehtype,route,False,2814.787840216541,2935.4148775833105,2984;-1;-1,2973;-1;-1,1438.3667374416139,0.7625729605819574,0.7624291239082133,0.0,,0,90,1,,,2984;3012;7321;2804;3061;1173;3425;4304;793;118;3979;4275;103;6480;7360;3154;6028;5745;6035;5743;6038;6041;7365;6050;6068;6077;3629;4502;6912;2108;7370;1420;1084;2973,2984:2814.787840216541;3012:2817.280500893974;7321:2821.291140893974;2804:2824.617900893974;3061:2831.285940893974;1173:2836.884300893974;3425:2838.067260893974;4304:2839.469580893974;793:2851.5851408939743;118:2857.449420893974;3979:2859.299964893974;4275:2859.891300893974;103:2861.034228893974;6480:2874.355956893974;7360:2879.857836893974;3154:2880.949644893974;6028:2881.910772893974;5745:2883.4023968939737;6035:2885.325804893974;5743:2886.6952448939737;6038:2888.710668893974;6041:2889.986940893974;7365:2896.650108893974;6050:2898.923652893974;6068:2903.1499808939743;6077:2903.7956768939744;3629:2905.3529648939743;4502:2905.8158528939744;6912:2910.9642848939743;2108:2912.8606928939744;7370:2919.387420893974;1420:2931.0925328939743;1084:2934.627516893974;2973:2935.4148775833105
0,7,default_vehtype,route,False,2869.0028665137365,2931.949823791836,2972;-1;-1,2974;-1;-1,874.2632955291508,0.7702314869695654,0.7701440606400125,0.0,,0,,0,,,2972;6079;7380;364;3029;3886;5711;6045;2157;4817;456;5901;7605;2830;5852;6913;1321;597;2204;6066;6049;7367;2188;2186;5744;6033;5746;6031;146;2828;2974,2972:2869.0028665137365;6079:2870.3817221253025;7380:2870.7906101253025;364:2871.2259941253023;3029:2873.250202125302;3886:2873.748226125302;5711:2876.2878101253023;6045:2877.6820901253022;2157:2881.8706181253024;4817:2882.3474021253023;456:2882.9622821253024;5901:2883.7178501253024;7605:2887.1895461253025;2830:2887.4189381253027;5852:2893.9456661253025;6913:2895.8420741253026;1321:2900.9905061253025;597:2901.4533941253026;2204:2903.0106821253025;6066:2903.6563781253026;6049:2907.882706125303;7367:2910.156250125303;2188:2916.819418125303;2186:2918.095690125303;5744:2920.111114125303;6033:2921.480554125303;5746:2923.403962125303;6031:2924.895586125303;146:2925.856714125303;2828:2926.948522125303;2974:2931.949823791836
0,1,default_vehtype,route,False,2858.8728725325013,2977.3215038425856,2980;-1;-1,2981;-1;-1,632.2576748681246,0.855553557653697,0.8554903318862102,0.0,,0,,0,,,2980;914;2135;1730;2664;2579;2961;2407;2581;370;361;2874;1887;4059;910;6541;3462;3648;2851;2850;1801;1560;5242;922;6385;3550;2981,2980:2858.8728725325013;914:2874.7550432681587;2135:2882.705900411016;1730:2898.162243268159;2664:2899.984357553873;2579:2904.860300411016;2961:2921.631157553873;2407:2926.879957553873;2581:2935.36721469673;370:2936.95006269673;361:2939.44716669673;2874:2940.0331746967304;1887:2945.6885586967305;4059:2947.6078626967305;910:2952.1240626967306;6541:2952.7881906967305;3462:2955.0018306967304;3648:2955.3315906967305;2851:2960.0058306967303;2850:2960.9391906967303;1801:2964.2348706967305;1560:2968.9753506967304;5242:2970.6579906967304;922:2971.5739026967303;6385:2974.7955426967305;3550:2975.0573826967307;2981:2977.3215038425856
0,3,default_vehtype,boarding,True,2925.3923684170554,2955.3923684170554,2968;-1;-1,2968;-1;-1,0.0,0.6898831302419751,0.6898831302419751,0.0,,0,82,1,,82,,
0,4,default_vehtype,route,False,2843.754463589132,2952.208380139552,2970;-1;-1,2972;-1;-1,956.9275289670156,0.8208892966200437,0.820793603867147,0.0,,0,87,1,,,2970;671;662;7398;3491;6933;7394;6989;7392;5704;7389;3806;2573;885;316;2042;1982;6306;374;7114;3246;5330;661;445;2972,2970:2843.754463589132;671:2844.7845797511172;662:2867.2342997511173;7398:2870.7535397511174;3491:2877.0782597511175;6933:2877.9900197511174;7394:2883.3516197511176;6989:2883.9459797511176;7392:2893.1570597511177;5704:2895.5221397511177;7389:2910.0603797511176;3806:2914.124779751118;2573:2915.192779751118;885:2915.796139751118;316:2922.623299751118;2042:2933.361739751118;1982:2934.124459751118;6306:2934.341299751118;374:2942.642299751118;7114:2944.8573077511182;3246:2945.995123751118;5330:2946.7426997511184;661:2947.734139751118;445:2950.7638277511182;2972:2952.208380139552
0,4,default_vehtype,boarding,True,2952.208380139552,2982.208380139552,2972;-1;-1,2972;-1;-1,0.0,0.820793603867147,0.820793603867147,0.0,,0,87,1,,87,,
0,6,default_vehtype,boarding,True,2935.4148775833105,2965.4148775833105,2973;-1;-1,2973;-1;-1,0.0,0.7624291239082133,0.7624291239082133,0.0,,0,90,1,,90,,
0,7,default_vehtype,boarding,True,2931.949823791836,2961.949823791836,2974;-1;-1,2974;-1;-1,0.0,0.7701440606400125,0.7701440606400125,0.0,,0,89,1,89,,,
0,1,default_vehtype,boarding,True,2977.3215038425856,3007.3215038425856,2981;-1;-1,2981;-1;-1,0.0,0.8554903318862102,0.8554903318862102,0.0,,0,91,1,91,,,
0,4,default_vehtype,route,False,2982.208380139552,3022.389174857145,2972;-1;-1,2989;-1;-1,403.30546493308236,0.820793603867147,0.8207532733206536,0.0,,0,,0,,,2972;6079;3446;3720;5332;251;2711;3358;2296;5495;5696;3307;3987;6878;2989,2972:2982.208380139552;6079:2983.587235751118;3446:2986.410643751118;3720:2989.4403317511183;5332:2990.431771751118;251:2991.1793477511183;2711:2992.317163751118;3358:2994.5321717511183;2296:3002.8331717511182;5495:3003.0500117511183;5696:3003.8127317511185;3307:3014.5511717511185;3987:3021.3783317511184;6878:3021.9816917511184;2989:3022.389174857145
0,4,default_vehtype,boarding,True,3022.389174857145,3052.389174857145,2989;-1;-1,2989;-1;-1,0.0,0.8207532733206536,0.8207532733206536,0.0,,0,94,1,94,,,
0,5,default_vehtype,route,False,2755.982812152576,3023.077961462234,2966;-1;-1,2978;-1;-1,2602.9812492172127,0.5419462977251115,0.5416859996001898,0.0,,0,88,1,,,2966;2743;2631;2150;735;738;1096;3736;81;831;2413;1146;832;1880;1340;3638;602;3851;4573;1400;971;598;1368;591;585;940;1370;939;1903;983;3921;840;2881;5099;2878;1735;2581;370;361;2874;1887;4059;910;6541;3462;3648;2851;2850;1801;1560;5242;4277;5239;6501;3911;5389;7301;918;3075;7097;7290;2736;1744;1164;2789;1182;2978,2966:2755.982812152576;2743:2763.8266404429755;2631:2767.838069014404;2150:2784.7683547286897;735:2795.250526157261;738:2801.4183547286893;1096:2810.957326157261;3736:2811.220342157261;81:2815.0692461572607;831:2825.9158301572606;2413:2826.903526157261;1146:2827.716910157261;832:2828.5253261572607;1880:2831.1230141572605;1340:2842.6558301572604;3638:2843.6423021572605;602:2844.4954301572607;3851:2845.4988221572607;4573:2849.805142157261;1400:2851.537822157261;971:2855.336254157261;598:2856.403510157261;1368:2857.363846157261;591:2863.234798157261;585:2876.4060461572612;940:2882.985910157261;1370:2890.012534157261;939:2890.709206157261;1903:2891.530798157261;983:2892.513310157261;3921:2896.311454157261;840:2900.872294157261;2881:2907.502918157261;5099:2908.655782157261;2878:2909.783806157261;1735:2920.768126157261;2581:2922.107542157261;370:2923.690390157261;361:2926.187494157261;2874:2926.773502157261;1887:2932.4288861572613;4059:2934.3481901572613;910:2938.8643901572614;6541:2939.5285181572613;3462:2941.742158157261;3648:2942.0719181572613;2851:2946.746158157261;2850:2947.679518157261;1801:2950.9751981572613;1560:2955.715678157261;5242:2957.398318157261;4277:2958.986398157261;5239:2964.4910381572613;6501:2970.4535981572612;3911:2979.808438157261;5389:2980.8742781572614;7301:2981.1281981572615;918:2982.2703581572614;3075:2990.1433181572615;7097:2990.9926781572617;7290:2996.7947981572615;2736:3005.5132781572615;1744:3006.9685181572613;1164:3018.0770381572615;2789:3019.4888381572614;1182:3020.4057581572615;2978:3023.077961462234
0,5,default_vehtype,boarding,True,3023.077961462234,3053.077961462234,2978;-1;-1,2978;-1;-1,0.0,0.5416859996001898,0.5416859996001898,0.0,,0,88,1,,88,,
0,3,default_vehtype,boarding,True,3060,3090.0,2968;-1;-1,2968;-1;-1,0.0,0.6898831302419751,0.6898831302419751,0.0,,0,96,1,96,,,
0,6,default_vehtype,route,False,3000,3113.2370619400035,2973;-1;-1,2976;-1;-1,1289.1591567814912,0.7624291239082133,0.7623002079925352,0.0,,0,,0,,,2973;7354;3525;6025;3063;6027;7362;2188;2186;5744;6033;5746;6031;146;2828;2376;3091;4274;880;3109;3874;4306;429;4313;68;7318;7325;3011;4;4345;7330;2976,2973:3000;7354:3003.7971673106636;3525:3014.6760073106634;6025:3016.4174713106636;3063:3017.682151310664;6027:3018.984127310664;7362:3022.992367310664;2188:3029.655535310664;2186:3030.931807310664;5744:3032.9472313106644;6033:3034.3166713106643;5746:3036.2400793106644;6031:3037.731703310664;146:3038.692831310664;2828:3039.7846393106643;2376:3045.286519310664;3091:3058.608247310664;4274:3059.751175310664;880:3060.342511310664;3109:3062.193055310664;3874:3068.057335310664;4306:3080.172895310664;429:3081.575215310664;4313:3082.7581753106642;68:3088.356535310664;7318:3095.024575310664;7325:3098.351335310664;3011:3102.361975310664;4:3107.147095310664;4345:3109.190575310664;7330:3110.393575310664;2976:3113.2370619400035
0,0,default_vehtype,route,False,2866.185370765568,3149.802528154328,2976;-1;-1,2993;-1;-1,2938.8970005624305,0.9438919559549362,0.94359806625488,0.0,,0,85,1,,,2976;7557;2806;4344;2996;3013;7322;2804;3061;1173;3425;3125;3406;2825;1944;130;99;4526;714;2800;4332;799;3653;3825;7127;1836;4248;5046;7138;6879;1367;3637;3640;3643;7179;5275;5297;5072;1464;2847;5825;4587;5794;3202;2065;2023;4203;537;18;5629;1068;2559;6740;1717;2067;2063;1937;6789;3895;5465;7450;2993,2976:2866.185370765568;7557:2871.1757241362284;2806:2879.009564136228;4344:2880.212564136228;2996:2882.256044136228;3013:2887.041164136228;7322:2891.051804136228;2804:2894.378564136228;3061:2901.046604136228;1173:2906.644964136228;3425:2907.827924136228;3125:2909.081444136228;3406:2921.435804136228;2825:2923.905524136228;1944:2925.216884136228;130:2927.604524136228;99:2928.084764136228;4526:2936.494364136228;714:2939.291204136228;2800:2941.297604136228;4332:2942.113244136228;799:2943.2941641362277;3653:2947.8904041362275;3825:2949.1390041362274;7127:2992.6991241362275;1836:2994.0500841362277;4248:3008.5952841362277;5046:3024.935804136228;7138:3026.574404136228;6879:3032.840804136228;1367:3044.333684136228;3637:3046.226804136228;3640:3047.0799321362283;3643:3048.1435161362283;7179:3051.721916136228;5275:3056.2312041362284;5297:3059.6100201362283;5072:3059.840276136228;1464:3066.7807881362282;2847:3067.8515001362284;5825:3070.7501481362283;4587:3073.030460136228;5794:3074.650604136228;3202:3078.7719561362283;2065:3083.9162121362283;2023:3089.4745401362284;4203:3090.2753241362284;537:3091.2293241362286;18:3097.0968921362287;5629:3102.9463161362287;1068:3105.4987161362287;2559:3112.5493161362288;6740:3117.019940136229;1717:3122.853668136229;2067:3123.591452136229;2063:3124.307708136229;1937:3127.577660136229;6789:3138.114068136229;3895:3139.381052136229;5465:3146.9129721362287;7450:3147.897212136229;2993:3149.802528154328
0,0,default_vehtype,boarding,True,3149.802528154328,3179.802528154328,2993;-1;-1,2993;-1;-1,0.0,0.94359806625488,0.94359806625488,0.0,,0,85,1,,85,,
0,1,default_vehtype,route,False,3007.3215038425856,3132.3646840618962,2981;-1;-1,2985;-1;-1,1077.497953856279,0.8554903318862102,0.8553825820908245,0.0,,0,91,1,,,2981;6320;3549;6384;4032;1804;4277;5239;6501;3911;5389;7301;3914;5398;5400;4040;4041;5374;5418;5424;5403;6546;1200;7312;3767;4527;3089;3131;5447;7352;414;122;3426;4305;793;118;3979;2985,2981:3007.3215038425856;6320:3010.6946226967307;3549:3016.3318626967307;6384:3016.593702696731;4032:3019.815342696731;1804:3020.731254696731;4277:3022.319334696731;5239:3027.823974696731;6501:3033.786534696731;3911:3043.141374696731;5389:3044.207214696731;7301:3044.4611346967313;3914:3045.6448146967314;5398:3046.8216546967315;5400:3048.1482546967313;4040:3057.453054696731;4041:3060.3973746967313;5374:3064.649934696731;5418:3065.687214696731;5424:3065.830494696731;5403:3066.935814696731;6546:3071.1626946967313;1200:3075.7717746967314;7312:3077.2655346967313;3767:3079.2719346967315;4527:3082.0687746967315;3089:3090.4783746967314;3131:3090.9586146967313;5447:3093.346254696731;7352:3094.6576146967313;414:3097.1273346967314;122:3109.481694696731;3426:3110.7352146967314;4305:3112.1375346967316;793:3124.2530946967318;118:3130.1173746967315;3979:3131.9679186967314;2985:3132.3646840618962
0,1,default_vehtype,boarding,True,3132.3646840618962,3162.3646840618962,2985;-1;-1,2985;-1;-1,0.0,0.8553825820908245,0.8553825820908245,0.0,,0,91;98,2,98,91,,
0,2,default_vehtype,route,False,2933.5498193287635,3178.97150867583,2993;-1;-1,2985;-1;-1,2531.8799075981415,0.9609106425417049,0.9606574545509451,0.0,,0,92,1,,,2993;4483;6931;7616;3488;4485;5469;2998;901;1083;1355;1961;1721;2672;2790;5440;162;683;1096;3736;81;831;2413;1146;832;1880;1340;3638;1365;2574;7139;1693;1114;5299;7129;754;611;1812;1186;7311;3767;4527;3089;3131;5447;7352;414;122;3426;4305;793;118;3979;2985,2993:2933.5498193287635;4483:2934.311239310665;6931:2935.626967310665;7616:2939.523319310665;3488:2940.8474713106652;4485:2945.402119310665;5469:2945.7633433106653;2998:2946.1717993106654;901:2947.4173273106653;1083:2950.207759310665;1355:2963.897047310665;1961:2964.879775310665;1721:2965.939831310665;2672:2972.078119310665;2790:2974.522951310665;5440:2977.937551310665;162:2982.0902233106654;683:2982.6611833106654;1096:2986.223383310665;3736:2986.486399310665;81:2990.335303310665;831:3001.181887310665;2413:3002.169583310665;1146:3002.982967310665;832:3003.791383310665;1880:3006.389071310665;1340:3017.9218873106647;3638:3018.9083593106648;1365:3020.8500793106646;2574:3032.3579593106647;7139:3038.6243593106647;1693:3040.262959310665;1114:3056.603479310665;5299:3071.148679310665;7129:3072.4996393106653;754:3116.0597593106654;611:3117.3083593106653;1812:3121.8795193106653;1186:3123.0567193106654;7311:3123.872359310665;3767:3125.8787593106654;4527:3128.6755993106653;3089:3137.0851993106653;3131:3137.565439310665;5447:3139.953079310665;7352:3141.2644393106652;414:3143.7341593106653;122:3156.088519310665;3426:3157.3420393106653;4305:3158.7443593106655;793:3170.8599193106656;118:3176.7241993106654;3979:3178.5747433106653;2985:3178.97150867583
0,4,default_vehtype,route,False,3052.389174857145,3128.741615630036,2989;-1;-1,2990;-1;-1,636.2703397740853,0.8207532733206536,0.8206896462866762,0.0,,0,94,1,,,2989;3808;7388;2045;2835;2641;7396;2616;486;2838;3722;3732;544;7400;5449;2990,2989:3052.389174857145;3808:3053.0496917511186;7388:3057.114091751119;2045:3071.6523317511187;2835:3074.0174117511187;2641:3083.228491751119;7396:3083.822851751119;2616:3089.184451751119;486:3090.096211751119;2838:3096.420931751119;3722:3099.940171751119;3732:3122.389891751119;544:3125.079451751119;7400:3126.155011751119;5449:3127.354051751119;2990:3128.741615630036
0,4,default_vehtype,boarding,True,3128.741615630036,3158.741615630036,2990;-1;-1,2990;-1;-1,0.0,0.8206896462866762,0.8206896462866762,0.0,,0,94,1,,94,,
0,4,default_vehtype,route,False,3158.741615630036,3169.7946555891344,2990;-1;-1,2970;-1;-1,92.10866632581656,0.8206896462866762,0.8206804354200435,0.0,,0,,0,,,2990;2552;1946;7401;3560;2970,2990:3158.741615630036;2552:3161.6073317511195;1946:3165.8606117511194;7401:3167.0596517511194;3560:3168.1352117511196;2970:3169.7946555891344
0,5,default_vehtype,route,False,3060.0,3151.502287449058,2978;-1;-1,2977;-1;-1,651.2122049326322,0.5416859996001898,0.5416208783796965,0.0,,0,,0,,,2978;4103;4326;7286;1218;7334;7010;820;7498;276;2915;2661;7517;6201;7314;7529;7535;2931;2929;2927;2802;2977,2978:3060;4103:3062.6189566950275;4326:3067.9101166950277;7286:3068.827036695028;1218:3069.950236695028;7334:3077.5313566950276;7010:3080.4388366950275;820:3082.4197966950273;7498:3082.887796695027;276:3082.9993966950274;2915:3094.3453966950274;2661:3101.5787566950276;7517:3108.8907166950275;6201:3109.7518366950276;7314:3116.6471566950277;7529:3123.8626366950275;7535:3128.9221795521703;2931:3132.5736081235987;2929:3136.225036695027;2927:3141.28457955217;2802:3148.5000595521697;2977:3151.502287449058
0,6,default_vehtype,boarding,True,3113.2370619400035,3143.2370619400035,2976;-1;-1,2976;-1;-1,0.0,0.7623002079925352,0.7623002079925352,0.0,,0,95,1,95,,,
0,7,default_vehtype,route,False,2961.949823791836,3156.409839173358,2974;-1;-1,2969;-1;-1,2235.6408802989004,0.7701440606400125,0.7699204965519826,0.0,,0,89,1,,,2974;6479;7359;3154;6028;5745;6035;5743;6038;6041;7365;6050;6068;6077;3629;4502;6912;2108;7370;7608;5900;3459;4818;5992;6047;5708;3884;3030;3347;7376;2207;3446;3720;5332;251;2711;3358;2296;5495;5697;5497;5500;670;5502;5512;5520;5531;6313;6632;6644;3793;6319;7102;3741;7384;6414;5446;2447;2571;42;2577;2566;3033;3036;2469;2404;2235;3762;5287;310;2280;1447;6261;3764;4397;4745;4182;4187;4191;4195;4202;336;2969,2974:2961.949823791836;6479:2962.4504021253033;7359:2967.952282125303;3154:2969.0440901253032;6028:2970.005218125303;5745:2971.496842125303;6035:2973.420250125303;5743:2974.789690125303;6038:2976.805114125303;6041:2978.081386125303;7365:2984.7445541253032;6050:2987.0180981253034;6068:2991.2444261253036;6077:2991.8901221253036;3629:2993.4474101253036;4502:2993.9102981253036;6912:2999.0587301253036;2108:3000.9551381253036;7370:3007.4818661253034;7608:3007.7112581253036;5900:3011.1829541253037;3459:3011.9385221253037;4818:3012.553402125304;5992:3013.0301861253038;6047:3017.218714125304;5708:3018.612994125304;3884:3021.152578125304;3030:3021.650602125304;3347:3023.674810125304;7376:3024.1101941253037;2207:3024.5190821253036;3446:3027.342490125304;3720:3030.372178125304;5332:3031.3636181253037;251:3032.111194125304;2711:3033.249010125304;3358:3035.464018125304;2296:3043.765018125304;5495:3043.981858125304;5697:3045.085618125304;5497:3045.783058125304;5500:3048.690298125304;670:3050.0876981253036;5502:3052.4351381253036;5512:3055.9568981253037;5520:3058.410898125304;5531:3060.1078181253038;6313:3061.1328581253038;6632:3063.4298981253037;6644:3065.001178125304;3793:3066.850378125304;6319:3067.766098125304;7102:3068.2441781253037;3741:3068.7838181253037;7384:3076.442818125304;6414:3081.6499781253037;5446:3083.917738125304;2447:3087.8538581253038;2571:3095.442778125304;42:3100.110778125304;2577:3100.783258125304;2566:3109.382338125304;3033:3110.013298125304;3036:3112.2828581253043;2469:3115.8751781253045;2404:3119.1986981253044;2235:3120.482098125304;3762:3120.9055301253043;5287:3121.4445941253043;310:3124.234810125304;2280:3124.833922125304;1447:3125.2798181253042;6261:3129.1578101253044;3764:3130.1635061253046;4397:3130.7141621253045;4745:3130.9404581253043;4182:3135.394234125304;4187:3138.0562901253043;4191:3138.7945781253043;4195:3153.257866125304;4202:3154.260394125304;336:3155.283514125304;2969:3156.409839173358
0,8,default_vehtype,route,False,2940.0,3140.300216790862,2989;-1;-1,2977;-1;-1,2168.7248732571816,0.9143854726158801,0.9141686001285544,0.0,,0,,0,,,2989;3808;6876;885;316;2042;1982;6306;374;7114;3246;5330;661;445;6080;7381;364;3029;3886;5711;6045;2157;4817;456;5901;7605;2830;5852;6913;1321;597;2204;6066;6049;7367;2188;2186;5744;6033;5746;6031;146;2828;2376;3091;4274;880;3109;3874;4306;429;4313;68;7318;7325;3011;4;4345;7330;7562;7316;7531;2802;2977,2989:2940;3808:2940.6605168939736;6876:2941.728516893974;885:2942.331876893974;316:2949.1590368939737;2042:2959.897476893974;1982:2960.660196893974;6306:2960.877036893974;374:2969.178036893974;7114:2971.393044893974;3246:2972.530860893974;5330:2973.2784368939742;661:2974.269876893974;445:2977.299564893974;6080:2980.1229728939743;7381:2980.531860893974;364:2980.967244893974;3029:2982.991452893974;3886:2983.489476893974;5711:2986.029060893974;6045:2987.423340893974;2157:2991.611868893974;4817:2992.088652893974;456:2992.703532893974;5901:2993.459100893974;7605:2996.9307968939743;2830:2997.1601888939745;5852:3003.6869168939743;6913:3005.5833248939743;1321:3010.7317568939743;597:3011.1946448939743;2204:3012.7519328939743;6066:3013.3976288939743;6049:3017.6239568939745;7367:3019.8975008939747;2188:3026.5606688939747;2186:3027.8369408939748;5744:3029.852364893975;6033:3031.221804893975;5746:3033.145212893975;6031:3034.6368368939748;146:3035.5979648939747;2828:3036.689772893975;2376:3042.1916528939746;3091:3055.5133808939745;4274:3056.6563088939747;880:3057.2476448939747;3109:3059.0981888939746;3874:3064.9624688939743;4306:3077.0780288939745;429:3078.4803488939747;4313:3079.6633088939748;68:3085.2616688939747;7318:3091.9297088939747;7325:3095.2564688939747;3011:3099.2671088939746;4:3104.0522288939746;4345:3106.0957088939745;7330:3107.2987088939744;7562:3115.132548893974;7316:3122.527548893974;7531:3130.082508893974;2802:3137.297988893974;2977:3140.300216790862
0,8,default_vehtype,boarding,True,3140.300216790862,3170.300216790862,2977;-1;-1,2977;-1;-1,0.0,0.9141686001285544,0.9141686001285544,0.0,,0,93,1,93,,,
0,0,default_vehtype,route,False,3180.0,3185.8647695471273,2993;-1;-1,2967;-1;-1,81.45513259898192,0.94359806625488,0.9435899207416201,0.0,,0,,0,,,2993;4483;7446;1960;2967,2993:3180;4483:3180.7614199819013;7446:3183.4281559819015;1960:3184.4123959819017;2967:3185.8647695471273
0,0,default_vehtype,boarding,True,3185.8647695471273,3215.8647695471273,2967;-1;-1,2967;-1;-1,0.0,0.9435899207416201,0.9435899207416201,0.0,,0,101,1,101,,,
0,0,default_vehtype,route,False,3215.8647695471273,3232.3657920000005,2967;-1;-1,2993;-1;-1,229.18086740101808,0.9435899207416201,0.9435670026548799,0.0,,0,101,1,,,2967;3896;5466;7451;2993,2967:3215.8647695471273;3896:3221.9443159819016;5466:3229.4762359819015;7451:3230.4604759819017;2993:3232.3657920000005
0,2,default_vehtype,boarding,True,3178.97150867583,3208.97150867583,2985;-1;-1,2985;-1;-1,0.0,0.9606574545509451,0.9606574545509451,0.0,,0,92,1,,92,,
0,4,default_vehtype,boarding,True,3169.7946555891344,3199.7946555891344,2970;-1;-1,2970;-1;-1,0.0,0.8206804354200435,0.8206804354200435,0.0,,0,100,1,100,,,
0,5,default_vehtype,boarding,True,3151.502287449058,3181.502287449058,2977;-1;-1,2977;-1;-1,0.0,0.5416208783796965,0.5416208783796965,0.0,,0,97,1,97,,,
0,7,default_vehtype,boarding,True,3156.409839173358,3186.409839173358,2969;-1;-1,2969;-1;-1,0.0,0.7699204965519826,0.7699204965519826,0.0,,0,89,1,,89,,
0,0,default_vehtype,boarding,True,3232.3657920000005,3262.3657920000005,2993;-1;-1,2993;-1;-1,0.0,0.9435670026548799,0.9435670026548799,0.0,,0,101,1,,101,,
0,1,default_vehtype,route,False,3162.3646840618962,3283.6565785137373,2985;-1;-1,2972;-1;-1,1503.3785975454016,0.8553825820908245,0.8552322442310699,0.0,,0,98,1,,,2985;1140;103;6480;7360;3154;6028;5745;6035;5743;6038;6041;7365;6050;6068;6077;3629;4502;6912;2108;7370;7608;5900;3459;4818;5992;6047;5708;3884;3030;3347;7376;2207;3446;3720;5332;251;2711;3358;2296;5681;2294;2035;6308;374;7114;3246;5330;661;445;2972,2985:3162.3646840618962;1140:3162.5592546967314;103:3163.7021826967316;6480:3177.0239106967315;7360:3182.5257906967313;3154:3183.6175986967314;6028:3184.5787266967313;5745:3186.070350696731;6035:3187.993758696731;5743:3189.363198696731;6038:3191.3786226967313;6041:3192.6548946967314;7365:3199.3180626967314;6050:3201.5916066967316;6068:3205.8179346967318;6077:3206.463630696732;3629:3208.0209186967318;4502:3208.483806696732;6912:3213.6322386967317;2108:3215.528646696732;7370:3222.0553746967316;7608:3222.284766696732;5900:3225.756462696732;3459:3226.512030696732;4818:3227.126910696732;5992:3227.603694696732;6047:3231.792222696732;5708:3233.186502696732;3884:3235.726086696732;3030:3236.224110696732;3347:3238.248318696732;7376:3238.683702696732;2207:3239.092590696732;3446:3241.915998696732;3720:3244.945686696732;5332:3245.937126696732;251:3246.684702696732;2711:3247.822518696732;3358:3250.037526696732;2296:3258.338526696732;5681:3260.732526696732;2294:3262.0640124110178;2035:3263.3954981253037;6308:3265.7894981253035;374:3274.0904981253034;7114:3276.3055061253035;3246:3277.4433221253034;5330:3278.1908981253036;661:3279.1823381253034;445:3282.2120261253035;2972:3283.6565785137373
0,7,default_vehtype,route,False,3186.409839173358,3266.042222004221,2969;-1;-1,2990;-1;-1,728.142628879116,0.7699204965519826,0.7698476822890947,0.0,,0,,0,,,2969;7192;1664;1659;538;4990;4939;5252;3070;1657;4439;4842;1272;3423;4282;4975;6830;4349;4937;669;5061;7265;3848;534;2839;5449;2990,2969:3186.409839173358;7192:3190.013482125304;1664:3193.2673781253043;1659:3198.0269381253042;538:3199.1779781253044;4990:3202.8750581253043;4939:3204.265618125304;5252:3209.690338125304;3070:3210.726778125304;1657:3218.243578125304;4439:3223.873738125304;4842:3228.258298125304;1272:3228.443218125304;3423:3229.659778125304;4282:3233.437258125304;4975:3234.487018125304;6830:3235.259938125304;4349:3235.808818125304;4937:3240.178378125304;669:3250.485778125304;5061:3256.294138125304;7265:3257.077378125304;3848:3258.052018125304;534:3262.0969781253043;2839:3263.455618125304;5449:3264.654658125304;2990:3266.042222004221
0,7,default_vehtype,boarding,True,3266.042222004221,3296.042222004221,2990;-1;-1,2990;-1;-1,0.0,0.7698476822890947,0.7698476822890947,0.0,,0,102,1,102,,,
0,8,default_vehtype,route,False,3170.300216790862,3256.1326933291757,2977;-1;-1,2979;-1;-1,715.2706378192755,0.9141686001285544,0.9140970730647724,0.0,,0,93,1,,,2977;6202;7516;7037;7512;3274;2902;3901;7011;7336;4365;7288;1182;1001;6296;1434;3820;3877;2787;4993;6537;2979,2977:3170.300216790862;6202:3174.193308893974;7516:3175.054428893974;7037:3182.366388893974;7512:3189.5997488939743;3274:3200.9457488939743;2902:3201.0573488939744;3901:3201.5253488939743;7011:3203.506308893974;7336:3206.413788893974;4365:3213.994908893974;7288:3215.118108893974;1182:3216.035028893974;1001:3221.326188893974;6296:3223.685508893974;1434:3229.6445888939743;3820:3234.753228893974;3877:3236.6611088939744;2787:3245.4536288939744;4993:3246.5026688939743;6537:3252.3025088939744;2979:3256.1326933291757
0,8,default_vehtype,boarding,True,3256.1326933291757,3286.1326933291757,2979;-1;-1,2979;-1;-1,0.0,0.9140970730647724,0.9140970730647724,0.0,,0,93;99,2,99,,,
0,1,default_vehtype,boarding,True,3283.6565785137373,3313.6565785137373,2972;-1;-1,2972;-1;-1,0.0,0.8552322442310699,0.8552322442310699,0.0,,0,98,1,,98,,
0,3,default_vehtype,route,False,3090.0,3342.0309015137736,2968;-1;-1,2984;-1;-1,2458.5211120897357,0.6898831302419751,0.689637278130766,0.0,,0,96,1,,,2968;98;2497;7434;2760;542;1074;4204;5649;5760;205;5793;1407;5826;7411;4686;5074;5295;5274;7181;604;603;1365;2574;7139;1693;1114;5299;7129;754;611;1812;1186;7311;3767;4527;3089;3131;5447;7352;414;122;3426;4314;68;7318;7325;3011;4;4345;1199;1204;2996;2984,2968:3090;98:3095.7696684769207;2497:3097.2803004769207;7434:3104.4881484769207;2760:3111.0266844769208;542:3118.5547884769207;1074:3119.4881964769206;4204:3120.4698444769206;5649:3121.2706284769206;5760:3126.8289564769207;205:3131.9732124769207;5793:3136.094564476921;1407:3137.714708476921;5826:3139.9950204769207;7411:3142.8936684769205;4686:3143.9643804769207;5074:3150.904892476921;5295:3151.1351484769207;5274:3154.5139644769206;7181:3159.023252476921;604:3162.6016524769207;603:3163.6652364769207;1365:3165.6069564769205;2574:3177.1148364769206;7139:3183.3812364769205;1693:3185.019836476921;1114:3201.360356476921;5299:3215.905556476921;7129:3217.256516476921;754:3260.8166364769213;611:3262.065236476921;1812:3266.636396476921;1186:3267.8135964769212;7311:3268.629236476921;3767:3270.6356364769213;4527:3273.4324764769212;3089:3281.842076476921;3131:3282.322316476921;5447:3284.709956476921;7352:3286.021316476921;414:3288.491036476921;122:3300.845396476921;3426:3302.098916476921;4314:3303.2818764769213;68:3308.8802364769213;7318:3315.5482764769213;7325:3318.875036476921;3011:3322.885676476921;4:3327.670796476921;4345:3329.714276476921;1199:3333.704619334064;1204:3337.6949621912067;2996:3339.7384421912066;2984:3342.0309015137736
0,4,default_vehtype,route,False,3199.7946555891344,3342.6921004404576,2970;-1;-1,2973;-1;-1,1435.3098664795511,0.8206804354200435,0.8205369044333957,0.0,,0,100,1,,,2970;671;662;7398;3491;6933;7394;6989;7392;5704;7389;3806;2573;885;316;2042;1982;6306;374;7114;3246;5330;661;445;6080;7381;364;3029;3886;5711;6045;2157;4817;456;5901;7605;2830;1420;1084;2973,2970:3199.7946555891344;671:3200.82477175112;662:3223.27449175112;7398:3226.79373175112;3491:3233.11845175112;6933:3234.03021175112;7394:3239.3918117511203;6989:3239.9861717511203;7392:3249.1972517511203;5704:3251.5623317511204;7389:3266.1005717511202;3806:3270.1649717511204;2573:3271.2329717511207;885:3271.8363317511207;316:3278.6634917511205;2042:3289.4019317511206;1982:3290.164651751121;6306:3290.381491751121;374:3298.682491751121;7114:3300.897499751121;3246:3302.035315751121;5330:3302.782891751121;661:3303.774331751121;445:3306.804019751121;6080:3309.627427751121;7381:3310.036315751121;364:3310.471699751121;3029:3312.4959077511207;3886:3312.9939317511207;5711:3315.533515751121;6045:3316.927795751121;2157:3321.116323751121;4817:3321.593107751121;456:3322.207987751121;5901:3322.963555751121;7605:3326.435251751121;2830:3326.6646437511213;1420:3338.3697557511214;1084:3341.9047397511213;2973:3342.6921004404576
0,5,default_vehtype,route,False,3181.502287449058,3335.409650522462,2977;-1;-1,2987;-1;-1,1643.223308779993,0.5416208783796965,0.5414565560488186,0.0,,0,97,1,,,2977;6202;7315;7530;2803;7558;2806;4344;2996;3013;7322;2804;3061;1173;3425;4304;793;118;3979;4275;103;6480;7360;3154;6028;5745;6035;5743;6038;6041;7365;2179;3064;6023;3524;7356;4225;2987,2977:3181.502287449058;6202:3185.3953795521697;7315:3192.29069955217;7530:3199.5061795521697;2803:3207.0611395521696;7558:3214.4561395521696;2806:3222.2899795521694;4344:3223.4929795521693;2996:3225.536459552169;3013:3230.321579552169;7322:3234.332219552169;2804:3237.658979552169;3061:3244.327019552169;1173:3249.925379552169;3425:3251.108339552169;4304:3252.5106595521693;793:3264.6262195521695;118:3270.4904995521692;3979:3272.341043552169;4275:3272.932379552169;103:3274.0753075521693;6480:3287.397035552169;7360:3292.898915552169;3154:3293.990723552169;6028:3294.951851552169;5745:3296.443475552169;6035:3298.366883552169;5743:3299.736323552169;6038:3301.751747552169;6041:3303.028019552169;7365:3309.691187552169;2179:3313.6994275521693;3064:3315.0014035521694;6023:3316.2660835521697;3524:3318.00754755217;7356:3328.8863875521697;4225:3333.4709155521696;2987:3335.409650522462
0,3,default_vehtype,boarding,True,3342.0309015137736,3372.0309015137736,2984;-1;-1,2984;-1;-1,0.0,0.689637278130766,0.689637278130766,0.0,,0,96,1,,96,,
0,4,default_vehtype,boarding,True,3342.6921004404576,3372.6921004404576,2973;-1;-1,2973;-1;-1,0.0,0.8205369044333957,0.8205369044333957,0.0,,0,100,1,,100,,
0,5,default_vehtype,boarding,True,3335.409650522462,3365.409650522462,2987;-1;-1,2987;-1;-1,0.0,0.5414565560488186,0.5414565560488186,0.0,,0,97;104,2,104,97,,
0,6,default_vehtype,route,False,3143.2370619400035,3405.963511775719,2976;-1;-1,2992;-1;-1,2648.748284547927,0.7623002079925352,0.7620353331640803,0.0,,0,95,1,,,2976;7557;2806;4344;2996;3013;7322;2804;3061;1173;3425;3125;3406;2825;1944;130;99;4526;714;2800;4332;799;3653;3825;7127;1836;4248;5046;7138;6879;1367;3637;3640;3643;7179;5275;5297;5072;1464;2847;5825;4587;5794;3202;2065;2023;4203;537;18;5629;1068;2559;6740;1717;2067;2063;1937;2992,2976:3143.2370619400035;7557:3148.2274153106637;2806:3156.0612553106635;4344:3157.2642553106634;2996:3159.3077353106632;3013:3164.0928553106633;7322:3168.103495310663;2804:3171.430255310663;3061:3178.098295310663;1173:3183.696655310663;3425:3184.879615310663;3125:3186.1331353106634;3406:3198.4874953106632;2825:3200.9572153106633;1944:3202.2685753106634;130:3204.6562153106634;99:3205.136455310663;4526:3213.546055310663;714:3216.342895310663;2800:3218.3492953106634;4332:3219.164935310663;799:3220.345855310663;3653:3224.942095310663;3825:3226.1906953106627;7127:3269.750815310663;1836:3271.101775310663;4248:3285.646975310663;5046:3301.9874953106632;7138:3303.6260953106635;6879:3309.8924953106634;1367:3321.385375310663;3637:3323.2784953106634;3640:3324.1316233106636;3643:3325.1952073106636;7179:3328.7736073106635;5275:3333.2828953106637;5297:3336.6617113106636;5072:3336.8919673106634;1464:3343.8324793106635;2847:3344.9031913106637;5825:3347.8018393106636;4587:3350.0821513106634;5794:3351.7022953106634;3202:3355.8236473106635;2065:3360.9679033106636;2023:3366.5262313106637;4203:3367.3270153106637;537:3368.281015310664;18:3374.148583310664;5629:3379.998007310664;1068:3382.550407310664;2559:3389.601007310664;6740:3394.071631310664;1717:3399.905359310664;2067:3400.643143310664;2063:3401.3593993106642;1937:3404.6293513106643;2992:3405.963511775719
0,0,default_vehtype,route,False,3360.0,3423.7964410299546,2993;-1;-1,2969;-1;-1,886.0616809715947,0.9435670026548799,0.9434783964867828,0.0,,0,,0,,,2993;4483;7446;1960;816;6786;5444;1716;2720;4210;1711;98;2497;7434;2760;542;1074;336;2969,2993:3360;4483:3360.7614199819013;7446:3363.4281559819015;1960:3364.4123959819017;816:3371.9443159819016;6786:3373.2112999819014;5444:3383.7477079819014;1716:3386.5380679819013;2720:3387.284707981901;4210:3388.182979981901;1711:3389.312659981901;98:3397.928467981901;2497:3399.439099981901;7434:3406.646947981901;2760:3413.185483981901;542:3420.713587981901;1074:3421.646995981901;336:3422.670115981901;2969:3423.7964410299546
0,0,default_vehtype,boarding,True,3423.7964410299546,3453.7964410299546,2969;-1;-1,2969;-1;-1,0.0,0.9434783964867828,0.9434783964867828,0.0,,0,105,1,105,,,
0,2,default_vehtype,route,False,3240.0,3439.181759899177,2985;-1;-1,2980;-1;-1,1608.0703712755965,0.9606574545509451,0.9604966475138176,0.0,,0,,0,,,2985;1140;880;3109;3874;4306;429;3125;3406;2825;1944;130;99;4526;714;2800;4339;2419;5404;5421;1925;1883;926;925;5399;1905;830;2795;1891;827;6499;1803;1141;5241;4811;5237;608;459;2416;4011;5246;363;366;2314;2877;1748;1743;1157;2058;2092;915;2980,2985:3240;1140:3240.194570634835;880:3240.785906634835;3109:3242.636450634835;3874:3248.500730634835;4306:3260.616290634835;429:3262.018610634835;3125:3263.2721306348353;3406:3275.626490634835;2825:3278.096210634835;1944:3279.4075706348353;130:3281.7952106348353;99:3282.275450634835;4526:3290.685050634835;714:3293.481890634835;2800:3295.4882906348353;4339:3296.982050634835;2419:3301.5911306348353;5404:3305.8180106348354;5421:3306.9233306348356;1925:3307.0666106348353;1883:3308.1038906348354;926:3312.3564506348353;925:3315.3007706348353;5399:3324.605570634835;1905:3325.932170634835;830:3327.109010634835;2795:3328.2926906348353;1891:3328.5466106348354;827:3329.6124506348356;6499:3338.9672906348355;1803:3344.9298506348355;1141:3350.4344906348356;5241:3352.0225706348356;4811:3353.7052106348356;5237:3358.4456906348355;608:3367.3117706348353;459:3367.6415306348354;2416:3369.8551706348353;4011:3370.519298634835;5246:3376.4444666348354;363:3383.3531546348354;366:3384.7582346348354;2314:3385.9031066348352;2877:3399.0742106348353;1748:3400.1927306348352;1743:3407.947130634835;1157:3412.6862734919778;2058:3418.4761020634064;2092:3421.8652449205492;915:3426.9834163491205;2980:3439.181759899177
0,2,default_vehtype,boarding,True,3439.181759899177,3469.181759899177,2980;-1;-1,2980;-1;-1,0.0,0.9604966475138176,0.9604966475138176,0.0,,0,103,1,103,,,
0,3,default_vehtype,route,False,3372.0309015137736,3463.963685496178,2984;-1;-1,2978;-1;-1,766.1065331867103,0.689637278130766,0.6895606674774474,0.0,,0,,0,,,2984;3012;4;4345;7330;7562;7316;7531;2802;2251;7515;7037;7512;3274;2902;3901;7011;7336;4365;7288;1182;2978,2984:3372.0309015137736;3012:3374.5235621912066;4:3379.3086821912066;4345:3381.3521621912064;7330:3382.5551621912064;7562:3390.389002191206;7316:3397.784002191206;7531:3405.338962191206;2802:3412.554442191206;2251:3419.449762191206;7515:3420.310882191206;7037:3427.622842191206;7512:3434.856202191206;3274:3446.202202191206;2902:3446.3138021912064;3901:3446.781802191206;7011:3448.762762191206;7336:3451.670242191206;4365:3459.2513621912058;7288:3460.3745621912058;1182:3461.291482191206;2978:3463.963685496178
0,5,default_vehtype,route,False,3365.409650522462,3441.3902668080823,2987;-1;-1,2975;-1;-1,1011.5698525452129,0.5414565560488186,0.541355399063564,0.0,,0,104,1,,,2987;4613;1084;7357;3525;6025;3063;6027;7362;2188;2186;5744;6033;5746;6031;146;2828;2376;3091;4274;880;3109;3874;2975,2987:3365.409650522462;4613:3367.0058995521695;1084:3370.5408835521694;7357:3375.125411552169;3525:3386.004251552169;6025:3387.7457155521693;3063:3389.0103955521695;6027:3390.3123715521697;7362:3394.32061155217;2188:3400.98377955217;2186:3402.26005155217;5744:3404.27547555217;6033:3405.64491555217;5746:3407.56832355217;6031:3409.05994755217;146:3410.02107555217;2828:3411.11288355217;2376:3416.6147635521697;3091:3429.9364915521696;4274:3431.07941955217;880:3431.67075555217;3109:3433.5212995521697;3874:3439.3855795521695;2975:3441.3902668080823
0,5,default_vehtype,boarding,True,3441.3902668080823,3471.3902668080823,2975;-1;-1,2975;-1;-1,0.0,0.541355399063564,0.541355399063564,0.0,,0,104,1,,104,,
0,6,default_vehtype,boarding,True,3405.963511775719,3435.963511775719,2992;-1;-1,2992;-1;-1,0.0,0.7620353331640803,0.7620353331640803,0.0,,0,95,1,,95,,
0,8,default_vehtype,route,False,3286.1326933291757,3462.220073942028,2979;-1;-1,2969;-1;-1,2297.2581998185124,0.9140970730647724,0.9138673472447906,0.0,,0,93;99,2,,,2979;2786;2307;3549;6384;4032;1804;4811;5237;608;459;2416;4011;5246;363;366;2314;2877;1748;2880;906;984;2268;1857;1806;1371;938;5442;4054;2205;1369;2047;3631;4079;4572;4577;778;3636;3639;3642;7178;5275;5297;5072;1464;2847;5825;4587;5794;3202;2065;2023;4203;4198;336;2969,2979:3286.1326933291757;2786:3288.1376288939746;2307:3291.6563888939745;3549:3297.2936288939745;6384:3297.5554688939746;4032:3300.777108893975;1804:3301.693020893975;4811:3303.375660893975;5237:3308.1161408939747;608:3316.9822208939745;459:3317.3119808939746;2416:3319.5256208939745;4011:3320.1897488939744;5246:3326.1149168939746;363:3333.0236048939746;366:3334.4286848939746;2314:3335.5735568939745;2877:3348.7446608939745;1748:3349.8631808939745;2880:3351.0249728939743;906:3363.2502848939744;984:3366.019980893974;2268:3366.767844893974;1857:3367.1537648939743;1806:3367.815948893974;1371:3368.486124893974;938:3371.067252893974;5442:3380.787900893974;4054:3388.427892893974;2205:3394.180332893974;1369:3400.626492893974;2047:3401.569548893974;3631:3403.132380893974;4079:3404.199636893974;4572:3407.998068893974;4577:3409.730748893974;778:3414.0370688939743;3636:3415.0404608939743;3639:3415.8935888939745;3642:3416.9571728939745;7178:3420.5355728939744;5275:3425.0448608939746;5297:3428.4236768939745;5072:3428.6539328939743;1464:3435.5944448939745;2847:3436.6651568939747;5825:3439.5638048939745;4587:3441.8441168939744;5794:3443.4642608939744;3202:3447.5856128939745;2065:3452.7298688939745;2023:3458.2881968939746;4203:3459.0889808939746;4198:3460.0706288939746;336:3461.0937488939744;2969:3462.220073942028
0,1,default_vehtype,route,False,3420.0,3536.533235490484,2972;-1;-1,2990;-1;-1,1039.575804707168,0.8552322442310699,0.8551282866505991,0.0,,0,,0,,,2972;6079;3446;3720;5332;251;2711;3358;2296;5495;5696;3307;3987;6878;746;2834;2045;2835;2641;7396;2616;486;2838;3722;3732;544;7400;5449;2990,2972:3420;6079:3421.378855611566;3446:3424.202263611566;3720:3427.2319516115663;5332:3428.223391611566;251:3428.9709676115663;2711:3430.108783611566;3358:3432.3237916115663;2296:3440.6247916115663;5495:3440.8416316115663;5696:3441.6043516115665;3307:3452.3427916115666;3987:3459.1699516115664;6878:3459.7733116115664;746:3460.8413116115667;2834:3464.905711611567;2045:3479.4439516115667;2835:3481.8090316115668;2641:3491.020111611567;7396:3491.614471611567;2616:3496.976071611567;486:3497.887831611567;2838:3504.212551611567;3722:3507.731791611567;3732:3530.181511611567;544:3532.871071611567;7400:3533.946631611567;5449:3535.145671611567;2990:3536.533235490484
0,3,default_vehtype,boarding,True,3463.963685496178,3493.963685496178,2978;-1;-1,2978;-1;-1,0.0,0.6895606674774474,0.6895606674774474,0.0,,0,106,1,106,,,
0,7,default_vehtype,route,False,3296.042222004221,3511.750464754643,2990;-1;-1,2976;-1;-1,1797.568689586859,0.7698476822890947,0.7696679254201361,0.0,,0,102,1,,,2990;2552;1946;7401;3551;3849;7263;5060;3728;4936;1207;2554;4974;5249;6709;2464;7135;1193;552;2755;7131;3567;888;712;2718;754;611;1812;1186;7311;3767;4527;3089;3131;5447;7352;414;122;3426;4314;68;7318;7325;3011;4;4345;7330;2976,2990:3296.042222004221;2552:3298.9079381253046;1946:3303.1612181253045;7401:3304.3602581253044;3551:3305.7188981253043;3849:3309.7638581253045;7263:3310.7384981253044;5060:3311.5217381253046;3728:3317.3300981253046;4936:3327.637498125305;1207:3332.007058125305;2554:3332.5559381253047;4974:3333.3288581253046;5249:3339.1327781253044;6709:3341.0599781253045;2464:3356.9195381253044;7135:3364.8516581253043;1193:3365.951698125304;552:3370.449898125304;2755:3372.279058125304;7131:3380.2362581253037;3567:3390.115138125304;888:3390.5734181253038;712:3394.3090181253037;2718:3395.2462181253036;754:3438.8063381253037;611:3440.0549381253036;1812:3444.6260981253035;1186:3445.8032981253036;7311:3446.6189381253034;3767:3448.6253381253036;4527:3451.4221781253036;3089:3459.8317781253036;3131:3460.3120181253034;5447:3462.6996581253034;7352:3464.0110181253035;414:3466.4807381253036;122:3478.8350981253034;3426:3480.0886181253036;4314:3481.2715781253037;68:3486.8699381253036;7318:3493.5379781253037;7325:3496.8647381253036;3011:3500.8753781253035;4:3505.6604981253035;4345:3507.7039781253034;7330:3508.9069781253033;2976:3511.750464754643
0,8,default_vehtype,boarding,True,3462.220073942028,3492.220073942028,2969;-1;-1,2969;-1;-1,0.0,0.9138673472447906,0.9138673472447906,0.0,,0,93;99,2,,99;93,,
0,8,default_vehtype,boarding,True,3492.220073942028,3522.220073942028,2969;-1;-1,2969;-1;-1,0.0,0.9138673472447906,0.9138673472447906,0.0,,0,110,1,110,,,
0,0,default_vehtype,route,False,3453.7964410299546,3540.0,2969;-1;-1,2448;2353;0.391,998.3716300389683,0.9434783964867828,0.9433785593237789,0.0,,0,105,1,,,2969;7192;1664;337;1075;4198;1071;1070;1069;1067;1504;4396;710;2281;4664;6260;3300;1832;708;6180;2405;6169;2744;2567;2576;3077;3241;88;2758;2742;2448,2969:3453.7964410299546;7192:3457.400083981901;1664:3460.653979981901;337:3468.414211981901;1075:3469.438051981901;4198:3470.419699981901;1071:3471.422227981901;1070:3485.885515981901;1069:3486.623803981901;1067:3489.285859981901;1504:3493.739635981901;4396:3493.9659319819007;710:3494.5165879819006;2281:3495.5222839819007;4664:3499.400275981901;6260:3499.846171981901;3300:3500.445283981901;1832:3503.235499981901;708:3503.774563981901;6180:3504.197995981901;2405:3506.420395981901;6169:3509.897515981901;2744:3514.498075981901;2567:3516.341035981901;2576:3524.8295959819006;3077:3526.9622359819004;3241:3530.0911159819007;88:3532.0179559819007;2758:3533.9813959819007;2742:3534.387835981901;2448:3537.573475981901
0,1,default_vehtype,boarding,True,3536.533235490484,3566.533235490484,2990;-1;-1,2990;-1;-1,0.0,0.8551282866505991,0.8551282866505991,0.0,,0,107,1,107,,,
0,4,default_vehtype,route,False,3480.0,3559.4609464166906,2973;-1;-1,2989;-1;-1,948.8631274205475,0.8205369044333957,0.8204420181206536,0.0,,0,,0,,,2973;7354;4225;4614;7369;7607;5900;3459;4818;5992;6047;5708;3884;3030;3347;7376;2207;3446;3720;5332;251;2711;3358;2296;5495;5696;3307;3987;6878;2989,2973:3480;7354:3483.7971673106636;4225:3488.3816953106634;4614:3491.9166793106633;7369:3503.6217913106634;7607:3503.8511833106636;5900:3507.3228793106637;3459:3508.0784473106637;4818:3508.693327310664;5992:3509.1701113106637;6047:3513.358639310664;5708:3514.752919310664;3884:3517.292503310664;3030:3517.790527310664;3347:3519.8147353106638;7376:3520.2501193106636;2207:3520.6590073106636;3446:3523.482415310664;3720:3526.512103310664;5332:3527.5035433106636;251:3528.251119310664;2711:3529.388935310664;3358:3531.603943310664;2296:3539.904943310664;5495:3540.121783310664;5696:3540.884503310664;3307:3551.622943310664;3987:3558.450103310664;6878:3559.053463310664;2989:3559.4609464166906
0,4,default_vehtype,boarding,True,3559.4609464166906,3589.4609464166906,2989;-1;-1,2989;-1;-1,0.0,0.8204420181206536,0.8204420181206536,0.0,,0,108,1,108,,,
0,7,default_vehtype,boarding,True,3511.750464754643,3541.750464754643,2976;-1;-1,2976;-1;-1,0.0,0.7696679254201361,0.7696679254201361,0.0,,0,102,1,,102,,
0,7,default_vehtype,route,False,3541.750464754643,3571.908486022191,2976;-1;-1,2977;-1;-1,251.31684389623734,0.7696679254201361,0.7696427937357464,0.0,,0,,0,,,2976;7557;7316;7531;2802;2977,2976:3541.750464754643;7557:3546.740818125303;7316:3554.135818125303;7531:3561.690778125303;2802:3568.906258125303;2977:3571.908486022191
0,0,default_vehtype,route,False,3540.0,3617.4969989674933,2448;2353;0.391,2988;-1;-1,692.8168492522452,0.9433785593237789,0.9433092776388536,0.0,,0,105,1,,,2448;2353;6140;7386;3742;7100;6318;737;6639;2446;2301;1992;1990;1988;1985;3729;5498;5496;5699;5494;6307;374;7114;3246;5330;661;445;6080;7381;364;3029;69;30;3346;2832;2207;2988,2448:3540;2353:3543.774355981901;6140:3548.945395981901;7386:3550.287835981901;3742:3557.946835981901;7100:3558.486475981901;6318:3558.964555981901;737:3559.880275981901;6639:3561.729475981901;2446:3563.300755981901;2301:3565.597795981901;1992:3566.622835981901;1990:3568.319755981901;1988:3570.773755981901;1985:3574.295515981901;3729:3576.642955981901;5498:3578.040355981901;5496:3580.947595981901;5699:3581.645035981901;5494:3582.748795981901;6307:3582.965635981901;374:3591.266635981901;7114:3593.481643981901;3246:3594.619459981901;5330:3595.367035981901;661:3596.358475981901;445:3599.388163981901;6080:3602.211571981901;7381:3602.620459981901;364:3603.055843981901;3029:3605.080051981901;69:3609.2123376961868;30:3613.3446234104726;3346:3615.3688314104725;2832:3615.8042154104724;2207:3616.2131034104723;2988:3617.4969989674933
0,0,default_vehtype,boarding,True,3617.4969989674933,3647.4969989674933,2988;-1;-1,2988;-1;-1,0.0,0.9433092776388536,0.9433092776388536,0.0,,0,105;112,2,112,,,
0,6,default_vehtype,route,False,3480.0,3638.424886673119,2992;-1;-1,2966;-1;-1,1413.7091051984648,0.7620353331640803,0.7618939622535605,0.0,,0,,0,,,2992;2526;3895;5465;7450;4482;6930;7615;3488;4485;5469;2998;901;1083;1355;1961;1962;1033;1559;1958;2907;636;1954;1949;186;333;2164;695;694;1041;1623;1383;2333;2966,2992:3480;2526:3489.2022475349454;3895:3490.4692315349453;5465:3498.001151534945;7450:3498.9853915349454;4482:3501.6521275349455;6930:3502.9678555349456;7615:3506.8642075349458;3488:3508.188359534946;4485:3512.7430075349457;5469:3513.104231534946;2998:3513.512687534946;901:3514.758215534946;1083:3517.5486475349458;1355:3531.237935534946;1961:3532.2206635349457;1962:3533.159543534946;1033:3534.368999534946;1559:3540.753095534946;1958:3548.1001195349463;2907:3548.7237835349465;636:3551.5389115349467;1954:3552.149615534947;1949:3561.049751534947;186:3562.615895534947;333:3563.255615534947;2164:3563.872007534947;695:3568.579295534947;694:3571.748015534947;1041:3572.5669435349473;1623:3576.9502006778043;1383:3588.035629249233;2333:3628.189514963519;2966:3638.424886673119
0,7,default_vehtype,boarding,True,3571.908486022191,3601.908486022191,2977;-1;-1,2977;-1;-1,0.0,0.7696427937357464,0.7696427937357464,0.0,,0,111,1,111,,,
0,1,default_vehtype,route,False,3566.533235490484,3669.648827629667,2990;-1;-1,2993;-1;-1,1265.245690149289,0.8551282866505991,0.8550017620815842,0.0,,0,107,1,,,2990;2552;4848;3271;4846;4989;5000;337;1075;537;18;5629;1068;2559;6740;1717;2067;2063;1937;6789;3895;5465;7450;2993,2990:3566.533235490484;2552:3569.3989516115676;4848:3576.8792716115677;3271:3582.4323916115677;4846:3584.3054716115676;4989:3596.5779916115675;5000:3601.3375516115675;337:3609.0977836115676;1075:3610.1216236115674;537:3611.0756236115676;18:3616.9431916115677;5629:3622.7926156115677;1068:3625.3450156115678;2559:3632.395615611568;6740:3636.866239611568;1717:3642.699967611568;2067:3643.437751611568;2063:3644.154007611568;1937:3647.423959611568;6789:3657.960367611568;3895:3659.227351611568;5465:3666.759271611568;7450:3667.743511611568;2993:3669.648827629667
0,1,default_vehtype,boarding,True,3669.648827629667,3699.648827629667,2993;-1;-1,2993;-1;-1,0.0,0.8550017620815842,0.8550017620815842,0.0,,0,107,1,,107,,
0,3,default_vehtype,route,False,3493.963685496178,3707.1197332605793,2978;-1;-1,2991;-1;-1,2604.1815706442994,0.6895606674774474,0.6893002493203829,0.0,,0,106,1,,,2978;4103;6297;1434;3820;3877;2787;4993;6537;7281;2307;3549;6384;4032;1804;4811;5237;608;459;2416;4011;5246;363;366;2314;2877;1748;2880;906;984;2268;1857;1806;1371;938;5442;4054;2205;1369;2047;3631;4079;4572;4577;778;3636;3639;3642;7178;5275;5297;5072;1464;2847;5825;4587;5794;3202;2065;2023;4203;537;2991,2978:3493.963685496178;4103:3496.5826421912057;6297:3498.9419621912057;1434:3504.9010421912058;3820:3510.0096821912057;3877:3511.917562191206;2787:3520.710082191206;4993:3521.7591221912057;6537:3527.558962191206;7281:3533.394082191206;2307:3536.912842191206;3549:3542.550082191206;6384:3542.811922191206;4032:3546.0335621912063;1804:3546.9494741912063;4811:3548.6321141912063;5237:3553.372594191206;608:3562.238674191206;459:3562.568434191206;2416:3564.782074191206;4011:3565.446202191206;5246:3571.371370191206;363:3578.280058191206;366:3579.685138191206;2314:3580.830010191206;2877:3594.001114191206;1748:3595.119634191206;2880:3596.281426191206;906:3608.506738191206;984:3611.2764341912057;2268:3612.0242981912056;1857:3612.410218191206;1806:3613.0724021912056;1371:3613.7425781912057;938:3616.3237061912055;5442:3626.0443541912055;4054:3633.6843461912053;2205:3639.4367861912056;1369:3645.8829461912055;2047:3646.8260021912056;3631:3648.3888341912057;4079:3649.4560901912055;4572:3653.2545221912055;4577:3654.9872021912056;778:3659.2935221912057;3636:3660.296914191206;3639:3661.150042191206;3642:3662.213626191206;7178:3665.792026191206;5275:3670.301314191206;5297:3673.680130191206;5072:3673.910386191206;1464:3680.850898191206;2847:3681.921610191206;5825:3684.820258191206;4587:3687.100570191206;5794:3688.720714191206;3202:3692.842066191206;2065:3697.986322191206;2023:3703.544650191206;4203:3704.345434191206;537:3705.2994341912063;2991:3707.1197332605793
0,6,default_vehtype,boarding,True,3638.424886673119,3668.424886673119,2966;-1;-1,2966;-1;-1,0.0,0.7618939622535605,0.7618939622535605,0.0,,0,109,1,109,,,
0,0,default_vehtype,route,False,3647.4969989674933,3738.704102666385,2988;-1;-1,2975;-1;-1,1223.0488443962045,0.9433092776388536,0.943186972754414,0.0,,0,105;112,2,,,2988;3447;6082;7383;364;3029;3886;5711;6045;2157;4817;456;5901;7605;2830;5852;6913;1321;597;2204;6066;6049;7367;2188;2186;5744;6033;5746;6031;146;2828;2376;3091;4274;880;3109;3874;2975,2988:3647.4969989674933;3447:3649.036511410472;6082:3651.8599194104722;7383:3652.268807410472;364:3652.704191410472;3029:3654.728399410472;3886:3655.226423410472;5711:3657.766007410472;6045:3659.160287410472;2157:3663.348815410472;4817:3663.825599410472;456:3664.440479410472;5901:3665.196047410472;7605:3668.667743410472;2830:3668.8971354104724;5852:3675.423863410472;6913:3677.3202714104723;1321:3682.4687034104722;597:3682.9315914104723;2204:3684.4888794104722;6066:3685.1345754104723;6049:3689.3609034104725;7367:3691.6344474104726;2188:3698.2976154104726;2186:3699.5738874104727;5744:3701.589311410473;6033:3702.958751410473;5746:3704.882159410473;6031:3706.3737834104727;146:3707.3349114104726;2828:3708.4267194104727;2376:3713.9285994104725;3091:3727.2503274104724;4274:3728.3932554104726;880:3728.9845914104726;3109:3730.8351354104725;3874:3736.6994154104723;2975:3738.704102666385
0,0,default_vehtype,boarding,True,3738.704102666385,3768.704102666385,2975;-1;-1,2975;-1;-1,0.0,0.943186972754414,0.943186972754414,0.0,,0,105;112,2,,105,,
0,1,default_vehtype,route,False,3720.0,3754.403924446956,2993;-1;-1,2992;-1;-1,477.8322839854968,0.8550017620815842,0.8549539788531856,0.0,,0,,0,,,2993;4483;7446;1960;816;6786;5444;1716;2720;4210;2067;2063;1937;2992,2993:3720;4483:3720.7614199819013;7446:3723.4281559819015;1960:3724.4123959819017;816:3731.9443159819016;6786:3733.2112999819014;5444:3743.7477079819014;1716:3746.5380679819013;2720:3747.284707981901;4210:3748.182979981901;2067:3749.083555981901;2063:3749.7998119819013;1937:3753.0697639819014;2992:3754.403924446956
0,2,default_vehtype,route,False,3469.181759899177,3770.612109620428,2980;-1;-1,2988;-1;-1,2580.0028813890704,0.9604966475138176,0.9602386472256786,0.0,,0,103,1,,,2980;914;2135;1730;2664;2579;2961;2407;2581;370;361;2874;1887;4059;910;6541;3462;3648;2851;2850;1801;1560;5242;4277;5239;6501;3911;5389;7301;3914;5398;5400;4040;4041;5374;5418;5424;5403;6546;1200;7312;3767;4527;3089;3131;5447;7352;414;122;3426;4305;793;118;3979;4275;103;6480;7360;3154;6028;5745;6035;5743;6038;6041;7365;6050;6068;6077;3629;4502;6912;2108;7370;7608;5900;3459;4818;5992;6047;5708;3884;3030;3347;7376;2207;2988,2980:3469.181759899177;914:3485.0639306348344;2135:3493.0147877776917;1730:3508.4711306348345;2664:3510.2932449205487;2579:3515.1691877776916;2961:3531.9400449205486;2407:3537.1888449205485;2581:3545.676102063406;370:3547.258950063406;361:3549.756054063406;2874:3550.342062063406;1887:3555.997446063406;4059:3557.916750063406;910:3562.432950063406;6541:3563.097078063406;3462:3565.310718063406;3648:3565.640478063406;2851:3570.314718063406;2850:3571.248078063406;1801:3574.543758063406;1560:3579.284238063406;5242:3580.966878063406;4277:3582.554958063406;5239:3588.059598063406;6501:3594.022158063406;3911:3603.376998063406;5389:3604.4428380634063;7301:3604.6967580634064;3914:3605.8804380634065;5398:3607.0572780634066;5400:3608.3838780634064;4040:3617.6886780634063;4041:3620.6329980634064;5374:3624.8855580634063;5418:3625.9228380634063;5424:3626.066118063406;5403:3627.171438063406;6546:3631.3983180634064;1200:3636.0073980634065;7312:3637.5011580634064;3767:3639.5075580634066;4527:3642.3043980634066;3089:3650.7139980634065;3131:3651.1942380634064;5447:3653.5818780634063;7352:3654.8932380634064;414:3657.3629580634065;122:3669.7173180634063;3426:3670.9708380634065;4305:3672.3731580634067;793:3684.488718063407;118:3690.3529980634066;3979:3692.2035420634065;4275:3692.7948780634065;103:3693.9378060634067;6480:3707.2595340634066;7360:3712.7614140634064;3154:3713.8532220634065;6028:3714.8143500634064;5745:3716.305974063406;6035:3718.2293820634063;5743:3719.5988220634063;6038:3721.6142460634064;6041:3722.8905180634065;7365:3729.5536860634065;6050:3731.8272300634067;6068:3736.053558063407;6077:3736.699254063407;3629:3738.256542063407;4502:3738.719430063407;6912:3743.867862063407;2108:3745.764270063407;7370:3752.2909980634067;7608:3752.520390063407;5900:3755.992086063407;3459:3756.747654063407;4818:3757.362534063407;5992:3757.839318063407;6047:3762.027846063407;5708:3763.422126063407;3884:3765.9617100634073;3030:3766.4597340634073;3347:3768.483942063407;7376:3768.919326063407;2207:3769.328214063407;2988:3770.612109620428
0,3,default_vehtype,boarding,True,3707.1197332605793,3737.1197332605793,2991;-1;-1,2991;-1;-1,0.0,0.6893002493203829,0.6893002493203829,0.0,,0,106,1,,106,,
0,4,default_vehtype,route,False,3589.4609464166906,3759.6031419400047,2989;-1;-1,2976;-1;-1,1917.4080293609438,0.8204420181206536,0.8202502773177175,0.0,,0,108,1,,,2989;3808;6876;885;316;2042;1982;6306;374;7114;3246;5330;661;445;6080;7381;364;3029;3886;5711;6045;2157;4817;456;5901;7605;2830;5852;6913;1321;597;2204;6066;6049;7367;2188;2186;5744;6033;5746;6031;146;2828;2376;3091;4274;880;3109;3874;4306;429;4313;68;7318;7325;3011;4;4345;7330;2976,2989:3589.4609464166906;3808:3590.1214633106642;6876:3591.1894633106645;885:3591.7928233106645;316:3598.6199833106643;2042:3609.3584233106644;1982:3610.1211433106646;6306:3610.3379833106646;374:3618.6389833106646;7114:3620.8539913106647;3246:3621.9918073106646;5330:3622.739383310665;661:3623.7308233106646;445:3626.7605113106647;6080:3629.583919310665;7381:3629.992807310665;364:3630.4281913106647;3029:3632.4523993106645;3886:3632.9504233106645;5711:3635.4900073106646;6045:3636.8842873106646;2157:3641.0728153106647;4817:3641.5495993106647;456:3642.164479310665;5901:3642.920047310665;7605:3646.391743310665;2830:3646.621135310665;5852:3653.147863310665;6913:3655.044271310665;1321:3660.192703310665;597:3660.655591310665;2204:3662.212879310665;6066:3662.858575310665;6049:3667.084903310665;7367:3669.3584473106653;2188:3676.0216153106653;2186:3677.2978873106654;5744:3679.3133113106655;6033:3680.6827513106655;5746:3682.6061593106656;6031:3684.0977833106654;146:3685.0589113106653;2828:3686.1507193106654;2376:3691.652599310665;3091:3704.974327310665;4274:3706.1172553106653;880:3706.7085913106653;3109:3708.559135310665;3874:3714.423415310665;4306:3726.538975310665;429:3727.9412953106653;4313:3729.1242553106654;68:3734.7226153106653;7318:3741.3906553106654;7325:3744.7174153106653;3011:3748.7280553106652;4:3753.5131753106652;4345:3755.556655310665;7330:3756.759655310665;2976:3759.6031419400047
0,1,default_vehtype,boarding,True,3754.403924446956,3784.403924446956,2992;-1;-1,2992;-1;-1,0.0,0.8549539788531856,0.8549539788531856,0.0,,0,117,1,117,,,
0,2,default_vehtype,boarding,True,3770.612109620428,3800.612109620428,2988;-1;-1,2988;-1;-1,0.0,0.9602386472256786,0.9602386472256786,0.0,,0,103,1,,103,,
0,3,default_vehtype,route,False,3737.1197332605793,3814.576078029221,2991;-1;-1,2970;-1;-1,879.3027671310527,0.6893002493203829,0.6892123190436698,0.0,,0,,0,,,2991;3010;5631;1068;2867;2760;542;1074;336;2759;1664;1659;4844;3270;4850;6823;1946;7401;3560;2970,2991:3737.1197332605793;3010:3741.1670021912064;5631:3747.0164261912064;1068:3749.5688261912064;2867:3750.4431221912064;2760:3756.9816581912064;542:3764.5097621912064;1074:3765.4431701912063;336:3766.466290191206;2759:3771.196258191206;1664:3774.4501541912064;1659:3779.2097141912063;4844:3791.4822341912063;3270:3793.355314191206;4850:3798.908434191206;6823:3806.3887541912063;1946:3810.642034191206;7401:3811.841074191206;3560:3812.9166341912064;2970:3814.576078029221
0,4,default_vehtype,boarding,True,3759.6031419400047,3789.6031419400047,2976;-1;-1,2976;-1;-1,0.0,0.8202502773177175,0.8202502773177175,0.0,,0,108,1,,108,,
0,8,default_vehtype,route,False,3522.220073942028,3801.8966595050015,2969;-1;-1,2983;-1;-1,3227.3280516466903,0.9138673472447906,0.9135446144396259,0.0,,0,110,1,,,2969;7192;1664;337;1075;5648;5759;205;5793;1407;5826;7411;4686;5074;5295;5274;7181;604;603;602;3851;4573;1400;971;598;1368;591;585;940;1370;939;1903;983;3921;840;2881;5099;2878;1735;2581;370;361;2874;1887;4059;910;6541;3462;3648;2851;2850;1801;1560;5242;922;6385;3550;6322;7280;2411;1661;7283;796;751;4635;6299;4102;4325;7285;1218;7334;7010;820;7498;276;2915;2661;7517;6201;7314;2983,2969:3522.220073942028;7192:3525.8237168939745;1664:3529.0776128939747;337:3536.8378448939748;1075:3537.8616848939746;5648:3538.6624688939746;5759:3544.2207968939747;205:3549.3650528939747;5793:3553.486404893975;1407:3555.106548893975;5826:3557.3868608939747;7411:3560.2855088939746;4686:3561.3562208939748;5074:3568.296732893975;5295:3568.5269888939747;5274:3571.9058048939746;7181:3576.415092893975;604:3579.9934928939747;603:3581.0570768939747;602:3581.910204893975;3851:3582.913596893975;4573:3587.219916893975;1400:3588.952596893975;971:3592.751028893975;598:3593.818284893975;1368:3594.778620893975;591:3600.6495728939753;585:3613.8208208939755;940:3620.4006848939753;1370:3627.4273088939754;939:3628.1239808939754;1903:3628.945572893975;983:3629.928084893975;3921:3633.726228893975;840:3638.287068893975;2881:3644.917692893975;5099:3646.070556893975;2878:3647.1985808939753;1735:3658.1829008939753;2581:3659.522316893975;370:3661.105164893975;361:3663.602268893975;2874:3664.1882768939754;1887:3669.8436608939755;4059:3671.7629648939755;910:3676.2791648939756;6541:3676.9432928939755;3462:3679.1569328939754;3648:3679.4866928939755;2851:3684.1609328939753;2850:3685.0942928939753;1801:3688.3899728939755;1560:3693.1304528939754;5242:3694.8130928939754;922:3695.7290048939753;6385:3698.9506448939756;3550:3699.2124848939757;6322:3704.8497248939757;7280:3708.3684848939756;2411:3714.203604893976;1661:3720.003444893976;7283:3721.052484893976;796:3729.845004893976;751:3731.752884893976;4635:3736.861524893976;6299:3742.820604893976;4102:3745.179924893976;4325:3750.4710848939762;7285:3751.3880048939764;1218:3752.5112048939764;7334:3760.092324893976;7010:3762.999804893976;820:3764.980764893976;7498:3765.4487648939757;276:3765.560364893976;2915:3776.906364893976;2661:3784.139724893976;7517:3791.451684893976;6201:3792.312804893976;7314:3799.208124893976;2983:3801.8966595050015
0,8,default_vehtype,boarding,True,3801.8966595050015,3831.8966595050015,2983;-1;-1,2983;-1;-1,0.0,0.9135446144396259,0.9135446144396259,0.0,,0,110,1,,110,,
0,0,default_vehtype,route,False,3768.704102666385,3887.855368065047,2975;-1;-1,2982;-1;-1,992.9272116555164,0.943186972754414,0.9430876800332484,0.0,,0,112,1,,,2975;1166;429;3125;3406;2825;1944;130;99;4526;714;2800;4339;2419;5404;5421;1925;1883;926;925;5399;1905;830;2795;918;3075;7097;7290;2736;1744;1164;2789;1218;2982,2975:3768.704102666385;1166:3778.814975410472;429:3780.217295410472;3125:3781.4708154104724;3406:3793.825175410472;2825:3796.2948954104722;1944:3797.6062554104724;130:3799.9938954104723;99:3800.474135410472;4526:3808.883735410472;714:3811.680575410472;2800:3813.6869754104723;4339:3815.180735410472;2419:3819.7898154104723;5404:3824.0166954104725;5421:3825.1220154104726;1925:3825.2652954104724;1883:3826.3025754104724;926:3830.5551354104723;925:3833.4994554104724;5399:3842.8042554104723;1905:3844.130855410472;830:3845.307695410472;2795:3846.4913754104723;918:3847.633535410472;3075:3855.5064954104723;7097:3856.3558554104725;7290:3862.1579754104723;2736:3870.8764554104723;1744:3872.331695410472;1164:3883.4402154104723;2789:3884.852015410472;1218:3885.975215410472;2982:3887.855368065047
0,1,default_vehtype,route,False,3784.403924446956,3891.174775819916,2992;-1;-1,2970;-1;-1,1286.4486921910307,0.8549539788531856,0.8548253339839665,0.0,,0,117,1,,,2992;2526;5444;1716;2720;4210;1711;98;2497;7434;2760;542;1074;336;2759;1664;1659;4844;3270;4850;6823;1946;7401;3560;2970,2992:3784.403924446956;2526:3793.6061719819013;5444:3804.1425799819012;1716:3806.932939981901;2720:3807.679579981901;4210:3808.577851981901;1711:3809.707531981901;98:3818.323339981901;2497:3819.833971981901;7434:3827.041819981901;2760:3833.580355981901;542:3841.108459981901;1074:3842.041867981901;336:3843.0649879819007;2759:3847.794955981901;1664:3851.048851981901;1659:3855.808411981901;4844:3868.080931981901;3270:3869.9540119819007;4850:3875.507131981901;6823:3882.987451981901;1946:3887.240731981901;7401:3888.439771981901;3560:3889.515331981901;2970:3891.174775819916
0,2,default_vehtype,route,False,3800.612109620428,3866.778741033699,2988;-1;-1,2987;-1;-1,918.9809918509916,0.9602386472256786,0.9601467491264936,0.0,,0,,0,,,2988;3447;6082;7383;364;3029;3886;5711;6045;2157;4817;456;5901;7605;2830;1420;1084;7357;2826;2827;4225;2987,2988:3800.612109620428;3447:3802.1516220634066;6082:3804.975030063407;7383:3805.383918063407;364:3805.8193020634067;3029:3807.8435100634065;3886:3808.3415340634065;5711:3810.8811180634066;6045:3812.2753980634066;2157:3816.4639260634067;4817:3816.9407100634066;456:3817.5555900634067;5901:3818.3111580634068;7605:3821.782854063407;2830:3822.012246063407;1420:3833.717358063407;1084:3837.252342063407;7357:3841.836870063407;2826:3851.046174063407;2827:3860.255478063407;4225:3864.8400060634067;2987:3866.778741033699
0,2,default_vehtype,boarding,True,3866.778741033699,3896.778741033699,2987;-1;-1,2987;-1;-1,0.0,0.9601467491264936,0.9601467491264936,0.0,,0,116,1,116,,,
0,3,default_vehtype,boarding,True,3814.576078029221,3844.576078029221,2970;-1;-1,2970;-1;-1,0.0,0.6892123190436698,0.6892123190436698,0.0,,0,114,1,114,,,
0,3,default_vehtype,route,False,3844.576078029221,3898.67739923926,2970;-1;-1,2969;-1;-1,543.4817047950673,0.6892123190436698,0.6891579708731902,0.0,,0,114,1,,,2970;671;544;7400;5449;6824;4848;3271;4846;4989;5000;337;1075;4198;336;2969,2970:3844.576078029221;671:3845.6061941912067;544:3848.2957541912065;7400:3849.3713141912067;5449:3850.5703541912067;6824:3854.8236341912066;4848:3862.3039541912067;3271:3867.8570741912067;4846:3869.7301541912066;4989:3882.0026741912066;5000:3886.7622341912065;337:3894.5224661912066;1075:3895.5463061912064;4198:3896.5279541912064;336:3897.551074191206;2969:3898.67739923926
0,5,default_vehtype,route,False,3780.0,3888.1806658899427,2975;-1;-1,2981;-1;-1,924.4919490828495,0.541355399063564,0.5412629498686558,0.0,,0,,0,,,2975;1166;429;3125;3406;2825;1944;130;99;4526;714;2800;4339;2419;5404;5421;1925;1883;926;925;5399;1905;830;2795;1891;827;6499;1803;1141;5241;922;6385;3550;2981,2975:3780;1166:3790.110872744087;429:3791.513192744087;3125:3792.7667127440873;3406:3805.121072744087;2825:3807.590792744087;1944:3808.9021527440873;130:3811.289792744087;99:3811.770032744087;4526:3820.179632744087;714:3822.976472744087;2800:3824.982872744087;4339:3826.476632744087;2419:3831.0857127440872;5404:3835.3125927440874;5421:3836.4179127440875;1925:3836.5611927440873;1883:3837.5984727440873;926:3841.851032744087;925:3844.7953527440873;5399:3854.100152744087;1905:3855.426752744087;830:3856.603592744087;2795:3857.787272744087;1891:3858.0411927440873;827:3859.1070327440875;6499:3868.4618727440875;1803:3874.4244327440874;1141:3879.9290727440875;5241:3881.5171527440875;922:3882.4330647440875;6385:3885.6547047440877;3550:3885.916544744088;2981:3888.1806658899427
0,6,default_vehtype,route,False,3668.424886673119,3849.3943245158184,2966;-1;-1,2970;-1;-1,1660.3445869925658,0.7618939622535605,0.7617279277948613,0.0,,0,109,1,,,2966;2743;2631;2150;735;738;1096;3736;81;831;2413;1146;832;1880;1340;3638;3641;7177;5275;5297;5072;1464;2847;5825;4587;5794;3202;2065;2023;4203;4198;336;2759;1664;1659;4844;3270;4850;6823;1946;7401;3560;2970,2966:3668.424886673119;2743:3676.2687149635185;2631:3680.280143534947;2150:3697.2104292492327;735:3707.692600677804;738:3713.8604292492323;1096:3723.399400677804;3736:3723.662416677804;81:3727.5113206778037;831:3738.3579046778036;2413:3739.3456006778038;1146:3740.158984677804;832:3740.9674006778037;1880:3743.5650886778035;1340:3755.0979046778034;3638:3756.0843766778034;3641:3757.1479606778034;7177:3760.7263606778033;5275:3765.2356486778035;5297:3768.6144646778034;5072:3768.8447206778033;1464:3775.7852326778034;2847:3776.8559446778036;5825:3779.7545926778034;4587:3782.0349046778033;5794:3783.6550486778033;3202:3787.7764006778034;2065:3792.9206566778034;2023:3798.4789846778035;4203:3799.2797686778035;4198:3800.2614166778035;336:3801.2845366778033;2759:3806.0145046778034;1664:3809.2684006778036;1659:3814.0279606778035;4844:3826.3004806778035;3270:3828.1735606778034;4850:3833.7266806778034;6823:3841.2070006778035;1946:3845.4602806778034;7401:3846.6593206778034;3560:3847.7348806778036;2970:3849.3943245158184
0,6,default_vehtype,boarding,True,3849.3943245158184,3879.3943245158184,2970;-1;-1,2970;-1;-1,0.0,0.7617279277948613,0.7617279277948613,0.0,,0,109,1,,109,,
0,7,default_vehtype,route,False,3601.908486022191,3856.736237194676,2977;-1;-1,2991;-1;-1,2383.6913657116675,0.7696427937357464,0.7694044245991752,0.0,,0,111,1,,,2977;6202;7315;7530;2803;7558;2806;4344;2996;3013;7322;2804;3061;1173;3425;3125;3406;2825;1944;130;99;4526;714;2800;4332;799;3653;3825;7127;1836;4248;5046;7138;6879;1367;3637;3640;3643;7179;5275;5297;5072;1464;2847;5825;4587;5794;3202;2065;2023;4203;537;2991,2977:3601.908486022191;6202:3605.801578125303;7315:3612.696898125303;7530:3619.912378125303;2803:3627.467338125303;7558:3634.862338125303;2806:3642.6961781253026;4344:3643.8991781253026;2996:3645.9426581253024;3013:3650.7277781253024;7322:3654.7384181253024;2804:3658.0651781253023;3061:3664.7332181253023;1173:3670.3315781253023;3425:3671.5145381253024;3125:3672.7680581253026;3406:3685.1224181253024;2825:3687.5921381253024;1944:3688.9034981253026;130:3691.2911381253025;99:3691.7713781253024;4526:3700.1809781253023;714:3702.9778181253023;2800:3704.9842181253025;4332:3705.7998581253023;799:3706.980778125302;3653:3711.577018125302;3825:3712.825618125302;7127:3756.385738125302;1836:3757.736698125302;4248:3772.281898125302;5046:3788.6224181253024;7138:3790.2610181253026;6879:3796.5274181253026;1367:3808.0202981253024;3637:3809.9134181253025;3640:3810.7665461253027;3643:3811.8301301253027;7179:3815.4085301253026;5275:3819.917818125303;5297:3823.2966341253027;5072:3823.5268901253025;1464:3830.4674021253027;2847:3831.538114125303;5825:3834.4367621253027;4587:3836.7170741253026;5794:3838.3372181253026;3202:3842.4585701253027;2065:3847.6028261253027;2023:3853.161154125303;4203:3853.961938125303;537:3854.915938125303;2991:3856.736237194676
0,7,default_vehtype,boarding,True,3856.736237194676,3886.736237194676,2991;-1;-1,2991;-1;-1,0.0,0.7694044245991752,0.7694044245991752,0.0,,0,111;121,2,121,111,,
0,8,default_vehtype,route,False,3831.8966595050015,3895.048328198948,2983;-1;-1,2978;-1;-1,526.2639057828902,0.9135446144396259,0.9134919880490475,0.0,,0,,0,,,2983;7527;2802;2251;7515;7037;7512;3274;2902;3901;7011;7336;4365;7288;1182;2978,2983:3831.8966595050015;7527:3836.423604893976;2802:3843.639084893976;2251:3850.534404893976;7515:3851.395524893976;7037:3858.707484893976;7512:3865.940844893976;3274:3877.286844893976;2902:3877.3984448939764;3901:3877.866444893976;7011:3879.847404893976;7336:3882.754884893976;4365:3890.3360048939758;7288:3891.4592048939758;1182:3892.376124893976;2978:3895.048328198948
0,2,default_vehtype,route,False,3896.778741033699,3900.0,2987;-1;-1,4613;1084;0.460,44.73970786529179,0.9601467491264936,0.960142275155707,0.0,,0,116,1,,,2987;4613,2987:3896.778741033699;4613:3898.3749900634066
0,0,default_vehtype,boarding,True,3887.855368065047,3917.855368065047,2982;-1;-1,2982;-1;-1,0.0,0.9430876800332484,0.9430876800332484,0.0,,0,112,1,,112,,
0,1,default_vehtype,boarding,True,3891.174775819916,3921.174775819916,2970;-1;-1,2970;-1;-1,0.0,0.8548253339839665,0.8548253339839665,0.0,,0,117,1,,117,,
0,2,default_vehtype,route,False,3900.0,3947.48327572994,4613;1084;0.460,2974;-1;-1,659.4899406936023,0.960142275155707,0.9600763261616377,0.0,,0,116,1,,,4613;1084;7357;3525;6025;3063;6027;7362;2188;2186;5744;6033;5746;6031;146;2828;2974,4613:3900;1084:3901.9099740634065;7357:3906.4945020634063;3525:3917.373342063406;6025:3919.1148060634064;3063:3920.3794860634066;6027:3921.681462063407;7362:3925.689702063407;2188:3932.352870063407;2186:3933.629142063407;5744:3935.644566063407;6033:3937.014006063407;5746:3938.9374140634072;6031:3940.429038063407;146:3941.390166063407;2828:3942.481974063407;2974:3947.48327572994
0,3,default_vehtype,boarding,True,3898.67739923926,3928.67739923926,2969;-1;-1,2969;-1;-1,0.0,0.6891579708731902,0.6891579708731902,0.0,,0,114,1,,114,,
0,5,default_vehtype,boarding,True,3888.1806658899427,3918.1806658899427,2981;-1;-1,2981;-1;-1,0.0,0.5412629498686558,0.5412629498686558,0.0,,0,119,1,119,,,
0,8,default_vehtype,boarding,True,3895.048328198948,3925.048328198948,2978;-1;-1,2978;-1;-1,0.0,0.9134919880490475,0.9134919880490475,0.0,,0,118,1,118,,,
0,2,default_vehtype,boarding,True,3947.48327572994,3977.48327572994,2974;-1;-1,2974;-1;-1,0.0,0.9600763261616377,0.9600763261616377,0,,0,116;122,2,122,,,
0,0,default_vehtype,route,False,4020.0,4037.994410650397,2982;-1;-1,2978;-1;-1,149.95342208664545,0.9430876800332484,0.9430726846910398,0.0,,0,,0,,,2982;2809;4365;7288;1182;2978,2982:4020;2809:4025.700967345425;4365:4033.2820873454248;7288:4034.4052873454248;1182:4035.322207345425;2978:4037.994410650397
0,0,default_vehtype,boarding,True,4037.994410650397,4067.994410650397,2978;-1;-1,2978;-1;-1,0.0,0.9430726846910398,0.9430726846910398,0.0,,0,123,1,123,,,
0,2,default_vehtype,route,False,3977.48327572994,4076.092417960295,2974;-1;-1,2977;-1;-1,918.4490426611128,0.9600763261616377,0.9599844812573716,0.0,,0,116;122,2,,,2974;6479;3091;4274;880;3109;3874;4306;429;4313;68;7318;7325;3011;4;4345;7330;7562;7316;7531;2802;2977,2974:3977.48327572994;6479:3977.9838540634073;3091:3991.305582063407;4274:3992.4485100634074;880:3993.0398460634074;3109:3994.8903900634073;3874:4000.754670063407;4306:4012.8702300634072;429:4014.2725500634074;4313:4015.4555100634075;68:4021.0538700634074;7318:4027.7219100634074;7325:4031.0486700634074;3011:4035.0593100634073;4:4039.8444300634073;4345:4041.887910063407;7330:4043.090910063407;7562:4050.924750063407;7316:4058.319750063407;7531:4065.874710063407;2802:4073.0901900634067;2977:4076.092417960295
0,4,default_vehtype,route,False,3840.0,4024.5639171876655,2976;-1;-1,2972;-1;-1,2043.1305057059733,0.8202502773177175,0.8200459642671468,0.0,,0,,0,,,2976;7557;2806;4344;2996;3013;7322;2804;3061;1173;3425;4304;793;118;3979;4275;103;6480;7360;3154;6028;5745;6035;5743;6038;6041;7365;6050;6068;6077;3629;4502;6912;2108;7370;7608;5900;3459;4818;5992;6047;5708;3884;3030;3347;7376;2207;3446;3720;5332;251;2711;3358;2296;5681;2294;2035;6308;374;7114;3246;5330;661;445;2972,2976:3840;7557:3844.99035337066;2806:3852.82419337066;4344:3854.02719337066;2996:3856.0706733706597;3013:3860.8557933706597;7322:3864.8664333706597;2804:3868.1931933706596;3061:3874.8612333706596;1173:3880.4595933706596;3425:3881.6425533706597;4304:3883.04487337066;793:3895.16043337066;118:3901.02471337066;3979:3902.8752573706597;4275:3903.4665933706597;103:3904.60952137066;6480:3917.9312493706598;7360:3923.4331293706596;3154:3924.5249373706597;6028:3925.4860653706596;5745:3926.9776893706594;6035:3928.9010973706595;5743:3930.2705373706594;6038:3932.2859613706596;6041:3933.5622333706597;7365:3940.2254013706597;6050:3942.49894537066;6068:3946.72527337066;6077:3947.37096937066;3629:3948.92825737066;4502:3949.39114537066;6912:3954.53957737066;2108:3956.43598537066;7370:3962.96271337066;7608:3963.19210537066;5900:3966.66380137066;3459:3967.41936937066;4818:3968.0342493706603;5992:3968.5110333706602;6047:3972.6995613706604;5708:3974.0938413706604;3884:3976.6334253706605;3030:3977.1314493706604;3347:3979.1556573706603;7376:3979.59104137066;2207:3979.99992937066;3446:3982.8233373706603;3720:3985.8530253706604;5332:3986.84446537066;251:3987.5920413706604;2711:3988.7298573706603;3358:3990.9448653706604;2296:3999.2458653706603;5681:4001.63986537066;2294:4002.971351084946;2035:4004.302836799232;6308:4006.6968367992317;374:4014.9978367992317;7114:4017.212844799232;3246:4018.3506607992317;5330:4019.098236799232;661:4020.0896767992317;445:4023.119364799232;2972:4024.5639171876655
0,4,default_vehtype,boarding,True,4024.5639171876655,4054.5639171876655,2972;-1;-1,2972;-1;-1,0.0,0.8200459642671468,0.8200459642671468,0.0,,0,120,1,120,,,
0,2,default_vehtype,boarding,True,4076.092417960295,4106.092417960295,2977;-1;-1,2977;-1;-1,0.0,0.9599844812573716,0.9599844812573716,0.0,,0,116;122,2,,116,,
0,5,default_vehtype,route,False,3918.1806658899427,4080.956240696336,2981;-1;-1,2974;-1;-1,1500.4598469308316,0.5412629498686558,0.5411129038839627,0.0,,0,119,1,,,2981;6320;3549;6384;4032;1804;4277;5239;6501;3911;5389;7301;3914;5398;5400;4040;4041;5374;5418;5424;5403;6546;1200;7312;3767;4527;3089;3131;5447;7352;414;122;3426;4305;793;118;3979;4275;103;6480;7360;3154;6028;2181;2180;146;2828;2974,2981:3918.1806658899427;6320:3921.553784744088;3549:3927.191024744088;6384:3927.452864744088;4032:3930.674504744088;1804:3931.590416744088;4277:3933.178496744088;5239:3938.683136744088;6501:3944.645696744088;3911:3954.000536744088;5389:3955.0663767440883;7301:3955.3202967440884;3914:3956.5039767440885;5398:3957.6808167440886;5400:3959.0074167440885;4040:3968.3122167440883;4041:3971.2565367440884;5374:3975.5090967440883;5418:3976.5463767440883;5424:3976.689656744088;5403:3977.794976744088;6546:3982.0218567440884;1200:3986.6309367440886;7312:3988.1246967440884;3767:3990.1310967440886;4527:3992.9279367440886;3089:4001.3375367440885;3131:4001.8177767440884;5447:4004.2054167440883;7352:4005.5167767440885;414:4007.9864967440885;122:4020.3408567440883;3426:4021.5943767440885;4305:4022.9966967440887;793:4035.112256744089;118:4040.9765367440887;3979:4042.8270807440886;4275:4043.4184167440885;103:4044.5613447440887;6480:4057.8830727440886;7360:4063.3849527440884;3154:4064.4767607440886;6028:4065.4378887440885;2181:4069.6699458869457;2180:4073.902003029803;146:4074.863131029803;2828:4075.954939029803;2974:4080.956240696336
0,5,default_vehtype,boarding,True,4080.956240696336,4110.956240696336,2974;-1;-1,2974;-1;-1,0.0,0.5411129038839627,0.5411129038839627,0.0,,0,119;125,2,125,119,,
0,7,default_vehtype,route,False,3886.736237194676,4136.506539162156,2991;-1;-1,2984;-1;-1,2197.08589616899,0.7694044245991752,0.7691847160095584,0.0,,0,121,1,,,2991;3010;5658;3008;4585;330;4588;5827;7412;4686;5074;5295;5274;7181;604;603;1365;2574;7139;1693;1114;5299;7129;754;611;1812;1186;7311;3767;4527;3089;3131;5447;7352;414;122;3426;4314;68;7318;7325;3011;4;4345;1199;1204;2996;2984,2991:3886.736237194676;3010:3890.783506125303;5658:3891.591106125303;3008:3899.693986125303;4585:3922.0222661253033;330:3931.617946125303;4588:3932.190346125303;5827:3934.470658125303;7412:3937.369306125303;4686:3938.440018125303;5074:3945.3805301253033;5295:3945.610786125303;5274:3948.989602125303;7181:3953.498890125303;604:3957.077290125303;603:3958.140874125303;1365:3960.082594125303;2574:3971.590474125303;7139:3977.856874125303;1693:3979.495474125303;1114:3995.8359941253034;5299:4010.3811941253034;7129:4011.7321541253036;754:4055.2922741253037;611:4056.5408741253036;1812:4061.1120341253036;1186:4062.2892341253037;7311:4063.1048741253035;3767:4065.1112741253037;4527:4067.9081141253037;3089:4076.3177141253036;3131:4076.7979541253035;5447:4079.1855941253034;7352:4080.4969541253035;414:4082.9666741253036;122:4095.3210341253034;3426:4096.574554125304;4314:4097.757514125304;68:4103.355874125304;7318:4110.023914125303;7325:4113.350674125303;3011:4117.361314125304;4:4122.146434125303;4345:4124.189914125303;1199:4128.180256982446;1204:4132.170599839588;2996:4134.2140798395885;2984:4136.506539162156
0,8,default_vehtype,route,False,3925.048328198948,4138.56116994203,2978;-1;-1,2969;-1;-1,2609.1370425704195,0.9134919880490475,0.9132310743447906,0.0,,0,118,1,,,2978;4103;6297;1434;3820;3877;2787;4993;6537;7281;2307;3549;6384;4032;1804;4811;5237;608;459;2416;4011;5246;363;366;2314;2877;1748;2880;906;984;2268;1857;1806;1371;938;5442;4054;2205;1369;2047;3631;4079;4572;4577;778;3636;3639;3642;7178;5275;5297;5072;1464;2847;5825;4587;5794;3202;2065;2023;4203;4198;336;2969,2978:3925.048328198948;4103:3927.6672848939756;6297:3930.0266048939757;1434:3935.9856848939758;3820:3941.0943248939757;3877:3943.002204893976;2787:3951.794724893976;4993:3952.8437648939757;6537:3958.643604893976;7281:3964.478724893976;2307:3967.997484893976;3549:3973.634724893976;6384:3973.896564893976;4032:3977.1182048939763;1804:3978.0341168939763;4811:3979.7167568939763;5237:3984.457236893976;608:3993.323316893976;459:3993.653076893976;2416:3995.866716893976;4011:3996.530844893976;5246:4002.456012893976;363:4009.364700893976;366:4010.769780893976;2314:4011.914652893976;2877:4025.085756893976;1748:4026.204276893976;2880:4027.366068893976;906:4039.591380893976;984:4042.3610768939757;2268:4043.1089408939756;1857:4043.494860893976;1806:4044.1570448939756;1371:4044.8272208939757;938:4047.4083488939755;5442:4057.1289968939755;4054:4064.7689888939753;2205:4070.5214288939756;1369:4076.9675888939755;2047:4077.9106448939756;3631:4079.4734768939757;4079:4080.5407328939755;4572:4084.3391648939755;4577:4086.0718448939756;778:4090.3781648939757;3636:4091.381556893976;3639:4092.234684893976;3642:4093.298268893976;7178:4096.876668893976;5275:4101.385956893976;5297:4104.764772893976;5072:4104.995028893976;1464:4111.935540893976;2847:4113.006252893976;5825:4115.904900893976;4587:4118.185212893976;5794:4119.805356893977;3202:4123.926708893977;2065:4129.070964893976;2023:4134.6292928939765;4203:4135.430076893977;4198:4136.4117248939765;336:4137.434844893976;2969:4138.56116994203
0,2,default_vehtype,route,False,4106.092417960295,4189.496919860835,2977;-1;-1,2982;-1;-1,577.1723729807225,0.9599844812573716,0.9599267640200735,0.0,,0,122,1,,,2977;6202;7516;7037;7512;3274;2902;3901;7011;7336;4365;7288;1182;1001;6296;6301;2298;2295;2293;4102;4325;7285;1218;2982,2977:4106.092417960295;6202:4109.985510063407;7516:4110.846630063406;7037:4118.158590063406;7512:4125.3919500634065;3274:4136.737950063406;2902:4136.849550063406;3901:4137.317550063406;7011:4139.298510063406;7336:4142.205990063406;4365:4149.787110063406;7288:4150.910310063406;1182:4151.827230063405;1001:4157.118390063405;6296:4159.477710063405;6301:4164.41999577769;2298:4168.701938634833;2295:4172.983881491976;2293:4177.926167206261;4102:4180.285487206261;4325:4185.5766472062605;7285:4186.49356720626;1218:4187.61676720626;2982:4189.496919860835
0,4,default_vehtype,route,False,4054.5639171876655,4142.786956055145,2972;-1;-1,2975;-1;-1,1181.6034995154696,0.8200459642671468,0.8199278039171952,0.0,,0,120,1,,,2972;6079;7380;364;3029;3886;5711;6045;2157;4817;456;5901;7605;2830;5852;6913;1321;597;2204;6066;6049;7367;2188;2186;5744;6033;5746;6031;146;2828;2376;3091;4274;880;3109;3874;2975,2972:4054.5639171876655;6079:4055.9427727992315;7380:4056.3516607992315;364:4056.7870447992314;3029:4058.811252799231;3886:4059.309276799231;5711:4061.8488607992313;6045:4063.2431407992312;2157:4067.4316687992314;4817:4067.9084527992313;456:4068.5233327992314;5901:4069.2789007992315;7605:4072.7505967992315;2830:4072.9799887992317;5852:4079.5067167992315;6913:4081.4031247992316;1321:4086.5515567992315;597:4087.0144447992316;2204:4088.5717327992315;6066:4089.2174287992316;6049:4093.443756799232;7367:4095.717300799232;2188:4102.3804687992315;2186:4103.656740799232;5744:4105.672164799232;6033:4107.041604799232;5746:4108.965012799232;6031:4110.456636799232;146:4111.417764799232;2828:4112.509572799232;2376:4118.011452799232;3091:4131.333180799232;4274:4132.476108799232;880:4133.067444799232;3109:4134.917988799232;3874:4140.782268799232;2975:4142.786956055145
0,4,default_vehtype,boarding,True,4142.786956055145,4172.786956055145,2975;-1;-1,2975;-1;-1,0.0,0.8199278039171952,0.8199278039171952,0.0,,0,120,1,,120,,
0,7,default_vehtype,boarding,True,4136.506539162156,4166.506539162156,2984;-1;-1,2984;-1;-1,0.0,0.7691847160095584,0.7691847160095584,0.0,,0,121,1,,121,,
0,7,default_vehtype,boarding,True,4166.506539162156,4196.506539162156,2984;-1;-1,2984;-1;-1,0.0,0.7691847160095584,0.7691847160095584,0.0,,0,126,1,126,,,
0,8,default_vehtype,boarding,True,4138.56116994203,4168.56116994203,2969;-1;-1,2969;-1;-1,0.0,0.9132310743447906,0.9132310743447906,0.0,,0,118,1,,118,,
0,2,default_vehtype,boarding,True,4189.496919860835,4219.496919860835,2982;-1;-1,2982;-1;-1,0.0,0.9599267640200735,0.9599267640200735,0.0,,0,122,1,,122,,
0,2,default_vehtype,route,False,4219.496919860835,4237.491330511232,2982;-1;-1,2978;-1;-1,149.95342208664545,0.9599267640200735,0.9599117686778649,0.0,,0,,0,,,2982;2809;4365;7288;1182;2978,2982:4219.496919860835;2809:4225.19788720626;4365:4232.77900720626;7288:4233.90220720626;1182:4234.8191272062595;2978:4237.491330511232
0,4,default_vehtype,route,False,4172.786956055145,4246.120016696122,2975;-1;-1,2977;-1;-1,611.1088386747941,0.8199278039171952,0.8198666930333278,0.0,,0,,0,,,2975;1166;429;4313;68;7318;7325;3011;4;4345;7330;7562;7316;7531;2802;2977,2975:4172.786956055145;1166:4182.897828799232;429:4184.300148799232;4313:4185.4831087992325;68:4191.081468799232;7318:4197.749508799232;7325:4201.076268799232;3011:4205.086908799232;4:4209.872028799232;4345:4211.915508799232;7330:4213.118508799233;7562:4220.952348799233;7316:4228.347348799233;7531:4235.902308799234;2802:4243.1177887992335;2977:4246.120016696122
0,7,default_vehtype,route,False,4196.506539162156,4209.874286468928,2984;-1;-1,2976;-1;-1,111.3978942231051,0.7691847160095584,0.7691735762201362,0.0,,0,126,1,,,2984;3012;4;4345;7330;2976,2984:4196.506539162156;3012:4198.999199839588;4:4203.784319839588;4345:4205.827799839588;7330:4207.030799839588;2976:4209.874286468928
0,7,default_vehtype,boarding,True,4209.874286468928,4239.874286468928,2976;-1;-1,2976;-1;-1,0.0,0.7691735762201362,0.7691735762201362,0.0,,0,126,1,,126,,
0,8,default_vehtype,route,False,4200.0,4254.278107416998,2969;-1;-1,2992;-1;-1,753.862603013902,0.9132310743447906,0.9131556880844892,0.0,,0,,0,,,2969;7192;1664;337;1075;537;18;5629;1068;2559;6740;1717;2067;2063;1937;2992,2969:4200;7192:4203.603642951946;1664:4206.8575389519465;337:4214.617770951946;1075:4215.641610951946;537:4216.595610951946;18:4222.463178951945;5629:4228.312602951945;1068:4230.865002951945;2559:4237.9156029519445;6740:4242.386226951944;1717:4248.219954951944;2067:4248.957738951944;2063:4249.673994951943;1937:4252.943946951943;2992:4254.278107416998
0,0,default_vehtype,route,False,4067.994410650397,4317.329794868503,2978;-1;-1,2968;-1;-1,3106.6723547235542,0.9430726846910398,0.9427620174555674,0.0,,0,123,1,,,2978;4103;6297;1434;3820;3877;2787;4993;6537;7281;2307;3549;6384;4032;1804;4811;5237;608;459;2416;4011;5246;363;366;2314;2877;1748;2880;906;984;2268;1857;1806;1371;938;5442;4054;2205;1369;2047;3631;4079;4572;4577;778;3636;3639;3642;7178;5275;5297;5072;1464;2847;5825;4587;5794;3202;2065;2023;4203;537;18;5629;1068;2559;6740;1717;2067;2720;4210;1711;2968,2978:4067.994410650397;4103:4070.6133673454246;6297:4072.9726873454247;1434:4078.9317673454248;3820:4084.0404073454247;3877:4085.948287345425;2787:4094.740807345425;4993:4095.7898473454247;6537:4101.589687345425;7281:4107.424807345425;2307:4110.9435673454245;3549:4116.580807345425;6384:4116.842647345425;4032:4120.064287345424;1804:4120.980199345425;4811:4122.662839345425;5237:4127.403319345425;608:4136.269399345425;459:4136.599159345425;2416:4138.8127993454245;4011:4139.476927345425;5246:4145.402095345425;363:4152.310783345425;366:4153.7158633454255;2314:4154.860735345425;2877:4168.031839345425;1748:4169.150359345425;2880:4170.312151345425;906:4182.537463345425;984:4185.307159345425;2268:4186.055023345425;1857:4186.440943345425;1806:4187.103127345425;1371:4187.773303345424;938:4190.354431345424;5442:4200.0750793454245;4054:4207.715071345425;2205:4213.467511345425;1369:4219.913671345425;2047:4220.8567273454255;3631:4222.419559345425;4079:4223.486815345425;4572:4227.285247345425;4577:4229.017927345425;778:4233.324247345425;3636:4234.327639345424;3639:4235.180767345424;3642:4236.244351345425;7178:4239.822751345425;5275:4244.332039345425;5297:4247.710855345425;5072:4247.941111345425;1464:4254.881623345425;2847:4255.952335345425;5825:4258.850983345425;4587:4261.131295345425;5794:4262.751439345426;3202:4266.872791345426;2065:4272.017047345425;2023:4277.5753753454255;4203:4278.376159345426;537:4279.330159345425;18:4285.197727345425;5629:4291.047151345425;1068:4293.5995513454245;2559:4300.650151345424;6740:4305.120775345424;1717:4310.954503345423;2067:4311.692287345423;2720:4312.455703345423;4210:4313.353975345423;1711:4314.483655345423;2968:4317.329794868503
0,2,default_vehtype,boarding,True,4237.491330511232,4267.491330511232,2978;-1;-1,2978;-1;-1,0.0,0.9599117686778649,0.9599117686778649,0.0,,0,129,1,129,,,
0,4,default_vehtype,boarding,True,4246.120016696122,4276.120016696122,2977;-1;-1,2977;-1;-1,0.0,0.8198666930333278,0.8198666930333278,0.0,,0,124,1,124,,,
0,6,default_vehtype,route,False,4140.0,4311.636483132277,2970;-1;-1,2987;-1;-1,1834.4631759372726,0.7617279277948613,0.7615444814772676,0.0,,0,,0,,,2970;671;662;7398;3491;6933;7394;6989;7392;5704;7389;3806;2573;885;316;2042;1982;6306;374;7114;3246;5330;661;445;6080;7381;364;3029;3886;5711;6045;2157;4817;456;5901;7605;2830;1420;1084;7357;2826;2827;4225;2987,2970:4140;671:4141.0301161619855;662:4163.479836161985;7398:4166.999076161985;3491:4173.323796161984;6933:4174.235556161984;7394:4179.5971561619845;6989:4180.1915161619845;7392:4189.402596161985;5704:4191.767676161984;7389:4206.305916161984;3806:4210.370316161984;2573:4211.438316161984;885:4212.0416761619845;316:4218.868836161984;2042:4229.607276161984;1982:4230.369996161984;6306:4230.586836161984;374:4238.8878361619845;7114:4241.102844161985;3246:4242.240660161985;5330:4242.988236161985;661:4243.979676161985;445:4247.009364161984;6080:4249.832772161984;7381:4250.241660161984;364:4250.677044161985;3029:4252.7012521619845;3886:4253.199276161985;5711:4255.738860161985;6045:4257.1331401619855;2157:4261.321668161985;4817:4261.798452161986;456:4262.413332161986;5901:4263.168900161985;7605:4266.640596161985;2830:4266.869988161985;1420:4278.575100161985;1084:4282.110084161985;7357:4286.694612161985;2826:4295.903916161985;2827:4305.113220161985;4225:4309.697748161985;2987:4311.636483132277
0,8,default_vehtype,boarding,True,4254.278107416998,4284.278107416998,2992;-1;-1,2992;-1;-1,0.0,0.9131556880844892,0.9131556880844892,0.0,,0,128,1,128,,,
0,0,default_vehtype,boarding,True,4317.329794868503,4347.329794868503,2968;-1;-1,2968;-1;-1,0.0,0.9427620174555674,0.9427620174555674,0.0,,0,123,1,,123,,
0,1,default_vehtype,route,False,4320.0,4327.381840040903,2970;-1;-1,2990;-1;-1,61.51533367418344,0.8548253339839665,0.8548191824505991,0.0,,0,,0,,,2970;671;544;7400;5449;2990,2970:4320;671:4321.0301161619855;544:4323.719676161985;7400:4324.7952361619855;5449:4325.994276161986;2990:4327.381840040903
0,1,default_vehtype,boarding,True,4327.381840040903,4357.381840040903,2990;-1;-1,2990;-1;-1,0.0,0.8548191824505991,0.8548191824505991,0.0,,0,131,1,131,,,
0,3,default_vehtype,route,False,4260.0,4351.29543594574,2969;-1;-1,2967;-1;-1,1125.588451627387,0.6891579708731902,0.6890454120280275,0.0,,0,,0,,,2969;7192;1664;337;1075;537;18;5629;1068;2559;6740;1717;2067;2063;1937;6789;3895;5465;7450;1719;3469;470;469;5079;7447;1960;2967,2969:4260;7192:4263.603642951946;1664:4266.8575389519465;337:4274.617770951946;1075:4275.641610951946;537:4276.595610951946;18:4282.463178951945;5629:4288.312602951945;1068:4290.865002951945;2559:4297.9156029519445;6740:4302.386226951944;1717:4308.219954951944;2067:4308.957738951944;2063:4309.673994951943;1937:4312.943946951943;6789:4323.480354951943;3895:4324.747338951943;5465:4332.279258951943;7450:4333.263498951943;1719:4334.080122951943;3469:4335.100074951943;470:4341.061160666229;469:4347.022246380515;5079:4348.0421983805145;7447:4348.8588223805145;1960:4349.843062380514;2967:4351.29543594574
0,4,default_vehtype,route,False,4276.120016696122,4361.952493234431,2977;-1;-1,2979;-1;-1,715.2706378192754,0.8198666930333278,0.8197951659695459,0.0,,0,124,1,,,2977;6202;7516;7037;7512;3274;2902;3901;7011;7336;4365;7288;1182;1001;6296;1434;3820;3877;2787;4993;6537;2979,2977:4276.120016696122;6202:4280.013108799233;7516:4280.874228799233;7037:4288.186188799233;7512:4295.419548799233;3274:4306.765548799232;2902:4306.877148799233;3901:4307.345148799232;7011:4309.326108799232;7336:4312.233588799232;4365:4319.814708799232;7288:4320.937908799232;1182:4321.854828799232;1001:4327.145988799231;6296:4329.505308799231;1434:4335.464388799231;3820:4340.573028799231;3877:4342.480908799231;2787:4351.273428799231;4993:4352.322468799231;6537:4358.12230879923;2979:4361.952493234431
0,5,default_vehtype,route,False,4110.956240696336,4326.081901724959,2974;-1;-1,2970;-1;-1,2128.3671755038336,0.5411129038839627,0.5409000671664124,0.0,,0,125,1,,,2974;6479;7359;3154;6028;5745;6035;5743;6038;6041;7365;6050;6068;6077;3629;4502;6912;2108;7370;7608;5900;3459;4818;5992;6047;5708;3884;3030;3347;7376;2207;3446;3720;5332;251;2711;3358;2296;5495;5696;3307;3987;6878;746;2834;2045;2835;2641;7396;2616;486;2838;3722;3732;544;7400;5449;6824;4848;1631;1593;6821;1946;7401;3560;2970,2974:4110.956240696336;6479:4111.456819029803;7359:4116.958699029803;3154:4118.050507029803;6028:4119.011635029803;5745:4120.503259029803;6035:4122.426667029803;5743:4123.796107029803;6038:4125.8115310298035;6041:4127.087803029804;7365:4133.750971029804;6050:4136.024515029803;6068:4140.250843029803;6077:4140.896539029803;3629:4142.453827029803;4502:4142.916715029803;6912:4148.065147029803;2108:4149.961555029802;7370:4156.488283029802;7608:4156.717675029802;5900:4160.189371029802;3459:4160.944939029801;4818:4161.5598190298015;5992:4162.036603029802;6047:4166.225131029802;5708:4167.619411029802;3884:4170.158995029802;3030:4170.6570190298025;3347:4172.681227029802;7376:4173.116611029803;2207:4173.525499029803;3446:4176.348907029803;3720:4179.378595029802;5332:4180.370035029802;251:4181.117611029802;2711:4182.255427029802;3358:4184.4704350298025;2296:4192.771435029803;5495:4192.988275029803;5696:4193.750995029803;3307:4204.489435029803;3987:4211.316595029803;6878:4211.919955029803;746:4212.987955029803;2834:4217.052355029803;2045:4231.590595029803;2835:4233.9556750298025;2641:4243.1667550298025;7396:4243.761115029803;2616:4249.122715029803;486:4250.034475029803;2838:4256.359195029802;3722:4259.878435029802;3732:4282.328155029802;544:4285.017715029801;7400:4286.093275029802;5449:4287.292315029802;6824:4291.545595029802;4848:4299.025915029802;1631:4304.720086458373;1593:4310.414257886944;6821:4317.894577886944;1946:4322.147857886944;7401:4323.346897886944;3560:4324.422457886944;2970:4326.081901724959
0,5,default_vehtype,boarding,True,4326.081901724959,4356.081901724959,2970;-1;-1,2970;-1;-1,0.0,0.5409000671664124,0.5409000671664124,0.0,,0,125,1,,125,,
0,6,default_vehtype,boarding,True,4311.636483132277,4341.636483132277,2987;-1;-1,2987;-1;-1,0.0,0.7615444814772676,0.7615444814772676,0.0,,0,127,1,127,,,
0,3,default_vehtype,boarding,True,4351.29543594574,4381.29543594574,2967;-1;-1,2967;-1;-1,0.0,0.6890454120280275,0.6890454120280275,0.0,,0,130,1,130,,,
0,4,default_vehtype,boarding,True,4361.952493234431,4391.952493234431,2979;-1;-1,2979;-1;-1,0.0,0.8197951659695459,0.8197951659695459,0.0,,0,124,1,,124,,
0,6,default_vehtype,route,False,4341.636483132277,4392.3410178285185,2987;-1;-1,2974;-1;-1,704.229648558894,0.7615444814772676,0.7614740585124117,0.0,,0,127,1,,,2987;4613;1084;7357;3525;6025;3063;6027;7362;2188;2186;5744;6033;5746;6031;146;2828;2974,2987:4341.636483132277;4613:4343.232732161985;1084:4346.767716161985;7357:4351.352244161985;3525:4362.231084161986;6025:4363.972548161985;3063:4365.2372281619855;6027:4366.539204161985;7362:4370.547444161985;2188:4377.210612161985;2186:4378.4868841619855;5744:4380.502308161986;6033:4381.871748161986;5746:4383.795156161986;6031:4385.286780161986;146:4386.247908161986;2828:4387.339716161986;2974:4392.3410178285185
0,6,default_vehtype,boarding,True,4392.3410178285185,4422.3410178285185,2974;-1;-1,2974;-1;-1,0.0,0.7614740585124117,0.7614740585124117,0.0,,0,127,1,,127,,
0,0,default_vehtype,route,False,4440.0,4473.244143546293,2968;-1;-1,2991;-1;-1,461.72421592074585,0.9427620174555674,0.9427158450339753,0.0,,0,,0,,,2968;98;2497;7434;2760;542;1074;4204;537;2991,2968:4440;98:4445.769668476921;2497:4447.280300476921;7434:4454.488148476921;2760:4461.026684476921;542:4468.554788476921;1074:4469.488196476921;4204:4470.469844476921;537:4471.423844476921;2991:4473.244143546293
0,2,default_vehtype,route,False,4267.491330511232,4492.3574910851785,2978;-1;-1,2990;-1;-1,1873.884671449536,0.9599117686778649,0.9597243802107199,0.0,,0,129,1,,,2978;4103;4326;7286;4302;5102;7160;7294;2701;3076;4023;7300;3914;5398;5400;4040;4041;5374;5418;5424;5403;6546;1200;7312;4332;799;3653;3825;7127;3766;3988;553;7132;7191;3566;4337;7134;6667;6711;1807;1653;6829;4349;4937;669;5061;7265;3848;534;2839;5449;2990,2978:4267.491330511232;4103:4270.11028720626;4326:4275.40144720626;7286:4276.31836720626;4302:4277.7301672062595;5102:4288.838687206259;7160:4290.2939272062595;7294:4299.012407206259;2701:4304.814527206259;3076:4305.6638872062595;4023:4313.536847206259;7300:4314.6790072062595;3914:4315.86268720626;5398:4317.03952720626;5400:4318.36612720626;4040:4327.67092720626;4041:4330.6152472062595;5374:4334.867807206259;5418:4335.905087206259;5424:4336.048367206259;5403:4337.153687206259;6546:4341.380567206259;1200:4345.989647206259;7312:4347.4834072062595;4332:4348.299047206259;799:4349.479967206259;3653:4354.076207206259;3825:4355.324807206259;7127:4398.884927206259;3766:4399.822127206259;3988:4403.557727206259;553:4404.016007206259;7132:4413.894887206259;7191:4421.852087206259;3566:4423.681247206259;4337:4428.179447206259;7134:4429.27948720626;6667:4437.21160720626;6711:4453.07116720626;1807:4454.99836720626;1653:4460.80228720626;6829:4461.5752072062605;4349:4462.124087206261;4937:4466.493647206261;669:4476.801047206261;5061:4482.609407206261;7265:4483.39264720626;3848:4484.367287206261;534:4488.412247206261;2839:4489.770887206261;5449:4490.969927206262;2990:4492.3574910851785
0,7,default_vehtype,route,False,4440.0,4470.158021267549,2976;-1;-1,2977;-1;-1,251.31684389623734,0.7691735762201362,0.7691484445357465,0.0,,0,,0,,,2976;7557;7316;7531;2802;2977,2976:4440;7557:4444.99035337066;7316:4452.385353370661;7531:4459.940313370661;2802:4467.155793370661;2977:4470.158021267549
0,8,default_vehtype,route,False,4284.278107416998,4482.341200216288,2992;-1;-1,2980;-1;-1,2377.795994888241,0.9131556880844892,0.9129179084850004,0.0,,0,128,1,,,2992;2526;5444;1716;2720;4210;1711;98;2497;7434;2760;542;1074;4204;5649;5760;205;5793;1407;5826;7411;4686;5074;5295;5274;7181;604;603;602;3851;4573;1400;971;598;1368;591;585;940;1370;939;1903;983;3921;840;2881;5099;1157;2058;2092;915;2980,2992:4284.278107416998;2526:4293.480354951944;5444:4304.016762951944;1716:4306.807122951944;2720:4307.553762951944;4210:4308.452034951944;1711:4309.581714951944;98:4318.197522951944;2497:4319.708154951944;7434:4326.916002951944;2760:4333.454538951944;542:4340.982642951944;1074:4341.916050951944;4204:4342.897698951944;5649:4343.698482951944;5760:4349.256810951944;205:4354.401066951944;5793:4358.522418951944;1407:4360.1425629519445;5826:4362.422874951944;7411:4365.321522951945;4686:4366.392234951944;5074:4373.3327469519445;5295:4373.563002951944;5274:4376.941818951945;7181:4381.451106951945;604:4385.029506951945;603:4386.093090951946;602:4386.946218951945;3851:4387.949610951945;4573:4392.255930951945;1400:4393.988610951945;971:4397.787042951944;598:4398.854298951945;1368:4399.814634951945;591:4405.685586951945;585:4418.856834951945;940:4425.436698951945;1370:4432.463322951945;939:4433.159994951945;1903:4433.981586951945;983:4434.964098951945;3921:4438.762242951945;840:4443.323082951945;2881:4449.953706951946;5099:4451.106570951945;1157:4455.845713809088;2058:4461.635542380516;2092:4465.0246852376595;915:4470.142856666231;2980:4482.341200216288
0,0,default_vehtype,boarding,True,4473.244143546293,4503.244143546293,2991;-1;-1,2991;-1;-1,0.0,0.9427158450339753,0.9427158450339753,0,,0,132,1,132,,,
0,2,default_vehtype,boarding,True,4492.3574910851785,4522.3574910851785,2990;-1;-1,2990;-1;-1,0.0,0.9597243802107199,0.9597243802107199,0,,0,129,1,,129,,
0,7,default_vehtype,boarding,True,4470.158021267549,4500.158021267549,2977;-1;-1,2977;-1;-1,0.0,0.7691484445357465,0.7691484445357465,0,,0,133,1,133,,,
0,8,default_vehtype,boarding,True,4482.341200216288,4512.341200216288,2980;-1;-1,2980;-1;-1,0.0,0.9129179084850004,0.9129179084850004,0,,0,128,1,,128,,
0,1,default_vehtype,route,False,4357.381840040903,4629.632250773013,2990;-1;-1,2983;-1;-1,2268.7534227675733,0.8548191824505991,0.8545923071083223,0.0,,0,131,1,,,2990;2552;1946;7401;3551;3849;7263;5060;3728;4936;1207;2554;4974;5249;6709;2464;7135;1193;552;2755;7131;3567;888;712;2718;754;611;1812;1186;7311;4339;2419;5404;5421;1925;1883;926;925;5399;1905;830;2795;918;3075;7097;7290;2736;1744;1164;2789;1218;7334;7010;820;7498;276;2915;2661;7517;6201;7314;2983,2990:4357.381840040903;2552:4360.247556161986;1946:4364.500836161986;7401:4365.699876161986;3551:4367.0585161619865;3849:4371.103476161987;7263:4372.078116161987;5060:4372.861356161987;3728:4378.669716161987;4936:4388.9771161619865;1207:4393.346676161987;2554:4393.895556161987;4974:4394.668476161987;5249:4400.4723961619875;6709:4402.399596161988;2464:4418.259156161987;7135:4426.191276161988;1193:4427.291316161988;552:4431.789516161988;2755:4433.618676161988;7131:4441.575876161988;3567:4451.454756161988;888:4451.913036161988;712:4455.648636161988;2718:4456.5858361619885;754:4500.145956161989;611:4501.3945561619885;1812:4505.965716161989;1186:4507.142916161989;7311:4507.958556161989;4339:4509.452316161989;2419:4514.061396161989;5404:4518.288276161989;5421:4519.393596161989;1925:4519.536876161989;1883:4520.574156161989;926:4524.826716161989;925:4527.771036161988;5399:4537.075836161988;1905:4538.402436161989;830:4539.579276161989;2795:4540.762956161989;918:4541.905116161989;3075:4549.778076161989;7097:4550.627436161989;7290:4556.429556161989;2736:4565.148036161989;1744:4566.603276161989;1164:4577.711796161989;2789:4579.123596161989;1218:4580.246796161989;7334:4587.8279161619885;7010:4590.735396161988;820:4592.716356161988;7498:4593.184356161988;276:4593.295956161988;2915:4604.641956161988;2661:4611.875316161988;7517:4619.187276161988;6201:4620.0483961619875;7314:4626.943716161987;2983:4629.632250773013
0,1,default_vehtype,boarding,True,4629.632250773013,4659.632250773013,2983;-1;-1,2983;-1;-1,0.0,0.8545923071083223,0.8545923071083223,0.0,,0,131,1,,131,,
0,3,default_vehtype,route,False,4381.29543594574,4651.350229009857,2967;-1;-1,2976;-1;-1,2805.785866838588,0.6890454120280275,0.6887648334413436,0.0,,0,130,1,,,2967;3896;6788;5444;1716;2720;4210;1711;98;2497;7434;2760;542;1074;4204;5649;5760;205;5793;1407;5826;7411;4686;5074;5295;5274;7181;604;603;1365;2574;7139;1693;1114;5299;7129;754;611;1812;1186;7311;3767;4527;3089;3131;5447;7352;414;122;3426;4314;68;7318;7325;3011;4;4345;7330;2976,2967:4381.29543594574;3896:4387.374982380515;6788:4388.6419663805145;5444:4399.1783743805145;1716:4401.968734380514;2720:4402.715374380515;4210:4403.613646380515;1711:4404.743326380515;98:4413.359134380515;2497:4414.869766380515;7434:4422.077614380515;2760:4428.616150380515;542:4436.144254380515;1074:4437.077662380515;4204:4438.059310380515;5649:4438.860094380515;5760:4444.418422380515;205:4449.562678380515;5793:4453.684030380515;1407:4455.304174380515;5826:4457.584486380515;7411:4460.483134380515;4686:4461.553846380515;5074:4468.494358380515;5295:4468.724614380515;5274:4472.103430380515;7181:4476.612718380516;604:4480.191118380516;603:4481.254702380516;1365:4483.196422380516;2574:4494.704302380516;7139:4500.970702380517;1693:4502.609302380517;1114:4518.949822380517;5299:4533.495022380516;7129:4534.845982380516;754:4578.406102380516;611:4579.654702380516;1812:4584.225862380516;1186:4585.4030623805165;7311:4586.218702380516;3767:4588.225102380517;4527:4591.0219423805165;3089:4599.4315423805165;3131:4599.911782380516;5447:4602.299422380516;7352:4603.610782380516;414:4606.080502380516;122:4618.434862380516;3426:4619.6883823805165;4314:4620.871342380517;68:4626.4697023805165;7318:4633.137742380516;7325:4636.464502380516;3011:4640.475142380516;4:4645.260262380516;4345:4647.303742380516;7330:4648.506742380517;2976:4651.350229009857
0,0,default_vehtype,route,False,4503.244143546293,4734.711929842088,2991;-1;-1,2985;-1;-1,2108.037698552667,0.9427158450339753,0.94250504126412,0.0,,0,132,1,,,2991;3010;5658;3008;4585;330;4588;5827;7412;4686;5074;5295;5274;7181;604;603;1365;2574;7139;1693;1114;5299;7129;754;611;1812;1186;7311;3767;4527;3089;3131;5447;7352;414;122;3426;4305;793;118;3979;2985,2991:4503.244143546293;3010:4507.29141247692;5658:4508.0990124769205;3008:4516.201892476921;4585:4538.530172476921;330:4548.125852476921;4588:4548.698252476921;5827:4550.978564476921;7412:4553.877212476921;4686:4554.947924476921;5074:4561.888436476921;5295:4562.118692476921;5274:4565.497508476921;7181:4570.006796476921;604:4573.585196476922;603:4574.648780476922;1365:4576.590500476922;2574:4588.098380476922;7139:4594.3647804769225;1693:4596.003380476923;1114:4612.3439004769225;5299:4626.889100476922;7129:4628.240060476922;754:4671.800180476922;611:4673.048780476922;1812:4677.619940476922;1186:4678.797140476922;7311:4679.612780476922;3767:4681.619180476922;4527:4684.416020476922;3089:4692.825620476922;3131:4693.305860476922;5447:4695.693500476922;7352:4697.004860476922;414:4699.474580476922;122:4711.828940476922;3426:4713.082460476922;4305:4714.484780476922;793:4726.600340476923;118:4732.464620476922;3979:4734.315164476922;2985:4734.711929842088
0,1,default_vehtype,route,False,4680.0,4694.744653285862,2983;-1;-1,2977;-1;-1,122.87211071552242,0.8545923071083223,0.8545800198972507,0.0,,0,,0,,,2983;7527;2802;2977,2983:4680;7527:4684.526945388974;2802:4691.742425388974;2977:4694.744653285862
0,1,default_vehtype,boarding,True,4694.744653285862,4724.744653285862,2977;-1;-1,2977;-1;-1,0.0,0.8545800198972507,0.8545800198972507,0.0,,0,136,1,136,,,
0,3,default_vehtype,boarding,True,4651.350229009857,4681.350229009857,2976;-1;-1,2976;-1;-1,0.0,0.6887648334413436,0.6887648334413436,0.0,,0,130,1,,130,,
0,3,default_vehtype,boarding,True,4681.350229009857,4711.350229009857,2976;-1;-1,2976;-1;-1,0.0,0.6887648334413436,0.6887648334413436,0.0,,0,139,1,139,,,
0,5,default_vehtype,route,False,4620.0,4730.497432180082,2970;-1;-1,2993;-1;-1,1326.7610238234724,0.5409000671664124,0.54076739106403,0.0,,0,,0,,,2970;671;544;7400;5449;6824;4848;3271;4846;4989;5000;337;1075;537;18;5629;1068;2559;6740;1717;2067;2063;1937;6789;3895;5465;7450;2993,2970:4620;671:4621.0301161619855;544:4623.719676161985;7400:4624.7952361619855;5449:4625.994276161986;6824:4630.247556161986;4848:4637.7278761619855;3271:4643.280996161985;4846:4645.154076161985;4989:4657.426596161986;5000:4662.186156161986;337:4669.946388161986;1075:4670.970228161986;537:4671.924228161985;18:4677.791796161985;5629:4683.641220161985;1068:4686.193620161985;2559:4693.244220161984;6740:4697.714844161984;1717:4703.548572161983;2067:4704.286356161983;2063:4705.002612161983;1937:4708.272564161983;6789:4718.808972161983;3895:4720.0759561619825;5465:4727.607876161983;7450:4728.592116161983;2993:4730.497432180082
0,7,default_vehtype,route,False,4500.158021267549,4688.710014635,2977;-1;-1,2980;-1;-1,1527.828435539931,0.7691484445357465,0.7689956616921925,0.0,,0,133,1,,,2977;6202;7516;7037;7512;3274;2902;3901;7011;7336;4365;7288;1182;1001;6296;1434;3820;3877;2787;4993;6537;7281;2307;3549;6384;4032;1804;4811;5237;608;459;2416;4011;5246;363;366;2314;2877;1748;1743;1157;2058;2092;915;2980,2977:4500.158021267549;6202:4504.0511133706605;7516:4504.91223337066;7037:4512.22419337066;7512:4519.45755337066;3274:4530.80355337066;2902:4530.91515337066;3901:4531.38315337066;7011:4533.36411337066;7336:4536.2715933706595;4365:4543.852713370659;7288:4544.975913370659;1182:4545.892833370659;1001:4551.183993370659;6296:4553.543313370658;1434:4559.502393370658;3820:4564.611033370658;3877:4566.518913370658;2787:4575.311433370658;4993:4576.360473370658;6537:4582.160313370658;7281:4587.995433370657;2307:4591.514193370657;3549:4597.151433370657;6384:4597.413273370657;4032:4600.634913370657;1804:4601.550825370658;4811:4603.2334653706575;5237:4607.973945370658;608:4616.840025370658;459:4617.169785370657;2416:4619.383425370657;4011:4620.047553370658;5246:4625.972721370657;363:4632.881409370658;366:4634.286489370658;2314:4635.431361370658;2877:4648.602465370658;1748:4649.720985370658;1743:4657.475385370658;1157:4662.214528227801;2058:4668.004356799229;2092:4671.393499656372;915:4676.511671084943;2980:4688.710014635
0,7,default_vehtype,boarding,True,4688.710014635,4718.710014635,2980;-1;-1,2980;-1;-1,0.0,0.7689956616921925,0.7689956616921925,0.0,,0,133,1,,133,,
0,0,default_vehtype,boarding,True,4734.711929842088,4764.711929842088,2985;-1;-1,2985;-1;-1,0.0,0.94250504126412,0.94250504126412,0.0,,0,132,1,,132,,
0,5,default_vehtype,boarding,True,4730.497432180082,4760.497432180082,2993;-1;-1,2993;-1;-1,0.0,0.54076739106403,0.54076739106403,0.0,,0,135,1,135,,,
0,0,default_vehtype,route,False,4764.711929842088,4800.0,2985;-1;-1,6041;7365;0.750,490.11208552655336,0.94250504126412,0.9424560300555674,0.0,,0,,0,,,2985;1140;103;6480;7360;3154;6028;5745;6035;5743;6038;6041,2985:4764.711929842088;1140:4764.906500476923;103:4766.049428476923;6480:4779.371156476923;7360:4784.873036476923;3154:4785.964844476923;6028:4786.925972476923;5745:4788.417596476923;6035:4790.3410044769225;5743:4791.710444476923;6038:4793.725868476923;6041:4795.002140476923
0,5,default_vehtype,route,False,4760.497432180082,4800.0,2993;-1;-1,2497;7434;0.009,548.6467752766354,0.54076739106403,0.5407125263865024,0.0,,0,135,1,,,2993;4483;7446;1960;816;6786;5444;1716;2720;4210;1711;98;2497,2993:4760.497432180082;4483:4761.258852161983;7446:4763.925588161983;1960:4764.909828161983;816:4772.441748161983;6786:4773.708732161983;5444:4784.245140161983;1716:4787.035500161983;2720:4787.782140161983;4210:4788.680412161983;1711:4789.810092161983;98:4798.425900161983;2497:4799.936532161983
0,0,default_vehtype,route,False,4800.0,4832.854882143457,6041;7365;0.750,2974;-1;-1,344.0878075479991,0.9424560300555674,0.9424216212748127,0.0,,0,,0,,,6041;7365;80;2829;2188;2186;5744;6033;5746;6031;146;2828;2974,6041:4800;7365:4801.665308476923;80:4806.3633084769235;2829:4811.061308476924;2188:4817.724476476924;2186:4819.000748476924;5744:4821.016172476924;6033:4822.3856124769245;5746:4824.309020476924;6031:4825.800644476924;146:4826.761772476924;2828:4827.853580476924;2974:4832.854882143457
0,1,default_vehtype,route,False,4724.744653285862,4810.577129824172,2977;-1;-1,2979;-1;-1,715.2706378192755,0.8545800198972507,0.8545084928334689,0.0,,0,136,1,,,2977;6202;7516;7037;7512;3274;2902;3901;7011;7336;4365;7288;1182;1001;6296;1434;3820;3877;2787;4993;6537;2979,2977:4724.744653285862;6202:4728.637745388974;7516:4729.498865388973;7037:4736.810825388973;7512:4744.044185388973;3274:4755.390185388973;2902:4755.501785388973;3901:4755.969785388973;7011:4757.950745388973;7336:4760.858225388973;4365:4768.4393453889725;7288:4769.5625453889725;1182:4770.479465388972;1001:4775.770625388972;6296:4778.1299453889715;1434:4784.089025388971;3820:4789.1976653889715;3877:4791.105545388971;2787:4799.898065388971;4993:4800.947105388971;6537:4806.746945388971;2979:4810.577129824172
0,1,default_vehtype,boarding,True,4810.577129824172,4840.577129824172,2979;-1;-1,2979;-1;-1,0.0,0.8545084928334689,0.8545084928334689,0.0,,0,136,1,,136,,
0,2,default_vehtype,route,False,4620.0,4836.457853544972,2990;-1;-1,2966;-1;-1,1853.4960793332511,0.9597243802107199,0.9595390306027866,0.0,,0,,0,,,2990;2552;4848;3271;4846;4989;5000;337;1075;5648;5759;205;5793;1407;5826;7411;4686;5074;5295;5274;7181;604;603;602;1339;1395;1399;835;1147;1093;2607;911;1150;665;666;1885;668;1415;1041;1623;1383;2333;2966,2990:4620;2552:4622.865716121083;4848:4630.346036121083;3271:4635.899156121082;4846:4637.772236121083;4989:4650.044756121083;5000:4654.8043161210835;337:4662.564548121083;1075:4663.588388121083;5648:4664.389172121083;5759:4669.947500121083;205:4675.091756121083;5793:4679.213108121083;1407:4680.833252121083;5826:4683.113564121083;7411:4686.012212121083;4686:4687.082924121083;5074:4694.023436121083;5295:4694.253692121083;5274:4697.632508121083;7181:4702.141796121084;604:4705.720196121084;603:4706.783780121084;602:4707.636908121084;1339:4708.629284121084;1395:4717.166612121085;1399:4719.307316121085;835:4722.884276121085;1147:4723.676852121085;1093:4724.936132121085;2607:4732.9948041210855;911:4735.848668121085;1150:4736.609132121085;665:4738.058996121085;666:4738.928108121086;1885:4739.913932121086;668:4753.284332121086;1415:4753.9133961210855;1041:4770.5999104068;1623:4774.983167549657;1383:4786.068596121086;2333:4826.222481835372;2966:4836.457853544972
0,6,default_vehtype,route,False,4680.0,4825.01311763844,2974;-1;-1,2978;-1;-1,1305.1488377284809,0.7614740585124117,0.7613435436286388,0.0,,0,,0,,,2974;6479;3091;4274;880;3109;3874;4306;429;3125;3406;2825;1944;130;99;4526;714;2800;4339;2419;5404;5421;1925;1883;926;925;5399;1905;830;2795;918;3075;7097;7290;2736;1744;1164;2789;1182;2978,2974:4680;6479:4680.500578333467;3091:4693.822306333467;4274:4694.965234333467;880:4695.556570333468;3109:4697.407114333468;3874:4703.2713943334675;4306:4715.386954333468;429:4716.789274333468;3125:4718.042794333468;3406:4730.397154333468;2825:4732.866874333468;1944:4734.178234333468;130:4736.565874333468;99:4737.046114333468;4526:4745.455714333468;714:4748.252554333468;2800:4750.258954333468;4339:4751.752714333468;2419:4756.361794333468;5404:4760.588674333469;5421:4761.693994333468;1925:4761.8372743334685;1883:4762.874554333468;926:4767.127114333468;925:4770.071434333468;5399:4779.376234333467;1905:4780.702834333468;830:4781.879674333468;2795:4783.063354333468;918:4784.205514333468;3075:4792.078474333468;7097:4792.927834333468;7290:4798.729954333468;2736:4807.448434333468;1744:4808.903674333468;1164:4820.012194333468;2789:4821.423994333468;1182:4822.3409143334675;2978:4825.01311763844
0,6,default_vehtype,boarding,True,4825.01311763844,4855.01311763844,2978;-1;-1,2978;-1;-1,0.0,0.7613435436286388,0.7613435436286388,0.0,,0,138,1,138,,,
0,0,default_vehtype,boarding,True,4832.854882143457,4862.854882143457,2974;-1;-1,2974;-1;-1,0.0,0.9424216212748127,0.9424216212748127,0.0,,0,141,1,141,,,
0,0,default_vehtype,route,False,4862.854882143457,4888.130963732838,2974;-1;-1,2975;-1;-1,307.3402039863188,0.9424216212748127,0.942390887254414,0.0,,0,141,1,,,2974;6479;3091;4274;880;3109;3874;2975,2974:4862.854882143457;6479:4863.355460476924;3091:4876.677188476924;4274:4877.820116476924;880:4878.411452476925;3109:4880.261996476925;3874:4886.126276476924;2975:4888.130963732838
0,0,default_vehtype,boarding,True,4888.130963732838,4918.130963732838,2975;-1;-1,2975;-1;-1,0.0,0.942390887254414,0.942390887254414,0.0,,0,141;142,2,142,,,
0,2,default_vehtype,boarding,True,4836.457853544972,4866.457853544972,2966;-1;-1,2966;-1;-1,0.0,0.9595390306027866,0.9595390306027866,0.0,,0,134,1,134,,,
0,2,default_vehtype,boarding,True,4866.457853544972,4896.457853544972,2966;-1;-1,2966;-1;-1,0.0,0.9595390306027866,0.9595390306027866,0.0,,0,134;143,2,143,,,
0,6,default_vehtype,route,False,4855.01311763844,4866.8435069880425,2978;-1;-1,2982;-1;-1,98.58657791335457,0.7613435436286388,0.7613336849708474,0.0,,0,138,1,,,2978;4103;4326;7286;1218;2982,2978:4855.01311763844;4103:4857.632074333468;4326:4862.923234333468;7286:4863.840154333468;1218:4864.963354333468;2982:4866.8435069880425
0,6,default_vehtype,boarding,True,4866.8435069880425,4896.8435069880425,2982;-1;-1,2982;-1;-1,0.0,0.7613336849708474,0.7613336849708474,0.0,,0,138,1,,138,,
0,0,default_vehtype,route,False,4918.130963732838,4961.306003106265,2975;-1;-1,2976;-1;-1,359.7919947785567,0.942390887254414,0.942354908054936,0.0,,0,141;142,2,,,2975;1166;429;4313;68;7318;7325;3011;4;4345;7330;2976,2975:4918.130963732838;1166:4928.241836476925;429:4929.644156476925;4313:4930.827116476925;68:4936.425476476925;7318:4943.093516476924;7325:4946.420276476924;3011:4950.430916476925;4:4955.216036476924;4345:4957.259516476925;7330:4958.462516476925;2976:4961.306003106265
0,4,default_vehtype,route,False,4740.0,4951.592784029852,2979;-1;-1,2992;-1;-1,2790.388802832414,0.8197951659695459,0.8195161270892628,0.0,,0,,0,,,2979;2786;2307;3549;6384;4032;1804;4811;5237;608;459;2416;4011;5246;363;366;2314;2877;1748;2880;906;984;2268;1857;1806;1371;938;5442;4054;2205;1369;2047;3631;4079;4572;4577;778;3636;3639;3642;7178;5275;5297;5072;1464;2847;5825;4587;5794;3202;2065;2023;4203;537;18;5629;1068;2559;6740;1717;2067;2063;1937;2992,2979:4740;2786:4742.004935564799;2307:4745.523695564799;3549:4751.160935564799;6384:4751.422775564799;4032:4754.644415564799;1804:4755.560327564799;4811:4757.242967564799;5237:4761.9834475647995;608:4770.849527564799;459:4771.179287564799;2416:4773.392927564799;4011:4774.057055564799;5246:4779.982223564799;363:4786.890911564799;366:4788.2959915648;2314:4789.4408635648;2877:4802.6119675648;1748:4803.7304875648;2880:4804.8922795647995;906:4817.117591564799;984:4819.887287564799;2268:4820.635151564799;1857:4821.021071564799;1806:4821.683255564799;1371:4822.3534315647985;938:4824.934559564798;5442:4834.655207564799;4054:4842.295199564799;2205:4848.047639564799;1369:4854.4937995648;2047:4855.4368555648;3631:4856.999687564799;4079:4858.0669435648;4572:4861.865375564799;4577:4863.598055564799;778:4867.904375564799;3636:4868.907767564799;3639:4869.760895564798;3642:4870.824479564799;7178:4874.402879564799;5275:4878.912167564799;5297:4882.2909835648;5072:4882.5212395647995;1464:4889.4617515648;2847:4890.532463564799;5825:4893.4311115648;4587:4895.7114235648;5794:4897.3315675648;3202:4901.4529195648;2065:4906.5971755648;2023:4912.1555035648;4203:4912.9562875648;537:4913.9102875648;18:4919.777855564799;5629:4925.627279564799;1068:4928.179679564799;2559:4935.230279564798;6740:4939.700903564798;1717:4945.534631564798;2067:4946.2724155647975;2063:4946.988671564797;1937:4950.258623564797;2992:4951.592784029852
0,5,default_vehtype,route,False,4800.0,4952.557444550415,2497;7434;0.009,2972;-1;-1,1635.1387298669074,0.5407125263865024,0.5405490125135156,0.0,,0,135,1,,,2497;7434;2760;542;1074;1071;1070;1069;1067;1504;4396;710;2281;4664;6260;3300;1832;708;6180;2405;6169;2744;2567;2576;3077;3241;88;2758;2742;2448;2353;6140;7386;3742;7100;6318;737;6639;2446;2301;1992;1990;1988;1985;3729;5498;5496;5699;5494;6307;374;7114;3246;5330;661;445;2972,2497:4800;7434:4807.1443801619835;2760:4813.6829161619835;542:4821.2110201619835;1074:4822.144428161983;1071:4823.146956161983;1070:4837.610244161983;1069:4838.348532161983;1067:4841.010588161983;1504:4845.464364161983;4396:4845.690660161983;710:4846.241316161983;2281:4847.247012161984;4664:4851.125004161983;6260:4851.570900161983;3300:4852.170012161983;1832:4854.960228161984;708:4855.499292161983;6180:4855.922724161983;2405:4858.1451241619825;6169:4861.622244161982;2744:4866.222804161982;2567:4868.065764161982;2576:4876.554324161982;3077:4878.686964161981;3241:4881.815844161982;88:4883.742684161982;2758:4885.706124161982;2742:4886.112564161982;2448:4889.298204161982;2353:4895.499084161982;6140:4900.670124161982;7386:4902.0125641619825;3742:4909.671564161982;7100:4910.211204161982;6318:4910.689284161982;737:4911.605004161982;6639:4913.454204161982;2446:4915.025484161982;2301:4917.322524161982;1992:4918.3475641619825;1990:4920.044484161983;1988:4922.498484161983;1985:4926.020244161982;3729:4928.367684161982;5498:4929.765084161982;5496:4932.672324161981;5699:4933.369764161981;5494:4934.473524161981;6307:4934.690364161981;374:4942.991364161981;7114:4945.206372161982;3246:4946.344188161982;5330:4947.091764161982;661:4948.0832041619815;445:4951.112892161981;2972:4952.557444550415
0,6,default_vehtype,route,False,4920.0,4967.505301956449,2982;-1;-1,2983;-1;-1,395.8775163037552,0.7613336849708474,0.761294097219217,0.0,,0,,0,,,2982;2809;7010;820;7498;276;2915;2661;7517;6201;7314;2983,2982:4920;2809:4925.700967345425;7010:4928.608447345425;820:4930.589407345425;7498:4931.0574073454245;276:4931.169007345425;2915:4942.515007345424;2661:4949.748367345424;7517:4957.060327345424;6201:4957.921447345424;7314:4964.816767345424;2983:4967.505301956449
0,0,default_vehtype,boarding,True,4961.306003106265,4991.306003106265,2976;-1;-1,2976;-1;-1,0.0,0.942354908054936,0.942354908054936,0.0,,0,141;142,2,,141;142,,
0,3,default_vehtype,route,False,4711.350229009857,4982.856491945744,2976;-1;-1,2967;-1;-1,2770.6901331614126,0.6887648334413436,0.6884877644280275,0.0,,0,139,1,,,2976;7557;2806;4344;2996;3013;7322;2804;3061;1173;3425;3125;3406;2825;1944;130;99;4526;714;2800;4332;799;3653;3825;7127;1836;4248;5046;7138;6879;1367;3637;1339;1395;1399;835;1147;2412;836;1097;738;2470;734;1815;739;1724;1962;1910;164;1354;197;1311;7;1963;1308;482;7613;2611;1307;2876;1960;2967,2976:4711.350229009857;7557:4716.340582380517;2806:4724.174422380517;4344:4725.377422380518;2996:4727.420902380518;3013:4732.206022380517;7322:4736.216662380518;2804:4739.543422380518;3061:4746.211462380517;1173:4751.809822380517;3425:4752.992782380517;3125:4754.246302380518;3406:4766.600662380518;2825:4769.070382380518;1944:4770.381742380518;130:4772.7693823805175;99:4773.249622380517;4526:4781.659222380517;714:4784.456062380517;2800:4786.4624623805175;4332:4787.278102380517;799:4788.459022380517;3653:4793.055262380517;3825:4794.303862380517;7127:4837.863982380517;1836:4839.214942380517;4248:4853.760142380516;5046:4870.100662380516;7138:4871.739262380516;6879:4878.005662380517;1367:4889.4985423805165;3637:4891.391662380516;1339:4892.384038380516;1395:4900.921366380517;1399:4903.062070380517;835:4906.639030380517;1147:4907.431606380517;2412:4908.239662380517;836:4909.238446380517;1097:4924.4992063805175;738:4925.201854380518;2470:4926.151534380518;734:4926.360406380518;1815:4927.368622380518;739:4928.209150380518;1724:4944.666838380518;1962:4945.723654380518;1910:4946.545894380519;164:4947.497086380519;1354:4948.453606380519;197:4950.662854380519;1311:4962.197614380519;7:4965.892582380518;1963:4966.301038380519;1308:4966.662262380519;482:4971.216910380519;7613:4972.541062380519;2611:4976.437414380519;1307:4977.7531423805185;2876:4980.419878380519;1960:4981.404118380518;2967:4982.856491945744
0,3,default_vehtype,boarding,True,4982.856491945744,5012.856491945744,2967;-1;-1,2967;-1;-1,0.0,0.6884877644280275,0.6884877644280275,0.0,,0,139,1,,139,,
0,4,default_vehtype,boarding,True,4951.592784029852,4981.592784029852,2992;-1;-1,2992;-1;-1,0.0,0.8195161270892628,0.8195161270892628,0.0,,0,140,1,140,,,
0,5,default_vehtype,boarding,True,4952.557444550415,4982.557444550415,2972;-1;-1,2972;-1;-1,0.0,0.5405490125135156,0.5405490125135156,0.0,,0,135;137,2,137,,,
0,5,default_vehtype,route,False,4982.557444550415,4985.220195719003,2972;-1;-1,2988;-1;-1,36.982655119265175,0.5405490125135156,0.5405453142480037,0.0,,0,135;137,2,,,2972;6079;2988,2972:4982.557444550415;6079:4983.936300161981;2988:4985.220195719003
0,5,default_vehtype,boarding,True,4985.220195719003,5015.220195719003,2988;-1;-1,2988;-1;-1,0.0,0.5405453142480037,0.5405453142480037,0.0,,0,135;137,2,,135,,
0,6,default_vehtype,boarding,True,4967.505301956449,4997.505301956449,2983;-1;-1,2983;-1;-1,0.0,0.761294097219217,0.761294097219217,0.0,,0,144,1,144,,,
0,6,default_vehtype,route,False,4997.505301956449,5038.04621968905,2983;-1;-1,2976;-1;-1,286.853266819285,0.761294097219217,0.7612654118925352,0.0,,0,144,1,,,2983;7527;2803;7558;2806;4344;1199;1204;7329;2976,2983:4997.505301956449;7527:5002.0322473454235;2803:5009.587207345424;7558:5016.982207345424;2806:5024.8160473454245;4344:5026.019047345425;1199:5030.009390202567;1204:5033.99973305971;7329:5035.20273305971;2976:5038.04621968905
0,0,default_vehtype,route,False,5040.0,5058.363132693228,2976;-1;-1,2984;-1;-1,153.0261057768949,0.942354908054936,0.9423396054443584,0.0,,0,,0,,,2976;7557;2806;4344;2996;2984,2976:5040;7557:5044.99035337066;2806:5052.82419337066;4344:5054.027193370661;2996:5056.070673370661;2984:5058.363132693228
0,0,default_vehtype,boarding,True,5058.363132693228,5088.363132693228,2984;-1;-1,2984;-1;-1,0.0,0.9423396054443584,0.9423396054443584,0.0,,0,146,1,146,,,
0,6,default_vehtype,boarding,True,5038.04621968905,5068.04621968905,2976;-1;-1,2976;-1;-1,0.0,0.7612654118925352,0.7612654118925352,0.0,,0,144,1,,144,,
0,0,default_vehtype,route,False,5088.363132693228,5100.0,2984;-1;-1,2804;3061;0.271,96.97389422309935,0.9423396054443584,0.942329908054936,0.0,,0,146,1,,,2984;3012;7321;2804,2984:5088.363132693228;3012:5090.855793370661;7321:5094.866433370661;2804:5098.193193370661
0,0,default_vehtype,route,False,5100.0,5153.981060753059,2804;3061;0.271,2986;-1;-1,577.3774361776997,0.942329908054936,0.9422721703113183,0.0,,0,146,1,,,2804;3061;1173;3425;4304;793;118;3979;4275;103;6480;7360;2986,2804:5100;3061:5104.861233370661;1173:5110.4595933706605;3425:5111.642553370661;4304:5113.044873370661;793:5125.160433370661;118:5131.024713370661;3979:5132.875257370661;4275:5133.466593370661;103:5134.609521370661;6480:5147.931249370661;7360:5153.433129370661;2986:5153.981060753059
0,2,default_vehtype,route,False,4896.457853544972,5104.536872695512,2966;-1;-1,2981;-1;-1,2134.166564557901,0.9595390306027866,0.9593256139463308,0.0,,0,134;143,2,,,2966;2743;2631;2150;735;738;1096;3736;81;831;2413;1146;832;1880;1340;3638;602;3851;4573;1400;971;598;1368;591;585;940;1370;939;1903;983;3921;840;2881;5099;2878;1735;2581;370;361;2874;1887;4059;910;6541;3462;3648;2851;2850;1801;1560;5242;922;6385;3550;2981,2966:4896.457853544972;2743:4904.301681835372;2631:4908.313110406801;2150:4925.243396121086;735:4935.725567549658;738:4941.893396121087;1096:4951.432367549658;3736:4951.695383549658;81:4955.544287549658;831:4966.390871549658;2413:4967.378567549658;1146:4968.191951549658;832:4969.000367549658;1880:4971.598055549658;1340:4983.130871549658;3638:4984.117343549658;602:4984.970471549657;3851:4985.973863549657;4573:4990.280183549657;1400:4992.012863549657;971:4995.811295549656;598:4996.878551549657;1368:4997.838887549657;591:5003.709839549657;585:5016.8810875496565;940:5023.460951549657;1370:5030.487575549657;939:5031.184247549657;1903:5032.005839549657;983:5032.988351549657;3921:5036.786495549657;840:5041.347335549657;2881:5047.9779595496575;5099:5049.130823549657;2878:5050.258847549657;1735:5061.243167549656;2581:5062.582583549656;370:5064.165431549656;361:5066.662535549656;2874:5067.2485435496565;1887:5072.903927549656;4059:5074.823231549656;910:5079.339431549656;6541:5080.0035595496565;3462:5082.2171995496565;3648:5082.546959549656;2851:5087.221199549656;2850:5088.154559549656;1801:5091.4502395496565;1560:5096.190719549657;5242:5097.873359549657;922:5098.789271549657;6385:5102.010911549657;3550:5102.272751549657;2981:5104.536872695512
0,2,default_vehtype,boarding,True,5104.536872695512,5134.536872695512,2981;-1;-1,2981;-1;-1,0.0,0.9593256139463308,0.9593256139463308,0.0,,0,134;143,2,,134,,
0,4,default_vehtype,route,False,4981.592784029852,5140.017670702968,2992;-1;-1,2966;-1;-1,1413.709105198465,0.8195161270892628,0.819374756178743,0.0,,0,140,1,,,2992;2526;3895;5465;7450;4482;6930;7615;3488;4485;5469;2998;901;1083;1355;1961;1962;1033;1559;1958;2907;636;1954;1949;186;333;2164;695;694;1041;1623;1383;2333;2966,2992:4981.592784029852;2526:4990.795031564798;3895:4992.062015564798;5465:4999.593935564798;7450:5000.578175564798;4482:5003.244911564798;6930:5004.560639564797;7615:5008.456991564797;3488:5009.781143564797;4485:5014.335791564798;5469:5014.697015564798;2998:5015.105471564798;901:5016.350999564798;1083:5019.141431564798;1355:5032.830719564798;1961:5033.813447564798;1962:5034.752327564797;1033:5035.961783564797;1559:5042.345879564797;1958:5049.692903564796;2907:5050.316567564796;636:5053.131695564796;1954:5053.742399564796;1949:5062.642535564796;186:5064.2086795647965;333:5064.848399564797;2164:5065.4647915647965;695:5070.172079564796;694:5073.340799564796;1041:5074.1597275647955;1623:5078.542984707653;1383:5089.6284132790815;2333:5129.7822989933675;2966:5140.017670702968
0,5,default_vehtype,route,False,5015.220195719003,5147.433559231352,2988;-1;-1,2991;-1;-1,1371.1040487826663,0.5405453142480037,0.5404082038431255,0.0,,0,137,1,,,2988;3447;3721;5333;251;2711;3358;2296;5495;5697;5497;5500;670;5502;5512;5520;5531;6313;6632;6644;3793;6319;7102;3741;7384;6414;5446;2447;2571;42;2577;2566;3033;3036;2469;2404;2235;3762;5287;310;2280;1447;6261;3764;4397;4745;4182;4187;4191;4195;4202;4208;537;2991,2988:5015.220195719003;3447:5016.7597081619815;3721:5019.789396161981;5333:5020.780836161981;251:5021.528412161981;2711:5022.666228161981;3358:5024.881236161981;2296:5033.182236161982;5495:5033.399076161982;5697:5034.502836161982;5497:5035.2002761619815;5500:5038.107516161981;670:5039.504916161981;5502:5041.85235616198;5512:5045.37411616198;5520:5047.82811616198;5531:5049.52503616198;6313:5050.5500761619805;6632:5052.847116161981;6644:5054.418396161981;3793:5056.267596161981;6319:5057.183316161981;7102:5057.6613961619805;3741:5058.2010361619805;7384:5065.86003616198;6414:5071.06719616198;5446:5073.33495616198;2447:5077.27107616198;2571:5084.85999616198;42:5089.52799616198;2577:5090.20047616198;2566:5098.79955616198;3033:5099.43051616198;3036:5101.70007616198;2469:5105.29239616198;2404:5108.61591616198;2235:5109.89931616198;3762:5110.32274816198;5287:5110.861812161979;310:5113.65202816198;2280:5114.2511401619795;1447:5114.69703616198;6261:5118.575028161979;3764:5119.58072416198;4397:5120.13138016198;4745:5120.35767616198;4182:5124.81145216198;4187:5127.47350816198;4191:5128.21179616198;4195:5142.67508416198;4202:5143.67761216198;4208:5144.65926016198;537:5145.613260161979;2991:5147.433559231352
0,0,default_vehtype,boarding,True,5153.981060753059,5183.981060753059,2986;-1;-1,2986;-1;-1,0.0,0.9422721703113183,0.9422721703113183,0.0,,0,146;150,2,150,,,
0,1,default_vehtype,route,False,4980.0,5191.909923087877,2979;-1;-1,2968;-1;-1,2794.7935119716462,0.8545084928334689,0.8542290134822718,0.0,,0,,0,,,2979;2786;2307;3549;6384;4032;1804;4811;5237;608;459;2416;4011;5246;363;366;2314;2877;1748;2880;906;984;2268;1857;1806;1371;938;5442;4054;2205;1369;2047;3631;4079;4572;4577;778;3636;3639;3642;7178;5275;5297;5072;1464;2847;5825;4587;5794;3202;2065;2023;4203;537;18;5629;1068;2559;6740;1717;2067;2720;4210;1711;2968,2979:4980;2786:4982.004935564799;2307:4985.523695564799;3549:4991.160935564799;6384:4991.422775564799;4032:4994.644415564799;1804:4995.560327564799;4811:4997.242967564799;5237:5001.9834475647995;608:5010.849527564799;459:5011.179287564799;2416:5013.392927564799;4011:5014.057055564799;5246:5019.982223564799;363:5026.890911564799;366:5028.2959915648;2314:5029.4408635648;2877:5042.6119675648;1748:5043.7304875648;2880:5044.8922795647995;906:5057.117591564799;984:5059.887287564799;2268:5060.635151564799;1857:5061.021071564799;1806:5061.683255564799;1371:5062.3534315647985;938:5064.934559564798;5442:5074.655207564799;4054:5082.295199564799;2205:5088.047639564799;1369:5094.4937995648;2047:5095.4368555648;3631:5096.999687564799;4079:5098.0669435648;4572:5101.865375564799;4577:5103.598055564799;778:5107.904375564799;3636:5108.907767564799;3639:5109.760895564798;3642:5110.824479564799;7178:5114.402879564799;5275:5118.912167564799;5297:5122.2909835648;5072:5122.5212395647995;1464:5129.4617515648;2847:5130.532463564799;5825:5133.4311115648;4587:5135.7114235648;5794:5137.3315675648;3202:5141.4529195648;2065:5146.5971755648;2023:5152.1555035648;4203:5152.9562875648;537:5153.9102875648;18:5159.777855564799;5629:5165.627279564799;1068:5168.179679564799;2559:5175.230279564798;6740:5179.700903564798;1717:5185.534631564798;2067:5186.2724155647975;2720:5187.035831564797;4210:5187.934103564798;1711:5189.063783564798;2968:5191.909923087877
0,4,default_vehtype,boarding,True,5140.017670702968,5170.017670702968,2966;-1;-1,2966;-1;-1,0.0,0.819374756178743,0.819374756178743,0.0,,0,140;149,2,149,140,,
0,5,default_vehtype,boarding,True,5147.433559231352,5177.433559231352,2991;-1;-1,2991;-1;-1,0.0,0.5404082038431255,0.5404082038431255,0.0,,0,137;148,2,148,137,,
0,6,default_vehtype,route,False,5068.04621968905,5209.330044616732,2976;-1;-1,2988;-1;-1,1623.2491608252387,0.7612654118925352,0.7611030869764526,0.0,,0,,0,,,2976;7557;2806;4344;2996;3013;7322;2804;3061;1173;3425;4304;793;118;3979;4275;103;6480;7360;3154;6028;5745;6035;5743;6038;6041;7365;6050;6068;6077;3629;4502;6912;2108;7370;7608;5900;3459;4818;5992;6047;5708;3884;3030;3347;7376;2207;2988,2976:5068.04621968905;7557:5073.0365730597105;2806:5080.870413059711;4344:5082.073413059711;2996:5084.116893059711;3013:5088.902013059711;7322:5092.912653059711;2804:5096.239413059711;3061:5102.907453059711;1173:5108.505813059711;3425:5109.688773059711;4304:5111.091093059711;793:5123.206653059711;118:5129.070933059711;3979:5130.921477059711;4275:5131.512813059711;103:5132.6557410597115;6480:5145.977469059711;7360:5151.479349059711;3154:5152.571157059711;6028:5153.532285059711;5745:5155.0239090597115;6035:5156.947317059711;5743:5158.316757059712;6038:5160.332181059712;6041:5161.608453059712;7365:5168.271621059712;6050:5170.5451650597115;6068:5174.771493059711;6077:5175.417189059711;3629:5176.974477059711;4502:5177.437365059711;6912:5182.585797059711;2108:5184.48220505971;7370:5191.00893305971;7608:5191.23832505971;5900:5194.71002105971;3459:5195.46558905971;4818:5196.08046905971;5992:5196.55725305971;6047:5200.74578105971;5708:5202.14006105971;3884:5204.67964505971;3030:5205.177669059711;3347:5207.201877059711;7376:5207.637261059711;2207:5208.046149059711;2988:5209.330044616732
0,0,default_vehtype,route,False,5183.981060753059,5238.990170059996,2986;-1;-1,2973;-1;-1,764.0154070408148,0.9422721703113183,0.9421957687706142,0.0,,0,146;150,2,,,2986;3155;6029;5745;6035;5743;6038;6041;7365;6050;6068;6077;3629;4502;6912;2108;7370;1420;1084;2973,2986:5183.981060753059;3155:5184.524937370661;6029:5185.486065370661;5745:5186.977689370661;6035:5188.901097370661;5743:5190.270537370661;6038:5192.285961370661;6041:5193.5622333706615;7365:5200.2254013706615;6050:5202.498945370661;6068:5206.725273370661;6077:5207.3709693706605;3629:5208.9282573706605;4502:5209.3911453706605;6912:5214.5395773706605;2108:5216.43598537066;7370:5222.96271337066;1420:5234.66782537066;1084:5238.202809370659;2973:5238.990170059996
0,0,default_vehtype,boarding,True,5238.990170059996,5268.990170059996,2973;-1;-1,2973;-1;-1,0.0,0.9421957687706142,0.9421957687706142,0.0,,0,146;150,2,,146,,
0,1,default_vehtype,boarding,True,5191.909923087877,5221.909923087877,2968;-1;-1,2968;-1;-1,0.0,0.8542290134822718,0.8542290134822718,0.0,,0,145,1,145,,,
0,6,default_vehtype,boarding,True,5209.330044616732,5239.330044616732,2988;-1;-1,2988;-1;-1,0.0,0.7611030869764526,0.7611030869764526,0.0,,0,147,1,147,,,
0,2,default_vehtype,route,False,5134.536872695512,5322.251894519952,2981;-1;-1,2987;-1;-1,1947.9401983719376,0.9593256139463308,0.9591308199264935,0.0,,0,143,1,,,2981;6320;3549;6384;4032;1804;4277;5239;6501;3911;5389;7301;3914;5398;5400;4040;4041;5374;5418;5424;5403;6546;1200;7312;3767;4527;3089;3131;5447;7352;414;122;3426;4305;793;118;3979;4275;103;6480;7360;3154;6028;5745;6035;5743;6038;6041;7365;2179;3064;6023;3524;7356;4225;2987,2981:5134.536872695512;6320:5137.909991549657;3549:5143.547231549657;6384:5143.809071549657;4032:5147.030711549657;1804:5147.9466235496575;4277:5149.534703549658;5239:5155.039343549658;6501:5161.001903549658;3911:5170.356743549658;5389:5171.422583549658;7301:5171.676503549658;3914:5172.860183549658;5398:5174.037023549658;5400:5175.363623549659;4040:5184.668423549659;4041:5187.612743549658;5374:5191.865303549658;5418:5192.902583549658;5424:5193.045863549658;5403:5194.151183549658;6546:5198.378063549658;1200:5202.987143549658;7312:5204.480903549658;3767:5206.4873035496585;4527:5209.284143549658;3089:5217.693743549658;3131:5218.173983549658;5447:5220.561623549658;7352:5221.872983549658;414:5224.342703549658;122:5236.697063549658;3426:5237.950583549658;4305:5239.352903549659;793:5251.468463549659;118:5257.3327435496585;3979:5259.183287549658;4275:5259.774623549659;103:5260.917551549659;6480:5274.239279549659;7360:5279.741159549659;3154:5280.832967549659;6028:5281.794095549659;5745:5283.285719549659;6035:5285.209127549659;5743:5286.578567549659;6038:5288.593991549659;6041:5289.870263549659;7365:5296.533431549659;2179:5300.541671549659;3064:5301.843647549659;6023:5303.108327549659;3524:5304.849791549659;7356:5315.728631549659;4225:5320.31315954966;2987:5322.251894519952
0,3,default_vehtype,route,False,5160.0,5297.564054313692,2967;-1;-1,2990;-1;-1,1532.749177251729,0.6884877644280275,0.6883344895103024,0.0,,0,,0,,,2967;3896;6788;5444;1716;2720;4210;1711;98;2497;7434;2760;542;1074;336;2759;1664;1659;538;4990;4939;5252;3070;1657;4439;4842;1272;3423;4282;4975;6830;4349;4937;669;5061;7265;3848;534;2839;5449;2990,2967:5160;3896:5166.079546434775;6788:5167.346530434775;5444:5177.882938434775;1716:5180.673298434775;2720:5181.419938434775;4210:5182.318210434775;1711:5183.447890434775;98:5192.063698434775;2497:5193.574330434775;7434:5200.782178434775;2760:5207.320714434775;542:5214.848818434775;1074:5215.782226434775;336:5216.805346434775;2759:5221.535314434775;1664:5224.789210434775;1659:5229.548770434775;538:5230.699810434775;4990:5234.396890434775;4939:5235.787450434775;5252:5241.212170434775;3070:5242.2486104347745;1657:5249.765410434775;4439:5255.3955704347745;4842:5259.780130434775;1272:5259.965050434775;3423:5261.1816104347745;4282:5264.959090434774;4975:5266.008850434774;6830:5266.781770434774;4349:5267.330650434775;4937:5271.700210434775;669:5282.0076104347745;5061:5287.8159704347745;7265:5288.599210434774;3848:5289.573850434775;534:5293.618810434775;2839:5294.977450434775;5449:5296.176490434776;2990:5297.564054313692
0,3,default_vehtype,boarding,True,5297.564054313692,5327.564054313692,2990;-1;-1,2990;-1;-1,0.0,0.6883344895103024,0.6883344895103024,0.0,,0,151,1,151,,,
0,7,default_vehtype,route,False,5160.0,5314.627871742287,2980;-1;-1,2979;-1;-1,808.3882022793446,0.7689956616921925,0.7689148228719646,0.0,,0,,0,,,2980;914;2135;1730;2664;2579;2961;2407;2581;370;361;2874;1887;4059;910;6541;3462;3648;2851;2850;1801;1560;5242;922;6385;3550;6322;7280;2411;6281;2286;2287;6538;2979,2980:5160;914:5175.882170735657;2135:5183.833027878514;1730:5199.289370735657;2664:5201.111485021372;2579:5205.987427878515;2961:5222.758285021372;2407:5228.007085021372;2581:5236.494342164229;370:5238.077190164229;361:5240.574294164229;2874:5241.1603021642295;1887:5246.815686164229;4059:5248.734990164229;910:5253.251190164229;6541:5253.91531816423;3462:5256.1289581642295;3648:5256.458718164229;2851:5261.132958164229;2850:5262.066318164229;1801:5265.36199816423;1560:5270.10247816423;5242:5271.78511816423;922:5272.70103016423;6385:5275.92267016423;3550:5276.18451016423;6322:5281.82175016423;7280:5285.34051016423;2411:5291.17563016423;6281:5296.219744449944;2286:5300.986658735658;2287:5305.753573021372;6538:5310.797687307087;2979:5314.627871742287
0,2,default_vehtype,boarding,True,5322.251894519952,5352.251894519952,2987;-1;-1,2987;-1;-1,0.0,0.9591308199264935,0.9591308199264935,0.0,,0,143,1,,143,,
0,2,default_vehtype,route,False,5352.251894519952,5358.170488238996,2987;-1;-1,2973;-1;-1,82.20269054227832,0.9591308199264935,0.9591225996574393,0.0,,0,,0,,,2987;4613;1084;2973,2987:5352.251894519952;4613:5353.84814354966;1084:5357.38312754966;2973:5358.170488238996
0,2,default_vehtype,boarding,True,5358.170488238996,5388.170488238996,2973;-1;-1,2973;-1;-1,0.0,0.9591225996574393,0.9591225996574393,0.0,,0,155,1,155,,,
0,3,default_vehtype,route,False,5327.564054313692,5373.926741504148,2990;-1;-1,2991;-1;-1,477.0108991947639,0.6883344895103024,0.6882867884203829,0.0,,0,151,1,,,2990;2552;4848;3271;4846;4989;5000;337;1075;537;2991,2990:5327.564054313692;2552:5330.4297704347755;4848:5337.910090434775;3271:5343.463210434775;4846:5345.336290434775;4989:5357.6088104347755;5000:5362.368370434776;337:5370.1286024347755;1075:5371.152442434775;537:5372.106442434775;2991:5373.926741504148
0,6,default_vehtype,route,False,5239.330044616732,5354.801339870681,2988;-1;-1,2986;-1;-1,1435.8222753524553,0.7611030869764526,0.7609595047489173,0.0,,0,147,1,,,2988;3447;6082;7383;364;3029;3886;5711;6045;2157;4817;456;5901;7605;2830;5852;6913;1321;597;2204;6066;6049;7367;2188;2186;5744;6033;5746;6031;146;2828;2376;3091;4274;3068;70;73;4273;103;6480;7360;2986,2988:5239.330044616732;3447:5240.869557059711;6082:5243.692965059711;7383:5244.101853059711;364:5244.5372370597115;3029:5246.561445059711;3886:5247.059469059712;5711:5249.599053059712;6045:5250.993333059712;2157:5255.181861059712;4817:5255.658645059712;456:5256.2735250597125;5901:5257.029093059712;7605:5260.500789059712;2830:5260.730181059712;5852:5267.256909059712;6913:5269.153317059711;1321:5274.301749059711;597:5274.764637059711;2204:5276.321925059711;6066:5276.967621059711;6049:5281.193949059711;7367:5283.46749305971;2188:5290.13066105971;2186:5291.40693305971;5744:5293.4223570597105;6033:5294.791797059711;5746:5296.715205059711;6031:5298.206829059711;146:5299.167957059711;2828:5300.259765059711;2376:5305.761645059711;3091:5319.0833730597105;4274:5320.226301059711;3068:5324.970586773997;70:5327.256586773997;73:5329.542586773997;4273:5334.286872488283;103:5335.429800488283;6480:5348.751528488283;7360:5354.253408488283;2986:5354.801339870681
0,6,default_vehtype,boarding,True,5354.801339870681,5384.801339870681,2986;-1;-1,2986;-1;-1,0.0,0.7609595047489173,0.7609595047489173,0.0,,0,147,1,,147,,
0,7,default_vehtype,boarding,True,5314.627871742287,5344.627871742287,2979;-1;-1,2979;-1;-1,0.0,0.7689148228719646,0.7689148228719646,0.0,,0,152,1,152,,,
0,1,default_vehtype,route,False,5221.909923087877,5444.993702535089,2968;-1;-1,2987;-1;-1,2614.671158989071,0.8542290134822718,0.8539675463663728,0.0,,0,145,1,,,2968;98;2497;7434;2760;542;1074;1071;1070;1069;1067;1504;4396;710;2281;4664;6260;3300;1832;708;6180;2405;6169;2744;2567;2576;3077;3241;88;2758;2742;2448;2353;6140;7386;3742;7100;6318;737;6639;2446;2301;1992;1990;1988;1985;3729;5498;5496;5699;5494;6307;374;7114;3246;5330;661;445;6080;7381;364;3029;3886;5711;6045;2157;4817;456;5901;7605;2830;1420;1084;7357;2826;2827;4225;2987,2968:5221.909923087877;98:5227.679591564798;2497:5229.1902235647985;7434:5236.398071564799;2760:5242.936607564799;542:5250.464711564799;1074:5251.398119564798;1071:5252.400647564798;1070:5266.863935564798;1069:5267.602223564798;1067:5270.264279564798;1504:5274.718055564798;4396:5274.944351564798;710:5275.4950075647985;2281:5276.500703564799;4664:5280.378695564798;6260:5280.8245915647985;3300:5281.423703564798;1832:5284.213919564799;708:5284.752983564798;6180:5285.176415564798;2405:5287.398815564798;6169:5290.875935564797;2744:5295.476495564797;2567:5297.319455564797;2576:5305.808015564797;3077:5307.9406555647965;3241:5311.069535564797;88:5312.996375564797;2758:5314.959815564797;2742:5315.366255564797;2448:5318.551895564797;2353:5324.752775564797;6140:5329.923815564797;7386:5331.266255564798;3742:5338.925255564797;7100:5339.464895564797;6318:5339.942975564797;737:5340.858695564797;6639:5342.707895564797;2446:5344.279175564797;2301:5346.576215564797;1992:5347.601255564798;1990:5349.298175564798;1988:5351.752175564798;1985:5355.273935564797;3729:5357.621375564797;5498:5359.018775564797;5496:5361.926015564796;5699:5362.623455564796;5494:5363.727215564796;6307:5363.944055564796;374:5372.2450555647965;7114:5374.460063564797;3246:5375.597879564797;5330:5376.345455564797;661:5377.336895564797;445:5380.366583564796;6080:5383.189991564796;7381:5383.598879564796;364:5384.034263564797;3029:5386.0584715647965;3886:5386.556495564797;5711:5389.096079564797;6045:5390.4903595647975;2157:5394.678887564797;4817:5395.155671564798;456:5395.770551564798;5901:5396.526119564797;7605:5399.997815564797;2830:5400.227207564797;1420:5411.932319564797;1084:5415.467303564797;7357:5420.051831564797;2826:5429.261135564797;2827:5438.470439564797;4225:5443.054967564797;2987:5444.993702535089
0,3,default_vehtype,boarding,True,5373.926741504148,5403.926741504148,2991;-1;-1,2991;-1;-1,0.0,0.6882867884203829,0.6882867884203829,0.0,,0,151,1,,151,,
0,3,default_vehtype,route,False,5403.926741504148,5434.399623482827,2991;-1;-1,2969;-1;-1,423.2344719261199,0.6882867884203829,0.6882444649731904,0.0,,0,,0,,,2991;3010;5631;1068;2867;2760;542;1074;336;2969,2991:5403.926741504148;3010:5407.974010434775;5631:5413.823434434775;1068:5416.375834434774;2867:5417.250130434774;2760:5423.788666434774;542:5431.316770434774;1074:5432.250178434774;336:5433.273298434774;2969:5434.399623482827
0,4,default_vehtype,route,False,5170.017670702968,5448.931499693246,2966;-1;-1,2988;-1;-1,2634.7327710788463,0.819374756178743,0.8191112829016352,0.0,,0,149,1,,,2966;2743;2631;2150;735;738;1096;3736;81;831;2413;1146;832;1880;1340;3638;3641;7177;5275;5297;5072;1464;2847;5825;4587;5794;3202;2065;2023;4203;4198;1071;1070;1069;1067;1504;4396;710;2281;4664;6260;3300;1832;708;6180;2405;6169;2744;2567;2576;3077;3241;88;2758;2742;2448;2353;6140;7386;3742;7100;6318;737;6639;2446;2301;1992;1990;1988;1985;3729;5498;5496;5699;5494;6307;374;7114;3246;5330;661;445;6080;7381;364;3029;69;30;3346;2832;2207;2988,2966:5170.017670702968;2743:5177.861498993368;2631:5181.872927564797;2150:5198.803213279082;735:5209.285384707654;738:5215.453213279083;1096:5224.992184707654;3736:5225.255200707654;81:5229.104104707654;831:5239.950688707654;2413:5240.938384707654;1146:5241.751768707654;832:5242.560184707654;1880:5245.157872707654;1340:5256.690688707654;3638:5257.6771607076535;3641:5258.740744707654;7177:5262.319144707654;5275:5266.828432707654;5297:5270.207248707655;5072:5270.437504707655;1464:5277.378016707655;2847:5278.4487287076545;5825:5281.347376707655;4587:5283.627688707655;5794:5285.247832707655;3202:5289.369184707655;2065:5294.513440707655;2023:5300.071768707655;4203:5300.872552707655;4198:5301.854200707655;1071:5302.856728707655;1070:5317.320016707655;1069:5318.058304707654;1067:5320.720360707654;1504:5325.174136707655;4396:5325.4004327076545;710:5325.951088707655;2281:5326.956784707655;4664:5330.834776707655;6260:5331.280672707655;3300:5331.879784707655;1832:5334.670000707655;708:5335.209064707655;6180:5335.632496707654;2405:5337.854896707654;6169:5341.332016707654;2744:5345.932576707653;2567:5347.775536707653;2576:5356.264096707653;3077:5358.396736707653;3241:5361.525616707653;88:5363.452456707653;2758:5365.415896707654;2742:5365.822336707653;2448:5369.007976707653;2353:5375.2088567076535;6140:5380.379896707654;7386:5381.722336707654;3742:5389.381336707654;7100:5389.920976707654;6318:5390.3990567076535;737:5391.314776707653;6639:5393.163976707653;2446:5394.735256707653;2301:5397.032296707654;1992:5398.057336707654;1990:5399.754256707654;1988:5402.208256707654;1985:5405.730016707654;3729:5408.077456707653;5498:5409.474856707653;5496:5412.382096707653;5699:5413.079536707653;5494:5414.1832967076525;6307:5414.400136707653;374:5422.701136707653;7114:5424.916144707653;3246:5426.0539607076535;5330:5426.801536707653;661:5427.792976707653;445:5430.822664707653;6080:5433.646072707653;7381:5434.054960707653;364:5434.490344707653;3029:5436.514552707653;69:5440.646838421939;30:5444.779124136225;3346:5446.8033321362245;2832:5447.238716136225;2207:5447.647604136225;2988:5448.931499693246
0,6,default_vehtype,route,False,5384.801339870681,5459.889447117624,2986;-1;-1,2976;-1;-1,759.312563822306,0.7609595047489173,0.760883573492535,0.0,,0,,0,,,2986;3155;7358;2376;3091;4274;880;3109;3874;4306;429;4313;68;7318;7325;3011;4;4345;7330;2976,2986:5384.801339870681;3155:5385.345216488283;7358:5386.437024488283;2376:5391.938904488283;3091:5405.260632488283;4274:5406.403560488283;880:5406.994896488283;3109:5408.845440488283;3874:5414.709720488283;4306:5426.825280488283;429:5428.227600488283;4313:5429.410560488283;68:5435.008920488283;7318:5441.676960488283;7325:5445.003720488283;3011:5449.014360488283;4:5453.799480488283;4345:5455.842960488283;7330:5457.0459604882835;2976:5459.889447117624
0,0,default_vehtype,route,False,5268.990170059996,5479.325772893736,2973;-1;-1,2968;-1;-1,2456.1351504686504,0.9421957687706142,0.9419501552555672,0.0,,0,150,1,,,2973;7354;4225;4614;7369;7607;5900;3459;4818;5992;6047;5708;3884;3030;3347;7376;2207;3446;3720;5332;251;2711;3358;2296;5495;5697;5497;5500;670;5502;5512;5520;5531;6313;6632;6644;3793;6319;7102;3741;7384;6414;5446;2447;2571;42;2577;2566;3033;3036;2469;2404;2235;3762;5287;310;2280;1447;6261;3764;4397;4745;4182;4187;4191;4195;4202;4208;537;18;5629;1068;2559;6740;1717;2067;2720;4210;1711;2968,2973:5268.990170059996;7354:5272.78733737066;4225:5277.37186537066;4614:5280.90684937066;7369:5292.61196137066;7607:5292.84135337066;5900:5296.313049370659;3459:5297.068617370659;4818:5297.683497370659;5992:5298.1602813706595;6047:5302.348809370659;5708:5303.74308937066;3884:5306.28267337066;3030:5306.78069737066;3347:5308.80490537066;7376:5309.24028937066;2207:5309.64917737066;3446:5312.47258537066;3720:5315.50227337066;5332:5316.49371337066;251:5317.24128937066;2711:5318.37910537066;3358:5320.59411337066;2296:5328.8951133706605;5495:5329.111953370661;5697:5330.2157133706605;5497:5330.91315337066;5500:5333.82039337066;670:5335.21779337066;5502:5337.565233370659;5512:5341.086993370659;5520:5343.540993370659;5531:5345.237913370659;6313:5346.2629533706595;6632:5348.55999337066;6644:5350.13127337066;3793:5351.98047337066;6319:5352.89619337066;7102:5353.3742733706595;3741:5353.913913370659;7384:5361.572913370659;6414:5366.780073370659;5446:5369.047833370659;2447:5372.983953370659;2571:5380.572873370659;42:5385.240873370659;2577:5385.913353370659;2566:5394.512433370659;3033:5395.143393370659;3036:5397.412953370659;2469:5401.005273370659;2404:5404.328793370659;2235:5405.612193370659;3762:5406.035625370659;5287:5406.574689370658;310:5409.364905370659;2280:5409.964017370658;1447:5410.409913370659;6261:5414.287905370658;3764:5415.2936013706585;4397:5415.844257370659;4745:5416.070553370659;4182:5420.524329370659;4187:5423.186385370659;4191:5423.924673370659;4195:5438.387961370659;4202:5439.3904893706585;4208:5440.3721373706585;537:5441.326137370658;18:5447.193705370658;5629:5453.043129370658;1068:5455.5955293706575;2559:5462.646129370657;6740:5467.116753370657;1717:5472.950481370656;2067:5473.688265370656;2720:5474.451681370656;4210:5475.349953370656;1711:5476.479633370656;2968:5479.325772893736
0,0,default_vehtype,boarding,True,5479.325772893736,5509.325772893736,2968;-1;-1,2968;-1;-1,0.0,0.9419501552555672,0.9419501552555672,0.0,,0,150,1,,150,,
0,1,default_vehtype,boarding,True,5444.993702535089,5474.993702535089,2987;-1;-1,2987;-1;-1,0.0,0.8539675463663728,0.8539675463663728,0.0,,0,145,1,,145,,
0,2,default_vehtype,route,False,5388.170488238996,5509.677688586513,2973;-1;-1,2984;-1;-1,1307.089262558386,0.9591225996574393,0.9589918907311834,0.0,,0,155,1,,,2973;7354;3525;6025;3063;6027;7362;2188;2186;5744;6033;5746;6031;146;2828;2376;3091;4274;880;3109;3874;4306;429;4313;68;7318;7325;3011;4;4345;1199;1204;2996;2984,2973:5388.170488238996;7354:5391.96765554966;3525:5402.84649554966;6025:5404.58795954966;3063:5405.85263954966;6027:5407.15461554966;7362:5411.16285554966;2188:5417.82602354966;2186:5419.10229554966;5744:5421.11771954966;6033:5422.487159549661;5746:5424.41056754966;6031:5425.9021915496605;146:5426.86331954966;2828:5427.955127549661;2376:5433.45700754966;3091:5446.77873554966;4274:5447.9216635496605;880:5448.512999549661;3109:5450.363543549661;3874:5456.227823549661;4306:5468.343383549661;429:5469.745703549661;4313:5470.928663549661;68:5476.527023549661;7318:5483.1950635496605;7325:5486.52182354966;3011:5490.532463549661;4:5495.31758354966;4345:5497.361063549661;1199:5501.351406406803;1204:5505.3417492639455;2996:5507.385229263946;2984:5509.677688586513
0,3,default_vehtype,boarding,True,5434.399623482827,5464.399623482827,2969;-1;-1,2969;-1;-1,0.0,0.6882444649731904,0.6882444649731904,0.0,,0,156,1,156,,,
0,4,default_vehtype,boarding,True,5448.931499693246,5478.931499693246,2988;-1;-1,2988;-1;-1,0.0,0.8191112829016352,0.8191112829016352,0.0,,0,149,1,,149,,
0,5,default_vehtype,route,False,5177.433559231352,5469.6777787730025,2991;-1;-1,2983;-1;-1,3171.840523572809,0.5404082038431255,0.5400910197907682,0.0,,0,148,1,,,2991;3010;5658;3008;4585;330;4588;5827;7412;4686;5074;5295;5274;7181;604;603;602;3851;4573;1400;971;598;1368;591;585;940;1370;939;1903;983;3921;840;2881;5099;2878;1735;2581;370;361;2874;1887;4059;910;6541;3462;3648;2851;2850;1801;1560;5242;922;6385;3550;6322;7280;2411;1661;7283;796;751;4635;6299;4102;4325;7285;1218;7334;7010;820;7498;276;2915;2661;7517;6201;7314;2983,2991:5177.433559231352;3010:5181.480828161979;5658:5182.288428161979;3008:5190.391308161979;4585:5212.719588161979;330:5222.3152681619795;4588:5222.8876681619795;5827:5225.167980161979;7412:5228.06662816198;4686:5229.137340161979;5074:5236.0778521619795;5295:5236.308108161979;5274:5239.68692416198;7181:5244.19621216198;604:5247.77461216198;603:5248.838196161981;602:5249.69132416198;3851:5250.69471616198;4573:5255.00103616198;1400:5256.73371616198;971:5260.532148161979;598:5261.59940416198;1368:5262.55974016198;591:5268.43069216198;585:5281.60194016198;940:5288.18180416198;1370:5295.20842816198;939:5295.90510016198;1903:5296.72669216198;983:5297.70920416198;3921:5301.50734816198;840:5306.06818816198;2881:5312.698812161981;5099:5313.85167616198;2878:5314.97970016198;1735:5325.9640201619795;2581:5327.303436161979;370:5328.886284161979;361:5331.383388161979;2874:5331.96939616198;1887:5337.624780161979;4059:5339.544084161979;910:5344.060284161979;6541:5344.72441216198;3462:5346.93805216198;3648:5347.267812161979;2851:5351.9420521619795;2850:5352.8754121619795;1801:5356.17109216198;1560:5360.91157216198;5242:5362.59421216198;922:5363.5101241619805;6385:5366.73176416198;3550:5366.99360416198;6322:5372.63084416198;7280:5376.14960416198;2411:5381.98472416198;1661:5387.78456416198;7283:5388.83360416198;796:5397.6261241619795;751:5399.534004161979;4635:5404.64264416198;6299:5410.601724161979;4102:5412.961044161979;4325:5418.252204161979;7285:5419.169124161978;1218:5420.292324161978;7334:5427.873444161978;7010:5430.780924161978;820:5432.761884161978;7498:5433.229884161978;276:5433.341484161978;2915:5444.687484161977;2661:5451.920844161978;7517:5459.232804161978;6201:5460.093924161977;7314:5466.989244161977;2983:5469.6777787730025
0,5,default_vehtype,boarding,True,5469.6777787730025,5499.6777787730025,2983;-1;-1,2983;-1;-1,0.0,0.5400910197907682,0.5400910197907682,0.0,,0,148;159,2,159,148,,
0,6,default_vehtype,boarding,True,5459.889447117624,5489.889447117624,2976;-1;-1,2976;-1;-1,0.0,0.760883573492535,0.760883573492535,0.0,,0,154,1,154,,,
0,7,default_vehtype,route,False,5344.627871742287,5496.387617991573,2979;-1;-1,2975;-1;-1,1224.9515235059305,0.7689148228719646,0.768792327719614,0.0,,0,152,1,,,2979;2786;2307;3549;6384;4032;1804;4277;5239;6501;3911;5389;7301;3914;5398;5400;4040;4041;5374;5418;5424;5403;6546;1200;7312;3767;4527;3089;3131;5447;7352;414;122;3426;4305;793;118;3979;4275;3068;70;73;4273;880;3109;3874;2975,2979:5344.627871742287;2786:5346.632807307086;2307:5350.151567307086;3549:5355.788807307086;6384:5356.050647307086;4032:5359.272287307086;1804:5360.1881993070865;4277:5361.776279307087;5239:5367.280919307087;6501:5373.243479307087;3911:5382.598319307087;5389:5383.664159307087;7301:5383.918079307087;3914:5385.101759307087;5398:5386.2785993070875;5400:5387.605199307088;4040:5396.909999307088;4041:5399.854319307087;5374:5404.106879307087;5418:5405.144159307087;5424:5405.287439307087;5403:5406.392759307087;6546:5410.619639307087;1200:5415.228719307087;7312:5416.722479307087;3767:5418.7288793070875;4527:5421.5257193070875;3089:5429.935319307087;3131:5430.415559307087;5447:5432.803199307087;7352:5434.114559307087;414:5436.584279307087;122:5448.938639307087;3426:5450.192159307087;4305:5451.594479307088;793:5463.710039307088;118:5469.5743193070875;3979:5471.424863307087;4275:5472.016199307088;3068:5476.760485021374;70:5479.046485021374;73:5481.332485021374;4273:5486.07677073566;880:5486.66810673566;3109:5488.51865073566;3874:5494.38293073566;2975:5496.387617991573
0,2,default_vehtype,boarding,True,5509.677688586513,5539.677688586513,2984;-1;-1,2984;-1;-1,0.0,0.9589918907311834,0.9589918907311834,0.0,,0,155,1,,155,,
0,4,default_vehtype,route,False,5478.931499693246,5565.554464868063,2988;-1;-1,2971;-1;-1,775.530490028943,0.8191112829016352,0.8190337298526322,0.0,,0,,0,,,2988;3447;3721;5333;251;2711;3358;2296;5495;5696;3307;3987;2396;886;808;1372;807;1375;108;1376;1380;373;2390;7391;5704;7389;2971,2988:5478.931499693246;3447:5480.471012136225;3721:5483.500700136225;5333:5484.492140136224;251:5485.239716136224;2711:5486.3775321362245;3358:5488.592540136225;2296:5496.893540136225;5495:5497.110380136225;5696:5497.873100136225;3307:5508.611540136225;3987:5515.438700136225;2396:5516.744660136224;886:5522.382260136224;808:5522.848460136224;1372:5523.711380136224;807:5524.8152601362235;1375:5526.499460136223;108:5528.639900136223;1376:5530.440140136223;1380:5532.456740136223;373:5542.0177401362225;2390:5544.562460136222;7391:5545.963100136222;5704:5548.328180136222;7389:5562.866420136222;2971:5565.554464868063
0,7,default_vehtype,boarding,True,5496.387617991573,5526.387617991573,2975;-1;-1,2975;-1;-1,0.0,0.768792327719614,0.768792327719614,0.0,,0,152,1,,152,,
0,1,default_vehtype,route,False,5474.993702535089,5637.223036612849,2987;-1;-1,2969;-1;-1,1787.992528857795,0.8539675463663728,0.8537887471134871,0.0,,0,,0,,,2987;4613;7368;7606;5900;3459;4818;5992;6047;5708;3884;3030;3347;7376;2207;3446;3720;5332;251;2711;3358;2296;5495;5697;5497;5500;670;5502;5512;5520;5531;6313;6632;6644;3793;6319;7102;3741;7384;6414;5446;2447;2571;42;2577;2566;3033;3036;2469;2404;2235;3762;5287;310;2280;1447;6261;3764;4397;4745;4182;4187;4191;4195;4202;336;2969,2987:5474.993702535089;4613:5476.589951564797;7368:5488.295063564797;7606:5488.524455564797;5900:5491.9961515647965;3459:5492.751719564796;4818:5493.366599564796;5992:5493.843383564797;6047:5498.031911564796;5708:5499.426191564797;3884:5501.965775564797;3030:5502.463799564797;3347:5504.488007564797;7376:5504.923391564797;2207:5505.332279564797;3446:5508.1556875647975;3720:5511.185375564797;5332:5512.176815564797;251:5512.924391564797;2711:5514.062207564797;3358:5516.277215564797;2296:5524.578215564798;5495:5524.795055564798;5697:5525.898815564798;5497:5526.5962555647975;5500:5529.503495564797;670:5530.900895564797;5502:5533.248335564796;5512:5536.770095564796;5520:5539.224095564796;5531:5540.921015564796;6313:5541.946055564797;6632:5544.243095564797;6644:5545.814375564797;3793:5547.663575564797;6319:5548.579295564797;7102:5549.0573755647965;3741:5549.5970155647965;7384:5557.256015564796;6414:5562.463175564796;5446:5564.730935564796;2447:5568.667055564796;2571:5576.255975564796;42:5580.923975564796;2577:5581.596455564796;2566:5590.195535564796;3033:5590.8264955647965;3036:5593.096055564796;2469:5596.688375564796;2404:5600.011895564796;2235:5601.295295564796;3762:5601.718727564796;5287:5602.257791564795;310:5605.048007564796;2280:5605.6471195647955;1447:5606.093015564796;6261:5609.971007564795;3764:5610.976703564796;4397:5611.527359564796;4745:5611.753655564796;4182:5616.207431564796;4187:5618.869487564796;4191:5619.607775564796;4195:5634.071063564796;4202:5635.073591564796;336:5636.096711564795;2969:5637.223036612849
0,2,default_vehtype,route,False,5539.677688586513,5583.203457160835,2984;-1;-1,2977;-1;-1,362.7147381193425,0.9589918907311834,0.9589556192573715,0.0,,0,,0,,,2984;3012;4;4345;7330;7562;7316;7531;2802;2977,2984:5539.677688586513;3012:5542.170349263945;4:5546.955469263945;4345:5548.998949263945;7330:5550.201949263946;7562:5558.035789263946;7316:5565.430789263946;7531:5572.985749263947;2802:5580.2012292639465;2977:5583.203457160835
0,2,default_vehtype,boarding,True,5583.203457160835,5613.203457160835,2977;-1;-1,2977;-1;-1,0.0,0.9589556192573715,0.9589556192573715,0.0,,0,160,1,160,,,
0,4,default_vehtype,boarding,True,5565.554464868063,5595.554464868063,2971;-1;-1,2971;-1;-1,0.0,0.8190337298526322,0.8190337298526322,0.0,,0,157,1,157,,,
0,5,default_vehtype,route,False,5499.6777787730025,5615.168748114225,2983;-1;-1,2974;-1;-1,1083.4350680544096,0.5400910197907682,0.5399826762839627,0.0,,0,159,1,,,2983;7527;2803;7558;2806;4344;2996;3013;7322;2804;3061;1173;3425;4304;793;118;3979;4275;103;6480;7360;3154;6028;2181;2180;146;2828;2974,2983:5499.6777787730025;7527:5504.204724161977;2803:5511.759684161977;7558:5519.1546841619775;2806:5526.988524161978;4344:5528.191524161978;2996:5530.235004161978;3013:5535.020124161978;7322:5539.030764161978;2804:5542.357524161978;3061:5549.025564161978;1173:5554.623924161978;3425:5555.806884161978;4304:5557.209204161978;793:5569.324764161978;118:5575.189044161978;3979:5577.039588161978;4275:5577.630924161978;103:5578.7738521619785;6480:5592.095580161978;7360:5597.597460161978;3154:5598.689268161978;6028:5599.650396161978;2181:5603.8824533048355;2180:5608.114510447693;146:5609.075638447693;2828:5610.167446447693;2974:5615.168748114225
0,7,default_vehtype,route,False,5580.0,5640.0,2975;-1;-1,7316;7531;0.588,499.999999999993,0.768792327719614,0.768742327719614,0.0,,0,,0,,,2975;1166;429;4313;68;7318;7325;3011;4;4345;7330;7562;7316,2975:5580;1166:5590.110872744087;429:5591.513192744087;4313:5592.696152744087;68:5598.294512744087;7318:5604.962552744087;7325:5608.289312744087;3011:5612.299952744087;4:5617.085072744087;4345:5619.128552744087;7330:5620.331552744087;7562:5628.1653927440875;7316:5635.560392744088
0,1,default_vehtype,boarding,True,5637.223036612849,5667.223036612849,2969;-1;-1,2969;-1;-1,0.0,0.8537887471134871,0.8537887471134871,0.0,,0,158,1,158,,,
0,2,default_vehtype,route,False,5613.203457160835,5667.2213216075725,2977;-1;-1,2976;-1;-1,399.16115610376266,0.9589556192573715,0.9589157031417611,0.0,,0,160,1,,,2977;6202;7315;7530;2803;7558;2806;4344;1199;1204;7329;2976,2977:5613.203457160835;6202:5617.096549263946;7315:5623.991869263946;7530:5631.207349263946;2803:5638.762309263946;7558:5646.157309263946;2806:5653.991149263947;4344:5655.194149263947;1199:5659.1844921210895;1204:5663.174834978232;7329:5664.377834978232;2976:5667.2213216075725
0,2,default_vehtype,boarding,True,5667.2213216075725,5697.2213216075725,2976;-1;-1,2976;-1;-1,0.0,0.9589157031417611,0.9589157031417611,0.0,,0,160;163,2,163,160,,
0,3,default_vehtype,route,False,5464.399623482827,5652.910699858662,2969;-1;-1,2966;-1;-1,1632.261708212367,0.6882444649731904,0.688081238802369,0.0,,0,156,1,,,2969;7192;1664;337;1075;5648;5759;205;5793;1407;5826;7411;4686;5074;5295;5274;7181;604;603;602;1339;1395;1399;835;1147;1093;2607;911;1150;665;666;1885;668;1415;1041;1623;1383;2333;2966,2969:5464.399623482827;7192:5468.003266434774;1664:5471.257162434774;337:5479.017394434773;1075:5480.041234434773;5648:5480.842018434773;5759:5486.400346434773;205:5491.544602434773;5793:5495.665954434773;1407:5497.2860984347735;5826:5499.566410434773;7411:5502.465058434774;4686:5503.535770434773;5074:5510.476282434774;5295:5510.706538434773;5274:5514.085354434774;7181:5518.594642434774;604:5522.173042434774;603:5523.236626434775;602:5524.0897544347745;1339:5525.082130434775;1395:5533.619458434775;1399:5535.760162434775;835:5539.337122434776;1147:5540.1296984347755;1093:5541.388978434776;2607:5549.447650434776;911:5552.3015144347755;1150:5553.0619784347755;665:5554.511842434776;666:5555.380954434776;1885:5556.366778434776;668:5569.737178434776;1415:5570.366242434776;1041:5587.05275672049;1623:5591.436013863347;1383:5602.521442434776;2333:5642.675328149062;2966:5652.910699858662
0,3,default_vehtype,boarding,True,5652.910699858662,5682.910699858662,2966;-1;-1,2966;-1;-1,0.0,0.688081238802369,0.688081238802369,0.0,,0,156;161,2,161,156,,
0,4,default_vehtype,route,False,5595.554464868063,5669.457948825559,2971;-1;-1,2973;-1;-1,860.3601923643268,0.8190337298526322,0.8189476938333958,0.0,,0,157,1,,,2971;3807;6875;885;316;2042;1982;6306;374;7114;3246;5330;661;445;6080;7381;364;3029;3886;5711;6045;2157;4817;456;5901;7605;2830;1420;1084;2973,2971:5595.554464868063;3807:5596.930820136222;6875:5597.998820136222;885:5598.602180136222;316:5605.429340136222;2042:5616.167780136222;1982:5616.930500136222;6306:5617.147340136222;374:5625.448340136222;7114:5627.663348136222;3246:5628.801164136223;5330:5629.5487401362225;661:5630.540180136222;445:5633.569868136222;6080:5636.393276136222;7381:5636.802164136222;364:5637.237548136222;3029:5639.261756136222;3886:5639.759780136223;5711:5642.299364136223;6045:5643.693644136223;2157:5647.882172136223;4817:5648.358956136223;456:5648.973836136223;5901:5649.729404136223;7605:5653.2011001362225;2830:5653.430492136223;1420:5665.135604136222;1084:5668.670588136222;2973:5669.457948825559
0,4,default_vehtype,boarding,True,5669.457948825559,5699.457948825559,2973;-1;-1,2973;-1;-1,0.0,0.8189476938333958,0.8189476938333958,0.0,,0,157,1,,157,,
0,5,default_vehtype,boarding,True,5615.168748114225,5645.168748114225,2974;-1;-1,2974;-1;-1,0.0,0.5399826762839627,0.5399826762839627,0.0,,0,159,1,,159,,
0,7,default_vehtype,route,False,5640.0,5653.333060640976,7316;7531;0.588,2977;-1;-1,111.10883867480106,0.768742327719614,0.7687312168357465,0.0,,0,,0,,,7316;7531;2802;2977,7316:5640;7531:5643.115352744088;2802:5650.330832744088;2977:5653.333060640976
0,7,default_vehtype,boarding,True,5653.333060640976,5683.333060640976,2977;-1;-1,2977;-1;-1,0.0,0.7687312168357465,0.7687312168357465,0.0,,0,164,1,164,,,
0,6,default_vehtype,route,False,5489.889447117624,5710.024164326301,2976;-1;-1,2970;-1;-1,1834.4559767389576,0.760883573492535,0.7607001278948611,0.0,,0,154,1,,,2976;7557;2806;4344;2996;3013;7322;2804;3061;1173;3425;3125;3406;2825;1944;130;99;4526;714;2800;4332;799;3653;3825;7127;3766;3988;553;7132;7191;3566;4337;7134;6667;6711;1807;1653;6829;4349;4937;669;5061;7265;3848;534;2839;3560;2970,2976:5489.889447117624;7557:5494.879800488284;2806:5502.713640488284;4344:5503.916640488284;2996:5505.960120488285;3013:5510.745240488284;7322:5514.755880488285;2804:5518.082640488285;3061:5524.750680488284;1173:5530.349040488284;3425:5531.532000488284;3125:5532.785520488284;3406:5545.139880488285;2825:5547.609600488285;1944:5548.920960488284;130:5551.308600488284;99:5551.788840488284;4526:5560.198440488284;714:5562.995280488284;2800:5565.001680488284;4332:5565.817320488284;799:5566.998240488284;3653:5571.594480488284;3825:5572.843080488284;7127:5616.403200488284;3766:5617.340400488284;3988:5621.076000488284;553:5621.534280488284;7132:5631.413160488284;7191:5639.370360488284;3566:5641.199520488284;4337:5645.697720488284;7134:5646.797760488284;6667:5654.729880488285;6711:5670.589440488285;1807:5672.516640488285;1653:5678.320560488285;6829:5679.093480488285;4349:5679.642360488286;4937:5684.011920488286;669:5694.3193204882855;5061:5700.1276804882855;7265:5700.910920488285;3848:5701.885560488286;534:5705.930520488286;2839:5707.289160488286;3560:5708.364720488286;2970:5710.024164326301
0,6,default_vehtype,boarding,True,5710.024164326301,5740.024164326301,2970;-1;-1,2970;-1;-1,0.0,0.7607001278948611,0.7607001278948611,0.0,,0,154,1,,154,,
0,3,default_vehtype,route,False,5682.910699858662,5786.000880000003,2966;-1;-1,2967;-1;-1,889.1057434150202,0.688081238802369,0.6879923282280276,0.0,,0,161,1,,,2966;2743;2631;2150;735;738;2470;734;1815;739;1724;1962;1910;164;1354;197;1311;7;1963;1308;482;7613;2611;1307;2876;1960;2967,2966:5682.910699858662;2743:5690.754528149062;2631:5694.765956720491;2150:5711.696242434777;735:5722.178413863348;738:5728.346242434777;2470:5729.295922434777;734:5729.504794434777;1815:5730.513010434777;739:5731.353538434777;1724:5747.811226434777;1962:5748.868042434778;1910:5749.690282434778;164:5750.6414744347785;1354:5751.597994434778;197:5753.807242434778;1311:5765.342002434778;7:5769.036970434778;1963:5769.445426434778;1308:5769.806650434778;482:5774.361298434778;7613:5775.685450434778;2611:5779.581802434778;1307:5780.897530434778;2876:5783.564266434778;1960:5784.548506434778;2967:5786.000880000003
0,3,default_vehtype,boarding,True,5786.000880000003,5816.000880000003,2967;-1;-1,2967;-1;-1,0.0,0.6879923282280276,0.6879923282280276,0.0,,0,161,1,,161,,
0,4,default_vehtype,route,False,5700.0,5770.062022566578,2973;-1;-1,2975;-1;-1,929.3671620029346,0.8189476938333958,0.8188547571171956,0.0,,0,,0,,,2973;7354;3525;6025;3063;6027;7362;2188;2186;5744;6033;5746;6031;146;2828;2376;3091;4274;880;3109;3874;2975,2973:5700;7354:5703.797167310664;3525:5714.676007310664;6025:5716.417471310664;3063:5717.682151310664;6027:5718.984127310664;7362:5722.992367310664;2188:5729.655535310664;2186:5730.931807310664;5744:5732.947231310664;6033:5734.316671310665;5746:5736.240079310664;6031:5737.731703310665;146:5738.692831310665;2828:5739.784639310665;2376:5745.2865193106645;3091:5758.608247310664;4274:5759.751175310665;880:5760.342511310665;3109:5762.193055310665;3874:5768.057335310665;2975:5770.062022566578
0,4,default_vehtype,boarding,True,5770.062022566578,5800.062022566578,2975;-1;-1,2975;-1;-1,0.0,0.8188547571171956,0.8188547571171956,0.0,,0,165,1,165,,,
0,5,default_vehtype,route,False,5645.168748114225,5772.387591344432,2974;-1;-1,2983;-1;-1,1071.1849319455905,0.5399826762839627,0.5398755577907681,0.0,,0,,0,,,2974;6479;3091;4274;880;3109;3874;4306;429;4313;68;7318;7325;3011;4;4345;7330;7562;7316;7531;2802;2251;7515;4311;2918;1172;2919;6201;7314;2983,2974:5645.168748114225;6479:5645.669326447693;3091:5658.9910544476925;4274:5660.133982447693;880:5660.725318447693;3109:5662.575862447693;3874:5668.440142447693;4306:5680.555702447693;429:5681.958022447693;4313:5683.140982447693;68:5688.739342447693;7318:5695.407382447693;7325:5698.734142447693;3011:5702.744782447693;4:5707.529902447693;4345:5709.573382447693;7330:5710.776382447693;7562:5718.610222447694;7316:5726.005222447694;7531:5733.560182447694;2802:5740.775662447694;2251:5747.670982447694;7515:5748.532102447693;4311:5753.282045304836;2918:5755.23735959055;1172:5757.192673876264;2919:5761.942616733407;6201:5762.803736733406;7314:5769.699056733406;2983:5772.387591344432
0,5,default_vehtype,boarding,True,5772.387591344432,5802.387591344432,2983;-1;-1,2983;-1;-1,0.0,0.5398755577907681,0.5398755577907681,0.0,,0,162,1,162,,,
0,6,default_vehtype,route,False,5760.0,5767.381840040903,2970;-1;-1,2990;-1;-1,61.51533367418344,0.7607001278948611,0.7606939763614936,0.0,,0,,0,,,2970;671;544;7400;5449;2990,2970:5760;671:5761.0301161619855;544:5763.719676161985;7400:5764.7952361619855;5449:5765.994276161986;2990:5767.381840040903
0,6,default_vehtype,boarding,True,5767.381840040903,5797.381840040903,2990;-1;-1,2990;-1;-1,0.0,0.7606939763614936,0.7606939763614936,0.0,,0,170,1,170,,,
0,2,default_vehtype,route,False,5697.2213216075725,5823.165185948526,2976;-1;-1,2987;-1;-1,1410.1941526762307,0.9589157031417611,0.9587746837264934,0.0,,0,163,1,,,2976;7557;2806;4344;2996;3013;7322;2804;3061;1173;3425;4304;793;118;3979;4275;103;6480;7360;3154;6028;5745;6035;5743;6038;6041;7365;2179;3064;6023;3524;7356;4225;2987,2976:5697.2213216075725;7557:5702.211674978233;2806:5710.045514978233;4344:5711.248514978233;2996:5713.291994978234;3013:5718.077114978233;7322:5722.0877549782335;2804:5725.4145149782335;3061:5732.082554978233;1173:5737.680914978233;3425:5738.863874978233;4304:5740.266194978233;793:5752.381754978233;118:5758.246034978233;3979:5760.096578978233;4275:5760.6879149782335;103:5761.830842978234;6480:5775.152570978234;7360:5780.654450978233;3154:5781.7462589782335;6028:5782.707386978233;5745:5784.199010978234;6035:5786.122418978233;5743:5787.491858978234;6038:5789.507282978234;6041:5790.783554978234;7365:5797.446722978234;2179:5801.454962978234;3064:5802.756938978234;6023:5804.021618978234;3524:5805.763082978234;7356:5816.641922978234;4225:5821.226450978234;2987:5823.165185948526
0,2,default_vehtype,boarding,True,5823.165185948526,5853.165185948526,2987;-1;-1,2987;-1;-1,0.0,0.9587746837264934,0.9587746837264934,0.0,,0,163,1,,163,,
0,8,default_vehtype,route,False,5760.0,5878.448631310085,2980;-1;-1,2981;-1;-1,632.2576748681246,0.9129179084850004,0.9128546827175137,0.0,,0,,0,,,2980;914;2135;1730;2664;2579;2961;2407;2581;370;361;2874;1887;4059;910;6541;3462;3648;2851;2850;1801;1560;5242;922;6385;3550;2981,2980:5760;914:5775.882170735657;2135:5783.833027878514;1730:5799.289370735657;2664:5801.111485021372;2579:5805.987427878515;2961:5822.758285021372;2407:5828.007085021372;2581:5836.494342164229;370:5838.077190164229;361:5840.574294164229;2874:5841.1603021642295;1887:5846.815686164229;4059:5848.734990164229;910:5853.251190164229;6541:5853.91531816423;3462:5856.1289581642295;3648:5856.458718164229;2851:5861.132958164229;2850:5862.066318164229;1801:5865.36199816423;1560:5870.10247816423;5242:5871.78511816423;922:5872.70103016423;6385:5875.92267016423;3550:5876.18451016423;2981:5878.448631310085
0,1,default_vehtype,route,False,5667.223036612849,5883.689444929962,2969;-1;-1,2985;-1;-1,1880.9112266265465,0.8537887471134871,0.8536006559908244,0.0,,0,158,1,,,2969;7192;1664;1659;538;4990;4939;5252;3070;1657;4439;4842;1272;3423;4282;4975;5250;6710;2464;7135;1193;552;2755;7131;3567;888;712;2718;754;611;1812;1186;7311;3767;4527;3089;3131;5447;7352;414;122;3426;4305;793;118;3979;2985,2969:5667.223036612849;7192:5670.826679564795;1664:5674.080575564795;1659:5678.840135564796;538:5679.991175564795;4990:5683.688255564795;4939:5685.078815564795;5252:5690.503535564795;3070:5691.539975564795;1657:5699.056775564795;4439:5704.686935564795;4842:5709.071495564795;1272:5709.256415564795;3423:5710.472975564795;4282:5714.250455564795;4975:5715.300215564795;5250:5721.104135564795;6710:5723.031335564795;2464:5738.890895564795;7135:5746.823015564795;1193:5747.9230555647955;552:5752.4212555647955;2755:5754.250415564796;7131:5762.207615564796;3567:5772.086495564796;888:5772.544775564796;712:5776.280375564796;2718:5777.217575564796;754:5820.777695564796;611:5822.026295564796;1812:5826.597455564796;1186:5827.774655564796;7311:5828.590295564796;3767:5830.596695564796;4527:5833.393535564796;3089:5841.803135564796;3131:5842.283375564796;5447:5844.671015564796;7352:5845.982375564796;414:5848.452095564796;122:5860.806455564796;3426:5862.059975564796;4305:5863.4622955647965;793:5875.577855564797;118:5881.442135564796;3979:5883.292679564796;2985:5883.689444929962
0,1,default_vehtype,boarding,True,5883.689444929962,5913.689444929962,2985;-1;-1,2985;-1;-1,0.0,0.8536006559908244,0.8536006559908244,0.0,,0,158,1,,158,,
0,2,default_vehtype,route,False,5853.165185948526,5884.787658535256,2987;-1;-1,2988;-1;-1,439.2010081490083,0.9587746837264934,0.9587307636256786,0.0,,0,,0,,,2987;4613;7368;7606;5900;3459;4818;5992;6047;5708;3884;3030;3347;7376;2207;2988,2987:5853.165185948526;4613:5854.761434978234;7368:5866.466546978234;7606:5866.695938978234;5900:5870.167634978234;3459:5870.923202978233;4818:5871.538082978233;5992:5872.014866978234;6047:5876.2033949782335;5708:5877.597674978234;3884:5880.137258978234;3030:5880.6352829782345;3347:5882.659490978234;7376:5883.094874978235;2207:5883.503762978235;2988:5884.787658535256
0,2,default_vehtype,boarding,True,5884.787658535256,5914.787658535256,2988;-1;-1,2988;-1;-1,0.0,0.9587307636256786,0.9587307636256786,0.0,,0,167,1,167,,,
0,4,default_vehtype,route,False,5800.062022566578,5919.21328796524,2975;-1;-1,2982;-1;-1,992.9272116555164,0.8188547571171956,0.81875546439603,0.0,,0,165,1,,,2975;1166;429;3125;3406;2825;1944;130;99;4526;714;2800;4339;2419;5404;5421;1925;1883;926;925;5399;1905;830;2795;918;3075;7097;7290;2736;1744;1164;2789;1218;2982,2975:5800.062022566578;1166:5810.172895310665;429:5811.575215310665;3125:5812.828735310665;3406:5825.1830953106655;2825:5827.652815310666;1944:5828.964175310665;130:5831.351815310665;99:5831.832055310665;4526:5840.241655310665;714:5843.038495310665;2800:5845.044895310665;4339:5846.5386553106655;2419:5851.147735310666;5404:5855.374615310666;5421:5856.4799353106655;1925:5856.623215310666;1883:5857.660495310665;926:5861.913055310665;925:5864.857375310665;5399:5874.162175310665;1905:5875.488775310665;830:5876.665615310665;2795:5877.849295310665;918:5878.9914553106655;3075:5886.864415310665;7097:5887.713775310665;7290:5893.515895310666;2736:5902.234375310665;1744:5903.689615310665;1164:5914.798135310665;2789:5916.209935310665;1218:5917.333135310665;2982:5919.21328796524
0,5,default_vehtype,route,False,5802.387591344432,5900.536746530834,2983;-1;-1,2982;-1;-1,700.0444836962448,0.5398755577907681,0.5398055533423984,0.0,,0,162,1,,,2983;7527;2802;2251;7515;7037;7512;3274;2902;3901;7011;7336;4365;7288;1182;1001;6296;6301;2298;2295;2293;4102;4325;7285;1218;2982,2983:5802.387591344432;7527:5806.914536733406;2802:5814.130016733406;2251:5821.025336733405;7515:5821.886456733405;7037:5829.198416733405;7512:5836.431776733405;3274:5847.777776733405;2902:5847.889376733405;3901:5848.357376733405;7011:5850.3383367334045;7336:5853.245816733404;4365:5860.826936733404;7288:5861.950136733404;1182:5862.867056733404;1001:5868.158216733404;6296:5870.517536733403;6301:5875.459822447689;2298:5879.7417653048315;2295:5884.023708161974;2293:5888.96599387626;4102:5891.325313876259;4325:5896.616473876259;7285:5897.533393876259;1218:5898.656593876259;2982:5900.536746530834
0,5,default_vehtype,boarding,True,5900.536746530834,5930.536746530834,2982;-1;-1,2982;-1;-1,0.0,0.5398055533423984,0.5398055533423984,0.0,,0,162,1,,162,,
0,8,default_vehtype,boarding,True,5878.448631310085,5908.448631310085,2981;-1;-1,2981;-1;-1,0.0,0.9128546827175137,0.9128546827175137,0.0,,0,166,1,166,,,
0,0,default_vehtype,route,False,5880.0,5958.621104314936,2968;-1;-1,2970;-1;-1,895.4799830517986,0.9419501552555672,0.9418606072572621,0.0,,0,,0,,,2968;98;2497;7434;2760;542;1074;336;2759;1664;1659;4844;3270;4850;6823;1946;7401;3560;2970,2968:5880;98:5885.769668476921;2497:5887.280300476921;7434:5894.488148476921;2760:5901.026684476921;542:5908.554788476921;1074:5909.488196476921;336:5910.511316476921;2759:5915.241284476921;1664:5918.495180476921;1659:5923.254740476921;4844:5935.527260476922;3270:5937.400340476922;4850:5942.9534604769215;6823:5950.433780476921;1946:5954.687060476921;7401:5955.8861004769215;3560:5956.961660476922;2970:5958.621104314936
0,0,default_vehtype,boarding,True,5958.621104314936,5988.621104314936,2970;-1;-1,2970;-1;-1,0.0,0.9418606072572621,0.9418606072572621,0.0,,0,171,1,171,,,
0,3,default_vehtype,route,False,5816.000880000003,5970.036081572948,2967;-1;-1,2966;-1;-1,1352.74125658498,0.6879923282280276,0.6878570541023691,0.0,,0,,0,,,2967;3896;5466;7451;4482;6930;7615;3488;4485;5469;2998;901;1083;1355;1961;1962;1033;1559;1958;2907;636;1954;1949;186;333;2164;695;694;1041;1623;1383;2333;2966,2967:5816.000880000003;3896:5822.080426434778;5466:5829.612346434778;7451:5830.596586434778;4482:5833.263322434778;6930:5834.579050434778;7615:5838.475402434778;3488:5839.799554434778;4485:5844.354202434778;5469:5844.715426434778;2998:5845.123882434778;901:5846.369410434779;1083:5849.1598424347785;1355:5862.849130434778;1961:5863.831858434778;1962:5864.770738434778;1033:5865.980194434777;1559:5872.364290434777;1958:5879.711314434777;2907:5880.3349784347765;636:5883.150106434777;1954:5883.760810434776;1949:5892.660946434777;186:5894.227090434777;333:5894.866810434777;2164:5895.483202434777;695:5900.190490434777;694:5903.359210434776;1041:5904.178138434776;1623:5908.561395577633;1383:5919.646824149062;2333:5959.800709863348;2966:5970.036081572948
0,4,default_vehtype,boarding,True,5919.21328796524,5949.21328796524,2982;-1;-1,2982;-1;-1,0.0,0.81875546439603,0.81875546439603,0.0,,0,165,1,,165,,
0,6,default_vehtype,route,False,5797.381840040903,5980.071363132278,2990;-1;-1,2987;-1;-1,1926.571842263089,0.7606939763614936,0.7605013191772673,0.0,,0,170,1,,,2990;2552;1946;7401;3560;3731;662;7398;3491;6933;7394;6989;7392;5704;7389;3806;2573;885;316;2042;1982;6306;374;7114;3246;5330;661;445;6080;7381;364;3029;3886;5711;6045;2157;4817;456;5901;7605;2830;1420;1084;7357;2826;2827;4225;2987,2990:5797.381840040903;2552:5800.247556161986;1946:5804.500836161986;7401:5805.699876161986;3560:5806.775436161986;3731:5809.464996161986;662:5831.914716161986;7398:5835.433956161985;3491:5841.758676161985;6933:5842.670436161985;7394:5848.032036161985;6989:5848.626396161985;7392:5857.837476161985;5704:5860.202556161985;7389:5874.740796161985;3806:5878.805196161985;2573:5879.873196161985;885:5880.476556161985;316:5887.303716161985;2042:5898.042156161985;1982:5898.804876161985;6306:5899.021716161985;374:5907.322716161985;7114:5909.537724161985;3246:5910.675540161986;5330:5911.4231161619855;661:5912.414556161985;445:5915.444244161985;6080:5918.267652161985;7381:5918.676540161985;364:5919.111924161985;3029:5921.136132161985;3886:5921.634156161986;5711:5924.173740161986;6045:5925.568020161986;2157:5929.756548161986;4817:5930.233332161986;456:5930.848212161986;5901:5931.603780161986;7605:5935.0754761619855;2830:5935.304868161986;1420:5947.009980161985;1084:5950.544964161985;7357:5955.129492161986;2826:5964.338796161986;2827:5973.5481001619855;4225:5978.132628161986;2987:5980.071363132278
0,7,default_vehtype,route,False,5683.333060640976,5974.023009209141,2977;-1;-1,2992;-1;-1,2881.7774406516896,0.7687312168357465,0.7684430390916813,0.0,,0,164,1,,,2977;6202;7315;7530;2803;7558;2806;4344;2996;3013;7322;2804;3061;1173;3425;3125;3406;2825;1944;130;99;4526;714;2800;4332;799;3653;3825;7127;1836;4248;5046;7138;6879;1367;3637;3640;3643;7179;5275;5297;5072;1464;2847;5825;4587;5794;3202;2065;2023;4203;537;18;5629;1068;2559;6740;1717;2067;2063;1937;2992,2977:5683.333060640976;6202:5687.226152744088;7315:5694.121472744087;7530:5701.336952744087;2803:5708.891912744088;7558:5716.286912744088;2806:5724.120752744088;4344:5725.323752744089;2996:5727.367232744089;3013:5732.152352744089;7322:5736.162992744089;2804:5739.489752744089;3061:5746.1577927440885;1173:5751.7561527440885;3425:5752.939112744089;3125:5754.192632744089;3406:5766.546992744089;2825:5769.016712744089;1944:5770.328072744089;130:5772.715712744089;99:5773.195952744089;4526:5781.6055527440885;714:5784.4023927440885;2800:5786.408792744089;4332:5787.2244327440885;799:5788.405352744088;3653:5793.001592744088;3825:5794.250192744088;7127:5837.810312744088;1836:5839.161272744088;4248:5853.7064727440875;5046:5870.046992744087;7138:5871.685592744087;6879:5877.951992744088;1367:5889.444872744088;3637:5891.337992744087;3640:5892.191120744087;3643:5893.254704744088;7179:5896.833104744088;5275:5901.342392744088;5297:5904.7212087440885;5072:5904.951464744088;1464:5911.891976744088;2847:5912.962688744088;5825:5915.8613367440885;4587:5918.141648744088;5794:5919.761792744089;3202:5923.883144744089;2065:5929.0274007440885;2023:5934.585728744089;4203:5935.386512744089;537:5936.340512744088;18:5942.208080744088;5629:5948.057504744088;1068:5950.6099047440875;2559:5957.660504744087;6740:5962.131128744087;1717:5967.964856744086;2067:5968.702640744086;2063:5969.418896744086;1937:5972.688848744086;2992:5974.023009209141
0,2,default_vehtype,route,False,5914.787658535256,6057.439940015087,2988;-1;-1,2984;-1;-1,1600.770944951656,0.9587307636256786,0.9585706865311834,0.0,,0,167,1,,,2988;3447;6082;7383;364;3029;3886;5711;6045;2157;4817;456;5901;7605;2830;5852;6913;1321;597;2204;6066;6049;7367;2188;2186;5744;6033;5746;6031;146;2828;2376;3091;4274;880;3109;3874;4306;429;4313;68;7318;7325;3011;4;4345;1199;1204;2996;2984,2988:5914.787658535256;3447:5916.327170978235;6082:5919.150578978235;7383:5919.559466978235;364:5919.994850978235;3029:5922.019058978235;3886:5922.5170829782355;5711:5925.056666978236;6045:5926.450946978236;2157:5930.639474978236;4817:5931.116258978236;456:5931.731138978236;5901:5932.486706978236;7605:5935.958402978235;2830:5936.187794978236;5852:5942.714522978235;6913:5944.610930978235;1321:5949.759362978235;597:5950.222250978235;2204:5951.779538978235;6066:5952.425234978235;6049:5956.651562978234;7367:5958.925106978234;2188:5965.588274978234;2186:5966.864546978234;5744:5968.879970978234;6033:5970.249410978235;5746:5972.172818978234;6031:5973.664442978235;146:5974.6255709782345;2828:5975.717378978235;2376:5981.219258978234;3091:5994.540986978234;4274:5995.6839149782345;880:5996.275250978235;3109:5998.125794978235;3874:6003.990074978235;4306:6016.105634978235;429:6017.507954978235;4313:6018.690914978235;68:6024.289274978235;7318:6030.9573149782345;7325:6034.2840749782345;3011:6038.294714978235;4:6043.079834978234;4345:6045.123314978235;1199:6049.113657835377;1204:6053.10400069252;2996:6055.14748069252;2984:6057.439940015087
0,3,default_vehtype,boarding,True,5970.036081572948,6000.036081572948,2966;-1;-1,2966;-1;-1,0.0,0.6878570541023691,0.6878570541023691,0.0,,0,169,1,169,,,
0,6,default_vehtype,boarding,True,5980.071363132278,6010.071363132278,2987;-1;-1,2987;-1;-1,0.0,0.7605013191772673,0.7605013191772673,0.0,,0,170,1,,170,,
0,7,default_vehtype,boarding,True,5974.023009209141,6004.023009209141,2992;-1;-1,2992;-1;-1,0.0,0.7684430390916813,0.7684430390916813,0.0,,0,164,1,,164,,
0,8,default_vehtype,route,False,5908.448631310085,6041.718369486795,2981;-1;-1,2984;-1;-1,1110.581151472602,0.9128546827175137,0.9127436246023664,0.0,,0,166,1,,,2981;6320;7278;2411;1661;7283;796;751;4635;6299;4102;4325;7285;1218;7334;7010;820;7498;276;2915;2661;7517;6201;7314;7529;2803;7558;2806;4344;2996;2984,2981:5908.448631310085;6320:5911.82175016423;7278:5915.34051016423;2411:5921.17563016423;1661:5926.97547016423;7283:5928.0245101642295;796:5936.817030164229;751:5938.724910164229;4635:5943.83355016423;6299:5949.792630164229;4102:5952.151950164229;4325:5957.4431101642285;7285:5958.360030164228;1218:5959.483230164228;7334:5967.064350164228;7010:5969.971830164228;820:5971.952790164228;7498:5972.420790164228;276:5972.532390164228;2915:5983.878390164227;2661:5991.1117501642275;7517:5998.4237101642275;6201:5999.284830164227;7314:6006.180150164227;7529:6013.3956301642265;2803:6020.950590164227;7558:6028.345590164227;2806:6036.179430164228;4344:6037.382430164228;2996:6039.425910164228;2984:6041.718369486795
0,0,default_vehtype,route,False,5988.621104314936,6106.214915011518,2970;-1;-1,2989;-1;-1,932.3449939000982,0.9418606072572621,0.941767372757872,0.0,,0,171,1,,,2970;671;662;7398;3491;6933;7394;6989;7392;5704;7389;3806;2573;885;316;2042;1982;6306;5681;2294;2035;6308;5495;5696;3307;3987;6878;2989,2970:5988.621104314936;671:5989.6512204769215;662:6012.100940476921;7398:6015.620180476921;3491:6021.94490047692;6933:6022.85666047692;7394:6028.2182604769205;6989:6028.8126204769205;7392:6038.023700476921;5704:6040.38878047692;7389:6054.92702047692;3806:6058.99142047692;2573:6060.05942047692;885:6060.6627804769205;316:6067.48994047692;2042:6078.22838047692;1982:6078.99110047692;6306:6079.20794047692;5681:6081.60194047692;2294:6082.933426191206;2035:6084.264911905492;6308:6086.6589119054925;5495:6086.8757519054925;5696:6087.638471905492;3307:6098.376911905492;3987:6105.204071905492;6878:6105.807431905492;2989:6106.214915011518
0,1,default_vehtype,route,False,5913.689444929962,6105.571731443712,2985;-1;-1,2990;-1;-1,2086.090402252569,0.8536006559908244,0.8533920469505991,0.0,,0,,0,,,2985;1140;103;6480;7360;3154;6028;5745;6035;5743;6038;6041;7365;6050;6068;6077;3629;4502;6912;2108;7370;7608;5900;3459;4818;5992;6047;5708;3884;3030;3347;7376;2207;3446;3720;5332;251;2711;3358;2296;5495;5696;3307;3987;6878;746;2834;2045;2835;2641;7396;2616;486;2838;3722;3732;544;7400;5449;2990,2985:5913.689444929962;1140:5913.884015564797;103:5915.026943564797;6480:5928.348671564797;7360:5933.850551564797;3154:5934.942359564797;6028:5935.903487564797;5745:5937.395111564797;6035:5939.318519564797;5743:5940.687959564797;6038:5942.703383564797;6041:5943.979655564797;7365:5950.642823564797;6050:5952.916367564797;6068:5957.142695564797;6077:5957.788391564796;3629:5959.345679564796;4502:5959.808567564796;6912:5964.956999564796;2108:5966.853407564796;7370:5973.380135564796;7608:5973.609527564796;5900:5977.081223564795;3459:5977.836791564795;4818:5978.451671564795;5992:5978.9284555647955;6047:5983.116983564795;5708:5984.511263564796;3884:5987.050847564796;3030:5987.548871564796;3347:5989.573079564796;7376:5990.008463564796;2207:5990.417351564796;3446:5993.2407595647965;3720:5996.270447564796;5332:5997.261887564796;251:5998.009463564796;2711:5999.147279564796;3358:6001.362287564796;2296:6009.6632875647965;5495:6009.880127564797;5696:6010.642847564796;3307:6021.381287564796;3987:6028.208447564796;6878:6028.811807564796;746:6029.8798075647965;2834:6033.944207564797;2045:6048.4824475647965;2835:6050.847527564796;2641:6060.058607564796;7396:6060.652967564796;2616:6066.014567564796;486:6066.926327564796;2838:6073.251047564796;3722:6076.770287564796;3732:6099.220007564795;544:6101.909567564795;7400:6102.985127564795;5449:6104.184167564796;2990:6105.571731443712
0,2,default_vehtype,boarding,True,6057.439940015087,6087.439940015087,2984;-1;-1,2984;-1;-1,0.0,0.9585706865311834,0.9585706865311834,0.0,,0,167,1,,167,,
0,6,default_vehtype,route,False,6060.0,6091.62247258673,2987;-1;-1,2988;-1;-1,439.20100814900826,0.7605013191772673,0.7604573990764524,0.0,,0,,0,,,2987;4613;7368;7606;5900;3459;4818;5992;6047;5708;3884;3030;3347;7376;2207;2988,2987:6060;4613:6061.596249029708;7368:6073.301361029708;7606:6073.530753029708;5900:6077.002449029707;3459:6077.758017029707;4818:6078.372897029707;5992:6078.849681029707;6047:6083.038209029707;5708:6084.4324890297075;3884:6086.972073029708;3030:6087.470097029708;3347:6089.494305029708;7376:6089.929689029708;2207:6090.338577029708;2988:6091.62247258673
0,8,default_vehtype,boarding,True,6041.718369486795,6071.718369486795,2984;-1;-1,2984;-1;-1,0.0,0.9127436246023664,0.9127436246023664,0.0,,0,166,1,,166,,
0,0,default_vehtype,boarding,True,6106.214915011518,6136.214915011518,2989;-1;-1,2989;-1;-1,0.0,0.941767372757872,0.941767372757872,0,,0,171,1,,171,,
0,1,default_vehtype,boarding,True,6105.571731443712,6135.571731443712,2990;-1;-1,2990;-1;-1,0.0,0.8533920469505991,0.8533920469505991,0,,0,172,1,172,,,
0,6,default_vehtype,boarding,True,6091.62247258673,6121.62247258673,2988;-1;-1,2988;-1;-1,0.0,0.7604573990764524,0.7604573990764524,0,,0,174,1,174,,,
0,0,default_vehtype,route,False,6180.0,6281.926683864266,2989;-1;-1,2987;-1;-1,1253.5481820371742,0.941767372757872,0.9416420179396684,0.0,,0,,0,,,2989;3808;6876;885;316;2042;1982;6306;374;7114;3246;5330;661;445;6080;7381;364;3029;3886;5711;6045;2157;4817;456;5901;7605;2830;1420;1084;7357;2826;2827;4225;2987,2989:6180;3808:6180.660516893973;6876:6181.728516893973;885:6182.3318768939735;316:6189.159036893973;2042:6199.897476893973;1982:6200.660196893973;6306:6200.877036893973;374:6209.1780368939735;7114:6211.393044893974;3246:6212.530860893974;5330:6213.278436893974;661:6214.269876893974;445:6217.299564893973;6080:6220.122972893973;7381:6220.531860893973;364:6220.967244893974;3029:6222.9914528939735;3886:6223.489476893974;5711:6226.029060893974;6045:6227.4233408939745;2157:6231.611868893974;4817:6232.0886528939745;456:6232.703532893975;5901:6233.459100893974;7605:6236.930796893974;2830:6237.160188893974;1420:6248.865300893974;1084:6252.400284893974;7357:6256.984812893974;2826:6266.194116893974;2827:6275.403420893974;4225:6279.987948893974;2987:6281.926683864266
0,2,default_vehtype,route,False,6180.0,6245.617928059831,2984;-1;-1,2986;-1;-1,674.351330400799,0.9585706865311834,0.9585032513981433,0.0,,0,,0,,,2984;3012;7321;2804;3061;1173;3425;4304;793;118;3979;4275;103;6480;7360;2986,2984:6180;3012:6182.4926606774325;7321:6186.503300677433;2804:6189.830060677433;3061:6196.498100677432;1173:6202.096460677432;3425:6203.279420677432;4304:6204.681740677433;793:6216.797300677433;118:6222.6615806774325;3979:6224.512124677432;4275:6225.103460677433;103:6226.246388677433;6480:6239.568116677433;7360:6245.069996677433;2986:6245.617928059831
0,2,default_vehtype,boarding,True,6245.617928059831,6275.617928059831,2986;-1;-1,2986;-1;-1,0.0,0.9585032513981433,0.9585032513981433,0.0,,0,175,1,175,,,
0,3,default_vehtype,route,False,6000.036081572948,6263.540870683659,2966;-1;-1,2989;-1;-1,2459.315580892663,0.6878570541023691,0.6876111225442797,0.0,,0,169,1,,,2966;2743;2631;2150;735;738;1096;3736;81;831;2413;1146;832;1880;1340;3638;3641;7177;5275;5297;5072;1464;2847;5825;4587;5794;3202;2065;2023;4203;4198;1071;1070;1069;1067;1504;4396;710;2281;4664;6260;3300;1832;708;6180;2405;6169;2744;2567;2576;3077;3241;88;2758;2742;2448;2353;6140;7386;3742;7100;6318;737;6639;2446;2301;1992;1990;1988;1985;3729;5498;5496;5699;5494;5695;3307;3987;6878;2989,2966:6000.036081572948;2743:6007.879909863348;2631:6011.891338434777;2150:6028.821624149063;735:6039.303795577634;738:6045.471624149063;1096:6055.010595577634;3736:6055.273611577634;81:6059.122515577635;831:6069.969099577635;2413:6070.956795577635;1146:6071.770179577635;832:6072.578595577635;1880:6075.176283577634;1340:6086.709099577634;3638:6087.695571577634;3641:6088.759155577634;7177:6092.337555577635;5275:6096.846843577635;5297:6100.225659577635;5072:6100.455915577635;1464:6107.396427577635;2847:6108.467139577635;5825:6111.365787577635;4587:6113.646099577635;5794:6115.266243577636;3202:6119.387595577636;2065:6124.531851577635;2023:6130.090179577635;4203:6130.890963577635;4198:6131.872611577635;1071:6132.875139577635;1070:6147.338427577635;1069:6148.076715577635;1067:6150.738771577635;1504:6155.192547577635;4396:6155.418843577635;710:6155.969499577635;2281:6156.9751955776355;4664:6160.853187577635;6260:6161.299083577635;3300:6161.898195577635;1832:6164.688411577636;708:6165.227475577635;6180:6165.650907577635;2405:6167.8733075776345;6169:6171.350427577634;2744:6175.950987577634;2567:6177.793947577634;2576:6186.282507577634;3077:6188.415147577633;3241:6191.544027577634;88:6193.470867577634;2758:6195.434307577634;2742:6195.840747577634;2448:6199.026387577634;2353:6205.227267577634;6140:6210.398307577634;7386:6211.7407475776345;3742:6219.399747577634;7100:6219.939387577634;6318:6220.417467577634;737:6221.333187577634;6639:6223.182387577634;2446:6224.753667577634;2301:6227.050707577634;1992:6228.0757475776345;1990:6229.772667577635;1988:6232.2266675776345;1985:6235.748427577634;3729:6238.095867577634;5498:6239.493267577634;5496:6242.400507577633;5699:6243.097947577633;5494:6244.201707577633;5695:6244.964427577633;3307:6255.702867577633;3987:6262.530027577633;6878:6263.133387577633;2989:6263.540870683659
0,3,default_vehtype,boarding,True,6263.540870683659,6293.540870683659,2989;-1;-1,2989;-1;-1,0.0,0.6876111225442797,0.6876111225442797,0.0,,0,169;179,2,179,169,,
0,7,default_vehtype,route,False,6240.0,6277.017328528743,2992;-1;-1,2967;-1;-1,371.725848613485,0.7684430390916813,0.76840586650682,0.0,,0,,0,,,2992;2526;3895;5465;7450;1719;3469;470;469;5079;7447;1960;2967,2992:6240;2526:6249.202247534946;3895:6250.469231534946;5465:6258.001151534946;7450:6258.985391534946;1719:6259.802015534946;3469:6260.8219675349455;470:6266.783053249232;469:6272.744138963518;5079:6273.764090963517;7447:6274.5807149635175;1960:6275.564954963517;2967:6277.017328528743
0,0,default_vehtype,boarding,True,6281.926683864266,6311.926683864266,2987;-1;-1,2987;-1;-1,0.0,0.9416420179396684,0.9416420179396684,0.0,,0,176,1,176,,,
0,3,default_vehtype,route,False,6293.540870683659,6348.949270563226,2989;-1;-1,2988;-1;-1,508.7451901861828,0.6876111225442797,0.6875602480252611,0.0,,0,179,1,,,2989;3808;6876;885;316;2042;1982;6306;374;7114;3246;5330;661;445;6080;7381;364;3029;69;30;3346;2832;2207;2988,2989:6293.540870683659;3808:6294.201387577632;6876:6295.269387577632;885:6295.872747577632;316:6302.699907577632;2042:6313.438347577632;1982:6314.201067577632;6306:6314.417907577632;374:6322.718907577632;7114:6324.933915577632;3246:6326.071731577633;5330:6326.819307577633;661:6327.810747577632;445:6330.840435577632;6080:6333.663843577632;7381:6334.072731577632;364:6334.508115577632;3029:6336.532323577632;69:6340.664609291918;30:6344.796895006204;3346:6346.821103006204;2832:6347.256487006204;2207:6347.665375006204;2988:6348.949270563226
0,4,default_vehtype,route,False,6240.0,6323.159320491281,2982;-1;-1,2981;-1;-1,715.980737427333,0.81875546439603,0.8186838663222873,0.0,,0,,0,,,2982;2809;4365;7288;4302;5102;7160;7294;2701;3076;4023;7300;1891;827;6499;1803;1141;5241;922;6385;3550;2981,2982:6240;2809:6245.700967345425;4365:6253.282087345425;7288:6254.405287345425;4302:6255.817087345425;5102:6266.925607345424;7160:6268.380847345425;7294:6277.099327345424;2701:6282.9014473454245;3076:6283.750807345425;4023:6291.623767345424;7300:6292.765927345425;1891:6293.019847345425;827:6294.085687345425;6499:6303.440527345425;1803:6309.403087345425;1141:6314.907727345425;5241:6316.495807345425;922:6317.411719345426;6385:6320.633359345426;3550:6320.895199345426;2981:6323.159320491281
0,4,default_vehtype,boarding,True,6323.159320491281,6353.159320491281,2981;-1;-1,2981;-1;-1,0.0,0.8186838663222873,0.8186838663222873,0.0,,0,177,1,177,,,
0,6,default_vehtype,route,False,6121.62247258673,6326.7153620235,2988;-1;-1,2967;-1;-1,2240.9159723361736,0.7604573990764524,0.7602333074792188,0.0,,0,174,1,,,2988;3447;3721;5333;251;2711;3358;2296;5495;5697;5497;5500;670;5502;5512;5520;5531;6313;6632;6644;3793;6319;7102;3741;7384;6414;5446;2447;2571;42;2577;2566;3033;3036;2469;2404;2235;3762;5287;310;2280;1447;6261;3764;4397;4745;4182;4187;4191;4195;4202;4208;537;18;5629;1068;2559;6740;1717;2067;2063;1937;6789;3895;5465;7450;1719;3469;470;469;5079;7447;1960;2967,2988:6121.62247258673;3447:6123.161985029708;3721:6126.191673029708;5333:6127.183113029708;251:6127.9306890297075;2711:6129.068505029708;3358:6131.283513029708;2296:6139.584513029708;5495:6139.8013530297085;5697:6140.905113029708;5497:6141.602553029708;5500:6144.509793029708;670:6145.907193029708;5502:6148.254633029707;5512:6151.776393029707;5520:6154.230393029707;5531:6155.927313029707;6313:6156.952353029707;6632:6159.249393029708;6644:6160.820673029708;3793:6162.669873029708;6319:6163.5855930297075;7102:6164.063673029707;3741:6164.603313029707;7384:6172.262313029707;6414:6177.469473029707;5446:6179.737233029707;2447:6183.673353029707;2571:6191.262273029707;42:6195.930273029707;2577:6196.602753029707;2566:6205.201833029707;3033:6205.832793029707;3036:6208.102353029707;2469:6211.694673029707;2404:6215.018193029707;2235:6216.301593029707;3762:6216.725025029707;5287:6217.264089029706;310:6220.0543050297065;2280:6220.653417029706;1447:6221.0993130297065;6261:6224.977305029706;3764:6225.983001029706;4397:6226.533657029707;4745:6226.759953029707;4182:6231.213729029707;4187:6233.875785029707;4191:6234.614073029707;4195:6249.0773610297065;4202:6250.0798890297065;4208:6251.061537029706;537:6252.015537029706;18:6257.883105029706;5629:6263.732529029706;1068:6266.284929029705;2559:6273.335529029705;6740:6277.806153029705;1717:6283.639881029704;2067:6284.377665029704;2063:6285.093921029704;1937:6288.363873029703;6789:6298.900281029703;3895:6300.167265029703;5465:6307.699185029704;7450:6308.683425029703;1719:6309.500049029703;3469:6310.520001029703;470:6316.481086743989;469:6322.442172458275;5079:6323.462124458275;7447:6324.278748458275;1960:6325.262988458275;2967:6326.7153620235
0,6,default_vehtype,boarding,True,6326.7153620235,6356.7153620235,2967;-1;-1,2967;-1;-1,0.0,0.7602333074792188,0.7602333074792188,0.0,,0,174,1,,174,,
0,7,default_vehtype,boarding,True,6277.017328528743,6307.017328528743,2967;-1;-1,2967;-1;-1,0.0,0.76840586650682,0.76840586650682,0.0,,0,178,1,178,,,
0,1,default_vehtype,route,False,6135.571731443712,6360.316840219373,2990;-1;-1,2982;-1;-1,1872.8759064638184,0.8533920469505991,0.8532047593599528,0.0,,0,172,1,,,2990;2552;1946;7401;3551;3849;7263;5060;3728;4936;1207;2554;4974;5249;6709;2464;7135;1193;552;2755;7131;3567;888;712;2718;754;611;1812;1186;7311;4339;2419;5404;5421;1925;1883;926;925;5399;1905;830;2795;918;3075;7097;7290;2736;1744;1164;2789;1218;2982,2990:6135.571731443712;2552:6138.437447564796;1946:6142.690727564795;7401:6143.889767564796;3551:6145.248407564796;3849:6149.293367564796;7263:6150.268007564797;5060:6151.0512475647965;3728:6156.8596075647965;4936:6167.167007564796;1207:6171.536567564796;2554:6172.085447564797;4974:6172.858367564797;5249:6178.662287564797;6709:6180.589487564797;2464:6196.449047564797;7135:6204.381167564798;1193:6205.481207564798;552:6209.979407564798;2755:6211.808567564798;7131:6219.765767564798;3567:6229.644647564798;888:6230.102927564798;712:6233.838527564798;2718:6234.775727564798;754:6278.335847564798;611:6279.584447564798;1812:6284.155607564799;1186:6285.332807564799;7311:6286.1484475647985;4339:6287.642207564799;2419:6292.251287564799;5404:6296.478167564799;5421:6297.583487564799;1925:6297.726767564799;1883:6298.764047564799;926:6303.0166075647985;925:6305.960927564798;5399:6315.265727564798;1905:6316.592327564798;830:6317.769167564798;2795:6318.9528475647985;918:6320.095007564799;3075:6327.9679675647985;7097:6328.817327564799;7290:6334.619447564799;2736:6343.3379275647985;1744:6344.793167564799;1164:6355.9016875647985;2789:6357.313487564798;1218:6358.436687564798;2982:6360.316840219373
0,1,default_vehtype,boarding,True,6360.316840219373,6390.316840219373,2982;-1;-1,2982;-1;-1,0.0,0.8532047593599528,0.8532047593599528,0.0,,0,172,1,,172,,
0,3,default_vehtype,boarding,True,6348.949270563226,6378.949270563226,2988;-1;-1,2988;-1;-1,0.0,0.6875602480252611,0.6875602480252611,0.0,,0,179,1,,179,,
0,8,default_vehtype,route,False,6360.0,6373.367747306773,2984;-1;-1,2976;-1;-1,111.3978942231051,0.9127436246023664,0.912732484812944,0.0,,0,,0,,,2984;3012;4;4345;7330;2976,2984:6360;3012:6362.4926606774325;4:6367.277780677432;4345:6369.321260677432;7330:6370.524260677433;2976:6373.367747306773
0,8,default_vehtype,boarding,True,6373.367747306773,6403.367747306773,2976;-1;-1,2976;-1;-1,0.0,0.912732484812944,0.912732484812944,0.0,,0,180,1,180,,,
0,2,default_vehtype,route,False,6275.617928059831,6451.890902255492,2986;-1;-1,2979;-1;-1,1500.143045537819,0.9585032513981433,0.9583532370935895,0.0,,0,175,1,,,2986;3155;7358;2376;3091;4274;880;3109;3874;4306;429;3125;3406;2825;1944;130;99;4526;714;2800;4339;2419;5404;5421;1925;1883;926;925;5399;1905;830;2795;1891;827;6499;1803;1141;5241;922;6385;3550;6322;7280;2411;6281;2286;2287;6538;2979,2986:6275.617928059831;3155:6276.161804677433;7358:6277.253612677433;2376:6282.755492677433;3091:6296.077220677433;4274:6297.220148677433;880:6297.811484677433;3109:6299.662028677433;3874:6305.526308677433;4306:6317.641868677433;429:6319.044188677433;3125:6320.297708677434;3406:6332.652068677434;2825:6335.121788677434;1944:6336.433148677434;130:6338.8207886774335;99:6339.301028677433;4526:6347.710628677433;714:6350.507468677433;2800:6352.5138686774335;4339:6354.007628677434;2419:6358.616708677434;5404:6362.843588677434;5421:6363.948908677434;1925:6364.092188677434;1883:6365.129468677434;926:6369.3820286774335;925:6372.326348677433;5399:6381.631148677433;1905:6382.957748677433;830:6384.134588677433;2795:6385.3182686774335;1891:6385.572188677434;827:6386.638028677434;6499:6395.992868677434;1803:6401.955428677434;1141:6407.460068677434;5241:6409.048148677434;922:6409.964060677435;6385:6413.185700677434;3550:6413.4475406774345;6322:6419.0847806774345;7280:6422.6035406774345;2411:6428.438660677434;6281:6433.482774963149;2286:6438.2496892488625;2287:6443.0166035345765;6538:6448.060717820291;2979:6451.890902255492
0,3,default_vehtype,boarding,True,6420.0,6450.0,2988;-1;-1,2988;-1;-1,0.0,0.6875602480252611,0.6875602480252611,0.0,,0,183,1,183,,,
0,1,default_vehtype,route,False,6420.0,6500.354986667992,2982;-1;-1,2984;-1;-1,669.6248888999352,0.8532047593599528,0.8531377968710628,0.0,,0,,0,,,2982;2809;7010;820;7498;276;2915;2661;7517;6201;7314;7529;2803;7558;2806;4344;2996;2984,2982:6420;2809:6425.700967345425;7010:6428.608447345425;820:6430.589407345425;7498:6431.0574073454245;276:6431.169007345425;2915:6442.515007345424;2661:6449.748367345424;7517:6457.060327345424;6201:6457.921447345424;7314:6464.816767345424;7529:6472.0322473454235;2803:6479.587207345424;7558:6486.982207345424;2806:6494.8160473454245;4344:6496.019047345425;2996:6498.062527345425;2984:6500.354986667992
0,1,default_vehtype,boarding,True,6500.354986667992,6530.354986667992,2984;-1;-1,2984;-1;-1,0.0,0.8531377968710628,0.8531377968710628,0.0,,0,181,1,181,,,
0,2,default_vehtype,boarding,True,6451.890902255492,6481.890902255492,2979;-1;-1,2979;-1;-1,0.0,0.9583532370935895,0.9583532370935895,0.0,,0,175,1,,175,,
0,1,default_vehtype,route,False,6530.354986667992,6575.26387671059,2984;-1;-1,2985;-1;-1,386.72580238367703,0.8531377968710628,0.8530991242908245,0.0,,0,181,1,,,2984;3012;7321;2804;3061;1173;3425;4304;793;118;3979;2985,2984:6530.354986667992;3012:6532.847647345425;7321:6536.858287345425;2804:6540.185047345425;3061:6546.853087345425;1173:6552.451447345425;3425:6553.634407345425;4304:6555.036727345425;793:6567.152287345425;118:6573.016567345425;3979:6574.867111345425;2985:6575.26387671059
0,4,default_vehtype,route,False,6353.159320491281,6599.494395162434,2981;-1;-1,2972;-1;-1,2580.8765514016804,0.8186838663222873,0.8184257786671472,0.0,,0,177,1,,,2981;6320;3549;6384;4032;1804;4277;5239;6501;3911;5389;7301;3914;5398;5400;4040;4041;5374;5418;5424;5403;6546;1200;7312;3767;4527;3089;3131;5447;7352;414;122;3426;4305;793;118;3979;4275;103;6480;7360;3154;6028;5745;6035;5743;6038;6041;7365;6050;6068;6077;3629;4502;6912;2108;7370;7608;5900;3459;4818;5992;6047;5708;3884;3030;3347;7376;2207;3446;3720;5332;251;2711;3358;2296;5681;2294;2035;6308;374;7114;3246;5330;661;445;2972,2981:6353.159320491281;6320:6356.532439345426;3549:6362.169679345426;6384:6362.431519345426;4032:6365.653159345426;1804:6366.569071345426;4277:6368.157151345426;5239:6373.6617913454265;6501:6379.6243513454265;3911:6388.979191345426;5389:6390.045031345427;7301:6390.298951345427;3914:6391.482631345427;5398:6392.659471345427;5400:6393.986071345427;4040:6403.290871345427;4041:6406.235191345427;5374:6410.487751345427;5418:6411.525031345426;5424:6411.668311345426;5403:6412.773631345426;6546:6417.000511345426;1200:6421.609591345426;7312:6423.103351345427;3767:6425.109751345427;4527:6427.906591345427;3089:6436.316191345427;3131:6436.796431345427;5447:6439.184071345427;7352:6440.495431345426;414:6442.965151345426;122:6455.319511345427;3426:6456.573031345427;4305:6457.975351345427;793:6470.090911345427;118:6475.955191345427;3979:6477.805735345427;4275:6478.397071345427;103:6479.5399993454275;6480:6492.861727345427;7360:6498.363607345427;3154:6499.455415345427;6028:6500.416543345427;5745:6501.9081673454275;6035:6503.831575345427;5743:6505.201015345428;6038:6507.216439345428;6041:6508.492711345428;7365:6515.155879345428;6050:6517.4294233454275;6068:6521.655751345427;6077:6522.301447345427;3629:6523.858735345427;4502:6524.321623345427;6912:6529.470055345427;2108:6531.366463345426;7370:6537.893191345426;7608:6538.122583345426;5900:6541.594279345426;3459:6542.349847345426;4818:6542.964727345426;5992:6543.441511345426;6047:6547.630039345426;5708:6549.024319345426;3884:6551.563903345426;3030:6552.061927345427;3347:6554.086135345427;7376:6554.521519345427;2207:6554.930407345427;3446:6557.753815345427;3720:6560.783503345427;5332:6561.774943345426;251:6562.522519345426;2711:6563.660335345427;3358:6565.875343345427;2296:6574.176343345427;5681:6576.570343345427;2294:6577.901829059713;2035:6579.233314773999;6308:6581.627314773999;374:6589.928314774;7114:6592.143322774;3246:6593.281138774;5330:6594.028714774;661:6595.020154774;445:6598.049842773999;2972:6599.494395162434
0,5,default_vehtype,route,False,6420.0,6545.26387671059,2982;-1;-1,2985;-1;-1,1056.3506912836122,0.5398055533423984,0.5396999182732701,0.0,,0,,0,,,2982;2809;7010;820;7498;276;2915;2661;7517;6201;7314;7529;2803;7558;2806;4344;2996;3013;7322;2804;3061;1173;3425;4304;793;118;3979;2985,2982:6420;2809:6425.700967345425;7010:6428.608447345425;820:6430.589407345425;7498:6431.0574073454245;276:6431.169007345425;2915:6442.515007345424;2661:6449.748367345424;7517:6457.060327345424;6201:6457.921447345424;7314:6464.816767345424;7529:6472.0322473454235;2803:6479.587207345424;7558:6486.982207345424;2806:6494.8160473454245;4344:6496.019047345425;2996:6498.062527345425;3013:6502.847647345425;7322:6506.858287345425;2804:6510.185047345425;3061:6516.853087345425;1173:6522.451447345425;3425:6523.634407345425;4304:6525.036727345425;793:6537.152287345425;118:6543.016567345425;3979:6544.867111345425;2985:6545.26387671059
0,5,default_vehtype,boarding,True,6545.26387671059,6575.26387671059,2985;-1;-1,2985;-1;-1,0.0,0.5396999182732701,0.5396999182732701,0.0,,0,182,1,182,,,
0,0,default_vehtype,route,False,6311.926683864266,6645.857686317861,2987;-1;-1,2966;-1;-1,3186.7902370701618,0.9416420179396684,0.9413233389159614,0.0,,0,176,1,,,2987;4613;7368;7606;5900;3459;4818;5992;6047;5708;3884;3030;3347;7376;2207;3446;3720;5332;251;2711;3358;2296;5495;5697;5497;5500;670;5502;5512;5520;5531;6313;6632;6644;3793;6319;7102;3741;7384;6414;5446;2447;2571;42;2577;2566;3033;3036;2469;2404;2235;3762;5287;310;2280;1447;6261;3764;4397;4745;4182;4187;4191;4195;4202;4208;5653;5764;205;5793;1407;5826;7411;4686;5074;5295;5274;7181;604;603;602;1339;1395;1399;835;1147;1093;2607;911;1150;665;666;1885;668;1415;1041;1623;1383;2333;2966,2987:6311.926683864266;4613:6313.522932893974;7368:6325.228044893974;7606:6325.457436893974;5900:6328.9291328939735;3459:6329.684700893973;4818:6330.299580893973;5992:6330.776364893974;6047:6334.964892893973;5708:6336.359172893974;3884:6338.898756893974;3030:6339.396780893974;3347:6341.420988893974;7376:6341.856372893974;2207:6342.265260893974;3446:6345.0886688939745;3720:6348.118356893974;5332:6349.109796893974;251:6349.857372893974;2711:6350.995188893974;3358:6353.210196893974;2296:6361.511196893975;5495:6361.728036893975;5697:6362.831796893975;5497:6363.5292368939745;5500:6366.436476893974;670:6367.833876893974;5502:6370.181316893973;5512:6373.703076893973;5520:6376.157076893973;5531:6377.853996893973;6313:6378.8790368939735;6632:6381.176076893974;6644:6382.747356893974;3793:6384.596556893974;6319:6385.512276893974;7102:6385.9903568939735;3741:6386.5299968939735;7384:6394.188996893973;6414:6399.396156893973;5446:6401.663916893973;2447:6405.600036893973;2571:6413.188956893973;42:6417.856956893973;2577:6418.529436893973;2566:6427.128516893973;3033:6427.759476893973;3036:6430.029036893973;2469:6433.621356893973;2404:6436.944876893973;2235:6438.228276893973;3762:6438.651708893973;5287:6439.190772893972;310:6441.980988893973;2280:6442.5801008939725;1447:6443.025996893973;6261:6446.903988893972;3764:6447.909684893973;4397:6448.460340893973;4745:6448.686636893973;4182:6453.140412893973;4187:6455.802468893973;4191:6456.540756893973;4195:6471.004044893973;4202:6472.006572893973;4208:6472.9882208939725;5653:6473.789004893973;5764:6479.347332893973;205:6484.491588893972;5793:6488.612940893972;1407:6490.233084893973;5826:6492.513396893973;7411:6495.412044893973;4686:6496.482756893973;5074:6503.423268893973;5295:6503.653524893973;5274:6507.032340893973;7181:6511.541628893973;604:6515.1200288939735;603:6516.183612893974;602:6517.036740893974;1339:6518.029116893974;1395:6526.566444893974;1399:6528.707148893975;835:6532.284108893975;1147:6533.076684893975;1093:6534.335964893975;2607:6542.394636893975;911:6545.248500893975;1150:6546.008964893975;665:6547.458828893975;666:6548.327940893975;1885:6549.3137648939755;668:6562.684164893975;1415:6563.313228893975;1041:6579.999743179689;1623:6584.383000322547;1383:6595.468428893975;2333:6635.622314608261;2966:6645.857686317861
0,1,default_vehtype,boarding,True,6575.26387671059,6605.26387671059,2985;-1;-1,2985;-1;-1,0.0,0.8530991242908245,0.8530991242908245,0.0,,0,181,1,,181,,
0,1,default_vehtype,route,False,6605.26387671059,6615.7692946013385,2985;-1;-1,2975;-1;-1,102.19209706087136,0.8530991242908245,0.8530889050811183,0.0,,0,,0,,,2985;1140;880;3109;3874;2975,2985:6605.26387671059;1140:6605.458447345425;880:6606.049783345426;3109:6607.9003273454255;3874:6613.764607345425;2975:6615.7692946013385
0,1,default_vehtype,boarding,True,6615.7692946013385,6645.7692946013385,2975;-1;-1,2975;-1;-1,0.0,0.8530889050811183,0.8530889050811183,0.0,,0,186,1,186,,,
0,2,default_vehtype,route,False,6600.0,6648.027808219372,2979;-1;-1,2982;-1;-1,400.231735161447,0.9583532370935895,0.9583132139200734,0.0,,0,,0,,,2979;2786;2411;1661;7283;796;751;4635;6299;4102;4325;7285;1218;2982,2979:6600;2786:6602.004935564799;2411:6607.840055564799;1661:6613.639895564798;7283:6614.688935564798;796:6623.481455564798;751:6625.389335564798;4635:6630.497975564798;6299:6636.457055564798;4102:6638.816375564797;4325:6644.107535564797;7285:6645.024455564797;1218:6646.147655564797;2982:6648.027808219372
0,4,default_vehtype,boarding,True,6599.494395162434,6629.494395162434,2972;-1;-1,2972;-1;-1,0.0,0.8184257786671472,0.8184257786671472,0.0,,0,177,1,,177,,
0,4,default_vehtype,route,False,6629.494395162434,6632.157146331021,2972;-1;-1,2988;-1;-1,36.982655119265175,0.8184257786671472,0.8184220804016352,0.0,,0,,0,,,2972;6079;2988,2972:6629.494395162434;6079:6630.873250774;2988:6632.157146331021
0,7,default_vehtype,route,False,6307.017328528743,6627.816177574541,2967;-1;-1,2983;-1;-1,3798.4706000193028,0.76840586650682,0.7680260194468181,0.0,,0,178,1,,,2967;3896;6788;5444;1716;2720;4210;1711;98;2497;7434;2760;542;1074;4204;5649;5760;205;5793;1407;5826;7411;4686;5074;5295;5274;7181;604;603;602;3851;4573;1400;971;598;1368;591;585;940;1370;939;1903;983;3921;840;2881;5099;2878;1735;2581;370;361;2874;1887;4059;910;6541;3462;3648;2851;2850;1801;1560;5242;922;6385;3550;6322;7280;2411;1661;7283;796;751;4635;6299;4102;4325;7285;1218;7334;7010;820;7498;276;2915;2661;7517;6201;7314;2983,2967:6307.017328528743;3896:6313.096874963518;6788:6314.3638589635175;5444:6324.900266963517;1716:6327.690626963517;2720:6328.437266963518;4210:6329.335538963518;1711:6330.465218963518;98:6339.081026963518;2497:6340.591658963518;7434:6347.799506963518;2760:6354.338042963518;542:6361.866146963518;1074:6362.799554963518;4204:6363.781202963518;5649:6364.581986963518;5760:6370.140314963518;205:6375.284570963518;5793:6379.405922963518;1407:6381.026066963518;5826:6383.306378963518;7411:6386.205026963518;4686:6387.275738963518;5074:6394.216250963518;5295:6394.446506963518;5274:6397.825322963518;7181:6402.334610963519;604:6405.913010963519;603:6406.976594963519;602:6407.829722963519;3851:6408.833114963519;4573:6413.139434963518;1400:6414.8721149635185;971:6418.670546963518;598:6419.737802963518;1368:6420.698138963518;591:6426.569090963519;585:6439.740338963518;940:6446.320202963519;1370:6453.346826963519;939:6454.043498963519;1903:6454.865090963519;983:6455.8476029635185;3921:6459.645746963519;840:6464.206586963519;2881:6470.837210963519;5099:6471.990074963519;2878:6473.118098963519;1735:6484.102418963518;2581:6485.441834963518;370:6487.024682963518;361:6489.521786963518;2874:6490.107794963518;1887:6495.763178963518;4059:6497.682482963518;910:6502.198682963518;6541:6502.862810963518;3462:6505.076450963518;3648:6505.406210963518;2851:6510.080450963518;2850:6511.013810963518;1801:6514.309490963518;1560:6519.049970963519;5242:6520.732610963519;922:6521.648522963519;6385:6524.870162963519;3550:6525.132002963519;6322:6530.769242963519;7280:6534.288002963519;2411:6540.123122963519;1661:6545.922962963518;7283:6546.972002963518;796:6555.764522963518;751:6557.672402963518;4635:6562.781042963518;6299:6568.740122963518;4102:6571.0994429635175;4325:6576.390602963517;7285:6577.307522963517;1218:6578.430722963517;7334:6586.011842963517;7010:6588.919322963517;820:6590.9002829635165;7498:6591.368282963516;276:6591.4798829635165;2915:6602.825882963516;2661:6610.059242963516;7517:6617.371202963516;6201:6618.232322963516;7314:6625.127642963515;2983:6627.816177574541
0,7,default_vehtype,boarding,True,6627.816177574541,6657.816177574541,2983;-1;-1,2983;-1;-1,0.0,0.7680260194468181,0.7680260194468181,0.0,,0,178,1,,178,,
0,8,default_vehtype,route,False,6403.367747306773,6622.077761941773,2976;-1;-1,2980;-1;-1,1779.145279436168,0.912732484812944,0.9125545702850003,0.0,,0,180,1,,,2976;7557;7316;7531;2802;2251;7515;7037;7512;3274;2902;3901;7011;7336;4365;7288;1182;1001;6296;1434;3820;3877;2787;4993;6537;7281;2307;3549;6384;4032;1804;4811;5237;608;459;2416;4011;5246;363;366;2314;2877;1748;1743;1157;2058;2092;915;2980,2976:6403.367747306773;7557:6408.358100677433;7316:6415.753100677433;7531:6423.308060677434;2802:6430.523540677434;2251:6437.418860677433;7515:6438.279980677433;7037:6445.591940677433;7512:6452.825300677433;3274:6464.171300677433;2902:6464.282900677433;3901:6464.750900677433;7011:6466.731860677432;7336:6469.639340677432;4365:6477.220460677432;7288:6478.343660677432;1182:6479.260580677432;1001:6484.551740677432;6296:6486.911060677431;1434:6492.870140677431;3820:6497.978780677431;3877:6499.886660677431;2787:6508.679180677431;4993:6509.728220677431;6537:6515.52806067743;7281:6521.36318067743;2307:6524.88194067743;3549:6530.51918067743;6384:6530.78102067743;4032:6534.00266067743;1804:6534.91857267743;4811:6536.60121267743;5237:6541.341692677431;608:6550.2077726774305;459:6550.53753267743;2416:6552.75117267743;4011:6553.41530067743;5246:6559.34046867743;363:6566.249156677431;366:6567.654236677431;2314:6568.799108677431;2877:6581.970212677431;1748:6583.088732677431;1743:6590.843132677431;1157:6595.5822755345735;2058:6601.372104106002;2092:6604.761246963145;915:6609.879418391716;2980:6622.077761941773
0,8,default_vehtype,boarding,True,6622.077761941773,6652.077761941773,2980;-1;-1,2980;-1;-1,0.0,0.9125545702850003,0.9125545702850003,0.0,,0,180,1,,180,,
0,0,default_vehtype,boarding,True,6645.857686317861,6675.857686317861,2966;-1;-1,2966;-1;-1,0.0,0.9413233389159614,0.9413233389159614,0.0,,0,176;187,2,187,176,,
0,2,default_vehtype,boarding,True,6648.027808219372,6678.027808219372,2982;-1;-1,2982;-1;-1,0.0,0.9583132139200734,0.9583132139200734,0.0,,0,189,1,189,,,
0,3,default_vehtype,route,False,6450.0,6660.944139747951,2988;-1;-1,2978;-1;-1,2220.8574781383663,0.6875602480252611,0.6873381622774472,0.0,,0,183,1,,,2988;3447;6082;7383;364;3029;3886;5711;6045;2157;4817;456;5901;7605;2830;5852;6913;1321;597;2204;6066;6049;7367;2188;2186;5744;6033;5746;6031;146;2828;2376;3091;4274;880;3109;3874;4306;429;3125;3406;2825;1944;130;99;4526;714;2800;4339;2419;5404;5421;1925;1883;926;925;5399;1905;830;2795;918;3075;7097;7290;2736;1744;1164;2789;1182;2978,2988:6450;3447:6451.539512442979;6082:6454.362920442979;7383:6454.771808442979;364:6455.207192442979;3029:6457.231400442979;3886:6457.7294244429795;5711:6460.26900844298;6045:6461.66328844298;2157:6465.85181644298;4817:6466.32860044298;456:6466.94348044298;5901:6467.69904844298;7605:6471.170744442979;2830:6471.40013644298;5852:6477.926864442979;6913:6479.823272442979;1321:6484.971704442979;597:6485.434592442979;2204:6486.991880442979;6066:6487.637576442979;6049:6491.863904442978;7367:6494.137448442978;2188:6500.800616442978;2186:6502.076888442978;5744:6504.092312442978;6033:6505.461752442979;5746:6507.385160442978;6031:6508.8767844429785;146:6509.837912442978;2828:6510.929720442979;2376:6516.431600442978;3091:6529.753328442978;4274:6530.8962564429785;880:6531.487592442979;3109:6533.338136442979;3874:6539.202416442979;4306:6551.317976442979;429:6552.720296442979;3125:6553.973816442979;3406:6566.328176442979;2825:6568.797896442979;1944:6570.109256442979;130:6572.496896442979;99:6572.977136442979;4526:6581.386736442979;714:6584.183576442979;2800:6586.189976442979;4339:6587.683736442979;2419:6592.2928164429795;5404:6596.51969644298;5421:6597.625016442979;1925:6597.76829644298;1883:6598.805576442979;926:6603.058136442979;925:6606.002456442979;5399:6615.3072564429785;1905:6616.633856442979;830:6617.810696442979;2795:6618.994376442979;918:6620.136536442979;3075:6628.009496442979;7097:6628.858856442979;7290:6634.6609764429795;2736:6643.379456442979;1744:6644.834696442979;1164:6655.943216442979;2789:6657.355016442979;1182:6658.271936442979;2978:6660.944139747951
0,3,default_vehtype,boarding,True,6660.944139747951,6690.944139747951,2978;-1;-1,2978;-1;-1,0.0,0.6873381622774472,0.6873381622774472,0.0,,0,183,1,,183,,
0,4,default_vehtype,boarding,True,6632.157146331021,6662.157146331021,2988;-1;-1,2988;-1;-1,0.0,0.8184220804016352,0.8184220804016352,0.0,,0,185;188,2,185;188,,,
0,4,default_vehtype,route,False,6662.157146331021,6699.5847394633365,2988;-1;-1,2973;-1;-1,519.8276823932699,0.8184220804016352,0.8183700976333959,0.0,,0,185;188,2,,,2988;3447;6082;7383;364;3029;3886;5711;6045;2157;4817;456;5901;7605;2830;1420;1084;2973,2988:6662.157146331021;3447:6663.696658774;6082:6666.520066774;7383:6666.928954774;364:6667.364338774;3029:6669.388546774;3886:6669.886570774001;5711:6672.426154774001;6045:6673.820434774001;2157:6678.008962774001;4817:6678.485746774001;456:6679.100626774001;5901:6679.856194774001;7605:6683.3278907740005;2830:6683.557282774001;1420:6695.262394774;1084:6698.797378774;2973:6699.5847394633365
0,7,default_vehtype,route,False,6660.0,6692.849684711543,2983;-1;-1,2984;-1;-1,273.74737259617996,0.7680260194468181,0.7679986447095585,0.0,,0,,0,,,2983;7527;2803;7558;2806;4344;2996;2984,2983:6660;7527:6664.526945388974;2803:6672.0819053889745;7558:6679.476905388975;2806:6687.310745388975;4344:6688.513745388976;2996:6690.557225388976;2984:6692.849684711543
0,4,default_vehtype,boarding,True,6699.5847394633365,6729.5847394633365,2973;-1;-1,2973;-1;-1,0.0,0.8183700976333959,0.8183700976333959,0.0,,0,185;188,2,,185,,
0,5,default_vehtype,route,False,6575.26387671059,6774.445636609769,2985;-1;-1,2980;-1;-1,1608.0703712755965,0.5396999182732701,0.5395391112361426,0.0,,0,182,1,,,2985;1140;880;3109;3874;4306;429;3125;3406;2825;1944;130;99;4526;714;2800;4339;2419;5404;5421;1925;1883;926;925;5399;1905;830;2795;1891;827;6499;1803;1141;5241;4811;5237;608;459;2416;4011;5246;363;366;2314;2877;1748;1743;1157;2058;2092;915;2980,2985:6575.26387671059;1140:6575.458447345425;880:6576.049783345426;3109:6577.9003273454255;3874:6583.764607345425;4306:6595.880167345425;429:6597.282487345426;3125:6598.536007345426;3406:6610.890367345426;2825:6613.360087345426;1944:6614.671447345426;130:6617.059087345426;99:6617.539327345426;4526:6625.948927345426;714:6628.7457673454255;2800:6630.752167345426;4339:6632.245927345426;2419:6636.855007345426;5404:6641.081887345426;5421:6642.187207345426;1925:6642.330487345426;1883:6643.367767345426;926:6647.620327345426;925:6650.564647345425;5399:6659.869447345425;1905:6661.1960473454255;830:6662.372887345426;2795:6663.556567345426;1891:6663.810487345426;827:6664.876327345426;6499:6674.231167345426;1803:6680.193727345426;1141:6685.698367345426;5241:6687.2864473454265;4811:6688.9690873454265;5237:6693.709567345427;608:6702.575647345427;459:6702.905407345426;2416:6705.119047345426;4011:6705.783175345427;5246:6711.708343345426;363:6718.617031345427;366:6720.022111345427;2314:6721.166983345427;2877:6734.338087345427;1748:6735.456607345427;1743:6743.211007345427;1157:6747.95015020257;2058:6753.739978773998;2092:6757.129121631141;915:6762.247293059712;2980:6774.445636609769
0,6,default_vehtype,route,False,6720.0,6736.501022452874,2967;-1;-1,2993;-1;-1,229.18086740101808,0.7602333074792188,0.7602103893924786,0.0,,0,,0,,,2967;3896;5466;7451;2993,2967:6720;3896:6726.079546434775;5466:6733.611466434775;7451:6734.595706434775;2993:6736.501022452874
0,6,default_vehtype,boarding,True,6736.501022452874,6766.501022452874,2993;-1;-1,2993;-1;-1,0.0,0.7602103893924786,0.7602103893924786,0.0,,0,191,1,191,,,
0,7,default_vehtype,boarding,True,6692.849684711543,6722.849684711543,2984;-1;-1,2984;-1;-1,0.0,0.7679986447095585,0.7679986447095585,0.0,,0,190,1,190,,,
0,5,default_vehtype,boarding,True,6774.445636609769,6804.445636609769,2980;-1;-1,2980;-1;-1,0.0,0.5395391112361426,0.5395391112361426,0,,0,182,1,,182,,
0,1,default_vehtype,route,False,6645.7692946013385,6878.366383810478,2975;-1;-1,2992;-1;-1,2397.670279326484,0.8530889050811183,0.8528491380531857,0.0,,0,186,1,,,2975;1166;429;3125;3406;2825;1944;130;99;4526;714;2800;4332;799;3653;3825;7127;1836;4248;5046;7138;6879;1367;3637;3640;3643;7179;5275;5297;5072;1464;2847;5825;4587;5794;3202;2065;2023;4203;537;18;5629;1068;2559;6740;1717;2067;2063;1937;2992,2975:6645.7692946013385;1166:6655.880167345425;429:6657.282487345426;3125:6658.536007345426;3406:6670.890367345426;2825:6673.360087345426;1944:6674.671447345426;130:6677.059087345426;99:6677.539327345426;4526:6685.948927345426;714:6688.7457673454255;2800:6690.752167345426;4332:6691.5678073454255;799:6692.748727345425;3653:6697.344967345425;3825:6698.593567345425;7127:6742.153687345425;1836:6743.504647345425;4248:6758.0498473454245;5046:6774.390367345424;7138:6776.0289673454245;6879:6782.295367345425;1367:6793.788247345425;3637:6795.681367345424;3640:6796.534495345424;3643:6797.598079345425;7179:6801.176479345425;5275:6805.685767345425;5297:6809.0645833454255;5072:6809.294839345425;1464:6816.235351345425;2847:6817.306063345425;5825:6820.2047113454255;4587:6822.485023345425;5794:6824.105167345426;3202:6828.226519345426;2065:6833.3707753454255;2023:6838.929103345426;4203:6839.729887345426;537:6840.683887345425;18:6846.551455345425;5629:6852.400879345425;1068:6854.953279345425;2559:6862.003879345424;6740:6866.474503345424;1717:6872.308231345423;2067:6873.046015345423;2063:6873.762271345423;1937:6877.032223345423;2992:6878.366383810478
0,3,default_vehtype,route,False,6720.0,6892.823620647276,2978;-1;-1,2974;-1;-1,1561.2071622715193,0.6873381622774472,0.68718204156122,0.0,,0,,0,,,2978;4103;4326;7286;4302;5102;7160;7294;2701;3076;4023;7300;3914;5398;5400;4040;4041;5374;5418;5424;5403;6546;1200;7312;3767;4527;3089;3131;5447;7352;414;122;3426;4305;793;118;3979;4275;103;6480;7360;3154;6028;2181;2180;146;2828;2974,2978:6720;4103:6722.618956695028;4326:6727.910116695028;7286:6728.827036695027;4302:6730.238836695027;5102:6741.347356695027;7160:6742.802596695027;7294:6751.521076695028;2701:6757.323196695028;3076:6758.172556695028;4023:6766.045516695028;7300:6767.187676695028;3914:6768.371356695028;5398:6769.548196695028;5400:6770.874796695029;4040:6780.1795966950285;4041:6783.123916695028;5374:6787.376476695028;5418:6788.413756695028;5424:6788.557036695028;5403:6789.6623566950275;6546:6793.889236695028;1200:6798.498316695028;7312:6799.992076695028;3767:6801.998476695028;4527:6804.795316695028;3089:6813.204916695028;3131:6813.685156695028;5447:6816.072796695028;7352:6817.384156695028;414:6819.853876695028;122:6832.208236695028;3426:6833.461756695028;4305:6834.864076695028;793:6846.979636695029;118:6852.843916695028;3979:6854.694460695028;4275:6855.285796695029;103:6856.428724695029;6480:6869.750452695029;7360:6875.252332695029;3154:6876.344140695029;6028:6877.305268695029;2181:6881.537325837886;2180:6885.769382980743;146:6886.730510980743;2828:6887.822318980743;2974:6892.823620647276
0,0,default_vehtype,route,False,6675.857686317861,6933.6127029518875,2966;-1;-1,2976;-1;-1,1978.3156102536077,0.9413233389159614,0.941125507354936,0.0,,0,187,1,,,2966;2743;2631;2150;735;738;1096;3736;81;831;2413;1146;832;1880;1340;3638;1365;2574;7139;1693;1114;5299;7129;754;611;1812;1186;7311;3767;4527;3089;3131;5447;7352;414;122;3426;4314;68;7318;7325;3011;4;4345;7330;2976,2966:6675.857686317861;2743:6683.701514608261;2631:6687.71294317969;2150:6704.643228893976;735:6715.125400322548;738:6721.293228893976;1096:6730.832200322548;3736:6731.0952163225475;81:6734.944120322548;831:6745.790704322548;2413:6746.778400322548;1146:6747.591784322548;832:6748.400200322548;1880:6750.997888322548;1340:6762.5307043225475;3638:6763.517176322547;1365:6765.458896322547;2574:6776.966776322547;7139:6783.2331763225475;1693:6784.871776322548;1114:6801.212296322547;5299:6815.757496322547;7129:6817.108456322547;754:6860.668576322547;611:6861.917176322547;1812:6866.488336322547;1186:6867.665536322547;7311:6868.481176322547;3767:6870.487576322547;4527:6873.284416322547;3089:6881.694016322547;3131:6882.174256322547;5447:6884.561896322547;7352:6885.873256322547;414:6888.342976322547;122:6900.697336322547;3426:6901.950856322547;4314:6903.133816322547;68:6908.732176322547;7318:6915.400216322547;7325:6918.726976322547;3011:6922.737616322547;4:6927.522736322547;4345:6929.566216322547;7330:6930.769216322547;2976:6933.6127029518875
0,1,default_vehtype,boarding,True,6878.366383810478,6908.366383810478,2992;-1;-1,2992;-1;-1,0.0,0.8528491380531857,0.8528491380531857,0.0,,0,186,1,,186,,
0,2,default_vehtype,route,False,6678.027808219372,6945.357603087873,2982;-1;-1,2968;-1;-1,3256.6257768101996,0.9583132139200734,0.9579875513423924,0.0,,0,189,1,,,2982;2809;4365;7288;1182;1001;6296;1434;3820;3877;2787;4993;6537;7281;2307;3549;6384;4032;1804;4811;5237;608;459;2416;4011;5246;363;366;2314;2877;1748;2880;906;984;2268;1857;1806;1371;938;5442;4054;2205;1369;2047;3631;4079;4572;4577;778;3636;3639;3642;7178;5275;5297;5072;1464;2847;5825;4587;5794;3202;2065;2023;4203;537;18;5629;1068;2559;6740;1717;2067;2720;4210;1711;2968,2982:6678.027808219372;2809:6683.728775564797;4365:6691.3098955647965;7288:6692.4330955647965;1182:6693.350015564796;1001:6698.641175564796;6296:6701.0004955647955;1434:6706.959575564795;3820:6712.0682155647955;3877:6713.976095564795;2787:6722.768615564795;4993:6723.817655564795;6537:6729.617495564795;7281:6735.4526155647945;2307:6738.9713755647945;3549:6744.6086155647945;6384:6744.870455564795;4032:6748.092095564794;1804:6749.008007564795;4811:6750.690647564795;5237:6755.431127564795;608:6764.297207564795;459:6764.6269675647945;2416:6766.8406075647945;4011:6767.504735564795;5246:6773.429903564795;363:6780.338591564795;366:6781.7436715647955;2314:6782.888543564795;2877:6796.059647564795;1748:6797.178167564795;2880:6798.339959564795;906:6810.565271564795;984:6813.334967564795;2268:6814.082831564795;1857:6814.468751564795;1806:6815.1309355647945;1371:6815.801111564794;938:6818.382239564794;5442:6828.102887564794;4054:6835.742879564795;2205:6841.495319564795;1369:6847.941479564795;2047:6848.884535564795;3631:6850.447367564795;4079:6851.514623564795;4572:6855.313055564795;4577:6857.045735564795;778:6861.352055564795;3636:6862.355447564794;3639:6863.208575564794;3642:6864.2721595647945;7178:6867.850559564795;5275:6872.359847564795;5297:6875.738663564795;5072:6875.968919564795;1464:6882.909431564795;2847:6883.980143564795;5825:6886.878791564795;4587:6889.159103564795;5794:6890.779247564796;3202:6894.900599564796;2065:6900.044855564795;2023:6905.6031835647955;4203:6906.4039675647955;537:6907.357967564795;18:6913.225535564795;5629:6919.074959564795;1068:6921.6273595647945;2559:6928.677959564794;6740:6933.148583564794;1717:6938.982311564793;2067:6939.720095564793;2720:6940.483511564793;4210:6941.381783564793;1711:6942.511463564793;2968:6945.357603087873
0,3,default_vehtype,boarding,True,6892.823620647276,6922.823620647276,2974;-1;-1,2974;-1;-1,0.0,0.68718204156122,0.68718204156122,0.0,,0,192,1,192,,,
0,4,default_vehtype,route,False,6729.5847394633365,6907.827427919858,2973;-1;-1,2981;-1;-1,1853.8591110857842,0.8183700976333959,0.8181847117222872,0.0,,0,188,1,,,2973;7354;3525;6025;3063;6027;7362;2188;2186;5744;6033;5746;6031;146;2828;2376;3091;4274;880;3109;3874;4306;429;3125;3406;2825;1944;130;99;4526;714;2800;4339;2419;5404;5421;1925;1883;926;925;5399;1905;830;2795;1891;827;6499;1803;1141;5241;922;6385;3550;2981,2973:6729.5847394633365;7354:6733.3819067740005;3525:6744.260746774001;6025:6746.002210774001;3063:6747.266890774001;6027:6748.5688667740005;7362:6752.577106774001;2188:6759.240274774001;2186:6760.516546774001;5744:6762.531970774001;6033:6763.901410774001;5746:6765.824818774001;6031:6767.316442774001;146:6768.277570774001;2828:6769.369378774001;2376:6774.871258774001;3091:6788.192986774001;4274:6789.335914774001;880:6789.927250774002;3109:6791.777794774001;3874:6797.642074774001;4306:6809.757634774001;429:6811.159954774002;3125:6812.413474774002;3406:6824.767834774002;2825:6827.237554774002;1944:6828.548914774002;130:6830.936554774002;99:6831.416794774002;4526:6839.8263947740015;714:6842.6232347740015;2800:6844.629634774002;4339:6846.123394774002;2419:6850.732474774002;5404:6854.959354774002;5421:6856.064674774002;1925:6856.207954774002;1883:6857.245234774002;926:6861.497794774002;925:6864.442114774001;5399:6873.746914774001;1905:6875.0735147740015;830:6876.250354774002;2795:6877.434034774002;1891:6877.687954774002;827:6878.753794774002;6499:6888.108634774002;1803:6894.071194774002;1141:6899.575834774002;5241:6901.1639147740025;922:6902.079826774003;6385:6905.301466774003;3550:6905.563306774003;2981:6907.827427919858
0,4,default_vehtype,boarding,True,6907.827427919858,6937.827427919858,2981;-1;-1,2981;-1;-1,0.0,0.8181847117222872,0.8181847117222872,0.0,,0,188,1,,188,,
0,7,default_vehtype,route,False,6722.849684711543,6924.621269226992,2984;-1;-1,2970;-1;-1,1681.429870962063,0.7679986447095585,0.7678305017224623,0.0,,0,190,1,,,2984;3012;7321;2804;3061;1173;3425;3125;3406;2825;1944;130;99;4526;714;2800;4332;799;3653;3825;7127;3766;3988;553;7132;7191;3566;4337;7134;6667;6711;1807;1653;6829;4349;4937;669;5061;7265;3848;534;2839;3560;2970,2984:6722.849684711543;3012:6725.342345388975;7321:6729.352985388976;2804:6732.679745388976;3061:6739.347785388975;1173:6744.946145388975;3425:6746.129105388975;3125:6747.382625388976;3406:6759.736985388976;2825:6762.206705388976;1944:6763.518065388976;130:6765.905705388976;99:6766.385945388975;4526:6774.795545388975;714:6777.592385388975;2800:6779.598785388976;4332:6780.414425388975;799:6781.595345388975;3653:6786.191585388975;3825:6787.440185388975;7127:6831.000305388975;3766:6831.937505388975;3988:6835.673105388975;553:6836.131385388975;7132:6846.010265388975;7191:6853.967465388975;3566:6855.796625388975;4337:6860.294825388975;7134:6861.394865388976;6667:6869.326985388976;6711:6885.186545388976;1807:6887.113745388976;1653:6892.917665388976;6829:6893.690585388977;4349:6894.239465388977;4937:6898.609025388977;669:6908.916425388977;5061:6914.724785388977;7265:6915.508025388976;3848:6916.482665388977;534:6920.527625388977;2839:6921.886265388977;3560:6922.961825388978;2970:6924.621269226992
0,7,default_vehtype,boarding,True,6924.621269226992,6954.621269226992,2970;-1;-1,2970;-1;-1,0.0,0.7678305017224623,0.7678305017224623,0.0,,0,190,1,,190,,
0,0,default_vehtype,boarding,True,6933.6127029518875,6963.6127029518875,2976;-1;-1,2976;-1;-1,0.0,0.941125507354936,0.941125507354936,0.0,,0,187;193,2,193,187,,
0,0,default_vehtype,route,False,6963.6127029518875,6981.975835645116,2976;-1;-1,2984;-1;-1,153.0261057768949,0.941125507354936,0.9411102047443584,0.0,,0,193,1,,,2976;7557;2806;4344;2996;2984,2976:6963.6127029518875;7557:6968.603056322548;2806:6976.436896322548;4344:6977.639896322548;2996:6979.683376322549;2984:6981.975835645116
0,0,default_vehtype,boarding,True,6981.975835645116,7011.975835645116,2984;-1;-1,2984;-1;-1,0.0,0.9411102047443584,0.9411102047443584,0.0,,0,193,1,,193,,
0,2,default_vehtype,boarding,True,6945.357603087873,6975.357603087873,2968;-1;-1,2968;-1;-1,0.0,0.9579875513423924,0.9579875513423924,0.0,,0,189,1,,189,,
0,2,default_vehtype,boarding,True,6975.357603087873,7005.357603087873,2968;-1;-1,2968;-1;-1,0.0,0.9579875513423924,0.9579875513423924,0.0,,0,196,1,196,,,
0,3,default_vehtype,route,False,6922.823620647276,6999.5448800175955,2974;-1;-1,2984;-1;-1,685.0623045417705,0.68718204156122,0.6871135353307658,0.0,,0,192,1,,,2974;6479;3091;4274;880;3109;3874;4306;429;4313;68;7318;7325;3011;4;4345;1199;1204;2996;2984,2974:6922.823620647276;6479:6923.324198980743;3091:6936.645926980743;4274:6937.788854980743;880:6938.3801909807435;3109:6940.230734980743;3874:6946.095014980743;4306:6958.210574980743;429:6959.6128949807435;4313:6960.795854980744;68:6966.3942149807435;7318:6973.062254980743;7325:6976.389014980743;3011:6980.399654980743;4:6985.184774980743;4345:6987.228254980743;1199:6991.218597837886;1204:6995.208940695028;2996:6997.252420695028;2984:6999.5448800175955
0,3,default_vehtype,boarding,True,6999.5448800175955,7029.5448800175955,2984;-1;-1,2984;-1;-1,0.0,0.6871135353307658,0.6871135353307658,0.0,,0,192,1,,192,,
0,6,default_vehtype,route,False,6766.501022452874,7031.295221739749,2993;-1;-1,2978;-1;-1,3227.663638401175,0.7602103893924786,0.7598876230286385,0.0,,0,191,1,,,2993;4483;6931;7616;3488;4485;5469;2998;901;1083;1355;1961;1721;2672;2790;5440;162;683;1096;3736;81;831;2413;1146;832;1880;1340;3638;602;3851;4573;1400;971;598;1368;591;585;940;1370;939;1903;983;3921;840;2881;5099;2878;1735;2581;370;361;2874;1887;4059;910;6541;3462;3648;2851;2850;1801;1560;5242;4277;5239;6501;3911;5389;7301;918;3075;7097;7290;2736;1744;1164;2789;1182;2978,2993:6766.501022452874;4483:6767.262442434775;6931:6768.578170434775;7616:6772.474522434774;3488:6773.7986744347745;4485:6778.353322434775;5469:6778.714546434775;2998:6779.123002434775;901:6780.3685304347755;1083:6783.158962434775;1355:6796.848250434775;1961:6797.830978434775;1721:6798.891034434775;2672:6805.029322434775;2790:6807.474154434775;5440:6810.888754434775;162:6815.0414264347755;683:6815.6123864347755;1096:6819.174586434776;3736:6819.437602434776;81:6823.286506434776;831:6834.133090434776;2413:6835.120786434776;1146:6835.934170434776;832:6836.742586434776;1880:6839.340274434776;1340:6850.873090434776;3638:6851.859562434775;602:6852.712690434775;3851:6853.716082434775;4573:6858.022402434774;1400:6859.7550824347745;971:6863.553514434774;598:6864.620770434774;1368:6865.5811064347745;591:6871.452058434775;585:6884.623306434774;940:6891.203170434775;1370:6898.229794434775;939:6898.926466434775;1903:6899.748058434775;983:6900.730570434775;3921:6904.528714434775;840:6909.089554434775;2881:6915.720178434775;5099:6916.873042434775;2878:6918.001066434775;1735:6928.985386434774;2581:6930.324802434774;370:6931.907650434774;361:6934.404754434774;2874:6934.990762434774;1887:6940.646146434774;4059:6942.565450434774;910:6947.081650434774;6541:6947.745778434774;3462:6949.959418434774;3648:6950.289178434774;2851:6954.963418434774;2850:6955.896778434774;1801:6959.192458434774;1560:6963.932938434775;5242:6965.615578434775;4277:6967.203658434775;5239:6972.708298434775;6501:6978.670858434775;3911:6988.025698434775;5389:6989.091538434775;7301:6989.3454584347755;918:6990.487618434776;3075:6998.360578434776;7097:6999.209938434776;7290:7005.012058434776;2736:7013.7305384347765;1744:7015.185778434777;1164:7026.2942984347765;2789:7027.706098434776;1182:7028.623018434776;2978:7031.295221739749
0,6,default_vehtype,boarding,True,7031.295221739749,7061.295221739749,2978;-1;-1,2978;-1;-1,0.0,0.7598876230286385,0.7598876230286385,0.0,,0,191,1,,191,,
0,8,default_vehtype,route,False,6780.0,7027.984536848717,2980;-1;-1,2975;-1;-1,1626.037725785275,0.9125545702850003,0.9123919665124219,0.0,,0,,0,,,2980;914;2135;1730;2664;2579;2961;2407;2581;370;361;2874;1887;4059;910;6541;3462;3648;2851;2850;1801;1560;5242;4277;5239;6501;3911;5389;7301;3914;5398;5400;4040;4041;5374;5418;5424;5403;6546;1200;7312;3767;4527;3089;3131;5447;7352;414;122;3426;4305;793;118;3979;4275;3068;70;73;4273;880;3109;3874;2975,2980:6780;914:6795.882170735657;2135:6803.833027878514;1730:6819.289370735657;2664:6821.111485021372;2579:6825.987427878515;2961:6842.758285021372;2407:6848.007085021372;2581:6856.494342164229;370:6858.077190164229;361:6860.574294164229;2874:6861.1603021642295;1887:6866.815686164229;4059:6868.734990164229;910:6873.251190164229;6541:6873.91531816423;3462:6876.1289581642295;3648:6876.458718164229;2851:6881.132958164229;2850:6882.066318164229;1801:6885.36199816423;1560:6890.10247816423;5242:6891.78511816423;4277:6893.37319816423;5239:6898.8778381642305;6501:6904.8403981642305;3911:6914.19523816423;5389:6915.261078164231;7301:6915.514998164231;3914:6916.698678164231;5398:6917.875518164231;5400:6919.202118164231;4040:6928.506918164231;4041:6931.451238164231;5374:6935.703798164231;5418:6936.74107816423;5424:6936.88435816423;5403:6937.98967816423;6546:6942.21655816423;1200:6946.82563816423;7312:6948.319398164231;3767:6950.325798164231;4527:6953.122638164231;3089:6961.532238164231;3131:6962.012478164231;5447:6964.400118164231;7352:6965.71147816423;414:6968.18119816423;122:6980.535558164231;3426:6981.789078164231;4305:6983.191398164231;793:6995.306958164231;118:7001.171238164231;3979:7003.021782164231;4275:7003.613118164231;3068:7008.357403878517;70:7010.643403878517;73:7012.929403878517;4273:7017.673689592803;880:7018.265025592804;3109:7020.115569592804;3874:7025.9798495928035;2975:7027.984536848717
0,8,default_vehtype,boarding,True,7027.984536848717,7057.984536848717,2975;-1;-1,2975;-1;-1,0.0,0.9123919665124219,0.9123919665124219,0.0,,0,194,1,194,,,
0,1,default_vehtype,route,False,6908.366383810478,7113.081626331015,2992;-1;-1,2988;-1;-1,2260.836876277311,0.8528491380531857,0.8526230543655581,0.0,,0,,0,,,2992;2526;5444;1716;2720;4210;1711;98;2497;7434;2760;542;1074;1071;1070;1069;1067;1504;4396;710;2281;4664;6260;3300;1832;708;6180;2405;6169;2744;2567;2576;3077;3241;88;2758;2742;2448;2353;6140;7386;3742;7100;6318;737;6639;2446;2301;1992;1990;1988;1985;3729;5498;5496;5699;5494;6307;374;7114;3246;5330;661;445;6080;7381;364;3029;69;30;3346;2832;2207;2988,2992:6908.366383810478;2526:6917.5686313454235;5444:6928.105039345423;1716:6930.895399345423;2720:6931.642039345424;4210:6932.540311345424;1711:6933.669991345424;98:6942.285799345424;2497:6943.796431345424;7434:6951.004279345424;2760:6957.542815345424;542:6965.070919345424;1074:6966.004327345424;1071:6967.006855345424;1070:6981.470143345424;1069:6982.208431345423;1067:6984.8704873454235;1504:6989.324263345424;4396:6989.550559345424;710:6990.101215345424;2281:6991.106911345424;4664:6994.984903345424;6260:6995.430799345424;3300:6996.029911345424;1832:6998.820127345424;708:6999.359191345424;6180:6999.782623345423;2405:7002.005023345423;6169:7005.482143345423;2744:7010.0827033454225;2567:7011.925663345422;2576:7020.414223345422;3077:7022.546863345422;3241:7025.675743345422;88:7027.602583345422;2758:7029.566023345423;2742:7029.9724633454225;2448:7033.158103345422;2353:7039.3589833454225;6140:7044.530023345423;7386:7045.872463345423;3742:7053.531463345423;7100:7054.071103345423;6318:7054.5491833454225;737:7055.4649033454225;6639:7057.314103345422;2446:7058.885383345422;2301:7061.182423345423;1992:7062.207463345423;1990:7063.904383345423;1988:7066.358383345423;1985:7069.880143345423;3729:7072.227583345422;5498:7073.624983345422;5496:7076.532223345422;5699:7077.229663345422;5494:7078.333423345422;6307:7078.550263345422;374:7086.851263345422;7114:7089.066271345422;3246:7090.2040873454225;5330:7090.951663345422;661:7091.943103345422;445:7094.972791345422;6080:7097.796199345422;7381:7098.205087345422;364:7098.640471345422;3029:7100.664679345422;69:7104.796965059708;30:7108.929250773994;3346:7110.953458773994;2832:7111.388842773994;2207:7111.797730773994;2988:7113.081626331015
0,1,default_vehtype,boarding,True,7113.081626331015,7143.081626331015,2988;-1;-1,2988;-1;-1,0.0,0.8526230543655581,0.8526230543655581,0.0,,0,195,1,195,,,
0,7,default_vehtype,route,False,7020.0,7146.62405315578,2970;-1;-1,2967;-1;-1,1408.3381564224544,0.7678305017224623,0.76768966790682,0.0,,0,,0,,,2970;671;544;7400;5449;6824;4848;3271;4846;4989;5000;337;1075;537;18;5629;1068;2559;6740;1717;2067;2063;1937;6789;3895;5465;7450;1719;3469;470;469;5079;7447;1960;2967,2970:7020;671:7021.0301161619855;544:7023.719676161985;7400:7024.7952361619855;5449:7025.994276161986;6824:7030.247556161986;4848:7037.7278761619855;3271:7043.280996161985;4846:7045.154076161985;4989:7057.426596161986;5000:7062.186156161986;337:7069.946388161986;1075:7070.970228161986;537:7071.924228161985;18:7077.791796161985;5629:7083.641220161985;1068:7086.193620161985;2559:7093.244220161984;6740:7097.714844161984;1717:7103.548572161983;2067:7104.286356161983;2063:7105.002612161983;1937:7108.272564161983;6789:7118.808972161983;3895:7120.0759561619825;5465:7127.607876161983;7450:7128.592116161983;1719:7129.408740161983;3469:7130.428692161982;470:7136.389777876268;469:7142.350863590555;5079:7143.370815590554;7447:7144.187439590554;1960:7145.171679590554;2967:7146.62405315578
0,7,default_vehtype,boarding,True,7146.62405315578,7176.62405315578,2967;-1;-1,2967;-1;-1,0.0,0.76768966790682,0.76768966790682,0.0,,0,197,1,197,,,
0,8,default_vehtype,route,False,7057.984536848717,7164.040706282139,2975;-1;-1,2973;-1;-1,1316.9428379970652,0.9123919665124219,0.9122602722286223,0.0,,0,194,1,,,2975;1166;793;118;3979;4275;103;6480;7360;3154;6028;5745;6035;5743;6038;6041;7365;6050;6068;6077;3629;4502;6912;2108;7370;1420;1084;2973,2975:7057.984536848717;1166:7068.095409592804;793:7080.210969592804;118:7086.075249592804;3979:7087.9257935928035;4275:7088.517129592804;103:7089.660057592804;6480:7102.981785592804;7360:7108.483665592804;3154:7109.575473592804;6028:7110.536601592804;5745:7112.028225592804;6035:7113.951633592804;5743:7115.321073592804;6038:7117.336497592804;6041:7118.612769592804;7365:7125.275937592804;6050:7127.549481592804;6068:7131.775809592804;6077:7132.421505592803;3629:7133.978793592803;4502:7134.441681592803;6912:7139.590113592803;2108:7141.486521592803;7370:7148.013249592803;1420:7159.7183615928025;1084:7163.253345592802;2973:7164.040706282139
0,8,default_vehtype,boarding,True,7164.040706282139,7194.040706282139,2973;-1;-1,2973;-1;-1,0.0,0.9122602722286223,0.9122602722286223,0.0,,0,194,1,,194,,
0,2,default_vehtype,route,False,7005.357603087873,7228.441382535085,2968;-1;-1,2987;-1;-1,2614.671158989071,0.9579875513423924,0.9577260842264935,0.0,,0,196,1,,,2968;98;2497;7434;2760;542;1074;1071;1070;1069;1067;1504;4396;710;2281;4664;6260;3300;1832;708;6180;2405;6169;2744;2567;2576;3077;3241;88;2758;2742;2448;2353;6140;7386;3742;7100;6318;737;6639;2446;2301;1992;1990;1988;1985;3729;5498;5496;5699;5494;6307;374;7114;3246;5330;661;445;6080;7381;364;3029;3886;5711;6045;2157;4817;456;5901;7605;2830;1420;1084;7357;2826;2827;4225;2987,2968:7005.357603087873;98:7011.127271564794;2497:7012.637903564794;7434:7019.845751564794;2760:7026.384287564794;542:7033.912391564794;1074:7034.845799564794;1071:7035.848327564794;1070:7050.311615564794;1069:7051.049903564794;1067:7053.711959564794;1504:7058.165735564794;4396:7058.392031564794;710:7058.942687564794;2281:7059.948383564794;4664:7063.826375564794;6260:7064.272271564794;3300:7064.871383564794;1832:7067.661599564794;708:7068.200663564794;6180:7068.624095564794;2405:7070.846495564793;6169:7074.323615564793;2744:7078.924175564793;2567:7080.767135564793;2576:7089.255695564792;3077:7091.388335564792;3241:7094.517215564792;88:7096.4440555647925;2758:7098.407495564793;2742:7098.813935564793;2448:7101.999575564792;2353:7108.200455564793;6140:7113.371495564793;7386:7114.713935564793;3742:7122.372935564793;7100:7122.912575564793;6318:7123.390655564793;737:7124.306375564793;6639:7126.155575564792;2446:7127.7268555647925;2301:7130.023895564793;1992:7131.048935564793;1990:7132.745855564794;1988:7135.199855564793;1985:7138.721615564793;3729:7141.0690555647925;5498:7142.466455564792;5496:7145.373695564792;5699:7146.071135564792;5494:7147.174895564792;6307:7147.391735564792;374:7155.692735564792;7114:7157.907743564792;3246:7159.045559564793;5330:7159.7931355647925;661:7160.784575564792;445:7163.814263564792;6080:7166.637671564792;7381:7167.046559564792;364:7167.481943564792;3029:7169.506151564792;3886:7170.004175564793;5711:7172.543759564793;6045:7173.938039564793;2157:7178.126567564793;4817:7178.603351564793;456:7179.218231564793;5901:7179.973799564793;7605:7183.4454955647925;2830:7183.674887564793;1420:7195.379999564792;1084:7198.914983564792;7357:7203.499511564793;2826:7212.7088155647925;2827:7221.9181195647925;4225:7226.502647564793;2987:7228.441382535085
0,2,default_vehtype,boarding,True,7228.441382535085,7258.441382535085,2987;-1;-1,2987;-1;-1,0.0,0.9577260842264935,0.9577260842264935,0.0,,0,196,1,,196,,
0,8,default_vehtype,route,False,7194.040706282139,7204.361136563095,2973;-1;-1,2987;-1;-1,143.3393094577217,0.9122602722286223,0.9122459382976765,0.0,,0,,0,,,2973;7354;4225;2987,2973:7194.040706282139;7354:7197.837873592803;4225:7202.422401592803;2987:7204.361136563095
0,8,default_vehtype,boarding,True,7204.361136563095,7234.361136563095,2987;-1;-1,2987;-1;-1,0.0,0.9122459382976765,0.9122459382976765,0.0,,0,198,1,198,,,
0,1,default_vehtype,route,False,7143.081626331015,7311.157187239044,2988;-1;-1,2992;-1;-1,1869.190123722689,0.8526230543655581,0.8524361353531857,0.0,,0,195,1,,,2988;3447;3721;5333;251;2711;3358;2296;5495;5697;5497;5500;670;5502;5512;5520;5531;6313;6632;6644;3793;6319;7102;3741;7384;6414;5446;2447;2571;42;2577;2566;3033;3036;2469;2404;2235;3762;5287;310;2280;1447;6261;3764;4397;4745;4182;4187;4191;4195;4202;4208;537;18;5629;1068;2559;6740;1717;2067;2063;1937;2992,2988:7143.081626331015;3447:7144.621138773994;3721:7147.650826773994;5333:7148.6422667739935;251:7149.389842773993;2711:7150.527658773994;3358:7152.742666773994;2296:7161.043666773994;5495:7161.260506773994;5697:7162.364266773994;5497:7163.061706773994;5500:7165.968946773994;670:7167.366346773993;5502:7169.713786773993;5512:7173.235546773993;5520:7175.689546773992;5531:7177.386466773993;6313:7178.411506773993;6632:7180.7085467739935;6644:7182.279826773994;3793:7184.129026773993;6319:7185.044746773993;7102:7185.522826773993;3741:7186.062466773993;7384:7193.721466773993;6414:7198.928626773993;5446:7201.196386773992;2447:7205.132506773993;2571:7212.721426773993;42:7217.389426773992;2577:7218.061906773993;2566:7226.660986773993;3033:7227.291946773993;3036:7229.561506773993;2469:7233.1538267739925;2404:7236.477346773992;2235:7237.760746773993;3762:7238.184178773992;5287:7238.723242773992;310:7241.513458773992;2280:7242.112570773992;1447:7242.558466773992;6261:7246.436458773992;3764:7247.442154773992;4397:7247.9928107739925;4745:7248.219106773992;4182:7252.672882773993;4187:7255.334938773993;4191:7256.073226773992;4195:7270.536514773992;4202:7271.539042773992;4208:7272.520690773992;537:7273.474690773992;18:7279.3422587739915;5629:7285.1916827739915;1068:7287.744082773991;2559:7294.794682773991;6740:7299.26530677399;1717:7305.09903477399;2067:7305.83681877399;2063:7306.5530747739895;1937:7309.823026773989;2992:7311.157187239044
0,1,default_vehtype,boarding,True,7311.157187239044,7341.157187239044,2992;-1;-1,2992;-1;-1,0.0,0.8524361353531857,0.8524361353531857,0.0,,0,195,1,,195,,
0,3,default_vehtype,route,False,7140.0,7341.623184556352,2984;-1;-1,2990;-1;-1,1680.1932046362465,0.6871135353307658,0.6869455160103022,0.0,,0,,0,,,2984;3012;7321;2804;3061;1173;3425;3125;3406;2825;1944;130;99;4526;714;2800;4332;799;3653;3825;7127;3766;3988;553;7132;7191;3566;4337;7134;6667;6711;1807;1653;6829;4349;4937;669;5061;7265;3848;534;2839;5449;2990,2984:7140;3012:7142.4926606774325;7321:7146.503300677433;2804:7149.830060677433;3061:7156.498100677432;1173:7162.096460677432;3425:7163.279420677432;3125:7164.532940677433;3406:7176.887300677433;2825:7179.357020677433;1944:7180.668380677433;130:7183.056020677433;99:7183.536260677432;4526:7191.945860677432;714:7194.742700677432;2800:7196.749100677433;4332:7197.564740677432;799:7198.745660677432;3653:7203.341900677432;3825:7204.590500677432;7127:7248.150620677432;3766:7249.087820677432;3988:7252.823420677432;553:7253.281700677432;7132:7263.160580677432;7191:7271.117780677432;3566:7272.946940677432;4337:7277.445140677432;7134:7278.545180677433;6667:7286.477300677433;6711:7302.336860677433;1807:7304.264060677433;1653:7310.067980677433;6829:7310.840900677434;4349:7311.389780677434;4937:7315.759340677434;669:7326.066740677434;5061:7331.875100677434;7265:7332.658340677433;3848:7333.632980677434;534:7337.677940677434;2839:7339.036580677434;5449:7340.235620677435;2990:7341.623184556352
0,3,default_vehtype,boarding,True,7341.623184556352,7371.623184556352,2990;-1;-1,2990;-1;-1,0.0,0.6869455160103022,0.6869455160103022,0.0,,0,199,1,199,,,
0,8,default_vehtype,route,False,7234.361136563095,7361.786930629656,2987;-1;-1,2984;-1;-1,1389.2919531006646,0.9122459382976765,0.9121070091023665,0.0,,0,198,1,,,2987;4613;1084;7357;3525;6025;3063;6027;7362;2188;2186;5744;6033;5746;6031;146;2828;2376;3091;4274;880;3109;3874;4306;429;4313;68;7318;7325;3011;4;4345;1199;1204;2996;2984,2987:7234.361136563095;4613:7235.957385592803;1084:7239.492369592803;7357:7244.076897592803;3525:7254.955737592803;6025:7256.697201592803;3063:7257.961881592803;6027:7259.263857592803;7362:7263.272097592803;2188:7269.935265592803;2186:7271.211537592803;5744:7273.2269615928035;6033:7274.596401592804;5746:7276.5198095928035;6031:7278.011433592804;146:7278.972561592804;2828:7280.064369592804;2376:7285.566249592804;3091:7298.8879775928035;4274:7300.030905592804;880:7300.622241592804;3109:7302.472785592804;3874:7308.337065592804;4306:7320.452625592804;429:7321.854945592804;4313:7323.037905592804;68:7328.636265592804;7318:7335.304305592804;7325:7338.631065592804;3011:7342.641705592804;4:7347.426825592804;4345:7349.470305592804;1199:7353.460648449946;1204:7357.450991307089;2996:7359.494471307089;2984:7361.786930629656
0,8,default_vehtype,boarding,True,7361.786930629656,7391.786930629656,2984;-1;-1,2984;-1;-1,0.0,0.9121070091023665,0.9121070091023665,0.0,,0,198,1,,198,,
0,3,default_vehtype,route,False,7371.623184556352,7454.165208200512,2990;-1;-1,2968;-1;-1,979.501683274018,0.6869455160103022,0.6868475658419748,0.0,,0,199,1,,,2990;2552;4848;3271;4846;4989;5000;337;1075;537;18;5629;1068;2559;6740;1717;2067;2720;4210;1711;2968,2990:7371.623184556352;2552:7374.488900677435;4848:7381.969220677434;3271:7387.522340677434;4846:7389.395420677434;4989:7401.667940677435;5000:7406.427500677435;337:7414.187732677435;1075:7415.211572677435;537:7416.165572677434;18:7422.033140677434;5629:7427.882564677434;1068:7430.4349646774335;2559:7437.485564677433;6740:7441.956188677433;1717:7447.789916677432;2067:7448.527700677432;2720:7449.291116677432;4210:7450.189388677432;1711:7451.319068677432;2968:7454.165208200512
0,3,default_vehtype,boarding,True,7454.165208200512,7484.165208200512,2968;-1;-1,2968;-1;-1,0.0,0.6868475658419748,0.6868475658419748,0.0,,0,199,1,,199,,
0,7,default_vehtype,route,False,7176.62405315578,7449.917600245129,2967;-1;-1,2982;-1;-1,3402.5930837155474,0.76768966790682,0.7673494085984485,0.0,,0,197,1,,,2967;3896;6788;5444;1716;2720;4210;1711;98;2497;7434;2760;542;1074;4204;5649;5760;205;5793;1407;5826;7411;4686;5074;5295;5274;7181;604;603;602;3851;4573;1400;971;598;1368;591;585;940;1370;939;1903;983;3921;840;2881;5099;2878;1735;2581;370;361;2874;1887;4059;910;6541;3462;3648;2851;2850;1801;1560;5242;922;6385;3550;6322;7280;2411;1661;7283;796;751;4635;6299;4102;4325;7285;1218;2982,2967:7176.62405315578;3896:7182.703599590554;6788:7183.970583590554;5444:7194.506991590554;1716:7197.297351590554;2720:7198.0439915905545;4210:7198.942263590555;1711:7200.071943590555;98:7208.687751590554;2497:7210.198383590555;7434:7217.406231590555;2760:7223.944767590555;542:7231.472871590555;1074:7232.406279590555;4204:7233.387927590555;5649:7234.188711590555;5760:7239.747039590555;205:7244.891295590554;5793:7249.0126475905545;1407:7250.632791590555;5826:7252.913103590555;7411:7255.811751590555;4686:7256.882463590555;5074:7263.822975590555;5295:7264.053231590555;5274:7267.432047590555;7181:7271.941335590555;604:7275.519735590556;603:7276.583319590556;602:7277.436447590556;3851:7278.4398395905555;4573:7282.746159590555;1400:7284.478839590555;971:7288.277271590555;598:7289.344527590555;1368:7290.304863590555;591:7296.175815590555;585:7309.347063590555;940:7315.926927590555;1370:7322.953551590555;939:7323.6502235905555;1903:7324.471815590556;983:7325.454327590555;3921:7329.252471590556;840:7333.813311590556;2881:7340.443935590556;5099:7341.596799590556;2878:7342.724823590555;1735:7353.709143590555;2581:7355.048559590555;370:7356.631407590555;361:7359.128511590555;2874:7359.714519590555;1887:7365.369903590555;4059:7367.289207590555;910:7371.805407590555;6541:7372.469535590555;3462:7374.683175590555;3648:7375.012935590555;2851:7379.687175590555;2850:7380.620535590555;1801:7383.916215590555;1560:7388.6566955905555;5242:7390.3393355905555;922:7391.255247590556;6385:7394.476887590556;3550:7394.738727590556;6322:7400.375967590556;7280:7403.894727590556;2411:7409.729847590555;1661:7415.529687590555;7283:7416.578727590555;796:7425.371247590555;751:7427.279127590555;4635:7432.387767590555;6299:7438.346847590555;4102:7440.706167590554;4325:7445.997327590554;7285:7446.914247590554;1218:7448.037447590554;2982:7449.917600245129
0,7,default_vehtype,boarding,True,7449.917600245129,7479.917600245129,2982;-1;-1,2982;-1;-1,0.0,0.7673494085984485,0.7673494085984485,0.0,,0,197,1,,197,,
