23864-src.FleetSimulationBase-INFO-Initialization of network and routing engine...
23864-src.routing.NetworkBasic-INFO-... no network dynamics file given -> read folder structure
23864-src.routing.NetworkBasic-INFO-Loading nodes from E:\Sharing bike\FleetPy-main\FleetPy-main\data\networks\example_network\base\nodes.csv ...
23864-src.routing.NetworkBasic-INFO-Loading edges from E:\Sharing bike\FleetPy-main\FleetPy-main\data\networks\example_network\base\edges.csv ...
23864-src.routing.NetworkBasic-INFO-... 7617 nodes loaded!
23864-src.FleetSimulationBase-INFO-Initialization of line-based public transportation...
23864-src.FleetSimulationBase-INFO-Initialization of travelers...
23864-src.demand.demand-INFO-init(): 0/100 requests removed (rq_time not in simulation time)
23864-src.demand.demand-INFO-init(): 0/100 requests removed (start == end)
23864-src.FleetSimulationBase-INFO-Initialization of MoD fleets...
23864-src.fleetctrl.FleetControlBase-INFO-Scenario example_depot_utilpool_irsopt_sc_1
Operator 0 control strategy: PoolingIRSAssignmentBatchOptimization
	 control function: {'func_key': 'distance_and_user_times_with_walk', 'vot': 0.45}
Operator 0 additional strategies:
	 RV Heuristics: {}
	 Stop-Insert Heuristics: {}
	 Charging: None
	 On-Street Parking: True
	 Repositioning: None
	 Dynamic Pricing: None
	 Dynamic Fleet Sizing: UtilizationBasedFS

23864-src.fleetctrl.pooling.objectives-INFO- -> assignment_reward_per_rq for objective function: 100000.0
23864-src.FleetSimulationBase-INFO-Simulation environment specific initializations...
23864-src.fleetctrl.RidePoolingBatchOptimizationFleetControlBase-INFO-add init: 1
23864-src.FleetSimulationBase-INFO-Creating or loading initial vehicle states...
23864-src.FleetSimulationBase-INFO-Initialization of scenario example_depot_utilpool_irsopt_sc_1 successful.
23864-src.FleetSimulationBase-INFO-No broker type specified, using default broker: BrokerBasic.
23864-src.fleetctrl.pooling.batch.AlonsoMora.AlonsoMoraAssignment-INFO-=========
23864-src.fleetctrl.pooling.batch.AlonsoMora.AlonsoMoraAssignment-INFO-OPT TIME 0:
23864-src.fleetctrl.pooling.batch.AlonsoMora.AlonsoMoraAssignment-INFO-solution status 2
23864-src.fleetctrl.pooling.batch.AlonsoMora.AlonsoMoraAssignment-INFO-number solutions 1
23864-src.fleetctrl.pooling.batch.AlonsoMora.AlonsoMoraAssignment-INFO-number opt requests 0 | number revealed requests 0 | number active requests: 0
23864-src.fleetctrl.pooling.batch.AlonsoMora.AlonsoMoraAssignment-INFO-number rtv_objs: 0
23864-src.fleetctrl.pooling.batch.AlonsoMora.AlonsoMoraAssignment-INFO-OPT TIMES:sim_time;0,setup;0.0015883445739746094,rr;0.0,rv;0.0,build;0.0,opt;0.0015881061553955078,all;0.003176450729370117
23864-src.fleetctrl.pooling.batch.AlonsoMora.AlonsoMoraAssignment-INFO-Opt stats at sim time 0 : opt duration 0.003176450729370117 | res cfv 0
23864-src.fleetctrl.pooling.batch.AlonsoMora.AlonsoMoraAssignment-INFO-Number of rtv_keys in trees:
23864-src.fleetctrl.pooling.batch.AlonsoMora.AlonsoMoraAssignment-INFO-Objective value at time 0 for AM: 0
23864-src.fleetctrl.pooling.batch.AlonsoMora.AlonsoMoraAssignment-INFO-=========
23864-src.fleetctrl.pooling.batch.AlonsoMora.AlonsoMoraAssignment-INFO-OPT TIME 60:
23864-src.fleetctrl.pooling.batch.AlonsoMora.AlonsoMoraAssignment-INFO-solution status 2
23864-src.fleetctrl.pooling.batch.AlonsoMora.AlonsoMoraAssignment-INFO-number solutions 1
23864-src.fleetctrl.pooling.batch.AlonsoMora.AlonsoMoraAssignment-INFO-number opt requests 0 | number revealed requests 0 | number active requests: 0
23864-src.fleetctrl.pooling.batch.AlonsoMora.AlonsoMoraAssignment-INFO-number rtv_objs: 0
23864-src.fleetctrl.pooling.batch.AlonsoMora.AlonsoMoraAssignment-INFO-OPT TIMES:sim_time;60,setup;0.0016248226165771484,rr;0.0,rv;0.0,build;0.0,opt;0.0015971660614013672,all;0.0032219886779785156
23864-src.fleetctrl.pooling.batch.AlonsoMora.AlonsoMoraAssignment-INFO-Opt stats at sim time 60 : opt duration 0.0032219886779785156 | res cfv 0
23864-src.fleetctrl.pooling.batch.AlonsoMora.AlonsoMoraAssignment-INFO-Number of rtv_keys in trees:
23864-src.fleetctrl.pooling.batch.AlonsoMora.AlonsoMoraAssignment-INFO-Objective value at time 60 for AM: 0
23864-src.fleetctrl.fleetsizing.DynamicFleetSizingBase-INFO-to deactivate: 49
23864-src.fleetctrl.fleetsizing.DynamicFleetSizingBase-INFO-Deactivating vehicle veh 0 at pos (2974, None, None) with soc 0.559363859477122 leg status VRL_STATES.IDLE remaining time None number remaining legs: 0 ob : [] at depot <src.infra.ChargingInfrastructure.Depot object at 0x00000265B60439A0> (plan time: 60)
23864-src.fleetctrl.fleetsizing.DynamicFleetSizingBase-INFO-Deactivating vehicle veh 1 at pos (2984, None, None) with soc 0.8353189348090797 leg status VRL_STATES.IDLE remaining time None number remaining legs: 0 ob : [] at depot <src.infra.ChargingInfrastructure.Depot object at 0x00000265B60439A0> (plan time: 60)
23864-src.fleetctrl.fleetsizing.DynamicFleetSizingBase-INFO-Deactivating vehicle veh 2 at pos (2981, None, None) with soc 0.9627983191463305 leg status VRL_STATES.IDLE remaining time None number remaining legs: 0 ob : [] at depot <src.infra.ChargingInfrastructure.Depot object at 0x00000265B60439A0> (plan time: 60)
23864-src.fleetctrl.fleetsizing.DynamicFleetSizingBase-INFO-Deactivating vehicle veh 3 at pos (2974, None, None) with soc 0.707131497257335 leg status VRL_STATES.IDLE remaining time None number remaining legs: 0 ob : [] at depot <src.infra.ChargingInfrastructure.Depot object at 0x00000265B60439A0> (plan time: 60)
23864-src.fleetctrl.fleetsizing.DynamicFleetSizingBase-INFO-Deactivating vehicle veh 4 at pos (2974, None, None) with soc 0.6818553854713113 leg status VRL_STATES.IDLE remaining time None number remaining legs: 0 ob : [] at depot <src.infra.ChargingInfrastructure.Depot object at 0x00000265B60439A0> (plan time: 60)
23864-src.fleetctrl.fleetsizing.DynamicFleetSizingBase-INFO-Deactivating vehicle veh 5 at pos (2967, None, None) with soc 0.5435646498507704 leg status VRL_STATES.IDLE remaining time None number remaining legs: 0 ob : [] at depot <src.infra.ChargingInfrastructure.Depot object at 0x00000265B6041AB0> (plan time: 60)
23864-src.fleetctrl.fleetsizing.DynamicFleetSizingBase-INFO-Deactivating vehicle veh 6 at pos (2981, None, None) with soc 0.6326947454697227 leg status VRL_STATES.IDLE remaining time None number remaining legs: 0 ob : [] at depot <src.infra.ChargingInfrastructure.Depot object at 0x00000265B60439A0> (plan time: 60)
23864-src.fleetctrl.fleetsizing.DynamicFleetSizingBase-INFO-Deactivating vehicle veh 7 at pos (2971, None, None) with soc 0.5644631488274267 leg status VRL_STATES.IDLE remaining time None number remaining legs: 0 ob : [] at depot <src.infra.ChargingInfrastructure.Depot object at 0x00000265B60439A0> (plan time: 60)
23864-src.fleetctrl.fleetsizing.DynamicFleetSizingBase-INFO-Deactivating vehicle veh 8 at pos (2966, None, None) with soc 0.916309922773969 leg status VRL_STATES.IDLE remaining time None number remaining legs: 0 ob : [] at depot <src.infra.ChargingInfrastructure.Depot object at 0x00000265B6041AB0> (plan time: 60)
23864-src.fleetctrl.fleetsizing.DynamicFleetSizingBase-INFO-Deactivating vehicle veh 9 at pos (2967, None, None) with soc 0.8462360596850099 leg status VRL_STATES.IDLE remaining time None number remaining legs: 0 ob : [] at depot <src.infra.ChargingInfrastructure.Depot object at 0x00000265B6041AB0> (plan time: 60)
23864-src.fleetctrl.fleetsizing.DynamicFleetSizingBase-INFO-Deactivating vehicle veh 10 at pos (2981, None, None) with soc 0.7193007567311602 leg status VRL_STATES.IDLE remaining time None number remaining legs: 0 ob : [] at depot <src.infra.ChargingInfrastructure.Depot object at 0x00000265B60439A0> (plan time: 60)
23864-src.fleetctrl.fleetsizing.DynamicFleetSizingBase-INFO-Deactivating vehicle veh 11 at pos (2993, None, None) with soc 0.8995792821083618 leg status VRL_STATES.IDLE remaining time None number remaining legs: 0 ob : [] at depot <src.infra.ChargingInfrastructure.Depot object at 0x00000265B6041AB0> (plan time: 60)
23864-src.fleetctrl.fleetsizing.DynamicFleetSizingBase-INFO-Deactivating vehicle veh 12 at pos (2980, None, None) with soc 0.5469702553792208 leg status VRL_STATES.IDLE remaining time None number remaining legs: 0 ob : [] at depot <src.infra.ChargingInfrastructure.Depot object at 0x00000265B60439A0> (plan time: 60)
23864-src.fleetctrl.fleetsizing.DynamicFleetSizingBase-INFO-Deactivating vehicle veh 13 at pos (2971, None, None) with soc 0.5806547589424982 leg status VRL_STATES.IDLE remaining time None number remaining legs: 0 ob : [] at depot <src.infra.ChargingInfrastructure.Depot object at 0x00000265B60439A0> (plan time: 60)
23864-src.fleetctrl.fleetsizing.DynamicFleetSizingBase-INFO-Deactivating vehicle veh 14 at pos (2987, None, None) with soc 0.9350060741234096 leg status VRL_STATES.IDLE remaining time None number remaining legs: 0 ob : [] at depot <src.infra.ChargingInfrastructure.Depot object at 0x00000265B60439A0> (plan time: 60)
23864-src.fleetctrl.fleetsizing.DynamicFleetSizingBase-INFO-Deactivating vehicle veh 15 at pos (2982, None, None) with soc 0.964648098788107 leg status VRL_STATES.IDLE remaining time None number remaining legs: 0 ob : [] at depot <src.infra.ChargingInfrastructure.Depot object at 0x00000265B60439A0> (plan time: 60)
23864-src.fleetctrl.fleetsizing.DynamicFleetSizingBase-INFO-Deactivating vehicle veh 16 at pos (2993, None, None) with soc 0.551022405374014 leg status VRL_STATES.IDLE remaining time None number remaining legs: 0 ob : [] at depot <src.infra.ChargingInfrastructure.Depot object at 0x00000265B6041AB0> (plan time: 60)
23864-src.fleetctrl.fleetsizing.DynamicFleetSizingBase-INFO-Deactivating vehicle veh 17 at pos (2978, None, None) with soc 0.8902645881432277 leg status VRL_STATES.IDLE remaining time None number remaining legs: 0 ob : [] at depot <src.infra.ChargingInfrastructure.Depot object at 0x00000265B60439A0> (plan time: 60)
23864-src.fleetctrl.fleetsizing.DynamicFleetSizingBase-INFO-Deactivating vehicle veh 18 at pos (2969, None, None) with soc 0.8581636020592828 leg status VRL_STATES.IDLE remaining time None number remaining legs: 0 ob : [] at depot <src.infra.ChargingInfrastructure.Depot object at 0x00000265B60439A0> (plan time: 60)
23864-src.fleetctrl.fleetsizing.DynamicFleetSizingBase-INFO-Deactivating vehicle veh 19 at pos (2984, None, None) with soc 0.626645801269891 leg status VRL_STATES.IDLE remaining time None number remaining legs: 0 ob : [] at depot <src.infra.ChargingInfrastructure.Depot object at 0x00000265B60439A0> (plan time: 60)
23864-src.fleetctrl.fleetsizing.DynamicFleetSizingBase-INFO-Deactivating vehicle veh 20 at pos (2970, None, None) with soc 0.972334458524792 leg status VRL_STATES.IDLE remaining time None number remaining legs: 0 ob : [] at depot <src.infra.ChargingInfrastructure.Depot object at 0x00000265B60439A0> (plan time: 60)
23864-src.fleetctrl.fleetsizing.DynamicFleetSizingBase-INFO-Deactivating vehicle veh 21 at pos (2974, None, None) with soc 0.8337051899818408 leg status VRL_STATES.IDLE remaining time None number remaining legs: 0 ob : [] at depot <src.infra.ChargingInfrastructure.Depot object at 0x00000265B60439A0> (plan time: 60)
23864-src.fleetctrl.fleetsizing.DynamicFleetSizingBase-INFO-Deactivating vehicle veh 22 at pos (2979, None, None) with soc 0.6222127960008014 leg status VRL_STATES.IDLE remaining time None number remaining legs: 0 ob : [] at depot <src.infra.ChargingInfrastructure.Depot object at 0x00000265B60439A0> (plan time: 60)
23864-src.fleetctrl.fleetsizing.DynamicFleetSizingBase-INFO-Deactivating vehicle veh 23 at pos (2969, None, None) with soc 0.819960510663762 leg status VRL_STATES.IDLE remaining time None number remaining legs: 0 ob : [] at depot <src.infra.ChargingInfrastructure.Depot object at 0x00000265B60439A0> (plan time: 60)
23864-src.fleetctrl.fleetsizing.DynamicFleetSizingBase-INFO-Deactivating vehicle veh 24 at pos (2974, None, None) with soc 0.5915956810035584 leg status VRL_STATES.IDLE remaining time None number remaining legs: 0 ob : [] at depot <src.infra.ChargingInfrastructure.Depot object at 0x00000265B60439A0> (plan time: 60)
23864-src.fleetctrl.fleetsizing.DynamicFleetSizingBase-INFO-Deactivating vehicle veh 25 at pos (2984, None, None) with soc 0.5690914756743068 leg status VRL_STATES.IDLE remaining time None number remaining legs: 0 ob : [] at depot <src.infra.ChargingInfrastructure.Depot object at 0x00000265B60439A0> (plan time: 60)
23864-src.fleetctrl.fleetsizing.DynamicFleetSizingBase-INFO-Deactivating vehicle veh 26 at pos (2980, None, None) with soc 0.7073309699952618 leg status VRL_STATES.IDLE remaining time None number remaining legs: 0 ob : [] at depot <src.infra.ChargingInfrastructure.Depot object at 0x00000265B60439A0> (plan time: 60)
23864-src.fleetctrl.fleetsizing.DynamicFleetSizingBase-INFO-Deactivating vehicle veh 27 at pos (2982, None, None) with soc 0.5100537730937468 leg status VRL_STATES.IDLE remaining time None number remaining legs: 0 ob : [] at depot <src.infra.ChargingInfrastructure.Depot object at 0x00000265B60439A0> (plan time: 60)
23864-src.fleetctrl.fleetsizing.DynamicFleetSizingBase-INFO-Deactivating vehicle veh 28 at pos (2970, None, None) with soc 0.5551875705821525 leg status VRL_STATES.IDLE remaining time None number remaining legs: 0 ob : [] at depot <src.infra.ChargingInfrastructure.Depot object at 0x00000265B60439A0> (plan time: 60)
23864-src.fleetctrl.fleetsizing.DynamicFleetSizingBase-INFO-Deactivating vehicle veh 29 at pos (2973, None, None) with soc 0.8871168447171083 leg status VRL_STATES.IDLE remaining time None number remaining legs: 0 ob : [] at depot <src.infra.ChargingInfrastructure.Depot object at 0x00000265B60439A0> (plan time: 60)
23864-src.fleetctrl.fleetsizing.DynamicFleetSizingBase-INFO-Deactivating vehicle veh 30 at pos (2981, None, None) with soc 0.8575946831862098 leg status VRL_STATES.IDLE remaining time None number remaining legs: 0 ob : [] at depot <src.infra.ChargingInfrastructure.Depot object at 0x00000265B60439A0> (plan time: 60)
23864-src.fleetctrl.fleetsizing.DynamicFleetSizingBase-INFO-Deactivating vehicle veh 31 at pos (2971, None, None) with soc 0.684362585330482 leg status VRL_STATES.IDLE remaining time None number remaining legs: 0 ob : [] at depot <src.infra.ChargingInfrastructure.Depot object at 0x00000265B60439A0> (plan time: 60)
23864-src.fleetctrl.fleetsizing.DynamicFleetSizingBase-INFO-Deactivating vehicle veh 32 at pos (2966, None, None) with soc 0.8088177485379385 leg status VRL_STATES.IDLE remaining time None number remaining legs: 0 ob : [] at depot <src.infra.ChargingInfrastructure.Depot object at 0x00000265B6041AB0> (plan time: 60)
23864-src.fleetctrl.fleetsizing.DynamicFleetSizingBase-INFO-Deactivating vehicle veh 33 at pos (2989, None, None) with soc 0.5023477380962735 leg status VRL_STATES.IDLE remaining time None number remaining legs: 0 ob : [] at depot <src.infra.ChargingInfrastructure.Depot object at 0x00000265B60439A0> (plan time: 60)
23864-src.fleetctrl.fleetsizing.DynamicFleetSizingBase-INFO-Deactivating vehicle veh 34 at pos (2988, None, None) with soc 0.5485506378965306 leg status VRL_STATES.IDLE remaining time None number remaining legs: 0 ob : [] at depot <src.infra.ChargingInfrastructure.Depot object at 0x00000265B60439A0> (plan time: 60)
23864-src.fleetctrl.fleetsizing.DynamicFleetSizingBase-INFO-Deactivating vehicle veh 35 at pos (2978, None, None) with soc 0.7842169744343243 leg status VRL_STATES.IDLE remaining time None number remaining legs: 0 ob : [] at depot <src.infra.ChargingInfrastructure.Depot object at 0x00000265B60439A0> (plan time: 60)
23864-src.fleetctrl.fleetsizing.DynamicFleetSizingBase-INFO-Deactivating vehicle veh 36 at pos (2982, None, None) with soc 0.7724415914984484 leg status VRL_STATES.IDLE remaining time None number remaining legs: 0 ob : [] at depot <src.infra.ChargingInfrastructure.Depot object at 0x00000265B60439A0> (plan time: 60)
23864-src.fleetctrl.fleetsizing.DynamicFleetSizingBase-INFO-Deactivating vehicle veh 37 at pos (2993, None, None) with soc 0.7343256008238508 leg status VRL_STATES.IDLE remaining time None number remaining legs: 0 ob : [] at depot <src.infra.ChargingInfrastructure.Depot object at 0x00000265B6041AB0> (plan time: 60)
23864-src.fleetctrl.fleetsizing.DynamicFleetSizingBase-INFO-Deactivating vehicle veh 38 at pos (2983, None, None) with soc 0.8084669984373785 leg status VRL_STATES.IDLE remaining time None number remaining legs: 0 ob : [] at depot <src.infra.ChargingInfrastructure.Depot object at 0x00000265B60439A0> (plan time: 60)
23864-src.fleetctrl.fleetsizing.DynamicFleetSizingBase-INFO-Deactivating vehicle veh 39 at pos (2978, None, None) with soc 0.9458865003910399 leg status VRL_STATES.IDLE remaining time None number remaining legs: 0 ob : [] at depot <src.infra.ChargingInfrastructure.Depot object at 0x00000265B60439A0> (plan time: 60)
23864-src.fleetctrl.fleetsizing.DynamicFleetSizingBase-INFO-Deactivating vehicle veh 40 at pos (2989, None, None) with soc 0.5480492039469815 leg status VRL_STATES.IDLE remaining time None number remaining legs: 0 ob : [] at depot <src.infra.ChargingInfrastructure.Depot object at 0x00000265B60439A0> (plan time: 60)
23864-src.fleetctrl.fleetsizing.DynamicFleetSizingBase-INFO-Deactivating vehicle veh 41 at pos (2992, None, None) with soc 0.8409101495517417 leg status VRL_STATES.IDLE remaining time None number remaining legs: 0 ob : [] at depot <src.infra.ChargingInfrastructure.Depot object at 0x00000265B6041AB0> (plan time: 60)
23864-src.fleetctrl.fleetsizing.DynamicFleetSizingBase-INFO-Deactivating vehicle veh 42 at pos (2977, None, None) with soc 0.8229470565333281 leg status VRL_STATES.IDLE remaining time None number remaining legs: 0 ob : [] at depot <src.infra.ChargingInfrastructure.Depot object at 0x00000265B60439A0> (plan time: 60)
23864-src.fleetctrl.fleetsizing.DynamicFleetSizingBase-INFO-Deactivating vehicle veh 43 at pos (2993, None, None) with soc 0.802422759872523 leg status VRL_STATES.IDLE remaining time None number remaining legs: 0 ob : [] at depot <src.infra.ChargingInfrastructure.Depot object at 0x00000265B6041AB0> (plan time: 60)
23864-src.fleetctrl.fleetsizing.DynamicFleetSizingBase-INFO-Deactivating vehicle veh 44 at pos (2985, None, None) with soc 0.5301127358146349 leg status VRL_STATES.IDLE remaining time None number remaining legs: 0 ob : [] at depot <src.infra.ChargingInfrastructure.Depot object at 0x00000265B60439A0> (plan time: 60)
23864-src.fleetctrl.fleetsizing.DynamicFleetSizingBase-INFO-Deactivating vehicle veh 45 at pos (2992, None, None) with soc 0.6917207594128889 leg status VRL_STATES.IDLE remaining time None number remaining legs: 0 ob : [] at depot <src.infra.ChargingInfrastructure.Depot object at 0x00000265B6041AB0> (plan time: 60)
23864-src.fleetctrl.fleetsizing.DynamicFleetSizingBase-INFO-Deactivating vehicle veh 46 at pos (2986, None, None) with soc 0.5195938961271603 leg status VRL_STATES.IDLE remaining time None number remaining legs: 0 ob : [] at depot <src.infra.ChargingInfrastructure.Depot object at 0x00000265B60439A0> (plan time: 60)
23864-src.fleetctrl.fleetsizing.DynamicFleetSizingBase-INFO-Deactivating vehicle veh 47 at pos (2976, None, None) with soc 0.7185159768996707 leg status VRL_STATES.IDLE remaining time None number remaining legs: 0 ob : [] at depot <src.infra.ChargingInfrastructure.Depot object at 0x00000265B60439A0> (plan time: 60)
23864-src.fleetctrl.fleetsizing.DynamicFleetSizingBase-INFO-Deactivating vehicle veh 48 at pos (2988, None, None) with soc 0.7644474598764522 leg status VRL_STATES.IDLE remaining time None number remaining legs: 0 ob : [] at depot <src.infra.ChargingInfrastructure.Depot object at 0x00000265B60439A0> (plan time: 60)
23864-src.fleetctrl.pooling.batch.AlonsoMora.AlonsoMoraAssignment-INFO-=========
23864-src.fleetctrl.pooling.batch.AlonsoMora.AlonsoMoraAssignment-INFO-OPT TIME 120:
23864-src.fleetctrl.pooling.batch.AlonsoMora.AlonsoMoraAssignment-INFO-solution status 2
23864-src.fleetctrl.pooling.batch.AlonsoMora.AlonsoMoraAssignment-INFO-number solutions 1
23864-src.fleetctrl.pooling.batch.AlonsoMora.AlonsoMoraAssignment-INFO-number opt requests 0 | number revealed requests 0 | number active requests: 0
23864-src.fleetctrl.pooling.batch.AlonsoMora.AlonsoMoraAssignment-INFO-number rtv_objs: 0
23864-src.fleetctrl.pooling.batch.AlonsoMora.AlonsoMoraAssignment-INFO-OPT TIMES:sim_time;120,setup;0.004047870635986328,rr;0.0,rv;0.0,build;0.0,opt;0.002058267593383789,all;0.006106138229370117
23864-src.fleetctrl.pooling.batch.AlonsoMora.AlonsoMoraAssignment-INFO-Opt stats at sim time 120 : opt duration 0.006106138229370117 | res cfv 0
23864-src.fleetctrl.pooling.batch.AlonsoMora.AlonsoMoraAssignment-INFO-Number of rtv_keys in trees:
23864-src.fleetctrl.pooling.batch.AlonsoMora.AlonsoMoraAssignment-INFO-Objective value at time 120 for AM: 0
23864-src.fleetctrl.fleetsizing.DynamicFleetSizingBase-INFO-to deactivate: 0
23864-src.fleetctrl.pooling.batch.AlonsoMora.AlonsoMoraAssignment-INFO-=========
23864-src.fleetctrl.pooling.batch.AlonsoMora.AlonsoMoraAssignment-INFO-OPT TIME 180:
23864-src.fleetctrl.pooling.batch.AlonsoMora.AlonsoMoraAssignment-INFO-solution status 2
23864-src.fleetctrl.pooling.batch.AlonsoMora.AlonsoMoraAssignment-INFO-number solutions 1
23864-src.fleetctrl.pooling.batch.AlonsoMora.AlonsoMoraAssignment-INFO-number opt requests 0 | number revealed requests 0 | number active requests: 0
23864-src.fleetctrl.pooling.batch.AlonsoMora.AlonsoMoraAssignment-INFO-number rtv_objs: 0
23864-src.fleetctrl.pooling.batch.AlonsoMora.AlonsoMoraAssignment-INFO-OPT TIMES:sim_time;180,setup;0.0038728713989257812,rr;0.0,rv;0.0,build;0.0015664100646972656,opt;0.001592397689819336,all;0.007031679153442383
23864-src.fleetctrl.pooling.batch.AlonsoMora.AlonsoMoraAssignment-INFO-Opt stats at sim time 180 : opt duration 0.007031679153442383 | res cfv 0
23864-src.fleetctrl.pooling.batch.AlonsoMora.AlonsoMoraAssignment-INFO-Number of rtv_keys in trees:
23864-src.fleetctrl.pooling.batch.AlonsoMora.AlonsoMoraAssignment-INFO-Objective value at time 180 for AM: 0
23864-src.fleetctrl.fleetsizing.DynamicFleetSizingBase-INFO-to deactivate: 0
23864-src.fleetctrl.pooling.batch.AlonsoMora.AlonsoMoraAssignment-INFO-=========
23864-src.fleetctrl.pooling.batch.AlonsoMora.AlonsoMoraAssignment-INFO-OPT TIME 240:
23864-src.fleetctrl.pooling.batch.AlonsoMora.AlonsoMoraAssignment-INFO-solution status 2
23864-src.fleetctrl.pooling.batch.AlonsoMora.AlonsoMoraAssignment-INFO-number solutions 1
23864-src.fleetctrl.pooling.batch.AlonsoMora.AlonsoMoraAssignment-INFO-number opt requests 0 | number revealed requests 0 | number active requests: 0
23864-src.fleetctrl.pooling.batch.AlonsoMora.AlonsoMoraAssignment-INFO-number rtv_objs: 0
23864-src.fleetctrl.pooling.batch.AlonsoMora.AlonsoMoraAssignment-INFO-OPT TIMES:sim_time;240,setup;0.0016026496887207031,rr;0.0,rv;0.0,build;0.0015947818756103516,opt;0.0015869140625,all;0.004784345626831055
23864-src.fleetctrl.pooling.batch.AlonsoMora.AlonsoMoraAssignment-INFO-Opt stats at sim time 240 : opt duration 0.004784345626831055 | res cfv 0
23864-src.fleetctrl.pooling.batch.AlonsoMora.AlonsoMoraAssignment-INFO-Number of rtv_keys in trees:
23864-src.fleetctrl.pooling.batch.AlonsoMora.AlonsoMoraAssignment-INFO-Objective value at time 240 for AM: 0
23864-src.fleetctrl.fleetsizing.DynamicFleetSizingBase-INFO-to deactivate: 0
23864-src.fleetctrl.pooling.batch.AlonsoMora.AlonsoMoraAssignment-INFO-=========
23864-src.fleetctrl.pooling.batch.AlonsoMora.AlonsoMoraAssignment-INFO-OPT TIME 300:
23864-src.fleetctrl.pooling.batch.AlonsoMora.AlonsoMoraAssignment-INFO-solution status 2
23864-src.fleetctrl.pooling.batch.AlonsoMora.AlonsoMoraAssignment-INFO-number solutions 1
23864-src.fleetctrl.pooling.batch.AlonsoMora.AlonsoMoraAssignment-INFO-number opt requests 1 | number revealed requests 1 | number active requests: 1
23864-src.fleetctrl.pooling.batch.AlonsoMora.AlonsoMoraAssignment-INFO-number rtv_objs: 1
23864-src.fleetctrl.pooling.batch.AlonsoMora.AlonsoMoraAssignment-INFO-OPT TIMES:sim_time;300,setup;0.0032503604888916016,rr;0.0,rv;0.04118824005126953,build;0.005523681640625,opt;0.0016074180603027344,all;0.05156970024108887
23864-src.fleetctrl.pooling.batch.AlonsoMora.AlonsoMoraAssignment-INFO-Opt stats at sim time 300 : opt duration 0.05156970024108887 | res cfv -99730.85361535141
23864-src.fleetctrl.pooling.batch.AlonsoMora.AlonsoMoraAssignment-INFO-Number of rtv_keys in trees:
23864-src.fleetctrl.pooling.batch.AlonsoMora.AlonsoMoraAssignment-INFO-N 1 : 1 | plans_ 1
23864-src.fleetctrl.pooling.batch.AlonsoMora.AlonsoMoraAssignment-INFO-Objective value at time 300 for AM: -99730.85361535141
23864-src.fleetctrl.fleetsizing.DynamicFleetSizingBase-INFO-Activating vehicle veh 20 at pos (2980, None, None) with soc 0.9721280955945223 leg status VRL_STATES.OUT_OF_SERVICE remaining time 9999950.413729426 number remaining legs: 1 ob : [] from depot <src.infra.ChargingInfrastructure.Depot object at 0x00000265B60439A0> (plan time: 300)
23864-src.fleetctrl.pooling.batch.AlonsoMora.AlonsoMoraAssignment-INFO-=========
23864-src.fleetctrl.pooling.batch.AlonsoMora.AlonsoMoraAssignment-INFO-OPT TIME 360:
23864-src.fleetctrl.pooling.batch.AlonsoMora.AlonsoMoraAssignment-INFO-solution status 2
23864-src.fleetctrl.pooling.batch.AlonsoMora.AlonsoMoraAssignment-INFO-number solutions 1
23864-src.fleetctrl.pooling.batch.AlonsoMora.AlonsoMoraAssignment-INFO-number opt requests 2 | number revealed requests 2 | number active requests: 2
23864-src.fleetctrl.pooling.batch.AlonsoMora.AlonsoMoraAssignment-INFO-number rtv_objs: 3
23864-src.fleetctrl.pooling.batch.AlonsoMora.AlonsoMoraAssignment-INFO-OPT TIMES:sim_time;360,setup;0.006103515625,rr;0.0,rv;0.024480819702148438,build;0.028603792190551758,opt;0.00255584716796875,all;0.061743974685668945
23864-src.fleetctrl.pooling.batch.AlonsoMora.AlonsoMoraAssignment-INFO-Opt stats at sim time 360 : opt duration 0.061743974685668945 | res cfv -199530.0544825573
23864-src.fleetctrl.pooling.batch.AlonsoMora.AlonsoMoraAssignment-INFO-Number of rtv_keys in trees:
23864-src.fleetctrl.pooling.batch.AlonsoMora.AlonsoMoraAssignment-INFO-N 1 : 3 | plans_ 3
23864-src.fleetctrl.pooling.batch.AlonsoMora.AlonsoMoraAssignment-INFO-Objective value at time 360 for AM: -199530.0544825573
23864-src.fleetctrl.fleetsizing.DynamicFleetSizingBase-INFO-Activating vehicle veh 15 at pos (2980, None, None) with soc 0.9645206597818511 leg status VRL_STATES.OUT_OF_SERVICE remaining time 14101.693576094352 number remaining legs: 3 ob : [] from depot <src.infra.ChargingInfrastructure.Depot object at 0x00000265B60439A0> (plan time: 360)
23864-src.fleetctrl.FleetControlBase-WARNING-charging task ('op_0', '1_3_15_14461_15313') no longer assigned! -> cancel booking!
23864-src.fleetctrl.fleetsizing.DynamicFleetSizingBase-INFO-Activating vehicle veh 2 at pos (2980, None, None) with soc 0.9627188555138173 leg status VRL_STATES.OUT_OF_SERVICE remaining time 6784.056720113717 number remaining legs: 3 ob : [] from depot <src.infra.ChargingInfrastructure.Depot object at 0x00000265B60439A0> (plan time: 360)
23864-src.fleetctrl.FleetControlBase-WARNING-charging task ('op_0', '1_1_2_7144_8038') no longer assigned! -> cancel booking!
23864-src.fleetctrl.pooling.batch.AlonsoMora.AlonsoMoraAssignment-INFO-=========
23864-src.fleetctrl.pooling.batch.AlonsoMora.AlonsoMoraAssignment-INFO-OPT TIME 420:
23864-src.fleetctrl.pooling.batch.AlonsoMora.AlonsoMoraAssignment-INFO-solution status 2
23864-src.fleetctrl.pooling.batch.AlonsoMora.AlonsoMoraAssignment-INFO-number solutions 1
23864-src.fleetctrl.pooling.batch.AlonsoMora.AlonsoMoraAssignment-INFO-number opt requests 2 | number revealed requests 2 | number active requests: 2
23864-src.fleetctrl.pooling.batch.AlonsoMora.AlonsoMoraAssignment-INFO-number rtv_objs: 2
23864-src.fleetctrl.pooling.batch.AlonsoMora.AlonsoMoraAssignment-INFO-OPT TIMES:sim_time;420,setup;0.005519866943359375,rr;0.0,rv;0.0,build;0.012822151184082031,opt;0.001565694808959961,all;0.019907712936401367
23864-src.fleetctrl.pooling.batch.AlonsoMora.AlonsoMoraAssignment-INFO-Opt stats at sim time 420 : opt duration 0.019907712936401367 | res cfv -199545.47114922391
23864-src.fleetctrl.pooling.batch.AlonsoMora.AlonsoMoraAssignment-INFO-Number of rtv_keys in trees:
23864-src.fleetctrl.pooling.batch.AlonsoMora.AlonsoMoraAssignment-INFO-N 1 : 2 | plans_ 2
23864-src.fleetctrl.pooling.batch.AlonsoMora.AlonsoMoraAssignment-INFO-Objective value at time 420 for AM: -199545.47114922391
23864-src.fleetctrl.fleetsizing.DynamicFleetSizingBase-INFO-Activating vehicle veh 39 at pos (2980, None, None) with soc 0.9457740567269927 leg status VRL_STATES.OUT_OF_SERVICE remaining time 14010.33429620865 number remaining legs: 3 ob : [] from depot <src.infra.ChargingInfrastructure.Depot object at 0x00000265B60439A0> (plan time: 420)
23864-src.fleetctrl.FleetControlBase-WARNING-charging task ('op_0', '1_2_39_14430_15731') no longer assigned! -> cancel booking!
23864-src.fleetctrl.fleetsizing.DynamicFleetSizingBase-INFO-Activating vehicle veh 14 at pos (2980, None, None) with soc 0.9347543293107337 leg status VRL_STATES.OUT_OF_SERVICE remaining time 49411.2161850889 number remaining legs: 3 ob : [] from depot <src.infra.ChargingInfrastructure.Depot object at 0x00000265B60439A0> (plan time: 420)
23864-src.fleetctrl.FleetControlBase-WARNING-charging task ('op_0', '1_2_14_49831_51397') no longer assigned! -> cancel booking!
23864-src.fleetctrl.pooling.batch.AlonsoMora.AlonsoMoraAssignment-INFO-=========
23864-src.fleetctrl.pooling.batch.AlonsoMora.AlonsoMoraAssignment-INFO-OPT TIME 480:
23864-src.fleetctrl.pooling.batch.AlonsoMora.AlonsoMoraAssignment-INFO-solution status 2
23864-src.fleetctrl.pooling.batch.AlonsoMora.AlonsoMoraAssignment-INFO-number solutions 1
23864-src.fleetctrl.pooling.batch.AlonsoMora.AlonsoMoraAssignment-INFO-number opt requests 2 | number revealed requests 2 | number active requests: 2
23864-src.fleetctrl.pooling.batch.AlonsoMora.AlonsoMoraAssignment-INFO-number rtv_objs: 2
23864-src.fleetctrl.pooling.batch.AlonsoMora.AlonsoMoraAssignment-INFO-OPT TIMES:sim_time;480,setup;0.003160238265991211,rr;0.0,rv;0.0,build;0.0015611648559570312,opt;0.001569986343383789,all;0.006291389465332031
23864-src.fleetctrl.pooling.batch.AlonsoMora.AlonsoMoraAssignment-INFO-Opt stats at sim time 480 : opt duration 0.006291389465332031 | res cfv -199569.36515481077
23864-src.fleetctrl.pooling.batch.AlonsoMora.AlonsoMoraAssignment-INFO-Number of rtv_keys in trees:
23864-src.fleetctrl.pooling.batch.AlonsoMora.AlonsoMoraAssignment-INFO-N 1 : 2 | plans_ 2
23864-src.fleetctrl.pooling.batch.AlonsoMora.AlonsoMoraAssignment-INFO-Objective value at time 480 for AM: -199569.36515481077
23864-src.fleetctrl.fleetsizing.DynamicFleetSizingBase-INFO-Activating vehicle veh 17 at pos (2980, None, None) with soc 0.8901521444791805 leg status VRL_STATES.OUT_OF_SERVICE remaining time 13921.061532510881 number remaining legs: 3 ob : [] from depot <src.infra.ChargingInfrastructure.Depot object at 0x00000265B60439A0> (plan time: 480)
23864-src.fleetctrl.FleetControlBase-WARNING-charging task ('op_0', '1_0_17_14401_17037') no longer assigned! -> cancel booking!
23864-src.fleetctrl.pooling.batch.AlonsoMora.AlonsoMoraAssignment-INFO-=========
23864-src.fleetctrl.pooling.batch.AlonsoMora.AlonsoMoraAssignment-INFO-OPT TIME 540:
23864-src.fleetctrl.pooling.batch.AlonsoMora.AlonsoMoraAssignment-INFO-solution status 2
23864-src.fleetctrl.pooling.batch.AlonsoMora.AlonsoMoraAssignment-INFO-number solutions 1
23864-src.fleetctrl.pooling.batch.AlonsoMora.AlonsoMoraAssignment-INFO-number opt requests 2 | number revealed requests 2 | number active requests: 2
23864-src.fleetctrl.pooling.batch.AlonsoMora.AlonsoMoraAssignment-INFO-number rtv_objs: 2
23864-src.fleetctrl.pooling.batch.AlonsoMora.AlonsoMoraAssignment-INFO-OPT TIMES:sim_time;540,setup;0.003365039825439453,rr;0.0,rv;0.0,build;0.0,opt;0.003395557403564453,all;0.006760597229003906
23864-src.fleetctrl.pooling.batch.AlonsoMora.AlonsoMoraAssignment-INFO-Opt stats at sim time 540 : opt duration 0.006760597229003906 | res cfv -199586.3158595647
23864-src.fleetctrl.pooling.batch.AlonsoMora.AlonsoMoraAssignment-INFO-Number of rtv_keys in trees:
23864-src.fleetctrl.pooling.batch.AlonsoMora.AlonsoMoraAssignment-INFO-N 1 : 2 | plans_ 2
23864-src.fleetctrl.pooling.batch.AlonsoMora.AlonsoMoraAssignment-INFO-Objective value at time 540 for AM: -199586.3158595647
23864-src.fleetctrl.fleetsizing.DynamicFleetSizingBase-INFO-Activating vehicle veh 29 at pos (2980, None, None) with soc 0.8868733201734865 leg status VRL_STATES.OUT_OF_SERVICE remaining time 49204.8979710923 number remaining legs: 3 ob : [] from depot <src.infra.ChargingInfrastructure.Depot object at 0x00000265B60439A0> (plan time: 540)
23864-src.fleetctrl.FleetControlBase-WARNING-charging task ('op_0', '1_0_29_49744_52459') no longer assigned! -> cancel booking!
23864-src.fleetctrl.pooling.batch.AlonsoMora.AlonsoMoraAssignment-INFO-=========
23864-src.fleetctrl.pooling.batch.AlonsoMora.AlonsoMoraAssignment-INFO-OPT TIME 600:
23864-src.fleetctrl.pooling.batch.AlonsoMora.AlonsoMoraAssignment-INFO-solution status 2
23864-src.fleetctrl.pooling.batch.AlonsoMora.AlonsoMoraAssignment-INFO-number solutions 1
23864-src.fleetctrl.pooling.batch.AlonsoMora.AlonsoMoraAssignment-INFO-number opt requests 2 | number revealed requests 2 | number active requests: 2
23864-src.fleetctrl.pooling.batch.AlonsoMora.AlonsoMoraAssignment-INFO-number rtv_objs: 2
23864-src.fleetctrl.pooling.batch.AlonsoMora.AlonsoMoraAssignment-INFO-OPT TIMES:sim_time;600,setup;0.0019328594207763672,rr;0.0,rv;0.0,build;0.0015764236450195312,opt;0.0015716552734375,all;0.0050809383392333984
23864-src.fleetctrl.pooling.batch.AlonsoMora.AlonsoMoraAssignment-INFO-Opt stats at sim time 600 : opt duration 0.0050809383392333984 | res cfv -199606.86515481077
23864-src.fleetctrl.pooling.batch.AlonsoMora.AlonsoMoraAssignment-INFO-Number of rtv_keys in trees:
23864-src.fleetctrl.pooling.batch.AlonsoMora.AlonsoMoraAssignment-INFO-N 1 : 2 | plans_ 2
23864-src.fleetctrl.pooling.batch.AlonsoMora.AlonsoMoraAssignment-INFO-Objective value at time 600 for AM: -199606.86515481077
23864-src.fleetctrl.fleetsizing.DynamicFleetSizingBase-INFO-to deactivate: 1
23864-src.fleetctrl.fleetsizing.DynamicFleetSizingBase-INFO-Deactivating vehicle veh 20 at pos (3877, 2787, np.float64(0.3057519159206804)) with soc 0.9719885770197939 leg status VRL_STATES.ROUTE remaining time None number remaining legs: 2 ob : [3] at depot <src.infra.ChargingInfrastructure.Depot object at 0x00000265B60439A0> (plan time: 600)
23864-src.fleetctrl.pooling.batch.AlonsoMora.AlonsoMoraAssignment-INFO-=========
23864-src.fleetctrl.pooling.batch.AlonsoMora.AlonsoMoraAssignment-INFO-OPT TIME 660:
23864-src.fleetctrl.pooling.batch.AlonsoMora.AlonsoMoraAssignment-INFO-solution status 2
23864-src.fleetctrl.pooling.batch.AlonsoMora.AlonsoMoraAssignment-INFO-number solutions 1
23864-src.fleetctrl.pooling.batch.AlonsoMora.AlonsoMoraAssignment-INFO-number opt requests 3 | number revealed requests 3 | number active requests: 3
23864-src.fleetctrl.pooling.batch.AlonsoMora.AlonsoMoraAssignment-INFO-number rtv_objs: 3
23864-src.fleetctrl.pooling.batch.AlonsoMora.AlonsoMoraAssignment-INFO-OPT TIMES:sim_time;660,setup;0.004706144332885742,rr;0.0,rv;0.029187440872192383,build;0.015871286392211914,opt;0.0031926631927490234,all;0.05295753479003906
23864-src.fleetctrl.pooling.batch.AlonsoMora.AlonsoMoraAssignment-INFO-Opt stats at sim time 660 : opt duration 0.05295753479003906 | res cfv -299420.7834974814
23864-src.fleetctrl.pooling.batch.AlonsoMora.AlonsoMoraAssignment-INFO-Number of rtv_keys in trees:
23864-src.fleetctrl.pooling.batch.AlonsoMora.AlonsoMoraAssignment-INFO-N 1 : 2 | plans_ 2
23864-src.fleetctrl.pooling.batch.AlonsoMora.AlonsoMoraAssignment-INFO-N 2 : 1 | plans_ 1
23864-src.fleetctrl.pooling.batch.AlonsoMora.AlonsoMoraAssignment-INFO-Objective value at time 660 for AM: -299420.7834974814
23864-src.fleetctrl.fleetsizing.DynamicFleetSizingBase-INFO-Activating vehicle veh 18 at pos (2980, None, None) with soc 0.8579855140994925 leg status VRL_STATES.OUT_OF_SERVICE remaining time 10332.713870898702 number remaining legs: 3 ob : [] from depot <src.infra.ChargingInfrastructure.Depot object at 0x00000265B60439A0> (plan time: 660)
23864-src.fleetctrl.FleetControlBase-WARNING-charging task ('op_0', '1_0_18_10992_14401') no longer assigned! -> cancel booking!
23864-src.fleetctrl.fleetsizing.DynamicFleetSizingBase-INFO-Activating vehicle veh 30 at pos (2980, None, None) with soc 0.8575152195536966 leg status VRL_STATES.OUT_OF_SERVICE remaining time 6258.688965632472 number remaining legs: 3 ob : [] from depot <src.infra.ChargingInfrastructure.Depot object at 0x00000265B60439A0> (plan time: 660)
23864-src.fleetctrl.FleetControlBase-WARNING-charging task ('op_0', '1_4_30_6918_10338') no longer assigned! -> cancel booking!
23864-src.fleetctrl.pooling.batch.AlonsoMora.AlonsoMoraAssignment-INFO-=========
23864-src.fleetctrl.pooling.batch.AlonsoMora.AlonsoMoraAssignment-INFO-OPT TIME 720:
23864-src.fleetctrl.pooling.batch.AlonsoMora.AlonsoMoraAssignment-INFO-solution status 2
23864-src.fleetctrl.pooling.batch.AlonsoMora.AlonsoMoraAssignment-INFO-number solutions 1
23864-src.fleetctrl.pooling.batch.AlonsoMora.AlonsoMoraAssignment-INFO-number opt requests 3 | number revealed requests 3 | number active requests: 3
23864-src.fleetctrl.pooling.batch.AlonsoMora.AlonsoMoraAssignment-INFO-number rtv_objs: 3
23864-src.fleetctrl.pooling.batch.AlonsoMora.AlonsoMoraAssignment-INFO-OPT TIMES:sim_time;720,setup;0.0031833648681640625,rr;0.0,rv;0.0,build;0.0016074180603027344,opt;0.0031740665435791016,all;0.007964849472045898
23864-src.fleetctrl.pooling.batch.AlonsoMora.AlonsoMoraAssignment-INFO-Opt stats at sim time 720 : opt duration 0.007964849472045898 | res cfv -299441.9029764395
23864-src.fleetctrl.pooling.batch.AlonsoMora.AlonsoMoraAssignment-INFO-Number of rtv_keys in trees:
23864-src.fleetctrl.pooling.batch.AlonsoMora.AlonsoMoraAssignment-INFO-N 1 : 2 | plans_ 2
23864-src.fleetctrl.pooling.batch.AlonsoMora.AlonsoMoraAssignment-INFO-N 2 : 1 | plans_ 1
23864-src.fleetctrl.pooling.batch.AlonsoMora.AlonsoMoraAssignment-INFO-Objective value at time 720 for AM: -299441.9029764395
23864-src.fleetctrl.fleetsizing.DynamicFleetSizingBase-INFO-Activating vehicle veh 20 at pos (2980, None, None) with soc 0.9718933351945223 leg status VRL_STATES.BOARDING remaining time 29.502771428571464 number remaining legs: 2 ob : [3] from depot <src.infra.ChargingInfrastructure.Depot object at 0x00000265B60439A0> (plan time: 720)
23864-src.fleetctrl.fleetsizing.DynamicFleetSizingBase-INFO-Activating vehicle veh 1 at pos (2980, None, None) with soc 0.8351585417917138 leg status VRL_STATES.OUT_OF_SERVICE remaining time 35283.920381882686 number remaining legs: 3 ob : [] from depot <src.infra.ChargingInfrastructure.Depot object at 0x00000265B60439A0> (plan time: 720)
23864-src.fleetctrl.FleetControlBase-WARNING-charging task ('op_0', '1_4_1_36003_39960') no longer assigned! -> cancel booking!
23864-src.fleetctrl.pooling.batch.AlonsoMora.AlonsoMoraAssignment-INFO-=========
23864-src.fleetctrl.pooling.batch.AlonsoMora.AlonsoMoraAssignment-INFO-OPT TIME 780:
23864-src.fleetctrl.pooling.batch.AlonsoMora.AlonsoMoraAssignment-INFO-solution status 2
23864-src.fleetctrl.pooling.batch.AlonsoMora.AlonsoMoraAssignment-INFO-number solutions 1
23864-src.fleetctrl.pooling.batch.AlonsoMora.AlonsoMoraAssignment-INFO-number opt requests 1 | number revealed requests 1 | number active requests: 1
23864-src.fleetctrl.pooling.batch.AlonsoMora.AlonsoMoraAssignment-INFO-number rtv_objs: 1
23864-src.fleetctrl.pooling.batch.AlonsoMora.AlonsoMoraAssignment-INFO-OPT TIMES:sim_time;780,setup;0.003662109375,rr;0.0,rv;0.0,build;0.0005369186401367188,opt;0.0015707015991210938,all;0.0057697296142578125
23864-src.fleetctrl.pooling.batch.AlonsoMora.AlonsoMoraAssignment-INFO-Opt stats at sim time 780 : opt duration 0.0057697296142578125 | res cfv -99800.51122371042
23864-src.fleetctrl.pooling.batch.AlonsoMora.AlonsoMoraAssignment-INFO-Number of rtv_keys in trees:
23864-src.fleetctrl.pooling.batch.AlonsoMora.AlonsoMoraAssignment-INFO-N 1 : 1 | plans_ 1
23864-src.fleetctrl.pooling.batch.AlonsoMora.AlonsoMoraAssignment-INFO-N 2 : 0 | plans_ 0
23864-src.fleetctrl.pooling.batch.AlonsoMora.AlonsoMoraAssignment-INFO-Objective value at time 780 for AM: -99800.51122371042
23864-src.fleetctrl.fleetsizing.DynamicFleetSizingBase-INFO-to deactivate: 1
23864-src.fleetctrl.fleetsizing.DynamicFleetSizingBase-INFO-Deactivating vehicle veh 20 at pos (2980, None, None) with soc 0.9718933351945223 leg status VRL_STATES.IDLE remaining time None number remaining legs: 0 ob : [] at depot <src.infra.ChargingInfrastructure.Depot object at 0x00000265B60439A0> (plan time: 780)
23864-src.fleetctrl.pooling.batch.AlonsoMora.AlonsoMoraAssignment-INFO-=========
23864-src.fleetctrl.pooling.batch.AlonsoMora.AlonsoMoraAssignment-INFO-OPT TIME 840:
23864-src.fleetctrl.pooling.batch.AlonsoMora.AlonsoMoraAssignment-INFO-solution status 2
23864-src.fleetctrl.pooling.batch.AlonsoMora.AlonsoMoraAssignment-INFO-number solutions 1
23864-src.fleetctrl.pooling.batch.AlonsoMora.AlonsoMoraAssignment-INFO-number opt requests 1 | number revealed requests 1 | number active requests: 1
23864-src.fleetctrl.pooling.batch.AlonsoMora.AlonsoMoraAssignment-INFO-number rtv_objs: 1
23864-src.fleetctrl.pooling.batch.AlonsoMora.AlonsoMoraAssignment-INFO-OPT TIMES:sim_time;840,setup;0.00508880615234375,rr;0.0,rv;0.00160980224609375,build;0.0,opt;0.0016090869903564453,all;0.008307695388793945
23864-src.fleetctrl.pooling.batch.AlonsoMora.AlonsoMoraAssignment-INFO-Opt stats at sim time 840 : opt duration 0.008307695388793945 | res cfv -99814.81171567817
23864-src.fleetctrl.pooling.batch.AlonsoMora.AlonsoMoraAssignment-INFO-Number of rtv_keys in trees:
23864-src.fleetctrl.pooling.batch.AlonsoMora.AlonsoMoraAssignment-INFO-N 1 : 1 | plans_ 1
23864-src.fleetctrl.pooling.batch.AlonsoMora.AlonsoMoraAssignment-INFO-N 2 : 0 | plans_ 0
23864-src.fleetctrl.pooling.batch.AlonsoMora.AlonsoMoraAssignment-INFO-Objective value at time 840 for AM: -99814.81171567817
23864-src.fleetctrl.fleetsizing.DynamicFleetSizingBase-INFO-Activating vehicle veh 20 at pos (2980, None, None) with soc 0.9718933351945223 leg status VRL_STATES.OUT_OF_SERVICE remaining time 9999940 number remaining legs: 1 ob : [] from depot <src.infra.ChargingInfrastructure.Depot object at 0x00000265B60439A0> (plan time: 840)
23864-src.fleetctrl.pooling.batch.AlonsoMora.AlonsoMoraAssignment-INFO-=========
23864-src.fleetctrl.pooling.batch.AlonsoMora.AlonsoMoraAssignment-INFO-OPT TIME 900:
23864-src.fleetctrl.pooling.batch.AlonsoMora.AlonsoMoraAssignment-INFO-solution status 2
23864-src.fleetctrl.pooling.batch.AlonsoMora.AlonsoMoraAssignment-INFO-number solutions 2
23864-src.fleetctrl.pooling.batch.AlonsoMora.AlonsoMoraAssignment-INFO-number opt requests 3 | number revealed requests 3 | number active requests: 3
23864-src.fleetctrl.pooling.batch.AlonsoMora.AlonsoMoraAssignment-INFO-number rtv_objs: 8
23864-src.fleetctrl.pooling.batch.AlonsoMora.AlonsoMoraAssignment-INFO-OPT TIMES:sim_time;900,setup;0.00483250617980957,rr;0.0,rv;0.05692028999328613,build;0.019031524658203125,opt;0.0031669139862060547,all;0.08395123481750488
23864-src.fleetctrl.pooling.batch.AlonsoMora.AlonsoMoraAssignment-INFO-Opt stats at sim time 900 : opt duration 0.08395123481750488 | res cfv -299396.91127190425
23864-src.fleetctrl.pooling.batch.AlonsoMora.AlonsoMoraAssignment-INFO-Number of rtv_keys in trees:
23864-src.fleetctrl.pooling.batch.AlonsoMora.AlonsoMoraAssignment-INFO-N 1 : 5 | plans_ 5
23864-src.fleetctrl.pooling.batch.AlonsoMora.AlonsoMoraAssignment-INFO-N 2 : 3 | plans_ 4
23864-src.fleetctrl.pooling.batch.AlonsoMora.AlonsoMoraAssignment-INFO-Objective value at time 900 for AM: -299396.91127190425
23864-src.fleetctrl.fleetsizing.DynamicFleetSizingBase-INFO-Activating vehicle veh 21 at pos (2980, None, None) with soc 0.8335238681340207 leg status VRL_STATES.OUT_OF_SERVICE remaining time 34476.55815305504 number remaining legs: 3 ob : [] from depot <src.infra.ChargingInfrastructure.Depot object at 0x00000265B60439A0> (plan time: 900)
23864-src.fleetctrl.FleetControlBase-WARNING-charging task ('op_0', '1_2_21_35376_39371') no longer assigned! -> cancel booking!
23864-src.fleetctrl.fleetsizing.DynamicFleetSizingBase-INFO-Activating vehicle veh 42 at pos (2980, None, None) with soc 0.8227942736897742 leg status VRL_STATES.OUT_OF_SERVICE remaining time 33750.224952078956 number remaining legs: 3 ob : [] from depot <src.infra.ChargingInfrastructure.Depot object at 0x00000265B60439A0> (plan time: 900)
23864-src.fleetctrl.FleetControlBase-WARNING-charging task ('op_0', '1_0_42_34650_38903') no longer assigned! -> cancel booking!
23864-src.fleetctrl.pooling.batch.AlonsoMora.AlonsoMoraAssignment-INFO-=========
23864-src.fleetctrl.pooling.batch.AlonsoMora.AlonsoMoraAssignment-INFO-OPT TIME 960:
23864-src.fleetctrl.pooling.batch.AlonsoMora.AlonsoMoraAssignment-INFO-solution status 2
23864-src.fleetctrl.pooling.batch.AlonsoMora.AlonsoMoraAssignment-INFO-number solutions 1
23864-src.fleetctrl.pooling.batch.AlonsoMora.AlonsoMoraAssignment-INFO-number opt requests 4 | number revealed requests 4 | number active requests: 4
23864-src.fleetctrl.pooling.batch.AlonsoMora.AlonsoMoraAssignment-INFO-number rtv_objs: 10
23864-src.fleetctrl.pooling.batch.AlonsoMora.AlonsoMoraAssignment-INFO-OPT TIMES:sim_time;960,setup;0.004645109176635742,rr;0.0,rv;0.027177810668945312,build;0.050911903381347656,opt;0.003151416778564453,all;0.08588624000549316
23864-src.fleetctrl.pooling.batch.AlonsoMora.AlonsoMoraAssignment-INFO-Opt stats at sim time 960 : opt duration 0.08588624000549316 | res cfv -399103.2803585943
23864-src.fleetctrl.pooling.batch.AlonsoMora.AlonsoMoraAssignment-INFO-Number of rtv_keys in trees:
23864-src.fleetctrl.pooling.batch.AlonsoMora.AlonsoMoraAssignment-INFO-N 1 : 4 | plans_ 4
23864-src.fleetctrl.pooling.batch.AlonsoMora.AlonsoMoraAssignment-INFO-N 2 : 5 | plans_ 5
23864-src.fleetctrl.pooling.batch.AlonsoMora.AlonsoMoraAssignment-INFO-N 3 : 1 | plans_ 1
23864-src.fleetctrl.pooling.batch.AlonsoMora.AlonsoMoraAssignment-INFO-Objective value at time 960 for AM: -399103.2803585943
23864-src.fleetctrl.fleetsizing.DynamicFleetSizingBase-INFO-Activating vehicle veh 23 at pos (2980, None, None) with soc 0.8197824227039717 leg status VRL_STATES.OUT_OF_SERVICE remaining time 9378.323696343754 number remaining legs: 3 ob : [] from depot <src.infra.ChargingInfrastructure.Depot object at 0x00000265B60439A0> (plan time: 960)
23864-src.fleetctrl.FleetControlBase-WARNING-charging task ('op_0', '1_4_23_10338_14663') no longer assigned! -> cancel booking!
23864-src.fleetctrl.fleetsizing.DynamicFleetSizingBase-INFO-Activating vehicle veh 38 at pos (2980, None, None) with soc 0.8083019283827528 leg status VRL_STATES.OUT_OF_SERVICE remaining time 33274.17392370596 number remaining legs: 3 ob : [] from depot <src.infra.ChargingInfrastructure.Depot object at 0x00000265B60439A0> (plan time: 960)
23864-src.fleetctrl.FleetControlBase-WARNING-charging task ('op_0', '1_3_38_34234_38834') no longer assigned! -> cancel booking!
23864-src.fleetctrl.pooling.batch.AlonsoMora.AlonsoMoraAssignment-INFO-=========
23864-src.fleetctrl.pooling.batch.AlonsoMora.AlonsoMoraAssignment-INFO-OPT TIME 1020:
23864-src.fleetctrl.pooling.batch.AlonsoMora.AlonsoMoraAssignment-INFO-solution status 2
23864-src.fleetctrl.pooling.batch.AlonsoMora.AlonsoMoraAssignment-INFO-number solutions 1
23864-src.fleetctrl.pooling.batch.AlonsoMora.AlonsoMoraAssignment-INFO-number opt requests 4 | number revealed requests 4 | number active requests: 4
23864-src.fleetctrl.pooling.batch.AlonsoMora.AlonsoMoraAssignment-INFO-number rtv_objs: 10
23864-src.fleetctrl.pooling.batch.AlonsoMora.AlonsoMoraAssignment-INFO-OPT TIMES:sim_time;1020,setup;0.0035347938537597656,rr;0.0,rv;0.0,build;0.004769563674926758,opt;0.003273487091064453,all;0.011577844619750977
23864-src.fleetctrl.pooling.batch.AlonsoMora.AlonsoMoraAssignment-INFO-Opt stats at sim time 1020 : opt duration 0.011577844619750977 | res cfv -399127.33334645606
23864-src.fleetctrl.pooling.batch.AlonsoMora.AlonsoMoraAssignment-INFO-Number of rtv_keys in trees:
23864-src.fleetctrl.pooling.batch.AlonsoMora.AlonsoMoraAssignment-INFO-N 1 : 4 | plans_ 4
23864-src.fleetctrl.pooling.batch.AlonsoMora.AlonsoMoraAssignment-INFO-N 2 : 5 | plans_ 5
23864-src.fleetctrl.pooling.batch.AlonsoMora.AlonsoMoraAssignment-INFO-N 3 : 1 | plans_ 1
23864-src.fleetctrl.pooling.batch.AlonsoMora.AlonsoMoraAssignment-INFO-Objective value at time 1020 for AM: -399127.33334645606
23864-src.fleetctrl.fleetsizing.DynamicFleetSizingBase-INFO-Activating vehicle veh 35 at pos (2980, None, None) with soc 0.784104530770277 leg status VRL_STATES.OUT_OF_SERVICE remaining time 8228.843034695297 number remaining legs: 3 ob : [] from depot <src.infra.ChargingInfrastructure.Depot object at 0x00000265B60439A0> (plan time: 1020)
23864-src.fleetctrl.FleetControlBase-WARNING-charging task ('op_0', '1_2_35_9248_14430') no longer assigned! -> cancel booking!
23864-src.fleetctrl.fleetsizing.DynamicFleetSizingBase-INFO-Activating vehicle veh 36 at pos (2980, None, None) with soc 0.7723141524921925 leg status VRL_STATES.OUT_OF_SERVICE remaining time 7977.233235906973 number remaining legs: 3 ob : [] from depot <src.infra.ChargingInfrastructure.Depot object at 0x00000265B60439A0> (plan time: 1020)
23864-src.fleetctrl.FleetControlBase-WARNING-charging task ('op_0', '1_3_36_8997_14461') no longer assigned! -> cancel booking!
23864-src.fleetctrl.pooling.batch.AlonsoMora.AlonsoMoraAssignment-INFO-=========
23864-src.fleetctrl.pooling.batch.AlonsoMora.AlonsoMoraAssignment-INFO-OPT TIME 1080:
23864-src.fleetctrl.pooling.batch.AlonsoMora.AlonsoMoraAssignment-INFO-solution status 2
23864-src.fleetctrl.pooling.batch.AlonsoMora.AlonsoMoraAssignment-INFO-number solutions 1
23864-src.fleetctrl.pooling.batch.AlonsoMora.AlonsoMoraAssignment-INFO-number opt requests 4 | number revealed requests 4 | number active requests: 4
23864-src.fleetctrl.pooling.batch.AlonsoMora.AlonsoMoraAssignment-INFO-number rtv_objs: 15
23864-src.fleetctrl.pooling.batch.AlonsoMora.AlonsoMoraAssignment-INFO-OPT TIMES:sim_time;1080,setup;0.0047380924224853516,rr;0.0,rv;0.027654170989990234,build;0.05048966407775879,opt;0.0030324459075927734,all;0.08591437339782715
23864-src.fleetctrl.pooling.batch.AlonsoMora.AlonsoMoraAssignment-INFO-Opt stats at sim time 1080 : opt duration 0.08591437339782715 | res cfv -399083.15145547275
23864-src.fleetctrl.pooling.batch.AlonsoMora.AlonsoMoraAssignment-INFO-Number of rtv_keys in trees:
23864-src.fleetctrl.pooling.batch.AlonsoMora.AlonsoMoraAssignment-INFO-N 1 : 8 | plans_ 8
23864-src.fleetctrl.pooling.batch.AlonsoMora.AlonsoMoraAssignment-INFO-N 2 : 7 | plans_ 7
23864-src.fleetctrl.pooling.batch.AlonsoMora.AlonsoMoraAssignment-INFO-N 3 : 0 | plans_ 0
23864-src.fleetctrl.pooling.batch.AlonsoMora.AlonsoMoraAssignment-INFO-Objective value at time 1080 for AM: -399083.15145547275
23864-src.fleetctrl.fleetsizing.DynamicFleetSizingBase-INFO-Activating vehicle veh 48 at pos (2980, None, None) with soc 0.7641578391645912 leg status VRL_STATES.OUT_OF_SERVICE remaining time 48608.078870133446 number remaining legs: 3 ob : [] from depot <src.infra.ChargingInfrastructure.Depot object at 0x00000265B60439A0> (plan time: 1080)
23864-src.fleetctrl.FleetControlBase-WARNING-charging task ('op_0', '1_3_48_49688_55348') no longer assigned! -> cancel booking!
23864-src.fleetctrl.fleetsizing.DynamicFleetSizingBase-INFO-Activating vehicle veh 10 at pos (2980, None, None) with soc 0.7567212930986462 leg status VRL_STATES.CHARGING remaining time 5838.688965632472 number remaining legs: 2 ob : [] from depot <src.infra.ChargingInfrastructure.Depot object at 0x00000265B60439A0> (plan time: 1080)
23864-src.fleetctrl.pooling.batch.AlonsoMora.AlonsoMoraAssignment-INFO-=========
23864-src.fleetctrl.pooling.batch.AlonsoMora.AlonsoMoraAssignment-INFO-OPT TIME 1140:
23864-src.fleetctrl.pooling.batch.AlonsoMora.AlonsoMoraAssignment-INFO-solution status 2
23864-src.fleetctrl.pooling.batch.AlonsoMora.AlonsoMoraAssignment-INFO-number solutions 1
23864-src.fleetctrl.pooling.batch.AlonsoMora.AlonsoMoraAssignment-INFO-number opt requests 4 | number revealed requests 4 | number active requests: 4
23864-src.fleetctrl.pooling.batch.AlonsoMora.AlonsoMoraAssignment-INFO-number rtv_objs: 8
23864-src.fleetctrl.pooling.batch.AlonsoMora.AlonsoMoraAssignment-INFO-OPT TIMES:sim_time;1140,setup;0.003416299819946289,rr;0.0016696453094482422,rv;0.0,build;0.0032563209533691406,opt;0.0015933513641357422,all;0.008265972137451172
23864-src.fleetctrl.pooling.batch.AlonsoMora.AlonsoMoraAssignment-INFO-Opt stats at sim time 1140 : opt duration 0.008265972137451172 | res cfv -399099.24936862395
23864-src.fleetctrl.pooling.batch.AlonsoMora.AlonsoMoraAssignment-INFO-Number of rtv_keys in trees:
23864-src.fleetctrl.pooling.batch.AlonsoMora.AlonsoMoraAssignment-INFO-N 1 : 4 | plans_ 4
23864-src.fleetctrl.pooling.batch.AlonsoMora.AlonsoMoraAssignment-INFO-N 2 : 4 | plans_ 4
23864-src.fleetctrl.pooling.batch.AlonsoMora.AlonsoMoraAssignment-INFO-N 3 : 0 | plans_ 0
23864-src.fleetctrl.pooling.batch.AlonsoMora.AlonsoMoraAssignment-INFO-Objective value at time 1140 for AM: -399099.24936862395
23864-src.fleetctrl.fleetsizing.DynamicFleetSizingBase-INFO-Activating vehicle veh 26 at pos (2980, None, None) with soc 0.7498309699952609 leg status VRL_STATES.CHARGING remaining time 6004.056720113716 number remaining legs: 2 ob : [] from depot <src.infra.ChargingInfrastructure.Depot object at 0x00000265B60439A0> (plan time: 1140)
23864-src.fleetctrl.fleetsizing.DynamicFleetSizingBase-INFO-Activating vehicle veh 47 at pos (2980, None, None) with soc 0.7183380623717271 leg status VRL_STATES.OUT_OF_SERVICE remaining time 29006.226185915737 number remaining legs: 3 ob : [] from depot <src.infra.ChargingInfrastructure.Depot object at 0x00000265B60439A0> (plan time: 1140)
23864-src.fleetctrl.FleetControlBase-WARNING-charging task ('op_0', '1_1_47_30146_36906') no longer assigned! -> cancel booking!
23864-src.fleetctrl.pooling.batch.AlonsoMora.AlonsoMoraAssignment-INFO-=========
23864-src.fleetctrl.pooling.batch.AlonsoMora.AlonsoMoraAssignment-INFO-OPT TIME 1200:
23864-src.fleetctrl.pooling.batch.AlonsoMora.AlonsoMoraAssignment-INFO-solution status 2
23864-src.fleetctrl.pooling.batch.AlonsoMora.AlonsoMoraAssignment-INFO-number solutions 1
23864-src.fleetctrl.pooling.batch.AlonsoMora.AlonsoMoraAssignment-INFO-number opt requests 4 | number revealed requests 4 | number active requests: 4
23864-src.fleetctrl.pooling.batch.AlonsoMora.AlonsoMoraAssignment-INFO-number rtv_objs: 3
23864-src.fleetctrl.pooling.batch.AlonsoMora.AlonsoMoraAssignment-INFO-OPT TIMES:sim_time;1200,setup;0.005069255828857422,rr;0.0,rv;0.0,build;0.0,opt;0.003245830535888672,all;0.008315086364746094
23864-src.fleetctrl.pooling.batch.AlonsoMora.AlonsoMoraAssignment-INFO-Opt stats at sim time 1200 : opt duration 0.008315086364746094 | res cfv -399117.86878404417
23864-src.fleetctrl.pooling.batch.AlonsoMora.AlonsoMoraAssignment-INFO-Number of rtv_keys in trees:
23864-src.fleetctrl.pooling.batch.AlonsoMora.AlonsoMoraAssignment-INFO-N 1 : 1 | plans_ 1
23864-src.fleetctrl.pooling.batch.AlonsoMora.AlonsoMoraAssignment-INFO-N 2 : 2 | plans_ 2
23864-src.fleetctrl.pooling.batch.AlonsoMora.AlonsoMoraAssignment-INFO-N 3 : 0 | plans_ 0
23864-src.fleetctrl.pooling.batch.AlonsoMora.AlonsoMoraAssignment-INFO-Objective value at time 1200 for AM: -399117.86878404417
23864-src.fleetctrl.fleetsizing.DynamicFleetSizingBase-INFO-Activating vehicle veh 3 at pos (2980, None, None) with soc 0.7069501754095149 leg status VRL_STATES.OUT_OF_SERVICE remaining time 26417.02916190731 number remaining legs: 3 ob : [] from depot <src.infra.ChargingInfrastructure.Depot object at 0x00000265B60439A0> (plan time: 1200)
23864-src.fleetctrl.FleetControlBase-WARNING-charging task ('op_0', '1_0_3_27617_34650') no longer assigned! -> cancel booking!
23864-src.fleetctrl.fleetsizing.DynamicFleetSizingBase-INFO-Activating vehicle veh 31 at pos (2980, None, None) with soc 0.6840981503676238 leg status VRL_STATES.OUT_OF_SERVICE remaining time 47656.09909702483 number remaining legs: 3 ob : [] from depot <src.infra.ChargingInfrastructure.Depot object at 0x00000265B60439A0> (plan time: 1200)
23864-src.fleetctrl.FleetControlBase-WARNING-charging task ('op_0', '1_1_31_48856_56437') no longer assigned! -> cancel booking!
23864-src.fleetctrl.pooling.batch.AlonsoMora.AlonsoMoraAssignment-INFO-=========
23864-src.fleetctrl.pooling.batch.AlonsoMora.AlonsoMoraAssignment-INFO-OPT TIME 1260:
23864-src.fleetctrl.pooling.batch.AlonsoMora.AlonsoMoraAssignment-INFO-solution status 2
23864-src.fleetctrl.pooling.batch.AlonsoMora.AlonsoMoraAssignment-INFO-number solutions 1
23864-src.fleetctrl.pooling.batch.AlonsoMora.AlonsoMoraAssignment-INFO-number opt requests 4 | number revealed requests 4 | number active requests: 4
23864-src.fleetctrl.pooling.batch.AlonsoMora.AlonsoMoraAssignment-INFO-number rtv_objs: 3
23864-src.fleetctrl.pooling.batch.AlonsoMora.AlonsoMoraAssignment-INFO-OPT TIMES:sim_time;1260,setup;0.002025127410888672,rr;0.0,rv;0.0,build;0.0,opt;0.003561258316040039,all;0.005586385726928711
23864-src.fleetctrl.pooling.batch.AlonsoMora.AlonsoMoraAssignment-INFO-Opt stats at sim time 1260 : opt duration 0.005586385726928711 | res cfv -399135.2923276084
23864-src.fleetctrl.pooling.batch.AlonsoMora.AlonsoMoraAssignment-INFO-Number of rtv_keys in trees:
23864-src.fleetctrl.pooling.batch.AlonsoMora.AlonsoMoraAssignment-INFO-N 1 : 1 | plans_ 1
23864-src.fleetctrl.pooling.batch.AlonsoMora.AlonsoMoraAssignment-INFO-N 2 : 2 | plans_ 2
23864-src.fleetctrl.pooling.batch.AlonsoMora.AlonsoMoraAssignment-INFO-N 3 : 0 | plans_ 0
23864-src.fleetctrl.pooling.batch.AlonsoMora.AlonsoMoraAssignment-INFO-Objective value at time 1260 for AM: -399135.2923276084
23864-src.fleetctrl.fleetsizing.DynamicFleetSizingBase-INFO-Activating vehicle veh 4 at pos (2980, None, None) with soc 0.6816740636234911 leg status VRL_STATES.OUT_OF_SERVICE remaining time 25334.351450669747 number remaining legs: 3 ob : [] from depot <src.infra.ChargingInfrastructure.Depot object at 0x00000265B60439A0> (plan time: 1260)
23864-src.fleetctrl.FleetControlBase-WARNING-charging task ('op_0', '1_3_4_26594_34234') no longer assigned! -> cancel booking!
23864-src.fleetctrl.fleetsizing.DynamicFleetSizingBase-INFO-Activating vehicle veh 6 at pos (2980, None, None) with soc 0.6776152818372085 leg status VRL_STATES.CHARGING remaining time 7737.2332359069715 number remaining legs: 2 ob : [] from depot <src.infra.ChargingInfrastructure.Depot object at 0x00000265B60439A0> (plan time: 1260)
23864-src.fleetctrl.pooling.batch.AlonsoMora.AlonsoMoraAssignment-INFO-=========
23864-src.fleetctrl.pooling.batch.AlonsoMora.AlonsoMoraAssignment-INFO-OPT TIME 1320:
23864-src.fleetctrl.pooling.batch.AlonsoMora.AlonsoMoraAssignment-INFO-solution status 2
23864-src.fleetctrl.pooling.batch.AlonsoMora.AlonsoMoraAssignment-INFO-number solutions 1
23864-src.fleetctrl.pooling.batch.AlonsoMora.AlonsoMoraAssignment-INFO-number opt requests 4 | number revealed requests 4 | number active requests: 4
23864-src.fleetctrl.pooling.batch.AlonsoMora.AlonsoMoraAssignment-INFO-number rtv_objs: 3
23864-src.fleetctrl.pooling.batch.AlonsoMora.AlonsoMoraAssignment-INFO-OPT TIMES:sim_time;1320,setup;0.003942966461181641,rr;0.0,rv;0.039189815521240234,build;0.04174399375915527,opt;0.0031998157501220703,all;0.08807659149169922
23864-src.fleetctrl.pooling.batch.AlonsoMora.AlonsoMoraAssignment-INFO-Opt stats at sim time 1320 : opt duration 0.08807659149169922 | res cfv -399098.47261063184
23864-src.fleetctrl.pooling.batch.AlonsoMora.AlonsoMoraAssignment-INFO-Number of rtv_keys in trees:
23864-src.fleetctrl.pooling.batch.AlonsoMora.AlonsoMoraAssignment-INFO-N 1 : 1 | plans_ 1
23864-src.fleetctrl.pooling.batch.AlonsoMora.AlonsoMoraAssignment-INFO-N 2 : 1 | plans_ 1
23864-src.fleetctrl.pooling.batch.AlonsoMora.AlonsoMoraAssignment-INFO-N 3 : 1 | plans_ 1
23864-src.fleetctrl.pooling.batch.AlonsoMora.AlonsoMoraAssignment-INFO-Objective value at time 1320 for AM: -399098.47261063184
23864-src.fleetctrl.fleetsizing.DynamicFleetSizingBase-INFO-Activating vehicle veh 22 at pos (2980, None, None) with soc 0.6696315402210283 leg status VRL_STATES.CHARGING remaining time 7928.8430346952955 number remaining legs: 2 ob : [] from depot <src.infra.ChargingInfrastructure.Depot object at 0x00000265B60439A0> (plan time: 1320)
23864-src.fleetctrl.pooling.batch.AlonsoMora.AlonsoMoraAssignment-INFO-=========
23864-src.fleetctrl.pooling.batch.AlonsoMora.AlonsoMoraAssignment-INFO-OPT TIME 1380:
23864-src.fleetctrl.pooling.batch.AlonsoMora.AlonsoMoraAssignment-INFO-solution status 2
23864-src.fleetctrl.pooling.batch.AlonsoMora.AlonsoMoraAssignment-INFO-number solutions 1
23864-src.fleetctrl.pooling.batch.AlonsoMora.AlonsoMoraAssignment-INFO-number opt requests 3 | number revealed requests 3 | number active requests: 3
23864-src.fleetctrl.pooling.batch.AlonsoMora.AlonsoMoraAssignment-INFO-number rtv_objs: 3
23864-src.fleetctrl.pooling.batch.AlonsoMora.AlonsoMoraAssignment-INFO-OPT TIMES:sim_time;1380,setup;0.005390644073486328,rr;0.0,rv;0.0,build;0.0004315376281738281,opt;0.0025827884674072266,all;0.008404970169067383
23864-src.fleetctrl.pooling.batch.AlonsoMora.AlonsoMoraAssignment-INFO-Opt stats at sim time 1380 : opt duration 0.008404970169067383 | res cfv -299298.6100291009
23864-src.fleetctrl.pooling.batch.AlonsoMora.AlonsoMoraAssignment-INFO-Number of rtv_keys in trees:
23864-src.fleetctrl.pooling.batch.AlonsoMora.AlonsoMoraAssignment-INFO-N 1 : 2 | plans_ 2
23864-src.fleetctrl.pooling.batch.AlonsoMora.AlonsoMoraAssignment-INFO-N 2 : 1 | plans_ 1
23864-src.fleetctrl.pooling.batch.AlonsoMora.AlonsoMoraAssignment-INFO-N 3 : 0 | plans_ 0
23864-src.fleetctrl.pooling.batch.AlonsoMora.AlonsoMoraAssignment-INFO-Objective value at time 1380 for AM: -299298.6100291009
23864-src.fleetctrl.fleetsizing.DynamicFleetSizingBase-INFO-Activating vehicle veh 19 at pos (2980, None, None) with soc 0.6264854082525251 leg status VRL_STATES.OUT_OF_SERVICE remaining time 25032.20795111564 number remaining legs: 3 ob : [] from depot <src.infra.ChargingInfrastructure.Depot object at 0x00000265B60439A0> (plan time: 1380)
23864-src.fleetctrl.FleetControlBase-WARNING-charging task ('op_0', '1_2_19_26412_35376') no longer assigned! -> cancel booking!
23864-src.fleetctrl.pooling.batch.AlonsoMora.AlonsoMoraAssignment-INFO-=========
23864-src.fleetctrl.pooling.batch.AlonsoMora.AlonsoMoraAssignment-INFO-OPT TIME 1440:
23864-src.fleetctrl.pooling.batch.AlonsoMora.AlonsoMoraAssignment-INFO-solution status 2
23864-src.fleetctrl.pooling.batch.AlonsoMora.AlonsoMoraAssignment-INFO-number solutions 1
23864-src.fleetctrl.pooling.batch.AlonsoMora.AlonsoMoraAssignment-INFO-number opt requests 4 | number revealed requests 4 | number active requests: 4
23864-src.fleetctrl.pooling.batch.AlonsoMora.AlonsoMoraAssignment-INFO-number rtv_objs: 4
23864-src.fleetctrl.pooling.batch.AlonsoMora.AlonsoMoraAssignment-INFO-OPT TIMES:sim_time;1440,setup;0.003517627716064453,rr;0.0,rv;0.02998065948486328,build;0.019593238830566406,opt;0.0015742778778076172,all;0.05466580390930176
23864-src.fleetctrl.pooling.batch.AlonsoMora.AlonsoMoraAssignment-INFO-Opt stats at sim time 1440 : opt duration 0.05466580390930176 | res cfv -399134.02187863854
23864-src.fleetctrl.pooling.batch.AlonsoMora.AlonsoMoraAssignment-INFO-Number of rtv_keys in trees:
23864-src.fleetctrl.pooling.batch.AlonsoMora.AlonsoMoraAssignment-INFO-N 1 : 2 | plans_ 2
23864-src.fleetctrl.pooling.batch.AlonsoMora.AlonsoMoraAssignment-INFO-N 2 : 2 | plans_ 2
23864-src.fleetctrl.pooling.batch.AlonsoMora.AlonsoMoraAssignment-INFO-N 3 : 0 | plans_ 0
23864-src.fleetctrl.pooling.batch.AlonsoMora.AlonsoMoraAssignment-INFO-Objective value at time 1440 for AM: -399134.02187863854
23864-src.fleetctrl.fleetsizing.DynamicFleetSizingBase-INFO-Activating vehicle veh 12 at pos (2980, None, None) with soc 0.6019702553792197 leg status VRL_STATES.CHARGING remaining time 9552.713870898699 number remaining legs: 2 ob : [] from depot <src.infra.ChargingInfrastructure.Depot object at 0x00000265B60439A0> (plan time: 1440)
23864-src.fleetctrl.fleetsizing.DynamicFleetSizingBase-INFO-Activating vehicle veh 24 at pos (2980, None, None) with soc 0.5914143591557383 leg status VRL_STATES.OUT_OF_SERVICE remaining time 24757.8650016204 number remaining legs: 3 ob : [] from depot <src.infra.ChargingInfrastructure.Depot object at 0x00000265B60439A0> (plan time: 1440)
23864-src.fleetctrl.FleetControlBase-WARNING-charging task ('op_0', '1_4_24_26197_36003') no longer assigned! -> cancel booking!
23864-src.fleetctrl.pooling.batch.AlonsoMora.AlonsoMoraAssignment-INFO-=========
23864-src.fleetctrl.pooling.batch.AlonsoMora.AlonsoMoraAssignment-INFO-OPT TIME 1500:
23864-src.fleetctrl.pooling.batch.AlonsoMora.AlonsoMoraAssignment-INFO-solution status 2
23864-src.fleetctrl.pooling.batch.AlonsoMora.AlonsoMoraAssignment-INFO-number solutions 1
23864-src.fleetctrl.pooling.batch.AlonsoMora.AlonsoMoraAssignment-INFO-number opt requests 4 | number revealed requests 4 | number active requests: 4
23864-src.fleetctrl.pooling.batch.AlonsoMora.AlonsoMoraAssignment-INFO-number rtv_objs: 4
23864-src.fleetctrl.pooling.batch.AlonsoMora.AlonsoMoraAssignment-INFO-OPT TIMES:sim_time;1500,setup;0.005545854568481445,rr;0.0,rv;0.0,build;0.0005121231079101562,opt;0.003036975860595703,all;0.009094953536987305
23864-src.fleetctrl.pooling.batch.AlonsoMora.AlonsoMoraAssignment-INFO-Opt stats at sim time 1500 : opt duration 0.009094953536987305 | res cfv -399161.38162882987
23864-src.fleetctrl.pooling.batch.AlonsoMora.AlonsoMoraAssignment-INFO-Number of rtv_keys in trees:
23864-src.fleetctrl.pooling.batch.AlonsoMora.AlonsoMoraAssignment-INFO-N 1 : 2 | plans_ 2
23864-src.fleetctrl.pooling.batch.AlonsoMora.AlonsoMoraAssignment-INFO-N 2 : 2 | plans_ 2
23864-src.fleetctrl.pooling.batch.AlonsoMora.AlonsoMoraAssignment-INFO-N 3 : 0 | plans_ 0
23864-src.fleetctrl.pooling.batch.AlonsoMora.AlonsoMoraAssignment-INFO-Objective value at time 1500 for AM: -399161.38162882987
23864-src.fleetctrl.fleetsizing.DynamicFleetSizingBase-INFO-Activating vehicle veh 13 at pos (2980, None, None) with soc 0.58039032397964 leg status VRL_STATES.OUT_OF_SERVICE remaining time 38460.11537888156 number remaining legs: 3 ob : [] from depot <src.infra.ChargingInfrastructure.Depot object at 0x00000265B60439A0> (plan time: 1500)
23864-src.fleetctrl.FleetControlBase-WARNING-charging task ('op_0', '1_4_13_39960_50030') no longer assigned! -> cancel booking!
23864-src.fleetctrl.pooling.batch.AlonsoMora.AlonsoMoraAssignment-INFO-=========
23864-src.fleetctrl.pooling.batch.AlonsoMora.AlonsoMoraAssignment-INFO-OPT TIME 1560:
23864-src.fleetctrl.pooling.batch.AlonsoMora.AlonsoMoraAssignment-INFO-solution status 2
23864-src.fleetctrl.pooling.batch.AlonsoMora.AlonsoMoraAssignment-INFO-number solutions 1
23864-src.fleetctrl.pooling.batch.AlonsoMora.AlonsoMoraAssignment-INFO-number opt requests 3 | number revealed requests 3 | number active requests: 3
23864-src.fleetctrl.pooling.batch.AlonsoMora.AlonsoMoraAssignment-INFO-number rtv_objs: 5
23864-src.fleetctrl.pooling.batch.AlonsoMora.AlonsoMoraAssignment-INFO-OPT TIMES:sim_time;1560,setup;0.003573894500732422,rr;0.0,rv;0.023972272872924805,build;0.10864090919494629,opt;0.002603769302368164,all;0.13879084587097168
23864-src.fleetctrl.pooling.batch.AlonsoMora.AlonsoMoraAssignment-INFO-Opt stats at sim time 1560 : opt duration 0.13879084587097168 | res cfv -299453.6928943716
23864-src.fleetctrl.pooling.batch.AlonsoMora.AlonsoMoraAssignment-INFO-Number of rtv_keys in trees:
23864-src.fleetctrl.pooling.batch.AlonsoMora.AlonsoMoraAssignment-INFO-N 1 : 4 | plans_ 4
23864-src.fleetctrl.pooling.batch.AlonsoMora.AlonsoMoraAssignment-INFO-N 2 : 1 | plans_ 1
23864-src.fleetctrl.pooling.batch.AlonsoMora.AlonsoMoraAssignment-INFO-N 3 : 0 | plans_ 0
23864-src.fleetctrl.pooling.batch.AlonsoMora.AlonsoMoraAssignment-INFO-Objective value at time 1560 for AM: -299453.6928943716
23864-src.fleetctrl.fleetsizing.DynamicFleetSizingBase-INFO-Activating vehicle veh 32 at pos (2966, None, None) with soc 0.9288177485379386 leg status VRL_STATES.CHARGING remaining time 854.187017544738 number remaining legs: 2 ob : [] from depot <src.infra.ChargingInfrastructure.Depot object at 0x00000265B6041AB0> (plan time: 1560)
23864-src.fleetctrl.pooling.batch.AlonsoMora.AlonsoMoraAssignment-INFO-=========
23864-src.fleetctrl.pooling.batch.AlonsoMora.AlonsoMoraAssignment-INFO-OPT TIME 1620:
23864-src.fleetctrl.pooling.batch.AlonsoMora.AlonsoMoraAssignment-INFO-solution status 2
23864-src.fleetctrl.pooling.batch.AlonsoMora.AlonsoMoraAssignment-INFO-number solutions 1
23864-src.fleetctrl.pooling.batch.AlonsoMora.AlonsoMoraAssignment-INFO-number opt requests 3 | number revealed requests 3 | number active requests: 3
23864-src.fleetctrl.pooling.batch.AlonsoMora.AlonsoMoraAssignment-INFO-number rtv_objs: 4
23864-src.fleetctrl.pooling.batch.AlonsoMora.AlonsoMoraAssignment-INFO-OPT TIMES:sim_time;1620,setup;0.004750967025756836,rr;0.0,rv;0.0,build;0.005011081695556641,opt;0.0016369819641113281,all;0.011399030685424805
23864-src.fleetctrl.pooling.batch.AlonsoMora.AlonsoMoraAssignment-INFO-Opt stats at sim time 1620 : opt duration 0.011399030685424805 | res cfv -299479.82097528805
23864-src.fleetctrl.pooling.batch.AlonsoMora.AlonsoMoraAssignment-INFO-Number of rtv_keys in trees:
23864-src.fleetctrl.pooling.batch.AlonsoMora.AlonsoMoraAssignment-INFO-N 1 : 3 | plans_ 3
23864-src.fleetctrl.pooling.batch.AlonsoMora.AlonsoMoraAssignment-INFO-N 2 : 1 | plans_ 1
23864-src.fleetctrl.pooling.batch.AlonsoMora.AlonsoMoraAssignment-INFO-N 3 : 0 | plans_ 0
23864-src.fleetctrl.pooling.batch.AlonsoMora.AlonsoMoraAssignment-INFO-Objective value at time 1620 for AM: -299479.82097528805
23864-src.fleetctrl.fleetsizing.DynamicFleetSizingBase-INFO-Activating vehicle veh 25 at pos (2980, None, None) with soc 0.5689310826569409 leg status VRL_STATES.OUT_OF_SERVICE remaining time 18180.57216968232 number remaining legs: 3 ob : [] from depot <src.infra.ChargingInfrastructure.Depot object at 0x00000265B60439A0> (plan time: 1620)
23864-src.fleetctrl.FleetControlBase-WARNING-charging task ('op_0', '1_1_25_19800_30146') no longer assigned! -> cancel booking!
23864-src.fleetctrl.pooling.batch.AlonsoMora.AlonsoMoraAssignment-INFO-=========
23864-src.fleetctrl.pooling.batch.AlonsoMora.AlonsoMoraAssignment-INFO-OPT TIME 1680:
23864-src.fleetctrl.pooling.batch.AlonsoMora.AlonsoMoraAssignment-INFO-solution status 2
23864-src.fleetctrl.pooling.batch.AlonsoMora.AlonsoMoraAssignment-INFO-number solutions 1
23864-src.fleetctrl.pooling.batch.AlonsoMora.AlonsoMoraAssignment-INFO-number opt requests 5 | number revealed requests 5 | number active requests: 5
23864-src.fleetctrl.pooling.batch.AlonsoMora.AlonsoMoraAssignment-INFO-number rtv_objs: 7
23864-src.fleetctrl.pooling.batch.AlonsoMora.AlonsoMoraAssignment-INFO-OPT TIMES:sim_time;1680,setup;0.0050201416015625,rr;0.0,rv;0.0791323184967041,build;0.04730415344238281,opt;0.004046916961669922,all;0.13550353050231934
23864-src.fleetctrl.pooling.batch.AlonsoMora.AlonsoMoraAssignment-INFO-Opt stats at sim time 1680 : opt duration 0.13550353050231934 | res cfv -498961.1270218481
23864-src.fleetctrl.pooling.batch.AlonsoMora.AlonsoMoraAssignment-INFO-Number of rtv_keys in trees:
23864-src.fleetctrl.pooling.batch.AlonsoMora.AlonsoMoraAssignment-INFO-N 1 : 2 | plans_ 2
23864-src.fleetctrl.pooling.batch.AlonsoMora.AlonsoMoraAssignment-INFO-N 2 : 4 | plans_ 4
23864-src.fleetctrl.pooling.batch.AlonsoMora.AlonsoMoraAssignment-INFO-N 3 : 1 | plans_ 1
23864-src.fleetctrl.pooling.batch.AlonsoMora.AlonsoMoraAssignment-INFO-Objective value at time 1680 for AM: -498961.1270218481
23864-src.fleetctrl.fleetsizing.DynamicFleetSizingBase-INFO-Activating vehicle veh 8 at pos (2966, None, None) with soc 0.916309922773969 leg status VRL_STATES.OUT_OF_SERVICE remaining time 734.187017544738 number remaining legs: 3 ob : [] from depot <src.infra.ChargingInfrastructure.Depot object at 0x00000265B6041AB0> (plan time: 1680)
23864-src.fleetctrl.FleetControlBase-WARNING-charging task ('op_0', '0_0_8_2414_3418') no longer assigned! -> cancel booking!
23864-src.fleetctrl.fleetsizing.DynamicFleetSizingBase-INFO-Activating vehicle veh 7 at pos (2980, None, None) with soc 0.5641987138645684 leg status VRL_STATES.OUT_OF_SERVICE remaining time 37691.985317838546 number remaining legs: 3 ob : [] from depot <src.infra.ChargingInfrastructure.Depot object at 0x00000265B60439A0> (plan time: 1680)
23864-src.fleetctrl.FleetControlBase-WARNING-charging task ('op_0', '1_2_7_39371_49831') no longer assigned! -> cancel booking!
23864-src.fleetctrl.pooling.batch.AlonsoMora.AlonsoMoraAssignment-INFO-=========
23864-src.fleetctrl.pooling.batch.AlonsoMora.AlonsoMoraAssignment-INFO-OPT TIME 1740:
23864-src.fleetctrl.pooling.batch.AlonsoMora.AlonsoMoraAssignment-INFO-solution status 2
23864-src.fleetctrl.pooling.batch.AlonsoMora.AlonsoMoraAssignment-INFO-number solutions 1
23864-src.fleetctrl.pooling.batch.AlonsoMora.AlonsoMoraAssignment-INFO-number opt requests 4 | number revealed requests 4 | number active requests: 4
23864-src.fleetctrl.pooling.batch.AlonsoMora.AlonsoMoraAssignment-INFO-number rtv_objs: 6
23864-src.fleetctrl.pooling.batch.AlonsoMora.AlonsoMoraAssignment-INFO-OPT TIMES:sim_time;1740,setup;0.004793882369995117,rr;0.0,rv;0.0,build;0.04010891914367676,opt;0.0045659542083740234,all;0.0494687557220459
23864-src.fleetctrl.pooling.batch.AlonsoMora.AlonsoMoraAssignment-INFO-Opt stats at sim time 1740 : opt duration 0.0494687557220459 | res cfv -399151.1625591777
23864-src.fleetctrl.pooling.batch.AlonsoMora.AlonsoMoraAssignment-INFO-Number of rtv_keys in trees:
23864-src.fleetctrl.pooling.batch.AlonsoMora.AlonsoMoraAssignment-INFO-N 1 : 3 | plans_ 3
23864-src.fleetctrl.pooling.batch.AlonsoMora.AlonsoMoraAssignment-INFO-N 2 : 3 | plans_ 3
23864-src.fleetctrl.pooling.batch.AlonsoMora.AlonsoMoraAssignment-INFO-N 3 : 0 | plans_ 0
23864-src.fleetctrl.pooling.batch.AlonsoMora.AlonsoMoraAssignment-INFO-Objective value at time 1740 for AM: -399151.1625591777
23864-src.fleetctrl.fleetsizing.DynamicFleetSizingBase-INFO-Activating vehicle veh 11 at pos (2966, None, None) with soc 0.8994669260694435 leg status VRL_STATES.OUT_OF_SERVICE remaining time 25566.723627676867 number remaining legs: 3 ob : [] from depot <src.infra.ChargingInfrastructure.Depot object at 0x00000265B6041AB0> (plan time: 1740)
23864-src.fleetctrl.FleetControlBase-WARNING-charging task ('op_0', '0_0_11_27306_28513') no longer assigned! -> cancel booking!
23864-src.fleetctrl.pooling.batch.AlonsoMora.AlonsoMoraAssignment-INFO-=========
23864-src.fleetctrl.pooling.batch.AlonsoMora.AlonsoMoraAssignment-INFO-OPT TIME 1800:
23864-src.fleetctrl.pooling.batch.AlonsoMora.AlonsoMoraAssignment-INFO-solution status 2
23864-src.fleetctrl.pooling.batch.AlonsoMora.AlonsoMoraAssignment-INFO-number solutions 1
23864-src.fleetctrl.pooling.batch.AlonsoMora.AlonsoMoraAssignment-INFO-number opt requests 3 | number revealed requests 3 | number active requests: 3
23864-src.fleetctrl.pooling.batch.AlonsoMora.AlonsoMoraAssignment-INFO-number rtv_objs: 5
23864-src.fleetctrl.pooling.batch.AlonsoMora.AlonsoMoraAssignment-INFO-OPT TIMES:sim_time;1800,setup;0.0030531883239746094,rr;0.0,rv;0.0,build;0.030564069747924805,opt;0.0030591487884521484,all;0.03667640686035156
23864-src.fleetctrl.pooling.batch.AlonsoMora.AlonsoMoraAssignment-INFO-Opt stats at sim time 1800 : opt duration 0.03667640686035156 | res cfv -299325.93998415174
23864-src.fleetctrl.pooling.batch.AlonsoMora.AlonsoMoraAssignment-INFO-Number of rtv_keys in trees:
23864-src.fleetctrl.pooling.batch.AlonsoMora.AlonsoMoraAssignment-INFO-N 1 : 4 | plans_ 4
23864-src.fleetctrl.pooling.batch.AlonsoMora.AlonsoMoraAssignment-INFO-N 2 : 1 | plans_ 1
23864-src.fleetctrl.pooling.batch.AlonsoMora.AlonsoMoraAssignment-INFO-N 3 : 0 | plans_ 0
23864-src.fleetctrl.pooling.batch.AlonsoMora.AlonsoMoraAssignment-INFO-Objective value at time 1800 for AM: -299325.93998415174
23864-src.fleetctrl.fleetsizing.DynamicFleetSizingBase-INFO-Activating vehicle veh 0 at pos (2980, None, None) with soc 0.5591825376293018 leg status VRL_STATES.OUT_OF_SERVICE remaining time 15237.41006501055 number remaining legs: 3 ob : [] from depot <src.infra.ChargingInfrastructure.Depot object at 0x00000265B60439A0> (plan time: 1800)
23864-src.fleetctrl.FleetControlBase-WARNING-charging task ('op_0', '1_0_0_17037_27617') no longer assigned! -> cancel booking!
23864-src.fleetctrl.pooling.batch.AlonsoMora.AlonsoMoraAssignment-INFO-=========
23864-src.fleetctrl.pooling.batch.AlonsoMora.AlonsoMoraAssignment-INFO-OPT TIME 1860:
23864-src.fleetctrl.pooling.batch.AlonsoMora.AlonsoMoraAssignment-INFO-solution status 2
23864-src.fleetctrl.pooling.batch.AlonsoMora.AlonsoMoraAssignment-INFO-number solutions 1
23864-src.fleetctrl.pooling.batch.AlonsoMora.AlonsoMoraAssignment-INFO-number opt requests 3 | number revealed requests 3 | number active requests: 3
23864-src.fleetctrl.pooling.batch.AlonsoMora.AlonsoMoraAssignment-INFO-number rtv_objs: 3
23864-src.fleetctrl.pooling.batch.AlonsoMora.AlonsoMoraAssignment-INFO-OPT TIMES:sim_time;1860,setup;0.002549409866333008,rr;0.0,rv;0.0,build;0.004559755325317383,opt;0.0020411014556884766,all;0.009150266647338867
23864-src.fleetctrl.pooling.batch.AlonsoMora.AlonsoMoraAssignment-INFO-Opt stats at sim time 1860 : opt duration 0.009150266647338867 | res cfv -299336.9117388347
23864-src.fleetctrl.pooling.batch.AlonsoMora.AlonsoMoraAssignment-INFO-Number of rtv_keys in trees:
23864-src.fleetctrl.pooling.batch.AlonsoMora.AlonsoMoraAssignment-INFO-N 1 : 2 | plans_ 2
23864-src.fleetctrl.pooling.batch.AlonsoMora.AlonsoMoraAssignment-INFO-N 2 : 1 | plans_ 1
23864-src.fleetctrl.pooling.batch.AlonsoMora.AlonsoMoraAssignment-INFO-N 3 : 0 | plans_ 0
23864-src.fleetctrl.pooling.batch.AlonsoMora.AlonsoMoraAssignment-INFO-Objective value at time 1860 for AM: -299336.9117388347
23864-src.fleetctrl.pooling.batch.AlonsoMora.AlonsoMoraAssignment-INFO-=========
23864-src.fleetctrl.pooling.batch.AlonsoMora.AlonsoMoraAssignment-INFO-OPT TIME 1920:
23864-src.fleetctrl.pooling.batch.AlonsoMora.AlonsoMoraAssignment-INFO-solution status 2
23864-src.fleetctrl.pooling.batch.AlonsoMora.AlonsoMoraAssignment-INFO-number solutions 1
23864-src.fleetctrl.pooling.batch.AlonsoMora.AlonsoMoraAssignment-INFO-number opt requests 3 | number revealed requests 3 | number active requests: 3
23864-src.fleetctrl.pooling.batch.AlonsoMora.AlonsoMoraAssignment-INFO-number rtv_objs: 2
23864-src.fleetctrl.pooling.batch.AlonsoMora.AlonsoMoraAssignment-INFO-OPT TIMES:sim_time;1920,setup;0.0028448104858398438,rr;0.0,rv;0.0,build;0.0,opt;0.002003908157348633,all;0.0048487186431884766
23864-src.fleetctrl.pooling.batch.AlonsoMora.AlonsoMoraAssignment-INFO-Opt stats at sim time 1920 : opt duration 0.0048487186431884766 | res cfv -299355.99292615126
23864-src.fleetctrl.pooling.batch.AlonsoMora.AlonsoMoraAssignment-INFO-Number of rtv_keys in trees:
23864-src.fleetctrl.pooling.batch.AlonsoMora.AlonsoMoraAssignment-INFO-N 1 : 1 | plans_ 1
23864-src.fleetctrl.pooling.batch.AlonsoMora.AlonsoMoraAssignment-INFO-N 2 : 1 | plans_ 1
23864-src.fleetctrl.pooling.batch.AlonsoMora.AlonsoMoraAssignment-INFO-N 3 : 0 | plans_ 0
23864-src.fleetctrl.pooling.batch.AlonsoMora.AlonsoMoraAssignment-INFO-Objective value at time 1920 for AM: -299355.99292615126
23864-src.fleetctrl.fleetsizing.DynamicFleetSizingBase-INFO-to deactivate: 1
23864-src.fleetctrl.fleetsizing.DynamicFleetSizingBase-INFO-Deactivating vehicle veh 6 at pos (2980, None, None) with soc 0.705115281837208 leg status VRL_STATES.CHARGING remaining time 7077.2332359069715 number remaining legs: 1 ob : [] at depot <src.infra.ChargingInfrastructure.Depot object at 0x00000265B60439A0> (plan time: 1920)
23864-src.fleetctrl.pooling.batch.AlonsoMora.AlonsoMoraAssignment-INFO-=========
23864-src.fleetctrl.pooling.batch.AlonsoMora.AlonsoMoraAssignment-INFO-OPT TIME 1980:
23864-src.fleetctrl.pooling.batch.AlonsoMora.AlonsoMoraAssignment-INFO-solution status 2
23864-src.fleetctrl.pooling.batch.AlonsoMora.AlonsoMoraAssignment-INFO-number solutions 1
23864-src.fleetctrl.pooling.batch.AlonsoMora.AlonsoMoraAssignment-INFO-number opt requests 2 | number revealed requests 2 | number active requests: 2
23864-src.fleetctrl.pooling.batch.AlonsoMora.AlonsoMoraAssignment-INFO-number rtv_objs: 1
23864-src.fleetctrl.pooling.batch.AlonsoMora.AlonsoMoraAssignment-INFO-OPT TIMES:sim_time;1980,setup;0.002044677734375,rr;0.0,rv;0.0,build;0.0015978813171386719,opt;0.001611948013305664,all;0.005254507064819336
23864-src.fleetctrl.pooling.batch.AlonsoMora.AlonsoMoraAssignment-INFO-Opt stats at sim time 1980 : opt duration 0.005254507064819336 | res cfv -199519.2768847237
23864-src.fleetctrl.pooling.batch.AlonsoMora.AlonsoMoraAssignment-INFO-Number of rtv_keys in trees:
23864-src.fleetctrl.pooling.batch.AlonsoMora.AlonsoMoraAssignment-INFO-N 1 : 0 | plans_ 0
23864-src.fleetctrl.pooling.batch.AlonsoMora.AlonsoMoraAssignment-INFO-N 2 : 1 | plans_ 1
23864-src.fleetctrl.pooling.batch.AlonsoMora.AlonsoMoraAssignment-INFO-N 3 : 0 | plans_ 0
23864-src.fleetctrl.pooling.batch.AlonsoMora.AlonsoMoraAssignment-INFO-Objective value at time 1980 for AM: -199519.2768847237
23864-src.fleetctrl.fleetsizing.DynamicFleetSizingBase-INFO-to deactivate: 1
23864-src.fleetctrl.fleetsizing.DynamicFleetSizingBase-INFO-Deactivating vehicle veh 49 at pos (2979, None, None) with soc 0.5590043772427347 leg status VRL_STATES.IDLE remaining time None number remaining legs: 0 ob : [] at depot <src.infra.ChargingInfrastructure.Depot object at 0x00000265B60439A0> (plan time: 1980)
23864-src.fleetctrl.pooling.batch.AlonsoMora.AlonsoMoraAssignment-INFO-=========
23864-src.fleetctrl.pooling.batch.AlonsoMora.AlonsoMoraAssignment-INFO-OPT TIME 2040:
23864-src.fleetctrl.pooling.batch.AlonsoMora.AlonsoMoraAssignment-INFO-solution status 2
23864-src.fleetctrl.pooling.batch.AlonsoMora.AlonsoMoraAssignment-INFO-number solutions 1
23864-src.fleetctrl.pooling.batch.AlonsoMora.AlonsoMoraAssignment-INFO-number opt requests 2 | number revealed requests 2 | number active requests: 2
23864-src.fleetctrl.pooling.batch.AlonsoMora.AlonsoMoraAssignment-INFO-number rtv_objs: 1
23864-src.fleetctrl.pooling.batch.AlonsoMora.AlonsoMoraAssignment-INFO-OPT TIMES:sim_time;2040,setup;0.0035707950592041016,rr;0.0,rv;0.0,build;0.0,opt;0.002557992935180664,all;0.006128787994384766
23864-src.fleetctrl.pooling.batch.AlonsoMora.AlonsoMoraAssignment-INFO-Opt stats at sim time 2040 : opt duration 0.006128787994384766 | res cfv -199525.92371895886
23864-src.fleetctrl.pooling.batch.AlonsoMora.AlonsoMoraAssignment-INFO-Number of rtv_keys in trees:
23864-src.fleetctrl.pooling.batch.AlonsoMora.AlonsoMoraAssignment-INFO-N 1 : 0 | plans_ 0
23864-src.fleetctrl.pooling.batch.AlonsoMora.AlonsoMoraAssignment-INFO-N 2 : 1 | plans_ 1
23864-src.fleetctrl.pooling.batch.AlonsoMora.AlonsoMoraAssignment-INFO-N 3 : 0 | plans_ 0
23864-src.fleetctrl.pooling.batch.AlonsoMora.AlonsoMoraAssignment-INFO-Objective value at time 2040 for AM: -199525.92371895886
23864-src.fleetctrl.fleetsizing.DynamicFleetSizingBase-INFO-Activating vehicle veh 6 at pos (2980, None, None) with soc 0.7101152818372078 leg status VRL_STATES.CHARGING remaining time 6957.2332359069715 number remaining legs: 2 ob : [] from depot <src.infra.ChargingInfrastructure.Depot object at 0x00000265B60439A0> (plan time: 2040)
23864-src.fleetctrl.pooling.batch.AlonsoMora.AlonsoMoraAssignment-INFO-=========
23864-src.fleetctrl.pooling.batch.AlonsoMora.AlonsoMoraAssignment-INFO-OPT TIME 2100:
23864-src.fleetctrl.pooling.batch.AlonsoMora.AlonsoMoraAssignment-INFO-solution status 2
23864-src.fleetctrl.pooling.batch.AlonsoMora.AlonsoMoraAssignment-INFO-number solutions 1
23864-src.fleetctrl.pooling.batch.AlonsoMora.AlonsoMoraAssignment-INFO-number opt requests 1 | number revealed requests 1 | number active requests: 1
23864-src.fleetctrl.pooling.batch.AlonsoMora.AlonsoMoraAssignment-INFO-number rtv_objs: 1
23864-src.fleetctrl.pooling.batch.AlonsoMora.AlonsoMoraAssignment-INFO-OPT TIMES:sim_time;2100,setup;0.003168344497680664,rr;0.0,rv;0.0,build;0.004799365997314453,opt;0.003141164779663086,all;0.011108875274658203
23864-src.fleetctrl.pooling.batch.AlonsoMora.AlonsoMoraAssignment-INFO-Opt stats at sim time 2100 : opt duration 0.011108875274658203 | res cfv -99687.38404667166
23864-src.fleetctrl.pooling.batch.AlonsoMora.AlonsoMoraAssignment-INFO-Number of rtv_keys in trees:
23864-src.fleetctrl.pooling.batch.AlonsoMora.AlonsoMoraAssignment-INFO-N 1 : 1 | plans_ 1
23864-src.fleetctrl.pooling.batch.AlonsoMora.AlonsoMoraAssignment-INFO-N 2 : 0 | plans_ 0
23864-src.fleetctrl.pooling.batch.AlonsoMora.AlonsoMoraAssignment-INFO-N 3 : 0 | plans_ 0
23864-src.fleetctrl.pooling.batch.AlonsoMora.AlonsoMoraAssignment-INFO-Objective value at time 2100 for AM: -99687.38404667166
23864-src.fleetctrl.fleetsizing.DynamicFleetSizingBase-INFO-Activating vehicle veh 49 at pos (2980, None, None) with soc 0.5589231214629626 leg status VRL_STATES.OUT_OF_SERVICE remaining time 9999982.719516829 number remaining legs: 1 ob : [] from depot <src.infra.ChargingInfrastructure.Depot object at 0x00000265B60439A0> (plan time: 2100)
23864-src.fleetctrl.pooling.batch.AlonsoMora.AlonsoMoraAssignment-INFO-=========
23864-src.fleetctrl.pooling.batch.AlonsoMora.AlonsoMoraAssignment-INFO-OPT TIME 2160:
23864-src.fleetctrl.pooling.batch.AlonsoMora.AlonsoMoraAssignment-INFO-solution status 2
23864-src.fleetctrl.pooling.batch.AlonsoMora.AlonsoMoraAssignment-INFO-number solutions 1
23864-src.fleetctrl.pooling.batch.AlonsoMora.AlonsoMoraAssignment-INFO-number opt requests 2 | number revealed requests 2 | number active requests: 2
23864-src.fleetctrl.pooling.batch.AlonsoMora.AlonsoMoraAssignment-INFO-number rtv_objs: 3
23864-src.fleetctrl.pooling.batch.AlonsoMora.AlonsoMoraAssignment-INFO-OPT TIMES:sim_time;2160,setup;0.0030975341796875,rr;0.0,rv;0.0213925838470459,build;0.0046002864837646484,opt;0.002562999725341797,all;0.031653404235839844
23864-src.fleetctrl.pooling.batch.AlonsoMora.AlonsoMoraAssignment-INFO-Opt stats at sim time 2160 : opt duration 0.031653404235839844 | res cfv -199527.77631870046
23864-src.fleetctrl.pooling.batch.AlonsoMora.AlonsoMoraAssignment-INFO-Number of rtv_keys in trees:
23864-src.fleetctrl.pooling.batch.AlonsoMora.AlonsoMoraAssignment-INFO-N 1 : 2 | plans_ 2
23864-src.fleetctrl.pooling.batch.AlonsoMora.AlonsoMoraAssignment-INFO-N 2 : 1 | plans_ 1
23864-src.fleetctrl.pooling.batch.AlonsoMora.AlonsoMoraAssignment-INFO-N 3 : 0 | plans_ 0
23864-src.fleetctrl.pooling.batch.AlonsoMora.AlonsoMoraAssignment-INFO-Objective value at time 2160 for AM: -199527.77631870046
23864-src.fleetctrl.fleetsizing.DynamicFleetSizingBase-INFO-Activating vehicle veh 9 at pos (2966, None, None) with soc 0.8461007855593514 leg status VRL_STATES.OUT_OF_SERVICE remaining time 23299.933054389083 number remaining legs: 3 ob : [] from depot <src.infra.ChargingInfrastructure.Depot object at 0x00000265B6041AB0> (plan time: 2160)
23864-src.fleetctrl.FleetControlBase-WARNING-charging task ('op_0', '0_0_9_25459_27306') no longer assigned! -> cancel booking!
23864-src.fleetctrl.pooling.batch.AlonsoMora.AlonsoMoraAssignment-INFO-=========
23864-src.fleetctrl.pooling.batch.AlonsoMora.AlonsoMoraAssignment-INFO-OPT TIME 2220:
23864-src.fleetctrl.pooling.batch.AlonsoMora.AlonsoMoraAssignment-INFO-solution status 2
23864-src.fleetctrl.pooling.batch.AlonsoMora.AlonsoMoraAssignment-INFO-number solutions 1
23864-src.fleetctrl.pooling.batch.AlonsoMora.AlonsoMoraAssignment-INFO-number opt requests 2 | number revealed requests 2 | number active requests: 2
23864-src.fleetctrl.pooling.batch.AlonsoMora.AlonsoMoraAssignment-INFO-number rtv_objs: 3
23864-src.fleetctrl.pooling.batch.AlonsoMora.AlonsoMoraAssignment-INFO-OPT TIMES:sim_time;2220,setup;0.003068685531616211,rr;0.0,rv;0.0,build;0.001027822494506836,opt;0.0020418167114257812,all;0.006138324737548828
23864-src.fleetctrl.pooling.batch.AlonsoMora.AlonsoMoraAssignment-INFO-Opt stats at sim time 2220 : opt duration 0.006138324737548828 | res cfv -199543.19298536715
23864-src.fleetctrl.pooling.batch.AlonsoMora.AlonsoMoraAssignment-INFO-Number of rtv_keys in trees:
23864-src.fleetctrl.pooling.batch.AlonsoMora.AlonsoMoraAssignment-INFO-N 1 : 2 | plans_ 2
23864-src.fleetctrl.pooling.batch.AlonsoMora.AlonsoMoraAssignment-INFO-N 2 : 1 | plans_ 1
23864-src.fleetctrl.pooling.batch.AlonsoMora.AlonsoMoraAssignment-INFO-N 3 : 0 | plans_ 0
23864-src.fleetctrl.pooling.batch.AlonsoMora.AlonsoMoraAssignment-INFO-Objective value at time 2220 for AM: -199543.19298536715
23864-src.fleetctrl.pooling.batch.AlonsoMora.AlonsoMoraAssignment-INFO-=========
23864-src.fleetctrl.pooling.batch.AlonsoMora.AlonsoMoraAssignment-INFO-OPT TIME 2280:
23864-src.fleetctrl.pooling.batch.AlonsoMora.AlonsoMoraAssignment-INFO-solution status 2
23864-src.fleetctrl.pooling.batch.AlonsoMora.AlonsoMoraAssignment-INFO-number solutions 1
23864-src.fleetctrl.pooling.batch.AlonsoMora.AlonsoMoraAssignment-INFO-number opt requests 3 | number revealed requests 3 | number active requests: 3
23864-src.fleetctrl.pooling.batch.AlonsoMora.AlonsoMoraAssignment-INFO-number rtv_objs: 4
23864-src.fleetctrl.pooling.batch.AlonsoMora.AlonsoMoraAssignment-INFO-OPT TIMES:sim_time;2280,setup;0.0030684471130371094,rr;0.0,rv;0.031665802001953125,build;0.004591226577758789,opt;0.0020356178283691406,all;0.041361093521118164
23864-src.fleetctrl.pooling.batch.AlonsoMora.AlonsoMoraAssignment-INFO-Opt stats at sim time 2280 : opt duration 0.041361093521118164 | res cfv -299404.2582859561
23864-src.fleetctrl.pooling.batch.AlonsoMora.AlonsoMoraAssignment-INFO-Number of rtv_keys in trees:
23864-src.fleetctrl.pooling.batch.AlonsoMora.AlonsoMoraAssignment-INFO-N 1 : 2 | plans_ 2
23864-src.fleetctrl.pooling.batch.AlonsoMora.AlonsoMoraAssignment-INFO-N 2 : 2 | plans_ 2
23864-src.fleetctrl.pooling.batch.AlonsoMora.AlonsoMoraAssignment-INFO-N 3 : 0 | plans_ 0
23864-src.fleetctrl.pooling.batch.AlonsoMora.AlonsoMoraAssignment-INFO-Objective value at time 2280 for AM: -299404.2582859561
23864-src.fleetctrl.fleetsizing.DynamicFleetSizingBase-INFO-Activating vehicle veh 28 at pos (2980, None, None) with soc 0.5549812076518829 leg status VRL_STATES.OUT_OF_SERVICE remaining time 13451.756934760826 number remaining legs: 3 ob : [] from depot <src.infra.ChargingInfrastructure.Depot object at 0x00000265B60439A0> (plan time: 2280)
23864-src.fleetctrl.FleetControlBase-WARNING-charging task ('op_0', '1_2_28_15731_26412') no longer assigned! -> cancel booking!
23864-src.fleetctrl.pooling.batch.AlonsoMora.AlonsoMoraAssignment-INFO-=========
23864-src.fleetctrl.pooling.batch.AlonsoMora.AlonsoMoraAssignment-INFO-OPT TIME 2340:
23864-src.fleetctrl.pooling.batch.AlonsoMora.AlonsoMoraAssignment-INFO-solution status 2
23864-src.fleetctrl.pooling.batch.AlonsoMora.AlonsoMoraAssignment-INFO-number solutions 1
23864-src.fleetctrl.pooling.batch.AlonsoMora.AlonsoMoraAssignment-INFO-number opt requests 2 | number revealed requests 2 | number active requests: 2
23864-src.fleetctrl.pooling.batch.AlonsoMora.AlonsoMoraAssignment-INFO-number rtv_objs: 3
23864-src.fleetctrl.pooling.batch.AlonsoMora.AlonsoMoraAssignment-INFO-OPT TIMES:sim_time;2340,setup;0.003796100616455078,rr;0.0,rv;0.0,build;0.0010285377502441406,opt;0.0016183853149414062,all;0.006443023681640625
23864-src.fleetctrl.pooling.batch.AlonsoMora.AlonsoMoraAssignment-INFO-Opt stats at sim time 2340 : opt duration 0.006443023681640625 | res cfv -199691.15312852256
23864-src.fleetctrl.pooling.batch.AlonsoMora.AlonsoMoraAssignment-INFO-Number of rtv_keys in trees:
23864-src.fleetctrl.pooling.batch.AlonsoMora.AlonsoMoraAssignment-INFO-N 1 : 2 | plans_ 2
23864-src.fleetctrl.pooling.batch.AlonsoMora.AlonsoMoraAssignment-INFO-N 2 : 1 | plans_ 1
23864-src.fleetctrl.pooling.batch.AlonsoMora.AlonsoMoraAssignment-INFO-N 3 : 0 | plans_ 0
23864-src.fleetctrl.pooling.batch.AlonsoMora.AlonsoMoraAssignment-INFO-Objective value at time 2340 for AM: -199691.15312852256
23864-src.fleetctrl.pooling.batch.AlonsoMora.AlonsoMoraAssignment-INFO-=========
23864-src.fleetctrl.pooling.batch.AlonsoMora.AlonsoMoraAssignment-INFO-OPT TIME 2400:
23864-src.fleetctrl.pooling.batch.AlonsoMora.AlonsoMoraAssignment-INFO-solution status 2
23864-src.fleetctrl.pooling.batch.AlonsoMora.AlonsoMoraAssignment-INFO-number solutions 1
23864-src.fleetctrl.pooling.batch.AlonsoMora.AlonsoMoraAssignment-INFO-number opt requests 3 | number revealed requests 3 | number active requests: 3
23864-src.fleetctrl.pooling.batch.AlonsoMora.AlonsoMoraAssignment-INFO-number rtv_objs: 7
23864-src.fleetctrl.pooling.batch.AlonsoMora.AlonsoMoraAssignment-INFO-OPT TIMES:sim_time;2400,setup;0.003206491470336914,rr;0.0,rv;0.021031618118286133,build;0.04220390319824219,opt;0.0031507015228271484,all;0.06959271430969238
23864-src.fleetctrl.pooling.batch.AlonsoMora.AlonsoMoraAssignment-INFO-Opt stats at sim time 2400 : opt duration 0.06959271430969238 | res cfv -299442.6835028387
23864-src.fleetctrl.pooling.batch.AlonsoMora.AlonsoMoraAssignment-INFO-Number of rtv_keys in trees:
23864-src.fleetctrl.pooling.batch.AlonsoMora.AlonsoMoraAssignment-INFO-N 1 : 4 | plans_ 4
23864-src.fleetctrl.pooling.batch.AlonsoMora.AlonsoMoraAssignment-INFO-N 2 : 3 | plans_ 3
23864-src.fleetctrl.pooling.batch.AlonsoMora.AlonsoMoraAssignment-INFO-N 3 : 0 | plans_ 0
23864-src.fleetctrl.pooling.batch.AlonsoMora.AlonsoMoraAssignment-INFO-Objective value at time 2400 for AM: -299442.6835028387
23864-src.fleetctrl.fleetsizing.DynamicFleetSizingBase-INFO-Activating vehicle veh 41 at pos (2966, None, None) with soc 0.8407687786412219 leg status VRL_STATES.OUT_OF_SERVICE remaining time 21149.158398083746 number remaining legs: 3 ob : [] from depot <src.infra.ChargingInfrastructure.Depot object at 0x00000265B6041AB0> (plan time: 2400)
23864-src.fleetctrl.FleetControlBase-WARNING-charging task ('op_0', '0_0_41_23549_25459') no longer assigned! -> cancel booking!
23864-src.fleetctrl.pooling.batch.AlonsoMora.AlonsoMoraAssignment-INFO-=========
23864-src.fleetctrl.pooling.batch.AlonsoMora.AlonsoMoraAssignment-INFO-OPT TIME 2460:
23864-src.fleetctrl.pooling.batch.AlonsoMora.AlonsoMoraAssignment-INFO-solution status 2
23864-src.fleetctrl.pooling.batch.AlonsoMora.AlonsoMoraAssignment-INFO-number solutions 1
23864-src.fleetctrl.pooling.batch.AlonsoMora.AlonsoMoraAssignment-INFO-number opt requests 4 | number revealed requests 4 | number active requests: 4
23864-src.fleetctrl.pooling.batch.AlonsoMora.AlonsoMoraAssignment-INFO-number rtv_objs: 9
23864-src.fleetctrl.pooling.batch.AlonsoMora.AlonsoMoraAssignment-INFO-OPT TIMES:sim_time;2460,setup;0.0046024322509765625,rr;0.0,rv;0.037374258041381836,build;0.008023262023925781,opt;0.0015978813171386719,all;0.05159783363342285
23864-src.fleetctrl.pooling.batch.AlonsoMora.AlonsoMoraAssignment-INFO-Opt stats at sim time 2460 : opt duration 0.05159783363342285 | res cfv -399152.99274104385
23864-src.fleetctrl.pooling.batch.AlonsoMora.AlonsoMoraAssignment-INFO-Number of rtv_keys in trees:
23864-src.fleetctrl.pooling.batch.AlonsoMora.AlonsoMoraAssignment-INFO-N 1 : 6 | plans_ 6
23864-src.fleetctrl.pooling.batch.AlonsoMora.AlonsoMoraAssignment-INFO-N 2 : 3 | plans_ 3
23864-src.fleetctrl.pooling.batch.AlonsoMora.AlonsoMoraAssignment-INFO-N 3 : 0 | plans_ 0
23864-src.fleetctrl.pooling.batch.AlonsoMora.AlonsoMoraAssignment-INFO-Objective value at time 2460 for AM: -399152.99274104385
23864-src.fleetctrl.pooling.batch.AlonsoMora.AlonsoMoraAssignment-INFO-=========
23864-src.fleetctrl.pooling.batch.AlonsoMora.AlonsoMoraAssignment-INFO-OPT TIME 2520:
23864-src.fleetctrl.pooling.batch.AlonsoMora.AlonsoMoraAssignment-INFO-solution status 2
23864-src.fleetctrl.pooling.batch.AlonsoMora.AlonsoMoraAssignment-INFO-number solutions 1
23864-src.fleetctrl.pooling.batch.AlonsoMora.AlonsoMoraAssignment-INFO-number opt requests 4 | number revealed requests 4 | number active requests: 4
23864-src.fleetctrl.pooling.batch.AlonsoMora.AlonsoMoraAssignment-INFO-number rtv_objs: 10
23864-src.fleetctrl.pooling.batch.AlonsoMora.AlonsoMoraAssignment-INFO-OPT TIMES:sim_time;2520,setup;0.0047702789306640625,rr;0.0,rv;0.04117870330810547,build;0.04094958305358887,opt;0.003191709518432617,all;0.09009027481079102
23864-src.fleetctrl.pooling.batch.AlonsoMora.AlonsoMoraAssignment-INFO-Opt stats at sim time 2520 : opt duration 0.09009027481079102 | res cfv -399163.0643945304
23864-src.fleetctrl.pooling.batch.AlonsoMora.AlonsoMoraAssignment-INFO-Number of rtv_keys in trees:
23864-src.fleetctrl.pooling.batch.AlonsoMora.AlonsoMoraAssignment-INFO-N 1 : 8 | plans_ 8
23864-src.fleetctrl.pooling.batch.AlonsoMora.AlonsoMoraAssignment-INFO-N 2 : 2 | plans_ 2
23864-src.fleetctrl.pooling.batch.AlonsoMora.AlonsoMoraAssignment-INFO-N 3 : 0 | plans_ 0
23864-src.fleetctrl.pooling.batch.AlonsoMora.AlonsoMoraAssignment-INFO-Objective value at time 2520 for AM: -399163.0643945304
23864-src.fleetctrl.fleetsizing.DynamicFleetSizingBase-INFO-Activating vehicle veh 34 at pos (2980, None, None) with soc 0.5482610171846696 leg status VRL_STATES.OUT_OF_SERVICE remaining time 36383.16238352437 number remaining legs: 3 ob : [] from depot <src.infra.ChargingInfrastructure.Depot object at 0x00000265B60439A0> (plan time: 2520)
23864-src.fleetctrl.FleetControlBase-WARNING-charging task ('op_0', '1_0_34_38903_49744') no longer assigned! -> cancel booking!
23864-src.fleetctrl.fleetsizing.DynamicFleetSizingBase-INFO-Activating vehicle veh 43 at pos (2966, None, None) with soc 0.8023104038336046 leg status VRL_STATES.OUT_OF_SERVICE remaining time 18656.883244087003 number remaining legs: 3 ob : [] from depot <src.infra.ChargingInfrastructure.Depot object at 0x00000265B6041AB0> (plan time: 2520)
23864-src.fleetctrl.FleetControlBase-WARNING-charging task ('op_0', '0_0_43_21176_23549') no longer assigned! -> cancel booking!
23864-src.fleetctrl.pooling.batch.AlonsoMora.AlonsoMoraAssignment-INFO-=========
23864-src.fleetctrl.pooling.batch.AlonsoMora.AlonsoMoraAssignment-INFO-OPT TIME 2580:
23864-src.fleetctrl.pooling.batch.AlonsoMora.AlonsoMoraAssignment-INFO-solution status 2
23864-src.fleetctrl.pooling.batch.AlonsoMora.AlonsoMoraAssignment-INFO-number solutions 1
23864-src.fleetctrl.pooling.batch.AlonsoMora.AlonsoMoraAssignment-INFO-number opt requests 4 | number revealed requests 4 | number active requests: 4
23864-src.fleetctrl.pooling.batch.AlonsoMora.AlonsoMoraAssignment-INFO-number rtv_objs: 16
23864-src.fleetctrl.pooling.batch.AlonsoMora.AlonsoMoraAssignment-INFO-OPT TIMES:sim_time;2580,setup;0.005116701126098633,rr;0.0,rv;0.04095625877380371,build;0.049017906188964844,opt;0.003215789794921875,all;0.09830665588378906
23864-src.fleetctrl.pooling.batch.AlonsoMora.AlonsoMoraAssignment-INFO-Opt stats at sim time 2580 : opt duration 0.09830665588378906 | res cfv -399142.8038332279
23864-src.fleetctrl.pooling.batch.AlonsoMora.AlonsoMoraAssignment-INFO-Number of rtv_keys in trees:
23864-src.fleetctrl.pooling.batch.AlonsoMora.AlonsoMoraAssignment-INFO-N 1 : 12 | plans_ 12
23864-src.fleetctrl.pooling.batch.AlonsoMora.AlonsoMoraAssignment-INFO-N 2 : 4 | plans_ 7
23864-src.fleetctrl.pooling.batch.AlonsoMora.AlonsoMoraAssignment-INFO-N 3 : 0 | plans_ 0
23864-src.fleetctrl.pooling.batch.AlonsoMora.AlonsoMoraAssignment-INFO-Objective value at time 2580 for AM: -399142.8038332279
23864-src.fleetctrl.fleetsizing.DynamicFleetSizingBase-INFO-Activating vehicle veh 40 at pos (2980, None, None) with soc 0.5477853655161018 leg status VRL_STATES.OUT_OF_SERVICE remaining time 36254.92764251989 number remaining legs: 3 ob : [] from depot <src.infra.ChargingInfrastructure.Depot object at 0x00000265B60439A0> (plan time: 2580)
23864-src.fleetctrl.FleetControlBase-WARNING-charging task ('op_0', '1_3_40_38834_49688') no longer assigned! -> cancel booking!
23864-src.fleetctrl.pooling.batch.AlonsoMora.AlonsoMoraAssignment-INFO-=========
23864-src.fleetctrl.pooling.batch.AlonsoMora.AlonsoMoraAssignment-INFO-OPT TIME 2640:
23864-src.fleetctrl.pooling.batch.AlonsoMora.AlonsoMoraAssignment-INFO-solution status 2
23864-src.fleetctrl.pooling.batch.AlonsoMora.AlonsoMoraAssignment-INFO-number solutions 1
23864-src.fleetctrl.pooling.batch.AlonsoMora.AlonsoMoraAssignment-INFO-number opt requests 4 | number revealed requests 4 | number active requests: 4
23864-src.fleetctrl.pooling.batch.AlonsoMora.AlonsoMoraAssignment-INFO-number rtv_objs: 6
23864-src.fleetctrl.pooling.batch.AlonsoMora.AlonsoMoraAssignment-INFO-OPT TIMES:sim_time;2640,setup;0.003004312515258789,rr;0.0,rv;0.0,build;0.0016183853149414062,opt;0.0031576156616210938,all;0.007780313491821289
23864-src.fleetctrl.pooling.batch.AlonsoMora.AlonsoMoraAssignment-INFO-Opt stats at sim time 2640 : opt duration 0.007780313491821289 | res cfv -399176.7688839181
23864-src.fleetctrl.pooling.batch.AlonsoMora.AlonsoMoraAssignment-INFO-Number of rtv_keys in trees:
23864-src.fleetctrl.pooling.batch.AlonsoMora.AlonsoMoraAssignment-INFO-N 1 : 5 | plans_ 5
23864-src.fleetctrl.pooling.batch.AlonsoMora.AlonsoMoraAssignment-INFO-N 2 : 1 | plans_ 2
23864-src.fleetctrl.pooling.batch.AlonsoMora.AlonsoMoraAssignment-INFO-N 3 : 0 | plans_ 0
23864-src.fleetctrl.pooling.batch.AlonsoMora.AlonsoMoraAssignment-INFO-Objective value at time 2640 for AM: -399176.7688839181
23864-src.fleetctrl.fleetsizing.DynamicFleetSizingBase-INFO-Activating vehicle veh 37 at pos (2966, None, None) with soc 0.7342132447849324 leg status VRL_STATES.OUT_OF_SERVICE remaining time 15347.44218150619 number remaining legs: 3 ob : [] from depot <src.infra.ChargingInfrastructure.Depot object at 0x00000265B6041AB0> (plan time: 2640)
23864-src.fleetctrl.FleetControlBase-WARNING-charging task ('op_0', '0_0_37_17987_21176') no longer assigned! -> cancel booking!
23864-src.fleetctrl.pooling.batch.AlonsoMora.AlonsoMoraAssignment-INFO-=========
23864-src.fleetctrl.pooling.batch.AlonsoMora.AlonsoMoraAssignment-INFO-OPT TIME 2700:
23864-src.fleetctrl.pooling.batch.AlonsoMora.AlonsoMoraAssignment-INFO-solution status 2
23864-src.fleetctrl.pooling.batch.AlonsoMora.AlonsoMoraAssignment-INFO-number solutions 1
23864-src.fleetctrl.pooling.batch.AlonsoMora.AlonsoMoraAssignment-INFO-number opt requests 5 | number revealed requests 5 | number active requests: 5
23864-src.fleetctrl.pooling.batch.AlonsoMora.AlonsoMoraAssignment-INFO-number rtv_objs: 11
23864-src.fleetctrl.pooling.batch.AlonsoMora.AlonsoMoraAssignment-INFO-OPT TIMES:sim_time;2700,setup;0.003791332244873047,rr;0.0,rv;0.039825439453125,build;0.025553464889526367,opt;0.0032057762145996094,all;0.07237601280212402
23864-src.fleetctrl.pooling.batch.AlonsoMora.AlonsoMoraAssignment-INFO-Opt stats at sim time 2700 : opt duration 0.07237601280212402 | res cfv -499002.30116972973
23864-src.fleetctrl.pooling.batch.AlonsoMora.AlonsoMoraAssignment-INFO-Number of rtv_keys in trees:
23864-src.fleetctrl.pooling.batch.AlonsoMora.AlonsoMoraAssignment-INFO-N 1 : 6 | plans_ 6
23864-src.fleetctrl.pooling.batch.AlonsoMora.AlonsoMoraAssignment-INFO-N 2 : 4 | plans_ 6
23864-src.fleetctrl.pooling.batch.AlonsoMora.AlonsoMoraAssignment-INFO-N 3 : 1 | plans_ 3
23864-src.fleetctrl.pooling.batch.AlonsoMora.AlonsoMoraAssignment-INFO-Objective value at time 2700 for AM: -499002.30116972973
23864-src.fleetctrl.pooling.batch.AlonsoMora.AlonsoMoraAssignment-INFO-=========
23864-src.fleetctrl.pooling.batch.AlonsoMora.AlonsoMoraAssignment-INFO-OPT TIME 2760:
23864-src.fleetctrl.pooling.batch.AlonsoMora.AlonsoMoraAssignment-INFO-solution status 2
23864-src.fleetctrl.pooling.batch.AlonsoMora.AlonsoMoraAssignment-INFO-number solutions 1
23864-src.fleetctrl.pooling.batch.AlonsoMora.AlonsoMoraAssignment-INFO-number opt requests 6 | number revealed requests 6 | number active requests: 6
23864-src.fleetctrl.pooling.batch.AlonsoMora.AlonsoMoraAssignment-INFO-number rtv_objs: 10
23864-src.fleetctrl.pooling.batch.AlonsoMora.AlonsoMoraAssignment-INFO-OPT TIMES:sim_time;2760,setup;0.003057718276977539,rr;0.0,rv;0.038613319396972656,build;0.017453908920288086,opt;0.003223896026611328,all;0.06234884262084961
23864-src.fleetctrl.pooling.batch.AlonsoMora.AlonsoMoraAssignment-INFO-Opt stats at sim time 2760 : opt duration 0.06234884262084961 | res cfv -598980.954255744
23864-src.fleetctrl.pooling.batch.AlonsoMora.AlonsoMoraAssignment-INFO-Number of rtv_keys in trees:
23864-src.fleetctrl.pooling.batch.AlonsoMora.AlonsoMoraAssignment-INFO-N 1 : 4 | plans_ 4
23864-src.fleetctrl.pooling.batch.AlonsoMora.AlonsoMoraAssignment-INFO-N 2 : 3 | plans_ 3
23864-src.fleetctrl.pooling.batch.AlonsoMora.AlonsoMoraAssignment-INFO-N 3 : 2 | plans_ 4
23864-src.fleetctrl.pooling.batch.AlonsoMora.AlonsoMoraAssignment-INFO-N 4 : 1 | plans_ 1
23864-src.fleetctrl.pooling.batch.AlonsoMora.AlonsoMoraAssignment-INFO-Objective value at time 2760 for AM: -598980.954255744
23864-src.fleetctrl.fleetsizing.DynamicFleetSizingBase-INFO-to deactivate: 1
23864-src.fleetctrl.fleetsizing.DynamicFleetSizingBase-INFO-Deactivating vehicle veh 20 at pos (2984, None, None) with soc 0.9705860961118882 leg status VRL_STATES.IDLE remaining time None number remaining legs: 0 ob : [] at depot <src.infra.ChargingInfrastructure.Depot object at 0x00000265B60439A0> (plan time: 2760)
23864-src.fleetctrl.pooling.batch.AlonsoMora.AlonsoMoraAssignment-INFO-=========
23864-src.fleetctrl.pooling.batch.AlonsoMora.AlonsoMoraAssignment-INFO-OPT TIME 2820:
23864-src.fleetctrl.pooling.batch.AlonsoMora.AlonsoMoraAssignment-INFO-solution status 2
23864-src.fleetctrl.pooling.batch.AlonsoMora.AlonsoMoraAssignment-INFO-number solutions 1
23864-src.fleetctrl.pooling.batch.AlonsoMora.AlonsoMoraAssignment-INFO-number opt requests 5 | number revealed requests 5 | number active requests: 5
23864-src.fleetctrl.pooling.batch.AlonsoMora.AlonsoMoraAssignment-INFO-number rtv_objs: 5
23864-src.fleetctrl.pooling.batch.AlonsoMora.AlonsoMoraAssignment-INFO-OPT TIMES:sim_time;2820,setup;0.0021321773529052734,rr;0.0,rv;0.0,build;0.024799585342407227,opt;0.0015883445739746094,all;0.02852010726928711
23864-src.fleetctrl.pooling.batch.AlonsoMora.AlonsoMoraAssignment-INFO-Opt stats at sim time 2820 : opt duration 0.02852010726928711 | res cfv -499128.9513331996
23864-src.fleetctrl.pooling.batch.AlonsoMora.AlonsoMoraAssignment-INFO-Number of rtv_keys in trees:
23864-src.fleetctrl.pooling.batch.AlonsoMora.AlonsoMoraAssignment-INFO-N 1 : 2 | plans_ 2
23864-src.fleetctrl.pooling.batch.AlonsoMora.AlonsoMoraAssignment-INFO-N 2 : 2 | plans_ 2
23864-src.fleetctrl.pooling.batch.AlonsoMora.AlonsoMoraAssignment-INFO-N 3 : 1 | plans_ 1
23864-src.fleetctrl.pooling.batch.AlonsoMora.AlonsoMoraAssignment-INFO-N 4 : 0 | plans_ 0
23864-src.fleetctrl.pooling.batch.AlonsoMora.AlonsoMoraAssignment-INFO-Objective value at time 2820 for AM: -499128.9513331996
23864-src.fleetctrl.fleetsizing.DynamicFleetSizingBase-INFO-to deactivate: 1
23864-src.fleetctrl.fleetsizing.DynamicFleetSizingBase-INFO-Deactivating vehicle veh 6 at pos (2980, None, None) with soc 0.7426152818372072 leg status VRL_STATES.CHARGING remaining time 6177.2332359069715 number remaining legs: 1 ob : [] at depot <src.infra.ChargingInfrastructure.Depot object at 0x00000265B60439A0> (plan time: 2820)
23864-src.fleetctrl.pooling.batch.AlonsoMora.AlonsoMoraAssignment-INFO-=========
23864-src.fleetctrl.pooling.batch.AlonsoMora.AlonsoMoraAssignment-INFO-OPT TIME 2880:
23864-src.fleetctrl.pooling.batch.AlonsoMora.AlonsoMoraAssignment-INFO-solution status 2
23864-src.fleetctrl.pooling.batch.AlonsoMora.AlonsoMoraAssignment-INFO-number solutions 1
23864-src.fleetctrl.pooling.batch.AlonsoMora.AlonsoMoraAssignment-INFO-number opt requests 6 | number revealed requests 6 | number active requests: 6
23864-src.fleetctrl.pooling.batch.AlonsoMora.AlonsoMoraAssignment-INFO-number rtv_objs: 8
23864-src.fleetctrl.pooling.batch.AlonsoMora.AlonsoMoraAssignment-INFO-OPT TIMES:sim_time;2880,setup;0.0031185150146484375,rr;0.0,rv;0.07766103744506836,build;0.025725841522216797,opt;0.0025234222412109375,all;0.10902881622314453
23864-src.fleetctrl.pooling.batch.AlonsoMora.AlonsoMoraAssignment-INFO-Opt stats at sim time 2880 : opt duration 0.10902881622314453 | res cfv -598711.1298365665
23864-src.fleetctrl.pooling.batch.AlonsoMora.AlonsoMoraAssignment-INFO-Number of rtv_keys in trees:
23864-src.fleetctrl.pooling.batch.AlonsoMora.AlonsoMoraAssignment-INFO-N 1 : 3 | plans_ 3
23864-src.fleetctrl.pooling.batch.AlonsoMora.AlonsoMoraAssignment-INFO-N 2 : 2 | plans_ 2
23864-src.fleetctrl.pooling.batch.AlonsoMora.AlonsoMoraAssignment-INFO-N 3 : 3 | plans_ 3
23864-src.fleetctrl.pooling.batch.AlonsoMora.AlonsoMoraAssignment-INFO-N 4 : 0 | plans_ 0
23864-src.fleetctrl.pooling.batch.AlonsoMora.AlonsoMoraAssignment-INFO-Objective value at time 2880 for AM: -598711.1298365665
23864-src.fleetctrl.fleetsizing.DynamicFleetSizingBase-INFO-Activating vehicle veh 6 at pos (2980, None, None) with soc 0.7451152818372071 leg status VRL_STATES.CHARGING remaining time 6117.2332359069715 number remaining legs: 2 ob : [] from depot <src.infra.ChargingInfrastructure.Depot object at 0x00000265B60439A0> (plan time: 2880)
23864-src.fleetctrl.fleetsizing.DynamicFleetSizingBase-INFO-Activating vehicle veh 44 at pos (2980, None, None) with soc 0.5299519287775074 leg status VRL_STATES.OUT_OF_SERVICE remaining time 12433.197741329926 number remaining legs: 3 ob : [] from depot <src.infra.ChargingInfrastructure.Depot object at 0x00000265B60439A0> (plan time: 2880)
23864-src.fleetctrl.FleetControlBase-WARNING-charging task ('op_0', '1_3_44_15313_26594') no longer assigned! -> cancel booking!
23864-src.fleetctrl.pooling.batch.AlonsoMora.AlonsoMoraAssignment-INFO-=========
23864-src.fleetctrl.pooling.batch.AlonsoMora.AlonsoMoraAssignment-INFO-OPT TIME 2940:
23864-src.fleetctrl.pooling.batch.AlonsoMora.AlonsoMoraAssignment-INFO-solution status 2
23864-src.fleetctrl.pooling.batch.AlonsoMora.AlonsoMoraAssignment-INFO-number solutions 1
23864-src.fleetctrl.pooling.batch.AlonsoMora.AlonsoMoraAssignment-INFO-number opt requests 4 | number revealed requests 4 | number active requests: 4
23864-src.fleetctrl.pooling.batch.AlonsoMora.AlonsoMoraAssignment-INFO-number rtv_objs: 4
23864-src.fleetctrl.pooling.batch.AlonsoMora.AlonsoMoraAssignment-INFO-OPT TIMES:sim_time;2940,setup;0.00411224365234375,rr;0.0005161762237548828,rv;0.0,build;0.0189969539642334,opt;0.0016603469848632812,all;0.02476954460144043
23864-src.fleetctrl.pooling.batch.AlonsoMora.AlonsoMoraAssignment-INFO-Opt stats at sim time 2940 : opt duration 0.02476954460144043 | res cfv -399013.2577607195
23864-src.fleetctrl.pooling.batch.AlonsoMora.AlonsoMoraAssignment-INFO-Number of rtv_keys in trees:
23864-src.fleetctrl.pooling.batch.AlonsoMora.AlonsoMoraAssignment-INFO-N 1 : 3 | plans_ 3
23864-src.fleetctrl.pooling.batch.AlonsoMora.AlonsoMoraAssignment-INFO-N 2 : 1 | plans_ 1
23864-src.fleetctrl.pooling.batch.AlonsoMora.AlonsoMoraAssignment-INFO-N 3 : 0 | plans_ 0
23864-src.fleetctrl.pooling.batch.AlonsoMora.AlonsoMoraAssignment-INFO-N 4 : 0 | plans_ 0
23864-src.fleetctrl.pooling.batch.AlonsoMora.AlonsoMoraAssignment-INFO-Objective value at time 2940 for AM: -399013.2577607195
23864-src.fleetctrl.fleetsizing.DynamicFleetSizingBase-INFO-Activating vehicle veh 46 at pos (2980, None, None) with soc 0.5194033562428346 leg status VRL_STATES.OUT_OF_SERVICE remaining time 11723.545551448433 number remaining legs: 3 ob : [] from depot <src.infra.ChargingInfrastructure.Depot object at 0x00000265B60439A0> (plan time: 2940)
23864-src.fleetctrl.FleetControlBase-WARNING-charging task ('op_0', '1_4_46_14663_26197') no longer assigned! -> cancel booking!
23864-src.fleetctrl.fleetsizing.DynamicFleetSizingBase-INFO-Activating vehicle veh 45 at pos (2966, None, None) with soc 0.6915793885023691 leg status VRL_STATES.OUT_OF_SERVICE remaining time 11346.39484353462 number remaining legs: 3 ob : [] from depot <src.infra.ChargingInfrastructure.Depot object at 0x00000265B6041AB0> (plan time: 2940)
23864-src.fleetctrl.FleetControlBase-WARNING-charging task ('op_0', '0_0_45_14286_17987') no longer assigned! -> cancel booking!
23864-src.fleetctrl.pooling.batch.AlonsoMora.AlonsoMoraAssignment-INFO-=========
23864-src.fleetctrl.pooling.batch.AlonsoMora.AlonsoMoraAssignment-INFO-OPT TIME 3000:
23864-src.fleetctrl.pooling.batch.AlonsoMora.AlonsoMoraAssignment-INFO-solution status 2
23864-src.fleetctrl.pooling.batch.AlonsoMora.AlonsoMoraAssignment-INFO-number solutions 1
23864-src.fleetctrl.pooling.batch.AlonsoMora.AlonsoMoraAssignment-INFO-number opt requests 4 | number revealed requests 4 | number active requests: 4
23864-src.fleetctrl.pooling.batch.AlonsoMora.AlonsoMoraAssignment-INFO-number rtv_objs: 5
23864-src.fleetctrl.pooling.batch.AlonsoMora.AlonsoMoraAssignment-INFO-OPT TIMES:sim_time;3000,setup;0.0030977725982666016,rr;0.0,rv;0.03168940544128418,build;0.023476123809814453,opt;0.00316619873046875,all;0.061429500579833984
23864-src.fleetctrl.pooling.batch.AlonsoMora.AlonsoMoraAssignment-INFO-Opt stats at sim time 3000 : opt duration 0.061429500579833984 | res cfv -399029.9925502544
23864-src.fleetctrl.pooling.batch.AlonsoMora.AlonsoMoraAssignment-INFO-Number of rtv_keys in trees:
23864-src.fleetctrl.pooling.batch.AlonsoMora.AlonsoMoraAssignment-INFO-N 1 : 4 | plans_ 4
23864-src.fleetctrl.pooling.batch.AlonsoMora.AlonsoMoraAssignment-INFO-N 2 : 1 | plans_ 1
23864-src.fleetctrl.pooling.batch.AlonsoMora.AlonsoMoraAssignment-INFO-N 3 : 0 | plans_ 0
23864-src.fleetctrl.pooling.batch.AlonsoMora.AlonsoMoraAssignment-INFO-N 4 : 0 | plans_ 0
23864-src.fleetctrl.pooling.batch.AlonsoMora.AlonsoMoraAssignment-INFO-Objective value at time 3000 for AM: -399029.9925502544
23864-src.fleetctrl.fleetsizing.DynamicFleetSizingBase-INFO-Activating vehicle veh 20 at pos (2980, None, None) with soc 0.9704257030945223 leg status VRL_STATES.OUT_OF_SERVICE remaining time 9999960.442569941 number remaining legs: 1 ob : [] from depot <src.infra.ChargingInfrastructure.Depot object at 0x00000265B60439A0> (plan time: 3000)
23864-src.fleetctrl.fleetsizing.DynamicFleetSizingBase-INFO-Activating vehicle veh 16 at pos (2966, None, None) with soc 0.5509100493350957 leg status VRL_STATES.OUT_OF_SERVICE remaining time 5897.315435555767 number remaining legs: 3 ob : [] from depot <src.infra.ChargingInfrastructure.Depot object at 0x00000265B6041AB0> (plan time: 3000)
23864-src.fleetctrl.FleetControlBase-WARNING-charging task ('op_0', '0_0_16_8897_14286') no longer assigned! -> cancel booking!
23864-src.fleetctrl.pooling.batch.AlonsoMora.AlonsoMoraAssignment-INFO-=========
23864-src.fleetctrl.pooling.batch.AlonsoMora.AlonsoMoraAssignment-INFO-OPT TIME 3060:
23864-src.fleetctrl.pooling.batch.AlonsoMora.AlonsoMoraAssignment-INFO-solution status 2
23864-src.fleetctrl.pooling.batch.AlonsoMora.AlonsoMoraAssignment-INFO-number solutions 2
23864-src.fleetctrl.pooling.batch.AlonsoMora.AlonsoMoraAssignment-INFO-number opt requests 7 | number revealed requests 7 | number active requests: 7
23864-src.fleetctrl.pooling.batch.AlonsoMora.AlonsoMoraAssignment-INFO-number rtv_objs: 16
23864-src.fleetctrl.pooling.batch.AlonsoMora.AlonsoMoraAssignment-INFO-OPT TIMES:sim_time;3060,setup;0.0030803680419921875,rr;0.0,rv;0.10624337196350098,build;0.17476940155029297,opt;0.003191709518432617,all;0.28728485107421875
23864-src.fleetctrl.pooling.batch.AlonsoMora.AlonsoMoraAssignment-INFO-Opt stats at sim time 3060 : opt duration 0.28728485107421875 | res cfv -698288.2572840949
23864-src.fleetctrl.pooling.batch.AlonsoMora.AlonsoMoraAssignment-INFO-Number of rtv_keys in trees:
23864-src.fleetctrl.pooling.batch.AlonsoMora.AlonsoMoraAssignment-INFO-N 1 : 10 | plans_ 10
23864-src.fleetctrl.pooling.batch.AlonsoMora.AlonsoMoraAssignment-INFO-N 2 : 6 | plans_ 6
23864-src.fleetctrl.pooling.batch.AlonsoMora.AlonsoMoraAssignment-INFO-N 3 : 0 | plans_ 0
23864-src.fleetctrl.pooling.batch.AlonsoMora.AlonsoMoraAssignment-INFO-N 4 : 0 | plans_ 0
23864-src.fleetctrl.pooling.batch.AlonsoMora.AlonsoMoraAssignment-INFO-Objective value at time 3060 for AM: -698288.2572840949
23864-src.fleetctrl.fleetsizing.DynamicFleetSizingBase-INFO-Activating vehicle veh 27 at pos (2980, None, None) with soc 0.5099263340874909 leg status VRL_STATES.OUT_OF_SERVICE remaining time 4978.804187782102 number remaining legs: 3 ob : [] from depot <src.infra.ChargingInfrastructure.Depot object at 0x00000265B60439A0> (plan time: 3060)
23864-src.fleetctrl.FleetControlBase-WARNING-charging task ('op_0', '1_1_27_8038_19800') no longer assigned! -> cancel booking!
23864-src.fleetctrl.fleetsizing.DynamicFleetSizingBase-INFO-Activating vehicle veh 5 at pos (2966, None, None) with soc 0.5434293757251119 leg status VRL_STATES.OUT_OF_SERVICE remaining time 358.46794425710914 number remaining legs: 3 ob : [] from depot <src.infra.ChargingInfrastructure.Depot object at 0x00000265B6041AB0> (plan time: 3060)
23864-src.fleetctrl.FleetControlBase-WARNING-charging task ('op_0', '0_0_5_3418_8897') no longer assigned! -> cancel booking!
23864-src.fleetctrl.fleetsizing.DynamicFleetSizingBase-INFO-Activating vehicle veh 33 at pos (2980, None, None) with soc 0.5020838996653938 leg status VRL_STATES.OUT_OF_SERVICE remaining time 33846.11268899428 number remaining legs: 3 ob : [] from depot <src.infra.ChargingInfrastructure.Depot object at 0x00000265B60439A0> (plan time: 3060)
23864-src.fleetctrl.FleetControlBase-WARNING-charging task ('op_0', '1_1_33_36906_48856') no longer assigned! -> cancel booking!
23864-src.fleetctrl.pooling.batch.AlonsoMora.AlonsoMoraAssignment-INFO-=========
23864-src.fleetctrl.pooling.batch.AlonsoMora.AlonsoMoraAssignment-INFO-OPT TIME 3120:
23864-src.fleetctrl.pooling.batch.AlonsoMora.AlonsoMoraAssignment-INFO-solution status 2
23864-src.fleetctrl.pooling.batch.AlonsoMora.AlonsoMoraAssignment-INFO-number solutions 1
23864-src.fleetctrl.pooling.batch.AlonsoMora.AlonsoMoraAssignment-INFO-number opt requests 7 | number revealed requests 7 | number active requests: 7
23864-src.fleetctrl.pooling.batch.AlonsoMora.AlonsoMoraAssignment-INFO-number rtv_objs: 15
23864-src.fleetctrl.pooling.batch.AlonsoMora.AlonsoMoraAssignment-INFO-OPT TIMES:sim_time;3120,setup;0.0031189918518066406,rr;0.0,rv;0.0,build;0.08056211471557617,opt;0.002028226852416992,all;0.0857093334197998
23864-src.fleetctrl.pooling.batch.AlonsoMora.AlonsoMoraAssignment-INFO-Opt stats at sim time 3120 : opt duration 0.0857093334197998 | res cfv -698327.2710254965
23864-src.fleetctrl.pooling.batch.AlonsoMora.AlonsoMoraAssignment-INFO-Number of rtv_keys in trees:
23864-src.fleetctrl.pooling.batch.AlonsoMora.AlonsoMoraAssignment-INFO-N 1 : 9 | plans_ 9
23864-src.fleetctrl.pooling.batch.AlonsoMora.AlonsoMoraAssignment-INFO-N 2 : 6 | plans_ 6
23864-src.fleetctrl.pooling.batch.AlonsoMora.AlonsoMoraAssignment-INFO-N 3 : 0 | plans_ 0
23864-src.fleetctrl.pooling.batch.AlonsoMora.AlonsoMoraAssignment-INFO-N 4 : 0 | plans_ 0
23864-src.fleetctrl.pooling.batch.AlonsoMora.AlonsoMoraAssignment-INFO-Objective value at time 3120 for AM: -698327.2710254965
23864-src.fleetctrl.pooling.batch.AlonsoMora.AlonsoMoraAssignment-INFO-=========
23864-src.fleetctrl.pooling.batch.AlonsoMora.AlonsoMoraAssignment-INFO-OPT TIME 3180:
23864-src.fleetctrl.pooling.batch.AlonsoMora.AlonsoMoraAssignment-INFO-solution status 2
23864-src.fleetctrl.pooling.batch.AlonsoMora.AlonsoMoraAssignment-INFO-number solutions 1
23864-src.fleetctrl.pooling.batch.AlonsoMora.AlonsoMoraAssignment-INFO-number opt requests 6 | number revealed requests 6 | number active requests: 6
23864-src.fleetctrl.pooling.batch.AlonsoMora.AlonsoMoraAssignment-INFO-number rtv_objs: 10
23864-src.fleetctrl.pooling.batch.AlonsoMora.AlonsoMoraAssignment-INFO-OPT TIMES:sim_time;3180,setup;0.003062725067138672,rr;0.0,rv;0.0,build;0.02899312973022461,opt;0.003072500228881836,all;0.03512835502624512
23864-src.fleetctrl.pooling.batch.AlonsoMora.AlonsoMoraAssignment-INFO-Opt stats at sim time 3180 : opt duration 0.03512835502624512 | res cfv -598561.412042044
23864-src.fleetctrl.pooling.batch.AlonsoMora.AlonsoMoraAssignment-INFO-Number of rtv_keys in trees:
23864-src.fleetctrl.pooling.batch.AlonsoMora.AlonsoMoraAssignment-INFO-N 1 : 7 | plans_ 7
23864-src.fleetctrl.pooling.batch.AlonsoMora.AlonsoMoraAssignment-INFO-N 2 : 3 | plans_ 3
23864-src.fleetctrl.pooling.batch.AlonsoMora.AlonsoMoraAssignment-INFO-N 3 : 0 | plans_ 0
23864-src.fleetctrl.pooling.batch.AlonsoMora.AlonsoMoraAssignment-INFO-N 4 : 0 | plans_ 0
23864-src.fleetctrl.pooling.batch.AlonsoMora.AlonsoMoraAssignment-INFO-Objective value at time 3180 for AM: -598561.412042044
23864-src.fleetctrl.pooling.batch.AlonsoMora.AlonsoMoraAssignment-INFO-=========
23864-src.fleetctrl.pooling.batch.AlonsoMora.AlonsoMoraAssignment-INFO-OPT TIME 3240:
23864-src.fleetctrl.pooling.batch.AlonsoMora.AlonsoMoraAssignment-INFO-solution status 2
23864-src.fleetctrl.pooling.batch.AlonsoMora.AlonsoMoraAssignment-INFO-number solutions 1
23864-src.fleetctrl.pooling.batch.AlonsoMora.AlonsoMoraAssignment-INFO-number opt requests 5 | number revealed requests 5 | number active requests: 5
23864-src.fleetctrl.pooling.batch.AlonsoMora.AlonsoMoraAssignment-INFO-number rtv_objs: 6
23864-src.fleetctrl.pooling.batch.AlonsoMora.AlonsoMoraAssignment-INFO-OPT TIMES:sim_time;3240,setup;0.0018265247344970703,rr;0.0,rv;0.0,build;0.004994869232177734,opt;0.003119945526123047,all;0.009941339492797852
23864-src.fleetctrl.pooling.batch.AlonsoMora.AlonsoMoraAssignment-INFO-Opt stats at sim time 3240 : opt duration 0.009941339492797852 | res cfv -498738.593929283
23864-src.fleetctrl.pooling.batch.AlonsoMora.AlonsoMoraAssignment-INFO-Number of rtv_keys in trees:
23864-src.fleetctrl.pooling.batch.AlonsoMora.AlonsoMoraAssignment-INFO-N 1 : 5 | plans_ 5
23864-src.fleetctrl.pooling.batch.AlonsoMora.AlonsoMoraAssignment-INFO-N 2 : 1 | plans_ 1
23864-src.fleetctrl.pooling.batch.AlonsoMora.AlonsoMoraAssignment-INFO-N 3 : 0 | plans_ 0
23864-src.fleetctrl.pooling.batch.AlonsoMora.AlonsoMoraAssignment-INFO-N 4 : 0 | plans_ 0
23864-src.fleetctrl.pooling.batch.AlonsoMora.AlonsoMoraAssignment-INFO-Objective value at time 3240 for AM: -498738.593929283
23864-src.fleetctrl.pooling.batch.AlonsoMora.AlonsoMoraAssignment-INFO-=========
23864-src.fleetctrl.pooling.batch.AlonsoMora.AlonsoMoraAssignment-INFO-OPT TIME 3300:
23864-src.fleetctrl.pooling.batch.AlonsoMora.AlonsoMoraAssignment-INFO-solution status 2
23864-src.fleetctrl.pooling.batch.AlonsoMora.AlonsoMoraAssignment-INFO-number solutions 1
23864-src.fleetctrl.pooling.batch.AlonsoMora.AlonsoMoraAssignment-INFO-number opt requests 6 | number revealed requests 6 | number active requests: 6
23864-src.fleetctrl.pooling.batch.AlonsoMora.AlonsoMoraAssignment-INFO-number rtv_objs: 8
23864-src.fleetctrl.pooling.batch.AlonsoMora.AlonsoMoraAssignment-INFO-OPT TIMES:sim_time;3300,setup;0.003192424774169922,rr;0.0,rv;0.023912668228149414,build;0.029057025909423828,opt;0.0031287670135498047,all;0.05929088592529297
23864-src.fleetctrl.pooling.batch.AlonsoMora.AlonsoMoraAssignment-INFO-Opt stats at sim time 3300 : opt duration 0.05929088592529297 | res cfv -598551.6582773261
23864-src.fleetctrl.pooling.batch.AlonsoMora.AlonsoMoraAssignment-INFO-Number of rtv_keys in trees:
23864-src.fleetctrl.pooling.batch.AlonsoMora.AlonsoMoraAssignment-INFO-N 1 : 4 | plans_ 4
23864-src.fleetctrl.pooling.batch.AlonsoMora.AlonsoMoraAssignment-INFO-N 2 : 3 | plans_ 4
23864-src.fleetctrl.pooling.batch.AlonsoMora.AlonsoMoraAssignment-INFO-N 3 : 1 | plans_ 1
23864-src.fleetctrl.pooling.batch.AlonsoMora.AlonsoMoraAssignment-INFO-N 4 : 0 | plans_ 0
23864-src.fleetctrl.pooling.batch.AlonsoMora.AlonsoMoraAssignment-INFO-Objective value at time 3300 for AM: -598551.6582773261
23864-src.fleetctrl.pooling.batch.AlonsoMora.AlonsoMoraAssignment-INFO-=========
23864-src.fleetctrl.pooling.batch.AlonsoMora.AlonsoMoraAssignment-INFO-OPT TIME 3360:
23864-src.fleetctrl.pooling.batch.AlonsoMora.AlonsoMoraAssignment-INFO-solution status 2
23864-src.fleetctrl.pooling.batch.AlonsoMora.AlonsoMoraAssignment-INFO-number solutions 1
23864-src.fleetctrl.pooling.batch.AlonsoMora.AlonsoMoraAssignment-INFO-number opt requests 7 | number revealed requests 7 | number active requests: 7
23864-src.fleetctrl.pooling.batch.AlonsoMora.AlonsoMoraAssignment-INFO-number rtv_objs: 6
23864-src.fleetctrl.pooling.batch.AlonsoMora.AlonsoMoraAssignment-INFO-OPT TIMES:sim_time;3360,setup;0.0035326480865478516,rr;0.0,rv;0.027339935302734375,build;0.03369569778442383,opt;0.0032203197479248047,all;0.06778860092163086
23864-src.fleetctrl.pooling.batch.AlonsoMora.AlonsoMoraAssignment-INFO-Opt stats at sim time 3360 : opt duration 0.06778860092163086 | res cfv -698434.7070156927
23864-src.fleetctrl.pooling.batch.AlonsoMora.AlonsoMoraAssignment-INFO-Number of rtv_keys in trees:
23864-src.fleetctrl.pooling.batch.AlonsoMora.AlonsoMoraAssignment-INFO-N 1 : 2 | plans_ 2
23864-src.fleetctrl.pooling.batch.AlonsoMora.AlonsoMoraAssignment-INFO-N 2 : 3 | plans_ 3
23864-src.fleetctrl.pooling.batch.AlonsoMora.AlonsoMoraAssignment-INFO-N 3 : 1 | plans_ 1
23864-src.fleetctrl.pooling.batch.AlonsoMora.AlonsoMoraAssignment-INFO-N 4 : 0 | plans_ 0
23864-src.fleetctrl.pooling.batch.AlonsoMora.AlonsoMoraAssignment-INFO-Objective value at time 3360 for AM: -698434.7070156927
23864-src.fleetctrl.pooling.batch.AlonsoMora.AlonsoMoraAssignment-INFO-=========
23864-src.fleetctrl.pooling.batch.AlonsoMora.AlonsoMoraAssignment-INFO-OPT TIME 3420:
23864-src.fleetctrl.pooling.batch.AlonsoMora.AlonsoMoraAssignment-INFO-solution status 2
23864-src.fleetctrl.pooling.batch.AlonsoMora.AlonsoMoraAssignment-INFO-number solutions 1
23864-src.fleetctrl.pooling.batch.AlonsoMora.AlonsoMoraAssignment-INFO-number opt requests 7 | number revealed requests 7 | number active requests: 7
23864-src.fleetctrl.pooling.batch.AlonsoMora.AlonsoMoraAssignment-INFO-number rtv_objs: 9
23864-src.fleetctrl.pooling.batch.AlonsoMora.AlonsoMoraAssignment-INFO-OPT TIMES:sim_time;3420,setup;0.0037870407104492188,rr;0.0,rv;0.03902935981750488,build;0.026911258697509766,opt;0.0031790733337402344,all;0.0729067325592041
23864-src.fleetctrl.pooling.batch.AlonsoMora.AlonsoMoraAssignment-INFO-Opt stats at sim time 3420 : opt duration 0.0729067325592041 | res cfv -698397.3407990795
23864-src.fleetctrl.pooling.batch.AlonsoMora.AlonsoMoraAssignment-INFO-Number of rtv_keys in trees:
23864-src.fleetctrl.pooling.batch.AlonsoMora.AlonsoMoraAssignment-INFO-N 1 : 4 | plans_ 4
23864-src.fleetctrl.pooling.batch.AlonsoMora.AlonsoMoraAssignment-INFO-N 2 : 5 | plans_ 5
23864-src.fleetctrl.pooling.batch.AlonsoMora.AlonsoMoraAssignment-INFO-N 3 : 0 | plans_ 0
23864-src.fleetctrl.pooling.batch.AlonsoMora.AlonsoMoraAssignment-INFO-N 4 : 0 | plans_ 0
23864-src.fleetctrl.pooling.batch.AlonsoMora.AlonsoMoraAssignment-INFO-Objective value at time 3420 for AM: -698397.3407990795
23864-src.fleetctrl.pooling.batch.AlonsoMora.AlonsoMoraAssignment-INFO-=========
23864-src.fleetctrl.pooling.batch.AlonsoMora.AlonsoMoraAssignment-INFO-OPT TIME 3480:
23864-src.fleetctrl.pooling.batch.AlonsoMora.AlonsoMoraAssignment-INFO-solution status 2
23864-src.fleetctrl.pooling.batch.AlonsoMora.AlonsoMoraAssignment-INFO-number solutions 1
23864-src.fleetctrl.pooling.batch.AlonsoMora.AlonsoMoraAssignment-INFO-number opt requests 7 | number revealed requests 7 | number active requests: 7
23864-src.fleetctrl.pooling.batch.AlonsoMora.AlonsoMoraAssignment-INFO-number rtv_objs: 5
23864-src.fleetctrl.pooling.batch.AlonsoMora.AlonsoMoraAssignment-INFO-OPT TIMES:sim_time;3480,setup;0.004803657531738281,rr;0.0,rv;0.0,build;0.0,opt;0.003648996353149414,all;0.008452653884887695
23864-src.fleetctrl.pooling.batch.AlonsoMora.AlonsoMoraAssignment-INFO-Opt stats at sim time 3480 : opt duration 0.008452653884887695 | res cfv -698442.990805339
23864-src.fleetctrl.pooling.batch.AlonsoMora.AlonsoMoraAssignment-INFO-Number of rtv_keys in trees:
23864-src.fleetctrl.pooling.batch.AlonsoMora.AlonsoMoraAssignment-INFO-N 1 : 2 | plans_ 2
23864-src.fleetctrl.pooling.batch.AlonsoMora.AlonsoMoraAssignment-INFO-N 2 : 3 | plans_ 3
23864-src.fleetctrl.pooling.batch.AlonsoMora.AlonsoMoraAssignment-INFO-N 3 : 0 | plans_ 0
23864-src.fleetctrl.pooling.batch.AlonsoMora.AlonsoMoraAssignment-INFO-N 4 : 0 | plans_ 0
23864-src.fleetctrl.pooling.batch.AlonsoMora.AlonsoMoraAssignment-INFO-Objective value at time 3480 for AM: -698442.990805339
23864-src.fleetctrl.fleetsizing.DynamicFleetSizingBase-INFO-to deactivate: 1
23864-src.fleetctrl.fleetsizing.DynamicFleetSizingBase-INFO-Deactivating vehicle veh 5 at pos (2966, None, None) with soc 0.5434293757251119 leg status VRL_STATES.IDLE remaining time None number remaining legs: 0 ob : [] at depot <src.infra.ChargingInfrastructure.Depot object at 0x00000265B6041AB0> (plan time: 3480)
23864-src.fleetctrl.pooling.batch.AlonsoMora.AlonsoMoraAssignment-INFO-=========
23864-src.fleetctrl.pooling.batch.AlonsoMora.AlonsoMoraAssignment-INFO-OPT TIME 3540:
23864-src.fleetctrl.pooling.batch.AlonsoMora.AlonsoMoraAssignment-INFO-solution status 2
23864-src.fleetctrl.pooling.batch.AlonsoMora.AlonsoMoraAssignment-INFO-number solutions 1
23864-src.fleetctrl.pooling.batch.AlonsoMora.AlonsoMoraAssignment-INFO-number opt requests 5 | number revealed requests 5 | number active requests: 5
23864-src.fleetctrl.pooling.batch.AlonsoMora.AlonsoMoraAssignment-INFO-number rtv_objs: 4
23864-src.fleetctrl.pooling.batch.AlonsoMora.AlonsoMoraAssignment-INFO-OPT TIMES:sim_time;3540,setup;0.001561880111694336,rr;0.0,rv;0.0,build;0.020813703536987305,opt;0.0015819072723388672,all;0.023957490921020508
23864-src.fleetctrl.pooling.batch.AlonsoMora.AlonsoMoraAssignment-INFO-Opt stats at sim time 3540 : opt duration 0.023957490921020508 | res cfv -498839.13099483144
23864-src.fleetctrl.pooling.batch.AlonsoMora.AlonsoMoraAssignment-INFO-Number of rtv_keys in trees:
23864-src.fleetctrl.pooling.batch.AlonsoMora.AlonsoMoraAssignment-INFO-N 1 : 2 | plans_ 2
23864-src.fleetctrl.pooling.batch.AlonsoMora.AlonsoMoraAssignment-INFO-N 2 : 2 | plans_ 2
23864-src.fleetctrl.pooling.batch.AlonsoMora.AlonsoMoraAssignment-INFO-N 3 : 0 | plans_ 0
23864-src.fleetctrl.pooling.batch.AlonsoMora.AlonsoMoraAssignment-INFO-N 4 : 0 | plans_ 0
23864-src.fleetctrl.pooling.batch.AlonsoMora.AlonsoMoraAssignment-INFO-Objective value at time 3540 for AM: -498839.13099483144
23864-src.fleetctrl.fleetsizing.DynamicFleetSizingBase-INFO-to deactivate: 1
23864-src.fleetctrl.fleetsizing.DynamicFleetSizingBase-INFO-Deactivating vehicle veh 49 at pos (2978, None, None) with soc 0.55783620792701 leg status VRL_STATES.IDLE remaining time None number remaining legs: 0 ob : [] at depot <src.infra.ChargingInfrastructure.Depot object at 0x00000265B60439A0> (plan time: 3540)
23864-src.fleetctrl.pooling.batch.AlonsoMora.AlonsoMoraAssignment-INFO-=========
23864-src.fleetctrl.pooling.batch.AlonsoMora.AlonsoMoraAssignment-INFO-OPT TIME 3600:
23864-src.fleetctrl.pooling.batch.AlonsoMora.AlonsoMoraAssignment-INFO-solution status 2
23864-src.fleetctrl.pooling.batch.AlonsoMora.AlonsoMoraAssignment-INFO-number solutions 1
23864-src.fleetctrl.pooling.batch.AlonsoMora.AlonsoMoraAssignment-INFO-number opt requests 4 | number revealed requests 4 | number active requests: 4
23864-src.fleetctrl.pooling.batch.AlonsoMora.AlonsoMoraAssignment-INFO-number rtv_objs: 4
23864-src.fleetctrl.pooling.batch.AlonsoMora.AlonsoMoraAssignment-INFO-OPT TIMES:sim_time;3600,setup;0.0041043758392333984,rr;0.0,rv;0.03885960578918457,build;0.026281356811523438,opt;0.003000497817993164,all;0.07224583625793457
23864-src.fleetctrl.pooling.batch.AlonsoMora.AlonsoMoraAssignment-INFO-Opt stats at sim time 3600 : opt duration 0.07224583625793457 | res cfv -398961.9014156967
23864-src.fleetctrl.pooling.batch.AlonsoMora.AlonsoMoraAssignment-INFO-Number of rtv_keys in trees:
23864-src.fleetctrl.pooling.batch.AlonsoMora.AlonsoMoraAssignment-INFO-N 1 : 3 | plans_ 3
23864-src.fleetctrl.pooling.batch.AlonsoMora.AlonsoMoraAssignment-INFO-N 2 : 1 | plans_ 1
23864-src.fleetctrl.pooling.batch.AlonsoMora.AlonsoMoraAssignment-INFO-N 3 : 0 | plans_ 0
23864-src.fleetctrl.pooling.batch.AlonsoMora.AlonsoMoraAssignment-INFO-N 4 : 0 | plans_ 0
23864-src.fleetctrl.pooling.batch.AlonsoMora.AlonsoMoraAssignment-INFO-Objective value at time 3600 for AM: -398961.9014156967
23864-src.fleetctrl.fleetsizing.DynamicFleetSizingBase-INFO-Activating vehicle veh 5 at pos (2966, None, None) with soc 0.5484293757251119 leg status VRL_STATES.CHARGING remaining time 5418.8474912986585 number remaining legs: 2 ob : [] from depot <src.infra.ChargingInfrastructure.Depot object at 0x00000265B6041AB0> (plan time: 3600)
23864-src.fleetctrl.fleetsizing.UtilizationBasedFS-WARNING-error in activate list
23864-src.fleetctrl.pooling.batch.AlonsoMora.AlonsoMoraAssignment-INFO-=========
23864-src.fleetctrl.pooling.batch.AlonsoMora.AlonsoMoraAssignment-INFO-OPT TIME 3660:
23864-src.fleetctrl.pooling.batch.AlonsoMora.AlonsoMoraAssignment-INFO-solution status 2
23864-src.fleetctrl.pooling.batch.AlonsoMora.AlonsoMoraAssignment-INFO-number solutions 1
23864-src.fleetctrl.pooling.batch.AlonsoMora.AlonsoMoraAssignment-INFO-number opt requests 3 | number revealed requests 3 | number active requests: 3
23864-src.fleetctrl.pooling.batch.AlonsoMora.AlonsoMoraAssignment-INFO-number rtv_objs: 3
23864-src.fleetctrl.pooling.batch.AlonsoMora.AlonsoMoraAssignment-INFO-OPT TIMES:sim_time;3660,setup;0.0031218528747558594,rr;0.0,rv;0.0,build;0.0015671253204345703,opt;0.001542806625366211,all;0.006231784820556641
23864-src.fleetctrl.pooling.batch.AlonsoMora.AlonsoMoraAssignment-INFO-Opt stats at sim time 3660 : opt duration 0.006231784820556641 | res cfv -299108.9873640055
23864-src.fleetctrl.pooling.batch.AlonsoMora.AlonsoMoraAssignment-INFO-Number of rtv_keys in trees:
23864-src.fleetctrl.pooling.batch.AlonsoMora.AlonsoMoraAssignment-INFO-N 1 : 3 | plans_ 3
23864-src.fleetctrl.pooling.batch.AlonsoMora.AlonsoMoraAssignment-INFO-N 2 : 0 | plans_ 0
23864-src.fleetctrl.pooling.batch.AlonsoMora.AlonsoMoraAssignment-INFO-N 3 : 0 | plans_ 0
23864-src.fleetctrl.pooling.batch.AlonsoMora.AlonsoMoraAssignment-INFO-N 4 : 0 | plans_ 0
23864-src.fleetctrl.pooling.batch.AlonsoMora.AlonsoMoraAssignment-INFO-Objective value at time 3660 for AM: -299108.9873640055
23864-src.fleetctrl.fleetsizing.UtilizationBasedFS-WARNING-error in activate list
23864-src.fleetctrl.pooling.batch.AlonsoMora.AlonsoMoraAssignment-INFO-=========
23864-src.fleetctrl.pooling.batch.AlonsoMora.AlonsoMoraAssignment-INFO-OPT TIME 3720:
23864-src.fleetctrl.pooling.batch.AlonsoMora.AlonsoMoraAssignment-INFO-solution status 2
23864-src.fleetctrl.pooling.batch.AlonsoMora.AlonsoMoraAssignment-INFO-number solutions 1
23864-src.fleetctrl.pooling.batch.AlonsoMora.AlonsoMoraAssignment-INFO-number opt requests 4 | number revealed requests 4 | number active requests: 4
23864-src.fleetctrl.pooling.batch.AlonsoMora.AlonsoMoraAssignment-INFO-number rtv_objs: 6
23864-src.fleetctrl.pooling.batch.AlonsoMora.AlonsoMoraAssignment-INFO-OPT TIMES:sim_time;3720,setup;0.0032041072845458984,rr;0.0,rv;0.03641176223754883,build;0.02542400360107422,opt;0.0015404224395751953,all;0.06658029556274414
23864-src.fleetctrl.pooling.batch.AlonsoMora.AlonsoMoraAssignment-INFO-Opt stats at sim time 3720 : opt duration 0.06658029556274414 | res cfv -398888.9533963824
23864-src.fleetctrl.pooling.batch.AlonsoMora.AlonsoMoraAssignment-INFO-Number of rtv_keys in trees:
23864-src.fleetctrl.pooling.batch.AlonsoMora.AlonsoMoraAssignment-INFO-N 1 : 4 | plans_ 4
23864-src.fleetctrl.pooling.batch.AlonsoMora.AlonsoMoraAssignment-INFO-N 2 : 2 | plans_ 2
23864-src.fleetctrl.pooling.batch.AlonsoMora.AlonsoMoraAssignment-INFO-N 3 : 0 | plans_ 0
23864-src.fleetctrl.pooling.batch.AlonsoMora.AlonsoMoraAssignment-INFO-N 4 : 0 | plans_ 0
23864-src.fleetctrl.pooling.batch.AlonsoMora.AlonsoMoraAssignment-INFO-Objective value at time 3720 for AM: -398888.9533963824
23864-src.fleetctrl.fleetsizing.DynamicFleetSizingBase-INFO-Activating vehicle veh 49 at pos (2980, None, None) with soc 0.5577237642629628 leg status VRL_STATES.OUT_OF_SERVICE remaining time 9999960.144977959 number remaining legs: 1 ob : [] from depot <src.infra.ChargingInfrastructure.Depot object at 0x00000265B60439A0> (plan time: 3720)
23864-src.fleetctrl.pooling.batch.AlonsoMora.AlonsoMoraAssignment-INFO-=========
23864-src.fleetctrl.pooling.batch.AlonsoMora.AlonsoMoraAssignment-INFO-OPT TIME 3780:
23864-src.fleetctrl.pooling.batch.AlonsoMora.AlonsoMoraAssignment-INFO-solution status 2
23864-src.fleetctrl.pooling.batch.AlonsoMora.AlonsoMoraAssignment-INFO-number solutions 1
23864-src.fleetctrl.pooling.batch.AlonsoMora.AlonsoMoraAssignment-INFO-number opt requests 4 | number revealed requests 4 | number active requests: 4
23864-src.fleetctrl.pooling.batch.AlonsoMora.AlonsoMoraAssignment-INFO-number rtv_objs: 6
23864-src.fleetctrl.pooling.batch.AlonsoMora.AlonsoMoraAssignment-INFO-OPT TIMES:sim_time;3780,setup;0.004147052764892578,rr;0.0,rv;0.0,build;0.012001276016235352,opt;0.0035669803619384766,all;0.019715309143066406
23864-src.fleetctrl.pooling.batch.AlonsoMora.AlonsoMoraAssignment-INFO-Opt stats at sim time 3780 : opt duration 0.019715309143066406 | res cfv -398939.96862397634
23864-src.fleetctrl.pooling.batch.AlonsoMora.AlonsoMoraAssignment-INFO-Number of rtv_keys in trees:
23864-src.fleetctrl.pooling.batch.AlonsoMora.AlonsoMoraAssignment-INFO-N 1 : 4 | plans_ 4
23864-src.fleetctrl.pooling.batch.AlonsoMora.AlonsoMoraAssignment-INFO-N 2 : 2 | plans_ 2
23864-src.fleetctrl.pooling.batch.AlonsoMora.AlonsoMoraAssignment-INFO-N 3 : 0 | plans_ 0
23864-src.fleetctrl.pooling.batch.AlonsoMora.AlonsoMoraAssignment-INFO-N 4 : 0 | plans_ 0
23864-src.fleetctrl.pooling.batch.AlonsoMora.AlonsoMoraAssignment-INFO-Objective value at time 3780 for AM: -398939.96862397634
23864-src.fleetctrl.fleetsizing.DynamicFleetSizingBase-INFO-to deactivate: 1
23864-src.fleetctrl.fleetsizing.DynamicFleetSizingBase-INFO-Deactivating vehicle veh 49 at pos (2980, None, None) with soc 0.5577237642629628 leg status VRL_STATES.IDLE remaining time None number remaining legs: 0 ob : [] at depot <src.infra.ChargingInfrastructure.Depot object at 0x00000265B60439A0> (plan time: 3780)
23864-src.fleetctrl.pooling.batch.AlonsoMora.AlonsoMoraAssignment-INFO-=========
23864-src.fleetctrl.pooling.batch.AlonsoMora.AlonsoMoraAssignment-INFO-OPT TIME 3840:
23864-src.fleetctrl.pooling.batch.AlonsoMora.AlonsoMoraAssignment-INFO-solution status 2
23864-src.fleetctrl.pooling.batch.AlonsoMora.AlonsoMoraAssignment-INFO-number solutions 1
23864-src.fleetctrl.pooling.batch.AlonsoMora.AlonsoMoraAssignment-INFO-number opt requests 5 | number revealed requests 5 | number active requests: 5
23864-src.fleetctrl.pooling.batch.AlonsoMora.AlonsoMoraAssignment-INFO-number rtv_objs: 10
23864-src.fleetctrl.pooling.batch.AlonsoMora.AlonsoMoraAssignment-INFO-OPT TIMES:sim_time;3840,setup;0.0051267147064208984,rr;0.0,rv;0.06872797012329102,build;0.08156085014343262,opt;0.002628326416015625,all;0.15804386138916016
23864-src.fleetctrl.pooling.batch.AlonsoMora.AlonsoMoraAssignment-INFO-Opt stats at sim time 3840 : opt duration 0.15804386138916016 | res cfv -498475.87653345155
23864-src.fleetctrl.pooling.batch.AlonsoMora.AlonsoMoraAssignment-INFO-Number of rtv_keys in trees:
23864-src.fleetctrl.pooling.batch.AlonsoMora.AlonsoMoraAssignment-INFO-N 1 : 7 | plans_ 7
23864-src.fleetctrl.pooling.batch.AlonsoMora.AlonsoMoraAssignment-INFO-N 2 : 2 | plans_ 2
23864-src.fleetctrl.pooling.batch.AlonsoMora.AlonsoMoraAssignment-INFO-N 3 : 1 | plans_ 1
23864-src.fleetctrl.pooling.batch.AlonsoMora.AlonsoMoraAssignment-INFO-N 4 : 0 | plans_ 0
23864-src.fleetctrl.pooling.batch.AlonsoMora.AlonsoMoraAssignment-INFO-Objective value at time 3840 for AM: -498475.87653345155
23864-src.fleetctrl.fleetsizing.DynamicFleetSizingBase-INFO-Activating vehicle veh 49 at pos (2980, None, None) with soc 0.5577237642629628 leg status VRL_STATES.OUT_OF_SERVICE remaining time 9999940 number remaining legs: 1 ob : [] from depot <src.infra.ChargingInfrastructure.Depot object at 0x00000265B60439A0> (plan time: 3840)
23864-src.fleetctrl.pooling.batch.AlonsoMora.AlonsoMoraAssignment-INFO-=========
23864-src.fleetctrl.pooling.batch.AlonsoMora.AlonsoMoraAssignment-INFO-OPT TIME 3900:
23864-src.fleetctrl.pooling.batch.AlonsoMora.AlonsoMoraAssignment-INFO-solution status 2
23864-src.fleetctrl.pooling.batch.AlonsoMora.AlonsoMoraAssignment-INFO-number solutions 1
23864-src.fleetctrl.pooling.batch.AlonsoMora.AlonsoMoraAssignment-INFO-number opt requests 4 | number revealed requests 4 | number active requests: 4
23864-src.fleetctrl.pooling.batch.AlonsoMora.AlonsoMoraAssignment-INFO-number rtv_objs: 6
23864-src.fleetctrl.pooling.batch.AlonsoMora.AlonsoMoraAssignment-INFO-OPT TIMES:sim_time;3900,setup;0.00313568115234375,rr;0.0,rv;0.0,build;0.014685869216918945,opt;0.001558065414428711,all;0.019379615783691406
23864-src.fleetctrl.pooling.batch.AlonsoMora.AlonsoMoraAssignment-INFO-Opt stats at sim time 3900 : opt duration 0.019379615783691406 | res cfv -398703.6577992026
23864-src.fleetctrl.pooling.batch.AlonsoMora.AlonsoMoraAssignment-INFO-Number of rtv_keys in trees:
23864-src.fleetctrl.pooling.batch.AlonsoMora.AlonsoMoraAssignment-INFO-N 1 : 5 | plans_ 5
23864-src.fleetctrl.pooling.batch.AlonsoMora.AlonsoMoraAssignment-INFO-N 2 : 1 | plans_ 1
23864-src.fleetctrl.pooling.batch.AlonsoMora.AlonsoMoraAssignment-INFO-N 3 : 0 | plans_ 0
23864-src.fleetctrl.pooling.batch.AlonsoMora.AlonsoMoraAssignment-INFO-N 4 : 0 | plans_ 0
23864-src.fleetctrl.pooling.batch.AlonsoMora.AlonsoMoraAssignment-INFO-Objective value at time 3900 for AM: -398703.6577992026
23864-src.fleetctrl.pooling.batch.AlonsoMora.AlonsoMoraAssignment-INFO-=========
23864-src.fleetctrl.pooling.batch.AlonsoMora.AlonsoMoraAssignment-INFO-OPT TIME 3960:
23864-src.fleetctrl.pooling.batch.AlonsoMora.AlonsoMoraAssignment-INFO-solution status 2
23864-src.fleetctrl.pooling.batch.AlonsoMora.AlonsoMoraAssignment-INFO-number solutions 1
23864-src.fleetctrl.pooling.batch.AlonsoMora.AlonsoMoraAssignment-INFO-number opt requests 4 | number revealed requests 4 | number active requests: 4
23864-src.fleetctrl.pooling.batch.AlonsoMora.AlonsoMoraAssignment-INFO-number rtv_objs: 5
23864-src.fleetctrl.pooling.batch.AlonsoMora.AlonsoMoraAssignment-INFO-OPT TIMES:sim_time;3960,setup;0.001971721649169922,rr;0.0,rv;0.0,build;0.014170646667480469,opt;0.003299236297607422,all;0.019441604614257812
23864-src.fleetctrl.pooling.batch.AlonsoMora.AlonsoMoraAssignment-INFO-Opt stats at sim time 3960 : opt duration 0.019441604614257812 | res cfv -398744.6589029166
23864-src.fleetctrl.pooling.batch.AlonsoMora.AlonsoMoraAssignment-INFO-Number of rtv_keys in trees:
23864-src.fleetctrl.pooling.batch.AlonsoMora.AlonsoMoraAssignment-INFO-N 1 : 4 | plans_ 4
23864-src.fleetctrl.pooling.batch.AlonsoMora.AlonsoMoraAssignment-INFO-N 2 : 1 | plans_ 1
23864-src.fleetctrl.pooling.batch.AlonsoMora.AlonsoMoraAssignment-INFO-N 3 : 0 | plans_ 0
23864-src.fleetctrl.pooling.batch.AlonsoMora.AlonsoMoraAssignment-INFO-N 4 : 0 | plans_ 0
23864-src.fleetctrl.pooling.batch.AlonsoMora.AlonsoMoraAssignment-INFO-Objective value at time 3960 for AM: -398744.6589029166
23864-src.fleetctrl.pooling.batch.AlonsoMora.AlonsoMoraAssignment-INFO-=========
23864-src.fleetctrl.pooling.batch.AlonsoMora.AlonsoMoraAssignment-INFO-OPT TIME 4020:
23864-src.fleetctrl.pooling.batch.AlonsoMora.AlonsoMoraAssignment-INFO-solution status 2
23864-src.fleetctrl.pooling.batch.AlonsoMora.AlonsoMoraAssignment-INFO-number solutions 1
23864-src.fleetctrl.pooling.batch.AlonsoMora.AlonsoMoraAssignment-INFO-number opt requests 4 | number revealed requests 4 | number active requests: 4
23864-src.fleetctrl.pooling.batch.AlonsoMora.AlonsoMoraAssignment-INFO-number rtv_objs: 4
23864-src.fleetctrl.pooling.batch.AlonsoMora.AlonsoMoraAssignment-INFO-OPT TIMES:sim_time;4020,setup;0.0015642642974853516,rr;0.0,rv;0.0,build;0.011295080184936523,opt;0.00311279296875,all;0.015972137451171875
23864-src.fleetctrl.pooling.batch.AlonsoMora.AlonsoMoraAssignment-INFO-Opt stats at sim time 4020 : opt duration 0.015972137451171875 | res cfv -398807.1589029166
23864-src.fleetctrl.pooling.batch.AlonsoMora.AlonsoMoraAssignment-INFO-Number of rtv_keys in trees:
23864-src.fleetctrl.pooling.batch.AlonsoMora.AlonsoMoraAssignment-INFO-N 1 : 3 | plans_ 3
23864-src.fleetctrl.pooling.batch.AlonsoMora.AlonsoMoraAssignment-INFO-N 2 : 1 | plans_ 1
23864-src.fleetctrl.pooling.batch.AlonsoMora.AlonsoMoraAssignment-INFO-N 3 : 0 | plans_ 0
23864-src.fleetctrl.pooling.batch.AlonsoMora.AlonsoMoraAssignment-INFO-N 4 : 0 | plans_ 0
23864-src.fleetctrl.pooling.batch.AlonsoMora.AlonsoMoraAssignment-INFO-Objective value at time 4020 for AM: -398807.1589029166
23864-src.fleetctrl.pooling.batch.AlonsoMora.AlonsoMoraAssignment-INFO-=========
23864-src.fleetctrl.pooling.batch.AlonsoMora.AlonsoMoraAssignment-INFO-OPT TIME 4080:
23864-src.fleetctrl.pooling.batch.AlonsoMora.AlonsoMoraAssignment-INFO-solution status 2
23864-src.fleetctrl.pooling.batch.AlonsoMora.AlonsoMoraAssignment-INFO-number solutions 1
23864-src.fleetctrl.pooling.batch.AlonsoMora.AlonsoMoraAssignment-INFO-number opt requests 4 | number revealed requests 4 | number active requests: 4
23864-src.fleetctrl.pooling.batch.AlonsoMora.AlonsoMoraAssignment-INFO-number rtv_objs: 4
23864-src.fleetctrl.pooling.batch.AlonsoMora.AlonsoMoraAssignment-INFO-OPT TIMES:sim_time;4080,setup;0.0015749931335449219,rr;0.0,rv;0.0015866756439208984,build;0.0015451908111572266,opt;0.0015799999237060547,all;0.0062868595123291016
23864-src.fleetctrl.pooling.batch.AlonsoMora.AlonsoMoraAssignment-INFO-Opt stats at sim time 4080 : opt duration 0.0062868595123291016 | res cfv -398853.98185958195
23864-src.fleetctrl.pooling.batch.AlonsoMora.AlonsoMoraAssignment-INFO-Number of rtv_keys in trees:
23864-src.fleetctrl.pooling.batch.AlonsoMora.AlonsoMoraAssignment-INFO-N 1 : 3 | plans_ 3
23864-src.fleetctrl.pooling.batch.AlonsoMora.AlonsoMoraAssignment-INFO-N 2 : 1 | plans_ 1
23864-src.fleetctrl.pooling.batch.AlonsoMora.AlonsoMoraAssignment-INFO-N 3 : 0 | plans_ 0
23864-src.fleetctrl.pooling.batch.AlonsoMora.AlonsoMoraAssignment-INFO-N 4 : 0 | plans_ 0
23864-src.fleetctrl.pooling.batch.AlonsoMora.AlonsoMoraAssignment-INFO-Objective value at time 4080 for AM: -398853.98185958195
23864-src.fleetctrl.pooling.batch.AlonsoMora.AlonsoMoraAssignment-INFO-=========
23864-src.fleetctrl.pooling.batch.AlonsoMora.AlonsoMoraAssignment-INFO-OPT TIME 4140:
23864-src.fleetctrl.pooling.batch.AlonsoMora.AlonsoMoraAssignment-INFO-solution status 2
23864-src.fleetctrl.pooling.batch.AlonsoMora.AlonsoMoraAssignment-INFO-number solutions 1
23864-src.fleetctrl.pooling.batch.AlonsoMora.AlonsoMoraAssignment-INFO-number opt requests 4 | number revealed requests 4 | number active requests: 4
23864-src.fleetctrl.pooling.batch.AlonsoMora.AlonsoMoraAssignment-INFO-number rtv_objs: 3
23864-src.fleetctrl.pooling.batch.AlonsoMora.AlonsoMoraAssignment-INFO-OPT TIMES:sim_time;4140,setup;0.0017971992492675781,rr;0.0,rv;0.0,build;0.0004248619079589844,opt;0.002599954605102539,all;0.0048220157623291016
23864-src.fleetctrl.pooling.batch.AlonsoMora.AlonsoMoraAssignment-INFO-Opt stats at sim time 4140 : opt duration 0.0048220157623291016 | res cfv -398884.2095324781
23864-src.fleetctrl.pooling.batch.AlonsoMora.AlonsoMoraAssignment-INFO-Number of rtv_keys in trees:
23864-src.fleetctrl.pooling.batch.AlonsoMora.AlonsoMoraAssignment-INFO-N 1 : 2 | plans_ 2
23864-src.fleetctrl.pooling.batch.AlonsoMora.AlonsoMoraAssignment-INFO-N 2 : 1 | plans_ 1
23864-src.fleetctrl.pooling.batch.AlonsoMora.AlonsoMoraAssignment-INFO-N 3 : 0 | plans_ 0
23864-src.fleetctrl.pooling.batch.AlonsoMora.AlonsoMoraAssignment-INFO-N 4 : 0 | plans_ 0
23864-src.fleetctrl.pooling.batch.AlonsoMora.AlonsoMoraAssignment-INFO-Objective value at time 4140 for AM: -398884.2095324781
23864-src.fleetctrl.pooling.batch.AlonsoMora.AlonsoMoraAssignment-INFO-=========
23864-src.fleetctrl.pooling.batch.AlonsoMora.AlonsoMoraAssignment-INFO-OPT TIME 4200:
23864-src.fleetctrl.pooling.batch.AlonsoMora.AlonsoMoraAssignment-INFO-solution status 2
23864-src.fleetctrl.pooling.batch.AlonsoMora.AlonsoMoraAssignment-INFO-number solutions 1
23864-src.fleetctrl.pooling.batch.AlonsoMora.AlonsoMoraAssignment-INFO-number opt requests 4 | number revealed requests 4 | number active requests: 4
23864-src.fleetctrl.pooling.batch.AlonsoMora.AlonsoMoraAssignment-INFO-number rtv_objs: 3
23864-src.fleetctrl.pooling.batch.AlonsoMora.AlonsoMoraAssignment-INFO-OPT TIMES:sim_time;4200,setup;0.003174304962158203,rr;0.0,rv;0.0,build;0.0,opt;0.0032129287719726562,all;0.006387233734130859
23864-src.fleetctrl.pooling.batch.AlonsoMora.AlonsoMoraAssignment-INFO-Opt stats at sim time 4200 : opt duration 0.006387233734130859 | res cfv -398896.4282043527
23864-src.fleetctrl.pooling.batch.AlonsoMora.AlonsoMoraAssignment-INFO-Number of rtv_keys in trees:
23864-src.fleetctrl.pooling.batch.AlonsoMora.AlonsoMoraAssignment-INFO-N 1 : 2 | plans_ 2
23864-src.fleetctrl.pooling.batch.AlonsoMora.AlonsoMoraAssignment-INFO-N 2 : 1 | plans_ 1
23864-src.fleetctrl.pooling.batch.AlonsoMora.AlonsoMoraAssignment-INFO-N 3 : 0 | plans_ 0
23864-src.fleetctrl.pooling.batch.AlonsoMora.AlonsoMoraAssignment-INFO-N 4 : 0 | plans_ 0
23864-src.fleetctrl.pooling.batch.AlonsoMora.AlonsoMoraAssignment-INFO-Objective value at time 4200 for AM: -398896.4282043527
23864-src.fleetctrl.fleetsizing.DynamicFleetSizingBase-INFO-to deactivate: 2
23864-src.fleetctrl.fleetsizing.DynamicFleetSizingBase-INFO-Deactivating vehicle veh 49 at pos (2980, None, None) with soc 0.5577237642629628 leg status VRL_STATES.IDLE remaining time None number remaining legs: 0 ob : [] at depot <src.infra.ChargingInfrastructure.Depot object at 0x00000265B60439A0> (plan time: 4200)
23864-src.fleetctrl.fleetsizing.DynamicFleetSizingBase-INFO-Deactivating vehicle veh 5 at pos (2966, None, None) with soc 0.5984293757251119 leg status VRL_STATES.CHARGING remaining time 4818.8474912986585 number remaining legs: 1 ob : [] at depot <src.infra.ChargingInfrastructure.Depot object at 0x00000265B6041AB0> (plan time: 4200)
23864-src.fleetctrl.pooling.batch.AlonsoMora.AlonsoMoraAssignment-INFO-=========
23864-src.fleetctrl.pooling.batch.AlonsoMora.AlonsoMoraAssignment-INFO-OPT TIME 4260:
23864-src.fleetctrl.pooling.batch.AlonsoMora.AlonsoMoraAssignment-INFO-solution status 2
23864-src.fleetctrl.pooling.batch.AlonsoMora.AlonsoMoraAssignment-INFO-number solutions 1
23864-src.fleetctrl.pooling.batch.AlonsoMora.AlonsoMoraAssignment-INFO-number opt requests 3 | number revealed requests 3 | number active requests: 3
23864-src.fleetctrl.pooling.batch.AlonsoMora.AlonsoMoraAssignment-INFO-number rtv_objs: 3
23864-src.fleetctrl.pooling.batch.AlonsoMora.AlonsoMoraAssignment-INFO-OPT TIMES:sim_time;4260,setup;0.004775047302246094,rr;0.0,rv;0.02789306640625,build;0.006611824035644531,opt;0.0015859603881835938,all;0.04086589813232422
23864-src.fleetctrl.pooling.batch.AlonsoMora.AlonsoMoraAssignment-INFO-Opt stats at sim time 4260 : opt duration 0.04086589813232422 | res cfv -299122.45732127794
23864-src.fleetctrl.pooling.batch.AlonsoMora.AlonsoMoraAssignment-INFO-Number of rtv_keys in trees:
23864-src.fleetctrl.pooling.batch.AlonsoMora.AlonsoMoraAssignment-INFO-N 1 : 3 | plans_ 3
23864-src.fleetctrl.pooling.batch.AlonsoMora.AlonsoMoraAssignment-INFO-N 2 : 0 | plans_ 0
23864-src.fleetctrl.pooling.batch.AlonsoMora.AlonsoMoraAssignment-INFO-N 3 : 0 | plans_ 0
23864-src.fleetctrl.pooling.batch.AlonsoMora.AlonsoMoraAssignment-INFO-N 4 : 0 | plans_ 0
23864-src.fleetctrl.pooling.batch.AlonsoMora.AlonsoMoraAssignment-INFO-Objective value at time 4260 for AM: -299122.45732127794
23864-src.fleetctrl.fleetsizing.DynamicFleetSizingBase-INFO-Activating vehicle veh 5 at pos (2966, None, None) with soc 0.6034293757251119 leg status VRL_STATES.CHARGING remaining time 4758.8474912986585 number remaining legs: 2 ob : [] from depot <src.infra.ChargingInfrastructure.Depot object at 0x00000265B6041AB0> (plan time: 4260)
23864-src.fleetctrl.pooling.batch.AlonsoMora.AlonsoMoraAssignment-INFO-=========
23864-src.fleetctrl.pooling.batch.AlonsoMora.AlonsoMoraAssignment-INFO-OPT TIME 4320:
23864-src.fleetctrl.pooling.batch.AlonsoMora.AlonsoMoraAssignment-INFO-solution status 2
23864-src.fleetctrl.pooling.batch.AlonsoMora.AlonsoMoraAssignment-INFO-number solutions 1
23864-src.fleetctrl.pooling.batch.AlonsoMora.AlonsoMoraAssignment-INFO-number opt requests 5 | number revealed requests 5 | number active requests: 5
23864-src.fleetctrl.pooling.batch.AlonsoMora.AlonsoMoraAssignment-INFO-number rtv_objs: 7
23864-src.fleetctrl.pooling.batch.AlonsoMora.AlonsoMoraAssignment-INFO-OPT TIMES:sim_time;4320,setup;0.00454401969909668,rr;0.0,rv;0.06796979904174805,build;0.06623601913452148,opt;0.003063201904296875,all;0.14181303977966309
23864-src.fleetctrl.pooling.batch.AlonsoMora.AlonsoMoraAssignment-INFO-Opt stats at sim time 4320 : opt duration 0.14181303977966309 | res cfv -498803.27896721056
23864-src.fleetctrl.pooling.batch.AlonsoMora.AlonsoMoraAssignment-INFO-Number of rtv_keys in trees:
23864-src.fleetctrl.pooling.batch.AlonsoMora.AlonsoMoraAssignment-INFO-N 1 : 5 | plans_ 5
23864-src.fleetctrl.pooling.batch.AlonsoMora.AlonsoMoraAssignment-INFO-N 2 : 2 | plans_ 2
23864-src.fleetctrl.pooling.batch.AlonsoMora.AlonsoMoraAssignment-INFO-N 3 : 0 | plans_ 0
23864-src.fleetctrl.pooling.batch.AlonsoMora.AlonsoMoraAssignment-INFO-N 4 : 0 | plans_ 0
23864-src.fleetctrl.pooling.batch.AlonsoMora.AlonsoMoraAssignment-INFO-Objective value at time 4320 for AM: -498803.27896721056
23864-src.fleetctrl.fleetsizing.DynamicFleetSizingBase-INFO-Activating vehicle veh 49 at pos (2980, None, None) with soc 0.5577237642629628 leg status VRL_STATES.OUT_OF_SERVICE remaining time 2598.6889656325584 number remaining legs: 3 ob : [] from depot <src.infra.ChargingInfrastructure.Depot object at 0x00000265B60439A0> (plan time: 4320)
23864-src.fleetctrl.FleetControlBase-WARNING-charging task ('op_0', '1_4_49_6918_17533') no longer assigned! -> cancel booking!
23864-src.fleetctrl.pooling.batch.AlonsoMora.AlonsoMoraAssignment-INFO-=========
23864-src.fleetctrl.pooling.batch.AlonsoMora.AlonsoMoraAssignment-INFO-OPT TIME 4380:
23864-src.fleetctrl.pooling.batch.AlonsoMora.AlonsoMoraAssignment-INFO-solution status 2
23864-src.fleetctrl.pooling.batch.AlonsoMora.AlonsoMoraAssignment-INFO-number solutions 1
23864-src.fleetctrl.pooling.batch.AlonsoMora.AlonsoMoraAssignment-INFO-number opt requests 5 | number revealed requests 5 | number active requests: 5
23864-src.fleetctrl.pooling.batch.AlonsoMora.AlonsoMoraAssignment-INFO-number rtv_objs: 5
23864-src.fleetctrl.pooling.batch.AlonsoMora.AlonsoMoraAssignment-INFO-OPT TIMES:sim_time;4380,setup;0.0047054290771484375,rr;0.0,rv;0.0,build;0.0015625953674316406,opt;0.003352642059326172,all;0.00962066650390625
23864-src.fleetctrl.pooling.batch.AlonsoMora.AlonsoMoraAssignment-INFO-Opt stats at sim time 4380 : opt duration 0.00962066650390625 | res cfv -498834.28850053885
23864-src.fleetctrl.pooling.batch.AlonsoMora.AlonsoMoraAssignment-INFO-Number of rtv_keys in trees:
23864-src.fleetctrl.pooling.batch.AlonsoMora.AlonsoMoraAssignment-INFO-N 1 : 3 | plans_ 3
23864-src.fleetctrl.pooling.batch.AlonsoMora.AlonsoMoraAssignment-INFO-N 2 : 2 | plans_ 2
23864-src.fleetctrl.pooling.batch.AlonsoMora.AlonsoMoraAssignment-INFO-N 3 : 0 | plans_ 0
23864-src.fleetctrl.pooling.batch.AlonsoMora.AlonsoMoraAssignment-INFO-N 4 : 0 | plans_ 0
23864-src.fleetctrl.pooling.batch.AlonsoMora.AlonsoMoraAssignment-INFO-Objective value at time 4380 for AM: -498834.28850053885
23864-src.fleetctrl.pooling.batch.AlonsoMora.AlonsoMoraAssignment-INFO-=========
23864-src.fleetctrl.pooling.batch.AlonsoMora.AlonsoMoraAssignment-INFO-OPT TIME 4440:
23864-src.fleetctrl.pooling.batch.AlonsoMora.AlonsoMoraAssignment-INFO-solution status 2
23864-src.fleetctrl.pooling.batch.AlonsoMora.AlonsoMoraAssignment-INFO-number solutions 1
23864-src.fleetctrl.pooling.batch.AlonsoMora.AlonsoMoraAssignment-INFO-number opt requests 6 | number revealed requests 6 | number active requests: 6
23864-src.fleetctrl.pooling.batch.AlonsoMora.AlonsoMoraAssignment-INFO-number rtv_objs: 6
23864-src.fleetctrl.pooling.batch.AlonsoMora.AlonsoMoraAssignment-INFO-OPT TIMES:sim_time;4440,setup;0.003165006637573242,rr;0.0015456676483154297,rv;0.02038431167602539,build;0.011453628540039062,opt;0.00261688232421875,all;0.037619829177856445
23864-src.fleetctrl.pooling.batch.AlonsoMora.AlonsoMoraAssignment-INFO-Opt stats at sim time 4440 : opt duration 0.037619829177856445 | res cfv -598554.1526591415
23864-src.fleetctrl.pooling.batch.AlonsoMora.AlonsoMoraAssignment-INFO-Number of rtv_keys in trees:
23864-src.fleetctrl.pooling.batch.AlonsoMora.AlonsoMoraAssignment-INFO-N 1 : 2 | plans_ 2
23864-src.fleetctrl.pooling.batch.AlonsoMora.AlonsoMoraAssignment-INFO-N 2 : 3 | plans_ 3
23864-src.fleetctrl.pooling.batch.AlonsoMora.AlonsoMoraAssignment-INFO-N 3 : 1 | plans_ 1
23864-src.fleetctrl.pooling.batch.AlonsoMora.AlonsoMoraAssignment-INFO-N 4 : 0 | plans_ 0
23864-src.fleetctrl.pooling.batch.AlonsoMora.AlonsoMoraAssignment-INFO-Objective value at time 4440 for AM: -598554.1526591415
23864-src.fleetctrl.pooling.batch.AlonsoMora.AlonsoMoraAssignment-INFO-=========
23864-src.fleetctrl.pooling.batch.AlonsoMora.AlonsoMoraAssignment-INFO-OPT TIME 4500:
23864-src.fleetctrl.pooling.batch.AlonsoMora.AlonsoMoraAssignment-INFO-solution status 2
23864-src.fleetctrl.pooling.batch.AlonsoMora.AlonsoMoraAssignment-INFO-number solutions 1
23864-src.fleetctrl.pooling.batch.AlonsoMora.AlonsoMoraAssignment-INFO-number opt requests 4 | number revealed requests 4 | number active requests: 4
23864-src.fleetctrl.pooling.batch.AlonsoMora.AlonsoMoraAssignment-INFO-number rtv_objs: 4
23864-src.fleetctrl.pooling.batch.AlonsoMora.AlonsoMoraAssignment-INFO-OPT TIMES:sim_time;4500,setup;0.0035779476165771484,rr;0.0,rv;0.0,build;0.014664888381958008,opt;0.0037631988525390625,all;0.02200603485107422
23864-src.fleetctrl.pooling.batch.AlonsoMora.AlonsoMoraAssignment-INFO-Opt stats at sim time 4500 : opt duration 0.02200603485107422 | res cfv -399112.7912495448
23864-src.fleetctrl.pooling.batch.AlonsoMora.AlonsoMoraAssignment-INFO-Number of rtv_keys in trees:
23864-src.fleetctrl.pooling.batch.AlonsoMora.AlonsoMoraAssignment-INFO-N 1 : 3 | plans_ 3
23864-src.fleetctrl.pooling.batch.AlonsoMora.AlonsoMoraAssignment-INFO-N 2 : 1 | plans_ 1
23864-src.fleetctrl.pooling.batch.AlonsoMora.AlonsoMoraAssignment-INFO-N 3 : 0 | plans_ 0
23864-src.fleetctrl.pooling.batch.AlonsoMora.AlonsoMoraAssignment-INFO-N 4 : 0 | plans_ 0
23864-src.fleetctrl.pooling.batch.AlonsoMora.AlonsoMoraAssignment-INFO-Objective value at time 4500 for AM: -399112.7912495448
23864-src.fleetctrl.pooling.batch.AlonsoMora.AlonsoMoraAssignment-INFO-=========
23864-src.fleetctrl.pooling.batch.AlonsoMora.AlonsoMoraAssignment-INFO-OPT TIME 4560:
23864-src.fleetctrl.pooling.batch.AlonsoMora.AlonsoMoraAssignment-INFO-solution status 2
23864-src.fleetctrl.pooling.batch.AlonsoMora.AlonsoMoraAssignment-INFO-number solutions 1
23864-src.fleetctrl.pooling.batch.AlonsoMora.AlonsoMoraAssignment-INFO-number opt requests 5 | number revealed requests 5 | number active requests: 5
23864-src.fleetctrl.pooling.batch.AlonsoMora.AlonsoMoraAssignment-INFO-number rtv_objs: 4
23864-src.fleetctrl.pooling.batch.AlonsoMora.AlonsoMoraAssignment-INFO-OPT TIMES:sim_time;4560,setup;0.003920078277587891,rr;0.0,rv;0.03890657424926758,build;0.019232749938964844,opt;0.0040013790130615234,all;0.06606078147888184
23864-src.fleetctrl.pooling.batch.AlonsoMora.AlonsoMoraAssignment-INFO-Opt stats at sim time 4560 : opt duration 0.06606078147888184 | res cfv -498819.3308316763
23864-src.fleetctrl.pooling.batch.AlonsoMora.AlonsoMoraAssignment-INFO-Number of rtv_keys in trees:
23864-src.fleetctrl.pooling.batch.AlonsoMora.AlonsoMoraAssignment-INFO-N 1 : 2 | plans_ 2
23864-src.fleetctrl.pooling.batch.AlonsoMora.AlonsoMoraAssignment-INFO-N 2 : 2 | plans_ 2
23864-src.fleetctrl.pooling.batch.AlonsoMora.AlonsoMoraAssignment-INFO-N 3 : 0 | plans_ 0
23864-src.fleetctrl.pooling.batch.AlonsoMora.AlonsoMoraAssignment-INFO-N 4 : 0 | plans_ 0
23864-src.fleetctrl.pooling.batch.AlonsoMora.AlonsoMoraAssignment-INFO-Objective value at time 4560 for AM: -498819.3308316763
23864-src.fleetctrl.pooling.batch.AlonsoMora.AlonsoMoraAssignment-INFO-=========
23864-src.fleetctrl.pooling.batch.AlonsoMora.AlonsoMoraAssignment-INFO-OPT TIME 4620:
23864-src.fleetctrl.pooling.batch.AlonsoMora.AlonsoMoraAssignment-INFO-solution status 2
23864-src.fleetctrl.pooling.batch.AlonsoMora.AlonsoMoraAssignment-INFO-number solutions 1
23864-src.fleetctrl.pooling.batch.AlonsoMora.AlonsoMoraAssignment-INFO-number opt requests 6 | number revealed requests 6 | number active requests: 6
23864-src.fleetctrl.pooling.batch.AlonsoMora.AlonsoMoraAssignment-INFO-number rtv_objs: 7
23864-src.fleetctrl.pooling.batch.AlonsoMora.AlonsoMoraAssignment-INFO-OPT TIMES:sim_time;4620,setup;0.0036530494689941406,rr;0.0,rv;0.03568148612976074,build;0.006345510482788086,opt;0.0030014514923095703,all;0.04868149757385254
23864-src.fleetctrl.pooling.batch.AlonsoMora.AlonsoMoraAssignment-INFO-Opt stats at sim time 4620 : opt duration 0.04868149757385254 | res cfv -598733.5575463672
23864-src.fleetctrl.pooling.batch.AlonsoMora.AlonsoMoraAssignment-INFO-Number of rtv_keys in trees:
23864-src.fleetctrl.pooling.batch.AlonsoMora.AlonsoMoraAssignment-INFO-N 1 : 2 | plans_ 2
23864-src.fleetctrl.pooling.batch.AlonsoMora.AlonsoMoraAssignment-INFO-N 2 : 4 | plans_ 5
23864-src.fleetctrl.pooling.batch.AlonsoMora.AlonsoMoraAssignment-INFO-N 3 : 1 | plans_ 1
23864-src.fleetctrl.pooling.batch.AlonsoMora.AlonsoMoraAssignment-INFO-N 4 : 0 | plans_ 0
23864-src.fleetctrl.pooling.batch.AlonsoMora.AlonsoMoraAssignment-INFO-Objective value at time 4620 for AM: -598733.5575463672
23864-src.fleetctrl.pooling.batch.AlonsoMora.AlonsoMoraAssignment-INFO-=========
23864-src.fleetctrl.pooling.batch.AlonsoMora.AlonsoMoraAssignment-INFO-OPT TIME 4680:
23864-src.fleetctrl.pooling.batch.AlonsoMora.AlonsoMoraAssignment-INFO-solution status 2
23864-src.fleetctrl.pooling.batch.AlonsoMora.AlonsoMoraAssignment-INFO-number solutions 1
23864-src.fleetctrl.pooling.batch.AlonsoMora.AlonsoMoraAssignment-INFO-number opt requests 6 | number revealed requests 6 | number active requests: 6
23864-src.fleetctrl.pooling.batch.AlonsoMora.AlonsoMoraAssignment-INFO-number rtv_objs: 7
23864-src.fleetctrl.pooling.batch.AlonsoMora.AlonsoMoraAssignment-INFO-OPT TIMES:sim_time;4680,setup;0.004740238189697266,rr;0.0,rv;0.03940439224243164,build;0.048854827880859375,opt;0.0026242733001708984,all;0.09562373161315918
23864-src.fleetctrl.pooling.batch.AlonsoMora.AlonsoMoraAssignment-INFO-Opt stats at sim time 4680 : opt duration 0.09562373161315918 | res cfv -598612.7010126679
23864-src.fleetctrl.pooling.batch.AlonsoMora.AlonsoMoraAssignment-INFO-Number of rtv_keys in trees:
23864-src.fleetctrl.pooling.batch.AlonsoMora.AlonsoMoraAssignment-INFO-N 1 : 2 | plans_ 2
23864-src.fleetctrl.pooling.batch.AlonsoMora.AlonsoMoraAssignment-INFO-N 2 : 4 | plans_ 4
23864-src.fleetctrl.pooling.batch.AlonsoMora.AlonsoMoraAssignment-INFO-N 3 : 1 | plans_ 1
23864-src.fleetctrl.pooling.batch.AlonsoMora.AlonsoMoraAssignment-INFO-N 4 : 0 | plans_ 0
23864-src.fleetctrl.pooling.batch.AlonsoMora.AlonsoMoraAssignment-INFO-Objective value at time 4680 for AM: -598612.7010126679
23864-src.fleetctrl.pooling.batch.AlonsoMora.AlonsoMoraAssignment-INFO-=========
23864-src.fleetctrl.pooling.batch.AlonsoMora.AlonsoMoraAssignment-INFO-OPT TIME 4740:
23864-src.fleetctrl.pooling.batch.AlonsoMora.AlonsoMoraAssignment-INFO-solution status 2
23864-src.fleetctrl.pooling.batch.AlonsoMora.AlonsoMoraAssignment-INFO-number solutions 1
23864-src.fleetctrl.pooling.batch.AlonsoMora.AlonsoMoraAssignment-INFO-number opt requests 5 | number revealed requests 5 | number active requests: 5
23864-src.fleetctrl.pooling.batch.AlonsoMora.AlonsoMoraAssignment-INFO-number rtv_objs: 6
23864-src.fleetctrl.pooling.batch.AlonsoMora.AlonsoMoraAssignment-INFO-OPT TIMES:sim_time;4740,setup;0.003296375274658203,rr;0.0,rv;0.0,build;0.014285802841186523,opt;0.0033915042877197266,all;0.020973682403564453
23864-src.fleetctrl.pooling.batch.AlonsoMora.AlonsoMoraAssignment-INFO-Opt stats at sim time 4740 : opt duration 0.020973682403564453 | res cfv -498834.40798896796
23864-src.fleetctrl.pooling.batch.AlonsoMora.AlonsoMoraAssignment-INFO-Number of rtv_keys in trees:
23864-src.fleetctrl.pooling.batch.AlonsoMora.AlonsoMoraAssignment-INFO-N 1 : 2 | plans_ 2
23864-src.fleetctrl.pooling.batch.AlonsoMora.AlonsoMoraAssignment-INFO-N 2 : 3 | plans_ 3
23864-src.fleetctrl.pooling.batch.AlonsoMora.AlonsoMoraAssignment-INFO-N 3 : 1 | plans_ 1
23864-src.fleetctrl.pooling.batch.AlonsoMora.AlonsoMoraAssignment-INFO-N 4 : 0 | plans_ 0
23864-src.fleetctrl.pooling.batch.AlonsoMora.AlonsoMoraAssignment-INFO-Objective value at time 4740 for AM: -498834.40798896796
23864-src.fleetctrl.pooling.batch.AlonsoMora.AlonsoMoraAssignment-INFO-=========
23864-src.fleetctrl.pooling.batch.AlonsoMora.AlonsoMoraAssignment-INFO-OPT TIME 4800:
23864-src.fleetctrl.pooling.batch.AlonsoMora.AlonsoMoraAssignment-INFO-solution status 2
23864-src.fleetctrl.pooling.batch.AlonsoMora.AlonsoMoraAssignment-INFO-number solutions 1
23864-src.fleetctrl.pooling.batch.AlonsoMora.AlonsoMoraAssignment-INFO-number opt requests 4 | number revealed requests 4 | number active requests: 4
23864-src.fleetctrl.pooling.batch.AlonsoMora.AlonsoMoraAssignment-INFO-number rtv_objs: 6
23864-src.fleetctrl.pooling.batch.AlonsoMora.AlonsoMoraAssignment-INFO-OPT TIMES:sim_time;4800,setup;0.003262042999267578,rr;0.0,rv;0.0,build;0.009229183197021484,opt;0.0018053054809570312,all;0.014296531677246094
23864-src.fleetctrl.pooling.batch.AlonsoMora.AlonsoMoraAssignment-INFO-Opt stats at sim time 4800 : opt duration 0.014296531677246094 | res cfv -399058.9383951499
23864-src.fleetctrl.pooling.batch.AlonsoMora.AlonsoMoraAssignment-INFO-Number of rtv_keys in trees:
23864-src.fleetctrl.pooling.batch.AlonsoMora.AlonsoMoraAssignment-INFO-N 1 : 3 | plans_ 3
23864-src.fleetctrl.pooling.batch.AlonsoMora.AlonsoMoraAssignment-INFO-N 2 : 3 | plans_ 3
23864-src.fleetctrl.pooling.batch.AlonsoMora.AlonsoMoraAssignment-INFO-N 3 : 0 | plans_ 0
23864-src.fleetctrl.pooling.batch.AlonsoMora.AlonsoMoraAssignment-INFO-N 4 : 0 | plans_ 0
23864-src.fleetctrl.pooling.batch.AlonsoMora.AlonsoMoraAssignment-INFO-Objective value at time 4800 for AM: -399058.9383951499
23864-src.fleetctrl.pooling.batch.AlonsoMora.AlonsoMoraAssignment-INFO-=========
23864-src.fleetctrl.pooling.batch.AlonsoMora.AlonsoMoraAssignment-INFO-OPT TIME 4860:
23864-src.fleetctrl.pooling.batch.AlonsoMora.AlonsoMoraAssignment-INFO-solution status 2
23864-src.fleetctrl.pooling.batch.AlonsoMora.AlonsoMoraAssignment-INFO-number solutions 1
23864-src.fleetctrl.pooling.batch.AlonsoMora.AlonsoMoraAssignment-INFO-number opt requests 4 | number revealed requests 4 | number active requests: 4
23864-src.fleetctrl.pooling.batch.AlonsoMora.AlonsoMoraAssignment-INFO-number rtv_objs: 4
23864-src.fleetctrl.pooling.batch.AlonsoMora.AlonsoMoraAssignment-INFO-OPT TIMES:sim_time;4860,setup;0.0030832290649414062,rr;0.0,rv;0.0,build;0.001583099365234375,opt;0.003147602081298828,all;0.00781393051147461
23864-src.fleetctrl.pooling.batch.AlonsoMora.AlonsoMoraAssignment-INFO-Opt stats at sim time 4860 : opt duration 0.00781393051147461 | res cfv -399107.49109493673
23864-src.fleetctrl.pooling.batch.AlonsoMora.AlonsoMoraAssignment-INFO-Number of rtv_keys in trees:
23864-src.fleetctrl.pooling.batch.AlonsoMora.AlonsoMoraAssignment-INFO-N 1 : 2 | plans_ 2
23864-src.fleetctrl.pooling.batch.AlonsoMora.AlonsoMoraAssignment-INFO-N 2 : 2 | plans_ 2
23864-src.fleetctrl.pooling.batch.AlonsoMora.AlonsoMoraAssignment-INFO-N 3 : 0 | plans_ 0
23864-src.fleetctrl.pooling.batch.AlonsoMora.AlonsoMoraAssignment-INFO-N 4 : 0 | plans_ 0
23864-src.fleetctrl.pooling.batch.AlonsoMora.AlonsoMoraAssignment-INFO-Objective value at time 4860 for AM: -399107.49109493673
23864-src.fleetctrl.pooling.batch.AlonsoMora.AlonsoMoraAssignment-INFO-=========
23864-src.fleetctrl.pooling.batch.AlonsoMora.AlonsoMoraAssignment-INFO-OPT TIME 4920:
23864-src.fleetctrl.pooling.batch.AlonsoMora.AlonsoMoraAssignment-INFO-solution status 2
23864-src.fleetctrl.pooling.batch.AlonsoMora.AlonsoMoraAssignment-INFO-number solutions 1
23864-src.fleetctrl.pooling.batch.AlonsoMora.AlonsoMoraAssignment-INFO-number opt requests 3 | number revealed requests 3 | number active requests: 3
23864-src.fleetctrl.pooling.batch.AlonsoMora.AlonsoMoraAssignment-INFO-number rtv_objs: 3
23864-src.fleetctrl.pooling.batch.AlonsoMora.AlonsoMoraAssignment-INFO-OPT TIMES:sim_time;4920,setup;0.004620075225830078,rr;0.0,rv;0.0,build;0.0,opt;0.0032033920288085938,all;0.007823467254638672
23864-src.fleetctrl.pooling.batch.AlonsoMora.AlonsoMoraAssignment-INFO-Opt stats at sim time 4920 : opt duration 0.007823467254638672 | res cfv -299252.165325699
23864-src.fleetctrl.pooling.batch.AlonsoMora.AlonsoMoraAssignment-INFO-Number of rtv_keys in trees:
23864-src.fleetctrl.pooling.batch.AlonsoMora.AlonsoMoraAssignment-INFO-N 1 : 3 | plans_ 3
23864-src.fleetctrl.pooling.batch.AlonsoMora.AlonsoMoraAssignment-INFO-N 2 : 0 | plans_ 0
23864-src.fleetctrl.pooling.batch.AlonsoMora.AlonsoMoraAssignment-INFO-N 3 : 0 | plans_ 0
23864-src.fleetctrl.pooling.batch.AlonsoMora.AlonsoMoraAssignment-INFO-N 4 : 0 | plans_ 0
23864-src.fleetctrl.pooling.batch.AlonsoMora.AlonsoMoraAssignment-INFO-Objective value at time 4920 for AM: -299252.165325699
23864-src.fleetctrl.fleetsizing.DynamicFleetSizingBase-INFO-to deactivate: 1
23864-src.fleetctrl.fleetsizing.DynamicFleetSizingBase-INFO-Deactivating vehicle veh 5 at pos (2966, None, None) with soc 0.658429375725112 leg status VRL_STATES.CHARGING remaining time 4098.8474912986585 number remaining legs: 1 ob : [] at depot <src.infra.ChargingInfrastructure.Depot object at 0x00000265B6041AB0> (plan time: 4920)
23864-src.fleetctrl.pooling.batch.AlonsoMora.AlonsoMoraAssignment-INFO-=========
23864-src.fleetctrl.pooling.batch.AlonsoMora.AlonsoMoraAssignment-INFO-OPT TIME 4980:
23864-src.fleetctrl.pooling.batch.AlonsoMora.AlonsoMoraAssignment-INFO-solution status 2
23864-src.fleetctrl.pooling.batch.AlonsoMora.AlonsoMoraAssignment-INFO-number solutions 1
23864-src.fleetctrl.pooling.batch.AlonsoMora.AlonsoMoraAssignment-INFO-number opt requests 3 | number revealed requests 3 | number active requests: 3
23864-src.fleetctrl.pooling.batch.AlonsoMora.AlonsoMoraAssignment-INFO-number rtv_objs: 3
23864-src.fleetctrl.pooling.batch.AlonsoMora.AlonsoMoraAssignment-INFO-OPT TIMES:sim_time;4980,setup;0.0031595230102539062,rr;0.0,rv;0.03659415245056152,build;0.018857717514038086,opt;0.0035877227783203125,all;0.06219911575317383
23864-src.fleetctrl.pooling.batch.AlonsoMora.AlonsoMoraAssignment-INFO-Opt stats at sim time 4980 : opt duration 0.06219911575317383 | res cfv -299332.83667114924
23864-src.fleetctrl.pooling.batch.AlonsoMora.AlonsoMoraAssignment-INFO-Number of rtv_keys in trees:
23864-src.fleetctrl.pooling.batch.AlonsoMora.AlonsoMoraAssignment-INFO-N 1 : 3 | plans_ 3
23864-src.fleetctrl.pooling.batch.AlonsoMora.AlonsoMoraAssignment-INFO-N 2 : 0 | plans_ 0
23864-src.fleetctrl.pooling.batch.AlonsoMora.AlonsoMoraAssignment-INFO-N 3 : 0 | plans_ 0
23864-src.fleetctrl.pooling.batch.AlonsoMora.AlonsoMoraAssignment-INFO-N 4 : 0 | plans_ 0
23864-src.fleetctrl.pooling.batch.AlonsoMora.AlonsoMoraAssignment-INFO-Objective value at time 4980 for AM: -299332.83667114924
23864-src.fleetctrl.pooling.batch.AlonsoMora.AlonsoMoraAssignment-INFO-=========
23864-src.fleetctrl.pooling.batch.AlonsoMora.AlonsoMoraAssignment-INFO-OPT TIME 5040:
23864-src.fleetctrl.pooling.batch.AlonsoMora.AlonsoMoraAssignment-INFO-solution status 2
23864-src.fleetctrl.pooling.batch.AlonsoMora.AlonsoMoraAssignment-INFO-number solutions 1
23864-src.fleetctrl.pooling.batch.AlonsoMora.AlonsoMoraAssignment-INFO-number opt requests 3 | number revealed requests 3 | number active requests: 3
23864-src.fleetctrl.pooling.batch.AlonsoMora.AlonsoMoraAssignment-INFO-number rtv_objs: 3
23864-src.fleetctrl.pooling.batch.AlonsoMora.AlonsoMoraAssignment-INFO-OPT TIMES:sim_time;5040,setup;0.0015730857849121094,rr;0.0015995502471923828,rv;0.0,build;0.002136707305908203,opt;0.0010213851928710938,all;0.004731178283691406
23864-src.fleetctrl.pooling.batch.AlonsoMora.AlonsoMoraAssignment-INFO-Opt stats at sim time 5040 : opt duration 0.004731178283691406 | res cfv -299377.95757112594
23864-src.fleetctrl.pooling.batch.AlonsoMora.AlonsoMoraAssignment-INFO-Number of rtv_keys in trees:
23864-src.fleetctrl.pooling.batch.AlonsoMora.AlonsoMoraAssignment-INFO-N 1 : 3 | plans_ 3
23864-src.fleetctrl.pooling.batch.AlonsoMora.AlonsoMoraAssignment-INFO-N 2 : 0 | plans_ 0
23864-src.fleetctrl.pooling.batch.AlonsoMora.AlonsoMoraAssignment-INFO-N 3 : 0 | plans_ 0
23864-src.fleetctrl.pooling.batch.AlonsoMora.AlonsoMoraAssignment-INFO-N 4 : 0 | plans_ 0
23864-src.fleetctrl.pooling.batch.AlonsoMora.AlonsoMoraAssignment-INFO-Objective value at time 5040 for AM: -299377.95757112594
23864-src.fleetctrl.fleetsizing.DynamicFleetSizingBase-INFO-to deactivate: 1
23864-src.fleetctrl.fleetsizing.DynamicFleetSizingBase-INFO-Deactivating vehicle veh 6 at pos (2980, None, None) with soc 0.8351152818372052 leg status VRL_STATES.CHARGING remaining time 3957.2332359069715 number remaining legs: 1 ob : [] at depot <src.infra.ChargingInfrastructure.Depot object at 0x00000265B60439A0> (plan time: 5040)
23864-src.fleetctrl.pooling.batch.AlonsoMora.AlonsoMoraAssignment-INFO-=========
23864-src.fleetctrl.pooling.batch.AlonsoMora.AlonsoMoraAssignment-INFO-OPT TIME 5100:
23864-src.fleetctrl.pooling.batch.AlonsoMora.AlonsoMoraAssignment-INFO-solution status 2
23864-src.fleetctrl.pooling.batch.AlonsoMora.AlonsoMoraAssignment-INFO-number solutions 1
23864-src.fleetctrl.pooling.batch.AlonsoMora.AlonsoMoraAssignment-INFO-number opt requests 4 | number revealed requests 4 | number active requests: 4
23864-src.fleetctrl.pooling.batch.AlonsoMora.AlonsoMoraAssignment-INFO-number rtv_objs: 5
23864-src.fleetctrl.pooling.batch.AlonsoMora.AlonsoMoraAssignment-INFO-OPT TIMES:sim_time;5100,setup;0.003575563430786133,rr;0.0,rv;0.037685394287109375,build;0.015759944915771484,opt;0.0025708675384521484,all;0.05959177017211914
23864-src.fleetctrl.pooling.batch.AlonsoMora.AlonsoMoraAssignment-INFO-Opt stats at sim time 5100 : opt duration 0.05959177017211914 | res cfv -399220.3856067996
23864-src.fleetctrl.pooling.batch.AlonsoMora.AlonsoMoraAssignment-INFO-Number of rtv_keys in trees:
23864-src.fleetctrl.pooling.batch.AlonsoMora.AlonsoMoraAssignment-INFO-N 1 : 3 | plans_ 3
23864-src.fleetctrl.pooling.batch.AlonsoMora.AlonsoMoraAssignment-INFO-N 2 : 2 | plans_ 2
23864-src.fleetctrl.pooling.batch.AlonsoMora.AlonsoMoraAssignment-INFO-N 3 : 0 | plans_ 0
23864-src.fleetctrl.pooling.batch.AlonsoMora.AlonsoMoraAssignment-INFO-N 4 : 0 | plans_ 0
23864-src.fleetctrl.pooling.batch.AlonsoMora.AlonsoMoraAssignment-INFO-Objective value at time 5100 for AM: -399220.3856067996
23864-src.fleetctrl.fleetsizing.DynamicFleetSizingBase-INFO-to deactivate: 1
23864-src.fleetctrl.fleetsizing.DynamicFleetSizingBase-INFO-Deactivating vehicle veh 8 at pos (470, 469, np.float64(0.8340044618452708)) with soc 0.9138107898905631 leg status VRL_STATES.ROUTE remaining time None number remaining legs: 6 ob : [63] at depot <src.infra.ChargingInfrastructure.Depot object at 0x00000265B60439A0> (plan time: 5100)
23864-src.fleetctrl.pooling.batch.AlonsoMora.AlonsoMoraAssignment-INFO-=========
23864-src.fleetctrl.pooling.batch.AlonsoMora.AlonsoMoraAssignment-INFO-OPT TIME 5160:
23864-src.fleetctrl.pooling.batch.AlonsoMora.AlonsoMoraAssignment-INFO-solution status 2
23864-src.fleetctrl.pooling.batch.AlonsoMora.AlonsoMoraAssignment-INFO-number solutions 1
23864-src.fleetctrl.pooling.batch.AlonsoMora.AlonsoMoraAssignment-INFO-number opt requests 3 | number revealed requests 3 | number active requests: 3
23864-src.fleetctrl.pooling.batch.AlonsoMora.AlonsoMoraAssignment-INFO-number rtv_objs: 4
23864-src.fleetctrl.pooling.batch.AlonsoMora.AlonsoMoraAssignment-INFO-OPT TIMES:sim_time;5160,setup;0.004525661468505859,rr;0.0,rv;0.039726972579956055,build;0.02989959716796875,opt;0.0030078887939453125,all;0.07716012001037598
23864-src.fleetctrl.pooling.batch.AlonsoMora.AlonsoMoraAssignment-INFO-Opt stats at sim time 5160 : opt duration 0.07716012001037598 | res cfv -299388.34567882284
23864-src.fleetctrl.pooling.batch.AlonsoMora.AlonsoMoraAssignment-INFO-Number of rtv_keys in trees:
23864-src.fleetctrl.pooling.batch.AlonsoMora.AlonsoMoraAssignment-INFO-N 1 : 3 | plans_ 3
23864-src.fleetctrl.pooling.batch.AlonsoMora.AlonsoMoraAssignment-INFO-N 2 : 1 | plans_ 1
23864-src.fleetctrl.pooling.batch.AlonsoMora.AlonsoMoraAssignment-INFO-N 3 : 0 | plans_ 0
23864-src.fleetctrl.pooling.batch.AlonsoMora.AlonsoMoraAssignment-INFO-N 4 : 0 | plans_ 0
23864-src.fleetctrl.pooling.batch.AlonsoMora.AlonsoMoraAssignment-INFO-Objective value at time 5160 for AM: -299388.34567882284
23864-src.fleetctrl.fleetsizing.DynamicFleetSizingBase-INFO-Activating vehicle veh 6 at pos (2980, None, None) with soc 0.8401152818372051 leg status VRL_STATES.CHARGING remaining time 3837.2332359069715 number remaining legs: 2 ob : [] from depot <src.infra.ChargingInfrastructure.Depot object at 0x00000265B60439A0> (plan time: 5160)
23864-src.fleetctrl.pooling.batch.AlonsoMora.AlonsoMoraAssignment-INFO-=========
23864-src.fleetctrl.pooling.batch.AlonsoMora.AlonsoMoraAssignment-INFO-OPT TIME 5220:
23864-src.fleetctrl.pooling.batch.AlonsoMora.AlonsoMoraAssignment-INFO-solution status 2
23864-src.fleetctrl.pooling.batch.AlonsoMora.AlonsoMoraAssignment-INFO-number solutions 1
23864-src.fleetctrl.pooling.batch.AlonsoMora.AlonsoMoraAssignment-INFO-number opt requests 4 | number revealed requests 4 | number active requests: 4
23864-src.fleetctrl.pooling.batch.AlonsoMora.AlonsoMoraAssignment-INFO-number rtv_objs: 6
23864-src.fleetctrl.pooling.batch.AlonsoMora.AlonsoMoraAssignment-INFO-OPT TIMES:sim_time;5220,setup;0.0031363964080810547,rr;0.0,rv;0.026000022888183594,build;0.02789592742919922,opt;0.0018329620361328125,all;0.05886530876159668
23864-src.fleetctrl.pooling.batch.AlonsoMora.AlonsoMoraAssignment-INFO-Opt stats at sim time 5220 : opt duration 0.05886530876159668 | res cfv -399188.84504761116
23864-src.fleetctrl.pooling.batch.AlonsoMora.AlonsoMoraAssignment-INFO-Number of rtv_keys in trees:
23864-src.fleetctrl.pooling.batch.AlonsoMora.AlonsoMoraAssignment-INFO-N 1 : 4 | plans_ 4
23864-src.fleetctrl.pooling.batch.AlonsoMora.AlonsoMoraAssignment-INFO-N 2 : 2 | plans_ 2
23864-src.fleetctrl.pooling.batch.AlonsoMora.AlonsoMoraAssignment-INFO-N 3 : 0 | plans_ 0
23864-src.fleetctrl.pooling.batch.AlonsoMora.AlonsoMoraAssignment-INFO-N 4 : 0 | plans_ 0
23864-src.fleetctrl.pooling.batch.AlonsoMora.AlonsoMoraAssignment-INFO-Objective value at time 5220 for AM: -399188.84504761116
23864-src.fleetctrl.fleetsizing.DynamicFleetSizingBase-INFO-Activating vehicle veh 5 at pos (2966, None, None) with soc 0.683429375725112 leg status VRL_STATES.CHARGING remaining time 3798.8474912986585 number remaining legs: 2 ob : [] from depot <src.infra.ChargingInfrastructure.Depot object at 0x00000265B6041AB0> (plan time: 5220)
23864-src.fleetctrl.fleetsizing.UtilizationBasedFS-WARNING-error in activate list
23864-src.fleetctrl.pooling.batch.AlonsoMora.AlonsoMoraAssignment-INFO-=========
23864-src.fleetctrl.pooling.batch.AlonsoMora.AlonsoMoraAssignment-INFO-OPT TIME 5280:
23864-src.fleetctrl.pooling.batch.AlonsoMora.AlonsoMoraAssignment-INFO-solution status 2
23864-src.fleetctrl.pooling.batch.AlonsoMora.AlonsoMoraAssignment-INFO-number solutions 1
23864-src.fleetctrl.pooling.batch.AlonsoMora.AlonsoMoraAssignment-INFO-number opt requests 3 | number revealed requests 3 | number active requests: 3
23864-src.fleetctrl.pooling.batch.AlonsoMora.AlonsoMoraAssignment-INFO-number rtv_objs: 5
23864-src.fleetctrl.pooling.batch.AlonsoMora.AlonsoMoraAssignment-INFO-OPT TIMES:sim_time;5280,setup;0.003178119659423828,rr;0.0,rv;0.0,build;0.012714385986328125,opt;0.0015935897827148438,all;0.017486095428466797
23864-src.fleetctrl.pooling.batch.AlonsoMora.AlonsoMoraAssignment-INFO-Opt stats at sim time 5280 : opt duration 0.017486095428466797 | res cfv -299344.18443042465
23864-src.fleetctrl.pooling.batch.AlonsoMora.AlonsoMoraAssignment-INFO-Number of rtv_keys in trees:
23864-src.fleetctrl.pooling.batch.AlonsoMora.AlonsoMoraAssignment-INFO-N 1 : 5 | plans_ 5
23864-src.fleetctrl.pooling.batch.AlonsoMora.AlonsoMoraAssignment-INFO-N 2 : 0 | plans_ 0
23864-src.fleetctrl.pooling.batch.AlonsoMora.AlonsoMoraAssignment-INFO-N 3 : 0 | plans_ 0
23864-src.fleetctrl.pooling.batch.AlonsoMora.AlonsoMoraAssignment-INFO-N 4 : 0 | plans_ 0
23864-src.fleetctrl.pooling.batch.AlonsoMora.AlonsoMoraAssignment-INFO-Objective value at time 5280 for AM: -299344.18443042465
23864-src.fleetctrl.fleetsizing.UtilizationBasedFS-WARNING-error in activate list
23864-src.fleetctrl.pooling.batch.AlonsoMora.AlonsoMoraAssignment-INFO-=========
23864-src.fleetctrl.pooling.batch.AlonsoMora.AlonsoMoraAssignment-INFO-OPT TIME 5340:
23864-src.fleetctrl.pooling.batch.AlonsoMora.AlonsoMoraAssignment-INFO-solution status 2
23864-src.fleetctrl.pooling.batch.AlonsoMora.AlonsoMoraAssignment-INFO-number solutions 1
23864-src.fleetctrl.pooling.batch.AlonsoMora.AlonsoMoraAssignment-INFO-number opt requests 3 | number revealed requests 3 | number active requests: 3
23864-src.fleetctrl.pooling.batch.AlonsoMora.AlonsoMoraAssignment-INFO-number rtv_objs: 3
23864-src.fleetctrl.pooling.batch.AlonsoMora.AlonsoMoraAssignment-INFO-OPT TIMES:sim_time;5340,setup;0.003182649612426758,rr;0.0,rv;0.0,build;0.0,opt;0.003231525421142578,all;0.006414175033569336
23864-src.fleetctrl.pooling.batch.AlonsoMora.AlonsoMoraAssignment-INFO-Opt stats at sim time 5340 : opt duration 0.006414175033569336 | res cfv -299378.86680804775
23864-src.fleetctrl.pooling.batch.AlonsoMora.AlonsoMoraAssignment-INFO-Number of rtv_keys in trees:
23864-src.fleetctrl.pooling.batch.AlonsoMora.AlonsoMoraAssignment-INFO-N 1 : 3 | plans_ 3
23864-src.fleetctrl.pooling.batch.AlonsoMora.AlonsoMoraAssignment-INFO-N 2 : 0 | plans_ 0
23864-src.fleetctrl.pooling.batch.AlonsoMora.AlonsoMoraAssignment-INFO-N 3 : 0 | plans_ 0
23864-src.fleetctrl.pooling.batch.AlonsoMora.AlonsoMoraAssignment-INFO-N 4 : 0 | plans_ 0
23864-src.fleetctrl.pooling.batch.AlonsoMora.AlonsoMoraAssignment-INFO-Objective value at time 5340 for AM: -299378.86680804775
23864-src.fleetctrl.fleetsizing.UtilizationBasedFS-WARNING-error in activate list
23864-src.fleetctrl.pooling.batch.AlonsoMora.AlonsoMoraAssignment-INFO-=========
23864-src.fleetctrl.pooling.batch.AlonsoMora.AlonsoMoraAssignment-INFO-OPT TIME 5400:
23864-src.fleetctrl.pooling.batch.AlonsoMora.AlonsoMoraAssignment-INFO-solution status 2
23864-src.fleetctrl.pooling.batch.AlonsoMora.AlonsoMoraAssignment-INFO-number solutions 1
23864-src.fleetctrl.pooling.batch.AlonsoMora.AlonsoMoraAssignment-INFO-number opt requests 5 | number revealed requests 5 | number active requests: 5
23864-src.fleetctrl.pooling.batch.AlonsoMora.AlonsoMoraAssignment-INFO-number rtv_objs: 5
23864-src.fleetctrl.pooling.batch.AlonsoMora.AlonsoMoraAssignment-INFO-OPT TIMES:sim_time;5400,setup;0.003187417984008789,rr;0.0,rv;0.06211996078491211,build;0.01161336898803711,opt;0.0015649795532226562,all;0.07848572731018066
23864-src.fleetctrl.pooling.batch.AlonsoMora.AlonsoMoraAssignment-INFO-Opt stats at sim time 5400 : opt duration 0.07848572731018066 | res cfv -498863.24082632584
23864-src.fleetctrl.pooling.batch.AlonsoMora.AlonsoMoraAssignment-INFO-Number of rtv_keys in trees:
23864-src.fleetctrl.pooling.batch.AlonsoMora.AlonsoMoraAssignment-INFO-N 1 : 3 | plans_ 3
23864-src.fleetctrl.pooling.batch.AlonsoMora.AlonsoMoraAssignment-INFO-N 2 : 2 | plans_ 2
23864-src.fleetctrl.pooling.batch.AlonsoMora.AlonsoMoraAssignment-INFO-N 3 : 0 | plans_ 0
23864-src.fleetctrl.pooling.batch.AlonsoMora.AlonsoMoraAssignment-INFO-N 4 : 0 | plans_ 0
23864-src.fleetctrl.pooling.batch.AlonsoMora.AlonsoMoraAssignment-INFO-Objective value at time 5400 for AM: -498863.24082632584
23864-src.fleetctrl.fleetsizing.UtilizationBasedFS-WARNING-error in activate list
23864-src.fleetctrl.pooling.batch.AlonsoMora.AlonsoMoraAssignment-INFO-=========
23864-src.fleetctrl.pooling.batch.AlonsoMora.AlonsoMoraAssignment-INFO-OPT TIME 5460:
23864-src.fleetctrl.pooling.batch.AlonsoMora.AlonsoMoraAssignment-INFO-solution status 2
23864-src.fleetctrl.pooling.batch.AlonsoMora.AlonsoMoraAssignment-INFO-number solutions 1
23864-src.fleetctrl.pooling.batch.AlonsoMora.AlonsoMoraAssignment-INFO-number opt requests 5 | number revealed requests 5 | number active requests: 5
23864-src.fleetctrl.pooling.batch.AlonsoMora.AlonsoMoraAssignment-INFO-number rtv_objs: 6
23864-src.fleetctrl.pooling.batch.AlonsoMora.AlonsoMoraAssignment-INFO-OPT TIMES:sim_time;5460,setup;0.0016443729400634766,rr;0.0,rv;0.03796672821044922,build;0.014139413833618164,opt;0.003159046173095703,all;0.05690956115722656
23864-src.fleetctrl.pooling.batch.AlonsoMora.AlonsoMoraAssignment-INFO-Opt stats at sim time 5460 : opt duration 0.05690956115722656 | res cfv -498788.20996799855
23864-src.fleetctrl.pooling.batch.AlonsoMora.AlonsoMoraAssignment-INFO-Number of rtv_keys in trees:
23864-src.fleetctrl.pooling.batch.AlonsoMora.AlonsoMoraAssignment-INFO-N 1 : 2 | plans_ 2
23864-src.fleetctrl.pooling.batch.AlonsoMora.AlonsoMoraAssignment-INFO-N 2 : 3 | plans_ 3
23864-src.fleetctrl.pooling.batch.AlonsoMora.AlonsoMoraAssignment-INFO-N 3 : 1 | plans_ 1
23864-src.fleetctrl.pooling.batch.AlonsoMora.AlonsoMoraAssignment-INFO-N 4 : 0 | plans_ 0
23864-src.fleetctrl.pooling.batch.AlonsoMora.AlonsoMoraAssignment-INFO-Objective value at time 5460 for AM: -498788.20996799855
23864-src.fleetctrl.fleetsizing.UtilizationBasedFS-WARNING-error in activate list
23864-src.fleetctrl.pooling.batch.AlonsoMora.AlonsoMoraAssignment-INFO-=========
23864-src.fleetctrl.pooling.batch.AlonsoMora.AlonsoMoraAssignment-INFO-OPT TIME 5520:
23864-src.fleetctrl.pooling.batch.AlonsoMora.AlonsoMoraAssignment-INFO-solution status 2
23864-src.fleetctrl.pooling.batch.AlonsoMora.AlonsoMoraAssignment-INFO-number solutions 1
23864-src.fleetctrl.pooling.batch.AlonsoMora.AlonsoMoraAssignment-INFO-number opt requests 6 | number revealed requests 6 | number active requests: 6
23864-src.fleetctrl.pooling.batch.AlonsoMora.AlonsoMoraAssignment-INFO-number rtv_objs: 8
23864-src.fleetctrl.pooling.batch.AlonsoMora.AlonsoMoraAssignment-INFO-OPT TIMES:sim_time;5520,setup;0.0030679702758789062,rr;0.0,rv;0.024755239486694336,build;0.026877403259277344,opt;0.003443002700805664,all;0.05814361572265625
23864-src.fleetctrl.pooling.batch.AlonsoMora.AlonsoMoraAssignment-INFO-Opt stats at sim time 5520 : opt duration 0.05814361572265625 | res cfv -598588.5820161942
23864-src.fleetctrl.pooling.batch.AlonsoMora.AlonsoMoraAssignment-INFO-Number of rtv_keys in trees:
23864-src.fleetctrl.pooling.batch.AlonsoMora.AlonsoMoraAssignment-INFO-N 1 : 2 | plans_ 2
23864-src.fleetctrl.pooling.batch.AlonsoMora.AlonsoMoraAssignment-INFO-N 2 : 4 | plans_ 4
23864-src.fleetctrl.pooling.batch.AlonsoMora.AlonsoMoraAssignment-INFO-N 3 : 2 | plans_ 2
23864-src.fleetctrl.pooling.batch.AlonsoMora.AlonsoMoraAssignment-INFO-N 4 : 0 | plans_ 0
23864-src.fleetctrl.pooling.batch.AlonsoMora.AlonsoMoraAssignment-INFO-Objective value at time 5520 for AM: -598588.5820161942
23864-src.fleetctrl.fleetsizing.DynamicFleetSizingBase-INFO-Activating vehicle veh 8 at pos (2980, None, None) with soc 0.9134290351850001 leg status VRL_STATES.OUT_OF_SERVICE remaining time 9999996.210438896 number remaining legs: 1 ob : [] from depot <src.infra.ChargingInfrastructure.Depot object at 0x00000265B60439A0> (plan time: 5520)
23864-src.fleetctrl.pooling.batch.AlonsoMora.AlonsoMoraAssignment-INFO-=========
23864-src.fleetctrl.pooling.batch.AlonsoMora.AlonsoMoraAssignment-INFO-OPT TIME 5580:
23864-src.fleetctrl.pooling.batch.AlonsoMora.AlonsoMoraAssignment-INFO-solution status 2
23864-src.fleetctrl.pooling.batch.AlonsoMora.AlonsoMoraAssignment-INFO-number solutions 1
23864-src.fleetctrl.pooling.batch.AlonsoMora.AlonsoMoraAssignment-INFO-number opt requests 6 | number revealed requests 6 | number active requests: 6
23864-src.fleetctrl.pooling.batch.AlonsoMora.AlonsoMoraAssignment-INFO-number rtv_objs: 10
23864-src.fleetctrl.pooling.batch.AlonsoMora.AlonsoMoraAssignment-INFO-OPT TIMES:sim_time;5580,setup;0.0031905174255371094,rr;0.0015940666198730469,rv;0.03020310401916504,build;0.053524017333984375,opt;0.003121614456176758,all;0.09003925323486328
23864-src.fleetctrl.pooling.batch.AlonsoMora.AlonsoMoraAssignment-INFO-Opt stats at sim time 5580 : opt duration 0.09003925323486328 | res cfv -598480.0674555402
23864-src.fleetctrl.pooling.batch.AlonsoMora.AlonsoMoraAssignment-INFO-Number of rtv_keys in trees:
23864-src.fleetctrl.pooling.batch.AlonsoMora.AlonsoMoraAssignment-INFO-N 1 : 6 | plans_ 6
23864-src.fleetctrl.pooling.batch.AlonsoMora.AlonsoMoraAssignment-INFO-N 2 : 3 | plans_ 3
23864-src.fleetctrl.pooling.batch.AlonsoMora.AlonsoMoraAssignment-INFO-N 3 : 1 | plans_ 1
23864-src.fleetctrl.pooling.batch.AlonsoMora.AlonsoMoraAssignment-INFO-N 4 : 0 | plans_ 0
23864-src.fleetctrl.pooling.batch.AlonsoMora.AlonsoMoraAssignment-INFO-Objective value at time 5580 for AM: -598480.0674555402
23864-src.fleetctrl.pooling.batch.AlonsoMora.AlonsoMoraAssignment-INFO-=========
23864-src.fleetctrl.pooling.batch.AlonsoMora.AlonsoMoraAssignment-INFO-OPT TIME 5640:
23864-src.fleetctrl.pooling.batch.AlonsoMora.AlonsoMoraAssignment-INFO-solution status 2
23864-src.fleetctrl.pooling.batch.AlonsoMora.AlonsoMoraAssignment-INFO-number solutions 1
23864-src.fleetctrl.pooling.batch.AlonsoMora.AlonsoMoraAssignment-INFO-number opt requests 5 | number revealed requests 5 | number active requests: 5
23864-src.fleetctrl.pooling.batch.AlonsoMora.AlonsoMoraAssignment-INFO-number rtv_objs: 4
23864-src.fleetctrl.pooling.batch.AlonsoMora.AlonsoMoraAssignment-INFO-OPT TIMES:sim_time;5640,setup;0.0015134811401367188,rr;0.0015330314636230469,rv;0.0,build;0.03404498100280762,opt;0.0030975341796875,all;0.038655996322631836
23864-src.fleetctrl.pooling.batch.AlonsoMora.AlonsoMoraAssignment-INFO-Opt stats at sim time 5640 : opt duration 0.038655996322631836 | res cfv -498670.6956487901
23864-src.fleetctrl.pooling.batch.AlonsoMora.AlonsoMoraAssignment-INFO-Number of rtv_keys in trees:
23864-src.fleetctrl.pooling.batch.AlonsoMora.AlonsoMoraAssignment-INFO-N 1 : 2 | plans_ 2
23864-src.fleetctrl.pooling.batch.AlonsoMora.AlonsoMoraAssignment-INFO-N 2 : 2 | plans_ 2
23864-src.fleetctrl.pooling.batch.AlonsoMora.AlonsoMoraAssignment-INFO-N 3 : 0 | plans_ 0
23864-src.fleetctrl.pooling.batch.AlonsoMora.AlonsoMoraAssignment-INFO-N 4 : 0 | plans_ 0
23864-src.fleetctrl.pooling.batch.AlonsoMora.AlonsoMoraAssignment-INFO-Objective value at time 5640 for AM: -498670.6956487901
23864-src.fleetctrl.pooling.batch.AlonsoMora.AlonsoMoraAssignment-INFO-=========
23864-src.fleetctrl.pooling.batch.AlonsoMora.AlonsoMoraAssignment-INFO-OPT TIME 5700:
23864-src.fleetctrl.pooling.batch.AlonsoMora.AlonsoMoraAssignment-INFO-solution status 2
23864-src.fleetctrl.pooling.batch.AlonsoMora.AlonsoMoraAssignment-INFO-number solutions 1
23864-src.fleetctrl.pooling.batch.AlonsoMora.AlonsoMoraAssignment-INFO-number opt requests 5 | number revealed requests 5 | number active requests: 5
23864-src.fleetctrl.pooling.batch.AlonsoMora.AlonsoMoraAssignment-INFO-number rtv_objs: 3
23864-src.fleetctrl.pooling.batch.AlonsoMora.AlonsoMoraAssignment-INFO-OPT TIMES:sim_time;5700,setup;0.004760026931762695,rr;0.0,rv;0.0,build;0.0,opt;0.0031867027282714844,all;0.00794672966003418
23864-src.fleetctrl.pooling.batch.AlonsoMora.AlonsoMoraAssignment-INFO-Opt stats at sim time 5700 : opt duration 0.00794672966003418 | res cfv -498710.50305215153
23864-src.fleetctrl.pooling.batch.AlonsoMora.AlonsoMoraAssignment-INFO-Number of rtv_keys in trees:
23864-src.fleetctrl.pooling.batch.AlonsoMora.AlonsoMoraAssignment-INFO-N 1 : 1 | plans_ 1
23864-src.fleetctrl.pooling.batch.AlonsoMora.AlonsoMoraAssignment-INFO-N 2 : 2 | plans_ 2
23864-src.fleetctrl.pooling.batch.AlonsoMora.AlonsoMoraAssignment-INFO-N 3 : 0 | plans_ 0
23864-src.fleetctrl.pooling.batch.AlonsoMora.AlonsoMoraAssignment-INFO-N 4 : 0 | plans_ 0
23864-src.fleetctrl.pooling.batch.AlonsoMora.AlonsoMoraAssignment-INFO-Objective value at time 5700 for AM: -498710.50305215153
23864-src.fleetctrl.pooling.batch.AlonsoMora.AlonsoMoraAssignment-INFO-=========
23864-src.fleetctrl.pooling.batch.AlonsoMora.AlonsoMoraAssignment-INFO-OPT TIME 5760:
23864-src.fleetctrl.pooling.batch.AlonsoMora.AlonsoMoraAssignment-INFO-solution status 2
23864-src.fleetctrl.pooling.batch.AlonsoMora.AlonsoMoraAssignment-INFO-number solutions 1
23864-src.fleetctrl.pooling.batch.AlonsoMora.AlonsoMoraAssignment-INFO-number opt requests 6 | number revealed requests 6 | number active requests: 6
23864-src.fleetctrl.pooling.batch.AlonsoMora.AlonsoMoraAssignment-INFO-number rtv_objs: 5
23864-src.fleetctrl.pooling.batch.AlonsoMora.AlonsoMoraAssignment-INFO-OPT TIMES:sim_time;5760,setup;0.0033843517303466797,rr;0.0,rv;0.0376129150390625,build;0.01894688606262207,opt;0.0032465457916259766,all;0.06319069862365723
23864-src.fleetctrl.pooling.batch.AlonsoMora.AlonsoMoraAssignment-INFO-Opt stats at sim time 5760 : opt duration 0.06319069862365723 | res cfv -598532.9582719164
23864-src.fleetctrl.pooling.batch.AlonsoMora.AlonsoMoraAssignment-INFO-Number of rtv_keys in trees:
23864-src.fleetctrl.pooling.batch.AlonsoMora.AlonsoMoraAssignment-INFO-N 1 : 2 | plans_ 2
23864-src.fleetctrl.pooling.batch.AlonsoMora.AlonsoMoraAssignment-INFO-N 2 : 2 | plans_ 2
23864-src.fleetctrl.pooling.batch.AlonsoMora.AlonsoMoraAssignment-INFO-N 3 : 1 | plans_ 1
23864-src.fleetctrl.pooling.batch.AlonsoMora.AlonsoMoraAssignment-INFO-N 4 : 0 | plans_ 0
23864-src.fleetctrl.pooling.batch.AlonsoMora.AlonsoMoraAssignment-INFO-Objective value at time 5760 for AM: -598532.9582719164
23864-src.fleetctrl.pooling.batch.AlonsoMora.AlonsoMoraAssignment-INFO-=========
23864-src.fleetctrl.pooling.batch.AlonsoMora.AlonsoMoraAssignment-INFO-OPT TIME 5820:
23864-src.fleetctrl.pooling.batch.AlonsoMora.AlonsoMoraAssignment-INFO-solution status 2
23864-src.fleetctrl.pooling.batch.AlonsoMora.AlonsoMoraAssignment-INFO-number solutions 1
23864-src.fleetctrl.pooling.batch.AlonsoMora.AlonsoMoraAssignment-INFO-number opt requests 6 | number revealed requests 6 | number active requests: 6
23864-src.fleetctrl.pooling.batch.AlonsoMora.AlonsoMoraAssignment-INFO-number rtv_objs: 5
23864-src.fleetctrl.pooling.batch.AlonsoMora.AlonsoMoraAssignment-INFO-OPT TIMES:sim_time;5820,setup;0.004705905914306641,rr;0.0,rv;0.0,build;0.0,opt;0.002299070358276367,all;0.007004976272583008
23864-src.fleetctrl.pooling.batch.AlonsoMora.AlonsoMoraAssignment-INFO-Opt stats at sim time 5820 : opt duration 0.007004976272583008 | res cfv -598585.8502457258
23864-src.fleetctrl.pooling.batch.AlonsoMora.AlonsoMoraAssignment-INFO-Number of rtv_keys in trees:
23864-src.fleetctrl.pooling.batch.AlonsoMora.AlonsoMoraAssignment-INFO-N 1 : 2 | plans_ 2
23864-src.fleetctrl.pooling.batch.AlonsoMora.AlonsoMoraAssignment-INFO-N 2 : 2 | plans_ 2
23864-src.fleetctrl.pooling.batch.AlonsoMora.AlonsoMoraAssignment-INFO-N 3 : 1 | plans_ 1
23864-src.fleetctrl.pooling.batch.AlonsoMora.AlonsoMoraAssignment-INFO-N 4 : 0 | plans_ 0
23864-src.fleetctrl.pooling.batch.AlonsoMora.AlonsoMoraAssignment-INFO-Objective value at time 5820 for AM: -598585.8502457258
23864-src.fleetctrl.pooling.batch.AlonsoMora.AlonsoMoraAssignment-INFO-=========
23864-src.fleetctrl.pooling.batch.AlonsoMora.AlonsoMoraAssignment-INFO-OPT TIME 5880:
23864-src.fleetctrl.pooling.batch.AlonsoMora.AlonsoMoraAssignment-INFO-solution status 2
23864-src.fleetctrl.pooling.batch.AlonsoMora.AlonsoMoraAssignment-INFO-number solutions 1
23864-src.fleetctrl.pooling.batch.AlonsoMora.AlonsoMoraAssignment-INFO-number opt requests 6 | number revealed requests 6 | number active requests: 6
23864-src.fleetctrl.pooling.batch.AlonsoMora.AlonsoMoraAssignment-INFO-number rtv_objs: 4
23864-src.fleetctrl.pooling.batch.AlonsoMora.AlonsoMoraAssignment-INFO-OPT TIMES:sim_time;5880,setup;0.001589059829711914,rr;0.0,rv;0.0,build;0.0015876293182373047,opt;0.002670764923095703,all;0.005847454071044922
23864-src.fleetctrl.pooling.batch.AlonsoMora.AlonsoMoraAssignment-INFO-Opt stats at sim time 5880 : opt duration 0.005847454071044922 | res cfv -598625.8970230846
23864-src.fleetctrl.pooling.batch.AlonsoMora.AlonsoMoraAssignment-INFO-Number of rtv_keys in trees:
23864-src.fleetctrl.pooling.batch.AlonsoMora.AlonsoMoraAssignment-INFO-N 1 : 1 | plans_ 1
23864-src.fleetctrl.pooling.batch.AlonsoMora.AlonsoMoraAssignment-INFO-N 2 : 2 | plans_ 2
23864-src.fleetctrl.pooling.batch.AlonsoMora.AlonsoMoraAssignment-INFO-N 3 : 1 | plans_ 1
23864-src.fleetctrl.pooling.batch.AlonsoMora.AlonsoMoraAssignment-INFO-N 4 : 0 | plans_ 0
23864-src.fleetctrl.pooling.batch.AlonsoMora.AlonsoMoraAssignment-INFO-Objective value at time 5880 for AM: -598625.8970230846
23864-src.fleetctrl.pooling.batch.AlonsoMora.AlonsoMoraAssignment-INFO-=========
23864-src.fleetctrl.pooling.batch.AlonsoMora.AlonsoMoraAssignment-INFO-OPT TIME 5940:
23864-src.fleetctrl.pooling.batch.AlonsoMora.AlonsoMoraAssignment-INFO-solution status 2
23864-src.fleetctrl.pooling.batch.AlonsoMora.AlonsoMoraAssignment-INFO-number solutions 1
23864-src.fleetctrl.pooling.batch.AlonsoMora.AlonsoMoraAssignment-INFO-number opt requests 4 | number revealed requests 4 | number active requests: 4
23864-src.fleetctrl.pooling.batch.AlonsoMora.AlonsoMoraAssignment-INFO-number rtv_objs: 4
23864-src.fleetctrl.pooling.batch.AlonsoMora.AlonsoMoraAssignment-INFO-OPT TIMES:sim_time;5940,setup;0.001580953598022461,rr;0.0,rv;0.0,build;0.017841815948486328,opt;0.001580953598022461,all;0.02100372314453125
23864-src.fleetctrl.pooling.batch.AlonsoMora.AlonsoMoraAssignment-INFO-Opt stats at sim time 5940 : opt duration 0.02100372314453125 | res cfv -399091.44170558813
23864-src.fleetctrl.pooling.batch.AlonsoMora.AlonsoMoraAssignment-INFO-Number of rtv_keys in trees:
23864-src.fleetctrl.pooling.batch.AlonsoMora.AlonsoMoraAssignment-INFO-N 1 : 3 | plans_ 3
23864-src.fleetctrl.pooling.batch.AlonsoMora.AlonsoMoraAssignment-INFO-N 2 : 1 | plans_ 1
23864-src.fleetctrl.pooling.batch.AlonsoMora.AlonsoMoraAssignment-INFO-N 3 : 0 | plans_ 0
23864-src.fleetctrl.pooling.batch.AlonsoMora.AlonsoMoraAssignment-INFO-N 4 : 0 | plans_ 0
23864-src.fleetctrl.pooling.batch.AlonsoMora.AlonsoMoraAssignment-INFO-Objective value at time 5940 for AM: -399091.44170558813
23864-src.fleetctrl.fleetsizing.DynamicFleetSizingBase-INFO-to deactivate: 1
23864-src.fleetctrl.fleetsizing.DynamicFleetSizingBase-INFO-Deactivating vehicle veh 5 at pos (2966, None, None) with soc 0.743429375725112 leg status VRL_STATES.CHARGING remaining time 3078.8474912986585 number remaining legs: 1 ob : [] at depot <src.infra.ChargingInfrastructure.Depot object at 0x00000265B6041AB0> (plan time: 5940)
23864-src.fleetctrl.pooling.batch.AlonsoMora.AlonsoMoraAssignment-INFO-=========
23864-src.fleetctrl.pooling.batch.AlonsoMora.AlonsoMoraAssignment-INFO-OPT TIME 6000:
23864-src.fleetctrl.pooling.batch.AlonsoMora.AlonsoMoraAssignment-INFO-solution status 2
23864-src.fleetctrl.pooling.batch.AlonsoMora.AlonsoMoraAssignment-INFO-number solutions 1
23864-src.fleetctrl.pooling.batch.AlonsoMora.AlonsoMoraAssignment-INFO-number opt requests 2 | number revealed requests 2 | number active requests: 2
23864-src.fleetctrl.pooling.batch.AlonsoMora.AlonsoMoraAssignment-INFO-number rtv_objs: 2
23864-src.fleetctrl.pooling.batch.AlonsoMora.AlonsoMoraAssignment-INFO-OPT TIMES:sim_time;6000,setup;0.003168344497680664,rr;0.0,rv;0.0,build;0.001619100570678711,opt;0.0015985965728759766,all;0.0063860416412353516
23864-src.fleetctrl.pooling.batch.AlonsoMora.AlonsoMoraAssignment-INFO-Opt stats at sim time 6000 : opt duration 0.0063860416412353516 | res cfv -199541.61171322636
23864-src.fleetctrl.pooling.batch.AlonsoMora.AlonsoMoraAssignment-INFO-Number of rtv_keys in trees:
23864-src.fleetctrl.pooling.batch.AlonsoMora.AlonsoMoraAssignment-INFO-N 1 : 2 | plans_ 2
23864-src.fleetctrl.pooling.batch.AlonsoMora.AlonsoMoraAssignment-INFO-N 2 : 0 | plans_ 0
23864-src.fleetctrl.pooling.batch.AlonsoMora.AlonsoMoraAssignment-INFO-N 3 : 0 | plans_ 0
23864-src.fleetctrl.pooling.batch.AlonsoMora.AlonsoMoraAssignment-INFO-N 4 : 0 | plans_ 0
23864-src.fleetctrl.pooling.batch.AlonsoMora.AlonsoMoraAssignment-INFO-Objective value at time 6000 for AM: -199541.61171322636
23864-src.fleetctrl.fleetsizing.DynamicFleetSizingBase-INFO-to deactivate: 2
23864-src.fleetctrl.fleetsizing.DynamicFleetSizingBase-INFO-Deactivating vehicle veh 20 at pos (2979, None, None) with soc 0.968134312774294 leg status VRL_STATES.IDLE remaining time None number remaining legs: 0 ob : [] at depot <src.infra.ChargingInfrastructure.Depot object at 0x00000265B60439A0> (plan time: 6000)
23864-src.fleetctrl.fleetsizing.DynamicFleetSizingBase-INFO-Deactivating vehicle veh 6 at pos (2980, None, None) with soc 0.8751152818372043 leg status VRL_STATES.CHARGING remaining time 2997.2332359069715 number remaining legs: 1 ob : [] at depot <src.infra.ChargingInfrastructure.Depot object at 0x00000265B60439A0> (plan time: 6000)
23864-src.fleetctrl.pooling.batch.AlonsoMora.AlonsoMoraAssignment-INFO-=========
23864-src.fleetctrl.pooling.batch.AlonsoMora.AlonsoMoraAssignment-INFO-OPT TIME 6060:
23864-src.fleetctrl.pooling.batch.AlonsoMora.AlonsoMoraAssignment-INFO-solution status 2
23864-src.fleetctrl.pooling.batch.AlonsoMora.AlonsoMoraAssignment-INFO-number solutions 1
23864-src.fleetctrl.pooling.batch.AlonsoMora.AlonsoMoraAssignment-INFO-number opt requests 3 | number revealed requests 3 | number active requests: 3
23864-src.fleetctrl.pooling.batch.AlonsoMora.AlonsoMoraAssignment-INFO-number rtv_objs: 3
23864-src.fleetctrl.pooling.batch.AlonsoMora.AlonsoMoraAssignment-INFO-OPT TIMES:sim_time;6060,setup;0.004148244857788086,rr;0.0,rv;0.024710655212402344,build;0.0037550926208496094,opt;0.0031843185424804688,all;0.03579831123352051
23864-src.fleetctrl.pooling.batch.AlonsoMora.AlonsoMoraAssignment-INFO-Opt stats at sim time 6060 : opt duration 0.03579831123352051 | res cfv -299354.3998933662
23864-src.fleetctrl.pooling.batch.AlonsoMora.AlonsoMoraAssignment-INFO-Number of rtv_keys in trees:
23864-src.fleetctrl.pooling.batch.AlonsoMora.AlonsoMoraAssignment-INFO-N 1 : 2 | plans_ 2
23864-src.fleetctrl.pooling.batch.AlonsoMora.AlonsoMoraAssignment-INFO-N 2 : 1 | plans_ 1
23864-src.fleetctrl.pooling.batch.AlonsoMora.AlonsoMoraAssignment-INFO-N 3 : 0 | plans_ 0
23864-src.fleetctrl.pooling.batch.AlonsoMora.AlonsoMoraAssignment-INFO-N 4 : 0 | plans_ 0
23864-src.fleetctrl.pooling.batch.AlonsoMora.AlonsoMoraAssignment-INFO-Objective value at time 6060 for AM: -299354.3998933662
23864-src.fleetctrl.fleetsizing.DynamicFleetSizingBase-INFO-Activating vehicle veh 6 at pos (2980, None, None) with soc 0.8776152818372043 leg status VRL_STATES.CHARGING remaining time 2937.2332359069715 number remaining legs: 2 ob : [] from depot <src.infra.ChargingInfrastructure.Depot object at 0x00000265B60439A0> (plan time: 6060)
23864-src.fleetctrl.pooling.batch.AlonsoMora.AlonsoMoraAssignment-INFO-=========
23864-src.fleetctrl.pooling.batch.AlonsoMora.AlonsoMoraAssignment-INFO-OPT TIME 6120:
23864-src.fleetctrl.pooling.batch.AlonsoMora.AlonsoMoraAssignment-INFO-solution status 2
23864-src.fleetctrl.pooling.batch.AlonsoMora.AlonsoMoraAssignment-INFO-number solutions 1
23864-src.fleetctrl.pooling.batch.AlonsoMora.AlonsoMoraAssignment-INFO-number opt requests 2 | number revealed requests 2 | number active requests: 2
23864-src.fleetctrl.pooling.batch.AlonsoMora.AlonsoMoraAssignment-INFO-number rtv_objs: 2
23864-src.fleetctrl.pooling.batch.AlonsoMora.AlonsoMoraAssignment-INFO-OPT TIMES:sim_time;6120,setup;0.00316619873046875,rr;0.0,rv;0.0,build;0.0015826225280761719,opt;0.0015878677368164062,all;0.006336688995361328
23864-src.fleetctrl.pooling.batch.AlonsoMora.AlonsoMoraAssignment-INFO-Opt stats at sim time 6120 : opt duration 0.006336688995361328 | res cfv -199586.57680837624
23864-src.fleetctrl.pooling.batch.AlonsoMora.AlonsoMoraAssignment-INFO-Number of rtv_keys in trees:
23864-src.fleetctrl.pooling.batch.AlonsoMora.AlonsoMoraAssignment-INFO-N 1 : 2 | plans_ 2
23864-src.fleetctrl.pooling.batch.AlonsoMora.AlonsoMoraAssignment-INFO-N 2 : 0 | plans_ 0
23864-src.fleetctrl.pooling.batch.AlonsoMora.AlonsoMoraAssignment-INFO-N 3 : 0 | plans_ 0
23864-src.fleetctrl.pooling.batch.AlonsoMora.AlonsoMoraAssignment-INFO-N 4 : 0 | plans_ 0
23864-src.fleetctrl.pooling.batch.AlonsoMora.AlonsoMoraAssignment-INFO-Objective value at time 6120 for AM: -199586.57680837624
23864-src.fleetctrl.pooling.batch.AlonsoMora.AlonsoMoraAssignment-INFO-=========
23864-src.fleetctrl.pooling.batch.AlonsoMora.AlonsoMoraAssignment-INFO-OPT TIME 6180:
23864-src.fleetctrl.pooling.batch.AlonsoMora.AlonsoMoraAssignment-INFO-solution status 2
23864-src.fleetctrl.pooling.batch.AlonsoMora.AlonsoMoraAssignment-INFO-number solutions 1
23864-src.fleetctrl.pooling.batch.AlonsoMora.AlonsoMoraAssignment-INFO-number opt requests 2 | number revealed requests 2 | number active requests: 2
23864-src.fleetctrl.pooling.batch.AlonsoMora.AlonsoMoraAssignment-INFO-number rtv_objs: 2
23864-src.fleetctrl.pooling.batch.AlonsoMora.AlonsoMoraAssignment-INFO-OPT TIMES:sim_time;6180,setup;0.0015811920166015625,rr;0.0,rv;0.0,build;0.0,opt;0.003179788589477539,all;0.0047609806060791016
23864-src.fleetctrl.pooling.batch.AlonsoMora.AlonsoMoraAssignment-INFO-Opt stats at sim time 6180 : opt duration 0.0047609806060791016 | res cfv -199609.30789813268
23864-src.fleetctrl.pooling.batch.AlonsoMora.AlonsoMoraAssignment-INFO-Number of rtv_keys in trees:
23864-src.fleetctrl.pooling.batch.AlonsoMora.AlonsoMoraAssignment-INFO-N 1 : 2 | plans_ 2
23864-src.fleetctrl.pooling.batch.AlonsoMora.AlonsoMoraAssignment-INFO-N 2 : 0 | plans_ 0
23864-src.fleetctrl.pooling.batch.AlonsoMora.AlonsoMoraAssignment-INFO-N 3 : 0 | plans_ 0
23864-src.fleetctrl.pooling.batch.AlonsoMora.AlonsoMoraAssignment-INFO-N 4 : 0 | plans_ 0
23864-src.fleetctrl.pooling.batch.AlonsoMora.AlonsoMoraAssignment-INFO-Objective value at time 6180 for AM: -199609.30789813268
23864-src.fleetctrl.fleetsizing.DynamicFleetSizingBase-INFO-to deactivate: 1
23864-src.fleetctrl.fleetsizing.DynamicFleetSizingBase-INFO-Deactivating vehicle veh 6 at pos (2980, None, None) with soc 0.8826152818372042 leg status VRL_STATES.CHARGING remaining time 2817.2332359069715 number remaining legs: 1 ob : [] at depot <src.infra.ChargingInfrastructure.Depot object at 0x00000265B60439A0> (plan time: 6180)
23864-src.fleetctrl.pooling.batch.AlonsoMora.AlonsoMoraAssignment-INFO-=========
23864-src.fleetctrl.pooling.batch.AlonsoMora.AlonsoMoraAssignment-INFO-OPT TIME 6240:
23864-src.fleetctrl.pooling.batch.AlonsoMora.AlonsoMoraAssignment-INFO-solution status 2
23864-src.fleetctrl.pooling.batch.AlonsoMora.AlonsoMoraAssignment-INFO-number solutions 1
23864-src.fleetctrl.pooling.batch.AlonsoMora.AlonsoMoraAssignment-INFO-number opt requests 2 | number revealed requests 2 | number active requests: 2
23864-src.fleetctrl.pooling.batch.AlonsoMora.AlonsoMoraAssignment-INFO-number rtv_objs: 3
23864-src.fleetctrl.pooling.batch.AlonsoMora.AlonsoMoraAssignment-INFO-OPT TIMES:sim_time;6240,setup;0.003190279006958008,rr;0.0,rv;0.03729844093322754,build;0.004767894744873047,opt;0.0015637874603271484,all;0.04682040214538574
23864-src.fleetctrl.pooling.batch.AlonsoMora.AlonsoMoraAssignment-INFO-Opt stats at sim time 6240 : opt duration 0.04682040214538574 | res cfv -199564.72131199593
23864-src.fleetctrl.pooling.batch.AlonsoMora.AlonsoMoraAssignment-INFO-Number of rtv_keys in trees:
23864-src.fleetctrl.pooling.batch.AlonsoMora.AlonsoMoraAssignment-INFO-N 1 : 3 | plans_ 3
23864-src.fleetctrl.pooling.batch.AlonsoMora.AlonsoMoraAssignment-INFO-N 2 : 0 | plans_ 0
23864-src.fleetctrl.pooling.batch.AlonsoMora.AlonsoMoraAssignment-INFO-N 3 : 0 | plans_ 0
23864-src.fleetctrl.pooling.batch.AlonsoMora.AlonsoMoraAssignment-INFO-N 4 : 0 | plans_ 0
23864-src.fleetctrl.pooling.batch.AlonsoMora.AlonsoMoraAssignment-INFO-Objective value at time 6240 for AM: -199564.72131199593
23864-src.fleetctrl.fleetsizing.DynamicFleetSizingBase-INFO-Activating vehicle veh 20 at pos (2980, None, None) with soc 0.9680530569945219 leg status VRL_STATES.OUT_OF_SERVICE remaining time 678.6889656325984 number remaining legs: 3 ob : [] from depot <src.infra.ChargingInfrastructure.Depot object at 0x00000265B60439A0> (plan time: 6240)
23864-src.fleetctrl.FleetControlBase-WARNING-charging task ('op_0', '1_4_20_6918_7685') no longer assigned! -> cancel booking!
23864-src.fleetctrl.pooling.batch.AlonsoMora.AlonsoMoraAssignment-INFO-=========
23864-src.fleetctrl.pooling.batch.AlonsoMora.AlonsoMoraAssignment-INFO-OPT TIME 6300:
23864-src.fleetctrl.pooling.batch.AlonsoMora.AlonsoMoraAssignment-INFO-solution status 2
23864-src.fleetctrl.pooling.batch.AlonsoMora.AlonsoMoraAssignment-INFO-number solutions 1
23864-src.fleetctrl.pooling.batch.AlonsoMora.AlonsoMoraAssignment-INFO-number opt requests 2 | number revealed requests 2 | number active requests: 2
23864-src.fleetctrl.pooling.batch.AlonsoMora.AlonsoMoraAssignment-INFO-number rtv_objs: 3
23864-src.fleetctrl.pooling.batch.AlonsoMora.AlonsoMoraAssignment-INFO-OPT TIMES:sim_time;6300,setup;0.0033147335052490234,rr;0.0,rv;0.0,build;0.006556034088134766,opt;0.0015552043914794922,all;0.011425971984863281
23864-src.fleetctrl.pooling.batch.AlonsoMora.AlonsoMoraAssignment-INFO-Opt stats at sim time 6300 : opt duration 0.011425971984863281 | res cfv -199589.72131199593
23864-src.fleetctrl.pooling.batch.AlonsoMora.AlonsoMoraAssignment-INFO-Number of rtv_keys in trees:
23864-src.fleetctrl.pooling.batch.AlonsoMora.AlonsoMoraAssignment-INFO-N 1 : 3 | plans_ 3
23864-src.fleetctrl.pooling.batch.AlonsoMora.AlonsoMoraAssignment-INFO-N 2 : 0 | plans_ 0
23864-src.fleetctrl.pooling.batch.AlonsoMora.AlonsoMoraAssignment-INFO-N 3 : 0 | plans_ 0
23864-src.fleetctrl.pooling.batch.AlonsoMora.AlonsoMoraAssignment-INFO-N 4 : 0 | plans_ 0
23864-src.fleetctrl.pooling.batch.AlonsoMora.AlonsoMoraAssignment-INFO-Objective value at time 6300 for AM: -199589.72131199593
23864-src.fleetctrl.fleetsizing.DynamicFleetSizingBase-INFO-Activating vehicle veh 5 at pos (2966, None, None) with soc 0.7734293757251121 leg status VRL_STATES.CHARGING remaining time 2718.8474912986585 number remaining legs: 2 ob : [] from depot <src.infra.ChargingInfrastructure.Depot object at 0x00000265B6041AB0> (plan time: 6300)
23864-src.fleetctrl.pooling.batch.AlonsoMora.AlonsoMoraAssignment-INFO-=========
23864-src.fleetctrl.pooling.batch.AlonsoMora.AlonsoMoraAssignment-INFO-OPT TIME 6360:
23864-src.fleetctrl.pooling.batch.AlonsoMora.AlonsoMoraAssignment-INFO-solution status 2
23864-src.fleetctrl.pooling.batch.AlonsoMora.AlonsoMoraAssignment-INFO-number solutions 1
23864-src.fleetctrl.pooling.batch.AlonsoMora.AlonsoMoraAssignment-INFO-number opt requests 2 | number revealed requests 2 | number active requests: 2
23864-src.fleetctrl.pooling.batch.AlonsoMora.AlonsoMoraAssignment-INFO-number rtv_objs: 2
23864-src.fleetctrl.pooling.batch.AlonsoMora.AlonsoMoraAssignment-INFO-OPT TIMES:sim_time;6360,setup;0.002028942108154297,rr;0.0,rv;0.0,build;0.0015611648559570312,opt;0.0016014575958251953,all;0.0051915645599365234
23864-src.fleetctrl.pooling.batch.AlonsoMora.AlonsoMoraAssignment-INFO-Opt stats at sim time 6360 : opt duration 0.0051915645599365234 | res cfv -199609.86841253468
23864-src.fleetctrl.pooling.batch.AlonsoMora.AlonsoMoraAssignment-INFO-Number of rtv_keys in trees:
23864-src.fleetctrl.pooling.batch.AlonsoMora.AlonsoMoraAssignment-INFO-N 1 : 2 | plans_ 2
23864-src.fleetctrl.pooling.batch.AlonsoMora.AlonsoMoraAssignment-INFO-N 2 : 0 | plans_ 0
23864-src.fleetctrl.pooling.batch.AlonsoMora.AlonsoMoraAssignment-INFO-N 3 : 0 | plans_ 0
23864-src.fleetctrl.pooling.batch.AlonsoMora.AlonsoMoraAssignment-INFO-N 4 : 0 | plans_ 0
23864-src.fleetctrl.pooling.batch.AlonsoMora.AlonsoMoraAssignment-INFO-Objective value at time 6360 for AM: -199609.86841253468
23864-src.fleetctrl.pooling.batch.AlonsoMora.AlonsoMoraAssignment-INFO-=========
23864-src.fleetctrl.pooling.batch.AlonsoMora.AlonsoMoraAssignment-INFO-OPT TIME 6420:
23864-src.fleetctrl.pooling.batch.AlonsoMora.AlonsoMoraAssignment-INFO-solution status 2
23864-src.fleetctrl.pooling.batch.AlonsoMora.AlonsoMoraAssignment-INFO-number solutions 1
23864-src.fleetctrl.pooling.batch.AlonsoMora.AlonsoMoraAssignment-INFO-number opt requests 3 | number revealed requests 3 | number active requests: 3
23864-src.fleetctrl.pooling.batch.AlonsoMora.AlonsoMoraAssignment-INFO-number rtv_objs: 4
23864-src.fleetctrl.pooling.batch.AlonsoMora.AlonsoMoraAssignment-INFO-OPT TIMES:sim_time;6420,setup;0.0031816959381103516,rr;0.0,rv;0.03747224807739258,build;0.012200117111206055,opt;0.0015647411346435547,all;0.05441880226135254
23864-src.fleetctrl.pooling.batch.AlonsoMora.AlonsoMoraAssignment-INFO-Opt stats at sim time 6420 : opt duration 0.05441880226135254 | res cfv -299299.1624450814
23864-src.fleetctrl.pooling.batch.AlonsoMora.AlonsoMoraAssignment-INFO-Number of rtv_keys in trees:
23864-src.fleetctrl.pooling.batch.AlonsoMora.AlonsoMoraAssignment-INFO-N 1 : 3 | plans_ 3
23864-src.fleetctrl.pooling.batch.AlonsoMora.AlonsoMoraAssignment-INFO-N 2 : 1 | plans_ 1
23864-src.fleetctrl.pooling.batch.AlonsoMora.AlonsoMoraAssignment-INFO-N 3 : 0 | plans_ 0
23864-src.fleetctrl.pooling.batch.AlonsoMora.AlonsoMoraAssignment-INFO-N 4 : 0 | plans_ 0
23864-src.fleetctrl.pooling.batch.AlonsoMora.AlonsoMoraAssignment-INFO-Objective value at time 6420 for AM: -299299.1624450814
23864-src.fleetctrl.fleetsizing.DynamicFleetSizingBase-INFO-Activating vehicle veh 6 at pos (2980, None, None) with soc 0.892615281837204 leg status VRL_STATES.CHARGING remaining time 2577.2332359069715 number remaining legs: 2 ob : [] from depot <src.infra.ChargingInfrastructure.Depot object at 0x00000265B60439A0> (plan time: 6420)
23864-src.fleetctrl.pooling.batch.AlonsoMora.AlonsoMoraAssignment-INFO-=========
23864-src.fleetctrl.pooling.batch.AlonsoMora.AlonsoMoraAssignment-INFO-OPT TIME 6480:
23864-src.fleetctrl.pooling.batch.AlonsoMora.AlonsoMoraAssignment-INFO-solution status 2
23864-src.fleetctrl.pooling.batch.AlonsoMora.AlonsoMoraAssignment-INFO-number solutions 1
23864-src.fleetctrl.pooling.batch.AlonsoMora.AlonsoMoraAssignment-INFO-number opt requests 2 | number revealed requests 2 | number active requests: 2
23864-src.fleetctrl.pooling.batch.AlonsoMora.AlonsoMoraAssignment-INFO-number rtv_objs: 2
23864-src.fleetctrl.pooling.batch.AlonsoMora.AlonsoMoraAssignment-INFO-OPT TIMES:sim_time;6480,setup;0.003065824508666992,rr;0.0,rv;0.0,build;0.001026153564453125,opt;0.0020279884338378906,all;0.006119966506958008
23864-src.fleetctrl.pooling.batch.AlonsoMora.AlonsoMoraAssignment-INFO-Opt stats at sim time 6480 : opt duration 0.006119966506958008 | res cfv -199479.00554238574
23864-src.fleetctrl.pooling.batch.AlonsoMora.AlonsoMoraAssignment-INFO-Number of rtv_keys in trees:
23864-src.fleetctrl.pooling.batch.AlonsoMora.AlonsoMoraAssignment-INFO-N 1 : 2 | plans_ 2
23864-src.fleetctrl.pooling.batch.AlonsoMora.AlonsoMoraAssignment-INFO-N 2 : 0 | plans_ 0
23864-src.fleetctrl.pooling.batch.AlonsoMora.AlonsoMoraAssignment-INFO-N 3 : 0 | plans_ 0
23864-src.fleetctrl.pooling.batch.AlonsoMora.AlonsoMoraAssignment-INFO-N 4 : 0 | plans_ 0
23864-src.fleetctrl.pooling.batch.AlonsoMora.AlonsoMoraAssignment-INFO-Objective value at time 6480 for AM: -199479.00554238574
23864-src.fleetctrl.pooling.batch.AlonsoMora.AlonsoMoraAssignment-INFO-=========
23864-src.fleetctrl.pooling.batch.AlonsoMora.AlonsoMoraAssignment-INFO-OPT TIME 6540:
23864-src.fleetctrl.pooling.batch.AlonsoMora.AlonsoMoraAssignment-INFO-solution status 2
23864-src.fleetctrl.pooling.batch.AlonsoMora.AlonsoMoraAssignment-INFO-number solutions 1
23864-src.fleetctrl.pooling.batch.AlonsoMora.AlonsoMoraAssignment-INFO-number opt requests 3 | number revealed requests 3 | number active requests: 3
23864-src.fleetctrl.pooling.batch.AlonsoMora.AlonsoMoraAssignment-INFO-number rtv_objs: 4
23864-src.fleetctrl.pooling.batch.AlonsoMora.AlonsoMoraAssignment-INFO-OPT TIMES:sim_time;6540,setup;0.0030350685119628906,rr;0.0,rv;0.023967504501342773,build;0.02491307258605957,opt;0.0014307498931884766,all;0.05334639549255371
23864-src.fleetctrl.pooling.batch.AlonsoMora.AlonsoMoraAssignment-INFO-Opt stats at sim time 6540 : opt duration 0.05334639549255371 | res cfv -299441.36001086875
23864-src.fleetctrl.pooling.batch.AlonsoMora.AlonsoMoraAssignment-INFO-Number of rtv_keys in trees:
23864-src.fleetctrl.pooling.batch.AlonsoMora.AlonsoMoraAssignment-INFO-N 1 : 3 | plans_ 3
23864-src.fleetctrl.pooling.batch.AlonsoMora.AlonsoMoraAssignment-INFO-N 2 : 1 | plans_ 1
23864-src.fleetctrl.pooling.batch.AlonsoMora.AlonsoMoraAssignment-INFO-N 3 : 0 | plans_ 0
23864-src.fleetctrl.pooling.batch.AlonsoMora.AlonsoMoraAssignment-INFO-N 4 : 0 | plans_ 0
23864-src.fleetctrl.pooling.batch.AlonsoMora.AlonsoMoraAssignment-INFO-Objective value at time 6540 for AM: -299441.36001086875
23864-src.fleetctrl.pooling.batch.AlonsoMora.AlonsoMoraAssignment-INFO-=========
23864-src.fleetctrl.pooling.batch.AlonsoMora.AlonsoMoraAssignment-INFO-OPT TIME 6600:
23864-src.fleetctrl.pooling.batch.AlonsoMora.AlonsoMoraAssignment-INFO-solution status 2
23864-src.fleetctrl.pooling.batch.AlonsoMora.AlonsoMoraAssignment-INFO-number solutions 1
23864-src.fleetctrl.pooling.batch.AlonsoMora.AlonsoMoraAssignment-INFO-number opt requests 4 | number revealed requests 4 | number active requests: 4
23864-src.fleetctrl.pooling.batch.AlonsoMora.AlonsoMoraAssignment-INFO-number rtv_objs: 4
23864-src.fleetctrl.pooling.batch.AlonsoMora.AlonsoMoraAssignment-INFO-OPT TIMES:sim_time;6600,setup;0.0024175643920898438,rr;0.0,rv;0.039200544357299805,build;0.005078554153442383,opt;0.0019481182098388672,all;0.0486447811126709
23864-src.fleetctrl.pooling.batch.AlonsoMora.AlonsoMoraAssignment-INFO-Opt stats at sim time 6600 : opt duration 0.0486447811126709 | res cfv -399168.4989370222
23864-src.fleetctrl.pooling.batch.AlonsoMora.AlonsoMoraAssignment-INFO-Number of rtv_keys in trees:
23864-src.fleetctrl.pooling.batch.AlonsoMora.AlonsoMoraAssignment-INFO-N 1 : 2 | plans_ 2
23864-src.fleetctrl.pooling.batch.AlonsoMora.AlonsoMoraAssignment-INFO-N 2 : 1 | plans_ 1
23864-src.fleetctrl.pooling.batch.AlonsoMora.AlonsoMoraAssignment-INFO-N 3 : 1 | plans_ 1
23864-src.fleetctrl.pooling.batch.AlonsoMora.AlonsoMoraAssignment-INFO-N 4 : 0 | plans_ 0
23864-src.fleetctrl.pooling.batch.AlonsoMora.AlonsoMoraAssignment-INFO-Objective value at time 6600 for AM: -399168.4989370222
23864-src.fleetctrl.pooling.batch.AlonsoMora.AlonsoMoraAssignment-INFO-=========
23864-src.fleetctrl.pooling.batch.AlonsoMora.AlonsoMoraAssignment-INFO-OPT TIME 6660:
23864-src.fleetctrl.pooling.batch.AlonsoMora.AlonsoMoraAssignment-INFO-solution status 2
23864-src.fleetctrl.pooling.batch.AlonsoMora.AlonsoMoraAssignment-INFO-number solutions 1
23864-src.fleetctrl.pooling.batch.AlonsoMora.AlonsoMoraAssignment-INFO-number opt requests 4 | number revealed requests 4 | number active requests: 4
23864-src.fleetctrl.pooling.batch.AlonsoMora.AlonsoMoraAssignment-INFO-number rtv_objs: 6
23864-src.fleetctrl.pooling.batch.AlonsoMora.AlonsoMoraAssignment-INFO-OPT TIMES:sim_time;6660,setup;0.0018007755279541016,rr;0.0,rv;0.04153180122375488,build;0.1113739013671875,opt;0.004059314727783203,all;0.1587657928466797
23864-src.fleetctrl.pooling.batch.AlonsoMora.AlonsoMoraAssignment-INFO-Opt stats at sim time 6660 : opt duration 0.1587657928466797 | res cfv -399253.94720423076
23864-src.fleetctrl.pooling.batch.AlonsoMora.AlonsoMoraAssignment-INFO-Number of rtv_keys in trees:
23864-src.fleetctrl.pooling.batch.AlonsoMora.AlonsoMoraAssignment-INFO-N 1 : 4 | plans_ 4
23864-src.fleetctrl.pooling.batch.AlonsoMora.AlonsoMoraAssignment-INFO-N 2 : 2 | plans_ 2
23864-src.fleetctrl.pooling.batch.AlonsoMora.AlonsoMoraAssignment-INFO-N 3 : 0 | plans_ 0
23864-src.fleetctrl.pooling.batch.AlonsoMora.AlonsoMoraAssignment-INFO-N 4 : 0 | plans_ 0
23864-src.fleetctrl.pooling.batch.AlonsoMora.AlonsoMoraAssignment-INFO-Objective value at time 6660 for AM: -399253.94720423076
23864-src.fleetctrl.pooling.batch.AlonsoMora.AlonsoMoraAssignment-INFO-=========
23864-src.fleetctrl.pooling.batch.AlonsoMora.AlonsoMoraAssignment-INFO-OPT TIME 6720:
23864-src.fleetctrl.pooling.batch.AlonsoMora.AlonsoMoraAssignment-INFO-solution status 2
23864-src.fleetctrl.pooling.batch.AlonsoMora.AlonsoMoraAssignment-INFO-number solutions 1
23864-src.fleetctrl.pooling.batch.AlonsoMora.AlonsoMoraAssignment-INFO-number opt requests 3 | number revealed requests 3 | number active requests: 3
23864-src.fleetctrl.pooling.batch.AlonsoMora.AlonsoMoraAssignment-INFO-number rtv_objs: 3
23864-src.fleetctrl.pooling.batch.AlonsoMora.AlonsoMoraAssignment-INFO-OPT TIMES:sim_time;6720,setup;0.0030329227447509766,rr;0.0,rv;0.0,build;0.028767824172973633,opt;0.003049612045288086,all;0.034850358963012695
23864-src.fleetctrl.pooling.batch.AlonsoMora.AlonsoMoraAssignment-INFO-Opt stats at sim time 6720 : opt duration 0.034850358963012695 | res cfv -299331.0878241268
23864-src.fleetctrl.pooling.batch.AlonsoMora.AlonsoMoraAssignment-INFO-Number of rtv_keys in trees:
23864-src.fleetctrl.pooling.batch.AlonsoMora.AlonsoMoraAssignment-INFO-N 1 : 2 | plans_ 2
23864-src.fleetctrl.pooling.batch.AlonsoMora.AlonsoMoraAssignment-INFO-N 2 : 1 | plans_ 1
23864-src.fleetctrl.pooling.batch.AlonsoMora.AlonsoMoraAssignment-INFO-N 3 : 0 | plans_ 0
23864-src.fleetctrl.pooling.batch.AlonsoMora.AlonsoMoraAssignment-INFO-N 4 : 0 | plans_ 0
23864-src.fleetctrl.pooling.batch.AlonsoMora.AlonsoMoraAssignment-INFO-Objective value at time 6720 for AM: -299331.0878241268
23864-src.fleetctrl.pooling.batch.AlonsoMora.AlonsoMoraAssignment-INFO-=========
23864-src.fleetctrl.pooling.batch.AlonsoMora.AlonsoMoraAssignment-INFO-OPT TIME 6780:
23864-src.fleetctrl.pooling.batch.AlonsoMora.AlonsoMoraAssignment-INFO-solution status 2
23864-src.fleetctrl.pooling.batch.AlonsoMora.AlonsoMoraAssignment-INFO-number solutions 1
23864-src.fleetctrl.pooling.batch.AlonsoMora.AlonsoMoraAssignment-INFO-number opt requests 3 | number revealed requests 3 | number active requests: 3
23864-src.fleetctrl.pooling.batch.AlonsoMora.AlonsoMoraAssignment-INFO-number rtv_objs: 2
23864-src.fleetctrl.pooling.batch.AlonsoMora.AlonsoMoraAssignment-INFO-OPT TIMES:sim_time;6780,setup;0.0030219554901123047,rr;0.0,rv;0.0,build;0.0010051727294921875,opt;0.0020270347595214844,all;0.0060541629791259766
23864-src.fleetctrl.pooling.batch.AlonsoMora.AlonsoMoraAssignment-INFO-Opt stats at sim time 6780 : opt duration 0.0060541629791259766 | res cfv -299354.0186813323
23864-src.fleetctrl.pooling.batch.AlonsoMora.AlonsoMoraAssignment-INFO-Number of rtv_keys in trees:
23864-src.fleetctrl.pooling.batch.AlonsoMora.AlonsoMoraAssignment-INFO-N 1 : 1 | plans_ 1
23864-src.fleetctrl.pooling.batch.AlonsoMora.AlonsoMoraAssignment-INFO-N 2 : 1 | plans_ 1
23864-src.fleetctrl.pooling.batch.AlonsoMora.AlonsoMoraAssignment-INFO-N 3 : 0 | plans_ 0
23864-src.fleetctrl.pooling.batch.AlonsoMora.AlonsoMoraAssignment-INFO-N 4 : 0 | plans_ 0
23864-src.fleetctrl.pooling.batch.AlonsoMora.AlonsoMoraAssignment-INFO-Objective value at time 6780 for AM: -299354.0186813323
23864-src.fleetctrl.pooling.batch.AlonsoMora.AlonsoMoraAssignment-INFO-=========
23864-src.fleetctrl.pooling.batch.AlonsoMora.AlonsoMoraAssignment-INFO-OPT TIME 6840:
23864-src.fleetctrl.pooling.batch.AlonsoMora.AlonsoMoraAssignment-INFO-solution status 2
23864-src.fleetctrl.pooling.batch.AlonsoMora.AlonsoMoraAssignment-INFO-number solutions 1
23864-src.fleetctrl.pooling.batch.AlonsoMora.AlonsoMoraAssignment-INFO-number opt requests 2 | number revealed requests 2 | number active requests: 2
23864-src.fleetctrl.pooling.batch.AlonsoMora.AlonsoMoraAssignment-INFO-number rtv_objs: 2
23864-src.fleetctrl.pooling.batch.AlonsoMora.AlonsoMoraAssignment-INFO-OPT TIMES:sim_time;6840,setup;0.0031557083129882812,rr;0.0,rv;0.0,build;0.014017820358276367,opt;0.003125429153442383,all;0.02029895782470703
23864-src.fleetctrl.pooling.batch.AlonsoMora.AlonsoMoraAssignment-INFO-Opt stats at sim time 6840 : opt duration 0.02029895782470703 | res cfv -199439.50048605783
23864-src.fleetctrl.pooling.batch.AlonsoMora.AlonsoMoraAssignment-INFO-Number of rtv_keys in trees:
23864-src.fleetctrl.pooling.batch.AlonsoMora.AlonsoMoraAssignment-INFO-N 1 : 2 | plans_ 2
23864-src.fleetctrl.pooling.batch.AlonsoMora.AlonsoMoraAssignment-INFO-N 2 : 0 | plans_ 0
23864-src.fleetctrl.pooling.batch.AlonsoMora.AlonsoMoraAssignment-INFO-N 3 : 0 | plans_ 0
23864-src.fleetctrl.pooling.batch.AlonsoMora.AlonsoMoraAssignment-INFO-N 4 : 0 | plans_ 0
23864-src.fleetctrl.pooling.batch.AlonsoMora.AlonsoMoraAssignment-INFO-Objective value at time 6840 for AM: -199439.50048605783
23864-src.fleetctrl.pooling.batch.AlonsoMora.AlonsoMoraAssignment-INFO-=========
23864-src.fleetctrl.pooling.batch.AlonsoMora.AlonsoMoraAssignment-INFO-OPT TIME 6900:
23864-src.fleetctrl.pooling.batch.AlonsoMora.AlonsoMoraAssignment-INFO-solution status 2
23864-src.fleetctrl.pooling.batch.AlonsoMora.AlonsoMoraAssignment-INFO-number solutions 1
23864-src.fleetctrl.pooling.batch.AlonsoMora.AlonsoMoraAssignment-INFO-number opt requests 4 | number revealed requests 4 | number active requests: 4
23864-src.fleetctrl.pooling.batch.AlonsoMora.AlonsoMoraAssignment-INFO-number rtv_objs: 6
23864-src.fleetctrl.pooling.batch.AlonsoMora.AlonsoMoraAssignment-INFO-OPT TIMES:sim_time;6900,setup;0.0031778812408447266,rr;0.0,rv;0.05688786506652832,build;0.030098915100097656,opt;0.003330707550048828,all;0.09349536895751953
23864-src.fleetctrl.pooling.batch.AlonsoMora.AlonsoMoraAssignment-INFO-Opt stats at sim time 6900 : opt duration 0.09349536895751953 | res cfv -398857.39040482836
23864-src.fleetctrl.pooling.batch.AlonsoMora.AlonsoMoraAssignment-INFO-Number of rtv_keys in trees:
23864-src.fleetctrl.pooling.batch.AlonsoMora.AlonsoMoraAssignment-INFO-N 1 : 4 | plans_ 4
23864-src.fleetctrl.pooling.batch.AlonsoMora.AlonsoMoraAssignment-INFO-N 2 : 2 | plans_ 2
23864-src.fleetctrl.pooling.batch.AlonsoMora.AlonsoMoraAssignment-INFO-N 3 : 0 | plans_ 0
23864-src.fleetctrl.pooling.batch.AlonsoMora.AlonsoMoraAssignment-INFO-N 4 : 0 | plans_ 0
23864-src.fleetctrl.pooling.batch.AlonsoMora.AlonsoMoraAssignment-INFO-Objective value at time 6900 for AM: -398857.39040482836
23864-src.fleetctrl.pooling.batch.AlonsoMora.AlonsoMoraAssignment-INFO-=========
23864-src.fleetctrl.pooling.batch.AlonsoMora.AlonsoMoraAssignment-INFO-OPT TIME 6960:
23864-src.fleetctrl.pooling.batch.AlonsoMora.AlonsoMoraAssignment-INFO-solution status 2
23864-src.fleetctrl.pooling.batch.AlonsoMora.AlonsoMoraAssignment-INFO-number solutions 1
23864-src.fleetctrl.pooling.batch.AlonsoMora.AlonsoMoraAssignment-INFO-number opt requests 4 | number revealed requests 4 | number active requests: 4
23864-src.fleetctrl.pooling.batch.AlonsoMora.AlonsoMoraAssignment-INFO-number rtv_objs: 6
23864-src.fleetctrl.pooling.batch.AlonsoMora.AlonsoMoraAssignment-INFO-OPT TIMES:sim_time;6960,setup;0.002615213394165039,rr;0.0,rv;0.0,build;0.00479888916015625,opt;0.0026230812072753906,all;0.01003718376159668
23864-src.fleetctrl.pooling.batch.AlonsoMora.AlonsoMoraAssignment-INFO-Opt stats at sim time 6960 : opt duration 0.01003718376159668 | res cfv -398897.57380105497
23864-src.fleetctrl.pooling.batch.AlonsoMora.AlonsoMoraAssignment-INFO-Number of rtv_keys in trees:
23864-src.fleetctrl.pooling.batch.AlonsoMora.AlonsoMoraAssignment-INFO-N 1 : 4 | plans_ 4
23864-src.fleetctrl.pooling.batch.AlonsoMora.AlonsoMoraAssignment-INFO-N 2 : 2 | plans_ 2
23864-src.fleetctrl.pooling.batch.AlonsoMora.AlonsoMoraAssignment-INFO-N 3 : 0 | plans_ 0
23864-src.fleetctrl.pooling.batch.AlonsoMora.AlonsoMoraAssignment-INFO-N 4 : 0 | plans_ 0
23864-src.fleetctrl.pooling.batch.AlonsoMora.AlonsoMoraAssignment-INFO-Objective value at time 6960 for AM: -398897.57380105497
23864-src.fleetctrl.fleetsizing.DynamicFleetSizingBase-INFO-to deactivate: 3
23864-src.fleetctrl.fleetsizing.DynamicFleetSizingBase-INFO-Deactivating vehicle veh 20 at pos (2980, None, None) with soc 0.9680530569945219 leg status VRL_STATES.IDLE remaining time None number remaining legs: 0 ob : [] at depot <src.infra.ChargingInfrastructure.Depot object at 0x00000265B60439A0> (plan time: 6960)
23864-src.fleetctrl.fleetsizing.DynamicFleetSizingBase-INFO-Deactivating vehicle veh 30 at pos (2980, None, None) with soc 0.8575152195536966 leg status VRL_STATES.IDLE remaining time None number remaining legs: 0 ob : [] at depot <src.infra.ChargingInfrastructure.Depot object at 0x00000265B60439A0> (plan time: 6960)
23864-src.fleetctrl.fleetsizing.DynamicFleetSizingBase-INFO-Deactivating vehicle veh 49 at pos (2980, None, None) with soc 0.5577237642629628 leg status VRL_STATES.IDLE remaining time None number remaining legs: 0 ob : [] at depot <src.infra.ChargingInfrastructure.Depot object at 0x00000265B60439A0> (plan time: 6960)
23864-src.fleetctrl.pooling.batch.AlonsoMora.AlonsoMoraAssignment-INFO-=========
23864-src.fleetctrl.pooling.batch.AlonsoMora.AlonsoMoraAssignment-INFO-OPT TIME 7020:
23864-src.fleetctrl.pooling.batch.AlonsoMora.AlonsoMoraAssignment-INFO-solution status 2
23864-src.fleetctrl.pooling.batch.AlonsoMora.AlonsoMoraAssignment-INFO-number solutions 1
23864-src.fleetctrl.pooling.batch.AlonsoMora.AlonsoMoraAssignment-INFO-number opt requests 3 | number revealed requests 3 | number active requests: 3
23864-src.fleetctrl.pooling.batch.AlonsoMora.AlonsoMoraAssignment-INFO-number rtv_objs: 5
23864-src.fleetctrl.pooling.batch.AlonsoMora.AlonsoMoraAssignment-INFO-OPT TIMES:sim_time;7020,setup;0.003209352493286133,rr;0.0,rv;0.0,build;0.0031986236572265625,opt;0.003123044967651367,all;0.009531021118164062
23864-src.fleetctrl.pooling.batch.AlonsoMora.AlonsoMoraAssignment-INFO-Opt stats at sim time 7020 : opt duration 0.009531021118164062 | res cfv -299174.77716124855
23864-src.fleetctrl.pooling.batch.AlonsoMora.AlonsoMoraAssignment-INFO-Number of rtv_keys in trees:
23864-src.fleetctrl.pooling.batch.AlonsoMora.AlonsoMoraAssignment-INFO-N 1 : 3 | plans_ 3
23864-src.fleetctrl.pooling.batch.AlonsoMora.AlonsoMoraAssignment-INFO-N 2 : 2 | plans_ 2
23864-src.fleetctrl.pooling.batch.AlonsoMora.AlonsoMoraAssignment-INFO-N 3 : 0 | plans_ 0
23864-src.fleetctrl.pooling.batch.AlonsoMora.AlonsoMoraAssignment-INFO-N 4 : 0 | plans_ 0
23864-src.fleetctrl.pooling.batch.AlonsoMora.AlonsoMoraAssignment-INFO-Objective value at time 7020 for AM: -299174.77716124855
23864-src.fleetctrl.fleetsizing.DynamicFleetSizingBase-INFO-Activating vehicle veh 20 at pos (2980, None, None) with soc 0.9680530569945219 leg status VRL_STATES.OUT_OF_SERVICE remaining time 9999940 number remaining legs: 1 ob : [] from depot <src.infra.ChargingInfrastructure.Depot object at 0x00000265B60439A0> (plan time: 7020)
23864-src.fleetctrl.pooling.batch.AlonsoMora.AlonsoMoraAssignment-INFO-=========
23864-src.fleetctrl.pooling.batch.AlonsoMora.AlonsoMoraAssignment-INFO-OPT TIME 7080:
23864-src.fleetctrl.pooling.batch.AlonsoMora.AlonsoMoraAssignment-INFO-solution status 2
23864-src.fleetctrl.pooling.batch.AlonsoMora.AlonsoMoraAssignment-INFO-number solutions 1
23864-src.fleetctrl.pooling.batch.AlonsoMora.AlonsoMoraAssignment-INFO-number opt requests 3 | number revealed requests 3 | number active requests: 3
23864-src.fleetctrl.pooling.batch.AlonsoMora.AlonsoMoraAssignment-INFO-number rtv_objs: 4
23864-src.fleetctrl.pooling.batch.AlonsoMora.AlonsoMoraAssignment-INFO-OPT TIMES:sim_time;7080,setup;0.002106904983520508,rr;0.0,rv;0.0,build;0.0021092891693115234,opt;0.003829479217529297,all;0.008045673370361328
23864-src.fleetctrl.pooling.batch.AlonsoMora.AlonsoMoraAssignment-INFO-Opt stats at sim time 7080 : opt duration 0.008045673370361328 | res cfv -299199.1681139101
23864-src.fleetctrl.pooling.batch.AlonsoMora.AlonsoMoraAssignment-INFO-Number of rtv_keys in trees:
23864-src.fleetctrl.pooling.batch.AlonsoMora.AlonsoMoraAssignment-INFO-N 1 : 2 | plans_ 2
23864-src.fleetctrl.pooling.batch.AlonsoMora.AlonsoMoraAssignment-INFO-N 2 : 2 | plans_ 2
23864-src.fleetctrl.pooling.batch.AlonsoMora.AlonsoMoraAssignment-INFO-N 3 : 0 | plans_ 0
23864-src.fleetctrl.pooling.batch.AlonsoMora.AlonsoMoraAssignment-INFO-N 4 : 0 | plans_ 0
23864-src.fleetctrl.pooling.batch.AlonsoMora.AlonsoMoraAssignment-INFO-Objective value at time 7080 for AM: -299199.1681139101
23864-src.fleetctrl.fleetsizing.DynamicFleetSizingBase-INFO-to deactivate: 1
23864-src.fleetctrl.fleetsizing.DynamicFleetSizingBase-INFO-Deactivating vehicle veh 8 at pos (2980, None, None) with soc 0.9122860433850001 leg status VRL_STATES.IDLE remaining time None number remaining legs: 0 ob : [] at depot <src.infra.ChargingInfrastructure.Depot object at 0x00000265B60439A0> (plan time: 7080)
23864-src.fleetctrl.pooling.batch.AlonsoMora.AlonsoMoraAssignment-INFO-=========
23864-src.fleetctrl.pooling.batch.AlonsoMora.AlonsoMoraAssignment-INFO-OPT TIME 7140:
23864-src.fleetctrl.pooling.batch.AlonsoMora.AlonsoMoraAssignment-INFO-solution status 2
23864-src.fleetctrl.pooling.batch.AlonsoMora.AlonsoMoraAssignment-INFO-number solutions 1
23864-src.fleetctrl.pooling.batch.AlonsoMora.AlonsoMoraAssignment-INFO-number opt requests 3 | number revealed requests 3 | number active requests: 3
23864-src.fleetctrl.pooling.batch.AlonsoMora.AlonsoMoraAssignment-INFO-number rtv_objs: 8
23864-src.fleetctrl.pooling.batch.AlonsoMora.AlonsoMoraAssignment-INFO-OPT TIMES:sim_time;7140,setup;0.004736900329589844,rr;0.0,rv;0.03935384750366211,build;0.0034286975860595703,opt;0.00335693359375,all;0.05087637901306152
23864-src.fleetctrl.pooling.batch.AlonsoMora.AlonsoMoraAssignment-INFO-Opt stats at sim time 7140 : opt duration 0.05087637901306152 | res cfv -299277.0727714138
23864-src.fleetctrl.pooling.batch.AlonsoMora.AlonsoMoraAssignment-INFO-Number of rtv_keys in trees:
23864-src.fleetctrl.pooling.batch.AlonsoMora.AlonsoMoraAssignment-INFO-N 1 : 5 | plans_ 5
23864-src.fleetctrl.pooling.batch.AlonsoMora.AlonsoMoraAssignment-INFO-N 2 : 3 | plans_ 4
23864-src.fleetctrl.pooling.batch.AlonsoMora.AlonsoMoraAssignment-INFO-N 3 : 0 | plans_ 0
23864-src.fleetctrl.pooling.batch.AlonsoMora.AlonsoMoraAssignment-INFO-N 4 : 0 | plans_ 0
23864-src.fleetctrl.pooling.batch.AlonsoMora.AlonsoMoraAssignment-INFO-Objective value at time 7140 for AM: -299277.0727714138
23864-src.FleetSimulationBase-INFO-Saving final simulation state.
23864-src.FleetSimulationBase-INFO-record_remaining_assignments()
23864-src.FleetSimulationBase-INFO-	 time 7200, remaining tasks 16
23864-src.FleetSimulationBase-INFO-	 time 7260, remaining tasks 16
23864-src.FleetSimulationBase-INFO-	 time 7320, remaining tasks 16
23864-src.FleetSimulationBase-INFO-	 time 7380, remaining tasks 13
23864-src.FleetSimulationBase-INFO-	 time 7440, remaining tasks 12
23864-src.FleetSimulationBase-INFO-	 time 7500, remaining tasks 10
23864-src.FleetSimulationBase-INFO-	 time 7560, remaining tasks 10
23864-src.FleetSimulationBase-INFO-	 time 7620, remaining tasks 10
23864-src.FleetSimulationBase-INFO-	 time 7680, remaining tasks 10
23864-src.FleetSimulationBase-INFO-	 time 7740, remaining tasks 10
23864-src.FleetSimulationBase-INFO-	 time 7800, remaining tasks 10
23864-src.FleetSimulationBase-INFO-	 time 7860, remaining tasks 10
23864-src.FleetSimulationBase-INFO-	 time 7920, remaining tasks 10
23864-src.FleetSimulationBase-INFO-	 time 7980, remaining tasks 10
23864-src.FleetSimulationBase-INFO-	 time 8040, remaining tasks 10
23864-src.FleetSimulationBase-INFO-	 time 8100, remaining tasks 10
23864-src.FleetSimulationBase-INFO-	 time 8160, remaining tasks 10
23864-src.FleetSimulationBase-INFO-	 time 8220, remaining tasks 10
23864-src.FleetSimulationBase-INFO-	 time 8280, remaining tasks 10
23864-src.FleetSimulationBase-INFO-	 time 8340, remaining tasks 10
23864-src.FleetSimulationBase-INFO-	 time 8400, remaining tasks 10
23864-src.FleetSimulationBase-INFO-	 time 8460, remaining tasks 10
23864-src.FleetSimulationBase-INFO-	 time 8520, remaining tasks 10
23864-src.FleetSimulationBase-INFO-	 time 8580, remaining tasks 10
23864-src.FleetSimulationBase-INFO-	 time 8640, remaining tasks 10
23864-src.FleetSimulationBase-INFO-	 time 8700, remaining tasks 10
23864-src.FleetSimulationBase-INFO-	 time 8760, remaining tasks 10
23864-src.FleetSimulationBase-INFO-	 time 8820, remaining tasks 10
23864-src.FleetSimulationBase-INFO-	 time 8880, remaining tasks 10
23864-src.FleetSimulationBase-INFO-	 time 8940, remaining tasks 10
23864-src.FleetSimulationBase-INFO-	 time 9000, remaining tasks 9
23864-src.FleetSimulationBase-INFO-	 time 9060, remaining tasks 8
23864-src.FleetSimulationBase-INFO-	 time 9120, remaining tasks 8
23864-src.FleetSimulationBase-INFO-	 time 9180, remaining tasks 8
23864-src.FleetSimulationBase-INFO-	 time 9240, remaining tasks 8
23864-src.FleetSimulationBase-INFO-	 time 9300, remaining tasks 7
23864-src.FleetSimulationBase-INFO-	 time 9360, remaining tasks 7
23864-src.FleetSimulationBase-INFO-	 time 9420, remaining tasks 7
23864-src.FleetSimulationBase-INFO-	 time 9480, remaining tasks 7
23864-src.FleetSimulationBase-INFO-	 time 9540, remaining tasks 7
23864-src.FleetSimulationBase-INFO-	 time 9600, remaining tasks 7
23864-src.FleetSimulationBase-INFO-	 time 9660, remaining tasks 7
23864-src.FleetSimulationBase-INFO-	 time 9720, remaining tasks 7
23864-src.FleetSimulationBase-INFO-	 time 9780, remaining tasks 7
23864-src.FleetSimulationBase-INFO-	 time 9840, remaining tasks 7
23864-src.FleetSimulationBase-INFO-	 time 9900, remaining tasks 7
23864-src.FleetSimulationBase-INFO-	 time 9960, remaining tasks 7
23864-src.FleetSimulationBase-INFO-	 time 10020, remaining tasks 7
23864-src.FleetSimulationBase-INFO-	 time 10080, remaining tasks 7
23864-src.FleetSimulationBase-INFO-	 time 10140, remaining tasks 7
23864-src.FleetSimulationBase-INFO-	 time 10200, remaining tasks 7
23864-src.FleetSimulationBase-INFO-	 time 10260, remaining tasks 7
23864-src.FleetSimulationBase-INFO-	 time 10320, remaining tasks 7
23864-src.FleetSimulationBase-INFO-	 time 10380, remaining tasks 7
23864-src.FleetSimulationBase-INFO-	 time 10440, remaining tasks 7
23864-src.FleetSimulationBase-INFO-	 time 10500, remaining tasks 7
23864-src.FleetSimulationBase-INFO-	 time 10560, remaining tasks 7
23864-src.FleetSimulationBase-INFO-	 time 10620, remaining tasks 5
23864-src.FleetSimulationBase-INFO-	 time 10680, remaining tasks 5
23864-src.FleetSimulationBase-INFO-	 time 10740, remaining tasks 5
23864-src.FleetSimulationBase-INFO-	 time 10800, remaining tasks 5
23864-src.FleetSimulationBase-INFO-	 time 10860, remaining tasks 5
23864-src.FleetSimulationBase-INFO-	 time 10920, remaining tasks 5
23864-src.FleetSimulationBase-INFO-	 time 10980, remaining tasks 5
23864-src.FleetSimulationBase-INFO-	 time 11040, remaining tasks 4
23864-src.FleetSimulationBase-INFO-	 time 11100, remaining tasks 4
23864-src.FleetSimulationBase-INFO-	 time 11160, remaining tasks 4
23864-src.FleetSimulationBase-INFO-	 time 11220, remaining tasks 4
23864-src.FleetSimulationBase-INFO-	 time 11280, remaining tasks 4
23864-src.FleetSimulationBase-INFO-	 time 11340, remaining tasks 4
23864-src.FleetSimulationBase-INFO-	 time 11400, remaining tasks 4
23864-src.FleetSimulationBase-INFO-	 time 11460, remaining tasks 4
23864-src.FleetSimulationBase-INFO-	 time 11520, remaining tasks 4
23864-src.FleetSimulationBase-INFO-	 time 11580, remaining tasks 4
23864-src.FleetSimulationBase-INFO-	 time 11640, remaining tasks 4
23864-src.FleetSimulationBase-INFO-	 time 11700, remaining tasks 4
23864-src.FleetSimulationBase-INFO-	 time 11760, remaining tasks 4
23864-src.FleetSimulationBase-INFO-	 time 11820, remaining tasks 4
23864-src.FleetSimulationBase-INFO-	 time 11880, remaining tasks 4
23864-src.FleetSimulationBase-INFO-	 time 11940, remaining tasks 4
23864-src.FleetSimulationBase-INFO-	 time 12000, remaining tasks 4
23864-src.FleetSimulationBase-INFO-	 time 12060, remaining tasks 4
23864-src.FleetSimulationBase-INFO-	 time 12120, remaining tasks 4
23864-src.FleetSimulationBase-INFO-	 time 12180, remaining tasks 4
23864-src.FleetSimulationBase-INFO-	 time 12240, remaining tasks 4
23864-src.FleetSimulationBase-INFO-	 time 12300, remaining tasks 4
23864-src.FleetSimulationBase-INFO-	 time 12360, remaining tasks 4
23864-src.FleetSimulationBase-INFO-	 time 12420, remaining tasks 4
23864-src.FleetSimulationBase-INFO-	 time 12480, remaining tasks 4
23864-src.FleetSimulationBase-INFO-	 time 12540, remaining tasks 4
23864-src.FleetSimulationBase-INFO-	 time 12600, remaining tasks 4
23864-src.FleetSimulationBase-INFO-	 time 12660, remaining tasks 4
23864-src.FleetSimulationBase-INFO-	 time 12720, remaining tasks 4
23864-src.FleetSimulationBase-INFO-	 time 12780, remaining tasks 4
23864-src.FleetSimulationBase-INFO-	 time 12840, remaining tasks 4
23864-src.FleetSimulationBase-INFO-	 time 12900, remaining tasks 4
23864-src.FleetSimulationBase-INFO-	 time 12960, remaining tasks 4
23864-src.FleetSimulationBase-INFO-	 time 13020, remaining tasks 4
23864-src.FleetSimulationBase-INFO-	 time 13080, remaining tasks 4
23864-src.FleetSimulationBase-INFO-	 time 13140, remaining tasks 4
23864-src.FleetSimulationBase-INFO-	 time 13200, remaining tasks 4
23864-src.FleetSimulationBase-INFO-	 time 13260, remaining tasks 4
23864-src.FleetSimulationBase-INFO-	 time 13320, remaining tasks 4
23864-src.FleetSimulationBase-INFO-	 time 13380, remaining tasks 4
23864-src.FleetSimulationBase-INFO-	 time 13440, remaining tasks 4
23864-src.FleetSimulationBase-INFO-	 time 13500, remaining tasks 4
23864-src.FleetSimulationBase-INFO-	 time 13560, remaining tasks 4
23864-src.FleetSimulationBase-INFO-	 time 13620, remaining tasks 4
23864-src.FleetSimulationBase-INFO-	 time 13680, remaining tasks 4
23864-src.FleetSimulationBase-INFO-	 time 13740, remaining tasks 4
23864-src.FleetSimulationBase-INFO-	 time 13800, remaining tasks 4
23864-src.FleetSimulationBase-INFO-	 time 13860, remaining tasks 4
23864-src.FleetSimulationBase-INFO-	 time 13920, remaining tasks 4
23864-src.FleetSimulationBase-INFO-	 time 13980, remaining tasks 4
23864-src.FleetSimulationBase-INFO-	 time 14040, remaining tasks 4
23864-src.FleetSimulationBase-INFO-	 time 14100, remaining tasks 4
23864-src.FleetSimulationBase-INFO-	 time 14160, remaining tasks 4
23864-src.FleetSimulationBase-INFO-	 time 14220, remaining tasks 4
23864-src.FleetSimulationBase-INFO-	 time 14280, remaining tasks 4
23864-src.FleetSimulationBase-INFO-	 time 14340, remaining tasks 4
23864-src.FleetSimulationBase-INFO-	 time 14400, remaining tasks 4
23864-src.FleetSimulationBase-INFO-	 time 14460, remaining tasks 4
23864-src.FleetSimulationBase-INFO-	 time 14520, remaining tasks 4
23864-src.FleetSimulationBase-INFO-	 time 14580, remaining tasks 4
23864-src.FleetSimulationBase-INFO-	 time 14640, remaining tasks 4
23864-src.FleetSimulationBase-INFO-	 time 14700, remaining tasks 4
23864-src.FleetSimulationBase-INFO-	 time 14760, remaining tasks 4
23864-src.FleetSimulationBase-INFO-	 time 14820, remaining tasks 4
23864-src.FleetSimulationBase-INFO-	 time 14880, remaining tasks 4
23864-src.FleetSimulationBase-INFO-	 time 14940, remaining tasks 4
23864-src.FleetSimulationBase-INFO-	 time 15000, remaining tasks 4
23864-src.FleetSimulationBase-INFO-	 time 15060, remaining tasks 4
23864-src.FleetSimulationBase-INFO-	 time 15120, remaining tasks 4
23864-src.FleetSimulationBase-INFO-	 time 15180, remaining tasks 4
23864-src.FleetSimulationBase-INFO-	 time 15240, remaining tasks 4
23864-src.FleetSimulationBase-INFO-	 time 15300, remaining tasks 4
23864-src.FleetSimulationBase-INFO-	 time 15360, remaining tasks 4
23864-src.FleetSimulationBase-INFO-	 time 15420, remaining tasks 4
23864-src.FleetSimulationBase-INFO-	 time 15480, remaining tasks 4
23864-src.FleetSimulationBase-INFO-	 time 15540, remaining tasks 4
23864-src.FleetSimulationBase-INFO-	 time 15600, remaining tasks 4
23864-src.FleetSimulationBase-INFO-	 time 15660, remaining tasks 4
23864-src.FleetSimulationBase-INFO-	 time 15720, remaining tasks 4
23864-src.FleetSimulationBase-INFO-	 time 15780, remaining tasks 4
23864-src.FleetSimulationBase-INFO-	 time 15840, remaining tasks 4
23864-src.FleetSimulationBase-INFO-	 time 15900, remaining tasks 4
23864-src.FleetSimulationBase-INFO-	 time 15960, remaining tasks 4
23864-src.FleetSimulationBase-INFO-	 time 16020, remaining tasks 4
23864-src.FleetSimulationBase-INFO-	 time 16080, remaining tasks 4
23864-src.FleetSimulationBase-INFO-	 time 16140, remaining tasks 4
23864-src.FleetSimulationBase-INFO-	 time 16200, remaining tasks 4
23864-src.FleetSimulationBase-INFO-	 time 16260, remaining tasks 4
23864-src.FleetSimulationBase-INFO-	 time 16320, remaining tasks 4
23864-src.FleetSimulationBase-INFO-	 time 16380, remaining tasks 4
23864-src.FleetSimulationBase-INFO-	 time 16440, remaining tasks 4
23864-src.FleetSimulationBase-INFO-	 time 16500, remaining tasks 4
23864-src.FleetSimulationBase-INFO-	 time 16560, remaining tasks 4
23864-src.FleetSimulationBase-INFO-	 time 16620, remaining tasks 4
23864-src.FleetSimulationBase-INFO-	 time 16680, remaining tasks 4
23864-src.FleetSimulationBase-INFO-	 time 16740, remaining tasks 4
23864-src.FleetSimulationBase-INFO-	 time 16800, remaining tasks 4
23864-src.FleetSimulationBase-INFO-	 time 16860, remaining tasks 4
23864-src.FleetSimulationBase-INFO-	 time 16920, remaining tasks 4
23864-src.FleetSimulationBase-INFO-	 time 16980, remaining tasks 4
23864-src.FleetSimulationBase-INFO-	 time 17040, remaining tasks 4
23864-src.FleetSimulationBase-INFO-	 time 17100, remaining tasks 4
23864-src.FleetSimulationBase-INFO-	 time 17160, remaining tasks 4
23864-src.FleetSimulationBase-INFO-	 time 17220, remaining tasks 4
23864-src.FleetSimulationBase-INFO-	 time 17280, remaining tasks 4
23864-src.FleetSimulationBase-INFO-	 time 17340, remaining tasks 4
23864-src.FleetSimulationBase-INFO-	 time 17400, remaining tasks 4
23864-src.FleetSimulationBase-INFO-	 time 17460, remaining tasks 4
23864-src.FleetSimulationBase-INFO-	 time 17520, remaining tasks 4
23864-src.FleetSimulationBase-INFO-	 time 17580, remaining tasks 4
23864-src.FleetSimulationBase-INFO-	 time 17640, remaining tasks 2
23864-src.FleetSimulationBase-INFO-	 time 17700, remaining tasks 2
23864-src.FleetSimulationBase-INFO-	 time 17760, remaining tasks 2
23864-src.FleetSimulationBase-INFO-	 time 17820, remaining tasks 2
23864-src.FleetSimulationBase-INFO-	 time 17880, remaining tasks 2
23864-src.FleetSimulationBase-INFO-	 time 17940, remaining tasks 2
23864-src.FleetSimulationBase-INFO-	 time 18000, remaining tasks 2
23864-src.FleetSimulationBase-INFO-	 time 18060, remaining tasks 2
23864-src.FleetSimulationBase-INFO-	 time 18120, remaining tasks 2
23864-src.FleetSimulationBase-INFO-	 time 18180, remaining tasks 2
23864-src.FleetSimulationBase-INFO-	 time 18240, remaining tasks 2
23864-src.FleetSimulationBase-INFO-	 time 18300, remaining tasks 2
23864-src.FleetSimulationBase-INFO-	 time 18360, remaining tasks 2
23864-src.FleetSimulationBase-INFO-	 time 18420, remaining tasks 2
23864-src.FleetSimulationBase-INFO-	 time 18480, remaining tasks 2
23864-src.FleetSimulationBase-INFO-	 time 18540, remaining tasks 2
23864-src.FleetSimulationBase-INFO-	 time 18600, remaining tasks 2
23864-src.FleetSimulationBase-INFO-	 time 18660, remaining tasks 2
23864-src.FleetSimulationBase-INFO-	 time 18720, remaining tasks 2
23864-src.FleetSimulationBase-INFO-	 time 18780, remaining tasks 2
23864-src.FleetSimulationBase-INFO-	 time 18840, remaining tasks 2
23864-src.FleetSimulationBase-INFO-	 time 18900, remaining tasks 2
23864-src.FleetSimulationBase-INFO-	 time 18960, remaining tasks 2
23864-src.FleetSimulationBase-INFO-	 time 19020, remaining tasks 2
23864-src.FleetSimulationBase-INFO-	 time 19080, remaining tasks 2
23864-src.FleetSimulationBase-INFO-	 time 19140, remaining tasks 2
23864-src.FleetSimulationBase-INFO-	 time 19200, remaining tasks 2
23864-src.FleetSimulationBase-INFO-	 time 19260, remaining tasks 2
23864-src.FleetSimulationBase-INFO-	 time 19320, remaining tasks 2
23864-src.FleetSimulationBase-INFO-	 time 19380, remaining tasks 2
23864-src.FleetSimulationBase-INFO-	 time 19440, remaining tasks 2
23864-src.FleetSimulationBase-INFO-	 time 19500, remaining tasks 2
23864-src.FleetSimulationBase-INFO-	 time 19560, remaining tasks 2
23864-src.FleetSimulationBase-INFO-	 time 19620, remaining tasks 2
23864-src.FleetSimulationBase-INFO-	 time 19680, remaining tasks 2
23864-src.FleetSimulationBase-INFO-	 time 19740, remaining tasks 2
23864-src.FleetSimulationBase-INFO-	 time 19800, remaining tasks 2
23864-src.FleetSimulationBase-INFO-	 time 19860, remaining tasks 2
23864-src.FleetSimulationBase-INFO-	 time 19920, remaining tasks 2
23864-src.FleetSimulationBase-INFO-	 time 19980, remaining tasks 2
23864-src.FleetSimulationBase-INFO-	 time 20040, remaining tasks 2
23864-src.FleetSimulationBase-INFO-	 time 20100, remaining tasks 2
23864-src.FleetSimulationBase-INFO-	 time 20160, remaining tasks 2
23864-src.FleetSimulationBase-INFO-	 time 20220, remaining tasks 2
23864-src.FleetSimulationBase-INFO-	 time 20280, remaining tasks 2
23864-src.FleetSimulationBase-INFO-	 time 20340, remaining tasks 2
23864-src.FleetSimulationBase-INFO-	 time 20400, remaining tasks 2
23864-src.FleetSimulationBase-INFO-	 time 20460, remaining tasks 2
23864-src.FleetSimulationBase-INFO-	 time 20520, remaining tasks 2
23864-src.FleetSimulationBase-INFO-	 time 20580, remaining tasks 2
23864-src.FleetSimulationBase-INFO-	 time 20640, remaining tasks 2
23864-src.FleetSimulationBase-INFO-	 time 20700, remaining tasks 2
23864-src.FleetSimulationBase-INFO-	 time 20760, remaining tasks 2
23864-src.FleetSimulationBase-INFO-	 time 20820, remaining tasks 2
23864-src.FleetSimulationBase-INFO-	 time 20880, remaining tasks 2
23864-src.FleetSimulationBase-INFO-	 time 20940, remaining tasks 2
23864-src.FleetSimulationBase-INFO-	 time 21000, remaining tasks 2
23864-src.FleetSimulationBase-INFO-	 time 21060, remaining tasks 2
23864-src.FleetSimulationBase-INFO-	 time 21120, remaining tasks 2
23864-src.FleetSimulationBase-INFO-	 time 21180, remaining tasks 2
23864-src.FleetSimulationBase-INFO-	 time 21240, remaining tasks 2
23864-src.FleetSimulationBase-INFO-	 time 21300, remaining tasks 2
23864-src.FleetSimulationBase-INFO-	 time 21360, remaining tasks 2
23864-src.FleetSimulationBase-INFO-	 time 21420, remaining tasks 2
23864-src.FleetSimulationBase-INFO-	 time 21480, remaining tasks 2
23864-src.FleetSimulationBase-INFO-	 time 21540, remaining tasks 2
23864-src.FleetSimulationBase-INFO-	 time 21600, remaining tasks 2
23864-src.FleetSimulationBase-WARNING-remaining assignments could not finish! Break Loop
23864-src.FleetSimulationBase-INFO-Scenario example_depot_utilpool_irsopt_sc_1 finished:
      initialization : 0:00:01 h
          simulation : 0:00:16 h
          evaluation : 0:00:00 h

23864-src.FleetSimulationBase-INFO-General initialization of scenario example_depot_ch_time_pool_irsopt_sc_1...
