operator_id,vehicle_id,vehicle_type,status,locked,start_time,end_time,start_pos,end_pos,driven_distance,start_soc,end_soc,charging_power,charging_unit,toll,rq_on_board,occupancy,rq_boarding,rq_alighting,route,trajectory
0,32,default_vehtype,out_of_service,True,60,120,2966;-1;-1,2966;-1;-1,0.0,0.8088177485379385,0.8088177485379385,0,,0,,0,,,,
0,8,default_vehtype,out_of_service,True,60,120,2966;-1;-1,2966;-1;-1,0.0,0.916309922773969,0.916309922773969,0,,0,,0,,,,
0,12,default_vehtype,out_of_service,True,60,120,2980;-1;-1,2980;-1;-1,0.0,0.5469702553792208,0.5469702553792208,0,,0,,0,,,,
0,26,default_vehtype,out_of_service,True,60,120,2980;-1;-1,2980;-1;-1,0.0,0.7073309699952618,0.7073309699952618,0,,0,,0,,,,
0,2,default_vehtype,to_depot,True,60.0,160.56894011848757,2981;-1;-1,2980;-1;-1,794.6363251318754,0.9627983191463305,0.9627188555138173,0.0,,0,,0,,,2981;6320;3549;6384;4032;1804;4811;5237;608;459;2416;4011;5246;363;366;2314;2877;1748;1743;1157;2058;2092;915;2980,2981:60;6320:63.37311885414516;3549:69.01035885414517;6384:69.27219885414517;4032:72.49383885414517;1804:73.40975085414517;4811:75.09239085414518;5237:79.83287085414518;608:88.69895085414518;459:89.02871085414517;2416:91.24235085414517;4011:91.90647885414518;5246:97.83164685414518;363:104.74033485414517;366:106.14541485414517;2314:107.29028685414518;2877:120.46139085414518;1748:121.57991085414518;1743:129.33431085414517;1157:134.07345371128804;2058:139.8632822827166;2092:143.25242513985944;915:148.37059656843087;2980:160.56894011848757
0,6,default_vehtype,to_depot,True,60.0,160.56894011848757,2981;-1;-1,2980;-1;-1,794.6363251318754,0.6326947454697227,0.6326152818372095,0.0,,0,,0,,,2981;6320;3549;6384;4032;1804;4811;5237;608;459;2416;4011;5246;363;366;2314;2877;1748;1743;1157;2058;2092;915;2980,2981:60;6320:63.37311885414516;3549:69.01035885414517;6384:69.27219885414517;4032:72.49383885414517;1804:73.40975085414517;4811:75.09239085414518;5237:79.83287085414518;608:88.69895085414518;459:89.02871085414517;2416:91.24235085414517;4011:91.90647885414518;5246:97.83164685414518;363:104.74033485414517;366:106.14541485414517;2314:107.29028685414518;2877:120.46139085414518;1748:121.57991085414518;1743:129.33431085414517;1157:134.07345371128804;2058:139.8632822827166;2092:143.25242513985944;915:148.37059656843087;2980:160.56894011848757
0,10,default_vehtype,to_depot,True,60.0,160.56894011848757,2981;-1;-1,2980;-1;-1,794.6363251318754,0.7193007567311602,0.719221293098647,0.0,,0,,0,,,2981;6320;3549;6384;4032;1804;4811;5237;608;459;2416;4011;5246;363;366;2314;2877;1748;1743;1157;2058;2092;915;2980,2981:60;6320:63.37311885414516;3549:69.01035885414517;6384:69.27219885414517;4032:72.49383885414517;1804:73.40975085414517;4811:75.09239085414518;5237:79.83287085414518;608:88.69895085414518;459:89.02871085414517;2416:91.24235085414517;4011:91.90647885414518;5246:97.83164685414518;363:104.74033485414517;366:106.14541485414517;2314:107.29028685414518;2877:120.46139085414518;1748:121.57991085414518;1743:129.33431085414517;1157:134.07345371128804;2058:139.8632822827166;2092:143.25242513985944;915:148.37059656843087;2980:160.56894011848757
0,22,default_vehtype,to_depot,True,60.0,162.71951682914118,2979;-1;-1,2980;-1;-1,812.5577977206555,0.6222127960008014,0.6221315402210293,0.0,,0,,0,,,2979;2786;2307;3549;6384;4032;1804;4811;5237;608;459;2416;4011;5246;363;366;2314;2877;1748;1743;1157;2058;2092;915;2980,2979:60;2786:62.004935564798764;2307:65.52369556479876;3549:71.16093556479876;6384:71.42277556479877;4032:74.64441556479876;1804:75.56032756479877;4811:77.24296756479878;5237:81.98344756479878;608:90.84952756479878;459:91.17928756479877;2416:93.39292756479877;4011:94.05705556479877;5246:99.98222356479877;363:106.89091156479877;366:108.29599156479877;2314:109.44086356479878;2877:122.61196756479877;1748:123.73048756479878;1743:131.48488756479878;1157:136.22403042194165;2058:142.0138589933702;2092:145.40300185051305;915:150.52117327908448;2980:162.71951682914118
0,30,default_vehtype,to_depot,True,60.0,160.56894011848757,2981;-1;-1,2980;-1;-1,794.6363251318754,0.8575946831862098,0.8575152195536966,0.0,,0,,0,,,2981;6320;3549;6384;4032;1804;4811;5237;608;459;2416;4011;5246;363;366;2314;2877;1748;1743;1157;2058;2092;915;2980,2981:60;6320:63.37311885414516;3549:69.01035885414517;6384:69.27219885414517;4032:72.49383885414517;1804:73.40975085414517;4811:75.09239085414518;5237:79.83287085414518;608:88.69895085414518;459:89.02871085414517;2416:91.24235085414517;4011:91.90647885414518;5246:97.83164685414518;363:104.74033485414517;366:106.14541485414517;2314:107.29028685414518;2877:120.46139085414518;1748:121.57991085414518;1743:129.33431085414517;1157:134.07345371128804;2058:139.8632822827166;2092:143.25242513985944;915:148.37059656843087;2980:160.56894011848757
0,22,default_vehtype,out_of_service,True,162.71951682914118,180.0,2980;-1;-1,2980;-1;-1,0.0,0.6221315402210293,0.6221315402210293,0.0,,0,,0,,,,
0,6,default_vehtype,out_of_service,True,160.56894011848757,180.0,2980;-1;-1,2980;-1;-1,0.0,0.6326152818372095,0.6326152818372095,0.0,,0,,0,,,,
0,10,default_vehtype,out_of_service,True,160.56894011848757,180.0,2980;-1;-1,2980;-1;-1,0.0,0.719221293098647,0.719221293098647,0.0,,0,,0,,,,
0,30,default_vehtype,out_of_service,True,160.56894011848757,180.0,2980;-1;-1,2980;-1;-1,0.0,0.8575152195536966,0.8575152195536966,0.0,,0,,0,,,,
0,2,default_vehtype,out_of_service,True,160.56894011848757,180.0,2980;-1;-1,2980;-1;-1,0.0,0.9627188555138173,0.9627188555138173,0.0,,0,,0,,,,
0,5,default_vehtype,to_depot,True,60.0,214.03520157294633,2967;-1;-1,2966;-1;-1,1352.74125658498,0.5435646498507704,0.5434293757251119,0.0,,0,,0,,,2967;3896;5466;7451;4482;6930;7615;3488;4485;5469;2998;901;1083;1355;1961;1962;1033;1559;1958;2907;636;1954;1949;186;333;2164;695;694;1041;1623;1383;2333;2966,2967:60;3896:66.0795464347745;5466:73.6114664347745;7451:74.5957064347745;4482:77.2624424347745;6930:78.5781704347745;7615:82.4745224347745;3488:83.7986744347745;4485:88.3533224347745;5469:88.71454643477449;2998:89.12300243477449;901:90.36853043477448;1083:93.15896243477448;1355:106.84825043477449;1961:107.83097843477448;1962:108.76985843477448;1033:109.97931443477448;1559:116.36341043477448;1958:123.71043443477448;2907:124.33409843477449;636:127.14922643477449;1954:127.75993043477449;1949:136.66006643477448;186:138.2262104347745;333:138.8659304347745;2164:139.4823224347745;695:144.1896104347745;694:147.3583304347745;1041:148.1772584347745;1623:152.56051557763163;1383:163.6459441490602;2333:203.7998298633459;2966:214.03520157294633
0,9,default_vehtype,to_depot,True,60.0,214.03520157294633,2967;-1;-1,2966;-1;-1,1352.74125658498,0.8462360596850099,0.8461007855593514,0.0,,0,,0,,,2967;3896;5466;7451;4482;6930;7615;3488;4485;5469;2998;901;1083;1355;1961;1962;1033;1559;1958;2907;636;1954;1949;186;333;2164;695;694;1041;1623;1383;2333;2966,2967:60;3896:66.0795464347745;5466:73.6114664347745;7451:74.5957064347745;4482:77.2624424347745;6930:78.5781704347745;7615:82.4745224347745;3488:83.7986744347745;4485:88.3533224347745;5469:88.71454643477449;2998:89.12300243477449;901:90.36853043477448;1083:93.15896243477448;1355:106.84825043477449;1961:107.83097843477448;1962:108.76985843477448;1033:109.97931443477448;1559:116.36341043477448;1958:123.71043443477448;2907:124.33409843477449;636:127.14922643477449;1954:127.75993043477449;1949:136.66006643477448;186:138.2262104347745;333:138.8659304347745;2164:139.4823224347745;695:144.1896104347745;694:147.3583304347745;1041:148.1772584347745;1623:152.56051557763163;1383:163.6459441490602;2333:203.7998298633459;2966:214.03520157294633
0,11,default_vehtype,to_depot,True,60.0,197.53417912007305,2993;-1;-1,2966;-1;-1,1123.560389183962,0.8995792821083618,0.8994669260694435,0.0,,0,,0,,,2993;4483;6931;7616;3488;4485;5469;2998;901;1083;1355;1961;1962;1033;1559;1958;2907;636;1954;1949;186;333;2164;695;694;1041;1623;1383;2333;2966,2993:60;4483:60.7614199819012;6931:62.0771479819012;7616:65.9734999819012;3488:67.2976519819012;4485:71.8522999819012;5469:72.2135239819012;2998:72.6219799819012;901:73.8675079819012;1083:76.6579399819012;1355:90.3472279819012;1961:91.3299559819012;1962:92.26883598190119;1033:93.4782919819012;1559:99.8623879819012;1958:107.2094119819012;2907:107.8330759819012;636:110.6482039819012;1954:111.2589079819012;1949:120.1590439819012;186:121.7251879819012;333:122.3649079819012;2164:122.9812999819012;695:127.68858798190121;694:130.85730798190122;1041:131.67623598190121;1623:136.05949312475835;1383:147.1449216961869;2333:187.29880741047262;2966:197.53417912007305
0,15,default_vehtype,to_depot,True,60.0,218.13938860976756,2982;-1;-1,2980;-1;-1,1274.3900625592084,0.964648098788107,0.9645206597818511,0.0,,0,,0,,,2982;2809;4365;7288;1182;1001;6296;1434;3820;3877;2787;4993;6537;7281;2307;3549;6384;4032;1804;4811;5237;608;459;2416;4011;5246;363;366;2314;2877;1748;1743;1157;2058;2092;915;2980,2982:60;2809:65.70096734542513;4365:73.28208734542513;7288:74.40528734542512;1182:75.32220734542513;1001:80.61336734542513;6296:82.97268734542513;1434:88.93176734542513;3820:94.04040734542512;3877:95.94828734542513;2787:104.74080734542513;4993:105.78984734542513;6537:111.58968734542513;7281:117.42480734542514;2307:120.94356734542514;3549:126.58080734542514;6384:126.84264734542515;4032:130.06428734542516;1804:130.98019934542515;4811:132.66283934542514;5237:137.40331934542513;608:146.26939934542514;459:146.59915934542514;2416:148.81279934542513;4011:149.47692734542514;5246:155.40209534542515;363:162.31078334542516;366:163.71586334542516;2314:164.86073534542516;2877:178.03183934542517;1748:179.15035934542516;1743:186.90475934542516;1157:191.64390220256803;2058:197.4337307739966;2092:200.82287363113943;915:205.94104505971086;2980:218.13938860976756
0,16,default_vehtype,to_depot,True,60.0,197.53417912007305,2993;-1;-1,2966;-1;-1,1123.560389183962,0.551022405374014,0.5509100493350957,0.0,,0,,0,,,2993;4483;6931;7616;3488;4485;5469;2998;901;1083;1355;1961;1962;1033;1559;1958;2907;636;1954;1949;186;333;2164;695;694;1041;1623;1383;2333;2966,2993:60;4483:60.7614199819012;6931:62.0771479819012;7616:65.9734999819012;3488:67.2976519819012;4485:71.8522999819012;5469:72.2135239819012;2998:72.6219799819012;901:73.8675079819012;1083:76.6579399819012;1355:90.3472279819012;1961:91.3299559819012;1962:92.26883598190119;1033:93.4782919819012;1559:99.8623879819012;1958:107.2094119819012;2907:107.8330759819012;636:110.6482039819012;1954:111.2589079819012;1949:120.1590439819012;186:121.7251879819012;333:122.3649079819012;2164:122.9812999819012;695:127.68858798190121;694:130.85730798190122;1041:131.67623598190121;1623:136.05949312475835;1383:147.1449216961869;2333:187.29880741047262;2966:197.53417912007305
0,17,default_vehtype,to_depot,True,60.0,200.1449779593701,2978;-1;-1,2980;-1;-1,1124.4366404725633,0.8902645881432277,0.8901521444791805,0.0,,0,,0,,,2978;4103;6297;1434;3820;3877;2787;4993;6537;7281;2307;3549;6384;4032;1804;4811;5237;608;459;2416;4011;5246;363;366;2314;2877;1748;1743;1157;2058;2092;915;2980,2978:60;4103:62.61895669502768;6297:64.97827669502767;1434:70.93735669502767;3820:76.04599669502767;3877:77.95387669502767;2787:86.74639669502767;4993:87.79543669502768;6537:93.59527669502768;7281:99.43039669502768;2307:102.94915669502768;3549:108.58639669502769;6384:108.8482366950277;4032:112.06987669502769;1804:112.9857886950277;4811:114.6684286950277;5237:119.4089086950277;608:128.2749886950277;459:128.6047486950277;2416:130.8183886950277;4011:131.4825166950277;5246:137.4076846950277;363:144.31637269502772;366:145.72145269502772;2314:146.8663246950277;2877:160.0374286950277;1748:161.1559486950277;1743:168.9103486950277;1157:173.64949155217056;2058:179.43932012359912;2092:182.82846298074196;915:187.9466344093134;2980:200.1449779593701
0,18,default_vehtype,to_depot,True,60.0,215.0851122162888,2969;-1;-1,2980;-1;-1,1780.8795979021431,0.8581636020592828,0.8579855140994925,0.0,,0,,0,,,2969;7192;1664;337;1075;5648;5759;205;5793;1407;5826;7411;4686;5074;5295;5274;7181;604;603;602;3851;4573;1400;971;598;1368;591;585;940;1370;939;1903;983;3921;840;2881;5099;1157;2058;2092;915;2980,2969:60;7192:63.60364295194638;1664:66.85753895194638;337:74.61777095194638;1075:75.64161095194639;5648:76.44239495194638;5759:82.00072295194639;205:87.14497895194638;5793:91.26633095194639;1407:92.88647495194638;5826:95.16678695194638;7411:98.06543495194637;4686:99.13614695194637;5074:106.07665895194637;5295:106.30691495194637;5274:109.68573095194637;7181:114.19501895194637;604:117.77341895194637;603:118.83700295194637;602:119.69013095194637;3851:120.69352295194638;4573:124.99984295194638;1400:126.73252295194638;971:130.53095495194637;598:131.59821095194636;1368:132.55854695194637;591:138.42949895194636;585:151.60074695194635;940:158.18061095194633;1370:165.20723495194633;939:165.90390695194634;1903:166.72549895194635;983:167.70801095194636;3921:171.50615495194637;840:176.06699495194638;2881:182.6976189519464;5099:183.8504829519464;1157:188.58962580908926;2058:194.3794543805178;2092:197.76859723766066;915:202.8867686662321;2980:215.0851122162888
0,23,default_vehtype,to_depot,True,60.0,215.0851122162888,2969;-1;-1,2980;-1;-1,1780.8795979021431,0.819960510663762,0.8197824227039717,0.0,,0,,0,,,2969;7192;1664;337;1075;5648;5759;205;5793;1407;5826;7411;4686;5074;5295;5274;7181;604;603;602;3851;4573;1400;971;598;1368;591;585;940;1370;939;1903;983;3921;840;2881;5099;1157;2058;2092;915;2980,2969:60;7192:63.60364295194638;1664:66.85753895194638;337:74.61777095194638;1075:75.64161095194639;5648:76.44239495194638;5759:82.00072295194639;205:87.14497895194638;5793:91.26633095194639;1407:92.88647495194638;5826:95.16678695194638;7411:98.06543495194637;4686:99.13614695194637;5074:106.07665895194637;5295:106.30691495194637;5274:109.68573095194637;7181:114.19501895194637;604:117.77341895194637;603:118.83700295194637;602:119.69013095194637;3851:120.69352295194638;4573:124.99984295194638;1400:126.73252295194638;971:130.53095495194637;598:131.59821095194636;1368:132.55854695194637;591:138.42949895194636;585:151.60074695194635;940:158.18061095194633;1370:165.20723495194633;939:165.90390695194634;1903:166.72549895194635;983:167.70801095194636;3921:171.50615495194637;840:176.06699495194638;2881:182.6976189519464;5099:183.8504829519464;1157:188.58962580908926;2058:194.3794543805178;2092:197.76859723766066;915:202.8867686662321;2980:215.0851122162888
0,27,default_vehtype,to_depot,True,60.0,218.13938860976756,2982;-1;-1,2980;-1;-1,1274.3900625592084,0.5100537730937468,0.5099263340874909,0.0,,0,,0,,,2982;2809;4365;7288;1182;1001;6296;1434;3820;3877;2787;4993;6537;7281;2307;3549;6384;4032;1804;4811;5237;608;459;2416;4011;5246;363;366;2314;2877;1748;1743;1157;2058;2092;915;2980,2982:60;2809:65.70096734542513;4365:73.28208734542513;7288:74.40528734542512;1182:75.32220734542513;1001:80.61336734542513;6296:82.97268734542513;1434:88.93176734542513;3820:94.04040734542512;3877:95.94828734542513;2787:104.74080734542513;4993:105.78984734542513;6537:111.58968734542513;7281:117.42480734542514;2307:120.94356734542514;3549:126.58080734542514;6384:126.84264734542515;4032:130.06428734542516;1804:130.98019934542515;4811:132.66283934542514;5237:137.40331934542513;608:146.26939934542514;459:146.59915934542514;2416:148.81279934542513;4011:149.47692734542514;5246:155.40209534542515;363:162.31078334542516;366:163.71586334542516;2314:164.86073534542516;2877:178.03183934542517;1748:179.15035934542516;1743:186.90475934542516;1157:191.64390220256803;2058:197.4337307739966;2092:200.82287363113943;915:205.94104505971086;2980:218.13938860976756
0,35,default_vehtype,to_depot,True,60.0,200.1449779593701,2978;-1;-1,2980;-1;-1,1124.4366404725633,0.7842169744343243,0.784104530770277,0.0,,0,,0,,,2978;4103;6297;1434;3820;3877;2787;4993;6537;7281;2307;3549;6384;4032;1804;4811;5237;608;459;2416;4011;5246;363;366;2314;2877;1748;1743;1157;2058;2092;915;2980,2978:60;4103:62.61895669502768;6297:64.97827669502767;1434:70.93735669502767;3820:76.04599669502767;3877:77.95387669502767;2787:86.74639669502767;4993:87.79543669502768;6537:93.59527669502768;7281:99.43039669502768;2307:102.94915669502768;3549:108.58639669502769;6384:108.8482366950277;4032:112.06987669502769;1804:112.9857886950277;4811:114.6684286950277;5237:119.4089086950277;608:128.2749886950277;459:128.6047486950277;2416:130.8183886950277;4011:131.4825166950277;5246:137.4076846950277;363:144.31637269502772;366:145.72145269502772;2314:146.8663246950277;2877:160.0374286950277;1748:161.1559486950277;1743:168.9103486950277;1157:173.64949155217056;2058:179.43932012359912;2092:182.82846298074196;915:187.9466344093134;2980:200.1449779593701
0,36,default_vehtype,to_depot,True,60.0,218.13938860976756,2982;-1;-1,2980;-1;-1,1274.3900625592084,0.7724415914984484,0.7723141524921925,0.0,,0,,0,,,2982;2809;4365;7288;1182;1001;6296;1434;3820;3877;2787;4993;6537;7281;2307;3549;6384;4032;1804;4811;5237;608;459;2416;4011;5246;363;366;2314;2877;1748;1743;1157;2058;2092;915;2980,2982:60;2809:65.70096734542513;4365:73.28208734542513;7288:74.40528734542512;1182:75.32220734542513;1001:80.61336734542513;6296:82.97268734542513;1434:88.93176734542513;3820:94.04040734542512;3877:95.94828734542513;2787:104.74080734542513;4993:105.78984734542513;6537:111.58968734542513;7281:117.42480734542514;2307:120.94356734542514;3549:126.58080734542514;6384:126.84264734542515;4032:130.06428734542516;1804:130.98019934542515;4811:132.66283934542514;5237:137.40331934542513;608:146.26939934542514;459:146.59915934542514;2416:148.81279934542513;4011:149.47692734542514;5246:155.40209534542515;363:162.31078334542516;366:163.71586334542516;2314:164.86073534542516;2877:178.03183934542517;1748:179.15035934542516;1743:186.90475934542516;1157:191.64390220256803;2058:197.4337307739966;2092:200.82287363113943;915:205.94104505971086;2980:218.13938860976756
0,37,default_vehtype,to_depot,True,60.0,197.53417912007305,2993;-1;-1,2966;-1;-1,1123.560389183962,0.7343256008238508,0.7342132447849324,0.0,,0,,0,,,2993;4483;6931;7616;3488;4485;5469;2998;901;1083;1355;1961;1962;1033;1559;1958;2907;636;1954;1949;186;333;2164;695;694;1041;1623;1383;2333;2966,2993:60;4483:60.7614199819012;6931:62.0771479819012;7616:65.9734999819012;3488:67.2976519819012;4485:71.8522999819012;5469:72.2135239819012;2998:72.6219799819012;901:73.8675079819012;1083:76.6579399819012;1355:90.3472279819012;1961:91.3299559819012;1962:92.26883598190119;1033:93.4782919819012;1559:99.8623879819012;1958:107.2094119819012;2907:107.8330759819012;636:110.6482039819012;1954:111.2589079819012;1949:120.1590439819012;186:121.7251879819012;333:122.3649079819012;2164:122.9812999819012;695:127.68858798190121;694:130.85730798190122;1041:131.67623598190121;1623:136.05949312475835;1383:147.1449216961869;2333:187.29880741047262;2966:197.53417912007305
0,39,default_vehtype,to_depot,True,60.0,200.1449779593701,2978;-1;-1,2980;-1;-1,1124.4366404725633,0.9458865003910399,0.9457740567269927,0.0,,0,,0,,,2978;4103;6297;1434;3820;3877;2787;4993;6537;7281;2307;3549;6384;4032;1804;4811;5237;608;459;2416;4011;5246;363;366;2314;2877;1748;1743;1157;2058;2092;915;2980,2978:60;4103:62.61895669502768;6297:64.97827669502767;1434:70.93735669502767;3820:76.04599669502767;3877:77.95387669502767;2787:86.74639669502767;4993:87.79543669502768;6537:93.59527669502768;7281:99.43039669502768;2307:102.94915669502768;3549:108.58639669502769;6384:108.8482366950277;4032:112.06987669502769;1804:112.9857886950277;4811:114.6684286950277;5237:119.4089086950277;608:128.2749886950277;459:128.6047486950277;2416:130.8183886950277;4011:131.4825166950277;5246:137.4076846950277;363:144.31637269502772;366:145.72145269502772;2314:146.8663246950277;2877:160.0374286950277;1748:161.1559486950277;1743:168.9103486950277;1157:173.64949155217056;2058:179.43932012359912;2092:182.82846298074196;915:187.9466344093134;2980:200.1449779593701
0,41,default_vehtype,to_depot,True,60.0,218.42488667311721,2992;-1;-1,2966;-1;-1,1413.709105198465,0.8409101495517417,0.8407687786412219,0.0,,0,,0,,,2992;2526;3895;5465;7450;4482;6930;7615;3488;4485;5469;2998;901;1083;1355;1961;1962;1033;1559;1958;2907;636;1954;1949;186;333;2164;695;694;1041;1623;1383;2333;2966,2992:60;2526:69.20224753494541;3895:70.46923153494541;5465:78.00115153494541;7450:78.9853915349454;4482:81.65212753494541;6930:82.96785553494541;7615:86.86420753494541;3488:88.1883595349454;4485:92.7430075349454;5469:93.1042315349454;2998:93.5126875349454;901:94.75821553494539;1083:97.54864753494539;1355:111.2379355349454;1961:112.22066353494539;1962:113.15954353494539;1033:114.36899953494539;1559:120.75309553494539;1958:128.10011953494538;2907:128.72378353494537;636:131.53891153494536;1954:132.14961553494535;1949:141.04975153494536;186:142.61589553494537;333:143.25561553494538;2164:143.87200753494537;695:148.57929553494537;694:151.74801553494538;1041:152.56694353494538;1623:156.9502006778025;1383:168.03562924923108;2333:208.18951496351679;2966:218.42488667311721
0,43,default_vehtype,to_depot,True,60.0,197.53417912007305,2993;-1;-1,2966;-1;-1,1123.560389183962,0.802422759872523,0.8023104038336046,0.0,,0,,0,,,2993;4483;6931;7616;3488;4485;5469;2998;901;1083;1355;1961;1962;1033;1559;1958;2907;636;1954;1949;186;333;2164;695;694;1041;1623;1383;2333;2966,2993:60;4483:60.7614199819012;6931:62.0771479819012;7616:65.9734999819012;3488:67.2976519819012;4485:71.8522999819012;5469:72.2135239819012;2998:72.6219799819012;901:73.8675079819012;1083:76.6579399819012;1355:90.3472279819012;1961:91.3299559819012;1962:92.26883598190119;1033:93.4782919819012;1559:99.8623879819012;1958:107.2094119819012;2907:107.8330759819012;636:110.6482039819012;1954:111.2589079819012;1949:120.1590439819012;186:121.7251879819012;333:122.3649079819012;2164:122.9812999819012;695:127.68858798190121;694:130.85730798190122;1041:131.67623598190121;1623:136.05949312475835;1383:147.1449216961869;2333:187.29880741047262;2966:197.53417912007305
0,45,default_vehtype,to_depot,True,60.0,218.42488667311721,2992;-1;-1,2966;-1;-1,1413.709105198465,0.6917207594128889,0.6915793885023691,0.0,,0,,0,,,2992;2526;3895;5465;7450;4482;6930;7615;3488;4485;5469;2998;901;1083;1355;1961;1962;1033;1559;1958;2907;636;1954;1949;186;333;2164;695;694;1041;1623;1383;2333;2966,2992:60;2526:69.20224753494541;3895:70.46923153494541;5465:78.00115153494541;7450:78.9853915349454;4482:81.65212753494541;6930:82.96785553494541;7615:86.86420753494541;3488:88.1883595349454;4485:92.7430075349454;5469:93.1042315349454;2998:93.5126875349454;901:94.75821553494539;1083:97.54864753494539;1355:111.2379355349454;1961:112.22066353494539;1962:113.15954353494539;1033:114.36899953494539;1559:120.75309553494539;1958:128.10011953494538;2907:128.72378353494537;636:131.53891153494536;1954:132.14961553494535;1949:141.04975153494536;186:142.61589553494537;333:143.25561553494538;2164:143.87200753494537;695:148.57929553494537;694:151.74801553494538;1041:152.56694353494538;1623:156.9502006778025;1383:168.03562924923108;2333:208.18951496351679;2966:218.42488667311721
0,5,default_vehtype,out_of_service,True,214.03520157294633,240.0,2966;-1;-1,2966;-1;-1,0.0,0.5434293757251119,0.5434293757251119,0.0,,0,,0,,,,
0,16,default_vehtype,out_of_service,True,197.53417912007305,240.0,2966;-1;-1,2966;-1;-1,0.0,0.5509100493350957,0.5509100493350957,0.0,,0,,0,,,,
0,45,default_vehtype,out_of_service,True,218.42488667311721,240.0,2966;-1;-1,2966;-1;-1,0.0,0.6915793885023691,0.6915793885023691,0.0,,0,,0,,,,
0,37,default_vehtype,out_of_service,True,197.53417912007305,240.0,2966;-1;-1,2966;-1;-1,0.0,0.7342132447849324,0.7342132447849324,0.0,,0,,0,,,,
0,43,default_vehtype,out_of_service,True,197.53417912007305,240.0,2966;-1;-1,2966;-1;-1,0.0,0.8023104038336046,0.8023104038336046,0.0,,0,,0,,,,
0,41,default_vehtype,out_of_service,True,218.42488667311721,240.0,2966;-1;-1,2966;-1;-1,0.0,0.8407687786412219,0.8407687786412219,0.0,,0,,0,,,,
0,9,default_vehtype,out_of_service,True,214.03520157294633,240.0,2966;-1;-1,2966;-1;-1,0.0,0.8461007855593514,0.8461007855593514,0.0,,0,,0,,,,
0,11,default_vehtype,out_of_service,True,197.53417912007305,240.0,2966;-1;-1,2966;-1;-1,0.0,0.8994669260694435,0.8994669260694435,0.0,,0,,0,,,,
0,27,default_vehtype,out_of_service,True,218.13938860976756,240.0,2980;-1;-1,2980;-1;-1,0.0,0.5099263340874909,0.5099263340874909,0.0,,0,,0,,,,
0,36,default_vehtype,out_of_service,True,218.13938860976756,240.0,2980;-1;-1,2980;-1;-1,0.0,0.7723141524921925,0.7723141524921925,0.0,,0,,0,,,,
0,35,default_vehtype,out_of_service,True,200.1449779593701,240.0,2980;-1;-1,2980;-1;-1,0.0,0.784104530770277,0.784104530770277,0.0,,0,,0,,,,
0,23,default_vehtype,out_of_service,True,215.0851122162888,240.0,2980;-1;-1,2980;-1;-1,0.0,0.8197824227039717,0.8197824227039717,0.0,,0,,0,,,,
0,18,default_vehtype,out_of_service,True,215.0851122162888,240.0,2980;-1;-1,2980;-1;-1,0.0,0.8579855140994925,0.8579855140994925,0.0,,0,,0,,,,
0,17,default_vehtype,out_of_service,True,200.1449779593701,240.0,2980;-1;-1,2980;-1;-1,0.0,0.8901521444791805,0.8901521444791805,0.0,,0,,0,,,,
0,39,default_vehtype,out_of_service,True,200.1449779593701,240.0,2980;-1;-1,2980;-1;-1,0.0,0.9457740567269927,0.9457740567269927,0.0,,0,,0,,,,
0,15,default_vehtype,out_of_service,True,218.13938860976756,240.0,2980;-1;-1,2980;-1;-1,0.0,0.9645206597818511,0.9645206597818511,0.0,,0,,0,,,,
0,0,default_vehtype,to_depot,True,60.0,273.9524235978097,2974;-1;-1,2980;-1;-1,1813.2184782010438,0.559363859477122,0.5591825376293018,0.0,,0,,0,,,2974;6479;3091;4274;880;3109;3874;4306;429;3125;3406;2825;1944;130;99;4526;714;2800;4339;2419;5404;5421;1925;1883;926;925;5399;1905;830;2795;1891;827;6499;1803;1141;5241;4811;5237;608;459;2416;4011;5246;363;366;2314;2877;1748;1743;1157;2058;2092;915;2980,2974:60;6479:60.500578333467224;3091:73.82230633346722;4274:74.96523433346722;880:75.55657033346722;3109:77.40711433346722;3874:83.27139433346721;4306:95.38695433346722;429:96.78927433346722;3125:98.04279433346721;3406:110.39715433346721;2825:112.86687433346721;1944:114.1782343334672;130:116.5658743334672;99:117.0461143334672;4526:125.4557143334672;714:128.2525543334672;2800:130.25895433346722;4339:131.75271433346722;2419:136.36179433346723;5404:140.58867433346722;5421:141.69399433346723;1925:141.83727433346724;1883:142.87455433346724;926:147.12711433346723;925:150.07143433346724;5399:159.37623433346724;1905:160.70283433346725;830:161.87967433346725;2795:163.06335433346726;1891:163.31727433346725;827:164.38311433346726;6499:173.73795433346726;1803:179.70051433346725;1141:185.20515433346725;5241:186.79323433346724;4811:188.47587433346723;5237:193.21635433346722;608:202.08243433346723;459:202.41219433346723;2416:204.62583433346722;4011:205.28996233346723;5246:211.21513033346724;363:218.12381833346726;366:219.52889833346725;2314:220.67377033346725;2877:233.84487433346726;1748:234.96339433346725;1743:242.71779433346725;1157:247.45693719061012;2058:253.24676576203868;2092:256.6359086191815;915:261.75408004775295;2980:273.9524235978097
0,1,default_vehtype,to_depot,True,60.0,260.44256994177533,2984;-1;-1,2980;-1;-1,1603.9301736592736,0.8353189348090797,0.8351585417917138,0.0,,0,,0,,,2984;3012;7321;2804;3061;1173;3425;3125;3406;2825;1944;130;99;4526;714;2800;4339;2419;5404;5421;1925;1883;926;925;5399;1905;830;2795;1891;827;6499;1803;1141;5241;4811;5237;608;459;2416;4011;5246;363;366;2314;2877;1748;1743;1157;2058;2092;915;2980,2984:60;3012:62.492660677432916;7321:66.50330067743292;2804:69.83006067743293;3061:76.49810067743293;1173:82.09646067743293;3425:83.27942067743292;3125:84.53294067743292;3406:96.88730067743292;2825:99.35702067743291;1944:100.6683806774329;130:103.05602067743291;99:103.5362606774329;4526:111.9458606774329;714:114.74270067743291;2800:116.7491006774329;4339:118.2428606774329;2419:122.8519406774329;5404:127.0788206774329;5421:128.1841406774329;1925:128.3274206774329;1883:129.36470067743292;926:133.6172606774329;925:136.56158067743291;5399:145.86638067743291;1905:147.19298067743293;830:148.36982067743293;2795:149.55350067743294;1891:149.80742067743293;827:150.87326067743294;6499:160.22810067743293;1803:166.19066067743293;1141:171.69530067743293;5241:173.28338067743292;4811:174.9660206774329;5237:179.7065006774329;608:188.5725806774329;459:188.9023406774329;2416:191.1159806774329;4011:191.7801086774329;5246:197.70527667743292;363:204.61396467743293;366:206.01904467743293;2314:207.16391667743292;2877:220.3350206774329;1748:221.4535406774329;1743:229.2079406774329;1157:233.94708353457577;2058:239.73691210600433;2092:243.12605496314717;915:248.2442263917186;2980:260.44256994177533
0,3,default_vehtype,to_depot,True,60.0,273.9524235978097,2974;-1;-1,2980;-1;-1,1813.2184782010438,0.707131497257335,0.7069501754095149,0.0,,0,,0,,,2974;6479;3091;4274;880;3109;3874;4306;429;3125;3406;2825;1944;130;99;4526;714;2800;4339;2419;5404;5421;1925;1883;926;925;5399;1905;830;2795;1891;827;6499;1803;1141;5241;4811;5237;608;459;2416;4011;5246;363;366;2314;2877;1748;1743;1157;2058;2092;915;2980,2974:60;6479:60.500578333467224;3091:73.82230633346722;4274:74.96523433346722;880:75.55657033346722;3109:77.40711433346722;3874:83.27139433346721;4306:95.38695433346722;429:96.78927433346722;3125:98.04279433346721;3406:110.39715433346721;2825:112.86687433346721;1944:114.1782343334672;130:116.5658743334672;99:117.0461143334672;4526:125.4557143334672;714:128.2525543334672;2800:130.25895433346722;4339:131.75271433346722;2419:136.36179433346723;5404:140.58867433346722;5421:141.69399433346723;1925:141.83727433346724;1883:142.87455433346724;926:147.12711433346723;925:150.07143433346724;5399:159.37623433346724;1905:160.70283433346725;830:161.87967433346725;2795:163.06335433346726;1891:163.31727433346725;827:164.38311433346726;6499:173.73795433346726;1803:179.70051433346725;1141:185.20515433346725;5241:186.79323433346724;4811:188.47587433346723;5237:193.21635433346722;608:202.08243433346723;459:202.41219433346723;2416:204.62583433346722;4011:205.28996233346723;5246:211.21513033346724;363:218.12381833346726;366:219.52889833346725;2314:220.67377033346725;2877:233.84487433346726;1748:234.96339433346725;1743:242.71779433346725;1157:247.45693719061012;2058:253.24676576203868;2092:256.6359086191815;915:261.75408004775295;2980:273.9524235978097
0,4,default_vehtype,to_depot,True,60.0,273.9524235978097,2974;-1;-1,2980;-1;-1,1813.2184782010438,0.6818553854713113,0.6816740636234911,0.0,,0,,0,,,2974;6479;3091;4274;880;3109;3874;4306;429;3125;3406;2825;1944;130;99;4526;714;2800;4339;2419;5404;5421;1925;1883;926;925;5399;1905;830;2795;1891;827;6499;1803;1141;5241;4811;5237;608;459;2416;4011;5246;363;366;2314;2877;1748;1743;1157;2058;2092;915;2980,2974:60;6479:60.500578333467224;3091:73.82230633346722;4274:74.96523433346722;880:75.55657033346722;3109:77.40711433346722;3874:83.27139433346721;4306:95.38695433346722;429:96.78927433346722;3125:98.04279433346721;3406:110.39715433346721;2825:112.86687433346721;1944:114.1782343334672;130:116.5658743334672;99:117.0461143334672;4526:125.4557143334672;714:128.2525543334672;2800:130.25895433346722;4339:131.75271433346722;2419:136.36179433346723;5404:140.58867433346722;5421:141.69399433346723;1925:141.83727433346724;1883:142.87455433346724;926:147.12711433346723;925:150.07143433346724;5399:159.37623433346724;1905:160.70283433346725;830:161.87967433346725;2795:163.06335433346726;1891:163.31727433346725;827:164.38311433346726;6499:173.73795433346726;1803:179.70051433346725;1141:185.20515433346725;5241:186.79323433346724;4811:188.47587433346723;5237:193.21635433346722;608:202.08243433346723;459:202.41219433346723;2416:204.62583433346722;4011:205.28996233346723;5246:211.21513033346724;363:218.12381833346726;366:219.52889833346725;2314:220.67377033346725;2877:233.84487433346726;1748:234.96339433346725;1743:242.71779433346725;1157:247.45693719061012;2058:253.24676576203868;2092:256.6359086191815;915:261.75408004775295;2980:273.9524235978097
0,19,default_vehtype,to_depot,True,60.0,260.44256994177533,2984;-1;-1,2980;-1;-1,1603.9301736592736,0.626645801269891,0.6264854082525251,0.0,,0,,0,,,2984;3012;7321;2804;3061;1173;3425;3125;3406;2825;1944;130;99;4526;714;2800;4339;2419;5404;5421;1925;1883;926;925;5399;1905;830;2795;1891;827;6499;1803;1141;5241;4811;5237;608;459;2416;4011;5246;363;366;2314;2877;1748;1743;1157;2058;2092;915;2980,2984:60;3012:62.492660677432916;7321:66.50330067743292;2804:69.83006067743293;3061:76.49810067743293;1173:82.09646067743293;3425:83.27942067743292;3125:84.53294067743292;3406:96.88730067743292;2825:99.35702067743291;1944:100.6683806774329;130:103.05602067743291;99:103.5362606774329;4526:111.9458606774329;714:114.74270067743291;2800:116.7491006774329;4339:118.2428606774329;2419:122.8519406774329;5404:127.0788206774329;5421:128.1841406774329;1925:128.3274206774329;1883:129.36470067743292;926:133.6172606774329;925:136.56158067743291;5399:145.86638067743291;1905:147.19298067743293;830:148.36982067743293;2795:149.55350067743294;1891:149.80742067743293;827:150.87326067743294;6499:160.22810067743293;1803:166.19066067743293;1141:171.69530067743293;5241:173.28338067743292;4811:174.9660206774329;5237:179.7065006774329;608:188.5725806774329;459:188.9023406774329;2416:191.1159806774329;4011:191.7801086774329;5246:197.70527667743292;363:204.61396467743293;366:206.01904467743293;2314:207.16391667743292;2877:220.3350206774329;1748:221.4535406774329;1743:229.2079406774329;1157:233.94708353457577;2058:239.73691210600433;2092:243.12605496314717;915:248.2442263917186;2980:260.44256994177533
0,20,default_vehtype,to_depot,True,60.0,250.41372942632776,2970;-1;-1,2980;-1;-1,2063.6293026972107,0.972334458524792,0.9721280955945223,0.0,,0,,0,,,2970;671;544;7400;5449;6824;4848;3271;4846;4989;5000;337;1075;5648;5759;205;5793;1407;5826;7411;4686;5074;5295;5274;7181;604;603;602;3851;4573;1400;971;598;1368;591;585;940;1370;939;1903;983;3921;840;2881;5099;1157;2058;2092;915;2980,2970:60;671:61.03011616198536;544:63.71967616198536;7400:64.79523616198536;5449:65.99427616198535;6824:70.24755616198536;4848:77.72787616198536;3271:83.28099616198537;4846:85.15407616198537;4989:97.42659616198537;5000:102.18615616198537;337:109.94638816198537;1075:110.97022816198537;5648:111.77101216198537;5759:117.32934016198537;205:122.47359616198537;5793:126.59494816198537;1407:128.21509216198538;5826:130.4954041619854;7411:133.3940521619854;4686:134.46476416198539;5074:141.4052761619854;5295:141.6355321619854;5274:145.0143481619854;7181:149.5236361619854;604:153.10203616198538;603:154.16562016198537;602:155.01874816198537;3851:156.02214016198536;4573:160.32846016198536;1400:162.06114016198535;971:165.85957216198534;598:166.92682816198533;1368:167.88716416198534;591:173.75811616198533;585:186.92936416198532;940:193.5092281619853;1370:200.5358521619853;939:201.2325241619853;1903:202.05411616198532;983:203.03662816198533;3921:206.83477216198534;840:211.39561216198535;2881:218.02623616198537;5099:219.17910016198536;1157:223.91824301912823;2058:229.70807159055678;2092:233.09721444769963;915:238.21538587627106;2980:250.41372942632776
0,21,default_vehtype,to_depot,True,60.0,273.9524235978097,2974;-1;-1,2980;-1;-1,1813.2184782010438,0.8337051899818408,0.8335238681340207,0.0,,0,,0,,,2974;6479;3091;4274;880;3109;3874;4306;429;3125;3406;2825;1944;130;99;4526;714;2800;4339;2419;5404;5421;1925;1883;926;925;5399;1905;830;2795;1891;827;6499;1803;1141;5241;4811;5237;608;459;2416;4011;5246;363;366;2314;2877;1748;1743;1157;2058;2092;915;2980,2974:60;6479:60.500578333467224;3091:73.82230633346722;4274:74.96523433346722;880:75.55657033346722;3109:77.40711433346722;3874:83.27139433346721;4306:95.38695433346722;429:96.78927433346722;3125:98.04279433346721;3406:110.39715433346721;2825:112.86687433346721;1944:114.1782343334672;130:116.5658743334672;99:117.0461143334672;4526:125.4557143334672;714:128.2525543334672;2800:130.25895433346722;4339:131.75271433346722;2419:136.36179433346723;5404:140.58867433346722;5421:141.69399433346723;1925:141.83727433346724;1883:142.87455433346724;926:147.12711433346723;925:150.07143433346724;5399:159.37623433346724;1905:160.70283433346725;830:161.87967433346725;2795:163.06335433346726;1891:163.31727433346725;827:164.38311433346726;6499:173.73795433346726;1803:179.70051433346725;1141:185.20515433346725;5241:186.79323433346724;4811:188.47587433346723;5237:193.21635433346722;608:202.08243433346723;459:202.41219433346723;2416:204.62583433346722;4011:205.28996233346723;5246:211.21513033346724;363:218.12381833346726;366:219.52889833346725;2314:220.67377033346725;2877:233.84487433346726;1748:234.96339433346725;1743:242.71779433346725;1157:247.45693719061012;2058:253.24676576203868;2092:256.6359086191815;915:261.75408004775295;2980:273.9524235978097
0,24,default_vehtype,to_depot,True,60.0,273.9524235978097,2974;-1;-1,2980;-1;-1,1813.2184782010438,0.5915956810035584,0.5914143591557383,0.0,,0,,0,,,2974;6479;3091;4274;880;3109;3874;4306;429;3125;3406;2825;1944;130;99;4526;714;2800;4339;2419;5404;5421;1925;1883;926;925;5399;1905;830;2795;1891;827;6499;1803;1141;5241;4811;5237;608;459;2416;4011;5246;363;366;2314;2877;1748;1743;1157;2058;2092;915;2980,2974:60;6479:60.500578333467224;3091:73.82230633346722;4274:74.96523433346722;880:75.55657033346722;3109:77.40711433346722;3874:83.27139433346721;4306:95.38695433346722;429:96.78927433346722;3125:98.04279433346721;3406:110.39715433346721;2825:112.86687433346721;1944:114.1782343334672;130:116.5658743334672;99:117.0461143334672;4526:125.4557143334672;714:128.2525543334672;2800:130.25895433346722;4339:131.75271433346722;2419:136.36179433346723;5404:140.58867433346722;5421:141.69399433346723;1925:141.83727433346724;1883:142.87455433346724;926:147.12711433346723;925:150.07143433346724;5399:159.37623433346724;1905:160.70283433346725;830:161.87967433346725;2795:163.06335433346726;1891:163.31727433346725;827:164.38311433346726;6499:173.73795433346726;1803:179.70051433346725;1141:185.20515433346725;5241:186.79323433346724;4811:188.47587433346723;5237:193.21635433346722;608:202.08243433346723;459:202.41219433346723;2416:204.62583433346722;4011:205.28996233346723;5246:211.21513033346724;363:218.12381833346726;366:219.52889833346725;2314:220.67377033346725;2877:233.84487433346726;1748:234.96339433346725;1743:242.71779433346725;1157:247.45693719061012;2058:253.24676576203868;2092:256.6359086191815;915:261.75408004775295;2980:273.9524235978097
0,25,default_vehtype,to_depot,True,60.0,260.44256994177533,2984;-1;-1,2980;-1;-1,1603.9301736592736,0.5690914756743068,0.5689310826569409,0.0,,0,,0,,,2984;3012;7321;2804;3061;1173;3425;3125;3406;2825;1944;130;99;4526;714;2800;4339;2419;5404;5421;1925;1883;926;925;5399;1905;830;2795;1891;827;6499;1803;1141;5241;4811;5237;608;459;2416;4011;5246;363;366;2314;2877;1748;1743;1157;2058;2092;915;2980,2984:60;3012:62.492660677432916;7321:66.50330067743292;2804:69.83006067743293;3061:76.49810067743293;1173:82.09646067743293;3425:83.27942067743292;3125:84.53294067743292;3406:96.88730067743292;2825:99.35702067743291;1944:100.6683806774329;130:103.05602067743291;99:103.5362606774329;4526:111.9458606774329;714:114.74270067743291;2800:116.7491006774329;4339:118.2428606774329;2419:122.8519406774329;5404:127.0788206774329;5421:128.1841406774329;1925:128.3274206774329;1883:129.36470067743292;926:133.6172606774329;925:136.56158067743291;5399:145.86638067743291;1905:147.19298067743293;830:148.36982067743293;2795:149.55350067743294;1891:149.80742067743293;827:150.87326067743294;6499:160.22810067743293;1803:166.19066067743293;1141:171.69530067743293;5241:173.28338067743292;4811:174.9660206774329;5237:179.7065006774329;608:188.5725806774329;459:188.9023406774329;2416:191.1159806774329;4011:191.7801086774329;5246:197.70527667743292;363:204.61396467743293;366:206.01904467743293;2314:207.16391667743292;2877:220.3350206774329;1748:221.4535406774329;1743:229.2079406774329;1157:233.94708353457577;2058:239.73691210600433;2092:243.12605496314717;915:248.2442263917186;2980:260.44256994177533
0,28,default_vehtype,to_depot,True,60.0,250.41372942632776,2970;-1;-1,2980;-1;-1,2063.6293026972107,0.5551875705821525,0.5549812076518829,0.0,,0,,0,,,2970;671;544;7400;5449;6824;4848;3271;4846;4989;5000;337;1075;5648;5759;205;5793;1407;5826;7411;4686;5074;5295;5274;7181;604;603;602;3851;4573;1400;971;598;1368;591;585;940;1370;939;1903;983;3921;840;2881;5099;1157;2058;2092;915;2980,2970:60;671:61.03011616198536;544:63.71967616198536;7400:64.79523616198536;5449:65.99427616198535;6824:70.24755616198536;4848:77.72787616198536;3271:83.28099616198537;4846:85.15407616198537;4989:97.42659616198537;5000:102.18615616198537;337:109.94638816198537;1075:110.97022816198537;5648:111.77101216198537;5759:117.32934016198537;205:122.47359616198537;5793:126.59494816198537;1407:128.21509216198538;5826:130.4954041619854;7411:133.3940521619854;4686:134.46476416198539;5074:141.4052761619854;5295:141.6355321619854;5274:145.0143481619854;7181:149.5236361619854;604:153.10203616198538;603:154.16562016198537;602:155.01874816198537;3851:156.02214016198536;4573:160.32846016198536;1400:162.06114016198535;971:165.85957216198534;598:166.92682816198533;1368:167.88716416198534;591:173.75811616198533;585:186.92936416198532;940:193.5092281619853;1370:200.5358521619853;939:201.2325241619853;1903:202.05411616198532;983:203.03662816198533;3921:206.83477216198534;840:211.39561216198535;2881:218.02623616198537;5099:219.17910016198536;1157:223.91824301912823;2058:229.70807159055678;2092:233.09721444769963;915:238.21538587627106;2980:250.41372942632776
0,38,default_vehtype,to_depot,True,60.0,263.29664665331694,2983;-1;-1,2980;-1;-1,1650.7005462554534,0.8084669984373785,0.8083019283827528,0.0,,0,,0,,,2983;7527;2802;2251;7515;7037;7512;3274;2902;3901;7011;7336;4365;7288;1182;1001;6296;1434;3820;3877;2787;4993;6537;7281;2307;3549;6384;4032;1804;4811;5237;608;459;2416;4011;5246;363;366;2314;2877;1748;1743;1157;2058;2092;915;2980,2983:60;7527:64.52694538897451;2802:71.74242538897451;2251:78.63774538897451;7515:79.49886538897451;7037:86.81082538897451;7512:94.04418538897451;3274:105.39018538897452;2902:105.50178538897451;3901:105.96978538897451;7011:107.95074538897451;7336:110.85822538897452;4365:118.43934538897452;7288:119.56254538897451;1182:120.47946538897452;1001:125.77062538897452;6296:128.12994538897453;1434:134.08902538897453;3820:139.19766538897454;3877:141.10554538897455;2787:149.89806538897454;4993:150.94710538897453;6537:156.74694538897452;7281:162.5820653889745;2307:166.1008253889745;3549:171.7380653889745;6384:171.9999053889745;4032:175.2215453889745;1804:176.1374573889745;4811:177.8200973889745;5237:182.56057738897448;608:191.4266573889745;459:191.75641738897448;2416:193.97005738897448;4011:194.6341853889745;5246:200.5593533889745;363:207.4680413889745;366:208.8731213889745;2314:210.0179933889745;2877:223.18909738897452;1748:224.3076173889745;1743:232.0620173889745;1157:236.80116024611738;2058:242.59098881754593;2092:245.98013167468878;915:251.0983031032602;2980:263.29664665331694
0,42,default_vehtype,to_depot,True,60.0,248.55199336745417,2977;-1;-1,2980;-1;-1,1527.8284355399308,0.8229470565333281,0.8227942736897742,0.0,,0,,0,,,2977;6202;7516;7037;7512;3274;2902;3901;7011;7336;4365;7288;1182;1001;6296;1434;3820;3877;2787;4993;6537;7281;2307;3549;6384;4032;1804;4811;5237;608;459;2416;4011;5246;363;366;2314;2877;1748;1743;1157;2058;2092;915;2980,2977:60;6202:63.89309210311182;7516:64.75421210311183;7037:72.06617210311182;7512:79.29953210311183;3274:90.64553210311183;2902:90.75713210311183;3901:91.22513210311183;7011:93.20609210311183;7336:96.11357210311184;4365:103.69469210311183;7288:104.81789210311183;1182:105.73481210311184;1001:111.02597210311184;6296:113.38529210311184;1434:119.34437210311184;3820:124.45301210311183;3877:126.36089210311184;2787:135.15341210311183;4993:136.20245210311182;6537:142.0022921031118;7281:147.8374121031118;2307:151.3561721031118;3549:156.99341210311178;6384:157.2552521031118;4032:160.4768921031118;1804:161.39280410311179;4811:163.07544410311178;5237:167.81592410311177;608:176.68200410311178;459:177.01176410311177;2416:179.22540410311177;4011:179.88953210311178;5246:185.8147001031118;363:192.7233881031118;366:194.1284681031118;2314:195.2733401031118;2877:208.44444410311178;1748:209.56296410311177;1743:217.31736410311177;1157:222.05650696025464;2058:227.8463355316832;2092:231.23547838882604;915:236.35364981739747;2980:248.55199336745417
0,44,default_vehtype,to_depot,True,60.0,259.1817598991774,2985;-1;-1,2980;-1;-1,1608.0703712755965,0.5301127358146349,0.5299519287775074,0.0,,0,,0,,,2985;1140;880;3109;3874;4306;429;3125;3406;2825;1944;130;99;4526;714;2800;4339;2419;5404;5421;1925;1883;926;925;5399;1905;830;2795;1891;827;6499;1803;1141;5241;4811;5237;608;459;2416;4011;5246;363;366;2314;2877;1748;1743;1157;2058;2092;915;2980,2985:60;1140:60.194570634835;880:60.785906634835;3109:62.636450634835;3874:68.500730634835;4306:80.616290634835;429:82.018610634835;3125:83.272130634835;3406:95.626490634835;2825:98.09621063483499;1944:99.40757063483498;130:101.79521063483499;99:102.27545063483498;4526:110.68505063483498;714:113.48189063483498;2800:115.48829063483498;4339:116.98205063483498;2419:121.59113063483498;5404:125.81801063483498;5421:126.92333063483498;1925:127.06661063483499;1883:128.10389063483498;926:132.35645063483497;925:135.30077063483498;5399:144.60557063483498;1905:145.932170634835;830:147.109010634835;2795:148.292690634835;1891:148.546610634835;827:149.612450634835;6499:158.967290634835;1803:164.929850634835;1141:170.434490634835;5241:172.02257063483498;4811:173.70521063483497;5237:178.44569063483496;608:187.31177063483497;459:187.64153063483496;2416:189.85517063483496;4011:190.51929863483497;5246:196.44446663483498;363:203.353154634835;366:204.758234634835;2314:205.90310663483498;2877:219.07421063483497;1748:220.19273063483496;1743:227.94713063483496;1157:232.68627349197783;2058:238.4761020634064;2092:241.86524492054923;915:246.98341634912066;2980:259.1817598991774
0,46,default_vehtype,to_depot,True,60.0,280.58940988194473,2986;-1;-1,2980;-1;-1,1905.3988432584747,0.5195938961271603,0.5194033562428346,0.0,,0,,0,,,2986;3155;7358;2376;3091;4274;880;3109;3874;4306;429;3125;3406;2825;1944;130;99;4526;714;2800;4339;2419;5404;5421;1925;1883;926;925;5399;1905;830;2795;1891;827;6499;1803;1141;5241;4811;5237;608;459;2416;4011;5246;363;366;2314;2877;1748;1743;1157;2058;2092;915;2980,2986:60;3155:60.54387661760222;7358:61.63568461760222;2376:67.13756461760222;3091:80.45929261760222;4274:81.60222061760221;880:82.19355661760221;3109:84.04410061760221;3874:89.9083806176022;4306:102.02394061760221;429:103.42626061760221;3125:104.6797806176022;3406:117.0341406176022;2825:119.5038606176022;1944:120.8152206176022;130:123.2028606176022;99:123.6831006176022;4526:132.0927006176022;714:134.8895406176022;2800:136.8959406176022;4339:138.38970061760222;2419:142.99878061760222;5404:147.22566061760222;5421:148.33098061760222;1925:148.47426061760223;1883:149.51154061760224;926:153.76410061760222;925:156.70842061760223;5399:166.01322061760223;1905:167.33982061760224;830:168.51666061760224;2795:169.70034061760225;1891:169.95426061760224;827:171.02010061760225;6499:180.37494061760225;1803:186.33750061760225;1141:191.84214061760224;5241:193.43022061760223;4811:195.11286061760222;5237:199.8533406176022;608:208.71942061760222;459:209.04918061760222;2416:211.26282061760222;4011:211.92694861760222;5246:217.85211661760223;363:224.76080461760225;366:226.16588461760225;2314:227.31075661760224;2877:240.48186061760225;1748:241.60038061760224;1743:249.35478061760224;1157:254.0939234747451;2058:259.8837520461737;2092:263.27289490331657;915:268.391066331888;2980:280.58940988194473
0,47,default_vehtype,to_depot,True,60.0,278.7100146350027,2976;-1;-1,2980;-1;-1,1779.1452794361683,0.7185159768996707,0.7183380623717271,0.0,,0,,0,,,2976;7557;7316;7531;2802;2251;7515;7037;7512;3274;2902;3901;7011;7336;4365;7288;1182;1001;6296;1434;3820;3877;2787;4993;6537;7281;2307;3549;6384;4032;1804;4811;5237;608;459;2416;4011;5246;363;366;2314;2877;1748;1743;1157;2058;2092;915;2980,2976:60;7557:64.9903533706603;7316:72.3853533706603;7531:79.94031337066029;2802:87.15579337066029;2251:94.05111337066029;7515:94.91223337066029;7037:102.22419337066029;7512:109.45755337066029;3274:120.8035533706603;2902:120.91515337066029;3901:121.3831533706603;7011:123.36411337066029;7336:126.2715933706603;4365:133.8527133706603;7288:134.9759133706603;1182:135.8928333706603;1001:141.1839933706603;6296:143.5433133706603;1434:149.5023933706603;3820:154.6110333706603;3877:156.5189133706603;2787:165.3114333706603;4993:166.3604733706603;6537:172.16031337066028;7281:177.99543337066027;2307:181.51419337066025;3549:187.15143337066024;6384:187.41327337066025;4032:190.63491337066026;1804:191.55082537066025;4811:193.23346537066024;5237:197.97394537066023;608:206.84002537066024;459:207.16978537066024;2416:209.38342537066023;4011:210.04755337066024;5246:215.97272137066025;363:222.88140937066026;366:224.28648937066026;2314:225.43136137066026;2877:238.60246537066024;1748:239.72098537066023;1743:247.47538537066023;1157:252.2145282278031;2058:258.0043567992317;2092:261.39349965637456;915:266.511671084946;2980:278.7100146350027
0,20,default_vehtype,out_of_service,True,250.41372942632776,300.0,2980;-1;-1,2980;-1;-1,0.0,0.9721280955945223,0.9721280955945223,0.0,,0,,0,,,,
0,46,default_vehtype,out_of_service,True,280.58940988194473,300.0,2980;-1;-1,2980;-1;-1,0.0,0.5194033562428346,0.5194033562428346,0.0,,0,,0,,,,
0,44,default_vehtype,out_of_service,True,259.1817598991774,300.0,2980;-1;-1,2980;-1;-1,0.0,0.5299519287775074,0.5299519287775074,0.0,,0,,0,,,,
0,28,default_vehtype,out_of_service,True,250.41372942632776,300.0,2980;-1;-1,2980;-1;-1,0.0,0.5549812076518829,0.5549812076518829,0.0,,0,,0,,,,
0,0,default_vehtype,out_of_service,True,273.9524235978097,300.0,2980;-1;-1,2980;-1;-1,0.0,0.5591825376293018,0.5591825376293018,0.0,,0,,0,,,,
0,25,default_vehtype,out_of_service,True,260.44256994177533,300.0,2980;-1;-1,2980;-1;-1,0.0,0.5689310826569409,0.5689310826569409,0.0,,0,,0,,,,
0,24,default_vehtype,out_of_service,True,273.9524235978097,300.0,2980;-1;-1,2980;-1;-1,0.0,0.5914143591557383,0.5914143591557383,0.0,,0,,0,,,,
0,19,default_vehtype,out_of_service,True,260.44256994177533,300.0,2980;-1;-1,2980;-1;-1,0.0,0.6264854082525251,0.6264854082525251,0.0,,0,,0,,,,
0,4,default_vehtype,out_of_service,True,273.9524235978097,300.0,2980;-1;-1,2980;-1;-1,0.0,0.6816740636234911,0.6816740636234911,0.0,,0,,0,,,,
0,3,default_vehtype,out_of_service,True,273.9524235978097,300.0,2980;-1;-1,2980;-1;-1,0.0,0.7069501754095149,0.7069501754095149,0.0,,0,,0,,,,
0,47,default_vehtype,out_of_service,True,278.7100146350027,300.0,2980;-1;-1,2980;-1;-1,0.0,0.7183380623717271,0.7183380623717271,0.0,,0,,0,,,,
0,38,default_vehtype,out_of_service,True,263.29664665331694,300.0,2980;-1;-1,2980;-1;-1,0.0,0.8083019283827528,0.8083019283827528,0.0,,0,,0,,,,
0,42,default_vehtype,out_of_service,True,248.55199336745417,300.0,2980;-1;-1,2980;-1;-1,0.0,0.8227942736897742,0.8227942736897742,0.0,,0,,0,,,,
0,21,default_vehtype,out_of_service,True,273.9524235978097,300.0,2980;-1;-1,2980;-1;-1,0.0,0.8335238681340207,0.8335238681340207,0.0,,0,,0,,,,
0,1,default_vehtype,out_of_service,True,260.44256994177533,300.0,2980;-1;-1,2980;-1;-1,0.0,0.8351585417917138,0.8351585417917138,0.0,,0,,0,,,,
0,7,default_vehtype,to_depot,True,60.0,320.10016853250085,2971;-1;-1,2980;-1;-1,2644.349628581987,0.5644631488274267,0.5641987138645684,0.0,,0,,0,,,2971;3807;7387;2045;2835;2641;7396;2616;486;2838;3722;3732;544;7400;5449;6824;4848;3271;4846;4989;5000;337;1075;5648;5759;205;5793;1407;5826;7411;4686;5074;5295;5274;7181;604;603;602;3851;4573;1400;971;598;1368;591;585;940;1370;939;1903;983;3921;840;2881;5099;1157;2058;2092;915;2980,2971:60;3807:61.37635526815849;7387:65.4407552681585;2045:79.9789952681585;2835:82.3440752681585;2641:91.5551552681585;7396:92.1495152681585;2616:97.51111526815849;486:98.42287526815849;2838:104.74759526815849;3722:108.26683526815849;3732:130.7165552681585;544:133.4061152681585;7400:134.48167526815848;5449:135.68071526815848;6824:139.93399526815847;4848:147.41431526815848;3271:152.96743526815848;4846:154.84051526815847;4989:167.11303526815846;5000:171.87259526815845;337:179.63282726815845;1075:180.65666726815846;5648:181.45745126815845;5759:187.01577926815844;205:192.16003526815845;5793:196.28138726815845;1407:197.90153126815846;5826:200.18184326815847;7411:203.08049126815848;4686:204.15120326815847;5074:211.09171526815848;5295:211.32197126815848;5274:214.70078726815848;7181:219.21007526815848;604:222.78847526815846;603:223.85205926815846;602:224.70518726815845;3851:225.70857926815845;4573:230.01489926815844;1400:231.74757926815843;971:235.54601126815842;598:236.6132672681584;1368:237.57360326815842;591:243.4445552681584;585:256.6158032681584;940:263.1956672681584;1370:270.2222912681584;939:270.9189632681584;1903:271.7405552681584;983:272.7230672681584;3921:276.52121126815837;840:281.08205126815835;2881:287.71267526815836;5099:288.8655392681584;1157:293.6046821253012;2058:299.3945106967298;2092:302.7836535538727;915:307.9018249824441;2980:320.10016853250085
0,13,default_vehtype,to_depot,True,60.0,320.10016853250085,2971;-1;-1,2980;-1;-1,2644.349628581987,0.5806547589424982,0.58039032397964,0.0,,0,,0,,,2971;3807;7387;2045;2835;2641;7396;2616;486;2838;3722;3732;544;7400;5449;6824;4848;3271;4846;4989;5000;337;1075;5648;5759;205;5793;1407;5826;7411;4686;5074;5295;5274;7181;604;603;602;3851;4573;1400;971;598;1368;591;585;940;1370;939;1903;983;3921;840;2881;5099;1157;2058;2092;915;2980,2971:60;3807:61.37635526815849;7387:65.4407552681585;2045:79.9789952681585;2835:82.3440752681585;2641:91.5551552681585;7396:92.1495152681585;2616:97.51111526815849;486:98.42287526815849;2838:104.74759526815849;3722:108.26683526815849;3732:130.7165552681585;544:133.4061152681585;7400:134.48167526815848;5449:135.68071526815848;6824:139.93399526815847;4848:147.41431526815848;3271:152.96743526815848;4846:154.84051526815847;4989:167.11303526815846;5000:171.87259526815845;337:179.63282726815845;1075:180.65666726815846;5648:181.45745126815845;5759:187.01577926815844;205:192.16003526815845;5793:196.28138726815845;1407:197.90153126815846;5826:200.18184326815847;7411:203.08049126815848;4686:204.15120326815847;5074:211.09171526815848;5295:211.32197126815848;5274:214.70078726815848;7181:219.21007526815848;604:222.78847526815846;603:223.85205926815846;602:224.70518726815845;3851:225.70857926815845;4573:230.01489926815844;1400:231.74757926815843;971:235.54601126815842;598:236.6132672681584;1368:237.57360326815842;591:243.4445552681584;585:256.6158032681584;940:263.1956672681584;1370:270.2222912681584;939:270.9189632681584;1903:271.7405552681584;983:272.7230672681584;3921:276.52121126815837;840:281.08205126815835;2881:287.71267526815836;5099:288.8655392681584;1157:293.6046821253012;2058:299.3945106967298;2092:302.7836535538727;915:307.9018249824441;2980:320.10016853250085
0,14,default_vehtype,to_depot,True,60.0,324.65695829405007,2987;-1;-1,2980;-1;-1,2517.448126759938,0.9350060741234096,0.9347543293107337,0.0,,0,,0,,,2987;4613;1084;7357;3525;6025;3063;6027;7362;2188;2186;5744;6033;5746;6031;146;2828;2376;3091;4274;880;3109;3874;4306;429;3125;3406;2825;1944;130;99;4526;714;2800;4339;2419;5404;5421;1925;1883;926;925;5399;1905;830;2795;1891;827;6499;1803;1141;5241;4811;5237;608;459;2416;4011;5246;363;366;2314;2877;1748;1743;1157;2058;2092;915;2980,2987:60;4613:61.59624902970759;1084:65.13123302970759;7357:69.7157610297076;3525:80.59460102970759;6025:82.33606502970758;3063:83.60074502970758;6027:84.90272102970758;7362:88.91096102970758;2188:95.57412902970758;2186:96.85040102970758;5744:98.86582502970758;6033:100.23526502970758;5746:102.15867302970757;6031:103.65029702970757;146:104.61142502970758;2828:105.70323302970758;2376:111.20511302970758;3091:124.52684102970758;4274:125.66976902970758;880:126.26110502970758;3109:128.1116490297076;3874:133.9759290297076;4306:146.0914890297076;429:147.4938090297076;3125:148.7473290297076;3406:161.1016890297076;2825:163.57140902970758;1944:164.8827690297076;130:167.2704090297076;99:167.7506490297076;4526:176.16024902970761;714:178.95708902970762;2800:180.96348902970763;4339:182.45724902970764;2419:187.06632902970765;5404:191.29320902970764;5421:192.39852902970765;1925:192.54180902970765;1883:193.57908902970766;926:197.83164902970765;925:200.77596902970765;5399:210.08076902970765;1905:211.40736902970767;830:212.58420902970767;2795:213.76788902970767;1891:214.02180902970767;827:215.08764902970768;6499:224.44248902970767;1803:230.40504902970767;1141:235.90968902970766;5241:237.49776902970765;4811:239.18040902970765;5237:243.92088902970764;608:252.78696902970765;459:253.11672902970764;2416:255.33036902970764;4011:255.99449702970765;5246:261.91966502970763;363:268.8283530297076;366:270.2334330297076;2314:271.37830502970763;2877:284.54940902970765;1748:285.66792902970764;1743:293.4223290297076;1157:298.16147188685045;2058:303.95130045827904;2092:307.3404433154219;915:312.45861474399334;2980:324.65695829405007
0,29,default_vehtype,to_depot,True,60.0,318.738364575006,2973;-1;-1,2980;-1;-1,2435.2454362176595,0.8871168447171083,0.8868733201734865,0.0,,0,,0,,,2973;7354;3525;6025;3063;6027;7362;2188;2186;5744;6033;5746;6031;146;2828;2376;3091;4274;880;3109;3874;4306;429;3125;3406;2825;1944;130;99;4526;714;2800;4339;2419;5404;5421;1925;1883;926;925;5399;1905;830;2795;1891;827;6499;1803;1141;5241;4811;5237;608;459;2416;4011;5246;363;366;2314;2877;1748;1743;1157;2058;2092;915;2980,2973:60;7354:63.79716731066355;3525:74.67600731066355;6025:76.41747131066354;3063:77.68215131066354;6027:78.98412731066354;7362:82.99236731066354;2188:89.65553531066354;2186:90.93180731066354;5744:92.94723131066354;6033:94.31667131066354;5746:96.24007931066353;6031:97.73170331066353;146:98.69283131066354;2828:99.78463931066354;2376:105.28651931066354;3091:118.60824731066353;4274:119.75117531066353;880:120.34251131066353;3109:122.19305531066352;3874:128.05733531066352;4306:140.1728953106635;429:141.5752153106635;3125:142.82873531066352;3406:155.18309531066353;2825:157.65281531066353;1944:158.96417531066353;130:161.35181531066354;99:161.83205531066355;4526:170.24165531066356;714:173.03849531066356;2800:175.04489531066358;4339:176.5386553106636;2419:181.1477353106636;5404:185.3746153106636;5421:186.4799353106636;1925:186.6232153106636;1883:187.6604953106636;926:191.9130553106636;925:194.8573753106636;5399:204.1621753106636;1905:205.4887753106636;830:206.6656153106636;2795:207.84929531066362;1891:208.10321531066361;827:209.16905531066362;6499:218.52389531066362;1803:224.48645531066362;1141:229.9910953106636;5241:231.5791753106636;4811:233.2618153106636;5237:238.00229531066358;608:246.8683753106636;459:247.1981353106636;2416:249.4117753106636;4011:250.0759033106636;5246:256.0010713106636;363:262.90975931066356;366:264.31483931066356;2314:265.4597113106636;2877:278.6308153106636;1748:279.7493353106636;1743:287.50373531066356;1157:292.2428781678064;2058:298.032706739235;2092:301.42184959637785;915:306.5400210249493;2980:318.738364575006
0,31,default_vehtype,to_depot,True,60.0,320.10016853250085,2971;-1;-1,2980;-1;-1,2644.349628581987,0.684362585330482,0.6840981503676238,0.0,,0,,0,,,2971;3807;7387;2045;2835;2641;7396;2616;486;2838;3722;3732;544;7400;5449;6824;4848;3271;4846;4989;5000;337;1075;5648;5759;205;5793;1407;5826;7411;4686;5074;5295;5274;7181;604;603;602;3851;4573;1400;971;598;1368;591;585;940;1370;939;1903;983;3921;840;2881;5099;1157;2058;2092;915;2980,2971:60;3807:61.37635526815849;7387:65.4407552681585;2045:79.9789952681585;2835:82.3440752681585;2641:91.5551552681585;7396:92.1495152681585;2616:97.51111526815849;486:98.42287526815849;2838:104.74759526815849;3722:108.26683526815849;3732:130.7165552681585;544:133.4061152681585;7400:134.48167526815848;5449:135.68071526815848;6824:139.93399526815847;4848:147.41431526815848;3271:152.96743526815848;4846:154.84051526815847;4989:167.11303526815846;5000:171.87259526815845;337:179.63282726815845;1075:180.65666726815846;5648:181.45745126815845;5759:187.01577926815844;205:192.16003526815845;5793:196.28138726815845;1407:197.90153126815846;5826:200.18184326815847;7411:203.08049126815848;4686:204.15120326815847;5074:211.09171526815848;5295:211.32197126815848;5274:214.70078726815848;7181:219.21007526815848;604:222.78847526815846;603:223.85205926815846;602:224.70518726815845;3851:225.70857926815845;4573:230.01489926815844;1400:231.74757926815843;971:235.54601126815842;598:236.6132672681584;1368:237.57360326815842;591:243.4445552681584;585:256.6158032681584;940:263.1956672681584;1370:270.2222912681584;939:270.9189632681584;1903:271.7405552681584;983:272.7230672681584;3921:276.52121126815837;840:281.08205126815835;2881:287.71267526815836;5099:288.8655392681584;1157:293.6046821253012;2058:299.3945106967298;2092:302.7836535538727;915:307.9018249824441;2980:320.10016853250085
0,33,default_vehtype,to_depot,True,60.0,319.38433015831595,2989;-1;-1,2980;-1;-1,2638.3843087971127,0.5023477380962735,0.5020838996653938,0.0,,0,,0,,,2989;3808;7388;2045;2835;2641;7396;2616;486;2838;3722;3732;544;7400;5449;6824;4848;3271;4846;4989;5000;337;1075;5648;5759;205;5793;1407;5826;7411;4686;5074;5295;5274;7181;604;603;602;3851;4573;1400;971;598;1368;591;585;940;1370;939;1903;983;3921;840;2881;5099;1157;2058;2092;915;2980,2989:60;3808:60.66051689397359;7388:64.7249168939736;2045:79.2631568939736;2835:81.62823689397361;2641:90.8393168939736;7396:91.4336768939736;2616:96.7952768939736;486:97.7070368939736;2838:104.0317568939736;3722:107.55099689397359;3732:130.0007168939736;544:132.6902768939736;7400:133.76583689397359;5449:134.96487689397358;6824:139.21815689397357;4848:146.69847689397358;3271:152.25159689397358;4846:154.12467689397357;4989:166.39719689397356;5000:171.15675689397355;337:178.91698889397355;1075:179.94082889397356;5648:180.74161289397355;5759:186.29994089397354;205:191.44419689397355;5793:195.56554889397356;1407:197.18569289397357;5826:199.46600489397358;7411:202.36465289397358;4686:203.43536489397357;5074:210.37587689397358;5295:210.60613289397358;5274:213.98494889397358;7181:218.49423689397358;604:222.07263689397357;603:223.13622089397356;602:223.98934889397356;3851:224.99274089397355;4573:229.29906089397355;1400:231.03174089397353;971:234.83017289397353;598:235.8974288939735;1368:236.85776489397352;591:242.7287168939735;585:255.8999648939735;940:262.4798288939735;1370:269.5064528939735;939:270.2031248939735;1903:271.0247168939735;983:272.0072288939735;3921:275.80537289397347;840:280.36621289397345;2881:286.99683689397347;5099:288.1497008939735;1157:292.8888437511163;2058:298.6786723225449;2092:302.0678151796878;915:307.1859866082592;2980:319.38433015831595
0,34,default_vehtype,to_depot,True,60.0,328.8825657073214,2988;-1;-1,2980;-1;-1,2896.2071186109297,0.5485506378965306,0.5482610171846696,0.0,,0,,0,,,2988;3447;3721;5333;251;2711;3358;2296;5495;5697;5497;5500;670;5502;5512;5520;5531;6313;6632;6644;3793;6319;7102;3741;7384;6414;5446;2447;2571;42;2577;2566;3033;3036;2469;2404;2235;3762;5287;310;2280;1447;6261;3764;4397;4745;4182;4187;4191;4195;4202;4208;5653;5764;205;5793;1407;5826;7411;4686;5074;5295;5274;7181;604;603;602;3851;4573;1400;971;598;1368;591;585;940;1370;939;1903;983;3921;840;2881;5099;1157;2058;2092;915;2980,2988:60;3447:61.539512442978996;3721:64.569200442979;5333:65.560640442979;251:66.30821644297899;2711:67.44603244297899;3358:69.66104044297899;2296:77.96204044297899;5495:78.178880442979;5697:79.28264044297899;5497:79.98008044297899;5500:82.88732044297899;670:84.284720442979;5502:86.632160442979;5512:90.153920442979;5520:92.607920442979;5531:94.304840442979;6313:95.329880442979;6632:97.626920442979;6644:99.198200442979;3793:101.047400442979;6319:101.96312044297899;7102:102.441200442979;3741:102.980840442979;7384:110.63984044297901;6414:115.84700044297901;5446:118.114760442979;2447:122.05088044297901;2571:129.639800442979;42:134.30780044297902;2577:134.98028044297902;2566:143.579360442979;3033:144.210320442979;3036:146.479880442979;2469:150.072200442979;2404:153.395720442979;2235:154.679120442979;3762:155.102552442979;5287:155.641616442979;310:158.431832442979;2280:159.03094444297898;1447:159.47684044297898;6261:163.354832442979;3764:164.360528442979;4397:164.911184442979;4745:165.13748044297898;4182:169.591256442979;4187:172.253312442979;4191:172.991600442979;4195:187.454888442979;4202:188.45741644297902;4208:189.43906444297903;5653:190.23984844297902;5764:195.798176442979;205:200.94243244297903;5793:205.06378444297903;1407:206.68392844297904;5826:208.96424044297905;7411:211.86288844297906;4686:212.93360044297904;5074:219.87411244297905;5295:220.10436844297905;5274:223.48318444297905;7181:227.99247244297905;604:231.57087244297904;603:232.63445644297903;602:233.48758444297903;3851:234.49097644297902;4573:238.79729644297902;1400:240.529976442979;971:244.328408442979;598:245.39566444297898;1368:246.356000442979;591:252.22695244297898;585:265.398200442979;940:271.97806444297896;1370:279.004688442979;939:279.70136044297897;1903:280.522952442979;983:281.50546444297896;3921:285.30360844297894;840:289.8644484429789;2881:296.49507244297894;5099:297.64793644297896;1157:302.3870793001218;2058:308.1769078715504;2092:311.56605072869326;915:316.6842221572647;2980:328.8825657073214
0,40,default_vehtype,to_depot,True,60.0,319.38433015831595,2989;-1;-1,2980;-1;-1,2638.3843087971127,0.5480492039469815,0.5477853655161018,0.0,,0,,0,,,2989;3808;7388;2045;2835;2641;7396;2616;486;2838;3722;3732;544;7400;5449;6824;4848;3271;4846;4989;5000;337;1075;5648;5759;205;5793;1407;5826;7411;4686;5074;5295;5274;7181;604;603;602;3851;4573;1400;971;598;1368;591;585;940;1370;939;1903;983;3921;840;2881;5099;1157;2058;2092;915;2980,2989:60;3808:60.66051689397359;7388:64.7249168939736;2045:79.2631568939736;2835:81.62823689397361;2641:90.8393168939736;7396:91.4336768939736;2616:96.7952768939736;486:97.7070368939736;2838:104.0317568939736;3722:107.55099689397359;3732:130.0007168939736;544:132.6902768939736;7400:133.76583689397359;5449:134.96487689397358;6824:139.21815689397357;4848:146.69847689397358;3271:152.25159689397358;4846:154.12467689397357;4989:166.39719689397356;5000:171.15675689397355;337:178.91698889397355;1075:179.94082889397356;5648:180.74161289397355;5759:186.29994089397354;205:191.44419689397355;5793:195.56554889397356;1407:197.18569289397357;5826:199.46600489397358;7411:202.36465289397358;4686:203.43536489397357;5074:210.37587689397358;5295:210.60613289397358;5274:213.98494889397358;7181:218.49423689397358;604:222.07263689397357;603:223.13622089397356;602:223.98934889397356;3851:224.99274089397355;4573:229.29906089397355;1400:231.03174089397353;971:234.83017289397353;598:235.8974288939735;1368:236.85776489397352;591:242.7287168939735;585:255.8999648939735;940:262.4798288939735;1370:269.5064528939735;939:270.2031248939735;1903:271.0247168939735;983:272.0072288939735;3921:275.80537289397347;840:280.36621289397345;2881:286.99683689397347;5099:288.1497008939735;1157:292.8888437511163;2058:298.6786723225449;2092:302.0678151796878;915:307.1859866082592;2980:319.38433015831595
0,48,default_vehtype,to_depot,True,60.0,328.8825657073214,2988;-1;-1,2980;-1;-1,2896.2071186109297,0.7644474598764522,0.7641578391645912,0.0,,0,,0,,,2988;3447;3721;5333;251;2711;3358;2296;5495;5697;5497;5500;670;5502;5512;5520;5531;6313;6632;6644;3793;6319;7102;3741;7384;6414;5446;2447;2571;42;2577;2566;3033;3036;2469;2404;2235;3762;5287;310;2280;1447;6261;3764;4397;4745;4182;4187;4191;4195;4202;4208;5653;5764;205;5793;1407;5826;7411;4686;5074;5295;5274;7181;604;603;602;3851;4573;1400;971;598;1368;591;585;940;1370;939;1903;983;3921;840;2881;5099;1157;2058;2092;915;2980,2988:60;3447:61.539512442978996;3721:64.569200442979;5333:65.560640442979;251:66.30821644297899;2711:67.44603244297899;3358:69.66104044297899;2296:77.96204044297899;5495:78.178880442979;5697:79.28264044297899;5497:79.98008044297899;5500:82.88732044297899;670:84.284720442979;5502:86.632160442979;5512:90.153920442979;5520:92.607920442979;5531:94.304840442979;6313:95.329880442979;6632:97.626920442979;6644:99.198200442979;3793:101.047400442979;6319:101.96312044297899;7102:102.441200442979;3741:102.980840442979;7384:110.63984044297901;6414:115.84700044297901;5446:118.114760442979;2447:122.05088044297901;2571:129.639800442979;42:134.30780044297902;2577:134.98028044297902;2566:143.579360442979;3033:144.210320442979;3036:146.479880442979;2469:150.072200442979;2404:153.395720442979;2235:154.679120442979;3762:155.102552442979;5287:155.641616442979;310:158.431832442979;2280:159.03094444297898;1447:159.47684044297898;6261:163.354832442979;3764:164.360528442979;4397:164.911184442979;4745:165.13748044297898;4182:169.591256442979;4187:172.253312442979;4191:172.991600442979;4195:187.454888442979;4202:188.45741644297902;4208:189.43906444297903;5653:190.23984844297902;5764:195.798176442979;205:200.94243244297903;5793:205.06378444297903;1407:206.68392844297904;5826:208.96424044297905;7411:211.86288844297906;4686:212.93360044297904;5074:219.87411244297905;5295:220.10436844297905;5274:223.48318444297905;7181:227.99247244297905;604:231.57087244297904;603:232.63445644297903;602:233.48758444297903;3851:234.49097644297902;4573:238.79729644297902;1400:240.529976442979;971:244.328408442979;598:245.39566444297898;1368:246.356000442979;591:252.22695244297898;585:265.398200442979;940:271.97806444297896;1370:279.004688442979;939:279.70136044297897;1903:280.522952442979;983:281.50546444297896;3921:285.30360844297894;840:289.8644484429789;2881:296.49507244297894;5099:297.64793644297896;1157:302.3870793001218;2058:308.1769078715504;2092:311.56605072869326;915:316.6842221572647;2980:328.8825657073214
0,33,default_vehtype,out_of_service,True,319.38433015831595,360.0,2980;-1;-1,2980;-1;-1,0.0,0.5020838996653938,0.5020838996653938,0.0,,0,,0,,,,
0,40,default_vehtype,out_of_service,True,319.38433015831595,360.0,2980;-1;-1,2980;-1;-1,0.0,0.5477853655161018,0.5477853655161018,0.0,,0,,0,,,,
0,34,default_vehtype,out_of_service,True,328.8825657073214,360.0,2980;-1;-1,2980;-1;-1,0.0,0.5482610171846696,0.5482610171846696,0.0,,0,,0,,,,
0,7,default_vehtype,out_of_service,True,320.10016853250085,360.0,2980;-1;-1,2980;-1;-1,0.0,0.5641987138645684,0.5641987138645684,0.0,,0,,0,,,,
0,13,default_vehtype,out_of_service,True,320.10016853250085,360.0,2980;-1;-1,2980;-1;-1,0.0,0.58039032397964,0.58039032397964,0.0,,0,,0,,,,
0,31,default_vehtype,out_of_service,True,320.10016853250085,360.0,2980;-1;-1,2980;-1;-1,0.0,0.6840981503676238,0.6840981503676238,0.0,,0,,0,,,,
0,48,default_vehtype,out_of_service,True,328.8825657073214,360.0,2980;-1;-1,2980;-1;-1,0.0,0.7641578391645912,0.7641578391645912,0.0,,0,,0,,,,
0,29,default_vehtype,out_of_service,True,318.738364575006,360.0,2980;-1;-1,2980;-1;-1,0.0,0.8868733201734865,0.8868733201734865,0.0,,0,,0,,,,
0,14,default_vehtype,out_of_service,True,324.65695829405007,360.0,2980;-1;-1,2980;-1;-1,0.0,0.9347543293107337,0.9347543293107337,0.0,,0,,0,,,,
0,20,default_vehtype,route,False,360.0,531.3633828188039,2980;-1;-1,2982;-1;-1,1073.2139374407914,0.9721280955945223,0.9720207742007783,0.0,,0,,0,,,2980;914;2135;1730;2664;2579;2961;2407;2581;370;361;2874;1887;4059;910;6541;3462;3648;2851;2850;1801;1560;5242;922;6385;3550;6322;7280;2411;1661;7283;796;751;4635;6299;4102;4325;7285;1218;2982,2980:360;914:375.88217073565755;2135:383.8330278785147;1730:399.28937073565754;2664:401.11148502137183;2579:405.98742787851467;2961:422.7582850213718;2407:428.00708502137184;2581:436.49434216422895;370:438.07719016422897;361:440.57429416422895;2874:441.16030216422894;1887:446.81568616422896;4059:448.734990164229;910:453.251190164229;6541:453.915318164229;3462:456.128958164229;3648:456.458718164229;2851:461.132958164229;2850:462.066318164229;1801:465.361998164229;1560:470.102478164229;5242:471.785118164229;922:472.701030164229;6385:475.922670164229;3550:476.184510164229;6322:481.821750164229;7280:485.340510164229;2411:491.175630164229;1661:496.975470164229;7283:498.024510164229;796:506.81703016422904;751:508.724910164229;4635:513.833550164229;6299:519.792630164229;4102:522.151950164229;4325:527.443110164229;7285:528.360030164229;1218:529.483230164229;2982:531.3633828188039
0,49,default_vehtype,route,False,300.0,493.21541000582107,2973;-1;-1,2970;-1;-1,1824.0581335204495,0.5600982806065844,0.5599158747932323,0.0,,0,,0,,,2973;7354;4225;4614;7369;7607;5900;3459;4818;5992;6047;5708;3884;3030;3347;7376;2207;3446;3720;5332;251;2711;3358;2296;5495;5696;3307;3987;6878;746;2834;2045;2835;2641;7396;2616;486;2838;3722;3732;544;7400;5449;6824;4848;1631;1593;6821;1946;7401;3560;2970,2973:300;7354:303.79716731066355;4225:308.38169531066353;4614:311.91667931066354;7369:323.6217913106635;7607:323.85118331066354;5900:327.32287931066355;3459:328.07844731066353;4818:328.69332731066356;5992:329.1701113106636;6047:333.3586393106636;5708:334.7529193106636;3884:337.29250331066356;3030:337.79052731066355;3347:339.81473531066354;7376:340.25011931066354;2207:340.6590073106635;3446:343.4824153106635;3720:346.5121033106635;5332:347.50354331066353;251:348.2511193106635;2711:349.3889353106635;3358:351.6039433106635;2296:359.9049433106635;5495:360.1217833106635;5696:360.8845033106635;3307:371.6229433106635;3987:378.4501033106635;6878:379.0534633106635;746:380.1214633106635;2834:384.1858633106635;2045:398.72410331066345;2835:401.08918331066343;2641:410.3002633106634;7396:410.8946233106634;2616:416.2562233106634;486:417.16798331066343;2838:423.49270331066344;3722:427.01194331066347;3732:449.4616633106635;544:452.15122331066345;7400:453.22678331066345;5449:454.4258233106635;6824:458.6791033106635;4848:466.1594233106635;1631:471.85359473923495;1593:477.5477661678064;6821:485.0280861678064;1946:489.2813661678064;7401:490.48040616780645;3560:491.55596616780645;2970:493.21541000582107
0,49,default_vehtype,boarding,True,493.21541000582107,523.215410005821,2970;-1;-1,2970;-1;-1,0.0,0.5599158747932323,0.5599158747932323,0.0,,0,2,1,2,,,
0,20,default_vehtype,boarding,True,531.3633828188039,561.3633828188039,2982;-1;-1,2982;-1;-1,0.0,0.9720207742007783,0.9720207742007783,0.0,,0,3,1,3,,,
0,20,default_vehtype,route,False,561.3633828188039,600.0,2982;-1;-1,3877;2787;0.306,321.9718098433003,0.9720207742007783,0.9719885770197939,0.0,,0,3,1,,,2982;2809;4365;7288;1182;1001;6296;1434;3820;3877,2982:561.3633828188039;2809:567.064350164229;4365:574.6454701642291;7288:575.7686701642291;1182:576.6855901642291;1001:581.9767501642291;6296:584.3360701642291;1434:590.2951501642291;3820:595.4037901642291;3877:597.3116701642291
0,20,default_vehtype,route,True,600.0,719.5027714285715,3877;2787;0.306,2980;-1;-1,952.4182527159082,0.9719885770197939,0.9718933351945223,0.0,,0,3,1,,,3877;2787;4993;6537;7281;2307;3549;6384;4032;1804;4811;5237;608;459;2416;4011;5246;363;366;2314;2877;1748;1743;1157;2058;2092;915;2980,3877:600;2787:606.1041901642291;4993:607.1532301642291;6537:612.9530701642291;7281:618.788190164229;2307:622.3069501642291;3549:627.9441901642291;6384:628.2060301642291;4032:631.4276701642291;1804:632.3435821642291;4811:634.0262221642291;5237:638.7667021642292;608:647.6327821642292;459:647.9625421642291;2416:650.1761821642292;4011:650.8403101642292;5246:656.7654781642292;363:663.6741661642292;366:665.0792461642292;2314:666.2241181642291;2877:679.3952221642292;1748:680.5137421642291;1743:688.2681421642292;1157:693.007285021372;2058:698.7971135928005;2092:702.1862564499434;915:707.3044278785147;2980:719.5027714285715
0,49,default_vehtype,route,False,523.215410005821,694.8518931380985,2970;-1;-1,2987;-1;-1,1834.4631759372726,0.5599158747932323,0.5597324284756386,0.0,,0,2,1,,,2970;671;662;7398;3491;6933;7394;6989;7392;5704;7389;3806;2573;885;316;2042;1982;6306;374;7114;3246;5330;661;445;6080;7381;364;3029;3886;5711;6045;2157;4817;456;5901;7605;2830;1420;1084;7357;2826;2827;4225;2987,2970:523.215410005821;671:524.2455261678064;662:546.6952461678063;7398:550.2144861678063;3491:556.5392061678062;6933:557.4509661678062;7394:562.8125661678062;6989:563.4069261678062;7392:572.6180061678062;5704:574.9830861678063;7389:589.5213261678063;3806:593.5857261678062;2573:594.6537261678062;885:595.2570861678062;316:602.0842461678062;2042:612.8226861678062;1982:613.5854061678061;6306:613.8022461678062;374:622.1032461678062;7114:624.3182541678062;3246:625.4560701678063;5330:626.2036461678063;661:627.1950861678063;445:630.2247741678062;6080:633.0481821678062;7381:633.4570701678063;364:633.8924541678062;3029:635.9166621678063;3886:636.4146861678063;5711:638.9542701678063;6045:640.3485501678063;2157:644.5370781678063;4817:645.0138621678062;456:645.6287421678062;5901:646.3843101678062;7605:649.8560061678062;2830:650.0853981678061;1420:661.7905101678061;1084:665.3254941678061;7357:669.9100221678061;2826:679.1193261678061;2827:688.3286301678061;4225:692.913158167806;2987:694.8518931380985
0,20,default_vehtype,boarding,True,719.5027714285715,749.5027714285715,2980;-1;-1,2980;-1;-1,0.0,0.9718933351945223,0.9718933351945223,0,,0,3,1,,3,,
0,49,default_vehtype,boarding,True,694.8518931380985,724.8518931380985,2987;-1;-1,2987;-1;-1,0.0,0.5597324284756386,0.5597324284756386,0,,0,2,1,,2,,
0,20,default_vehtype,out_of_service,True,780,840,2980;-1;-1,2980;-1;-1,0.0,0.9718933351945223,0.9718933351945223,0,,0,,0,,,,
0,49,default_vehtype,route,False,724.8518931380985,902.7752710645458,2987;-1;-1,2983;-1;-1,1775.4145805044843,0.5597324284756386,0.5595548870175882,0.0,,0,,0,,,2987;4613;1084;7357;3525;6025;3063;6027;7362;2188;2186;5744;6033;5746;6031;146;2828;2376;3091;4274;880;3109;3874;4306;429;4313;68;7318;7325;3011;4;4345;7330;7562;7316;7531;2802;2251;7515;4311;2918;1172;2919;6201;7314;2983,2987:724.8518931380985;4613:726.448142167806;1084:729.9831261678061;7357:734.567654167806;3525:745.446494167806;6025:747.187958167806;3063:748.452638167806;6027:749.7546141678059;7362:753.7628541678059;2188:760.426022167806;2186:761.7022941678059;5744:763.717718167806;6033:765.087158167806;5746:767.010566167806;6031:768.502190167806;146:769.463318167806;2828:770.5551261678061;2376:776.0570061678061;3091:789.3787341678061;4274:790.5216621678061;880:791.112998167806;3109:792.963542167806;3874:798.8278221678061;4306:810.943382167806;429:812.345702167806;4313:813.528662167806;68:819.127022167806;7318:825.795062167806;7325:829.121822167806;3011:833.132462167806;4:837.917582167806;4345:839.9610621678061;7330:841.164062167806;7562:848.997902167806;7316:856.392902167806;7531:863.9478621678061;2802:871.163342167806;2251:878.058662167806;7515:878.919782167806;4311:883.6697250249489;2918:885.6250393106632;1172:887.5803535963774;2919:892.3302964535203;6201:893.1914164535203;7314:900.0867364535203;2983:902.7752710645458
0,49,default_vehtype,boarding,True,902.7752710645458,932.7752710645458,2983;-1;-1,2983;-1;-1,0.0,0.5595548870175882,0.5595548870175882,0.0,,0,5,1,5,,,
0,49,default_vehtype,route,False,932.7752710645458,1010.5338458186853,2983;-1;-1,2985;-1;-1,660.4731749798569,0.5595548870175882,0.5594888397000901,0.0,,0,5,1,,,2983;7527;2803;7558;2806;4344;2996;3013;7322;2804;3061;1173;3425;4304;793;118;3979;2985,2983:932.7752710645458;7527:937.3022164535203;2803:944.8571764535203;7558:952.2521764535203;2806:960.0860164535203;4344:961.2890164535203;2996:963.3324964535203;3013:968.1176164535203;7322:972.1282564535203;2804:975.4550164535203;3061:982.1230564535203;1173:987.7214164535203;3425:988.9043764535203;4304:990.3066964535203;793:1002.4222564535203;118:1008.2865364535203;3979:1010.1370804535203;2985:1010.5338458186853
0,49,default_vehtype,boarding,True,1010.5338458186853,1040.5338458186852,2985;-1;-1,2985;-1;-1,0.0,0.5594888397000901,0.5594888397000901,0,,0,5,1,,5,,
0,49,default_vehtype,route,False,1040.5338458186852,1094.2143030828595,2985;-1;-1,2976;-1;-1,461.98409183942806,0.5594888397000901,0.5594426412909062,0.0,,0,,0,,,2985;1140;880;3109;3874;4306;429;4313;68;7318;7325;3011;4;4345;7330;2976,2985:1040.5338458186852;1140:1040.7284164535201;880:1041.31975245352;3109:1043.17029645352;3874:1049.03457645352;4306:1061.15013645352;429:1062.5524564535199;4313:1063.73541645352;68:1069.33377645352;7318:1076.00181645352;7325:1079.3285764535199;3011:1083.3392164535198;4:1088.1243364535198;4345:1090.16781645352;7330:1091.3708164535199;2976:1094.2143030828595
0,49,default_vehtype,boarding,True,1094.2143030828595,1124.2143030828595,2976;-1;-1,2976;-1;-1,0.0,0.5594426412909062,0.5594426412909062,0.0,,0,9,1,9,,,
0,20,default_vehtype,route,False,900.0,1151.0352809182605,2980;-1;-1,2977;-1;-1,1625.8395644600691,0.9718933351945223,0.9717307512380764,0.0,,0,,0,,,2980;914;2135;1730;2664;2579;2961;2407;2581;370;361;2874;1887;4059;910;6541;3462;3648;2851;2850;1801;1560;5242;922;6385;3550;6322;7280;2411;1661;7283;796;751;4635;6299;4102;4325;7285;1218;7334;7010;820;7498;276;2915;2661;7517;6201;7314;7529;7535;2931;2929;2927;2802;2977,2980:900;914:915.8821707356576;2135:923.8330278785147;1730:939.2893707356576;2664:941.1114850213719;2579:945.9874278785147;2961:962.7582850213719;2407:968.0070850213718;2581:976.494342164229;370:978.077190164229;361:980.5742941642291;2874:981.160302164229;1887:986.8156861642291;4059:988.7349901642291;910:993.2511901642291;6541:993.9153181642291;3462:996.1289581642292;3648:996.4587181642291;2851:1001.1329581642292;2850:1002.0663181642292;1801:1005.3619981642291;1560:1010.1024781642292;5242:1011.7851181642292;922:1012.7010301642292;6385:1015.9226701642292;3550:1016.1845101642292;6322:1021.8217501642292;7280:1025.3405101642293;2411:1031.1756301642292;1661:1036.9754701642291;7283:1038.0245101642292;796:1046.8170301642292;751:1048.7249101642292;4635:1053.833550164229;6299:1059.7926301642292;4102:1062.1519501642292;4325:1067.4431101642292;7285:1068.360030164229;1218:1069.483230164229;7334:1077.0643501642292;7010:1079.9718301642292;820:1081.9527901642293;7498:1082.4207901642294;276:1082.5323901642294;2915:1093.8783901642294;2661:1101.1117501642293;7517:1108.4237101642293;6201:1109.2848301642293;7314:1116.1801501642294;7529:1123.3956301642295;7535:1128.4551730213723;2931:1132.1066015928009;2929:1135.7580301642295;2927:1140.8175730213723;2802:1148.0330530213723;2977:1151.0352809182605
0,20,default_vehtype,boarding,True,1151.0352809182605,1181.0352809182605,2977;-1;-1,2977;-1;-1,0.0,0.9717307512380764,0.9717307512380764,0.0,,0,8;10,2,8;10,,,
0,49,default_vehtype,route,False,1124.2143030828595,1237.776826250952,2976;-1;-1,2982;-1;-1,828.4892168769597,0.5594426412909062,0.5593597923692185,0.0,,0,9,1,,,2976;7557;7316;7531;2802;2251;7515;7037;7512;3274;2902;3901;7011;7336;4365;7288;1182;1001;6296;6301;2298;2295;2293;4102;4325;7285;1218;2982,2976:1124.2143030828595;7557:1129.2046564535199;7316:1136.5996564535199;7531:1144.1546164535198;2802:1151.3700964535199;2251:1158.26541645352;7515:1159.12653645352;7037:1166.43849645352;7512:1173.67185645352;3274:1185.01785645352;2902:1185.1294564535199;3901:1185.59745645352;7011:1187.57841645352;7336:1190.4858964535201;4365:1198.0670164535202;7288:1199.1902164535202;1182:1200.10713645352;1001:1205.39829645352;6296:1207.75761645352;6301:1212.6999021678057;2298:1216.9818450249486;2295:1221.2637878820915;2293:1226.206073596377;4102:1228.5653935963771;4325:1233.8565535963771;7285:1234.773473596377;1218:1235.896673596377;2982:1237.776826250952
0,20,default_vehtype,route,False,1181.0352809182605,1292.9798404037697,2977;-1;-1,2986;-1;-1,1060.4065922814566,0.9717307512380764,0.9716247105788482,0.0,,0,8;10,2,,,2977;6202;7315;7530;2803;7558;2806;4344;2996;3013;7322;2804;3061;1173;3425;4304;793;118;3979;4275;103;6480;7360;2986,2977:1181.0352809182605;6202:1184.9283730213722;7315:1191.8236930213723;7530:1199.0391730213723;2803:1206.5941330213723;7558:1213.9891330213723;2806:1221.8229730213723;4344:1223.0259730213722;2996:1225.0694530213723;3013:1229.8545730213723;7322:1233.8652130213723;2804:1237.1919730213722;3061:1243.8600130213722;1173:1249.4583730213722;3425:1250.6413330213722;4304:1252.0436530213722;793:1264.1592130213721;118:1270.0234930213721;3979:1271.874037021372;4275:1272.465373021372;103:1273.608301021372;6480:1286.9300290213719;7360:1292.431909021372;2986:1292.9798404037697
0,49,default_vehtype,boarding,True,1237.776826250952,1267.776826250952,2982;-1;-1,2982;-1;-1,0.0,0.5593597923692185,0.5593597923692185,0.0,,0,9,1,,9,,
0,20,default_vehtype,boarding,True,1292.9798404037697,1322.9798404037697,2986;-1;-1,2986;-1;-1,0.0,0.9716247105788482,0.9716247105788482,0.0,,0,8;10,2,,8,,
0,49,default_vehtype,route,False,1267.776826250952,1347.4487243504084,2982;-1;-1,2977;-1;-1,552.6256270192777,0.5593597923692185,0.5593045298065166,0.0,,0,,0,,,2982;2809;7010;820;7498;276;2915;2661;7517;6201;7314;7529;7535;2931;2929;2927;2802;2977,2982:1267.776826250952;2809:1273.477793596377;7010:1276.3852735963771;820:1278.3662335963772;7498:1278.8342335963773;276:1278.9458335963773;2915:1290.2918335963773;2661:1297.5251935963772;7517:1304.8371535963772;6201:1305.6982735963772;7314:1312.5935935963773;7529:1319.8090735963774;7535:1324.8686164535202;2931:1328.5200450249488;2929:1332.1714735963774;2927:1337.2310164535202;2802:1344.4464964535202;2977:1347.4487243504084
0,49,default_vehtype,boarding,True,1347.4487243504084,1377.4487243504084,2977;-1;-1,2977;-1;-1,0.0,0.5593045298065166,0.5593045298065166,0.0,,0,11,1,11,,,
0,49,default_vehtype,route,False,1377.4487243504084,1491.0206495993752,2977;-1;-1,2981;-1;-1,969.4191104080554,0.5593045298065166,0.5592075878954759,0.0,,0,11,1,,,2977;6202;7516;7037;7512;3274;2902;3901;7011;7336;4365;7288;4302;5102;7160;7294;2701;3076;4023;7300;1891;827;6499;1803;1141;5241;922;6385;3550;2981,2977:1377.4487243504084;6202:1381.34181645352;7516:1382.2029364535201;7037:1389.5148964535201;7512:1396.74825645352;3274:1408.09425645352;2902:1408.20585645352;3901:1408.67385645352;7011:1410.6548164535202;7336:1413.5622964535203;4365:1421.1434164535203;7288:1422.2666164535203;4302:1423.6784164535204;5102:1434.7869364535204;7160:1436.2421764535204;7294:1444.9606564535204;2701:1450.7627764535205;3076:1451.6121364535204;4023:1459.4850964535203;7300:1460.6272564535204;1891:1460.8811764535205;827:1461.9470164535205;6499:1471.3018564535205;1803:1477.2644164535204;1141:1482.7690564535205;5241:1484.3571364535205;922:1485.2730484535205;6385:1488.4946884535204;3550:1488.7565284535203;2981:1491.0206495993752
0,20,default_vehtype,route,False,1322.9798404037697,1512.4959680907443,2986;-1;-1,2991;-1;-1,2166.9757734302116,0.9716247105788482,0.9714080130015053,0.0,,0,10,1,,,2986;3155;6029;5745;6035;5743;6038;6041;7365;6050;6068;6077;3629;4502;6912;2108;7370;7608;5900;3459;4818;5992;6047;5708;3884;3030;3347;7376;2207;3446;3720;5332;251;2711;3358;2296;5495;5697;5497;5500;670;5502;5512;5520;5531;6313;6632;6644;3793;6319;7102;3741;7384;6414;5446;2447;2571;42;2577;2566;3033;3036;2469;2404;2235;3762;5287;310;2280;1447;6261;3764;4397;4745;4182;4187;4191;4195;4202;4208;537;2991,2986:1322.9798404037697;3155:1323.5237170213718;6029:1324.4848450213717;5745:1325.9764690213717;6035:1327.8998770213718;5743:1329.2693170213718;6038:1331.2847410213717;6041:1332.5610130213718;7365:1339.2241810213718;6050:1341.4977250213717;6068:1345.7240530213717;6077:1346.3697490213717;3629:1347.9270370213717;4502:1348.3899250213717;6912:1353.5383570213717;2108:1355.4347650213717;7370:1361.9614930213718;7608:1362.1908850213717;5900:1365.6625810213718;3459:1366.4181490213718;4818:1367.033029021372;5992:1367.5098130213719;6047:1371.6983410213718;5708:1373.0926210213718;3884:1375.6322050213719;3030:1376.1302290213719;3347:1378.154437021372;7376:1378.589821021372;2207:1378.998709021372;3446:1381.822117021372;3720:1384.851805021372;5332:1385.843245021372;251:1386.590821021372;2711:1387.728637021372;3358:1389.9436450213718;2296:1398.2446450213718;5495:1398.4614850213718;5697:1399.5652450213718;5497:1400.2626850213717;5500:1403.1699250213717;670:1404.5673250213717;5502:1406.9147650213717;5512:1410.4365250213718;5520:1412.8905250213718;5531:1414.5874450213719;6313:1415.6124850213719;6632:1417.9095250213718;6644:1419.4808050213717;3793:1421.3300050213718;6319:1422.2457250213718;7102:1422.7238050213718;3741:1423.2634450213718;7384:1430.922445021372;6414:1436.1296050213718;5446:1438.3973650213718;2447:1442.3334850213719;2571:1449.9224050213718;42:1454.5904050213717;2577:1455.2628850213716;2566:1463.8619650213716;3033:1464.4929250213715;3036:1466.7624850213715;2469:1470.3548050213715;2404:1473.6783250213714;2235:1474.9617250213714;3762:1475.3851570213715;5287:1475.9242210213715;310:1478.7144370213716;2280:1479.3135490213717;1447:1479.7594450213717;6261:1483.6374370213716;3764:1484.6431330213716;4397:1485.1937890213715;4745:1485.4200850213715;4182:1489.8738610213716;4187:1492.5359170213715;4191:1493.2742050213715;4195:1507.7374930213714;4202:1508.7400210213714;4208:1509.7216690213713;537:1510.6756690213713;2991:1512.4959680907443
0,20,default_vehtype,boarding,True,1512.4959680907443,1542.4959680907443,2991;-1;-1,2991;-1;-1,0.0,0.9714080130015053,0.9714080130015053,0.0,,0,10,1,,10,,
0,49,default_vehtype,boarding,True,1491.0206495993752,1521.0206495993752,2981;-1;-1,2981;-1;-1,0.0,0.5592075878954759,0.5592075878954759,0.0,,0,11,1,,11,,
0,20,default_vehtype,route,False,1542.4959680907443,1599.2488730394703,2991;-1;-1,2993;-1;-1,788.2347909545251,0.9714080130015053,0.9713291895224098,0.0,,0,,0,,,2991;3010;5631;1068;2559;6740;1717;2067;2063;1937;6789;3895;5465;7450;2993,2991:1542.4959680907443;3010:1546.5432370213714;5631:1552.3926610213714;1068:1554.9450610213714;2559:1561.9956610213715;6740:1566.4662850213715;1717:1572.3000130213716;2067:1573.0377970213715;2063:1573.7540530213714;1937:1577.0240050213715;6789:1587.5604130213715;3895:1588.8273970213716;5465:1596.3593170213715;7450:1597.3435570213715;2993:1599.2488730394703
0,20,default_vehtype,boarding,True,1599.2488730394703,1629.2488730394703,2993;-1;-1,2993;-1;-1,0.0,0.9713291895224098,0.9713291895224098,0.0,,0,15,1,15,,,
0,49,default_vehtype,route,False,1521.0206495993752,1653.6072992075515,2981;-1;-1,2977;-1;-1,993.5818895919444,0.5592075878954759,0.5591082297065166,0.0,,0,,0,,,2981;6320;7278;2411;1661;7283;796;751;4635;6299;4102;4325;7285;1218;7334;7010;820;7498;276;2915;2661;7517;6201;7314;7529;7535;2931;2929;2927;2802;2977,2981:1521.0206495993752;6320:1524.3937684535204;7278:1527.9125284535203;2411:1533.7476484535202;1661:1539.5474884535201;7283:1540.5965284535202;796:1549.3890484535202;751:1551.2969284535202;4635:1556.4055684535201;6299:1562.3646484535202;4102:1564.7239684535202;4325:1570.0151284535202;7285:1570.93204845352;1218:1572.05524845352;7334:1579.6363684535202;7010:1582.5438484535202;820:1584.5248084535203;7498:1584.9928084535204;276:1585.1044084535204;2915:1596.4504084535204;2661:1603.6837684535203;7517:1610.9957284535203;6201:1611.8568484535203;7314:1618.7521684535204;7529:1625.9676484535205;7535:1631.0271913106633;2931:1634.6786198820919;2929:1638.3300484535205;2927:1643.3895913106633;2802:1650.6050713106633;2977:1653.6072992075515
0,20,default_vehtype,route,False,1629.2488730394703,1693.0453140694249,2993;-1;-1,2969;-1;-1,886.0616809715948,0.9713291895224098,0.9712405833543125,0.0,,0,15,1,,,2993;4483;7446;1960;816;6786;5444;1716;2720;4210;1711;98;2497;7434;2760;542;1074;336;2969,2993:1629.2488730394703;4483:1630.0102930213714;7446:1632.6770290213713;1960:1633.6612690213713;816:1641.1931890213712;6786:1642.4601730213712;5444:1652.9965810213712;1716:1655.7869410213711;2720:1656.5335810213712;4210:1657.4318530213711;1711:1658.5615330213711;98:1667.1773410213711;2497:1668.6879730213711;7434:1675.8958210213711;2760:1682.4343570213712;542:1689.9624610213712;1074:1690.8958690213713;336:1691.9189890213713;2969:1693.0453140694249
0,20,default_vehtype,boarding,True,1693.0453140694249,1723.0453140694249,2969;-1;-1,2969;-1;-1,0.0,0.9712405833543125,0.9712405833543125,0.0,,0,15,1,,15,,
0,49,default_vehtype,boarding,True,1653.6072992075515,1683.6072992075515,2977;-1;-1,2977;-1;-1,0.0,0.5591082297065166,0.5591082297065166,0.0,,0,16,1,16,,,
0,49,default_vehtype,route,False,1683.6072992075515,1769.4397757458646,2977;-1;-1,2979;-1;-1,715.2706378192755,0.5591082297065166,0.5590367026427348,0.0,,0,16,1,,,2977;6202;7516;7037;7512;3274;2902;3901;7011;7336;4365;7288;1182;1001;6296;1434;3820;3877;2787;4993;6537;2979,2977:1683.6072992075515;6202:1687.5003913106632;7516:1688.3615113106632;7037:1695.6734713106632;7512:1702.9068313106632;3274:1714.2528313106632;2902:1714.3644313106631;3901:1714.8324313106632;7011:1716.8133913106633;7336:1719.7208713106634;4365:1727.3019913106634;7288:1728.4251913106634;1182:1729.3421113106633;1001:1734.6332713106633;6296:1736.9925913106633;1434:1742.9516713106634;3820:1748.0603113106633;3877:1749.9681913106633;2787:1758.7607113106633;4993:1759.8097513106634;6537:1765.6095913106633;2979:1769.4397757458646
0,49,default_vehtype,boarding,True,1769.4397757458646,1799.4397757458646,2979;-1;-1,2979;-1;-1,0.0,0.5590367026427348,0.5590367026427348,0.0,,0,16,1,,16,,
0,20,default_vehtype,route,False,1723.0453140694249,1814.3407500151684,2969;-1;-1,2967;-1;-1,1125.588451627387,0.9712405833543125,0.9711280245091498,0.0,,0,,0,,,2969;7192;1664;337;1075;537;18;5629;1068;2559;6740;1717;2067;2063;1937;6789;3895;5465;7450;1719;3469;470;469;5079;7447;1960;2967,2969:1723.0453140694249;7192:1726.6489570213712;1664:1729.9028530213711;337:1737.6630850213712;1075:1738.6869250213713;537:1739.6409250213712;18:1745.5084930213711;5629:1751.3579170213711;1068:1753.9103170213712;2559:1760.9609170213712;6740:1765.4315410213712;1717:1771.2652690213713;2067:1772.0030530213712;2063:1772.7193090213711;1937:1775.9892610213712;6789:1786.5256690213712;3895:1787.7926530213713;5465:1795.3245730213712;7450:1796.3088130213712;1719:1797.1254370213712;3469:1798.1453890213713;470:1804.106474735657;469:1810.0675604499427;5079:1811.0875124499428;7447:1811.9041364499428;1960:1812.8883764499428;2967:1814.3407500151684
0,20,default_vehtype,boarding,True,1814.3407500151684,1844.3407500151684,2967;-1;-1,2967;-1;-1,0.0,0.9711280245091498,0.9711280245091498,0.0,,0,23,1,23,,,
0,49,default_vehtype,route,False,1799.4397757458646,1830.9923753136613,2979;-1;-1,2981;-1;-1,147.12347258878,0.5590367026427348,0.5590219902954758,0.0,,0,,0,,,2979;2786;2307;3549;3552;536;535;533;2981,2979:1799.4397757458646;2786:1801.4447113106635;2307:1804.9634713106634;3549:1810.6007113106634;3552:1815.8299684535207;536:1819.664482739235;535:1823.4989970249492;533:1828.7282541678064;2981:1830.9923753136613
0,20,default_vehtype,route,False,1844.3407500151684,1902.2724214979967,2967;-1;-1,2969;-1;-1,804.6065483726129,0.9711280245091498,0.9710475638543125,0.0,,0,23,1,,,2967;3896;6788;5444;1716;2720;4210;1711;98;2497;7434;2760;542;1074;336;2969,2967:1844.3407500151684;3896:1850.420296449943;6788:1851.687280449943;5444:1862.223688449943;1716:1865.014048449943;2720:1865.760688449943;4210:1866.658960449943;1711:1867.788640449943;98:1876.404448449943;2497:1877.915080449943;7434:1885.122928449943;2760:1891.661464449943;542:1899.189568449943;1074:1900.122976449943;336:1901.1460964499431;2969:1902.2724214979967
0,49,default_vehtype,boarding,True,1830.9923753136613,1860.9923753136613,2981;-1;-1,2981;-1;-1,0.0,0.5590219902954758,0.5590219902954758,0.0,,0,20,1,20,,,
0,49,default_vehtype,route,False,1860.9923753136613,1897.1716157458652,2981;-1;-1,2979;-1;-1,176.13052741122,0.5590219902954758,0.5590043772427347,0.0,,0,20,1,,,2981;6320;7278;2411;6281;2286;2287;6538;2979,2981:1860.9923753136613;6320:1864.3654941678064;7278:1867.8842541678064;2411:1873.7193741678063;6281:1878.7634884535207;2286:1883.5304027392351;2287:1888.2973170249495;6538:1893.341431310664;2979:1897.1716157458652
0,20,default_vehtype,boarding,True,1902.2724214979967,1932.2724214979967,2969;-1;-1,2969;-1;-1,0.0,0.9710475638543125,0.9710475638543125,0,,0,23;24,2,24,,,
0,49,default_vehtype,boarding,True,1897.1716157458652,1927.1716157458652,2979;-1;-1,2979;-1;-1,0.0,0.5590043772427347,0.5590043772427347,0,,0,20,1,,20,,
0,20,default_vehtype,route,False,1932.2724214979967,2011.9048043288594,2969;-1;-1,2990;-1;-1,728.142628879116,0.9710475638543125,0.9709747495914245,0.0,,0,23;24,2,,,2969;7192;1664;1659;538;4990;4939;5252;3070;1657;4439;4842;1272;3423;4282;4975;6830;4349;4937;669;5061;7265;3848;534;2839;5449;2990,2969:1932.2724214979967;7192:1935.876064449943;1664:1939.129960449943;1659:1943.889520449943;538:1945.0405604499429;4990:1948.7376404499428;4939:1950.1282004499428;5252:1955.5529204499428;3070:1956.589360449943;1657:1964.106160449943;4439:1969.736320449943;4842:1974.120880449943;1272:1974.3058004499428;3423:1975.5223604499429;4282:1979.2998404499428;4975:1980.349600449943;6830:1981.122520449943;4349:1981.6714004499431;4937:1986.0409604499432;669:1996.3483604499431;5061:2002.1567204499431;7265:2002.939960449943;3848:2003.914600449943;534:2007.959560449943;2839:2009.3182004499429;5449:2010.5172404499428;2990:2011.9048043288594
0,20,default_vehtype,boarding,True,2011.9048043288594,2041.9048043288594,2990;-1;-1,2990;-1;-1,0.0,0.9709747495914245,0.9709747495914245,0.0,,0,23;24,2,,23,,
0,49,default_vehtype,to_depot,True,1980.0,2082.7195168291405,2979;-1;-1,2980;-1;-1,812.5577977206555,0.5590043772427347,0.5589231214629626,0.0,,0,,0,,,2979;2786;2307;3549;6384;4032;1804;4811;5237;608;459;2416;4011;5246;363;366;2314;2877;1748;1743;1157;2058;2092;915;2980,2979:1980;2786:1982.0049355647989;2307:1985.5236955647988;3549:1991.1609355647988;6384:1991.4227755647987;4032:1994.6444155647987;1804:1995.5603275647986;4811:1997.2429675647986;5237:2001.9834475647986;608:2010.8495275647986;459:2011.1792875647986;2416:2013.3929275647986;4011:2014.0570555647985;5246:2019.9822235647985;363:2026.8909115647984;366:2028.2959915647984;2314:2029.4408635647985;2877:2042.6119675647985;1748:2043.7304875647985;1743:2051.4848875647986;1157:2056.2240304219413;2058:2062.01385899337;2092:2065.4030018505127;915:2070.521173279084;2980:2082.7195168291405
0,49,default_vehtype,out_of_service,True,2082.7195168291405,2100.0,2980;-1;-1,2980;-1;-1,0.0,0.5589231214629626,0.5589231214629626,0.0,,0,,0,,,,
0,49,default_vehtype,route,False,2160,2278.4486313100842,2980;-1;-1,2981;-1;-1,632.2576748681246,0.5589231214629626,0.5588598956954759,0.0,,0,,0,,,2980;914;2135;1730;2664;2579;2961;2407;2581;370;361;2874;1887;4059;910;6541;3462;3648;2851;2850;1801;1560;5242;922;6385;3550;2981,2980:2160;914:2175.8821707356574;2135:2183.8330278785147;1730:2199.2893707356575;2664:2201.1114850213717;2579:2205.9874278785146;2961:2222.7582850213716;2407:2228.0070850213715;2581:2236.494342164229;370:2238.077190164229;361:2240.574294164229;2874:2241.160302164229;1887:2246.815686164229;4059:2248.734990164229;910:2253.2511901642292;6541:2253.915318164229;3462:2256.128958164229;3648:2256.458718164229;2851:2261.132958164229;2850:2262.066318164229;1801:2265.361998164229;1560:2270.102478164229;5242:2271.785118164229;922:2272.701030164229;6385:2275.922670164229;3550:2276.1845101642293;2981:2278.4486313100842
0,20,default_vehtype,route,False,2041.9048043288594,2287.7710683468295,2990;-1;-1,2977;-1;-1,2048.885533483096,0.9709747495914245,0.9707698610380762,0.0,,0,24,1,,,2990;2552;1946;7401;3551;3849;7263;5060;3728;4936;1207;2554;4974;5249;6709;2464;7135;1193;552;2755;7131;3567;888;712;2718;754;611;1812;1186;7311;3767;4527;3089;3131;5447;7352;414;122;3426;4314;68;7318;7325;3011;4;4345;7330;7562;7316;7531;2802;2977,2990:2041.9048043288594;2552:2044.7705204499428;1946:2049.023800449943;7401:2050.222840449943;3551:2051.581480449943;3849:2055.626440449943;7263:2056.601080449943;5060:2057.384320449943;3728:2063.192680449943;4936:2073.500080449943;1207:2077.8696404499433;2554:2078.418520449943;4974:2079.191440449943;5249:2084.995360449943;6709:2086.922560449943;2464:2102.782120449943;7135:2110.7142404499427;1193:2111.8142804499425;552:2116.3124804499425;2755:2118.1416404499423;7131:2126.098840449942;3567:2135.9777204499424;888:2136.436000449942;712:2140.171600449942;2718:2141.108800449942;754:2184.668920449942;611:2185.917520449942;1812:2190.488680449942;1186:2191.665880449942;7311:2192.481520449942;3767:2194.487920449942;4527:2197.284760449942;3089:2205.694360449942;3131:2206.174600449942;5447:2208.562240449942;7352:2209.873600449942;414:2212.343320449942;122:2224.697680449942;3426:2225.951200449942;4314:2227.134160449942;68:2232.732520449942;7318:2239.400560449942;7325:2242.727320449942;3011:2246.737960449942;4:2251.523080449942;4345:2253.566560449942;7330:2254.7695604499418;7562:2262.6034004499415;7316:2269.9984004499415;7531:2277.5533604499415;2802:2284.7688404499413;2977:2287.7710683468295
0,20,default_vehtype,boarding,True,2287.7710683468295,2317.7710683468295,2977;-1;-1,2977;-1;-1,0.0,0.9707698610380762,0.9707698610380762,0.0,,0,24,1,,24,,
0,49,default_vehtype,boarding,True,2278.4486313100842,2308.4486313100842,2981;-1;-1,2981;-1;-1,0.0,0.5588598956954759,0.5588598956954759,0.0,,0,29,1,29,,,
0,32,default_vehtype,charging,True,120.0,2414.187017544738,2966;-1;-1,2966;-1;-1,0.0,0.8088177485379385,1.0,15.0,0-0,0,,0,,,,
0,8,default_vehtype,out_of_service,True,120.0,2414.187017544738,2966;-1;-1,2966;-1;-1,0.0,0.916309922773969,0.916309922773969,0.0,,0,,0,,,,
0,20,default_vehtype,route,False,2317.7710683468295,2429.715627832338,2977;-1;-1,2986;-1;-1,1060.4065922814566,0.9707698610380762,0.970663820378848,0.0,,0,,0,,,2977;6202;7315;7530;2803;7558;2806;4344;2996;3013;7322;2804;3061;1173;3425;4304;793;118;3979;4275;103;6480;7360;2986,2977:2317.7710683468295;6202:2321.6641604499414;7315:2328.5594804499415;7530:2335.7749604499413;2803:2343.3299204499413;7558:2350.7249204499412;2806:2358.558760449941;4344:2359.761760449941;2996:2361.805240449941;3013:2366.590360449941;7322:2370.601000449941;2804:2373.9277604499407;3061:2380.5958004499407;1173:2386.1941604499407;3425:2387.377120449941;4304:2388.779440449941;793:2400.895000449941;118:2406.759280449941;3979:2408.609824449941;4275:2409.2011604499407;103:2410.344088449941;6480:2423.665816449941;7360:2429.1676964499406;2986:2429.715627832338
0,20,default_vehtype,boarding,True,2429.715627832338,2459.715627832338,2986;-1;-1,2986;-1;-1,0.0,0.970663820378848,0.970663820378848,0.0,,0,30,1,30,,,
0,49,default_vehtype,route,False,2308.4486313100842,2443.5241887935695,2981;-1;-1,2976;-1;-1,1148.616045695707,0.5588598956954759,0.5587450340909064,0.0,,0,29,1,,,2981;6320;3549;6384;4032;1804;4277;5239;6501;3911;5389;7301;3914;5398;5400;4040;4041;5374;5418;5424;5403;6546;1200;7312;3767;4527;3089;3131;5447;7352;414;122;3426;4314;68;7318;7325;3011;4;4345;7330;2976,2981:2308.4486313100842;6320:2311.8217501642293;3549:2317.4589901642294;6384:2317.7208301642295;4032:2320.9424701642297;1804:2321.8583821642296;4277:2323.4464621642296;5239:2328.9511021642297;6501:2334.9136621642297;3911:2344.2685021642296;5389:2345.33434216423;7301:2345.58826216423;3914:2346.77194216423;5398:2347.94878216423;5400:2349.27538216423;4040:2358.58018216423;4041:2361.52450216423;5374:2365.77706216423;5418:2366.81434216423;5424:2366.9576221642296;5403:2368.0629421642298;6546:2372.28982216423;1200:2376.89890216423;7312:2378.39266216423;3767:2380.39906216423;4527:2383.19590216423;3089:2391.60550216423;3131:2392.08574216423;5447:2394.47338216423;7352:2395.78474216423;414:2398.25446216423;122:2410.60882216423;3426:2411.86234216423;4314:2413.04530216423;68:2418.64366216423;7318:2425.31170216423;7325:2428.63846216423;3011:2432.64910216423;4:2437.43422216423;4345:2439.47770216423;7330:2440.68070216423;2976:2443.5241887935695
0,49,default_vehtype,boarding,True,2443.5241887935695,2473.5241887935695,2976;-1;-1,2976;-1;-1,0.0,0.5587450340909064,0.5587450340909064,0,,0,29,1,,29,,
0,20,default_vehtype,route,False,2459.715627832338,2543.0738734867928,2986;-1;-1,2984;-1;-1,777.242669599201,0.970663820378848,0.9705860961118882,0.0,,0,30,1,,,2986;3155;7358;2376;3091;4274;880;3109;3874;4306;429;4313;68;7318;7325;3011;4;4345;1199;1204;2996;2984,2986:2459.715627832338;3155:2460.2595044499403;7358:2461.3513124499405;2376:2466.8531924499403;3091:2480.17492044994;4274:2481.3178484499404;880:2481.9091844499403;3109:2483.75972844994;3874:2489.62400844994;4306:2501.73956844994;429:2503.1418884499403;4313:2504.3248484499404;68:2509.9232084499404;7318:2516.5912484499404;7325:2519.9180084499403;3011:2523.9286484499403;4:2528.7137684499403;4345:2530.75724844994;1199:2534.747591307083;1204:2538.737934164226;2996:2540.7814141642257;2984:2543.0738734867928
0,20,default_vehtype,boarding,True,2543.0738734867928,2573.0738734867928,2984;-1;-1,2984;-1;-1,0.0,0.9705860961118882,0.9705860961118882,0.0,,0,30,1,,30,,
0,8,default_vehtype,route,False,2460.0,2591.629335041169,2966;-1;-1,2992;-1;-1,1285.482894801535,0.916309922773969,0.9161813744844889,0.0,,0,,0,,,2966;2743;2631;2150;735;738;2470;734;1815;739;1724;1962;1910;164;1354;197;1311;7;1963;1308;482;7613;2611;1307;2876;1960;816;6786;5444;1716;2720;4210;2067;2063;1937;2992,2966:2460;2743:2467.8438282903994;2631:2471.855256861828;2150:2488.7855425761136;735:2499.267714004685;738:2505.435542576113;2470:2506.3852225761134;734:2506.5940945761135;1815:2507.6023105761137;739:2508.442838576114;1724:2524.900526576114;1962:2525.9573425761137;1910:2526.7795825761136;164:2527.7307745761136;1354:2528.687294576114;197:2530.896542576114;1311:2542.431302576114;7:2546.1262705761137;1963:2546.534726576114;1308:2546.895950576114;482:2551.450598576114;7613:2552.774750576114;2611:2556.671102576114;1307:2557.9868305761142;2876:2560.6535665761144;1960:2561.6378065761146;816:2569.1697265761145;6786:2570.4367105761144;5444:2580.9731185761143;1716:2583.7634785761143;2720:2584.510118576114;4210:2585.408390576114;2067:2586.308966576114;2063:2587.025222576114;1937:2590.2951745761143;2992:2591.629335041169
0,8,default_vehtype,boarding,True,2591.629335041169,2621.629335041169,2992;-1;-1,2992;-1;-1,0.0,0.9161813744844889,0.9161813744844889,0.0,,0,33,1,33,,,
0,49,default_vehtype,route,False,2473.5241887935695,2611.834215310085,2976;-1;-1,2981;-1;-1,1175.569954304293,0.5587450340909064,0.5586274770954759,0.0,,0,,0,,,2976;7557;2806;4344;2996;3013;7322;2804;3061;1173;3425;3125;3406;2825;1944;130;99;4526;714;2800;4339;2419;5404;5421;1925;1883;926;925;5399;1905;830;2795;1891;827;6499;1803;1141;5241;922;6385;3550;2981,2976:2473.5241887935695;7557:2478.5145421642296;2806:2486.3483821642294;4344:2487.5513821642294;2996:2489.594862164229;3013:2494.379982164229;7322:2498.390622164229;2804:2501.717382164229;3061:2508.385422164229;1173:2513.983782164229;3425:2515.166742164229;3125:2516.4202621642294;3406:2528.774622164229;2825:2531.2443421642292;1944:2532.5557021642294;130:2534.9433421642293;99:2535.423582164229;4526:2543.833182164229;714:2546.630022164229;2800:2548.6364221642293;4339:2550.130182164229;2419:2554.7392621642293;5404:2558.9661421642295;5421:2560.0714621642296;1925:2560.2147421642294;1883:2561.2520221642294;926:2565.5045821642293;925:2568.4489021642294;5399:2577.7537021642293;1905:2579.080302164229;830:2580.257142164229;2795:2581.4408221642293;1891:2581.6947421642294;827:2582.7605821642296;6499:2592.1154221642296;1803:2598.0779821642295;1141:2603.5826221642296;5241:2605.1707021642296;922:2606.0866141642296;6385:2609.3082541642298;3550:2609.57009416423;2981:2611.834215310085
0,49,default_vehtype,boarding,True,2611.834215310085,2641.834215310085,2981;-1;-1,2981;-1;-1,0.0,0.5586274770954759,0.5586274770954759,0,,0,32,1,32,,,
0,32,default_vehtype,route,False,2520.0,2723.1294938835995,2966;-1;-1,2990;-1;-1,1523.102920666749,1.0,0.9998476897079333,0.0,,0,,0,,,2966;2743;2631;2150;735;738;1096;3736;81;831;2413;1146;832;1880;1340;3638;1365;2574;7139;711;91;913;3564;4948;592;557;3881;4091;5064;991;990;4272;2724;6667;6711;1807;1653;6829;4349;4937;669;5061;7265;3848;534;2839;5449;2990,2966:2520;2743:2527.8438282903994;2631:2531.855256861828;2150:2548.7855425761136;735:2559.267714004685;738:2565.435542576113;1096:2574.974514004685;3736:2575.2375300046847;81:2579.0864340046846;831:2589.9330180046845;2413:2590.9207140046847;1146:2591.7340980046847;832:2592.5425140046846;1880:2595.1402020046844;1340:2606.6730180046843;3638:2607.6594900046844;1365:2609.601210004684;2574:2621.1090900046843;7139:2627.3754900046843;711:2628.561090004684;91:2629.643130004684;913:2631.6588900046836;3564:2637.5453700046837;4948:2642.4612900046836;592:2644.0878900046837;557:2649.6836100046835;3881:2650.6467300046834;4091:2651.7455700046835;5064:2653.3034100046834;991:2653.7750100046833;990:2655.887850004683;4272:2659.057050004683;2724:2660.051490004683;6667:2667.9836100046828;6711:2683.8431700046826;1807:2685.7703700046827;1653:2691.5742900046826;6829:2692.3472100046824;4349:2692.8960900046823;4937:2697.2656500046824;669:2707.5730500046825;5061:2713.3814100046825;7265:2714.1646500046827;3848:2715.1392900046826;534:2719.184250004683;2839:2720.5428900046827;5449:2721.7419300046827;2990:2723.1294938835995
0,32,default_vehtype,boarding,True,2723.1294938835995,2753.1294938835995,2990;-1;-1,2990;-1;-1,0.0,0.9998476897079333,0.9998476897079333,0.0,,0,34;35,2,34;35,,,
0,32,default_vehtype,route,False,2753.1294938835995,2764.182533842698,2990;-1;-1,2970;-1;-1,92.10866632581657,0.9998476897079333,0.9998384788413006,0.0,,0,34;35,2,,,2990;2552;1946;7401;3560;2970,2990:2753.1294938835995;2552:2755.995210004683;1946:2760.248490004683;7401:2761.447530004683;3560:2762.523090004683;2970:2764.182533842698
0,32,default_vehtype,boarding,True,2764.182533842698,2794.182533842698,2970;-1;-1,2970;-1;-1,0.0,0.9998384788413006,0.9998384788413006,0.0,,0,34;35;37,3,37,34,,
0,49,default_vehtype,route,False,2641.834215310085,2815.7710192122836,2981;-1;-1,2969;-1;-1,2279.336727229732,0.5586274770954759,0.5583995434227529,0.0,,0,32,1,,,2981;6320;3549;6384;4032;1804;4811;5237;608;459;2416;4011;5246;363;366;2314;2877;1748;2880;906;984;2268;1857;1806;1371;938;5442;4054;2205;1369;2047;3631;4079;4572;4577;778;3636;3639;3642;7178;5275;5297;5072;1464;2847;5825;4587;5794;3202;2065;2023;4203;4198;336;2969,2981:2641.834215310085;6320:2645.20733416423;3549:2650.84457416423;6384:2651.10641416423;4032:2654.3280541642303;1804:2655.24396616423;4811:2656.92660616423;5237:2661.66708616423;608:2670.53316616423;459:2670.86292616423;2416:2673.07656616423;4011:2673.74069416423;5246:2679.66586216423;363:2686.57455016423;366:2687.97963016423;2314:2689.12450216423;2877:2702.29560616423;1748:2703.41412616423;2880:2704.5759181642297;906:2716.8012301642298;984:2719.5709261642296;2268:2720.3187901642295;1857:2720.7047101642297;1806:2721.3668941642295;1371:2722.0370701642296;938:2724.6181981642294;5442:2734.3388461642294;4054:2741.9788381642293;2205:2747.7312781642295;1369:2754.1774381642294;2047:2755.1204941642295;3631:2756.6833261642296;4079:2757.7505821642294;4572:2761.5490141642294;4577:2763.2816941642295;778:2767.5880141642297;3636:2768.5914061642297;3639:2769.44453416423;3642:2770.50811816423;7178:2774.08651816423;5275:2778.59580616423;5297:2781.97462216423;5072:2782.2048781642297;1464:2789.14539016423;2847:2790.21610216423;5825:2793.11475016423;4587:2795.39506216423;5794:2797.0152061642298;3202:2801.13655816423;2065:2806.28081416423;2023:2811.83914216423;4203:2812.63992616423;4198:2813.62157416423;336:2814.64469416423;2969:2815.7710192122836
0,49,default_vehtype,boarding,True,2815.7710192122836,2845.7710192122836,2969;-1;-1,2969;-1;-1,0.0,0.5583995434227529,0.5583995434227529,0,,0,32,1,,32,,
0,8,default_vehtype,route,False,2621.629335041169,2904.216505958512,2992;-1;-1,2986;-1;-1,3048.0671516297666,0.9161813744844889,0.9158765677693259,0.0,,0,33,1,,,2992;2526;5444;1716;2720;4210;1711;98;2497;7434;2760;542;1074;4204;5649;5760;205;5793;1407;5826;7411;4686;5074;5295;5274;7181;604;603;1365;2574;7139;1693;1114;5299;7129;754;611;1812;1186;7311;3767;4527;3089;3131;5447;7352;414;122;3426;4305;793;118;3979;4275;103;6480;7360;2986,2992:2621.629335041169;2526:2630.831582576114;5444:2641.367990576114;1716:2644.158350576114;2720:2644.904990576114;4210:2645.803262576114;1711:2646.932942576114;98:2655.548750576114;2497:2657.059382576114;7434:2664.267230576114;2760:2670.805766576114;542:2678.333870576114;1074:2679.2672785761138;4204:2680.2489265761137;5649:2681.0497105761137;5760:2686.608038576114;205:2691.752294576114;5793:2695.873646576114;1407:2697.493790576114;5826:2699.774102576114;7411:2702.6727505761137;4686:2703.743462576114;5074:2710.683974576114;5295:2710.914230576114;5274:2714.2930465761137;7181:2718.802334576114;604:2722.380734576114;603:2723.444318576114;1365:2725.3860385761136;2574:2736.8939185761137;7139:2743.1603185761137;1693:2744.798918576114;1114:2761.139438576114;5299:2775.684638576114;7129:2777.0355985761144;754:2820.5957185761145;611:2821.8443185761143;1812:2826.4154785761143;1186:2827.5926785761144;7311:2828.408318576114;3767:2830.4147185761144;4527:2833.2115585761144;3089:2841.6211585761143;3131:2842.101398576114;5447:2844.489038576114;7352:2845.8003985761143;414:2848.2701185761143;122:2860.624478576114;3426:2861.8779985761144;4305:2863.2803185761145;793:2875.3958785761147;118:2881.2601585761145;3979:2883.1107025761144;4275:2883.7020385761143;103:2884.8449665761145;6480:2898.1666945761144;7360:2903.668574576114;2986:2904.216505958512
0,8,default_vehtype,boarding,True,2904.216505958512,2934.216505958512,2986;-1;-1,2986;-1;-1,0.0,0.9158765677693259,0.9158765677693259,0.0,,0,33,1,,33,,
0,32,default_vehtype,route,False,2794.182533842698,2902.636450393118,2970;-1;-1,2972;-1;-1,956.9275289670157,0.9998384788413006,0.999742786088404,0.0,,0,35;37,2,,,2970;671;662;7398;3491;6933;7394;6989;7392;5704;7389;3806;2573;885;316;2042;1982;6306;374;7114;3246;5330;661;445;2972,2970:2794.182533842698;671:2795.2126500046834;662:2817.6623700046835;7398:2821.1816100046835;3491:2827.5063300046836;6933:2828.4180900046836;7394:2833.7796900046837;6989:2834.374050004684;7392:2843.585130004684;5704:2845.950210004684;7389:2860.4884500046837;3806:2864.552850004684;2573:2865.620850004684;885:2866.224210004684;316:2873.051370004684;2042:2883.789810004684;1982:2884.5525300046843;6306:2884.7693700046843;374:2893.0703700046843;7114:2895.2853780046844;3246:2896.4231940046843;5330:2897.1707700046845;661:2898.1622100046843;445:2901.1918980046844;2972:2902.636450393118
0,32,default_vehtype,boarding,True,2902.636450393118,2932.636450393118,2972;-1;-1,2972;-1;-1,0.0,0.999742786088404,0.999742786088404,0.0,,0,35;37;36,3,36,37,,
0,32,default_vehtype,route,False,2932.636450393118,2935.299201561705,2972;-1;-1,2988;-1;-1,36.982655119265175,0.999742786088404,0.999739087822892,0.0,,0,35;36,2,,,2972;6079;2988,2972:2932.636450393118;6079:2934.015306004684;2988:2935.299201561705
0,20,default_vehtype,to_depot,True,2760.0,2960.4425699417748,2984;-1;-1,2980;-1;-1,1603.9301736592736,0.9705860961118882,0.9704257030945223,0.0,,0,,0,,,2984;3012;7321;2804;3061;1173;3425;3125;3406;2825;1944;130;99;4526;714;2800;4339;2419;5404;5421;1925;1883;926;925;5399;1905;830;2795;1891;827;6499;1803;1141;5241;4811;5237;608;459;2416;4011;5246;363;366;2314;2877;1748;1743;1157;2058;2092;915;2980,2984:2760;3012:2762.492660677433;7321:2766.503300677433;2804:2769.830060677433;3061:2776.498100677433;1173:2782.096460677433;3425:2783.279420677433;3125:2784.532940677433;3406:2796.887300677433;2825:2799.357020677433;1944:2800.668380677433;130:2803.056020677433;99:2803.536260677433;4526:2811.945860677433;714:2814.742700677433;2800:2816.749100677433;4339:2818.242860677433;2419:2822.851940677433;5404:2827.078820677433;5421:2828.1841406774333;1925:2828.327420677433;1883:2829.364700677433;926:2833.617260677433;925:2836.561580677433;5399:2845.866380677433;1905:2847.192980677433;830:2848.369820677433;2795:2849.553500677433;1891:2849.807420677433;827:2850.8732606774333;6499:2860.2281006774333;1803:2866.1906606774332;1141:2871.6953006774334;5241:2873.2833806774333;4811:2874.9660206774333;5237:2879.7065006774333;608:2888.572580677433;459:2888.902340677433;2416:2891.115980677433;4011:2891.780108677433;5246:2897.705276677433;363:2904.613964677433;366:2906.019044677433;2314:2907.163916677433;2877:2920.335020677433;1748:2921.453540677433;1743:2929.207940677433;1157:2933.9470835345755;2058:2939.736912106004;2092:2943.126054963147;915:2948.2442263917183;2980:2960.4425699417748
0,32,default_vehtype,boarding,True,2935.299201561705,2965.299201561705,2988;-1;-1,2988;-1;-1,0.0,0.999739087822892,0.999739087822892,0.0,,0,35;36,2,,35,,
0,49,default_vehtype,route,False,2880.0,2955.168814970046,2969;-1;-1,2993;-1;-1,1044.011319028405,0.5583995434227529,0.5582951422908501,0.0,,0,,0,,,2969;7192;1664;337;1075;537;18;5629;1068;2559;6740;1717;2067;2063;1937;6789;3895;5465;7450;2993,2969:2880;7192:2883.6036429519463;1664:2886.8575389519465;337:2894.6177709519466;1075:2895.6416109519464;537:2896.5956109519466;18:2902.4631789519467;5629:2908.3126029519467;1068:2910.8650029519467;2559:2917.9156029519468;6740:2922.386226951947;1717:2928.219954951947;2067:2928.957738951947;2063:2929.673994951947;1937:2932.943946951947;6789:2943.480354951947;3895:2944.747338951947;5465:2952.2792589519468;7450:2953.263498951947;2993:2955.168814970046
0,49,default_vehtype,boarding,True,2955.168814970046,2985.168814970046,2993;-1;-1,2993;-1;-1,0.0,0.5582951422908501,0.5582951422908501,0.0,,0,38,1,38,,,
0,20,default_vehtype,out_of_service,True,2960.4425699417748,3000.0,2980;-1;-1,2980;-1;-1,0.0,0.9704257030945223,0.9704257030945223,0.0,,0,,0,,,,
0,32,default_vehtype,route,False,2965.299201561705,3115.394590226991,2988;-1;-1,2985;-1;-1,1314.1227473353329,0.999739087822892,0.9996076755481584,0.0,,0,36,1,,,2988;3447;6082;7383;364;3029;3886;5711;6045;2157;4817;456;5901;7605;2830;5852;6913;1321;597;2204;6066;6049;7367;2188;2186;5744;6033;5746;6031;146;2828;2376;3091;4274;880;3109;114;5021;1108;1680;3103;3110;3980;2985,2988:2965.299201561705;3447:2966.838714004684;6082:2969.662122004684;7383:2970.071010004684;364:2970.506394004684;3029:2972.5306020046837;3886:2973.0286260046837;5711:2975.568210004684;6045:2976.962490004684;2157:2981.151018004684;4817:2981.627802004684;456:2982.242682004684;5901:2982.998250004684;7605:2986.469946004684;2830:2986.6993380046843;5852:2993.226066004684;6913:2995.122474004684;1321:3000.270906004684;597:3000.733794004684;2204:3002.291082004684;6066:3002.936778004684;6049:3007.1631060046843;7367:3009.4366500046845;2188:3016.0998180046845;2186:3017.3760900046846;5744:3019.3915140046847;6033:3020.7609540046847;5746:3022.6843620046848;6031:3024.1759860046845;146:3025.1371140046845;2828:3026.2289220046846;2376:3031.7308020046844;3091:3045.0525300046843;4274:3046.1954580046845;880:3046.7867940046845;3109:3048.6373380046844;114:3053.4495094332556;5021:3055.822938004684;1108:3080.8923094332554;1680:3105.9616808618266;3103:3108.335109433255;3110:3113.1472808618264;3980:3114.9978248618263;2985:3115.394590226991
0,8,default_vehtype,route,False,2934.216505958512,3159.59483104117,2986;-1;-1,2992;-1;-1,2665.0618483702333,0.9158765677693259,0.9156100615844889,0.0,,0,,0,,,2986;3155;6029;5745;6035;5743;6038;6041;7365;6050;6068;6077;3629;4502;6912;2108;7370;7608;5900;3459;4818;5992;6047;5708;3884;3030;3347;7376;2207;3446;3720;5332;251;2711;3358;2296;5495;5697;5497;5500;670;5502;5512;5520;5531;6313;6632;6644;3793;6319;7102;3741;7384;6414;5446;2447;2571;42;2577;2566;3033;3036;2469;2404;2235;3762;5287;310;2280;1447;6261;3764;4397;4745;4182;4187;4191;4195;4202;4208;537;18;5629;1068;2559;6740;1717;2067;2063;1937;2992,2986:2934.216505958512;3155:2934.760382576114;6029:2935.721510576114;5745:2937.2131345761136;6035:2939.1365425761137;5743:2940.5059825761136;6038:2942.521406576114;6041:2943.797678576114;7365:2950.460846576114;6050:2952.734390576114;6068:2956.9607185761142;6077:2957.6064145761143;3629:2959.1637025761142;4502:2959.6265905761143;6912:2964.775022576114;2108:2966.6714305761143;7370:2973.198158576114;7608:2973.4275505761143;5900:2976.8992465761144;3459:2977.6548145761144;4818:2978.2696945761145;5992:2978.7464785761144;6047:2982.9350065761146;5708:2984.3292865761146;3884:2986.8688705761147;3030:2987.3668945761146;3347:2989.3911025761145;7376:2989.8264865761143;2207:2990.2353745761143;3446:2993.0587825761145;3720:2996.0884705761146;5332:2997.0799105761143;251:2997.8274865761146;2711:2998.9653025761145;3358:3001.1803105761146;2296:3009.4813105761145;5495:3009.6981505761146;5697:3010.8019105761146;5497:3011.4993505761145;5500:3014.4065905761145;670:3015.8039905761143;5502:3018.1514305761143;5512:3021.6731905761144;5520:3024.1271905761146;5531:3025.8241105761144;6313:3026.8491505761144;6632:3029.1461905761143;6644:3030.7174705761145;3793:3032.5666705761146;6319:3033.4823905761145;7102:3033.9604705761144;3741:3034.5001105761144;7384:3042.1591105761145;6414:3047.3662705761144;5446:3049.6340305761146;2447:3053.5701505761144;2571:3061.1590705761146;42:3065.8270705761147;2577:3066.499550576115;2566:3075.098630576115;3033:3075.729590576115;3036:3077.999150576115;2469:3081.591470576115;2404:3084.914990576115;2235:3086.198390576115;3762:3086.621822576115;5287:3087.160886576115;310:3089.951102576115;2280:3090.5502145761147;1447:3090.996110576115;6261:3094.874102576115;3764:3095.8797985761153;4397:3096.430454576115;4745:3096.656750576115;4182:3101.110526576115;4187:3103.772582576115;4191:3104.510870576115;4195:3118.974158576115;4202:3119.976686576115;4208:3120.958334576115;537:3121.912334576115;18:3127.779902576115;5629:3133.629326576115;1068:3136.181726576115;2559:3143.232326576115;6740:3147.702950576115;1717:3153.5366785761153;2067:3154.274462576115;2063:3154.9907185761153;1937:3158.2606705761154;2992:3159.59483104117
0,32,default_vehtype,boarding,True,3115.394590226991,3145.394590226991,2985;-1;-1,2985;-1;-1,0.0,0.9996076755481584,0.9996076755481584,0.0,,0,36,1,,36,,
0,49,default_vehtype,route,False,2985.168814970046,3177.2288273403806,2993;-1;-1,2972;-1;-1,2183.7855051435427,0.5582951422908501,0.5580767637403358,0.0,,0,38,1,,,2993;4483;7446;1960;816;6786;5444;1716;2720;4210;1711;98;2497;7434;2760;542;1074;1071;1070;1069;1067;1504;4396;710;2281;4664;6260;3300;1832;708;6180;2405;6169;2744;2567;2576;3077;3241;88;2758;2742;2448;2353;6140;7386;3742;7100;6318;737;6639;2446;2301;1992;1990;1988;1985;3729;5498;5496;5699;5494;6307;374;7114;3246;5330;661;445;2972,2993:2985.168814970046;4483:2985.930234951947;7446:2988.5969709519472;1960:2989.5812109519475;816:2997.1131309519474;6786:2998.3801149519472;5444:3008.916522951947;1716:3011.706882951947;2720:3012.453522951947;4210:3013.351794951947;1711:3014.481474951947;98:3023.097282951947;2497:3024.607914951947;7434:3031.815762951947;2760:3038.354298951947;542:3045.882402951947;1074:3046.815810951947;1071:3047.8183389519468;1070:3062.2816269519467;1069:3063.0199149519467;1067:3065.681970951947;1504:3070.1357469519467;4396:3070.3620429519465;710:3070.9126989519464;2281:3071.9183949519465;4664:3075.7963869519467;6260:3076.242282951947;3300:3076.8413949519468;1832:3079.6316109519466;708:3080.1706749519467;6180:3080.5941069519467;2405:3082.816506951947;6169:3086.293626951947;2744:3090.8941869519467;2567:3092.7371469519467;2576:3101.2257069519464;3077:3103.3583469519463;3241:3106.4872269519465;88:3108.4140669519466;2758:3110.3775069519465;2742:3110.7839469519467;2448:3113.969586951947;2353:3120.1704669519468;6140:3125.341506951947;7386:3126.683946951947;3742:3134.342946951947;7100:3134.882586951947;6318:3135.3606669519468;737:3136.2763869519467;6639:3138.125586951947;2446:3139.696866951947;2301:3141.993906951947;1992:3143.018946951947;1990:3144.7158669519467;1988:3147.169866951947;1985:3150.691626951947;3729:3153.039066951947;5498:3154.436466951947;5496:3157.343706951947;5699:3158.0411469519468;5494:3159.1449069519467;6307:3159.3617469519468;374:3167.6627469519467;7114:3169.877754951947;3246:3171.0155709519468;5330:3171.763146951947;661:3172.7545869519467;445:3175.784274951947;2972:3177.2288273403806
0,8,default_vehtype,boarding,True,3159.59483104117,3189.59483104117,2992;-1;-1,2992;-1;-1,0.0,0.9156100615844889,0.9156100615844889,0.0,,0,39,1,39,,,
0,8,default_vehtype,route,False,3189.59483104117,3226.612159569913,2992;-1;-1,2967;-1;-1,371.725848613485,0.9156100615844889,0.9155728889996275,0.0,,0,39,1,,,2992;2526;3895;5465;7450;1719;3469;470;469;5079;7447;1960;2967,2992:3189.59483104117;2526:3198.7970785761154;3895:3200.0640625761152;5465:3207.595982576115;7450:3208.5802225761154;1719:3209.3968465761154;3469:3210.4167985761155;470:3216.377884290401;469:3222.338970004687;5079:3223.358922004687;7447:3224.175546004687;1960:3225.1597860046872;2967:3226.612159569913
0,32,default_vehtype,route,False,3145.394590226991,3229.2330687587137,2985;-1;-1,2977;-1;-1,713.3009357356655,0.9996076755481584,0.9995363454545848,0.0,,0,,0,,,2985;1140;880;3109;3874;4306;429;4313;68;7318;7325;3011;4;4345;7330;7562;7316;7531;2802;2977,2985:3145.394590226991;1140:3145.5891608618263;880:3146.180496861826;3109:3148.031040861826;3874:3153.895320861826;4306:3166.010880861826;429:3167.413200861826;4313:3168.5961608618263;68:3174.1945208618263;7318:3180.8625608618263;7325:3184.189320861826;3011:3188.199960861826;4:3192.985080861826;4345:3195.028560861826;7330:3196.231560861826;7562:3204.0654008618258;7316:3211.4604008618257;7531:3219.0153608618257;2802:3226.2308408618255;2977:3229.2330687587137
0,49,default_vehtype,boarding,True,3177.2288273403806,3207.2288273403806,2972;-1;-1,2972;-1;-1,0.0,0.5580767637403358,0.5580767637403358,0.0,,0,38,1,,38,,
0,8,default_vehtype,boarding,True,3226.612159569913,3256.612159569913,2967;-1;-1,2967;-1;-1,0.0,0.9155728889996275,0.9155728889996275,0.0,,0,39;44,2,44,,,
0,32,default_vehtype,boarding,True,3229.2330687587137,3259.2330687587137,2977;-1;-1,2977;-1;-1,0.0,0.9995363454545848,0.9995363454545848,0.0,,0,41,1,41,,,
0,49,default_vehtype,route,False,3207.2288273403806,3241.672355641283,2972;-1;-1,2973;-1;-1,478.3823375125352,0.5580767637403358,0.5580289255065846,0.0,,0,,0,,,2972;6079;7380;364;3029;3886;5711;6045;2157;4817;456;5901;7605;2830;1420;1084;2973,2972:3207.2288273403806;6079:3208.6076829519466;7380:3209.0165709519465;364:3209.4519549519464;3029:3211.476162951946;3886:3211.974186951946;5711:3214.5137709519463;6045:3215.9080509519463;2157:3220.0965789519464;4817:3220.5733629519464;456:3221.1882429519464;5901:3221.9438109519465;7605:3225.4155069519466;2830:3225.6448989519467;1420:3237.350010951947;1084:3240.8849949519467;2973:3241.672355641283
0,49,default_vehtype,boarding,True,3241.672355641283,3271.672355641283,2973;-1;-1,2973;-1;-1,0.0,0.5580289255065846,0.5580289255065846,0.0,,0,43,1,43,,,
0,20,default_vehtype,route,False,3060.0,3304.127585546627,2980;-1;-1,2986;-1;-1,1784.1311567415257,0.9704257030945223,0.9702472899788481,0.0,,0,,0,,,2980;914;2135;1730;2664;2579;2961;2407;2581;370;361;2874;1887;4059;910;6541;3462;3648;2851;2850;1801;1560;5242;4277;5239;6501;3911;5389;7301;3914;5398;5400;4040;4041;5374;5418;5424;5403;6546;1200;7312;3767;4527;3089;3131;5447;7352;414;122;3426;4305;793;118;3979;4275;103;6480;7360;2986,2980:3060;914:3075.8821707356574;2135:3083.8330278785147;1730:3099.2893707356575;2664:3101.1114850213717;2579:3105.9874278785146;2961:3122.7582850213716;2407:3128.0070850213715;2581:3136.494342164229;370:3138.077190164229;361:3140.574294164229;2874:3141.160302164229;1887:3146.815686164229;4059:3148.734990164229;910:3153.2511901642292;6541:3153.915318164229;3462:3156.128958164229;3648:3156.458718164229;2851:3161.132958164229;2850:3162.066318164229;1801:3165.361998164229;1560:3170.102478164229;5242:3171.785118164229;4277:3173.373198164229;5239:3178.877838164229;6501:3184.840398164229;3911:3194.195238164229;5389:3195.2610781642293;7301:3195.5149981642294;3914:3196.6986781642295;5398:3197.8755181642296;5400:3199.2021181642294;4040:3208.5069181642293;4041:3211.4512381642294;5374:3215.7037981642293;5418:3216.7410781642293;5424:3216.884358164229;5403:3217.989678164229;6546:3222.2165581642294;1200:3226.8256381642295;7312:3228.3193981642294;3767:3230.3257981642296;4527:3233.1226381642296;3089:3241.5322381642295;3131:3242.0124781642294;5447:3244.4001181642293;7352:3245.7114781642294;414:3248.1811981642295;122:3260.5355581642293;3426:3261.7890781642295;4305:3263.1913981642297;793:3275.30695816423;118:3281.1712381642296;3979:3283.0217821642295;4275:3283.6131181642295;103:3284.7560461642297;6480:3298.0777741642296;7360:3303.5796541642294;2986:3304.127585546627
0,20,default_vehtype,boarding,True,3304.127585546627,3334.127585546627,2986;-1;-1,2986;-1;-1,0.0,0.9702472899788481,0.9702472899788481,0.0,,0,42,1,42,,,
0,32,default_vehtype,route,False,3259.2330687587137,3342.6375706592585,2977;-1;-1,2982;-1;-1,577.1723729807223,0.9995363454545848,0.9994786282172867,0.0,,0,41,1,,,2977;6202;7516;7037;7512;3274;2902;3901;7011;7336;4365;7288;1182;1001;6296;6301;2298;2295;2293;4102;4325;7285;1218;2982,2977:3259.2330687587137;6202:3263.1261608618256;7516:3263.9872808618256;7037:3271.2992408618256;7512:3278.532600861826;3274:3289.878600861826;2902:3289.990200861826;3901:3290.458200861826;7011:3292.4391608618257;7336:3295.3466408618256;4365:3302.9277608618254;7288:3304.0509608618254;1182:3304.9678808618255;1001:3310.2590408618257;6296:3312.6183608618257;6301:3317.5606465761116;2298:3321.8425894332545;2295:3326.1245322903974;2293:3331.0668180046832;4102:3333.4261380046833;4325:3338.7172980046835;7285:3339.6342180046836;1218:3340.7574180046836;2982:3342.6375706592585
0,5,default_vehtype,out_of_service,True,240.0,3418.467944257109,2966;-1;-1,2966;-1;-1,0.0,0.5434293757251119,0.5434293757251119,0,,0,,0,,,,
0,32,default_vehtype,boarding,True,3342.6375706592585,3372.6375706592585,2982;-1;-1,2982;-1;-1,0.0,0.9994786282172867,0.9994786282172867,0,,0,41;45,2,45,41,,
0,8,default_vehtype,route,False,3256.612159569913,3476.9909551505425,2967;-1;-1,2981;-1;-1,2961.6368211428808,0.9155728889996275,0.9152767253175133,0.0,,0,39;44,2,,,2967;3896;6788;5444;1716;2720;4210;1711;98;2497;7434;2760;542;1074;4204;5649;5760;205;5793;1407;5826;7411;4686;5074;5295;5274;7181;604;603;602;3851;4573;1400;971;598;1368;591;585;940;1370;939;1903;983;3921;840;2881;5099;2878;1735;2581;370;361;2874;1887;4059;910;6541;3462;3648;2851;2850;1801;1560;5242;922;6385;3550;2981,2967:3256.612159569913;3896:3262.691706004687;6788:3263.958690004687;5444:3274.495098004687;1716:3277.285458004687;2720:3278.0320980046868;4210:3278.9303700046867;1711:3280.0600500046867;98:3288.6758580046867;2497:3290.1864900046867;7434:3297.3943380046867;2760:3303.9328740046867;542:3311.4609780046867;1074:3312.3943860046866;4204:3313.3760340046865;5649:3314.1768180046865;5760:3319.7351460046866;205:3324.8794020046867;5793:3329.0007540046868;1407:3330.6208980046868;5826:3332.9012100046866;7411:3335.7998580046865;4686:3336.8705700046867;5074:3343.811082004687;5295:3344.0413380046866;5274:3347.4201540046865;7181:3351.9294420046867;604:3355.5078420046866;603:3356.5714260046866;602:3357.424554004687;3851:3358.427946004687;4573:3362.734266004687;1400:3364.466946004687;971:3368.265378004687;598:3369.332634004687;1368:3370.292970004687;591:3376.1639220046873;585:3389.3351700046874;940:3395.915034004687;1370:3402.9416580046873;939:3403.6383300046873;1903:3404.459922004687;983:3405.442434004687;3921:3409.240578004687;840:3413.801418004687;2881:3420.432042004687;5099:3421.584906004687;2878:3422.712930004687;1735:3433.6972500046872;2581:3435.036666004687;370:3436.619514004687;361:3439.116618004687;2874:3439.7026260046873;1887:3445.3580100046875;4059:3447.2773140046875;910:3451.7935140046875;6541:3452.4576420046874;3462:3454.6712820046873;3648:3455.0010420046874;2851:3459.6752820046872;2850:3460.608642004687;1801:3463.9043220046874;1560:3468.6448020046873;5242:3470.3274420046873;922:3471.2433540046873;6385:3474.4649940046875;3550:3474.7268340046876;2981:3476.9909551505425
0,32,default_vehtype,route,False,3372.6375706592585,3460.6837903483083,2982;-1;-1,2976;-1;-1,682.7307831230403,0.9994786282172867,0.9994103551389745,0.0,,0,45,1,,,2982;2809;7010;820;7498;276;2915;2661;7517;6201;7314;7529;2803;7558;2806;4344;1199;1204;7329;2976,2982:3372.6375706592585;2809:3378.3385380046834;7010:3381.2460180046833;820:3383.226978004683;7498:3383.694978004683;276:3383.806578004683;2915:3395.152578004683;2661:3402.3859380046833;7517:3409.6978980046833;6201:3410.5590180046834;7314:3417.4543380046834;7529:3424.6698180046833;2803:3432.2247780046832;7558:3439.619778004683;2806:3447.453618004683;4344:3448.656618004683;1199:3452.646960861826;1204:3456.6373037189687;7329:3457.8403037189687;2976:3460.6837903483083
0,49,default_vehtype,route,False,3271.672355641283,3461.4714142569196,2973;-1;-1,2978;-1;-1,1927.1757957450964,0.5580289255065846,0.55783620792701,0.0,,0,43,1,,,2973;7354;3525;6025;3063;6027;7362;2188;2186;5744;6033;5746;6031;146;2828;2376;3091;4274;880;3109;3874;4306;429;3125;3406;2825;1944;130;99;4526;714;2800;4339;2419;5404;5421;1925;1883;926;925;5399;1905;830;2795;918;3075;7097;7290;2736;1744;1164;2789;1182;2978,2973:3271.672355641283;7354:3275.4695229519466;3525:3286.3483629519465;6025:3288.0898269519466;3063:3289.354506951947;6027:3290.656482951947;7362:3294.664722951947;2188:3301.327890951947;2186:3302.6041629519473;5744:3304.6195869519474;6033:3305.9890269519474;5746:3307.9124349519475;6031:3309.4040589519473;146:3310.365186951947;2828:3311.4569949519473;2376:3316.958874951947;3091:3330.280602951947;4274:3331.423530951947;880:3332.014866951947;3109:3333.865410951947;3874:3339.729690951947;4306:3351.845250951947;429:3353.247570951947;3125:3354.5010909519474;3406:3366.855450951947;2825:3369.3251709519473;1944:3370.6365309519474;130:3373.0241709519473;99:3373.504410951947;4526:3381.914010951947;714:3384.710850951947;2800:3386.7172509519473;4339:3388.211010951947;2419:3392.8200909519473;5404:3397.0469709519475;5421:3398.1522909519476;1925:3398.2955709519474;1883:3399.3328509519474;926:3403.5854109519473;925:3406.5297309519474;5399:3415.8345309519473;1905:3417.161130951947;830:3418.337970951947;2795:3419.5216509519473;918:3420.663810951947;3075:3428.5367709519473;7097:3429.3861309519475;7290:3435.1882509519473;2736:3443.9067309519473;1744:3445.361970951947;1164:3456.4704909519473;2789:3457.882290951947;1182:3458.7992109519473;2978:3461.4714142569196
0,8,default_vehtype,boarding,True,3476.9909551505425,3506.9909551505425,2981;-1;-1,2981;-1;-1,0.0,0.9152767253175133,0.9152767253175133,0,,0,39;44,2,,44,,
0,32,default_vehtype,boarding,True,3460.6837903483083,3490.6837903483083,2976;-1;-1,2976;-1;-1,0.0,0.9994103551389745,0.9994103551389745,0,,0,45;46,2,46,,,
0,49,default_vehtype,boarding,True,3461.4714142569196,3491.4714142569196,2978;-1;-1,2978;-1;-1,0.0,0.55783620792701,0.55783620792701,0,,0,43,1,,43,,
0,5,default_vehtype,out_of_service,True,3480.0,3540.0,2966;-1;-1,2966;-1;-1,0.0,0.5434293757251119,0.5434293757251119,0,,0,,0,,,,
0,8,default_vehtype,route,False,3506.9909551505425,3559.905706659263,2981;-1;-1,2982;-1;-1,440.95626257266684,0.9152767253175133,0.915232629691256,0.0,,0,39,1,,,2981;6320;7278;2411;1661;7283;796;751;4635;6299;4102;4325;7285;1218;2982,2981:3506.9909551505425;6320:3510.3640740046876;7278:3513.8828340046875;2411:3519.7179540046877;1661:3525.517794004688;7283:3526.5668340046877;796:3535.3593540046877;751:3537.267234004688;4635:3542.375874004688;6299:3548.334954004688;4102:3550.694274004688;4325:3555.985434004688;7285:3556.9023540046883;1218:3558.0255540046883;2982:3559.905706659263
0,8,default_vehtype,boarding,True,3559.905706659263,3589.905706659263,2982;-1;-1,2982;-1;-1,0.0,0.915232629691256,0.915232629691256,0.0,,0,39,1,,39,,
0,20,default_vehtype,route,False,3334.127585546627,3542.7028568593882,2986;-1;-1,2970;-1;-1,2037.389540561264,0.9702472899788481,0.9700435510247919,0.0,,0,42,1,,,2986;3155;6029;5745;6035;5743;6038;6041;7365;6050;6068;6077;3629;4502;6912;2108;7370;7608;5900;3459;4818;5992;6047;5708;3884;3030;3347;7376;2207;3446;3720;5332;251;2711;3358;2296;5495;5696;3307;3987;6878;746;2834;2045;2835;2641;7396;2616;486;2838;3722;3732;544;7400;5449;6824;4848;1631;1593;6821;1946;7401;3560;2970,2986:3334.127585546627;3155:3334.671462164229;6029:3335.632590164229;5745:3337.1242141642288;6035:3339.047622164229;5743:3340.417062164229;6038:3342.432486164229;6041:3343.708758164229;7365:3350.371926164229;6050:3352.645470164229;6068:3356.8717981642294;6077:3357.5174941642294;3629:3359.0747821642294;4502:3359.5376701642294;6912:3364.6861021642294;2108:3366.5825101642295;7370:3373.1092381642293;7608:3373.3386301642295;5900:3376.8103261642295;3459:3377.5658941642296;4818:3378.1807741642297;5992:3378.6575581642296;6047:3382.8460861642297;5708:3384.2403661642297;3884:3386.77995016423;3030:3387.27797416423;3347:3389.3021821642296;7376:3389.7375661642295;2207:3390.1464541642295;3446:3392.9698621642297;3720:3395.9995501642297;5332:3396.9909901642295;251:3397.7385661642297;2711:3398.8763821642297;3358:3401.09139016423;2296:3409.3923901642297;5495:3409.6092301642298;5696:3410.37195016423;3307:3421.11039016423;3987:3427.93755016423;6878:3428.54091016423;746:3429.60891016423;2834:3433.6733101642303;2045:3448.21155016423;2835:3450.57663016423;2641:3459.7877101642302;7396:3460.3820701642303;2616:3465.7436701642305;486:3466.6554301642304;2838:3472.9801501642305;3722:3476.4993901642306;3732:3498.9491101642307;544:3501.6386701642305;7400:3502.7142301642307;5449:3503.9132701642307;6824:3508.1665501642306;4848:3515.6468701642307;1631:3521.341041592802;1593:3527.0352130213732;6821:3534.5155330213734;1946:3538.7688130213733;7401:3539.9678530213732;3560:3541.0434130213735;2970:3542.7028568593882
0,20,default_vehtype,boarding,True,3542.7028568593882,3572.7028568593882,2970;-1;-1,2970;-1;-1,0.0,0.9700435510247919,0.9700435510247919,0.0,,0,42,1,,42,,
0,20,default_vehtype,route,False,3572.7028568593882,3641.696817753216,2970;-1;-1,2971;-1;-1,574.9496741152238,0.9700435510247919,0.9699860560573803,0.0,,0,,0,,,2970;671;662;7398;3491;6933;7394;6989;7392;5704;7389;2971,2970:3572.7028568593882;671:3573.7329730213737;662:3596.182693021374;7398:3599.701933021374;3491:3606.026653021374;6933:3606.938413021374;7394:3612.300013021374;6989:3612.894373021374;7392:3622.105453021374;5704:3624.470533021374;7389:3639.008773021374;2971:3641.696817753216
0,32,default_vehtype,route,False,3490.6837903483083,3616.627654689261,2976;-1;-1,2987;-1;-1,1410.1941526762303,0.9994103551389745,0.9992693357237068,0.0,,0,45;46,2,,,2976;7557;2806;4344;2996;3013;7322;2804;3061;1173;3425;4304;793;118;3979;4275;103;6480;7360;3154;6028;5745;6035;5743;6038;6041;7365;2179;3064;6023;3524;7356;4225;2987,2976:3490.6837903483083;7557:3495.6741437189685;2806:3503.5079837189683;4344:3504.7109837189682;2996:3506.754463718968;3013:3511.539583718968;7322:3515.550223718968;2804:3518.876983718968;3061:3525.545023718968;1173:3531.143383718968;3425:3532.326343718968;4304:3533.728663718968;793:3545.8442237189684;118:3551.708503718968;3979:3553.559047718968;4275:3554.150383718968;103:3555.293311718968;6480:3568.615039718968;7360:3574.116919718968;3154:3575.208727718968;6028:3576.169855718968;5745:3577.6614797189677;6035:3579.584887718968;5743:3580.9543277189678;6038:3582.969751718968;6041:3584.246023718968;7365:3590.909191718968;2179:3594.917431718968;3064:3596.2194077189683;6023:3597.4840877189686;3524:3599.2255517189687;7356:3610.1043917189686;4225:3614.6889197189685;2987:3616.627654689261
0,32,default_vehtype,boarding,True,3616.627654689261,3646.627654689261,2987;-1;-1,2987;-1;-1,0.0,0.9992693357237068,0.9992693357237068,0.0,,0,45;46,2,,46,,
0,20,default_vehtype,boarding,True,3641.696817753216,3671.696817753216,2971;-1;-1,2971;-1;-1,0.0,0.9699860560573803,0.9699860560573803,0.0,,0,47,1,47,,,
0,49,default_vehtype,to_depot,True,3540.0,3680.1449779593695,2978;-1;-1,2980;-1;-1,1124.436640472563,0.55783620792701,0.5577237642629628,0.0,,0,,0,,,2978;4103;6297;1434;3820;3877;2787;4993;6537;7281;2307;3549;6384;4032;1804;4811;5237;608;459;2416;4011;5246;363;366;2314;2877;1748;1743;1157;2058;2092;915;2980,2978:3540;4103:3542.6189566950275;6297:3544.9782766950275;1434:3550.9373566950276;3820:3556.0459966950275;3877:3557.9538766950277;2787:3566.7463966950277;4993:3567.7954366950275;6537:3573.5952766950277;7281:3579.430396695028;2307:3582.949156695028;3549:3588.586396695028;6384:3588.848236695028;4032:3592.069876695028;1804:3592.985788695028;4811:3594.668428695028;5237:3599.408908695028;608:3608.274988695028;459:3608.604748695028;2416:3610.818388695028;4011:3611.4825166950277;5246:3617.407684695028;363:3624.316372695028;366:3625.721452695028;2314:3626.8663246950277;2877:3640.0374286950278;1748:3641.1559486950277;1743:3648.9103486950276;1157:3653.6494915521703;2058:3659.439320123599;2092:3662.8284629807417;915:3667.946634409313;2980:3680.1449779593695
0,49,default_vehtype,out_of_service,True,3680.1449779593695,3720.0,2980;-1;-1,2980;-1;-1,0.0,0.5577237642629628,0.5577237642629628,0.0,,0,,0,,,,
0,32,default_vehtype,route,False,3646.627654689261,3764.873092450811,2987;-1;-1,2971;-1;-1,1214.7314981779514,0.9992693357237068,0.999147862573889,0.0,,0,45,1,,,2987;4613;7368;7606;5900;3459;4818;5992;6047;5708;3884;3030;3347;7376;2207;3446;3720;5332;251;2711;3358;2296;5495;5696;3307;3987;2396;886;808;1372;807;1375;108;1376;1380;373;2390;7391;5704;7389;2971,2987:3646.627654689261;4613:3648.2239037189684;7368:3659.9290157189685;7606:3660.1584077189686;5900:3663.6301037189687;3459:3664.3856717189688;4818:3665.000551718969;5992:3665.477335718969;6047:3669.665863718969;5708:3671.060143718969;3884:3673.599727718969;3030:3674.097751718969;3347:3676.121959718969;7376:3676.5573437189687;2207:3676.9662317189686;3446:3679.789639718969;3720:3682.819327718969;5332:3683.8107677189687;251:3684.558343718969;2711:3685.696159718969;3358:3687.911167718969;2296:3696.212167718969;5495:3696.429007718969;5696:3697.191727718969;3307:3707.930167718969;3987:3714.757327718969;2396:3716.063287718969;886:3721.700887718969;808:3722.167087718969;1372:3723.030007718969;807:3724.133887718969;1375:3725.8180877189693;108:3727.9585277189694;1376:3729.7587677189695;1380:3731.7753677189694;373:3741.3363677189695;2390:3743.8810877189694;7391:3745.2817277189693;5704:3747.6468077189693;7389:3762.185047718969;2971:3764.873092450811
0,32,default_vehtype,boarding,True,3764.873092450811,3794.873092450811,2971;-1;-1,2971;-1;-1,0.0,0.999147862573889,0.999147862573889,0,,0,45,1,,45,,
0,49,default_vehtype,out_of_service,True,3780.0,3840.0,2980;-1;-1,2980;-1;-1,0.0,0.5577237642629628,0.5577237642629628,0,,0,,0,,,,
0,8,default_vehtype,route,False,3600.0,3875.7924689106517,2982;-1;-1,2967;-1;-1,3374.1629162844524,0.915232629691256,0.9148952133996275,0.0,,0,,0,,,2982;2809;4365;7288;1182;1001;6296;1434;3820;3877;2787;4993;6537;7281;2307;3549;6384;4032;1804;4811;5237;608;459;2416;4011;5246;363;366;2314;2877;1748;2880;906;984;2268;1857;1806;1371;938;5442;4054;2205;1369;2047;3631;4079;4572;4577;778;3636;1339;1395;1399;835;1147;2412;836;1097;738;2470;734;1815;739;1724;1962;1910;164;1354;197;1311;7;1963;1308;482;7613;2611;1307;2876;1960;2967,2982:3600;2809:3605.700967345425;4365:3613.2820873454248;7288:3614.4052873454248;1182:3615.322207345425;1001:3620.613367345425;6296:3622.972687345425;1434:3628.931767345425;3820:3634.040407345425;3877:3635.9482873454253;2787:3644.7408073454253;4993:3645.789847345425;6537:3651.5896873454253;7281:3657.4248073454255;2307:3660.9435673454254;3549:3666.5808073454255;6384:3666.8426473454256;4032:3670.064287345426;1804:3670.9801993454257;4811:3672.6628393454257;5237:3677.4033193454256;608:3686.2693993454254;459:3686.5991593454255;2416:3688.8127993454254;4011:3689.4769273454253;5246:3695.4020953454256;363:3702.3107833454255;366:3703.7158633454255;2314:3704.8607353454254;2877:3718.0318393454254;1748:3719.1503593454254;2880:3720.3121513454253;906:3732.5374633454253;984:3735.307159345425;2268:3736.055023345425;1857:3736.4409433454252;1806:3737.103127345425;1371:3737.773303345425;938:3740.354431345425;5442:3750.075079345425;4054:3757.715071345425;2205:3763.467511345425;1369:3769.913671345425;2047:3770.856727345425;3631:3772.419559345425;4079:3773.486815345425;4572:3777.285247345425;4577:3779.017927345425;778:3783.324247345425;3636:3784.3276393454253;1339:3785.3200153454254;1395:3793.8573433454253;1399:3795.998047345425;835:3799.575007345425;1147:3800.367583345425;2412:3801.1756393454248;836:3802.1744233454247;1097:3817.435183345425;738:3818.1378313454247;2470:3819.087511345425;734:3819.296383345425;1815:3820.3045993454252;739:3821.1451273454254;1724:3837.6028153454254;1962:3838.659631345425;1910:3839.481871345425;164:3840.433063345425;1354:3841.3895833454253;197:3843.5988313454254;1311:3855.1335913454254;7:3858.828559345425;1963:3859.2370153454253;1308:3859.5982393454256;482:3864.1528873454254;7613:3865.4770393454255;2611:3869.3733913454257;1307:3870.6891193454258;2876:3873.355855345426;1960:3874.340095345426;2967:3875.7924689106517
0,20,default_vehtype,route,False,3671.696817753216,3858.268097243682,2971;-1;-1,2985;-1;-1,1654.65525730639,0.9699860560573803,0.9698205905316496,0.0,,0,47,1,,,2971;3807;6875;885;316;2042;1982;6306;374;7114;3246;5330;661;445;6080;7381;364;3029;3886;5711;6045;2157;4817;456;5901;7605;2830;5852;6913;1321;597;2204;6066;6049;7367;2188;2186;5744;6033;5746;6031;146;2828;2376;3091;4274;880;3109;114;5021;1108;1680;3103;3110;3980;2985,2971:3671.696817753216;3807:3673.0731730213743;6875:3674.1411730213745;885:3674.7445330213745;316:3681.5716930213744;2042:3692.3101330213744;1982:3693.0728530213746;6306:3693.2896930213747;374:3701.5906930213746;7114:3703.8057010213747;3246:3704.9435170213746;5330:3705.691093021375;661:3706.6825330213746;445:3709.7122210213747;6080:3712.535629021375;7381:3712.944517021375;364:3713.3799010213747;3029:3715.4041090213746;3886:3715.9021330213745;5711:3718.4417170213746;6045:3719.8359970213746;2157:3724.0245250213748;4817:3724.5013090213747;456:3725.116189021375;5901:3725.871757021375;7605:3729.343453021375;2830:3729.572845021375;5852:3736.099573021375;6913:3737.995981021375;1321:3743.144413021375;597:3743.607301021375;2204:3745.164589021375;6066:3745.810285021375;6049:3750.036613021375;7367:3752.3101570213753;2188:3758.9733250213753;2186:3760.2495970213754;5744:3762.2650210213756;6033:3763.6344610213755;5746:3765.5578690213756;6031:3767.0494930213754;146:3768.0106210213753;2828:3769.1024290213754;2376:3774.6043090213752;3091:3787.926037021375;4274:3789.0689650213753;880:3789.6603010213753;3109:3791.510845021375;114:3796.3230164499464;5021:3798.696445021375;1108:3823.765816449946;1680:3848.8351878785174;3103:3851.208616449946;3110:3856.0207878785172;3980:3857.871331878517;2985:3858.268097243682
0,20,default_vehtype,boarding,True,3858.268097243682,3888.268097243682,2985;-1;-1,2985;-1;-1,0.0,0.9698205905316496,0.9698205905316496,0.0,,0,47,1,,47,,
0,8,default_vehtype,boarding,True,3875.7924689106517,3905.7924689106517,2967;-1;-1,2967;-1;-1,0.0,0.9148952133996275,0.9148952133996275,0.0,,0,48,1,48,,,
0,20,default_vehtype,route,False,3888.268097243682,3926.0004918307645,2985;-1;-1,2974;-1;-1,422.9618930745525,0.9698205905316496,0.9697782943423422,0.0,,0,,0,,,2985;1140;103;6480;7360;3154;6028;2181;2180;146;2828;2974,2985:3888.268097243682;1140:3888.462667878517;103:3889.6055958785173;6480:3902.927323878517;7360:3908.429203878517;3154:3909.521011878517;6028:3910.482139878517;2181:3914.7141970213743;2180:3918.9462541642315;146:3919.9073821642314;2828:3920.9991901642315;2974:3926.0004918307645
0,20,default_vehtype,boarding,True,3926.0004918307645,3956.0004918307645,2974;-1;-1,2974;-1;-1,0.0,0.9697782943423422,0.9697782943423422,0.0,,0,50,1,50,,,
0,20,default_vehtype,route,False,3956.0004918307645,4133.72413004315,2974;-1;-1,2990;-1;-1,1889.442509178017,0.9697782943423422,0.9695893500914244,0.0,,0,50,1,,,2974;6479;7359;3154;6028;5745;6035;5743;6038;6041;7365;6050;6068;6077;3629;4502;6912;2108;7370;7608;5900;3459;4818;5992;6047;5708;3884;3030;3347;7376;2207;3446;3720;5332;251;2711;3358;2296;5495;5696;3307;3987;6878;746;2834;2045;2835;2641;7396;2616;486;2838;3722;3732;544;7400;5449;2990,2974:3956.0004918307645;6479:3956.501070164232;7359:3962.0029501642316;3154:3963.0947581642317;6028:3964.0558861642317;5745:3965.5475101642314;6035:3967.4709181642315;5743:3968.8403581642315;6038:3970.8557821642316;6041:3972.1320541642317;7365:3978.7952221642317;6050:3981.068766164232;6068:3985.295094164232;6077:3985.940790164232;3629:3987.498078164232;4502:3987.960966164232;6912:3993.109398164232;2108:3995.005806164232;7370:4001.532534164232;7608:4001.761926164232;5900:4005.233622164232;3459:4005.9891901642322;4818:4006.6040701642323;5992:4007.0808541642323;6047:4011.2693821642324;5708:4012.6636621642324;3884:4015.2032461642325;3030:4015.7012701642325;3347:4017.7254781642323;7376:4018.160862164232;2207:4018.569750164232;3446:4021.3931581642323;3720:4024.4228461642324;5332:4025.414286164232;251:4026.1618621642324;2711:4027.2996781642323;3358:4029.5146861642324;2296:4037.8156861642324;5495:4038.0325261642324;5696:4038.7952461642326;3307:4049.5336861642327;3987:4056.3608461642325;6878:4056.9642061642326;746:4058.032206164233;2834:4062.096606164233;2045:4076.634846164233;2835:4078.999926164233;2641:4088.211006164233;7396:4088.805366164233;2616:4094.166966164233;486:4095.078726164233;2838:4101.403446164233;3722:4104.922686164233;3732:4127.372406164232;544:4130.061966164232;7400:4131.137526164232;5449:4132.336566164233;2990:4133.72413004315
0,32,default_vehtype,route,False,3840.0,4133.5261326920445,2971;-1;-1,2966;-1;-1,2495.7317388922106,0.999147862573889,0.9988982893999998,0.0,,0,,0,,,2971;3807;7387;2045;2835;2641;7396;2616;486;2838;3722;3732;544;7400;5449;6824;4848;3271;4846;4989;5000;337;1075;5648;5759;205;5793;1407;5826;7411;4686;5074;5295;5274;7181;604;603;602;1339;1395;1399;835;1147;1093;2607;911;1150;665;666;1885;668;1415;1041;1623;1383;2333;2966,2971:3840;3807:3841.3763552681585;7387:3845.4407552681587;2045:3859.9789952681585;2835:3862.3440752681586;2641:3871.5551552681586;7396:3872.1495152681587;2616:3877.511115268159;486:3878.422875268159;2838:3884.747595268159;3722:3888.266835268159;3732:3910.716555268159;544:3913.406115268159;7400:3914.481675268159;5449:3915.680715268159;6824:3919.933995268159;4848:3927.414315268159;3271:3932.967435268159;4846:3934.840515268159;4989:3947.113035268159;5000:3951.872595268159;337:3959.632827268159;1075:3960.656667268159;5648:3961.457451268159;5759:3967.015779268159;205:3972.160035268159;5793:3976.281387268159;1407:3977.901531268159;5826:3980.181843268159;7411:3983.0804912681588;4686:3984.151203268159;5074:3991.091715268159;5295:3991.321971268159;5274:3994.700787268159;7181:3999.210075268159;604:4002.788475268159;603:4003.852059268159;602:4004.705187268159;1339:4005.6975632681592;1395:4014.234891268159;1399:4016.375595268159;835:4019.952555268159;1147:4020.7451312681587;1093:4022.004411268159;2607:4030.063083268159;911:4032.916947268159;1150:4033.677411268159;665:4035.1272752681593;666:4035.996387268159;1885:4036.982211268159;668:4050.352611268159;1415:4050.981675268159;1041:4067.668189553873;1623:4072.05144669673;1383:4083.1368752681587;2333:4123.290760982444;2966:4133.5261326920445
0,8,default_vehtype,route,False,3905.7924689106517,4179.086016,2967;-1;-1,2982;-1;-1,3402.5930837155474,0.9148952133996275,0.9145549540912559,0.0,,0,48,1,,,2967;3896;6788;5444;1716;2720;4210;1711;98;2497;7434;2760;542;1074;4204;5649;5760;205;5793;1407;5826;7411;4686;5074;5295;5274;7181;604;603;602;3851;4573;1400;971;598;1368;591;585;940;1370;939;1903;983;3921;840;2881;5099;2878;1735;2581;370;361;2874;1887;4059;910;6541;3462;3648;2851;2850;1801;1560;5242;922;6385;3550;6322;7280;2411;1661;7283;796;751;4635;6299;4102;4325;7285;1218;2982,2967:3905.7924689106517;3896:3911.872015345426;6788:3913.138999345426;5444:3923.675407345426;1716:3926.465767345426;2720:3927.2124073454256;4210:3928.1106793454255;1711:3929.2403593454255;98:3937.8561673454255;2497:3939.3667993454255;7434:3946.5746473454255;2760:3953.1131833454256;542:3960.6412873454256;1074:3961.5746953454254;4204:3962.5563433454254;5649:3963.3571273454254;5760:3968.9154553454255;205:3974.0597113454255;5793:3978.1810633454256;1407:3979.8012073454256;5826:3982.0815193454255;7411:3984.9801673454253;4686:3986.0508793454255;5074:3992.9913913454257;5295:3993.2216473454255;5274:3996.6004633454254;7181:4001.1097513454256;604:4004.6881513454255;603:4005.7517353454255;602:4006.6048633454257;3851:4007.6082553454257;4573:4011.914575345426;1400:4013.647255345426;971:4017.445687345426;598:4018.512943345426;1368:4019.473279345426;591:4025.344231345426;585:4038.5154793454262;940:4045.095343345426;1370:4052.121967345426;939:4052.818639345426;1903:4053.640231345426;983:4054.622743345426;3921:4058.420887345426;840:4062.981727345426;2881:4069.612351345426;5099:4070.765215345426;2878:4071.893239345426;1735:4082.877559345426;2581:4084.216975345426;370:4085.799823345426;361:4088.296927345426;2874:4088.882935345426;1887:4094.5383193454263;4059:4096.457623345426;910:4100.973823345426;6541:4101.637951345427;3462:4103.851591345427;3648:4104.181351345426;2851:4108.855591345427;2850:4109.7889513454265;1801:4113.084631345427;1560:4117.825111345427;5242:4119.507751345427;922:4120.4236633454275;6385:4123.645303345427;3550:4123.907143345427;6322:4129.544383345427;7280:4133.063143345427;2411:4138.898263345427;1661:4144.698103345427;7283:4145.747143345427;796:4154.539663345427;751:4156.447543345426;4635:4161.556183345427;6299:4167.515263345426;4102:4169.874583345426;4325:4175.165743345426;7285:4176.082663345425;1218:4177.205863345425;2982:4179.086016
0,20,default_vehtype,boarding,True,4133.72413004315,4163.72413004315,2990;-1;-1,2990;-1;-1,0.0,0.9695893500914244,0.9695893500914244,0.0,,0,50;53,2,53,,,
0,20,default_vehtype,route,False,4163.72413004315,4174.777170002248,2990;-1;-1,2970;-1;-1,92.10866632581656,0.9695893500914244,0.9695801392247918,0.0,,0,50;53,2,,,2990;2552;1946;7401;3560;2970,2990:4163.72413004315;2552:4166.589846164233;1946:4170.843126164233;7401:4172.042166164233;3560:4173.117726164233;2970:4174.777170002248
0,32,default_vehtype,boarding,True,4133.5261326920445,4163.5261326920445,2966;-1;-1,2966;-1;-1,0.0,0.9988982893999998,0.9988982893999998,0.0,,0,51,1,51,,,
0,8,default_vehtype,boarding,True,4179.086016,4209.086016,2982;-1;-1,2982;-1;-1,0.0,0.9145549540912559,0.9145549540912559,0,,0,48,1,,48,,
0,20,default_vehtype,boarding,True,4174.777170002248,4204.777170002248,2970;-1;-1,2970;-1;-1,0.0,0.9695801392247918,0.9695801392247918,0,,0,50;53,2,,50,,
0,49,default_vehtype,out_of_service,True,4200.0,4260.0,2980;-1;-1,2980;-1;-1,0.0,0.5577237642629628,0.5577237642629628,0,,0,,0,,,,
0,32,default_vehtype,route,False,4163.5261326920445,4320,2966;-1;-1,710;2281;0.537,1516.6081286656154,0.9988982893999998,0.9987466285871333,0.0,,0,51,1,,,2966;2743;2631;2150;735;738;1096;3736;81;831;2413;1146;832;1880;1340;3638;3641;7177;5275;5297;5072;1464;2847;5825;4587;5794;3202;2065;2023;4203;4198;1071;1070;1069;1067;1504;4396;710,2966:4163.5261326920445;2743:4171.369960982444;2631:4175.381389553873;2150:4192.311675268159;735:4202.793846696731;738:4208.9616752681595;1096:4218.500646696731;3736:4218.7636626967305;81:4222.612566696731;831:4233.459150696731;2413:4234.446846696731;1146:4235.260230696731;832:4236.068646696731;1880:4238.666334696731;1340:4250.199150696731;3638:4251.18562269673;3641:4252.249206696731;7177:4255.827606696731;5275:4260.336894696731;5297:4263.715710696732;5072:4263.945966696731;1464:4270.8864786967315;2847:4271.957190696731;5825:4274.855838696732;4587:4277.136150696731;5794:4278.756294696732;3202:4282.877646696732;2065:4288.021902696732;2023:4293.580230696732;4203:4294.381014696732;4198:4295.362662696732;1071:4296.365190696732;1070:4310.8284786967315;1069:4311.566766696731;1067:4314.228822696731;1504:4318.6825986967315;4396:4318.908894696731;710:4319.459550696732
0,8,default_vehtype,route,False,4260.0,4339.671898099455,2982;-1;-1,2977;-1;-1,552.6256270192777,0.9145549540912559,0.9144996915285539,0.0,,0,,0,,,2982;2809;7010;820;7498;276;2915;2661;7517;6201;7314;7529;7535;2931;2929;2927;2802;2977,2982:4260;2809:4265.700967345425;7010:4268.608447345425;820:4270.589407345425;7498:4271.0574073454245;276:4271.169007345425;2915:4282.515007345424;2661:4289.748367345424;7517:4297.060327345424;6201:4297.921447345424;7314:4304.816767345424;7529:4312.0322473454235;7535:4317.091790202567;2931:4320.743218773995;2929:4324.394647345423;2927:4329.454190202567;2802:4336.6696702025665;2977:4339.671898099455
0,8,default_vehtype,boarding,True,4339.671898099455,4369.671898099455,2977;-1;-1,2977;-1;-1,0.0,0.9144996915285539,0.9144996915285539,0.0,,0,54,1,54,,,
0,20,default_vehtype,route,False,4204.777170002248,4415.028879310092,2970;-1;-1,2981;-1;-1,1775.083977565335,0.9695801392247918,0.9694026308270353,0.0,,0,53,1,,,2970;671;544;7400;3551;3849;7263;5060;3728;4936;1207;2554;4974;5249;6709;2464;7135;1193;552;2755;7131;3567;888;712;2718;754;611;1812;1186;7311;4339;2419;5404;5421;1925;1883;926;925;5399;1905;830;2795;1891;827;6499;1803;1141;5241;922;6385;3550;2981,2970:4204.777170002248;671:4205.807286164233;544:4208.496846164233;7400:4209.572406164233;3551:4210.9310461642335;3849:4214.976006164234;7263:4215.950646164234;5060:4216.733886164234;3728:4222.542246164234;4936:4232.8496461642335;1207:4237.219206164234;2554:4237.768086164234;4974:4238.541006164234;5249:4244.3449261642345;6709:4246.272126164235;2464:4262.131686164234;7135:4270.063806164235;1193:4271.163846164235;552:4275.662046164235;2755:4277.491206164235;7131:4285.448406164235;3567:4295.327286164235;888:4295.785566164235;712:4299.521166164235;2718:4300.4583661642355;754:4344.018486164236;611:4345.2670861642355;1812:4349.838246164236;1186:4351.015446164236;7311:4351.831086164236;4339:4353.324846164236;2419:4357.933926164236;5404:4362.160806164236;5421:4363.266126164236;1925:4363.409406164236;1883:4364.446686164236;926:4368.699246164236;925:4371.643566164235;5399:4380.948366164235;1905:4382.274966164236;830:4383.451806164236;2795:4384.635486164236;1891:4384.889406164236;827:4385.955246164236;6499:4395.310086164236;1803:4401.272646164236;1141:4406.777286164236;5241:4408.365366164237;922:4409.281278164237;6385:4412.502918164237;3550:4412.764758164237;2981:4415.028879310092
0,32,default_vehtype,route,False,4320.0,4425.775679085164,710;2281;0.537,2972;-1;-1,985.391987293966,0.9987466285871333,0.9986480893884039,0.0,,0,51,1,,,710;2281;4664;6260;3300;1832;708;6180;2405;6169;2744;2567;2576;3077;3241;88;2758;2742;2448;2353;6140;7386;3742;7100;6318;737;6639;2446;2301;1992;1990;1988;1985;3729;5498;5496;5699;5494;6307;374;7114;3246;5330;661;445;2972,710:4320;2281:4320.465246696732;4664:4324.3432386967315;6260:4324.789134696732;3300:4325.388246696732;1832:4328.178462696732;708:4328.7175266967315;6180:4329.140958696731;2405:4331.363358696731;6169:4334.84047869673;2744:4339.44103869673;2567:4341.28399869673;2576:4349.77255869673;3077:4351.90519869673;3241:4355.03407869673;88:4356.96091869673;2758:4358.92435869673;2742:4359.33079869673;2448:4362.51643869673;2353:4368.71731869673;6140:4373.88835869673;7386:4375.230798696731;3742:4382.88979869673;7100:4383.42943869673;6318:4383.90751869673;737:4384.82323869673;6639:4386.67243869673;2446:4388.24371869673;2301:4390.54075869673;1992:4391.565798696731;1990:4393.262718696731;1988:4395.716718696731;1985:4399.23847869673;3729:4401.58591869673;5498:4402.98331869673;5496:4405.890558696729;5699:4406.587998696729;5494:4407.691758696729;6307:4407.908598696729;374:4416.20959869673;7114:4418.42460669673;3246:4419.56242269673;5330:4420.30999869673;661:4421.30143869673;445:4424.331126696729;2972:4425.775679085164
0,20,default_vehtype,boarding,True,4415.028879310092,4445.028879310092,2981;-1;-1,2981;-1;-1,0.0,0.9694026308270353,0.9694026308270353,0.0,,0,53,1,,53,,
0,20,default_vehtype,route,False,4445.028879310092,4481.208119742294,2981;-1;-1,2979;-1;-1,176.13052741122,0.9694026308270353,0.9693850177742941,0.0,,0,,0,,,2981;6320;7278;2411;6281;2286;2287;6538;2979,2981:4445.028879310092;6320:4448.401998164237;7278:4451.920758164237;2411:4457.7558781642365;6281:4462.799992449951;2286:4467.566906735665;2287:4472.333821021379;6538:4477.377935307093;2979:4481.208119742294
0,32,default_vehtype,boarding,True,4425.775679085164,4455.775679085164,2972;-1;-1,2972;-1;-1,0.0,0.9986480893884039,0.9986480893884039,0.0,,0,51;55,2,55,,,
0,32,default_vehtype,route,False,4455.775679085164,4458.438430253751,2972;-1;-1,2988;-1;-1,36.982655119265175,0.9986480893884039,0.9986443911228919,0.0,,0,51;55,2,,,2972;6079;2988,2972:4455.775679085164;6079:4457.15453469673;2988:4458.438430253751
0,32,default_vehtype,boarding,True,4458.438430253751,4488.438430253751,2988;-1;-1,2988;-1;-1,0.0,0.9986443911228919,0.9986443911228919,0.0,,0,51;55,2,,51,,
0,20,default_vehtype,boarding,True,4481.208119742294,4511.208119742294,2979;-1;-1,2979;-1;-1,0.0,0.9693850177742941,0.9693850177742941,0.0,,0,56,1,56,,,
0,20,default_vehtype,route,False,4511.208119742294,4542.76071931009,2979;-1;-1,2981;-1;-1,147.12347258878,0.9693850177742941,0.9693703054270352,0.0,,0,56,1,,,2979;2786;2307;3549;3552;536;535;533;2981,2979:4511.208119742294;2786:4513.213055307093;2307:4516.731815307093;3549:4522.369055307093;3552:4527.59831244995;536:4531.432826735664;535:4535.267341021378;533:4540.496598164235;2981:4542.76071931009
0,20,default_vehtype,boarding,True,4542.76071931009,4572.76071931009,2981;-1;-1,2981;-1;-1,0.0,0.9693703054270352,0.9693703054270352,0,,0,56;58,2,58,,,
0,8,default_vehtype,route,False,4369.671898099455,4660.361846667619,2977;-1;-1,2992;-1;-1,2881.7774406516896,0.9144996915285539,0.9142115137844888,0.0,,0,54,1,,,2977;6202;7315;7530;2803;7558;2806;4344;2996;3013;7322;2804;3061;1173;3425;3125;3406;2825;1944;130;99;4526;714;2800;4332;799;3653;3825;7127;1836;4248;5046;7138;6879;1367;3637;3640;3643;7179;5275;5297;5072;1464;2847;5825;4587;5794;3202;2065;2023;4203;537;18;5629;1068;2559;6740;1717;2067;2063;1937;2992,2977:4369.671898099455;6202:4373.564990202566;7315:4380.460310202566;7530:4387.675790202566;2803:4395.230750202566;7558:4402.625750202566;2806:4410.459590202567;4344:4411.662590202567;2996:4413.706070202567;3013:4418.491190202567;7322:4422.501830202567;2804:4425.828590202567;3061:4432.496630202567;1173:4438.094990202567;3425:4439.277950202567;3125:4440.531470202567;3406:4452.885830202567;2825:4455.355550202567;1944:4456.666910202567;130:4459.054550202567;99:4459.534790202567;4526:4467.944390202567;714:4470.741230202567;2800:4472.747630202567;4332:4473.563270202567;799:4474.744190202567;3653:4479.3404302025665;3825:4480.589030202566;7127:4524.1491502025665;1836:4525.500110202566;4248:4540.045310202566;5046:4556.385830202566;7138:4558.024430202566;6879:4564.290830202566;1367:4575.783710202566;3637:4577.676830202566;3640:4578.5299582025655;3643:4579.593542202566;7179:4583.171942202566;5275:4587.681230202566;5297:4591.060046202567;5072:4591.290302202567;1464:4598.230814202567;2847:4599.3015262025665;5825:4602.200174202567;4587:4604.480486202567;5794:4606.100630202567;3202:4610.221982202567;2065:4615.366238202567;2023:4620.924566202567;4203:4621.725350202567;537:4622.679350202567;18:4628.546918202566;5629:4634.396342202566;1068:4636.948742202566;2559:4643.9993422025655;6740:4648.469966202565;1717:4654.303694202565;2067:4655.041478202565;2063:4655.757734202564;1937:4659.027686202564;2992:4660.361846667619
0,32,default_vehtype,route,False,4488.438430253751,4620.6517937661,2988;-1;-1,2991;-1;-1,1371.1040487826665,0.9986443911228919,0.9985072807180136,0.0,,0,55,1,,,2988;3447;3721;5333;251;2711;3358;2296;5495;5697;5497;5500;670;5502;5512;5520;5531;6313;6632;6644;3793;6319;7102;3741;7384;6414;5446;2447;2571;42;2577;2566;3033;3036;2469;2404;2235;3762;5287;310;2280;1447;6261;3764;4397;4745;4182;4187;4191;4195;4202;4208;537;2991,2988:4488.438430253751;3447:4489.97794269673;3721:4493.007630696729;5333:4493.999070696729;251:4494.746646696729;2711:4495.884462696729;3358:4498.099470696729;2296:4506.40047069673;5495:4506.61731069673;5697:4507.72107069673;5497:4508.41851069673;5500:4511.325750696729;670:4512.723150696729;5502:4515.070590696729;5512:4518.592350696728;5520:4521.046350696728;5531:4522.743270696728;6313:4523.768310696729;6632:4526.065350696729;6644:4527.636630696729;3793:4529.485830696729;6319:4530.401550696729;7102:4530.879630696729;3741:4531.419270696729;7384:4539.078270696728;6414:4544.285430696728;5446:4546.553190696728;2447:4550.489310696728;2571:4558.0782306967285;42:4562.746230696728;2577:4563.418710696728;2566:4572.017790696728;3033:4572.648750696729;3036:4574.918310696728;2469:4578.510630696728;2404:4581.834150696728;2235:4583.117550696728;3762:4583.540982696728;5287:4584.080046696728;310:4586.870262696728;2280:4587.469374696728;1447:4587.915270696728;6261:4591.793262696728;3764:4592.798958696728;4397:4593.349614696728;4745:4593.575910696728;4182:4598.029686696728;4187:4600.691742696728;4191:4601.430030696728;4195:4615.893318696728;4202:4616.895846696728;4208:4617.877494696728;537:4618.8314946967275;2991:4620.6517937661
0,32,default_vehtype,boarding,True,4620.6517937661,4650.6517937661,2991;-1;-1,2991;-1;-1,0.0,0.9985072807180136,0.9985072807180136,0.0,,0,55;62,2,62,55,,
0,8,default_vehtype,boarding,True,4660.361846667619,4690.361846667619,2992;-1;-1,2992;-1;-1,0.0,0.9142115137844888,0.9142115137844888,0.0,,0,54,1,,54,,
0,20,default_vehtype,route,False,4572.76071931009,4722.369888848722,2981;-1;-1,2975;-1;-1,1207.0300509171502,0.9693703054270352,0.9692496024219435,0.0,,0,56;58,2,,,2981;6320;3549;6384;4032;1804;4277;5239;6501;3911;5389;7301;3914;5398;5400;4040;4041;5374;5418;5424;5403;6546;1200;7312;3767;4527;3089;3131;5447;7352;414;122;3426;4305;793;118;3979;4275;3068;70;73;4273;880;3109;3874;2975,2981:4572.76071931009;6320:4576.133838164235;3549:4581.771078164235;6384:4582.0329181642355;4032:4585.254558164235;1804:4586.170470164236;4277:4587.758550164236;5239:4593.263190164236;6501:4599.225750164236;3911:4608.580590164236;5389:4609.646430164236;7301:4609.900350164236;3914:4611.0840301642365;5398:4612.260870164237;5400:4613.587470164237;4040:4622.892270164237;4041:4625.836590164236;5374:4630.089150164236;5418:4631.126430164236;5424:4631.269710164236;5403:4632.375030164236;6546:4636.601910164236;1200:4641.210990164236;7312:4642.704750164236;3767:4644.711150164237;4527:4647.507990164237;3089:4655.917590164237;3131:4656.397830164236;5447:4658.785470164236;7352:4660.096830164236;414:4662.566550164236;122:4674.920910164236;3426:4676.174430164237;4305:4677.576750164237;793:4689.692310164237;118:4695.556590164237;3979:4697.407134164237;4275:4697.998470164237;3068:4702.742755878523;70:4705.028755878523;73:4707.314755878523;4273:4712.059041592809;880:4712.6503775928095;3109:4714.500921592809;3874:4720.365201592809;2975:4722.369888848722
0,20,default_vehtype,boarding,True,4722.369888848722,4752.369888848722,2975;-1;-1,2975;-1;-1,0.0,0.9692496024219435,0.9692496024219435,0,,0,56;58,2,,56,,
0,32,default_vehtype,route,False,4650.6517937661,4843.831775386061,2991;-1;-1,2973;-1;-1,2199.3406336106036,0.9985072807180136,0.9982873466546527,0.0,,0,62,1,,,2991;3010;5631;1068;2867;2760;542;1074;1071;1070;1069;1067;1504;4396;710;2281;4664;6260;3300;1832;708;6180;2405;6169;2744;2567;2576;3077;3241;88;2758;2742;2448;2353;6140;7386;3742;7100;6318;737;6639;2446;2301;1992;1990;1988;1985;3729;5498;5496;5699;5494;6307;374;7114;3246;5330;661;445;6080;7381;364;3029;3886;5711;6045;2157;4817;456;5901;7605;2830;1420;1084;2973,2991:4650.6517937661;3010:4654.699062696727;5631:4660.548486696727;1068:4663.100886696727;2867:4663.975182696727;2760:4670.513718696727;542:4678.041822696727;1074:4678.975230696727;1071:4679.977758696727;1070:4694.4410466967265;1069:4695.179334696726;1067:4697.841390696726;1504:4702.2951666967265;4396:4702.521462696726;710:4703.072118696727;2281:4704.077814696727;4664:4707.9558066967265;6260:4708.401702696727;3300:4709.000814696727;1832:4711.791030696727;708:4712.3300946967265;6180:4712.753526696726;2405:4714.975926696726;6169:4718.453046696725;2744:4723.053606696725;2567:4724.896566696725;2576:4733.385126696725;3077:4735.517766696725;3241:4738.646646696725;88:4740.573486696725;2758:4742.5369266967255;2742:4742.943366696725;2448:4746.129006696725;2353:4752.329886696725;6140:4757.500926696725;7386:4758.843366696726;3742:4766.502366696725;7100:4767.042006696725;6318:4767.520086696725;737:4768.435806696725;6639:4770.285006696725;2446:4771.856286696725;2301:4774.153326696725;1992:4775.178366696726;1990:4776.875286696726;1988:4779.329286696726;1985:4782.8510466967255;3729:4785.198486696725;5498:4786.595886696725;5496:4789.503126696724;5699:4790.200566696724;5494:4791.304326696724;6307:4791.521166696724;374:4799.822166696725;7114:4802.037174696725;3246:4803.174990696725;5330:4803.922566696725;661:4804.914006696725;445:4807.943694696724;6080:4810.767102696725;7381:4811.1759906967245;364:4811.611374696725;3029:4813.635582696725;3886:4814.133606696725;5711:4816.673190696725;6045:4818.067470696726;2157:4822.255998696725;4817:4822.732782696726;456:4823.347662696726;5901:4824.103230696725;7605:4827.574926696725;2830:4827.804318696725;1420:4839.509430696725;1084:4843.044414696725;2973:4843.831775386061
0,8,default_vehtype,route,False,4690.361846667619,4879.668049308589,2992;-1;-1,2989;-1;-1,2085.4196860911284,0.9142115137844888,0.9140029718158798,0.0,,0,,0,,,2992;2526;5444;1716;2720;4210;1711;98;2497;7434;2760;542;1074;1071;1070;1069;1067;1504;4396;710;2281;4664;6260;3300;1832;708;6180;2405;6169;2744;2567;2576;3077;3241;88;2758;2742;2448;2353;6140;7386;3742;7100;6318;737;6639;2446;2301;1992;1990;1988;1985;3729;5498;5496;5699;5494;5695;3307;3987;6878;2989,2992:4690.361846667619;2526:4699.564094202565;5444:4710.100502202565;1716:4712.890862202565;2720:4713.637502202565;4210:4714.535774202565;1711:4715.665454202565;98:4724.281262202565;2497:4725.791894202565;7434:4732.999742202565;2760:4739.538278202565;542:4747.066382202565;1074:4747.999790202565;1071:4749.002318202565;1070:4763.465606202565;1069:4764.203894202565;1067:4766.865950202565;1504:4771.319726202565;4396:4771.546022202565;710:4772.096678202565;2281:4773.102374202565;4664:4776.980366202565;6260:4777.426262202565;3300:4778.025374202565;1832:4780.8155902025655;708:4781.354654202565;6180:4781.778086202565;2405:4784.000486202564;6169:4787.477606202564;2744:4792.078166202564;2567:4793.921126202564;2576:4802.4096862025635;3077:4804.542326202563;3241:4807.671206202564;88:4809.598046202564;2758:4811.561486202564;2742:4811.967926202564;2448:4815.1535662025635;2353:4821.354446202564;6140:4826.525486202564;7386:4827.867926202564;3742:4835.526926202564;7100:4836.066566202564;6318:4836.544646202564;737:4837.460366202564;6639:4839.3095662025635;2446:4840.880846202564;2301:4843.177886202564;1992:4844.202926202564;1990:4845.899846202565;1988:4848.3538462025645;1985:4851.875606202564;3729:4854.223046202564;5498:4855.6204462025635;5496:4858.527686202563;5699:4859.225126202563;5494:4860.328886202563;5695:4861.091606202563;3307:4871.830046202563;3987:4878.6572062025625;6878:4879.260566202563;2989:4879.668049308589
0,8,default_vehtype,boarding,True,4879.668049308589,4909.668049308589,2989;-1;-1,2989;-1;-1,0.0,0.9140029718158798,0.9140029718158798,0.0,,0,63,1,63,,,
0,32,default_vehtype,boarding,True,4843.831775386061,4873.831775386061,2973;-1;-1,2973;-1;-1,0.0,0.9982873466546527,0.9982873466546527,0.0,,0,62;60,2,60,,,
0,32,default_vehtype,route,False,4873.831775386061,4884.152205667017,2973;-1;-1,2987;-1;-1,143.3393094577217,0.9982873466546527,0.9982730127237069,0.0,,0,62;60,2,,,2973;7354;4225;2987,2973:4873.831775386061;7354:4877.628942696725;4225:4882.213470696725;2987:4884.152205667017
0,32,default_vehtype,boarding,True,4884.152205667017,4914.152205667017,2987;-1;-1,2987;-1;-1,0.0,0.9982730127237069,0.9982730127237069,0.0,,0,62;60,2,,62,,
0,20,default_vehtype,route,False,4752.369888848722,4947.342678324648,2975;-1;-1,2971;-1;-1,2124.329645632739,0.9692496024219435,0.9690371694573802,0.0,,0,58,1,,,2975;1166;793;118;3979;4275;103;6480;7360;3154;6028;5745;6035;5743;6038;6041;7365;6050;6068;6077;3629;4502;6912;2108;7370;7608;5900;3459;4818;5992;6047;5708;3884;3030;3347;7376;2207;3446;3720;5332;251;2711;3358;2296;5495;5696;3307;3987;2396;886;808;1372;807;1375;108;1376;1380;373;2390;7391;5704;7389;2971,2975:4752.369888848722;1166:4762.480761592809;793:4774.5963215928095;118:4780.460601592809;3979:4782.311145592809;4275:4782.90248159281;103:4784.04540959281;6480:4797.36713759281;7360:4802.8690175928095;3154:4803.96082559281;6028:4804.92195359281;5745:4806.41357759281;6035:4808.3369855928095;5743:4809.70642559281;6038:4811.72184959281;6041:4812.99812159281;7365:4819.66128959281;6050:4821.93483359281;6068:4826.16116159281;6077:4826.806857592809;3629:4828.364145592809;4502:4828.827033592809;6912:4833.975465592809;2108:4835.871873592809;7370:4842.3986015928085;7608:4842.627993592809;5900:4846.099689592808;3459:4846.855257592808;4818:4847.470137592808;5992:4847.946921592808;6047:4852.135449592808;5708:4853.5297295928085;3884:4856.069313592809;3030:4856.567337592809;3347:4858.591545592809;7376:4859.026929592809;2207:4859.435817592809;3446:4862.259225592809;3720:4865.288913592809;5332:4866.280353592809;251:4867.0279295928085;2711:4868.165745592809;3358:4870.380753592809;2296:4878.681753592809;5495:4878.898593592809;5696:4879.661313592809;3307:4890.399753592809;3987:4897.226913592809;2396:4898.532873592809;886:4904.170473592809;808:4904.636673592809;1372:4905.499593592808;807:4906.603473592808;1375:4908.287673592808;108:4910.428113592808;1376:4912.228353592807;1380:4914.244953592807;373:4923.805953592807;2390:4926.350673592807;7391:4927.751313592807;5704:4930.116393592806;7389:4944.654633592806;2971:4947.342678324648
0,20,default_vehtype,boarding,True,4947.342678324648,4977.342678324648,2971;-1;-1,2971;-1;-1,0.0,0.9690371694573802,0.9690371694573802,0.0,,0,58,1,,58,,
0,20,default_vehtype,route,False,4980.0,5082.642522238451,2971;-1;-1,2987;-1;-1,1259.5135018220485,0.9690371694573802,0.9689112181071979,0.0,,0,,0,,,2971;3807;6875;885;316;2042;1982;6306;374;7114;3246;5330;661;445;6080;7381;364;3029;3886;5711;6045;2157;4817;456;5901;7605;2830;1420;1084;7357;2826;2827;4225;2987,2971:4980;3807:4981.3763552681585;6875:4982.444355268159;885:4983.047715268159;316:4989.874875268159;2042:5000.613315268159;1982:5001.376035268158;6306:5001.592875268158;374:5009.893875268159;7114:5012.108883268159;3246:5013.246699268159;5330:5013.994275268159;661:5014.985715268159;445:5018.0154032681585;6080:5020.838811268159;7381:5021.247699268159;364:5021.683083268159;3029:5023.707291268159;3886:5024.205315268159;5711:5026.744899268159;6045:5028.13917926816;2157:5032.327707268159;4817:5032.80449126816;456:5033.41937126816;5901:5034.1749392681595;7605:5037.646635268159;2830:5037.876027268159;1420:5049.581139268159;1084:5053.116123268159;7357:5057.700651268159;2826:5066.909955268159;2827:5076.119259268159;4225:5080.703787268159;2987:5082.642522238451
0,32,default_vehtype,route,False,4914.152205667017,5076.381539744777,2987;-1;-1,2969;-1;-1,1787.9925288577945,0.9982730127237069,0.9980942134708212,0.0,,0,60,1,,,2987;4613;7368;7606;5900;3459;4818;5992;6047;5708;3884;3030;3347;7376;2207;3446;3720;5332;251;2711;3358;2296;5495;5697;5497;5500;670;5502;5512;5520;5531;6313;6632;6644;3793;6319;7102;3741;7384;6414;5446;2447;2571;42;2577;2566;3033;3036;2469;2404;2235;3762;5287;310;2280;1447;6261;3764;4397;4745;4182;4187;4191;4195;4202;336;2969,2987:4914.152205667017;4613:4915.748454696725;7368:4927.453566696725;7606:4927.682958696725;5900:4931.154654696725;3459:4931.910222696724;4818:4932.525102696724;5992:4933.001886696725;6047:4937.1904146967245;5708:4938.584694696725;3884:4941.124278696725;3030:4941.6223026967255;3347:4943.646510696725;7376:4944.081894696726;2207:4944.490782696726;3446:4947.314190696726;3720:4950.343878696725;5332:4951.335318696725;251:4952.082894696725;2711:4953.220710696725;3358:4955.435718696725;2296:4963.736718696726;5495:4963.953558696726;5697:4965.057318696726;5497:4965.754758696726;5500:4968.661998696725;670:4970.059398696725;5502:4972.406838696725;5512:4975.928598696724;5520:4978.382598696724;5531:4980.079518696724;6313:4981.104558696725;6632:4983.401598696725;6644:4984.972878696725;3793:4986.822078696725;6319:4987.737798696725;7102:4988.215878696725;3741:4988.755518696725;7384:4996.414518696724;6414:5001.621678696724;5446:5003.889438696724;2447:5007.825558696724;2571:5015.4144786967245;42:5020.082478696724;2577:5020.754958696724;2566:5029.354038696724;3033:5029.984998696725;3036:5032.254558696724;2469:5035.846878696724;2404:5039.170398696724;2235:5040.453798696724;3762:5040.877230696724;5287:5041.4162946967235;310:5044.206510696724;2280:5044.805622696724;1447:5045.251518696724;6261:5049.129510696724;3764:5050.135206696724;4397:5050.685862696724;4745:5050.912158696724;4182:5055.365934696724;4187:5058.027990696724;4191:5058.766278696724;4195:5073.229566696724;4202:5074.232094696724;336:5075.255214696724;2969:5076.381539744777
0,8,default_vehtype,route,False,4909.668049308589,5100.0,2989;-1;-1,470;469;0.834,1921.8192531670286,0.9140029718158798,0.9138107898905631,0.0,,0,63,1,,,2989;3808;7388;2045;2835;2641;7396;2616;486;2838;3722;3732;544;7400;5449;6824;4848;3271;4846;4989;5000;337;1075;537;18;5629;1068;2559;6740;1717;2067;2063;1937;6789;3895;5465;7450;1719;3469;470,2989:4909.668049308589;3808:4910.328566202562;7388:4914.392966202562;2045:4928.931206202562;2835:4931.2962862025615;2641:4940.507366202562;7396:4941.101726202562;2616:4946.463326202562;486:4947.375086202562;2838:4953.699806202561;3722:4957.219046202561;3732:4979.668766202561;544:4982.35832620256;7400:4983.433886202561;5449:4984.632926202561;6824:4988.886206202561;4848:4996.366526202561;3271:5001.91964620256;4846:5003.7927262025605;4989:5016.065246202561;5000:5020.824806202561;337:5028.585038202561;1075:5029.608878202561;537:5030.562878202561;18:5036.43044620256;5629:5042.27987020256;1068:5044.83227020256;2559:5051.882870202559;6740:5056.353494202559;1717:5062.187222202559;2067:5062.9250062025585;2063:5063.641262202558;1937:5066.911214202558;6789:5077.447622202558;3895:5078.714606202558;5465:5086.246526202558;7450:5087.230766202558;1719:5088.047390202558;3469:5089.0673422025575;470:5095.028427916844
0,8,default_vehtype,route,True,5100.0,5105.262703196355,470;469;0.834,2967;-1;-1,61.27390935532789,0.9138107898905631,0.9138046624996276,0.0,,0,63,1,,,470;469;5079;7447;1960;2967,470:5100;469:5100.98951363113;5079:5102.009465631129;7447:5102.826089631129;1960:5103.810329631129;2967:5105.262703196355
0,8,default_vehtype,boarding,True,5105.262703196355,5135.262703196355,2967;-1;-1,2967;-1;-1,0.0,0.9138046624996276,0.9138046624996276,0.0,,0,63,1,,63,,
0,20,default_vehtype,boarding,True,5082.642522238451,5112.642522238451,2987;-1;-1,2987;-1;-1,0.0,0.9689112181071979,0.9689112181071979,0.0,,0,67,1,67,,,
0,32,default_vehtype,boarding,True,5076.381539744777,5106.381539744777,2969;-1;-1,2969;-1;-1,0.0,0.9980942134708212,0.9980942134708212,0.0,,0,60,1,,60,,
0,8,default_vehtype,route,True,5135.262703196355,5161.55673315421,2967;-1;-1,2968;-1;-1,365.194860525747,0.9138046624996276,0.913768143013575,0.0,,0,,0,,,2967;3896;6788;5444;1716;2720;4210;1711;2968,2967:5135.262703196355;3896:5141.34224963113;6788:5142.609233631129;5444:5153.145641631129;1716:5155.936001631129;2720:5156.68264163113;4210:5157.58091363113;1711:5158.71059363113;2968:5161.55673315421
0,8,default_vehtype,boarding,True,5161.55673315421,5191.55673315421,2968;-1;-1,2968;-1;-1,0.0,0.913768143013575,0.913768143013575,0.0,,0,69,1,69,,,
0,20,default_vehtype,route,False,5112.642522238451,5240.068316305013,2987;-1;-1,2984;-1;-1,1389.2919531006644,0.9689112181071979,0.9687722889118879,0.0,,0,67,1,,,2987;4613;1084;7357;3525;6025;3063;6027;7362;2188;2186;5744;6033;5746;6031;146;2828;2376;3091;4274;880;3109;3874;4306;429;4313;68;7318;7325;3011;4;4345;1199;1204;2996;2984,2987:5112.642522238451;4613:5114.238771268159;1084:5117.773755268159;7357:5122.3582832681595;3525:5133.23712326816;6025:5134.97858726816;3063:5136.24326726816;6027:5137.5452432681595;7362:5141.55348326816;2188:5148.21665126816;2186:5149.49292326816;5744:5151.50834726816;6033:5152.87778726816;5746:5154.80119526816;6031:5156.29281926816;146:5157.25394726816;2828:5158.34575526816;2376:5163.84763526816;3091:5177.16936326816;4274:5178.31229126816;880:5178.903627268161;3109:5180.7541712681605;3874:5186.61845126816;4306:5198.73401126816;429:5200.136331268161;4313:5201.319291268161;68:5206.917651268161;7318:5213.58569126816;7325:5216.91245126816;3011:5220.9230912681605;4:5225.70821126816;4345:5227.75169126816;1199:5231.742034125303;1204:5235.732376982445;2996:5237.7758569824455;2984:5240.068316305013
0,20,default_vehtype,boarding,True,5240.068316305013,5270.068316305013,2984;-1;-1,2984;-1;-1,0.0,0.9687722889118879,0.9687722889118879,0.0,,0,67,1,,67,,
0,20,default_vehtype,route,False,5270.068316305013,5314.97720634761,2984;-1;-1,2985;-1;-1,386.725802383677,0.9687722889118879,0.9687336163316496,0.0,,0,,0,,,2984;3012;7321;2804;3061;1173;3425;4304;793;118;3979;2985,2984:5270.068316305013;3012:5272.560976982445;7321:5276.571616982445;2804:5279.898376982445;3061:5286.566416982445;1173:5292.164776982445;3425:5293.347736982445;4304:5294.750056982445;793:5306.865616982445;118:5312.729896982445;3979:5314.580440982445;2985:5314.97720634761
0,32,default_vehtype,route,False,5160.0,5308.291518057969,2969;-1;-1,2989;-1;-1,1515.7712891050307,0.9980942134708212,0.9979426363419106,0.0,,0,,0,,,2969;7192;1664;337;1075;4198;1071;1070;1069;1067;1504;4396;710;2281;4664;6260;3300;1832;708;6180;2405;6169;2744;2567;2576;3077;3241;88;2758;2742;2448;2353;6140;7386;3742;7100;6318;737;6639;2446;2301;1992;1990;1988;1985;3729;5498;5496;5699;5494;5695;3307;3987;6878;2989,2969:5160;7192:5163.603642951946;1664:5166.8575389519465;337:5174.617770951946;1075:5175.641610951946;4198:5176.623258951946;1071:5177.625786951946;1070:5192.089074951946;1069:5192.827362951945;1067:5195.4894189519455;1504:5199.943194951946;4396:5200.169490951946;710:5200.720146951946;2281:5201.725842951946;4664:5205.603834951946;6260:5206.049730951946;3300:5206.648842951946;1832:5209.439058951946;708:5209.978122951946;6180:5210.401554951945;2405:5212.623954951945;6169:5216.101074951945;2744:5220.7016349519445;2567:5222.544594951944;2576:5231.033154951944;3077:5233.165794951944;3241:5236.294674951944;88:5238.221514951944;2758:5240.184954951945;2742:5240.5913949519445;2448:5243.777034951944;2353:5249.9779149519445;6140:5255.148954951945;7386:5256.491394951945;3742:5264.150394951945;7100:5264.690034951945;6318:5265.1681149519445;737:5266.0838349519445;6639:5267.933034951944;2446:5269.504314951944;2301:5271.801354951945;1992:5272.826394951945;1990:5274.523314951945;1988:5276.977314951945;1985:5280.499074951945;3729:5282.846514951944;5498:5284.243914951944;5496:5287.151154951944;5699:5287.848594951944;5494:5288.952354951944;5695:5289.715074951943;3307:5300.453514951943;3987:5307.280674951943;6878:5307.884034951943;2989:5308.291518057969
0,32,default_vehtype,boarding,True,5308.291518057969,5338.291518057969,2989;-1;-1,2989;-1;-1,0.0,0.9979426363419106,0.9979426363419106,0.0,,0,70,1,70,,,
0,8,default_vehtype,route,True,5191.55673315421,5385.641498776987,2968;-1;-1,2981;-1;-1,2596.441960617134,0.913768143013575,0.9135084988175133,0.0,,0,69,1,,,2968;98;2497;7434;2760;542;1074;4204;5649;5760;205;5793;1407;5826;7411;4686;5074;5295;5274;7181;604;603;602;3851;4573;1400;971;598;1368;591;585;940;1370;939;1903;983;3921;840;2881;5099;2878;1735;2581;370;361;2874;1887;4059;910;6541;3462;3648;2851;2850;1801;1560;5242;922;6385;3550;2981,2968:5191.55673315421;98:5197.3264016311305;2497:5198.837033631131;7434:5206.044881631131;2760:5212.583417631131;542:5220.111521631131;1074:5221.044929631131;4204:5222.026577631131;5649:5222.827361631131;5760:5228.385689631131;205:5233.52994563113;5793:5237.651297631131;1407:5239.271441631131;5826:5241.551753631131;7411:5244.450401631131;4686:5245.521113631131;5074:5252.461625631131;5295:5252.691881631131;5274:5256.070697631131;7181:5260.579985631131;604:5264.158385631132;603:5265.221969631132;602:5266.075097631132;3851:5267.078489631132;4573:5271.384809631131;1400:5273.117489631131;971:5276.915921631131;598:5277.983177631131;1368:5278.943513631131;591:5284.8144656311315;585:5297.985713631131;940:5304.565577631131;1370:5311.5922016311315;939:5312.2888736311315;1903:5313.110465631132;983:5314.092977631131;3921:5317.891121631132;840:5322.451961631132;2881:5329.082585631132;5099:5330.235449631132;2878:5331.3634736311315;1735:5342.347793631131;2581:5343.687209631131;370:5345.270057631131;361:5347.767161631131;2874:5348.353169631131;1887:5354.008553631131;4059:5355.927857631131;910:5360.444057631131;6541:5361.108185631131;3462:5363.321825631131;3648:5363.651585631131;2851:5368.325825631131;2850:5369.259185631131;1801:5372.554865631131;1560:5377.295345631132;5242:5378.977985631132;922:5379.893897631132;6385:5383.115537631132;3550:5383.377377631132;2981:5385.641498776987
0,20,default_vehtype,boarding,True,5314.97720634761,5344.97720634761,2985;-1;-1,2985;-1;-1,0.0,0.9687336163316496,0.9687336163316496,0.0,,0,71,1,71,,,
0,8,default_vehtype,boarding,True,5385.641498776987,5415.641498776987,2981;-1;-1,2981;-1;-1,0.0,0.9135084988175133,0.9135084988175133,0,,0,69,1,,69,,
0,8,default_vehtype,to_depot,True,5415.641498776987,5516.210438895475,2981;-1;-1,2980;-1;-1,794.6363251318753,0.9135084988175133,0.9134290351850001,0.0,,0,,0,,,2981;6320;3549;6384;4032;1804;4811;5237;608;459;2416;4011;5246;363;366;2314;2877;1748;1743;1157;2058;2092;915;2980,2981:5415.641498776987;6320:5419.014617631132;3549:5424.651857631132;6384:5424.913697631132;4032:5428.135337631132;1804:5429.051249631132;4811:5430.733889631132;5237:5435.4743696311325;608:5444.340449631132;459:5444.670209631132;2416:5446.883849631132;4011:5447.547977631132;5246:5453.473145631132;363:5460.381833631132;366:5461.786913631133;2314:5462.931785631133;2877:5476.102889631133;1748:5477.221409631133;1743:5484.9758096311325;1157:5489.714952488275;2058:5495.504781059703;2092:5498.893923916847;915:5504.012095345418;2980:5516.210438895475
0,8,default_vehtype,out_of_service,True,5516.210438895475,5520.0,2980;-1;-1,2980;-1;-1,0.0,0.9134290351850001,0.9134290351850001,0.0,,0,,0,,,,
0,32,default_vehtype,route,False,5338.291518057969,5538.591734848832,2989;-1;-1,2977;-1;-1,2168.724873257181,0.9979426363419106,0.9977257638545849,0.0,,0,70,1,,,2989;3808;6876;885;316;2042;1982;6306;374;7114;3246;5330;661;445;6080;7381;364;3029;3886;5711;6045;2157;4817;456;5901;7605;2830;5852;6913;1321;597;2204;6066;6049;7367;2188;2186;5744;6033;5746;6031;146;2828;2376;3091;4274;880;3109;3874;4306;429;4313;68;7318;7325;3011;4;4345;7330;7562;7316;7531;2802;2977,2989:5338.291518057969;3808:5338.952034951943;6876:5340.020034951943;885:5340.623394951943;316:5347.450554951943;2042:5358.188994951943;1982:5358.951714951942;6306:5359.1685549519425;374:5367.469554951943;7114:5369.684562951943;3246:5370.822378951943;5330:5371.569954951943;661:5372.561394951943;445:5375.591082951943;6080:5378.414490951943;7381:5378.823378951943;364:5379.258762951943;3029:5381.282970951943;3886:5381.780994951943;5711:5384.320578951943;6045:5385.714858951944;2157:5389.9033869519435;4817:5390.380170951944;456:5390.995050951944;5901:5391.750618951944;7605:5395.222314951943;2830:5395.451706951943;5852:5401.978434951943;6913:5403.874842951943;1321:5409.023274951943;597:5409.486162951943;2204:5411.043450951943;6066:5411.689146951942;6049:5415.915474951942;7367:5418.189018951942;2188:5424.852186951942;2186:5426.128458951942;5744:5428.143882951942;6033:5429.513322951942;5746:5431.436730951942;6031:5432.928354951942;146:5433.889482951942;2828:5434.981290951942;2376:5440.483170951942;3091:5453.804898951942;4274:5454.947826951942;880:5455.539162951943;3109:5457.389706951943;3874:5463.253986951942;4306:5475.3695469519425;429:5476.771866951943;4313:5477.954826951943;68:5483.553186951943;7318:5490.221226951942;7325:5493.547986951942;3011:5497.558626951943;4:5502.343746951942;4345:5504.3872269519425;7330:5505.590226951943;7562:5513.424066951943;7316:5520.819066951944;7531:5528.374026951944;2802:5535.589506951944;2977:5538.591734848832
0,32,default_vehtype,boarding,True,5538.591734848832,5568.591734848832,2977;-1;-1,2977;-1;-1,0.0,0.9977257638545849,0.9977257638545849,0.0,,0,70,1,,70,,
0,20,default_vehtype,route,False,5344.97720634761,5596.859526547672,2985;-1;-1,2967;-1;-1,2621.8042250008407,0.9687336163316496,0.9684714359091495,0.0,,0,71,1,,,2985;1140;880;3109;3874;4306;429;3125;3406;2825;1944;130;99;4526;714;2800;4332;799;3653;3825;7127;1836;4248;5046;7138;6879;1367;3637;1339;1395;1399;835;1147;2412;836;1097;738;2470;734;1815;739;1724;1962;1910;164;1354;197;1311;7;1963;1308;482;7613;2611;1307;2876;1960;2967,2985:5344.97720634761;1140:5345.171776982445;880:5345.763112982446;3109:5347.613656982446;3874:5353.4779369824455;4306:5365.593496982446;429:5366.995816982446;3125:5368.249336982446;3406:5380.603696982446;2825:5383.073416982446;1944:5384.384776982446;130:5386.772416982446;99:5387.252656982446;4526:5395.662256982446;714:5398.459096982446;2800:5400.465496982446;4332:5401.281136982446;799:5402.462056982446;3653:5407.058296982445;3825:5408.306896982445;7127:5451.867016982445;1836:5453.217976982445;4248:5467.763176982445;5046:5484.1036969824445;7138:5485.742296982445;6879:5492.008696982445;1367:5503.501576982445;3637:5505.394696982445;1339:5506.387072982445;1395:5514.924400982445;1399:5517.0651049824455;835:5520.642064982446;1147:5521.434640982446;2412:5522.2426969824455;836:5523.241480982446;1097:5538.502240982446;738:5539.204888982446;2470:5540.154568982446;734:5540.363440982446;1815:5541.371656982446;739:5542.212184982446;1724:5558.669872982447;1962:5559.726688982447;1910:5560.548928982447;164:5561.500120982448;1354:5562.456640982447;197:5564.6658889824475;1311:5576.200648982447;7:5579.895616982447;1963:5580.304072982447;1308:5580.665296982447;482:5585.2199449824475;7613:5586.544096982448;2611:5590.440448982447;1307:5591.756176982447;2876:5594.422912982447;1960:5595.407152982447;2967:5596.859526547672
0,20,default_vehtype,boarding,True,5596.859526547672,5626.859526547672,2967;-1;-1,2967;-1;-1,0.0,0.9684714359091495,0.9684714359091495,0.0,,0,71;72,2,72,71,,
0,32,default_vehtype,route,False,5568.591734848832,5616.998750256915,2977;-1;-1,2978;-1;-1,403.39179506736787,0.9977257638545849,0.9976854246750781,0.0,,0,,0,,,2977;6202;7516;7037;7512;3274;2902;3901;7011;7336;4365;7288;1182;2978,2977:5568.591734848832;6202:5572.484826951943;7516:5573.345946951943;7037:5580.657906951943;7512:5587.891266951943;3274:5599.237266951943;2902:5599.348866951943;3901:5599.816866951943;7011:5601.797826951943;7336:5604.7053069519425;4365:5612.286426951942;7288:5613.409626951942;1182:5614.326546951942;2978:5616.998750256915
0,20,default_vehtype,route,False,5626.859526547672,5684.791198030501,2967;-1;-1,2969;-1;-1,804.6065483726129,0.9684714359091495,0.9683909752543123,0.0,,0,72,1,,,2967;3896;6788;5444;1716;2720;4210;1711;98;2497;7434;2760;542;1074;336;2969,2967:5626.859526547672;3896:5632.939072982447;6788:5634.206056982447;5444:5644.742464982447;1716:5647.532824982447;2720:5648.279464982447;4210:5649.177736982448;1711:5650.307416982448;98:5658.923224982447;2497:5660.433856982448;7434:5667.641704982448;2760:5674.180240982448;542:5681.708344982448;1074:5682.6417529824475;336:5683.664872982447;2969:5684.791198030501
0,32,default_vehtype,boarding,True,5616.998750256915,5646.998750256915,2978;-1;-1,2978;-1;-1,0.0,0.9976854246750781,0.9976854246750781,0.0,,0,73;80,2,73;80,,,
0,20,default_vehtype,boarding,True,5684.791198030501,5714.791198030501,2969;-1;-1,2969;-1;-1,0.0,0.9683909752543123,0.9683909752543123,0,,0,72;74,2,74,,,
0,8,default_vehtype,route,False,5580.0,5821.721063201083,2980;-1;-1,2984;-1;-1,1585.5538263407266,0.9134290351850001,0.9132704798023661,0.0,,0,,0,,,2980;914;2135;1730;2664;2579;2961;2407;2581;370;361;2874;1887;4059;910;6541;3462;3648;2851;2850;1801;1560;5242;4277;5239;6501;3911;5389;7301;3914;5398;5400;4040;4041;5374;5418;5424;5403;6546;1200;7312;3767;4527;3089;3131;5447;7352;414;122;3426;4314;68;7318;7325;3011;4;4345;1199;1204;2996;2984,2980:5580;914:5595.882170735657;2135:5603.833027878514;1730:5619.289370735657;2664:5621.111485021372;2579:5625.987427878515;2961:5642.758285021372;2407:5648.007085021372;2581:5656.494342164229;370:5658.077190164229;361:5660.574294164229;2874:5661.1603021642295;1887:5666.815686164229;4059:5668.734990164229;910:5673.251190164229;6541:5673.91531816423;3462:5676.1289581642295;3648:5676.458718164229;2851:5681.132958164229;2850:5682.066318164229;1801:5685.36199816423;1560:5690.10247816423;5242:5691.78511816423;4277:5693.37319816423;5239:5698.8778381642305;6501:5704.8403981642305;3911:5714.19523816423;5389:5715.261078164231;7301:5715.514998164231;3914:5716.698678164231;5398:5717.875518164231;5400:5719.202118164231;4040:5728.506918164231;4041:5731.451238164231;5374:5735.703798164231;5418:5736.74107816423;5424:5736.88435816423;5403:5737.98967816423;6546:5742.21655816423;1200:5746.82563816423;7312:5748.319398164231;3767:5750.325798164231;4527:5753.122638164231;3089:5761.532238164231;3131:5762.012478164231;5447:5764.400118164231;7352:5765.71147816423;414:5768.18119816423;122:5780.535558164231;3426:5781.789078164231;4314:5782.972038164231;68:5788.570398164231;7318:5795.2384381642305;7325:5798.56519816423;3011:5802.575838164231;4:5807.36095816423;4345:5809.404438164231;1199:5813.394781021373;1204:5817.3851238785155;2996:5819.428603878516;2984:5821.721063201083
0,8,default_vehtype,boarding,True,5821.721063201083,5851.721063201083,2984;-1;-1,2984;-1;-1,0.0,0.9132704798023661,0.9132704798023661,0.0,,0,81,1,81,,,
0,32,default_vehtype,route,False,5646.998750256915,5860.511591999995,2978;-1;-1,2969;-1;-1,2609.13704257042,0.9976854246750781,0.9974245109708212,0.0,,0,73;80,2,,,2978;4103;6297;1434;3820;3877;2787;4993;6537;7281;2307;3549;6384;4032;1804;4811;5237;608;459;2416;4011;5246;363;366;2314;2877;1748;2880;906;984;2268;1857;1806;1371;938;5442;4054;2205;1369;2047;3631;4079;4572;4577;778;3636;3639;3642;7178;5275;5297;5072;1464;2847;5825;4587;5794;3202;2065;2023;4203;4198;336;2969,2978:5646.998750256915;4103:5649.617706951943;6297:5651.977026951942;1434:5657.936106951942;3820:5663.044746951942;3877:5664.952626951942;2787:5673.745146951942;4993:5674.794186951942;6537:5680.5940269519415;7281:5686.429146951941;2307:5689.947906951941;3549:5695.585146951941;6384:5695.846986951941;4032:5699.068626951941;1804:5699.984538951941;4811:5701.667178951941;5237:5706.407658951942;608:5715.273738951942;459:5715.603498951941;2416:5717.817138951941;4011:5718.4812669519415;5246:5724.406434951941;363:5731.315122951942;366:5732.720202951942;2314:5733.865074951942;2877:5747.036178951942;1748:5748.154698951942;2880:5749.316490951942;906:5761.5418029519415;984:5764.311498951942;2268:5765.059362951942;1857:5765.445282951941;1806:5766.107466951941;1371:5766.777642951941;938:5769.358770951941;5442:5779.079418951941;4054:5786.719410951941;2205:5792.471850951942;1369:5798.918010951942;2047:5799.861066951942;3631:5801.423898951942;4079:5802.491154951942;4572:5806.289586951942;4577:5808.022266951942;778:5812.328586951941;3636:5813.331978951941;3639:5814.185106951941;3642:5815.248690951941;7178:5818.8270909519415;5275:5823.336378951942;5297:5826.715194951942;5072:5826.945450951942;1464:5833.885962951942;2847:5834.956674951942;5825:5837.855322951942;4587:5840.135634951942;5794:5841.755778951942;3202:5845.8771309519425;2065:5851.021386951942;2023:5856.579714951942;4203:5857.380498951942;4198:5858.362146951942;336:5859.385266951942;2969:5860.511591999995
0,20,default_vehtype,route,False,5714.791198030501,5894.047730128303,2969;-1;-1,2981;-1;-1,2390.4942727702673,0.9683909752543123,0.9681519258270351,0.0,,0,72;74,2,,,2969;7192;1664;337;1075;5648;5759;205;5793;1407;5826;7411;4686;5074;5295;5274;7181;604;603;602;3851;4573;1400;971;598;1368;591;585;940;1370;939;1903;983;3921;840;2881;5099;2878;1735;2581;370;361;2874;1887;4059;910;6541;3462;3648;2851;2850;1801;1560;5242;922;6385;3550;2981,2969:5714.791198030501;7192:5718.394840982447;1664:5721.648736982447;337:5729.408968982447;1075:5730.432808982447;5648:5731.233592982447;5759:5736.791920982447;205:5741.936176982446;5793:5746.0575289824465;1407:5747.677672982447;5826:5749.957984982447;7411:5752.856632982447;4686:5753.927344982447;5074:5760.867856982447;5295:5761.098112982447;5274:5764.476928982447;7181:5768.986216982447;604:5772.564616982448;603:5773.628200982448;602:5774.481328982448;3851:5775.4847209824475;4573:5779.791040982447;1400:5781.523720982447;971:5785.322152982447;598:5786.389408982447;1368:5787.349744982447;591:5793.220696982447;585:5806.391944982447;940:5812.971808982447;1370:5819.998432982447;939:5820.695104982447;1903:5821.516696982448;983:5822.499208982447;3921:5826.297352982448;840:5830.858192982448;2881:5837.488816982448;5099:5838.641680982448;2878:5839.769704982447;1735:5850.754024982447;2581:5852.093440982447;370:5853.676288982447;361:5856.173392982447;2874:5856.759400982447;1887:5862.414784982447;4059:5864.334088982447;910:5868.850288982447;6541:5869.514416982447;3462:5871.728056982447;3648:5872.057816982447;2851:5876.732056982447;2850:5877.665416982447;1801:5880.961096982447;1560:5885.7015769824475;5242:5887.3842169824475;922:5888.300128982448;6385:5891.521768982448;3550:5891.783608982448;2981:5894.047730128303
0,20,default_vehtype,boarding,True,5894.047730128303,5924.047730128303,2981;-1;-1,2981;-1;-1,0.0,0.9681519258270351,0.9681519258270351,0.0,,0,72;74,2,,72,,
0,32,default_vehtype,boarding,True,5860.511591999995,5890.511591999995,2969;-1;-1,2969;-1;-1,0.0,0.9974245109708212,0.9974245109708212,0.0,,0,73;80,2,,73,,
0,20,default_vehtype,route,False,5924.047730128303,5960.226970560505,2981;-1;-1,2979;-1;-1,176.13052741122,0.9681519258270351,0.968134312774294,0.0,,0,74,1,,,2981;6320;7278;2411;6281;2286;2287;6538;2979,2981:5924.047730128303;6320:5927.420848982448;7278:5930.939608982448;2411:5936.774728982447;6281:5941.818843268162;2286:5946.585757553876;2287:5951.35267183959;6538:5956.396786125304;2979:5960.226970560505
0,20,default_vehtype,boarding,True,5960.226970560505,5990.226970560505,2979;-1;-1,2979;-1;-1,0.0,0.968134312774294,0.968134312774294,0.0,,0,74,1,,74,,
0,32,default_vehtype,route,False,5890.511591999995,5965.680406970037,2969;-1;-1,2993;-1;-1,1044.0113190284053,0.9974245109708212,0.9973201098389183,0.0,,0,80,1,,,2969;7192;1664;337;1075;537;18;5629;1068;2559;6740;1717;2067;2063;1937;6789;3895;5465;7450;2993,2969:5890.511591999995;7192:5894.115234951942;1664:5897.369130951942;337:5905.129362951941;1075:5906.153202951941;537:5907.107202951941;18:5912.974770951941;5629:5918.824194951941;1068:5921.37659495194;2559:5928.42719495194;6740:5932.897818951939;1717:5938.731546951939;2067:5939.469330951939;2063:5940.185586951939;1937:5943.455538951938;6789:5953.991946951938;3895:5955.258930951938;5465:5962.790850951938;7450:5963.775090951938;2993:5965.680406970037
0,32,default_vehtype,boarding,True,5965.680406970037,5995.680406970037,2993;-1;-1,2993;-1;-1,0.0,0.9973201098389183,0.9973201098389183,0.0,,0,80,1,,80,,
0,32,default_vehtype,route,False,5995.680406970037,6059.476847999992,2993;-1;-1,2969;-1;-1,886.0616809715949,0.9973201098389183,0.9972315036708211,0.0,,0,,0,,,2993;4483;7446;1960;816;6786;5444;1716;2720;4210;1711;98;2497;7434;2760;542;1074;336;2969,2993:5995.680406970037;4483:5996.441826951938;7446:5999.108562951938;1960:6000.092802951938;816:6007.624722951939;6786:6008.891706951938;5444:6019.428114951938;1716:6022.218474951938;2720:6022.965114951939;4210:6023.863386951939;1711:6024.993066951939;98:6033.608874951939;2497:6035.119506951939;7434:6042.327354951939;2760:6048.865890951939;542:6056.393994951939;1074:6057.327402951939;336:6058.350522951939;2969:6059.476847999992
0,8,default_vehtype,route,False,5851.721063201083,6060.578976926568,2984;-1;-1,2969;-1;-1,2002.5915757571302,0.9132704798023661,0.9130702206447904,0.0,,0,81,1,,,2984;3012;7321;2804;3061;1173;3425;3125;3406;2825;1944;130;99;4526;714;2800;4332;799;3653;3825;7127;1836;4248;5046;7138;6879;1367;3637;3640;3643;7179;5275;5297;5072;1464;2847;5825;4587;5794;3202;2065;2023;4203;4198;336;2969,2984:5851.721063201083;3012:5854.213723878515;7321:5858.224363878516;2804:5861.551123878516;3061:5868.219163878515;1173:5873.817523878515;3425:5875.000483878515;3125:5876.2540038785155;3406:5888.608363878516;2825:5891.078083878516;1944:5892.3894438785155;130:5894.777083878515;99:5895.257323878515;4526:5903.666923878515;714:5906.463763878515;2800:5908.470163878515;4332:5909.285803878515;799:5910.466723878515;3653:5915.062963878515;3825:5916.311563878515;7127:5959.871683878515;1836:5961.222643878515;4248:5975.767843878514;5046:5992.108363878514;7138:5993.746963878514;6879:6000.013363878515;1367:6011.506243878514;3637:6013.399363878514;3640:6014.252491878514;3643:6015.316075878514;7179:6018.894475878515;5275:6023.403763878515;5297:6026.782579878515;5072:6027.012835878515;1464:6033.953347878515;2847:6035.024059878515;5825:6037.922707878515;4587:6040.203019878515;5794:6041.8231638785155;3202:6045.944515878516;2065:6051.088771878515;2023:6056.647099878515;4203:6057.447883878515;4198:6058.429531878515;336:6059.452651878515;2969:6060.578976926568
0,8,default_vehtype,boarding,True,6060.578976926568,6090.578976926568,2969;-1;-1,2969;-1;-1,0.0,0.9130702206447904,0.9130702206447904,0.0,,0,81,1,,81,,
0,20,default_vehtype,to_depot,True,6000.0,6102.719516829142,2979;-1;-1,2980;-1;-1,812.5577977206555,0.968134312774294,0.9680530569945219,0.0,,0,,0,,,2979;2786;2307;3549;6384;4032;1804;4811;5237;608;459;2416;4011;5246;363;366;2314;2877;1748;1743;1157;2058;2092;915;2980,2979:6000;2786:6002.004935564799;2307:6005.523695564799;3549:6011.160935564799;6384:6011.422775564799;4032:6014.644415564799;1804:6015.560327564799;4811:6017.242967564799;5237:6021.9834475647995;608:6030.849527564799;459:6031.179287564799;2416:6033.392927564799;4011:6034.057055564799;5246:6039.982223564799;363:6046.890911564799;366:6048.2959915648;2314:6049.4408635648;2877:6062.6119675648;1748:6063.7304875648;1743:6071.4848875647995;1157:6076.224030421942;2058:6082.01385899337;2092:6085.403001850514;915:6090.521173279085;2980:6102.719516829142
0,32,default_vehtype,boarding,True,6059.476847999992,6089.476847999992,2969;-1;-1,2969;-1;-1,0.0,0.9972315036708211,0.9972315036708211,0.0,,0,86,1,86,,,
0,20,default_vehtype,out_of_service,True,6102.719516829142,6120.0,2980;-1;-1,2980;-1;-1,0.0,0.9680530569945219,0.9680530569945219,0.0,,0,,0,,,,
0,32,default_vehtype,route,False,6089.476847999992,6169.109230830856,2969;-1;-1,2990;-1;-1,728.1426288791163,0.9972315036708211,0.9971586894079333,0.0,,0,86,1,,,2969;7192;1664;1659;538;4990;4939;5252;3070;1657;4439;4842;1272;3423;4282;4975;6830;4349;4937;669;5061;7265;3848;534;2839;5449;2990,2969:6089.476847999992;7192:6093.080490951938;1664:6096.3343869519385;1659:6101.093946951939;538:6102.244986951939;4990:6105.942066951939;4939:6107.332626951938;5252:6112.757346951938;3070:6113.793786951938;1657:6121.310586951939;4439:6126.940746951938;4842:6131.325306951939;1272:6131.510226951938;3423:6132.726786951938;4282:6136.504266951938;4975:6137.554026951938;6830:6138.326946951938;4349:6138.8758269519385;4937:6143.245386951939;669:6153.552786951938;5061:6159.361146951938;7265:6160.144386951938;3848:6161.119026951938;534:6165.163986951939;2839:6166.522626951939;5449:6167.721666951939;2990:6169.109230830856
0,32,default_vehtype,boarding,True,6169.109230830856,6199.109230830856,2990;-1;-1,2990;-1;-1,0.0,0.9971586894079333,0.9971586894079333,0,,0,86,1,,86,,
0,8,default_vehtype,route,False,6090.578976926568,6326.700399183488,2969;-1;-1,2978;-1;-1,2032.21795742958,0.9130702206447904,0.9128669988490474,0.0,,0,,0,,,2969;7192;1664;1659;538;4990;4939;5252;3070;1657;4439;4842;1272;3423;4282;4975;5250;6710;2464;7135;1193;552;2755;7131;3567;888;712;2718;754;611;1812;1186;7311;4339;2419;5404;5421;1925;1883;926;925;5399;1905;830;2795;918;3075;7097;7290;2736;1744;1164;2789;1182;2978,2969:6090.578976926568;7192:6094.182619878515;1664:6097.436515878515;1659:6102.196075878515;538:6103.347115878515;4990:6107.044195878515;4939:6108.434755878515;5252:6113.859475878515;3070:6114.895915878515;1657:6122.412715878515;4439:6128.042875878515;4842:6132.427435878515;1272:6132.612355878515;3423:6133.828915878515;4282:6137.606395878514;4975:6138.656155878514;5250:6144.4600758785145;6710:6146.387275878515;2464:6162.2468358785145;7135:6170.178955878515;1193:6171.278995878515;552:6175.777195878515;2755:6177.606355878515;7131:6185.563555878515;3567:6195.442435878515;888:6195.900715878515;712:6199.636315878515;2718:6200.5735158785155;754:6244.133635878516;611:6245.3822358785155;1812:6249.953395878516;1186:6251.130595878516;7311:6251.946235878516;4339:6253.439995878516;2419:6258.049075878516;5404:6262.2759558785165;5421:6263.381275878516;1925:6263.524555878516;1883:6264.561835878516;926:6268.814395878516;925:6271.758715878515;5399:6281.063515878515;1905:6282.390115878516;830:6283.566955878516;2795:6284.750635878516;918:6285.892795878516;3075:6293.765755878516;7097:6294.615115878516;7290:6300.417235878516;2736:6309.135715878516;1744:6310.590955878516;1164:6321.699475878516;2789:6323.111275878516;1182:6324.028195878515;2978:6326.700399183488
0,8,default_vehtype,boarding,True,6326.700399183488,6356.700399183488,2978;-1;-1,2978;-1;-1,0.0,0.9128669988490474,0.9128669988490474,0.0,,0,87,1,87,,,
0,8,default_vehtype,route,False,6356.700399183488,6425.678459881512,2978;-1;-1,2981;-1;-1,459.00231534068763,0.9128669988490474,0.9128210986175133,0.0,,0,87,1,,,2978;4103;6297;1434;3820;3877;2787;4993;6537;7281;2307;3549;3552;536;535;533;2981,2978:6356.700399183488;4103:6359.319355878516;6297:6361.678675878516;1434:6367.637755878515;3820:6372.746395878516;3877:6374.654275878515;2787:6383.446795878515;4993:6384.495835878515;6537:6390.295675878515;7281:6396.130795878515;2307:6399.649555878515;3549:6405.286795878515;3552:6410.516053021372;536:6414.350567307086;535:6418.1850815928;533:6423.414338735657;2981:6425.678459881512
0,8,default_vehtype,boarding,True,6425.678459881512,6455.678459881512,2981;-1;-1,2981;-1;-1,0.0,0.9128210986175133,0.9128210986175133,0.0,,0,87,1,,87,,
0,32,default_vehtype,route,False,6240.0,6422.4539137876145,2990;-1;-1,2974;-1;-1,1923.299490821983,0.9971586894079333,0.9969663594588511,0.0,,0,,0,,,2990;2552;1946;7401;3560;3731;662;7398;3491;6933;7394;6989;7392;5704;7389;3806;2573;885;316;2042;1982;6306;374;7114;3246;5330;661;445;6080;7381;364;3029;3886;5711;6045;2157;4817;456;5901;7605;2830;5852;6913;1321;597;2204;6066;6049;7367;2188;2186;5744;6033;5746;6031;146;2828;2974,2990:6240;2552:6242.865716121083;1946:6247.118996121083;7401:6248.318036121083;3560:6249.393596121084;3731:6252.083156121083;662:6274.532876121083;7398:6278.052116121083;3491:6284.376836121082;6933:6285.288596121082;7394:6290.650196121082;6989:6291.2445561210825;7392:6300.4556361210825;5704:6302.820716121082;7389:6317.358956121082;3806:6321.423356121082;2573:6322.491356121082;885:6323.0947161210825;316:6329.921876121082;2042:6340.660316121082;1982:6341.423036121082;6306:6341.639876121082;374:6349.9408761210825;7114:6352.155884121083;3246:6353.293700121083;5330:6354.041276121083;661:6355.032716121083;445:6358.062404121082;6080:6360.885812121082;7381:6361.294700121082;364:6361.730084121083;3029:6363.7542921210825;3886:6364.252316121083;5711:6366.791900121083;6045:6368.186180121083;2157:6372.374708121083;4817:6372.8514921210835;456:6373.466372121084;5901:6374.221940121083;7605:6377.693636121083;2830:6377.923028121083;5852:6384.449756121083;6913:6386.346164121082;1321:6391.494596121082;597:6391.957484121082;2204:6393.514772121082;6066:6394.160468121082;6049:6398.386796121082;7367:6400.660340121081;2188:6407.323508121081;2186:6408.5997801210815;5744:6410.615204121082;6033:6411.984644121082;5746:6413.908052121082;6031:6415.399676121082;146:6416.360804121082;2828:6417.452612121082;2974:6422.4539137876145
0,32,default_vehtype,boarding,True,6422.4539137876145,6452.4539137876145,2974;-1;-1,2974;-1;-1,0.0,0.9969663594588511,0.9969663594588511,0.0,,0,88,1,88,,,
0,32,default_vehtype,route,False,6452.4539137876145,6596.881260775657,2974;-1;-1,2982;-1;-1,1300.2674156418352,0.9969663594588511,0.996836332717287,0.0,,0,88,1,,,2974;6479;3091;4274;880;3109;3874;4306;429;3125;3406;2825;1944;130;99;4526;714;2800;4339;2419;5404;5421;1925;1883;926;925;5399;1905;830;2795;918;3075;7097;7290;2736;1744;1164;2789;1218;2982,2974:6452.4539137876145;6479:6452.954492121082;3091:6466.276220121082;4274:6467.419148121082;880:6468.010484121082;3109:6469.861028121082;3874:6475.725308121082;4306:6487.840868121082;429:6489.243188121082;3125:6490.4967081210825;3406:6502.851068121083;2825:6505.320788121083;1944:6506.6321481210825;130:6509.0197881210825;99:6509.500028121082;4526:6517.909628121082;714:6520.706468121082;2800:6522.7128681210825;4339:6524.206628121083;2419:6528.815708121083;5404:6533.042588121083;5421:6534.147908121083;1925:6534.291188121083;1883:6535.328468121083;926:6539.581028121082;925:6542.525348121082;5399:6551.830148121082;1905:6553.156748121082;830:6554.333588121082;2795:6555.517268121082;918:6556.659428121083;3075:6564.5323881210825;7097:6565.381748121083;7290:6571.183868121083;2736:6579.9023481210825;1744:6581.357588121083;1164:6592.4661081210825;2789:6593.877908121082;1218:6595.001108121082;2982:6596.881260775657
0,32,default_vehtype,boarding,True,6596.881260775657,6626.881260775657,2982;-1;-1,2982;-1;-1,0.0,0.996836332717287,0.996836332717287,0,,0,88;90,2,90,88,,
0,8,default_vehtype,route,False,6455.678459881512,6665.12066720071,2981;-1;-1,2992;-1;-1,2772.4673302436345,0.9128210986175133,0.9125438518844889,0.0,,0,,0,,,2981;6320;3549;6384;4032;1804;4811;5237;608;459;2416;4011;5246;363;366;2314;2877;1748;2880;906;984;2268;1857;1806;1371;938;5442;4054;2205;1369;2047;3631;4079;4572;4577;778;3636;3639;3642;7178;5275;5297;5072;1464;2847;5825;4587;5794;3202;2065;2023;4203;537;18;5629;1068;2559;6740;1717;2067;2063;1937;2992,2981:6455.678459881512;6320:6459.051578735657;3549:6464.688818735657;6384:6464.950658735657;4032:6468.172298735657;1804:6469.088210735657;4811:6470.770850735657;5237:6475.511330735658;608:6484.377410735658;459:6484.707170735657;2416:6486.920810735657;4011:6487.5849387356575;5246:6493.510106735657;363:6500.418794735658;366:6501.823874735658;2314:6502.968746735658;2877:6516.139850735658;1748:6517.258370735658;2880:6518.420162735658;906:6530.645474735657;984:6533.415170735658;2268:6534.163034735658;1857:6534.548954735657;1806:6535.211138735657;1371:6535.881314735657;938:6538.462442735657;5442:6548.183090735657;4054:6555.823082735657;2205:6561.575522735658;1369:6568.021682735658;2047:6568.964738735658;3631:6570.527570735658;4079:6571.594826735658;4572:6575.393258735658;4577:6577.125938735658;778:6581.432258735657;3636:6582.435650735657;3639:6583.288778735657;3642:6584.352362735657;7178:6587.9307627356575;5275:6592.440050735658;5297:6595.818866735658;5072:6596.049122735658;1464:6602.989634735658;2847:6604.060346735658;5825:6606.958994735658;4587:6609.239306735658;5794:6610.859450735658;3202:6614.9808027356585;2065:6620.125058735658;2023:6625.683386735658;4203:6626.484170735658;537:6627.438170735658;18:6633.3057387356575;5629:6639.1551627356575;1068:6641.707562735657;2559:6648.758162735657;6740:6653.228786735656;1717:6659.062514735656;2067:6659.800298735656;2063:6660.5165547356555;1937:6663.786506735655;2992:6665.12066720071
0,8,default_vehtype,boarding,True,6665.12066720071,6695.12066720071,2992;-1;-1,2992;-1;-1,0.0,0.9125438518844889,0.9125438518844889,0.0,,0,89,1,89,,,
0,32,default_vehtype,route,False,6626.881260775657,6674.3865627321065,2982;-1;-1,2983;-1;-1,395.8775163037552,0.996836332717287,0.9967967449656566,0.0,,0,90,1,,,2982;2809;7010;820;7498;276;2915;2661;7517;6201;7314;2983,2982:6626.881260775657;2809:6632.582228121082;7010:6635.489708121082;820:6637.470668121082;7498:6637.938668121082;276:6638.050268121082;2915:6649.396268121081;2661:6656.629628121082;7517:6663.941588121082;6201:6664.802708121081;7314:6671.698028121081;2983:6674.3865627321065
0,32,default_vehtype,boarding,True,6674.3865627321065,6704.3865627321065,2983;-1;-1,2983;-1;-1,0.0,0.9967967449656566,0.9967967449656566,0.0,,0,90,1,,90,,
0,8,default_vehtype,route,False,6695.12066720071,6723.270414258736,2992;-1;-1,2968;-1;-1,390.96870913923203,0.9125438518844889,0.912504755013575,0.0,,0,89,1,,,2992;2526;5444;1716;2720;4210;1711;2968,2992:6695.12066720071;2526:6704.322914735656;5444:6714.859322735656;1716:6717.649682735656;2720:6718.396322735656;4210:6719.294594735657;1711:6720.424274735657;2968:6723.270414258736
0,8,default_vehtype,boarding,True,6723.270414258736,6753.270414258736,2968;-1;-1,2968;-1;-1,0.0,0.912504755013575,0.912504755013575,0.0,,0,89;94,2,94,,,
0,8,default_vehtype,route,False,6753.270414258736,6786.51455780503,2968;-1;-1,2991;-1;-1,461.72421592074585,0.912504755013575,0.9124585825919829,0.0,,0,89;94,2,,,2968;98;2497;7434;2760;542;1074;4204;537;2991,2968:6753.270414258736;98:6759.040082735657;2497:6760.5507147356575;7434:6767.7585627356575;2760:6774.2970987356575;542:6781.8252027356575;1074:6782.758610735657;4204:6783.740258735657;537:6784.694258735657;2991:6786.51455780503
0,8,default_vehtype,boarding,True,6786.51455780503,6816.51455780503,2991;-1;-1,2991;-1;-1,0.0,0.9124585825919829,0.9124585825919829,0.0,,0,89;94,2,,94,,
0,32,default_vehtype,route,False,6704.3865627321065,6857.863284810417,2983;-1;-1,2973;-1;-1,1712.1141100377936,0.9967967449656566,0.9966255335546529,0.0,,0,,0,,,2983;7527;2803;7558;2806;4344;2996;3013;7322;2804;3061;1173;3425;4304;793;118;3979;4275;103;6480;7360;3154;6028;5745;6035;5743;6038;6041;7365;6050;6068;6077;3629;4502;6912;2108;7370;1420;1084;2973,2983:6704.3865627321065;7527:6708.913508121081;2803:6716.468468121081;7558:6723.8634681210815;2806:6731.697308121082;4344:6732.900308121082;2996:6734.943788121082;3013:6739.728908121082;7322:6743.739548121082;2804:6747.066308121082;3061:6753.734348121082;1173:6759.332708121082;3425:6760.515668121082;4304:6761.917988121082;793:6774.033548121082;118:6779.897828121082;3979:6781.748372121082;4275:6782.339708121082;103:6783.482636121083;6480:6796.8043641210825;7360:6802.306244121082;3154:6803.398052121082;6028:6804.359180121082;5745:6805.850804121083;6035:6807.774212121082;5743:6809.143652121083;6038:6811.159076121083;6041:6812.435348121083;7365:6819.098516121083;6050:6821.3720601210825;6068:6825.598388121082;6077:6826.244084121082;3629:6827.801372121082;4502:6828.264260121082;6912:6833.412692121082;2108:6835.309100121081;7370:6841.835828121081;1420:6853.540940121081;1084:6857.075924121081;2973:6857.863284810417
0,32,default_vehtype,boarding,True,6857.863284810417,6887.863284810417,2973;-1;-1,2973;-1;-1,0.0,0.9966255335546529,0.9966255335546529,0.0,,0,91,1,91,,,
0,10,default_vehtype,charging,True,180,6918.688965632472,2980;-1;-1,2980;-1;-1,0.0,0.719221293098647,0.999999999999994,7.5,1-4,0,,0,,,,
0,20,default_vehtype,out_of_service,True,6120,6918.688965632598,2980;-1;-1,2980;-1;-1,0.0,0.9680530569945219,0.9680530569945219,0.0,,0,,0,,,,
0,30,default_vehtype,out_of_service,True,180,6918.688965632472,2980;-1;-1,2980;-1;-1,0.0,0.8575152195536966,0.8575152195536966,0.0,,0,,0,,,,
0,49,default_vehtype,out_of_service,True,4260,6918.688965632558,2980;-1;-1,2980;-1;-1,0.0,0.5577237642629628,0.5577237642629628,0.0,,0,,0,,,,
0,8,default_vehtype,route,False,6816.51455780503,6984.1673040000005,2991;-1;-1,2980;-1;-1,1725.3920698282632,0.9124585825919829,0.9122860433850001,0.0,,0,89,1,,,2991;3010;5658;3008;4585;330;4588;5827;7412;4686;5074;5295;5274;7181;604;603;602;3851;4573;1400;971;598;1368;591;585;940;1370;939;1903;983;3921;840;2881;5099;1157;2058;2092;915;2980,2991:6816.51455780503;3010:6820.561826735657;5658:6821.369426735657;3008:6829.472306735657;4585:6851.800586735657;330:6861.396266735657;4588:6861.968666735657;5827:6864.248978735657;7412:6867.1476267356575;4686:6868.218338735657;5074:6875.158850735657;5295:6875.389106735657;5274:6878.7679227356575;7181:6883.277210735658;604:6886.855610735658;603:6887.9191947356585;602:6888.772322735658;3851:6889.775714735658;4573:6894.0820347356575;1400:6895.814714735658;971:6899.613146735657;598:6900.6804027356575;1368:6901.640738735658;591:6907.511690735658;585:6920.682938735657;940:6927.262802735658;1370:6934.289426735658;939:6934.986098735658;1903:6935.807690735658;983:6936.790202735658;3921:6940.588346735658;840:6945.149186735658;2881:6951.779810735658;5099:6952.932674735658;1157:6957.671817592801;2058:6963.461646164229;2092:6966.850789021372;915:6971.968960449944;2980:6984.1673040000005
0,8,default_vehtype,boarding,True,6984.1673040000005,7014.1673040000005,2980;-1;-1,2980;-1;-1,0.0,0.9122860433850001,0.9122860433850001,0.0,,0,89,1,,89,,
0,20,default_vehtype,out_of_service,True,6960.0,7020.0,2980;-1;-1,2980;-1;-1,0.0,0.9680530569945219,0.9680530569945219,0.0,,0,,0,,,,
0,49,default_vehtype,out_of_service,True,6960.0,7020.0,2980;-1;-1,2980;-1;-1,0.0,0.5577237642629628,0.5577237642629628,0.0,,0,,0,,,,
0,30,default_vehtype,out_of_service,True,6960.0,7020.0,2980;-1;-1,2980;-1;-1,0.0,0.8575152195536966,0.8575152195536966,0.0,,0,,0,,,,
0,32,default_vehtype,route,False,6887.863284810417,7077.076572775657,2973;-1;-1,2982;-1;-1,1922.2943736584511,0.9966255335546529,0.996433304117287,0.0,,0,91,1,,,2973;7354;3525;6025;3063;6027;7362;2188;2186;5744;6033;5746;6031;146;2828;2376;3091;4274;880;3109;3874;4306;429;3125;3406;2825;1944;130;99;4526;714;2800;4339;2419;5404;5421;1925;1883;926;925;5399;1905;830;2795;918;3075;7097;7290;2736;1744;1164;2789;1218;2982,2973:6887.863284810417;7354:6891.660452121081;3525:6902.539292121081;6025:6904.280756121081;3063:6905.545436121081;6027:6906.847412121081;7362:6910.855652121081;2188:6917.518820121081;2186:6918.795092121081;5744:6920.8105161210815;6033:6922.179956121082;5746:6924.1033641210815;6031:6925.594988121082;146:6926.556116121082;2828:6927.647924121082;2376:6933.149804121082;3091:6946.4715321210815;4274:6947.614460121082;880:6948.205796121082;3109:6950.056340121082;3874:6955.920620121082;4306:6968.036180121082;429:6969.438500121082;3125:6970.692020121082;3406:6983.046380121083;2825:6985.516100121083;1944:6986.827460121082;130:6989.215100121082;99:6989.695340121082;4526:6998.104940121082;714:7000.901780121082;2800:7002.908180121082;4339:7004.401940121083;2419:7009.011020121083;5404:7013.237900121083;5421:7014.343220121083;1925:7014.486500121083;1883:7015.523780121082;926:7019.776340121082;925:7022.720660121082;5399:7032.025460121082;1905:7033.352060121082;830:7034.528900121082;2795:7035.712580121082;918:7036.854740121083;3075:7044.727700121082;7097:7045.5770601210825;7290:7051.379180121083;2736:7060.097660121082;1744:7061.5529001210825;1164:7072.661420121082;2789:7074.073220121082;1218:7075.196420121082;2982:7077.076572775657
0,32,default_vehtype,boarding,True,7077.076572775657,7107.076572775657,2982;-1;-1,2982;-1;-1,0.0,0.996433304117287,0.996433304117287,0,,0,91,1,,91,,
0,8,default_vehtype,out_of_service,True,7080.0,7140.0,2980;-1;-1,2980;-1;-1,0.0,0.9122860433850001,0.9122860433850001,0,,0,,0,,,,
0,26,default_vehtype,charging,True,120.0,7144.056720113716,2980;-1;-1,2980;-1;-1,0.0,0.7073309699952618,0.9999999999999938,7.5,1-1,0,,0,,,,
0,2,default_vehtype,out_of_service,True,180.0,7144.056720113717,2980;-1;-1,2980;-1;-1,0.0,0.9627188555138173,0.9627188555138173,0.0,,0,,0,,,,
0,10,default_vehtype,route,False,6918.688965632472,7152.139890426043,2980;-1;-1,2976;-1;-1,1567.6237205638317,0.999999999999994,0.9998432376279377,0.0,,0,,0,,,2980;914;2135;1730;2664;2579;2961;2407;2581;370;361;2874;1887;4059;910;6541;3462;3648;2851;2850;1801;1560;5242;4277;5239;6501;3911;5389;7301;3914;5398;5400;4040;4041;5374;5418;5424;5403;6546;1200;7312;3767;4527;3089;3131;5447;7352;414;122;3426;4314;68;7318;7325;3011;4;4345;7330;2976,2980:6918.688965632472;914:6934.571136368129;2135:6942.521993510986;1730:6957.978336368129;2664:6959.800450653844;2579:6964.676393510987;2961:6981.447250653844;2407:6986.696050653844;2581:6995.183307796701;370:6996.766155796701;361:6999.263259796701;2874:6999.8492677967015;1887:7005.504651796701;4059:7007.423955796701;910:7011.940155796701;6541:7012.604283796702;3462:7014.8179237967015;3648:7015.147683796701;2851:7019.821923796701;2850:7020.755283796701;1801:7024.050963796702;1560:7028.791443796702;5242:7030.474083796702;4277:7032.062163796702;5239:7037.5668037967025;6501:7043.5293637967025;3911:7052.884203796702;5389:7053.950043796703;7301:7054.203963796703;3914:7055.387643796703;5398:7056.564483796703;5400:7057.891083796703;4040:7067.195883796703;4041:7070.140203796703;5374:7074.392763796703;5418:7075.430043796702;5424:7075.573323796702;5403:7076.678643796702;6546:7080.905523796702;1200:7085.514603796702;7312:7087.008363796703;3767:7089.014763796703;4527:7091.811603796703;3089:7100.221203796703;3131:7100.701443796703;5447:7103.089083796703;7352:7104.400443796702;414:7106.870163796702;122:7119.224523796703;3426:7120.478043796703;4314:7121.661003796703;68:7127.259363796703;7318:7133.9274037967025;7325:7137.254163796702;3011:7141.264803796703;4:7146.049923796702;4345:7148.093403796703;7330:7149.296403796703;2976:7152.139890426043
0,10,default_vehtype,boarding,True,7152.139890426043,7182.139890426043,2976;-1;-1,2976;-1;-1,0.0,0.9998432376279377,0.9998432376279377,0.0,,0,98,1,98,,,
0,30,default_vehtype,out_of_service,True,7020.0,7144.056720113864,2980;-1;-1,2980;-1;-1,0.0,0.8575152195536966,0.8575152195536966,0.0,,0,,0,,,,
0,32,default_vehtype,route,False,7107.076572775657,7154.581874732106,2982;-1;-1,2983;-1;-1,395.8775163037552,0.996433304117287,0.9963937163656567,0.0,,0,,0,,,2982;2809;7010;820;7498;276;2915;2661;7517;6201;7314;2983,2982:7107.076572775657;2809:7112.777540121082;7010:7115.685020121082;820:7117.665980121082;7498:7118.133980121082;276:7118.245580121082;2915:7129.591580121081;2661:7136.824940121081;7517:7144.136900121081;6201:7144.998020121081;7314:7151.893340121081;2983:7154.581874732106
0,32,default_vehtype,boarding,True,7154.581874732106,7184.581874732106,2983;-1;-1,2983;-1;-1,0.0,0.9963937163656567,0.9963937163656567,0.0,,0,97,1,97,,,
0,0,default_vehtype,out_of_service,True,300.0,7200.0,2980;-1;-1,2980;-1;-1,0.0,0.5591825376293018,0.5591825376293018,0.0,,0,,0,,,,
0,1,default_vehtype,out_of_service,True,300.0,7200.0,2980;-1;-1,2980;-1;-1,0.0,0.8351585417917138,0.8351585417917138,0.0,,0,,0,,,,
0,3,default_vehtype,out_of_service,True,300.0,7200.0,2980;-1;-1,2980;-1;-1,0.0,0.7069501754095149,0.7069501754095149,0.0,,0,,0,,,,
0,4,default_vehtype,out_of_service,True,300.0,7200.0,2980;-1;-1,2980;-1;-1,0.0,0.6816740636234911,0.6816740636234911,0.0,,0,,0,,,,
0,7,default_vehtype,out_of_service,True,360.0,7200.0,2980;-1;-1,2980;-1;-1,0.0,0.5641987138645684,0.5641987138645684,0.0,,0,,0,,,,
0,8,default_vehtype,out_of_service,True,7140.0,7200.0,2980;-1;-1,2980;-1;-1,0.0,0.9122860433850001,0.9122860433850001,0.0,,0,,0,,,,
0,9,default_vehtype,out_of_service,True,240.0,7200.0,2966;-1;-1,2966;-1;-1,0.0,0.8461007855593514,0.8461007855593514,0.0,,0,,0,,,,
0,11,default_vehtype,out_of_service,True,240.0,7200.0,2966;-1;-1,2966;-1;-1,0.0,0.8994669260694435,0.8994669260694435,0.0,,0,,0,,,,
0,13,default_vehtype,out_of_service,True,360.0,7200.0,2980;-1;-1,2980;-1;-1,0.0,0.58039032397964,0.58039032397964,0.0,,0,,0,,,,
0,14,default_vehtype,out_of_service,True,360.0,7200.0,2980;-1;-1,2980;-1;-1,0.0,0.9347543293107337,0.9347543293107337,0.0,,0,,0,,,,
0,15,default_vehtype,out_of_service,True,240.0,7200.0,2980;-1;-1,2980;-1;-1,0.0,0.9645206597818511,0.9645206597818511,0.0,,0,,0,,,,
0,16,default_vehtype,out_of_service,True,240.0,7200.0,2966;-1;-1,2966;-1;-1,0.0,0.5509100493350957,0.5509100493350957,0.0,,0,,0,,,,
0,17,default_vehtype,out_of_service,True,240.0,7200.0,2980;-1;-1,2980;-1;-1,0.0,0.8901521444791805,0.8901521444791805,0.0,,0,,0,,,,
0,18,default_vehtype,out_of_service,True,240.0,7200.0,2980;-1;-1,2980;-1;-1,0.0,0.8579855140994925,0.8579855140994925,0.0,,0,,0,,,,
0,19,default_vehtype,out_of_service,True,300.0,7200.0,2980;-1;-1,2980;-1;-1,0.0,0.6264854082525251,0.6264854082525251,0.0,,0,,0,,,,
0,21,default_vehtype,out_of_service,True,300.0,7200.0,2980;-1;-1,2980;-1;-1,0.0,0.8335238681340207,0.8335238681340207,0.0,,0,,0,,,,
0,23,default_vehtype,out_of_service,True,240.0,7200.0,2980;-1;-1,2980;-1;-1,0.0,0.8197824227039717,0.8197824227039717,0.0,,0,,0,,,,
0,24,default_vehtype,out_of_service,True,300.0,7200.0,2980;-1;-1,2980;-1;-1,0.0,0.5914143591557383,0.5914143591557383,0.0,,0,,0,,,,
0,25,default_vehtype,out_of_service,True,300.0,7200.0,2980;-1;-1,2980;-1;-1,0.0,0.5689310826569409,0.5689310826569409,0.0,,0,,0,,,,
0,27,default_vehtype,out_of_service,True,240.0,7200.0,2980;-1;-1,2980;-1;-1,0.0,0.5099263340874909,0.5099263340874909,0.0,,0,,0,,,,
0,28,default_vehtype,out_of_service,True,300.0,7200.0,2980;-1;-1,2980;-1;-1,0.0,0.5549812076518829,0.5549812076518829,0.0,,0,,0,,,,
0,29,default_vehtype,out_of_service,True,360.0,7200.0,2980;-1;-1,2980;-1;-1,0.0,0.8868733201734865,0.8868733201734865,0.0,,0,,0,,,,
0,31,default_vehtype,out_of_service,True,360.0,7200.0,2980;-1;-1,2980;-1;-1,0.0,0.6840981503676238,0.6840981503676238,0.0,,0,,0,,,,
0,33,default_vehtype,out_of_service,True,360.0,7200.0,2980;-1;-1,2980;-1;-1,0.0,0.5020838996653938,0.5020838996653938,0.0,,0,,0,,,,
0,34,default_vehtype,out_of_service,True,360.0,7200.0,2980;-1;-1,2980;-1;-1,0.0,0.5482610171846696,0.5482610171846696,0.0,,0,,0,,,,
0,35,default_vehtype,out_of_service,True,240.0,7200.0,2980;-1;-1,2980;-1;-1,0.0,0.784104530770277,0.784104530770277,0.0,,0,,0,,,,
0,36,default_vehtype,out_of_service,True,240.0,7200.0,2980;-1;-1,2980;-1;-1,0.0,0.7723141524921925,0.7723141524921925,0.0,,0,,0,,,,
0,37,default_vehtype,out_of_service,True,240.0,7200.0,2966;-1;-1,2966;-1;-1,0.0,0.7342132447849324,0.7342132447849324,0.0,,0,,0,,,,
0,38,default_vehtype,out_of_service,True,300.0,7200.0,2980;-1;-1,2980;-1;-1,0.0,0.8083019283827528,0.8083019283827528,0.0,,0,,0,,,,
0,39,default_vehtype,out_of_service,True,240.0,7200.0,2980;-1;-1,2980;-1;-1,0.0,0.9457740567269927,0.9457740567269927,0.0,,0,,0,,,,
0,40,default_vehtype,out_of_service,True,360.0,7200.0,2980;-1;-1,2980;-1;-1,0.0,0.5477853655161018,0.5477853655161018,0.0,,0,,0,,,,
0,41,default_vehtype,out_of_service,True,240.0,7200.0,2966;-1;-1,2966;-1;-1,0.0,0.8407687786412219,0.8407687786412219,0.0,,0,,0,,,,
0,42,default_vehtype,out_of_service,True,300.0,7200.0,2980;-1;-1,2980;-1;-1,0.0,0.8227942736897742,0.8227942736897742,0.0,,0,,0,,,,
0,43,default_vehtype,out_of_service,True,240.0,7200.0,2966;-1;-1,2966;-1;-1,0.0,0.8023104038336046,0.8023104038336046,0.0,,0,,0,,,,
0,44,default_vehtype,out_of_service,True,300.0,7200.0,2980;-1;-1,2980;-1;-1,0.0,0.5299519287775074,0.5299519287775074,0.0,,0,,0,,,,
0,45,default_vehtype,out_of_service,True,240.0,7200.0,2966;-1;-1,2966;-1;-1,0.0,0.6915793885023691,0.6915793885023691,0.0,,0,,0,,,,
0,46,default_vehtype,out_of_service,True,300.0,7200.0,2980;-1;-1,2980;-1;-1,0.0,0.5194033562428346,0.5194033562428346,0.0,,0,,0,,,,
0,47,default_vehtype,out_of_service,True,300.0,7200.0,2980;-1;-1,2980;-1;-1,0.0,0.7183380623717271,0.7183380623717271,0.0,,0,,0,,,,
0,48,default_vehtype,out_of_service,True,360.0,7200.0,2980;-1;-1,2980;-1;-1,0.0,0.7641578391645912,0.7641578391645912,0.0,,0,,0,,,,
0,10,default_vehtype,route,False,7182.139890426043,7366.7038076137105,2976;-1;-1,2972;-1;-1,2043.1305057059735,0.9998432376279377,0.9996389245773671,0.0,,0,98,1,,,2976;7557;2806;4344;2996;3013;7322;2804;3061;1173;3425;4304;793;118;3979;4275;103;6480;7360;3154;6028;5745;6035;5743;6038;6041;7365;6050;6068;6077;3629;4502;6912;2108;7370;7608;5900;3459;4818;5992;6047;5708;3884;3030;3347;7376;2207;3446;3720;5332;251;2711;3358;2296;5681;2294;2035;6308;374;7114;3246;5330;661;445;2972,2976:7182.139890426043;7557:7187.130243796703;2806:7194.964083796704;4344:7196.167083796704;2996:7198.210563796704;3013:7202.995683796704;7322:7207.006323796704;2804:7210.333083796704;3061:7217.001123796704;1173:7222.599483796704;3425:7223.782443796704;4304:7225.184763796704;793:7237.300323796704;118:7243.164603796704;3979:7245.015147796704;4275:7245.606483796704;103:7246.749411796704;6480:7260.071139796704;7360:7265.573019796704;3154:7266.664827796704;6028:7267.625955796704;5745:7269.117579796704;6035:7271.040987796704;5743:7272.410427796704;6038:7274.425851796705;6041:7275.702123796705;7365:7282.365291796705;6050:7284.638835796704;6068:7288.865163796704;6077:7289.510859796704;3629:7291.068147796704;4502:7291.531035796704;6912:7296.679467796704;2108:7298.575875796703;7370:7305.102603796703;7608:7305.331995796703;5900:7308.803691796703;3459:7309.5592597967025;4818:7310.174139796703;5992:7310.650923796703;6047:7314.839451796703;5708:7316.233731796703;3884:7318.773315796703;3030:7319.271339796704;3347:7321.295547796703;7376:7321.730931796704;2207:7322.139819796704;3446:7324.963227796704;3720:7327.9929157967035;5332:7328.984355796703;251:7329.731931796703;2711:7330.869747796703;3358:7333.084755796704;2296:7341.385755796704;5681:7343.779755796704;2294:7345.11124151099;2035:7346.442727225276;6308:7348.836727225276;374:7357.137727225277;7114:7359.352735225277;3246:7360.490551225277;5330:7361.238127225277;661:7362.229567225277;445:7365.259255225276;2972:7366.7038076137105
0,32,default_vehtype,route,False,7184.581874732106,7340.352251678103,2983;-1;-1,2988;-1;-1,1743.9704276445236,0.9963937163656567,0.9962193193228922,0.0,,0,97,1,,,2983;7527;2803;7558;2806;4344;2996;3013;7322;2804;3061;1173;3425;4304;793;118;3979;4275;103;6480;7360;3154;6028;5745;6035;5743;6038;6041;7365;6050;6068;6077;3629;4502;6912;2108;7370;7608;5900;3459;4818;5992;6047;5708;3884;3030;3347;7376;2207;2988,2983:7184.581874732106;7527:7189.1088201210805;2803:7196.663780121081;7558:7204.058780121081;2806:7211.892620121082;4344:7213.095620121082;2996:7215.139100121082;3013:7219.924220121082;7322:7223.934860121082;2804:7227.261620121082;3061:7233.929660121082;1173:7239.528020121082;3425:7240.710980121082;4304:7242.113300121082;793:7254.228860121082;118:7260.093140121082;3979:7261.943684121082;4275:7262.535020121082;103:7263.677948121082;6480:7276.999676121082;7360:7282.501556121082;3154:7283.593364121082;6028:7284.554492121082;5745:7286.046116121082;6035:7287.969524121082;5743:7289.338964121082;6038:7291.354388121083;6041:7292.630660121083;7365:7299.293828121083;6050:7301.567372121082;6068:7305.793700121082;6077:7306.439396121082;3629:7307.996684121082;4502:7308.459572121082;6912:7313.608004121082;2108:7315.504412121081;7370:7322.031140121081;7608:7322.260532121081;5900:7325.732228121081;3459:7326.4877961210805;4818:7327.102676121081;5992:7327.579460121081;6047:7331.767988121081;5708:7333.162268121081;3884:7335.701852121081;3030:7336.199876121082;3347:7338.224084121081;7376:7338.659468121082;2207:7339.068356121082;2988:7340.352251678103
0,32,default_vehtype,boarding,True,7340.352251678103,7370.352251678103,2988;-1;-1,2988;-1;-1,0.0,0.9962193193228922,0.9962193193228922,0.0,,0,97;99,2,99,,,
0,10,default_vehtype,boarding,True,7366.7038076137105,7396.7038076137105,2972;-1;-1,2972;-1;-1,0.0,0.9996389245773671,0.9996389245773671,0.0,,0,98,1,,98,,
0,32,default_vehtype,route,False,7370.352251678103,7456.97521685292,2988;-1;-1,2971;-1;-1,775.530490028943,0.9962193193228922,0.9961417662738893,0.0,,0,97;99,2,,,2988;3447;3721;5333;251;2711;3358;2296;5495;5696;3307;3987;2396;886;808;1372;807;1375;108;1376;1380;373;2390;7391;5704;7389;2971,2988:7370.352251678103;3447:7371.891764121082;3721:7374.9214521210815;5333:7375.912892121081;251:7376.660468121081;2711:7377.798284121081;3358:7380.013292121082;2296:7388.314292121082;5495:7388.531132121082;5696:7389.293852121082;3307:7400.032292121082;3987:7406.859452121082;2396:7408.165412121081;886:7413.803012121081;808:7414.269212121081;1372:7415.132132121081;807:7416.23601212108;1375:7417.92021212108;108:7420.06065212108;1376:7421.86089212108;1380:7423.87749212108;373:7433.438492121079;2390:7435.983212121079;7391:7437.383852121079;5704:7439.748932121079;7389:7454.287172121079;2971:7456.97521685292
0,32,default_vehtype,boarding,True,7456.97521685292,7486.97521685292,2971;-1;-1,2971;-1;-1,0.0,0.9961417662738893,0.9961417662738893,0.0,,0,97;99,2,,97;99,,
0,6,default_vehtype,charging,True,180.0,8997.233235906971,2980;-1;-1,2980;-1;-1,0.0,0.6326152818372095,0.9999999999999922,7.5,1-3,0,,0,,,,
0,5,default_vehtype,charging,True,3540.0,9018.847491298658,2966;-1;-1,2966;-1;-1,0.0,0.5434293757251119,1.0,15.0,0-0,0,,0,,,,
0,22,default_vehtype,charging,True,180.0,9248.843034695296,2980;-1;-1,2980;-1;-1,0.0,0.6221315402210293,0.9999999999999919,7.5,1-2,0,,0,,,,
0,30,default_vehtype,charging,True,7144.056720113864,10563.691450825147,2980;-1;-1,2980;-1;-1,0.0,0.8575152195536966,0.9999999999999971,7.5,1-1,0,,0,,,,
0,30,default_vehtype,out_of_service,True,10563.691450825147,10620.0,2980;-1;-1,2980;-1;-1,0.0,0.9999999999999971,0.9999999999999971,0.0,,0,,0,,,,
0,12,default_vehtype,charging,True,120.0,10992.713870898699,2980;-1;-1,2980;-1;-1,0.0,0.5469702553792208,0.9999999999999903,7.5,1-0,0,,0,,,,
0,49,default_vehtype,charging,True,7020.0,17634.629657688893,2980;-1;-1,2980;-1;-1,0.0,0.5577237642629628,0.9999999999999907,7.5,1-4,0,,0,,,,
0,49,default_vehtype,out_of_service,True,17634.629657688893,17640.0,2980;-1;-1,2980;-1;-1,0.0,0.9999999999999907,0.9999999999999907,0.0,,0,,0,,,,
