operator_id,vehicle_id,vehicle_type,status,locked,start_time,end_time,start_pos,end_pos,driven_distance,start_soc,end_soc,charging_power,charging_unit,toll,rq_on_board,occupancy,rq_boarding,rq_alighting,route,trajectory
0,2,default_vehtype,route,False,300,404.9151342727892,2967;-1;-1,2970;-1;-1,1260.6748435775457,0.5435646498507704,0.5434385823664126,0.0,,0,,0,,,2967;3896;6788;5444;1716;2720;4210;1711;98;2497;7434;2760;542;1074;336;2759;1664;1659;4844;3270;4850;6823;1946;7401;3560;2970,2967:300;3896:306.0795464347745;6788:307.3465304347745;5444:317.8829384347745;1716:320.6732984347745;2720:321.4199384347745;4210:322.3182104347745;1711:323.44789043477454;98:332.06369843477455;2497:333.57433043477454;7434:340.78217843477455;2760:347.3207144347746;542:354.84881843477456;1074:355.78222643477454;336:356.80534643477455;2759:361.53531443477453;1664:364.78921043477453;1659:369.54877043477455;4844:381.82129043477454;3270:383.69437043477456;4850:389.24749043477453;6823:396.72781043477454;1946:400.98109043477456;7401:402.1801304347746;3560:403.2556904347746;2970:404.9151342727892
0,4,default_vehtype,boarding,True,360,390.0,2977;-1;-1,2977;-1;-1,0.0,0.8229470565333281,0.8229470565333281,0.0,,0,4,1,4,,,
0,4,default_vehtype,route,False,390,403.47694671413734,2977;-1;-1,2983;-1;-1,112.30788928447757,0.8229470565333281,0.8229358257443997,0.0,,0,4,1,,,2977;6202;7315;2983,2977:390;6202:393.8930921031118;7315:400.78841210311185;2983:403.47694671413734
0,2,default_vehtype,boarding,True,404.9151342727892,434.9151342727892,2970;-1;-1,2970;-1;-1,0.0,0.5434385823664126,0.5434385823664126,0,,0,2,1,2,,,
0,4,default_vehtype,boarding,True,403.47694671413734,433.47694671413734,2983;-1;-1,2983;-1;-1,0.0,0.8229358257443997,0.8229358257443997,0,,0,4,1,,4,,
0,2,default_vehtype,route,False,434.9151342727892,606.5516174050668,2970;-1;-1,2987;-1;-1,1834.4631759372726,0.5434385823664126,0.5432551360488188,0.0,,0,2,1,,,2970;671;662;7398;3491;6933;7394;6989;7392;5704;7389;3806;2573;885;316;2042;1982;6306;374;7114;3246;5330;661;445;6080;7381;364;3029;3886;5711;6045;2157;4817;456;5901;7605;2830;1420;1084;7357;2826;2827;4225;2987,2970:434.9151342727892;671:435.94525043477455;662:458.39497043477456;7398:461.9142104347746;3491:468.2389304347746;6933:469.1506904347746;7394:474.5122904347746;6989:475.1066504347746;7392:484.3177304347746;5704:486.6828104347746;7389:501.22105043477455;3806:505.28545043477453;2573:506.3534504347745;885:506.9568104347745;316:513.7839704347746;2042:524.5224104347745;1982:525.2851304347745;6306:525.5019704347745;374:533.8029704347746;7114:536.0179784347746;3246:537.1557944347746;5330:537.9033704347746;661:538.8948104347746;445:541.9244984347746;6080:544.7479064347746;7381:545.1567944347746;364:545.5921784347746;3029:547.6163864347747;3886:548.1144104347746;5711:550.6539944347746;6045:552.0482744347746;2157:556.2368024347746;4817:556.7135864347746;456:557.3284664347746;5901:558.0840344347746;7605:561.5557304347745;2830:561.7851224347745;1420:573.4902344347745;1084:577.0252184347745;7357:581.6097464347745;2826:590.8190504347745;2827:600.0283544347744;4225:604.6128824347744;2987:606.5516174050668
0,2,default_vehtype,boarding,True,606.5516174050668,636.5516174050668,2987;-1;-1,2987;-1;-1,0.0,0.5432551360488188,0.5432551360488188,0.0,,0,2,1,,2,,
0,4,default_vehtype,boarding,True,660,690,2983;-1;-1,2983;-1;-1,0.0,0.8229358257443997,0.8229358257443997,0,,0,5,1,5,,,
0,4,default_vehtype,route,False,690,767.7585747541395,2983;-1;-1,2985;-1;-1,660.4731749798569,0.8229358257443997,0.8228697784269017,0.0,,0,5,1,,,2983;7527;2803;7558;2806;4344;2996;3013;7322;2804;3061;1173;3425;4304;793;118;3979;2985,2983:690;7527:694.5269453889745;2803:702.0819053889745;7558:709.4769053889745;2806:717.3107453889745;4344:718.5137453889745;2996:720.5572253889745;3013:725.3423453889745;7322:729.3529853889745;2804:732.6797453889745;3061:739.3477853889746;1173:744.9461453889745;3425:746.1291053889745;4304:747.5314253889745;793:759.6469853889745;118:765.5112653889745;3979:767.3618093889745;2985:767.7585747541395
0,4,default_vehtype,boarding,True,767.7585747541395,797.7585747541395,2985;-1;-1,2985;-1;-1,0.0,0.8228697784269017,0.8228697784269017,0,,0,5,1,,5,,
0,4,default_vehtype,route,False,900,953.6804572641747,2985;-1;-1,2976;-1;-1,461.98409183942806,0.8228697784269017,0.8228235800177177,0.0,,0,,0,,,2985;1140;880;3109;3874;4306;429;4313;68;7318;7325;3011;4;4345;7330;2976,2985:900;1140:900.194570634835;880:900.785906634835;3109:902.636450634835;3874:908.500730634835;4306:920.616290634835;429:922.018610634835;4313:923.201570634835;68:928.7999306348349;7318:935.467970634835;7325:938.794730634835;3011:942.805370634835;4:947.590490634835;4345:949.633970634835;7330:950.836970634835;2976:953.6804572641747
0,0,default_vehtype,route,False,900.0,991.5022874490586,2978;-1;-1,2977;-1;-1,651.2122049326322,0.9458865003910399,0.9458213791705466,0.0,,0,,0,,,2978;4103;4326;7286;1218;7334;7010;820;7498;276;2915;2661;7517;6201;7314;7529;7535;2931;2929;2927;2802;2977,2978:900;4103:902.6189566950277;4326:907.9101166950277;7286:908.8270366950277;1218:909.9502366950277;7334:917.5313566950277;7010:920.4388366950277;820:922.4197966950277;7498:922.8877966950276;276:922.9993966950276;2915:934.3453966950276;2661:941.5787566950276;7517:948.8907166950275;6201:949.7518366950276;7314:956.6471566950275;7529:963.8626366950275;7535:968.9221795521704;2931:972.573608123599;2929:976.2250366950276;2927:981.2845795521705;2802:988.5000595521705;2977:991.5022874490586
0,4,default_vehtype,boarding,True,953.6804572641747,983.6804572641747,2976;-1;-1,2976;-1;-1,0.0,0.8228235800177177,0.8228235800177177,0.0,,0,9,1,9,,,
0,0,default_vehtype,boarding,True,991.5022874490586,1021.5022874490586,2977;-1;-1,2977;-1;-1,0.0,0.9458213791705466,0.9458213791705466,0.0,,0,10;8,2,10;8,,,
0,1,default_vehtype,route,False,840.0,1069.9869602780316,2981;-1;-1,2966;-1;-1,2071.863435442099,0.8575946831862098,0.8573874968426657,0.0,,0,,0,,,2981;6320;3549;6384;4032;1804;4811;5237;608;459;2416;4011;5246;363;366;2314;2877;1748;2880;906;984;2268;1857;1806;1371;938;5442;4054;2205;1369;2047;1337;1873;1939;665;666;1885;668;1415;1041;1623;1383;2333;2966,2981:840;6320:843.3731188541452;3549:849.0103588541452;6384:849.2721988541452;4032:852.4938388541452;1804:853.4097508541453;4811:855.0923908541453;5237:859.8328708541453;608:868.6989508541453;459:869.0287108541453;2416:871.2423508541453;4011:871.9064788541453;5246:877.8316468541453;363:884.7403348541453;366:886.1454148541453;2314:887.2902868541453;2877:900.4613908541453;1748:901.5799108541453;2880:902.7417028541453;906:914.9670148541453;984:917.7367108541453;2268:918.4845748541453;1857:918.8704948541454;1806:919.5326788541454;1371:920.2028548541454;938:922.7839828541454;5442:932.5046308541454;4054:940.1446228541454;2205:945.8970628541454;1369:952.3432228541453;2047:953.2862788541453;1337:954.2476228541453;1873:970.7250388541453;1939:971.0660308541453;665:971.5881028541453;666:972.4572148541453;1885:973.4430388541452;668:986.8134388541453;1415:987.4425028541452;1041:1004.1290171398596;1623:1008.5122742827167;1383:1019.5977028541453;2333:1059.751588568431;2966:1069.9869602780316
0,0,default_vehtype,route,False,1021.5022874490586,1133.446846934568,2977;-1;-1,2986;-1;-1,1060.4065922814566,0.9458213791705466,0.9457153385113185,0.0,,0,10;8,2,,,2977;6202;7315;7530;2803;7558;2806;4344;2996;3013;7322;2804;3061;1173;3425;4304;793;118;3979;4275;103;6480;7360;2986,2977:1021.5022874490586;6202:1025.3953795521704;7315:1032.2906995521705;7530:1039.5061795521706;2803:1047.0611395521705;7558:1054.4561395521705;2806:1062.2899795521705;4344:1063.4929795521705;2996:1065.5364595521705;3013:1070.3215795521705;7322:1074.3322195521705;2804:1077.6589795521704;3061:1084.3270195521704;1173:1089.9253795521704;3425:1091.1083395521705;4304:1092.5106595521704;793:1104.6262195521704;118:1110.4904995521704;3979:1112.3410435521703;4275:1112.9323795521702;103:1114.0753075521702;6480:1127.39703555217;7360:1132.8989155521701;2986:1133.446846934568
0,1,default_vehtype,boarding,True,1069.9869602780316,1099.9869602780316,2966;-1;-1,2966;-1;-1,0.0,0.8573874968426657,0.8573874968426657,0.0,,0,7,1,7,,,
0,4,default_vehtype,route,False,983.6804572641747,1097.242980432267,2976;-1;-1,2982;-1;-1,828.4892168769599,0.8228235800177177,0.82274073109603,0.0,,0,9,1,,,2976;7557;7316;7531;2802;2251;7515;7037;7512;3274;2902;3901;7011;7336;4365;7288;1182;1001;6296;6301;2298;2295;2293;4102;4325;7285;1218;2982,2976:983.6804572641747;7557:988.670810634835;7316:996.065810634835;7531:1003.620770634835;2802:1010.836250634835;2251:1017.731570634835;7515:1018.592690634835;7037:1025.904650634835;7512:1033.138010634835;3274:1044.484010634835;2902:1044.5956106348349;3901:1045.063610634835;7011:1047.044570634835;7336:1049.9520506348351;4365:1057.5331706348352;7288:1058.6563706348352;1182:1059.573290634835;1001:1064.864450634835;6296:1067.223770634835;6301:1072.1660563491207;2298:1076.4479992062636;2295:1080.7299420634065;2293:1085.6722277776921;4102:1088.0315477776921;4325:1093.3227077776921;7285:1094.239627777692;1218:1095.362827777692;2982:1097.242980432267
0,4,default_vehtype,boarding,True,1097.242980432267,1127.242980432267,2982;-1;-1,2982;-1;-1,0.0,0.82274073109603,0.82274073109603,0.0,,0,9,1,,9,,
0,0,default_vehtype,boarding,True,1133.446846934568,1163.446846934568,2986;-1;-1,2986;-1;-1,0.0,0.9457153385113185,0.9457153385113185,0,,0,10;8,2,,8,,
0,1,default_vehtype,route,False,1099.9869602780316,1203.0771404193704,2966;-1;-1,2967;-1;-1,889.1057434150201,0.8573874968426657,0.8572985862683242,0.0,,0,7,1,,,2966;2743;2631;2150;735;738;2470;734;1815;739;1724;1962;1910;164;1354;197;1311;7;1963;1308;482;7613;2611;1307;2876;1960;2967,2966:1099.9869602780316;2743:1107.8307885684312;2631:1111.8422171398597;2150:1128.7725028541454;735:1139.254674282717;738:1145.4225028541455;2470:1146.3721828541454;734:1146.5810548541453;1815:1147.5892708541453;739:1148.4297988541452;1724:1164.8874868541452;1962:1165.9443028541452;1910:1166.7665428541452;164:1167.7177348541452;1354:1168.6742548541451;197:1170.883502854145;1311:1182.418262854145;7:1186.113230854145;1963:1186.521686854145;1308:1186.882910854145;482:1191.437558854145;7613:1192.761710854145;2611:1196.6580628541449;1307:1197.973790854145;2876:1200.6405268541448;1960:1201.6247668541448;2967:1203.0771404193704
0,1,default_vehtype,boarding,True,1203.0771404193704,1233.0771404193704,2967;-1;-1,2967;-1;-1,0.0,0.8572985862683242,0.8572985862683242,0.0,,0,7,1,,7,,
0,4,default_vehtype,route,False,1127.242980432267,1206.9148785317234,2982;-1;-1,2977;-1;-1,552.6256270192777,0.82274073109603,0.8226854685333279,0.0,,0,,0,,,2982;2809;7010;820;7498;276;2915;2661;7517;6201;7314;7529;7535;2931;2929;2927;2802;2977,2982:1127.242980432267;2809:1132.943947777692;7010:1135.8514277776922;820:1137.8323877776922;7498:1138.3003877776923;276:1138.4119877776923;2915:1149.7579877776923;2661:1156.9913477776922;7517:1164.3033077776922;6201:1165.1644277776923;7314:1172.0597477776923;7529:1179.2752277776924;7535:1184.3347706348352;2931:1187.9861992062638;2929:1191.6376277776924;2927:1196.6971706348352;2802:1203.9126506348352;2977:1206.9148785317234
0,4,default_vehtype,boarding,True,1206.9148785317234,1236.9148785317234,2977;-1;-1,2977;-1;-1,0.0,0.8226854685333279,0.8226854685333279,0.0,,0,11,1,11,,,
0,1,default_vehtype,route,False,1233.0771404193704,1261.6162953191995,2967;-1;-1,2992;-1;-1,396.37715138651487,0.8572985862683242,0.8572589485531856,0.0,,0,,0,,,2967;3896;6788;5444;1716;2720;4210;2067;2063;1937;2992,2967:1233.0771404193704;3896:1239.156686854145;6788:1240.423670854145;5444:1250.960078854145;1716:1253.750438854145;2720:1254.497078854145;4210:1255.395350854145;2067:1256.295926854145;2063:1257.0121828541448;1937:1260.282134854145;2992:1261.6162953191995
0,1,default_vehtype,boarding,True,1261.6162953191995,1291.6162953191995,2992;-1;-1,2992;-1;-1,0.0,0.8572589485531856,0.8572589485531856,0.0,,0,12,1,12,,,
0,0,default_vehtype,route,False,1163.446846934568,1352.9629746215426,2986;-1;-1,2991;-1;-1,2166.9757734302116,0.9457153385113185,0.9454986409339755,0.0,,0,10,1,,,2986;3155;6029;5745;6035;5743;6038;6041;7365;6050;6068;6077;3629;4502;6912;2108;7370;7608;5900;3459;4818;5992;6047;5708;3884;3030;3347;7376;2207;3446;3720;5332;251;2711;3358;2296;5495;5697;5497;5500;670;5502;5512;5520;5531;6313;6632;6644;3793;6319;7102;3741;7384;6414;5446;2447;2571;42;2577;2566;3033;3036;2469;2404;2235;3762;5287;310;2280;1447;6261;3764;4397;4745;4182;4187;4191;4195;4202;4208;537;2991,2986:1163.446846934568;3155:1163.99072355217;6029:1164.95185155217;5745:1166.44347555217;6035:1168.36688355217;5743:1169.73632355217;6038:1171.75174755217;6041:1173.02801955217;7365:1179.69118755217;6050:1181.96473155217;6068:1186.19105955217;6077:1186.83675555217;3629:1188.39404355217;4502:1188.85693155217;6912:1194.00536355217;2108:1195.90177155217;7370:1202.42849955217;7608:1202.65789155217;5900:1206.12958755217;3459:1206.88515555217;4818:1207.5000355521702;5992:1207.9768195521701;6047:1212.16534755217;5708:1213.55962755217;3884:1216.0992115521701;3030:1216.59723555217;3347:1218.6214435521701;7376:1219.0568275521703;2207:1219.4657155521702;3446:1222.2891235521702;3720:1225.3188115521702;5332:1226.3102515521703;251:1227.0578275521702;2711:1228.1956435521702;3358:1230.41065155217;2296:1238.71165155217;5495:1238.92849155217;5697:1240.03225155217;5497:1240.72969155217;5500:1243.63693155217;670:1245.03433155217;5502:1247.38177155217;5512:1250.90353155217;5520:1253.35753155217;5531:1255.0544515521701;6313:1256.07949155217;6632:1258.37653155217;6644:1259.94781155217;3793:1261.79701155217;6319:1262.71273155217;7102:1263.19081155217;3741:1263.73045155217;7384:1271.3894515521702;6414:1276.59661155217;5446:1278.86437155217;2447:1282.8004915521701;2571:1290.38941155217;42:1295.05741155217;2577:1295.7298915521699;2566:1304.3289715521698;3033:1304.9599315521698;3036:1307.2294915521697;2469:1310.8218115521697;2404:1314.1453315521696;2235:1315.4287315521697;3762:1315.8521635521697;5287:1316.3912275521698;310:1319.1814435521699;2280:1319.78055555217;1447:1320.22645155217;6261:1324.1044435521699;3764:1325.1101395521698;4397:1325.6607955521697;4745:1325.8870915521697;4182:1330.3408675521698;4187:1333.0029235521697;4191:1333.7412115521697;4195:1348.2044995521696;4202:1349.2070275521696;4208:1350.1886755521696;537:1351.1426755521695;2991:1352.9629746215426
0,4,default_vehtype,route,False,1236.9148785317234,1350.4868037806903,2977;-1;-1,2981;-1;-1,969.4191104080553,0.8226854685333279,0.8225885266222871,0.0,,0,11,1,,,2977;6202;7516;7037;7512;3274;2902;3901;7011;7336;4365;7288;4302;5102;7160;7294;2701;3076;4023;7300;1891;827;6499;1803;1141;5241;922;6385;3550;2981,2977:1236.9148785317234;6202:1240.807970634835;7516:1241.6690906348351;7037:1248.9810506348351;7512:1256.214410634835;3274:1267.560410634835;2902:1267.672010634835;3901:1268.140010634835;7011:1270.1209706348352;7336:1273.0284506348353;4365:1280.6095706348353;7288:1281.7327706348353;4302:1283.1445706348354;5102:1294.2530906348354;7160:1295.7083306348354;7294:1304.4268106348354;2701:1310.2289306348355;3076:1311.0782906348354;4023:1318.9512506348353;7300:1320.0934106348354;1891:1320.3473306348355;827:1321.4131706348355;6499:1330.7680106348355;1803:1336.7305706348354;1141:1342.2352106348355;5241:1343.8232906348355;922:1344.7392026348355;6385:1347.9608426348354;3550:1348.2226826348353;2981:1350.4868037806903
0,0,default_vehtype,boarding,True,1352.9629746215426,1382.9629746215426,2991;-1;-1,2991;-1;-1,0.0,0.9454986409339755,0.9454986409339755,0.0,,0,10,1,,10,,
0,0,default_vehtype,route,False,1382.9629746215426,1439.7158795702685,2991;-1;-1,2993;-1;-1,788.234790954525,0.9454986409339755,0.94541981745488,0.0,,0,,0,,,2991;3010;5631;1068;2559;6740;1717;2067;2063;1937;6789;3895;5465;7450;2993,2991:1382.9629746215426;3010:1387.0102435521696;5631:1392.8596675521696;1068:1395.4120675521697;2559:1402.4626675521697;6740:1406.9332915521697;1717:1412.7670195521698;2067:1413.5048035521697;2063:1414.2210595521697;1937:1417.4910115521698;6789:1428.0274195521697;3895:1429.2944035521698;5465:1436.8263235521697;7450:1437.8105635521697;2993:1439.7158795702685
0,4,default_vehtype,boarding,True,1350.4868037806903,1380.4868037806903,2981;-1;-1,2981;-1;-1,0.0,0.8225885266222871,0.8225885266222871,0.0,,0,11,1,,11,,
0,0,default_vehtype,boarding,True,1439.7158795702685,1469.7158795702685,2993;-1;-1,2993;-1;-1,0.0,0.94541981745488,0.94541981745488,0.0,,0,15,1,15,,,
0,1,default_vehtype,route,False,1291.6162953191995,1489.679388118488,2992;-1;-1,2980;-1;-1,2377.795994888241,0.8572589485531856,0.8570211689536968,0.0,,0,12,1,,,2992;2526;5444;1716;2720;4210;1711;98;2497;7434;2760;542;1074;4204;5649;5760;205;5793;1407;5826;7411;4686;5074;5295;5274;7181;604;603;602;3851;4573;1400;971;598;1368;591;585;940;1370;939;1903;983;3921;840;2881;5099;1157;2058;2092;915;2980,2992:1291.6162953191995;2526:1300.8185428541449;5444:1311.3549508541448;1716:1314.1453108541448;2720:1314.8919508541449;4210:1315.7902228541448;1711:1316.9199028541448;98:1325.5357108541448;2497:1327.0463428541448;7434:1334.2541908541448;2760:1340.7927268541448;542:1348.3208308541448;1074:1349.254238854145;4204:1350.2358868541448;5649:1351.0366708541449;5760:1356.594998854145;205:1361.739254854145;5793:1365.8606068541449;1407:1367.4807508541448;5826:1369.761062854145;7411:1372.659710854145;4686:1373.730422854145;5074:1380.670934854145;5295:1380.901190854145;5274:1384.2800068541449;7181:1388.7892948541448;604:1392.367694854145;603:1393.431278854145;602:1394.284406854145;3851:1395.287798854145;4573:1399.5941188541449;1400:1401.326798854145;971:1405.125230854145;598:1406.192486854145;1368:1407.1528228541451;591:1413.0237748541451;585:1426.1950228541452;940:1432.7748868541453;1370:1439.8015108541454;939:1440.4981828541454;1903:1441.3197748541454;983:1442.3022868541454;3921:1446.1004308541455;840:1450.6612708541456;2881:1457.2918948541455;5099:1458.4447588541454;1157:1463.1839017112884;2058:1468.973730282717;2092:1472.3628731398599;915:1477.4810445684313;2980:1489.679388118488
0,0,default_vehtype,route,False,1469.7158795702685,1533.5123206002231,2993;-1;-1,2969;-1;-1,886.0616809715947,0.94541981745488,0.9453312112867829,0.0,,0,15,1,,,2993;4483;7446;1960;816;6786;5444;1716;2720;4210;1711;98;2497;7434;2760;542;1074;336;2969,2993:1469.7158795702685;4483:1470.4772995521696;7446:1473.1440355521695;1960:1474.1282755521695;816:1481.6601955521694;6786:1482.9271795521695;5444:1493.4635875521694;1716:1496.2539475521694;2720:1497.0005875521695;4210:1497.8988595521694;1711:1499.0285395521694;98:1507.6443475521694;2497:1509.1549795521694;7434:1516.3628275521694;2760:1522.9013635521694;542:1530.4294675521694;1074:1531.3628755521695;336:1532.3859955521696;2969:1533.5123206002231
0,1,default_vehtype,boarding,True,1489.679388118488,1519.679388118488,2980;-1;-1,2980;-1;-1,0.0,0.8570211689536968,0.8570211689536968,0.0,,0,12,1,,12,,
0,3,default_vehtype,route,False,1500.0,1537.5180435490054,2988;-1;-1,2989;-1;-1,366.3228098138172,0.7644474598764522,0.7644108275954709,0.0,,0,,0,,,2988;3447;3721;5333;251;2711;3358;2296;5495;5696;3307;3987;6878;2989,2988:1500;3447:1501.539512442979;3721:1504.569200442979;5333:1505.560640442979;251:1506.308216442979;2711:1507.446032442979;3358:1509.661040442979;2296:1517.9620404429788;5495:1518.1788804429789;5696:1518.9416004429788;3307:1529.680040442979;3987:1536.507200442979;6878:1537.110560442979;2989:1537.5180435490054
0,0,default_vehtype,boarding,True,1533.5123206002231,1563.5123206002231,2969;-1;-1,2969;-1;-1,0.0,0.9453312112867829,0.9453312112867829,0,,0,15,1,,15,,
0,3,default_vehtype,boarding,True,1537.5180435490054,1567.5180435490054,2989;-1;-1,2989;-1;-1,0.0,0.7644108275954709,0.7644108275954709,0,,0,18,1,18,,,
0,4,default_vehtype,route,False,1500.0,1633.2697381767123,2981;-1;-1,2984;-1;-1,1110.5811514726022,0.8225885266222871,0.8224774685071399,0.0,,0,,0,,,2981;6320;7278;2411;1661;7283;796;751;4635;6299;4102;4325;7285;1218;7334;7010;820;7498;276;2915;2661;7517;6201;7314;7529;2803;7558;2806;4344;2996;2984,2981:1500;6320:1503.373118854145;7278:1506.891878854145;2411:1512.726998854145;1661:1518.526838854145;7283:1519.575878854145;796:1528.368398854145;751:1530.276278854145;4635:1535.3849188541449;6299:1541.343998854145;4102:1543.703318854145;4325:1548.994478854145;7285:1549.9113988541449;1218:1551.0345988541449;7334:1558.615718854145;7010:1561.523198854145;820:1563.504158854145;7498:1563.9721588541452;276:1564.0837588541451;2915:1575.4297588541451;2661:1582.663118854145;7517:1589.975078854145;6201:1590.836198854145;7314:1597.7315188541452;7529:1604.9469988541452;2803:1612.5019588541452;7558:1619.8969588541452;2806:1627.7307988541452;4344:1628.9337988541452;2996:1630.9772788541452;2984:1633.2697381767123
0,4,default_vehtype,boarding,True,1633.2697381767123,1663.2697381767123,2984;-1;-1,2984;-1;-1,0.0,0.8224774685071399,0.8224774685071399,0.0,,0,17,1,17,,,
0,0,default_vehtype,boarding,True,1680,1710,2969;-1;-1,2969;-1;-1,0.0,0.9453312112867829,0.9453312112867829,0,,0,24,1,24,,,
0,3,default_vehtype,route,False,1567.5180435490054,1767.8182603398668,2989;-1;-1,2977;-1;-1,2168.724873257181,0.7644108275954709,0.7641939551081451,0.0,,0,18,1,,,2989;3808;6876;885;316;2042;1982;6306;374;7114;3246;5330;661;445;6080;7381;364;3029;3886;5711;6045;2157;4817;456;5901;7605;2830;5852;6913;1321;597;2204;6066;6049;7367;2188;2186;5744;6033;5746;6031;146;2828;2376;3091;4274;880;3109;3874;4306;429;4313;68;7318;7325;3011;4;4345;7330;7562;7316;7531;2802;2977,2989:1567.5180435490054;3808:1568.178560442979;6876:1569.246560442979;885:1569.849920442979;316:1576.677080442979;2042:1587.4155204429792;1982:1588.1782404429791;6306:1588.3950804429792;374:1596.696080442979;7114:1598.911088442979;3246:1600.048904442979;5330:1600.796480442979;661:1601.787920442979;445:1604.817608442979;6080:1607.641016442979;7381:1608.049904442979;364:1608.485288442979;3029:1610.509496442979;3886:1611.007520442979;5711:1613.5471044429792;6045:1614.9413844429791;2157:1619.129912442979;4817:1619.606696442979;456:1620.221576442979;5901:1620.9771444429791;7605:1624.4488404429792;2830:1624.6782324429792;5852:1631.2049604429792;6913:1633.1013684429793;1321:1638.2498004429792;597:1638.7126884429792;2204:1640.2699764429792;6066:1640.9156724429793;6049:1645.1420004429792;7367:1647.4155444429791;2188:1654.0787124429792;2186:1655.3549844429792;5744:1657.3704084429792;6033:1658.739848442979;5746:1660.6632564429792;6031:1662.1548804429792;146:1663.1160084429791;2828:1664.207816442979;2376:1669.709696442979;3091:1683.031424442979;4274:1684.174352442979;880:1684.765688442979;3109:1686.6162324429788;3874:1692.4805124429788;4306:1704.5960724429788;429:1705.9983924429787;4313:1707.1813524429788;68:1712.7797124429787;7318:1719.4477524429788;7325:1722.7745124429787;3011:1726.7851524429786;4:1731.5702724429786;4345:1733.6137524429787;7330:1734.8167524429787;7562:1742.6505924429787;7316:1750.0455924429787;7531:1757.6005524429786;2802:1764.8160324429787;2977:1767.8182603398668
0,3,default_vehtype,boarding,True,1767.8182603398668,1797.8182603398668,2977;-1;-1,2977;-1;-1,0.0,0.7641939551081451,0.7641939551081451,0.0,,0,18,1,,18,,
0,4,default_vehtype,route,False,1663.2697381767123,1829.4705226711499,2984;-1;-1,2972;-1;-1,1890.1043999290787,0.8224774685071399,0.822288458067147,0.0,,0,17,1,,,2984;3012;7321;2804;3061;1173;3425;4304;793;118;3979;4275;103;6480;7360;3154;6028;5745;6035;5743;6038;6041;7365;6050;6068;6077;3629;4502;6912;2108;7370;7608;5900;3459;4818;5992;6047;5708;3884;3030;3347;7376;2207;3446;3720;5332;251;2711;3358;2296;5681;2294;2035;6308;374;7114;3246;5330;661;445;2972,2984:1663.2697381767123;3012:1665.7623988541452;7321:1669.7730388541452;2804:1673.099798854145;3061:1679.767838854145;1173:1685.366198854145;3425:1686.5491588541452;4304:1687.951478854145;793:1700.067038854145;118:1705.931318854145;3979:1707.781862854145;4275:1708.373198854145;103:1709.5161268541449;6480:1722.8378548541448;7360:1728.3397348541448;3154:1729.4315428541447;6028:1730.3926708541446;5745:1731.8842948541446;6035:1733.8077028541447;5743:1735.1771428541447;6038:1737.1925668541446;6041:1738.4688388541447;7365:1745.1320068541447;6050:1747.4055508541446;6068:1751.6318788541446;6077:1752.2775748541446;3629:1753.8348628541446;4502:1754.2977508541446;6912:1759.4461828541446;2108:1761.3425908541446;7370:1767.8693188541447;7608:1768.0987108541447;5900:1771.5704068541447;3459:1772.3259748541448;4818:1772.9408548541448;5992:1773.4176388541448;6047:1777.6061668541447;5708:1779.0004468541447;3884:1781.5400308541448;3030:1782.0380548541448;3347:1784.0622628541448;7376:1784.497646854145;2207:1784.9065348541449;3446:1787.7299428541448;3720:1790.759630854145;5332:1791.751070854145;251:1792.498646854145;2711:1793.6364628541448;3358:1795.8514708541447;2296:1804.1524708541447;5681:1806.5464708541447;2294:1807.8779565684304;2035:1809.209442282716;6308:1811.603442282716;374:1819.904442282716;7114:1822.119450282716;3246:1823.2572662827158;5330:1824.0048422827158;661:1824.9962822827158;445:1828.025970282716;2972:1829.4705226711499
0,4,default_vehtype,boarding,True,1829.4705226711499,1859.4705226711499,2972;-1;-1,2972;-1;-1,0.0,0.822288458067147,0.822288458067147,0.0,,0,17,1,,17,,
0,2,default_vehtype,route,False,1680,1916.7153620235044,2987;-1;-1,2967;-1;-1,2680.1169804851816,0.5432551360488188,0.5429871243507703,0.0,,0,,0,,,2987;4613;7368;7606;5900;3459;4818;5992;6047;5708;3884;3030;3347;7376;2207;3446;3720;5332;251;2711;3358;2296;5495;5697;5497;5500;670;5502;5512;5520;5531;6313;6632;6644;3793;6319;7102;3741;7384;6414;5446;2447;2571;42;2577;2566;3033;3036;2469;2404;2235;3762;5287;310;2280;1447;6261;3764;4397;4745;4182;4187;4191;4195;4202;4208;537;18;5629;1068;2559;6740;1717;2067;2063;1937;6789;3895;5465;7450;1719;3469;470;469;5079;7447;1960;2967,2987:1680;4613:1681.5962490297077;7368:1693.3013610297078;7606:1693.5307530297077;5900:1697.0024490297078;3459:1697.7580170297078;4818:1698.372897029708;5992:1698.8496810297079;6047:1703.0382090297078;5708:1704.4324890297078;3884:1706.9720730297079;3030:1707.4700970297079;3347:1709.494305029708;7376:1709.929689029708;2207:1710.338577029708;3446:1713.161985029708;3720:1716.191673029708;5332:1717.183113029708;251:1717.930689029708;2711:1719.068505029708;3358:1721.2835130297078;2296:1729.5845130297078;5495:1729.8013530297078;5697:1730.9051130297078;5497:1731.6025530297077;5500:1734.5097930297077;670:1735.9071930297077;5502:1738.2546330297077;5512:1741.7763930297078;5520:1744.2303930297078;5531:1745.9273130297079;6313:1746.9523530297079;6632:1749.2493930297078;6644:1750.8206730297077;3793:1752.6698730297078;6319:1753.5855930297078;7102:1754.0636730297078;3741:1754.6033130297078;7384:1762.262313029708;6414:1767.4694730297078;5446:1769.7372330297078;2447:1773.6733530297079;2571:1781.2622730297078;42:1785.9302730297077;2577:1786.6027530297076;2566:1795.2018330297076;3033:1795.8327930297075;3036:1798.1023530297075;2469:1801.6946730297075;2404:1805.0181930297074;2235:1806.3015930297074;3762:1806.7250250297075;5287:1807.2640890297075;310:1810.0543050297076;2280:1810.6534170297077;1447:1811.0993130297077;6261:1814.9773050297076;3764:1815.9830010297076;4397:1816.5336570297075;4745:1816.7599530297075;4182:1821.2137290297076;4187:1823.8757850297075;4191:1824.6140730297075;4195:1839.0773610297074;4202:1840.0798890297074;4208:1841.0615370297073;537:1842.0155370297073;18:1847.8831050297072;5629:1853.7325290297072;1068:1856.2849290297072;2559:1863.3355290297072;6740:1867.8061530297073;1717:1873.6398810297073;2067:1874.3776650297073;2063:1875.0939210297072;1937:1878.3638730297073;6789:1888.9002810297072;3895:1890.1672650297073;5465:1897.6991850297072;7450:1898.6834250297072;1719:1899.5000490297073;3469:1900.5200010297074;470:1906.481086743993;469:1912.4421724582787;5079:1913.4621244582788;7447:1914.2787484582789;1960:1915.2629884582789;2967:1916.7153620235044
0,0,default_vehtype,route,False,1710.0,1966.6568068488348,2969;-1;-1,2977;-1;-1,2203.3461623622125,0.9453312112867829,0.9451108766705467,0.0,,0,24,1,,,2969;7192;1664;1659;538;4990;4939;5252;3070;1657;4439;4842;1272;3423;4282;4975;5250;6710;2464;7135;1193;552;2755;7131;3567;888;712;2718;754;611;1812;1186;7311;3767;4527;3089;3131;5447;7352;414;122;3426;4314;68;7318;7325;3011;4;4345;7330;7562;7316;7531;2802;2977,2969:1710;7192:1713.6036429519463;1664:1716.8575389519463;1659:1721.6170989519462;538:1722.7681389519462;4990:1726.465218951946;4939:1727.8557789519461;5252:1733.2804989519461;3070:1734.3169389519462;1657:1741.8337389519463;4439:1747.4638989519462;4842:1751.8484589519462;1272:1752.0333789519461;3423:1753.2499389519462;4282:1757.0274189519462;4975:1758.0771789519463;5250:1763.8810989519463;6710:1765.8082989519464;2464:1781.6678589519465;7135:1789.5999789519465;1193:1790.7000189519465;552:1795.1982189519465;2755:1797.0273789519465;7131:1804.9845789519466;3567:1814.8634589519465;888:1815.3217389519466;712:1819.0573389519466;2718:1819.9945389519467;754:1863.5546589519467;611:1864.8032589519466;1812:1869.3744189519466;1186:1870.5516189519467;7311:1871.3672589519467;3767:1873.3736589519467;4527:1876.1704989519467;3089:1884.5800989519466;3131:1885.0603389519467;5447:1887.4479789519467;7352:1888.7593389519466;414:1891.2290589519466;122:1903.5834189519467;3426:1904.8369389519466;4314:1906.0198989519467;68:1911.6182589519467;7318:1918.2862989519467;7325:1921.6130589519466;3011:1925.6236989519466;4:1930.4088189519466;4345:1932.4522989519467;7330:1933.6552989519466;7562:1941.4891389519466;7316:1948.8841389519466;7531:1956.4390989519466;2802:1963.6545789519466;2977:1966.6568068488348
0,2,default_vehtype,boarding,True,1916.7153620235044,1946.7153620235044,2967;-1;-1,2967;-1;-1,0.0,0.5429871243507703,0.5429871243507703,0.0,,0,23,1,23,,,
0,0,default_vehtype,boarding,True,1966.6568068488348,1996.6568068488348,2977;-1;-1,2977;-1;-1,0.0,0.9451108766705467,0.9451108766705467,0,,0,24,1,,24,,
0,2,default_vehtype,route,False,1946.7153620235044,2084.279416337196,2967;-1;-1,2990;-1;-1,1532.749177251729,0.5429871243507703,0.5428338494330451,0.0,,0,23,1,,,2967;3896;6788;5444;1716;2720;4210;1711;98;2497;7434;2760;542;1074;336;2759;1664;1659;538;4990;4939;5252;3070;1657;4439;4842;1272;3423;4282;4975;6830;4349;4937;669;5061;7265;3848;534;2839;5449;2990,2967:1946.7153620235044;3896:1952.794908458279;6788:1954.061892458279;5444:1964.598300458279;1716:1967.388660458279;2720:1968.135300458279;4210:1969.033572458279;1711:1970.163252458279;98:1978.779060458279;2497:1980.289692458279;7434:1987.497540458279;2760:1994.036076458279;542:2001.564180458279;1074:2002.497588458279;336:2003.5207084582792;2759:2008.2506764582793;1664:2011.5045724582792;1659:2016.2641324582792;538:2017.4151724582791;4990:2021.112252458279;4939:2022.502812458279;5252:2027.927532458279;3070:2028.9639724582792;1657:2036.4807724582793;4439:2042.1109324582792;4842:2046.4954924582792;1272:2046.680412458279;3423:2047.8969724582792;4282:2051.674452458279;4975:2052.724212458279;6830:2053.497132458279;4349:2054.0460124582787;4937:2058.415572458279;669:2068.722972458279;5061:2074.531332458279;7265:2075.314572458279;3848:2076.289212458279;534:2080.334172458279;2839:2081.692812458279;5449:2082.891852458279;2990:2084.279416337196
0,2,default_vehtype,boarding,True,2084.279416337196,2114.279416337196,2990;-1;-1,2990;-1;-1,0.0,0.5428338494330451,0.5428338494330451,0.0,,0,23,1,,23,,
0,4,default_vehtype,route,False,2100.0,2134.4435283009025,2972;-1;-1,2973;-1;-1,478.3823375125352,0.822288458067147,0.8222406198333958,0.0,,0,,0,,,2972;6079;7380;364;3029;3886;5711;6045;2157;4817;456;5901;7605;2830;1420;1084;2973,2972:2100;6079:2101.378855611566;7380:2101.787743611566;364:2102.223127611566;3029:2104.2473356115656;3886:2104.7453596115656;5711:2107.2849436115657;6045:2108.6792236115657;2157:2112.867751611566;4817:2113.344535611566;456:2113.959415611566;5901:2114.714983611566;7605:2118.186679611566;2830:2118.416071611566;1420:2130.1211836115663;1084:2133.656167611566;2973:2134.4435283009025
0,2,default_vehtype,route,False,2114.279416337196,2160.998897506333,2990;-1;-1,2969;-1;-1,481.96637112088393,0.5428338494330451,0.542785652795933,0.0,,0,,0,,,2990;2552;4848;3271;4846;4989;5000;337;1075;4198;336;2969,2990:2114.279416337196;2552:2117.1451324582795;4848:2124.6254524582796;3271:2130.1785724582796;4846:2132.0516524582795;4989:2144.3241724582795;5000:2149.0837324582794;337:2156.8439644582795;1075:2157.8678044582794;4198:2158.8494524582793;336:2159.872572458279;2969:2160.998897506333
0,2,default_vehtype,boarding,True,2160.998897506333,2190.998897506333,2969;-1;-1,2969;-1;-1,0.0,0.542785652795933,0.542785652795933,0.0,,0,27,1,27,,,
0,2,default_vehtype,route,False,2190.998897506333,2209.4148075276526,2969;-1;-1,2991;-1;-1,255.77652807388006,0.542785652795933,0.5427600751431256,0.0,,0,27,1,,,2969;7192;1664;337;1075;537;2991,2969:2190.998897506333;7192:2194.6025404582792;1664:2197.8564364582794;337:2205.6166684582795;1075:2206.6405084582793;537:2207.5945084582795;2991:2209.4148075276526
0,4,default_vehtype,boarding,True,2134.4435283009025,2164.4435283009025,2973;-1;-1,2973;-1;-1,0.0,0.8222406198333958,0.8222406198333958,0.0,,0,28,1,28,,,
0,2,default_vehtype,boarding,True,2209.4148075276526,2239.4148075276526,2991;-1;-1,2991;-1;-1,0.0,0.5427600751431256,0.5427600751431256,0,,0,27;26,2,26,,,
0,2,default_vehtype,route,False,2239.4148075276526,2296.1677124763787,2991;-1;-1,2993;-1;-1,788.2347909545251,0.5427600751431256,0.5426812516640301,0.0,,0,27;26,2,,,2991;3010;5631;1068;2559;6740;1717;2067;2063;1937;6789;3895;5465;7450;2993,2991:2239.4148075276526;3010:2243.4620764582796;5631:2249.3115004582796;1068:2251.8639004582797;2559:2258.9145004582797;6740:2263.3851244582797;1717:2269.21885245828;2067:2269.9566364582797;2063:2270.67289245828;1937:2273.94284445828;6789:2284.47925245828;3895:2285.74623645828;5465:2293.2781564582797;7450:2294.26239645828;2993:2296.1677124763787
0,2,default_vehtype,boarding,True,2296.1677124763787,2326.1677124763787,2993;-1;-1,2993;-1;-1,0.0,0.5426812516640301,0.5426812516640301,0.0,,0,27;26,2,,26;27,,
0,0,default_vehtype,route,False,2280.0,2391.9445594855088,2977;-1;-1,2986;-1;-1,1060.4065922814566,0.9451108766705467,0.9450048360113186,0.0,,0,,0,,,2977;6202;7315;7530;2803;7558;2806;4344;2996;3013;7322;2804;3061;1173;3425;4304;793;118;3979;4275;103;6480;7360;2986,2977:2280;6202:2283.893092103112;7315:2290.788412103112;7530:2298.003892103112;2803:2305.558852103112;7558:2312.953852103112;2806:2320.7876921031116;4344:2321.9906921031115;2996:2324.0341721031114;3013:2328.8192921031114;7322:2332.8299321031113;2804:2336.1566921031113;3061:2342.8247321031113;1173:2348.4230921031112;3425:2349.6060521031113;4304:2351.0083721031115;793:2363.1239321031117;118:2368.9882121031114;3979:2370.8387561031113;4275:2371.4300921031113;103:2372.5730201031115;6480:2385.8947481031114;7360:2391.396628103111;2986:2391.9445594855088
0,4,default_vehtype,route,False,2164.4435283009025,2342.6862167574222,2973;-1;-1,2981;-1;-1,1853.8591110857842,0.8222406198333958,0.8220552339222872,0.0,,0,28,1,,,2973;7354;3525;6025;3063;6027;7362;2188;2186;5744;6033;5746;6031;146;2828;2376;3091;4274;880;3109;3874;4306;429;3125;3406;2825;1944;130;99;4526;714;2800;4339;2419;5404;5421;1925;1883;926;925;5399;1905;830;2795;1891;827;6499;1803;1141;5241;922;6385;3550;2981,2973:2164.4435283009025;7354:2168.240695611566;3525:2179.119535611566;6025:2180.860999611566;3063:2182.1256796115663;6027:2183.4276556115665;7362:2187.4358956115666;2188:2194.0990636115666;2186:2195.3753356115667;5744:2197.390759611567;6033:2198.760199611567;5746:2200.683607611567;6031:2202.1752316115667;146:2203.1363596115666;2828:2204.2281676115667;2376:2209.7300476115665;3091:2223.0517756115664;4274:2224.1947036115666;880:2224.7860396115666;3109:2226.6365836115665;3874:2232.5008636115663;4306:2244.6164236115665;429:2246.0187436115666;3125:2247.272263611567;3406:2259.6266236115666;2825:2262.0963436115667;1944:2263.407703611567;130:2265.7953436115668;99:2266.2755836115666;4526:2274.6851836115666;714:2277.4820236115665;2800:2279.4884236115668;4339:2280.9821836115666;2419:2285.591263611567;5404:2289.818143611567;5421:2290.923463611567;1925:2291.066743611567;1883:2292.104023611567;926:2296.3565836115667;925:2299.300903611567;5399:2308.6057036115667;1905:2309.9323036115666;830:2311.1091436115667;2795:2312.2928236115667;1891:2312.546743611567;827:2313.612583611567;6499:2322.967423611567;1803:2328.929983611567;1141:2334.434623611567;5241:2336.022703611567;922:2336.938615611567;6385:2340.160255611567;3550:2340.4220956115673;2981:2342.6862167574222
0,4,default_vehtype,boarding,True,2342.6862167574222,2372.6862167574222,2981;-1;-1,2981;-1;-1,0.0,0.8220552339222872,0.8220552339222872,0.0,,0,28,1,,28,,
0,0,default_vehtype,boarding,True,2391.9445594855088,2421.9445594855088,2986;-1;-1,2986;-1;-1,0.0,0.9450048360113186,0.9450048360113186,0,,0,30,1,30,,,
0,4,default_vehtype,boarding,True,2400.0,2430.0,2981;-1;-1,2981;-1;-1,0.0,0.8220552339222872,0.8220552339222872,0,,0,32,1,32,,,
0,0,default_vehtype,route,False,2421.9445594855088,2505.3028051399633,2986;-1;-1,2984;-1;-1,777.242669599201,0.9450048360113186,0.9449271117443586,0.0,,0,30,1,,,2986;3155;7358;2376;3091;4274;880;3109;3874;4306;429;4313;68;7318;7325;3011;4;4345;1199;1204;2996;2984,2986:2421.9445594855088;3155:2422.488436103111;7358:2423.580244103111;2376:2429.082124103111;3091:2442.4038521031107;4274:2443.546780103111;880:2444.138116103111;3109:2445.9886601031108;3874:2451.8529401031105;4306:2463.9685001031107;429:2465.370820103111;4313:2466.553780103111;68:2472.152140103111;7318:2478.820180103111;7325:2482.146940103111;3011:2486.157580103111;4:2490.942700103111;4345:2492.9861801031107;1199:2496.9765229602535;1204:2500.9668658173964;2996:2503.0103458173962;2984:2505.3028051399633
0,0,default_vehtype,boarding,True,2505.3028051399633,2535.3028051399633,2984;-1;-1,2984;-1;-1,0.0,0.9449271117443586,0.9449271117443586,0.0,,0,30,1,,30,,
0,2,default_vehtype,route,False,2340.0,2533.3152550879277,2993;-1;-1,2989;-1;-1,2141.100970076626,0.5426812516640301,0.5424671415670225,0.0,,0,,0,,,2993;4483;7446;1960;816;6786;5444;1716;2720;4210;1711;98;2497;7434;2760;542;1074;1071;1070;1069;1067;1504;4396;710;2281;4664;6260;3300;1832;708;6180;2405;6169;2744;2567;2576;3077;3241;88;2758;2742;2448;2353;6140;7386;3742;7100;6318;737;6639;2446;2301;1992;1990;1988;1985;3729;5498;5496;5699;5494;5695;3307;3987;6878;2989,2993:2340;4483:2340.7614199819013;7446:2343.4281559819015;1960:2344.4123959819017;816:2351.9443159819016;6786:2353.2112999819014;5444:2363.7477079819014;1716:2366.5380679819013;2720:2367.284707981901;4210:2368.182979981901;1711:2369.312659981901;98:2377.928467981901;2497:2379.439099981901;7434:2386.646947981901;2760:2393.185483981901;542:2400.713587981901;1074:2401.646995981901;1071:2402.649523981901;1070:2417.112811981901;1069:2417.851099981901;1067:2420.513155981901;1504:2424.966931981901;4396:2425.1932279819007;710:2425.7438839819006;2281:2426.7495799819008;4664:2430.627571981901;6260:2431.073467981901;3300:2431.672579981901;1832:2434.462795981901;708:2435.001859981901;6180:2435.425291981901;2405:2437.647691981901;6169:2441.124811981901;2744:2445.725371981901;2567:2447.568331981901;2576:2456.0568919819007;3077:2458.1895319819005;3241:2461.3184119819007;88:2463.2452519819008;2758:2465.2086919819008;2742:2465.615131981901;2448:2468.800771981901;2353:2475.001651981901;6140:2480.172691981901;7386:2481.515131981901;3742:2489.174131981901;7100:2489.713771981901;6318:2490.191851981901;737:2491.107571981901;6639:2492.956771981901;2446:2494.528051981901;2301:2496.825091981901;1992:2497.850131981901;1990:2499.547051981901;1988:2502.001051981901;1985:2505.522811981901;3729:2507.870251981901;5498:2509.267651981901;5496:2512.174891981901;5699:2512.872331981901;5494:2513.976091981901;5695:2514.738811981901;3307:2525.477251981901;3987:2532.304411981901;6878:2532.907771981901;2989:2533.3152550879277
0,2,default_vehtype,boarding,True,2533.3152550879277,2563.3152550879277,2989;-1;-1,2989;-1;-1,0.0,0.5424671415670225,0.5424671415670225,0.0,,0,31,1,31,,,
0,4,default_vehtype,route,False,2430.0,2603.936803902199,2981;-1;-1,2969;-1;-1,2279.3367272297323,0.8220552339222872,0.8218273002495642,0.0,,0,32,1,,,2981;6320;3549;6384;4032;1804;4811;5237;608;459;2416;4011;5246;363;366;2314;2877;1748;2880;906;984;2268;1857;1806;1371;938;5442;4054;2205;1369;2047;3631;4079;4572;4577;778;3636;3639;3642;7178;5275;5297;5072;1464;2847;5825;4587;5794;3202;2065;2023;4203;4198;336;2969,2981:2430;6320:2433.373118854145;3549:2439.010358854145;6384:2439.2721988541452;4032:2442.4938388541455;1804:2443.4097508541454;4811:2445.0923908541454;5237:2449.8328708541453;608:2458.698950854145;459:2459.028710854145;2416:2461.242350854145;4011:2461.906478854145;5246:2467.831646854145;363:2474.740334854145;366:2476.145414854145;2314:2477.290286854145;2877:2490.461390854145;1748:2491.579910854145;2880:2492.741702854145;906:2504.967014854145;984:2507.736710854145;2268:2508.4845748541447;1857:2508.870494854145;1806:2509.5326788541447;1371:2510.202854854145;938:2512.7839828541446;5442:2522.5046308541446;4054:2530.1446228541445;2205:2535.8970628541447;1369:2542.3432228541446;2047:2543.2862788541447;3631:2544.849110854145;4079:2545.9163668541446;4572:2549.7147988541446;4577:2551.4474788541447;778:2555.753798854145;3636:2556.757190854145;3639:2557.610318854145;3642:2558.673902854145;7178:2562.252302854145;5275:2566.761590854145;5297:2570.140406854145;5072:2570.370662854145;1464:2577.311174854145;2847:2578.3818868541453;5825:2581.280534854145;4587:2583.560846854145;5794:2585.180990854145;3202:2589.302342854145;2065:2594.446598854145;2023:2600.004926854145;4203:2600.805710854145;4198:2601.787358854145;336:2602.810478854145;2969:2603.936803902199
0,4,default_vehtype,boarding,True,2603.936803902199,2633.936803902199,2969;-1;-1,2969;-1;-1,0.0,0.8218273002495642,0.8218273002495642,0.0,,0,32,1,,32,,
0,4,default_vehtype,route,False,2633.936803902199,2713.569186733062,2969;-1;-1,2990;-1;-1,728.1426288791162,0.8218273002495642,0.8217544859866762,0.0,,0,,0,,,2969;7192;1664;1659;538;4990;4939;5252;3070;1657;4439;4842;1272;3423;4282;4975;6830;4349;4937;669;5061;7265;3848;534;2839;5449;2990,2969:2633.936803902199;7192:2637.540446854145;1664:2640.7943428541453;1659:2645.5539028541452;538:2646.7049428541454;4990:2650.4020228541453;4939:2651.792582854145;5252:2657.217302854145;3070:2658.253742854145;1657:2665.770542854145;4439:2671.400702854145;4842:2675.785262854145;1272:2675.970182854145;3423:2677.186742854145;4282:2680.964222854145;4975:2682.013982854145;6830:2682.786902854145;4349:2683.335782854145;4937:2687.705342854145;669:2698.012742854145;5061:2703.821102854145;7265:2704.604342854145;3848:2705.578982854145;534:2709.6239428541453;2839:2710.982582854145;5449:2712.181622854145;2990:2713.569186733062
0,4,default_vehtype,boarding,True,2713.569186733062,2743.569186733062,2990;-1;-1,2990;-1;-1,0.0,0.8217544859866762,0.8217544859866762,0.0,,0,34;35,2,34;35,,,
0,4,default_vehtype,route,False,2743.569186733062,2754.6222266921604,2990;-1;-1,2970;-1;-1,92.10866632581656,0.8217544859866762,0.8217452751200436,0.0,,0,34;35,2,,,2990;2552;1946;7401;3560;2970,2990:2743.569186733062;2552:2746.4349028541455;1946:2750.6881828541455;7401:2751.8872228541454;3560:2752.9627828541456;2970:2754.6222266921604
0,2,default_vehtype,route,False,2563.3152550879277,2810.0194472868748,2989;-1;-1,2978;-1;-1,2555.424668324549,0.5424671415670225,0.54221159910019,0.0,,0,31,1,,,2989;3808;6876;885;316;2042;1982;6306;374;7114;3246;5330;661;445;6080;7381;364;3029;3886;5711;6045;2157;4817;456;5901;7605;2830;5852;6913;1321;597;2204;6066;6049;7367;2188;2186;5744;6033;5746;6031;146;2828;2376;3091;4274;880;3109;3874;4306;429;3125;3406;2825;1944;130;99;4526;714;2800;4339;2419;5404;5421;1925;1883;926;925;5399;1905;830;2795;918;3075;7097;7290;2736;1744;1164;2789;1182;2978,2989:2563.3152550879277;3808:2563.9757719819013;6876:2565.0437719819015;885:2565.6471319819016;316:2572.4742919819014;2042:2583.2127319819015;1982:2583.9754519819016;6306:2584.1922919819017;374:2592.4932919819016;7114:2594.7082999819017;3246:2595.8461159819017;5330:2596.593691981902;661:2597.5851319819017;445:2600.6148199819017;6080:2603.438227981902;7381:2603.847115981902;364:2604.2824999819018;3029:2606.3067079819016;3886:2606.8047319819016;5711:2609.3443159819017;6045:2610.7385959819017;2157:2614.927123981902;4817:2615.4039079819017;456:2616.018787981902;5901:2616.774355981902;7605:2620.246051981902;2830:2620.475443981902;5852:2627.002171981902;6913:2628.898579981902;1321:2634.047011981902;597:2634.509899981902;2204:2636.067187981902;6066:2636.712883981902;6049:2640.939211981902;7367:2643.2127559819023;2188:2649.8759239819024;2186:2651.1521959819024;5744:2653.1676199819026;6033:2654.5370599819025;5746:2656.4604679819026;6031:2657.9520919819024;146:2658.9132199819023;2828:2660.0050279819025;2376:2665.5069079819023;3091:2678.828635981902;4274:2679.9715639819024;880:2680.5628999819023;3109:2682.413443981902;3874:2688.277723981902;4306:2700.393283981902;429:2701.7956039819023;3125:2703.0491239819025;3406:2715.4034839819024;2825:2717.8732039819024;1944:2719.1845639819026;130:2721.5722039819025;99:2722.0524439819023;4526:2730.4620439819023;714:2733.2588839819023;2800:2735.2652839819025;4339:2736.7590439819023;2419:2741.3681239819025;5404:2745.5950039819027;5421:2746.700323981903;1925:2746.8436039819026;1883:2747.8808839819026;926:2752.1334439819025;925:2755.0777639819025;5399:2764.3825639819024;1905:2765.7091639819023;830:2766.8860039819024;2795:2768.0696839819025;918:2769.2118439819023;3075:2777.0848039819025;7097:2777.9341639819027;7290:2783.7362839819025;2736:2792.4547639819025;1744:2793.9100039819023;1164:2805.0185239819025;2789:2806.4303239819023;1182:2807.3472439819025;2978:2810.0194472868748
0,4,default_vehtype,boarding,True,2754.6222266921604,2784.6222266921604,2970;-1;-1,2970;-1;-1,0.0,0.8217452751200436,0.8217452751200436,0.0,,0,34;35,2,,34,,
0,4,default_vehtype,boarding,True,2784.6222266921604,2814.6222266921604,2970;-1;-1,2970;-1;-1,0.0,0.8217452751200436,0.8217452751200436,0.0,,0,35;37,2,37,,,
0,2,default_vehtype,boarding,True,2810.0194472868748,2840.0194472868748,2978;-1;-1,2978;-1;-1,0.0,0.54221159910019,0.54221159910019,0,,0,31,1,,31,,
0,4,default_vehtype,route,False,2814.6222266921604,2939.740425839739,2970;-1;-1,2988;-1;-1,1089.6601840862809,0.8217452751200436,0.821636309101635,0.0,,0,35;37,2,,,2970;671;662;7398;3491;6933;7394;6989;7392;5704;7389;3806;2573;885;316;2042;1982;6306;374;7114;3246;5330;661;445;6080;7381;364;3029;69;30;3346;2832;2207;2988,2970:2814.6222266921604;671:2815.652342854146;662:2838.102062854146;7398:2841.621302854146;3491:2847.946022854146;6933:2848.857782854146;7394:2854.2193828541463;6989:2854.8137428541463;7392:2864.0248228541464;5704:2866.3899028541464;7389:2880.9281428541462;3806:2884.9925428541464;2573:2886.0605428541467;885:2886.6639028541467;316:2893.4910628541465;2042:2904.2295028541466;1982:2904.992222854147;6306:2905.209062854147;374:2913.510062854147;7114:2915.725070854147;3246:2916.862886854147;5330:2917.610462854147;661:2918.601902854147;445:2921.631590854147;6080:2924.454998854147;7381:2924.863886854147;364:2925.299270854147;3029:2927.3234788541467;69:2931.4557645684326;30:2935.5880502827185;3346:2937.6122582827184;2832:2938.0476422827182;2207:2938.456530282718;2988:2939.740425839739
0,4,default_vehtype,boarding,True,2939.740425839739,2969.740425839739,2988;-1;-1,2988;-1;-1,0.0,0.821636309101635,0.821636309101635,0.0,,0,35;37,2,,35,,
0,4,default_vehtype,route,False,2969.740425839739,2972.7244906711517,2988;-1;-1,2972;-1;-1,41.44534488073482,0.821636309101635,0.8216321645671469,0.0,,0,37,1,,,2988;3447;2972,2988:2969.740425839739;3447:2971.279938282718;2972:2972.7244906711517
0,3,default_vehtype,boarding,True,3000.0,3030.0,2977;-1;-1,2977;-1;-1,0.0,0.7641939551081451,0.7641939551081451,0,,0,41,1,41,,,
0,4,default_vehtype,boarding,True,2972.7244906711517,3002.7244906711517,2972;-1;-1,2972;-1;-1,0.0,0.8216321645671469,0.8216321645671469,0,,0,37,1,,37,,
0,3,default_vehtype,route,False,3030.0,3113.404501900545,2977;-1;-1,2982;-1;-1,577.1723729807225,0.7641939551081451,0.7641362378708471,0.0,,0,41,1,,,2977;6202;7516;7037;7512;3274;2902;3901;7011;7336;4365;7288;1182;1001;6296;6301;2298;2295;2293;4102;4325;7285;1218;2982,2977:3030;6202:3033.893092103112;7516:3034.754212103112;7037:3042.066172103112;7512:3049.299532103112;3274:3060.645532103112;2902:3060.7571321031123;3901:3061.225132103112;7011:3063.206092103112;7336:3066.113572103112;4365:3073.6946921031117;7288:3074.8178921031117;1182:3075.734812103112;1001:3081.025972103112;6296:3083.385292103112;6301:3088.327577817398;2298:3092.609520674541;2295:3096.8914635316837;2293:3101.8337492459696;4102:3104.1930692459696;4325:3109.48422924597;7285:3110.40114924597;1218:3111.52434924597;2982:3113.404501900545
0,4,default_vehtype,route,False,3002.7244906711517,3119.2577261616357,2972;-1;-1,2990;-1;-1,1039.575804707168,0.8216321645671469,0.8215282069866763,0.0,,0,,0,,,2972;6079;3446;3720;5332;251;2711;3358;2296;5495;5696;3307;3987;6878;746;2834;2045;2835;2641;7396;2616;486;2838;3722;3732;544;7400;5449;2990,2972:3002.7244906711517;6079:3004.1033462827177;3446:3006.926754282718;3720:3009.956442282718;5332:3010.9478822827177;251:3011.695458282718;2711:3012.833274282718;3358:3015.048282282718;2296:3023.349282282718;5495:3023.566122282718;5696:3024.328842282718;3307:3035.067282282718;3987:3041.894442282718;6878:3042.497802282718;746:3043.5658022827183;2834:3047.6302022827185;2045:3062.1684422827184;2835:3064.5335222827184;2641:3073.7446022827185;7396:3074.3389622827185;2616:3079.7005622827187;486:3080.6123222827187;2838:3086.9370422827187;3722:3090.456282282719;3732:3112.906002282719;544:3115.5955622827187;7400:3116.671122282719;5449:3117.870162282719;2990:3119.2577261616357
0,0,default_vehtype,route,False,2880.0,3145.2540246955327,2984;-1;-1,2993;-1;-1,2785.8708947855357,0.9449271117443586,0.9446485246548801,0.0,,0,,0,,,2984;3012;7321;2804;3061;1173;3425;3125;3406;2825;1944;130;99;4526;714;2800;4332;799;3653;3825;7127;1836;4248;5046;7138;6879;1367;3637;3640;3643;7179;5275;5297;5072;1464;2847;5825;4587;5794;3202;2065;2023;4203;537;18;5629;1068;2559;6740;1717;2067;2063;1937;6789;3895;5465;7450;2993,2984:2880;3012:2882.492660677433;7321:2886.503300677433;2804:2889.830060677433;3061:2896.498100677433;1173:2902.096460677433;3425:2903.279420677433;3125:2904.532940677433;3406:2916.887300677433;2825:2919.357020677433;1944:2920.668380677433;130:2923.056020677433;99:2923.536260677433;4526:2931.945860677433;714:2934.742700677433;2800:2936.749100677433;4332:2937.564740677433;799:2938.7456606774326;3653:2943.3419006774325;3825:2944.5905006774324;7127:2988.1506206774325;1836:2989.5015806774327;4248:3004.0467806774327;5046:3020.387300677433;7138:3022.025900677433;6879:3028.292300677433;1367:3039.785180677433;3637:3041.678300677433;3640:3042.5314286774333;3643:3043.5950126774333;7179:3047.173412677433;5275:3051.6827006774333;5297:3055.0615166774332;5072:3055.291772677433;1464:3062.232284677433;2847:3063.3029966774334;5825:3066.2016446774333;4587:3068.481956677433;5794:3070.102100677433;3202:3074.223452677433;2065:3079.3677086774333;2023:3084.9260366774333;4203:3085.7268206774334;537:3086.6808206774335;18:3092.5483886774336;5629:3098.3978126774336;1068:3100.9502126774337;2559:3108.0008126774337;6740:3112.4714366774338;1717:3118.305164677434;2067:3119.0429486774337;2063:3119.759204677434;1937:3123.029156677434;6789:3133.565564677434;3895:3134.832548677434;5465:3142.3644686774337;7450:3143.348708677434;2993:3145.2540246955327
0,0,default_vehtype,boarding,True,3145.2540246955327,3175.2540246955327,2993;-1;-1,2993;-1;-1,0.0,0.9446485246548801,0.9446485246548801,0.0,,0,38,1,38,,,
0,3,default_vehtype,boarding,True,3113.404501900545,3143.404501900545,2982;-1;-1,2982;-1;-1,0.0,0.7641362378708471,0.7641362378708471,0.0,,0,41,1,,41,,
0,4,default_vehtype,boarding,True,3119.2577261616357,3149.2577261616357,2990;-1;-1,2990;-1;-1,0.0,0.8215282069866763,0.8215282069866763,0.0,,0,40,1,40,,,
0,3,default_vehtype,boarding,True,3300.0,3330.0,2982;-1;-1,2982;-1;-1,0.0,0.7641362378708471,0.7641362378708471,0.0,,0,45,1,45,,,
0,4,default_vehtype,route,False,3149.2577261616357,3356.461035428575,2990;-1;-1,2981;-1;-1,2611.728643891152,0.8215282069866763,0.8212670341222872,0.0,,0,40,1,,,2990;2552;4848;3271;4846;4989;5000;337;1075;5648;5759;205;5793;1407;5826;7411;4686;5074;5295;5274;7181;604;603;602;3851;4573;1400;971;598;1368;591;585;940;1370;939;1903;983;3921;840;2881;5099;2878;1735;2581;370;361;2874;1887;4059;910;6541;3462;3648;2851;2850;1801;1560;5242;922;6385;3550;2981,2990:3149.2577261616357;2552:3152.123442282719;4848:3159.6037622827193;3271:3165.1568822827194;4846:3167.029962282719;4989:3179.302482282719;5000:3184.062042282719;337:3191.8222742827193;1075:3192.846114282719;5648:3193.646898282719;5759:3199.205226282719;205:3204.3494822827192;5793:3208.4708342827194;1407:3210.0909782827193;5826:3212.371290282719;7411:3215.269938282719;4686:3216.3406502827193;5074:3223.2811622827194;5295:3223.511418282719;5274:3226.890234282719;7181:3231.3995222827193;604:3234.977922282719;603:3236.041506282719;602:3236.8946342827194;3851:3237.8980262827195;4573:3242.2043462827196;1400:3243.9370262827197;971:3247.7354582827197;598:3248.8027142827195;1368:3249.7630502827196;591:3255.63400228272;585:3268.80525028272;940:3275.3851142827198;1370:3282.41173828272;939:3283.10841028272;1903:3283.9300022827197;983:3284.9125142827197;3921:3288.7106582827196;840:3293.2714982827197;2881:3299.9021222827196;5099:3301.0549862827197;2878:3302.18301028272;1735:3313.16733028272;2581:3314.5067462827196;370:3316.0895942827196;361:3318.5866982827197;2874:3319.17270628272;1887:3324.82809028272;4059:3326.74739428272;910:3331.26359428272;6541:3331.92772228272;3462:3334.14136228272;3648:3334.47112228272;2851:3339.14536228272;2850:3340.07872228272;1801:3343.37440228272;1560:3348.11488228272;5242:3349.79752228272;922:3350.71343428272;6385:3353.93507428272;3550:3354.19691428272;2981:3356.461035428575
0,3,default_vehtype,route,False,3330.0,3360.0,2982;-1;-1,2661;7517;0.034,250.00000000000222,0.7641362378708471,0.764111237870847,0.0,,0,45,1,,,2982;2809;7010;820;7498;276;2915;2661,2982:3330;2809:3335.700967345425;7010:3338.608447345425;820:3340.5894073454247;7498:3341.0574073454245;276:3341.1690073454247;2915:3352.5150073454247;2661:3359.748367345425
0,0,default_vehtype,route,False,3175.2540246955327,3367.3140370658675,2993;-1;-1,2972;-1;-1,2183.785505143543,0.9446485246548801,0.9444301461043658,0.0,,0,38,1,,,2993;4483;7446;1960;816;6786;5444;1716;2720;4210;1711;98;2497;7434;2760;542;1074;1071;1070;1069;1067;1504;4396;710;2281;4664;6260;3300;1832;708;6180;2405;6169;2744;2567;2576;3077;3241;88;2758;2742;2448;2353;6140;7386;3742;7100;6318;737;6639;2446;2301;1992;1990;1988;1985;3729;5498;5496;5699;5494;6307;374;7114;3246;5330;661;445;2972,2993:3175.2540246955327;4483:3176.015444677434;7446:3178.682180677434;1960:3179.6664206774344;816:3187.1983406774343;6786:3188.465324677434;5444:3199.001732677434;1716:3201.792092677434;2720:3202.538732677434;4210:3203.437004677434;1711:3204.566684677434;98:3213.182492677434;2497:3214.693124677434;7434:3221.900972677434;2760:3228.439508677434;542:3235.967612677434;1074:3236.9010206774337;1071:3237.9035486774337;1070:3252.3668366774336;1069:3253.1051246774337;1067:3255.7671806774338;1504:3260.2209566774336;4396:3260.4472526774334;710:3260.9979086774333;2281:3262.0036046774335;4664:3265.8815966774337;6260:3266.327492677434;3300:3266.9266046774337;1832:3269.7168206774336;708:3270.2558846774336;6180:3270.6793166774337;2405:3272.901716677434;6169:3276.378836677434;2744:3280.9793966774337;2567:3282.8223566774336;2576:3291.3109166774334;3077:3293.443556677433;3241:3296.5724366774334;88:3298.4992766774335;2758:3300.4627166774335;2742:3300.8691566774337;2448:3304.054796677434;2353:3310.2556766774337;6140:3315.426716677434;7386:3316.769156677434;3742:3324.428156677434;7100:3324.967796677434;6318:3325.4458766774337;737:3326.3615966774337;6639:3328.210796677434;2446:3329.782076677434;2301:3332.079116677434;1992:3333.104156677434;1990:3334.8010766774337;1988:3337.255076677434;1985:3340.776836677434;3729:3343.124276677434;5498:3344.521676677434;5496:3347.428916677434;5699:3348.1263566774337;5494:3349.2301166774337;6307:3349.4469566774337;374:3357.7479566774336;7114:3359.962964677434;3246:3361.1007806774337;5330:3361.848356677434;661:3362.8397966774337;445:3365.869484677434;2972:3367.3140370658675
0,0,default_vehtype,boarding,True,3367.3140370658675,3397.3140370658675,2972;-1;-1,2972;-1;-1,0.0,0.9444301461043658,0.9444301461043658,0.0,,0,38,1,,38,,
0,3,default_vehtype,route,False,3360.0,3418.04621968905,2661;7517;0.034,2976;-1;-1,432.73078312303795,0.764111237870847,0.7640679647925347,0.0,,0,45,1,,,2661;7517;6201;7314;7529;2803;7558;2806;4344;1199;1204;7329;2976,2661:3360;7517:3367.060327345425;6201:3367.921447345425;7314:3374.816767345425;7529:3382.032247345425;2803:3389.5872073454248;7558:3396.9822073454247;2806:3404.8160473454245;4344:3406.0190473454245;1199:3410.0093902025674;1204:3413.9997330597103;7329:3415.20273305971;2976:3418.04621968905
0,4,default_vehtype,boarding,True,3356.461035428575,3386.461035428575,2981;-1;-1,2981;-1;-1,0.0,0.8212670341222872,0.8212670341222872,0.0,,0,40,1,,40,,
0,3,default_vehtype,boarding,True,3418.04621968905,3448.04621968905,2976;-1;-1,2976;-1;-1,0.0,0.7640679647925347,0.7640679647925347,0,,0,45;46,2,46,,,
0,3,default_vehtype,route,False,3448.04621968905,3573.9900840300024,2976;-1;-1,2987;-1;-1,1410.1941526762305,0.7640679647925347,0.763926945377267,0.0,,0,45;46,2,,,2976;7557;2806;4344;2996;3013;7322;2804;3061;1173;3425;4304;793;118;3979;4275;103;6480;7360;3154;6028;5745;6035;5743;6038;6041;7365;2179;3064;6023;3524;7356;4225;2987,2976:3448.04621968905;7557:3453.03657305971;2806:3460.87041305971;4344:3462.0734130597098;2996:3464.1168930597096;3013:3468.9020130597096;7322:3472.9126530597096;2804:3476.2394130597095;3061:3482.9074530597095;1173:3488.5058130597095;3425:3489.6887730597095;4304:3491.0910930597097;793:3503.20665305971;118:3509.0709330597097;3979:3510.9214770597096;4275:3511.5128130597095;103:3512.6557410597097;6480:3525.9774690597096;7360:3531.4793490597094;3154:3532.5711570597095;6028:3533.5322850597095;5745:3535.0239090597092;6035:3536.9473170597093;5743:3538.3167570597093;6038:3540.3321810597095;6041:3541.6084530597095;7365:3548.2716210597096;2179:3552.2798610597097;3064:3553.58183705971;6023:3554.84651705971;3524:3556.5879810597103;7356:3567.46682105971;4225:3572.05134905971;2987:3573.9900840300024
0,3,default_vehtype,boarding,True,3573.9900840300024,3603.9900840300024,2987;-1;-1,2987;-1;-1,0.0,0.763926945377267,0.763926945377267,0,,0,45;46,2,,46,,
0,3,default_vehtype,route,False,3603.9900840300024,3722.2355217915524,2987;-1;-1,2971;-1;-1,1214.7314981779514,0.763926945377267,0.7638054722274492,0.0,,0,45,1,,,2987;4613;7368;7606;5900;3459;4818;5992;6047;5708;3884;3030;3347;7376;2207;3446;3720;5332;251;2711;3358;2296;5495;5696;3307;3987;2396;886;808;1372;807;1375;108;1376;1380;373;2390;7391;5704;7389;2971,2987:3603.9900840300024;4613:3605.58633305971;7368:3617.29144505971;7606:3617.52083705971;5900:3620.9925330597102;3459:3621.7481010597103;4818:3622.3629810597104;5992:3622.8397650597103;6047:3627.0282930597104;5708:3628.4225730597104;3884:3630.9621570597105;3030:3631.4601810597105;3347:3633.4843890597103;7376:3633.91977305971;2207:3634.32866105971;3446:3637.1520690597104;3720:3640.1817570597104;5332:3641.17319705971;251:3641.9207730597104;2711:3643.0585890597104;3358:3645.2735970597105;2296:3653.5745970597104;5495:3653.7914370597105;5696:3654.5541570597106;3307:3665.2925970597107;3987:3672.1197570597105;2396:3673.4257170597107;886:3679.0633170597107;808:3679.5295170597105;1372:3680.3924370597106;807:3681.4963170597107;1375:3683.180517059711;108:3685.320957059711;1376:3687.121197059711;1380:3689.137797059711;373:3698.698797059711;2390:3701.243517059711;7391:3702.644157059711;5704:3705.009237059711;7389:3719.5474770597107;2971:3722.2355217915524
0,3,default_vehtype,boarding,True,3722.2355217915524,3752.2355217915524,2971;-1;-1,2971;-1;-1,0.0,0.7638054722274492,0.7638054722274492,0.0,,0,45,1,,45,,
0,0,default_vehtype,route,False,3600.0,3807.7556406053645,2972;-1;-1,2967;-1;-1,2277.8986274554386,0.9444301461043658,0.9442023562416203,0.0,,0,,0,,,2972;6079;3446;3720;5332;251;2711;3358;2296;5495;5697;5497;5500;670;5502;5512;5520;5531;6313;6632;6644;3793;6319;7102;3741;7384;6414;5446;2447;2571;42;2577;2566;3033;3036;2469;2404;2235;3762;5287;310;2280;1447;6261;3764;4397;4745;4182;4187;4191;4195;4202;4208;537;18;5629;1068;2559;6740;1717;2067;2063;1937;6789;3895;5465;7450;1719;3469;470;469;5079;7447;1960;2967,2972:3600;6079:3601.378855611566;3446:3604.202263611566;3720:3607.2319516115663;5332:3608.223391611566;251:3608.9709676115663;2711:3610.108783611566;3358:3612.3237916115663;2296:3620.6247916115663;5495:3620.8416316115663;5697:3621.9453916115663;5497:3622.642831611566;5500:3625.550071611566;670:3626.947471611566;5502:3629.294911611566;5512:3632.816671611566;5520:3635.2706716115663;5531:3636.967591611566;6313:3637.992631611566;6632:3640.289671611566;6644:3641.860951611566;3793:3643.7101516115663;6319:3644.6258716115663;7102:3645.103951611566;3741:3645.643591611566;7384:3653.302591611566;6414:3658.509751611566;5446:3660.7775116115663;2447:3664.713631611566;2571:3672.3025516115663;42:3676.9705516115664;2577:3677.6430316115666;2566:3686.2421116115665;3033:3686.8730716115665;3036:3689.1426316115667;2469:3692.734951611567;2404:3696.058471611567;2235:3697.3418716115666;3762:3697.7653036115667;5287:3698.3043676115667;310:3701.0945836115666;2280:3701.6936956115665;1447:3702.1395916115666;6261:3706.017583611567;3764:3707.023279611567;4397:3707.573935611567;4745:3707.8002316115667;4182:3712.2540076115665;4187:3714.9160636115666;4191:3715.6543516115667;4195:3730.1176396115666;4202:3731.1201676115666;4208:3732.1018156115665;537:3733.0558156115667;18:3738.923383611567;5629:3744.772807611567;1068:3747.325207611567;2559:3754.375807611567;6740:3758.846431611567;1717:3764.680159611567;2067:3765.417943611567;2063:3766.134199611567;1937:3769.404151611567;6789:3779.940559611567;3895:3781.207543611567;5465:3788.739463611567;7450:3789.723703611567;1719:3790.540327611567;3469:3791.5602796115672;470:3797.521365325853;469:3803.4824510401386;5079:3804.5024030401387;7447:3805.3190270401387;1960:3806.303267040139;2967:3807.7556406053645
0,0,default_vehtype,boarding,True,3807.7556406053645,3837.7556406053645,2967;-1;-1,2967;-1;-1,0.0,0.9442023562416203,0.9442023562416203,0.0,,0,48,1,48,,,
0,3,default_vehtype,route,False,3840.0,3963.7877603162124,2971;-1;-1,2969;-1;-1,1124.2020306798433,0.7638054722274492,0.7636930520243812,0.0,,0,,0,,,2971;3807;7387;2045;2835;2641;7396;2616;486;2838;3722;3732;544;7400;5449;6824;4848;3271;4846;4989;5000;337;1075;4198;336;2969,2971:3840;3807:3841.3763552681585;7387:3845.4407552681587;2045:3859.9789952681585;2835:3862.3440752681586;2641:3871.5551552681586;7396:3872.1495152681587;2616:3877.511115268159;486:3878.422875268159;2838:3884.747595268159;3722:3888.266835268159;3732:3910.716555268159;544:3913.406115268159;7400:3914.481675268159;5449:3915.680715268159;6824:3919.933995268159;4848:3927.414315268159;3271:3932.967435268159;4846:3934.840515268159;4989:3947.113035268159;5000:3951.872595268159;337:3959.632827268159;1075:3960.656667268159;4198:3961.6383152681587;336:3962.6614352681586;2969:3963.7877603162124
0,3,default_vehtype,boarding,True,3963.7877603162124,3993.7877603162124,2969;-1;-1,2969;-1;-1,0.0,0.7636930520243812,0.7636930520243812,0.0,,0,52,1,52,,,
0,3,default_vehtype,route,False,3993.7877603162124,4048.065867733214,2969;-1;-1,2992;-1;-1,753.8626030139021,0.7636930520243812,0.7636176657640799,0.0,,0,52,1,,,2969;7192;1664;337;1075;537;18;5629;1068;2559;6740;1717;2067;2063;1937;2992,2969:3993.7877603162124;7192:3997.3914032681587;1664:4000.645299268159;337:4008.405531268159;1075:4009.429371268159;537:4010.383371268159;18:4016.250939268159;5629:4022.100363268159;1068:4024.652763268159;2559:4031.703363268159;6740:4036.173987268159;1717:4042.0077152681592;2067:4042.745499268159;2063:4043.4617552681593;1937:4046.7317072681594;2992:4048.065867733214
0,3,default_vehtype,boarding,True,4048.065867733214,4078.065867733214,2992;-1;-1,2992;-1;-1,0.0,0.7636176657640799,0.7636176657640799,0.0,,0,52,1,,52,,
0,4,default_vehtype,route,False,3840.0,4069.9869602780304,2981;-1;-1,2966;-1;-1,2071.863435442099,0.8212670341222872,0.8210598477787431,0.0,,0,,0,,,2981;6320;3549;6384;4032;1804;4811;5237;608;459;2416;4011;5246;363;366;2314;2877;1748;2880;906;984;2268;1857;1806;1371;938;5442;4054;2205;1369;2047;1337;1873;1939;665;666;1885;668;1415;1041;1623;1383;2333;2966,2981:3840;6320:3843.373118854145;3549:3849.010358854145;6384:3849.2721988541452;4032:3852.4938388541455;1804:3853.4097508541454;4811:3855.0923908541454;5237:3859.8328708541453;608:3868.698950854145;459:3869.028710854145;2416:3871.242350854145;4011:3871.906478854145;5246:3877.831646854145;363:3884.740334854145;366:3886.145414854145;2314:3887.290286854145;2877:3900.461390854145;1748:3901.579910854145;2880:3902.741702854145;906:3914.967014854145;984:3917.736710854145;2268:3918.4845748541447;1857:3918.870494854145;1806:3919.5326788541447;1371:3920.202854854145;938:3922.7839828541446;5442:3932.5046308541446;4054:3940.1446228541445;2205:3945.8970628541447;1369:3952.3432228541446;2047:3953.2862788541447;1337:3954.2476228541445;1873:3970.7250388541447;1939:3971.0660308541446;665:3971.588102854145;666:3972.4572148541447;1885:3973.4430388541446;668:3986.8134388541444;1415:3987.4425028541445;1041:4004.1290171398587;1623:4008.5122742827157;1383:4019.5977028541442;2333:4059.75158856843;2966:4069.9869602780304
0,0,default_vehtype,route,False,3837.7556406053645,4111.0491876947135,2967;-1;-1,2982;-1;-1,3402.5930837155474,0.9442023562416203,0.9438620969332489,0.0,,0,48,1,,,2967;3896;6788;5444;1716;2720;4210;1711;98;2497;7434;2760;542;1074;4204;5649;5760;205;5793;1407;5826;7411;4686;5074;5295;5274;7181;604;603;602;3851;4573;1400;971;598;1368;591;585;940;1370;939;1903;983;3921;840;2881;5099;2878;1735;2581;370;361;2874;1887;4059;910;6541;3462;3648;2851;2850;1801;1560;5242;922;6385;3550;6322;7280;2411;1661;7283;796;751;4635;6299;4102;4325;7285;1218;2982,2967:3837.7556406053645;3896:3843.835187040139;6788:3845.1021710401387;5444:3855.6385790401387;1716:3858.4289390401386;2720:3859.1755790401385;4210:3860.0738510401384;1711:3861.2035310401384;98:3869.8193390401384;2497:3871.3299710401384;7434:3878.5378190401384;2760:3885.0763550401384;542:3892.6044590401384;1074:3893.5378670401383;4204:3894.5195150401382;5649:3895.3202990401383;5760:3900.8786270401383;205:3906.0228830401384;5793:3910.1442350401385;1407:3911.7643790401385;5826:3914.0446910401383;7411:3916.943339040138;4686:3918.0140510401384;5074:3924.9545630401385;5295:3925.1848190401383;5274:3928.5636350401383;7181:3933.0729230401384;604:3936.6513230401383;603:3937.7149070401383;602:3938.5680350401385;3851:3939.5714270401386;4573:3943.8777470401387;1400:3945.610427040139;971:3949.408859040139;598:3950.4761150401387;1368:3951.4364510401388;591:3957.307403040139;585:3970.478651040139;940:3977.058515040139;1370:3984.085139040139;939:3984.781811040139;1903:3985.603403040139;983:3986.585915040139;3921:3990.3840590401387;840:3994.944899040139;2881:4001.5755230401387;5099:4002.728387040139;2878:4003.856411040139;1735:4014.840731040139;2581:4016.1801470401388;370:4017.762995040139;361:4020.260099040139;2874:4020.846107040139;1887:4026.501491040139;4059:4028.420795040139;910:4032.936995040139;6541:4033.601123040139;3462:4035.814763040139;3648:4036.144523040139;2851:4040.818763040139;2850:4041.752123040139;1801:4045.047803040139;1560:4049.788283040139;5242:4051.470923040139;922:4052.386835040139;6385:4055.608475040139;3550:4055.8703150401393;6322:4061.5075550401393;7280:4065.0263150401393;2411:4070.8614350401394;1661:4076.6612750401396;7283:4077.7103150401394;796:4086.5028350401394;751:4088.4107150401396;4635:4093.5193550401395;6299:4099.47843504014;4102:4101.837755040139;4325:4107.128915040139;7285:4108.045835040139;1218:4109.169035040139;2982:4111.0491876947135
0,4,default_vehtype,boarding,True,4069.9869602780304,4099.986960278031,2966;-1;-1,2966;-1;-1,0.0,0.8210598477787431,0.8210598477787431,0.0,,0,51,1,51,,,
0,0,default_vehtype,boarding,True,4111.0491876947135,4141.0491876947135,2982;-1;-1,2982;-1;-1,0.0,0.9438620969332489,0.9438620969332489,0,,0,48,1,,48,,
0,4,default_vehtype,route,False,4099.986960278031,4320,2966;-1;-1,7100;6318;0.230,2096.8843359864704,0.8210598477787431,0.8208501593451445,0.0,,0,51,1,,,2966;2743;2631;2150;735;738;1096;3736;81;831;2413;1146;832;1880;1340;3638;3641;7177;5275;5297;5072;1464;2847;5825;4587;5794;3202;2065;2023;4203;4198;1071;1070;1069;1067;1504;4396;710;2281;4664;6260;3300;1832;708;6180;2405;6169;2744;2567;2576;3077;3241;88;2758;2742;2448;2353;6140;7386;3742;7100,2966:4099.986960278031;2743:4107.830788568431;2631:4111.84221713986;2150:4128.772502854145;735:4139.254674282717;738:4145.422502854146;1096:4154.961474282717;3736:4155.224490282717;81:4159.073394282717;831:4169.919978282717;2413:4170.907674282717;1146:4171.721058282717;832:4172.529474282717;1880:4175.127162282717;1340:4186.659978282717;3638:4187.646450282717;3641:4188.710034282717;7177:4192.288434282717;5275:4196.797722282718;5297:4200.176538282718;5072:4200.406794282718;1464:4207.347306282718;2847:4208.418018282718;5825:4211.316666282718;4587:4213.596978282718;5794:4215.217122282718;3202:4219.338474282718;2065:4224.482730282718;2023:4230.041058282718;4203:4230.841842282718;4198:4231.823490282718;1071:4232.826018282718;1070:4247.289306282718;1069:4248.0275942827175;1067:4250.689650282718;1504:4255.143426282718;4396:4255.369722282718;710:4255.920378282718;2281:4256.926074282718;4664:4260.804066282718;6260:4261.249962282718;3300:4261.849074282718;1832:4264.639290282718;708:4265.178354282718;6180:4265.6017862827175;2405:4267.824186282717;6169:4271.301306282717;2744:4275.901866282717;2567:4277.7448262827165;2576:4286.233386282716;3077:4288.366026282716;3241:4291.494906282716;88:4293.421746282716;2758:4295.385186282717;2742:4295.791626282717;2448:4298.977266282716;2353:4305.178146282717;6140:4310.349186282717;7386:4311.691626282717;3742:4319.350626282717;7100:4319.890266282717
0,4,default_vehtype,route,False,4320,4362.23650667115,7100;6318;0.230,2972;-1;-1,405.11577997311076,0.8208501593451445,0.8208096477671472,0.0,,0,51,1,,,7100;6318;737;6639;2446;2301;1992;1990;1988;1985;3729;5498;5496;5699;5494;6307;374;7114;3246;5330;661;445;2972,7100:4320;6318:4320.368346282717;737:4321.284066282717;6639:4323.133266282716;2446:4324.704546282716;2301:4327.001586282717;1992:4328.026626282717;1990:4329.7235462827175;1988:4332.177546282717;1985:4335.699306282717;3729:4338.046746282716;5498:4339.444146282716;5496:4342.351386282716;5699:4343.048826282716;5494:4344.152586282716;6307:4344.369426282716;374:4352.670426282716;7114:4354.885434282716;3246:4356.023250282717;5330:4356.770826282716;661:4357.762266282716;445:4360.791954282716;2972:4362.23650667115
0,0,default_vehtype,route,False,4380.0,4427.505301956449,2982;-1;-1,2983;-1;-1,395.8775163037552,0.9438620969332489,0.9438225091816185,0.0,,0,,0,,,2982;2809;7010;820;7498;276;2915;2661;7517;6201;7314;2983,2982:4380;2809:4385.700967345425;7010:4388.608447345425;820:4390.589407345425;7498:4391.0574073454245;276:4391.169007345425;2915:4402.515007345424;2661:4409.748367345424;7517:4417.060327345424;6201:4417.921447345424;7314:4424.816767345424;2983:4427.505301956449
0,4,default_vehtype,boarding,True,4362.23650667115,4392.23650667115,2972;-1;-1,2972;-1;-1,0.0,0.8208096477671472,0.8208096477671472,0.0,,0,51;55,2,55,,,
0,4,default_vehtype,route,False,4392.23650667115,4394.899257839737,2972;-1;-1,2988;-1;-1,36.982655119265175,0.8208096477671472,0.8208059495016352,0.0,,0,51;55,2,,,2972;6079;2988,2972:4392.23650667115;6079:4393.615362282716;2988:4394.899257839737
0,4,default_vehtype,boarding,True,4394.899257839737,4424.899257839737,2988;-1;-1,2988;-1;-1,0.0,0.8208059495016352,0.8208059495016352,0.0,,0,51;55,2,,51,,
0,0,default_vehtype,boarding,True,4427.505301956449,4457.505301956449,2983;-1;-1,2983;-1;-1,0.0,0.9438225091816185,0.9438225091816185,0,,0,57,1,57,,,
0,2,default_vehtype,route,False,4440.0,4508.978060698024,2978;-1;-1,2981;-1;-1,459.0023153406876,0.54221159910019,0.542165698868656,0.0,,0,,0,,,2978;4103;6297;1434;3820;3877;2787;4993;6537;7281;2307;3549;3552;536;535;533;2981,2978:4440;4103:4442.618956695028;6297:4444.9782766950275;1434:4450.937356695027;3820:4456.0459966950275;3877:4457.953876695027;2787:4466.746396695027;4993:4467.795436695027;6537:4473.595276695027;7281:4479.4303966950265;2307:4482.949156695026;3549:4488.586396695026;3552:4493.8156538378835;536:4497.650168123598;535:4501.484682409312;533:4506.713939552169;2981:4508.978060698024
0,2,default_vehtype,boarding,True,4508.978060698024,4538.978060698024,2981;-1;-1,2981;-1;-1,0.0,0.542165698868656,0.542165698868656,0.0,,0,58,1,58,,,
0,4,default_vehtype,route,False,4424.899257839737,4557.1126213520865,2988;-1;-1,2991;-1;-1,1371.1040487826665,0.8208059495016352,0.820668839096757,0.0,,0,55,1,,,2988;3447;3721;5333;251;2711;3358;2296;5495;5697;5497;5500;670;5502;5512;5520;5531;6313;6632;6644;3793;6319;7102;3741;7384;6414;5446;2447;2571;42;2577;2566;3033;3036;2469;2404;2235;3762;5287;310;2280;1447;6261;3764;4397;4745;4182;4187;4191;4195;4202;4208;537;2991,2988:4424.899257839737;3447:4426.438770282716;3721:4429.468458282716;5333:4430.459898282716;251:4431.207474282715;2711:4432.345290282716;3358:4434.560298282716;2296:4442.861298282716;5495:4443.078138282716;5697:4444.181898282716;5497:4444.879338282716;5500:4447.786578282716;670:4449.1839782827155;5502:4451.531418282715;5512:4455.053178282715;5520:4457.507178282714;5531:4459.204098282715;6313:4460.229138282715;6632:4462.526178282716;6644:4464.097458282716;3793:4465.946658282715;6319:4466.862378282715;7102:4467.340458282715;3741:4467.880098282715;7384:4475.539098282715;6414:4480.746258282715;5446:4483.0140182827145;2447:4486.950138282715;2571:4494.539058282715;42:4499.207058282715;2577:4499.879538282715;2566:4508.478618282715;3033:4509.109578282715;3036:4511.379138282715;2469:4514.971458282715;2404:4518.2949782827145;2235:4519.578378282715;3762:4520.001810282714;5287:4520.540874282714;310:4523.331090282714;2280:4523.930202282714;1447:4524.376098282714;6261:4528.254090282714;3764:4529.259786282714;4397:4529.810442282715;4745:4530.036738282714;4182:4534.490514282715;4187:4537.152570282715;4191:4537.890858282714;4195:4552.354146282714;4202:4553.356674282714;4208:4554.338322282714;537:4555.292322282714;2991:4557.1126213520865
0,3,default_vehtype,route,False,4440.0,4579.419771413864,2992;-1;-1,2990;-1;-1,1558.523025865214,0.7636176657640799,0.7634618134614933,0.0,,0,,0,,,2992;2526;5444;1716;2720;4210;1711;98;2497;7434;2760;542;1074;336;2759;1664;1659;538;4990;4939;5252;3070;1657;4439;4842;1272;3423;4282;4975;6830;4349;4937;669;5061;7265;3848;534;2839;5449;2990,2992:4440;2526:4449.202247534946;5444:4459.738655534946;1716:4462.529015534946;2720:4463.275655534946;4210:4464.173927534946;1711:4465.303607534946;98:4473.919415534946;2497:4475.430047534946;7434:4482.637895534946;2760:4489.1764315349465;542:4496.704535534946;1074:4497.637943534946;336:4498.661063534946;2759:4503.391031534946;1664:4506.644927534946;1659:4511.404487534946;538:4512.555527534946;4990:4516.252607534946;4939:4517.643167534946;5252:4523.067887534946;3070:4524.104327534946;1657:4531.621127534946;4439:4537.251287534946;4842:4541.635847534946;1272:4541.820767534946;3423:4543.037327534946;4282:4546.814807534945;4975:4547.864567534945;6830:4548.637487534946;4349:4549.186367534946;4937:4553.555927534946;669:4563.863327534946;5061:4569.671687534946;7265:4570.454927534945;3848:4571.429567534946;534:4575.474527534946;2839:4576.833167534946;5449:4578.032207534947;2990:4579.419771413864
0,3,default_vehtype,boarding,True,4579.419771413864,4609.419771413864,2990;-1;-1,2990;-1;-1,0.0,0.7634618134614933,0.7634618134614933,0.0,,0,59,1,59,,,
0,4,default_vehtype,boarding,True,4557.1126213520865,4587.1126213520865,2991;-1;-1,2991;-1;-1,0.0,0.820668839096757,0.820668839096757,0.0,,0,55,1,,55,,
0,4,default_vehtype,boarding,True,4620,4650,2991;-1;-1,2991;-1;-1,0.0,0.820668839096757,0.820668839096757,0,,0,62,1,62,,,
0,0,default_vehtype,route,False,4457.505301956449,4780.854232769311,2983;-1;-1,2966;-1;-1,2424.2986565656774,0.9438225091816185,0.9435800793159619,0.0,,0,57,1,,,2983;7527;2803;7558;2806;4344;2996;3013;7322;2804;3061;1173;3425;3125;3406;2825;1944;130;99;4526;714;2800;4332;799;3653;3825;7127;1836;4248;5046;7138;6879;1367;3637;1339;1395;1399;835;1147;1093;2607;911;1150;665;666;1885;668;1415;1041;1623;1383;2333;2966,2983:4457.505301956449;7527:4462.0322473454235;2803:4469.587207345424;7558:4476.982207345424;2806:4484.8160473454245;4344:4486.019047345425;2996:4488.062527345425;3013:4492.847647345425;7322:4496.858287345425;2804:4500.185047345425;3061:4506.853087345425;1173:4512.451447345425;3425:4513.634407345425;3125:4514.887927345425;3406:4527.242287345425;2825:4529.712007345425;1944:4531.023367345425;130:4533.411007345425;99:4533.891247345425;4526:4542.300847345425;714:4545.097687345425;2800:4547.104087345425;4332:4547.919727345425;799:4549.1006473454245;3653:4553.696887345424;3825:4554.945487345424;7127:4598.505607345424;1836:4599.856567345424;4248:4614.401767345424;5046:4630.742287345423;7138:4632.380887345424;6879:4638.647287345424;1367:4650.140167345424;3637:4652.033287345424;1339:4653.025663345424;1395:4661.562991345424;1399:4663.703695345424;835:4667.280655345425;1147:4668.073231345425;1093:4669.332511345425;2607:4677.391183345425;911:4680.245047345425;1150:4681.005511345425;665:4682.455375345425;666:4683.324487345425;1885:4684.310311345425;668:4697.680711345425;1415:4698.309775345425;1041:4714.996289631139;1623:4719.3795467739965;1383:4730.464975345425;2333:4770.618861059711;2966:4780.854232769311
0,0,default_vehtype,boarding,True,4780.854232769311,4810.854232769311,2966;-1;-1,2966;-1;-1,0.0,0.9435800793159619,0.9435800793159619,0.0,,0,57,1,,57,,
0,2,default_vehtype,route,False,4538.978060698024,4822.938536284012,2981;-1;-1,2971;-1;-1,2389.3236965498886,0.542165698868656,0.541926766499001,0.0,,0,58,1,,,2981;6320;3549;6384;4032;1804;4277;5239;6501;3911;5389;7301;3914;5398;5400;4040;4041;5374;5418;5424;5403;6546;1200;7312;4332;799;3653;3825;7127;3766;3988;553;7132;7191;3566;4337;7134;6667;6711;1807;1653;6829;4349;4937;669;5061;7265;3848;534;2839;3560;3731;662;7398;3491;6933;7394;6989;7392;5704;7389;2971,2981:4538.978060698024;6320:4542.351179552169;3549:4547.988419552169;6384:4548.250259552169;4032:4551.471899552169;1804:4552.387811552169;4277:4553.97589155217;5239:4559.48053155217;6501:4565.44309155217;3911:4574.79793155217;5389:4575.86377155217;7301:4576.11769155217;3914:4577.30137155217;5398:4578.47821155217;5400:4579.804811552171;4040:4589.1096115521705;4041:4592.05393155217;5374:4596.30649155217;5418:4597.3437715521695;5424:4597.48705155217;5403:4598.592371552169;6546:4602.81925155217;1200:4607.42833155217;7312:4608.92209155217;4332:4609.73773155217;799:4610.91865155217;3653:4615.5148915521695;3825:4616.763491552169;7127:4660.3236115521695;3766:4661.26081155217;3988:4664.99641155217;553:4665.45469155217;7132:4675.33357155217;7191:4683.29077155217;3566:4685.11993155217;4337:4689.61813155217;7134:4690.71817155217;6667:4698.6502915521705;6711:4714.50985155217;1807:4716.4370515521705;1653:4722.240971552171;6829:4723.013891552171;4349:4723.562771552171;4937:4727.9323315521715;669:4738.239731552171;5061:4744.048091552171;7265:4744.831331552171;3848:4745.805971552171;534:4749.8509315521715;2839:4751.209571552172;3560:4752.285131552172;3731:4754.974691552172;662:4777.4244115521715;7398:4780.943651552171;3491:4787.268371552171;6933:4788.180131552171;7394:4793.541731552171;6989:4794.136091552171;7392:4803.347171552171;5704:4805.7122515521705;7389:4820.25049155217;2971:4822.938536284012
0,2,default_vehtype,boarding,True,4822.938536284012,4852.938536284012,2971;-1;-1,2971;-1;-1,0.0,0.541926766499001,0.541926766499001,0.0,,0,58,1,,58,,
0,3,default_vehtype,route,False,4609.419771413864,4816.623080680803,2990;-1;-1,2981;-1;-1,2611.7286438911515,0.7634618134614933,0.7632006405971042,0.0,,0,59,1,,,2990;2552;4848;3271;4846;4989;5000;337;1075;5648;5759;205;5793;1407;5826;7411;4686;5074;5295;5274;7181;604;603;602;3851;4573;1400;971;598;1368;591;585;940;1370;939;1903;983;3921;840;2881;5099;2878;1735;2581;370;361;2874;1887;4059;910;6541;3462;3648;2851;2850;1801;1560;5242;922;6385;3550;2981,2990:4609.419771413864;2552:4612.285487534947;4848:4619.765807534946;3271:4625.318927534946;4846:4627.192007534946;4989:4639.464527534947;5000:4644.224087534947;337:4651.984319534947;1075:4653.008159534947;5648:4653.808943534947;5759:4659.367271534947;205:4664.511527534946;5793:4668.632879534946;1407:4670.253023534947;5826:4672.533335534947;7411:4675.431983534947;4686:4676.502695534947;5074:4683.443207534947;5295:4683.673463534947;5274:4687.052279534947;7181:4691.561567534947;604:4695.139967534948;603:4696.203551534948;602:4697.056679534948;3851:4698.060071534947;4573:4702.366391534947;1400:4704.099071534947;971:4707.897503534947;598:4708.964759534947;1368:4709.925095534947;591:4715.796047534947;585:4728.967295534947;940:4735.547159534947;1370:4742.573783534947;939:4743.270455534947;1903:4744.092047534948;983:4745.074559534947;3921:4748.8727035349475;840:4753.433543534948;2881:4760.064167534948;5099:4761.217031534948;2878:4762.345055534947;1735:4773.329375534947;2581:4774.668791534947;370:4776.251639534947;361:4778.748743534947;2874:4779.334751534947;1887:4784.990135534947;4059:4786.909439534947;910:4791.425639534947;6541:4792.089767534947;3462:4794.303407534947;3648:4794.633167534947;2851:4799.307407534947;2850:4800.240767534947;1801:4803.536447534947;1560:4808.276927534947;5242:4809.959567534947;922:4810.875479534948;6385:4814.0971195349475;3550:4814.358959534948;2981:4816.623080680803
0,3,default_vehtype,boarding,True,4816.623080680803,4846.623080680803,2981;-1;-1,2981;-1;-1,0.0,0.7632006405971042,0.7632006405971042,0.0,,0,59,1,,59,,
0,0,default_vehtype,boarding,True,4860.0,4890.0,2966;-1;-1,2966;-1;-1,0.0,0.9435800793159619,0.9435800793159619,0.0,,0,64,1,64,,,
0,4,default_vehtype,route,False,4650.0,4871.919019900917,2991;-1;-1,2987;-1;-1,2598.493943068325,0.820668839096757,0.8204089897024501,0.0,,0,62,1,,,2991;3010;5631;1068;2867;2760;542;1074;1071;1070;1069;1067;1504;4396;710;2281;4664;6260;3300;1832;708;6180;2405;6169;2744;2567;2576;3077;3241;88;2758;2742;2448;2353;6140;7386;3742;7100;6318;737;6639;2446;2301;1992;1990;1988;1985;3729;5498;5496;5699;5494;6307;374;7114;3246;5330;661;445;6080;7381;364;3029;3886;5711;6045;2157;4817;456;5901;7605;2830;1420;1084;7357;2826;2827;4225;2987,2991:4650;3010:4654.047268930627;5631:4659.896692930627;1068:4662.449092930627;2867:4663.323388930627;2760:4669.861924930627;542:4677.390028930627;1074:4678.3234369306265;1071:4679.3259649306265;1070:4693.789252930626;1069:4694.527540930626;1067:4697.189596930626;1504:4701.643372930626;4396:4701.869668930626;710:4702.4203249306265;2281:4703.426020930627;4664:4707.304012930626;6260:4707.749908930627;3300:4708.3490209306265;1832:4711.139236930627;708:4711.678300930626;6180:4712.101732930626;2405:4714.324132930626;6169:4717.801252930625;2744:4722.401812930625;2567:4724.244772930625;2576:4732.733332930625;3077:4734.865972930625;3241:4737.994852930625;88:4739.921692930625;2758:4741.885132930625;2742:4742.291572930625;2448:4745.477212930625;2353:4751.678092930625;6140:4756.849132930625;7386:4758.191572930626;3742:4765.850572930625;7100:4766.390212930625;6318:4766.868292930625;737:4767.784012930625;6639:4769.633212930625;2446:4771.204492930625;2301:4773.501532930625;1992:4774.526572930626;1990:4776.223492930626;1988:4778.677492930626;1985:4782.199252930625;3729:4784.546692930625;5498:4785.944092930625;5496:4788.851332930624;5699:4789.548772930624;5494:4790.652532930624;6307:4790.869372930624;374:4799.170372930625;7114:4801.385380930625;3246:4802.523196930625;5330:4803.270772930625;661:4804.262212930625;445:4807.291900930624;6080:4810.115308930624;7381:4810.524196930624;364:4810.959580930625;3029:4812.9837889306245;3886:4813.481812930625;5711:4816.021396930625;6045:4817.4156769306255;2157:4821.604204930625;4817:4822.080988930626;456:4822.695868930626;5901:4823.451436930625;7605:4826.923132930625;2830:4827.152524930625;1420:4838.857636930625;1084:4842.392620930625;7357:4846.977148930625;2826:4856.186452930625;2827:4865.395756930625;4225:4869.980284930625;2987:4871.919019900917
0,4,default_vehtype,boarding,True,4871.919019900917,4901.919019900917,2987;-1;-1,2987;-1;-1,0.0,0.8204089897024501,0.8204089897024501,0.0,,0,62,1,,62,,
0,1,default_vehtype,boarding,True,4920,4950.0,2980;-1;-1,2980;-1;-1,0.0,0.8570211689536968,0.8570211689536968,0.0,,0,65,1,65,,,
0,3,default_vehtype,route,False,4920,4956.179240432202,2981;-1;-1,2979;-1;-1,176.13052741122,0.7632006405971042,0.7631830275443631,0.0,,0,,0,,,2981;6320;7278;2411;6281;2286;2287;6538;2979,2981:4920;6320:4923.373118854145;7278:4926.891878854145;2411:4932.726998854145;6281:4937.771113139859;2286:4942.538027425573;2287:4947.304941711287;6538:4952.349055997001;2979:4956.179240432202
0,0,default_vehtype,route,False,4890.0,5021.629335041171,2966;-1;-1,2992;-1;-1,1285.4828948015352,0.9435800793159619,0.9434515310264817,0.0,,0,64,1,,,2966;2743;2631;2150;735;738;2470;734;1815;739;1724;1962;1910;164;1354;197;1311;7;1963;1308;482;7613;2611;1307;2876;1960;816;6786;5444;1716;2720;4210;2067;2063;1937;2992,2966:4890;2743:4897.8438282904;2631:4901.855256861829;2150:4918.7855425761145;735:4929.267714004686;738:4935.435542576115;2470:4936.385222576115;734:4936.594094576115;1815:4937.602310576115;739:4938.442838576115;1724:4954.900526576115;1962:4955.9573425761155;1910:4956.779582576116;164:4957.730774576116;1354:4958.687294576116;197:4960.896542576116;1311:4972.431302576116;7:4976.1262705761155;1963:4976.534726576116;1308:4976.895950576116;482:4981.450598576116;7613:4982.774750576116;2611:4986.671102576116;1307:4987.986830576116;2876:4990.653566576116;1960:4991.6378065761155;816:4999.169726576116;6786:5000.436710576116;5444:5010.973118576116;1716:5013.763478576116;2720:5014.510118576116;4210:5015.408390576116;2067:5016.308966576116;2063:5017.025222576116;1937:5020.295174576116;2992:5021.629335041171
0,3,default_vehtype,boarding,True,4956.179240432202,4986.179240432202,2979;-1;-1,2979;-1;-1,0.0,0.7631830275443631,0.7631830275443631,0.0,,0,66,1,66,,,
0,4,default_vehtype,boarding,True,4980.0,5010.0,2987;-1;-1,2987;-1;-1,0.0,0.8204089897024501,0.8204089897024501,0.0,,0,67,1,67,,,
0,0,default_vehtype,boarding,True,5021.629335041171,5051.629335041171,2992;-1;-1,2992;-1;-1,0.0,0.9434515310264817,0.9434515310264817,0,,0,64,1,,64,,
0,4,default_vehtype,route,False,5010,5137.425794066561,2987;-1;-1,2984;-1;-1,1389.2919531006646,0.8204089897024501,0.82027006050714,0.0,,0,67,1,,,2987;4613;1084;7357;3525;6025;3063;6027;7362;2188;2186;5744;6033;5746;6031;146;2828;2376;3091;4274;880;3109;3874;4306;429;4313;68;7318;7325;3011;4;4345;1199;1204;2996;2984,2987:5010;4613:5011.596249029708;1084:5015.131233029708;7357:5019.715761029708;3525:5030.594601029708;6025:5032.336065029708;3063:5033.600745029708;6027:5034.902721029708;7362:5038.910961029708;2188:5045.574129029708;2186:5046.850401029708;5744:5048.8658250297085;6033:5050.235265029709;5746:5052.158673029709;6031:5053.650297029709;146:5054.611425029709;2828:5055.703233029709;2376:5061.205113029709;3091:5074.5268410297085;4274:5075.669769029709;880:5076.261105029709;3109:5078.111649029709;3874:5083.975929029709;4306:5096.091489029709;429:5097.493809029709;4313:5098.676769029709;68:5104.275129029709;7318:5110.943169029709;7325:5114.269929029709;3011:5118.280569029709;4:5123.065689029709;4345:5125.109169029709;1199:5129.099511886851;1204:5133.089854743994;2996:5135.133334743994;2984:5137.425794066561
0,2,default_vehtype,route,False,5160.0,5208.599849802757,2971;-1;-1,2989;-1;-1,357.3953197848742,0.541926766499001,0.5418910269670225,0.0,,0,,0,,,2971;3807;6875;885;316;2042;1982;6306;5681;2294;2035;6308;5495;5696;3307;3987;6878;2989,2971:5160;3807:5161.3763552681585;6875:5162.444355268159;885:5163.047715268159;316:5169.874875268159;2042:5180.613315268159;1982:5181.376035268158;6306:5181.592875268158;5681:5183.986875268159;2294:5185.318360982445;2035:5186.6498466967305;6308:5189.043846696731;5495:5189.260686696731;5696:5190.0234066967305;3307:5200.761846696731;3987:5207.58900669673;6878:5208.1923666967305;2989:5208.599849802757
0,3,default_vehtype,route,False,4986.179240432202,5218.662732015098,2979;-1;-1,2993;-1;-1,3080.537518846917,0.7631830275443631,0.7628749737924784,0.0,,0,66,1,,,2979;2786;2307;3549;6384;4032;1804;4811;5237;608;459;2416;4011;5246;363;366;2314;2877;1748;2880;906;984;2268;1857;1806;1371;938;5442;4054;2205;1369;2047;3631;4079;4572;4577;778;3636;3639;3642;7178;5275;5297;5072;1464;2847;5825;4587;5794;3202;2065;2023;4203;537;18;5629;1068;2559;6740;1717;2067;2063;1937;6789;3895;5465;7450;2993,2979:4986.179240432202;2786:4988.184175997001;2307:4991.702935997001;3549:4997.340175997001;6384:4997.602015997001;4032:5000.823655997001;1804:5001.739567997001;4811:5003.422207997001;5237:5008.162687997002;608:5017.0287679970015;459:5017.358527997001;2416:5019.572167997001;4011:5020.236295997001;5246:5026.161463997001;363:5033.070151997002;366:5034.475231997002;2314:5035.620103997002;2877:5048.791207997002;1748:5049.909727997002;2880:5051.071519997002;906:5063.296831997001;984:5066.066527997002;2268:5066.814391997002;1857:5067.200311997001;1806:5067.862495997001;1371:5068.532671997001;938:5071.113799997001;5442:5080.834447997001;4054:5088.474439997001;2205:5094.226879997002;1369:5100.673039997002;2047:5101.616095997002;3631:5103.178927997002;4079:5104.246183997002;4572:5108.0446159970015;4577:5109.777295997002;778:5114.083615997001;3636:5115.087007997001;3639:5115.940135997001;3642:5117.003719997001;7178:5120.582119997001;5275:5125.091407997002;5297:5128.470223997002;5072:5128.700479997002;1464:5135.640991997002;2847:5136.711703997002;5825:5139.610351997002;4587:5141.890663997002;5794:5143.510807997002;3202:5147.632159997002;2065:5152.776415997002;2023:5158.334743997002;4203:5159.135527997002;537:5160.089527997002;18:5165.9570959970015;5629:5171.8065199970015;1068:5174.358919997001;2559:5181.409519997001;6740:5185.880143997;1717:5191.713871997;2067:5192.451655997;2063:5193.1679119969995;1937:5196.437863996999;6789:5206.974271996999;3895:5208.241255996999;5465:5215.773175996999;7450:5216.757415996999;2993:5218.662732015098
0,4,default_vehtype,boarding,True,5137.425794066561,5167.425794066561,2984;-1;-1,2984;-1;-1,0.0,0.82027006050714,0.82027006050714,0.0,,0,67,1,,67,,
0,2,default_vehtype,boarding,True,5208.599849802757,5238.599849802757,2989;-1;-1,2989;-1;-1,0.0,0.5418910269670225,0.5418910269670225,0.0,,0,70,1,70,,,
0,3,default_vehtype,boarding,True,5218.662732015098,5248.662732015098,2993;-1;-1,2993;-1;-1,0.0,0.7628749737924784,0.7628749737924784,0.0,,0,66,1,,66,,
0,4,default_vehtype,route,False,5220.0,5264.908890042598,2984;-1;-1,2985;-1;-1,386.725802383677,0.82027006050714,0.8202313879269016,0.0,,0,,0,,,2984;3012;7321;2804;3061;1173;3425;4304;793;118;3979;2985,2984:5220;3012:5222.4926606774325;7321:5226.503300677433;2804:5229.830060677433;3061:5236.498100677432;1173:5242.096460677432;3425:5243.279420677432;4304:5244.681740677433;793:5256.797300677433;118:5262.6615806774325;3979:5264.512124677432;2985:5264.908890042598
0,1,default_vehtype,route,False,4950.0,5294.710441981238,2980;-1;-1,2972;-1;-1,2999.8842262698054,0.8570211689536968,0.8567211805310697,0.0,,0,65,1,,,2980;914;2135;1730;2664;2579;2961;2407;2581;370;361;2874;1887;4059;910;6541;3462;3648;2851;2850;1801;1560;5242;4277;5239;6501;3911;5389;7301;3914;5398;5400;4040;4041;5374;5418;5424;5403;6546;1200;7312;3767;4527;3089;3131;5447;7352;414;122;3426;4305;793;118;3979;4275;103;6480;7360;3154;6028;5745;6035;5743;6038;6041;7365;6050;6068;6077;3629;4502;6912;2108;7370;7608;5900;3459;4818;5992;6047;5708;3884;3030;3347;7376;2207;3446;3720;5332;251;2711;3358;2296;5681;2294;2035;6308;374;7114;3246;5330;661;445;2972,2980:4950;914:4965.882170735657;2135:4973.833027878514;1730:4989.289370735657;2664:4991.111485021372;2579:4995.987427878515;2961:5012.758285021372;2407:5018.007085021372;2581:5026.494342164229;370:5028.077190164229;361:5030.574294164229;2874:5031.1603021642295;1887:5036.815686164229;4059:5038.734990164229;910:5043.251190164229;6541:5043.91531816423;3462:5046.1289581642295;3648:5046.458718164229;2851:5051.132958164229;2850:5052.066318164229;1801:5055.36199816423;1560:5060.10247816423;5242:5061.78511816423;4277:5063.37319816423;5239:5068.8778381642305;6501:5074.8403981642305;3911:5084.19523816423;5389:5085.261078164231;7301:5085.514998164231;3914:5086.698678164231;5398:5087.875518164231;5400:5089.202118164231;4040:5098.506918164231;4041:5101.451238164231;5374:5105.703798164231;5418:5106.74107816423;5424:5106.88435816423;5403:5107.98967816423;6546:5112.21655816423;1200:5116.82563816423;7312:5118.319398164231;3767:5120.325798164231;4527:5123.122638164231;3089:5131.532238164231;3131:5132.012478164231;5447:5134.400118164231;7352:5135.71147816423;414:5138.18119816423;122:5150.535558164231;3426:5151.789078164231;4305:5153.191398164231;793:5165.306958164231;118:5171.171238164231;3979:5173.021782164231;4275:5173.613118164231;103:5174.7560461642315;6480:5188.077774164231;7360:5193.579654164231;3154:5194.671462164231;6028:5195.632590164231;5745:5197.1242141642315;6035:5199.047622164231;5743:5200.4170621642315;6038:5202.432486164232;6041:5203.708758164232;7365:5210.371926164232;6050:5212.6454701642315;6068:5216.871798164231;6077:5217.517494164231;3629:5219.074782164231;4502:5219.537670164231;6912:5224.686102164231;2108:5226.58251016423;7370:5233.10923816423;7608:5233.33863016423;5900:5236.81032616423;3459:5237.56589416423;4818:5238.18077416423;5992:5238.65755816423;6047:5242.84608616423;5708:5244.24036616423;3884:5246.77995016423;3030:5247.277974164231;3347:5249.3021821642305;7376:5249.737566164231;2207:5250.146454164231;3446:5252.969862164231;3720:5255.999550164231;5332:5256.99099016423;251:5257.73856616423;2711:5258.876382164231;3358:5261.091390164231;2296:5269.392390164231;5681:5271.786390164231;2294:5273.117875878517;2035:5274.449361592803;6308:5276.843361592803;374:5285.144361592804;7114:5287.359369592804;3246:5288.497185592804;5330:5289.244761592804;661:5290.236201592804;445:5293.265889592803;2972:5294.710441981238
0,1,default_vehtype,boarding,True,5294.710441981238,5324.710441981238,2972;-1;-1,2972;-1;-1,0.0,0.8567211805310697,0.8567211805310697,0.0,,0,65,1,,65,,
0,4,default_vehtype,boarding,True,5264.908890042598,5294.908890042598,2985;-1;-1,2985;-1;-1,0.0,0.8202313879269016,0.8202313879269016,0.0,,0,71,1,71,,,
0,2,default_vehtype,route,False,5238.599849802757,5438.900066593619,2989;-1;-1,2977;-1;-1,2168.724873257181,0.5418910269670225,0.5416741544796968,0.0,,0,70,1,,,2989;3808;6876;885;316;2042;1982;6306;374;7114;3246;5330;661;445;6080;7381;364;3029;3886;5711;6045;2157;4817;456;5901;7605;2830;5852;6913;1321;597;2204;6066;6049;7367;2188;2186;5744;6033;5746;6031;146;2828;2376;3091;4274;880;3109;3874;4306;429;4313;68;7318;7325;3011;4;4345;7330;7562;7316;7531;2802;2977,2989:5238.599849802757;3808:5239.26036669673;6876:5240.32836669673;885:5240.93172669673;316:5247.75888669673;2042:5258.49732669673;1982:5259.26004669673;6306:5259.47688669673;374:5267.77788669673;7114:5269.99289469673;3246:5271.130710696731;5330:5271.87828669673;661:5272.86972669673;445:5275.89941469673;6080:5278.72282269673;7381:5279.13171069673;364:5279.56709469673;3029:5281.59130269673;3886:5282.0893266967305;5711:5284.628910696731;6045:5286.023190696731;2157:5290.211718696731;4817:5290.688502696731;456:5291.303382696731;5901:5292.058950696731;7605:5295.53064669673;2830:5295.760038696731;5852:5302.28676669673;6913:5304.18317469673;1321:5309.33160669673;597:5309.79449469673;2204:5311.35178269673;6066:5311.99747869673;6049:5316.223806696729;7367:5318.497350696729;2188:5325.160518696729;2186:5326.436790696729;5744:5328.452214696729;6033:5329.82165469673;5746:5331.745062696729;6031:5333.2366866967295;146:5334.197814696729;2828:5335.28962269673;2376:5340.791502696729;3091:5354.113230696729;4274:5355.2561586967295;880:5355.84749469673;3109:5357.69803869673;3874:5363.56231869673;4306:5375.67787869673;429:5377.08019869673;4313:5378.26315869673;68:5383.86151869673;7318:5390.5295586967295;7325:5393.856318696729;3011:5397.86695869673;4:5402.652078696729;4345:5404.69555869673;7330:5405.89855869673;7562:5413.73239869673;7316:5421.127398696731;7531:5428.682358696731;2802:5435.897838696731;2977:5438.900066593619
0,3,default_vehtype,route,False,5400.0,5405.864769547126,2993;-1;-1,2967;-1;-1,81.45513259898192,0.7628749737924784,0.7628668282792185,0.0,,0,,0,,,2993;4483;7446;1960;2967,2993:5400;4483:5400.761419981901;7446:5403.428155981901;1960:5404.412395981901;2967:5405.864769547126
0,3,default_vehtype,boarding,True,5405.864769547126,5435.864769547126,2967;-1;-1,2967;-1;-1,0.0,0.7628668282792185,0.7628668282792185,0.0,,0,72,1,72,,,
0,2,default_vehtype,boarding,True,5438.900066593619,5468.900066593619,2977;-1;-1,2977;-1;-1,0.0,0.5416741544796968,0.5416741544796968,0.0,,0,70,1,,70,,
0,2,default_vehtype,route,False,5468.900066593619,5515.226698019299,2977;-1;-1,2984;-1;-1,386.0552618806575,0.5416741544796968,0.5416355489535087,0.0,,0,,0,,,2977;6202;7315;7530;2803;7558;2806;4344;2996;2984,2977:5468.900066593619;6202:5472.793158696731;7315:5479.68847869673;7530:5486.90395869673;2803:5494.4589186967305;7558:5501.853918696731;2806:5509.687758696731;4344:5510.890758696732;2996:5512.934238696732;2984:5515.226698019299
0,2,default_vehtype,boarding,True,5515.226698019299,5545.226698019299,2984;-1;-1,2984;-1;-1,0.0,0.5416355489535087,0.5416355489535087,0.0,,0,75,1,75,,,
0,4,default_vehtype,route,False,5294.908890042598,5546.79121024266,2985;-1;-1,2967;-1;-1,2621.8042250008402,0.8202313879269016,0.8199692075044015,0.0,,0,71,1,,,2985;1140;880;3109;3874;4306;429;3125;3406;2825;1944;130;99;4526;714;2800;4332;799;3653;3825;7127;1836;4248;5046;7138;6879;1367;3637;1339;1395;1399;835;1147;2412;836;1097;738;2470;734;1815;739;1724;1962;1910;164;1354;197;1311;7;1963;1308;482;7613;2611;1307;2876;1960;2967,2985:5294.908890042598;1140:5295.103460677433;880:5295.694796677433;3109:5297.545340677433;3874:5303.409620677433;4306:5315.525180677433;429:5316.927500677433;3125:5318.1810206774335;3406:5330.535380677434;2825:5333.005100677434;1944:5334.3164606774335;130:5336.704100677433;99:5337.184340677433;4526:5345.593940677433;714:5348.390780677433;2800:5350.397180677433;4332:5351.212820677433;799:5352.393740677433;3653:5356.989980677433;3825:5358.238580677433;7127:5401.798700677433;1836:5403.149660677433;4248:5417.694860677432;5046:5434.035380677432;7138:5435.673980677432;6879:5441.940380677433;1367:5453.433260677432;3637:5455.326380677432;1339:5456.318756677432;1395:5464.856084677433;1399:5466.996788677433;835:5470.573748677433;1147:5471.366324677433;2412:5472.174380677433;836:5473.173164677433;1097:5488.433924677433;738:5489.136572677434;2470:5490.086252677434;734:5490.295124677434;1815:5491.303340677434;739:5492.143868677434;1724:5508.601556677434;1962:5509.658372677434;1910:5510.480612677435;164:5511.431804677435;1354:5512.388324677435;197:5514.597572677435;1311:5526.1323326774345;7:5529.827300677434;1963:5530.235756677434;1308:5530.596980677435;482:5535.151628677435;7613:5536.475780677435;2611:5540.372132677435;1307:5541.687860677434;2876:5544.3545966774345;1960:5545.338836677434;2967:5546.79121024266
0,4,default_vehtype,boarding,True,5546.79121024266,5576.79121024266,2967;-1;-1,2967;-1;-1,0.0,0.8199692075044015,0.8199692075044015,0.0,,0,71,1,,71,,
0,0,default_vehtype,route,False,5520.0,5626.770851372961,2992;-1;-1,2970;-1;-1,1286.4486921910307,0.9434515310264817,0.9433228861572627,0.0,,0,,0,,,2992;2526;5444;1716;2720;4210;1711;98;2497;7434;2760;542;1074;336;2759;1664;1659;4844;3270;4850;6823;1946;7401;3560;2970,2992:5520;2526:5529.202247534946;5444:5539.738655534946;1716:5542.529015534946;2720:5543.275655534946;4210:5544.173927534946;1711:5545.303607534946;98:5553.919415534946;2497:5555.430047534946;7434:5562.637895534946;2760:5569.1764315349465;542:5576.704535534946;1074:5577.637943534946;336:5578.661063534946;2759:5583.391031534946;1664:5586.644927534946;1659:5591.404487534946;4844:5603.677007534947;3270:5605.550087534947;4850:5611.103207534947;6823:5618.583527534946;1946:5622.836807534946;7401:5624.035847534947;3560:5625.111407534947;2970:5626.770851372961
0,2,default_vehtype,route,False,5545.226698019299,5610.84462607913,2984;-1;-1,2986;-1;-1,674.351330400799,0.5416355489535087,0.5415681138204687,0.0,,0,75,1,,,2984;3012;7321;2804;3061;1173;3425;4304;793;118;3979;4275;103;6480;7360;2986,2984:5545.226698019299;3012:5547.719358696731;7321:5551.729998696732;2804:5555.056758696732;3061:5561.724798696731;1173:5567.323158696731;3425:5568.506118696731;4304:5569.9084386967315;793:5582.023998696732;118:5587.8882786967315;3979:5589.738822696731;4275:5590.330158696732;103:5591.473086696732;6480:5604.794814696732;7360:5610.296694696732;2986:5610.84462607913
0,0,default_vehtype,boarding,True,5626.770851372961,5656.770851372961,2970;-1;-1,2970;-1;-1,0.0,0.9433228861572627,0.9433228861572627,0.0,,0,78,1,78,,,
0,1,default_vehtype,route,False,5580.0,5668.223038867479,2972;-1;-1,2975;-1;-1,1181.6034995154696,0.8567211805310697,0.8566030201811182,0.0,,0,,0,,,2972;6079;7380;364;3029;3886;5711;6045;2157;4817;456;5901;7605;2830;5852;6913;1321;597;2204;6066;6049;7367;2188;2186;5744;6033;5746;6031;146;2828;2376;3091;4274;880;3109;3874;2975,2972:5580;6079:5581.378855611566;7380:5581.787743611566;364:5582.223127611566;3029:5584.247335611566;3886:5584.7453596115665;5711:5587.284943611567;6045:5588.679223611567;2157:5592.867751611567;4817:5593.344535611567;456:5593.959415611567;5901:5594.714983611567;7605:5598.186679611566;2830:5598.416071611567;5852:5604.942799611566;6913:5606.839207611566;1321:5611.987639611566;597:5612.450527611566;2204:5614.007815611566;6066:5614.653511611566;6049:5618.879839611565;7367:5621.153383611565;2188:5627.816551611565;2186:5629.092823611565;5744:5631.108247611565;6033:5632.477687611566;5746:5634.401095611565;6031:5635.892719611566;146:5636.8538476115655;2828:5637.945655611566;2376:5643.447535611565;3091:5656.769263611565;4274:5657.9121916115655;880:5658.503527611566;3109:5660.354071611566;3874:5666.218351611566;2975:5668.223038867479
0,1,default_vehtype,boarding,True,5668.223038867479,5698.223038867479,2975;-1;-1,2975;-1;-1,0.0,0.8566030201811182,0.8566030201811182,0.0,,0,83,1,83,,,
0,2,default_vehtype,boarding,True,5610.84462607913,5640.84462607913,2986;-1;-1,2986;-1;-1,0.0,0.5415681138204687,0.5415681138204687,0.0,,0,75;77,2,77,75,,
0,3,default_vehtype,route,False,5435.864769547126,5656.243565127757,2967;-1;-1,2981;-1;-1,2961.6368211428808,0.7628668282792185,0.7625706645971042,0.0,,0,72,1,,,2967;3896;6788;5444;1716;2720;4210;1711;98;2497;7434;2760;542;1074;4204;5649;5760;205;5793;1407;5826;7411;4686;5074;5295;5274;7181;604;603;602;3851;4573;1400;971;598;1368;591;585;940;1370;939;1903;983;3921;840;2881;5099;2878;1735;2581;370;361;2874;1887;4059;910;6541;3462;3648;2851;2850;1801;1560;5242;922;6385;3550;2981,2967:5435.864769547126;3896:5441.944315981901;6788:5443.211299981901;5444:5453.747707981901;1716:5456.538067981901;2720:5457.284707981901;4210:5458.182979981902;1711:5459.312659981902;98:5467.928467981901;2497:5469.439099981902;7434:5476.646947981902;2760:5483.185483981902;542:5490.713587981902;1074:5491.6469959819015;4204:5492.628643981901;5649:5493.429427981901;5760:5498.9877559819015;205:5504.132011981901;5793:5508.253363981901;1407:5509.873507981902;5826:5512.1538199819015;7411:5515.052467981902;4686:5516.123179981902;5074:5523.063691981902;5295:5523.2939479819015;5274:5526.672763981902;7181:5531.182051981902;604:5534.760451981902;603:5535.824035981903;602:5536.677163981903;3851:5537.680555981902;4573:5541.986875981902;1400:5543.719555981902;971:5547.517987981902;598:5548.585243981902;1368:5549.545579981902;591:5555.416531981902;585:5568.587779981902;940:5575.167643981902;1370:5582.194267981902;939:5582.890939981902;1903:5583.712531981902;983:5584.695043981902;3921:5588.493187981902;840:5593.054027981902;2881:5599.684651981903;5099:5600.8375159819025;2878:5601.965539981902;1735:5612.949859981902;2581:5614.2892759819015;370:5615.8721239819015;361:5618.3692279819015;2874:5618.955235981902;1887:5624.610619981901;4059:5626.529923981901;910:5631.0461239819015;6541:5631.710251981902;3462:5633.923891981902;3648:5634.253651981901;2851:5638.927891981902;2850:5639.861251981902;1801:5643.156931981902;1560:5647.897411981902;5242:5649.580051981902;922:5650.495963981903;6385:5653.717603981902;3550:5653.9794439819025;2981:5656.243565127757
0,3,default_vehtype,boarding,True,5656.243565127757,5686.243565127757,2981;-1;-1,2981;-1;-1,0.0,0.7625706645971042,0.7625706645971042,0.0,,0,72,1,,72,,
0,1,default_vehtype,route,False,5698.223038867479,5741.398078240906,2975;-1;-1,2976;-1;-1,359.7919947785567,0.8566030201811182,0.8565670409816404,0.0,,0,83,1,,,2975;1166;429;4313;68;7318;7325;3011;4;4345;7330;2976,2975:5698.223038867479;1166:5708.333911611566;429:5709.736231611566;4313:5710.919191611566;68:5716.517551611566;7318:5723.1855916115655;7325:5726.5123516115655;3011:5730.522991611566;4:5735.308111611565;4345:5737.351591611566;7330:5738.554591611566;2976:5741.398078240906
0,4,default_vehtype,route,False,5580.0,5734.035201572945,2967;-1;-1,2966;-1;-1,1352.74125658498,0.8199692075044015,0.819833933378743,0.0,,0,,0,,,2967;3896;5466;7451;4482;6930;7615;3488;4485;5469;2998;901;1083;1355;1961;1962;1033;1559;1958;2907;636;1954;1949;186;333;2164;695;694;1041;1623;1383;2333;2966,2967:5580;3896:5586.079546434775;5466:5593.611466434775;7451:5594.595706434775;4482:5597.262442434775;6930:5598.578170434775;7615:5602.474522434774;3488:5603.7986744347745;4485:5608.353322434775;5469:5608.714546434775;2998:5609.123002434775;901:5610.3685304347755;1083:5613.158962434775;1355:5626.848250434775;1961:5627.830978434775;1962:5628.7698584347745;1033:5629.979314434774;1559:5636.363410434774;1958:5643.710434434774;2907:5644.334098434773;636:5647.1492264347735;1954:5647.759930434773;1949:5656.660066434773;186:5658.226210434774;333:5658.865930434774;2164:5659.482322434774;695:5664.189610434773;694:5667.358330434773;1041:5668.177258434773;1623:5672.56051557763;1383:5683.645944149059;2333:5723.799829863345;2966:5734.035201572945
0,1,default_vehtype,boarding,True,5741.398078240906,5771.398078240906,2976;-1;-1,2976;-1;-1,0.0,0.8565670409816404,0.8565670409816404,0.0,,0,83,1,,83,,
0,1,default_vehtype,route,False,5771.398078240906,5789.761210934134,2976;-1;-1,2984;-1;-1,153.0261057768949,0.8565670409816404,0.8565517383710627,0.0,,0,,0,,,2976;7557;2806;4344;2996;2984,2976:5771.398078240906;7557:5776.388431611566;2806:5784.222271611567;4344:5785.425271611567;2996:5787.468751611567;2984:5789.761210934134
0,1,default_vehtype,boarding,True,5789.761210934134,5819.761210934134,2984;-1;-1,2984;-1;-1,0.0,0.8565517383710627,0.8565517383710627,0.0,,0,81,1,81,,,
0,2,default_vehtype,route,False,5640.84462607913,5784.77035542857,2986;-1;-1,2971;-1;-1,1571.4022146764878,0.5415681138204687,0.541410973599001,0.0,,0,77,1,,,2986;3155;6029;5745;6035;5743;6038;6041;7365;6050;6068;6077;3629;4502;6912;2108;7370;7608;5900;3459;4818;5992;6047;5708;3884;3030;3347;7376;2207;3446;3720;5332;251;2711;3358;2296;5495;5696;3307;3987;2396;886;808;1372;807;1375;108;1376;1380;373;2390;7391;5704;7389;2971,2986:5640.84462607913;3155:5641.388502696732;6029:5642.349630696732;5745:5643.841254696732;6035:5645.764662696732;5743:5647.134102696732;6038:5649.149526696732;6041:5650.425798696732;7365:5657.088966696732;6050:5659.362510696732;6068:5663.588838696732;6077:5664.234534696731;3629:5665.791822696731;4502:5666.254710696731;6912:5671.403142696731;2108:5673.299550696731;7370:5679.826278696731;7608:5680.055670696731;5900:5683.5273666967305;3459:5684.28293469673;4818:5684.89781469673;5992:5685.374598696731;6047:5689.56312669673;5708:5690.957406696731;3884:5693.496990696731;3030:5693.995014696731;3347:5696.019222696731;7376:5696.454606696731;2207:5696.863494696731;3446:5699.6869026967315;3720:5702.716590696731;5332:5703.708030696731;251:5704.455606696731;2711:5705.593422696731;3358:5707.808430696731;2296:5716.109430696732;5495:5716.326270696732;5696:5717.088990696731;3307:5727.827430696731;3987:5734.654590696731;2396:5735.960550696731;886:5741.598150696731;808:5742.064350696731;1372:5742.92727069673;807:5744.03115069673;1375:5745.71535069673;108:5747.85579069673;1376:5749.656030696729;1380:5751.672630696729;373:5761.233630696729;2390:5763.778350696729;7391:5765.178990696729;5704:5767.544070696728;7389:5782.082310696728;2971:5784.77035542857
0,2,default_vehtype,boarding,True,5784.77035542857,5814.77035542857,2971;-1;-1,2971;-1;-1,0.0,0.541410973599001,0.541410973599001,0.0,,0,77;85,2,85,77,,
0,3,default_vehtype,route,False,5686.243565127757,5765.332959286876,2981;-1;-1,2978;-1;-1,682.0646846593123,0.7625706645971042,0.7625024581286383,0.0,,0,,0,,,2981;6320;3549;6384;4032;1804;4277;5239;6501;3911;5389;7301;918;3075;7097;7290;2736;1744;1164;2789;1182;2978,2981:5686.243565127757;6320:5689.6166839819025;3549:5695.2539239819025;6384:5695.515763981903;4032:5698.737403981902;1804:5699.653315981903;4277:5701.241395981903;5239:5706.746035981903;6501:5712.708595981903;3911:5722.063435981903;5389:5723.129275981903;7301:5723.383195981904;918:5724.525355981904;3075:5732.398315981904;7097:5733.247675981904;7290:5739.049795981904;2736:5747.768275981904;1744:5749.223515981904;1164:5760.332035981904;2789:5761.743835981903;1182:5762.660755981903;2978:5765.332959286876
0,3,default_vehtype,boarding,True,5765.332959286876,5795.332959286876,2978;-1;-1,2978;-1;-1,0.0,0.7625024581286383,0.7625024581286383,0.0,,0,80,1,80,,,
0,4,default_vehtype,boarding,True,5734.035201572945,5764.035201572945,2966;-1;-1,2966;-1;-1,0.0,0.819833933378743,0.819833933378743,0.0,,0,82,1,82,,,
0,0,default_vehtype,route,False,5656.770851372961,5847.18458079929,2970;-1;-1,2980;-1;-1,2063.6293026972107,0.9433228861572627,0.9431165232269929,0.0,,0,78,1,,,2970;671;544;7400;5449;6824;4848;3271;4846;4989;5000;337;1075;5648;5759;205;5793;1407;5826;7411;4686;5074;5295;5274;7181;604;603;602;3851;4573;1400;971;598;1368;591;585;940;1370;939;1903;983;3921;840;2881;5099;1157;2058;2092;915;2980,2970:5656.770851372961;671:5657.800967534947;544:5660.4905275349465;7400:5661.566087534947;5449:5662.765127534947;6824:5667.018407534947;4848:5674.498727534947;3271:5680.051847534946;4846:5681.924927534947;4989:5694.197447534947;5000:5698.9570075349475;337:5706.717239534947;1075:5707.741079534947;5648:5708.541863534947;5759:5714.100191534947;205:5719.244447534947;5793:5723.365799534947;1407:5724.985943534947;5826:5727.266255534947;7411:5730.164903534947;4686:5731.235615534947;5074:5738.176127534947;5295:5738.406383534947;5274:5741.785199534947;7181:5746.294487534948;604:5749.872887534948;603:5750.936471534948;602:5751.789599534948;3851:5752.792991534948;4573:5757.099311534947;1400:5758.8319915349475;971:5762.630423534947;598:5763.697679534947;1368:5764.6580155349475;591:5770.528967534948;585:5783.700215534947;940:5790.280079534948;1370:5797.306703534948;939:5798.003375534948;1903:5798.824967534948;983:5799.807479534948;3921:5803.605623534948;840:5808.166463534948;2881:5814.797087534948;5099:5815.949951534948;1157:5820.689094392091;2058:5826.478922963519;2092:5829.868065820662;915:5834.986237249233;2980:5847.18458079929
0,0,default_vehtype,boarding,True,5847.18458079929,5877.18458079929,2980;-1;-1,2980;-1;-1,0.0,0.9431165232269929,0.9431165232269929,0.0,,0,78,1,,78,,
0,4,default_vehtype,route,False,5764.035201572945,5945.004639415647,2966;-1;-1,2970;-1;-1,1660.3445869925656,0.819833933378743,0.8196678989200438,0.0,,0,82,1,,,2966;2743;2631;2150;735;738;1096;3736;81;831;2413;1146;832;1880;1340;3638;3641;7177;5275;5297;5072;1464;2847;5825;4587;5794;3202;2065;2023;4203;4198;336;2759;1664;1659;4844;3270;4850;6823;1946;7401;3560;2970,2966:5764.035201572945;2743:5771.879029863345;2631:5775.890458434774;2150:5792.8207441490595;735:5803.302915577631;738:5809.47074414906;1096:5819.009715577631;3736:5819.272731577631;81:5823.121635577631;831:5833.968219577631;2413:5834.9559155776315;1146:5835.7692995776315;832:5836.577715577631;1880:5839.175403577631;1340:5850.708219577631;3638:5851.694691577631;3641:5852.758275577631;7177:5856.3366755776315;5275:5860.845963577632;5297:5864.224779577632;5072:5864.455035577632;1464:5871.395547577632;2847:5872.466259577632;5825:5875.364907577632;4587:5877.645219577632;5794:5879.265363577632;3202:5883.3867155776325;2065:5888.530971577632;2023:5894.089299577632;4203:5894.890083577632;4198:5895.871731577632;336:5896.894851577632;2759:5901.624819577632;1664:5904.878715577632;1659:5909.638275577632;4844:5921.910795577633;3270:5923.783875577633;4850:5929.3369955776325;6823:5936.817315577632;1946:5941.070595577632;7401:5942.2696355776325;3560:5943.345195577633;2970:5945.004639415647
0,4,default_vehtype,boarding,True,5945.004639415647,5975.004639415647,2970;-1;-1,2970;-1;-1,0.0,0.8196678989200438,0.8196678989200438,0.0,,0,82,1,,82,,
0,1,default_vehtype,route,False,5819.761210934134,6028.61912465962,2984;-1;-1,2969;-1;-1,2002.5915757571302,0.8565517383710627,0.856351479213487,0.0,,0,81,1,,,2984;3012;7321;2804;3061;1173;3425;3125;3406;2825;1944;130;99;4526;714;2800;4332;799;3653;3825;7127;1836;4248;5046;7138;6879;1367;3637;3640;3643;7179;5275;5297;5072;1464;2847;5825;4587;5794;3202;2065;2023;4203;4198;336;2969,2984:5819.761210934134;3012:5822.253871611567;7321:5826.264511611567;2804:5829.591271611567;3061:5836.259311611567;1173:5841.857671611567;3425:5843.040631611567;3125:5844.294151611567;3406:5856.648511611567;2825:5859.118231611567;1944:5860.429591611567;130:5862.817231611567;99:5863.297471611567;4526:5871.707071611567;714:5874.503911611567;2800:5876.510311611567;4332:5877.325951611567;799:5878.506871611567;3653:5883.103111611566;3825:5884.351711611566;7127:5927.911831611566;1836:5929.262791611566;4248:5943.807991611566;5046:5960.1485116115655;7138:5961.787111611566;6879:5968.053511611566;1367:5979.546391611566;3637:5981.439511611566;3640:5982.292639611565;3643:5983.356223611566;7179:5986.934623611566;5275:5991.443911611566;5297:5994.822727611567;5072:5995.052983611567;1464:6001.993495611567;2847:6003.064207611566;5825:6005.962855611567;4587:6008.243167611567;5794:6009.863311611567;3202:6013.984663611567;2065:6019.128919611567;2023:6024.687247611567;4203:6025.488031611567;4198:6026.469679611567;336:6027.492799611567;2969:6028.61912465962
0,1,default_vehtype,boarding,True,6028.61912465962,6058.61912465962,2969;-1;-1,2969;-1;-1,0.0,0.856351479213487,0.856351479213487,0.0,,0,81,1,,81,,
0,2,default_vehtype,route,False,5814.77035542857,6062.190386001701,2971;-1;-1,2978;-1;-1,2561.389988109423,0.541410973599001,0.5411548346001902,0.0,,0,85,1,,,2971;3807;6875;885;316;2042;1982;6306;374;7114;3246;5330;661;445;6080;7381;364;3029;3886;5711;6045;2157;4817;456;5901;7605;2830;5852;6913;1321;597;2204;6066;6049;7367;2188;2186;5744;6033;5746;6031;146;2828;2376;3091;4274;880;3109;3874;4306;429;3125;3406;2825;1944;130;99;4526;714;2800;4339;2419;5404;5421;1925;1883;926;925;5399;1905;830;2795;918;3075;7097;7290;2736;1744;1164;2789;1182;2978,2971:5814.77035542857;3807:5816.146710696728;6875:5817.214710696729;885:5817.818070696729;316:5824.6452306967285;2042:5835.383670696729;1982:5836.146390696728;6306:5836.363230696728;374:5844.664230696729;7114:5846.879238696729;3246:5848.017054696729;5330:5848.764630696729;661:5849.756070696729;445:5852.785758696728;6080:5855.609166696729;7381:5856.0180546967285;364:5856.453438696729;3029:5858.477646696729;3886:5858.975670696729;5711:5861.515254696729;6045:5862.90953469673;2157:5867.098062696729;4817:5867.57484669673;456:5868.18972669673;5901:5868.945294696729;7605:5872.416990696729;2830:5872.646382696729;5852:5879.173110696729;6913:5881.069518696729;1321:5886.217950696729;597:5886.680838696729;2204:5888.238126696729;6066:5888.883822696728;6049:5893.110150696728;7367:5895.383694696728;2188:5902.046862696728;2186:5903.323134696728;5744:5905.338558696728;6033:5906.707998696728;5746:5908.631406696728;6031:5910.123030696728;146:5911.084158696728;2828:5912.175966696728;2376:5917.677846696728;3091:5930.999574696728;4274:5932.142502696728;880:5932.7338386967285;3109:5934.584382696728;3874:5940.448662696728;4306:5952.564222696728;429:5953.9665426967285;3125:5955.220062696729;3406:5967.574422696729;2825:5970.044142696729;1944:5971.355502696729;130:5973.743142696729;99:5974.223382696729;4526:5982.6329826967285;714:5985.4298226967285;2800:5987.436222696729;4339:5988.929982696729;2419:5993.539062696729;5404:5997.765942696729;5421:5998.871262696729;1925:5999.014542696729;1883:6000.051822696729;926:6004.304382696729;925:6007.248702696728;5399:6016.553502696728;1905:6017.8801026967285;830:6019.056942696729;2795:6020.240622696729;918:6021.382782696729;3075:6029.255742696729;7097:6030.105102696729;7290:6035.907222696729;2736:6044.625702696729;1744:6046.080942696729;1164:6057.189462696729;2789:6058.601262696729;1182:6059.518182696728;2978:6062.190386001701
0,2,default_vehtype,boarding,True,6062.190386001701,6092.190386001701,2978;-1;-1,2978;-1;-1,0.0,0.5411548346001902,0.5411548346001902,0.0,,0,85;87,2,87,85,,
0,3,default_vehtype,route,False,5795.332959286876,6065.2419119999995,2978;-1;-1,2993;-1;-1,3392.4163615988255,0.7625024581286383,0.7621632164924784,0.0,,0,80,1,,,2978;4103;6297;1434;3820;3877;2787;4993;6537;7281;2307;3549;6384;4032;1804;4811;5237;608;459;2416;4011;5246;363;366;2314;2877;1748;2880;906;984;2268;1857;1806;1371;938;5442;4054;2205;1369;2047;3631;4079;4572;4577;778;3636;3639;3642;7178;5275;5297;5072;1464;2847;5825;4587;5794;3202;2065;2023;4203;537;18;5629;1068;2559;6740;1717;2067;2063;1937;6789;3895;5465;7450;2993,2978:5795.332959286876;4103:5797.951915981904;6297:5800.311235981903;1434:5806.270315981903;3820:5811.378955981903;3877:5813.286835981903;2787:5822.079355981903;4993:5823.128395981903;6537:5828.928235981903;7281:5834.763355981902;2307:5838.282115981902;3549:5843.919355981902;6384:5844.181195981902;4032:5847.402835981902;1804:5848.318747981903;4811:5850.001387981903;5237:5854.741867981903;608:5863.607947981903;459:5863.937707981902;2416:5866.151347981902;4011:5866.815475981903;5246:5872.740643981902;363:5879.649331981903;366:5881.054411981903;2314:5882.199283981903;2877:5895.370387981903;1748:5896.488907981903;2880:5897.650699981903;906:5909.876011981903;984:5912.645707981903;2268:5913.393571981903;1857:5913.7794919819025;1806:5914.441675981902;1371:5915.111851981902;938:5917.692979981902;5442:5927.413627981902;4054:5935.053619981903;2205:5940.806059981903;1369:5947.252219981903;2047:5948.195275981903;3631:5949.758107981903;4079:5950.825363981903;4572:5954.623795981903;4577:5956.356475981903;778:5960.6627959819025;3636:5961.666187981902;3639:5962.519315981902;3642:5963.582899981902;7178:5967.161299981903;5275:5971.670587981903;5297:5975.049403981903;5072:5975.279659981903;1464:5982.220171981903;2847:5983.290883981903;5825:5986.189531981903;4587:5988.469843981903;5794:5990.0899879819035;3202:5994.211339981904;2065:5999.355595981903;2023:6004.913923981903;4203:6005.714707981903;537:6006.668707981903;18:6012.536275981903;5629:6018.385699981903;1068:6020.938099981902;2559:6027.988699981902;6740:6032.459323981901;1717:6038.293051981901;2067:6039.030835981901;2063:6039.747091981901;1937:6043.0170439819;6789:6053.5534519819;3895:6054.8204359819;5465:6062.3523559819005;7450:6063.3365959819;2993:6065.2419119999995
0,3,default_vehtype,boarding,True,6065.2419119999995,6095.2419119999995,2993;-1;-1,2993;-1;-1,0.0,0.7621632164924784,0.7621632164924784,0.0,,0,80,1,,80,,
0,2,default_vehtype,route,False,6092.190386001701,6161.168446699725,2978;-1;-1,2981;-1;-1,459.00231534068763,0.5411548346001902,0.5411089343686561,0.0,,0,87,1,,,2978;4103;6297;1434;3820;3877;2787;4993;6537;7281;2307;3549;3552;536;535;533;2981,2978:6092.190386001701;4103:6094.809342696729;6297:6097.1686626967285;1434:6103.127742696728;3820:6108.2363826967285;3877:6110.144262696728;2787:6118.936782696728;4993:6119.985822696728;6537:6125.785662696728;7281:6131.6207826967275;2307:6135.139542696727;3549:6140.776782696727;3552:6146.006039839584;536:6149.840554125299;535:6153.675068411013;533:6158.90432555387;2981:6161.168446699725
0,2,default_vehtype,boarding,True,6161.168446699725,6191.168446699725,2981;-1;-1,2981;-1;-1,0.0,0.5411089343686561,0.5411089343686561,0,,0,87,1,,87,,
0,4,default_vehtype,route,False,6600.0,6742.897444851321,2970;-1;-1,2973;-1;-1,1435.309866479551,0.8196678989200438,0.8195243679333959,0.0,,0,,0,,,2970;671;662;7398;3491;6933;7394;6989;7392;5704;7389;3806;2573;885;316;2042;1982;6306;374;7114;3246;5330;661;445;6080;7381;364;3029;3886;5711;6045;2157;4817;456;5901;7605;2830;1420;1084;2973,2970:6600;671:6601.0301161619855;662:6623.479836161985;7398:6626.999076161985;3491:6633.323796161984;6933:6634.235556161984;7394:6639.5971561619845;6989:6640.1915161619845;7392:6649.402596161985;5704:6651.767676161984;7389:6666.305916161984;3806:6670.370316161984;2573:6671.438316161984;885:6672.0416761619845;316:6678.868836161984;2042:6689.607276161984;1982:6690.369996161984;6306:6690.586836161984;374:6698.8878361619845;7114:6701.102844161985;3246:6702.240660161985;5330:6702.988236161985;661:6703.979676161985;445:6707.009364161984;6080:6709.832772161984;7381:6710.241660161984;364:6710.677044161985;3029:6712.7012521619845;3886:6713.199276161985;5711:6715.738860161985;6045:6717.1331401619855;2157:6721.321668161985;4817:6721.798452161986;456:6722.413332161986;5901:6723.168900161985;7605:6726.640596161985;2830:6726.869988161985;1420:6738.575100161985;1084:6742.110084161985;2973:6742.897444851321
0,4,default_vehtype,boarding,True,6742.897444851321,6772.897444851321,2973;-1;-1,2973;-1;-1,0.0,0.8195243679333959,0.8195243679333959,0.0,,0,91,1,91,,,
0,3,default_vehtype,route,False,6660.0,6797.534179120071,2993;-1;-1,2966;-1;-1,1123.5603891839621,0.7621632164924784,0.7620508604535601,0.0,,0,,0,,,2993;4483;6931;7616;3488;4485;5469;2998;901;1083;1355;1961;1962;1033;1559;1958;2907;636;1954;1949;186;333;2164;695;694;1041;1623;1383;2333;2966,2993:6660;4483:6660.761419981901;6931:6662.0771479819;7616:6665.9734999819;3488:6667.2976519819;4485:6671.852299981901;5469:6672.213523981901;2998:6672.621979981901;901:6673.867507981901;1083:6676.657939981901;1355:6690.347227981901;1961:6691.329955981901;1962:6692.2688359819;1033:6693.4782919819;1559:6699.8623879819;1958:6707.209411981899;2907:6707.833075981899;636:6710.648203981899;1954:6711.258907981899;1949:6720.159043981899;186:6721.7251879819;333:6722.3649079819;2164:6722.9812999819;695:6727.688587981899;694:6730.857307981899;1041:6731.676235981899;1623:6736.059493124756;1383:6747.144921696185;2333:6787.2988074104705;2966:6797.534179120071
0,3,default_vehtype,boarding,True,6797.534179120071,6827.534179120071,2966;-1;-1,2966;-1;-1,0.0,0.7620508604535601,0.7620508604535601,0.0,,0,93,1,93,,,
0,4,default_vehtype,route,False,6772.897444851321,6962.110732816562,2973;-1;-1,2982;-1;-1,1922.294373658451,0.8195243679333959,0.8193321384960301,0.0,,0,91,1,,,2973;7354;3525;6025;3063;6027;7362;2188;2186;5744;6033;5746;6031;146;2828;2376;3091;4274;880;3109;3874;4306;429;3125;3406;2825;1944;130;99;4526;714;2800;4339;2419;5404;5421;1925;1883;926;925;5399;1905;830;2795;918;3075;7097;7290;2736;1744;1164;2789;1218;2982,2973:6772.897444851321;7354:6776.694612161985;3525:6787.573452161985;6025:6789.314916161985;3063:6790.579596161985;6027:6791.881572161985;7362:6795.889812161985;2188:6802.552980161985;2186:6803.829252161985;5744:6805.844676161985;6033:6807.214116161986;5746:6809.137524161985;6031:6810.6291481619855;146:6811.5902761619855;2828:6812.682084161986;2376:6818.183964161985;3091:6831.505692161985;4274:6832.6486201619855;880:6833.239956161986;3109:6835.090500161986;3874:6840.954780161986;4306:6853.070340161986;429:6854.472660161986;3125:6855.726180161986;3406:6868.080540161986;2825:6870.550260161986;1944:6871.861620161986;130:6874.249260161986;99:6874.729500161986;4526:6883.139100161986;714:6885.935940161986;2800:6887.942340161986;4339:6889.436100161986;2419:6894.0451801619865;5404:6898.272060161987;5421:6899.377380161986;1925:6899.520660161987;1883:6900.557940161986;926:6904.810500161986;925:6907.754820161986;5399:6917.059620161986;1905:6918.386220161986;830:6919.563060161986;2795:6920.746740161986;918:6921.888900161986;3075:6929.761860161986;7097:6930.611220161986;7290:6936.4133401619865;2736:6945.131820161987;1744:6946.587060161987;1164:6957.695580161987;2789:6959.107380161987;1218:6960.230580161987;2982:6962.110732816562
0,4,default_vehtype,boarding,True,6962.110732816562,6992.110732816562,2982;-1;-1,2982;-1;-1,0.0,0.8193321384960301,0.8193321384960301,0.0,,0,91,1,,91,,
0,2,default_vehtype,route,False,6900.0,7035.075557483487,2981;-1;-1,2976;-1;-1,1148.6160456957073,0.5411089343686561,0.5409940727640866,0.0,,0,,0,,,2981;6320;3549;6384;4032;1804;4277;5239;6501;3911;5389;7301;3914;5398;5400;4040;4041;5374;5418;5424;5403;6546;1200;7312;3767;4527;3089;3131;5447;7352;414;122;3426;4314;68;7318;7325;3011;4;4345;7330;2976,2981:6900;6320:6903.373118854145;3549:6909.010358854145;6384:6909.272198854145;4032:6912.493838854145;1804:6913.409750854145;4277:6914.997830854146;5239:6920.502470854146;6501:6926.465030854146;3911:6935.819870854146;5389:6936.885710854146;7301:6937.139630854146;3914:6938.323310854146;5398:6939.500150854146;5400:6940.826750854147;4040:6950.131550854147;4041:6953.075870854146;5374:6957.328430854146;5418:6958.365710854146;5424:6958.508990854146;5403:6959.6143108541455;6546:6963.841190854146;1200:6968.450270854146;7312:6969.944030854146;3767:6971.950430854146;4527:6974.747270854146;3089:6983.156870854146;3131:6983.637110854146;5447:6986.024750854146;7352:6987.336110854146;414:6989.805830854146;122:7002.160190854146;3426:7003.413710854146;4314:7004.596670854146;68:7010.195030854146;7318:7016.863070854146;7325:7020.189830854146;3011:7024.200470854146;4:7028.985590854146;4345:7031.029070854146;7330:7032.2320708541465;2976:7035.075557483487
0,2,default_vehtype,boarding,True,7035.075557483487,7065.075557483487,2976;-1;-1,2976;-1;-1,0.0,0.5409940727640866,0.5409940727640866,0.0,,0,98,1,98,,,
0,3,default_vehtype,route,False,6827.534179120071,7112.989213077004,2966;-1;-1,2974;-1;-1,2330.159411488732,0.7620508604535601,0.7618178445124112,0.0,,0,93,1,,,2966;2743;2631;2150;735;738;1096;3736;81;831;2413;1146;832;1880;1340;3638;1365;2574;7139;1693;1114;5299;7129;754;611;1812;1186;7311;3767;4527;3089;3131;5447;7352;414;122;3426;4305;793;118;3979;4275;103;6480;7360;3154;6028;2181;2180;146;2828;2974,2966:6827.534179120071;2743:6835.378007410471;2631:6839.3894359819;2150:6856.319721696185;735:6866.801893124757;738:6872.969721696186;1096:6882.508693124757;3736:6882.771709124757;81:6886.620613124757;831:6897.467197124757;2413:6898.454893124757;1146:6899.268277124757;832:6900.076693124757;1880:6902.674381124757;1340:6914.207197124757;3638:6915.1936691247565;1365:6917.135389124756;2574:6928.643269124756;7139:6934.909669124757;1693:6936.548269124757;1114:6952.888789124757;5299:6967.433989124756;7129:6968.784949124756;754:7012.345069124756;611:7013.593669124756;1812:7018.164829124757;1186:7019.342029124757;7311:7020.1576691247565;3767:7022.164069124757;4527:7024.960909124757;3089:7033.370509124757;3131:7033.8507491247565;5447:7036.238389124756;7352:7037.549749124756;414:7040.019469124756;122:7052.373829124756;3426:7053.627349124757;4305:7055.029669124757;793:7067.145229124757;118:7073.009509124757;3979:7074.860053124757;4275:7075.451389124757;103:7076.594317124757;6480:7089.916045124757;7360:7095.417925124757;3154:7096.509733124757;6028:7097.470861124757;2181:7101.702918267614;2180:7105.934975410471;146:7106.896103410471;2828:7107.9879114104715;2974:7112.989213077004
0,3,default_vehtype,boarding,True,7112.989213077004,7142.989213077004,2974;-1;-1,2974;-1;-1,0.0,0.7618178445124112,0.7618178445124112,0.0,,0,93,1,,93,,
0,2,default_vehtype,route,False,7065.075557483487,7249.639474671154,2976;-1;-1,2972;-1;-1,2043.1305057059733,0.5409940727640866,0.5407897597135161,0.0,,0,98,1,,,2976;7557;2806;4344;2996;3013;7322;2804;3061;1173;3425;4304;793;118;3979;4275;103;6480;7360;3154;6028;5745;6035;5743;6038;6041;7365;6050;6068;6077;3629;4502;6912;2108;7370;7608;5900;3459;4818;5992;6047;5708;3884;3030;3347;7376;2207;3446;3720;5332;251;2711;3358;2296;5681;2294;2035;6308;374;7114;3246;5330;661;445;2972,2976:7065.075557483487;7557:7070.065910854147;2806:7077.899750854147;4344:7079.102750854147;2996:7081.146230854148;3013:7085.931350854147;7322:7089.941990854148;2804:7093.268750854148;3061:7099.936790854147;1173:7105.535150854147;3425:7106.718110854147;4304:7108.120430854147;793:7120.2359908541475;118:7126.100270854147;3979:7127.950814854147;4275:7128.542150854148;103:7129.685078854148;6480:7143.006806854148;7360:7148.5086868541475;3154:7149.600494854148;6028:7150.561622854148;5745:7152.053246854148;6035:7153.9766548541475;5743:7155.346094854148;6038:7157.361518854148;6041:7158.637790854148;7365:7165.300958854148;6050:7167.574502854148;6068:7171.8008308541475;6077:7172.446526854147;3629:7174.003814854147;4502:7174.466702854147;6912:7179.615134854147;2108:7181.511542854147;7370:7188.0382708541465;7608:7188.267662854147;5900:7191.739358854146;3459:7192.494926854146;4818:7193.109806854146;5992:7193.586590854146;6047:7197.775118854146;5708:7199.1693988541465;3884:7201.708982854147;3030:7202.207006854147;3347:7204.231214854147;7376:7204.666598854147;2207:7205.075486854147;3446:7207.898894854147;3720:7210.928582854147;5332:7211.920022854147;251:7212.6675988541465;2711:7213.805414854147;3358:7216.020422854147;2296:7224.321422854147;5681:7226.715422854148;2294:7228.0469085684335;2035:7229.3783942827195;6308:7231.77239428272;374:7240.07339428272;7114:7242.28840228272;3246:7243.426218282721;5330:7244.17379428272;661:7245.16523428272;445:7248.19492228272;2972:7249.639474671154
0,2,default_vehtype,boarding,True,7249.639474671154,7279.639474671154,2972;-1;-1,2972;-1;-1,0.0,0.5407897597135161,0.5407897597135161,0.0,,0,98,1,,98,,
