operator_id,vehicle_id,vehicle_type,status,locked,start_time,end_time,start_pos,end_pos,driven_distance,start_soc,end_soc,charging_power,charging_unit,toll,rq_on_board,occupancy,rq_boarding,rq_alighting,route,trajectory
1,0,default_vehtype,boarding,True,180,210,2966;-1;-1,2966;-1;-1,0.0,0.916309922773969,0.916309922773969,0,,0,1;0,2,1;0,,,
1,2,default_vehtype,boarding,True,360,390,2982;-1;-1,2982;-1;-1,0.0,0.7724415914984484,0.7724415914984484,0,,0,3,1,3,,,
1,0,default_vehtype,route,False,210.0,488.9138289902776,2966;-1;-1,2988;-1;-1,2634.732771078847,0.916309922773969,0.9160464494968612,0.0,,0,1;0,2,,,2966;2743;2631;2150;735;738;1096;3736;81;831;2413;1146;832;1880;1340;3638;3641;7177;5275;5297;5072;1464;2847;5825;4587;5794;3202;2065;2023;4203;4198;1071;1070;1069;1067;1504;4396;710;2281;4664;6260;3300;1832;708;6180;2405;6169;2744;2567;2576;3077;3241;88;2758;2742;2448;2353;6140;7386;3742;7100;6318;737;6639;2446;2301;1992;1990;1988;1985;3729;5498;5496;5699;5494;6307;374;7114;3246;5330;661;445;6080;7381;364;3029;69;30;3346;2832;2207;2988,2966:210;2743:217.84382829039959;2631:221.85525686182817;2150:238.78554257611387;735:249.2677140046853;738:255.43554257611387;1096:264.9745140046853;3736:265.2375300046853;81:269.0864340046853;831:279.9330180046853;2413:280.92071400468535;1146:281.73409800468534;832:282.54251400468536;1880:285.14020200468536;1340:296.6730180046854;3638:297.6594900046854;3641:298.7230740046854;7177:302.30147400468536;5275:306.8107620046854;5297:310.18957800468536;5072:310.41983400468536;1464:317.36034600468537;2847:318.4310580046854;5825:321.32970600468536;4587:323.61001800468534;5794:325.2301620046853;3202:329.3515140046853;2065:334.4957700046853;2023:340.05409800468533;4203:340.85488200468535;4198:341.83653000468536;1071:342.83905800468534;1070:357.3023460046853;1069:358.04063400468533;1067:360.70269000468534;1504:365.15646600468534;4396:365.38276200468533;710:365.93341800468534;2281:366.93911400468534;4664:370.81710600468534;6260:371.26300200468535;3300:371.86211400468534;1832:374.6523300046853;708:375.1913940046853;6180:375.6148260046853;2405:377.8372260046853;6169:381.3143460046853;2744:385.9149060046853;2567:387.7578660046853;2576:396.2464260046853;3077:398.3790660046853;3241:401.50794600468527;88:403.4347860046853;2758:405.3982260046853;2742:405.80466600468526;2448:408.99030600468524;2353:415.1911860046852;6140:420.3622260046852;7386:421.70466600468524;3742:429.36366600468523;7100:429.90330600468525;6318:430.3813860046852;737:431.29710600468525;6639:433.14630600468524;2446:434.71758600468524;2301:437.0146260046852;1992:438.0396660046852;1990:439.7365860046852;1988:442.1905860046852;1985:445.7123460046852;3729:448.0597860046852;5498:449.4571860046852;5496:452.3644260046852;5699:453.06186600468516;5494:454.1656260046852;6307:454.38246600468517;374:462.68346600468516;7114:464.89847400468517;3246:466.03629000468516;5330:466.78386600468514;661:467.77530600468515;445:470.80499400468517;6080:473.62840200468514;7381:474.03729000468513;364:474.47267400468513;3029:476.4968820046851;69:480.62916771897085;30:484.7614534332566;3346:486.78566143325656;2832:487.22104543325656;2207:487.62993343325655;2988:488.9138289902776
1,0,default_vehtype,boarding,True,488.9138289902776,518.9138289902776,2988;-1;-1,2988;-1;-1,0.0,0.9160464494968612,0.9160464494968612,0.0,,0,1;0,2,,0,,
1,0,default_vehtype,route,False,518.9138289902776,556.3414221225929,2988;-1;-1,2973;-1;-1,519.8276823932699,0.9160464494968612,0.9159944667286218,0.0,,0,1,1,,,2988;3447;6082;7383;364;3029;3886;5711;6045;2157;4817;456;5901;7605;2830;1420;1084;2973,2988:518.9138289902776;3447:520.4533414332566;6082:523.2767494332566;7383:523.6856374332566;364:524.1210214332566;3029:526.1452294332566;3886:526.6432534332566;5711:529.1828374332566;6045:530.5771174332566;2157:534.7656454332566;4817:535.2424294332566;456:535.8573094332565;5901:536.6128774332566;7605:540.0845734332565;2830:540.3139654332565;1420:552.0190774332565;1084:555.5540614332565;2973:556.3414221225929
1,0,default_vehtype,boarding,True,556.3414221225929,586.3414221225929,2973;-1;-1,2973;-1;-1,0.0,0.9159944667286218,0.9159944667286218,0.0,,0,1,1,,1,,
1,2,default_vehtype,route,False,390.0,548.1393886097674,2982;-1;-1,2980;-1;-1,1274.3900625592087,0.7724415914984484,0.7723141524921924,0.0,,0,3,1,,,2982;2809;4365;7288;1182;1001;6296;1434;3820;3877;2787;4993;6537;7281;2307;3549;6384;4032;1804;4811;5237;608;459;2416;4011;5246;363;366;2314;2877;1748;1743;1157;2058;2092;915;2980,2982:390;2809:395.7009673454251;4365:403.2820873454251;7288:404.4052873454251;1182:405.3222073454251;1001:410.6133673454251;6296:412.97268734542513;1434:418.9317673454251;3820:424.0404073454251;3877:425.94828734542506;2787:434.7408073454251;4993:435.7898473454251;6537:441.5896873454251;7281:447.4248073454251;2307:450.9435673454251;3549:456.5808073454251;6384:456.8426473454251;4032:460.0642873454251;1804:460.9801993454251;4811:462.6628393454251;5237:467.4033193454251;608:476.2693993454251;459:476.5991593454251;2416:478.8127993454251;4011:479.4769273454251;5246:485.4020953454251;363:492.3107833454251;366:493.7158633454251;2314:494.8607353454251;2877:508.0318393454251;1748:509.1503593454251;1743:516.9047593454251;1157:521.6439022025679;2058:527.4337307739964;2092:530.8228736311393;915:535.9410450597106;2980:548.1393886097674
1,2,default_vehtype,boarding,True,548.1393886097674,578.1393886097674,2980;-1;-1,2980;-1;-1,0.0,0.7723141524921924,0.7723141524921924,0.0,,0,3,1,,3,,
1,1,default_vehtype,route,False,840.0,860.8907075530442,2992;-1;-1,2993;-1;-1,290.1487160145031,0.6917207594128889,0.6916917445412875,0.0,,0,,0,,,2992;2526;3895;5465;7450;2993,2992:840;2526:849.2022475349454;3895:850.4692315349454;5465:858.0011515349454;7450:858.9853915349454;2993:860.8907075530442
1,1,default_vehtype,boarding,True,860.8907075530442,890.8907075530442,2993;-1;-1,2993;-1;-1,0.0,0.6916917445412875,0.6916917445412875,0.0,,0,6,1,6,,,
1,1,default_vehtype,route,False,890.8907075530442,1099.6150025205377,2993;-1;-1,2988;-1;-1,2316.5181602628086,0.6916917445412875,0.6914600927252612,0.0,,0,6,1,,,2993;4483;7446;1960;816;6786;5444;1716;2720;4210;1711;98;2497;7434;2760;542;1074;1071;1070;1069;1067;1504;4396;710;2281;4664;6260;3300;1832;708;6180;2405;6169;2744;2567;2576;3077;3241;88;2758;2742;2448;2353;6140;7386;3742;7100;6318;737;6639;2446;2301;1992;1990;1988;1985;3729;5498;5496;5699;5494;6307;374;7114;3246;5330;661;445;6080;7381;364;3029;69;30;3346;2832;2207;2988,2993:890.8907075530442;4483:891.6521275349454;7446:894.3188635349454;1960:895.3031035349454;816:902.8350235349454;6786:904.1020075349454;5444:914.6384155349455;1716:917.4287755349454;2720:918.1754155349454;4210:919.0736875349454;1711:920.2033675349454;98:928.8191755349454;2497:930.3298075349454;7434:937.5376555349454;2760:944.0761915349455;542:951.6042955349454;1074:952.5377035349454;1071:953.5402315349454;1070:968.0035195349454;1069:968.7418075349455;1067:971.4038635349455;1504:975.8576395349454;4396:976.0839355349455;710:976.6345915349455;2281:977.6402875349454;4664:981.5182795349453;6260:981.9641755349453;3300:982.5632875349453;1832:985.3535035349453;708:985.8925675349453;6180:986.3159995349454;2405:988.5383995349454;6169:992.0155195349454;2744:996.6160795349454;2567:998.4590395349453;2576:1006.9475995349453;3077:1009.0802395349453;3241:1012.2091195349453;88:1014.1359595349453;2758:1016.0993995349453;2742:1016.5058395349453;2448:1019.6914795349453;2353:1025.8923595349454;6140:1031.0633995349453;7386:1032.4058395349452;3742:1040.0648395349453;7100:1040.6044795349453;6318:1041.0825595349454;737:1041.9982795349454;6639:1043.8474795349455;2446:1045.4187595349454;2301:1047.7157995349453;1992:1048.7408395349453;1990:1050.4377595349454;1988:1052.8917595349453;1985:1056.4135195349454;3729:1058.7609595349454;5498:1060.1583595349455;5496:1063.0655995349455;5699:1063.7630395349454;5494:1064.8667995349454;6307:1065.0836395349454;374:1073.3846395349453;7114:1075.5996475349452;3246:1076.7374635349452;5330:1077.4850395349451;661:1078.4764795349452;445:1081.5061675349452;6080:1084.3295755349452;7381:1084.7384635349451;364:1085.1738475349453;3029:1087.1980555349453;69:1091.330341249231;30:1095.4626269635166;3346:1097.4868349635167;2832:1097.9222189635168;2207:1098.3311069635167;2988:1099.6150025205377
1,1,default_vehtype,boarding,True,1099.6150025205377,1129.6150025205377,2988;-1;-1,2988;-1;-1,0.0,0.6914600927252612,0.6914600927252612,0.0,,0,6,1,,6,,
1,3,default_vehtype,boarding,True,1140,1170,2987;-1;-1,2987;-1;-1,0.0,0.9350060741234096,0.9350060741234096,0,,0,13,1,13,,,
1,0,default_vehtype,route,False,1200.0,1270.062022566576,2973;-1;-1,2975;-1;-1,929.3671620029345,0.9159944667286218,0.9159015300124216,0.0,,0,,0,,,2973;7354;3525;6025;3063;6027;7362;2188;2186;5744;6033;5746;6031;146;2828;2376;3091;4274;880;3109;3874;2975,2973:1200;7354:1203.7971673106636;3525:1214.6760073106636;6025:1216.4174713106636;3063:1217.6821513106636;6027:1218.9841273106636;7362:1222.9923673106634;2188:1229.6555353106635;2186:1230.9318073106635;5744:1232.9472313106635;6033:1234.3166713106634;5746:1236.2400793106635;6031:1237.7317033106635;146:1238.6928313106635;2828:1239.7846393106634;2376:1245.2865193106634;3091:1258.6082473106633;4274:1259.7511753106633;880:1260.3425113106632;3109:1262.193055310663;3874:1268.0573353106631;2975:1270.062022566576
1,0,default_vehtype,boarding,True,1270.062022566576,1300.062022566576,2975;-1;-1,2975;-1;-1,0.0,0.9159015300124216,0.9159015300124216,0.0,,0,14,1,14,,,
1,3,default_vehtype,route,False,1170.0,1297.42579406656,2987;-1;-1,2984;-1;-1,1389.2919531006646,0.9350060741234096,0.9348671449280995,0.0,,0,13,1,,,2987;4613;1084;7357;3525;6025;3063;6027;7362;2188;2186;5744;6033;5746;6031;146;2828;2376;3091;4274;880;3109;3874;4306;429;4313;68;7318;7325;3011;4;4345;1199;1204;2996;2984,2987:1170;4613:1171.5962490297077;1084:1175.1312330297076;7357:1179.7157610297077;3525:1190.5946010297077;6025:1192.3360650297077;3063:1193.6007450297077;6027:1194.9027210297077;7362:1198.9109610297076;2188:1205.5741290297076;2186:1206.8504010297077;5744:1208.8658250297076;6033:1210.2352650297075;5746:1212.1586730297076;6031:1213.6502970297076;146:1214.6114250297076;2828:1215.7032330297075;2376:1221.2051130297075;3091:1234.5268410297074;4274:1235.6697690297074;880:1236.2611050297073;3109:1238.1116490297072;3874:1243.9759290297072;4306:1256.0914890297072;429:1257.493809029707;4313:1258.6767690297072;68:1264.2751290297072;7318:1270.9431690297072;7325:1274.269929029707;3011:1278.280569029707;4:1283.065689029707;4345:1285.1091690297071;1199:1289.09951188685;1204:1293.0898547439929;2996:1295.133334743993;2984:1297.42579406656
1,3,default_vehtype,boarding,True,1297.42579406656,1327.42579406656,2984;-1;-1,2984;-1;-1,0.0,0.9348671449280995,0.9348671449280995,0,,0,13,1,,13,,
1,0,default_vehtype,route,False,1300.062022566576,1408.242688456518,2975;-1;-1,2981;-1;-1,924.4919490828496,0.9159015300124216,0.9158090808175133,0.0,,0,14,1,,,2975;1166;429;3125;3406;2825;1944;130;99;4526;714;2800;4339;2419;5404;5421;1925;1883;926;925;5399;1905;830;2795;1891;827;6499;1803;1141;5241;922;6385;3550;2981,2975:1300.062022566576;1166:1310.172895310663;429:1311.575215310663;3125:1312.828735310663;3406:1325.183095310663;2825:1327.652815310663;1944:1328.964175310663;130:1331.351815310663;99:1331.832055310663;4526:1340.241655310663;714:1343.038495310663;2800:1345.044895310663;4339:1346.538655310663;2419:1351.147735310663;5404:1355.3746153106629;5421:1356.4799353106628;1925:1356.6232153106628;1883:1357.6604953106628;926:1361.9130553106627;925:1364.8573753106627;5399:1374.1621753106629;1905:1375.488775310663;830:1376.665615310663;2795:1377.8492953106631;1891:1378.1032153106632;827:1379.1690553106632;6499:1388.5238953106632;1803:1394.4864553106631;1141:1399.9910953106632;5241:1401.5791753106632;922:1402.4950873106632;6385:1405.7167273106631;3550:1405.978567310663;2981:1408.242688456518
1,0,default_vehtype,boarding,True,1408.242688456518,1438.242688456518,2981;-1;-1,2981;-1;-1,0.0,0.9158090808175133,0.9158090808175133,0.0,,0,14,1,,14,,
1,3,default_vehtype,route,False,1440,1483.525768574321,2984;-1;-1,2977;-1;-1,362.7147381193425,0.9348671449280995,0.9348308734542876,0.0,,0,,0,,,2984;3012;4;4345;7330;7562;7316;7531;2802;2977,2984:1440;3012:1442.492660677433;4:1447.277780677433;4345:1449.321260677433;7330:1450.524260677433;7562:1458.358100677433;7316:1465.753100677433;7531:1473.3080606774329;2802:1480.523540677433;2977:1483.525768574321
1,1,default_vehtype,route,False,1500.0,1537.5180435490054,2988;-1;-1,2989;-1;-1,366.3228098138172,0.6914600927252612,0.6914234604442798,0.0,,0,,0,,,2988;3447;3721;5333;251;2711;3358;2296;5495;5696;3307;3987;6878;2989,2988:1500;3447:1501.539512442979;3721:1504.569200442979;5333:1505.560640442979;251:1506.308216442979;2711:1507.446032442979;3358:1509.661040442979;2296:1517.9620404429788;5495:1518.1788804429789;5696:1518.9416004429788;3307:1529.680040442979;3987:1536.507200442979;6878:1537.110560442979;2989:1537.5180435490054
1,3,default_vehtype,boarding,True,1483.525768574321,1513.525768574321,2977;-1;-1,2977;-1;-1,0.0,0.9348308734542876,0.9348308734542876,0.0,,0,16,1,16,,,
1,1,default_vehtype,boarding,True,1537.5180435490054,1567.5180435490054,2989;-1;-1,2989;-1;-1,0.0,0.6914234604442798,0.6914234604442798,0.0,,0,19,1,19,,,
1,3,default_vehtype,route,False,1513.525768574321,1599.3582451126342,2977;-1;-1,2979;-1;-1,715.2706378192755,0.9348308734542876,0.9347593463905057,0.0,,0,16,1,,,2977;6202;7516;7037;7512;3274;2902;3901;7011;7336;4365;7288;1182;1001;6296;1434;3820;3877;2787;4993;6537;2979,2977:1513.525768574321;6202:1517.4188606774328;7516:1518.2799806774328;7037:1525.5919406774328;7512:1532.8253006774328;3274:1544.1713006774328;2902:1544.2829006774327;3901:1544.7509006774328;7011:1546.731860677433;7336:1549.639340677433;4365:1557.220460677433;7288:1558.343660677433;1182:1559.260580677433;1001:1564.551740677433;6296:1566.911060677433;1434:1572.870140677433;3820:1577.978780677433;3877:1579.886660677433;2787:1588.679180677433;4993:1589.728220677433;6537:1595.528060677433;2979:1599.3582451126342
1,4,default_vehtype,boarding,True,1560.0,1590.0,2981;-1;-1,2981;-1;-1,0.0,0.9627983191463305,0.9627983191463305,0.0,,0,20,1,20,,,
1,3,default_vehtype,boarding,True,1599.3582451126342,1629.3582451126342,2979;-1;-1,2979;-1;-1,0.0,0.9347593463905057,0.9347593463905057,0.0,,0,16,1,,16,,
1,4,default_vehtype,route,False,1590.0,1626.1792404322039,2981;-1;-1,2979;-1;-1,176.13052741122,0.9627983191463305,0.9627807060935893,0.0,,0,20,1,,,2981;6320;7278;2411;6281;2286;2287;6538;2979,2981:1590;6320:1593.373118854145;7278:1596.891878854145;2411:1602.726998854145;6281:1607.7711131398594;2286:1612.5380274255738;2287:1617.3049417112882;6538:1622.3490559970026;2979:1626.1792404322039
1,4,default_vehtype,boarding,True,1626.1792404322039,1656.1792404322039,2979;-1;-1,2979;-1;-1,0.0,0.9627807060935893,0.9627807060935893,0.0,,0,20,1,,20,,
1,0,default_vehtype,route,False,1620.0,1699.0893941591173,2981;-1;-1,2978;-1;-1,682.0646846593123,0.9158090808175133,0.9157408743490474,0.0,,0,,0,,,2981;6320;3549;6384;4032;1804;4277;5239;6501;3911;5389;7301;918;3075;7097;7290;2736;1744;1164;2789;1182;2978,2981:1620;6320:1623.373118854145;3549:1629.0103588541451;6384:1629.272198854145;4032:1632.493838854145;1804:1633.409750854145;4277:1634.997830854145;5239:1640.502470854145;6501:1646.465030854145;3911:1655.819870854145;5389:1656.885710854145;7301:1657.139630854145;918:1658.2817908541451;3075:1666.154750854145;7097:1667.004110854145;7290:1672.806230854145;2736:1681.524710854145;1744:1682.979950854145;1164:1694.088470854145;2789:1695.5002708541451;1182:1696.417190854145;2978:1699.0893941591173
1,0,default_vehtype,boarding,True,1699.0893941591173,1729.0893941591173,2978;-1;-1,2978;-1;-1,0.0,0.9157408743490474,0.9157408743490474,0.0,,0,21,1,21,,,
1,1,default_vehtype,route,False,1567.5180435490054,1694.4851996988916,2989;-1;-1,2975;-1;-1,1557.616034582387,0.6914234604442798,0.6912676988408216,0.0,,0,19,1,,,2989;3808;6876;885;316;2042;1982;6306;374;7114;3246;5330;661;445;6080;7381;364;3029;3886;5711;6045;2157;4817;456;5901;7605;2830;5852;6913;1321;597;2204;6066;6049;7367;2188;2186;5744;6033;5746;6031;146;2828;2376;3091;4274;880;3109;3874;2975,2989:1567.5180435490054;3808:1568.178560442979;6876:1569.246560442979;885:1569.849920442979;316:1576.677080442979;2042:1587.4155204429792;1982:1588.1782404429791;6306:1588.3950804429792;374:1596.696080442979;7114:1598.911088442979;3246:1600.048904442979;5330:1600.796480442979;661:1601.787920442979;445:1604.817608442979;6080:1607.641016442979;7381:1608.049904442979;364:1608.485288442979;3029:1610.509496442979;3886:1611.007520442979;5711:1613.5471044429792;6045:1614.9413844429791;2157:1619.129912442979;4817:1619.606696442979;456:1620.221576442979;5901:1620.9771444429791;7605:1624.4488404429792;2830:1624.6782324429792;5852:1631.2049604429792;6913:1633.1013684429793;1321:1638.2498004429792;597:1638.7126884429792;2204:1640.2699764429792;6066:1640.9156724429793;6049:1645.1420004429792;7367:1647.4155444429791;2188:1654.0787124429792;2186:1655.3549844429792;5744:1657.3704084429792;6033:1658.739848442979;5746:1660.6632564429792;6031:1662.1548804429792;146:1663.1160084429791;2828:1664.207816442979;2376:1669.709696442979;3091:1683.031424442979;4274:1684.174352442979;880:1684.765688442979;3109:1686.6162324429788;3874:1692.4805124429788;2975:1694.4851996988916
1,1,default_vehtype,boarding,True,1694.4851996988916,1724.4851996988916,2975;-1;-1,2975;-1;-1,0.0,0.6912676988408216,0.6912676988408216,0.0,,0,19,1,,19,,
1,0,default_vehtype,route,False,1729.0893941591173,1766.5148552893463,2978;-1;-1,2979;-1;-1,311.87884275190765,0.9157408743490474,0.9157096864647721,0.0,,0,21,1,,,2978;4103;6297;1434;3820;3877;2787;4993;6537;2979,2978:1729.0893941591173;4103:1731.708350854145;6297:1734.067670854145;1434:1740.0267508541451;3820:1745.135390854145;3877:1747.043270854145;2787:1755.835790854145;4993:1756.884830854145;6537:1762.684670854145;2979:1766.5148552893463
1,0,default_vehtype,boarding,True,1766.5148552893463,1796.5148552893463,2979;-1;-1,2979;-1;-1,0.0,0.9157096864647721,0.9157096864647721,0.0,,0,21,1,,21,,
1,1,default_vehtype,route,False,1724.4851996988916,1754.8232218081437,2975;-1;-1,2985;-1;-1,265.3019029391286,0.6912676988408216,0.6912411686505276,0.0,,0,,0,,,2975;1166;793;118;3979;2985,2975:1724.4851996988916;1166:1734.5960724429788;793:1746.7116324429787;118:1752.5759124429787;3979:1754.4264564429786;2985:1754.8232218081437
1,1,default_vehtype,boarding,True,1754.8232218081437,1784.8232218081437,2985;-1;-1,2985;-1;-1,0.0,0.6912411686505276,0.6912411686505276,0.0,,0,22,1,22,,,
1,1,default_vehtype,route,False,1784.8232218081437,1914.4799050975535,2985;-1;-1,2982;-1;-1,1095.1193087163879,0.6912411686505276,0.6911316567196559,0.0,,0,22,1,,,2985;1140;880;3109;3874;4306;429;3125;3406;2825;1944;130;99;4526;714;2800;4339;2419;5404;5421;1925;1883;926;925;5399;1905;830;2795;918;3075;7097;7290;2736;1744;1164;2789;1218;2982,2985:1784.8232218081437;1140:1785.0177924429786;880:1785.6091284429785;3109:1787.4596724429784;3874:1793.3239524429785;4306:1805.4395124429784;429:1806.8418324429783;3125:1808.0953524429783;3406:1820.4497124429784;2825:1822.9194324429784;1944:1824.2307924429783;130:1826.6184324429782;99:1827.0986724429783;4526:1835.5082724429783;714:1838.3051124429783;2800:1840.3115124429783;4339:1841.8052724429783;2419:1846.4143524429783;5404:1850.6412324429782;5421:1851.746552442978;1925:1851.889832442978;1883:1852.9271124429781;926:1857.179672442978;925:1860.123992442978;5399:1869.4287924429782;1905:1870.7553924429783;830:1871.9322324429784;2795:1873.1159124429785;918:1874.2580724429786;3075:1882.1310324429785;7097:1882.9803924429784;7290:1888.7825124429785;2736:1897.5009924429785;1744:1898.9562324429785;1164:1910.0647524429785;2789:1911.4765524429786;1218:1912.5997524429786;2982:1914.4799050975535
1,3,default_vehtype,route,False,1680.0,1896.9686914437157,2979;-1;-1,2990;-1;-1,1831.0588286976283,0.9347593463905057,0.934576240507636,0.0,,0,,0,,,2979;2786;2307;3549;6384;4032;1804;4277;5239;6501;3911;5389;7301;3914;5398;5400;4040;4041;5374;5418;5424;5403;6546;1200;7312;4332;799;3653;3825;7127;3766;3988;553;7132;7191;3566;4337;7134;6667;6711;1807;1653;6829;4349;4937;669;5061;7265;3848;534;2839;5449;2990,2979:1680;2786:1682.0049355647989;2307:1685.5236955647988;3549:1691.1609355647988;6384:1691.4227755647987;4032:1694.6444155647987;1804:1695.5603275647986;4277:1697.1484075647986;5239:1702.6530475647987;6501:1708.6156075647987;3911:1717.9704475647986;5389:1719.0362875647986;7301:1719.2902075647987;3914:1720.4738875647988;5398:1721.650727564799;5400:1722.977327564799;4040:1732.2821275647989;4041:1735.226447564799;5374:1739.4790075647988;5418:1740.5162875647989;5424:1740.6595675647989;5403:1741.7648875647988;6546:1745.9917675647987;1200:1750.6008475647986;7312:1752.0946075647987;4332:1752.9102475647987;799:1754.0911675647988;3653:1758.6874075647988;3825:1759.9360075647987;7127:1803.4961275647988;3766:1804.433327564799;3988:1808.1689275647989;553:1808.627207564799;7132:1818.506087564799;7191:1826.463287564799;3566:1828.292447564799;4337:1832.790647564799;7134:1833.890687564799;6667:1841.822807564799;6711:1857.682367564799;1807:1859.6095675647991;1653:1865.4134875647992;6829:1866.1864075647993;4349:1866.7352875647994;4937:1871.1048475647995;669:1881.4122475647994;5061:1887.2206075647994;7265:1888.0038475647993;3848:1888.9784875647993;534:1893.0234475647992;2839:1894.3820875647991;5449:1895.581127564799;2990:1896.9686914437157
1,1,default_vehtype,boarding,True,1914.4799050975535,1944.4799050975535,2982;-1;-1,2982;-1;-1,0.0,0.6911316567196559,0.6911316567196559,0,,0,22,1,,22,,
1,3,default_vehtype,boarding,True,1896.9686914437157,1926.9686914437157,2990;-1;-1,2990;-1;-1,0.0,0.934576240507636,0.934576240507636,0,,0,25,1,25,,,
1,3,default_vehtype,route,False,1926.9686914437157,2151.7138002193738,2990;-1;-1,2982;-1;-1,1872.8759064638186,0.934576240507636,0.9343889529169896,0.0,,0,25,1,,,2990;2552;1946;7401;3551;3849;7263;5060;3728;4936;1207;2554;4974;5249;6709;2464;7135;1193;552;2755;7131;3567;888;712;2718;754;611;1812;1186;7311;4339;2419;5404;5421;1925;1883;926;925;5399;1905;830;2795;918;3075;7097;7290;2736;1744;1164;2789;1218;2982,2990:1926.9686914437157;2552:1929.834407564799;1946:1934.087687564799;7401:1935.2867275647989;3551:1936.6453675647988;3849:1940.6903275647987;7263:1941.6649675647986;5060:1942.4482075647986;3728:1948.2565675647986;4936:1958.5639675647985;1207:1962.9335275647986;2554:1963.4824075647987;4974:1964.2553275647988;5249:1970.0592475647989;6709:1971.986447564799;2464:1987.846007564799;7135:1995.778127564799;1193:1996.878167564799;552:2001.376367564799;2755:2003.205527564799;7131:2011.162727564799;3567:2021.041607564799;888:2021.499887564799;712:2025.235487564799;2718:2026.1726875647992;754:2069.7328075647993;611:2070.981407564799;1812:2075.552567564799;1186:2076.729767564799;7311:2077.545407564799;4339:2079.039167564799;2419:2083.648247564799;5404:2087.875127564799;5421:2088.9804475647993;1925:2089.123727564799;1883:2090.161007564799;926:2094.413567564799;925:2097.357887564799;5399:2106.662687564799;1905:2107.989287564799;830:2109.166127564799;2795:2110.349807564799;918:2111.491967564799;3075:2119.364927564799;7097:2120.214287564799;7290:2126.016407564799;2736:2134.734887564799;1744:2136.190127564799;1164:2147.298647564799;2789:2148.710447564799;1218:2149.833647564799;2982:2151.7138002193738
1,3,default_vehtype,boarding,True,2151.7138002193738,2181.7138002193738,2982;-1;-1,2982;-1;-1,0.0,0.9343889529169896,0.9343889529169896,0.0,,0,25,1,,25,,
1,4,default_vehtype,route,False,2160.0,2191.5525995677963,2979;-1;-1,2981;-1;-1,147.12347258878,0.9627807060935893,0.9627659937463304,0.0,,0,,0,,,2979;2786;2307;3549;3552;536;535;533;2981,2979:2160;2786:2162.004935564799;2307:2165.523695564799;3549:2171.160935564799;3552:2176.390192707656;536:2180.22470699337;535:2184.0592212790843;533:2189.2884784219414;2981:2191.5525995677963
1,4,default_vehtype,boarding,True,2191.5525995677963,2221.5525995677963,2981;-1;-1,2981;-1;-1,0.0,0.9627659937463304,0.9627659937463304,0,,0,29,1,29,,,
1,4,default_vehtype,route,False,2221.5525995677963,2356.6281570512815,2981;-1;-1,2976;-1;-1,1148.6160456957073,0.9627659937463304,0.9626511321417609,0.0,,0,29,1,,,2981;6320;3549;6384;4032;1804;4277;5239;6501;3911;5389;7301;3914;5398;5400;4040;4041;5374;5418;5424;5403;6546;1200;7312;3767;4527;3089;3131;5447;7352;414;122;3426;4314;68;7318;7325;3011;4;4345;7330;2976,2981:2221.5525995677963;6320:2224.9257184219414;3549:2230.5629584219414;6384:2230.8247984219415;4032:2234.0464384219417;1804:2234.9623504219417;4277:2236.5504304219417;5239:2242.0550704219418;6501:2248.0176304219417;3911:2257.3724704219417;5389:2258.438310421942;7301:2258.692230421942;3914:2259.875910421942;5398:2261.052750421942;5400:2262.379350421942;4040:2271.684150421942;4041:2274.628470421942;5374:2278.881030421942;5418:2279.918310421942;5424:2280.0615904219417;5403:2281.166910421942;6546:2285.393790421942;1200:2290.002870421942;7312:2291.496630421942;3767:2293.503030421942;4527:2296.299870421942;3089:2304.709470421942;3131:2305.189710421942;5447:2307.577350421942;7352:2308.888710421942;414:2311.358430421942;122:2323.712790421942;3426:2324.966310421942;4314:2326.149270421942;68:2331.747630421942;7318:2338.415670421942;7325:2341.742430421942;3011:2345.753070421942;4:2350.538190421942;4345:2352.581670421942;7330:2353.784670421942;2976:2356.6281570512815
1,4,default_vehtype,boarding,True,2356.6281570512815,2386.6281570512815,2976;-1;-1,2976;-1;-1,0.0,0.9626511321417609,0.9626511321417609,0.0,,0,29,1,,29,,
1,0,default_vehtype,route,False,2460,2671.592784029854,2979;-1;-1,2992;-1;-1,2790.388802832414,0.9157096864647721,0.915430647584489,0.0,,0,,0,,,2979;2786;2307;3549;6384;4032;1804;4811;5237;608;459;2416;4011;5246;363;366;2314;2877;1748;2880;906;984;2268;1857;1806;1371;938;5442;4054;2205;1369;2047;3631;4079;4572;4577;778;3636;3639;3642;7178;5275;5297;5072;1464;2847;5825;4587;5794;3202;2065;2023;4203;537;18;5629;1068;2559;6740;1717;2067;2063;1937;2992,2979:2460;2786:2462.004935564799;2307:2465.523695564799;3549:2471.160935564799;6384:2471.422775564799;4032:2474.644415564799;1804:2475.560327564799;4811:2477.242967564799;5237:2481.983447564799;608:2490.849527564799;459:2491.179287564799;2416:2493.392927564799;4011:2494.0570555647987;5246:2499.982223564799;363:2506.890911564799;366:2508.295991564799;2314:2509.4408635647987;2877:2522.6119675647988;1748:2523.7304875647988;2880:2524.8922795647986;906:2537.1175915647987;984:2539.8872875647985;2268:2540.6351515647984;1857:2541.0210715647986;1806:2541.6832555647984;1371:2542.3534315647985;938:2544.9345595647983;5442:2554.6552075647983;4054:2562.295199564798;2205:2568.0476395647984;1369:2574.4937995647983;2047:2575.4368555647984;3631:2576.9996875647985;4079:2578.0669435647983;4572:2581.8653755647983;4577:2583.5980555647984;778:2587.9043755647986;3636:2588.9077675647986;3639:2589.760895564799;3642:2590.824479564799;7178:2594.4028795647987;5275:2598.912167564799;5297:2602.290983564799;5072:2602.5212395647986;1464:2609.4617515647988;2847:2610.532463564799;5825:2613.431111564799;4587:2615.7114235647987;5794:2617.3315675647987;3202:2621.452919564799;2065:2626.597175564799;2023:2632.155503564799;4203:2632.956287564799;537:2633.910287564799;18:2639.777855564799;5629:2645.627279564799;1068:2648.1796795647992;2559:2655.2302795647993;6740:2659.7009035647993;1717:2665.5346315647994;2067:2666.2724155647993;2063:2666.9886715647995;1937:2670.2586235647996;2992:2671.592784029854
1,0,default_vehtype,boarding,True,2671.592784029854,2701.592784029854,2992;-1;-1,2992;-1;-1,0.0,0.915430647584489,0.915430647584489,0,,0,33,1,33,,,
1,4,default_vehtype,route,False,2700.0,2884.5639171876655,2976;-1;-1,2972;-1;-1,2043.1305057059733,0.9626511321417609,0.9624468190911902,0.0,,0,,0,,,2976;7557;2806;4344;2996;3013;7322;2804;3061;1173;3425;4304;793;118;3979;4275;103;6480;7360;3154;6028;5745;6035;5743;6038;6041;7365;6050;6068;6077;3629;4502;6912;2108;7370;7608;5900;3459;4818;5992;6047;5708;3884;3030;3347;7376;2207;3446;3720;5332;251;2711;3358;2296;5681;2294;2035;6308;374;7114;3246;5330;661;445;2972,2976:2700;7557:2704.99035337066;2806:2712.82419337066;4344:2714.02719337066;2996:2716.0706733706597;3013:2720.8557933706597;7322:2724.8664333706597;2804:2728.1931933706596;3061:2734.8612333706596;1173:2740.4595933706596;3425:2741.6425533706597;4304:2743.04487337066;793:2755.16043337066;118:2761.02471337066;3979:2762.8752573706597;4275:2763.4665933706597;103:2764.60952137066;6480:2777.9312493706598;7360:2783.4331293706596;3154:2784.5249373706597;6028:2785.4860653706596;5745:2786.9776893706594;6035:2788.9010973706595;5743:2790.2705373706594;6038:2792.2859613706596;6041:2793.5622333706597;7365:2800.2254013706597;6050:2802.49894537066;6068:2806.72527337066;6077:2807.37096937066;3629:2808.92825737066;4502:2809.39114537066;6912:2814.53957737066;2108:2816.43598537066;7370:2822.96271337066;7608:2823.19210537066;5900:2826.66380137066;3459:2827.41936937066;4818:2828.0342493706603;5992:2828.5110333706602;6047:2832.6995613706604;5708:2834.0938413706604;3884:2836.6334253706605;3030:2837.1314493706604;3347:2839.1556573706603;7376:2839.59104137066;2207:2839.99992937066;3446:2842.8233373706603;3720:2845.8530253706604;5332:2846.84446537066;251:2847.5920413706604;2711:2848.7298573706603;3358:2850.9448653706604;2296:2859.2458653706603;5681:2861.63986537066;2294:2862.971351084946;2035:2864.302836799232;6308:2866.6968367992317;374:2874.9978367992317;7114:2877.212844799232;3246:2878.3506607992317;5330:2879.098236799232;661:2880.0896767992317;445:2883.119364799232;2972:2884.5639171876655
1,4,default_vehtype,boarding,True,2884.5639171876655,2914.5639171876655,2972;-1;-1,2972;-1;-1,0.0,0.9624468190911902,0.9624468190911902,0.0,,0,36,1,36,,,
1,0,default_vehtype,route,False,2701.592784029854,2984.179954947197,2992;-1;-1,2986;-1;-1,3048.0671516297666,0.915430647584489,0.915125840869326,0.0,,0,33,1,,,2992;2526;5444;1716;2720;4210;1711;98;2497;7434;2760;542;1074;4204;5649;5760;205;5793;1407;5826;7411;4686;5074;5295;5274;7181;604;603;1365;2574;7139;1693;1114;5299;7129;754;611;1812;1186;7311;3767;4527;3089;3131;5447;7352;414;122;3426;4305;793;118;3979;4275;103;6480;7360;2986,2992:2701.592784029854;2526:2710.7950315647995;5444:2721.3314395647994;1716:2724.1217995647994;2720:2724.8684395647992;4210:2725.766711564799;1711:2726.896391564799;98:2735.512199564799;2497:2737.022831564799;7434:2744.230679564799;2760:2750.769215564799;542:2758.297319564799;1074:2759.230727564799;4204:2760.212375564799;5649:2761.013159564799;5760:2766.571487564799;205:2771.715743564799;5793:2775.8370955647993;1407:2777.4572395647992;5826:2779.737551564799;7411:2782.636199564799;4686:2783.706911564799;5074:2790.6474235647993;5295:2790.877679564799;5274:2794.256495564799;7181:2798.765783564799;604:2802.344183564799;603:2803.407767564799;1365:2805.349487564799;2574:2816.857367564799;7139:2823.123767564799;1693:2824.762367564799;1114:2841.1028875647994;5299:2855.6480875647994;7129:2856.9990475647996;754:2900.5591675647997;611:2901.8077675647996;1812:2906.3789275647996;1186:2907.5561275647997;7311:2908.3717675647995;3767:2910.3781675647997;4527:2913.1750075647997;3089:2921.5846075647996;3131:2922.0648475647995;5447:2924.4524875647994;7352:2925.7638475647996;414:2928.2335675647996;122:2940.5879275647994;3426:2941.8414475647996;4305:2943.2437675648;793:2955.3593275648;118:2961.2236075647997;3979:2963.0741515647996;4275:2963.6654875647996;103:2964.8084155648;6480:2978.1301435647997;7360:2983.6320235647995;2986:2984.179954947197
1,0,default_vehtype,boarding,True,2984.179954947197,3014.179954947197,2986;-1;-1,2986;-1;-1,0.0,0.915125840869326,0.915125840869326,0,,0,33,1,,33,,
1,0,default_vehtype,boarding,True,3060.0,3090.0,2986;-1;-1,2986;-1;-1,0.0,0.915125840869326,0.915125840869326,0.0,,0,42,1,42,,,
1,4,default_vehtype,route,False,2914.5639171876655,3061.6752410215386,2972;-1;-1,2985;-1;-1,1272.6774024545982,0.9624468190911902,0.9623195513509448,0.0,,0,36,1,,,2972;6079;7380;364;3029;3886;5711;6045;2157;4817;456;5901;7605;2830;5852;6913;1321;597;2204;6066;6049;7367;2188;2186;5744;6033;5746;6031;146;2828;2376;3091;4274;880;3109;114;5021;1108;1680;3103;3110;3980;2985,2972:2914.5639171876655;6079:2915.9427727992315;7380:2916.3516607992315;364:2916.7870447992314;3029:2918.811252799231;3886:2919.309276799231;5711:2921.8488607992313;6045:2923.2431407992312;2157:2927.4316687992314;4817:2927.9084527992313;456:2928.5233327992314;5901:2929.2789007992315;7605:2932.7505967992315;2830:2932.9799887992317;5852:2939.5067167992315;6913:2941.4031247992316;1321:2946.5515567992315;597:2947.0144447992316;2204:2948.5717327992315;6066:2949.2174287992316;6049:2953.443756799232;7367:2955.717300799232;2188:2962.380468799232;2186:2963.656740799232;5744:2965.672164799232;6033:2967.041604799232;5746:2968.965012799232;6031:2970.456636799232;146:2971.417764799232;2828:2972.509572799232;2376:2978.011452799232;3091:2991.3331807992317;4274:2992.476108799232;880:2993.067444799232;3109:2994.917988799232;114:2999.730160227803;5021:3002.1035887992316;1108:3027.172960227803;1680:3052.242331656374;3103:3054.6157602278026;3110:3059.427931656374;3980:3061.2784756563738;2985:3061.6752410215386
1,4,default_vehtype,boarding,True,3061.6752410215386,3091.6752410215386,2985;-1;-1,2985;-1;-1,0.0,0.9623195513509448,0.9623195513509448,0.0,,0,36,1,,36,,
1,2,default_vehtype,route,False,2880.0,3139.456926629284,2980;-1;-1,2992;-1;-1,2689.886005111758,0.7723141524921924,0.7720451638916812,0.0,,0,,0,,,2980;914;2135;1730;2664;2579;2961;2407;2581;370;361;2874;1887;1805;363;366;2314;2877;1748;2880;906;984;2268;1857;1806;1371;938;5442;4054;2205;1369;2047;3631;4079;4572;4577;778;3636;3639;3642;7178;5275;5297;5072;1464;2847;5825;4587;5794;3202;2065;2023;4203;537;18;5629;1068;2559;6740;1717;2067;2063;1937;2992,2980:2880;914:2895.8821707356574;2135:2903.8330278785147;1730:2919.2893707356575;2664:2921.1114850213717;2579:2925.9874278785146;2961:2942.7582850213716;2407:2948.0070850213715;2581:2956.494342164229;370:2958.077190164229;361:2960.574294164229;2874:2961.160302164229;1887:2966.815686164229;1805:2967.846366164229;363:2974.755054164229;366:2976.160134164229;2314:2977.305006164229;2877:2990.476110164229;1748:2991.594630164229;2880:2992.7564221642288;906:3004.981734164229;984:3007.7514301642286;2268:3008.4992941642286;1857:3008.8852141642287;1806:3009.5473981642285;1371:3010.2175741642286;938:3012.7987021642284;5442:3022.5193501642284;4054:3030.1593421642283;2205:3035.9117821642285;1369:3042.3579421642285;2047:3043.3009981642285;3631:3044.8638301642286;4079:3045.9310861642284;4572:3049.7295181642285;4577:3051.4621981642285;778:3055.7685181642287;3636:3056.7719101642288;3639:3057.625038164229;3642:3058.688622164229;7178:3062.267022164229;5275:3066.776310164229;5297:3070.155126164229;5072:3070.3853821642288;1464:3077.325894164229;2847:3078.396606164229;5825:3081.295254164229;4587:3083.575566164229;5794:3085.195710164229;3202:3089.317062164229;2065:3094.461318164229;2023:3100.019646164229;4203:3100.820430164229;537:3101.774430164229;18:3107.6419981642293;5629:3113.4914221642293;1068:3116.0438221642294;2559:3123.0944221642294;6740:3127.5650461642294;1717:3133.3987741642295;2067:3134.1365581642294;2063:3134.8528141642296;1937:3138.1227661642297;2992:3139.456926629284
1,2,default_vehtype,boarding,True,3139.456926629284,3169.456926629284,2992;-1;-1,2992;-1;-1,0.0,0.7720451638916812,0.7720451638916812,0.0,,0,39,1,39,,,
1,4,default_vehtype,route,False,3091.6752410215386,3167.3933883457103,2985;-1;-1,2973;-1;-1,1051.6409350579365,0.9623195513509448,0.962214387257439,0.0,,0,,0,,,2985;1140;103;6480;7360;3154;6028;5745;6035;5743;6038;6041;7365;6050;6068;6077;3629;4502;6912;2108;7370;1420;1084;2973,2985:3091.6752410215386;1140:3091.8698116563737;103:3093.012739656374;6480:3106.334467656374;7360:3111.8363476563736;3154:3112.9281556563737;6028:3113.8892836563737;5745:3115.3809076563734;6035:3117.3043156563735;5743:3118.6737556563735;6038:3120.6891796563737;6041:3121.9654516563737;7365:3128.6286196563738;6050:3130.902163656374;6068:3135.128491656374;6077:3135.774187656374;3629:3137.331475656374;4502:3137.794363656374;6912:3142.942795656374;2108:3144.839203656374;7370:3151.365931656374;1420:3163.071043656374;1084:3166.606027656374;2973:3167.3933883457103
1,2,default_vehtype,route,False,3169.456926629284,3206.474255158027,2992;-1;-1,2967;-1;-1,371.725848613485,0.7720451638916812,0.7720079913068199,0.0,,0,39,1,,,2992;2526;3895;5465;7450;1719;3469;470;469;5079;7447;1960;2967,2992:3169.456926629284;2526:3178.6591741642296;3895:3179.9261581642295;5465:3187.4580781642294;7450:3188.4423181642296;1719:3189.2589421642297;3469:3190.2788941642298;470:3196.2399798785154;469:3202.201065592801;5079:3203.221017592801;7447:3204.0376415928013;1960:3205.0218815928015;2967:3206.474255158027
1,2,default_vehtype,boarding,True,3206.474255158027,3236.474255158027,2967;-1;-1,2967;-1;-1,0.0,0.7720079913068199,0.7720079913068199,0.0,,0,39;44,2,44,,,
1,4,default_vehtype,boarding,True,3167.3933883457103,3197.3933883457103,2973;-1;-1,2973;-1;-1,0.0,0.962214387257439,0.962214387257439,0.0,,0,43,1,43,,,
1,0,default_vehtype,route,False,3090,3298.5752713127613,2986;-1;-1,2970;-1;-1,2037.3895405612639,0.915125840869326,0.9149221019152699,0.0,,0,42,1,,,2986;3155;6029;5745;6035;5743;6038;6041;7365;6050;6068;6077;3629;4502;6912;2108;7370;7608;5900;3459;4818;5992;6047;5708;3884;3030;3347;7376;2207;3446;3720;5332;251;2711;3358;2296;5495;5696;3307;3987;6878;746;2834;2045;2835;2641;7396;2616;486;2838;3722;3732;544;7400;5449;6824;4848;1631;1593;6821;1946;7401;3560;2970,2986:3090;3155:3090.543876617602;6029:3091.505004617602;5745:3092.996628617602;6035:3094.920036617602;5743:3096.289476617602;6038:3098.304900617602;6041:3099.581172617602;7365:3106.244340617602;6050:3108.5178846176022;6068:3112.7442126176024;6077:3113.3899086176025;3629:3114.9471966176025;4502:3115.4100846176025;6912:3120.5585166176024;2108:3122.4549246176025;7370:3128.9816526176023;7608:3129.2110446176025;5900:3132.6827406176026;3459:3133.4383086176026;4818:3134.0531886176027;5992:3134.5299726176027;6047:3138.718500617603;5708:3140.1127806176028;3884:3142.652364617603;3030:3143.150388617603;3347:3145.1745966176027;7376:3145.6099806176026;2207:3146.0188686176025;3446:3148.8422766176027;3720:3151.8719646176028;5332:3152.8634046176026;251:3153.6109806176028;2711:3154.7487966176027;3358:3156.963804617603;2296:3165.2648046176027;5495:3165.481644617603;5696:3166.244364617603;3307:3176.982804617603;3987:3183.809964617603;6878:3184.413324617603;746:3185.481324617603;2834:3189.5457246176034;2045:3204.083964617603;2835:3206.4490446176032;2641:3215.6601246176033;7396:3216.2544846176033;2616:3221.6160846176035;486:3222.5278446176035;2838:3228.8525646176035;3722:3232.3718046176036;3732:3254.8215246176037;544:3257.5110846176035;7400:3258.5866446176037;5449:3259.7856846176037;6824:3264.0389646176036;4848:3271.5192846176037;1631:3277.213456046175;1593:3282.9076274747463;6821:3290.3879474747464;1946:3294.6412274747463;7401:3295.8402674747463;3560:3296.9158274747465;2970:3298.5752713127613
1,0,default_vehtype,boarding,True,3298.5752713127613,3328.5752713127613,2970;-1;-1,2970;-1;-1,0.0,0.9149221019152699,0.9149221019152699,0,,0,42,1,,42,,
1,4,default_vehtype,route,False,3197.3933883457103,3387.192446961347,2973;-1;-1,2978;-1;-1,1927.1757957450964,0.962214387257439,0.9620216696778645,0.0,,0,43,1,,,2973;7354;3525;6025;3063;6027;7362;2188;2186;5744;6033;5746;6031;146;2828;2376;3091;4274;880;3109;3874;4306;429;3125;3406;2825;1944;130;99;4526;714;2800;4339;2419;5404;5421;1925;1883;926;925;5399;1905;830;2795;918;3075;7097;7290;2736;1744;1164;2789;1182;2978,2973:3197.3933883457103;7354:3201.190555656374;3525:3212.0693956563737;6025:3213.810859656374;3063:3215.075539656374;6027:3216.3775156563743;7362:3220.3857556563744;2188:3227.0489236563744;2186:3228.3251956563745;5744:3230.3406196563747;6033:3231.7100596563746;5746:3233.6334676563747;6031:3235.1250916563745;146:3236.0862196563744;2828:3237.1780276563745;2376:3242.6799076563743;3091:3256.001635656374;4274:3257.1445636563744;880:3257.7358996563744;3109:3259.5864436563743;3874:3265.450723656374;4306:3277.5662836563743;429:3278.9686036563744;3125:3280.2221236563746;3406:3292.5764836563744;2825:3295.0462036563745;1944:3296.3575636563746;130:3298.7452036563745;99:3299.2254436563744;4526:3307.6350436563744;714:3310.4318836563743;2800:3312.4382836563746;4339:3313.9320436563744;2419:3318.5411236563746;5404:3322.7680036563747;5421:3323.873323656375;1925:3324.0166036563746;1883:3325.0538836563746;926:3329.3064436563745;925:3332.2507636563746;5399:3341.5555636563745;1905:3342.8821636563744;830:3344.0590036563744;2795:3345.2426836563745;918:3346.3848436563744;3075:3354.2578036563746;7097:3355.1071636563747;7290:3360.9092836563746;2736:3369.6277636563746;1744:3371.0830036563743;1164:3382.1915236563746;2789:3383.6033236563744;1182:3384.5202436563745;2978:3387.192446961347
1,4,default_vehtype,boarding,True,3387.192446961347,3417.192446961347,2978;-1;-1,2978;-1;-1,0.0,0.9620216696778645,0.9620216696778645,0.0,,0,43,1,,43,,
1,2,default_vehtype,route,False,3236.474255158027,3456.8530507386567,2967;-1;-1,2981;-1;-1,2961.6368211428803,0.7720079913068199,0.7717118276247056,0.0,,0,39;44,2,,,2967;3896;6788;5444;1716;2720;4210;1711;98;2497;7434;2760;542;1074;4204;5649;5760;205;5793;1407;5826;7411;4686;5074;5295;5274;7181;604;603;602;3851;4573;1400;971;598;1368;591;585;940;1370;939;1903;983;3921;840;2881;5099;2878;1735;2581;370;361;2874;1887;4059;910;6541;3462;3648;2851;2850;1801;1560;5242;922;6385;3550;2981,2967:3236.474255158027;3896:3242.5538015928014;6788:3243.8207855928013;5444:3254.357193592801;1716:3257.147553592801;2720:3257.894193592801;4210:3258.792465592801;1711:3259.922145592801;98:3268.537953592801;2497:3270.048585592801;7434:3277.256433592801;2760:3283.794969592801;542:3291.323073592801;1074:3292.256481592801;4204:3293.2381295928008;5649:3294.038913592801;5760:3299.597241592801;205:3304.741497592801;5793:3308.862849592801;1407:3310.482993592801;5826:3312.763305592801;7411:3315.6619535928007;4686:3316.732665592801;5074:3323.673177592801;5295:3323.903433592801;5274:3327.282249592801;7181:3331.791537592801;604:3335.369937592801;603:3336.433521592801;602:3337.286649592801;3851:3338.290041592801;4573:3342.5963615928013;1400:3344.3290415928013;971:3348.1274735928014;598:3349.194729592801;1368:3350.1550655928013;591:3356.0260175928015;585:3369.1972655928016;940:3375.7771295928014;1370:3382.8037535928015;939:3383.5004255928015;1903:3384.3220175928013;983:3385.3045295928014;3921:3389.1026735928012;840:3393.6635135928013;2881:3400.2941375928012;5099:3401.4470015928014;2878:3402.5750255928015;1735:3413.5593455928015;2581:3414.8987615928013;370:3416.4816095928013;361:3418.9787135928013;2874:3419.5647215928016;1887:3425.2201055928017;4059:3427.1394095928017;910:3431.6556095928017;6541:3432.3197375928016;3462:3434.5333775928016;3648:3434.8631375928016;2851:3439.5373775928015;2850:3440.4707375928015;1801:3443.7664175928016;1560:3448.5068975928016;5242:3450.1895375928016;922:3451.1054495928015;6385:3454.3270895928017;3550:3454.588929592802;2981:3456.8530507386567
1,0,default_vehtype,route,False,3420.0,3488.9939608938275,2970;-1;-1,2971;-1;-1,574.9496741152238,0.9149221019152699,0.9148646069478584,0.0,,0,,0,,,2970;671;662;7398;3491;6933;7394;6989;7392;5704;7389;2971,2970:3420;671:3421.0301161619855;662:3443.4798361619855;7398:3446.9990761619856;3491:3453.3237961619857;6933:3454.2355561619856;7394:3459.597156161986;6989:3460.191516161986;7392:3469.402596161986;5704:3471.767676161986;7389:3486.305916161986;2971:3488.9939608938275
1,0,default_vehtype,boarding,True,3488.9939608938275,3518.9939608938275,2971;-1;-1,2971;-1;-1,0.0,0.9148646069478584,0.9148646069478584,0.0,,0,47,1,47,,,
1,2,default_vehtype,boarding,True,3456.8530507386567,3486.8530507386567,2981;-1;-1,2981;-1;-1,0.0,0.7717118276247056,0.7717118276247056,0.0,,0,39;44,2,,44,,
1,2,default_vehtype,route,False,3486.8530507386567,3539.7678022473774,2981;-1;-1,2982;-1;-1,440.9562625726669,0.7717118276247056,0.7716677319984483,0.0,,0,39,1,,,2981;6320;7278;2411;1661;7283;796;751;4635;6299;4102;4325;7285;1218;2982,2981:3486.8530507386567;6320:3490.226169592802;7278:3493.744929592802;2411:3499.580049592802;1661:3505.379889592802;7283:3506.428929592802;796:3515.221449592802;751:3517.129329592802;4635:3522.237969592802;6299:3528.197049592802;4102:3530.556369592802;4325:3535.8475295928024;7285:3536.7644495928025;1218:3537.8876495928025;2982:3539.7678022473774
1,2,default_vehtype,boarding,True,3539.7678022473774,3569.7678022473774,2982;-1;-1,2982;-1;-1,0.0,0.7716677319984483,0.7716677319984483,0,,0,39,1,,39,,
1,1,default_vehtype,route,False,3600,3647.5053019564502,2982;-1;-1,2983;-1;-1,395.8775163037552,0.6911316567196559,0.6910920689680256,0.0,,0,,0,,,2982;2809;7010;820;7498;276;2915;2661;7517;6201;7314;2983,2982:3600;2809:3605.700967345425;7010:3608.608447345425;820:3610.5894073454247;7498:3611.0574073454245;276:3611.1690073454247;2915:3622.5150073454247;2661:3629.748367345425;7517:3637.060327345425;6201:3637.921447345425;7314:3644.816767345425;2983:3647.5053019564502
1,0,default_vehtype,route,False,3518.9939608938275,3705.5652403842937,2971;-1;-1,2985;-1;-1,1654.65525730639,0.9148646069478584,0.9146991414221278,0.0,,0,47,1,,,2971;3807;6875;885;316;2042;1982;6306;374;7114;3246;5330;661;445;6080;7381;364;3029;3886;5711;6045;2157;4817;456;5901;7605;2830;5852;6913;1321;597;2204;6066;6049;7367;2188;2186;5744;6033;5746;6031;146;2828;2376;3091;4274;880;3109;114;5021;1108;1680;3103;3110;3980;2985,2971:3518.9939608938275;3807:3520.370316161986;6875:3521.438316161986;885:3522.0416761619863;316:3528.868836161986;2042:3539.607276161986;1982:3540.3699961619864;6306:3540.5868361619864;374:3548.8878361619863;7114:3551.1028441619865;3246:3552.2406601619864;5330:3552.9882361619866;661:3553.9796761619864;445:3557.0093641619865;6080:3559.8327721619867;7381:3560.2416601619866;364:3560.6770441619865;3029:3562.7012521619863;3886:3563.1992761619863;5711:3565.7388601619864;6045:3567.1331401619864;2157:3571.3216681619865;4817:3571.7984521619865;456:3572.4133321619865;5901:3573.1689001619866;7605:3576.6405961619867;2830:3576.869988161987;5852:3583.3967161619867;6913:3585.2931241619867;1321:3590.4415561619867;597:3590.9044441619867;2204:3592.4617321619867;6066:3593.1074281619867;6049:3597.333756161987;7367:3599.607300161987;2188:3606.270468161987;2186:3607.546740161987;5744:3609.5621641619873;6033:3610.9316041619873;5746:3612.8550121619874;6031:3614.346636161987;146:3615.307764161987;2828:3616.399572161987;2376:3621.901452161987;3091:3635.223180161987;4274:3636.366108161987;880:3636.957444161987;3109:3638.807988161987;114:3643.620159590558;5021:3645.9935881619867;1108:3671.062959590558;1680:3696.132331019129;3103:3698.505759590558;3110:3703.317931019129;3980:3705.168475019129;2985:3705.5652403842937
1,1,default_vehtype,boarding,True,3647.5053019564502,3677.5053019564502,2983;-1;-1,2983;-1;-1,0.0,0.6910920689680256,0.6910920689680256,0.0,,0,49,1,49,,,
1,1,default_vehtype,route,False,3677.5053019564502,3692.249955242313,2983;-1;-1,2977;-1;-1,122.87211071552242,0.6910920689680256,0.691079781756954,0.0,,0,49,1,,,2983;7527;2802;2977,2983:3677.5053019564502;7527:3682.032247345425;2802:3689.2477273454247;2977:3692.249955242313
1,0,default_vehtype,boarding,True,3705.5652403842937,3735.5652403842937,2985;-1;-1,2985;-1;-1,0.0,0.9146991414221278,0.9146991414221278,0.0,,0,47,1,,47,,
1,0,default_vehtype,route,False,3735.5652403842937,3773.2976349713763,2985;-1;-1,2974;-1;-1,422.96189307455245,0.9146991414221278,0.9146568452328204,0.0,,0,,0,,,2985;1140;103;6480;7360;3154;6028;2181;2180;146;2828;2974,2985:3735.5652403842937;1140:3735.759811019129;103:3736.902739019129;6480:3750.224467019129;7360:3755.7263470191288;3154:3756.818155019129;6028:3757.779283019129;2181:3762.011340161986;2180:3766.2433973048433;146:3767.204525304843;2828:3768.2963333048433;2974:3773.2976349713763
1,1,default_vehtype,boarding,True,3692.249955242313,3722.249955242313,2977;-1;-1,2977;-1;-1,0.0,0.691079781756954,0.691079781756954,0.0,,0,49,1,,49,,
1,0,default_vehtype,boarding,True,3773.2976349713763,3803.2976349713763,2974;-1;-1,2974;-1;-1,0.0,0.9146568452328204,0.9146568452328204,0.0,,0,50,1,50,,,
1,0,default_vehtype,route,False,3803.2976349713763,3840.0,2974;-1;-1,4502;6912;0.921,509.75506984199126,0.9146568452328204,0.9146058697258362,0.0,,0,50,1,,,2974;6479;7359;3154;6028;5745;6035;5743;6038;6041;7365;6050;6068;6077;3629;4502,2974:3803.2976349713763;6479:3803.7982133048436;7359:3809.3000933048434;3154:3810.3919013048435;6028:3811.3530293048434;5745:3812.844653304843;6035:3814.7680613048433;5743:3816.137501304843;6038:3818.1529253048434;6041:3819.4291973048435;7365:3826.0923653048435;6050:3828.3659093048436;6068:3832.592237304844;6077:3833.237933304844;3629:3834.795221304844;4502:3835.258109304844
1,0,default_vehtype,route,False,3840.0,3981.021273183762,4502;6912;0.921,2990;-1;-1,1379.6874393360256,0.9146058697258362,0.9144679009819027,0.0,,0,50,1,,,4502;6912;2108;7370;7608;5900;3459;4818;5992;6047;5708;3884;3030;3347;7376;2207;3446;3720;5332;251;2711;3358;2296;5495;5696;3307;3987;6878;746;2834;2045;2835;2641;7396;2616;486;2838;3722;3732;544;7400;5449;2990,4502:3840;6912:3840.406541304844;2108:3842.302949304844;7370:3848.8296773048437;7608:3849.059069304844;5900:3852.530765304844;3459:3853.286333304844;4818:3853.901213304844;5992:3854.377997304844;6047:3858.566525304844;5708:3859.960805304844;3884:3862.5003893048442;3030:3862.9984133048442;3347:3865.022621304844;7376:3865.458005304844;2207:3865.866893304844;3446:3868.690301304844;3720:3871.719989304844;5332:3872.711429304844;251:3873.459005304844;2711:3874.596821304844;3358:3876.811829304844;2296:3885.112829304844;5495:3885.329669304844;5696:3886.0923893048443;3307:3896.8308293048444;3987:3903.6579893048443;6878:3904.2613493048443;746:3905.3293493048445;2834:3909.3937493048447;2045:3923.9319893048446;2835:3926.2970693048446;2641:3935.5081493048447;7396:3936.1025093048447;2616:3941.464109304845;486:3942.375869304845;2838:3948.700589304845;3722:3952.219829304845;3732:3974.669549304845;544:3977.359109304845;7400:3978.434669304845;5449:3979.633709304845;2990:3981.021273183762
1,0,default_vehtype,boarding,True,3981.021273183762,4011.021273183762,2990;-1;-1,2990;-1;-1,0.0,0.9144679009819027,0.9144679009819027,0.0,,0,50;53,2,53,,,
1,0,default_vehtype,route,False,4011.021273183762,4022.0743131428603,2990;-1;-1,2970;-1;-1,92.10866632581657,0.9144679009819027,0.9144586901152701,0.0,,0,50;53,2,,,2990;2552;1946;7401;3560;2970,2990:4011.021273183762;2552:4013.8869893048454;1946:4018.1402693048453;7401:4019.3393093048453;3560:4020.4148693048455;2970:4022.0743131428603
1,0,default_vehtype,boarding,True,4022.0743131428603,4052.0743131428603,2970;-1;-1,2970;-1;-1,0.0,0.9144586901152701,0.9144586901152701,0.0,,0,50;53,2,,50,,
1,0,default_vehtype,route,False,4052.0743131428603,4262.326022450703,2970;-1;-1,2981;-1;-1,1775.083977565335,0.9144586901152701,0.9142811817175137,0.0,,0,53,1,,,2970;671;544;7400;3551;3849;7263;5060;3728;4936;1207;2554;4974;5249;6709;2464;7135;1193;552;2755;7131;3567;888;712;2718;754;611;1812;1186;7311;4339;2419;5404;5421;1925;1883;926;925;5399;1905;830;2795;1891;827;6499;1803;1141;5241;922;6385;3550;2981,2970:4052.0743131428603;671:4053.104429304846;544:4055.7939893048456;7400:4056.869549304846;3551:4058.2281893048457;3849:4062.273149304846;7263:4063.247789304846;5060:4064.031029304846;3728:4069.839389304846;4936:4080.146789304846;1207:4084.5163493048462;2554:4085.065229304846;4974:4085.838149304846;5249:4091.642069304846;6709:4093.569269304846;2464:4109.428829304846;7135:4117.360949304846;1193:4118.460989304846;552:4122.959189304846;2755:4124.788349304847;7131:4132.7455493048465;3567:4142.624429304847;888:4143.0827093048465;712:4146.8183093048465;2718:4147.755509304847;754:4191.315629304847;611:4192.564229304847;1812:4197.135389304847;1186:4198.312589304847;7311:4199.128229304847;4339:4200.621989304847;2419:4205.231069304848;5404:4209.457949304848;5421:4210.563269304847;1925:4210.706549304848;1883:4211.743829304847;926:4215.996389304847;925:4218.940709304847;5399:4228.245509304847;1905:4229.572109304847;830:4230.748949304847;2795:4231.932629304847;1891:4232.186549304847;827:4233.252389304847;6499:4242.607229304847;1803:4248.569789304847;1141:4254.074429304847;5241:4255.662509304848;922:4256.578421304848;6385:4259.800061304848;3550:4260.061901304848;2981:4262.326022450703
1,0,default_vehtype,boarding,True,4262.326022450703,4292.326022450703,2981;-1;-1,2981;-1;-1,0.0,0.9142811817175137,0.9142811817175137,0.0,,0,53,1,,53,,
1,1,default_vehtype,boarding,True,4260.0,4290.0,2977;-1;-1,2977;-1;-1,0.0,0.691079781756954,0.691079781756954,0.0,,0,54,1,54,,,
1,0,default_vehtype,route,False,4320,4356.179240432202,2981;-1;-1,2979;-1;-1,176.13052741122,0.9142811817175137,0.9142635686647725,0.0,,0,,0,,,2981;6320;7278;2411;6281;2286;2287;6538;2979,2981:4320;6320:4323.373118854145;7278:4326.891878854145;2411:4332.726998854145;6281:4337.771113139859;2286:4342.538027425573;2287:4347.304941711287;6538:4352.349055997001;2979:4356.179240432202
1,0,default_vehtype,boarding,True,4356.179240432202,4386.179240432202,2979;-1;-1,2979;-1;-1,0.0,0.9142635686647725,0.9142635686647725,0,,0,56,1,56,,,
1,0,default_vehtype,route,False,4386.179240432202,4537.938986681488,2979;-1;-1,2975;-1;-1,1224.9515235059303,0.9142635686647725,0.914141073512422,0.0,,0,56,1,,,2979;2786;2307;3549;6384;4032;1804;4277;5239;6501;3911;5389;7301;3914;5398;5400;4040;4041;5374;5418;5424;5403;6546;1200;7312;3767;4527;3089;3131;5447;7352;414;122;3426;4305;793;118;3979;4275;3068;70;73;4273;880;3109;3874;2975,2979:4386.179240432202;2786:4388.184175997001;2307:4391.702935997001;3549:4397.340175997001;6384:4397.602015997001;4032:4400.823655997001;1804:4401.739567997001;4277:4403.327647997002;5239:4408.832287997002;6501:4414.794847997002;3911:4424.149687997002;5389:4425.215527997002;7301:4425.469447997002;3914:4426.653127997002;5398:4427.829967997002;5400:4429.156567997003;4040:4438.4613679970025;4041:4441.405687997002;5374:4445.658247997002;5418:4446.695527997002;5424:4446.838807997002;5403:4447.9441279970015;6546:4452.171007997002;1200:4456.780087997002;7312:4458.273847997002;3767:4460.280247997002;4527:4463.077087997002;3089:4471.486687997002;3131:4471.966927997002;5447:4474.354567997002;7352:4475.665927997002;414:4478.135647997002;122:4490.490007997002;3426:4491.743527997002;4305:4493.145847997002;793:4505.261407997003;118:4511.125687997002;3979:4512.976231997002;4275:4513.567567997003;3068:4518.311853711289;70:4520.597853711289;73:4522.883853711289;4273:4527.628139425575;880:4528.219475425575;3109:4530.070019425575;3874:4535.934299425575;2975:4537.938986681488
1,0,default_vehtype,boarding,True,4537.938986681488,4567.938986681488,2975;-1;-1,2975;-1;-1,0.0,0.914141073512422,0.914141073512422,0.0,,0,56,1,,56,,
1,1,default_vehtype,route,False,4290.0,4580.689948568164,2977;-1;-1,2992;-1;-1,2881.7774406516896,0.691079781756954,0.6907916040128887,0.0,,0,54,1,,,2977;6202;7315;7530;2803;7558;2806;4344;2996;3013;7322;2804;3061;1173;3425;3125;3406;2825;1944;130;99;4526;714;2800;4332;799;3653;3825;7127;1836;4248;5046;7138;6879;1367;3637;3640;3643;7179;5275;5297;5072;1464;2847;5825;4587;5794;3202;2065;2023;4203;537;18;5629;1068;2559;6740;1717;2067;2063;1937;2992,2977:4290;6202:4293.8930921031115;7315:4300.788412103111;7530:4308.003892103111;2803:4315.558852103111;7558:4322.953852103112;2806:4330.787692103112;4344:4331.990692103112;2996:4334.034172103113;3013:4338.819292103112;7322:4342.829932103113;2804:4346.156692103113;3061:4352.824732103112;1173:4358.423092103112;3425:4359.606052103112;3125:4360.859572103112;3406:4373.213932103113;2825:4375.683652103113;1944:4376.9950121031125;130:4379.382652103112;99:4379.862892103112;4526:4388.272492103112;714:4391.069332103112;2800:4393.075732103112;4332:4393.891372103112;799:4395.072292103112;3653:4399.668532103112;3825:4400.917132103112;7127:4444.477252103112;1836:4445.828212103112;4248:4460.373412103111;5046:4476.713932103111;7138:4478.352532103111;6879:4484.618932103112;1367:4496.111812103111;3637:4498.004932103111;3640:4498.858060103111;3643:4499.921644103111;7179:4503.500044103112;5275:4508.009332103112;5297:4511.388148103112;5072:4511.618404103112;1464:4518.558916103112;2847:4519.629628103112;5825:4522.528276103112;4587:4524.808588103112;5794:4526.428732103112;3202:4530.550084103113;2065:4535.694340103112;2023:4541.252668103112;4203:4542.053452103112;537:4543.007452103112;18:4548.875020103112;5629:4554.724444103112;1068:4557.276844103111;2559:4564.327444103111;6740:4568.79806810311;1717:4574.63179610311;2067:4575.36958010311;2063:4576.08583610311;1937:4579.355788103109;2992:4580.689948568164
1,1,default_vehtype,boarding,True,4580.689948568164,4610.689948568164,2992;-1;-1,2992;-1;-1,0.0,0.6907916040128887,0.6907916040128887,0.0,,0,54,1,,54,,
1,0,default_vehtype,route,False,4567.938986681488,4673.99515611491,2975;-1;-1,2973;-1;-1,1316.9428379970655,0.914141073512422,0.9140093792286224,0.0,,0,,0,,,2975;1166;793;118;3979;4275;103;6480;7360;3154;6028;5745;6035;5743;6038;6041;7365;6050;6068;6077;3629;4502;6912;2108;7370;1420;1084;2973,2975:4567.938986681488;1166:4578.049859425575;793:4590.165419425575;118:4596.029699425575;3979:4597.880243425575;4275:4598.471579425575;103:4599.6145074255755;6480:4612.936235425575;7360:4618.438115425575;3154:4619.529923425575;6028:4620.491051425575;5745:4621.9826754255755;6035:4623.906083425575;5743:4625.275523425576;6038:4627.290947425576;6041:4628.567219425576;7365:4635.230387425576;6050:4637.5039314255755;6068:4641.730259425575;6077:4642.375955425575;3629:4643.933243425575;4502:4644.396131425575;6912:4649.544563425575;2108:4651.440971425574;7370:4657.967699425574;1420:4669.672811425574;1084:4673.207795425574;2973:4673.99515611491
1,4,default_vehtype,route,False,4620.0,4657.425461130228,2978;-1;-1,2979;-1;-1,311.87884275190765,0.9620216696778645,0.9619904817935894,0.0,,0,,0,,,2978;4103;6297;1434;3820;3877;2787;4993;6537;2979,2978:4620;4103:4622.618956695028;6297:4624.9782766950275;1434:4630.937356695027;3820:4636.0459966950275;3877:4637.953876695027;2787:4646.746396695027;4993:4647.795436695027;6537:4653.595276695027;2979:4657.425461130228
1,0,default_vehtype,boarding,True,4673.99515611491,4703.99515611491,2973;-1;-1,2973;-1;-1,0.0,0.9140093792286224,0.9140093792286224,0,,0,60,1,60,,,
1,4,default_vehtype,boarding,True,4657.425461130228,4687.425461130228,2979;-1;-1,2979;-1;-1,0.0,0.9619904817935894,0.9619904817935894,0,,0,61,1,61,,,
1,0,default_vehtype,route,False,4703.99515611491,4783.456102531601,2973;-1;-1,2989;-1;-1,948.8631274205472,0.9140093792286224,0.9139144929158802,0.0,,0,60,1,,,2973;7354;4225;4614;7369;7607;5900;3459;4818;5992;6047;5708;3884;3030;3347;7376;2207;3446;3720;5332;251;2711;3358;2296;5495;5696;3307;3987;6878;2989,2973:4703.99515611491;7354:4707.792323425574;4225:4712.376851425574;4614:4715.911835425574;7369:4727.616947425574;7607:4727.846339425574;5900:4731.318035425574;3459:4732.073603425573;4818:4732.688483425573;5992:4733.165267425574;6047:4737.3537954255735;5708:4738.748075425574;3884:4741.287659425574;3030:4741.7856834255745;3347:4743.809891425574;7376:4744.245275425575;2207:4744.654163425575;3446:4747.477571425575;3720:4750.507259425574;5332:4751.498699425574;251:4752.246275425574;2711:4753.384091425574;3358:4755.599099425574;2296:4763.900099425575;5495:4764.116939425575;5696:4764.879659425575;3307:4775.618099425575;3987:4782.4452594255745;6878:4783.0486194255745;2989:4783.456102531601
1,4,default_vehtype,route,False,4687.425461130228,4782.958571306049,2979;-1;-1,2983;-1;-1,796.1092514652021,0.9619904817935894,0.9619108708684428,0.0,,0,61,1,,,2979;2786;2411;1661;7283;796;751;4635;6299;4102;4325;7285;1218;7334;7010;820;7498;276;2915;2661;7517;6201;7314;2983,2979:4687.425461130228;2786:4689.4303966950265;2411:4695.265516695026;1661:4701.065356695026;7283:4702.114396695026;796:4710.906916695026;751:4712.8147966950255;4635:4717.923436695026;6299:4723.8825166950255;4102:4726.241836695025;4325:4731.532996695025;7285:4732.4499166950245;1218:4733.5731166950245;7334:4741.154236695024;7010:4744.061716695024;820:4746.042676695024;7498:4746.510676695024;276:4746.622276695024;2915:4757.968276695024;2661:4765.201636695024;7517:4772.513596695024;6201:4773.374716695023;7314:4780.270036695023;2983:4782.958571306049
1,0,default_vehtype,boarding,True,4783.456102531601,4813.456102531601,2989;-1;-1,2989;-1;-1,0.0,0.9139144929158802,0.9139144929158802,0,,0,60;63,2,63,,,
1,4,default_vehtype,boarding,True,4782.958571306049,4812.958571306049,2983;-1;-1,2983;-1;-1,0.0,0.9619108708684428,0.9619108708684428,0,,0,61,1,,61,,
1,0,default_vehtype,route,False,4813.456102531601,4936.528024473626,2989;-1;-1,2969;-1;-1,1118.2367108949693,0.9139144929158802,0.9138026692447907,0.0,,0,60;63,2,,,2989;3808;7388;2045;2835;2641;7396;2616;486;2838;3722;3732;544;7400;5449;6824;4848;3271;4846;4989;5000;337;1075;4198;336;2969,2989:4813.456102531601;3808:4814.116619425574;7388:4818.181019425574;2045:4832.719259425574;2835:4835.0843394255735;2641:4844.2954194255735;7396:4844.889779425574;2616:4850.251379425574;486:4851.163139425574;2838:4857.487859425573;3722:4861.007099425573;3732:4883.456819425573;544:4886.146379425572;7400:4887.221939425573;5449:4888.420979425573;6824:4892.674259425573;4848:4900.154579425573;3271:4905.707699425572;4846:4907.5807794255725;4989:4919.853299425573;5000:4924.612859425573;337:4932.373091425573;1075:4933.396931425573;4198:4934.378579425573;336:4935.401699425573;2969:4936.528024473626
1,0,default_vehtype,boarding,True,4936.528024473626,4966.528024473626,2969;-1;-1,2969;-1;-1,0.0,0.9138026692447907,0.9138026692447907,0.0,,0,60;63,2,,60,,
1,0,default_vehtype,route,False,4966.528024473626,5057.823460419366,2969;-1;-1,2967;-1;-1,1125.5884516273873,0.9138026692447907,0.913690110399628,0.0,,0,63,1,,,2969;7192;1664;337;1075;537;18;5629;1068;2559;6740;1717;2067;2063;1937;6789;3895;5465;7450;1719;3469;470;469;5079;7447;1960;2967,2969:4966.528024473626;7192:4970.131667425572;1664:4973.385563425572;337:4981.145795425572;1075:4982.169635425572;537:4983.123635425572;18:4988.991203425571;5629:4994.840627425571;1068:4997.393027425571;2559:5004.44362742557;6740:5008.91425142557;1717:5014.74797942557;2067:5015.4857634255695;2063:5016.202019425569;1937:5019.471971425569;6789:5030.008379425569;3895:5031.275363425569;5465:5038.807283425569;7450:5039.791523425569;1719:5040.608147425569;3469:5041.6280994255685;470:5047.589185139855;469:5053.550270854141;5079:5054.57022285414;7447:5055.3868468541405;1960:5056.37108685414;2967:5057.823460419366
1,0,default_vehtype,boarding,True,5057.823460419366,5087.823460419366,2967;-1;-1,2967;-1;-1,0.0,0.913690110399628,0.913690110399628,0.0,,0,63,1,,63,,
1,4,default_vehtype,route,False,4980.0,5078.467612771374,2983;-1;-1,2986;-1;-1,948.098702996979,0.9619108708684428,0.9618160609981432,0.0,,0,,0,,,2983;7527;2803;7558;2806;4344;2996;3013;7322;2804;3061;1173;3425;4304;793;118;3979;4275;103;6480;7360;2986,2983:4980;7527:4984.526945388974;2803:4992.0819053889745;7558:4999.476905388975;2806:5007.310745388975;4344:5008.513745388976;2996:5010.557225388976;3013:5015.342345388975;7322:5019.352985388976;2804:5022.679745388976;3061:5029.347785388975;1173:5034.946145388975;3425:5036.129105388975;4304:5037.531425388976;793:5049.646985388976;118:5055.5112653889755;3979:5057.361809388975;4275:5057.953145388976;103:5059.096073388976;6480:5072.417801388976;7360:5077.919681388976;2986:5078.467612771374
1,0,default_vehtype,route,False,5100.0,5126.294029957855,2967;-1;-1,2968;-1;-1,365.194860525747,0.913690110399628,0.9136535909135755,0.0,,0,,0,,,2967;3896;6788;5444;1716;2720;4210;1711;2968,2967:5100;3896:5106.079546434775;6788:5107.346530434775;5444:5117.882938434775;1716:5120.673298434775;2720:5121.419938434775;4210:5122.318210434775;1711:5123.447890434775;2968:5126.294029957855
1,0,default_vehtype,boarding,True,5126.294029957855,5156.294029957855,2968;-1;-1,2968;-1;-1,0.0,0.9136535909135755,0.9136535909135755,0.0,,0,69,1,69,,,
1,4,default_vehtype,boarding,True,5078.467612771374,5108.467612771374,2986;-1;-1,2986;-1;-1,0.0,0.9618160609981432,0.9618160609981432,0.0,,0,68,1,68,,,
1,4,default_vehtype,route,False,5108.467612771374,5333.845937854026,2986;-1;-1,2992;-1;-1,2665.061848370233,0.9618160609981432,0.9615495548133062,0.0,,0,68,1,,,2986;3155;6029;5745;6035;5743;6038;6041;7365;6050;6068;6077;3629;4502;6912;2108;7370;7608;5900;3459;4818;5992;6047;5708;3884;3030;3347;7376;2207;3446;3720;5332;251;2711;3358;2296;5495;5697;5497;5500;670;5502;5512;5520;5531;6313;6632;6644;3793;6319;7102;3741;7384;6414;5446;2447;2571;42;2577;2566;3033;3036;2469;2404;2235;3762;5287;310;2280;1447;6261;3764;4397;4745;4182;4187;4191;4195;4202;4208;537;18;5629;1068;2559;6740;1717;2067;2063;1937;2992,2986:5108.467612771374;3155:5109.011489388976;6029:5109.972617388976;5745:5111.464241388976;6035:5113.387649388976;5743:5114.757089388976;6038:5116.772513388976;6041:5118.048785388976;7365:5124.711953388976;6050:5126.985497388976;6068:5131.211825388976;6077:5131.857521388975;3629:5133.414809388975;4502:5133.877697388975;6912:5139.026129388975;2108:5140.922537388975;7370:5147.449265388975;7608:5147.678657388975;5900:5151.1503533889745;3459:5151.905921388974;4818:5152.520801388974;5992:5152.997585388975;6047:5157.186113388974;5708:5158.580393388975;3884:5161.119977388975;3030:5161.618001388975;3347:5163.642209388975;7376:5164.077593388975;2207:5164.486481388975;3446:5167.3098893889755;3720:5170.339577388975;5332:5171.331017388975;251:5172.078593388975;2711:5173.216409388975;3358:5175.431417388975;2296:5183.732417388976;5495:5183.949257388976;5697:5185.053017388976;5497:5185.7504573889755;5500:5188.657697388975;670:5190.055097388975;5502:5192.402537388974;5512:5195.924297388974;5520:5198.378297388974;5531:5200.075217388974;6313:5201.100257388975;6632:5203.397297388975;6644:5204.968577388975;3793:5206.817777388975;6319:5207.733497388975;7102:5208.211577388975;3741:5208.7512173889745;7384:5216.410217388974;6414:5221.617377388974;5446:5223.885137388974;2447:5227.821257388974;2571:5235.410177388974;42:5240.078177388974;2577:5240.750657388974;2566:5249.349737388974;3033:5249.9806973889745;3036:5252.250257388974;2469:5255.842577388974;2404:5259.166097388974;2235:5260.449497388974;3762:5260.872929388974;5287:5261.411993388973;310:5264.202209388974;2280:5264.8013213889735;1447:5265.247217388974;6261:5269.125209388973;3764:5270.130905388974;4397:5270.681561388974;4745:5270.907857388974;4182:5275.361633388974;4187:5278.023689388974;4191:5278.761977388974;4195:5293.225265388974;4202:5294.227793388974;4208:5295.209441388974;537:5296.163441388973;18:5302.031009388973;5629:5307.880433388973;1068:5310.4328333889725;2559:5317.483433388972;6740:5321.954057388972;1717:5327.787785388971;2067:5328.525569388971;2063:5329.241825388971;1937:5332.511777388971;2992:5333.845937854026
1,0,default_vehtype,route,False,5156.294029957855,5350.378795580632,2968;-1;-1,2981;-1;-1,2596.4419606171336,0.9136535909135755,0.9133939467175138,0.0,,0,69,1,,,2968;98;2497;7434;2760;542;1074;4204;5649;5760;205;5793;1407;5826;7411;4686;5074;5295;5274;7181;604;603;602;3851;4573;1400;971;598;1368;591;585;940;1370;939;1903;983;3921;840;2881;5099;2878;1735;2581;370;361;2874;1887;4059;910;6541;3462;3648;2851;2850;1801;1560;5242;922;6385;3550;2981,2968:5156.294029957855;98:5162.063698434776;2497:5163.574330434776;7434:5170.782178434776;2760:5177.320714434776;542:5184.848818434776;1074:5185.782226434776;4204:5186.763874434776;5649:5187.564658434776;5760:5193.122986434776;205:5198.267242434776;5793:5202.388594434776;1407:5204.008738434776;5826:5206.289050434776;7411:5209.187698434776;4686:5210.258410434776;5074:5217.198922434776;5295:5217.429178434776;5274:5220.807994434776;7181:5225.317282434777;604:5228.895682434777;603:5229.959266434777;602:5230.812394434777;3851:5231.815786434777;4573:5236.1221064347765;1400:5237.8547864347765;971:5241.653218434776;598:5242.720474434776;1368:5243.6808104347765;591:5249.551762434777;585:5262.723010434776;940:5269.302874434777;1370:5276.329498434777;939:5277.026170434777;1903:5277.847762434777;983:5278.830274434777;3921:5282.628418434777;840:5287.189258434777;2881:5293.819882434777;5099:5294.972746434777;2878:5296.100770434777;1735:5307.085090434776;2581:5308.424506434776;370:5310.007354434776;361:5312.504458434776;2874:5313.090466434776;1887:5318.745850434776;4059:5320.665154434776;910:5325.181354434776;6541:5325.845482434776;3462:5328.059122434776;3648:5328.388882434776;2851:5333.063122434776;2850:5333.996482434776;1801:5337.292162434776;1560:5342.032642434777;5242:5343.715282434777;922:5344.631194434777;6385:5347.852834434777;3550:5348.114674434777;2981:5350.378795580632
1,0,default_vehtype,boarding,True,5350.378795580632,5380.378795580632,2981;-1;-1,2981;-1;-1,0.0,0.9133939467175138,0.9133939467175138,0.0,,0,69,1,,69,,
1,4,default_vehtype,boarding,True,5333.845937854026,5363.845937854026,2992;-1;-1,2992;-1;-1,0.0,0.9615495548133062,0.9615495548133062,0.0,,0,68,1,,68,,
1,2,default_vehtype,route,False,5400.0,5417.994410650397,2982;-1;-1,2978;-1;-1,149.95342208664545,0.7716677319984483,0.7716527366562397,0.0,,0,,0,,,2982;2809;4365;7288;1182;2978,2982:5400;2809:5405.700967345425;4365:5413.282087345425;7288:5414.405287345425;1182:5415.322207345424;2978:5417.994410650397
1,2,default_vehtype,boarding,True,5417.994410650397,5447.994410650397,2978;-1;-1,2978;-1;-1,0.0,0.7716527366562397,0.7716527366562397,0.0,,0,73,1,73,,,
1,4,default_vehtype,route,False,5460,5519.7873885829995,2992;-1;-1,2969;-1;-1,830.3803969860979,0.9615495548133062,0.9614665167736076,0.0,,0,,0,,,2992;2526;5444;1716;2720;4210;1711;98;2497;7434;2760;542;1074;336;2969,2992:5460;2526:5469.202247534946;5444:5479.738655534946;1716:5482.529015534946;2720:5483.275655534946;4210:5484.173927534946;1711:5485.303607534946;98:5493.919415534946;2497:5495.430047534946;7434:5502.637895534946;2760:5509.1764315349465;542:5516.704535534946;1074:5517.637943534946;336:5518.661063534946;2969:5519.7873885829995
1,3,default_vehtype,route,False,5460.0,5540.354986667992,2982;-1;-1,2984;-1;-1,669.6248888999352,0.9343889529169896,0.9343219904280997,0.0,,0,,0,,,2982;2809;7010;820;7498;276;2915;2661;7517;6201;7314;7529;2803;7558;2806;4344;2996;2984,2982:5460;2809:5465.700967345425;7010:5468.608447345425;820:5470.589407345425;7498:5471.0574073454245;276:5471.169007345425;2915:5482.515007345424;2661:5489.748367345424;7517:5497.060327345424;6201:5497.921447345424;7314:5504.816767345424;7529:5512.0322473454235;2803:5519.587207345424;7558:5526.982207345424;2806:5534.8160473454245;4344:5536.019047345425;2996:5538.062527345425;2984:5540.354986667992
1,3,default_vehtype,boarding,True,5540.354986667992,5570.354986667992,2984;-1;-1,2984;-1;-1,0.0,0.9343219904280997,0.9343219904280997,0.0,,0,76,1,76,,,
1,4,default_vehtype,boarding,True,5519.7873885829995,5549.7873885829995,2969;-1;-1,2969;-1;-1,0.0,0.9614665167736076,0.9614665167736076,0.0,,0,74,1,74,,,
1,0,default_vehtype,route,False,5520.0,5599.0893941591185,2981;-1;-1,2978;-1;-1,682.0646846593123,0.9133939467175138,0.9133257402490479,0.0,,0,,0,,,2981;6320;3549;6384;4032;1804;4277;5239;6501;3911;5389;7301;918;3075;7097;7290;2736;1744;1164;2789;1182;2978,2981:5520;6320:5523.373118854145;3549:5529.010358854145;6384:5529.272198854145;4032:5532.493838854145;1804:5533.409750854145;4277:5534.997830854146;5239:5540.502470854146;6501:5546.465030854146;3911:5555.819870854146;5389:5556.885710854146;7301:5557.139630854146;918:5558.2817908541465;3075:5566.154750854146;7097:5567.004110854146;7290:5572.806230854147;2736:5581.524710854146;1744:5582.979950854146;1164:5594.088470854146;2789:5595.500270854146;1182:5596.417190854146;2978:5599.0893941591185
1,0,default_vehtype,boarding,True,5599.0893941591185,5629.0893941591185,2978;-1;-1,2978;-1;-1,0.0,0.9133257402490479,0.9133257402490479,0.0,,0,79,1,79,,,
1,2,default_vehtype,route,False,5447.994410650397,5661.507252393478,2978;-1;-1,2969;-1;-1,2609.13704257042,0.7716527366562397,0.7713918229519826,0.0,,0,73,1,,,2978;4103;6297;1434;3820;3877;2787;4993;6537;7281;2307;3549;6384;4032;1804;4811;5237;608;459;2416;4011;5246;363;366;2314;2877;1748;2880;906;984;2268;1857;1806;1371;938;5442;4054;2205;1369;2047;3631;4079;4572;4577;778;3636;3639;3642;7178;5275;5297;5072;1464;2847;5825;4587;5794;3202;2065;2023;4203;4198;336;2969,2978:5447.994410650397;4103:5450.613367345425;6297:5452.972687345425;1434:5458.931767345424;3820:5464.040407345425;3877:5465.948287345424;2787:5474.740807345424;4993:5475.789847345424;6537:5481.589687345424;7281:5487.424807345424;2307:5490.943567345424;3549:5496.580807345424;6384:5496.842647345424;4032:5500.0642873454235;1804:5500.980199345424;4811:5502.662839345424;5237:5507.403319345424;608:5516.269399345424;459:5516.599159345424;2416:5518.812799345424;4011:5519.476927345424;5246:5525.402095345424;363:5532.310783345424;366:5533.715863345425;2314:5534.8607353454245;2877:5548.0318393454245;1748:5549.1503593454245;2880:5550.312151345424;906:5562.537463345424;984:5565.307159345424;2268:5566.055023345424;1857:5566.440943345424;1806:5567.103127345424;1371:5567.773303345423;938:5570.354431345423;5442:5580.075079345424;4054:5587.715071345424;2205:5593.467511345424;1369:5599.9136713454245;2047:5600.856727345425;3631:5602.419559345424;4079:5603.4868153454245;4572:5607.285247345424;4577:5609.017927345424;778:5613.324247345424;3636:5614.327639345423;3639:5615.180767345423;3642:5616.244351345424;7178:5619.822751345424;5275:5624.332039345424;5297:5627.7108553454245;5072:5627.941111345424;1464:5634.8816233454245;2847:5635.952335345424;5825:5638.8509833454245;4587:5641.131295345424;5794:5642.751439345425;3202:5646.872791345425;2065:5652.0170473454245;2023:5657.575375345425;4203:5658.376159345425;4198:5659.357807345425;336:5660.380927345424;2969:5661.507252393478
1,2,default_vehtype,boarding,True,5661.507252393478,5691.507252393478,2969;-1;-1,2969;-1;-1,0.0,0.7713918229519826,0.7713918229519826,0.0,,0,73,1,,73,,
1,0,default_vehtype,route,False,5629.0893941591185,5788.746609538633,2978;-1;-1,2975;-1;-1,1267.7773662578381,0.9133257402490479,0.913198962512422,0.0,,0,79,1,,,2978;4103;4326;7286;4302;5102;7160;7294;2701;3076;4023;7300;3914;5398;5400;4040;4041;5374;5418;5424;5403;6546;1200;7312;3767;4527;3089;3131;5447;7352;414;122;3426;4305;793;118;3979;4275;3068;70;73;4273;880;3109;3874;2975,2978:5629.0893941591185;4103:5631.708350854146;4326:5636.999510854146;7286:5637.916430854146;4302:5639.328230854146;5102:5650.436750854145;7160:5651.891990854146;7294:5660.610470854146;2701:5666.412590854146;3076:5667.261950854147;4023:5675.134910854146;7300:5676.277070854147;3914:5677.460750854147;5398:5678.637590854147;5400:5679.964190854147;4040:5689.268990854147;4041:5692.213310854147;5374:5696.4658708541465;5418:5697.503150854146;5424:5697.646430854146;5403:5698.751750854146;6546:5702.978630854146;1200:5707.587710854146;7312:5709.081470854147;3767:5711.087870854147;4527:5713.884710854147;3089:5722.294310854147;3131:5722.774550854147;5447:5725.1621908541465;7352:5726.473550854146;414:5728.943270854146;122:5741.2976308541465;3426:5742.551150854147;4305:5743.953470854147;793:5756.069030854147;118:5761.933310854147;3979:5763.783854854147;4275:5764.375190854147;3068:5769.119476568433;70:5771.405476568433;73:5773.691476568433;4273:5778.435762282719;880:5779.02709828272;3109:5780.8776422827195;3874:5786.741922282719;2975:5788.746609538633
1,0,default_vehtype,boarding,True,5788.746609538633,5818.746609538633,2975;-1;-1,2975;-1;-1,0.0,0.913198962512422,0.913198962512422,0.0,,0,79,1,,79,,
1,2,default_vehtype,boarding,True,5760.0,5790.0,2969;-1;-1,2969;-1;-1,0.0,0.7713918229519826,0.7713918229519826,0.0,,0,86,1,86,,,
1,3,default_vehtype,route,False,5570.354986667992,5814.718303810477,2984;-1;-1,2992;-1;-1,2495.7221787710323,0.9343219904280997,0.9340724182102227,0.0,,0,76,1,,,2984;3012;7321;2804;3061;1173;3425;3125;3406;2825;1944;130;99;4526;714;2800;4332;799;3653;3825;7127;1836;4248;5046;7138;6879;1367;3637;3640;3643;7179;5275;5297;5072;1464;2847;5825;4587;5794;3202;2065;2023;4203;537;18;5629;1068;2559;6740;1717;2067;2063;1937;2992,2984:5570.354986667992;3012:5572.847647345425;7321:5576.858287345425;2804:5580.185047345425;3061:5586.853087345425;1173:5592.451447345425;3425:5593.634407345425;3125:5594.887927345425;3406:5607.242287345425;2825:5609.712007345425;1944:5611.023367345425;130:5613.411007345425;99:5613.891247345425;4526:5622.300847345425;714:5625.097687345425;2800:5627.104087345425;4332:5627.919727345425;799:5629.1006473454245;3653:5633.696887345424;3825:5634.945487345424;7127:5678.505607345424;1836:5679.856567345424;4248:5694.401767345424;5046:5710.742287345423;7138:5712.380887345424;6879:5718.647287345424;1367:5730.140167345424;3637:5732.033287345424;3640:5732.886415345423;3643:5733.949999345424;7179:5737.528399345424;5275:5742.037687345424;5297:5745.416503345425;5072:5745.6467593454245;1464:5752.587271345425;2847:5753.657983345424;5825:5756.556631345425;4587:5758.8369433454245;5794:5760.457087345425;3202:5764.578439345425;2065:5769.722695345425;2023:5775.281023345425;4203:5776.081807345425;537:5777.0358073454245;18:5782.903375345424;5629:5788.752799345424;1068:5791.305199345424;2559:5798.355799345423;6740:5802.826423345423;1717:5808.6601513454225;2067:5809.397935345422;2063:5810.114191345422;1937:5813.384143345422;2992:5814.718303810477
1,4,default_vehtype,route,False,5549.7873885829995,5765.223161113004,2969;-1;-1,2979;-1;-1,2566.6248001814874,0.9614665167736076,0.9612098542935894,0.0,,0,74,1,,,2969;7192;1664;337;1075;5648;5759;205;5793;1407;5826;7411;4686;5074;5295;5274;7181;604;603;602;3851;4573;1400;971;598;1368;591;585;940;1370;939;1903;983;3921;840;2881;5099;2878;1735;2581;370;361;2874;1887;4059;910;6541;3462;3648;2851;2850;1801;1560;5242;922;6385;3550;6322;7280;2411;6281;2286;2287;6538;2979,2969:5549.7873885829995;7192:5553.391031534946;1664:5556.644927534946;337:5564.405159534946;1075:5565.428999534945;5648:5566.229783534945;5759:5571.7881115349455;205:5576.932367534945;5793:5581.053719534945;1407:5582.673863534946;5826:5584.9541755349455;7411:5587.852823534946;4686:5588.923535534946;5074:5595.864047534946;5295:5596.0943035349455;5274:5599.473119534946;7181:5603.982407534946;604:5607.560807534946;603:5608.624391534947;602:5609.477519534947;3851:5610.480911534946;4573:5614.787231534946;1400:5616.519911534946;971:5620.318343534946;598:5621.385599534946;1368:5622.345935534946;591:5628.216887534946;585:5641.388135534946;940:5647.967999534946;1370:5654.994623534946;939:5655.691295534946;1903:5656.5128875349465;983:5657.495399534946;3921:5661.293543534946;840:5665.8543835349465;2881:5672.485007534947;5099:5673.6378715349465;2878:5674.765895534946;1735:5685.750215534946;2581:5687.0896315349455;370:5688.6724795349455;361:5691.169583534946;2874:5691.755591534946;1887:5697.4109755349455;4059:5699.3302795349455;910:5703.8464795349455;6541:5704.510607534946;3462:5706.724247534946;3648:5707.054007534945;2851:5711.728247534946;2850:5712.661607534946;1801:5715.957287534946;1560:5720.697767534946;5242:5722.380407534946;922:5723.296319534947;6385:5726.517959534946;3550:5726.7797995349465;6322:5732.4170395349465;7280:5735.935799534946;2411:5741.770919534946;6281:5746.815033820661;2286:5751.5819481063745;2287:5756.348862392088;6538:5761.392976677803;2979:5765.223161113004
1,4,default_vehtype,boarding,True,5765.223161113004,5795.223161113004,2979;-1;-1,2979;-1;-1,0.0,0.9612098542935894,0.9612098542935894,0.0,,0,74,1,,74,,
1,2,default_vehtype,route,False,5790.0,5869.632382830864,2969;-1;-1,2990;-1;-1,728.1426288791163,0.7713918229519826,0.7713190086890948,0.0,,0,86,1,,,2969;7192;1664;1659;538;4990;4939;5252;3070;1657;4439;4842;1272;3423;4282;4975;6830;4349;4937;669;5061;7265;3848;534;2839;5449;2990,2969:5790;7192:5793.603642951946;1664:5796.8575389519465;1659:5801.617098951947;538:5802.768138951947;4990:5806.465218951947;4939:5807.855778951946;5252:5813.280498951946;3070:5814.316938951946;1657:5821.8337389519465;4439:5827.463898951946;4842:5831.848458951947;1272:5832.033378951946;3423:5833.249938951946;4282:5837.027418951946;4975:5838.077178951946;6830:5838.850098951946;4349:5839.398978951946;4937:5843.7685389519465;669:5854.075938951946;5061:5859.884298951946;7265:5860.667538951946;3848:5861.642178951946;534:5865.6871389519465;2839:5867.045778951947;5449:5868.244818951947;2990:5869.632382830864
1,3,default_vehtype,boarding,True,5814.718303810477,5844.718303810477,2992;-1;-1,2992;-1;-1,0.0,0.9340724182102227,0.9340724182102227,0.0,,0,76,1,,76,,
1,0,default_vehtype,route,False,5818.746609538633,5886.817026234967,2975;-1;-1,2974;-1;-1,688.2637960136813,0.913198962512422,0.9131301361328207,0.0,,0,,0,,,2975;1166;793;118;3979;4275;103;6480;7360;3154;6028;2181;2180;146;2828;2974,2975:5818.746609538633;1166:5828.8574822827195;793:5840.97304228272;118:5846.8373222827195;3979:5848.687866282719;4275:5849.27920228272;103:5850.42213028272;6480:5863.74385828272;7360:5869.24573828272;3154:5870.33754628272;6028:5871.29867428272;2181:5875.530731425577;2180:5879.762788568434;146:5880.723916568434;2828:5881.815724568434;2974:5886.817026234967
1,0,default_vehtype,boarding,True,5886.817026234967,5916.817026234967,2974;-1;-1,2974;-1;-1,0.0,0.9131301361328207,0.9131301361328207,0.0,,0,84,1,84,,,
1,2,default_vehtype,boarding,True,5869.632382830864,5899.632382830864,2990;-1;-1,2990;-1;-1,0.0,0.7713190086890948,0.7713190086890948,0.0,,0,86,1,,86,,
1,0,default_vehtype,route,False,5916.817026234967,5965.330219538727,2974;-1;-1,2987;-1;-1,673.794351441106,0.9131301361328207,0.9130627566976766,0.0,,0,84,1,,,2974;6479;7359;3154;6028;5745;6035;5743;6038;6041;7365;2179;3064;6023;3524;7356;4225;2987,2974:5916.817026234967;6479:5917.317604568434;7359:5922.819484568434;3154:5923.911292568434;6028:5924.872420568434;5745:5926.364044568434;6035:5928.287452568434;5743:5929.656892568434;6038:5931.672316568434;6041:5932.948588568434;7365:5939.611756568434;2179:5943.6199965684345;3064:5944.921972568434;6023:5946.1866525684345;3524:5947.928116568434;7356:5958.8069565684345;4225:5963.391484568435;2987:5965.330219538727
1,0,default_vehtype,boarding,True,5965.330219538727,5995.330219538727,2987;-1;-1,2987;-1;-1,0.0,0.9130627566976766,0.9130627566976766,0.0,,0,84,1,,84,,
1,0,default_vehtype,route,False,6240,6290.704534696241,2987;-1;-1,2974;-1;-1,704.2296485588942,0.9130627566976766,0.9129923337328206,0.0,,0,,0,,,2987;4613;1084;7357;3525;6025;3063;6027;7362;2188;2186;5744;6033;5746;6031;146;2828;2974,2987:6240;4613:6241.596249029708;1084:6245.131233029708;7357:6249.715761029708;3525:6260.594601029708;6025:6262.336065029708;3063:6263.600745029708;6027:6264.902721029708;7362:6268.910961029708;2188:6275.574129029708;2186:6276.850401029708;5744:6278.8658250297085;6033:6280.235265029709;5746:6282.158673029709;6031:6283.650297029709;146:6284.611425029709;2828:6285.703233029709;2974:6290.704534696241
1,0,default_vehtype,boarding,True,6290.704534696241,6320.704534696241,2974;-1;-1,2974;-1;-1,0.0,0.9129923337328206,0.9129923337328206,0,,0,88,1,88,,,
1,0,default_vehtype,route,False,6320.704534696241,6465.131881684285,2974;-1;-1,2982;-1;-1,1300.2674156418352,0.9129923337328206,0.9128623069912565,0.0,,0,88,1,,,2974;6479;3091;4274;880;3109;3874;4306;429;3125;3406;2825;1944;130;99;4526;714;2800;4339;2419;5404;5421;1925;1883;926;925;5399;1905;830;2795;918;3075;7097;7290;2736;1744;1164;2789;1218;2982,2974:6320.704534696241;6479:6321.205113029709;3091:6334.5268410297085;4274:6335.669769029709;880:6336.261105029709;3109:6338.111649029709;3874:6343.975929029709;4306:6356.091489029709;429:6357.493809029709;3125:6358.747329029709;3406:6371.10168902971;2825:6373.57140902971;1944:6374.882769029709;130:6377.270409029709;99:6377.750649029709;4526:6386.160249029709;714:6388.957089029709;2800:6390.963489029709;4339:6392.45724902971;2419:6397.06632902971;5404:6401.29320902971;5421:6402.39852902971;1925:6402.54180902971;1883:6403.579089029709;926:6407.831649029709;925:6410.775969029709;5399:6420.080769029709;1905:6421.407369029709;830:6422.584209029709;2795:6423.767889029709;918:6424.91004902971;3075:6432.783009029709;7097:6433.6323690297095;7290:6439.43448902971;2736:6448.15296902971;1744:6449.60820902971;1164:6460.71672902971;2789:6462.12852902971;1218:6463.25172902971;2982:6465.131881684285
1,1,default_vehtype,boarding,True,6420.0,6450.0,2992;-1;-1,2992;-1;-1,0.0,0.6907916040128887,0.6907916040128887,0.0,,0,89,1,89,,,
1,0,default_vehtype,boarding,True,6465.131881684285,6495.131881684285,2982;-1;-1,2982;-1;-1,0.0,0.9128623069912565,0.9128623069912565,0,,0,88,1,,88,,
1,0,default_vehtype,boarding,True,6540,6570,2982;-1;-1,2982;-1;-1,0.0,0.9128623069912565,0.9128623069912565,0,,0,90,1,90,,,
1,0,default_vehtype,route,False,6570.0,6617.505301956449,2982;-1;-1,2983;-1;-1,395.8775163037552,0.9128623069912565,0.9128227192396261,0.0,,0,90,1,,,2982;2809;7010;820;7498;276;2915;2661;7517;6201;7314;2983,2982:6570;2809:6575.700967345425;7010:6578.608447345425;820:6580.589407345425;7498:6581.0574073454245;276:6581.169007345425;2915:6592.515007345424;2661:6599.748367345424;7517:6607.060327345424;6201:6607.921447345424;7314:6614.816767345424;2983:6617.505301956449
1,0,default_vehtype,boarding,True,6617.505301956449,6647.505301956449,2983;-1;-1,2983;-1;-1,0.0,0.9128227192396261,0.9128227192396261,0.0,,0,90,1,,90,,
1,1,default_vehtype,route,False,6450.0,6648.06309279929,2992;-1;-1,2980;-1;-1,2377.795994888241,0.6907916040128887,0.6905538244133999,0.0,,0,89,1,,,2992;2526;5444;1716;2720;4210;1711;98;2497;7434;2760;542;1074;4204;5649;5760;205;5793;1407;5826;7411;4686;5074;5295;5274;7181;604;603;602;3851;4573;1400;971;598;1368;591;585;940;1370;939;1903;983;3921;840;2881;5099;1157;2058;2092;915;2980,2992:6450;2526:6459.202247534946;5444:6469.738655534946;1716:6472.529015534946;2720:6473.275655534946;4210:6474.173927534946;1711:6475.303607534946;98:6483.919415534946;2497:6485.430047534946;7434:6492.637895534946;2760:6499.1764315349465;542:6506.704535534946;1074:6507.637943534946;4204:6508.619591534946;5649:6509.420375534946;5760:6514.978703534946;205:6520.122959534946;5793:6524.244311534946;1407:6525.8644555349465;5826:6528.144767534946;7411:6531.043415534947;4686:6532.114127534946;5074:6539.054639534947;5295:6539.284895534946;5274:6542.663711534947;7181:6547.172999534947;604:6550.751399534947;603:6551.814983534948;602:6552.6681115349475;3851:6553.671503534947;4573:6557.977823534947;1400:6559.710503534947;971:6563.508935534946;598:6564.576191534947;1368:6565.536527534947;591:6571.407479534947;585:6584.578727534947;940:6591.158591534947;1370:6598.185215534947;939:6598.881887534947;1903:6599.703479534947;983:6600.685991534947;3921:6604.484135534947;840:6609.044975534947;2881:6615.675599534948;5099:6616.828463534947;1157:6621.56760639209;2058:6627.357434963518;2092:6630.7465778206615;915:6635.864749249233;2980:6648.06309279929
1,1,default_vehtype,boarding,True,6648.06309279929,6678.06309279929,2980;-1;-1,2980;-1;-1,0.0,0.6905538244133999,0.6905538244133999,0.0,,0,89,1,,89,,
1,3,default_vehtype,route,False,6660.0,6688.149747058026,2992;-1;-1,2968;-1;-1,390.96870913923203,0.9340724182102227,0.9340333213393087,0.0,,0,,0,,,2992;2526;5444;1716;2720;4210;1711;2968,2992:6660;2526:6669.202247534946;5444:6679.738655534946;1716:6682.529015534946;2720:6683.275655534946;4210:6684.173927534946;1711:6685.303607534946;2968:6688.149747058026
1,3,default_vehtype,boarding,True,6688.149747058026,6718.149747058026,2968;-1;-1,2968;-1;-1,0.0,0.9340333213393087,0.9340333213393087,0.0,,0,94,1,94,,,
1,2,default_vehtype,route,False,6600.0,6753.950484810419,2990;-1;-1,2973;-1;-1,1527.4185328053675,0.7713190086890948,0.7711662668358142,0.0,,0,,0,,,2990;2552;1946;7401;3560;3731;662;7398;3491;6933;7394;6989;7392;5704;7389;3806;2573;885;316;2042;1982;6306;374;7114;3246;5330;661;445;6080;7381;364;3029;3886;5711;6045;2157;4817;456;5901;7605;2830;1420;1084;2973,2990:6600;2552:6602.865716121083;1946:6607.118996121083;7401:6608.318036121083;3560:6609.393596121084;3731:6612.083156121083;662:6634.532876121083;7398:6638.052116121083;3491:6644.376836121082;6933:6645.288596121082;7394:6650.650196121082;6989:6651.2445561210825;7392:6660.4556361210825;5704:6662.820716121082;7389:6677.358956121082;3806:6681.423356121082;2573:6682.491356121082;885:6683.0947161210825;316:6689.921876121082;2042:6700.660316121082;1982:6701.423036121082;6306:6701.639876121082;374:6709.9408761210825;7114:6712.155884121083;3246:6713.293700121083;5330:6714.041276121083;661:6715.032716121083;445:6718.062404121082;6080:6720.885812121082;7381:6721.294700121082;364:6721.730084121083;3029:6723.7542921210825;3886:6724.252316121083;5711:6726.791900121083;6045:6728.186180121083;2157:6732.374708121083;4817:6732.8514921210835;456:6733.466372121084;5901:6734.221940121083;7605:6737.693636121083;2830:6737.923028121083;1420:6749.628140121083;1084:6753.163124121083;2973:6753.950484810419
1,3,default_vehtype,route,False,6718.149747058026,6751.3938906043195,2968;-1;-1,2991;-1;-1,461.72421592074585,0.9340333213393087,0.9339871489177166,0.0,,0,94,1,,,2968;98;2497;7434;2760;542;1074;4204;537;2991,2968:6718.149747058026;98:6723.919415534947;2497:6725.430047534947;7434:6732.637895534947;2760:6739.176431534947;542:6746.704535534947;1074:6747.637943534947;4204:6748.619591534947;537:6749.573591534947;2991:6751.3938906043195
1,2,default_vehtype,boarding,True,6753.950484810419,6783.950484810419,2973;-1;-1,2973;-1;-1,0.0,0.7711662668358142,0.7711662668358142,0,,0,92,1,92,,,
1,3,default_vehtype,boarding,True,6751.3938906043195,6781.3938906043195,2991;-1;-1,2991;-1;-1,0.0,0.9339871489177166,0.9339871489177166,0,,0,94,1,,94,,
1,3,default_vehtype,boarding,True,6840,6870,2991;-1;-1,2991;-1;-1,0.0,0.9339871489177166,0.9339871489177166,0,,0,96,1,96,,,
1,0,default_vehtype,route,False,6840.0,6917.758574754141,2983;-1;-1,2985;-1;-1,660.4731749798569,0.9128227192396261,0.9127566719221282,0.0,,0,,0,,,2983;7527;2803;7558;2806;4344;2996;3013;7322;2804;3061;1173;3425;4304;793;118;3979;2985,2983:6840;7527:6844.526945388974;2803:6852.0819053889745;7558:6859.476905388975;2806:6867.310745388975;4344:6868.513745388976;2996:6870.557225388976;3013:6875.342345388975;7322:6879.352985388976;2804:6882.679745388976;3061:6889.347785388975;1173:6894.946145388975;3425:6896.129105388975;4304:6897.531425388976;793:6909.646985388976;118:6915.5112653889755;3979:6917.361809388975;2985:6917.758574754141
1,0,default_vehtype,boarding,True,6917.758574754141,6947.758574754141,2985;-1;-1,2985;-1;-1,0.0,0.9127566719221282,0.9127566719221282,0.0,,0,95,1,95,,,
1,0,default_vehtype,route,False,6947.758574754141,7010.430416359269,2985;-1;-1,2987;-1;-1,870.4422445156584,0.9127566719221282,0.9126696276976766,0.0,,0,95,1,,,2985;1140;103;6480;7360;3154;6028;5745;6035;5743;6038;6041;7365;2179;3064;6023;3524;7356;4225;2987,2985:6947.758574754141;1140:6947.953145388976;103:6949.096073388976;6480:6962.417801388976;7360:6967.919681388976;3154:6969.011489388976;6028:6969.972617388976;5745:6971.464241388976;6035:6973.387649388976;5743:6974.757089388976;6038:6976.772513388976;6041:6978.048785388976;7365:6984.711953388976;2179:6988.720193388976;3064:6990.022169388976;6023:6991.286849388976;3524:6993.028313388976;7356:7003.907153388976;4225:7008.491681388977;2987:7010.430416359269
1,2,default_vehtype,route,False,6783.950484810419,6993.968948586134,2973;-1;-1,2992;-1;-1,2451.7304413294187,0.7711662668358142,0.7709210937916813,0.0,,0,92,1,,,2973;7354;4225;4614;7369;7607;5900;3459;4818;5992;6047;5708;3884;3030;3347;7376;2207;3446;3720;5332;251;2711;3358;2296;5495;5697;5497;5500;670;5502;5512;5520;5531;6313;6632;6644;3793;6319;7102;3741;7384;6414;5446;2447;2571;42;2577;2566;3033;3036;2469;2404;2235;3762;5287;310;2280;1447;6261;3764;4397;4745;4182;4187;4191;4195;4202;4208;537;18;5629;1068;2559;6740;1717;2067;2063;1937;2992,2973:6783.950484810419;7354:6787.747652121083;4225:6792.332180121083;4614:6795.867164121083;7369:6807.572276121083;7607:6807.801668121083;5900:6811.2733641210825;3459:6812.028932121082;4818:6812.643812121082;5992:6813.120596121083;6047:6817.309124121082;5708:6818.703404121083;3884:6821.242988121083;3030:6821.741012121083;3347:6823.765220121083;7376:6824.200604121083;2207:6824.609492121083;3446:6827.432900121084;3720:6830.462588121083;5332:6831.454028121083;251:6832.201604121083;2711:6833.339420121083;3358:6835.554428121083;2296:6843.855428121084;5495:6844.072268121084;5697:6845.176028121084;5497:6845.8734681210835;5500:6848.780708121083;670:6850.178108121083;5502:6852.5255481210825;5512:6856.047308121082;5520:6858.501308121082;5531:6860.198228121082;6313:6861.223268121083;6632:6863.520308121083;6644:6865.091588121083;3793:6866.940788121083;6319:6867.856508121083;7102:6868.334588121083;3741:6868.8742281210825;7384:6876.533228121082;6414:6881.740388121082;5446:6884.008148121082;2447:6887.944268121082;2571:6895.533188121082;42:6900.201188121082;2577:6900.873668121082;2566:6909.472748121082;3033:6910.1037081210825;3036:6912.373268121082;2469:6915.965588121082;2404:6919.289108121082;2235:6920.572508121082;3762:6920.995940121082;5287:6921.535004121081;310:6924.325220121082;2280:6924.9243321210815;1447:6925.370228121082;6261:6929.248220121081;3764:6930.253916121082;4397:6930.804572121082;4745:6931.030868121082;4182:6935.484644121082;4187:6938.146700121082;4191:6938.884988121082;4195:6953.348276121082;4202:6954.350804121082;4208:6955.332452121082;537:6956.286452121081;18:6962.154020121081;5629:6968.003444121081;1068:6970.555844121081;2559:6977.60644412108;6740:6982.07706812108;1717:6987.910796121079;2067:6988.648580121079;2063:6989.364836121079;1937:6992.634788121079;2992:6993.968948586134
1,4,default_vehtype,route,False,6900.0,6995.533110175821,2979;-1;-1,2983;-1;-1,796.1092514652021,0.9612098542935894,0.9611302433684429,0.0,,0,,0,,,2979;2786;2411;1661;7283;796;751;4635;6299;4102;4325;7285;1218;7334;7010;820;7498;276;2915;2661;7517;6201;7314;2983,2979:6900;2786:6902.004935564799;2411:6907.840055564799;1661:6913.639895564798;7283:6914.688935564798;796:6923.481455564798;751:6925.389335564798;4635:6930.497975564798;6299:6936.457055564798;4102:6938.816375564797;4325:6944.107535564797;7285:6945.024455564797;1218:6946.147655564797;7334:6953.728775564797;7010:6956.636255564797;820:6958.617215564796;7498:6959.085215564796;276:6959.196815564796;2915:6970.542815564796;2661:6977.776175564796;7517:6985.088135564796;6201:6985.949255564796;7314:6992.844575564795;2983:6995.533110175821
1,0,default_vehtype,boarding,True,7010.430416359269,7040.430416359269,2987;-1;-1,2987;-1;-1,0.0,0.9126696276976766,0.9126696276976766,0,,0,95,1,,95,,
1,2,default_vehtype,boarding,True,6993.968948586134,7023.968948586134,2992;-1;-1,2992;-1;-1,0.0,0.7709210937916813,0.7709210937916813,0,,0,92,1,,92,,
1,4,default_vehtype,boarding,True,6995.533110175821,7025.533110175821,2983;-1;-1,2983;-1;-1,0.0,0.9611302433684429,0.9611302433684429,0,,0,97,1,97,,,
1,4,default_vehtype,route,False,7025.533110175821,7140,2983;-1;-1,6041;7365;0.963,1170.3108842859351,0.9611302433684429,0.9610132122800142,0.0,,0,97,1,,,2983;7527;2803;7558;2806;4344;2996;3013;7322;2804;3061;1173;3425;4304;793;118;3979;4275;103;6480;7360;3154;6028;5745;6035;5743;6038;6041,2983:7025.533110175821;7527:7030.060055564795;2803:7037.615015564796;7558:7045.010015564796;2806:7052.843855564796;4344:7054.046855564797;2996:7056.090335564797;3013:7060.8754555647965;7322:7064.886095564797;2804:7068.212855564797;3061:7074.880895564796;1173:7080.479255564796;3425:7081.6622155647965;4304:7083.064535564797;793:7095.180095564797;118:7101.044375564797;3979:7102.8949195647965;4275:7103.486255564797;103:7104.629183564797;6480:7117.950911564797;7360:7123.452791564797;3154:7124.544599564797;6028:7125.505727564797;5745:7126.997351564797;6035:7128.920759564797;5743:7130.290199564797;6038:7132.305623564797;6041:7133.581895564797
1,3,default_vehtype,route,False,6870.0,7162.244219541651,2991;-1;-1,2983;-1;-1,3171.84052357281,0.9339871489177166,0.9336699648653592,0.0,,0,96,1,,,2991;3010;5658;3008;4585;330;4588;5827;7412;4686;5074;5295;5274;7181;604;603;602;3851;4573;1400;971;598;1368;591;585;940;1370;939;1903;983;3921;840;2881;5099;2878;1735;2581;370;361;2874;1887;4059;910;6541;3462;3648;2851;2850;1801;1560;5242;922;6385;3550;6322;7280;2411;1661;7283;796;751;4635;6299;4102;4325;7285;1218;7334;7010;820;7498;276;2915;2661;7517;6201;7314;2983,2991:6870;3010:6874.047268930627;5658:6874.854868930627;3008:6882.9577489306275;4585:6905.286028930627;330:6914.881708930628;4588:6915.454108930628;5827:6917.7344209306275;7412:6920.633068930628;4686:6921.7037809306275;5074:6928.644292930628;5295:6928.8745489306275;5274:6932.253364930628;7181:6936.762652930628;604:6940.341052930628;603:6941.404636930629;602:6942.257764930629;3851:6943.261156930628;4573:6947.567476930628;1400:6949.300156930628;971:6953.098588930628;598:6954.165844930628;1368:6955.126180930628;591:6960.997132930628;585:6974.168380930628;940:6980.748244930628;1370:6987.774868930628;939:6988.471540930628;1903:6989.293132930628;983:6990.275644930628;3921:6994.073788930628;840:6998.634628930628;2881:7005.265252930629;5099:7006.4181169306285;2878:7007.546140930628;1735:7018.530460930628;2581:7019.8698769306275;370:7021.4527249306275;361:7023.9498289306275;2874:7024.535836930628;1887:7030.191220930627;4059:7032.110524930627;910:7036.6267249306275;6541:7037.290852930628;3462:7039.504492930628;3648:7039.834252930627;2851:7044.508492930628;2850:7045.441852930628;1801:7048.737532930628;1560:7053.478012930628;5242:7055.160652930628;922:7056.076564930629;6385:7059.298204930628;3550:7059.5600449306285;6322:7065.1972849306285;7280:7068.716044930628;2411:7074.551164930628;1661:7080.351004930628;7283:7081.400044930628;796:7090.192564930628;751:7092.100444930627;4635:7097.209084930628;6299:7103.168164930627;4102:7105.527484930627;4325:7110.818644930627;7285:7111.735564930626;1218:7112.858764930626;7334:7120.439884930626;7010:7123.347364930626;820:7125.328324930626;7498:7125.796324930626;276:7125.907924930626;2915:7137.2539249306255;2661:7144.487284930626;7517:7151.799244930626;6201:7152.660364930625;7314:7159.555684930625;2983:7162.244219541651
1,3,default_vehtype,boarding,True,7162.244219541651,7192.244219541651,2983;-1;-1,2983;-1;-1,0.0,0.9336699648653592,0.9336699648653592,0.0,,0,96,1,,96,,
1,4,default_vehtype,route,False,7140.0,7181.303487121818,6041;7365;0.963,2988;-1;-1,573.6595433585886,0.9610132122800142,0.9609558463256784,0.0,,0,97,1,,,6041;7365;6050;6068;6077;3629;4502;6912;2108;7370;7608;5900;3459;4818;5992;6047;5708;3884;3030;3347;7376;2207;2988,6041:7140;7365:7140.245063564797;6050:7142.518607564797;6068:7146.744935564797;6077:7147.390631564796;3629:7148.947919564796;4502:7149.410807564796;6912:7154.559239564796;2108:7156.455647564796;7370:7162.982375564796;7608:7163.211767564796;5900:7166.683463564796;3459:7167.439031564795;4818:7168.053911564795;5992:7168.530695564796;6047:7172.719223564795;5708:7174.113503564796;3884:7176.653087564796;3030:7177.151111564796;3347:7179.175319564796;7376:7179.6107035647965;2207:7180.019591564796;2988:7181.303487121818
1,4,default_vehtype,boarding,True,7181.303487121818,7211.303487121818,2988;-1;-1,2988;-1;-1,0.0,0.9609558463256784,0.9609558463256784,0.0,,0,97;99,2,99,,,
1,4,default_vehtype,route,False,7211.303487121818,7297.926452296635,2988;-1;-1,2971;-1;-1,775.530490028943,0.9609558463256784,0.9608782932766756,0.0,,0,97;99,2,,,2988;3447;3721;5333;251;2711;3358;2296;5495;5696;3307;3987;2396;886;808;1372;807;1375;108;1376;1380;373;2390;7391;5704;7389;2971,2988:7211.303487121818;3447:7212.842999564797;3721:7215.872687564796;5333:7216.864127564796;251:7217.611703564796;2711:7218.749519564796;3358:7220.964527564796;2296:7229.265527564797;5495:7229.482367564797;5696:7230.245087564796;3307:7240.9835275647965;3987:7247.810687564796;2396:7249.116647564796;886:7254.754247564796;808:7255.220447564796;1372:7256.0833675647955;807:7257.187247564795;1375:7258.871447564795;108:7261.011887564795;1376:7262.8121275647945;1380:7264.8287275647945;373:7274.389727564794;2390:7276.934447564794;7391:7278.335087564794;5704:7280.700167564793;7389:7295.238407564793;2971:7297.926452296635
1,4,default_vehtype,boarding,True,7297.926452296635,7327.926452296635,2971;-1;-1,2971;-1;-1,0.0,0.9608782932766756,0.9608782932766756,0.0,,0,97;99,2,,97;99,,
