operator_id,vehicle_id,vehicle_type,status,locked,start_time,end_time,start_pos,end_pos,driven_distance,start_soc,end_soc,charging_power,charging_unit,toll,rq_on_board,occupancy,rq_boarding,rq_alighting,route,trajectory
0,0,default_vehtype,waiting,False,-60,-1,2980;-1;-1,2980;-1;-1,0.0,1.0,1.0,0.0,,0,,0,,,,
0,1,default_vehtype,route,False,180,409.9869602780313,2981;-1;-1,2966;-1;-1,2071.863435442099,0.8575946831862098,0.8573874968426657,0.0,,0,,0,,,2981;6320;3549;6384;4032;1804;4811;5237;608;459;2416;4011;5246;363;366;2314;2877;1748;2880;906;984;2268;1857;1806;1371;938;5442;4054;2205;1369;2047;1337;1873;1939;665;666;1885;668;1415;1041;1623;1383;2333;2966,2981:180;6320:183.37311885414516;3549:189.01035885414515;6384:189.27219885414516;4032:192.49383885414517;1804:193.40975085414516;4811:195.09239085414515;5237:199.83287085414514;608:208.69895085414515;459:209.02871085414515;2416:211.24235085414514;4011:211.90647885414515;5246:217.83164685414516;363:224.74033485414517;366:226.14541485414517;2314:227.29028685414517;2877:240.46139085414518;1748:241.57991085414517;2880:242.74170285414516;906:254.96701485414516;984:257.73671085414514;2268:258.48457485414514;1857:258.87049485414514;1806:259.53267885414516;1371:260.2028548541452;938:262.78398285414517;5442:272.50463085414515;4054:280.14462285414515;2205:285.89706285414513;1369:292.34322285414515;2047:293.28627885414517;1337:294.24762285414516;1873:310.72503885414517;1939:311.0660308541452;665:311.5881028541452;666:312.45721485414515;1885:313.44303885414513;668:326.81343885414515;1415:327.4425028541452;1041:344.12901713985946;1623:348.5122742827166;1383:359.59770285414515;2333:399.75158856843086;2966:409.9869602780313
0,2,default_vehtype,boarding,True,360,390.0,2982;-1;-1,2982;-1;-1,0.0,0.7724415914984484,0.7724415914984484,0.0,,0,3,1,3,,,
0,3,default_vehtype,boarding,True,360,390.0,2977;-1;-1,2977;-1;-1,0.0,0.8229470565333281,0.8229470565333281,0.0,,0,4,1,4,,,
0,3,default_vehtype,route,False,390,403.47694671413734,2977;-1;-1,2983;-1;-1,112.30788928447757,0.8229470565333281,0.8229358257443997,0.0,,0,4,1,,,2977;6202;7315;2983,2977:390;6202:393.8930921031118;7315:400.78841210311185;2983:403.47694671413734
0,1,default_vehtype,boarding,True,409.9869602780313,439.9869602780313,2966;-1;-1,2966;-1;-1,0.0,0.8573874968426657,0.8573874968426657,0,,0,1;0,2,1;0,,,
0,3,default_vehtype,boarding,True,403.47694671413734,433.47694671413734,2983;-1;-1,2983;-1;-1,0.0,0.8229358257443997,0.8229358257443997,0,,0,4,1,,4,,
0,4,default_vehtype,route,False,300,525.0145605330423,2978;-1;-1,2970;-1;-1,1875.1213377753527,0.9458865003910399,0.9456989882572624,0.0,,0,,0,,,2978;4103;4326;7286;4302;5102;7160;7294;2701;3076;4023;7300;3914;5398;5400;4040;4041;5374;5418;5424;5403;6546;1200;7312;4332;799;3653;3825;7127;3766;3988;553;7132;7191;3566;4337;7134;6667;6711;1807;1653;6829;4349;4937;669;5061;7265;3848;534;2839;3560;2970,2978:300;4103:302.6189566950277;4326:307.9101166950277;7286:308.8270366950277;4302:310.2388366950277;5102:321.3473566950277;7160:322.8025966950277;7294:331.5210766950277;2701:337.3231966950277;3076:338.1725566950277;4023:346.0455166950277;7300:347.1876766950277;3914:348.37135669502766;5398:349.5481966950277;5400:350.87479669502767;4040:360.17959669502767;4041:363.1239166950277;5374:367.3764766950277;5418:368.4137566950277;5424:368.5570366950277;5403:369.6623566950277;6546:373.8892366950277;1200:378.4983166950277;7312:379.9920766950277;4332:380.8077166950277;799:381.9886366950277;3653:386.58487669502773;3825:387.83347669502774;7127:431.3935966950277;3766:432.33079669502774;3988:436.0663966950277;553:436.5246766950277;7132:446.4035566950277;7191:454.3607566950277;3566:456.1899166950277;4337:460.6881166950277;7134:461.7881566950277;6667:469.7202766950277;6711:485.57983669502767;1807:487.5070366950277;1653:493.3109566950277;6829:494.0838766950277;4349:494.6327566950277;4937:499.0023166950277;669:509.30971669502765;5061:515.1180766950276;7265:515.9013166950276;3848:516.8759566950276;534:520.9209166950276;2839:522.2795566950276;3560:523.3551166950276;2970:525.0145605330423
0,2,default_vehtype,route,False,390.0,548.1393886097674,2982;-1;-1,2980;-1;-1,1274.3900625592087,0.7724415914984484,0.7723141524921924,0.0,,0,3,1,,,2982;2809;4365;7288;1182;1001;6296;1434;3820;3877;2787;4993;6537;7281;2307;3549;6384;4032;1804;4811;5237;608;459;2416;4011;5246;363;366;2314;2877;1748;1743;1157;2058;2092;915;2980,2982:390;2809:395.7009673454251;4365:403.2820873454251;7288:404.4052873454251;1182:405.3222073454251;1001:410.6133673454251;6296:412.97268734542513;1434:418.9317673454251;3820:424.0404073454251;3877:425.94828734542506;2787:434.7408073454251;4993:435.7898473454251;6537:441.5896873454251;7281:447.4248073454251;2307:450.9435673454251;3549:456.5808073454251;6384:456.8426473454251;4032:460.0642873454251;1804:460.9801993454251;4811:462.6628393454251;5237:467.4033193454251;608:476.2693993454251;459:476.5991593454251;2416:478.8127993454251;4011:479.4769273454251;5246:485.4020953454251;363:492.3107833454251;366:493.7158633454251;2314:494.8607353454251;2877:508.0318393454251;1748:509.1503593454251;1743:516.9047593454251;1157:521.6439022025679;2058:527.4337307739964;2092:530.8228736311393;915:535.9410450597106;2980:548.1393886097674
0,2,default_vehtype,boarding,True,548.1393886097674,578.1393886097674,2980;-1;-1,2980;-1;-1,0.0,0.7723141524921924,0.7723141524921924,0.0,,0,3,1,,3,,
0,4,default_vehtype,boarding,True,525.0145605330423,555.0145605330423,2970;-1;-1,2970;-1;-1,0.0,0.9456989882572624,0.9456989882572624,0.0,,0,2,1,2,,,
0,1,default_vehtype,route,False,439.9869602780313,718.9007892683087,2966;-1;-1,2988;-1;-1,2634.732771078846,0.8573874968426657,0.8571240235655578,0.0,,0,1;0,2,,,2966;2743;2631;2150;735;738;1096;3736;81;831;2413;1146;832;1880;1340;3638;3641;7177;5275;5297;5072;1464;2847;5825;4587;5794;3202;2065;2023;4203;4198;1071;1070;1069;1067;1504;4396;710;2281;4664;6260;3300;1832;708;6180;2405;6169;2744;2567;2576;3077;3241;88;2758;2742;2448;2353;6140;7386;3742;7100;6318;737;6639;2446;2301;1992;1990;1988;1985;3729;5498;5496;5699;5494;6307;374;7114;3246;5330;661;445;6080;7381;364;3029;69;30;3346;2832;2207;2988,2966:439.9869602780313;2743:447.8307885684309;2631:451.84221713985943;2150:468.77250285414516;735:479.25467428271656;738:485.42250285414514;1096:494.96147428271655;3736:495.22449028271654;81:499.07339428271655;831:509.91997828271656;2413:510.9076742827166;1146:511.72105828271657;832:512.5294742827166;1880:515.1271622827165;1340:526.6599782827166;3638:527.6464502827166;3641:528.7100342827166;7177:532.2884342827166;5275:536.7977222827166;5297:540.1765382827166;5072:540.4067942827166;1464:547.3473062827167;2847:548.4180182827166;5825:551.3166662827166;4587:553.5969782827166;5794:555.2171222827166;3202:559.3384742827166;2065:564.4827302827166;2023:570.0410582827166;4203:570.8418422827166;4198:571.8234902827165;1071:572.8260182827165;1070:587.2893062827166;1069:588.0275942827166;1067:590.6896502827166;1504:595.1434262827165;4396:595.3697222827166;710:595.9203782827166;2281:596.9260742827165;4664:600.8040662827165;6260:601.2499622827164;3300:601.8490742827164;1832:604.6392902827164;708:605.1783542827164;6180:605.6017862827165;2405:607.8241862827165;6169:611.3013062827165;2744:615.9018662827165;2567:617.7448262827164;2576:626.2333862827164;3077:628.3660262827165;3241:631.4949062827164;88:633.4217462827164;2758:635.3851862827164;2742:635.7916262827164;2448:638.9772662827164;2353:645.1781462827164;6140:650.3491862827163;7386:651.6916262827164;3742:659.3506262827163;7100:659.8902662827163;6318:660.3683462827163;737:661.2840662827163;6639:663.1332662827162;2446:664.7045462827163;2301:667.0015862827163;1992:668.0266262827163;1990:669.7235462827163;1988:672.1775462827162;1985:675.6993062827162;3729:678.0467462827162;5498:679.4441462827161;5496:682.3513862827161;5699:683.0488262827162;5494:684.1525862827161;6307:684.3694262827162;374:692.6704262827162;7114:694.8854342827162;3246:696.0232502827163;5330:696.7708262827163;661:697.7622662827163;445:700.7919542827162;6080:703.6153622827162;7381:704.0242502827163;364:704.4596342827163;3029:706.4838422827163;69:710.616127997002;30:714.7484137112876;3346:716.7726217112877;2832:717.2080057112877;2207:717.6168937112877;2988:718.9007892683087
0,3,default_vehtype,boarding,True,660.0,690.0,2983;-1;-1,2983;-1;-1,0.0,0.8229358257443997,0.8229358257443997,0.0,,0,5,1,5,,,
0,1,default_vehtype,boarding,True,718.9007892683087,748.9007892683087,2988;-1;-1,2988;-1;-1,0.0,0.8571240235655578,0.8571240235655578,0.0,,0,1;0,2,,0,,
0,3,default_vehtype,route,False,690.0,767.7585747541395,2983;-1;-1,2985;-1;-1,660.4731749798569,0.8229358257443997,0.8228697784269017,0.0,,0,5,1,,,2983;7527;2803;7558;2806;4344;2996;3013;7322;2804;3061;1173;3425;4304;793;118;3979;2985,2983:690;7527:694.5269453889745;2803:702.0819053889745;7558:709.4769053889745;2806:717.3107453889745;4344:718.5137453889745;2996:720.5572253889745;3013:725.3423453889745;7322:729.3529853889745;2804:732.6797453889745;3061:739.3477853889746;1173:744.9461453889745;3425:746.1291053889745;4304:747.5314253889745;793:759.6469853889745;118:765.5112653889745;3979:767.3618093889745;2985:767.7585747541395
0,4,default_vehtype,route,False,555.0145605330423,726.6510436653198,2970;-1;-1,2987;-1;-1,1834.4631759372726,0.9456989882572624,0.9455155419396686,0.0,,0,2,1,,,2970;671;662;7398;3491;6933;7394;6989;7392;5704;7389;3806;2573;885;316;2042;1982;6306;374;7114;3246;5330;661;445;6080;7381;364;3029;3886;5711;6045;2157;4817;456;5901;7605;2830;1420;1084;7357;2826;2827;4225;2987,2970:555.0145605330423;671:556.0446766950276;662:578.4943966950276;7398:582.0136366950276;3491:588.3383566950275;6933:589.2501166950275;7394:594.6117166950274;6989:595.2060766950275;7392:604.4171566950275;5704:606.7822366950276;7389:621.3204766950275;3806:625.3848766950275;2573:626.4528766950275;885:627.0562366950275;316:633.8833966950275;2042:644.6218366950275;1982:645.3845566950274;6306:645.6013966950275;374:653.9023966950275;7114:656.1174046950275;3246:657.2552206950276;5330:658.0027966950275;661:658.9942366950276;445:662.0239246950275;6080:664.8473326950275;7381:665.2562206950275;364:665.6916046950275;3029:667.7158126950276;3886:668.2138366950276;5711:670.7534206950276;6045:672.1477006950275;2157:676.3362286950276;4817:676.8130126950275;456:677.4278926950275;5901:678.1834606950275;7605:681.6551566950275;2830:681.8845486950274;1420:693.5896606950274;1084:697.1246446950274;7357:701.7091726950274;2826:710.9184766950274;2827:720.1277806950274;4225:724.7123086950273;2987:726.6510436653198
0,4,default_vehtype,boarding,True,726.6510436653198,756.6510436653198,2987;-1;-1,2987;-1;-1,0.0,0.9455155419396686,0.9455155419396686,0.0,,0,2,1,,2,,
0,1,default_vehtype,route,False,748.9007892683087,786.328382400624,2988;-1;-1,2973;-1;-1,519.8276823932699,0.8571240235655578,0.8570720407973186,0.0,,0,1,1,,,2988;3447;6082;7383;364;3029;3886;5711;6045;2157;4817;456;5901;7605;2830;1420;1084;2973,2988:748.9007892683087;3447:750.4403017112877;6082:753.2637097112877;7383:753.6725977112877;364:754.1079817112877;3029:756.1321897112878;3886:756.6302137112878;5711:759.1697977112877;6045:760.5640777112877;2157:764.7526057112877;4817:765.2293897112877;456:765.8442697112877;5901:766.5998377112877;7605:770.0715337112877;2830:770.3009257112876;1420:782.0060377112876;1084:785.5410217112876;2973:786.328382400624
0,1,default_vehtype,boarding,True,786.328382400624,816.328382400624,2973;-1;-1,2973;-1;-1,0.0,0.8570720407973186,0.8570720407973186,0.0,,0,1,1,,1,,
0,3,default_vehtype,boarding,True,767.7585747541395,797.7585747541395,2985;-1;-1,2985;-1;-1,0.0,0.8228697784269017,0.8228697784269017,0.0,,0,5,1,,5,,
0,1,default_vehtype,route,False,900.0,1013.2370619400033,2973;-1;-1,2976;-1;-1,1289.1591567814912,0.8570720407973186,0.8569431248816405,0.0,,0,,0,,,2973;7354;3525;6025;3063;6027;7362;2188;2186;5744;6033;5746;6031;146;2828;2376;3091;4274;880;3109;3874;4306;429;4313;68;7318;7325;3011;4;4345;7330;2976,2973:900;7354:903.7971673106636;3525:914.6760073106635;6025:916.4174713106635;3063:917.6821513106635;6027:918.9841273106634;7362:922.9923673106634;2188:929.6555353106635;2186:930.9318073106634;5744:932.9472313106635;6033:934.3166713106635;5746:936.2400793106635;6031:937.7317033106635;146:938.6928313106636;2828:939.7846393106636;2376:945.2865193106636;3091:958.6082473106636;4274:959.7511753106636;880:960.3425113106636;3109:962.1930553106636;3874:968.0573353106636;4306:980.1728953106635;429:981.5752153106636;4313:982.7581753106635;68:988.3565353106635;7318:995.0245753106635;7325:998.3513353106636;3011:1002.3619753106635;4:1007.1470953106635;4345:1009.1905753106636;7330:1010.3935753106636;2976:1013.2370619400033
0,3,default_vehtype,route,False,900.0,983.8384785317231,2985;-1;-1,2977;-1;-1,713.3009357356655,0.8228697784269017,0.8227984483333282,0.0,,0,,0,,,2985;1140;880;3109;3874;4306;429;4313;68;7318;7325;3011;4;4345;7330;7562;7316;7531;2802;2977,2985:900;1140:900.194570634835;880:900.785906634835;3109:902.636450634835;3874:908.500730634835;4306:920.616290634835;429:922.018610634835;4313:923.201570634835;68:928.7999306348349;7318:935.467970634835;7325:938.794730634835;3011:942.805370634835;4:947.590490634835;4345:949.633970634835;7330:950.836970634835;7562:958.670810634835;7316:966.065810634835;7531:973.620770634835;2802:980.836250634835;2977:983.8384785317231
0,3,default_vehtype,boarding,True,983.8384785317231,1013.8384785317231,2977;-1;-1,2977;-1;-1,0.0,0.8227984483333282,0.8227984483333282,0.0,,0,10;8,2,10;8,,,
0,1,default_vehtype,boarding,True,1013.2370619400033,1043.2370619400033,2976;-1;-1,2976;-1;-1,0.0,0.8569431248816405,0.8569431248816405,0.0,,0,9,1,9,,,
0,4,default_vehtype,route,False,840.0,1060.5887410478058,2987;-1;-1,2993;-1;-1,2598.5398478861994,0.9455155419396686,0.94525568795488,0.0,,0,,0,,,2987;4613;7368;7606;5900;3459;4818;5992;6047;5708;3884;3030;3347;7376;2207;3446;3720;5332;251;2711;3358;2296;5495;5697;5497;5500;670;5502;5512;5520;5531;6313;6632;6644;3793;6319;7102;3741;7384;6414;5446;2447;2571;42;2577;2566;3033;3036;2469;2404;2235;3762;5287;310;2280;1447;6261;3764;4397;4745;4182;4187;4191;4195;4202;4208;537;18;5629;1068;2559;6740;1717;2067;2063;1937;6789;3895;5465;7450;2993,2987:840;4613:841.5962490297076;7368:853.3013610297076;7606:853.5307530297075;5900:857.0024490297075;3459:857.7580170297075;4818:858.3728970297075;5992:858.8496810297074;6047:863.0382090297074;5708:864.4324890297074;3884:866.9720730297074;3030:867.4700970297074;3347:869.4943050297074;7376:869.9296890297074;2207:870.3385770297075;3446:873.1619850297075;3720:876.1916730297074;5332:877.1831130297074;251:877.9306890297074;2711:879.0685050297075;3358:881.2835130297075;2296:889.5845130297075;5495:889.8013530297076;5697:890.9051130297075;5497:891.6025530297076;5500:894.5097930297076;670:895.9071930297075;5502:898.2546330297075;5512:901.7763930297075;5520:904.2303930297074;5531:905.9273130297074;6313:906.9523530297074;6632:909.2493930297074;6644:910.8206730297075;3793:912.6698730297074;6319:913.5855930297074;7102:914.0636730297074;3741:914.6033130297074;7384:922.2623130297073;6414:927.4694730297074;5446:929.7372330297073;2447:933.6733530297073;2571:941.2622730297073;42:945.9302730297073;2577:946.6027530297073;2566:955.2018330297072;3033:955.8327930297072;3036:958.1023530297072;2469:961.6946730297071;2404:965.0181930297072;2235:966.3015930297072;3762:966.7250250297072;5287:967.2640890297073;310:970.0543050297073;2280:970.6534170297073;1447:971.0993130297072;6261:974.9773050297072;3764:975.9830010297071;4397:976.5336570297071;4745:976.7599530297072;4182:981.2137290297071;4187:983.8757850297071;4191:984.6140730297071;4195:999.0773610297072;4202:1000.0798890297071;4208:1001.0615370297071;537:1002.015537029707;18:1007.883105029707;5629:1013.732529029707;1068:1016.2849290297071;2559:1023.3355290297071;6740:1027.806153029707;1717:1033.639881029707;2067:1034.377665029707;2063:1035.093921029707;1937:1038.363873029707;6789:1048.900281029707;3895:1050.167265029707;5465:1057.699185029707;7450:1058.683425029707;2993:1060.5887410478058
0,2,default_vehtype,route,False,840.0,1120.0016795881152,2980;-1;-1,2966;-1;-1,1989.2821103102237,0.7723141524921924,0.7721152242811614,0.0,,0,,0,,,2980;914;2135;1730;2664;2579;2961;2407;2581;370;361;2874;1887;1805;363;366;2314;2877;1748;2880;906;984;2268;1857;1806;1371;938;5442;4054;2205;1369;2047;1337;1873;1939;665;666;1885;668;1415;1041;1623;1383;2333;2966,2980:840;914:855.8821707356576;2135:863.8330278785147;1730:879.2893707356576;2664:881.1114850213719;2579:885.9874278785147;2961:902.7582850213719;2407:908.0070850213718;2581:916.494342164229;370:918.077190164229;361:920.5742941642291;2874:921.160302164229;1887:926.8156861642291;1805:927.846366164229;363:934.755054164229;366:936.160134164229;2314:937.305006164229;2877:950.476110164229;1748:951.594630164229;2880:952.756422164229;906:964.981734164229;984:967.751430164229;2268:968.499294164229;1857:968.8852141642291;1806:969.5473981642291;1371:970.2175741642291;938:972.7987021642291;5442:982.5193501642291;4054:990.1593421642291;2205:995.9117821642291;1369:1002.357942164229;2047:1003.300998164229;1337:1004.262342164229;1873:1020.739758164229;1939:1021.080750164229;665:1021.602822164229;666:1022.471934164229;1885:1023.457758164229;668:1036.8281581642289;1415:1037.4572221642288;1041:1054.1437364499432;1623:1058.5269935928004;1383:1069.612422164229;2333:1109.7663078785147;2966:1120.0016795881152
0,3,default_vehtype,route,False,1013.8384785317231,1125.7830380172325,2977;-1;-1,2986;-1;-1,1060.4065922814566,0.8227984483333282,0.8226924076741,0.0,,0,10;8,2,,,2977;6202;7315;7530;2803;7558;2806;4344;2996;3013;7322;2804;3061;1173;3425;4304;793;118;3979;4275;103;6480;7360;2986,2977:1013.8384785317231;6202:1017.731570634835;7315:1024.626890634835;7530:1031.842370634835;2803:1039.397330634835;7558:1046.792330634835;2806:1054.626170634835;4344:1055.829170634835;2996:1057.872650634835;3013:1062.657770634835;7322:1066.668410634835;2804:1069.995170634835;3061:1076.663210634835;1173:1082.261570634835;3425:1083.444530634835;4304:1084.846850634835;793:1096.962410634835;118:1102.826690634835;3979:1104.6772346348348;4275:1105.2685706348348;103:1106.4114986348347;6480:1119.7332266348346;7360:1125.2351066348347;2986:1125.7830380172325
0,4,default_vehtype,boarding,True,1060.5887410478058,1090.5887410478058,2993;-1;-1,2993;-1;-1,0.0,0.94525568795488,0.94525568795488,0.0,,0,6,1,6,,,
0,1,default_vehtype,route,False,1043.2370619400033,1156.7995851080957,2976;-1;-1,2982;-1;-1,828.4892168769599,0.8569431248816405,0.8568602759599527,0.0,,0,9,1,,,2976;7557;7316;7531;2802;2251;7515;7037;7512;3274;2902;3901;7011;7336;4365;7288;1182;1001;6296;6301;2298;2295;2293;4102;4325;7285;1218;2982,2976:1043.2370619400033;7557:1048.2274153106637;7316:1055.6224153106637;7531:1063.1773753106636;2802:1070.3928553106637;2251:1077.2881753106637;7515:1078.1492953106638;7037:1085.4612553106638;7512:1092.6946153106637;3274:1104.0406153106637;2902:1104.1522153106637;3901:1104.6202153106638;7011:1106.6011753106638;7336:1109.508655310664;4365:1117.089775310664;7288:1118.212975310664;1182:1119.1298953106639;1001:1124.4210553106639;6296:1126.7803753106639;6301:1131.7226610249495;2298:1136.0046038820924;2295:1140.2865467392353;2293:1145.228832453521;4102:1147.588152453521;4325:1152.879312453521;7285:1153.7962324535208;1218:1154.9194324535208;2982:1156.7995851080957
0,1,default_vehtype,boarding,True,1156.7995851080957,1186.7995851080957,2982;-1;-1,2982;-1;-1,0.0,0.8568602759599527,0.8568602759599527,0.0,,0,9,1,,9,,
0,2,default_vehtype,boarding,True,1120.0016795881152,1150.0016795881152,2966;-1;-1,2966;-1;-1,0.0,0.7721152242811614,0.7721152242811614,0.0,,0,7,1,7,,,
0,3,default_vehtype,boarding,True,1125.7830380172325,1155.7830380172325,2986;-1;-1,2986;-1;-1,0.0,0.8226924076741,0.8226924076741,0.0,,0,10;8,2,,8,,
0,2,default_vehtype,route,False,1150.0016795881152,1253.091859729454,2966;-1;-1,2967;-1;-1,889.10574341502,0.7721152242811614,0.77202631370682,0.0,,0,7,1,,,2966;2743;2631;2150;735;738;2470;734;1815;739;1724;1962;1910;164;1354;197;1311;7;1963;1308;482;7613;2611;1307;2876;1960;2967,2966:1150.0016795881152;2743:1157.8455078785148;2631:1161.8569364499433;2150:1178.787222164229;735:1189.2693935928005;738:1195.437222164229;2470:1196.386902164229;734:1196.595774164229;1815:1197.603990164229;739:1198.4445181642288;1724:1214.9022061642288;1962:1215.9590221642288;1910:1216.7812621642288;164:1217.7324541642288;1354:1218.6889741642287;197:1220.8982221642286;1311:1232.4329821642286;7:1236.1279501642287;1963:1236.5364061642285;1308:1236.8976301642285;482:1241.4522781642286;7613:1242.7764301642285;2611:1246.6727821642285;1307:1247.9885101642285;2876:1250.6552461642284;1960:1251.6394861642284;2967:1253.091859729454
0,1,default_vehtype,route,False,1186.7995851080957,1266.4714832075522,2982;-1;-1,2977;-1;-1,552.6256270192777,0.8568602759599527,0.8568050133972507,0.0,,0,,0,,,2982;2809;7010;820;7498;276;2915;2661;7517;6201;7314;7529;7535;2931;2929;2927;2802;2977,2982:1186.7995851080957;2809:1192.5005524535209;7010:1195.408032453521;820:1197.388992453521;7498:1197.8569924535211;276:1197.968592453521;2915:1209.314592453521;2661:1216.547952453521;7517:1223.859912453521;6201:1224.721032453521;7314:1231.6163524535211;7529:1238.8318324535212;7535:1243.891375310664;2931:1247.5428038820926;2929:1251.1942324535212;2927:1256.253775310664;2802:1263.469255310664;2977:1266.4714832075522
0,1,default_vehtype,boarding,True,1266.4714832075522,1296.4714832075522,2977;-1;-1,2977;-1;-1,0.0,0.8568050133972507,0.8568050133972507,0.0,,0,11,1,11,,,
0,2,default_vehtype,boarding,True,1253.091859729454,1283.091859729454,2967;-1;-1,2967;-1;-1,0.0,0.77202631370682,0.77202631370682,0.0,,0,7,1,,7,,
0,2,default_vehtype,route,False,1283.091859729454,1311.631014629283,2967;-1;-1,2992;-1;-1,396.3771513865149,0.77202631370682,0.7719866759916814,0.0,,0,,0,,,2967;3896;6788;5444;1716;2720;4210;2067;2063;1937;2992,2967:1283.091859729454;3896:1289.1714061642285;6788:1290.4383901642286;5444:1300.9747981642286;1716:1303.7651581642285;2720:1304.5117981642286;4210:1305.4100701642285;2067:1306.3106461642285;2063:1307.0269021642284;1937:1310.2968541642285;2992:1311.631014629283
0,4,default_vehtype,route,False,1090.5887410478058,1299.3130360152993,2993;-1;-1,2988;-1;-1,2316.5181602628086,0.94525568795488,0.9450240361388538,0.0,,0,6,1,,,2993;4483;7446;1960;816;6786;5444;1716;2720;4210;1711;98;2497;7434;2760;542;1074;1071;1070;1069;1067;1504;4396;710;2281;4664;6260;3300;1832;708;6180;2405;6169;2744;2567;2576;3077;3241;88;2758;2742;2448;2353;6140;7386;3742;7100;6318;737;6639;2446;2301;1992;1990;1988;1985;3729;5498;5496;5699;5494;6307;374;7114;3246;5330;661;445;6080;7381;364;3029;69;30;3346;2832;2207;2988,2993:1090.5887410478058;4483:1091.350161029707;7446:1094.0168970297068;1960:1095.0011370297068;816:1102.5330570297067;6786:1103.8000410297068;5444:1114.3364490297067;1716:1117.1268090297067;2720:1117.8734490297068;4210:1118.7717210297067;1711:1119.9014010297067;98:1128.5172090297067;2497:1130.0278410297067;7434:1137.2356890297067;2760:1143.7742250297067;542:1151.3023290297067;1074:1152.2357370297068;1071:1153.2382650297068;1070:1167.7015530297067;1069:1168.4398410297067;1067:1171.1018970297066;1504:1175.5556730297067;4396:1175.7819690297067;710:1176.3326250297066;2281:1177.3383210297065;4664:1181.2163130297065;6260:1181.6622090297064;3300:1182.2613210297066;1832:1185.0515370297067;708:1185.5906010297067;6180:1186.0140330297068;2405:1188.2364330297069;6169:1191.7135530297069;2744:1196.314113029707;2567:1198.157073029707;2576:1206.645633029707;3077:1208.778273029707;3241:1211.907153029707;88:1213.833993029707;2758:1215.797433029707;2742:1216.203873029707;2448:1219.389513029707;2353:1225.590393029707;6140:1230.761433029707;7386:1232.1038730297068;3742:1239.762873029707;7100:1240.302513029707;6318:1240.780593029707;737:1241.696313029707;6639:1243.545513029707;2446:1245.116793029707;2301:1247.413833029707;1992:1248.4388730297069;1990:1250.135793029707;1988:1252.589793029707;1985:1256.111553029707;3729:1258.458993029707;5498:1259.856393029707;5496:1262.763633029707;5699:1263.461073029707;5494:1264.564833029707;6307:1264.781673029707;374:1273.082673029707;7114:1275.2976810297068;3246:1276.4354970297068;5330:1277.1830730297067;661:1278.1745130297068;445:1281.2042010297068;6080:1284.0276090297068;7381:1284.4364970297067;364:1284.8718810297069;3029:1286.896089029707;69:1291.0283747439926;30:1295.1606604582782;3346:1297.1848684582783;2832:1297.6202524582784;2207:1298.0291404582783;2988:1299.3130360152993
0,2,default_vehtype,boarding,True,1311.631014629283,1341.631014629283,2992;-1;-1,2992;-1;-1,0.0,0.7719866759916814,0.7719866759916814,0.0,,0,12,1,12,,,
0,3,default_vehtype,route,False,1155.7830380172325,1345.299165704207,2986;-1;-1,2991;-1;-1,2166.975773430211,0.8226924076741,0.822475710096757,0.0,,0,10,1,,,2986;3155;6029;5745;6035;5743;6038;6041;7365;6050;6068;6077;3629;4502;6912;2108;7370;7608;5900;3459;4818;5992;6047;5708;3884;3030;3347;7376;2207;3446;3720;5332;251;2711;3358;2296;5495;5697;5497;5500;670;5502;5512;5520;5531;6313;6632;6644;3793;6319;7102;3741;7384;6414;5446;2447;2571;42;2577;2566;3033;3036;2469;2404;2235;3762;5287;310;2280;1447;6261;3764;4397;4745;4182;4187;4191;4195;4202;4208;537;2991,2986:1155.7830380172325;3155:1156.3269146348346;6029:1157.2880426348345;5745:1158.7796666348345;6035:1160.7030746348346;5743:1162.0725146348345;6038:1164.0879386348345;6041:1165.3642106348345;7365:1172.0273786348346;6050:1174.3009226348345;6068:1178.5272506348344;6077:1179.1729466348345;3629:1180.7302346348345;4502:1181.1931226348345;6912:1186.3415546348344;2108:1188.2379626348345;7370:1194.7646906348346;7608:1194.9940826348345;5900:1198.4657786348346;3459:1199.2213466348346;4818:1199.8362266348347;5992:1200.3130106348347;6047:1204.5015386348346;5708:1205.8958186348345;3884:1208.4354026348346;3030:1208.9334266348346;3347:1210.9576346348347;7376:1211.3930186348348;2207:1211.8019066348347;3446:1214.6253146348347;3720:1217.6550026348348;5332:1218.6464426348348;251:1219.3940186348348;2711:1220.5318346348347;3358:1222.7468426348346;2296:1231.0478426348345;5495:1231.2646826348346;5697:1232.3684426348345;5497:1233.0658826348345;5500:1235.9731226348345;670:1237.3705226348345;5502:1239.7179626348345;5512:1243.2397226348346;5520:1245.6937226348346;5531:1247.3906426348346;6313:1248.4156826348346;6632:1250.7127226348346;6644:1252.2840026348345;3793:1254.1332026348346;6319:1255.0489226348345;7102:1255.5270026348346;3741:1256.0666426348346;7384:1263.7256426348347;6414:1268.9328026348346;5446:1271.2005626348346;2447:1275.1366826348346;2571:1282.7256026348346;42:1287.3936026348345;2577:1288.0660826348344;2566:1296.6651626348344;3033:1297.2961226348343;3036:1299.5656826348343;2469:1303.1580026348342;2404:1306.4815226348342;2235:1307.7649226348342;3762:1308.1883546348342;5287:1308.7274186348343;310:1311.5176346348344;2280:1312.1167466348345;1447:1312.5626426348344;6261:1316.4406346348344;3764:1317.4463306348343;4397:1317.9969866348342;4745:1318.2232826348343;4182:1322.6770586348343;4187:1325.3391146348342;4191:1326.0774026348342;4195:1340.5406906348342;4202:1341.5432186348341;4208:1342.524866634834;537:1343.478866634834;2991:1345.299165704207
0,3,default_vehtype,boarding,True,1345.299165704207,1375.299165704207,2991;-1;-1,2991;-1;-1,0.0,0.822475710096757,0.822475710096757,0.0,,0,10,1,,10,,
0,4,default_vehtype,boarding,True,1299.3130360152993,1329.3130360152993,2988;-1;-1,2988;-1;-1,0.0,0.9450240361388538,0.9450240361388538,0.0,,0,6,1,,6,,
0,1,default_vehtype,route,False,1296.4714832075522,1410.043408456519,2977;-1;-1,2981;-1;-1,969.4191104080555,0.8568050133972507,0.8567080714862099,0.0,,0,11,1,,,2977;6202;7516;7037;7512;3274;2902;3901;7011;7336;4365;7288;4302;5102;7160;7294;2701;3076;4023;7300;1891;827;6499;1803;1141;5241;922;6385;3550;2981,2977:1296.4714832075522;6202:1300.364575310664;7516:1301.225695310664;7037:1308.537655310664;7512:1315.7710153106639;3274:1327.1170153106639;2902:1327.2286153106638;3901:1327.696615310664;7011:1329.677575310664;7336:1332.585055310664;4365:1340.1661753106641;7288:1341.2893753106641;4302:1342.7011753106642;5102:1353.8096953106642;7160:1355.2649353106642;7294:1363.9834153106642;2701:1369.7855353106643;3076:1370.6348953106642;4023:1378.5078553106641;7300:1379.6500153106642;1891:1379.9039353106643;827:1380.9697753106643;6499:1390.3246153106643;1803:1396.2871753106642;1141:1401.7918153106643;5241:1403.3798953106643;922:1404.2958073106643;6385:1407.5174473106642;3550:1407.7792873106641;2981:1410.043408456519
0,3,default_vehtype,route,False,1375.299165704207,1432.052070652933,2991;-1;-1,2993;-1;-1,788.2347909545251,0.822475710096757,0.8223968866176615,0.0,,0,,0,,,2991;3010;5631;1068;2559;6740;1717;2067;2063;1937;6789;3895;5465;7450;2993,2991:1375.299165704207;3010:1379.3464346348342;5631:1385.1958586348342;1068:1387.7482586348342;2559:1394.7988586348342;6740:1399.2694826348343;1717:1405.1032106348343;2067:1405.8409946348343;2063:1406.5572506348342;1937:1409.8272026348343;6789:1420.3636106348342;3895:1421.6305946348343;5465:1429.1625146348342;7450:1430.1467546348342;2993:1432.052070652933
0,4,default_vehtype,route,False,1329.3130360152993,1395.479667428571,2988;-1;-1,2987;-1;-1,918.9809918509917,0.9450240361388538,0.9449321380396687,0.0,,0,,0,,,2988;3447;6082;7383;364;3029;3886;5711;6045;2157;4817;456;5901;7605;2830;1420;1084;7357;2826;2827;4225;2987,2988:1329.3130360152993;3447:1330.8525484582783;6082:1333.6759564582783;7383:1334.0848444582782;364:1334.5202284582783;3029:1336.5444364582784;3886:1337.0424604582784;5711:1339.5820444582785;6045:1340.9763244582784;2157:1345.1648524582783;4817:1345.6416364582783;456:1346.2565164582784;5901:1347.0120844582784;7605:1350.4837804582785;2830:1350.7131724582784;1420:1362.4182844582785;1084:1365.9532684582784;7357:1370.5377964582785;2826:1379.7471004582785;2827:1388.9564044582785;4225:1393.5409324582786;2987:1395.479667428571
0,4,default_vehtype,boarding,True,1395.479667428571,1425.479667428571,2987;-1;-1,2987;-1;-1,0.0,0.9449321380396687,0.9449321380396687,0.0,,0,13,1,13,,,
0,1,default_vehtype,boarding,True,1410.043408456519,1440.043408456519,2981;-1;-1,2981;-1;-1,0.0,0.8567080714862099,0.8567080714862099,0,,0,11,1,,11,,
0,3,default_vehtype,boarding,True,1432.052070652933,1462.052070652933,2993;-1;-1,2993;-1;-1,0.0,0.8223968866176615,0.8223968866176615,0,,0,15,1,15,,,
0,2,default_vehtype,route,False,1341.631014629283,1539.6941074285717,2992;-1;-1,2980;-1;-1,2377.7959948882403,0.7719866759916814,0.7717488963921925,0.0,,0,12,1,,,2992;2526;5444;1716;2720;4210;1711;98;2497;7434;2760;542;1074;4204;5649;5760;205;5793;1407;5826;7411;4686;5074;5295;5274;7181;604;603;602;3851;4573;1400;971;598;1368;591;585;940;1370;939;1903;983;3921;840;2881;5099;1157;2058;2092;915;2980,2992:1341.631014629283;2526:1350.8332621642285;5444:1361.3696701642284;1716:1364.1600301642284;2720:1364.9066701642284;4210:1365.8049421642284;1711:1366.9346221642284;98:1375.5504301642284;2497:1377.0610621642284;7434:1384.2689101642284;2760:1390.8074461642284;542:1398.3355501642284;1074:1399.2689581642285;4204:1400.2506061642284;5649:1401.0513901642285;5760:1406.6097181642285;205:1411.7539741642286;5793:1415.8753261642285;1407:1417.4954701642284;5826:1419.7757821642285;7411:1422.6744301642286;4686:1423.7451421642286;5074:1430.6856541642285;5295:1430.9159101642285;5274:1434.2947261642285;7181:1438.8040141642284;604:1442.3824141642285;603:1443.4459981642285;602:1444.2991261642285;3851:1445.3025181642286;4573:1449.6088381642285;1400:1451.3415181642285;971:1455.1399501642286;598:1456.2072061642286;1368:1457.1675421642287;591:1463.0384941642287;585:1476.2097421642288;940:1482.7896061642289;1370:1489.816230164229;939:1490.512902164229;1903:1491.334494164229;983:1492.317006164229;3921:1496.1151501642291;840:1500.6759901642292;2881:1507.3066141642291;5099:1508.459478164229;1157:1513.198621021372;2058:1518.9884495928006;2092:1522.3775924499434;915:1527.495763878515;2980:1539.6941074285717
0,3,default_vehtype,route,False,1462.052070652933,1525.8485116828876,2993;-1;-1,2969;-1;-1,886.0616809715947,0.8223968866176615,0.8223082804495643,0.0,,0,15,1,,,2993;4483;7446;1960;816;6786;5444;1716;2720;4210;1711;98;2497;7434;2760;542;1074;336;2969,2993:1462.052070652933;4483:1462.8134906348341;7446:1465.480226634834;1960:1466.464466634834;816:1473.996386634834;6786:1475.263370634834;5444:1485.799778634834;1716:1488.590138634834;2720:1489.336778634834;4210:1490.235050634834;1711:1491.364730634834;98:1499.980538634834;2497:1501.491170634834;7434:1508.699018634834;2760:1515.237554634834;542:1522.765658634834;1074:1523.699066634834;336:1524.722186634834;2969:1525.8485116828876
0,3,default_vehtype,boarding,True,1525.8485116828876,1555.8485116828876,2969;-1;-1,2969;-1;-1,0.0,0.8223082804495643,0.8223082804495643,0.0,,0,15,1,,15,,
0,4,default_vehtype,route,False,1425.479667428571,1552.905461495131,2987;-1;-1,2984;-1;-1,1389.2919531006644,0.9449321380396687,0.9447932088443586,0.0,,0,13,1,,,2987;4613;1084;7357;3525;6025;3063;6027;7362;2188;2186;5744;6033;5746;6031;146;2828;2376;3091;4274;880;3109;3874;4306;429;4313;68;7318;7325;3011;4;4345;1199;1204;2996;2984,2987:1425.479667428571;4613:1427.0759164582787;1084:1430.6109004582786;7357:1435.1954284582787;3525:1446.0742684582788;6025:1447.8157324582787;3063:1449.0804124582787;6027:1450.3823884582787;7362:1454.3906284582786;2188:1461.0537964582786;2186:1462.3300684582787;5744:1464.3454924582786;6033:1465.7149324582786;5746:1467.6383404582787;6031:1469.1299644582787;146:1470.0910924582786;2828:1471.1829004582785;2376:1476.6847804582785;3091:1490.0065084582784;4274:1491.1494364582784;880:1491.7407724582783;3109:1493.5913164582782;3874:1499.4555964582783;4306:1511.5711564582782;429:1512.9734764582781;4313:1514.1564364582782;68:1519.7547964582782;7318:1526.4228364582782;7325:1529.7495964582781;3011:1533.760236458278;4:1538.545356458278;4345:1540.5888364582781;1199:1544.579179315421;1204:1548.569522172564;2996:1550.613002172564;2984:1552.905461495131
0,1,default_vehtype,route,False,1440.043408456519,1572.6300580646953,2981;-1;-1,2977;-1;-1,993.5818895919446,0.8567080714862099,0.8566087132972506,0.0,,0,,0,,,2981;6320;7278;2411;1661;7283;796;751;4635;6299;4102;4325;7285;1218;7334;7010;820;7498;276;2915;2661;7517;6201;7314;7529;7535;2931;2929;2927;2802;2977,2981:1440.043408456519;6320:1443.4165273106642;7278:1446.935287310664;2411:1452.770407310664;1661:1458.570247310664;7283:1459.619287310664;796:1468.411807310664;751:1470.319687310664;4635:1475.428327310664;6299:1481.387407310664;4102:1483.746727310664;4325:1489.037887310664;7285:1489.954807310664;1218:1491.078007310664;7334:1498.659127310664;7010:1501.566607310664;820:1503.5475673106641;7498:1504.0155673106642;276:1504.1271673106642;2915:1515.4731673106642;2661:1522.7065273106641;7517:1530.018487310664;6201:1530.8796073106641;7314:1537.7749273106642;7529:1544.9904073106643;7535:1550.049950167807;2931:1553.7013787392357;2929:1557.3528073106643;2927:1562.412350167807;2802:1569.6278301678071;2977:1572.6300580646953
0,1,default_vehtype,boarding,True,1572.6300580646953,1602.6300580646953,2977;-1;-1,2977;-1;-1,0.0,0.8566087132972506,0.8566087132972506,0.0,,0,16,1,16,,,
0,2,default_vehtype,boarding,True,1539.6941074285717,1569.6941074285717,2980;-1;-1,2980;-1;-1,0.0,0.7717488963921925,0.7717488963921925,0.0,,0,12,1,,12,,
0,4,default_vehtype,boarding,True,1552.905461495131,1582.905461495131,2984;-1;-1,2984;-1;-1,0.0,0.9447932088443586,0.9447932088443586,0.0,,0,13;17,2,17,13,,
0,1,default_vehtype,route,False,1602.6300580646953,1620.0,2977;-1;-1,7037;7512;0.733,144.74951612754006,0.8566087132972506,0.8565942383456379,0.0,,0,16,1,,,2977;6202;7516;7037,2977:1602.6300580646953;6202:1606.523150167807;7516:1607.384270167807;7037:1614.696230167807
0,1,default_vehtype,route,False,1620,1651.0370734727794,7037;7512;0.733,2978;-1;-1,258.6422789398278,0.8565942383456379,0.8565683741177439,0.0,,0,16,1,,,7037;7512;3274;2902;3901;7011;7336;4365;7288;1182;2978,7037:1620;7512:1621.929590167807;3274:1633.275590167807;2902:1633.387190167807;3901:1633.855190167807;7011:1635.836150167807;7336:1638.7436301678072;4365:1646.3247501678072;7288:1647.4479501678072;1182:1648.364870167807;2978:1651.0370734727794
0,1,default_vehtype,boarding,True,1651.0370734727794,1681.0370734727794,2978;-1;-1,2978;-1;-1,0.0,0.8565683741177439,0.8565683741177439,0.0,,0,16;21,2,21,,,
0,1,default_vehtype,route,False,1681.0370734727794,1718.4625346030084,2978;-1;-1,2979;-1;-1,311.87884275190765,0.8565683741177439,0.8565371862334688,0.0,,0,16;21,2,,,2978;4103;6297;1434;3820;3877;2787;4993;6537;2979,2978:1681.0370734727794;4103:1683.656030167807;6297:1686.0153501678071;1434:1691.9744301678072;3820:1697.0830701678071;3877:1698.9909501678071;2787:1707.783470167807;4993:1708.8325101678072;6537:1714.632350167807;2979:1718.4625346030084
0,2,default_vehtype,route,False,1569.6941074285717,1688.142738738655,2980;-1;-1,2981;-1;-1,632.2576748681245,0.7717488963921925,0.7716856706247056,0.0,,0,,0,,,2980;914;2135;1730;2664;2579;2961;2407;2581;370;361;2874;1887;4059;910;6541;3462;3648;2851;2850;1801;1560;5242;922;6385;3550;2981,2980:1569.6941074285717;914:1585.5762781642293;2135:1593.5271353070864;1730:1608.9834781642292;2664:1610.8055924499433;2579:1615.6815353070863;2961:1632.4523924499433;2407:1637.7011924499434;2581:1646.1884495928005;370:1647.7712975928005;361:1650.2684015928005;2874:1650.8544095928005;1887:1656.5097935928004;4059:1658.4290975928004;910:1662.9452975928004;6541:1663.6094255928003;3462:1665.8230655928003;3648:1666.1528255928004;2851:1670.8270655928004;2850:1671.7604255928004;1801:1675.0561055928003;1560:1679.7965855928003;5242:1681.4792255928003;922:1682.3951375928002;6385:1685.6167775928002;3550:1685.8786175928;2981:1688.142738738655
0,2,default_vehtype,boarding,True,1688.142738738655,1718.142738738655,2981;-1;-1,2981;-1;-1,0.0,0.7716856706247056,0.7716856706247056,0.0,,0,20,1,20,,,
0,3,default_vehtype,route,False,1560.0,1708.291518057973,2969;-1;-1,2989;-1;-1,1515.7712891050307,0.8223082804495643,0.8221567033206537,0.0,,0,,0,,,2969;7192;1664;337;1075;4198;1071;1070;1069;1067;1504;4396;710;2281;4664;6260;3300;1832;708;6180;2405;6169;2744;2567;2576;3077;3241;88;2758;2742;2448;2353;6140;7386;3742;7100;6318;737;6639;2446;2301;1992;1990;1988;1985;3729;5498;5496;5699;5494;5695;3307;3987;6878;2989,2969:1560;7192:1563.6036429519463;1664:1566.8575389519463;337:1574.6177709519463;1075:1575.6416109519464;4198:1576.6232589519464;1071:1577.6257869519463;1070:1592.0890749519463;1069:1592.8273629519463;1067:1595.4894189519462;1504:1599.9431949519462;4396:1600.1694909519463;710:1600.7201469519462;2281:1601.725842951946;4664:1605.603834951946;6260:1606.049730951946;3300:1606.648842951946;1832:1609.4390589519462;708:1609.9781229519463;6180:1610.4015549519463;2405:1612.6239549519464;6169:1616.1010749519464;2744:1620.7016349519465;2567:1622.5445949519465;2576:1631.0331549519465;3077:1633.1657949519465;3241:1636.2946749519465;88:1638.2215149519466;2758:1640.1849549519466;2742:1640.5913949519465;2448:1643.7770349519465;2353:1649.9779149519466;6140:1655.1489549519465;7386:1656.4913949519464;3742:1664.1503949519465;7100:1664.6900349519465;6318:1665.1681149519466;737:1666.0838349519465;6639:1667.9330349519466;2446:1669.5043149519465;2301:1671.8013549519465;1992:1672.8263949519464;1990:1674.5233149519465;1988:1676.9773149519465;1985:1680.4990749519466;3729:1682.8465149519466;5498:1684.2439149519466;5496:1687.1511549519466;5699:1687.8485949519466;5494:1688.9523549519465;5695:1689.7150749519465;3307:1700.4535149519465;3987:1707.2806749519466;6878:1707.8840349519467;2989:1708.291518057973
0,3,default_vehtype,boarding,True,1708.291518057973,1738.291518057973,2989;-1;-1,2989;-1;-1,0.0,0.8221567033206537,0.8221567033206537,0.0,,0,18;19,2,18;19,,,
0,1,default_vehtype,boarding,True,1718.4625346030084,1748.4625346030084,2979;-1;-1,2979;-1;-1,0.0,0.8565371862334688,0.8565371862334688,0.0,,0,16;21,2,,16;21,,
0,2,default_vehtype,route,False,1718.142738738655,1754.3219791708589,2981;-1;-1,2979;-1;-1,176.13052741122,0.7716856706247056,0.7716680575719644,0.0,,0,20,1,,,2981;6320;7278;2411;6281;2286;2287;6538;2979,2981:1718.142738738655;6320:1721.5158575928;7278:1725.0346175928;2411:1730.8697375928;6281:1735.9138518785144;2286:1740.6807661642288;2287:1745.4476804499432;6538:1750.4917947356575;2979:1754.3219791708589
0,2,default_vehtype,boarding,True,1754.3219791708589,1784.3219791708589,2979;-1;-1,2979;-1;-1,0.0,0.7716680575719644,0.7716680575719644,0.0,,0,20,1,,20,,
0,4,default_vehtype,route,False,1582.905461495131,1749.1062459895686,2984;-1;-1,2972;-1;-1,1890.1043999290785,0.9447932088443586,0.9446041984043656,0.0,,0,17,1,,,2984;3012;7321;2804;3061;1173;3425;4304;793;118;3979;4275;103;6480;7360;3154;6028;5745;6035;5743;6038;6041;7365;6050;6068;6077;3629;4502;6912;2108;7370;7608;5900;3459;4818;5992;6047;5708;3884;3030;3347;7376;2207;3446;3720;5332;251;2711;3358;2296;5681;2294;2035;6308;374;7114;3246;5330;661;445;2972,2984:1582.905461495131;3012:1585.398122172564;7321:1589.408762172564;2804:1592.7355221725638;3061:1599.4035621725639;1173:1605.0019221725638;3425:1606.184882172564;4304:1607.5872021725638;793:1619.7027621725638;118:1625.5670421725638;3979:1627.4175861725637;4275:1628.0089221725636;103:1629.1518501725636;6480:1642.4735781725635;7360:1647.9754581725635;3154:1649.0672661725634;6028:1650.0283941725634;5745:1651.5200181725634;6035:1653.4434261725635;5743:1654.8128661725634;6038:1656.8282901725634;6041:1658.1045621725634;7365:1664.7677301725635;6050:1667.0412741725634;6068:1671.2676021725633;6077:1671.9132981725634;3629:1673.4705861725633;4502:1673.9334741725634;6912:1679.0819061725633;2108:1680.9783141725634;7370:1687.5050421725634;7608:1687.7344341725634;5900:1691.2061301725635;3459:1691.9616981725635;4818:1692.5765781725636;5992:1693.0533621725635;6047:1697.2418901725634;5708:1698.6361701725634;3884:1701.1757541725635;3030:1701.6737781725635;3347:1703.6979861725636;7376:1704.1333701725637;2207:1704.5422581725636;3446:1707.3656661725636;3720:1710.3953541725637;5332:1711.3867941725637;251:1712.1343701725636;2711:1713.2721861725636;3358:1715.4871941725635;2296:1723.7881941725634;5681:1726.1821941725634;2294:1727.513679886849;2035:1728.8451656011348;6308:1731.2391656011348;374:1739.5401656011347;7114:1741.7551736011346;3246:1742.8929896011346;5330:1743.6405656011345;661:1744.6320056011346;445:1747.6616936011346;2972:1749.1062459895686
0,4,default_vehtype,boarding,True,1749.1062459895686,1779.1062459895686,2972;-1;-1,2972;-1;-1,0.0,0.9446041984043656,0.9446041984043656,0.0,,0,17,1,,17,,
0,1,default_vehtype,route,False,1748.4625346030084,1800.0,2979;-1;-1,2314;2877;0.159,567.3982662648934,0.8565371862334688,0.8564804464068423,0.0,,0,,0,,,2979;2786;2307;3549;6384;4032;1804;4811;5237;608;459;2416;4011;5246;363;366;2314,2979:1748.4625346030084;2786:1750.4674701678073;2307:1753.9862301678072;3549:1759.6234701678072;6384:1759.8853101678071;4032:1763.106950167807;1804:1764.022862167807;4811:1765.705502167807;5237:1770.445982167807;608:1779.312062167807;459:1779.641822167807;2416:1781.855462167807;4011:1782.5195901678069;5246:1788.4447581678069;363:1795.3534461678069;366:1796.7585261678068;2314:1797.903398167807
0,2,default_vehtype,route,False,1784.3219791708589,1800.0,2979;-1;-1,1804;4277;0.074,153.63657357617726,0.7716680575719644,0.7716526939146068,0.0,,0,,0,,,2979;2786;2307;3549;6384;4032;1804,2979:1784.3219791708589;2786:1786.3269147356577;2307:1789.8456747356577;3549:1795.4829147356577;6384:1795.7447547356576;4032:1798.9663947356576;1804:1799.8823067356575
0,3,default_vehtype,route,False,1738.291518057973,1800.0,2989;-1;-1,2830;5852;0.697,694.9620442282967,0.8221567033206537,0.8220872071162308,0.0,,0,18;19,2,,,2989;3808;6876;885;316;2042;1982;6306;374;7114;3246;5330;661;445;6080;7381;364;3029;3886;5711;6045;2157;4817;456;5901;7605;2830,2989:1738.291518057973;3808:1738.9520349519466;6876:1740.0200349519466;885:1740.6233949519467;316:1747.4505549519467;2042:1758.1889949519468;1982:1758.9517149519468;6306:1759.1685549519468;374:1767.4695549519467;7114:1769.6845629519466;3246:1770.8223789519466;5330:1771.5699549519466;661:1772.5613949519466;445:1775.5910829519466;6080:1778.4144909519466;7381:1778.8233789519466;364:1779.2587629519467;3029:1781.2829709519467;3886:1781.7809949519467;5711:1784.3205789519468;6045:1785.7148589519468;2157:1789.9033869519467;4817:1790.3801709519466;456:1790.9950509519467;5901:1791.7506189519468;7605:1795.2223149519468;2830:1795.4517069519468
0,2,default_vehtype,route,True,1800.0,1911.5157361008223,1804;4277;0.074,2985;-1;-1,941.782852868882,0.7716526939146068,0.7715585156293199,0.0,,0,,0,,,1804;4277;5239;6501;3911;5389;7301;3914;5398;5400;4040;4041;5374;5418;5424;5403;6546;1200;7312;3767;4527;3089;3131;5447;7352;414;122;3426;4305;793;118;3979;2985,1804:1800;4277:1801.4703867356575;5239:1806.9750267356576;6501:1812.9375867356575;3911:1822.2924267356575;5389:1823.3582667356575;7301:1823.6121867356576;3914:1824.7958667356577;5398:1825.9727067356578;5400:1827.2993067356579;4040:1836.6041067356578;4041:1839.5484267356578;5374:1843.8009867356577;5418:1844.8382667356577;5424:1844.9815467356577;5403:1846.0868667356576;6546:1850.3137467356576;1200:1854.9228267356575;7312:1856.4165867356576;3767:1858.4229867356576;4527:1861.2198267356575;3089:1869.6294267356575;3131:1870.1096667356576;5447:1872.4973067356575;7352:1873.8086667356574;414:1876.2783867356575;122:1888.6327467356575;3426:1889.8862667356575;4305:1891.2885867356574;793:1903.4041467356574;118:1909.2684267356574;3979:1911.1189707356573;2985:1911.5157361008223
0,3,default_vehtype,route,True,1800.0,1865.2586742078593,2830;5852;0.697,2975;-1;-1,862.6539903540905,0.8220872071162308,0.8220009417171955,0.0,,0,18;19,2,,,2830;5852;6913;1321;597;2204;6066;6049;7367;2188;2186;5744;6033;5746;6031;146;2828;2376;3091;4274;880;3109;3874;2975,2830:1800;5852:1801.9784349519468;6913:1803.874842951947;1321:1809.0232749519469;597:1809.4861629519469;2204:1811.0434509519469;6066:1811.689146951947;6049:1815.9154749519469;7367:1818.1890189519468;2188:1824.8521869519468;2186:1826.1284589519469;5744:1828.1438829519468;6033:1829.5133229519467;5746:1831.4367309519469;6031:1832.9283549519469;146:1833.8894829519468;2828:1834.9812909519467;2376:1840.4831709519467;3091:1853.8048989519466;4274:1854.9478269519466;880:1855.5391629519465;3109:1857.3897069519464;3874:1863.2539869519464;2975:1865.2586742078593
0,3,default_vehtype,boarding,True,1865.2586742078593,1895.2586742078593,2975;-1;-1,2975;-1;-1,0.0,0.8220009417171955,0.8220009417171955,0.0,,0,18;19,2,,19,,
0,4,default_vehtype,route,False,1779.1062459895686,1895.6394814800515,2972;-1;-1,2990;-1;-1,1039.5758047071677,0.9446041984043656,0.9445002408238949,0.0,,0,,0,,,2972;6079;3446;3720;5332;251;2711;3358;2296;5495;5696;3307;3987;6878;746;2834;2045;2835;2641;7396;2616;486;2838;3722;3732;544;7400;5449;2990,2972:1779.1062459895686;6079:1780.4851016011346;3446:1783.3085096011346;3720:1786.3381976011347;5332:1787.3296376011347;251:1788.0772136011346;2711:1789.2150296011346;3358:1791.4300376011345;2296:1799.7310376011344;5495:1799.9478776011345;5696:1800.7105976011344;3307:1811.4490376011345;3987:1818.2761976011345;6878:1818.8795576011346;746:1819.9475576011346;2834:1824.0119576011346;2045:1838.5501976011346;2835:1840.9152776011347;2641:1850.1263576011347;7396:1850.7207176011348;2616:1856.0823176011347;486:1856.9940776011347;2838:1863.3187976011347;3722:1866.8380376011348;3732:1889.287757601135;544:1891.977317601135;7400:1893.052877601135;5449:1894.251917601135;2990:1895.6394814800515
0,1,default_vehtype,route,True,1800.0,1924.549915215861,2314;2877;0.159,2969;-1;-1,1729.8599335536187,0.8564804464068423,0.8563074604134869,0.0,,0,,0,,,2314;2877;1748;2880;906;984;2268;1857;1806;1371;938;5442;4054;2205;1369;2047;3631;4079;4572;4577;778;3636;3639;3642;7178;5275;5297;5072;1464;2847;5825;4587;5794;3202;2065;2023;4203;4198;336;2969,2314:1800;2877:1811.074502167807;1748:1812.193022167807;2880:1813.354814167807;906:1825.580126167807;984:1828.3498221678071;2268:1829.097686167807;1857:1829.483606167807;1806:1830.145790167807;1371:1830.8159661678071;938:1833.3970941678072;5442:1843.1177421678071;4054:1850.757734167807;2205:1856.510174167807;1369:1862.956334167807;2047:1863.899390167807;3631:1865.462222167807;4079:1866.5294781678072;4572:1870.3279101678072;4577:1872.0605901678073;778:1876.3669101678072;3636:1877.3703021678073;3639:1878.2234301678072;3642:1879.2870141678072;7178:1882.8654141678073;5275:1887.3747021678073;5297:1890.7535181678072;5072:1890.9837741678073;1464:1897.9242861678072;2847:1898.9949981678071;5825:1901.8936461678072;4587:1904.1739581678073;5794:1905.7941021678073;3202:1909.9154541678072;2065:1915.0597101678072;2023:1920.6180381678073;4203:1921.4188221678073;4198:1922.4004701678073;336:1923.4235901678073;2969:1924.549915215861
0,1,default_vehtype,boarding,True,1924.549915215861,1954.549915215861,2969;-1;-1,2969;-1;-1,0.0,0.8563074604134869,0.8563074604134869,0.0,,0,24,1,24,,,
0,2,default_vehtype,boarding,True,1911.5157361008223,1941.5157361008223,2985;-1;-1,2985;-1;-1,0.0,0.7715585156293199,0.7715585156293199,0.0,,0,22,1,22,,,
0,3,default_vehtype,route,True,1895.2586742078593,1968.5917348488344,2975;-1;-1,2977;-1;-1,611.1088386747941,0.8220009417171955,0.8219398308333281,0.0,,0,18,1,,,2975;1166;429;4313;68;7318;7325;3011;4;4345;7330;7562;7316;7531;2802;2977,2975:1895.2586742078593;1166:1905.3695469519464;429:1906.7718669519463;4313:1907.9548269519464;68:1913.5531869519464;7318:1920.2212269519464;7325:1923.5479869519463;3011:1927.5586269519463;4:1932.3437469519463;4345:1934.3872269519463;7330:1935.5902269519463;7562:1943.4240669519463;7316:1950.8190669519463;7531:1958.3740269519462;2802:1965.5895069519463;2977:1968.5917348488344
0,4,default_vehtype,boarding,True,1895.6394814800515,1925.6394814800515,2990;-1;-1,2990;-1;-1,0.0,0.9445002408238949,0.9445002408238949,0.0,,0,25,1,25,,,
0,3,default_vehtype,boarding,True,1968.5917348488344,1998.5917348488344,2977;-1;-1,2977;-1;-1,0.0,0.8219398308333281,0.8219398308333281,0,,0,18,1,,18,,
0,2,default_vehtype,route,True,1941.5157361008223,2071.172419390232,2985;-1;-1,2982;-1;-1,1095.1193087163879,0.7715585156293199,0.7714490036984483,0.0,,0,22,1,,,2985;1140;880;3109;3874;4306;429;3125;3406;2825;1944;130;99;4526;714;2800;4339;2419;5404;5421;1925;1883;926;925;5399;1905;830;2795;918;3075;7097;7290;2736;1744;1164;2789;1218;2982,2985:1941.5157361008223;1140:1941.7103067356572;880:1942.3016427356572;3109:1944.152186735657;3874:1950.016466735657;4306:1962.132026735657;429:1963.534346735657;3125:1964.787866735657;3406:1977.142226735657;2825:1979.611946735657;1944:1980.923306735657;130:1983.310946735657;99:1983.791186735657;4526:1992.200786735657;714:1994.997626735657;2800:1997.004026735657;4339:1998.497786735657;2419:2003.106866735657;5404:2007.3337467356569;5421:2008.4390667356568;1925:2008.5823467356568;1883:2009.6196267356568;926:2013.8721867356567;925:2016.8165067356567;5399:2026.1213067356566;1905:2027.4479067356567;830:2028.6247467356568;2795:2029.808426735657;918:2030.950586735657;3075:2038.823546735657;7097:2039.6729067356569;7290:2045.475026735657;2736:2054.193506735657;1744:2055.648746735657;1164:2066.757266735657;2789:2068.169066735657;1218:2069.292266735657;2982:2071.172419390232
0,2,default_vehtype,boarding,True,2071.172419390232,2101.172419390232,2982;-1;-1,2982;-1;-1,0.0,0.7714490036984483,0.7714490036984483,0.0,,0,22,1,,22,,
0,4,default_vehtype,route,False,1925.6394814800515,2150.3845902557096,2990;-1;-1,2982;-1;-1,1872.8759064638186,0.9445002408238949,0.9443129532332486,0.0,,0,25,1,,,2990;2552;1946;7401;3551;3849;7263;5060;3728;4936;1207;2554;4974;5249;6709;2464;7135;1193;552;2755;7131;3567;888;712;2718;754;611;1812;1186;7311;4339;2419;5404;5421;1925;1883;926;925;5399;1905;830;2795;918;3075;7097;7290;2736;1744;1164;2789;1218;2982,2990:1925.6394814800515;2552:1928.5051976011348;1946:1932.7584776011347;7401:1933.9575176011347;3551:1935.3161576011346;3849:1939.3611176011345;7263:1940.3357576011344;5060:1941.1189976011344;3728:1946.9273576011344;4936:1957.2347576011343;1207:1961.6043176011344;2554:1962.1531976011345;4974:1962.9261176011346;5249:1968.7300376011347;6709:1970.6572376011347;2464:1986.5167976011348;7135:1994.4489176011348;1193:1995.5489576011348;552:2000.0471576011348;2755:2001.8763176011348;7131:2009.8335176011349;3567:2019.7123976011349;888:2020.170677601135;712:2023.906277601135;2718:2024.843477601135;754:2068.403597601135;611:2069.652197601135;1812:2074.223357601135;1186:2075.400557601135;7311:2076.216197601135;4339:2077.7099576011346;2419:2082.319037601135;5404:2086.545917601135;5421:2087.651237601135;1925:2087.794517601135;1883:2088.831797601135;926:2093.084357601135;925:2096.028677601135;5399:2105.3334776011347;1905:2106.6600776011346;830:2107.8369176011347;2795:2109.020597601135;918:2110.1627576011347;3075:2118.035717601135;7097:2118.885077601135;7290:2124.687197601135;2736:2133.405677601135;1744:2134.8609176011346;1164:2145.969437601135;2789:2147.3812376011347;1218:2148.5044376011347;2982:2150.3845902557096
0,1,default_vehtype,route,True,1954.549915215861,2211.2067220646945,2969;-1;-1,2977;-1;-1,2203.346162362212,0.8563074604134869,0.8560871257972507,0.0,,0,24,1,,,2969;7192;1664;1659;538;4990;4939;5252;3070;1657;4439;4842;1272;3423;4282;4975;5250;6710;2464;7135;1193;552;2755;7131;3567;888;712;2718;754;611;1812;1186;7311;3767;4527;3089;3131;5447;7352;414;122;3426;4314;68;7318;7325;3011;4;4345;7330;7562;7316;7531;2802;2977,2969:1954.549915215861;7192:1958.1535581678072;1664:1961.4074541678071;1659:1966.167014167807;538:1967.318054167807;4990:1971.015134167807;4939:1972.405694167807;5252:1977.830414167807;3070:1978.866854167807;1657:1986.3836541678072;4439:1992.0138141678071;4842:1996.398374167807;1272:1996.583294167807;3423:1997.799854167807;4282:2001.577334167807;4975:2002.6270941678072;5250:2008.4310141678072;6710:2010.3582141678073;2464:2026.2177741678074;7135:2034.1498941678074;1193:2035.2499341678074;552:2039.7481341678074;2755:2041.5772941678074;7131:2049.534494167807;3567:2059.4133741678074;888:2059.8716541678073;712:2063.6072541678072;2718:2064.544454167807;754:2108.104574167807;611:2109.353174167807;1812:2113.924334167807;1186:2115.101534167807;7311:2115.917174167807;3767:2117.923574167807;4527:2120.720414167807;3089:2129.130014167807;3131:2129.610254167807;5447:2131.997894167807;7352:2133.309254167807;414:2135.778974167807;122:2148.133334167807;3426:2149.386854167807;4314:2150.569814167807;68:2156.168174167807;7318:2162.836214167807;7325:2166.162974167807;3011:2170.173614167807;4:2174.958734167807;4345:2177.002214167807;7330:2178.205214167807;7562:2186.0390541678066;7316:2193.4340541678066;7531:2200.9890141678065;2802:2208.2044941678064;2977:2211.2067220646945
0,3,default_vehtype,to_depot,True,1998.5917348488344,2187.1437282162883,2977;-1;-1,2980;-1;-1,1527.828435539931,0.8219398308333281,0.8217870479897741,0.0,,0,,0,,,2977;6202;7516;7037;7512;3274;2902;3901;7011;7336;4365;7288;1182;1001;6296;1434;3820;3877;2787;4993;6537;7281;2307;3549;6384;4032;1804;4811;5237;608;459;2416;4011;5246;363;366;2314;2877;1748;1743;1157;2058;2092;915;2980,2977:1998.5917348488344;6202:2002.4848269519462;7516:2003.3459469519462;7037:2010.6579069519462;7512:2017.8912669519461;3274:2029.2372669519461;2902:2029.348866951946;3901:2029.8168669519462;7011:2031.7978269519463;7336:2034.7053069519463;4365:2042.2864269519464;7288:2043.4096269519464;1182:2044.3265469519463;1001:2049.6177069519463;6296:2051.9770269519463;1434:2057.9361069519464;3820:2063.0447469519463;3877:2064.9526269519465;2787:2073.7451469519465;4993:2074.7941869519464;6537:2080.5940269519465;7281:2086.4291469519467;2307:2089.9479069519466;3549:2095.5851469519466;6384:2095.8469869519467;4032:2099.068626951947;1804:2099.984538951947;4811:2101.667178951947;5237:2106.407658951947;608:2115.2737389519466;459:2115.6034989519467;2416:2117.8171389519466;4011:2118.4812669519465;5246:2124.4064349519467;363:2131.3151229519467;366:2132.7202029519467;2314:2133.8650749519466;2877:2147.0361789519466;1748:2148.1546989519466;1743:2155.9090989519464;1157:2160.648241809089;2058:2166.4380703805177;2092:2169.8272132376605;915:2174.945384666232;2980:2187.1437282162883
0,4,default_vehtype,boarding,True,2150.3845902557096,2180.3845902557096,2982;-1;-1,2982;-1;-1,0.0,0.9443129532332486,0.9443129532332486,0.0,,0,25,1,,25,,
0,3,default_vehtype,out_of_service,True,2187.1437282162883,2220.0,2980;-1;-1,2980;-1;-1,0.0,0.8217870479897741,0.8217870479897741,0.0,,0,,0,,,,
0,1,default_vehtype,boarding,True,2211.2067220646945,2241.2067220646945,2977;-1;-1,2977;-1;-1,0.0,0.8560871257972507,0.8560871257972507,0.0,,0,24,1,,24,,
0,2,default_vehtype,to_depot,True,2101.172419390232,2259.311807999999,2982;-1;-1,2980;-1;-1,1274.3900625592084,0.7714490036984483,0.7713215646921923,0.0,,0,,0,,,2982;2809;4365;7288;1182;1001;6296;1434;3820;3877;2787;4993;6537;7281;2307;3549;6384;4032;1804;4811;5237;608;459;2416;4011;5246;363;366;2314;2877;1748;1743;1157;2058;2092;915;2980,2982:2101.172419390232;2809:2106.873386735657;4365:2114.4545067356567;7288:2115.5777067356566;1182:2116.4946267356568;1001:2121.785786735657;6296:2124.145106735657;1434:2130.104186735657;3820:2135.212826735657;3877:2137.120706735657;2787:2145.913226735657;4993:2146.962266735657;6537:2152.762106735657;7281:2158.5972267356574;2307:2162.1159867356573;3549:2167.7532267356573;6384:2168.0150667356575;4032:2171.2367067356577;1804:2172.1526187356576;4811:2173.8352587356576;5237:2178.5757387356575;608:2187.4418187356573;459:2187.7715787356574;2416:2189.9852187356573;4011:2190.649346735657;5246:2196.5745147356574;363:2203.4832027356574;366:2204.8882827356574;2314:2206.0331547356573;2877:2219.2042587356573;1748:2220.3227787356573;1743:2228.077178735657;1157:2232.8163215928;2058:2238.6061501642284;2092:2241.9952930213713;915:2247.1134644499425;2980:2259.311807999999
0,2,default_vehtype,out_of_service,True,2259.311807999999,2280.0,2980;-1;-1,2980;-1;-1,0.0,0.7713215646921923,0.7713215646921923,0.0,,0,,0,,,,
0,4,default_vehtype,route,False,2180.3845902557096,2381.3666142904704,2982;-1;-1,2973;-1;-1,2107.991626341549,0.9443129532332486,0.9441021540706144,0.0,,0,,0,,,2982;2809;7010;820;7498;276;2915;2661;7517;6201;7314;7529;2803;7558;2806;4344;2996;3013;7322;2804;3061;1173;3425;4304;793;118;3979;4275;103;6480;7360;3154;6028;5745;6035;5743;6038;6041;7365;6050;6068;6077;3629;4502;6912;2108;7370;1420;1084;2973,2982:2180.3845902557096;2809:2186.0855576011345;7010:2188.9930376011343;820:2190.973997601134;7498:2191.441997601134;276:2191.5535976011342;2915:2202.8995976011342;2661:2210.1329576011344;7517:2217.4449176011344;6201:2218.3060376011344;7314:2225.2013576011345;7529:2232.4168376011344;2803:2239.9717976011343;7558:2247.3667976011343;2806:2255.200637601134;4344:2256.403637601134;2996:2258.447117601134;3013:2263.232237601134;7322:2267.242877601134;2804:2270.5696376011338;3061:2277.237677601134;1173:2282.8360376011337;3425:2284.018997601134;4304:2285.421317601134;793:2297.536877601134;118:2303.401157601134;3979:2305.251701601134;4275:2305.843037601134;103:2306.985965601134;6480:2320.307693601134;7360:2325.8095736011337;3154:2326.901381601134;6028:2327.8625096011338;5745:2329.3541336011335;6035:2331.2775416011336;5743:2332.6469816011336;6038:2334.6624056011337;6041:2335.938677601134;7365:2342.601845601134;6050:2344.875389601134;6068:2349.101717601134;6077:2349.747413601134;3629:2351.304701601134;4502:2351.767589601134;6912:2356.916021601134;2108:2358.812429601134;7370:2365.339157601134;1420:2377.044269601134;1084:2380.579253601134;2973:2381.3666142904704
0,1,default_vehtype,to_depot,True,2241.2067220646945,2429.7587154321486,2977;-1;-1,2980;-1;-1,1527.828435539931,0.8560871257972507,0.8559343429536966,0.0,,0,,0,,,2977;6202;7516;7037;7512;3274;2902;3901;7011;7336;4365;7288;1182;1001;6296;1434;3820;3877;2787;4993;6537;7281;2307;3549;6384;4032;1804;4811;5237;608;459;2416;4011;5246;363;366;2314;2877;1748;1743;1157;2058;2092;915;2980,2977:2241.2067220646945;6202:2245.0998141678065;7516:2245.9609341678065;7037:2253.2728941678065;7512:2260.5062541678067;3274:2271.8522541678067;2902:2271.963854167807;3901:2272.4318541678067;7011:2274.4128141678066;7336:2277.3202941678064;4365:2284.9014141678063;7288:2286.0246141678062;1182:2286.9415341678064;1001:2292.2326941678066;6296:2294.5920141678066;1434:2300.5510941678067;3820:2305.6597341678066;3877:2307.567614167807;2787:2316.360134167807;4993:2317.4091741678067;6537:2323.209014167807;7281:2329.044134167807;2307:2332.562894167807;3549:2338.200134167807;6384:2338.461974167807;4032:2341.6836141678073;1804:2342.599526167807;4811:2344.282166167807;5237:2349.022646167807;608:2357.888726167807;459:2358.218486167807;2416:2360.432126167807;4011:2361.096254167807;5246:2367.021422167807;363:2373.930110167807;366:2375.335190167807;2314:2376.480062167807;2877:2389.651166167807;1748:2390.769686167807;1743:2398.5240861678067;1157:2403.2632290249494;2058:2409.053057596378;2092:2412.442200453521;915:2417.560371882092;2980:2429.7587154321486
0,4,default_vehtype,boarding,True,2381.3666142904704,2411.3666142904704,2973;-1;-1,2973;-1;-1,0.0,0.9441021540706144,0.9441021540706144,0.0,,0,28,1,28,,,
0,1,default_vehtype,out_of_service,True,2429.7587154321486,2460.0,2980;-1;-1,2980;-1;-1,0.0,0.8559343429536966,0.8559343429536966,0.0,,0,,0,,,,
0,4,default_vehtype,route,False,2411.3666142904704,2589.60930274699,2973;-1;-1,2981;-1;-1,1853.859111085784,0.9441021540706144,0.9439167681595058,0.0,,0,28,1,,,2973;7354;3525;6025;3063;6027;7362;2188;2186;5744;6033;5746;6031;146;2828;2376;3091;4274;880;3109;3874;4306;429;3125;3406;2825;1944;130;99;4526;714;2800;4339;2419;5404;5421;1925;1883;926;925;5399;1905;830;2795;1891;827;6499;1803;1141;5241;922;6385;3550;2981,2973:2411.3666142904704;7354:2415.163781601134;3525:2426.0426216011338;6025:2427.784085601134;3063:2429.048765601134;6027:2430.3507416011344;7362:2434.3589816011345;2188:2441.0221496011345;2186:2442.2984216011346;5744:2444.3138456011347;6033:2445.6832856011347;5746:2447.606693601135;6031:2449.0983176011346;146:2450.0594456011345;2828:2451.1512536011346;2376:2456.6531336011344;3091:2469.9748616011343;4274:2471.1177896011345;880:2471.7091256011345;3109:2473.5596696011344;3874:2479.423949601134;4306:2491.5395096011343;429:2492.9418296011345;3125:2494.1953496011347;3406:2506.5497096011345;2825:2509.0194296011346;1944:2510.3307896011347;130:2512.7184296011346;99:2513.1986696011345;4526:2521.6082696011345;714:2524.4051096011344;2800:2526.4115096011346;4339:2527.9052696011345;2419:2532.5143496011347;5404:2536.741229601135;5421:2537.846549601135;1925:2537.9898296011347;1883:2539.0271096011347;926:2543.2796696011346;925:2546.2239896011347;5399:2555.5287896011346;1905:2556.8553896011344;830:2558.0322296011345;2795:2559.2159096011346;1891:2559.4698296011347;827:2560.535669601135;6499:2569.890509601135;1803:2575.853069601135;1141:2581.357709601135;5241:2582.945789601135;922:2583.861701601135;6385:2587.083341601135;3550:2587.345181601135;2981:2589.60930274699
0,4,default_vehtype,boarding,True,2589.60930274699,2619.60930274699,2981;-1;-1,2981;-1;-1,0.0,0.9439167681595058,0.9439167681595058,0.0,,0,28;32,2,32,28,,
0,4,default_vehtype,route,False,2619.60930274699,2793.546106649189,2981;-1;-1,2969;-1;-1,2279.3367272297323,0.9439167681595058,0.9436888344867829,0.0,,0,32,1,,,2981;6320;3549;6384;4032;1804;4811;5237;608;459;2416;4011;5246;363;366;2314;2877;1748;2880;906;984;2268;1857;1806;1371;938;5442;4054;2205;1369;2047;3631;4079;4572;4577;778;3636;3639;3642;7178;5275;5297;5072;1464;2847;5825;4587;5794;3202;2065;2023;4203;4198;336;2969,2981:2619.60930274699;6320:2622.9824216011352;3549:2628.6196616011352;6384:2628.8815016011354;4032:2632.1031416011356;1804:2633.0190536011355;4811:2634.7016936011355;5237:2639.4421736011354;608:2648.308253601135;459:2648.6380136011353;2416:2650.8516536011352;4011:2651.515781601135;5246:2657.4409496011353;363:2664.3496376011353;366:2665.7547176011353;2314:2666.899589601135;2877:2680.070693601135;1748:2681.189213601135;2880:2682.351005601135;906:2694.576317601135;984:2697.346013601135;2268:2698.093877601135;1857:2698.479797601135;1806:2699.141981601135;1371:2699.812157601135;938:2702.3932856011347;5442:2712.1139336011347;4054:2719.7539256011346;2205:2725.506365601135;1369:2731.9525256011348;2047:2732.895581601135;3631:2734.458413601135;4079:2735.5256696011347;4572:2739.3241016011348;4577:2741.056781601135;778:2745.363101601135;3636:2746.366493601135;3639:2747.2196216011353;3642:2748.2832056011353;7178:2751.861605601135;5275:2756.3708936011353;5297:2759.7497096011352;5072:2759.979965601135;1464:2766.920477601135;2847:2767.9911896011354;5825:2770.8898376011352;4587:2773.170149601135;5794:2774.790293601135;3202:2778.911645601135;2065:2784.0559016011352;2023:2789.6142296011353;4203:2790.4150136011353;4198:2791.3966616011353;336:2792.419781601135;2969:2793.546106649189
0,4,default_vehtype,boarding,True,2793.546106649189,2823.546106649189,2969;-1;-1,2969;-1;-1,0.0,0.9436888344867829,0.9436888344867829,0,,0,32,1,,32,,
0,4,default_vehtype,route,False,2823.546106649189,2970.582381989569,2969;-1;-1,2972;-1;-1,1558.4558241719483,0.9436888344867829,0.9435329889043657,0.0,,0,,0,,,2969;7192;1664;337;1075;4198;1071;1070;1069;1067;1504;4396;710;2281;4664;6260;3300;1832;708;6180;2405;6169;2744;2567;2576;3077;3241;88;2758;2742;2448;2353;6140;7386;3742;7100;6318;737;6639;2446;2301;1992;1990;1988;1985;3729;5498;5496;5699;5494;6307;374;7114;3246;5330;661;445;2972,2969:2823.546106649189;7192:2827.149749601135;1664:2830.4036456011354;337:2838.1638776011355;1075:2839.1877176011353;4198:2840.1693656011353;1071:2841.1718936011353;1070:2855.635181601135;1069:2856.373469601135;1067:2859.0355256011353;1504:2863.489301601135;4396:2863.715597601135;710:2864.266253601135;2281:2865.271949601135;4664:2869.149941601135;6260:2869.5958376011354;3300:2870.1949496011352;1832:2872.985165601135;708:2873.524229601135;6180:2873.947661601135;2405:2876.1700616011353;6169:2879.6471816011353;2744:2884.247741601135;2567:2886.090701601135;2576:2894.579261601135;3077:2896.7119016011347;3241:2899.840781601135;88:2901.767621601135;2758:2903.731061601135;2742:2904.137501601135;2448:2907.3231416011354;2353:2913.5240216011352;6140:2918.6950616011354;7386:2920.0375016011353;3742:2927.6965016011354;7100:2928.2361416011354;6318:2928.7142216011353;737:2929.629941601135;6639:2931.4791416011353;2446:2933.0504216011354;2301:2935.3474616011354;1992:2936.3725016011354;1990:2938.069421601135;1988:2940.5234216011354;1985:2944.0451816011355;3729:2946.3926216011355;5498:2947.7900216011353;5496:2950.6972616011353;5699:2951.3947016011352;5494:2952.498461601135;6307:2952.7153016011353;374:2961.016301601135;7114:2963.2313096011353;3246:2964.3691256011352;5330:2965.1167016011354;661:2966.1081416011352;445:2969.1378296011353;2972:2970.582381989569
0,4,default_vehtype,boarding,True,2970.582381989569,3000.582381989569,2972;-1;-1,2972;-1;-1,0.0,0.9435329889043657,0.9435329889043657,0,,0,36,1,36,,,
0,4,default_vehtype,route,False,3000.582381989569,3147.693705823442,2972;-1;-1,2985;-1;-1,1272.6774024545985,0.9435329889043657,0.9434057211641202,0.0,,0,36,1,,,2972;6079;7380;364;3029;3886;5711;6045;2157;4817;456;5901;7605;2830;5852;6913;1321;597;2204;6066;6049;7367;2188;2186;5744;6033;5746;6031;146;2828;2376;3091;4274;880;3109;114;5021;1108;1680;3103;3110;3980;2985,2972:3000.582381989569;6079:3001.961237601135;7380:3002.370125601135;364:3002.805509601135;3029:3004.8297176011347;3886:3005.3277416011347;5711:3007.867325601135;6045:3009.2616056011348;2157:3013.450133601135;4817:3013.926917601135;456:3014.541797601135;5901:3015.297365601135;7605:3018.769061601135;2830:3018.998453601135;5852:3025.525181601135;6913:3027.421589601135;1321:3032.570021601135;597:3033.032909601135;2204:3034.590197601135;6066:3035.235893601135;6049:3039.4622216011353;7367:3041.7357656011354;2188:3048.3989336011355;2186:3049.6752056011355;5744:3051.6906296011357;6033:3053.0600696011356;5746:3054.9834776011357;6031:3056.4751016011355;146:3057.4362296011354;2828:3058.5280376011356;2376:3064.0299176011354;3091:3077.3516456011353;4274:3078.4945736011355;880:3079.0859096011354;3109:3080.9364536011353;114:3085.7486250297065;5021:3088.122053601135;1108:3113.1914250297064;1680:3138.2607964582776;3103:3140.634225029706;3110:3145.4463964582774;3980:3147.2969404582773;2985:3147.693705823442
0,4,default_vehtype,boarding,True,3147.693705823442,3177.693705823442,2985;-1;-1,2985;-1;-1,0.0,0.9434057211641202,0.9434057211641202,0.0,,0,36,1,,36,,
0,4,default_vehtype,route,False,3177.693705823442,3261.5321843551646,2985;-1;-1,2977;-1;-1,713.3009357356653,0.9434057211641202,0.9433343910705466,0.0,,0,,0,,,2985;1140;880;3109;3874;4306;429;4313;68;7318;7325;3011;4;4345;7330;7562;7316;7531;2802;2977,2985:3177.693705823442;1140:3177.8882764582772;880:3178.479612458277;3109:3180.330156458277;3874:3186.194436458277;4306:3198.309996458277;429:3199.712316458277;4313:3200.8952764582773;68:3206.4936364582773;7318:3213.1616764582773;7325:3216.488436458277;3011:3220.499076458277;4:3225.284196458277;4345:3227.327676458277;7330:3228.530676458277;7562:3236.3645164582767;7316:3243.7595164582767;7531:3251.3144764582767;2802:3258.5299564582765;2977:3261.5321843551646
0,4,default_vehtype,boarding,True,3261.5321843551646,3291.5321843551646,2977;-1;-1,2977;-1;-1,0.0,0.9433343910705466,0.9433343910705466,0.0,,0,41,1,41,,,
0,4,default_vehtype,route,False,3291.5321843551646,3374.9366862557094,2977;-1;-1,2982;-1;-1,577.1723729807226,0.9433343910705466,0.9432766738332486,0.0,,0,41,1,,,2977;6202;7516;7037;7512;3274;2902;3901;7011;7336;4365;7288;1182;1001;6296;6301;2298;2295;2293;4102;4325;7285;1218;2982,2977:3291.5321843551646;6202:3295.4252764582766;7516:3296.2863964582766;7037:3303.5983564582766;7512:3310.831716458277;3274:3322.177716458277;2902:3322.289316458277;3901:3322.757316458277;7011:3324.7382764582767;7336:3327.6457564582765;4365:3335.2268764582764;7288:3336.3500764582764;1182:3337.2669964582765;1001:3342.5581564582767;6296:3344.9174764582767;6301:3349.8597621725626;2298:3354.1417050297055;2295:3358.4236478868484;2293:3363.365933601134;4102:3365.725253601134;4325:3371.0164136011344;7285:3371.9333336011346;1218:3373.0565336011346;2982:3374.9366862557094
0,4,default_vehtype,boarding,True,3374.9366862557094,3404.9366862557094,2982;-1;-1,2982;-1;-1,0.0,0.9432766738332486,0.9432766738332486,0.0,,0,41;45,2,45,41,,
0,4,default_vehtype,route,False,3404.9366862557094,3492.9829059447593,2982;-1;-1,2976;-1;-1,682.7307831230403,0.9432766738332486,0.9432084007549363,0.0,,0,45,1,,,2982;2809;7010;820;7498;276;2915;2661;7517;6201;7314;7529;2803;7558;2806;4344;1199;1204;7329;2976,2982:3404.9366862557094;2809:3410.6376536011344;7010:3413.5451336011342;820:3415.526093601134;7498:3415.994093601134;276:3416.105693601134;2915:3427.451693601134;2661:3434.6850536011343;7517:3441.9970136011343;6201:3442.8581336011343;7314:3449.7534536011344;7529:3456.9689336011343;2803:3464.523893601134;7558:3471.918893601134;2806:3479.752733601134;4344:3480.955733601134;1199:3484.946076458277;1204:3488.9364193154197;7329:3490.1394193154197;2976:3492.9829059447593
0,4,default_vehtype,boarding,True,3492.9829059447593,3522.9829059447593,2976;-1;-1,2976;-1;-1,0.0,0.9432084007549363,0.9432084007549363,0.0,,0,45;46,2,46,,,
0,0,default_vehtype,out_of_service,True,-1,3600,2980;-1;-1,2980;-1;-1,0.0,1.0,1.0,0,,0,,0,,,,
0,4,default_vehtype,route,False,3522.9829059447593,3648.926770285712,2976;-1;-1,2987;-1;-1,1410.1941526762305,0.9432084007549363,0.9430673813396687,0.0,,0,45;46,2,,,2976;7557;2806;4344;2996;3013;7322;2804;3061;1173;3425;4304;793;118;3979;4275;103;6480;7360;3154;6028;5745;6035;5743;6038;6041;7365;2179;3064;6023;3524;7356;4225;2987,2976:3522.9829059447593;7557:3527.9732593154195;2806:3535.8070993154192;4344:3537.010099315419;2996:3539.053579315419;3013:3543.838699315419;7322:3547.849339315419;2804:3551.176099315419;3061:3557.844139315419;1173:3563.442499315419;3425:3564.625459315419;4304:3566.027779315419;793:3578.1433393154193;118:3584.007619315419;3979:3585.858163315419;4275:3586.449499315419;103:3587.592427315419;6480:3600.914155315419;7360:3606.416035315419;3154:3607.507843315419;6028:3608.468971315419;5745:3609.9605953154187;6035:3611.884003315419;5743:3613.2534433154187;6038:3615.268867315419;6041:3616.545139315419;7365:3623.208307315419;2179:3627.216547315419;3064:3628.5185233154193;6023:3629.7832033154195;3524:3631.5246673154197;7356:3642.4035073154196;4225:3646.9880353154194;2987:3648.926770285712
0,4,default_vehtype,boarding,True,3648.926770285712,3678.926770285712,2987;-1;-1,2987;-1;-1,0.0,0.9430673813396687,0.9430673813396687,0,,0,45;46,2,,46,,
0,4,default_vehtype,route,False,3678.926770285712,3797.172208047262,2987;-1;-1,2971;-1;-1,1214.7314981779514,0.9430673813396687,0.9429459081898509,0.0,,0,45,1,,,2987;4613;7368;7606;5900;3459;4818;5992;6047;5708;3884;3030;3347;7376;2207;3446;3720;5332;251;2711;3358;2296;5495;5696;3307;3987;2396;886;808;1372;807;1375;108;1376;1380;373;2390;7391;5704;7389;2971,2987:3678.926770285712;4613:3680.5230193154193;7368:3692.2281313154194;7606:3692.4575233154196;5900:3695.9292193154197;3459:3696.6847873154197;4818:3697.29966731542;5992:3697.7764513154198;6047:3701.96497931542;5708:3703.35925931542;3884:3705.89884331542;3030:3706.39686731542;3347:3708.42107531542;7376:3708.8564593154197;2207:3709.2653473154196;3446:3712.08875531542;3720:3715.11844331542;5332:3716.1098833154197;251:3716.85745931542;2711:3717.99527531542;3358:3720.21028331542;2296:3728.51128331542;5495:3728.72812331542;5696:3729.49084331542;3307:3740.22928331542;3987:3747.05644331542;2396:3748.36240331542;886:3754.00000331542;808:3754.46620331542;1372:3755.32912331542;807:3756.43300331542;1375:3758.1172033154203;108:3760.2576433154204;1376:3762.0578833154204;1380:3764.0744833154204;373:3773.6354833154205;2390:3776.1802033154204;7391:3777.58084331542;5704:3779.9459233154203;7389:3794.48416331542;2971:3797.172208047262
0,4,default_vehtype,boarding,True,3797.172208047262,3827.172208047262,2971;-1;-1,2971;-1;-1,0.0,0.9429459081898509,0.9429459081898509,0.0,,0,45,1,,45,,
0,4,default_vehtype,route,False,3827.172208047262,3929.5791209819545,2971;-1;-1,2974;-1;-1,1256.2411503809426,0.9429459081898509,0.9428202840748128,0.0,,0,,0,,,2971;3807;6875;885;316;2042;1982;6306;374;7114;3246;5330;661;445;6080;7381;364;3029;3886;5711;6045;2157;4817;456;5901;7605;2830;5852;6913;1321;597;2204;6066;6049;7367;2188;2186;5744;6033;5746;6031;146;2828;2974,2971:3827.172208047262;3807:3828.5485633154203;6875:3829.6165633154205;885:3830.2199233154206;316:3837.0470833154204;2042:3847.7855233154205;1982:3848.5482433154207;6306:3848.7650833154207;374:3857.0660833154207;7114:3859.281091315421;3246:3860.4189073154207;5330:3861.166483315421;661:3862.1579233154207;445:3865.187611315421;6080:3868.011019315421;7381:3868.419907315421;364:3868.855291315421;3029:3870.8794993154206;3886:3871.3775233154206;5711:3873.9171073154207;6045:3875.3113873154207;2157:3879.499915315421;4817:3879.976699315421;456:3880.591579315421;5901:3881.347147315421;7605:3884.818843315421;2830:3885.048235315421;5852:3891.574963315421;6913:3893.471371315421;1321:3898.619803315421;597:3899.082691315421;2204:3900.639979315421;6066:3901.285675315421;6049:3905.512003315421;7367:3907.7855473154214;2188:3914.4487153154214;2186:3915.7249873154215;5744:3917.7404113154216;6033:3919.1098513154216;5746:3921.0332593154217;6031:3922.5248833154214;146:3923.4860113154214;2828:3924.5778193154215;2974:3929.5791209819545
0,4,default_vehtype,boarding,True,3929.5791209819545,3959.5791209819545,2974;-1;-1,2974;-1;-1,0.0,0.9428202840748128,0.9428202840748128,0.0,,0,50,1,50,,,
0,0,default_vehtype,route,False,3840.0,4120.001679588114,2980;-1;-1,2966;-1;-1,1989.2821103102237,1.0,0.999801071788969,0.0,,0,,0,,,2980;914;2135;1730;2664;2579;2961;2407;2581;370;361;2874;1887;1805;363;366;2314;2877;1748;2880;906;984;2268;1857;1806;1371;938;5442;4054;2205;1369;2047;1337;1873;1939;665;666;1885;668;1415;1041;1623;1383;2333;2966,2980:3840;914:3855.8821707356574;2135:3863.8330278785147;1730:3879.2893707356575;2664:3881.1114850213717;2579:3885.9874278785146;2961:3902.7582850213716;2407:3908.0070850213715;2581:3916.494342164229;370:3918.077190164229;361:3920.574294164229;2874:3921.160302164229;1887:3926.815686164229;1805:3927.846366164229;363:3934.755054164229;366:3936.160134164229;2314:3937.305006164229;2877:3950.476110164229;1748:3951.594630164229;2880:3952.7564221642288;906:3964.981734164229;984:3967.7514301642286;2268:3968.4992941642286;1857:3968.8852141642287;1806:3969.5473981642285;1371:3970.2175741642286;938:3972.7987021642284;5442:3982.5193501642284;4054:3990.1593421642283;2205:3995.9117821642285;1369:4002.3579421642285;2047:4003.3009981642285;1337:4004.2623421642284;1873:4020.7397581642285;1939:4021.0807501642284;665:4021.6028221642287;666:4022.4719341642285;1885:4023.4577581642284;668:4036.828158164228;1415:4037.4572221642284;1041:4054.1437364499425;1623:4058.5269935927995;1383:4069.612422164228;2333:4109.7663078785135;2966:4120.001679588114
0,4,default_vehtype,route,False,3959.5791209819545,4137.302759194339,2974;-1;-1,2990;-1;-1,1889.442509178017,0.9428202840748128,0.942631339823895,0.0,,0,50,1,,,2974;6479;7359;3154;6028;5745;6035;5743;6038;6041;7365;6050;6068;6077;3629;4502;6912;2108;7370;7608;5900;3459;4818;5992;6047;5708;3884;3030;3347;7376;2207;3446;3720;5332;251;2711;3358;2296;5495;5696;3307;3987;6878;746;2834;2045;2835;2641;7396;2616;486;2838;3722;3732;544;7400;5449;2990,2974:3959.5791209819545;6479:3960.0796993154217;7359:3965.5815793154215;3154:3966.6733873154217;6028:3967.6345153154216;5745:3969.1261393154214;6035:3971.0495473154215;5743:3972.4189873154214;6038:3974.4344113154216;6041:3975.7106833154216;7365:3982.3738513154217;6050:3984.647395315422;6068:3988.873723315422;6077:3989.519419315422;3629:3991.076707315422;4502:3991.539595315422;6912:3996.688027315422;2108:3998.584435315422;7370:4005.111163315422;7608:4005.340555315422;5900:4008.812251315422;3459:4009.567819315422;4818:4010.1826993154223;5992:4010.659483315422;6047:4014.8480113154224;5708:4016.2422913154223;3884:4018.7818753154224;3030:4019.2798993154224;3347:4021.3041073154222;7376:4021.739491315422;2207:4022.148379315422;3446:4024.9717873154223;3720:4028.0014753154223;5332:4028.992915315422;251:4029.7404913154223;2711:4030.8783073154223;3358:4033.0933153154224;2296:4041.3943153154223;5495:4041.6111553154224;5696:4042.3738753154225;3307:4053.1123153154226;3987:4059.9394753154224;6878:4060.5428353154225;746:4061.6108353154227;2834:4065.675235315423;2045:4080.213475315423;2835:4082.578555315423;2641:4091.789635315423;7396:4092.383995315423;2616:4097.745595315423;486:4098.657355315423;2838:4104.982075315423;3722:4108.501315315422;3732:4130.951035315422;544:4133.640595315422;7400:4134.716155315422;5449:4135.915195315422;2990:4137.302759194339
0,0,default_vehtype,boarding,True,4120.001679588114,4150.001679588114,2966;-1;-1,2966;-1;-1,0.0,0.999801071788969,0.999801071788969,0.0,,0,51,1,51,,,
0,4,default_vehtype,boarding,True,4137.302759194339,4167.302759194339,2990;-1;-1,2990;-1;-1,0.0,0.942631339823895,0.942631339823895,0.0,,0,50;53,2,53,,,
0,4,default_vehtype,route,False,4167.302759194339,4178.355799153437,2990;-1;-1,2970;-1;-1,92.10866632581656,0.942631339823895,0.9426221289572624,0.0,,0,50;53,2,,,2990;2552;1946;7401;3560;2970,2990:4167.302759194339;2552:4170.168475315422;1946:4174.421755315422;7401:4175.620795315423;3560:4176.696355315423;2970:4178.355799153437
0,4,default_vehtype,boarding,True,4178.355799153437,4208.355799153437,2970;-1;-1,2970;-1;-1,0.0,0.9426221289572624,0.9426221289572624,0,,0,50;53,2,,50,,
0,0,default_vehtype,route,False,4150.001679588114,4320,2966;-1;-1,2405;6169;0.622,1680.095008402443,0.999801071788969,0.9996330622881289,0.0,,0,51,1,,,2966;2743;2631;2150;735;738;1096;3736;81;831;2413;1146;832;1880;1340;3638;3641;7177;5275;5297;5072;1464;2847;5825;4587;5794;3202;2065;2023;4203;4198;1071;1070;1069;1067;1504;4396;710;2281;4664;6260;3300;1832;708;6180;2405,2966:4150.001679588114;2743:4157.845507878514;2631:4161.856936449943;2150:4178.787222164228;735:4189.2693935928;738:4195.437222164229;1096:4204.9761935928;3736:4205.2392095928;81:4209.0881135928;831:4219.9346975928;2413:4220.9223935928;1146:4221.7357775928;832:4222.5441935928;1880:4225.1418815928;1340:4236.6746975928;3638:4237.6611695927995;3641:4238.7247535928;7177:4242.3031535928;5275:4246.8124415928005;5297:4250.191257592801;5072:4250.421513592801;1464:4257.362025592801;2847:4258.432737592801;5825:4261.331385592801;4587:4263.611697592801;5794:4265.231841592801;3202:4269.353193592801;2065:4274.497449592801;2023:4280.055777592801;4203:4280.856561592801;4198:4281.838209592801;1071:4282.840737592801;1070:4297.304025592801;1069:4298.0423135928;1067:4300.7043695928005;1504:4305.158145592801;4396:4305.384441592801;710:4305.935097592801;2281:4306.940793592801;4664:4310.818785592801;6260:4311.264681592801;3300:4311.863793592801;1832:4314.654009592801;708:4315.193073592801;6180:4315.6165055928;2405:4317.8389055928
0,0,default_vehtype,route,False,4320.0,4412.251225981233,2405;6169;0.622,2972;-1;-1,821.9051075571383,0.9996330622881289,0.9995508717773731,0.0,,0,51,1,,,2405;6169;2744;2567;2576;3077;3241;88;2758;2742;2448;2353;6140;7386;3742;7100;6318;737;6639;2446;2301;1992;1990;1988;1985;3729;5498;5496;5699;5494;6307;374;7114;3246;5330;661;445;2972,2405:4320;6169:4321.3160255928;2744:4325.9165855927995;2567:4327.759545592799;2576:4336.248105592799;3077:4338.380745592799;3241:4341.509625592799;88:4343.436465592799;2758:4345.3999055928;2742:4345.8063455927995;2448:4348.991985592799;2353:4355.1928655927995;6140:4360.3639055928;7386:4361.7063455928;3742:4369.3653455928;7100:4369.9049855928;6318:4370.3830655927995;737:4371.2987855927995;6639:4373.147985592799;2446:4374.719265592799;2301:4377.0163055928;1992:4378.0413455928;1990:4379.7382655928;1988:4382.1922655928;1985:4385.7140255928;3729:4388.061465592799;5498:4389.458865592799;5496:4392.366105592799;5699:4393.063545592799;5494:4394.167305592799;6307:4394.384145592799;374:4402.685145592799;7114:4404.900153592799;3246:4406.0379695927995;5330:4406.785545592799;661:4407.776985592799;445:4410.806673592799;2972:4412.251225981233
0,4,default_vehtype,route,False,4208.355799153437,4418.607508461281,2970;-1;-1,2981;-1;-1,1775.0839775653349,0.9426221289572624,0.9424446205595058,0.0,,0,53,1,,,2970;671;544;7400;3551;3849;7263;5060;3728;4936;1207;2554;4974;5249;6709;2464;7135;1193;552;2755;7131;3567;888;712;2718;754;611;1812;1186;7311;4339;2419;5404;5421;1925;1883;926;925;5399;1905;830;2795;1891;827;6499;1803;1141;5241;922;6385;3550;2981,2970:4208.355799153437;671:4209.385915315423;544:4212.075475315422;7400:4213.151035315423;3551:4214.509675315423;3849:4218.554635315423;7263:4219.529275315424;5060:4220.312515315423;3728:4226.120875315423;4936:4236.428275315423;1207:4240.797835315423;2554:4241.346715315423;4974:4242.119635315424;5249:4247.923555315424;6709:4249.850755315424;2464:4265.710315315424;7135:4273.642435315424;1193:4274.742475315425;552:4279.240675315425;2755:4281.069835315425;7131:4289.027035315425;3567:4298.905915315425;888:4299.364195315425;712:4303.099795315425;2718:4304.036995315425;754:4347.597115315425;611:4348.845715315425;1812:4353.416875315425;1186:4354.5940753154255;7311:4355.409715315425;4339:4356.903475315426;2419:4361.512555315426;5404:4365.739435315426;5421:4366.844755315426;1925:4366.988035315426;1883:4368.025315315425;926:4372.277875315425;925:4375.222195315425;5399:4384.526995315425;1905:4385.853595315425;830:4387.030435315425;2795:4388.214115315425;1891:4388.468035315425;827:4389.533875315426;6499:4398.8887153154255;1803:4404.8512753154255;1141:4410.355915315426;5241:4411.943995315426;922:4412.859907315426;6385:4416.081547315426;3550:4416.343387315426;2981:4418.607508461281
0,0,default_vehtype,boarding,True,4412.251225981233,4442.251225981233,2972;-1;-1,2972;-1;-1,0.0,0.9995508717773731,0.9995508717773731,0.0,,0,51;55,2,55,,,
0,0,default_vehtype,route,False,4442.251225981233,4444.91397714982,2972;-1;-1,2988;-1;-1,36.982655119265175,0.9995508717773731,0.9995471735118612,0.0,,0,51;55,2,,,2972;6079;2988,2972:4442.251225981233;6079:4443.630081592799;2988:4444.91397714982
0,0,default_vehtype,boarding,True,4444.91397714982,4474.91397714982,2988;-1;-1,2988;-1;-1,0.0,0.9995471735118612,0.9995471735118612,0.0,,0,51;55,2,,51,,
0,4,default_vehtype,boarding,True,4418.607508461281,4448.607508461281,2981;-1;-1,2981;-1;-1,0.0,0.9424446205595058,0.9424446205595058,0.0,,0,53,1,,53,,
0,4,default_vehtype,route,False,4448.607508461281,4484.7867488934835,2981;-1;-1,2979;-1;-1,176.13052741122,0.9424446205595058,0.9424270075067647,0.0,,0,,0,,,2981;6320;7278;2411;6281;2286;2287;6538;2979,2981:4448.607508461281;6320:4451.980627315426;7278:4455.499387315426;2411:4461.334507315426;6281:4466.37862160114;2286:4471.145535886854;2287:4475.912450172568;6538:4480.956564458283;2979:4484.7867488934835
0,4,default_vehtype,boarding,True,4484.7867488934835,4514.7867488934835,2979;-1;-1,2979;-1;-1,0.0,0.9424270075067647,0.9424270075067647,0.0,,0,56,1,56,,,
0,4,default_vehtype,route,False,4514.7867488934835,4546.33934846128,2979;-1;-1,2981;-1;-1,147.12347258878,0.9424270075067647,0.9424122951595058,0.0,,0,56,1,,,2979;2786;2307;3549;3552;536;535;533;2981,2979:4514.7867488934835;2786:4516.791684458282;2307:4520.310444458282;3549:4525.947684458282;3552:4531.176941601139;536:4535.011455886854;535:4538.845970172568;533:4544.075227315425;2981:4546.33934846128
0,0,default_vehtype,route,False,4474.91397714982,4607.127340662169,2988;-1;-1,2991;-1;-1,1371.1040487826663,0.9995471735118612,0.999410063106983,0.0,,0,55,1,,,2988;3447;3721;5333;251;2711;3358;2296;5495;5697;5497;5500;670;5502;5512;5520;5531;6313;6632;6644;3793;6319;7102;3741;7384;6414;5446;2447;2571;42;2577;2566;3033;3036;2469;2404;2235;3762;5287;310;2280;1447;6261;3764;4397;4745;4182;4187;4191;4195;4202;4208;537;2991,2988:4474.91397714982;3447:4476.453489592799;3721:4479.483177592799;5333:4480.4746175927985;251:4481.222193592798;2711:4482.360009592799;3358:4484.575017592799;2296:4492.876017592799;5495:4493.092857592799;5697:4494.196617592799;5497:4494.894057592799;5500:4497.801297592799;670:4499.198697592798;5502:4501.546137592798;5512:4505.067897592798;5520:4507.521897592797;5531:4509.218817592798;6313:4510.243857592798;6632:4512.5408975927985;6644:4514.112177592799;3793:4515.961377592798;6319:4516.877097592798;7102:4517.355177592798;3741:4517.894817592798;7384:4525.553817592798;6414:4530.760977592798;5446:4533.028737592797;2447:4536.964857592798;2571:4544.553777592798;42:4549.2217775927975;2577:4549.894257592798;2566:4558.493337592798;3033:4559.124297592798;3036:4561.393857592798;2469:4564.9861775927975;2404:4568.309697592797;2235:4569.593097592798;3762:4570.016529592797;5287:4570.555593592797;310:4573.345809592797;2280:4573.944921592797;1447:4574.390817592797;6261:4578.268809592797;3764:4579.274505592797;4397:4579.8251615927975;4745:4580.051457592797;4182:4584.505233592798;4187:4587.167289592798;4191:4587.905577592797;4195:4602.368865592797;4202:4603.371393592797;4208:4604.353041592797;537:4605.307041592797;2991:4607.127340662169
0,4,default_vehtype,boarding,True,4546.33934846128,4576.33934846128,2981;-1;-1,2981;-1;-1,0.0,0.9424122951595058,0.9424122951595058,0.0,,0,56;58,2,58,,,
0,0,default_vehtype,boarding,True,4607.127340662169,4637.127340662169,2991;-1;-1,2991;-1;-1,0.0,0.999410063106983,0.999410063106983,0,,0,55,1,,55,,
0,4,default_vehtype,route,False,4576.33934846128,4725.948517999912,2981;-1;-1,2975;-1;-1,1207.0300509171504,0.9424122951595058,0.942291592154414,0.0,,0,56;58,2,,,2981;6320;3549;6384;4032;1804;4277;5239;6501;3911;5389;7301;3914;5398;5400;4040;4041;5374;5418;5424;5403;6546;1200;7312;3767;4527;3089;3131;5447;7352;414;122;3426;4305;793;118;3979;4275;3068;70;73;4273;880;3109;3874;2975,2981:4576.33934846128;6320:4579.712467315425;3549:4585.349707315425;6384:4585.611547315425;4032:4588.833187315425;1804:4589.749099315425;4277:4591.337179315426;5239:4596.841819315426;6501:4602.804379315426;3911:4612.159219315426;5389:4613.225059315426;7301:4613.478979315426;3914:4614.662659315426;5398:4615.839499315426;5400:4617.166099315426;4040:4626.470899315426;4041:4629.415219315426;5374:4633.667779315426;5418:4634.705059315425;5424:4634.848339315426;5403:4635.953659315425;6546:4640.180539315425;1200:4644.789619315426;7312:4646.283379315426;3767:4648.289779315426;4527:4651.086619315426;3089:4659.496219315426;3131:4659.976459315426;5447:4662.364099315426;7352:4663.6754593154255;414:4666.145179315426;122:4678.499539315426;3426:4679.753059315426;4305:4681.155379315426;793:4693.270939315426;118:4699.135219315426;3979:4700.985763315426;4275:4701.5770993154265;3068:4706.3213850297125;70:4708.6073850297125;73:4710.893385029713;4273:4715.637670743999;880:4716.229006743999;3109:4718.079550743999;3874:4723.943830743999;2975:4725.948517999912
0,4,default_vehtype,boarding,True,4725.948517999912,4755.948517999912,2975;-1;-1,2975;-1;-1,0.0,0.942291592154414,0.942291592154414,0,,0,56;58,2,,56,,
0,0,default_vehtype,route,False,4637.127340662169,4830.30732228213,2991;-1;-1,2973;-1;-1,2199.3406336106036,0.999410063106983,0.9991901290436218,0.0,,0,,0,,,2991;3010;5631;1068;2867;2760;542;1074;1071;1070;1069;1067;1504;4396;710;2281;4664;6260;3300;1832;708;6180;2405;6169;2744;2567;2576;3077;3241;88;2758;2742;2448;2353;6140;7386;3742;7100;6318;737;6639;2446;2301;1992;1990;1988;1985;3729;5498;5496;5699;5494;6307;374;7114;3246;5330;661;445;6080;7381;364;3029;3886;5711;6045;2157;4817;456;5901;7605;2830;1420;1084;2973,2991:4637.127340662169;3010:4641.1746095927965;5631:4647.0240335927965;1068:4649.576433592796;2867:4650.450729592796;2760:4656.989265592796;542:4664.517369592796;1074:4665.450777592796;1071:4666.453305592796;1070:4680.916593592796;1069:4681.654881592795;1067:4684.3169375927955;1504:4688.770713592796;4396:4688.997009592796;710:4689.547665592796;2281:4690.553361592796;4664:4694.431353592796;6260:4694.877249592796;3300:4695.476361592796;1832:4698.266577592796;708:4698.805641592796;6180:4699.229073592795;2405:4701.451473592795;6169:4704.928593592795;2744:4709.5291535927945;2567:4711.372113592794;2576:4719.860673592794;3077:4721.993313592794;3241:4725.122193592794;88:4727.049033592794;2758:4729.012473592795;2742:4729.4189135927945;2448:4732.604553592794;2353:4738.8054335927945;6140:4743.976473592795;7386:4745.318913592795;3742:4752.977913592795;7100:4753.517553592795;6318:4753.995633592795;737:4754.9113535927945;6639:4756.760553592794;2446:4758.331833592794;2301:4760.628873592795;1992:4761.653913592795;1990:4763.350833592795;1988:4765.804833592795;1985:4769.326593592795;3729:4771.674033592794;5498:4773.071433592794;5496:4775.978673592794;5699:4776.676113592794;5494:4777.779873592794;6307:4777.996713592794;374:4786.297713592794;7114:4788.512721592794;3246:4789.6505375927945;5330:4790.398113592794;661:4791.389553592794;445:4794.419241592794;6080:4797.242649592794;7381:4797.651537592794;364:4798.086921592794;3029:4800.111129592794;3886:4800.609153592794;5711:4803.1487375927945;6045:4804.543017592795;2157:4808.731545592795;4817:4809.208329592795;456:4809.823209592795;5901:4810.578777592795;7605:4814.050473592794;2830:4814.2798655927945;1420:4825.984977592794;1084:4829.519961592794;2973:4830.30732228213
0,0,default_vehtype,boarding,True,4830.30732228213,4860.30732228213,2973;-1;-1,2973;-1;-1,0.0,0.9991901290436218,0.9991901290436218,0,,0,60,1,60,,,
0,0,default_vehtype,route,False,4860.30732228213,4939.768268698821,2973;-1;-1,2989;-1;-1,948.8631274205475,0.9991901290436218,0.9990952427308798,0.0,,0,60,1,,,2973;7354;4225;4614;7369;7607;5900;3459;4818;5992;6047;5708;3884;3030;3347;7376;2207;3446;3720;5332;251;2711;3358;2296;5495;5696;3307;3987;6878;2989,2973:4860.30732228213;7354:4864.104489592794;4225:4868.689017592795;4614:4872.224001592795;7369:4883.929113592794;7607:4884.158505592794;5900:4887.630201592794;3459:4888.385769592794;4818:4889.000649592794;5992:4889.477433592794;6047:4893.665961592794;5708:4895.060241592794;3884:4897.599825592794;3030:4898.097849592795;3347:4900.122057592795;7376:4900.557441592795;2207:4900.966329592795;3446:4903.789737592795;3720:4906.819425592795;5332:4907.8108655927945;251:4908.558441592794;2711:4909.696257592795;3358:4911.911265592795;2296:4920.212265592795;5495:4920.429105592795;5696:4921.191825592795;3307:4931.930265592795;3987:4938.757425592795;6878:4939.360785592795;2989:4939.768268698821
0,0,default_vehtype,boarding,True,4939.768268698821,4969.768268698821,2989;-1;-1,2989;-1;-1,0.0,0.9990952427308798,0.9990952427308798,0.0,,0,60;63,2,63,,,
0,4,default_vehtype,route,False,4755.948517999912,4950.921307475837,2975;-1;-1,2971;-1;-1,2124.329645632739,0.942291592154414,0.9420791591898509,0.0,,0,58,1,,,2975;1166;793;118;3979;4275;103;6480;7360;3154;6028;5745;6035;5743;6038;6041;7365;6050;6068;6077;3629;4502;6912;2108;7370;7608;5900;3459;4818;5992;6047;5708;3884;3030;3347;7376;2207;3446;3720;5332;251;2711;3358;2296;5495;5696;3307;3987;2396;886;808;1372;807;1375;108;1376;1380;373;2390;7391;5704;7389;2971,2975:4755.948517999912;1166:4766.059390743999;793:4778.174950743999;118:4784.039230743999;3979:4785.889774743999;4275:4786.481110743999;103:4787.624038743999;6480:4800.945766743999;7360:4806.447646743999;3154:4807.539454743999;6028:4808.500582743999;5745:4809.992206743999;6035:4811.915614743999;5743:4813.285054743999;6038:4815.3004787439995;6041:4816.576750744;7365:4823.239918744;6050:4825.513462743999;6068:4829.739790743999;6077:4830.385486743999;3629:4831.942774743999;4502:4832.405662743999;6912:4837.554094743999;2108:4839.450502743998;7370:4845.977230743998;7608:4846.206622743998;5900:4849.678318743998;3459:4850.433886743997;4818:4851.0487667439975;5992:4851.525550743998;6047:4855.714078743998;5708:4857.108358743998;3884:4859.647942743998;3030:4860.1459667439985;3347:4862.170174743998;7376:4862.605558743999;2207:4863.014446743999;3446:4865.837854743999;3720:4868.8675427439985;5332:4869.858982743998;251:4870.606558743998;2711:4871.744374743998;3358:4873.9593827439985;2296:4882.260382743999;5495:4882.477222743999;5696:4883.239942743999;3307:4893.978382743999;3987:4900.805542743999;2396:4902.111502743998;886:4907.749102743998;808:4908.215302743998;1372:4909.078222743998;807:4910.182102743997;1375:4911.866302743997;108:4914.006742743997;1376:4915.806982743997;1380:4917.823582743997;373:4927.384582743996;2390:4929.929302743996;7391:4931.329942743996;5704:4933.695022743996;7389:4948.2332627439955;2971:4950.921307475837
0,4,default_vehtype,boarding,True,4950.921307475837,4980.921307475837,2971;-1;-1,2971;-1;-1,0.0,0.9420791591898509,0.9420791591898509,0,,0,58,1,,58,,
0,0,default_vehtype,route,False,4969.768268698821,5092.840190640846,2989;-1;-1,2969;-1;-1,1118.2367108949693,0.9990952427308798,0.9989834190597904,0.0,,0,60;63,2,,,2989;3808;7388;2045;2835;2641;7396;2616;486;2838;3722;3732;544;7400;5449;6824;4848;3271;4846;4989;5000;337;1075;4198;336;2969,2989:4969.768268698821;3808:4970.428785592794;7388:4974.493185592794;2045:4989.031425592794;2835:4991.396505592794;2641:5000.607585592794;7396:5001.201945592794;2616:5006.563545592794;486:5007.475305592794;2838:5013.800025592794;3722:5017.319265592793;3732:5039.768985592793;544:5042.458545592793;7400:5043.534105592793;5449:5044.733145592793;6824:5048.986425592793;4848:5056.466745592793;3271:5062.0198655927925;4846:5063.892945592793;4989:5076.165465592793;5000:5080.925025592794;337:5088.685257592793;1075:5089.709097592793;4198:5090.690745592793;336:5091.713865592793;2969:5092.840190640846
0,4,default_vehtype,route,False,4980.921307475837,5083.563829714289,2971;-1;-1,2987;-1;-1,1259.5135018220485,0.9420791591898509,0.9419532078396686,0.0,,0,,0,,,2971;3807;6875;885;316;2042;1982;6306;374;7114;3246;5330;661;445;6080;7381;364;3029;3886;5711;6045;2157;4817;456;5901;7605;2830;1420;1084;7357;2826;2827;4225;2987,2971:4980.921307475837;3807:4982.297662743996;6875:4983.365662743996;885:4983.969022743996;316:4990.796182743996;2042:5001.534622743996;1982:5002.297342743996;6306:5002.514182743996;374:5010.815182743996;7114:5013.030190743996;3246:5014.168006743997;5330:5014.915582743996;661:5015.907022743996;445:5018.936710743996;6080:5021.760118743996;7381:5022.169006743996;364:5022.604390743996;3029:5024.628598743996;3886:5025.126622743996;5711:5027.666206743997;6045:5029.060486743997;2157:5033.249014743997;4817:5033.725798743997;456:5034.340678743997;5901:5035.096246743997;7605:5038.567942743996;2830:5038.7973347439965;1420:5050.502446743996;1084:5054.037430743996;7357:5058.621958743996;2826:5067.831262743996;2827:5077.040566743996;4225:5081.625094743997;2987:5083.563829714289
0,0,default_vehtype,boarding,True,5092.840190640846,5122.840190640846,2969;-1;-1,2969;-1;-1,0.0,0.9989834190597904,0.9989834190597904,0,,0,60;63,2,,60,,
0,4,default_vehtype,boarding,True,5083.563829714289,5113.563829714289,2987;-1;-1,2987;-1;-1,0.0,0.9419532078396686,0.9419532078396686,0,,0,67,1,67,,,
0,0,default_vehtype,route,False,5122.840190640846,5214.135626586586,2969;-1;-1,2967;-1;-1,1125.5884516273873,0.9989834190597904,0.9988708602146276,0.0,,0,63,1,,,2969;7192;1664;337;1075;537;18;5629;1068;2559;6740;1717;2067;2063;1937;6789;3895;5465;7450;1719;3469;470;469;5079;7447;1960;2967,2969:5122.840190640846;7192:5126.4438335927925;1664:5129.697729592793;337:5137.457961592792;1075:5138.481801592792;537:5139.435801592792;18:5145.303369592792;5629:5151.152793592792;1068:5153.705193592791;2559:5160.755793592791;6740:5165.22641759279;1717:5171.06014559279;2067:5171.79792959279;2063:5172.5141855927895;1937:5175.784137592789;6789:5186.320545592789;3895:5187.587529592789;5465:5195.119449592789;7450:5196.103689592789;1719:5196.920313592789;3469:5197.940265592789;470:5203.901351307075;469:5209.862437021361;5079:5210.882389021361;7447:5211.699013021361;1960:5212.6832530213605;2967:5214.135626586586
0,0,default_vehtype,boarding,True,5214.135626586586,5244.135626586586,2967;-1;-1,2967;-1;-1,0.0,0.9988708602146276,0.9988708602146276,0.0,,0,63,1,,63,,
0,0,default_vehtype,route,False,5244.135626586586,5270.429656544441,2967;-1;-1,2968;-1;-1,365.194860525747,0.9988708602146276,0.998834340728575,0.0,,0,,0,,,2967;3896;6788;5444;1716;2720;4210;1711;2968,2967:5244.135626586586;3896:5250.215173021361;6788:5251.482157021361;5444:5262.018565021361;1716:5264.808925021361;2720:5265.555565021361;4210:5266.453837021361;1711:5267.583517021361;2968:5270.429656544441
0,4,default_vehtype,route,False,5113.563829714289,5240.98962378085,2987;-1;-1,2984;-1;-1,1389.2919531006646,0.9419532078396686,0.9418142786443585,0.0,,0,67,1,,,2987;4613;1084;7357;3525;6025;3063;6027;7362;2188;2186;5744;6033;5746;6031;146;2828;2376;3091;4274;880;3109;3874;4306;429;4313;68;7318;7325;3011;4;4345;1199;1204;2996;2984,2987:5113.563829714289;4613:5115.160078743997;1084:5118.6950627439965;7357:5123.279590743997;3525:5134.158430743997;6025:5135.899894743997;3063:5137.164574743997;6027:5138.466550743997;7362:5142.474790743997;2188:5149.137958743997;2186:5150.414230743997;5744:5152.429654743997;6033:5153.799094743998;5746:5155.722502743997;6031:5157.214126743997;146:5158.175254743997;2828:5159.2670627439975;2376:5164.768942743997;3091:5178.090670743997;4274:5179.233598743997;880:5179.824934743998;3109:5181.675478743998;3874:5187.5397587439975;4306:5199.655318743998;429:5201.057638743998;4313:5202.240598743998;68:5207.838958743998;7318:5214.506998743997;7325:5217.833758743997;3011:5221.844398743998;4:5226.629518743997;4345:5228.672998743998;1199:5232.66334160114;1204:5236.653684458282;2996:5238.697164458283;2984:5240.98962378085
0,4,default_vehtype,boarding,True,5240.98962378085,5270.98962378085,2984;-1;-1,2984;-1;-1,0.0,0.9418142786443585,0.9418142786443585,0.0,,0,67,1,,67,,
0,0,default_vehtype,boarding,True,5270.429656544441,5300.429656544441,2968;-1;-1,2968;-1;-1,0.0,0.998834340728575,0.998834340728575,0,,0,69,1,69,,,
0,0,default_vehtype,route,False,5300.429656544441,5400,2968;-1;-1,591;585;0.479,1382.9214368827484,0.998834340728575,0.9986960485848868,0.0,,0,69,1,,,2968;98;2497;7434;2760;542;1074;4204;5649;5760;205;5793;1407;5826;7411;4686;5074;5295;5274;7181;604;603;602;3851;4573;1400;971;598;1368;591,2968:5300.429656544441;98:5306.199325021362;2497:5307.709957021362;7434:5314.917805021362;2760:5321.456341021362;542:5328.984445021362;1074:5329.917853021362;4204:5330.899501021362;5649:5331.700285021362;5760:5337.258613021362;205:5342.402869021362;5793:5346.524221021362;1407:5348.144365021362;5826:5350.424677021362;7411:5353.3233250213625;4686:5354.394037021362;5074:5361.334549021362;5295:5361.564805021362;5274:5364.943621021363;7181:5369.452909021363;604:5373.031309021363;603:5374.0948930213635;602:5374.948021021363;3851:5375.951413021363;4573:5380.257733021363;1400:5381.990413021363;971:5385.788845021362;598:5386.8561010213625;1368:5387.816437021363;591:5393.687389021363
0,4,default_vehtype,route,False,5270.98962378085,5431.428359564308,2984;-1;-1,2989;-1;-1,1836.545864862161,0.9418142786443585,0.9416306240578722,0.0,,0,,0,,,2984;3012;7321;2804;3061;1173;3425;4304;793;118;3979;4275;103;6480;7360;3154;6028;5745;6035;5743;6038;6041;7365;6050;6068;6077;3629;4502;6912;2108;7370;7608;5900;3459;4818;5992;6047;5708;3884;3030;3347;7376;2207;3446;3720;5332;251;2711;3358;2296;5495;5696;3307;3987;6878;2989,2984:5270.98962378085;3012:5273.482284458282;7321:5277.492924458283;2804:5280.819684458283;3061:5287.487724458282;1173:5293.086084458282;3425:5294.269044458282;4304:5295.671364458282;793:5307.786924458283;118:5313.651204458282;3979:5315.501748458282;4275:5316.093084458283;103:5317.236012458283;6480:5330.557740458283;7360:5336.059620458283;3154:5337.151428458283;6028:5338.112556458283;5745:5339.604180458283;6035:5341.5275884582825;5743:5342.897028458283;6038:5344.912452458283;6041:5346.188724458283;7365:5352.851892458283;6050:5355.125436458283;6068:5359.351764458283;6077:5359.997460458282;3629:5361.554748458282;4502:5362.017636458282;6912:5367.166068458282;2108:5369.062476458282;7370:5375.5892044582815;7608:5375.818596458282;5900:5379.290292458281;3459:5380.045860458281;4818:5380.660740458281;5992:5381.137524458281;6047:5385.326052458281;5708:5386.7203324582815;3884:5389.259916458282;3030:5389.757940458282;3347:5391.782148458282;7376:5392.217532458282;2207:5392.626420458282;3446:5395.449828458282;3720:5398.479516458282;5332:5399.470956458282;251:5400.2185324582815;2711:5401.356348458282;3358:5403.571356458282;2296:5411.872356458282;5495:5412.0891964582825;5696:5412.851916458282;3307:5423.590356458282;3987:5430.417516458282;6878:5431.020876458282;2989:5431.428359564308
0,0,default_vehtype,route,True,5400.0,5494.514422167218,591;585;0.479,2981;-1;-1,1213.5205237343853,0.9986960485848868,0.9985746965325134,0.0,,0,69,1,,,591;585;940;1370;939;1903;983;3921;840;2881;5099;2878;1735;2581;370;361;2874;1887;4059;910;6541;3462;3648;2851;2850;1801;1560;5242;922;6385;3550;2981,591:5400;585:5406.8586370213625;940:5413.438501021363;1370:5420.465125021363;939:5421.161797021363;1903:5421.983389021363;983:5422.965901021363;3921:5426.764045021363;840:5431.324885021363;2881:5437.9555090213635;5099:5439.108373021363;2878:5440.236397021363;1735:5451.220717021362;2581:5452.560133021362;370:5454.142981021362;361:5456.640085021362;2874:5457.226093021362;1887:5462.881477021362;4059:5464.800781021362;910:5469.316981021362;6541:5469.9811090213625;3462:5472.194749021362;3648:5472.524509021362;2851:5477.198749021362;2850:5478.132109021362;1801:5481.4277890213625;1560:5486.168269021363;5242:5487.850909021363;922:5488.766821021363;6385:5491.988461021363;3550:5492.250301021363;2981:5494.514422167218
0,4,default_vehtype,boarding,True,5431.428359564308,5461.428359564308,2989;-1;-1,2989;-1;-1,0.0,0.9416306240578722,0.9416306240578722,0.0,,0,70,1,70,,,
0,0,default_vehtype,boarding,True,5494.514422167218,5524.514422167218,2981;-1;-1,2981;-1;-1,0.0,0.9985746965325134,0.9985746965325134,0,,0,69,1,,69,,
0,0,default_vehtype,route,True,5524.514422167218,5603.6038163263365,2981;-1;-1,2978;-1;-1,682.0646846593123,0.9985746965325134,0.9985064900640476,0.0,,0,,0,,,2981;6320;3549;6384;4032;1804;4277;5239;6501;3911;5389;7301;918;3075;7097;7290;2736;1744;1164;2789;1182;2978,2981:5524.514422167218;6320:5527.887541021363;3549:5533.524781021363;6384:5533.786621021363;4032:5537.008261021363;1804:5537.9241730213635;4277:5539.512253021364;5239:5545.016893021364;6501:5550.979453021364;3911:5560.334293021364;5389:5561.400133021364;7301:5561.654053021364;918:5562.796213021365;3075:5570.669173021364;7097:5571.518533021364;7290:5577.320653021365;2736:5586.039133021364;1744:5587.4943730213645;1164:5598.602893021364;2789:5600.014693021364;1182:5600.931613021364;2978:5603.6038163263365
0,0,default_vehtype,boarding,True,5603.6038163263365,5633.6038163263365,2978;-1;-1,2978;-1;-1,0.0,0.9985064900640476,0.9985064900640476,0.0,,0,73,1,73,,,
0,4,default_vehtype,route,False,5461.428359564308,5661.728576355171,2989;-1;-1,2977;-1;-1,2168.724873257181,0.9416306240578722,0.9414137515705466,0.0,,0,70,1,,,2989;3808;6876;885;316;2042;1982;6306;374;7114;3246;5330;661;445;6080;7381;364;3029;3886;5711;6045;2157;4817;456;5901;7605;2830;5852;6913;1321;597;2204;6066;6049;7367;2188;2186;5744;6033;5746;6031;146;2828;2376;3091;4274;880;3109;3874;4306;429;4313;68;7318;7325;3011;4;4345;7330;7562;7316;7531;2802;2977,2989:5461.428359564308;3808:5462.088876458281;6876:5463.156876458282;885:5463.760236458282;316:5470.587396458282;2042:5481.325836458282;1982:5482.088556458281;6306:5482.305396458281;374:5490.606396458282;7114:5492.821404458282;3246:5493.959220458282;5330:5494.706796458282;661:5495.698236458282;445:5498.727924458281;6080:5501.551332458282;7381:5501.960220458282;364:5502.395604458282;3029:5504.419812458282;3886:5504.917836458282;5711:5507.457420458282;6045:5508.851700458283;2157:5513.040228458282;4817:5513.517012458283;456:5514.131892458283;5901:5514.8874604582825;7605:5518.359156458282;2830:5518.588548458282;5852:5525.115276458282;6913:5527.011684458282;1321:5532.160116458282;597:5532.623004458282;2204:5534.180292458282;6066:5534.825988458281;6049:5539.052316458281;7367:5541.325860458281;2188:5547.989028458281;2186:5549.265300458281;5744:5551.280724458281;6033:5552.650164458281;5746:5554.573572458281;6031:5556.065196458281;146:5557.026324458281;2828:5558.118132458281;2376:5563.620012458281;3091:5576.941740458281;4274:5578.084668458281;880:5578.676004458282;3109:5580.5265484582815;3874:5586.390828458281;4306:5598.506388458281;429:5599.908708458282;4313:5601.091668458282;68:5606.690028458282;7318:5613.358068458281;7325:5616.684828458281;3011:5620.6954684582815;4:5625.480588458281;4345:5627.524068458281;7330:5628.727068458282;7562:5636.560908458282;7316:5643.9559084582825;7531:5651.510868458283;2802:5658.726348458283;2977:5661.728576355171
0,4,default_vehtype,boarding,True,5661.728576355171,5691.728576355171,2977;-1;-1,2977;-1;-1,0.0,0.9414137515705466,0.9414137515705466,0.0,,0,70,1,,70,,
0,4,default_vehtype,route,False,5691.728576355171,5738.055207780851,2977;-1;-1,2984;-1;-1,386.05526188065744,0.9414137515705466,0.9413751460443586,0.0,,0,,0,,,2977;6202;7315;7530;2803;7558;2806;4344;2996;2984,2977:5691.728576355171;6202:5695.621668458282;7315:5702.516988458282;7530:5709.732468458282;2803:5717.287428458282;7558:5724.682428458283;2806:5732.516268458283;4344:5733.719268458283;2996:5735.762748458284;2984:5738.055207780851
0,4,default_vehtype,boarding,True,5738.055207780851,5768.055207780851,2984;-1;-1,2984;-1;-1,0.0,0.9413751460443586,0.9413751460443586,0,,0,75;76,2,75;76,,,
0,0,default_vehtype,route,True,5633.6038163263365,5847.116658069417,2978;-1;-1,2969;-1;-1,2609.13704257042,0.9985064900640476,0.9982455763597906,0.0,,0,73,1,,,2978;4103;6297;1434;3820;3877;2787;4993;6537;7281;2307;3549;6384;4032;1804;4811;5237;608;459;2416;4011;5246;363;366;2314;2877;1748;2880;906;984;2268;1857;1806;1371;938;5442;4054;2205;1369;2047;3631;4079;4572;4577;778;3636;3639;3642;7178;5275;5297;5072;1464;2847;5825;4587;5794;3202;2065;2023;4203;4198;336;2969,2978:5633.6038163263365;4103:5636.222773021364;6297:5638.582093021364;1434:5644.541173021364;3820:5649.649813021364;3877:5651.557693021364;2787:5660.350213021364;4993:5661.399253021364;6537:5667.199093021363;7281:5673.034213021363;2307:5676.552973021363;3549:5682.190213021363;6384:5682.452053021363;4032:5685.673693021363;1804:5686.589605021363;4811:5688.272245021363;5237:5693.012725021364;608:5701.878805021363;459:5702.208565021363;2416:5704.422205021363;4011:5705.086333021363;5246:5711.011501021363;363:5717.9201890213635;366:5719.325269021364;2314:5720.470141021364;2877:5733.641245021364;1748:5734.759765021364;2880:5735.921557021364;906:5748.146869021363;984:5750.916565021364;2268:5751.6644290213635;1857:5752.050349021363;1806:5752.712533021363;1371:5753.382709021363;938:5755.963837021362;5442:5765.684485021363;4054:5773.324477021363;2205:5779.076917021363;1369:5785.523077021364;2047:5786.466133021364;3631:5788.028965021364;4079:5789.096221021364;4572:5792.894653021363;4577:5794.6273330213635;778:5798.933653021363;3636:5799.937045021363;3639:5800.7901730213625;3642:5801.853757021363;7178:5805.432157021363;5275:5809.9414450213635;5297:5813.320261021364;5072:5813.550517021364;1464:5820.491029021364;2847:5821.561741021364;5825:5824.460389021364;4587:5826.740701021364;5794:5828.360845021364;3202:5832.482197021364;2065:5837.626453021364;2023:5843.184781021364;4203:5843.985565021364;4198:5844.967213021364;336:5845.990333021364;2969:5847.116658069417
0,0,default_vehtype,boarding,True,5847.116658069417,5877.116658069417,2969;-1;-1,2969;-1;-1,0.0,0.9982455763597906,0.9982455763597906,0.0,,0,73,1,,73,,
0,4,default_vehtype,route,False,5768.055207780851,5833.673135840681,2984;-1;-1,2986;-1;-1,674.351330400799,0.9413751460443586,0.9413077109113185,0.0,,0,75;76,2,,,2984;3012;7321;2804;3061;1173;3425;4304;793;118;3979;4275;103;6480;7360;2986,2984:5768.055207780851;3012:5770.547868458283;7321:5774.5585084582835;2804:5777.8852684582835;3061:5784.553308458283;1173:5790.151668458283;3425:5791.334628458283;4304:5792.736948458283;793:5804.852508458283;118:5810.716788458283;3979:5812.567332458283;4275:5813.1586684582835;103:5814.301596458284;6480:5827.623324458284;7360:5833.125204458283;2986:5833.673135840681
0,4,default_vehtype,boarding,True,5833.673135840681,5863.673135840681,2986;-1;-1,2986;-1;-1,0.0,0.9413077109113185,0.9413077109113185,0.0,,0,75;76,2,,75,,
0,1,default_vehtype,charging,True,2460.0,5917.575769111281,2980;-1;-1,2980;-1;-1,0.0,0.8559343429536966,0.999999999999997,7.5,1-2,0,,0,,,,
0,1,default_vehtype,out_of_service,True,5917.575769111281,5940.0,2980;-1;-1,2980;-1;-1,0.0,0.999999999999997,0.999999999999997,0.0,,0,,0,,,,
0,1,default_vehtype,charging,True,5940,5940.000000000072,2980;-1;-1,2980;-1;-1,0.0,0.999999999999997,1.0,7.5,1-2,0,,0,,,,
0,0,default_vehtype,to_depot,True,5877.116658069417,6032.2017702857065,2969;-1;-1,2980;-1;-1,1780.8795979021434,0.9982455763597906,0.9980674884000004,0.0,,0,,0,,,2969;7192;1664;337;1075;5648;5759;205;5793;1407;5826;7411;4686;5074;5295;5274;7181;604;603;602;3851;4573;1400;971;598;1368;591;585;940;1370;939;1903;983;3921;840;2881;5099;1157;2058;2092;915;2980,2969:5877.116658069417;7192:5880.720301021363;1664:5883.974197021364;337:5891.734429021363;1075:5892.758269021363;5648:5893.559053021363;5759:5899.117381021363;205:5904.261637021363;5793:5908.382989021363;1407:5910.003133021363;5826:5912.283445021363;7411:5915.1820930213635;4686:5916.252805021363;5074:5923.193317021363;5295:5923.423573021363;5274:5926.8023890213635;7181:5931.311677021364;604:5934.890077021364;603:5935.9536610213645;602:5936.806789021364;3851:5937.810181021364;4573:5942.116501021364;1400:5943.849181021364;971:5947.647613021363;598:5948.7148690213635;1368:5949.675205021364;591:5955.546157021364;585:5968.717405021363;940:5975.297269021364;1370:5982.323893021364;939:5983.020565021364;1903:5983.842157021364;983:5984.824669021364;3921:5988.622813021364;840:5993.183653021364;2881:5999.814277021364;5099:6000.967141021364;1157:6005.706283878507;2058:6011.496112449935;2092:6014.885255307078;915:6020.00342673565;2980:6032.2017702857065
0,0,default_vehtype,out_of_service,True,6032.2017702857065,6060.0,2980;-1;-1,2980;-1;-1,0.0,0.9980674884000004,0.9980674884000004,0.0,,0,,0,,,,
0,0,default_vehtype,charging,True,6060.0,6106.380278399991,2980;-1;-1,2980;-1;-1,0.0,0.9980674884000004,1.0,7.5,1-2,0,,0,,,,
0,4,default_vehtype,route,False,5863.673135840681,6089.051460923333,2986;-1;-1,2992;-1;-1,2665.0618483702333,0.9413077109113185,0.9410412047264816,0.0,,0,76,1,,,2986;3155;6029;5745;6035;5743;6038;6041;7365;6050;6068;6077;3629;4502;6912;2108;7370;7608;5900;3459;4818;5992;6047;5708;3884;3030;3347;7376;2207;3446;3720;5332;251;2711;3358;2296;5495;5697;5497;5500;670;5502;5512;5520;5531;6313;6632;6644;3793;6319;7102;3741;7384;6414;5446;2447;2571;42;2577;2566;3033;3036;2469;2404;2235;3762;5287;310;2280;1447;6261;3764;4397;4745;4182;4187;4191;4195;4202;4208;537;18;5629;1068;2559;6740;1717;2067;2063;1937;2992,2986:5863.673135840681;3155:5864.2170124582835;6029:5865.178140458283;5745:5866.669764458284;6035:5868.593172458283;5743:5869.962612458284;6038:5871.978036458284;6041:5873.254308458284;7365:5879.917476458284;6050:5882.191020458284;6068:5886.417348458283;6077:5887.063044458283;3629:5888.620332458283;4502:5889.083220458283;6912:5894.231652458283;2108:5896.128060458283;7370:5902.654788458282;7608:5902.884180458283;5900:5906.355876458282;3459:5907.111444458282;4818:5907.726324458282;5992:5908.203108458282;6047:5912.391636458282;5708:5913.785916458282;3884:5916.3255004582825;3030:5916.823524458283;3347:5918.847732458283;7376:5919.283116458283;2207:5919.692004458283;3446:5922.515412458283;3720:5925.545100458283;5332:5926.536540458283;251:5927.284116458282;2711:5928.421932458283;3358:5930.636940458283;2296:5938.937940458283;5495:5939.154780458283;5697:5940.258540458283;5497:5940.955980458283;5500:5943.863220458283;670:5945.260620458283;5502:5947.608060458282;5512:5951.129820458282;5520:5953.5838204582815;5531:5955.280740458282;6313:5956.305780458282;6632:5958.602820458283;6644:5960.174100458283;3793:5962.023300458282;6319:5962.939020458282;7102:5963.417100458282;3741:5963.956740458282;7384:5971.615740458282;6414:5976.822900458282;5446:5979.0906604582815;2447:5983.026780458282;2571:5990.615700458282;42:5995.283700458282;2577:5995.956180458282;2566:6004.555260458282;3033:6005.186220458282;3036:6007.455780458282;2469:6011.048100458282;2404:6014.3716204582815;2235:6015.655020458282;3762:6016.078452458281;5287:6016.617516458281;310:6019.407732458281;2280:6020.006844458281;1447:6020.452740458281;6261:6024.330732458281;3764:6025.336428458281;4397:6025.887084458282;4745:6026.113380458281;4182:6030.567156458282;4187:6033.229212458282;4191:6033.967500458281;4195:6048.430788458281;4202:6049.433316458281;4208:6050.414964458281;537:6051.368964458281;18:6057.236532458281;5629:6063.085956458281;1068:6065.63835645828;2559:6072.68895645828;6740:6077.159580458279;1717:6082.993308458279;2067:6083.731092458279;2063:6084.447348458279;1937:6087.717300458278;2992:6089.051460923333
0,4,default_vehtype,boarding,True,6089.051460923333,6119.051460923333,2992;-1;-1,2992;-1;-1,0.0,0.9410412047264816,0.9410412047264816,0.0,,0,76,1,,76,,
0,3,default_vehtype,charging,True,2220.0,6497.110848245421,2980;-1;-1,2980;-1;-1,0.0,0.8217870479897741,0.9999999999999962,7.5,1-0,0,,0,,,,
0,4,default_vehtype,route,False,6240.0,6490.997917201476,2992;-1;-1,2974;-1;-1,3002.3675166871967,0.9410412047264816,0.9407409679748128,0.0,,0,,0,,,2992;2526;5444;1716;2720;4210;1711;98;2497;7434;2760;542;1074;1071;1070;1069;1067;1504;4396;710;2281;4664;6260;3300;1832;708;6180;2405;6169;2744;2567;2576;3077;3241;88;2758;2742;2448;2353;6140;7386;3742;7100;6318;737;6639;2446;2301;1992;1990;1988;1985;3729;5498;5496;5699;5494;6307;374;7114;3246;5330;661;445;6080;7381;364;3029;3886;5711;6045;2157;4817;456;5901;7605;2830;5852;6913;1321;597;2204;6066;6049;7367;2188;2186;5744;6033;5746;6031;146;2828;2974,2992:6240;2526:6249.202247534946;5444:6259.738655534946;1716:6262.529015534946;2720:6263.275655534946;4210:6264.173927534946;1711:6265.303607534946;98:6273.919415534946;2497:6275.430047534946;7434:6282.637895534946;2760:6289.1764315349465;542:6296.704535534946;1074:6297.637943534946;1071:6298.640471534946;1070:6313.103759534946;1069:6313.842047534946;1067:6316.504103534946;1504:6320.957879534946;4396:6321.184175534946;710:6321.734831534946;2281:6322.7405275349465;4664:6326.618519534946;6260:6327.064415534946;3300:6327.663527534946;1832:6330.453743534947;708:6330.992807534946;6180:6331.416239534946;2405:6333.6386395349455;6169:6337.115759534945;2744:6341.716319534945;2567:6343.559279534945;2576:6352.047839534945;3077:6354.180479534944;3241:6357.309359534945;88:6359.236199534945;2758:6361.199639534945;2742:6361.606079534945;2448:6364.791719534945;2353:6370.992599534945;6140:6376.163639534945;7386:6377.5060795349455;3742:6385.165079534945;7100:6385.704719534945;6318:6386.182799534945;737:6387.098519534945;6639:6388.947719534945;2446:6390.518999534945;2301:6392.816039534945;1992:6393.8410795349455;1990:6395.537999534946;1988:6397.9919995349455;1985:6401.513759534945;3729:6403.861199534945;5498:6405.258599534945;5496:6408.165839534944;5699:6408.863279534944;5494:6409.967039534944;6307:6410.183879534944;374:6418.484879534944;7114:6420.6998875349445;3246:6421.837703534945;5330:6422.585279534945;661:6423.5767195349445;445:6426.606407534944;6080:6429.429815534944;7381:6429.838703534944;364:6430.274087534945;3029:6432.298295534944;3886:6432.796319534945;5711:6435.335903534945;6045:6436.730183534945;2157:6440.918711534945;4817:6441.395495534945;456:6442.0103755349455;5901:6442.765943534945;7605:6446.237639534945;2830:6446.467031534945;5852:6452.993759534945;6913:6454.890167534944;1321:6460.038599534944;597:6460.501487534944;2204:6462.058775534944;6066:6462.704471534944;6049:6466.930799534944;7367:6469.204343534943;2188:6475.867511534943;2186:6477.143783534943;5744:6479.159207534944;6033:6480.528647534944;5746:6482.452055534944;6031:6483.943679534944;146:6484.904807534944;2828:6485.996615534944;2974:6490.997917201476
0,4,default_vehtype,boarding,True,6490.997917201476,6520.997917201476,2974;-1;-1,2974;-1;-1,0.0,0.9407409679748128,0.9407409679748128,0.0,,0,88,1,88,,,
0,4,default_vehtype,route,False,6520.997917201476,6665.42526418952,2974;-1;-1,2982;-1;-1,1300.2674156418354,0.9407409679748128,0.9406109412332486,0.0,,0,88,1,,,2974;6479;3091;4274;880;3109;3874;4306;429;3125;3406;2825;1944;130;99;4526;714;2800;4339;2419;5404;5421;1925;1883;926;925;5399;1905;830;2795;918;3075;7097;7290;2736;1744;1164;2789;1218;2982,2974:6520.997917201476;6479:6521.498495534944;3091:6534.820223534944;4274:6535.963151534944;880:6536.554487534944;3109:6538.405031534944;3874:6544.269311534944;4306:6556.384871534944;429:6557.787191534944;3125:6559.040711534944;3406:6571.395071534945;2825:6573.864791534945;1944:6575.176151534944;130:6577.563791534944;99:6578.044031534944;4526:6586.453631534944;714:6589.250471534944;2800:6591.256871534944;4339:6592.750631534945;2419:6597.359711534945;5404:6601.586591534945;5421:6602.691911534945;1925:6602.835191534945;1883:6603.872471534944;926:6608.125031534944;925:6611.069351534944;5399:6620.374151534944;1905:6621.700751534944;830:6622.877591534944;2795:6624.061271534944;918:6625.203431534945;3075:6633.076391534944;7097:6633.9257515349445;7290:6639.727871534945;2736:6648.446351534945;1744:6649.9015915349455;1164:6661.010111534945;2789:6662.421911534945;1218:6663.545111534945;2982:6665.42526418952
0,4,default_vehtype,boarding,True,6665.42526418952,6695.42526418952,2982;-1;-1,2982;-1;-1,0.0,0.9406109412332486,0.9406109412332486,0.0,,0,88;90,2,90,88,,
0,4,default_vehtype,route,False,6695.42526418952,6742.930566145969,2982;-1;-1,2983;-1;-1,395.8775163037552,0.9406109412332486,0.9405713534816182,0.0,,0,90,1,,,2982;2809;7010;820;7498;276;2915;2661;7517;6201;7314;2983,2982:6695.42526418952;2809:6701.126231534945;7010:6704.033711534945;820:6706.014671534945;7498:6706.4826715349445;276:6706.594271534945;2915:6717.940271534944;2661:6725.173631534944;7517:6732.485591534944;6201:6733.346711534944;7314:6740.242031534944;2983:6742.930566145969
0,4,default_vehtype,boarding,True,6742.930566145969,6772.930566145969,2983;-1;-1,2983;-1;-1,0.0,0.9405713534816182,0.9405713534816182,0.0,,0,90,1,,90,,
0,3,default_vehtype,route,False,6600,6899.136694853566,2980;-1;-1,2973;-1;-1,2548.1465637823408,0.9999999999999962,0.999745185343618,0.0,,0,,0,,,2980;914;2135;1730;2664;2579;2961;2407;2581;370;361;2874;1887;4059;910;6541;3462;3648;2851;2850;1801;1560;5242;4277;5239;6501;3911;5389;7301;3914;5398;5400;4040;4041;5374;5418;5424;5403;6546;1200;7312;3767;4527;3089;3131;5447;7352;414;122;3426;4305;793;118;3979;4275;103;6480;7360;3154;6028;5745;6035;5743;6038;6041;7365;6050;6068;6077;3629;4502;6912;2108;7370;1420;1084;2973,2980:6600;914:6615.882170735657;2135:6623.833027878514;1730:6639.289370735657;2664:6641.111485021372;2579:6645.987427878515;2961:6662.758285021372;2407:6668.007085021372;2581:6676.494342164229;370:6678.077190164229;361:6680.574294164229;2874:6681.1603021642295;1887:6686.815686164229;4059:6688.734990164229;910:6693.251190164229;6541:6693.91531816423;3462:6696.1289581642295;3648:6696.458718164229;2851:6701.132958164229;2850:6702.066318164229;1801:6705.36199816423;1560:6710.10247816423;5242:6711.78511816423;4277:6713.37319816423;5239:6718.8778381642305;6501:6724.8403981642305;3911:6734.19523816423;5389:6735.261078164231;7301:6735.514998164231;3914:6736.698678164231;5398:6737.875518164231;5400:6739.202118164231;4040:6748.506918164231;4041:6751.451238164231;5374:6755.703798164231;5418:6756.74107816423;5424:6756.88435816423;5403:6757.98967816423;6546:6762.21655816423;1200:6766.82563816423;7312:6768.319398164231;3767:6770.325798164231;4527:6773.122638164231;3089:6781.532238164231;3131:6782.012478164231;5447:6784.400118164231;7352:6785.71147816423;414:6788.18119816423;122:6800.535558164231;3426:6801.789078164231;4305:6803.191398164231;793:6815.306958164231;118:6821.171238164231;3979:6823.021782164231;4275:6823.613118164231;103:6824.7560461642315;6480:6838.077774164231;7360:6843.579654164231;3154:6844.671462164231;6028:6845.632590164231;5745:6847.1242141642315;6035:6849.047622164231;5743:6850.4170621642315;6038:6852.432486164232;6041:6853.708758164232;7365:6860.371926164232;6050:6862.6454701642315;6068:6866.871798164231;6077:6867.517494164231;3629:6869.074782164231;4502:6869.537670164231;6912:6874.686102164231;2108:6876.58251016423;7370:6883.10923816423;1420:6894.81435016423;1084:6898.34933416423;2973:6899.136694853566
0,4,default_vehtype,route,False,6840,6900.0,2983;-1;-1,4304;793;0.204,499.99999999999136,0.9405713534816182,0.9405213534816182,0.0,,0,,0,,,2983;7527;2803;7558;2806;4344;2996;3013;7322;2804;3061;1173;3425;4304,2983:6840;7527:6844.526945388974;2803:6852.0819053889745;7558:6859.476905388975;2806:6867.310745388975;4344:6868.513745388976;2996:6870.557225388976;3013:6875.342345388975;7322:6879.352985388976;2804:6882.679745388976;3061:6889.347785388975;1173:6894.946145388975;3425:6896.129105388975;4304:6897.531425388976
0,3,default_vehtype,boarding,True,6899.136694853566,6929.136694853566,2973;-1;-1,2973;-1;-1,0.0,0.999745185343618,0.999745185343618,0,,0,91,1,91,,,
0,4,default_vehtype,route,False,6900.0,6985.499603446889,4304;793;0.204,2976;-1;-1,649.7972668192936,0.9405213534816182,0.9404563737549363,0.0,,0,,0,,,4304;793;118;3979;4275;3068;70;73;4273;880;3109;3874;4306;429;4313;68;7318;7325;3011;4;4345;7330;2976,4304:6900;793:6909.646985388976;118:6915.5112653889755;3979:6917.361809388975;4275:6917.953145388976;3068:6922.697431103262;70:6924.983431103262;73:6927.269431103262;4273:6932.013716817548;880:6932.605052817548;3109:6934.455596817548;3874:6940.319876817548;4306:6952.435436817548;429:6953.837756817548;4313:6955.020716817548;68:6960.619076817548;7318:6967.287116817548;7325:6970.613876817548;3011:6974.624516817548;4:6979.409636817548;4345:6981.453116817548;7330:6982.6561168175485;2976:6985.499603446889
0,4,default_vehtype,boarding,True,6985.499603446889,7015.499603446889,2976;-1;-1,2976;-1;-1,0.0,0.9404563737549363,0.9404563737549363,0.0,,0,98,1,98,,,
0,4,default_vehtype,route,False,7015.499603446889,7078.7716261827145,2976;-1;-1,2985;-1;-1,539.7519081605719,0.9404563737549363,0.9404023985641202,0.0,,0,98,1,,,2976;7557;2806;4344;2996;3013;7322;2804;3061;1173;3425;4304;793;118;3979;2985,2976:7015.499603446889;7557:7020.489956817549;2806:7028.323796817549;4344:7029.526796817549;2996:7031.57027681755;3013:7036.355396817549;7322:7040.36603681755;2804:7043.69279681755;3061:7050.360836817549;1173:7055.959196817549;3425:7057.142156817549;4304:7058.544476817549;793:7070.66003681755;118:7076.524316817549;3979:7078.374860817549;2985:7078.7716261827145
0,3,default_vehtype,route,False,6929.136694853566,7118.349982818807,2973;-1;-1,2982;-1;-1,1922.294373658451,0.999745185343618,0.9995529559062521,0.0,,0,91,1,,,2973;7354;3525;6025;3063;6027;7362;2188;2186;5744;6033;5746;6031;146;2828;2376;3091;4274;880;3109;3874;4306;429;3125;3406;2825;1944;130;99;4526;714;2800;4339;2419;5404;5421;1925;1883;926;925;5399;1905;830;2795;918;3075;7097;7290;2736;1744;1164;2789;1218;2982,2973:6929.136694853566;7354:6932.93386216423;3525:6943.81270216423;6025:6945.55416616423;3063:6946.81884616423;6027:6948.12082216423;7362:6952.12906216423;2188:6958.79223016423;2186:6960.06850216423;5744:6962.08392616423;6033:6963.453366164231;5746:6965.3767741642305;6031:6966.868398164231;146:6967.829526164231;2828:6968.921334164231;2376:6974.423214164231;3091:6987.74494216423;4274:6988.887870164231;880:6989.479206164231;3109:6991.329750164231;3874:6997.194030164231;4306:7009.309590164231;429:7010.711910164231;3125:7011.965430164231;3406:7024.319790164232;2825:7026.789510164232;1944:7028.100870164231;130:7030.488510164231;99:7030.968750164231;4526:7039.378350164231;714:7042.175190164231;2800:7044.181590164231;4339:7045.6753501642315;2419:7050.284430164232;5404:7054.511310164232;5421:7055.6166301642315;1925:7055.759910164232;1883:7056.797190164231;926:7061.049750164231;925:7063.994070164231;5399:7073.298870164231;1905:7074.625470164231;830:7075.802310164231;2795:7076.985990164231;918:7078.128150164232;3075:7086.001110164231;7097:7086.850470164231;7290:7092.652590164232;2736:7101.371070164232;1744:7102.826310164232;1164:7113.934830164232;2789:7115.346630164232;1218:7116.469830164232;2982:7118.349982818807
0,4,default_vehtype,boarding,True,7078.7716261827145,7108.7716261827145,2985;-1;-1,2985;-1;-1,0.0,0.9404023985641202,0.9404023985641202,0.0,,0,98;95,2,95,,,
0,3,default_vehtype,boarding,True,7118.349982818807,7148.349982818807,2982;-1;-1,2982;-1;-1,0.0,0.9995529559062521,0.9995529559062521,0.0,,0,91,1,,91,,
0,3,default_vehtype,route,False,7148.349982818807,7195.855284775256,2982;-1;-1,2983;-1;-1,395.8775163037552,0.9995529559062521,0.9995133681546218,0.0,,0,,0,,,2982;2809;7010;820;7498;276;2915;2661;7517;6201;7314;2983,2982:7148.349982818807;2809:7154.050950164232;7010:7156.958430164232;820:7158.939390164232;7498:7159.407390164231;276:7159.518990164232;2915:7170.864990164231;2661:7178.098350164231;7517:7185.410310164231;6201:7186.271430164231;7314:7193.1667501642305;2983:7195.855284775256
0,4,default_vehtype,route,False,7108.7716261827145,7171.443467787843,2985;-1;-1,2987;-1;-1,870.4422445156584,0.9404023985641202,0.9403153543396687,0.0,,0,98;95,2,,,2985;1140;103;6480;7360;3154;6028;5745;6035;5743;6038;6041;7365;2179;3064;6023;3524;7356;4225;2987,2985:7108.7716261827145;1140:7108.96619681755;103:7110.10912481755;6480:7123.43085281755;7360:7128.93273281755;3154:7130.02454081755;6028:7130.98566881755;5745:7132.47729281755;6035:7134.4007008175495;5743:7135.77014081755;6038:7137.78556481755;6041:7139.06183681755;7365:7145.72500481755;2179:7149.73324481755;3064:7151.03522081755;6023:7152.29990081755;3524:7154.04136481755;7356:7164.92020481755;4225:7169.504732817551;2987:7171.443467787843
0,0,default_vehtype,out_of_service,True,6106.380278399991,7200.0,2980;-1;-1,2980;-1;-1,0.0,1.0,1.0,0.0,,0,,0,,,,
0,1,default_vehtype,out_of_service,True,5940.000000000072,7200.0,2980;-1;-1,2980;-1;-1,0.0,1.0,1.0,0.0,,0,,0,,,,
0,3,default_vehtype,boarding,True,7195.855284775256,7225.855284775256,2983;-1;-1,2983;-1;-1,0.0,0.9995133681546218,0.9995133681546218,0.0,,0,97,1,97,,,
0,4,default_vehtype,boarding,True,7171.443467787843,7201.443467787843,2987;-1;-1,2987;-1;-1,0.0,0.9403153543396687,0.9403153543396687,0.0,,0,98;95,2,,95,,
0,4,default_vehtype,route,False,7201.443467787843,7233.065940374572,2987;-1;-1,2988;-1;-1,439.20100814900826,0.9403153543396687,0.9402714342388538,0.0,,0,98,1,,,2987;4613;7368;7606;5900;3459;4818;5992;6047;5708;3884;3030;3347;7376;2207;2988,2987:7201.443467787843;4613:7203.0397168175505;7368:7214.74482881755;7606:7214.97422081755;5900:7218.44591681755;3459:7219.2014848175495;4818:7219.81636481755;5992:7220.29314881755;6047:7224.48167681755;5708:7225.87595681755;3884:7228.41554081755;3030:7228.913564817551;3347:7230.9377728175505;7376:7231.373156817551;2207:7231.782044817551;2988:7233.065940374572
0,4,default_vehtype,boarding,True,7233.065940374572,7263.065940374572,2988;-1;-1,2988;-1;-1,0.0,0.9402714342388538,0.9402714342388538,0.0,,0,98;99,2,99,,,
0,4,default_vehtype,route,False,7263.065940374572,7266.050005205985,2988;-1;-1,2972;-1;-1,41.44534488073482,0.9402714342388538,0.9402672897043658,0.0,,0,98;99,2,,,2988;3447;2972,2988:7263.065940374572;3447:7264.605452817551;2972:7266.050005205985
0,4,default_vehtype,boarding,True,7266.050005205985,7296.050005205985,2972;-1;-1,2972;-1;-1,0.0,0.9402672897043658,0.9402672897043658,0.0,,0,98;99,2,,98,,
0,4,default_vehtype,route,False,7296.050005205985,7385.33572154939,2972;-1;-1,2971;-1;-1,812.5131451482082,0.9402672897043658,0.9401860383898509,0.0,,0,99,1,,,2972;6079;3446;3720;5332;251;2711;3358;2296;5495;5696;3307;3987;2396;886;808;1372;807;1375;108;1376;1380;373;2390;7391;5704;7389;2971,2972:7296.050005205985;6079:7297.428860817551;3446:7300.252268817551;3720:7303.281956817551;5332:7304.273396817551;251:7305.0209728175505;2711:7306.158788817551;3358:7308.373796817551;2296:7316.674796817551;5495:7316.891636817551;5696:7317.654356817551;3307:7328.392796817551;3987:7335.219956817551;2396:7336.525916817551;886:7342.163516817551;808:7342.629716817551;1372:7343.49263681755;807:7344.59651681755;1375:7346.28071681755;108:7348.42115681755;1376:7350.221396817549;1380:7352.237996817549;373:7361.798996817549;2390:7364.343716817549;7391:7365.744356817549;5704:7368.109436817548;7389:7382.647676817548;2971:7385.33572154939
0,4,default_vehtype,boarding,True,7385.33572154939,7415.33572154939,2971;-1;-1,2971;-1;-1,0.0,0.9401860383898509,0.9401860383898509,0.0,,0,99,1,,99,,
0,3,default_vehtype,route,False,7225.855284775256,7468.24862689607,2983;-1;-1,2971;-1;-1,2519.500917673467,0.9995133681546218,0.9992614180628545,0.0,,0,97,1,,,2983;7527;2803;7558;2806;4344;2996;3013;7322;2804;3061;1173;3425;4304;793;118;3979;4275;103;6480;7360;3154;6028;5745;6035;5743;6038;6041;7365;6050;6068;6077;3629;4502;6912;2108;7370;7608;5900;3459;4818;5992;6047;5708;3884;3030;3347;7376;2207;3446;3720;5332;251;2711;3358;2296;5495;5696;3307;3987;2396;886;808;1372;807;1375;108;1376;1380;373;2390;7391;5704;7389;2971,2983:7225.855284775256;7527:7230.38223016423;2803:7237.937190164231;7558:7245.332190164231;2806:7253.166030164231;4344:7254.369030164232;2996:7256.412510164232;3013:7261.197630164232;7322:7265.208270164232;2804:7268.535030164232;3061:7275.203070164232;1173:7280.8014301642315;3425:7281.984390164232;4304:7283.386710164232;793:7295.502270164232;118:7301.366550164232;3979:7303.217094164232;4275:7303.808430164232;103:7304.951358164232;6480:7318.273086164232;7360:7323.774966164232;3154:7324.866774164232;6028:7325.827902164232;5745:7327.319526164232;6035:7329.242934164232;5743:7330.612374164232;6038:7332.627798164232;6041:7333.9040701642325;7365:7340.567238164233;6050:7342.840782164232;6068:7347.067110164232;6077:7347.712806164232;3629:7349.2700941642315;4502:7349.7329821642315;6912:7354.8814141642315;2108:7356.777822164231;7370:7363.304550164231;7608:7363.533942164231;5900:7367.005638164231;3459:7367.76120616423;4818:7368.37608616423;5992:7368.852870164231;6047:7373.0413981642305;5708:7374.435678164231;3884:7376.975262164231;3030:7377.4732861642315;3347:7379.497494164231;7376:7379.932878164232;2207:7380.341766164232;3446:7383.165174164232;3720:7386.194862164231;5332:7387.186302164231;251:7387.933878164231;2711:7389.071694164231;3358:7391.286702164231;2296:7399.587702164232;5495:7399.804542164232;5696:7400.567262164232;3307:7411.305702164232;3987:7418.1328621642315;2396:7419.438822164231;886:7425.076422164231;808:7425.542622164231;1372:7426.405542164231;807:7427.50942216423;1375:7429.19362216423;108:7431.33406216423;1376:7433.13430216423;1380:7435.15090216423;373:7444.711902164229;2390:7447.256622164229;7391:7448.657262164229;5704:7451.022342164229;7389:7465.560582164228;2971:7468.24862689607
0,3,default_vehtype,boarding,True,7468.24862689607,7498.24862689607,2971;-1;-1,2971;-1;-1,0.0,0.9992614180628545,0.9992614180628545,0.0,,0,97,1,,97,,
0,2,default_vehtype,charging,True,2280.0,7768.282447387386,2980;-1;-1,2980;-1;-1,0.0,0.7713215646921923,0.9999999999999951,7.5,1-1,0,,0,,,,
