operator_id,vehicle_id,vehicle_type,status,locked,start_time,end_time,start_pos,end_pos,driven_distance,start_soc,end_soc,charging_power,charging_unit,toll,rq_on_board,occupancy,rq_boarding,rq_alighting,route,trajectory
0,2,default_vehtype,route,False,180,338.4248866731174,2992;-1;-1,2966;-1;-1,1413.7091051984648,0.6917207594128889,0.6915793885023691,0.0,,0,,0,,,2992;2526;3895;5465;7450;4482;6930;7615;3488;4485;5469;2998;901;1083;1355;1961;1962;1033;1559;1958;2907;636;1954;1949;186;333;2164;695;694;1041;1623;1383;2333;2966,2992:180;2526:189.20224753494543;3895:190.46923153494544;5465:198.00115153494545;7450:198.98539153494545;4482:201.65212753494546;6930:202.96785553494547;7615:206.86420753494548;3488:208.18835953494548;4485:212.7430075349455;5469:213.10423153494548;2998:213.51268753494548;901:214.7582155349455;1083:217.5486475349455;1355:231.2379355349455;1961:232.22066353494552;1962:233.15954353494553;1033:234.36899953494552;1559:240.75309553494552;1958:248.10011953494552;2907:248.7237835349455;636:251.5389115349455;1954:252.1496155349455;1949:261.04975153494547;186:262.6158955349455;333:263.2556155349455;2164:263.8720075349455;695:268.5792955349455;694:271.7480155349455;1041:272.56694353494555;1623:276.9502006778027;1383:288.03562924923125;2333:328.18951496351696;2966:338.4248866731174
0,0,default_vehtype,boarding,True,360.0,390.0,2977;-1;-1,2977;-1;-1,0.0,0.8229470565333281,0.8229470565333281,0.0,,0,4,1,4,,,
0,0,default_vehtype,route,False,390.0,403.47694671413734,2977;-1;-1,2983;-1;-1,112.30788928447757,0.8229470565333281,0.8229358257443997,0.0,,0,4,1,,,2977;6202;7315;2983,2977:390;6202:393.8930921031118;7315:400.78841210311185;2983:403.47694671413734
0,2,default_vehtype,boarding,True,338.4248866731174,368.4248866731174,2966;-1;-1,2966;-1;-1,0.0,0.6915793885023691,0.6915793885023691,0.0,,0,1;0,2,1;0,,,
0,4,default_vehtype,boarding,True,360.0,390.0,2982;-1;-1,2982;-1;-1,0.0,0.7724415914984484,0.7724415914984484,0.0,,0,3,1,3,,,
0,0,default_vehtype,boarding,True,403.47694671413734,433.47694671413734,2983;-1;-1,2983;-1;-1,0.0,0.8229358257443997,0.8229358257443997,0,,0,4,1,,4,,
0,1,default_vehtype,route,False,300,514.9665146921598,2981;-1;-1,2970;-1;-1,1814.3740224346648,0.8575946831862098,0.8574132457839664,0.0,,0,,0,,,2981;6320;3549;6384;4032;1804;4277;5239;6501;3911;5389;7301;3914;5398;5400;4040;4041;5374;5418;5424;5403;6546;1200;7312;4332;799;3653;3825;7127;3766;3988;553;7132;7191;3566;4337;7134;6667;6711;1807;1653;6829;4349;4937;669;5061;7265;3848;534;2839;3560;2970,2981:300;6320:303.37311885414516;3549:309.0103588541452;6384:309.2721988541452;4032:312.49383885414517;1804:313.40975085414516;4277:314.99783085414515;5239:320.50247085414514;6501:326.46503085414514;3911:335.81987085414517;5389:336.88571085414515;7301:337.13963085414514;3914:338.3233108541451;5398:339.50015085414515;5400:340.82675085414513;4040:350.13155085414513;4041:353.07587085414514;5374:357.32843085414515;5418:358.36571085414516;5424:358.50899085414517;5403:359.6143108541452;6546:363.84119085414517;1200:368.4502708541452;7312:369.9440308541452;4332:370.75967085414516;799:371.94059085414517;3653:376.5368308541452;3825:377.7854308541452;7127:421.3455508541452;3766:422.2827508541452;3988:426.0183508541452;553:426.4766308541452;7132:436.35551085414517;7191:444.31271085414517;3566:446.14187085414517;4337:450.64007085414516;7134:451.74011085414514;6667:459.67223085414514;6711:475.53179085414513;1807:477.45899085414516;1653:483.26291085414516;6829:484.03583085414516;4349:484.58471085414516;4937:488.95427085414514;669:499.2616708541451;5061:505.0700308541451;7265:505.8532708541451;3848:506.8279108541451;534:510.8728708541451;2839:512.2315108541451;3560:513.3070708541451;2970:514.9665146921598
0,1,default_vehtype,boarding,True,514.9665146921598,544.9665146921598,2970;-1;-1,2970;-1;-1,0.0,0.8574132457839664,0.8574132457839664,0.0,,0,2,1,2,,,
0,4,default_vehtype,route,False,390.0,548.1393886097674,2982;-1;-1,2980;-1;-1,1274.3900625592087,0.7724415914984484,0.7723141524921924,0.0,,0,3,1,,,2982;2809;4365;7288;1182;1001;6296;1434;3820;3877;2787;4993;6537;7281;2307;3549;6384;4032;1804;4811;5237;608;459;2416;4011;5246;363;366;2314;2877;1748;1743;1157;2058;2092;915;2980,2982:390;2809:395.7009673454251;4365:403.2820873454251;7288:404.4052873454251;1182:405.3222073454251;1001:410.6133673454251;6296:412.97268734542513;1434:418.9317673454251;3820:424.0404073454251;3877:425.94828734542506;2787:434.7408073454251;4993:435.7898473454251;6537:441.5896873454251;7281:447.4248073454251;2307:450.9435673454251;3549:456.5808073454251;6384:456.8426473454251;4032:460.0642873454251;1804:460.9801993454251;4811:462.6628393454251;5237:467.4033193454251;608:476.2693993454251;459:476.5991593454251;2416:478.8127993454251;4011:479.4769273454251;5246:485.4020953454251;363:492.3107833454251;366:493.7158633454251;2314:494.8607353454251;2877:508.0318393454251;1748:509.1503593454251;1743:516.9047593454251;1157:521.6439022025679;2058:527.4337307739964;2092:530.8228736311393;915:535.9410450597106;2980:548.1393886097674
0,4,default_vehtype,boarding,True,548.1393886097674,578.1393886097674,2980;-1;-1,2980;-1;-1,0.0,0.7723141524921924,0.7723141524921924,0.0,,0,3,1,,3,,
0,2,default_vehtype,route,False,368.4248866731174,647.3387156633949,2966;-1;-1,2988;-1;-1,2634.7327710788463,0.6915793885023691,0.6913159152252611,0.0,,0,1;0,2,,,2966;2743;2631;2150;735;738;1096;3736;81;831;2413;1146;832;1880;1340;3638;3641;7177;5275;5297;5072;1464;2847;5825;4587;5794;3202;2065;2023;4203;4198;1071;1070;1069;1067;1504;4396;710;2281;4664;6260;3300;1832;708;6180;2405;6169;2744;2567;2576;3077;3241;88;2758;2742;2448;2353;6140;7386;3742;7100;6318;737;6639;2446;2301;1992;1990;1988;1985;3729;5498;5496;5699;5494;6307;374;7114;3246;5330;661;445;6080;7381;364;3029;69;30;3346;2832;2207;2988,2966:368.4248866731174;2743:376.26871496351697;2631:380.2801435349455;2150:397.21042924923125;735:407.69260067780266;738:413.86042924923123;1096:423.39940067780265;3736:423.66241667780264;81:427.51132067780264;831:438.35790467780265;2413:439.3456006778027;1146:440.15898467780266;832:440.9674006778027;1880:443.5650886778027;1340:455.0979046778027;3638:456.0843766778027;3641:457.1479606778027;7177:460.7263606778027;5275:465.2356486778027;5297:468.6144646778027;5072:468.8447206778027;1464:475.7852326778027;2847:476.8559446778027;5825:479.7545926778027;4587:482.0349046778027;5794:483.65504867780265;3202:487.77640067780266;2065:492.92065667780264;2023:498.47898467780266;4203:499.2797686778027;4198:500.2614166778027;1071:501.26394467780267;1070:515.7272326778027;1069:516.4655206778027;1067:519.1275766778027;1504:523.5813526778027;4396:523.8076486778027;710:524.3583046778027;2281:525.3640006778027;4664:529.2419926778026;6260:529.6878886778026;3300:530.2870006778026;1832:533.0772166778025;708:533.6162806778026;6180:534.0397126778026;2405:536.2621126778026;6169:539.7392326778026;2744:544.3397926778026;2567:546.1827526778026;2576:554.6713126778026;3077:556.8039526778026;3241:559.9328326778026;88:561.8596726778026;2758:563.8231126778026;2742:564.2295526778025;2448:567.4151926778026;2353:573.6160726778025;6140:578.7871126778025;7386:580.1295526778025;3742:587.7885526778025;7100:588.3281926778025;6318:588.8062726778024;737:589.7219926778024;6639:591.5711926778024;2446:593.1424726778024;2301:595.4395126778024;1992:596.4645526778024;1990:598.1614726778024;1988:600.6154726778024;1985:604.1372326778023;3729:606.4846726778023;5498:607.8820726778023;5496:610.7893126778023;5699:611.4867526778023;5494:612.5905126778023;6307:612.8073526778023;374:621.1083526778024;7114:623.3233606778024;3246:624.4611766778024;5330:625.2087526778024;661:626.2001926778024;445:629.2298806778024;6080:632.0532886778024;7381:632.4621766778024;364:632.8975606778024;3029:634.9217686778024;69:639.0540543920881;30:643.1863401063738;3346:645.2105481063738;2832:645.6459321063738;2207:646.0548201063739;2988:647.3387156633949
0,0,default_vehtype,boarding,True,660.0,690.0,2983;-1;-1,2983;-1;-1,0.0,0.8229358257443997,0.8229358257443997,0.0,,0,5,1,5,,,
0,1,default_vehtype,route,False,544.9665146921598,716.6029978244372,2970;-1;-1,2987;-1;-1,1834.4631759372726,0.8574132457839664,0.8572297994663727,0.0,,0,2,1,,,2970;671;662;7398;3491;6933;7394;6989;7392;5704;7389;3806;2573;885;316;2042;1982;6306;374;7114;3246;5330;661;445;6080;7381;364;3029;3886;5711;6045;2157;4817;456;5901;7605;2830;1420;1084;7357;2826;2827;4225;2987,2970:544.9665146921598;671:545.9966308541451;662:568.4463508541451;7398:571.965590854145;3491:578.290310854145;6933:579.202070854145;7394:584.5636708541449;6989:585.158030854145;7392:594.369110854145;5704:596.734190854145;7389:611.272430854145;3806:615.336830854145;2573:616.404830854145;885:617.0081908541449;316:623.835350854145;2042:634.5737908541449;1982:635.3365108541449;6306:635.5533508541449;374:643.854350854145;7114:646.069358854145;3246:647.207174854145;5330:647.954750854145;661:648.946190854145;445:651.975878854145;6080:654.799286854145;7381:655.208174854145;364:655.643558854145;3029:657.667766854145;3886:658.165790854145;5711:660.705374854145;6045:662.099654854145;2157:666.288182854145;4817:666.764966854145;456:667.379846854145;5901:668.135414854145;7605:671.6071108541449;2830:671.8365028541449;1420:683.5416148541449;1084:687.0765988541449;7357:691.6611268541449;2826:700.8704308541448;2827:710.0797348541448;4225:714.6642628541448;2987:716.6029978244372
0,2,default_vehtype,boarding,True,647.3387156633949,677.3387156633949,2988;-1;-1,2988;-1;-1,0.0,0.6913159152252611,0.6913159152252611,0.0,,0,1;0,2,,0,,
0,2,default_vehtype,route,False,677.3387156633949,714.7663087957102,2988;-1;-1,2973;-1;-1,519.8276823932699,0.6913159152252611,0.6912639324570218,0.0,,0,1,1,,,2988;3447;6082;7383;364;3029;3886;5711;6045;2157;4817;456;5901;7605;2830;1420;1084;2973,2988:677.3387156633949;3447:678.8782281063739;6082:681.7016361063738;7383:682.1105241063739;364:682.5459081063739;3029:684.5701161063739;3886:685.0681401063739;5711:687.6077241063739;6045:689.0020041063739;2157:693.1905321063739;4817:693.6673161063738;456:694.2821961063738;5901:695.0377641063739;7605:698.5094601063738;2830:698.7388521063738;1420:710.4439641063738;1084:713.9789481063738;2973:714.7663087957102
0,0,default_vehtype,route,False,690.0,767.7585747541395,2983;-1;-1,2985;-1;-1,660.4731749798569,0.8229358257443997,0.8228697784269017,0.0,,0,5,1,,,2983;7527;2803;7558;2806;4344;2996;3013;7322;2804;3061;1173;3425;4304;793;118;3979;2985,2983:690;7527:694.5269453889745;2803:702.0819053889745;7558:709.4769053889745;2806:717.3107453889745;4344:718.5137453889745;2996:720.5572253889745;3013:725.3423453889745;7322:729.3529853889745;2804:732.6797453889745;3061:739.3477853889746;1173:744.9461453889745;3425:746.1291053889745;4304:747.5314253889745;793:759.6469853889745;118:765.5112653889745;3979:767.3618093889745;2985:767.7585747541395
0,1,default_vehtype,boarding,True,716.6029978244372,746.6029978244372,2987;-1;-1,2987;-1;-1,0.0,0.8572297994663727,0.8572297994663727,0.0,,0,2,1,,2,,
0,2,default_vehtype,boarding,True,714.7663087957102,744.7663087957102,2973;-1;-1,2973;-1;-1,0.0,0.6912639324570218,0.6912639324570218,0.0,,0,1,1,,1,,
0,0,default_vehtype,boarding,True,767.7585747541395,797.7585747541395,2985;-1;-1,2985;-1;-1,0.0,0.8228697784269017,0.8228697784269017,0,,0,5,1,,5,,
0,0,default_vehtype,route,False,900,953.6804572641747,2985;-1;-1,2976;-1;-1,461.98409183942806,0.8228697784269017,0.8228235800177177,0.0,,0,,0,,,2985;1140;880;3109;3874;4306;429;4313;68;7318;7325;3011;4;4345;7330;2976,2985:900;1140:900.194570634835;880:900.785906634835;3109:902.636450634835;3874:908.500730634835;4306:920.616290634835;429:922.018610634835;4313:923.201570634835;68:928.7999306348349;7318:935.467970634835;7325:938.794730634835;3011:942.805370634835;4:947.590490634835;4345:949.633970634835;7330:950.836970634835;2976:953.6804572641747
0,0,default_vehtype,boarding,True,953.6804572641747,983.6804572641747,2976;-1;-1,2976;-1;-1,0.0,0.8228235800177177,0.8228235800177177,0.0,,0,9,1,9,,,
0,3,default_vehtype,route,False,900.0,991.5022874490586,2978;-1;-1,2977;-1;-1,651.2122049326322,0.9458865003910399,0.9458213791705466,0.0,,0,,0,,,2978;4103;4326;7286;1218;7334;7010;820;7498;276;2915;2661;7517;6201;7314;7529;7535;2931;2929;2927;2802;2977,2978:900;4103:902.6189566950277;4326:907.9101166950277;7286:908.8270366950277;1218:909.9502366950277;7334:917.5313566950277;7010:920.4388366950277;820:922.4197966950277;7498:922.8877966950276;276:922.9993966950276;2915:934.3453966950276;2661:941.5787566950276;7517:948.8907166950275;6201:949.7518366950276;7314:956.6471566950275;7529:963.8626366950275;7535:968.9221795521704;2931:972.573608123599;2929:976.2250366950276;2927:981.2845795521705;2802:988.5000595521705;2977:991.5022874490586
0,1,default_vehtype,route,False,840.0,1060.5887410478058,2987;-1;-1,2993;-1;-1,2598.5398478861994,0.8572297994663727,0.8569699454815841,0.0,,0,,0,,,2987;4613;7368;7606;5900;3459;4818;5992;6047;5708;3884;3030;3347;7376;2207;3446;3720;5332;251;2711;3358;2296;5495;5697;5497;5500;670;5502;5512;5520;5531;6313;6632;6644;3793;6319;7102;3741;7384;6414;5446;2447;2571;42;2577;2566;3033;3036;2469;2404;2235;3762;5287;310;2280;1447;6261;3764;4397;4745;4182;4187;4191;4195;4202;4208;537;18;5629;1068;2559;6740;1717;2067;2063;1937;6789;3895;5465;7450;2993,2987:840;4613:841.5962490297076;7368:853.3013610297076;7606:853.5307530297075;5900:857.0024490297075;3459:857.7580170297075;4818:858.3728970297075;5992:858.8496810297074;6047:863.0382090297074;5708:864.4324890297074;3884:866.9720730297074;3030:867.4700970297074;3347:869.4943050297074;7376:869.9296890297074;2207:870.3385770297075;3446:873.1619850297075;3720:876.1916730297074;5332:877.1831130297074;251:877.9306890297074;2711:879.0685050297075;3358:881.2835130297075;2296:889.5845130297075;5495:889.8013530297076;5697:890.9051130297075;5497:891.6025530297076;5500:894.5097930297076;670:895.9071930297075;5502:898.2546330297075;5512:901.7763930297075;5520:904.2303930297074;5531:905.9273130297074;6313:906.9523530297074;6632:909.2493930297074;6644:910.8206730297075;3793:912.6698730297074;6319:913.5855930297074;7102:914.0636730297074;3741:914.6033130297074;7384:922.2623130297073;6414:927.4694730297074;5446:929.7372330297073;2447:933.6733530297073;2571:941.2622730297073;42:945.9302730297073;2577:946.6027530297073;2566:955.2018330297072;3033:955.8327930297072;3036:958.1023530297072;2469:961.6946730297071;2404:965.0181930297072;2235:966.3015930297072;3762:966.7250250297072;5287:967.2640890297073;310:970.0543050297073;2280:970.6534170297073;1447:971.0993130297072;6261:974.9773050297072;3764:975.9830010297071;4397:976.5336570297071;4745:976.7599530297072;4182:981.2137290297071;4187:983.8757850297071;4191:984.6140730297071;4195:999.0773610297072;4202:1000.0798890297071;4208:1001.0615370297071;537:1002.015537029707;18:1007.883105029707;5629:1013.732529029707;1068:1016.2849290297071;2559:1023.3355290297071;6740:1027.806153029707;1717:1033.639881029707;2067:1034.377665029707;2063:1035.093921029707;1937:1038.363873029707;6789:1048.900281029707;3895:1050.167265029707;5465:1057.699185029707;7450:1058.683425029707;2993:1060.5887410478058
0,3,default_vehtype,boarding,True,991.5022874490586,1021.5022874490586,2977;-1;-1,2977;-1;-1,0.0,0.9458213791705466,0.9458213791705466,0.0,,0,8;10,2,8;10,,,
0,0,default_vehtype,route,False,983.6804572641747,1097.242980432267,2976;-1;-1,2982;-1;-1,828.4892168769599,0.8228235800177177,0.82274073109603,0.0,,0,9,1,,,2976;7557;7316;7531;2802;2251;7515;7037;7512;3274;2902;3901;7011;7336;4365;7288;1182;1001;6296;6301;2298;2295;2293;4102;4325;7285;1218;2982,2976:983.6804572641747;7557:988.670810634835;7316:996.065810634835;7531:1003.620770634835;2802:1010.836250634835;2251:1017.731570634835;7515:1018.592690634835;7037:1025.904650634835;7512:1033.138010634835;3274:1044.484010634835;2902:1044.5956106348349;3901:1045.063610634835;7011:1047.044570634835;7336:1049.9520506348351;4365:1057.5331706348352;7288:1058.6563706348352;1182:1059.573290634835;1001:1064.864450634835;6296:1067.223770634835;6301:1072.1660563491207;2298:1076.4479992062636;2295:1080.7299420634065;2293:1085.6722277776921;4102:1088.0315477776921;4325:1093.3227077776921;7285:1094.239627777692;1218:1095.362827777692;2982:1097.242980432267
0,0,default_vehtype,boarding,True,1097.242980432267,1127.242980432267,2982;-1;-1,2982;-1;-1,0.0,0.82274073109603,0.82274073109603,0.0,,0,9,1,,9,,
0,1,default_vehtype,boarding,True,1060.5887410478058,1090.5887410478058,2993;-1;-1,2993;-1;-1,0.0,0.8569699454815841,0.8569699454815841,0.0,,0,6,1,6,,,
0,3,default_vehtype,route,False,1021.5022874490586,1133.446846934568,2977;-1;-1,2986;-1;-1,1060.4065922814566,0.9458213791705466,0.9457153385113185,0.0,,0,8;10,2,,,2977;6202;7315;7530;2803;7558;2806;4344;2996;3013;7322;2804;3061;1173;3425;4304;793;118;3979;4275;103;6480;7360;2986,2977:1021.5022874490586;6202:1025.3953795521704;7315:1032.2906995521705;7530:1039.5061795521706;2803:1047.0611395521705;7558:1054.4561395521705;2806:1062.2899795521705;4344:1063.4929795521705;2996:1065.5364595521705;3013:1070.3215795521705;7322:1074.3322195521705;2804:1077.6589795521704;3061:1084.3270195521704;1173:1089.9253795521704;3425:1091.1083395521705;4304:1092.5106595521704;793:1104.6262195521704;118:1110.4904995521704;3979:1112.3410435521703;4275:1112.9323795521702;103:1114.0753075521702;6480:1127.39703555217;7360:1132.8989155521701;2986:1133.446846934568
0,4,default_vehtype,route,False,840.0,1120.0016795881152,2980;-1;-1,2966;-1;-1,1989.2821103102237,0.7723141524921924,0.7721152242811614,0.0,,0,,0,,,2980;914;2135;1730;2664;2579;2961;2407;2581;370;361;2874;1887;1805;363;366;2314;2877;1748;2880;906;984;2268;1857;1806;1371;938;5442;4054;2205;1369;2047;1337;1873;1939;665;666;1885;668;1415;1041;1623;1383;2333;2966,2980:840;914:855.8821707356576;2135:863.8330278785147;1730:879.2893707356576;2664:881.1114850213719;2579:885.9874278785147;2961:902.7582850213719;2407:908.0070850213718;2581:916.494342164229;370:918.077190164229;361:920.5742941642291;2874:921.160302164229;1887:926.8156861642291;1805:927.846366164229;363:934.755054164229;366:936.160134164229;2314:937.305006164229;2877:950.476110164229;1748:951.594630164229;2880:952.756422164229;906:964.981734164229;984:967.751430164229;2268:968.499294164229;1857:968.8852141642291;1806:969.5473981642291;1371:970.2175741642291;938:972.7987021642291;5442:982.5193501642291;4054:990.1593421642291;2205:995.9117821642291;1369:1002.357942164229;2047:1003.300998164229;1337:1004.262342164229;1873:1020.739758164229;1939:1021.080750164229;665:1021.602822164229;666:1022.471934164229;1885:1023.457758164229;668:1036.8281581642289;1415:1037.4572221642288;1041:1054.1437364499432;1623:1058.5269935928004;1383:1069.612422164229;2333:1109.7663078785147;2966:1120.0016795881152
0,2,default_vehtype,route,False,1140.0,1150.320430280956,2973;-1;-1,2987;-1;-1,143.3393094577217,0.6912639324570218,0.691249598526076,0.0,,0,,0,,,2973;7354;4225;2987,2973:1140;7354:1143.7971673106636;4225:1148.3816953106636;2987:1150.320430280956
0,2,default_vehtype,boarding,True,1150.320430280956,1180.320430280956,2987;-1;-1,2987;-1;-1,0.0,0.691249598526076,0.691249598526076,0.0,,0,13,1,13,,,
0,3,default_vehtype,boarding,True,1133.446846934568,1163.446846934568,2986;-1;-1,2986;-1;-1,0.0,0.9457153385113185,0.9457153385113185,0.0,,0,8;10,2,,8,,
0,4,default_vehtype,boarding,True,1120.0016795881152,1150.0016795881152,2966;-1;-1,2966;-1;-1,0.0,0.7721152242811614,0.7721152242811614,0.0,,0,7,1,7,,,
0,0,default_vehtype,route,False,1127.242980432267,1206.9148785317234,2982;-1;-1,2977;-1;-1,552.6256270192777,0.82274073109603,0.8226854685333279,0.0,,0,,0,,,2982;2809;7010;820;7498;276;2915;2661;7517;6201;7314;7529;7535;2931;2929;2927;2802;2977,2982:1127.242980432267;2809:1132.943947777692;7010:1135.8514277776922;820:1137.8323877776922;7498:1138.3003877776923;276:1138.4119877776923;2915:1149.7579877776923;2661:1156.9913477776922;7517:1164.3033077776922;6201:1165.1644277776923;7314:1172.0597477776923;7529:1179.2752277776924;7535:1184.3347706348352;2931:1187.9861992062638;2929:1191.6376277776924;2927:1196.6971706348352;2802:1203.9126506348352;2977:1206.9148785317234
0,0,default_vehtype,boarding,True,1206.9148785317234,1236.9148785317234,2977;-1;-1,2977;-1;-1,0.0,0.8226854685333279,0.8226854685333279,0.0,,0,11,1,11,,,
0,4,default_vehtype,route,False,1150.0016795881152,1253.091859729454,2966;-1;-1,2967;-1;-1,889.10574341502,0.7721152242811614,0.77202631370682,0.0,,0,7,1,,,2966;2743;2631;2150;735;738;2470;734;1815;739;1724;1962;1910;164;1354;197;1311;7;1963;1308;482;7613;2611;1307;2876;1960;2967,2966:1150.0016795881152;2743:1157.8455078785148;2631:1161.8569364499433;2150:1178.787222164229;735:1189.2693935928005;738:1195.437222164229;2470:1196.386902164229;734:1196.595774164229;1815:1197.603990164229;739:1198.4445181642288;1724:1214.9022061642288;1962:1215.9590221642288;1910:1216.7812621642288;164:1217.7324541642288;1354:1218.6889741642287;197:1220.8982221642286;1311:1232.4329821642286;7:1236.1279501642287;1963:1236.5364061642285;1308:1236.8976301642285;482:1241.4522781642286;7613:1242.7764301642285;2611:1246.6727821642285;1307:1247.9885101642285;2876:1250.6552461642284;1960:1251.6394861642284;2967:1253.091859729454
0,1,default_vehtype,route,False,1090.5887410478058,1299.3130360152993,2993;-1;-1,2988;-1;-1,2316.5181602628086,0.8569699454815841,0.8567382936655579,0.0,,0,6,1,,,2993;4483;7446;1960;816;6786;5444;1716;2720;4210;1711;98;2497;7434;2760;542;1074;1071;1070;1069;1067;1504;4396;710;2281;4664;6260;3300;1832;708;6180;2405;6169;2744;2567;2576;3077;3241;88;2758;2742;2448;2353;6140;7386;3742;7100;6318;737;6639;2446;2301;1992;1990;1988;1985;3729;5498;5496;5699;5494;6307;374;7114;3246;5330;661;445;6080;7381;364;3029;69;30;3346;2832;2207;2988,2993:1090.5887410478058;4483:1091.350161029707;7446:1094.0168970297068;1960:1095.0011370297068;816:1102.5330570297067;6786:1103.8000410297068;5444:1114.3364490297067;1716:1117.1268090297067;2720:1117.8734490297068;4210:1118.7717210297067;1711:1119.9014010297067;98:1128.5172090297067;2497:1130.0278410297067;7434:1137.2356890297067;2760:1143.7742250297067;542:1151.3023290297067;1074:1152.2357370297068;1071:1153.2382650297068;1070:1167.7015530297067;1069:1168.4398410297067;1067:1171.1018970297066;1504:1175.5556730297067;4396:1175.7819690297067;710:1176.3326250297066;2281:1177.3383210297065;4664:1181.2163130297065;6260:1181.6622090297064;3300:1182.2613210297066;1832:1185.0515370297067;708:1185.5906010297067;6180:1186.0140330297068;2405:1188.2364330297069;6169:1191.7135530297069;2744:1196.314113029707;2567:1198.157073029707;2576:1206.645633029707;3077:1208.778273029707;3241:1211.907153029707;88:1213.833993029707;2758:1215.797433029707;2742:1216.203873029707;2448:1219.389513029707;2353:1225.590393029707;6140:1230.761433029707;7386:1232.1038730297068;3742:1239.762873029707;7100:1240.302513029707;6318:1240.780593029707;737:1241.696313029707;6639:1243.545513029707;2446:1245.116793029707;2301:1247.413833029707;1992:1248.4388730297069;1990:1250.135793029707;1988:1252.589793029707;1985:1256.111553029707;3729:1258.458993029707;5498:1259.856393029707;5496:1262.763633029707;5699:1263.461073029707;5494:1264.564833029707;6307:1264.781673029707;374:1273.082673029707;7114:1275.2976810297068;3246:1276.4354970297068;5330:1277.1830730297067;661:1278.1745130297068;445:1281.2042010297068;6080:1284.0276090297068;7381:1284.4364970297067;364:1284.8718810297069;3029:1286.896089029707;69:1291.0283747439926;30:1295.1606604582782;3346:1297.1848684582783;2832:1297.6202524582784;2207:1298.0291404582783;2988:1299.3130360152993
0,2,default_vehtype,route,False,1180.320430280956,1307.746224347516,2987;-1;-1,2984;-1;-1,1389.2919531006646,0.691249598526076,0.691110669330766,0.0,,0,13,1,,,2987;4613;1084;7357;3525;6025;3063;6027;7362;2188;2186;5744;6033;5746;6031;146;2828;2376;3091;4274;880;3109;3874;4306;429;4313;68;7318;7325;3011;4;4345;1199;1204;2996;2984,2987:1180.320430280956;4613:1181.9166793106638;1084:1185.4516633106637;7357:1190.0361913106638;3525:1200.9150313106638;6025:1202.6564953106638;3063:1203.9211753106638;6027:1205.2231513106638;7362:1209.2313913106636;2188:1215.8945593106637;2186:1217.1708313106637;5744:1219.1862553106637;6033:1220.5556953106636;5746:1222.4791033106637;6031:1223.9707273106637;146:1224.9318553106637;2828:1226.0236633106636;2376:1231.5255433106636;3091:1244.8472713106635;4274:1245.9901993106635;880:1246.5815353106634;3109:1248.4320793106633;3874:1254.2963593106633;4306:1266.4119193106633;429:1267.8142393106632;4313:1268.9971993106633;68:1274.5955593106632;7318:1281.2635993106633;7325:1284.5903593106632;3011:1288.6009993106632;4:1293.3861193106632;4345:1295.4295993106632;1199:1299.419942167806;1204:1303.410285024949;2996:1305.453765024949;2984:1307.746224347516
0,4,default_vehtype,boarding,True,1253.091859729454,1283.091859729454,2967;-1;-1,2967;-1;-1,0.0,0.77202631370682,0.77202631370682,0.0,,0,7,1,,7,,
0,4,default_vehtype,route,False,1283.091859729454,1311.631014629283,2967;-1;-1,2992;-1;-1,396.3771513865149,0.77202631370682,0.7719866759916814,0.0,,0,,0,,,2967;3896;6788;5444;1716;2720;4210;2067;2063;1937;2992,2967:1283.091859729454;3896:1289.1714061642285;6788:1290.4383901642286;5444:1300.9747981642286;1716:1303.7651581642285;2720:1304.5117981642286;4210:1305.4100701642285;2067:1306.3106461642285;2063:1307.0269021642284;1937:1310.2968541642285;2992:1311.631014629283
0,0,default_vehtype,route,False,1236.9148785317234,1350.4868037806903,2977;-1;-1,2981;-1;-1,969.4191104080553,0.8226854685333279,0.8225885266222871,0.0,,0,11,1,,,2977;6202;7516;7037;7512;3274;2902;3901;7011;7336;4365;7288;4302;5102;7160;7294;2701;3076;4023;7300;1891;827;6499;1803;1141;5241;922;6385;3550;2981,2977:1236.9148785317234;6202:1240.807970634835;7516:1241.6690906348351;7037:1248.9810506348351;7512:1256.214410634835;3274:1267.560410634835;2902:1267.672010634835;3901:1268.140010634835;7011:1270.1209706348352;7336:1273.0284506348353;4365:1280.6095706348353;7288:1281.7327706348353;4302:1283.1445706348354;5102:1294.2530906348354;7160:1295.7083306348354;7294:1304.4268106348354;2701:1310.2289306348355;3076:1311.0782906348354;4023:1318.9512506348353;7300:1320.0934106348354;1891:1320.3473306348355;827:1321.4131706348355;6499:1330.7680106348355;1803:1336.7305706348354;1141:1342.2352106348355;5241:1343.8232906348355;922:1344.7392026348355;6385:1347.9608426348354;3550:1348.2226826348353;2981:1350.4868037806903
0,1,default_vehtype,boarding,True,1299.3130360152993,1329.3130360152993,2988;-1;-1,2988;-1;-1,0.0,0.8567382936655579,0.8567382936655579,0.0,,0,6,1,,6,,
0,2,default_vehtype,boarding,True,1307.746224347516,1337.746224347516,2984;-1;-1,2984;-1;-1,0.0,0.691110669330766,0.691110669330766,0.0,,0,13,1,,13,,
0,3,default_vehtype,route,False,1163.446846934568,1352.9629746215426,2986;-1;-1,2991;-1;-1,2166.9757734302116,0.9457153385113185,0.9454986409339755,0.0,,0,10,1,,,2986;3155;6029;5745;6035;5743;6038;6041;7365;6050;6068;6077;3629;4502;6912;2108;7370;7608;5900;3459;4818;5992;6047;5708;3884;3030;3347;7376;2207;3446;3720;5332;251;2711;3358;2296;5495;5697;5497;5500;670;5502;5512;5520;5531;6313;6632;6644;3793;6319;7102;3741;7384;6414;5446;2447;2571;42;2577;2566;3033;3036;2469;2404;2235;3762;5287;310;2280;1447;6261;3764;4397;4745;4182;4187;4191;4195;4202;4208;537;2991,2986:1163.446846934568;3155:1163.99072355217;6029:1164.95185155217;5745:1166.44347555217;6035:1168.36688355217;5743:1169.73632355217;6038:1171.75174755217;6041:1173.02801955217;7365:1179.69118755217;6050:1181.96473155217;6068:1186.19105955217;6077:1186.83675555217;3629:1188.39404355217;4502:1188.85693155217;6912:1194.00536355217;2108:1195.90177155217;7370:1202.42849955217;7608:1202.65789155217;5900:1206.12958755217;3459:1206.88515555217;4818:1207.5000355521702;5992:1207.9768195521701;6047:1212.16534755217;5708:1213.55962755217;3884:1216.0992115521701;3030:1216.59723555217;3347:1218.6214435521701;7376:1219.0568275521703;2207:1219.4657155521702;3446:1222.2891235521702;3720:1225.3188115521702;5332:1226.3102515521703;251:1227.0578275521702;2711:1228.1956435521702;3358:1230.41065155217;2296:1238.71165155217;5495:1238.92849155217;5697:1240.03225155217;5497:1240.72969155217;5500:1243.63693155217;670:1245.03433155217;5502:1247.38177155217;5512:1250.90353155217;5520:1253.35753155217;5531:1255.0544515521701;6313:1256.07949155217;6632:1258.37653155217;6644:1259.94781155217;3793:1261.79701155217;6319:1262.71273155217;7102:1263.19081155217;3741:1263.73045155217;7384:1271.3894515521702;6414:1276.59661155217;5446:1278.86437155217;2447:1282.8004915521701;2571:1290.38941155217;42:1295.05741155217;2577:1295.7298915521699;2566:1304.3289715521698;3033:1304.9599315521698;3036:1307.2294915521697;2469:1310.8218115521697;2404:1314.1453315521696;2235:1315.4287315521697;3762:1315.8521635521697;5287:1316.3912275521698;310:1319.1814435521699;2280:1319.78055555217;1447:1320.22645155217;6261:1324.1044435521699;3764:1325.1101395521698;4397:1325.6607955521697;4745:1325.8870915521697;4182:1330.3408675521698;4187:1333.0029235521697;4191:1333.7412115521697;4195:1348.2044995521696;4202:1349.2070275521696;4208:1350.1886755521696;537:1351.1426755521695;2991:1352.9629746215426
0,4,default_vehtype,boarding,True,1311.631014629283,1341.631014629283,2992;-1;-1,2992;-1;-1,0.0,0.7719866759916814,0.7719866759916814,0.0,,0,12,1,12,,,
0,0,default_vehtype,boarding,True,1350.4868037806903,1380.4868037806903,2981;-1;-1,2981;-1;-1,0.0,0.8225885266222871,0.8225885266222871,0.0,,0,11,1,,11,,
0,2,default_vehtype,route,False,1337.746224347516,1407.221103709433,2984;-1;-1,2975;-1;-1,516.2578994445483,0.691110669330766,0.6910590435408216,0.0,,0,,0,,,2984;3012;7321;2804;3061;1173;3425;4304;793;118;3979;4275;3068;70;73;4273;880;3109;3874;2975,2984:1337.746224347516;3012:1340.238885024949;7321:1344.249525024949;2804:1347.576285024949;3061:1354.244325024949;1173:1359.8426850249489;3425:1361.025645024949;4304:1362.427965024949;793:1374.5435250249488;118:1380.4078050249489;3979:1382.2583490249488;4275:1382.8496850249487;3068:1387.5939707392345;70:1389.8799707392345;73:1392.1659707392346;4273:1396.9102564535203;880:1397.5015924535203;3109:1399.3521364535202;3874:1405.2164164535202;2975:1407.221103709433
0,2,default_vehtype,boarding,True,1407.221103709433,1437.221103709433,2975;-1;-1,2975;-1;-1,0.0,0.6910590435408216,0.6910590435408216,0.0,,0,14,1,14,,,
0,3,default_vehtype,boarding,True,1352.9629746215426,1382.9629746215426,2991;-1;-1,2991;-1;-1,0.0,0.9454986409339755,0.9454986409339755,0.0,,0,10,1,,10,,
0,3,default_vehtype,route,False,1382.9629746215426,1439.7158795702685,2991;-1;-1,2993;-1;-1,788.234790954525,0.9454986409339755,0.94541981745488,0.0,,0,,0,,,2991;3010;5631;1068;2559;6740;1717;2067;2063;1937;6789;3895;5465;7450;2993,2991:1382.9629746215426;3010:1387.0102435521696;5631:1392.8596675521696;1068:1395.4120675521697;2559:1402.4626675521697;6740:1406.9332915521697;1717:1412.7670195521698;2067:1413.5048035521697;2063:1414.2210595521697;1937:1417.4910115521698;6789:1428.0274195521697;3895:1429.2944035521698;5465:1436.8263235521697;7450:1437.8105635521697;2993:1439.7158795702685
0,3,default_vehtype,boarding,True,1439.7158795702685,1469.7158795702685,2993;-1;-1,2993;-1;-1,0.0,0.94541981745488,0.94541981745488,0,,0,15,1,15,,,
0,1,default_vehtype,route,False,1500.0,1537.5180435490054,2988;-1;-1,2989;-1;-1,366.3228098138172,0.8567382936655579,0.8567016613845765,0.0,,0,,0,,,2988;3447;3721;5333;251;2711;3358;2296;5495;5696;3307;3987;6878;2989,2988:1500;3447:1501.539512442979;3721:1504.569200442979;5333:1505.560640442979;251:1506.308216442979;2711:1507.446032442979;3358:1509.661040442979;2296:1517.9620404429788;5495:1518.1788804429789;5696:1518.9416004429788;3307:1529.680040442979;3987:1536.507200442979;6878:1537.110560442979;2989:1537.5180435490054
0,2,default_vehtype,route,False,1437.221103709433,1545.4017695993748,2975;-1;-1,2981;-1;-1,924.4919490828496,0.6910590435408216,0.6909665943459133,0.0,,0,14,1,,,2975;1166;429;3125;3406;2825;1944;130;99;4526;714;2800;4339;2419;5404;5421;1925;1883;926;925;5399;1905;830;2795;1891;827;6499;1803;1141;5241;922;6385;3550;2981,2975:1437.221103709433;1166:1447.3319764535202;429:1448.73429645352;3125:1449.98781645352;3406:1462.34217645352;2825:1464.8118964535201;1944:1466.12325645352;130:1468.51089645352;99:1468.99113645352;4526:1477.40073645352;714:1480.19757645352;2800:1482.20397645352;4339:1483.69773645352;2419:1488.30681645352;5404:1492.53369645352;5421:1493.6390164535198;1925:1493.7822964535198;1883:1494.8195764535199;926:1499.0721364535198;925:1502.0164564535198;5399:1511.3212564535197;1905:1512.6478564535198;830:1513.82469645352;2795:1515.00837645352;1891:1515.26229645352;827:1516.32813645352;6499:1525.68297645352;1803:1531.64553645352;1141:1537.15017645352;5241:1538.73825645352;922:1539.65416845352;6385:1542.87580845352;3550:1543.13764845352;2981:1545.4017695993748
0,3,default_vehtype,route,False,1469.7158795702685,1533.5123206002231,2993;-1;-1,2969;-1;-1,886.0616809715947,0.94541981745488,0.9453312112867829,0.0,,0,15,1,,,2993;4483;7446;1960;816;6786;5444;1716;2720;4210;1711;98;2497;7434;2760;542;1074;336;2969,2993:1469.7158795702685;4483:1470.4772995521696;7446:1473.1440355521695;1960:1474.1282755521695;816:1481.6601955521694;6786:1482.9271795521695;5444:1493.4635875521694;1716:1496.2539475521694;2720:1497.0005875521695;4210:1497.8988595521694;1711:1499.0285395521694;98:1507.6443475521694;2497:1509.1549795521694;7434:1516.3628275521694;2760:1522.9013635521694;542:1530.4294675521694;1074:1531.3628755521695;336:1532.3859955521696;2969:1533.5123206002231
0,4,default_vehtype,route,False,1341.631014629283,1539.6941074285717,2992;-1;-1,2980;-1;-1,2377.7959948882403,0.7719866759916814,0.7717488963921925,0.0,,0,12,1,,,2992;2526;5444;1716;2720;4210;1711;98;2497;7434;2760;542;1074;4204;5649;5760;205;5793;1407;5826;7411;4686;5074;5295;5274;7181;604;603;602;3851;4573;1400;971;598;1368;591;585;940;1370;939;1903;983;3921;840;2881;5099;1157;2058;2092;915;2980,2992:1341.631014629283;2526:1350.8332621642285;5444:1361.3696701642284;1716:1364.1600301642284;2720:1364.9066701642284;4210:1365.8049421642284;1711:1366.9346221642284;98:1375.5504301642284;2497:1377.0610621642284;7434:1384.2689101642284;2760:1390.8074461642284;542:1398.3355501642284;1074:1399.2689581642285;4204:1400.2506061642284;5649:1401.0513901642285;5760:1406.6097181642285;205:1411.7539741642286;5793:1415.8753261642285;1407:1417.4954701642284;5826:1419.7757821642285;7411:1422.6744301642286;4686:1423.7451421642286;5074:1430.6856541642285;5295:1430.9159101642285;5274:1434.2947261642285;7181:1438.8040141642284;604:1442.3824141642285;603:1443.4459981642285;602:1444.2991261642285;3851:1445.3025181642286;4573:1449.6088381642285;1400:1451.3415181642285;971:1455.1399501642286;598:1456.2072061642286;1368:1457.1675421642287;591:1463.0384941642287;585:1476.2097421642288;940:1482.7896061642289;1370:1489.816230164229;939:1490.512902164229;1903:1491.334494164229;983:1492.317006164229;3921:1496.1151501642291;840:1500.6759901642292;2881:1507.3066141642291;5099:1508.459478164229;1157:1513.198621021372;2058:1518.9884495928006;2092:1522.3775924499434;915:1527.495763878515;2980:1539.6941074285717
0,0,default_vehtype,route,False,1440.0,1572.5866496081762,2981;-1;-1,2977;-1;-1,993.5818895919446,0.8225885266222871,0.822489168433328,0.0,,0,,0,,,2981;6320;7278;2411;1661;7283;796;751;4635;6299;4102;4325;7285;1218;7334;7010;820;7498;276;2915;2661;7517;6201;7314;7529;7535;2931;2929;2927;2802;2977,2981:1440;6320:1443.373118854145;7278:1446.891878854145;2411:1452.726998854145;1661:1458.526838854145;7283:1459.575878854145;796:1468.368398854145;751:1470.276278854145;4635:1475.3849188541449;6299:1481.343998854145;4102:1483.703318854145;4325:1488.994478854145;7285:1489.9113988541449;1218:1491.0345988541449;7334:1498.615718854145;7010:1501.523198854145;820:1503.504158854145;7498:1503.9721588541452;276:1504.0837588541451;2915:1515.4297588541451;2661:1522.663118854145;7517:1529.975078854145;6201:1530.836198854145;7314:1537.7315188541452;7529:1544.9469988541452;7535:1550.006541711288;2931:1553.6579702827166;2929:1557.3093988541452;2927:1562.368941711288;2802:1569.584421711288;2977:1572.5866496081762
0,0,default_vehtype,boarding,True,1572.5866496081762,1602.5866496081762,2977;-1;-1,2977;-1;-1,0.0,0.822489168433328,0.822489168433328,0.0,,0,16,1,16,,,
0,1,default_vehtype,boarding,True,1537.5180435490054,1567.5180435490054,2989;-1;-1,2989;-1;-1,0.0,0.8567016613845765,0.8567016613845765,0.0,,0,18;19,2,18;19,,,
0,2,default_vehtype,boarding,True,1545.4017695993748,1575.4017695993748,2981;-1;-1,2981;-1;-1,0.0,0.6909665943459133,0.6909665943459133,0.0,,0,14,1,,14,,
0,2,default_vehtype,boarding,True,1575.4017695993748,1605.4017695993748,2981;-1;-1,2981;-1;-1,0.0,0.6909665943459133,0.6909665943459133,0.0,,0,20,1,20,,,
0,3,default_vehtype,boarding,True,1533.5123206002231,1563.5123206002231,2969;-1;-1,2969;-1;-1,0.0,0.9453312112867829,0.9453312112867829,0.0,,0,15,1,,15,,
0,4,default_vehtype,boarding,True,1539.6941074285717,1569.6941074285717,2980;-1;-1,2980;-1;-1,0.0,0.7717488963921925,0.7717488963921925,0.0,,0,12,1,,12,,
0,0,default_vehtype,route,False,1602.5866496081762,1620.0,2977;-1;-1,7037;7512;0.739,145.11125326519877,0.822489168433328,0.8224746573080015,0.0,,0,16,1,,,2977;6202;7516;7037,2977:1602.5866496081762;6202:1606.479741711288;7516:1607.340861711288;7037:1614.652821711288
0,0,default_vehtype,route,False,1620.0,1650.9936650162604,7037;7512;0.739,2978;-1;-1,258.2805418021691,0.8224746573080015,0.8224488292538213,0.0,,0,16,1,,,7037;7512;3274;2902;3901;7011;7336;4365;7288;1182;2978,7037:1620;7512:1621.886181711288;3274:1633.232181711288;2902:1633.3437817112879;3901:1633.811781711288;7011:1635.792741711288;7336:1638.7002217112881;4365:1646.2813417112882;7288:1647.4045417112882;1182:1648.321461711288;2978:1650.9936650162604
0,2,default_vehtype,route,False,1605.4017695993748,1641.5810100315787,2981;-1;-1,2979;-1;-1,176.13052741122,0.6909665943459133,0.6909489812931723,0.0,,0,20,1,,,2981;6320;7278;2411;6281;2286;2287;6538;2979,2981:1605.4017695993748;6320:1608.77488845352;7278:1612.2936484535198;2411:1618.1287684535198;6281:1623.1728827392342;2286:1627.9397970249486;2287:1632.706711310663;6538:1637.7508255963774;2979:1641.5810100315787
0,2,default_vehtype,boarding,True,1641.5810100315787,1671.5810100315787,2979;-1;-1,2979;-1;-1,0.0,0.6909489812931723,0.6909489812931723,0.0,,0,20,1,,20,,
0,4,default_vehtype,route,False,1620.0,1680.0,2980;-1;-1,2579;2961;0.836,116.66666666666687,0.7717488963921925,0.7717372297255258,0.0,,0,,0,,,2980;914;2135;1730;2664;2579,2980:1620;914:1635.8821707356576;2135:1643.8330278785147;1730:1659.2893707356575;2664:1661.1114850213717;2579:1665.9874278785146
0,0,default_vehtype,boarding,True,1650.9936650162604,1680.9936650162604,2978;-1;-1,2978;-1;-1,0.0,0.8224488292538213,0.8224488292538213,0.0,,0,16;21,2,21,,,
0,0,default_vehtype,route,False,1680.9936650162604,1718.4191261464894,2978;-1;-1,2979;-1;-1,311.87884275190765,0.8224488292538213,0.8224176413695462,0.0,,0,16;21,2,,,2978;4103;6297;1434;3820;3877;2787;4993;6537;2979,2978:1680.9936650162604;4103:1683.612621711288;6297:1685.971941711288;1434:1691.9310217112882;3820:1697.039661711288;3877:1698.947541711288;2787:1707.740061711288;4993:1708.7891017112881;6537:1714.588941711288;2979:1718.4191261464894
0,1,default_vehtype,route,False,1567.5180435490054,1694.4851996988916,2989;-1;-1,2975;-1;-1,1557.616034582387,0.8567016613845765,0.8565458997811183,0.0,,0,18;19,2,,,2989;3808;6876;885;316;2042;1982;6306;374;7114;3246;5330;661;445;6080;7381;364;3029;3886;5711;6045;2157;4817;456;5901;7605;2830;5852;6913;1321;597;2204;6066;6049;7367;2188;2186;5744;6033;5746;6031;146;2828;2376;3091;4274;880;3109;3874;2975,2989:1567.5180435490054;3808:1568.178560442979;6876:1569.246560442979;885:1569.849920442979;316:1576.677080442979;2042:1587.4155204429792;1982:1588.1782404429791;6306:1588.3950804429792;374:1596.696080442979;7114:1598.911088442979;3246:1600.048904442979;5330:1600.796480442979;661:1601.787920442979;445:1604.817608442979;6080:1607.641016442979;7381:1608.049904442979;364:1608.485288442979;3029:1610.509496442979;3886:1611.007520442979;5711:1613.5471044429792;6045:1614.9413844429791;2157:1619.129912442979;4817:1619.606696442979;456:1620.221576442979;5901:1620.9771444429791;7605:1624.4488404429792;2830:1624.6782324429792;5852:1631.2049604429792;6913:1633.1013684429793;1321:1638.2498004429792;597:1638.7126884429792;2204:1640.2699764429792;6066:1640.9156724429793;6049:1645.1420004429792;7367:1647.4155444429791;2188:1654.0787124429792;2186:1655.3549844429792;5744:1657.3704084429792;6033:1658.739848442979;5746:1660.6632564429792;6031:1662.1548804429792;146:1663.1160084429791;2828:1664.207816442979;2376:1669.709696442979;3091:1683.031424442979;4274:1684.174352442979;880:1684.765688442979;3109:1686.6162324429788;3874:1692.4805124429788;2975:1694.4851996988916
0,1,default_vehtype,boarding,True,1694.4851996988916,1724.4851996988916,2975;-1;-1,2975;-1;-1,0.0,0.8565458997811183,0.8565458997811183,0.0,,0,18;19,2,,19,,
0,0,default_vehtype,boarding,True,1718.4191261464894,1748.4191261464894,2979;-1;-1,2979;-1;-1,0.0,0.8224176413695462,0.8224176413695462,0.0,,0,16;21,2,,16;21,,
0,1,default_vehtype,route,False,1724.4851996988916,1797.8182603398668,2975;-1;-1,2977;-1;-1,611.1088386747941,0.8565458997811183,0.8564847888972508,0.0,,0,18,1,,,2975;1166;429;4313;68;7318;7325;3011;4;4345;7330;7562;7316;7531;2802;2977,2975:1724.4851996988916;1166:1734.5960724429788;429:1735.9983924429787;4313:1737.1813524429788;68:1742.7797124429787;7318:1749.4477524429788;7325:1752.7745124429787;3011:1756.7851524429786;4:1761.5702724429786;4345:1763.6137524429787;7330:1764.8167524429787;7562:1772.6505924429787;7316:1780.0455924429787;7531:1787.6005524429786;2802:1794.8160324429787;2977:1797.8182603398668
0,2,default_vehtype,route,False,1671.5810100315787,1799.9638049189448,2979;-1;-1,2984;-1;-1,1069.856624061382,0.6909489812931723,0.6908419956307662,0.0,,0,,0,,,2979;2786;2411;1661;7283;796;751;4635;6299;4102;4325;7285;1218;7334;7010;820;7498;276;2915;2661;7517;6201;7314;7529;2803;7558;2806;4344;2996;2984,2979:1671.5810100315787;2786:1673.5859455963775;2411:1679.4210655963775;1661:1685.2209055963774;7283:1686.2699455963775;796:1695.0624655963775;751:1696.9703455963775;4635:1702.0789855963774;6299:1708.0380655963775;4102:1710.3973855963775;4325:1715.6885455963775;7285:1716.6054655963774;1218:1717.7286655963774;7334:1725.3097855963774;7010:1728.2172655963775;820:1730.1982255963776;7498:1730.6662255963777;276:1730.7778255963776;2915:1742.1238255963776;2661:1749.3571855963776;7517:1756.6691455963776;6201:1757.5302655963776;7314:1764.4255855963777;7529:1771.6410655963778;2803:1779.1960255963777;7558:1786.5910255963777;2806:1794.4248655963777;4344:1795.6278655963777;2996:1797.6713455963777;2984:1799.9638049189448
0,3,default_vehtype,route,False,1680.0,1771.2954359457435,2969;-1;-1,2967;-1;-1,1125.588451627387,0.9453312112867829,0.9452186524416202,0.0,,0,,0,,,2969;7192;1664;337;1075;537;18;5629;1068;2559;6740;1717;2067;2063;1937;6789;3895;5465;7450;1719;3469;470;469;5079;7447;1960;2967,2969:1680;7192:1683.6036429519463;1664:1686.8575389519463;337:1694.6177709519463;1075:1695.6416109519464;537:1696.5956109519464;18:1702.4631789519462;5629:1708.3126029519462;1068:1710.8650029519463;2559:1717.9156029519463;6740:1722.3862269519464;1717:1728.2199549519464;2067:1728.9577389519463;2063:1729.6739949519463;1937:1732.9439469519464;6789:1743.4803549519463;3895:1744.7473389519464;5465:1752.2792589519463;7450:1753.2634989519463;1719:1754.0801229519464;3469:1755.1000749519465;470:1761.0611606662321;469:1767.0222463805178;5079:1768.042198380518;7447:1768.858822380518;1960:1769.843062380518;2967:1771.2954359457435
0,1,default_vehtype,boarding,True,1797.8182603398668,1827.8182603398668,2977;-1;-1,2977;-1;-1,0.0,0.8564847888972508,0.8564847888972508,0.0,,0,18,1,,18,,
0,2,default_vehtype,boarding,True,1799.9638049189448,1829.9638049189448,2984;-1;-1,2984;-1;-1,0.0,0.6908419956307662,0.6908419956307662,0.0,,0,17,1,17,,,
0,3,default_vehtype,boarding,True,1771.2954359457435,1801.2954359457435,2967;-1;-1,2967;-1;-1,0.0,0.9452186524416202,0.9452186524416202,0.0,,0,23,1,23,,,
0,4,default_vehtype,route,False,1680.0,1843.9515232122828,2579;2961;0.836,2969;-1;-1,2080.08873543119,0.7717372297255258,0.7715292208519827,0.0,,0,,0,,,2579;2961;2407;2581;370;361;2874;1887;1805;363;366;2314;2877;1748;2880;906;984;2268;1857;1806;1371;938;5442;4054;2205;1369;2047;3631;4079;4572;4577;778;3636;3639;3642;7178;5275;5297;5072;1464;2847;5825;4587;5794;3202;2065;2023;4203;4198;336;2969,2579:1680;2961:1682.7582850213716;2407:1688.0070850213717;2581:1696.4943421642288;370:1698.0771901642288;361:1700.5742941642288;2874:1701.1603021642288;1887:1706.8156861642287;1805:1707.8463661642288;363:1714.7550541642288;366:1716.1601341642288;2314:1717.3050061642289;2877:1730.4761101642289;1748:1731.5946301642289;2880:1732.756422164229;906:1744.981734164229;984:1747.751430164229;2268:1748.499294164229;1857:1748.885214164229;1806:1749.547398164229;1371:1750.217574164229;938:1752.798702164229;5442:1762.519350164229;4054:1770.159342164229;2205:1775.911782164229;1369:1782.357942164229;2047:1783.300998164229;3631:1784.863830164229;4079:1785.931086164229;4572:1789.7295181642291;4577:1791.4621981642292;778:1795.7685181642291;3636:1796.7719101642292;3639:1797.6250381642292;3642:1798.6886221642292;7178:1802.2670221642293;5275:1806.7763101642292;5297:1810.1551261642292;5072:1810.3853821642292;1464:1817.325894164229;2847:1818.396606164229;5825:1821.2952541642292;4587:1823.5755661642293;5794:1825.1957101642292;3202:1829.3170621642291;2065:1834.4613181642292;2023:1840.0196461642292;4203:1840.8204301642293;4198:1841.8020781642292;336:1842.8251981642293;2969:1843.9515232122828
0,1,default_vehtype,route,False,1827.8182603398668,1919.0537818081434,2977;-1;-1,2985;-1;-1,772.7810642643345,0.8564847888972508,0.8564075107908243,0.0,,0,,0,,,2977;6202;7315;7530;2803;7558;2806;4344;2996;3013;7322;2804;3061;1173;3425;4304;793;118;3979;2985,2977:1827.8182603398668;6202:1831.7113524429785;7315:1838.6066724429786;7530:1845.8221524429787;2803:1853.3771124429786;7558:1860.7721124429786;2806:1868.6059524429786;4344:1869.8089524429786;2996:1871.8524324429786;3013:1876.6375524429786;7322:1880.6481924429786;2804:1883.9749524429785;3061:1890.6429924429785;1173:1896.2413524429785;3425:1897.4243124429786;4304:1898.8266324429785;793:1910.9421924429785;118:1916.8064724429785;3979:1918.6570164429784;2985:1919.0537818081434
0,4,default_vehtype,boarding,True,1843.9515232122828,1873.9515232122828,2969;-1;-1,2969;-1;-1,0.0,0.7715292208519827,0.7715292208519827,0.0,,0,24,1,24,,,
0,1,default_vehtype,boarding,True,1919.0537818081434,1949.0537818081434,2985;-1;-1,2985;-1;-1,0.0,0.8564075107908243,0.8564075107908243,0.0,,0,22,1,22,,,
0,3,default_vehtype,route,False,1801.2954359457435,1938.8594902594348,2967;-1;-1,2990;-1;-1,1532.7491772517292,0.9452186524416202,0.945065377523895,0.0,,0,23,1,,,2967;3896;6788;5444;1716;2720;4210;1711;98;2497;7434;2760;542;1074;336;2759;1664;1659;538;4990;4939;5252;3070;1657;4439;4842;1272;3423;4282;4975;6830;4349;4937;669;5061;7265;3848;534;2839;5449;2990,2967:1801.2954359457435;3896:1807.374982380518;6788:1808.6419663805182;5444:1819.178374380518;1716:1821.968734380518;2720:1822.7153743805181;4210:1823.613646380518;1711:1824.743326380518;98:1833.359134380518;2497:1834.869766380518;7434:1842.077614380518;2760:1848.616150380518;542:1856.144254380518;1074:1857.0776623805182;336:1858.1007823805182;2759:1862.8307503805183;1664:1866.0846463805183;1659:1870.8442063805182;538:1871.9952463805182;4990:1875.6923263805181;4939:1877.0828863805182;5252:1882.5076063805182;3070:1883.5440463805182;1657:1891.0608463805183;4439:1896.6910063805183;4842:1901.0755663805182;1272:1901.2604863805182;3423:1902.4770463805182;4282:1906.2545263805182;4975:1907.3042863805183;6830:1908.0772063805184;4349:1908.6260863805185;4937:1912.9956463805186;669:1923.3030463805185;5061:1929.1114063805185;7265:1929.8946463805185;3848:1930.8692863805184;534:1934.9142463805183;2839:1936.2728863805182;5449:1937.4719263805182;2990:1938.8594902594348
0,3,default_vehtype,boarding,True,1938.8594902594348,1968.8594902594348,2990;-1;-1,2990;-1;-1,0.0,0.945065377523895,0.945065377523895,0.0,,0,23;25,2,25,23,,
0,2,default_vehtype,route,False,1829.9638049189448,1996.1645894133824,2984;-1;-1,2972;-1;-1,1890.1043999290782,0.6908419956307662,0.6906529851907733,0.0,,0,17,1,,,2984;3012;7321;2804;3061;1173;3425;4304;793;118;3979;4275;103;6480;7360;3154;6028;5745;6035;5743;6038;6041;7365;6050;6068;6077;3629;4502;6912;2108;7370;7608;5900;3459;4818;5992;6047;5708;3884;3030;3347;7376;2207;3446;3720;5332;251;2711;3358;2296;5681;2294;2035;6308;374;7114;3246;5330;661;445;2972,2984:1829.9638049189448;3012:1832.4564655963777;7321:1836.4671055963777;2804:1839.7938655963776;3061:1846.4619055963776;1173:1852.0602655963776;3425:1853.2432255963777;4304:1854.6455455963776;793:1866.7611055963775;118:1872.6253855963776;3979:1874.4759295963775;4275:1875.0672655963774;103:1876.2101935963774;6480:1889.5319215963773;7360:1895.0338015963773;3154:1896.1256095963772;6028:1897.0867375963771;5745:1898.5783615963771;6035:1900.5017695963772;5743:1901.8712095963772;6038:1903.8866335963771;6041:1905.1629055963772;7365:1911.8260735963772;6050:1914.0996175963771;6068:1918.325945596377;6077:1918.9716415963771;3629:1920.528929596377;4502:1920.9918175963771;6912:1926.140249596377;2108:1928.0366575963772;7370:1934.5633855963772;7608:1934.7927775963772;5900:1938.2644735963772;3459:1939.0200415963773;4818:1939.6349215963774;5992:1940.1117055963773;6047:1944.3002335963772;5708:1945.6945135963772;3884:1948.2340975963773;3030:1948.7321215963773;3347:1950.7563295963773;7376:1951.1917135963774;2207:1951.6006015963774;3446:1954.4240095963773;3720:1957.4536975963774;5332:1958.4451375963774;251:1959.1927135963774;2711:1960.3305295963773;3358:1962.5455375963772;2296:1970.8465375963772;5681:1973.2405375963772;2294:1974.5720233106629;2035:1975.9035090249486;6308:1978.2975090249486;374:1986.5985090249485;7114:1988.8135170249484;3246:1989.9513330249483;5330:1990.6989090249483;661:1991.6903490249483;445:1994.7200370249484;2972:1996.1645894133824
0,2,default_vehtype,boarding,True,1996.1645894133824,2026.1645894133824,2972;-1;-1,2972;-1;-1,0.0,0.6906529851907733,0.6906529851907733,0.0,,0,17,1,,17,,
0,1,default_vehtype,route,False,1949.0537818081434,2078.7104650975525,2985;-1;-1,2982;-1;-1,1095.1193087163879,0.8564075107908243,0.8562979988599527,0.0,,0,22,1,,,2985;1140;880;3109;3874;4306;429;3125;3406;2825;1944;130;99;4526;714;2800;4339;2419;5404;5421;1925;1883;926;925;5399;1905;830;2795;918;3075;7097;7290;2736;1744;1164;2789;1218;2982,2985:1949.0537818081434;1140:1949.2483524429783;880:1949.8396884429783;3109:1951.6902324429782;3874:1957.5545124429782;4306:1969.6700724429782;429:1971.072392442978;3125:1972.325912442978;3406:1984.680272442978;2825:1987.1499924429781;1944:1988.461352442978;130:1990.848992442978;99:1991.329232442978;4526:1999.738832442978;714:2002.535672442978;2800:2004.542072442978;4339:2006.035832442978;2419:2010.644912442978;5404:2014.871792442978;5421:2015.9771124429778;1925:2016.1203924429778;1883:2017.1576724429779;926:2021.4102324429778;925:2024.3545524429778;5399:2033.6593524429777;1905:2034.9859524429778;830:2036.162792442978;2795:2037.346472442978;918:2038.488632442978;3075:2046.361592442978;7097:2047.210952442978;7290:2053.013072442978;2736:2061.7315524429778;1744:2063.1867924429775;1164:2074.295312442978;2789:2075.7071124429776;1218:2076.8303124429776;2982:2078.7104650975525
0,1,default_vehtype,boarding,True,2078.7104650975525,2108.7104650975525,2982;-1;-1,2982;-1;-1,0.0,0.8562979988599527,0.8562979988599527,0.0,,0,22,1,,22,,
0,4,default_vehtype,route,False,1873.9515232122828,2130.608330061117,2969;-1;-1,2977;-1;-1,2203.3461623622125,0.7715292208519827,0.7713088862357466,0.0,,0,24,1,,,2969;7192;1664;1659;538;4990;4939;5252;3070;1657;4439;4842;1272;3423;4282;4975;5250;6710;2464;7135;1193;552;2755;7131;3567;888;712;2718;754;611;1812;1186;7311;3767;4527;3089;3131;5447;7352;414;122;3426;4314;68;7318;7325;3011;4;4345;7330;7562;7316;7531;2802;2977,2969:1873.9515232122828;7192:1877.5551661642291;1664:1880.809062164229;1659:1885.568622164229;538:1886.719662164229;4990:1890.416742164229;4939:1891.807302164229;5252:1897.232022164229;3070:1898.268462164229;1657:1905.7852621642292;4439:1911.415422164229;4842:1915.799982164229;1272:1915.984902164229;3423:1917.201462164229;4282:1920.978942164229;4975:1922.0287021642291;5250:1927.8326221642292;6710:1929.7598221642293;2464:1945.6193821642294;7135:1953.5515021642293;1193:1954.6515421642293;552:1959.1497421642293;2755:1960.9789021642293;7131:1968.9361021642294;3567:1978.8149821642294;888:1979.2732621642294;712:1983.0088621642294;2718:1983.9460621642295;754:2027.5061821642296;611:2028.7547821642295;1812:2033.3259421642294;1186:2034.5031421642295;7311:2035.3187821642296;3767:2037.3251821642295;4527:2040.1220221642295;3089:2048.5316221642297;3131:2049.0118621642296;5447:2051.3995021642295;7352:2052.7108621642296;414:2055.1805821642297;122:2067.5349421642295;3426:2068.7884621642297;4314:2069.97142216423;68:2075.5697821642298;7318:2082.23782216423;7325:2085.5645821642297;3011:2089.5752221642297;4:2094.3603421642297;4345:2096.4038221642295;7330:2097.6068221642295;7562:2105.4406621642293;7316:2112.8356621642292;7531:2120.390622164229;2802:2127.606102164229;2977:2130.608330061117
0,2,default_vehtype,route,False,2040.0,2173.26961265962,2972;-1;-1,2969;-1;-1,1385.7741758280517,0.6906529851907733,0.6905144077731905,0.0,,0,,0,,,2972;6079;3446;3720;5332;251;2711;3358;2296;5495;5697;5497;5500;670;5502;5512;5520;5531;6313;6632;6644;3793;6319;7102;3741;7384;6414;5446;2447;2571;42;2577;2566;3033;3036;2469;2404;2235;3762;5287;310;2280;1447;6261;3764;4397;4745;4182;4187;4191;4195;4202;336;2969,2972:2040;6079:2041.378855611566;3446:2044.202263611566;3720:2047.231951611566;5332:2048.223391611566;251:2048.9709676115663;2711:2050.108783611566;3358:2052.3237916115663;2296:2060.6247916115663;5495:2060.8416316115663;5697:2061.9453916115663;5497:2062.642831611566;5500:2065.550071611566;670:2066.947471611566;5502:2069.294911611566;5512:2072.816671611566;5520:2075.2706716115663;5531:2076.967591611566;6313:2077.992631611566;6632:2080.289671611566;6644:2081.860951611566;3793:2083.7101516115663;6319:2084.6258716115663;7102:2085.103951611566;3741:2085.643591611566;7384:2093.302591611566;6414:2098.509751611566;5446:2100.7775116115663;2447:2104.713631611566;2571:2112.3025516115663;42:2116.9705516115664;2577:2117.6430316115666;2566:2126.2421116115665;3033:2126.8730716115665;3036:2129.1426316115667;2469:2132.734951611567;2404:2136.058471611567;2235:2137.3418716115666;3762:2137.7653036115667;5287:2138.3043676115667;310:2141.0945836115666;2280:2141.6936956115665;1447:2142.1395916115666;6261:2146.017583611567;3764:2147.023279611567;4397:2147.573935611567;4745:2147.8002316115667;4182:2152.2540076115665;4187:2154.9160636115666;4191:2155.6543516115667;4195:2170.1176396115666;4202:2171.1201676115666;336:2172.1432876115664;2969:2173.26961265962
0,2,default_vehtype,boarding,True,2173.26961265962,2203.26961265962,2969;-1;-1,2969;-1;-1,0.0,0.6905144077731905,0.6905144077731905,0.0,,0,27,1,27,,,
0,3,default_vehtype,route,False,1968.8594902594348,2193.6045990350926,2990;-1;-1,2982;-1;-1,1872.8759064638186,0.945065377523895,0.9448780899332486,0.0,,0,25,1,,,2990;2552;1946;7401;3551;3849;7263;5060;3728;4936;1207;2554;4974;5249;6709;2464;7135;1193;552;2755;7131;3567;888;712;2718;754;611;1812;1186;7311;4339;2419;5404;5421;1925;1883;926;925;5399;1905;830;2795;918;3075;7097;7290;2736;1744;1164;2789;1218;2982,2990:1968.8594902594348;2552:1971.725206380518;1946:1975.978486380518;7401:1977.177526380518;3551:1978.536166380518;3849:1982.5811263805178;7263:1983.5557663805178;5060:1984.3390063805177;3728:1990.1473663805177;4936:2000.4547663805176;1207:2004.8243263805177;2554:2005.3732063805178;4974:2006.146126380518;5249:2011.950046380518;6709:2013.877246380518;2464:2029.7368063805181;7135:2037.668926380518;1193:2038.7689663805181;552:2043.2671663805181;2755:2045.0963263805181;7131:2053.053526380518;3567:2062.9324063805184;888:2063.390686380518;712:2067.126286380518;2718:2068.063486380518;754:2111.623606380518;611:2112.872206380518;1812:2117.443366380518;1186:2118.620566380518;7311:2119.436206380518;4339:2120.9299663805177;2419:2125.539046380518;5404:2129.765926380518;5421:2130.871246380518;1925:2131.014526380518;1883:2132.051806380518;926:2136.304366380518;925:2139.248686380518;5399:2148.553486380518;1905:2149.8800863805177;830:2151.056926380518;2795:2152.240606380518;918:2153.3827663805178;3075:2161.255726380518;7097:2162.105086380518;7290:2167.907206380518;2736:2176.625686380518;1744:2178.0809263805177;1164:2189.189446380518;2789:2190.6012463805178;1218:2191.7244463805177;2982:2193.6045990350926
0,4,default_vehtype,boarding,True,2130.608330061117,2160.608330061117,2977;-1;-1,2977;-1;-1,0.0,0.7713088862357466,0.7713088862357466,0.0,,0,24,1,,24,,
0,1,default_vehtype,route,False,2160.0,2243.15932049128,2982;-1;-1,2981;-1;-1,715.980737427333,0.8562979988599527,0.85622640078621,0.0,,0,,0,,,2982;2809;4365;7288;4302;5102;7160;7294;2701;3076;4023;7300;1891;827;6499;1803;1141;5241;922;6385;3550;2981,2982:2160;2809:2165.700967345425;4365:2173.2820873454248;7288:2174.4052873454248;4302:2175.8170873454246;5102:2186.925607345425;7160:2188.3808473454246;7294:2197.0993273454246;2701:2202.9014473454245;3076:2203.7508073454246;4023:2211.6237673454248;7300:2212.7659273454246;1891:2213.0198473454248;827:2214.085687345425;6499:2223.440527345425;1803:2229.403087345425;1141:2234.907727345425;5241:2236.495807345425;922:2237.411719345425;6385:2240.633359345425;3550:2240.895199345425;2981:2243.15932049128
0,1,default_vehtype,boarding,True,2243.15932049128,2273.15932049128,2981;-1;-1,2981;-1;-1,0.0,0.85622640078621,0.85622640078621,0.0,,0,29,1,29,,,
0,2,default_vehtype,route,False,2203.26961265962,2221.68552268094,2969;-1;-1,2991;-1;-1,255.77652807388006,0.6905144077731905,0.6904888301203831,0.0,,0,27,1,,,2969;7192;1664;337;1075;537;2991,2969:2203.26961265962;7192:2206.8732556115665;1664:2210.1271516115667;337:2217.8873836115667;1075:2218.9112236115666;537:2219.8652236115668;2991:2221.68552268094
0,2,default_vehtype,boarding,True,2221.68552268094,2251.68552268094,2991;-1;-1,2991;-1;-1,0.0,0.6904888301203831,0.6904888301203831,0.0,,0,27;26,2,26,,,
0,3,default_vehtype,boarding,True,2193.6045990350926,2223.6045990350926,2982;-1;-1,2982;-1;-1,0.0,0.9448780899332486,0.9448780899332486,0.0,,0,25,1,,25,,
0,0,default_vehtype,route,False,2100.0,2302.911904254136,2979;-1;-1,2973;-1;-1,2147.060361502996,0.8224176413695462,0.8222029353333958,0.0,,0,,0,,,2979;2786;2307;3549;6384;4032;1804;4277;5239;6501;3911;5389;7301;3914;5398;5400;4040;4041;5374;5418;5424;5403;6546;1200;7312;3767;4527;3089;3131;5447;7352;414;122;3426;4305;793;118;3979;4275;103;6480;7360;3154;6028;5745;6035;5743;6038;6041;7365;6050;6068;6077;3629;4502;6912;2108;7370;1420;1084;2973,2979:2100;2786:2102.004935564799;2307:2105.523695564799;3549:2111.160935564799;6384:2111.422775564799;4032:2114.644415564799;1804:2115.560327564799;4277:2117.148407564799;5239:2122.653047564799;6501:2128.615607564799;3911:2137.970447564799;5389:2139.0362875647993;7301:2139.2902075647994;3914:2140.4738875647995;5398:2141.6507275647996;5400:2142.9773275647995;4040:2152.2821275647993;4041:2155.2264475647994;5374:2159.4790075647993;5418:2160.5162875647993;5424:2160.659567564799;5403:2161.764887564799;6546:2165.9917675647994;1200:2170.6008475647996;7312:2172.0946075647994;3767:2174.1010075647996;4527:2176.8978475647996;3089:2185.3074475647995;3131:2185.7876875647994;5447:2188.1753275647993;7352:2189.4866875647995;414:2191.9564075647995;122:2204.3107675647993;3426:2205.5642875647995;4305:2206.9666075647997;793:2219.0821675648;118:2224.9464475647997;3979:2226.7969915647996;4275:2227.3883275647995;103:2228.5312555647997;6480:2241.8529835647996;7360:2247.3548635647994;3154:2248.4466715647995;6028:2249.4077995647995;5745:2250.8994235647992;6035:2252.8228315647993;5743:2254.1922715647993;6038:2256.2076955647995;6041:2257.4839675647995;7365:2264.1471355647996;6050:2266.4206795647997;6068:2270.6470075648;6077:2271.2927035648;3629:2272.8499915648;4502:2273.3128795648;6912:2278.4613115648;2108:2280.3577195648;7370:2286.8844475647998;1420:2298.5895595648;1084:2302.1245435647998;2973:2302.911904254136
0,0,default_vehtype,boarding,True,2302.911904254136,2332.911904254136,2973;-1;-1,2973;-1;-1,0.0,0.8222029353333958,0.8222029353333958,0.0,,0,28,1,28,,,
0,2,default_vehtype,route,False,2251.68552268094,2308.438427629666,2991;-1;-1,2993;-1;-1,788.2347909545252,0.6904888301203831,0.6904100066412876,0.0,,0,27;26,2,,,2991;3010;5631;1068;2559;6740;1717;2067;2063;1937;6789;3895;5465;7450;2993,2991:2251.68552268094;3010:2255.732791611567;5631:2261.582215611567;1068:2264.134615611567;2559:2271.185215611567;6740:2275.655839611567;1717:2281.489567611567;2067:2282.227351611567;2063:2282.943607611567;1937:2286.2135596115672;6789:2296.749967611567;3895:2298.016951611567;5465:2305.548871611567;7450:2306.533111611567;2993:2308.438427629666
0,2,default_vehtype,boarding,True,2308.438427629666,2338.438427629666,2993;-1;-1,2993;-1;-1,0.0,0.6904100066412876,0.6904100066412876,0.0,,0,27;26,2,,27;26,,
0,4,default_vehtype,route,False,2280,2391.9445594855088,2977;-1;-1,2986;-1;-1,1060.4065922814566,0.7713088862357466,0.7712028455765184,0.0,,0,,0,,,2977;6202;7315;7530;2803;7558;2806;4344;2996;3013;7322;2804;3061;1173;3425;4304;793;118;3979;4275;103;6480;7360;2986,2977:2280;6202:2283.893092103112;7315:2290.788412103112;7530:2298.003892103112;2803:2305.558852103112;7558:2312.953852103112;2806:2320.7876921031116;4344:2321.9906921031115;2996:2324.0341721031114;3013:2328.8192921031114;7322:2332.8299321031113;2804:2336.1566921031113;3061:2342.8247321031113;1173:2348.4230921031112;3425:2349.6060521031113;4304:2351.0083721031115;793:2363.1239321031117;118:2368.9882121031114;3979:2370.8387561031113;4275:2371.4300921031113;103:2372.5730201031115;6480:2385.8947481031114;7360:2391.396628103111;2986:2391.9445594855088
0,1,default_vehtype,route,False,2273.15932049128,2408.2348779747654,2981;-1;-1,2976;-1;-1,1148.6160456957073,0.85622640078621,0.8561115391816405,0.0,,0,29,1,,,2981;6320;3549;6384;4032;1804;4277;5239;6501;3911;5389;7301;3914;5398;5400;4040;4041;5374;5418;5424;5403;6546;1200;7312;3767;4527;3089;3131;5447;7352;414;122;3426;4314;68;7318;7325;3011;4;4345;7330;2976,2981:2273.15932049128;6320:2276.5324393454252;3549:2282.1696793454253;6384:2282.4315193454254;4032:2285.6531593454256;1804:2286.5690713454255;4277:2288.1571513454255;5239:2293.6617913454256;6501:2299.6243513454256;3911:2308.9791913454255;5389:2310.0450313454257;7301:2310.298951345426;3914:2311.482631345426;5398:2312.659471345426;5400:2313.986071345426;4040:2323.290871345426;4041:2326.235191345426;5374:2330.4877513454257;5418:2331.5250313454258;5424:2331.6683113454255;5403:2332.7736313454257;6546:2337.000511345426;1200:2341.609591345426;7312:2343.103351345426;3767:2345.109751345426;4527:2347.906591345426;3089:2356.316191345426;3131:2356.796431345426;5447:2359.1840713454258;7352:2360.495431345426;414:2362.965151345426;122:2375.319511345426;3426:2376.573031345426;4314:2377.755991345426;68:2383.354351345426;7318:2390.022391345426;7325:2393.349151345426;3011:2397.359791345426;4:2402.144911345426;4345:2404.1883913454258;7330:2405.3913913454257;2976:2408.2348779747654
0,1,default_vehtype,boarding,True,2408.2348779747654,2438.2348779747654,2976;-1;-1,2976;-1;-1,0.0,0.8561115391816405,0.8561115391816405,0.0,,0,29,1,,29,,
0,4,default_vehtype,boarding,True,2391.9445594855088,2421.9445594855088,2986;-1;-1,2986;-1;-1,0.0,0.7712028455765184,0.7712028455765184,0.0,,0,30,1,30,,,
0,2,default_vehtype,route,False,2340.0,2460.0,2993;-1;-1,3077;3241;0.579,1530.1405110105684,0.6904100066412876,0.6902569925901866,0.0,,0,,0,,,2993;4483;7446;1960;816;6786;5444;1716;2720;4210;1711;98;2497;7434;2760;542;1074;1071;1070;1069;1067;1504;4396;710;2281;4664;6260;3300;1832;708;6180;2405;6169;2744;2567;2576;3077,2993:2340;4483:2340.7614199819013;7446:2343.4281559819015;1960:2344.4123959819017;816:2351.9443159819016;6786:2353.2112999819014;5444:2363.7477079819014;1716:2366.5380679819013;2720:2367.284707981901;4210:2368.182979981901;1711:2369.312659981901;98:2377.928467981901;2497:2379.439099981901;7434:2386.646947981901;2760:2393.185483981901;542:2400.713587981901;1074:2401.646995981901;1071:2402.649523981901;1070:2417.112811981901;1069:2417.851099981901;1067:2420.513155981901;1504:2424.966931981901;4396:2425.1932279819007;710:2425.7438839819006;2281:2426.7495799819008;4664:2430.627571981901;6260:2431.073467981901;3300:2431.672579981901;1832:2434.462795981901;708:2435.001859981901;6180:2435.425291981901;2405:2437.647691981901;6169:2441.124811981901;2744:2445.725371981901;2567:2447.568331981901;2576:2456.0568919819007;3077:2458.1895319819005
0,0,default_vehtype,route,False,2332.911904254136,2511.154592710656,2973;-1;-1,2981;-1;-1,1853.859111085784,0.8222029353333958,0.8220175494222872,0.0,,0,28,1,,,2973;7354;3525;6025;3063;6027;7362;2188;2186;5744;6033;5746;6031;146;2828;2376;3091;4274;880;3109;3874;4306;429;3125;3406;2825;1944;130;99;4526;714;2800;4339;2419;5404;5421;1925;1883;926;925;5399;1905;830;2795;1891;827;6499;1803;1141;5241;922;6385;3550;2981,2973:2332.911904254136;7354:2336.7090715647996;3525:2347.5879115647995;6025:2349.3293755647996;3063:2350.5940555648;6027:2351.8960315648;7362:2355.9042715648;2188:2362.5674395648;2186:2363.8437115648003;5744:2365.8591355648005;6033:2367.2285755648004;5746:2369.1519835648005;6031:2370.6436075648003;146:2371.6047355648;2828:2372.6965435648003;2376:2378.1984235648;3091:2391.5201515648;4274:2392.6630795648002;880:2393.2544155648;3109:2395.1049595648;3874:2400.9692395648;4306:2413.0847995648;429:2414.4871195648;3125:2415.7406395648004;3406:2428.0949995648;2825:2430.5647195648003;1944:2431.8760795648004;130:2434.2637195648003;99:2434.7439595648;4526:2443.1535595648;714:2445.9503995648;2800:2447.9567995648003;4339:2449.4505595648;2419:2454.0596395648004;5404:2458.2865195648005;5421:2459.3918395648006;1925:2459.5351195648004;1883:2460.5723995648004;926:2464.8249595648003;925:2467.7692795648004;5399:2477.0740795648003;1905:2478.4006795648;830:2479.5775195648002;2795:2480.7611995648003;1891:2481.0151195648004;827:2482.0809595648007;6499:2491.4357995648006;1803:2497.3983595648006;1141:2502.9029995648007;5241:2504.4910795648007;922:2505.4069915648006;6385:2508.628631564801;3550:2508.890471564801;2981:2511.154592710656
0,4,default_vehtype,route,False,2421.9445594855088,2505.3028051399633,2986;-1;-1,2984;-1;-1,777.242669599201,0.7712028455765184,0.7711251213095585,0.0,,0,30,1,,,2986;3155;7358;2376;3091;4274;880;3109;3874;4306;429;4313;68;7318;7325;3011;4;4345;1199;1204;2996;2984,2986:2421.9445594855088;3155:2422.488436103111;7358:2423.580244103111;2376:2429.082124103111;3091:2442.4038521031107;4274:2443.546780103111;880:2444.138116103111;3109:2445.9886601031108;3874:2451.8529401031105;4306:2463.9685001031107;429:2465.370820103111;4313:2466.553780103111;68:2472.152140103111;7318:2478.820180103111;7325:2482.146940103111;3011:2486.157580103111;4:2490.942700103111;4345:2492.9861801031107;1199:2496.9765229602535;1204:2500.9668658173964;2996:2503.0103458173962;2984:2505.3028051399633
0,0,default_vehtype,boarding,True,2511.154592710656,2541.154592710656,2981;-1;-1,2981;-1;-1,0.0,0.8220175494222872,0.8220175494222872,0.0,,0,28;32,2,32,28,,
0,2,default_vehtype,route,False,2460.0,2560.904732446956,3077;3241;0.579,2992;-1;-1,1255.7607729749286,0.6902569925901866,0.690131416512889,0.0,,0,,0,,,3077;3241;6874;42;2577;2566;3033;3036;2469;2404;2235;3762;5287;310;2280;1447;6261;3764;4397;4745;4182;4187;4191;4195;4202;4208;537;18;5629;1068;2559;6740;1717;2067;2063;1937;2992,3077:2460;3241:2461.3184119819007;6874:2462.4689719819007;42:2467.136971981901;2577:2467.809451981901;2566:2476.408531981901;3033:2477.039491981901;3036:2479.309051981901;2469:2482.9013719819013;2404:2486.2248919819012;2235:2487.508291981901;3762:2487.931723981901;5287:2488.470787981901;310:2491.261003981901;2280:2491.860115981901;1447:2492.306011981901;6261:2496.1840039819012;3764:2497.1896999819014;4397:2497.7403559819013;4745:2497.966651981901;4182:2502.420427981901;4187:2505.082483981901;4191:2505.820771981901;4195:2520.284059981901;4202:2521.286587981901;4208:2522.268235981901;537:2523.222235981901;18:2529.0898039819012;5629:2534.9392279819012;1068:2537.4916279819013;2559:2544.5422279819013;6740:2549.0128519819013;1717:2554.8465799819014;2067:2555.5843639819013;2063:2556.3006199819015;1937:2559.5705719819016;2992:2560.904732446956
0,4,default_vehtype,boarding,True,2505.3028051399633,2535.3028051399633,2984;-1;-1,2984;-1;-1,0.0,0.7711251213095585,0.7711251213095585,0.0,,0,30,1,,30,,
0,1,default_vehtype,route,False,2460.0,2638.801868476687,2976;-1;-1,2989;-1;-1,1989.5719706390555,0.8561115391816405,0.8559125819845765,0.0,,0,,0,,,2976;7557;2806;4344;2996;3013;7322;2804;3061;1173;3425;4304;793;118;3979;4275;103;6480;7360;3154;6028;5745;6035;5743;6038;6041;7365;6050;6068;6077;3629;4502;6912;2108;7370;7608;5900;3459;4818;5992;6047;5708;3884;3030;3347;7376;2207;3446;3720;5332;251;2711;3358;2296;5495;5696;3307;3987;6878;2989,2976:2460;7557:2464.99035337066;2806:2472.82419337066;4344:2474.02719337066;2996:2476.0706733706597;3013:2480.8557933706597;7322:2484.8664333706597;2804:2488.1931933706596;3061:2494.8612333706596;1173:2500.4595933706596;3425:2501.6425533706597;4304:2503.04487337066;793:2515.16043337066;118:2521.02471337066;3979:2522.8752573706597;4275:2523.4665933706597;103:2524.60952137066;6480:2537.9312493706598;7360:2543.4331293706596;3154:2544.5249373706597;6028:2545.4860653706596;5745:2546.9776893706594;6035:2548.9010973706595;5743:2550.2705373706594;6038:2552.2859613706596;6041:2553.5622333706597;7365:2560.2254013706597;6050:2562.49894537066;6068:2566.72527337066;6077:2567.37096937066;3629:2568.92825737066;4502:2569.39114537066;6912:2574.53957737066;2108:2576.43598537066;7370:2582.96271337066;7608:2583.19210537066;5900:2586.66380137066;3459:2587.41936937066;4818:2588.0342493706603;5992:2588.5110333706602;6047:2592.6995613706604;5708:2594.0938413706604;3884:2596.6334253706605;3030:2597.1314493706604;3347:2599.1556573706603;7376:2599.59104137066;2207:2599.99992937066;3446:2602.8233373706603;3720:2605.8530253706604;5332:2606.84446537066;251:2607.5920413706604;2711:2608.7298573706603;3358:2610.9448653706604;2296:2619.2458653706603;5495:2619.4627053706604;5696:2620.2254253706606;3307:2630.9638653706606;3987:2637.7910253706605;6878:2638.3943853706605;2989:2638.801868476687
0,2,default_vehtype,boarding,True,2560.904732446956,2590.904732446956,2992;-1;-1,2992;-1;-1,0.0,0.690131416512889,0.690131416512889,0.0,,0,33,1,33,,,
0,1,default_vehtype,boarding,True,2638.801868476687,2668.801868476687,2989;-1;-1,2989;-1;-1,0.0,0.8559125819845765,0.8559125819845765,0,,0,31,1,31,,,
0,0,default_vehtype,route,False,2541.154592710656,2715.0913966128546,2981;-1;-1,2969;-1;-1,2279.3367272297323,0.8220175494222872,0.8217896157495642,0.0,,0,32,1,,,2981;6320;3549;6384;4032;1804;4811;5237;608;459;2416;4011;5246;363;366;2314;2877;1748;2880;906;984;2268;1857;1806;1371;938;5442;4054;2205;1369;2047;3631;4079;4572;4577;778;3636;3639;3642;7178;5275;5297;5072;1464;2847;5825;4587;5794;3202;2065;2023;4203;4198;336;2969,2981:2541.154592710656;6320:2544.527711564801;3549:2550.164951564801;6384:2550.426791564801;4032:2553.6484315648013;1804:2554.564343564801;4811:2556.246983564801;5237:2560.987463564801;608:2569.853543564801;459:2570.183303564801;2416:2572.396943564801;4011:2573.061071564801;5246:2578.986239564801;363:2585.894927564801;366:2587.300007564801;2314:2588.444879564801;2877:2601.615983564801;1748:2602.734503564801;2880:2603.8962955648008;906:2616.121607564801;984:2618.8913035648006;2268:2619.6391675648006;1857:2620.0250875648007;1806:2620.6872715648005;1371:2621.3574475648006;938:2623.9385755648004;5442:2633.6592235648004;4054:2641.2992155648003;2205:2647.0516555648005;1369:2653.4978155648005;2047:2654.4408715648005;3631:2656.0037035648006;4079:2657.0709595648004;4572:2660.8693915648005;4577:2662.6020715648006;778:2666.9083915648007;3636:2667.9117835648008;3639:2668.764911564801;3642:2669.828495564801;7178:2673.406895564801;5275:2677.916183564801;5297:2681.294999564801;5072:2681.525255564801;1464:2688.465767564801;2847:2689.536479564801;5825:2692.435127564801;4587:2694.715439564801;5794:2696.335583564801;3202:2700.456935564801;2065:2705.601191564801;2023:2711.159519564801;4203:2711.960303564801;4198:2712.941951564801;336:2713.965071564801;2969:2715.0913966128546
0,0,default_vehtype,boarding,True,2715.0913966128546,2745.0913966128546,2969;-1;-1,2969;-1;-1,0.0,0.8217896157495642,0.8217896157495642,0.0,,0,32,1,,32,,
0,4,default_vehtype,route,False,2535.3028051399633,2736.9259896963117,2984;-1;-1,2990;-1;-1,1680.1932046362463,0.7711251213095585,0.7709571019890948,0.0,,0,,0,,,2984;3012;7321;2804;3061;1173;3425;3125;3406;2825;1944;130;99;4526;714;2800;4332;799;3653;3825;7127;3766;3988;553;7132;7191;3566;4337;7134;6667;6711;1807;1653;6829;4349;4937;669;5061;7265;3848;534;2839;5449;2990,2984:2535.3028051399633;3012:2537.7954658173962;7321:2541.806105817396;2804:2545.132865817396;3061:2551.800905817396;1173:2557.399265817396;3425:2558.582225817396;3125:2559.8357458173964;3406:2572.190105817396;2825:2574.6598258173963;1944:2575.9711858173964;130:2578.3588258173963;99:2578.839065817396;4526:2587.248665817396;714:2590.045505817396;2800:2592.0519058173963;4332:2592.867545817396;799:2594.048465817396;3653:2598.644705817396;3825:2599.8933058173957;7127:2643.453425817396;3766:2644.3906258173956;3988:2648.1262258173956;553:2648.5845058173954;7132:2658.4633858173956;7191:2666.4205858173955;3566:2668.2497458173953;4337:2672.7479458173952;7134:2673.847985817395;6667:2681.780105817395;6711:2697.639665817395;1807:2699.566865817395;1653:2705.370785817395;6829:2706.1437058173947;4349:2706.6925858173945;4937:2711.0621458173946;669:2721.3695458173947;5061:2727.1779058173947;7265:2727.961145817395;3848:2728.935785817395;534:2732.980745817395;2839:2734.339385817395;5449:2735.538425817395;2990:2736.9259896963117
0,4,default_vehtype,boarding,True,2736.9259896963117,2766.9259896963117,2990;-1;-1,2990;-1;-1,0.0,0.7709571019890948,0.7709571019890948,0.0,,0,34;35,2,34;35,,,
0,4,default_vehtype,route,False,2766.9259896963117,2777.97902965541,2990;-1;-1,2970;-1;-1,92.10866632581656,0.7709571019890948,0.7709478911224622,0.0,,0,34;35,2,,,2990;2552;1946;7401;3560;2970,2990:2766.9259896963117;2552:2769.7917058173953;1946:2774.044985817395;7401:2775.244025817395;3560:2776.3195858173954;2970:2777.97902965541
0,4,default_vehtype,boarding,True,2777.97902965541,2807.97902965541,2970;-1;-1,2970;-1;-1,0.0,0.7709478911224622,0.7709478911224622,0.0,,0,34;35;37,3,37,34,,
0,2,default_vehtype,route,False,2590.904732446956,2873.491903364299,2992;-1;-1,2986;-1;-1,3048.067151629767,0.690131416512889,0.689826609797726,0.0,,0,33,1,,,2992;2526;5444;1716;2720;4210;1711;98;2497;7434;2760;542;1074;4204;5649;5760;205;5793;1407;5826;7411;4686;5074;5295;5274;7181;604;603;1365;2574;7139;1693;1114;5299;7129;754;611;1812;1186;7311;3767;4527;3089;3131;5447;7352;414;122;3426;4305;793;118;3979;4275;103;6480;7360;2986,2992:2590.904732446956;2526:2600.1069799819015;5444:2610.6433879819015;1716:2613.4337479819014;2720:2614.1803879819013;4210:2615.078659981901;1711:2616.208339981901;98:2624.824147981901;2497:2626.334779981901;7434:2633.542627981901;2760:2640.081163981901;542:2647.609267981901;1074:2648.542675981901;4204:2649.524323981901;5649:2650.325107981901;5760:2655.883435981901;205:2661.027691981901;5793:2665.1490439819013;1407:2666.7691879819013;5826:2669.049499981901;7411:2671.948147981901;4686:2673.018859981901;5074:2679.9593719819013;5295:2680.189627981901;5274:2683.568443981901;7181:2688.0777319819013;604:2691.656131981901;603:2692.719715981901;1365:2694.661435981901;2574:2706.169315981901;7139:2712.435715981901;1693:2714.0743159819012;1114:2730.4148359819014;5299:2744.9600359819015;7129:2746.3109959819017;754:2789.8711159819018;611:2791.1197159819017;1812:2795.6908759819016;1186:2796.8680759819017;7311:2797.6837159819015;3767:2799.6901159819017;4527:2802.4869559819017;3089:2810.8965559819017;3131:2811.3767959819015;5447:2813.7644359819014;7352:2815.0757959819016;414:2817.5455159819016;122:2829.8998759819015;3426:2831.1533959819017;4305:2832.555715981902;793:2844.671275981902;118:2850.535555981902;3979:2852.3860999819017;4275:2852.9774359819016;103:2854.120363981902;6480:2867.4420919819017;7360:2872.9439719819015;2986:2873.491903364299
0,1,default_vehtype,route,False,2668.801868476687,2915.506060675634,2989;-1;-1,2978;-1;-1,2555.424668324549,0.8559125819845765,0.8556570395177442,0.0,,0,31,1,,,2989;3808;6876;885;316;2042;1982;6306;374;7114;3246;5330;661;445;6080;7381;364;3029;3886;5711;6045;2157;4817;456;5901;7605;2830;5852;6913;1321;597;2204;6066;6049;7367;2188;2186;5744;6033;5746;6031;146;2828;2376;3091;4274;880;3109;3874;4306;429;3125;3406;2825;1944;130;99;4526;714;2800;4339;2419;5404;5421;1925;1883;926;925;5399;1905;830;2795;918;3075;7097;7290;2736;1744;1164;2789;1182;2978,2989:2668.801868476687;3808:2669.4623853706607;6876:2670.530385370661;885:2671.133745370661;316:2677.960905370661;2042:2688.699345370661;1982:2689.462065370661;6306:2689.678905370661;374:2697.979905370661;7114:2700.194913370661;3246:2701.332729370661;5330:2702.0803053706613;661:2703.071745370661;445:2706.101433370661;6080:2708.9248413706614;7381:2709.3337293706613;364:2709.769113370661;3029:2711.793321370661;3886:2712.291345370661;5711:2714.830929370661;6045:2716.225209370661;2157:2720.4137373706612;4817:2720.890521370661;456:2721.5054013706613;5901:2722.2609693706613;7605:2725.7326653706614;2830:2725.9620573706616;5852:2732.4887853706614;6913:2734.3851933706615;1321:2739.5336253706614;597:2739.9965133706614;2204:2741.5538013706614;6066:2742.1994973706614;6049:2746.4258253706616;7367:2748.6993693706618;2188:2755.362537370662;2186:2756.638809370662;5744:2758.654233370662;6033:2760.023673370662;5746:2761.947081370662;6031:2763.438705370662;146:2764.399833370662;2828:2765.491641370662;2376:2770.9935213706617;3091:2784.3152493706616;4274:2785.458177370662;880:2786.0495133706618;3109:2787.9000573706617;3874:2793.7643373706615;4306:2805.8798973706616;429:2807.282217370662;3125:2808.535737370662;3406:2820.890097370662;2825:2823.359817370662;1944:2824.671177370662;130:2827.058817370662;99:2827.539057370662;4526:2835.9486573706617;714:2838.7454973706617;2800:2840.751897370662;4339:2842.245657370662;2419:2846.854737370662;5404:2851.081617370662;5421:2852.1869373706622;1925:2852.330217370662;1883:2853.367497370662;926:2857.620057370662;925:2860.564377370662;5399:2869.869177370662;1905:2871.1957773706617;830:2872.372617370662;2795:2873.556297370662;918:2874.698457370662;3075:2882.571417370662;7097:2883.420777370662;7290:2889.222897370662;2736:2897.941377370662;1744:2899.3966173706617;1164:2910.505137370662;2789:2911.916937370662;1182:2912.833857370662;2978:2915.506060675634
0,2,default_vehtype,boarding,True,2873.491903364299,2903.491903364299,2986;-1;-1,2986;-1;-1,0.0,0.689826609797726,0.689826609797726,0.0,,0,33,1,,33,,
0,4,default_vehtype,route,False,2807.97902965541,2916.4329462058304,2970;-1;-1,2972;-1;-1,956.9275289670156,0.7709478911224622,0.7708521983695655,0.0,,0,35;37,2,,,2970;671;662;7398;3491;6933;7394;6989;7392;5704;7389;3806;2573;885;316;2042;1982;6306;374;7114;3246;5330;661;445;2972,2970:2807.97902965541;671:2809.0091458173956;662:2831.4588658173957;7398:2834.9781058173958;3491:2841.302825817396;6933:2842.214585817396;7394:2847.576185817396;6989:2848.170545817396;7392:2857.381625817396;5704:2859.746705817396;7389:2874.284945817396;3806:2878.349345817396;2573:2879.4173458173964;885:2880.0207058173964;316:2886.8478658173963;2042:2897.5863058173964;1982:2898.3490258173965;6306:2898.5658658173966;374:2906.8668658173965;7114:2909.0818738173966;3246:2910.2196898173966;5330:2910.9672658173968;661:2911.9587058173965;445:2914.9883938173966;2972:2916.4329462058304
0,0,default_vehtype,route,False,2880.0,2955.168814970046,2969;-1;-1,2993;-1;-1,1044.011319028405,0.8217896157495642,0.8216852146176614,0.0,,0,,0,,,2969;7192;1664;337;1075;537;18;5629;1068;2559;6740;1717;2067;2063;1937;6789;3895;5465;7450;2993,2969:2880;7192:2883.6036429519463;1664:2886.8575389519465;337:2894.6177709519466;1075:2895.6416109519464;537:2896.5956109519466;18:2902.4631789519467;5629:2908.3126029519467;1068:2910.8650029519467;2559:2917.9156029519468;6740:2922.386226951947;1717:2928.219954951947;2067:2928.957738951947;2063:2929.673994951947;1937:2932.943946951947;6789:2943.480354951947;3895:2944.747338951947;5465:2952.2792589519468;7450:2953.263498951947;2993:2955.168814970046
0,0,default_vehtype,boarding,True,2955.168814970046,2985.168814970046,2993;-1;-1,2993;-1;-1,0.0,0.8216852146176614,0.8216852146176614,0.0,,0,38,1,38,,,
0,1,default_vehtype,boarding,True,2915.506060675634,2945.506060675634,2978;-1;-1,2978;-1;-1,0.0,0.8556570395177442,0.8556570395177442,0.0,,0,31,1,,31,,
0,4,default_vehtype,boarding,True,2916.4329462058304,2946.4329462058304,2972;-1;-1,2972;-1;-1,0.0,0.7708521983695655,0.7708521983695655,0.0,,0,35;37;36,3,36,37,,
0,4,default_vehtype,route,False,2946.4329462058304,2949.0956973744173,2972;-1;-1,2988;-1;-1,36.982655119265175,0.7708521983695655,0.7708485001040536,0.0,,0,35;36,2,,,2972;6079;2988,2972:2946.4329462058304;6079:2947.8118018173964;2988:2949.0956973744173
0,4,default_vehtype,boarding,True,2949.0956973744173,2979.0956973744173,2988;-1;-1,2988;-1;-1,0.0,0.7708485001040536,0.7708485001040536,0.0,,0,35;36,2,,35,,
0,3,default_vehtype,route,False,3000.0,3079.671898099455,2982;-1;-1,2977;-1;-1,552.6256270192777,0.9448780899332486,0.9448228273705467,0.0,,0,,0,,,2982;2809;7010;820;7498;276;2915;2661;7517;6201;7314;7529;7535;2931;2929;2927;2802;2977,2982:3000;2809:3005.700967345425;7010:3008.608447345425;820:3010.5894073454247;7498:3011.0574073454245;276:3011.1690073454247;2915:3022.5150073454247;2661:3029.748367345425;7517:3037.060327345425;6201:3037.921447345425;7314:3044.816767345425;7529:3052.032247345425;7535:3057.0917902025676;2931:3060.743218773996;2929:3064.3946473454243;2927:3069.454190202567;2802:3076.669670202567;2977:3079.671898099455
0,3,default_vehtype,boarding,True,3079.671898099455,3109.671898099455,2977;-1;-1,2977;-1;-1,0.0,0.9448228273705467,0.9448228273705467,0.0,,0,41,1,41,,,
0,0,default_vehtype,route,False,2985.168814970046,3177.2288273403806,2993;-1;-1,2972;-1;-1,2183.7855051435427,0.8216852146176614,0.8214668360671471,0.0,,0,38,1,,,2993;4483;7446;1960;816;6786;5444;1716;2720;4210;1711;98;2497;7434;2760;542;1074;1071;1070;1069;1067;1504;4396;710;2281;4664;6260;3300;1832;708;6180;2405;6169;2744;2567;2576;3077;3241;88;2758;2742;2448;2353;6140;7386;3742;7100;6318;737;6639;2446;2301;1992;1990;1988;1985;3729;5498;5496;5699;5494;6307;374;7114;3246;5330;661;445;2972,2993:2985.168814970046;4483:2985.930234951947;7446:2988.5969709519472;1960:2989.5812109519475;816:2997.1131309519474;6786:2998.3801149519472;5444:3008.916522951947;1716:3011.706882951947;2720:3012.453522951947;4210:3013.351794951947;1711:3014.481474951947;98:3023.097282951947;2497:3024.607914951947;7434:3031.815762951947;2760:3038.354298951947;542:3045.882402951947;1074:3046.815810951947;1071:3047.8183389519468;1070:3062.2816269519467;1069:3063.0199149519467;1067:3065.681970951947;1504:3070.1357469519467;4396:3070.3620429519465;710:3070.9126989519464;2281:3071.9183949519465;4664:3075.7963869519467;6260:3076.242282951947;3300:3076.8413949519468;1832:3079.6316109519466;708:3080.1706749519467;6180:3080.5941069519467;2405:3082.816506951947;6169:3086.293626951947;2744:3090.8941869519467;2567:3092.7371469519467;2576:3101.2257069519464;3077:3103.3583469519463;3241:3106.4872269519465;88:3108.4140669519466;2758:3110.3775069519465;2742:3110.7839469519467;2448:3113.969586951947;2353:3120.1704669519468;6140:3125.341506951947;7386:3126.683946951947;3742:3134.342946951947;7100:3134.882586951947;6318:3135.3606669519468;737:3136.2763869519467;6639:3138.125586951947;2446:3139.696866951947;2301:3141.993906951947;1992:3143.018946951947;1990:3144.7158669519467;1988:3147.169866951947;1985:3150.691626951947;3729:3153.039066951947;5498:3154.436466951947;5496:3157.343706951947;5699:3158.0411469519468;5494:3159.1449069519467;6307:3159.3617469519468;374:3167.6627469519467;7114:3169.877754951947;3246:3171.0155709519468;5330:3171.763146951947;661:3172.7545869519467;445:3175.784274951947;2972:3177.2288273403806
0,1,default_vehtype,route,False,2945.506060675634,3170.3722212495773,2978;-1;-1,2990;-1;-1,1873.8846714495362,0.8556570395177442,0.8554696510505992,0.0,,0,,0,,,2978;4103;4326;7286;4302;5102;7160;7294;2701;3076;4023;7300;3914;5398;5400;4040;4041;5374;5418;5424;5403;6546;1200;7312;4332;799;3653;3825;7127;3766;3988;553;7132;7191;3566;4337;7134;6667;6711;1807;1653;6829;4349;4937;669;5061;7265;3848;534;2839;5449;2990,2978:2945.506060675634;4103:2948.1250173706617;4326:2953.416177370662;7286:2954.333097370662;4302:2955.744897370662;5102:2966.853417370662;7160:2968.308657370662;7294:2977.027137370662;2701:2982.8292573706617;3076:2983.678617370662;4023:2991.551577370662;7300:2992.693737370662;3914:2993.877417370662;5398:2995.054257370662;5400:2996.380857370662;4040:3005.685657370662;4041:3008.629977370662;5374:3012.882537370662;5418:3013.919817370662;5424:3014.0630973706616;5403:3015.1684173706617;6546:3019.395297370662;1200:3024.004377370662;7312:3025.498137370662;4332:3026.3137773706617;799:3027.4946973706615;3653:3032.0909373706613;3825:3033.339537370661;7127:3076.8996573706613;3766:3077.836857370661;3988:3081.572457370661;553:3082.030737370661;7132:3091.909617370661;7191:3099.866817370661;3566:3101.695977370661;4337:3106.194177370661;7134:3107.2942173706606;6667:3115.2263373706605;6711:3131.0858973706604;1807:3133.0130973706605;1653:3138.8170173706603;6829:3139.58993737066;4349:3140.13881737066;4937:3144.50837737066;669:3154.8157773706603;5061:3160.6241373706603;7265:3161.4073773706605;3848:3162.3820173706604;534:3166.4269773706606;2839:3167.7856173706605;5449:3168.9846573706604;2990:3170.3722212495773
0,2,default_vehtype,route,False,2903.491903364299,3128.8702284469573,2986;-1;-1,2992;-1;-1,2665.061848370233,0.689826609797726,0.689560103612889,0.0,,0,,0,,,2986;3155;6029;5745;6035;5743;6038;6041;7365;6050;6068;6077;3629;4502;6912;2108;7370;7608;5900;3459;4818;5992;6047;5708;3884;3030;3347;7376;2207;3446;3720;5332;251;2711;3358;2296;5495;5697;5497;5500;670;5502;5512;5520;5531;6313;6632;6644;3793;6319;7102;3741;7384;6414;5446;2447;2571;42;2577;2566;3033;3036;2469;2404;2235;3762;5287;310;2280;1447;6261;3764;4397;4745;4182;4187;4191;4195;4202;4208;537;18;5629;1068;2559;6740;1717;2067;2063;1937;2992,2986:2903.491903364299;3155:2904.035779981901;6029:2904.996907981901;5745:2906.488531981901;6035:2908.411939981901;5743:2909.781379981901;6038:2911.796803981901;6041:2913.073075981901;7365:2919.736243981901;6050:2922.0097879819014;6068:2926.2361159819015;6077:2926.8818119819016;3629:2928.4390999819016;4502:2928.9019879819016;6912:2934.0504199819015;2108:2935.9468279819016;7370:2942.4735559819014;7608:2942.7029479819016;5900:2946.1746439819017;3459:2946.9302119819017;4818:2947.545091981902;5992:2948.0218759819018;6047:2952.210403981902;5708:2953.604683981902;3884:2956.144267981902;3030:2956.642291981902;3347:2958.666499981902;7376:2959.1018839819017;2207:2959.5107719819016;3446:2962.334179981902;3720:2965.363867981902;5332:2966.3553079819017;251:2967.102883981902;2711:2968.240699981902;3358:2970.455707981902;2296:2978.756707981902;5495:2978.973547981902;5697:2980.077307981902;5497:2980.774747981902;5500:2983.681987981902;670:2985.0793879819016;5502:2987.4268279819016;5512:2990.9485879819017;5520:2993.402587981902;5531:2995.0995079819018;6313:2996.1245479819017;6632:2998.4215879819017;6644:2999.992867981902;3793:3001.842067981902;6319:3002.757787981902;7102:3003.2358679819017;3741:3003.7755079819017;7384:3011.434507981902;6414:3016.6416679819017;5446:3018.909427981902;2447:3022.8455479819017;2571:3030.434467981902;42:3035.102467981902;2577:3035.774947981902;2566:3044.374027981902;3033:3045.004987981902;3036:3047.2745479819023;2469:3050.8668679819025;2404:3054.1903879819024;2235:3055.473787981902;3762:3055.8972199819023;5287:3056.4362839819023;310:3059.226499981902;2280:3059.825611981902;1447:3060.2715079819022;6261:3064.1494999819024;3764:3065.1551959819026;4397:3065.7058519819025;4745:3065.9321479819023;4182:3070.385923981902;4187:3073.0479799819022;4191:3073.7862679819023;4195:3088.249555981902;4202:3089.252083981902;4208:3090.233731981902;537:3091.1877319819023;18:3097.0552999819024;5629:3102.9047239819024;1068:3105.4571239819024;2559:3112.5077239819025;6740:3116.9783479819025;1717:3122.8120759819026;2067:3123.5498599819025;2063:3124.2661159819027;1937:3127.5360679819028;2992:3128.8702284469573
0,2,default_vehtype,boarding,True,3128.8702284469573,3158.8702284469573,2992;-1;-1,2992;-1;-1,0.0,0.689560103612889,0.689560103612889,0.0,,0,39,1,39,,,
0,4,default_vehtype,route,False,2979.0956973744173,3129.1910860397034,2988;-1;-1,2985;-1;-1,1314.122747335333,0.7708485001040536,0.77071708782932,0.0,,0,36,1,,,2988;3447;6082;7383;364;3029;3886;5711;6045;2157;4817;456;5901;7605;2830;5852;6913;1321;597;2204;6066;6049;7367;2188;2186;5744;6033;5746;6031;146;2828;2376;3091;4274;880;3109;114;5021;1108;1680;3103;3110;3980;2985,2988:2979.0956973744173;3447:2980.635209817396;6082:2983.4586178173963;7383:2983.8675058173962;364:2984.302889817396;3029:2986.327097817396;3886:2986.825121817396;5711:2989.364705817396;6045:2990.758985817396;2157:2994.947513817396;4817:2995.424297817396;456:2996.039177817396;5901:2996.7947458173962;7605:3000.2664418173963;2830:3000.4958338173965;5852:3007.0225618173963;6913:3008.9189698173964;1321:3014.0674018173963;597:3014.5302898173964;2204:3016.0875778173963;6066:3016.7332738173964;6049:3020.9596018173966;7367:3023.2331458173967;2188:3029.8963138173967;2186:3031.172585817397;5744:3033.188009817397;6033:3034.557449817397;5746:3036.480857817397;6031:3037.972481817397;146:3038.9336098173967;2828:3040.025417817397;2376:3045.5272978173966;3091:3058.8490258173965;4274:3059.9919538173967;880:3060.5832898173967;3109:3062.4338338173966;114:3067.246005245968;5021:3069.6194338173964;1108:3094.6888052459676;1680:3119.758176674539;3103:3122.1316052459674;3110:3126.9437766745386;3980:3128.7943206745385;2985:3129.1910860397034
0,4,default_vehtype,boarding,True,3129.1910860397034,3159.1910860397034,2985;-1;-1,2985;-1;-1,0.0,0.77071708782932,0.77071708782932,0.0,,0,36,1,,36,,
0,4,default_vehtype,route,False,3159.1910860397034,3179.900124056936,2985;-1;-1,2986;-1;-1,287.625528017122,0.77071708782932,0.7706883252765183,0.0,,0,,0,,,2985;1140;103;6480;7360;2986,2985:3159.1910860397034;1140:3159.3856566745385;103:3160.5285846745387;6480:3173.8503126745386;7360:3179.3521926745384;2986:3179.900124056936
0,0,default_vehtype,boarding,True,3177.2288273403806,3207.2288273403806,2972;-1;-1,2972;-1;-1,0.0,0.8214668360671471,0.8214668360671471,0.0,,0,38,1,,38,,
0,1,default_vehtype,boarding,True,3170.3722212495773,3200.3722212495773,2990;-1;-1,2990;-1;-1,0.0,0.8554696510505992,0.8554696510505992,0.0,,0,40,1,40,,,
0,2,default_vehtype,route,False,3158.8702284469573,3195.8875569757,2992;-1;-1,2967;-1;-1,371.725848613485,0.689560103612889,0.6895229310280276,0.0,,0,39,1,,,2992;2526;3895;5465;7450;1719;3469;470;469;5079;7447;1960;2967,2992:3158.8702284469573;2526:3168.0724759819027;3895:3169.3394599819026;5465:3176.8713799819025;7450:3177.8556199819027;1719:3178.6722439819027;3469:3179.692195981903;470:3185.6532816961885;469:3191.614367410474;5079:3192.6343194104743;7447:3193.4509434104743;1960:3194.4351834104746;2967:3195.8875569757
0,2,default_vehtype,boarding,True,3195.8875569757,3225.8875569757,2967;-1;-1,2967;-1;-1,0.0,0.6895229310280276,0.6895229310280276,0.0,,0,39;44,2,44,,,
0,3,default_vehtype,route,False,3109.671898099455,3193.0764,2977;-1;-1,2982;-1;-1,577.1723729807226,0.9448228273705467,0.9447651101332486,0.0,,0,41,1,,,2977;6202;7516;7037;7512;3274;2902;3901;7011;7336;4365;7288;1182;1001;6296;6301;2298;2295;2293;4102;4325;7285;1218;2982,2977:3109.671898099455;6202:3113.564990202567;7516:3114.426110202567;7037:3121.738070202567;7512:3128.9714302025673;3274:3140.3174302025673;2902:3140.4290302025674;3901:3140.8970302025673;7011:3142.877990202567;7336:3145.785470202567;4365:3153.366590202567;7288:3154.489790202567;1182:3155.406710202567;1001:3160.697870202567;6296:3163.057190202567;6301:3167.999475916853;2298:3172.281418773996;2295:3176.563361631139;2293:3181.5056473454247;4102:3183.8649673454247;4325:3189.156127345425;7285:3190.073047345425;1218:3191.196247345425;2982:3193.0764
0,3,default_vehtype,boarding,True,3193.0764,3223.0764,2982;-1;-1,2982;-1;-1,0.0,0.9447651101332486,0.9447651101332486,0.0,,0,41,1,,41,,
0,4,default_vehtype,boarding,True,3179.900124056936,3209.900124056936,2986;-1;-1,2986;-1;-1,0.0,0.7706883252765183,0.7706883252765183,0.0,,0,42,1,42,,,
0,0,default_vehtype,route,False,3207.2288273403806,3241.672355641283,2972;-1;-1,2973;-1;-1,478.3823375125352,0.8214668360671471,0.8214189978333959,0.0,,0,,0,,,2972;6079;7380;364;3029;3886;5711;6045;2157;4817;456;5901;7605;2830;1420;1084;2973,2972:3207.2288273403806;6079:3208.6076829519466;7380:3209.0165709519465;364:3209.4519549519464;3029:3211.476162951946;3886:3211.974186951946;5711:3214.5137709519463;6045:3215.9080509519463;2157:3220.0965789519464;4817:3220.5733629519464;456:3221.1882429519464;5901:3221.9438109519465;7605:3225.4155069519466;2830:3225.6448989519467;1420:3237.350010951947;1084:3240.8849949519467;2973:3241.672355641283
0,0,default_vehtype,boarding,True,3241.672355641283,3271.672355641283,2973;-1;-1,2973;-1;-1,0.0,0.8214189978333959,0.8214189978333959,0.0,,0,43,1,43,,,
0,3,default_vehtype,boarding,True,3300,3330,2982;-1;-1,2982;-1;-1,0.0,0.9447651101332486,0.9447651101332486,0.0,,0,45,1,45,,,
0,3,default_vehtype,route,False,3330,3360,2982;-1;-1,2661;7517;0.034,250.00000000000222,0.9447651101332486,0.9447401101332485,0.0,,0,45,1,,,2982;2809;7010;820;7498;276;2915;2661,2982:3330;2809:3335.700967345425;7010:3338.608447345425;820:3340.5894073454247;7498:3341.0574073454245;276:3341.1690073454247;2915:3352.5150073454247;2661:3359.748367345425
0,1,default_vehtype,route,False,3200.3722212495773,3407.5755305165167,2990;-1;-1,2981;-1;-1,2611.7286438911515,0.8554696510505992,0.8552084781862102,0.0,,0,40,1,,,2990;2552;4848;3271;4846;4989;5000;337;1075;5648;5759;205;5793;1407;5826;7411;4686;5074;5295;5274;7181;604;603;602;3851;4573;1400;971;598;1368;591;585;940;1370;939;1903;983;3921;840;2881;5099;2878;1735;2581;370;361;2874;1887;4059;910;6541;3462;3648;2851;2850;1801;1560;5242;922;6385;3550;2981,2990:3200.3722212495773;2552:3203.237937370661;4848:3210.718257370661;3271:3216.271377370661;4846:3218.144457370661;4989:3230.416977370661;5000:3235.1765373706608;337:3242.936769370661;1075:3243.9606093706607;5648:3244.7613933706607;5759:3250.319721370661;205:3255.463977370661;5793:3259.585329370661;1407:3261.205473370661;5826:3263.485785370661;7411:3266.3844333706606;4686:3267.455145370661;5074:3274.395657370661;5295:3274.625913370661;5274:3278.0047293706607;7181:3282.514017370661;604:3286.0924173706608;603:3287.1560013706608;602:3288.009129370661;3851:3289.012521370661;4573:3293.318841370661;1400:3295.0515213706612;971:3298.8499533706613;598:3299.917209370661;1368:3300.877545370661;591:3306.7484973706614;585:3319.9197453706615;940:3326.4996093706613;1370:3333.5262333706614;939:3334.2229053706615;1903:3335.0444973706612;983:3336.0270093706613;3921:3339.825153370661;840:3344.3859933706613;2881:3351.016617370661;5099:3352.1694813706613;2878:3353.2975053706614;1735:3364.2818253706614;2581:3365.621241370661;370:3367.204089370661;361:3369.7011933706613;2874:3370.2872013706615;1887:3375.9425853706616;4059:3377.8618893706616;910:3382.3780893706617;6541:3383.0422173706615;3462:3385.2558573706615;3648:3385.5856173706616;2851:3390.2598573706614;2850:3391.1932173706614;1801:3394.4888973706616;1560:3399.2293773706615;5242:3400.9120173706615;922:3401.8279293706614;6385:3405.0495693706616;3550:3405.3114093706617;2981:3407.5755305165167
0,3,default_vehtype,route,False,3360.0,3418.04621968905,2661;7517;0.034,2976;-1;-1,432.73078312303795,0.9447401101332485,0.9446968370549362,0.0,,0,45,1,,,2661;7517;6201;7314;7529;2803;7558;2806;4344;1199;1204;7329;2976,2661:3360;7517:3367.060327345425;6201:3367.921447345425;7314:3374.816767345425;7529:3382.032247345425;2803:3389.5872073454248;7558:3396.9822073454247;2806:3404.8160473454245;4344:3406.0190473454245;1199:3410.0093902025674;1204:3413.9997330597103;7329:3415.20273305971;2976:3418.04621968905
0,4,default_vehtype,route,False,3209.900124056936,3418.4753953696973,2986;-1;-1,2970;-1;-1,2037.3895405612639,0.7706883252765183,0.7704845863224621,0.0,,0,42,1,,,2986;3155;6029;5745;6035;5743;6038;6041;7365;6050;6068;6077;3629;4502;6912;2108;7370;7608;5900;3459;4818;5992;6047;5708;3884;3030;3347;7376;2207;3446;3720;5332;251;2711;3358;2296;5495;5696;3307;3987;6878;746;2834;2045;2835;2641;7396;2616;486;2838;3722;3732;544;7400;5449;6824;4848;1631;1593;6821;1946;7401;3560;2970,2986:3209.900124056936;3155:3210.444000674538;6029:3211.405128674538;5745:3212.8967526745378;6035:3214.820160674538;5743:3216.189600674538;6038:3218.205024674538;6041:3219.481296674538;7365:3226.144464674538;6050:3228.418008674538;6068:3232.6443366745384;6077:3233.2900326745385;3629:3234.8473206745384;4502:3235.3102086745384;6912:3240.4586406745384;2108:3242.3550486745385;7370:3248.8817766745383;7608:3249.1111686745385;5900:3252.5828646745385;3459:3253.3384326745386;4818:3253.9533126745387;5992:3254.4300966745386;6047:3258.6186246745388;5708:3260.0129046745387;3884:3262.552488674539;3030:3263.050512674539;3347:3265.0747206745386;7376:3265.5101046745385;2207:3265.9189926745385;3446:3268.7424006745387;3720:3271.7720886745387;5332:3272.7635286745385;251:3273.5111046745387;2711:3274.6489206745387;3358:3276.863928674539;2296:3285.1649286745387;5495:3285.3817686745388;5696:3286.144488674539;3307:3296.882928674539;3987:3303.710088674539;6878:3304.313448674539;746:3305.381448674539;2834:3309.4458486745393;2045:3323.984088674539;2835:3326.349168674539;2641:3335.5602486745393;7396:3336.1546086745393;2616:3341.5162086745395;486:3342.4279686745394;2838:3348.7526886745395;3722:3352.2719286745396;3732:3374.7216486745397;544:3377.4112086745395;7400:3378.4867686745397;5449:3379.6858086745397;6824:3383.9390886745396;4848:3391.4194086745397;1631:3397.113580103111;1593:3402.8077515316822;6821:3410.2880715316824;1946:3414.5413515316823;7401:3415.7403915316822;3560:3416.8159515316825;2970:3418.4753953696973
0,0,default_vehtype,route,False,3271.672355641283,3461.4714142569196,2973;-1;-1,2978;-1;-1,1927.1757957450964,0.8214189978333959,0.8212262802538214,0.0,,0,43,1,,,2973;7354;3525;6025;3063;6027;7362;2188;2186;5744;6033;5746;6031;146;2828;2376;3091;4274;880;3109;3874;4306;429;3125;3406;2825;1944;130;99;4526;714;2800;4339;2419;5404;5421;1925;1883;926;925;5399;1905;830;2795;918;3075;7097;7290;2736;1744;1164;2789;1182;2978,2973:3271.672355641283;7354:3275.4695229519466;3525:3286.3483629519465;6025:3288.0898269519466;3063:3289.354506951947;6027:3290.656482951947;7362:3294.664722951947;2188:3301.327890951947;2186:3302.6041629519473;5744:3304.6195869519474;6033:3305.9890269519474;5746:3307.9124349519475;6031:3309.4040589519473;146:3310.365186951947;2828:3311.4569949519473;2376:3316.958874951947;3091:3330.280602951947;4274:3331.423530951947;880:3332.014866951947;3109:3333.865410951947;3874:3339.729690951947;4306:3351.845250951947;429:3353.247570951947;3125:3354.5010909519474;3406:3366.855450951947;2825:3369.3251709519473;1944:3370.6365309519474;130:3373.0241709519473;99:3373.504410951947;4526:3381.914010951947;714:3384.710850951947;2800:3386.7172509519473;4339:3388.211010951947;2419:3392.8200909519473;5404:3397.0469709519475;5421:3398.1522909519476;1925:3398.2955709519474;1883:3399.3328509519474;926:3403.5854109519473;925:3406.5297309519474;5399:3415.8345309519473;1905:3417.161130951947;830:3418.337970951947;2795:3419.5216509519473;918:3420.663810951947;3075:3428.5367709519473;7097:3429.3861309519475;7290:3435.1882509519473;2736:3443.9067309519473;1744:3445.361970951947;1164:3456.4704909519473;2789:3457.882290951947;1182:3458.7992109519473;2978:3461.4714142569196
0,1,default_vehtype,boarding,True,3407.5755305165167,3437.5755305165167,2981;-1;-1,2981;-1;-1,0.0,0.8552084781862102,0.8552084781862102,0.0,,0,40,1,,40,,
0,2,default_vehtype,route,False,3225.8875569757,3446.26635255633,2967;-1;-1,2981;-1;-1,2961.6368211428803,0.6895229310280276,0.6892267673459135,0.0,,0,39;44,2,,,2967;3896;6788;5444;1716;2720;4210;1711;98;2497;7434;2760;542;1074;4204;5649;5760;205;5793;1407;5826;7411;4686;5074;5295;5274;7181;604;603;602;3851;4573;1400;971;598;1368;591;585;940;1370;939;1903;983;3921;840;2881;5099;2878;1735;2581;370;361;2874;1887;4059;910;6541;3462;3648;2851;2850;1801;1560;5242;922;6385;3550;2981,2967:3225.8875569757;3896:3231.9671034104745;6788:3233.2340874104743;5444:3243.7704954104743;1716:3246.5608554104742;2720:3247.307495410474;4210:3248.205767410474;1711:3249.335447410474;98:3257.951255410474;2497:3259.461887410474;7434:3266.669735410474;2760:3273.208271410474;542:3280.736375410474;1074:3281.669783410474;4204:3282.651431410474;5649:3283.452215410474;5760:3289.010543410474;205:3294.154799410474;5793:3298.276151410474;1407:3299.896295410474;5826:3302.176607410474;7411:3305.075255410474;4686:3306.145967410474;5074:3313.086479410474;5295:3313.316735410474;5274:3316.695551410474;7181:3321.204839410474;604:3324.783239410474;603:3325.846823410474;602:3326.699951410474;3851:3327.703343410474;4573:3332.0096634104743;1400:3333.7423434104744;971:3337.5407754104745;598:3338.6080314104743;1368:3339.5683674104744;591:3345.4393194104746;585:3358.6105674104747;940:3365.1904314104745;1370:3372.2170554104746;939:3372.9137274104746;1903:3373.7353194104744;983:3374.7178314104744;3921:3378.5159754104743;840:3383.0768154104744;2881:3389.7074394104743;5099:3390.8603034104744;2878:3391.9883274104745;1735:3402.9726474104746;2581:3404.3120634104744;370:3405.8949114104744;361:3408.3920154104744;2874:3408.9780234104746;1887:3414.633407410475;4059:3416.552711410475;910:3421.068911410475;6541:3421.7330394104747;3462:3423.9466794104746;3648:3424.2764394104747;2851:3428.9506794104745;2850:3429.8840394104745;1801:3433.1797194104747;1560:3437.9201994104747;5242:3439.6028394104746;922:3440.5187514104746;6385:3443.740391410475;3550:3444.002231410475;2981:3446.26635255633
0,2,default_vehtype,boarding,True,3446.26635255633,3476.26635255633,2981;-1;-1,2981;-1;-1,0.0,0.6892267673459135,0.6892267673459135,0.0,,0,39;44,2,,44,,
0,3,default_vehtype,boarding,True,3418.04621968905,3448.04621968905,2976;-1;-1,2976;-1;-1,0.0,0.9446968370549362,0.9446968370549362,0.0,,0,45;46,2,46,,,
0,4,default_vehtype,boarding,True,3418.4753953696973,3448.4753953696973,2970;-1;-1,2970;-1;-1,0.0,0.7704845863224621,0.7704845863224621,0.0,,0,42,1,,42,,
0,0,default_vehtype,boarding,True,3461.4714142569196,3491.4714142569196,2978;-1;-1,2978;-1;-1,0.0,0.8212262802538214,0.8212262802538214,0.0,,0,43,1,,43,,
0,2,default_vehtype,route,False,3476.26635255633,3529.1811040650505,2981;-1;-1,2982;-1;-1,440.95626257266696,0.6892267673459135,0.6891826717196563,0.0,,0,39,1,,,2981;6320;7278;2411;1661;7283;796;751;4635;6299;4102;4325;7285;1218;2982,2981:3476.26635255633;6320:3479.639471410475;7278:3483.158231410475;2411:3488.993351410475;1661:3494.793191410475;7283:3495.842231410475;796:3504.634751410475;751:3506.542631410475;4635:3511.651271410475;6299:3517.6103514104752;4102:3519.9696714104753;4325:3525.2608314104755;7285:3526.1777514104756;1218:3527.3009514104756;2982:3529.1811040650505
0,4,default_vehtype,route,False,3448.4753953696973,3517.469356263525,2970;-1;-1,2971;-1;-1,574.9496741152238,0.7704845863224621,0.7704270913550505,0.0,,0,,0,,,2970;671;662;7398;3491;6933;7394;6989;7392;5704;7389;2971,2970:3448.4753953696973;671:3449.5055115316827;662:3471.955231531683;7398:3475.474471531683;3491:3481.799191531683;6933:3482.710951531683;7394:3488.072551531683;6989:3488.666911531683;7392:3497.877991531683;5704:3500.243071531683;7389:3514.781311531683;2971:3517.469356263525
0,2,default_vehtype,boarding,True,3529.1811040650505,3559.1811040650505,2982;-1;-1,2982;-1;-1,0.0,0.6891826717196563,0.6891826717196563,0.0,,0,39,1,,39,,
0,3,default_vehtype,route,False,3448.04621968905,3573.9900840300024,2976;-1;-1,2987;-1;-1,1410.1941526762305,0.9446968370549362,0.9445558176396686,0.0,,0,45;46,2,,,2976;7557;2806;4344;2996;3013;7322;2804;3061;1173;3425;4304;793;118;3979;4275;103;6480;7360;3154;6028;5745;6035;5743;6038;6041;7365;2179;3064;6023;3524;7356;4225;2987,2976:3448.04621968905;7557:3453.03657305971;2806:3460.87041305971;4344:3462.0734130597098;2996:3464.1168930597096;3013:3468.9020130597096;7322:3472.9126530597096;2804:3476.2394130597095;3061:3482.9074530597095;1173:3488.5058130597095;3425:3489.6887730597095;4304:3491.0910930597097;793:3503.20665305971;118:3509.0709330597097;3979:3510.9214770597096;4275:3511.5128130597095;103:3512.6557410597097;6480:3525.9774690597096;7360:3531.4793490597094;3154:3532.5711570597095;6028:3533.5322850597095;5745:3535.0239090597092;6035:3536.9473170597093;5743:3538.3167570597093;6038:3540.3321810597095;6041:3541.6084530597095;7365:3548.2716210597096;2179:3552.2798610597097;3064:3553.58183705971;6023:3554.84651705971;3524:3556.5879810597103;7356:3567.46682105971;4225:3572.05134905971;2987:3573.9900840300024
0,4,default_vehtype,boarding,True,3517.469356263525,3547.469356263525,2971;-1;-1,2971;-1;-1,0.0,0.7704270913550505,0.7704270913550505,0.0,,0,47,1,47,,,
0,2,default_vehtype,route,False,3600.0,3647.5053019564502,2982;-1;-1,2983;-1;-1,395.8775163037552,0.6891826717196563,0.6891430839680259,0.0,,0,,0,,,2982;2809;7010;820;7498;276;2915;2661;7517;6201;7314;2983,2982:3600;2809:3605.700967345425;7010:3608.608447345425;820:3610.5894073454247;7498:3611.0574073454245;276:3611.1690073454247;2915:3622.5150073454247;2661:3629.748367345425;7517:3637.060327345425;6201:3637.921447345425;7314:3644.816767345425;2983:3647.5053019564502
0,3,default_vehtype,boarding,True,3573.9900840300024,3603.9900840300024,2987;-1;-1,2987;-1;-1,0.0,0.9445558176396686,0.9445558176396686,0.0,,0,45;46,2,,46,,
0,2,default_vehtype,boarding,True,3647.5053019564502,3677.5053019564502,2983;-1;-1,2983;-1;-1,0.0,0.6891430839680259,0.6891430839680259,0.0,,0,49,1,49,,,
0,2,default_vehtype,route,False,3677.5053019564502,3692.249955242313,2983;-1;-1,2977;-1;-1,122.87211071552242,0.6891430839680259,0.6891307967569543,0.0,,0,49,1,,,2983;7527;2802;2977,2983:3677.5053019564502;7527:3682.032247345425;2802:3689.2477273454247;2977:3692.249955242313
0,2,default_vehtype,boarding,True,3692.249955242313,3722.249955242313,2977;-1;-1,2977;-1;-1,0.0,0.6891307967569543,0.6891307967569543,0.0,,0,49,1,,49,,
0,3,default_vehtype,route,False,3603.9900840300024,3722.2355217915524,2987;-1;-1,2971;-1;-1,1214.7314981779514,0.9445558176396686,0.9444343444898508,0.0,,0,45,1,,,2987;4613;7368;7606;5900;3459;4818;5992;6047;5708;3884;3030;3347;7376;2207;3446;3720;5332;251;2711;3358;2296;5495;5696;3307;3987;2396;886;808;1372;807;1375;108;1376;1380;373;2390;7391;5704;7389;2971,2987:3603.9900840300024;4613:3605.58633305971;7368:3617.29144505971;7606:3617.52083705971;5900:3620.9925330597102;3459:3621.7481010597103;4818:3622.3629810597104;5992:3622.8397650597103;6047:3627.0282930597104;5708:3628.4225730597104;3884:3630.9621570597105;3030:3631.4601810597105;3347:3633.4843890597103;7376:3633.91977305971;2207:3634.32866105971;3446:3637.1520690597104;3720:3640.1817570597104;5332:3641.17319705971;251:3641.9207730597104;2711:3643.0585890597104;3358:3645.2735970597105;2296:3653.5745970597104;5495:3653.7914370597105;5696:3654.5541570597106;3307:3665.2925970597107;3987:3672.1197570597105;2396:3673.4257170597107;886:3679.0633170597107;808:3679.5295170597105;1372:3680.3924370597106;807:3681.4963170597107;1375:3683.180517059711;108:3685.320957059711;1376:3687.121197059711;1380:3689.137797059711;373:3698.698797059711;2390:3701.243517059711;7391:3702.644157059711;5704:3705.009237059711;7389:3719.5474770597107;2971:3722.2355217915524
0,3,default_vehtype,boarding,True,3722.2355217915524,3752.2355217915524,2971;-1;-1,2971;-1;-1,0.0,0.9444343444898508,0.9444343444898508,0.0,,0,45,1,,45,,
0,4,default_vehtype,route,False,3547.469356263525,3734.040635753991,2971;-1;-1,2985;-1;-1,1654.6552573063902,0.7704270913550505,0.7702616258293199,0.0,,0,47,1,,,2971;3807;6875;885;316;2042;1982;6306;374;7114;3246;5330;661;445;6080;7381;364;3029;3886;5711;6045;2157;4817;456;5901;7605;2830;5852;6913;1321;597;2204;6066;6049;7367;2188;2186;5744;6033;5746;6031;146;2828;2376;3091;4274;880;3109;114;5021;1108;1680;3103;3110;3980;2985,2971:3547.469356263525;3807:3548.8457115316833;6875:3549.9137115316835;885:3550.5170715316835;316:3557.3442315316834;2042:3568.0826715316834;1982:3568.8453915316836;6306:3569.0622315316837;374:3577.3632315316836;7114:3579.5782395316837;3246:3580.7160555316837;5330:3581.463631531684;661:3582.4550715316836;445:3585.4847595316837;6080:3588.308167531684;7381:3588.717055531684;364:3589.1524395316837;3029:3591.1766475316836;3886:3591.6746715316835;5711:3594.2142555316836;6045:3595.6085355316836;2157:3599.7970635316838;4817:3600.2738475316837;456:3600.888727531684;5901:3601.644295531684;7605:3605.115991531684;2830:3605.345383531684;5852:3611.872111531684;6913:3613.768519531684;1321:3618.916951531684;597:3619.379839531684;2204:3620.937127531684;6066:3621.582823531684;6049:3625.809151531684;7367:3628.0826955316843;2188:3634.7458635316843;2186:3636.0221355316844;5744:3638.0375595316846;6033:3639.4069995316845;5746:3641.3304075316846;6031:3642.8220315316844;146:3643.7831595316843;2828:3644.8749675316844;2376:3650.3768475316842;3091:3663.698575531684;4274:3664.8415035316843;880:3665.4328395316843;3109:3667.283383531684;114:3672.0955549602554;5021:3674.468983531684;1108:3699.538354960255;1680:3724.6077263888264;3103:3726.981154960255;3110:3731.7933263888262;3980:3733.643870388826;2985:3734.040635753991
0,4,default_vehtype,boarding,True,3734.040635753991,3764.040635753991,2985;-1;-1,2985;-1;-1,0.0,0.7702616258293199,0.7702616258293199,0.0,,0,47,1,,47,,
0,1,default_vehtype,route,False,3600.0,3818.2220204193713,2981;-1;-1,2967;-1;-1,2894.409178857119,0.8552084781862102,0.8549190372683245,0.0,,0,,0,,,2981;6320;3549;6384;4032;1804;4811;5237;608;459;2416;4011;5246;363;366;2314;2877;1748;2880;906;984;2268;1857;1806;1371;938;5442;4054;2205;1369;2047;3631;4079;4572;4577;778;3636;1339;1395;1399;835;1147;2412;836;1097;738;2470;734;1815;739;1724;1962;1910;164;1354;197;1311;7;1963;1308;482;7613;2611;1307;2876;1960;2967,2981:3600;6320:3603.373118854145;3549:3609.010358854145;6384:3609.2721988541452;4032:3612.4938388541455;1804:3613.4097508541454;4811:3615.0923908541454;5237:3619.8328708541453;608:3628.698950854145;459:3629.028710854145;2416:3631.242350854145;4011:3631.906478854145;5246:3637.831646854145;363:3644.740334854145;366:3646.145414854145;2314:3647.290286854145;2877:3660.461390854145;1748:3661.579910854145;2880:3662.741702854145;906:3674.967014854145;984:3677.736710854145;2268:3678.4845748541447;1857:3678.870494854145;1806:3679.5326788541447;1371:3680.202854854145;938:3682.7839828541446;5442:3692.5046308541446;4054:3700.1446228541445;2205:3705.8970628541447;1369:3712.3432228541446;2047:3713.2862788541447;3631:3714.849110854145;4079:3715.9163668541446;4572:3719.7147988541446;4577:3721.4474788541447;778:3725.753798854145;3636:3726.757190854145;1339:3727.749566854145;1395:3736.286894854145;1399:3738.427598854145;835:3742.0045588541448;1147:3742.7971348541446;2412:3743.6051908541444;836:3744.6039748541443;1097:3759.8647348541444;738:3760.5673828541444;2470:3761.5170628541446;734:3761.7259348541447;1815:3762.734150854145;739:3763.574678854145;1724:3780.032366854145;1962:3781.089182854145;1910:3781.911422854145;164:3782.862614854145;1354:3783.819134854145;197:3786.028382854145;1311:3797.563142854145;7:3801.258110854145;1963:3801.666566854145;1308:3802.027790854145;482:3806.582438854145;7613:3807.906590854145;2611:3811.8029428541454;1307:3813.1186708541454;2876:3815.7854068541455;1960:3816.769646854146;2967:3818.2220204193713
0,4,default_vehtype,route,False,3764.040635753991,3801.7730303410735,2985;-1;-1,2974;-1;-1,422.96189307455256,0.7702616258293199,0.7702193296400125,0.0,,0,,0,,,2985;1140;103;6480;7360;3154;6028;2181;2180;146;2828;2974,2985:3764.040635753991;1140:3764.235206388826;103:3765.3781343888263;6480:3778.699862388826;7360:3784.201742388826;3154:3785.293550388826;6028:3786.254678388826;2181:3790.4867355316833;2180:3794.7187926745405;146:3795.6799206745404;2828:3796.7717286745406;2974:3801.7730303410735
0,4,default_vehtype,boarding,True,3801.7730303410735,3831.7730303410735,2974;-1;-1,2974;-1;-1,0.0,0.7702193296400125,0.7702193296400125,0.0,,0,50,1,50,,,
0,4,default_vehtype,route,False,3831.7730303410735,3840.0,2974;-1;-1,6028;5745;0.115,114.2634674850912,0.7702193296400125,0.7702079032932639,0.0,,0,50,1,,,2974;6479;7359;3154;6028,2974:3831.7730303410735;6479:3832.273608674541;7359:3837.7754886745406;3154:3838.8672966745407;6028:3839.8284246745407
0,1,default_vehtype,boarding,True,3818.2220204193713,3848.2220204193713,2967;-1;-1,2967;-1;-1,0.0,0.8549190372683245,0.8549190372683245,0,,0,48,1,48,,,
0,3,default_vehtype,route,False,3840.0,3963.7877603162124,2971;-1;-1,2969;-1;-1,1124.2020306798433,0.9444343444898508,0.9443219242867827,0.0,,0,,0,,,2971;3807;7387;2045;2835;2641;7396;2616;486;2838;3722;3732;544;7400;5449;6824;4848;3271;4846;4989;5000;337;1075;4198;336;2969,2971:3840;3807:3841.3763552681585;7387:3845.4407552681587;2045:3859.9789952681585;2835:3862.3440752681586;2641:3871.5551552681586;7396:3872.1495152681587;2616:3877.511115268159;486:3878.422875268159;2838:3884.747595268159;3722:3888.266835268159;3732:3910.716555268159;544:3913.406115268159;7400:3914.481675268159;5449:3915.680715268159;6824:3919.933995268159;4848:3927.414315268159;3271:3932.967435268159;4846:3934.840515268159;4989:3947.113035268159;5000:3951.872595268159;337:3959.632827268159;1075:3960.656667268159;4198:3961.6383152681587;336:3962.6614352681586;2969:3963.7877603162124
0,3,default_vehtype,boarding,True,3963.7877603162124,3993.7877603162124,2969;-1;-1,2969;-1;-1,0.0,0.9443219242867827,0.9443219242867827,0.0,,0,52,1,52,,,
0,4,default_vehtype,route,False,3840.0,4009.496668553459,6028;5745;0.115,2990;-1;-1,1775.1790416929257,0.7702079032932639,0.7700303853890947,0.0,,0,50,1,,,6028;5745;6035;5743;6038;6041;7365;6050;6068;6077;3629;4502;6912;2108;7370;7608;5900;3459;4818;5992;6047;5708;3884;3030;3347;7376;2207;3446;3720;5332;251;2711;3358;2296;5495;5696;3307;3987;6878;746;2834;2045;2835;2641;7396;2616;486;2838;3722;3732;544;7400;5449;2990,6028:3840;5745:3841.3200486745404;6035:3843.2434566745405;5743:3844.6128966745405;6038:3846.6283206745406;6041:3847.9045926745407;7365:3854.5677606745408;6050:3856.841304674541;6068:3861.067632674541;6077:3861.713328674541;3629:3863.270616674541;4502:3863.733504674541;6912:3868.881936674541;2108:3870.778344674541;7370:3877.305072674541;7608:3877.534464674541;5900:3881.006160674541;3459:3881.7617286745412;4818:3882.3766086745413;5992:3882.8533926745413;6047:3887.0419206745414;5708:3888.4362006745414;3884:3890.9757846745415;3030:3891.4738086745415;3347:3893.4980166745413;7376:3893.933400674541;2207:3894.342288674541;3446:3897.1656966745413;3720:3900.1953846745414;5332:3901.186824674541;251:3901.9344006745414;2711:3903.0722166745413;3358:3905.2872246745414;2296:3913.5882246745414;5495:3913.8050646745414;5696:3914.5677846745416;3307:3925.3062246745417;3987:3932.1333846745415;6878:3932.7367446745416;746:3933.804744674542;2834:3937.869144674542;2045:3952.407384674542;2835:3954.772464674542;2641:3963.983544674542;7396:3964.577904674542;2616:3969.939504674542;486:3970.851264674542;2838:3977.175984674542;3722:3980.6952246745423;3732:4003.1449446745423;544:4005.834504674542;7400:4006.9100646745424;5449:4008.1091046745423;2990:4009.496668553459
0,3,default_vehtype,route,False,3993.7877603162124,4048.065867733214,2969;-1;-1,2992;-1;-1,753.8626030139021,0.9443219242867827,0.9442465380264814,0.0,,0,52,1,,,2969;7192;1664;337;1075;537;18;5629;1068;2559;6740;1717;2067;2063;1937;2992,2969:3993.7877603162124;7192:3997.3914032681587;1664:4000.645299268159;337:4008.405531268159;1075:4009.429371268159;537:4010.383371268159;18:4016.250939268159;5629:4022.100363268159;1068:4024.652763268159;2559:4031.703363268159;6740:4036.173987268159;1717:4042.0077152681592;2067:4042.745499268159;2063:4043.4617552681593;1937:4046.7317072681594;2992:4048.065867733214
0,3,default_vehtype,boarding,True,4048.065867733214,4078.065867733214,2992;-1;-1,2992;-1;-1,0.0,0.9442465380264814,0.9442465380264814,0.0,,0,52,1,,52,,
0,4,default_vehtype,boarding,True,4009.496668553459,4039.496668553459,2990;-1;-1,2990;-1;-1,0.0,0.7700303853890947,0.7700303853890947,0.0,,0,50;53,2,53,,,
0,4,default_vehtype,route,False,4039.496668553459,4050.5497085125576,2990;-1;-1,2970;-1;-1,92.10866632581656,0.7700303853890947,0.7700211745224621,0.0,,0,50;53,2,,,2990;2552;1946;7401;3560;2970,2990:4039.496668553459;2552:4042.3623846745427;1946:4046.6156646745426;7401:4047.8147046745426;3560:4048.890264674543;2970:4050.5497085125576
0,0,default_vehtype,route,False,3840.0,4109.562998118913,2978;-1;-1,2966;-1;-1,2401.6637507827863,0.8212262802538214,0.8209861138787432,0.0,,0,,0,,,2978;4103;6297;1434;3820;3877;2787;4993;6537;7281;2307;3549;6384;4032;1804;4811;5237;608;459;2416;4011;5246;363;366;2314;2877;1748;2880;906;984;2268;1857;1806;1371;938;5442;4054;2205;1369;2047;1337;1873;1939;665;666;1885;668;1415;1041;1623;1383;2333;2966,2978:3840;4103:3842.6189566950275;6297:3844.9782766950275;1434:3850.9373566950276;3820:3856.0459966950275;3877:3857.9538766950277;2787:3866.7463966950277;4993:3867.7954366950275;6537:3873.5952766950277;7281:3879.430396695028;2307:3882.949156695028;3549:3888.586396695028;6384:3888.848236695028;4032:3892.069876695028;1804:3892.985788695028;4811:3894.668428695028;5237:3899.408908695028;608:3908.274988695028;459:3908.604748695028;2416:3910.818388695028;4011:3911.4825166950277;5246:3917.407684695028;363:3924.316372695028;366:3925.721452695028;2314:3926.8663246950277;2877:3940.0374286950278;1748:3941.1559486950277;2880:3942.3177406950276;906:3954.5430526950277;984:3957.3127486950275;2268:3958.0606126950274;1857:3958.4465326950276;1806:3959.1087166950274;1371:3959.7788926950275;938:3962.3600206950273;5442:3972.0806686950273;4054:3979.720660695027;2205:3985.4731006950274;1369:3991.9192606950273;2047:3992.8623166950274;1337:3993.8236606950272;1873:4010.3010766950274;1939:4010.6420686950273;665:4011.1641406950275;666:4012.0332526950274;1885:4013.0190766950273;668:4026.389476695027;1415:4027.0185406950272;1041:4043.7050549807414;1623:4048.0883121235984;1383:4059.173740695027;2333:4099.327626409313;2966:4109.562998118913
0,0,default_vehtype,boarding,True,4109.562998118913,4139.562998118913,2966;-1;-1,2966;-1;-1,0.0,0.8209861138787432,0.8209861138787432,0.0,,0,51,1,51,,,
0,1,default_vehtype,route,False,3848.2220204193713,4121.51556750872,2967;-1;-1,2982;-1;-1,3402.5930837155474,0.8549190372683245,0.8545787779599531,0.0,,0,48,1,,,2967;3896;6788;5444;1716;2720;4210;1711;98;2497;7434;2760;542;1074;4204;5649;5760;205;5793;1407;5826;7411;4686;5074;5295;5274;7181;604;603;602;3851;4573;1400;971;598;1368;591;585;940;1370;939;1903;983;3921;840;2881;5099;2878;1735;2581;370;361;2874;1887;4059;910;6541;3462;3648;2851;2850;1801;1560;5242;922;6385;3550;6322;7280;2411;1661;7283;796;751;4635;6299;4102;4325;7285;1218;2982,2967:3848.2220204193713;3896:3854.3015668541457;6788:3855.5685508541455;5444:3866.1049588541455;1716:3868.8953188541454;2720:3869.6419588541453;4210:3870.540230854145;1711:3871.669910854145;98:3880.285718854145;2497:3881.796350854145;7434:3889.004198854145;2760:3895.5427348541452;542:3903.070838854145;1074:3904.004246854145;4204:3904.985894854145;5649:3905.786678854145;5760:3911.345006854145;205:3916.489262854145;5793:3920.6106148541453;1407:3922.2307588541453;5826:3924.511070854145;7411:3927.409718854145;4686:3928.480430854145;5074:3935.4209428541453;5295:3935.651198854145;5274:3939.030014854145;7181:3943.5393028541453;604:3947.117702854145;603:3948.181286854145;602:3949.0344148541453;3851:3950.0378068541454;4573:3954.3441268541455;1400:3956.0768068541456;971:3959.8752388541457;598:3960.9424948541455;1368:3961.9028308541456;591:3967.773782854146;585:3980.945030854146;940:3987.5248948541457;1370:3994.551518854146;939:3995.248190854146;1903:3996.0697828541456;983:3997.0522948541457;3921:4000.8504388541455;840:4005.4112788541456;2881:4012.0419028541455;5099:4013.1947668541457;2878:4014.3227908541458;1735:4025.307110854146;2581:4026.6465268541456;370:4028.2293748541456;361:4030.7264788541456;2874:4031.312486854146;1887:4036.967870854146;4059:4038.887174854146;910:4043.403374854146;6541:4044.067502854146;3462:4046.281142854146;3648:4046.610902854146;2851:4051.2851428541458;2850:4052.2185028541458;1801:4055.514182854146;1560:4060.254662854146;5242:4061.937302854146;922:4062.853214854146;6385:4066.074854854146;3550:4066.336694854146;6322:4071.973934854146;7280:4075.492694854146;2411:4081.3278148541463;1661:4087.1276548541464;7283:4088.1766948541463;796:4096.969214854146;751:4098.877094854146;4635:4103.985734854146;6299:4109.944814854146;4102:4112.304134854146;4325:4117.595294854145;7285:4118.512214854145;1218:4119.635414854145;2982:4121.51556750872
0,4,default_vehtype,boarding,True,4050.5497085125576,4080.5497085125576,2970;-1;-1,2970;-1;-1,0.0,0.7700211745224621,0.7700211745224621,0.0,,0,50;53,2,,50,,
0,1,default_vehtype,boarding,True,4121.51556750872,4151.51556750872,2982;-1;-1,2982;-1;-1,0.0,0.8545787779599531,0.8545787779599531,0,,0,48,1,,48,,
0,2,default_vehtype,boarding,True,4260.0,4290.0,2977;-1;-1,2977;-1;-1,0.0,0.6891307967569543,0.6891307967569543,0.0,,0,54,1,54,,,
0,4,default_vehtype,route,False,4080.5497085125576,4290.801417820401,2970;-1;-1,2981;-1;-1,1775.0839775653349,0.7700211745224621,0.7698436661247056,0.0,,0,53,1,,,2970;671;544;7400;3551;3849;7263;5060;3728;4936;1207;2554;4974;5249;6709;2464;7135;1193;552;2755;7131;3567;888;712;2718;754;611;1812;1186;7311;4339;2419;5404;5421;1925;1883;926;925;5399;1905;830;2795;1891;827;6499;1803;1141;5241;922;6385;3550;2981,2970:4080.5497085125576;671:4081.579824674543;544:4084.269384674543;7400:4085.344944674543;3551:4086.703584674543;3849:4090.748544674543;7263:4091.723184674543;5060:4092.5064246745433;3728:4098.314784674543;4936:4108.622184674543;1207:4112.991744674543;2554:4113.540624674543;4974:4114.313544674544;5249:4120.117464674544;6709:4122.044664674544;2464:4137.904224674544;7135:4145.836344674544;1193:4146.936384674545;552:4151.434584674545;2755:4153.263744674545;7131:4161.220944674545;3567:4171.099824674545;888:4171.558104674545;712:4175.293704674545;2718:4176.230904674545;754:4219.791024674545;611:4221.039624674545;1812:4225.610784674545;1186:4226.787984674545;7311:4227.603624674545;4339:4229.0973846745455;2419:4233.706464674546;5404:4237.933344674546;5421:4239.0386646745455;1925:4239.181944674546;1883:4240.219224674545;926:4244.471784674545;925:4247.416104674545;5399:4256.720904674545;1905:4258.047504674545;830:4259.224344674545;2795:4260.408024674545;1891:4260.661944674545;827:4261.727784674546;6499:4271.0826246745455;1803:4277.045184674545;1141:4282.549824674546;5241:4284.137904674546;922:4285.053816674546;6385:4288.275456674546;3550:4288.537296674546;2981:4290.801417820401
0,0,default_vehtype,route,False,4139.562998118913,4320.0,2966;-1;-1,2567;2576;0.316,1767.084020645787,0.8209861138787432,0.8208094054766787,0.0,,0,51,1,,,2966;2743;2631;2150;735;738;1096;3736;81;831;2413;1146;832;1880;1340;3638;3641;7177;5275;5297;5072;1464;2847;5825;4587;5794;3202;2065;2023;4203;4198;1071;1070;1069;1067;1504;4396;710;2281;4664;6260;3300;1832;708;6180;2405;6169;2744;2567,2966:4139.562998118913;2743:4147.406826409313;2631:4151.418254980742;2150:4168.348540695028;735:4178.830712123599;738:4184.998540695028;1096:4194.537512123599;3736:4194.800528123599;81:4198.6494321236;831:4209.4960161235995;2413:4210.4837121236;1146:4211.2970961236;832:4212.1055121235995;1880:4214.703200123599;1340:4226.236016123599;3638:4227.222488123599;3641:4228.286072123599;7177:4231.8644721236;5275:4236.3737601236;5297:4239.7525761236;5072:4239.9828321236;1464:4246.9233441236;2847:4247.9940561236;5825:4250.8927041236;4587:4253.1730161236;5794:4254.7931601236005;3202:4258.914512123601;2065:4264.0587681236;2023:4269.6170961236;4203:4270.4178801236;4198:4271.3995281236;1071:4272.4020561236;1070:4286.8653441236;1069:4287.6036321236;1067:4290.2656881236;1504:4294.7194641236;4396:4294.9457601236;710:4295.4964161236;2281:4296.5021121236;4664:4300.3801041236;6260:4300.8260001236;3300:4301.4251121236;1832:4304.215328123601;708:4304.7543921236;6180:4305.1778241236;2405:4307.400224123599;6169:4310.877344123599;2744:4315.477904123599;2567:4317.320864123599
0,4,default_vehtype,boarding,True,4290.801417820401,4320.801417820401,2981;-1;-1,2981;-1;-1,0.0,0.7698436661247056,0.7698436661247056,0.0,,0,53,1,,53,,
0,4,default_vehtype,route,False,4320.801417820401,4356.9806582526035,2981;-1;-1,2979;-1;-1,176.13052741122,0.7698436661247056,0.7698260530719644,0.0,,0,,0,,,2981;6320;7278;2411;6281;2286;2287;6538;2979,2981:4320.801417820401;6320:4324.174536674546;7278:4327.693296674546;2411:4333.528416674546;6281:4338.57253096026;2286:4343.339445245974;2287:4348.106359531688;6538:4353.150473817403;2979:4356.9806582526035
0,0,default_vehtype,route,False,4320.0,4401.812544512032,2567;2576;0.316,2972;-1;-1,734.9160953137941,0.8208094054766787,0.8207359138671473,0.0,,0,51,1,,,2567;2576;3077;3241;88;2758;2742;2448;2353;6140;7386;3742;7100;6318;737;6639;2446;2301;1992;1990;1988;1985;3729;5498;5496;5699;5494;6307;374;7114;3246;5330;661;445;2972,2567:4320;2576:4325.809424123599;3077:4327.942064123598;3241:4331.070944123599;88:4332.997784123599;2758:4334.961224123599;2742:4335.367664123599;2448:4338.5533041235985;2353:4344.754184123599;6140:4349.925224123599;7386:4351.267664123599;3742:4358.926664123599;7100:4359.466304123599;6318:4359.944384123599;737:4360.860104123599;6639:4362.7093041235985;2446:4364.280584123599;2301:4366.577624123599;1992:4367.602664123599;1990:4369.2995841236;1988:4371.7535841235995;1985:4375.275344123599;3729:4377.622784123599;5498:4379.0201841235985;5496:4381.927424123598;5699:4382.624864123598;5494:4383.728624123598;6307:4383.945464123598;374:4392.246464123598;7114:4394.4614721235985;3246:4395.599288123599;5330:4396.346864123599;661:4397.338304123598;445:4400.367992123598;2972:4401.812544512032
0,0,default_vehtype,boarding,True,4401.812544512032,4431.812544512032,2972;-1;-1,2972;-1;-1,0.0,0.8207359138671473,0.8207359138671473,0.0,,0,51;55,2,55,,,
0,0,default_vehtype,route,False,4431.812544512032,4434.47529568062,2972;-1;-1,2988;-1;-1,36.982655119265175,0.8207359138671473,0.8207322156016353,0.0,,0,51;55,2,,,2972;6079;2988,2972:4431.812544512032;6079:4433.191400123598;2988:4434.47529568062
0,1,default_vehtype,route,False,4380.0,4427.505301956449,2982;-1;-1,2983;-1;-1,395.8775163037552,0.8545787779599531,0.8545391902083227,0.0,,0,,0,,,2982;2809;7010;820;7498;276;2915;2661;7517;6201;7314;2983,2982:4380;2809:4385.700967345425;7010:4388.608447345425;820:4390.589407345425;7498:4391.0574073454245;276:4391.169007345425;2915:4402.515007345424;2661:4409.748367345424;7517:4417.060327345424;6201:4417.921447345424;7314:4424.816767345424;2983:4427.505301956449
0,4,default_vehtype,boarding,True,4356.9806582526035,4386.9806582526035,2979;-1;-1,2979;-1;-1,0.0,0.7698260530719644,0.7698260530719644,0.0,,0,56,1,56,,,
0,0,default_vehtype,boarding,True,4434.47529568062,4464.47529568062,2988;-1;-1,2988;-1;-1,0.0,0.8207322156016353,0.8207322156016353,0,,0,51;55,2,,51,,
0,1,default_vehtype,boarding,True,4427.505301956449,4457.505301956449,2983;-1;-1,2983;-1;-1,0.0,0.8545391902083227,0.8545391902083227,0,,0,57,1,57,,,
0,4,default_vehtype,route,False,4386.9806582526035,4538.740404501889,2979;-1;-1,2975;-1;-1,1224.9515235059303,0.7698260530719644,0.7697035579196139,0.0,,0,56,1,,,2979;2786;2307;3549;6384;4032;1804;4277;5239;6501;3911;5389;7301;3914;5398;5400;4040;4041;5374;5418;5424;5403;6546;1200;7312;3767;4527;3089;3131;5447;7352;414;122;3426;4305;793;118;3979;4275;3068;70;73;4273;880;3109;3874;2975,2979:4386.9806582526035;2786:4388.985593817402;2307:4392.504353817402;3549:4398.141593817402;6384:4398.403433817402;4032:4401.625073817402;1804:4402.5409858174025;4277:4404.129065817403;5239:4409.633705817403;6501:4415.596265817403;3911:4424.951105817403;5389:4426.016945817403;7301:4426.270865817403;3914:4427.454545817403;5398:4428.6313858174035;5400:4429.957985817404;4040:4439.262785817404;4041:4442.207105817403;5374:4446.459665817403;5418:4447.496945817403;5424:4447.640225817403;5403:4448.745545817403;6546:4452.972425817403;1200:4457.581505817403;7312:4459.075265817403;3767:4461.0816658174035;4527:4463.8785058174035;3089:4472.288105817403;3131:4472.768345817403;5447:4475.155985817403;7352:4476.467345817403;414:4478.937065817403;122:4491.291425817403;3426:4492.5449458174035;4305:4493.947265817404;793:4506.062825817404;118:4511.927105817404;3979:4513.7776498174035;4275:4514.368985817404;3068:4519.11327153169;70:4521.39927153169;73:4523.68527153169;4273:4528.429557245976;880:4529.020893245976;3109:4530.871437245976;3874:4536.735717245976;2975:4538.740404501889
0,0,default_vehtype,route,False,4464.47529568062,4596.688659192969,2988;-1;-1,2991;-1;-1,1371.1040487826663,0.8207322156016353,0.8205951051967572,0.0,,0,55,1,,,2988;3447;3721;5333;251;2711;3358;2296;5495;5697;5497;5500;670;5502;5512;5520;5531;6313;6632;6644;3793;6319;7102;3741;7384;6414;5446;2447;2571;42;2577;2566;3033;3036;2469;2404;2235;3762;5287;310;2280;1447;6261;3764;4397;4745;4182;4187;4191;4195;4202;4208;537;2991,2988:4464.47529568062;3447:4466.014808123598;3721:4469.044496123598;5333:4470.035936123598;251:4470.783512123598;2711:4471.921328123598;3358:4474.136336123598;2296:4482.4373361235985;5495:4482.6541761235985;5697:4483.7579361235985;5497:4484.455376123598;5500:4487.362616123598;670:4488.760016123598;5502:4491.107456123597;5512:4494.629216123597;5520:4497.083216123597;5531:4498.780136123597;6313:4499.805176123597;6632:4502.102216123598;6644:4503.673496123598;3793:4505.522696123598;6319:4506.438416123598;7102:4506.916496123597;3741:4507.456136123597;7384:4515.115136123597;6414:4520.322296123597;5446:4522.590056123597;2447:4526.526176123597;2571:4534.115096123597;42:4538.783096123597;2577:4539.455576123597;2566:4548.054656123597;3033:4548.685616123597;3036:4550.955176123597;2469:4554.547496123597;2404:4557.871016123597;2235:4559.154416123597;3762:4559.577848123597;5287:4560.116912123596;310:4562.9071281235965;2280:4563.506240123596;1447:4563.952136123597;6261:4567.830128123596;3764:4568.8358241235965;4397:4569.386480123597;4745:4569.612776123597;4182:4574.066552123597;4187:4576.728608123597;4191:4577.466896123597;4195:4591.9301841235965;4202:4592.9327121235965;4208:4593.914360123596;537:4594.868360123596;2991:4596.688659192969
0,2,default_vehtype,route,False,4290.0,4580.689948568164,2977;-1;-1,2992;-1;-1,2881.7774406516896,0.6891307967569543,0.6888426190128891,0.0,,0,54,1,,,2977;6202;7315;7530;2803;7558;2806;4344;2996;3013;7322;2804;3061;1173;3425;3125;3406;2825;1944;130;99;4526;714;2800;4332;799;3653;3825;7127;1836;4248;5046;7138;6879;1367;3637;3640;3643;7179;5275;5297;5072;1464;2847;5825;4587;5794;3202;2065;2023;4203;537;18;5629;1068;2559;6740;1717;2067;2063;1937;2992,2977:4290;6202:4293.8930921031115;7315:4300.788412103111;7530:4308.003892103111;2803:4315.558852103111;7558:4322.953852103112;2806:4330.787692103112;4344:4331.990692103112;2996:4334.034172103113;3013:4338.819292103112;7322:4342.829932103113;2804:4346.156692103113;3061:4352.824732103112;1173:4358.423092103112;3425:4359.606052103112;3125:4360.859572103112;3406:4373.213932103113;2825:4375.683652103113;1944:4376.9950121031125;130:4379.382652103112;99:4379.862892103112;4526:4388.272492103112;714:4391.069332103112;2800:4393.075732103112;4332:4393.891372103112;799:4395.072292103112;3653:4399.668532103112;3825:4400.917132103112;7127:4444.477252103112;1836:4445.828212103112;4248:4460.373412103111;5046:4476.713932103111;7138:4478.352532103111;6879:4484.618932103112;1367:4496.111812103111;3637:4498.004932103111;3640:4498.858060103111;3643:4499.921644103111;7179:4503.500044103112;5275:4508.009332103112;5297:4511.388148103112;5072:4511.618404103112;1464:4518.558916103112;2847:4519.629628103112;5825:4522.528276103112;4587:4524.808588103112;5794:4526.428732103112;3202:4530.550084103113;2065:4535.694340103112;2023:4541.252668103112;4203:4542.053452103112;537:4543.007452103112;18:4548.875020103112;5629:4554.724444103112;1068:4557.276844103111;2559:4564.327444103111;6740:4568.79806810311;1717:4574.63179610311;2067:4575.36958010311;2063:4576.08583610311;1937:4579.355788103109;2992:4580.689948568164
0,2,default_vehtype,boarding,True,4580.689948568164,4610.689948568164,2992;-1;-1,2992;-1;-1,0.0,0.6888426190128891,0.6888426190128891,0.0,,0,54,1,,54,,
0,3,default_vehtype,route,False,4440.0,4579.419771413864,2992;-1;-1,2990;-1;-1,1558.523025865214,0.9442465380264814,0.9440906857238949,0.0,,0,,0,,,2992;2526;5444;1716;2720;4210;1711;98;2497;7434;2760;542;1074;336;2759;1664;1659;538;4990;4939;5252;3070;1657;4439;4842;1272;3423;4282;4975;6830;4349;4937;669;5061;7265;3848;534;2839;5449;2990,2992:4440;2526:4449.202247534946;5444:4459.738655534946;1716:4462.529015534946;2720:4463.275655534946;4210:4464.173927534946;1711:4465.303607534946;98:4473.919415534946;2497:4475.430047534946;7434:4482.637895534946;2760:4489.1764315349465;542:4496.704535534946;1074:4497.637943534946;336:4498.661063534946;2759:4503.391031534946;1664:4506.644927534946;1659:4511.404487534946;538:4512.555527534946;4990:4516.252607534946;4939:4517.643167534946;5252:4523.067887534946;3070:4524.104327534946;1657:4531.621127534946;4439:4537.251287534946;4842:4541.635847534946;1272:4541.820767534946;3423:4543.037327534946;4282:4546.814807534945;4975:4547.864567534945;6830:4548.637487534946;4349:4549.186367534946;4937:4553.555927534946;669:4563.863327534946;5061:4569.671687534946;7265:4570.454927534945;3848:4571.429567534946;534:4575.474527534946;2839:4576.833167534946;5449:4578.032207534947;2990:4579.419771413864
0,3,default_vehtype,boarding,True,4579.419771413864,4609.419771413864,2990;-1;-1,2990;-1;-1,0.0,0.9440906857238949,0.9440906857238949,0.0,,0,59,1,59,,,
0,4,default_vehtype,boarding,True,4538.740404501889,4568.740404501889,2975;-1;-1,2975;-1;-1,0.0,0.7697035579196139,0.7697035579196139,0.0,,0,56,1,,56,,
0,0,default_vehtype,boarding,True,4596.688659192969,4626.688659192969,2991;-1;-1,2991;-1;-1,0.0,0.8205951051967572,0.8205951051967572,0.0,,0,55,1,,55,,
0,0,default_vehtype,boarding,True,4626.688659192969,4656.688659192969,2991;-1;-1,2991;-1;-1,0.0,0.8205951051967572,0.8205951051967572,0.0,,0,62,1,62,,,
0,4,default_vehtype,route,False,4568.740404501889,4676.9210703918325,2975;-1;-1,2981;-1;-1,924.4919490828495,0.7697035579196139,0.7696111087247056,0.0,,0,,0,,,2975;1166;429;3125;3406;2825;1944;130;99;4526;714;2800;4339;2419;5404;5421;1925;1883;926;925;5399;1905;830;2795;1891;827;6499;1803;1141;5241;922;6385;3550;2981,2975:4568.740404501889;1166:4578.851277245976;429:4580.253597245976;3125:4581.507117245977;3406:4593.861477245977;2825:4596.331197245977;1944:4597.642557245977;130:4600.0301972459765;99:4600.510437245976;4526:4608.920037245976;714:4611.716877245976;2800:4613.7232772459765;4339:4615.217037245977;2419:4619.826117245977;5404:4624.052997245977;5421:4625.158317245977;1925:4625.301597245977;1883:4626.338877245977;926:4630.5914372459765;925:4633.535757245976;5399:4642.840557245976;1905:4644.167157245976;830:4645.343997245976;2795:4646.5276772459765;1891:4646.781597245977;827:4647.847437245977;6499:4657.202277245977;1803:4663.164837245977;1141:4668.669477245977;5241:4670.257557245977;922:4671.173469245978;6385:4674.395109245977;3550:4674.656949245978;2981:4676.9210703918325
0,4,default_vehtype,boarding,True,4676.9210703918325,4706.9210703918325,2981;-1;-1,2981;-1;-1,0.0,0.7696111087247056,0.7696111087247056,0,,0,58,1,58,,,
0,1,default_vehtype,route,False,4457.505301956449,4780.854232769311,2983;-1;-1,2966;-1;-1,2424.2986565656774,0.8545391902083227,0.8542967603426661,0.0,,0,57,1,,,2983;7527;2803;7558;2806;4344;2996;3013;7322;2804;3061;1173;3425;3125;3406;2825;1944;130;99;4526;714;2800;4332;799;3653;3825;7127;1836;4248;5046;7138;6879;1367;3637;1339;1395;1399;835;1147;1093;2607;911;1150;665;666;1885;668;1415;1041;1623;1383;2333;2966,2983:4457.505301956449;7527:4462.0322473454235;2803:4469.587207345424;7558:4476.982207345424;2806:4484.8160473454245;4344:4486.019047345425;2996:4488.062527345425;3013:4492.847647345425;7322:4496.858287345425;2804:4500.185047345425;3061:4506.853087345425;1173:4512.451447345425;3425:4513.634407345425;3125:4514.887927345425;3406:4527.242287345425;2825:4529.712007345425;1944:4531.023367345425;130:4533.411007345425;99:4533.891247345425;4526:4542.300847345425;714:4545.097687345425;2800:4547.104087345425;4332:4547.919727345425;799:4549.1006473454245;3653:4553.696887345424;3825:4554.945487345424;7127:4598.505607345424;1836:4599.856567345424;4248:4614.401767345424;5046:4630.742287345423;7138:4632.380887345424;6879:4638.647287345424;1367:4650.140167345424;3637:4652.033287345424;1339:4653.025663345424;1395:4661.562991345424;1399:4663.703695345424;835:4667.280655345425;1147:4668.073231345425;1093:4669.332511345425;2607:4677.391183345425;911:4680.245047345425;1150:4681.005511345425;665:4682.455375345425;666:4683.324487345425;1885:4684.310311345425;668:4697.680711345425;1415:4698.309775345425;1041:4714.996289631139;1623:4719.3795467739965;1383:4730.464975345425;2333:4770.618861059711;2966:4780.854232769311
0,0,default_vehtype,route,False,4656.688659192969,4849.86864081293,2991;-1;-1,2973;-1;-1,2199.3406336106036,0.8205951051967572,0.8203751711333961,0.0,,0,62,1,,,2991;3010;5631;1068;2867;2760;542;1074;1071;1070;1069;1067;1504;4396;710;2281;4664;6260;3300;1832;708;6180;2405;6169;2744;2567;2576;3077;3241;88;2758;2742;2448;2353;6140;7386;3742;7100;6318;737;6639;2446;2301;1992;1990;1988;1985;3729;5498;5496;5699;5494;6307;374;7114;3246;5330;661;445;6080;7381;364;3029;3886;5711;6045;2157;4817;456;5901;7605;2830;1420;1084;2973,2991:4656.688659192969;3010:4660.735928123596;5631:4666.585352123596;1068:4669.137752123595;2867:4670.012048123595;2760:4676.550584123595;542:4684.078688123595;1074:4685.012096123595;1071:4686.014624123595;1070:4700.477912123595;1069:4701.216200123595;1067:4703.878256123595;1504:4708.332032123595;4396:4708.558328123595;710:4709.108984123595;2281:4710.1146801235955;4664:4713.992672123595;6260:4714.438568123595;3300:4715.037680123595;1832:4717.827896123596;708:4718.366960123595;6180:4718.790392123595;2405:4721.012792123594;6169:4724.489912123594;2744:4729.090472123594;2567:4730.933432123594;2576:4739.421992123594;3077:4741.554632123593;3241:4744.683512123594;88:4746.610352123594;2758:4748.573792123594;2742:4748.980232123594;2448:4752.1658721235935;2353:4758.366752123594;6140:4763.537792123594;7386:4764.880232123594;3742:4772.539232123594;7100:4773.078872123594;6318:4773.556952123594;737:4774.472672123594;6639:4776.3218721235935;2446:4777.893152123594;2301:4780.190192123594;1992:4781.215232123594;1990:4782.912152123595;1988:4785.3661521235945;1985:4788.887912123594;3729:4791.235352123594;5498:4792.6327521235935;5496:4795.539992123593;5699:4796.237432123593;5494:4797.341192123593;6307:4797.558032123593;374:4805.859032123593;7114:4808.0740401235935;3246:4809.211856123594;5330:4809.959432123594;661:4810.950872123593;445:4813.980560123593;6080:4816.803968123593;7381:4817.212856123593;364:4817.6482401235935;3029:4819.672448123593;3886:4820.170472123594;5711:4822.710056123594;6045:4824.104336123594;2157:4828.292864123594;4817:4828.769648123594;456:4829.3845281235945;5901:4830.140096123594;7605:4833.611792123594;2830:4833.841184123594;1420:4845.5462961235935;1084:4849.081280123593;2973:4849.86864081293
0,1,default_vehtype,boarding,True,4780.854232769311,4810.854232769311,2966;-1;-1,2966;-1;-1,0.0,0.8542967603426661,0.8542967603426661,0.0,,0,57,1,,57,,
0,3,default_vehtype,route,False,4609.419771413864,4816.623080680803,2990;-1;-1,2981;-1;-1,2611.7286438911515,0.9440906857238949,0.9438295128595058,0.0,,0,59,1,,,2990;2552;4848;3271;4846;4989;5000;337;1075;5648;5759;205;5793;1407;5826;7411;4686;5074;5295;5274;7181;604;603;602;3851;4573;1400;971;598;1368;591;585;940;1370;939;1903;983;3921;840;2881;5099;2878;1735;2581;370;361;2874;1887;4059;910;6541;3462;3648;2851;2850;1801;1560;5242;922;6385;3550;2981,2990:4609.419771413864;2552:4612.285487534947;4848:4619.765807534946;3271:4625.318927534946;4846:4627.192007534946;4989:4639.464527534947;5000:4644.224087534947;337:4651.984319534947;1075:4653.008159534947;5648:4653.808943534947;5759:4659.367271534947;205:4664.511527534946;5793:4668.632879534946;1407:4670.253023534947;5826:4672.533335534947;7411:4675.431983534947;4686:4676.502695534947;5074:4683.443207534947;5295:4683.673463534947;5274:4687.052279534947;7181:4691.561567534947;604:4695.139967534948;603:4696.203551534948;602:4697.056679534948;3851:4698.060071534947;4573:4702.366391534947;1400:4704.099071534947;971:4707.897503534947;598:4708.964759534947;1368:4709.925095534947;591:4715.796047534947;585:4728.967295534947;940:4735.547159534947;1370:4742.573783534947;939:4743.270455534947;1903:4744.092047534948;983:4745.074559534947;3921:4748.8727035349475;840:4753.433543534948;2881:4760.064167534948;5099:4761.217031534948;2878:4762.345055534947;1735:4773.329375534947;2581:4774.668791534947;370:4776.251639534947;361:4778.748743534947;2874:4779.334751534947;1887:4784.990135534947;4059:4786.909439534947;910:4791.425639534947;6541:4792.089767534947;3462:4794.303407534947;3648:4794.633167534947;2851:4799.307407534947;2850:4800.240767534947;1801:4803.536447534947;1560:4808.276927534947;5242:4809.959567534947;922:4810.875479534948;6385:4814.0971195349475;3550:4814.358959534948;2981:4816.623080680803
0,3,default_vehtype,boarding,True,4816.623080680803,4846.623080680803,2981;-1;-1,2981;-1;-1,0.0,0.9438295128595058,0.9438295128595058,0.0,,0,59,1,,59,,
0,0,default_vehtype,boarding,True,4849.86864081293,4879.86864081293,2973;-1;-1,2973;-1;-1,0.0,0.8203751711333961,0.8203751711333961,0.0,,0,62;60,2,60,,,
0,0,default_vehtype,route,False,4879.86864081293,4890.189071093886,2973;-1;-1,2987;-1;-1,143.3393094577217,0.8203751711333961,0.8203608372024503,0.0,,0,62;60,2,,,2973;7354;4225;2987,2973:4879.86864081293;7354:4883.665808123594;4225:4888.250336123594;2987:4890.189071093886
0,1,default_vehtype,boarding,True,4860.0,4890.0,2966;-1;-1,2966;-1;-1,0.0,0.8542967603426661,0.8542967603426661,0.0,,0,64,1,64,,,
0,2,default_vehtype,route,False,4680.0,4869.30620264097,2992;-1;-1,2989;-1;-1,2085.4196860911284,0.6888426190128891,0.6886340770442799,0.0,,0,,0,,,2992;2526;5444;1716;2720;4210;1711;98;2497;7434;2760;542;1074;1071;1070;1069;1067;1504;4396;710;2281;4664;6260;3300;1832;708;6180;2405;6169;2744;2567;2576;3077;3241;88;2758;2742;2448;2353;6140;7386;3742;7100;6318;737;6639;2446;2301;1992;1990;1988;1985;3729;5498;5496;5699;5494;5695;3307;3987;6878;2989,2992:4680;2526:4689.202247534946;5444:4699.738655534946;1716:4702.529015534946;2720:4703.275655534946;4210:4704.173927534946;1711:4705.303607534946;98:4713.919415534946;2497:4715.430047534946;7434:4722.637895534946;2760:4729.1764315349465;542:4736.704535534946;1074:4737.637943534946;1071:4738.640471534946;1070:4753.103759534946;1069:4753.842047534946;1067:4756.504103534946;1504:4760.957879534946;4396:4761.184175534946;710:4761.734831534946;2281:4762.7405275349465;4664:4766.618519534946;6260:4767.064415534946;3300:4767.663527534946;1832:4770.453743534947;708:4770.992807534946;6180:4771.416239534946;2405:4773.6386395349455;6169:4777.115759534945;2744:4781.716319534945;2567:4783.559279534945;2576:4792.047839534945;3077:4794.180479534944;3241:4797.309359534945;88:4799.236199534945;2758:4801.199639534945;2742:4801.606079534945;2448:4804.791719534945;2353:4810.992599534945;6140:4816.163639534945;7386:4817.5060795349455;3742:4825.165079534945;7100:4825.704719534945;6318:4826.182799534945;737:4827.098519534945;6639:4828.947719534945;2446:4830.518999534945;2301:4832.816039534945;1992:4833.8410795349455;1990:4835.537999534946;1988:4837.9919995349455;1985:4841.513759534945;3729:4843.861199534945;5498:4845.258599534945;5496:4848.165839534944;5699:4848.863279534944;5494:4849.967039534944;5695:4850.729759534944;3307:4861.468199534944;3987:4868.295359534944;6878:4868.898719534944;2989:4869.30620264097
0,2,default_vehtype,boarding,True,4869.30620264097,4899.30620264097,2989;-1;-1,2989;-1;-1,0.0,0.6886340770442799,0.6886340770442799,0.0,,0,63,1,63,,,
0,3,default_vehtype,route,False,4846.623080680803,4882.802321113005,2981;-1;-1,2979;-1;-1,176.13052741122,0.9438295128595058,0.9438118998067647,0.0,,0,,0,,,2981;6320;7278;2411;6281;2286;2287;6538;2979,2981:4846.623080680803;6320:4849.996199534948;7278:4853.514959534948;2411:4859.350079534947;6281:4864.394193820662;2286:4869.161108106376;2287:4873.92802239209;6538:4878.972136677804;2979:4882.802321113005
0,3,default_vehtype,boarding,True,4882.802321113005,4912.802321113005,2979;-1;-1,2979;-1;-1,0.0,0.9438118998067647,0.9438118998067647,0.0,,0,61,1,61,,,
0,0,default_vehtype,boarding,True,4890.189071093886,4920.189071093886,2987;-1;-1,2987;-1;-1,0.0,0.8203608372024503,0.8203608372024503,0,,0,62;60,2,,62,,
0,1,default_vehtype,route,False,4890.0,5021.629335041171,2966;-1;-1,2992;-1;-1,1285.4828948015352,0.8542967603426661,0.8541682120531859,0.0,,0,64,1,,,2966;2743;2631;2150;735;738;2470;734;1815;739;1724;1962;1910;164;1354;197;1311;7;1963;1308;482;7613;2611;1307;2876;1960;816;6786;5444;1716;2720;4210;2067;2063;1937;2992,2966:4890;2743:4897.8438282904;2631:4901.855256861829;2150:4918.7855425761145;735:4929.267714004686;738:4935.435542576115;2470:4936.385222576115;734:4936.594094576115;1815:4937.602310576115;739:4938.442838576115;1724:4954.900526576115;1962:4955.9573425761155;1910:4956.779582576116;164:4957.730774576116;1354:4958.687294576116;197:4960.896542576116;1311:4972.431302576116;7:4976.1262705761155;1963:4976.534726576116;1308:4976.895950576116;482:4981.450598576116;7613:4982.774750576116;2611:4986.671102576116;1307:4987.986830576116;2876:4990.653566576116;1960:4991.6378065761155;816:4999.169726576116;6786:5000.436710576116;5444:5010.973118576116;1716:5013.763478576116;2720:5014.510118576116;4210:5015.408390576116;2067:5016.308966576116;2063:5017.025222576116;1937:5020.295174576116;2992:5021.629335041171
0,3,default_vehtype,route,False,4912.802321113005,5008.335431288826,2979;-1;-1,2983;-1;-1,796.1092514652021,0.9438118998067647,0.9437322888816182,0.0,,0,61,1,,,2979;2786;2411;1661;7283;796;751;4635;6299;4102;4325;7285;1218;7334;7010;820;7498;276;2915;2661;7517;6201;7314;2983,2979:4912.802321113005;2786:4914.807256677804;2411:4920.642376677803;1661:4926.442216677803;7283:4927.491256677803;796:4936.283776677803;751:4938.191656677803;4635:4943.300296677803;6299:4949.259376677803;4102:4951.618696677802;4325:4956.909856677802;7285:4957.826776677802;1218:4958.949976677802;7334:4966.5310966778015;7010:4969.438576677801;820:4971.419536677801;7498:4971.887536677801;276:4971.999136677801;2915:4983.345136677801;2661:4990.578496677801;7517:4997.890456677801;6201:4998.751576677801;7314:5005.6468966778;2983:5008.335431288826
0,3,default_vehtype,boarding,True,5008.335431288826,5038.335431288826,2983;-1;-1,2983;-1;-1,0.0,0.9437322888816182,0.9437322888816182,0.0,,0,61,1,,61,,
0,4,default_vehtype,route,False,4706.9210703918325,4990.881545977821,2981;-1;-1,2971;-1;-1,2389.323696549889,0.7696111087247056,0.7693721763550506,0.0,,0,58,1,,,2981;6320;3549;6384;4032;1804;4277;5239;6501;3911;5389;7301;3914;5398;5400;4040;4041;5374;5418;5424;5403;6546;1200;7312;4332;799;3653;3825;7127;3766;3988;553;7132;7191;3566;4337;7134;6667;6711;1807;1653;6829;4349;4937;669;5061;7265;3848;534;2839;3560;3731;662;7398;3491;6933;7394;6989;7392;5704;7389;2971,2981:4706.9210703918325;6320:4710.294189245978;3549:4715.931429245978;6384:4716.193269245978;4032:4719.4149092459775;1804:4720.330821245978;4277:4721.918901245978;5239:4727.423541245978;6501:4733.386101245978;3911:4742.740941245978;5389:4743.8067812459785;7301:4744.060701245979;3914:4745.244381245979;5398:4746.421221245979;5400:4747.747821245979;4040:4757.052621245979;4041:4759.996941245979;5374:4764.2495012459785;5418:4765.286781245978;5424:4765.430061245978;5403:4766.535381245978;6546:4770.762261245978;1200:4775.371341245978;7312:4776.865101245979;4332:4777.680741245978;799:4778.861661245978;3653:4783.457901245978;3825:4784.706501245978;7127:4828.266621245978;3766:4829.203821245978;3988:4832.939421245978;553:4833.397701245978;7132:4843.276581245978;7191:4851.233781245978;3566:4853.062941245978;4337:4857.561141245978;7134:4858.661181245979;6667:4866.593301245979;6711:4882.452861245979;1807:4884.380061245979;1653:4890.183981245979;6829:4890.95690124598;4349:4891.50578124598;4937:4895.87534124598;669:4906.18274124598;5061:4911.99110124598;7265:4912.7743412459795;3848:4913.74898124598;534:4917.79394124598;2839:4919.15258124598;3560:4920.228141245981;3731:4922.91770124598;662:4945.36742124598;7398:4948.88666124598;3491:4955.211381245979;6933:4956.123141245979;7394:4961.484741245979;6989:4962.0791012459795;7392:4971.2901812459795;5704:4973.655261245979;7389:4988.193501245979;2971:4990.881545977821
0,4,default_vehtype,boarding,True,4990.881545977821,5020.881545977821,2971;-1;-1,2971;-1;-1,0.0,0.7693721763550506,0.7693721763550506,0.0,,0,58,1,,58,,
0,0,default_vehtype,route,False,4920.189071093886,5082.418405171646,2987;-1;-1,2969;-1;-1,1787.9925288577947,0.8203608372024503,0.8201820379495646,0.0,,0,60,1,,,2987;4613;7368;7606;5900;3459;4818;5992;6047;5708;3884;3030;3347;7376;2207;3446;3720;5332;251;2711;3358;2296;5495;5697;5497;5500;670;5502;5512;5520;5531;6313;6632;6644;3793;6319;7102;3741;7384;6414;5446;2447;2571;42;2577;2566;3033;3036;2469;2404;2235;3762;5287;310;2280;1447;6261;3764;4397;4745;4182;4187;4191;4195;4202;336;2969,2987:4920.189071093886;4613:4921.785320123594;7368:4933.490432123594;7606:4933.719824123594;5900:4937.191520123593;3459:4937.947088123593;4818:4938.561968123593;5992:4939.038752123593;6047:4943.227280123593;5708:4944.621560123594;3884:4947.161144123594;3030:4947.659168123594;3347:4949.683376123594;7376:4950.118760123594;2207:4950.527648123594;3446:4953.351056123594;3720:4956.380744123594;5332:4957.372184123594;251:4958.119760123594;2711:4959.257576123594;3358:4961.472584123594;2296:4969.773584123594;5495:4969.9904241235945;5697:4971.0941841235945;5497:4971.791624123594;5500:4974.698864123594;670:4976.096264123594;5502:4978.443704123593;5512:4981.965464123593;5520:4984.419464123593;5531:4986.116384123593;6313:4987.141424123593;6632:4989.438464123594;6644:4991.009744123594;3793:4992.858944123594;6319:4993.7746641235935;7102:4994.252744123593;3741:4994.792384123593;7384:5002.451384123593;6414:5007.658544123593;5446:5009.926304123593;2447:5013.862424123593;2571:5021.451344123593;42:5026.119344123593;2577:5026.791824123593;2566:5035.390904123593;3033:5036.021864123593;3036:5038.291424123593;2469:5041.883744123593;2404:5045.207264123593;2235:5046.490664123593;3762:5046.914096123593;5287:5047.453160123592;310:5050.2433761235925;2280:5050.842488123592;1447:5051.288384123593;6261:5055.166376123592;3764:5056.172072123592;4397:5056.722728123593;4745:5056.949024123593;4182:5061.402800123593;4187:5064.064856123593;4191:5064.803144123593;4195:5079.2664321235925;4202:5080.2689601235925;336:5081.292080123592;2969:5082.418405171646
0,1,default_vehtype,boarding,True,5021.629335041171,5051.629335041171,2992;-1;-1,2992;-1;-1,0.0,0.8541682120531859,0.8541682120531859,0.0,,0,64,1,,64,,
0,2,default_vehtype,route,False,4899.30620264097,5094.900856528736,2989;-1;-1,2967;-1;-1,1983.0931625223566,0.6886340770442799,0.6884357677280277,0.0,,0,63,1,,,2989;3808;7388;2045;2835;2641;7396;2616;486;2838;3722;3732;544;7400;5449;6824;4848;3271;4846;4989;5000;337;1075;537;18;5629;1068;2559;6740;1717;2067;2063;1937;6789;3895;5465;7450;1719;3469;470;469;5079;7447;1960;2967,2989:4899.30620264097;3808:4899.966719534943;7388:4904.031119534943;2045:4918.569359534943;2835:4920.934439534943;2641:4930.145519534943;7396:4930.739879534943;2616:4936.101479534943;486:4937.013239534943;2838:4943.3379595349425;3722:4946.857199534942;3732:4969.306919534942;544:4971.9964795349415;7400:4973.072039534942;5449:4974.271079534942;6824:4978.524359534942;4848:4986.004679534942;3271:4991.557799534941;4846:4993.430879534942;4989:5005.703399534942;5000:5010.4629595349425;337:5018.223191534942;1075:5019.247031534942;537:5020.201031534942;18:5026.068599534941;5629:5031.918023534941;1068:5034.470423534941;2559:5041.5210235349405;6740:5045.99164753494;1717:5051.82537553494;2067:5052.56315953494;2063:5053.279415534939;1937:5056.549367534939;6789:5067.085775534939;3895:5068.352759534939;5465:5075.884679534939;7450:5076.868919534939;1719:5077.685543534939;3469:5078.705495534939;470:5084.666581249225;469:5090.627666963511;5079:5091.6476189635105;7447:5092.4642429635105;1960:5093.44848296351;2967:5094.900856528736
0,0,default_vehtype,boarding,True,5082.418405171646,5112.418405171646,2969;-1;-1,2969;-1;-1,0.0,0.8201820379495646,0.8201820379495646,0.0,,0,60,1,,60,,
0,1,default_vehtype,route,False,5100.0,5128.149747058026,2992;-1;-1,2968;-1;-1,390.96870913923203,0.8541682120531859,0.854129115182272,0.0,,0,,0,,,2992;2526;5444;1716;2720;4210;1711;2968,2992:5100;2526:5109.202247534946;5444:5119.738655534946;1716:5122.529015534946;2720:5123.275655534946;4210:5124.173927534946;1711:5125.303607534946;2968:5128.149747058026
0,1,default_vehtype,boarding,True,5128.149747058026,5158.149747058026,2968;-1;-1,2968;-1;-1,0.0,0.854129115182272,0.854129115182272,0.0,,0,69,1,69,,,
0,2,default_vehtype,boarding,True,5094.900856528736,5124.900856528736,2967;-1;-1,2967;-1;-1,0.0,0.6884357677280277,0.6884357677280277,0.0,,0,63,1,,63,,
0,3,default_vehtype,route,False,5038.335431288826,5138.9125611129975,2983;-1;-1,2979;-1;-1,838.1427485347979,0.9437322888816182,0.9436484746067647,0.0,,0,,0,,,2983;7527;2802;2251;7515;7037;7512;3274;2902;3901;7011;7336;4365;7288;1182;1001;6296;1434;3820;3877;2787;4993;6537;2979,2983:5038.335431288826;7527:5042.8623766778;2802:5050.0778566778;2251:5056.9731766777995;7515:5057.834296677799;7037:5065.146256677799;7512:5072.379616677799;3274:5083.725616677799;2902:5083.837216677799;3901:5084.305216677799;7011:5086.286176677799;7336:5089.193656677799;4365:5096.774776677798;7288:5097.897976677798;1182:5098.814896677798;1001:5104.106056677798;6296:5106.465376677797;1434:5112.424456677797;3820:5117.533096677797;3877:5119.440976677797;2787:5128.233496677797;4993:5129.282536677797;6537:5135.082376677797;2979:5138.9125611129975
0,4,default_vehtype,route,False,5020.881545977821,5123.524068216272,2971;-1;-1,2987;-1;-1,1259.5135018220485,0.7693721763550506,0.7692462250048684,0.0,,0,,0,,,2971;3807;6875;885;316;2042;1982;6306;374;7114;3246;5330;661;445;6080;7381;364;3029;3886;5711;6045;2157;4817;456;5901;7605;2830;1420;1084;7357;2826;2827;4225;2987,2971:5020.881545977821;3807:5022.257901245979;6875:5023.325901245979;885:5023.929261245979;316:5030.756421245979;2042:5041.494861245979;1982:5042.257581245979;6306:5042.474421245979;374:5050.7754212459795;7114:5052.99042924598;3246:5054.12824524598;5330:5054.87582124598;661:5055.8672612459795;445:5058.896949245979;6080:5061.720357245979;7381:5062.129245245979;364:5062.56462924598;3029:5064.588837245979;3886:5065.08686124598;5711:5067.62644524598;6045:5069.02072524598;2157:5073.20925324598;4817:5073.6860372459805;456:5074.300917245981;5901:5075.05648524598;7605:5078.52818124598;2830:5078.75757324598;1420:5090.46268524598;1084:5093.9976692459795;7357:5098.58219724598;2826:5107.79150124598;2827:5117.00080524598;4225:5121.58533324598;2987:5123.524068216272
0,4,default_vehtype,boarding,True,5123.524068216272,5153.524068216272,2987;-1;-1,2987;-1;-1,0.0,0.7692462250048684,0.7692462250048684,0.0,,0,67,1,67,,,
0,3,default_vehtype,boarding,True,5138.9125611129975,5168.9125611129975,2979;-1;-1,2979;-1;-1,0.0,0.9436484746067647,0.9436484746067647,0,,0,66,1,66,,,
0,0,default_vehtype,route,False,5160.0,5308.291518057969,2969;-1;-1,2989;-1;-1,1515.7712891050307,0.8201820379495646,0.820030460820654,0.0,,0,,0,,,2969;7192;1664;337;1075;4198;1071;1070;1069;1067;1504;4396;710;2281;4664;6260;3300;1832;708;6180;2405;6169;2744;2567;2576;3077;3241;88;2758;2742;2448;2353;6140;7386;3742;7100;6318;737;6639;2446;2301;1992;1990;1988;1985;3729;5498;5496;5699;5494;5695;3307;3987;6878;2989,2969:5160;7192:5163.603642951946;1664:5166.8575389519465;337:5174.617770951946;1075:5175.641610951946;4198:5176.623258951946;1071:5177.625786951946;1070:5192.089074951946;1069:5192.827362951945;1067:5195.4894189519455;1504:5199.943194951946;4396:5200.169490951946;710:5200.720146951946;2281:5201.725842951946;4664:5205.603834951946;6260:5206.049730951946;3300:5206.648842951946;1832:5209.439058951946;708:5209.978122951946;6180:5210.401554951945;2405:5212.623954951945;6169:5216.101074951945;2744:5220.7016349519445;2567:5222.544594951944;2576:5231.033154951944;3077:5233.165794951944;3241:5236.294674951944;88:5238.221514951944;2758:5240.184954951945;2742:5240.5913949519445;2448:5243.777034951944;2353:5249.9779149519445;6140:5255.148954951945;7386:5256.491394951945;3742:5264.150394951945;7100:5264.690034951945;6318:5265.1681149519445;737:5266.0838349519445;6639:5267.933034951944;2446:5269.504314951944;2301:5271.801354951945;1992:5272.826394951945;1990:5274.523314951945;1988:5276.977314951945;1985:5280.499074951945;3729:5282.846514951944;5498:5284.243914951944;5496:5287.151154951944;5699:5287.848594951944;5494:5288.952354951944;5695:5289.715074951943;3307:5300.453514951943;3987:5307.280674951943;6878:5307.884034951943;2989:5308.291518057969
0,0,default_vehtype,boarding,True,5308.291518057969,5338.291518057969,2989;-1;-1,2989;-1;-1,0.0,0.820030460820654,0.820030460820654,0.0,,0,70,1,70,,,
0,4,default_vehtype,route,False,5153.524068216272,5280.949862282833,2987;-1;-1,2984;-1;-1,1389.2919531006646,0.7692462250048684,0.7691072958095584,0.0,,0,67,1,,,2987;4613;1084;7357;3525;6025;3063;6027;7362;2188;2186;5744;6033;5746;6031;146;2828;2376;3091;4274;880;3109;3874;4306;429;4313;68;7318;7325;3011;4;4345;1199;1204;2996;2984,2987:5153.524068216272;4613:5155.12031724598;1084:5158.65530124598;7357:5163.23982924598;3525:5174.1186692459805;6025:5175.86013324598;3063:5177.1248132459805;6027:5178.42678924598;7362:5182.43502924598;2188:5189.09819724598;2186:5190.37446924598;5744:5192.389893245981;6033:5193.759333245981;5746:5195.682741245981;6031:5197.174365245981;146:5198.135493245981;2828:5199.227301245981;2376:5204.729181245981;3091:5218.050909245981;4274:5219.193837245981;880:5219.785173245981;3109:5221.635717245981;3874:5227.499997245981;4306:5239.615557245981;429:5241.017877245981;4313:5242.200837245981;68:5247.799197245981;7318:5254.467237245981;7325:5257.793997245981;3011:5261.804637245981;4:5266.589757245981;4345:5268.633237245981;1199:5272.6235801031235;1204:5276.613922960266;2996:5278.657402960266;2984:5280.949862282833
0,4,default_vehtype,boarding,True,5280.949862282833,5310.949862282833,2984;-1;-1,2984;-1;-1,0.0,0.7691072958095584,0.7691072958095584,0.0,,0,67,1,,67,,
0,1,default_vehtype,route,False,5158.149747058026,5352.234512680803,2968;-1;-1,2981;-1;-1,2596.4419606171336,0.854129115182272,0.8538694709862102,0.0,,0,69,1,,,2968;98;2497;7434;2760;542;1074;4204;5649;5760;205;5793;1407;5826;7411;4686;5074;5295;5274;7181;604;603;602;3851;4573;1400;971;598;1368;591;585;940;1370;939;1903;983;3921;840;2881;5099;2878;1735;2581;370;361;2874;1887;4059;910;6541;3462;3648;2851;2850;1801;1560;5242;922;6385;3550;2981,2968:5158.149747058026;98:5163.919415534947;2497:5165.430047534947;7434:5172.637895534947;2760:5179.176431534947;542:5186.704535534947;1074:5187.637943534947;4204:5188.619591534947;5649:5189.420375534947;5760:5194.978703534947;205:5200.122959534947;5793:5204.244311534947;1407:5205.864455534947;5826:5208.144767534947;7411:5211.043415534948;4686:5212.114127534947;5074:5219.0546395349475;5295:5219.284895534947;5274:5222.663711534948;7181:5227.172999534948;604:5230.751399534948;603:5231.814983534949;602:5232.668111534948;3851:5233.671503534948;4573:5237.977823534948;1400:5239.710503534948;971:5243.508935534947;598:5244.576191534948;1368:5245.536527534948;591:5251.407479534948;585:5264.578727534948;940:5271.158591534948;1370:5278.185215534948;939:5278.881887534948;1903:5279.703479534948;983:5280.685991534948;3921:5284.484135534948;840:5289.044975534948;2881:5295.675599534949;5099:5296.828463534948;2878:5297.956487534948;1735:5308.940807534947;2581:5310.280223534947;370:5311.863071534947;361:5314.360175534947;2874:5314.9461835349475;1887:5320.601567534947;4059:5322.520871534947;910:5327.037071534947;6541:5327.701199534948;3462:5329.9148395349475;3648:5330.244599534947;2851:5334.918839534947;2850:5335.852199534947;1801:5339.147879534948;1560:5343.888359534948;5242:5345.570999534948;922:5346.486911534948;6385:5349.708551534948;3550:5349.970391534948;2981:5352.234512680803
0,1,default_vehtype,boarding,True,5352.234512680803,5382.234512680803,2981;-1;-1,2981;-1;-1,0.0,0.8538694709862102,0.8538694709862102,0.0,,0,69,1,,69,,
0,4,default_vehtype,route,False,5310.949862282833,5355.858752325431,2984;-1;-1,2985;-1;-1,386.725802383677,0.7691072958095584,0.7690686232293201,0.0,,0,,0,,,2984;3012;7321;2804;3061;1173;3425;4304;793;118;3979;2985,2984:5310.949862282833;3012:5313.442522960266;7321:5317.453162960266;2804:5320.779922960266;3061:5327.447962960266;1173:5333.046322960266;3425:5334.229282960266;4304:5335.631602960266;793:5347.747162960266;118:5353.611442960266;3979:5355.461986960266;2985:5355.858752325431
0,4,default_vehtype,boarding,True,5355.858752325431,5385.858752325431,2985;-1;-1,2985;-1;-1,0.0,0.7690686232293201,0.7690686232293201,0.0,,0,71,1,71,,,
0,2,default_vehtype,boarding,True,5400.0,5430.0,2967;-1;-1,2967;-1;-1,0.0,0.6884357677280277,0.6884357677280277,0.0,,0,72,1,72,,,
0,3,default_vehtype,route,False,5168.9125611129975,5401.396052695894,2979;-1;-1,2993;-1;-1,3080.537518846917,0.9436484746067647,0.94334042085488,0.0,,0,66,1,,,2979;2786;2307;3549;6384;4032;1804;4811;5237;608;459;2416;4011;5246;363;366;2314;2877;1748;2880;906;984;2268;1857;1806;1371;938;5442;4054;2205;1369;2047;3631;4079;4572;4577;778;3636;3639;3642;7178;5275;5297;5072;1464;2847;5825;4587;5794;3202;2065;2023;4203;537;18;5629;1068;2559;6740;1717;2067;2063;1937;6789;3895;5465;7450;2993,2979:5168.9125611129975;2786:5170.917496677796;2307:5174.436256677796;3549:5180.073496677796;6384:5180.3353366777965;4032:5183.556976677796;1804:5184.472888677797;4811:5186.155528677797;5237:5190.896008677797;608:5199.762088677797;459:5200.091848677796;2416:5202.305488677796;4011:5202.969616677797;5246:5208.894784677796;363:5215.803472677797;366:5217.208552677797;2314:5218.353424677797;2877:5231.524528677797;1748:5232.643048677797;2880:5233.804840677797;906:5246.030152677797;984:5248.799848677797;2268:5249.547712677797;1857:5249.933632677797;1806:5250.595816677796;1371:5251.265992677796;938:5253.847120677796;5442:5263.567768677796;4054:5271.207760677797;2205:5276.960200677797;1369:5283.406360677797;2047:5284.349416677797;3631:5285.912248677797;4079:5286.979504677797;4572:5290.777936677797;4577:5292.510616677797;778:5296.816936677797;3636:5297.820328677796;3639:5298.673456677796;3642:5299.737040677796;7178:5303.315440677797;5275:5307.824728677797;5297:5311.203544677797;5072:5311.433800677797;1464:5318.374312677797;2847:5319.445024677797;5825:5322.343672677797;4587:5324.623984677797;5794:5326.244128677798;3202:5330.365480677798;2065:5335.509736677797;2023:5341.068064677797;4203:5341.868848677797;537:5342.822848677797;18:5348.690416677797;5629:5354.539840677797;1068:5357.092240677796;2559:5364.142840677796;6740:5368.6134646777955;1717:5374.447192677795;2067:5375.184976677795;2063:5375.901232677795;1937:5379.171184677794;6789:5389.707592677794;3895:5390.974576677794;5465:5398.5064966777945;7450:5399.490736677794;2993:5401.396052695894
0,3,default_vehtype,boarding,True,5401.396052695894,5431.396052695894,2993;-1;-1,2993;-1;-1,0.0,0.94334042085488,0.94334042085488,0.0,,0,66,1,,66,,
0,1,default_vehtype,route,False,5400.0,5460.0,2981;-1;-1,7290;2736;0.825,522.9863999999877,0.8538694709862102,0.8538171723462102,0.0,,0,,0,,,2981;6320;3549;6384;4032;1804;4277;5239;6501;3911;5389;7301;918;3075;7097;7290,2981:5400;6320:5403.373118854145;3549:5409.010358854145;6384:5409.272198854145;4032:5412.493838854145;1804:5413.409750854145;4277:5414.997830854146;5239:5420.502470854146;6501:5426.465030854146;3911:5435.819870854146;5389:5436.885710854146;7301:5437.139630854146;918:5438.2817908541465;3075:5446.154750854146;7097:5447.004110854146;7290:5452.806230854147
0,2,default_vehtype,route,False,5430.0,5460.0,2967;-1;-1,1711;98;0.760,416.6666666666567,0.6884357677280277,0.688394101061361,0.0,,0,72,1,,,2967;3896;6788;5444;1716;2720;4210;1711,2967:5430;3896:5436.079546434775;6788:5437.346530434775;5444:5447.882938434775;1716:5450.673298434775;2720:5451.419938434775;4210:5452.318210434775;1711:5453.447890434775
0,2,default_vehtype,route,False,5460.0,5487.931671482828,1711;98;0.760,2969;-1;-1,387.93988170595617,0.688394101061361,0.6883553070731904,0.0,,0,72,1,,,1711;98;2497;7434;2760;542;1074;336;2969,1711:5460;98:5462.063698434775;2497:5463.574330434775;7434:5470.782178434775;2760:5477.320714434775;542:5484.848818434775;1074:5485.782226434775;336:5486.805346434775;2969:5487.931671482828
0,2,default_vehtype,boarding,True,5487.931671482828,5517.931671482828,2969;-1;-1,2969;-1;-1,0.0,0.6883553070731904,0.6883553070731904,0.0,,0,72;74,2,74,,,
0,0,default_vehtype,route,False,5338.291518057969,5538.591734848832,2989;-1;-1,2977;-1;-1,2168.724873257181,0.820030460820654,0.8198135883333283,0.0,,0,70,1,,,2989;3808;6876;885;316;2042;1982;6306;374;7114;3246;5330;661;445;6080;7381;364;3029;3886;5711;6045;2157;4817;456;5901;7605;2830;5852;6913;1321;597;2204;6066;6049;7367;2188;2186;5744;6033;5746;6031;146;2828;2376;3091;4274;880;3109;3874;4306;429;4313;68;7318;7325;3011;4;4345;7330;7562;7316;7531;2802;2977,2989:5338.291518057969;3808:5338.952034951943;6876:5340.020034951943;885:5340.623394951943;316:5347.450554951943;2042:5358.188994951943;1982:5358.951714951942;6306:5359.1685549519425;374:5367.469554951943;7114:5369.684562951943;3246:5370.822378951943;5330:5371.569954951943;661:5372.561394951943;445:5375.591082951943;6080:5378.414490951943;7381:5378.823378951943;364:5379.258762951943;3029:5381.282970951943;3886:5381.780994951943;5711:5384.320578951943;6045:5385.714858951944;2157:5389.9033869519435;4817:5390.380170951944;456:5390.995050951944;5901:5391.750618951944;7605:5395.222314951943;2830:5395.451706951943;5852:5401.978434951943;6913:5403.874842951943;1321:5409.023274951943;597:5409.486162951943;2204:5411.043450951943;6066:5411.689146951942;6049:5415.915474951942;7367:5418.189018951942;2188:5424.852186951942;2186:5426.128458951942;5744:5428.143882951942;6033:5429.513322951942;5746:5431.436730951942;6031:5432.928354951942;146:5433.889482951942;2828:5434.981290951942;2376:5440.483170951942;3091:5453.804898951942;4274:5454.947826951942;880:5455.539162951943;3109:5457.389706951943;3874:5463.253986951942;4306:5475.3695469519425;429:5476.771866951943;4313:5477.954826951943;68:5483.553186951943;7318:5490.221226951942;7325:5493.547986951942;3011:5497.558626951943;4:5502.343746951942;4345:5504.3872269519425;7330:5505.590226951943;7562:5513.424066951943;7316:5520.819066951944;7531:5528.374026951944;2802:5535.589506951944;2977:5538.591734848832
0,0,default_vehtype,boarding,True,5538.591734848832,5568.591734848832,2977;-1;-1,2977;-1;-1,0.0,0.8198135883333283,0.8198135883333283,0.0,,0,70,1,,70,,
0,1,default_vehtype,route,False,5460.0,5558.858610176713,7290;2736;0.825,2984;-1;-1,823.8217514726143,0.8538171723462102,0.853734790171063,0.0,,0,,0,,,7290;2736;1744;1164;2789;1218;7334;7010;820;7498;276;2915;2661;7517;6201;7314;7529;2803;7558;2806;4344;2996;2984,7290:5460;2736:5461.524710854146;1744:5462.979950854146;1164:5474.088470854146;2789:5475.500270854146;1218:5476.623470854146;7334:5484.204590854146;7010:5487.112070854146;820:5489.093030854146;7498:5489.561030854145;276:5489.672630854146;2915:5501.018630854145;2661:5508.251990854145;7517:5515.563950854145;6201:5516.425070854145;7314:5523.3203908541445;7529:5530.535870854144;2803:5538.090830854145;7558:5545.485830854145;2806:5553.319670854145;4344:5554.522670854146;2996:5556.566150854146;2984:5558.858610176713
0,0,default_vehtype,route,False,5568.591734848832,5616.998750256915,2977;-1;-1,2978;-1;-1,403.39179506736787,0.8198135883333283,0.8197732491538215,0.0,,0,,0,,,2977;6202;7516;7037;7512;3274;2902;3901;7011;7336;4365;7288;1182;2978,2977:5568.591734848832;6202:5572.484826951943;7516:5573.345946951943;7037:5580.657906951943;7512:5587.891266951943;3274:5599.237266951943;2902:5599.348866951943;3901:5599.816866951943;7011:5601.797826951943;7336:5604.7053069519425;4365:5612.286426951942;7288:5613.409626951942;1182:5614.326546951942;2978:5616.998750256915
0,1,default_vehtype,boarding,True,5558.858610176713,5588.858610176713,2984;-1;-1,2984;-1;-1,0.0,0.853734790171063,0.853734790171063,0.0,,0,75;76,2,75;76,,,
0,4,default_vehtype,route,False,5385.858752325431,5637.741072525493,2985;-1;-1,2967;-1;-1,2621.8042250008407,0.7690686232293201,0.7688064428068201,0.0,,0,71,1,,,2985;1140;880;3109;3874;4306;429;3125;3406;2825;1944;130;99;4526;714;2800;4332;799;3653;3825;7127;1836;4248;5046;7138;6879;1367;3637;1339;1395;1399;835;1147;2412;836;1097;738;2470;734;1815;739;1724;1962;1910;164;1354;197;1311;7;1963;1308;482;7613;2611;1307;2876;1960;2967,2985:5385.858752325431;1140:5386.053322960266;880:5386.6446589602665;3109:5388.495202960266;3874:5394.359482960266;4306:5406.475042960266;429:5407.8773629602665;3125:5409.130882960267;3406:5421.485242960267;2825:5423.954962960267;1944:5425.266322960267;130:5427.653962960267;99:5428.1342029602665;4526:5436.5438029602665;714:5439.340642960266;2800:5441.347042960267;4332:5442.1626829602665;799:5443.343602960266;3653:5447.939842960266;3825:5449.188442960266;7127:5492.748562960266;1836:5494.099522960266;4248:5508.644722960265;5046:5524.985242960265;7138:5526.623842960265;6879:5532.890242960266;1367:5544.383122960266;3637:5546.276242960265;1339:5547.2686189602655;1395:5555.805946960266;1399:5557.946650960266;835:5561.5236109602665;1147:5562.316186960266;2412:5563.124242960266;836:5564.1230269602665;1097:5579.383786960267;738:5580.086434960267;2470:5581.036114960267;734:5581.244986960267;1815:5582.253202960267;739:5583.093730960267;1724:5599.551418960267;1962:5600.6082349602675;1910:5601.430474960268;164:5602.381666960268;1354:5603.338186960268;197:5605.547434960268;1311:5617.082194960268;7:5620.777162960268;1963:5621.185618960268;1308:5621.546842960268;482:5626.101490960268;7613:5627.425642960268;2611:5631.321994960268;1307:5632.637722960268;2876:5635.304458960268;1960:5636.2886989602675;2967:5637.741072525493
0,0,default_vehtype,boarding,True,5616.998750256915,5646.998750256915,2978;-1;-1,2978;-1;-1,0.0,0.8197732491538215,0.8197732491538215,0.0,,0,73;80,2,73;80,,,
0,1,default_vehtype,route,False,5588.858610176713,5654.476538236544,2984;-1;-1,2986;-1;-1,674.351330400799,0.853734790171063,0.8536673550380229,0.0,,0,75;76,2,,,2984;3012;7321;2804;3061;1173;3425;4304;793;118;3979;4275;103;6480;7360;2986,2984:5588.858610176713;3012:5591.351270854146;7321:5595.361910854146;2804:5598.688670854146;3061:5605.356710854146;1173:5610.955070854146;3425:5612.138030854146;4304:5613.540350854146;793:5625.655910854146;118:5631.520190854146;3979:5633.370734854146;4275:5633.962070854146;103:5635.104998854146;6480:5648.426726854146;7360:5653.928606854146;2986:5654.476538236544
0,1,default_vehtype,boarding,True,5654.476538236544,5684.476538236544,2986;-1;-1,2986;-1;-1,0.0,0.8536673550380229,0.8536673550380229,0.0,,0,75;76,2,,75,,
0,2,default_vehtype,route,False,5517.931671482828,5697.18820358063,2969;-1;-1,2981;-1;-1,2390.494272770268,0.6883553070731904,0.6881162576459133,0.0,,0,72;74,2,,,2969;7192;1664;337;1075;5648;5759;205;5793;1407;5826;7411;4686;5074;5295;5274;7181;604;603;602;3851;4573;1400;971;598;1368;591;585;940;1370;939;1903;983;3921;840;2881;5099;2878;1735;2581;370;361;2874;1887;4059;910;6541;3462;3648;2851;2850;1801;1560;5242;922;6385;3550;2981,2969:5517.931671482828;7192:5521.535314434775;1664:5524.789210434775;337:5532.549442434774;1075:5533.573282434774;5648:5534.374066434774;5759:5539.932394434774;205:5545.076650434774;5793:5549.198002434774;1407:5550.8181464347745;5826:5553.098458434774;7411:5555.997106434775;4686:5557.067818434774;5074:5564.0083304347745;5295:5564.238586434774;5274:5567.617402434775;7181:5572.126690434775;604:5575.705090434775;603:5576.768674434776;602:5577.621802434775;3851:5578.625194434775;4573:5582.931514434775;1400:5584.664194434775;971:5588.462626434774;598:5589.529882434775;1368:5590.490218434775;591:5596.361170434775;585:5609.532418434775;940:5616.112282434775;1370:5623.138906434775;939:5623.835578434775;1903:5624.657170434775;983:5625.639682434775;3921:5629.437826434775;840:5633.998666434775;2881:5640.629290434776;5099:5641.782154434775;2878:5642.910178434775;1735:5653.8944984347745;2581:5655.233914434774;370:5656.816762434774;361:5659.313866434774;2874:5659.899874434775;1887:5665.555258434774;4059:5667.474562434774;910:5671.990762434774;6541:5672.654890434775;3462:5674.868530434775;3648:5675.198290434774;2851:5679.8725304347745;2850:5680.8058904347745;1801:5684.101570434775;1560:5688.842050434775;5242:5690.524690434775;922:5691.440602434775;6385:5694.662242434775;3550:5694.924082434775;2981:5697.18820358063
0,4,default_vehtype,boarding,True,5637.741072525493,5667.741072525493,2967;-1;-1,2967;-1;-1,0.0,0.7688064428068201,0.7688064428068201,0.0,,0,71,1,,71,,
0,2,default_vehtype,boarding,True,5697.18820358063,5727.18820358063,2981;-1;-1,2981;-1;-1,0.0,0.6881162576459133,0.6881162576459133,0,,0,72;74,2,,72,,
0,2,default_vehtype,route,False,5727.18820358063,5763.3674440128325,2981;-1;-1,2979;-1;-1,176.13052741122,0.6881162576459133,0.6880986445931722,0.0,,0,74,1,,,2981;6320;7278;2411;6281;2286;2287;6538;2979,2981:5727.18820358063;6320:5730.561322434775;7278:5734.080082434775;2411:5739.915202434775;6281:5744.959316720489;2286:5749.726231006203;2287:5754.493145291917;6538:5759.537259577632;2979:5763.3674440128325
0,2,default_vehtype,boarding,True,5763.3674440128325,5793.3674440128325,2979;-1;-1,2979;-1;-1,0.0,0.6880986445931722,0.6880986445931722,0.0,,0,74,1,,74,,
0,3,default_vehtype,route,False,5520.0,5786.1307273643,2993;-1;-1,2986;-1;-1,2819.5054356152637,0.94334042085488,0.9430584703113185,0.0,,0,,0,,,2993;4483;6931;7616;3488;4485;5469;2998;901;1083;1355;1961;1721;2672;2790;5440;162;683;1096;3736;81;831;2413;1146;832;1880;1340;3638;1365;2574;7139;1693;1114;5299;7129;754;611;1812;1186;7311;3767;4527;3089;3131;5447;7352;414;122;3426;4305;793;118;3979;4275;103;6480;7360;2986,2993:5520;4483:5520.761419981901;6931:5522.0771479819;7616:5525.9734999819;3488:5527.2976519819;4485:5531.852299981901;5469:5532.213523981901;2998:5532.621979981901;901:5533.867507981901;1083:5536.657939981901;1355:5550.347227981901;1961:5551.329955981901;1721:5552.390011981901;2672:5558.528299981901;2790:5560.973131981901;5440:5564.387731981901;162:5568.540403981901;683:5569.111363981901;1096:5572.673563981902;3736:5572.936579981902;81:5576.785483981902;831:5587.632067981902;2413:5588.619763981902;1146:5589.433147981902;832:5590.241563981902;1880:5592.839251981902;1340:5604.372067981902;3638:5605.358539981901;1365:5607.300259981901;2574:5618.808139981901;7139:5625.074539981902;1693:5626.713139981902;1114:5643.053659981902;5299:5657.598859981901;7129:5658.949819981901;754:5702.509939981901;611:5703.758539981901;1812:5708.329699981901;1186:5709.506899981901;7311:5710.322539981901;3767:5712.328939981901;4527:5715.125779981901;3089:5723.535379981901;3131:5724.015619981901;5447:5726.403259981901;7352:5727.714619981901;414:5730.184339981901;122:5742.538699981901;3426:5743.792219981901;4305:5745.1945399819015;793:5757.310099981902;118:5763.174379981901;3979:5765.024923981901;4275:5765.616259981902;103:5766.759187981902;6480:5780.080915981902;7360:5785.582795981902;2986:5786.1307273643
0,3,default_vehtype,boarding,True,5786.1307273643,5816.1307273643,2986;-1;-1,2986;-1;-1,0.0,0.9430584703113185,0.9430584703113185,0.0,,0,77,1,77,,,
0,4,default_vehtype,route,False,5667.741072525493,5772.656206798283,2967;-1;-1,2970;-1;-1,1260.6748435775453,0.7688064428068201,0.7686803753224624,0.0,,0,,0,,,2967;3896;6788;5444;1716;2720;4210;1711;98;2497;7434;2760;542;1074;336;2759;1664;1659;4844;3270;4850;6823;1946;7401;3560;2970,2967:5667.741072525493;3896:5673.820618960268;6788:5675.087602960268;5444:5685.624010960268;1716:5688.414370960268;2720:5689.161010960268;4210:5690.059282960268;1711:5691.188962960268;98:5699.804770960268;2497:5701.315402960268;7434:5708.523250960268;2760:5715.061786960268;542:5722.589890960268;1074:5723.523298960268;336:5724.546418960268;2759:5729.276386960268;1664:5732.530282960268;1659:5737.289842960268;4844:5749.562362960269;3270:5751.435442960269;4850:5756.988562960269;6823:5764.468882960268;1946:5768.722162960268;7401:5769.921202960269;3560:5770.996762960269;2970:5772.656206798283
0,4,default_vehtype,boarding,True,5772.656206798283,5802.656206798283,2970;-1;-1,2970;-1;-1,0.0,0.7686803753224624,0.7686803753224624,0.0,,0,78,1,78,,,
0,0,default_vehtype,route,False,5646.998750256915,5860.511591999995,2978;-1;-1,2969;-1;-1,2609.13704257042,0.8197732491538215,0.8195123354495646,0.0,,0,73;80,2,,,2978;4103;6297;1434;3820;3877;2787;4993;6537;7281;2307;3549;6384;4032;1804;4811;5237;608;459;2416;4011;5246;363;366;2314;2877;1748;2880;906;984;2268;1857;1806;1371;938;5442;4054;2205;1369;2047;3631;4079;4572;4577;778;3636;3639;3642;7178;5275;5297;5072;1464;2847;5825;4587;5794;3202;2065;2023;4203;4198;336;2969,2978:5646.998750256915;4103:5649.617706951943;6297:5651.977026951942;1434:5657.936106951942;3820:5663.044746951942;3877:5664.952626951942;2787:5673.745146951942;4993:5674.794186951942;6537:5680.5940269519415;7281:5686.429146951941;2307:5689.947906951941;3549:5695.585146951941;6384:5695.846986951941;4032:5699.068626951941;1804:5699.984538951941;4811:5701.667178951941;5237:5706.407658951942;608:5715.273738951942;459:5715.603498951941;2416:5717.817138951941;4011:5718.4812669519415;5246:5724.406434951941;363:5731.315122951942;366:5732.720202951942;2314:5733.865074951942;2877:5747.036178951942;1748:5748.154698951942;2880:5749.316490951942;906:5761.5418029519415;984:5764.311498951942;2268:5765.059362951942;1857:5765.445282951941;1806:5766.107466951941;1371:5766.777642951941;938:5769.358770951941;5442:5779.079418951941;4054:5786.719410951941;2205:5792.471850951942;1369:5798.918010951942;2047:5799.861066951942;3631:5801.423898951942;4079:5802.491154951942;4572:5806.289586951942;4577:5808.022266951942;778:5812.328586951941;3636:5813.331978951941;3639:5814.185106951941;3642:5815.248690951941;7178:5818.8270909519415;5275:5823.336378951942;5297:5826.715194951942;5072:5826.945450951942;1464:5833.885962951942;2847:5834.956674951942;5825:5837.855322951942;4587:5840.135634951942;5794:5841.755778951942;3202:5845.8771309519425;2065:5851.021386951942;2023:5856.579714951942;4203:5857.380498951942;4198:5858.362146951942;336:5859.385266951942;2969:5860.511591999995
0,0,default_vehtype,boarding,True,5860.511591999995,5890.511591999995,2969;-1;-1,2969;-1;-1,0.0,0.8195123354495646,0.8195123354495646,0.0,,0,73;80,2,,73,,
0,1,default_vehtype,route,False,5684.476538236544,5909.854863319196,2986;-1;-1,2992;-1;-1,2665.0618483702333,0.8536673550380229,0.8534008488531859,0.0,,0,76,1,,,2986;3155;6029;5745;6035;5743;6038;6041;7365;6050;6068;6077;3629;4502;6912;2108;7370;7608;5900;3459;4818;5992;6047;5708;3884;3030;3347;7376;2207;3446;3720;5332;251;2711;3358;2296;5495;5697;5497;5500;670;5502;5512;5520;5531;6313;6632;6644;3793;6319;7102;3741;7384;6414;5446;2447;2571;42;2577;2566;3033;3036;2469;2404;2235;3762;5287;310;2280;1447;6261;3764;4397;4745;4182;4187;4191;4195;4202;4208;537;18;5629;1068;2559;6740;1717;2067;2063;1937;2992,2986:5684.476538236544;3155:5685.020414854146;6029:5685.981542854146;5745:5687.473166854146;6035:5689.396574854146;5743:5690.766014854146;6038:5692.7814388541465;6041:5694.0577108541465;7365:5700.720878854147;6050:5702.994422854146;6068:5707.220750854146;6077:5707.866446854146;3629:5709.423734854146;4502:5709.886622854146;6912:5715.0350548541455;2108:5716.931462854145;7370:5723.458190854145;7608:5723.687582854145;5900:5727.159278854145;3459:5727.914846854144;4818:5728.529726854144;5992:5729.006510854145;6047:5733.1950388541445;5708:5734.589318854145;3884:5737.128902854145;3030:5737.6269268541455;3347:5739.651134854145;7376:5740.086518854146;2207:5740.495406854146;3446:5743.318814854146;3720:5746.348502854145;5332:5747.339942854145;251:5748.087518854145;2711:5749.225334854145;3358:5751.4403428541455;2296:5759.741342854146;5495:5759.958182854146;5697:5761.061942854146;5497:5761.759382854146;5500:5764.666622854145;670:5766.064022854145;5502:5768.411462854145;5512:5771.933222854144;5520:5774.387222854144;5531:5776.084142854144;6313:5777.109182854145;6632:5779.406222854145;6644:5780.977502854145;3793:5782.826702854145;6319:5783.742422854145;7102:5784.220502854145;3741:5784.760142854145;7384:5792.419142854144;6414:5797.626302854144;5446:5799.894062854144;2447:5803.830182854144;2571:5811.4191028541445;42:5816.087102854144;2577:5816.759582854144;2566:5825.358662854144;3033:5825.989622854145;3036:5828.2591828541445;2469:5831.851502854144;2404:5835.175022854144;2235:5836.458422854144;3762:5836.881854854144;5287:5837.420918854144;310:5840.211134854144;2280:5840.810246854144;1447:5841.256142854144;6261:5845.134134854144;3764:5846.139830854144;4397:5846.690486854144;4745:5846.916782854144;4182:5851.370558854144;4187:5854.032614854144;4191:5854.770902854144;4195:5869.234190854144;4202:5870.236718854144;4208:5871.218366854144;537:5872.172366854144;18:5878.039934854143;5629:5883.889358854143;1068:5886.441758854143;2559:5893.492358854142;6740:5897.962982854142;1717:5903.796710854142;2067:5904.5344948541415;2063:5905.250750854141;1937:5908.520702854141;2992:5909.854863319196
0,1,default_vehtype,boarding,True,5909.854863319196,5939.854863319196,2992;-1;-1,2992;-1;-1,0.0,0.8534008488531859,0.8534008488531859,0.0,,0,76,1,,76,,
0,0,default_vehtype,route,False,5890.511591999995,5965.680406970037,2969;-1;-1,2993;-1;-1,1044.0113190284053,0.8195123354495646,0.8194079343176617,0.0,,0,80,1,,,2969;7192;1664;337;1075;537;18;5629;1068;2559;6740;1717;2067;2063;1937;6789;3895;5465;7450;2993,2969:5890.511591999995;7192:5894.115234951942;1664:5897.369130951942;337:5905.129362951941;1075:5906.153202951941;537:5907.107202951941;18:5912.974770951941;5629:5918.824194951941;1068:5921.37659495194;2559:5928.42719495194;6740:5932.897818951939;1717:5938.731546951939;2067:5939.469330951939;2063:5940.185586951939;1937:5943.455538951938;6789:5953.991946951938;3895:5955.258930951938;5465:5962.790850951938;7450:5963.775090951938;2993:5965.680406970037
0,0,default_vehtype,boarding,True,5965.680406970037,5995.680406970037,2993;-1;-1,2993;-1;-1,0.0,0.8194079343176617,0.8194079343176617,0.0,,0,80,1,,80,,
0,1,default_vehtype,route,False,5939.854863319196,5999.642251902195,2992;-1;-1,2969;-1;-1,830.3803969860979,0.8534008488531859,0.8533178108134872,0.0,,0,,0,,,2992;2526;5444;1716;2720;4210;1711;98;2497;7434;2760;542;1074;336;2969,2992:5939.854863319196;2526:5949.057110854142;5444:5959.593518854142;1716:5962.383878854142;2720:5963.130518854142;4210:5964.028790854142;1711:5965.158470854142;98:5973.774278854142;2497:5975.284910854142;7434:5982.492758854142;2760:5989.031294854142;542:5996.559398854142;1074:5997.492806854142;336:5998.515926854142;2969:5999.642251902195
0,2,default_vehtype,route,False,5793.3674440128325,5958.29359552988,2979;-1;-1,2974;-1;-1,1518.3813195196117,0.6880986445931722,0.6879468064612202,0.0,,0,,0,,,2979;2786;2307;3549;6384;4032;1804;4277;5239;6501;3911;5389;7301;3914;5398;5400;4040;4041;5374;5418;5424;5403;6546;1200;7312;3767;4527;3089;3131;5447;7352;414;122;3426;4305;793;118;3979;4275;103;6480;7360;3154;6028;2181;2180;146;2828;2974,2979:5793.3674440128325;2786:5795.372379577631;2307:5798.891139577631;3549:5804.528379577631;6384:5804.790219577631;4032:5808.011859577631;1804:5808.927771577632;4277:5810.515851577632;5239:5816.020491577632;6501:5821.983051577632;3911:5831.337891577632;5389:5832.403731577632;7301:5832.657651577632;3914:5833.841331577632;5398:5835.0181715776325;5400:5836.344771577633;4040:5845.649571577633;4041:5848.593891577632;5374:5852.846451577632;5418:5853.883731577632;5424:5854.027011577632;5403:5855.132331577632;6546:5859.359211577632;1200:5863.968291577632;7312:5865.462051577632;3767:5867.468451577633;4527:5870.2652915776325;3089:5878.6748915776325;3131:5879.155131577632;5447:5881.542771577632;7352:5882.854131577632;414:5885.323851577632;122:5897.678211577632;3426:5898.9317315776325;4305:5900.334051577633;793:5912.449611577633;118:5918.313891577633;3979:5920.1644355776325;4275:5920.755771577633;103:5921.898699577633;6480:5935.220427577633;7360:5940.722307577633;3154:5941.814115577633;6028:5942.775243577633;2181:5947.00730072049;2180:5951.239357863347;146:5952.200485863347;2828:5953.292293863347;2974:5958.29359552988
0,2,default_vehtype,boarding,True,5958.29359552988,5988.29359552988,2974;-1;-1,2974;-1;-1,0.0,0.6879468064612202,0.6879468064612202,0.0,,0,84,1,84,,,
0,3,default_vehtype,route,False,5816.1307273643,5960.05645671374,2986;-1;-1,2971;-1;-1,1571.402214676488,0.9430584703113185,0.9429013300898509,0.0,,0,77,1,,,2986;3155;6029;5745;6035;5743;6038;6041;7365;6050;6068;6077;3629;4502;6912;2108;7370;7608;5900;3459;4818;5992;6047;5708;3884;3030;3347;7376;2207;3446;3720;5332;251;2711;3358;2296;5495;5696;3307;3987;2396;886;808;1372;807;1375;108;1376;1380;373;2390;7391;5704;7389;2971,2986:5816.1307273643;3155:5816.674603981902;6029:5817.635731981902;5745:5819.127355981902;6035:5821.050763981902;5743:5822.420203981902;6038:5824.435627981902;6041:5825.711899981902;7365:5832.375067981902;6050:5834.648611981902;6068:5838.874939981902;6077:5839.520635981901;3629:5841.077923981901;4502:5841.540811981901;6912:5846.689243981901;2108:5848.585651981901;7370:5855.112379981901;7608:5855.341771981901;5900:5858.8134679819;3459:5859.5690359819;4818:5860.1839159819;5992:5860.6606999819005;6047:5864.8492279819;5708:5866.243507981901;3884:5868.783091981901;3030:5869.281115981901;3347:5871.305323981901;7376:5871.740707981901;2207:5872.149595981901;3446:5874.9730039819015;3720:5878.002691981901;5332:5878.994131981901;251:5879.741707981901;2711:5880.879523981901;3358:5883.094531981901;2296:5891.3955319819015;5495:5891.612371981902;5696:5892.375091981901;3307:5903.113531981901;3987:5909.940691981901;2396:5911.246651981901;886:5916.884251981901;808:5917.350451981901;1372:5918.2133719819;807:5919.3172519819;1375:5921.0014519819;108:5923.1418919819;1376:5924.942131981899;1380:5926.958731981899;373:5936.519731981899;2390:5939.064451981899;7391:5940.465091981899;5704:5942.830171981898;7389:5957.368411981898;2971:5960.05645671374
0,3,default_vehtype,boarding,True,5960.05645671374,5990.05645671374,2971;-1;-1,2971;-1;-1,0.0,0.9429013300898509,0.9429013300898509,0.0,,0,77;85,2,85,77,,
0,4,default_vehtype,route,False,5802.656206798283,5993.069936224612,2970;-1;-1,2980;-1;-1,2063.6293026972103,0.7686803753224624,0.7684740123921926,0.0,,0,78,1,,,2970;671;544;7400;5449;6824;4848;3271;4846;4989;5000;337;1075;5648;5759;205;5793;1407;5826;7411;4686;5074;5295;5274;7181;604;603;602;3851;4573;1400;971;598;1368;591;585;940;1370;939;1903;983;3921;840;2881;5099;1157;2058;2092;915;2980,2970:5802.656206798283;671:5803.686322960269;544:5806.375882960268;7400:5807.451442960269;5449:5808.650482960269;6824:5812.903762960269;4848:5820.384082960269;3271:5825.937202960268;4846:5827.8102829602685;4989:5840.082802960269;5000:5844.842362960269;337:5852.602594960269;1075:5853.626434960269;5648:5854.427218960269;5759:5859.985546960269;205:5865.1298029602685;5793:5869.251154960269;1407:5870.871298960269;5826:5873.151610960269;7411:5876.050258960269;4686:5877.120970960269;5074:5884.061482960269;5295:5884.291738960269;5274:5887.670554960269;7181:5892.1798429602695;604:5895.75824296027;603:5896.82182696027;602:5897.67495496027;3851:5898.67834696027;4573:5902.984666960269;1400:5904.717346960269;971:5908.515778960269;598:5909.583034960269;1368:5910.543370960269;591:5916.41432296027;585:5929.585570960269;940:5936.1654349602695;1370:5943.19205896027;939:5943.88873096027;1903:5944.71032296027;983:5945.6928349602695;3921:5949.49097896027;840:5954.05181896027;2881:5960.68244296027;5099:5961.83530696027;1157:5966.574449817413;2058:5972.364278388841;2092:5975.753421245984;915:5980.871592674555;2980:5993.069936224612
0,1,default_vehtype,boarding,True,5999.642251902195,6029.642251902195,2969;-1;-1,2969;-1;-1,0.0,0.8533178108134872,0.8533178108134872,0.0,,0,86,1,86,,,
0,2,default_vehtype,route,False,5988.29359552988,6036.80678883364,2974;-1;-1,2987;-1;-1,673.7943514411058,0.6879468064612202,0.6878794270260761,0.0,,0,84,1,,,2974;6479;7359;3154;6028;5745;6035;5743;6038;6041;7365;2179;3064;6023;3524;7356;4225;2987,2974:5988.29359552988;6479:5988.794173863347;7359:5994.296053863347;3154:5995.387861863347;6028:5996.348989863347;5745:5997.840613863347;6035:5999.764021863347;5743:6001.133461863347;6038:6003.1488858633475;6041:6004.4251578633475;7365:6011.088325863348;2179:6015.096565863348;3064:6016.398541863347;6023:6017.663221863348;3524:6019.404685863347;7356:6030.283525863348;4225:6034.868053863348;2987:6036.80678883364
0,4,default_vehtype,boarding,True,5993.069936224612,6023.069936224612,2980;-1;-1,2980;-1;-1,0.0,0.7684740123921926,0.7684740123921926,0.0,,0,78,1,,78,,
0,1,default_vehtype,route,False,6029.642251902195,6109.274634733059,2969;-1;-1,2990;-1;-1,728.1426288791162,0.8533178108134872,0.8532449965505994,0.0,,0,86,1,,,2969;7192;1664;1659;538;4990;4939;5252;3070;1657;4439;4842;1272;3423;4282;4975;6830;4349;4937;669;5061;7265;3848;534;2839;5449;2990,2969:6029.642251902195;7192:6033.245894854142;1664:6036.499790854142;1659:6041.259350854142;538:6042.410390854142;4990:6046.107470854142;4939:6047.498030854142;5252:6052.922750854142;3070:6053.9591908541415;1657:6061.475990854142;4439:6067.106150854142;4842:6071.490710854142;1272:6071.675630854142;3423:6072.8921908541415;4282:6076.669670854141;4975:6077.719430854141;6830:6078.4923508541415;4349:6079.041230854142;4937:6083.410790854142;669:6093.7181908541415;5061:6099.5265508541415;7265:6100.309790854141;3848:6101.284430854142;534:6105.329390854142;2839:6106.688030854142;5449:6107.887070854143;2990:6109.274634733059
0,2,default_vehtype,boarding,True,6036.80678883364,6066.80678883364,2987;-1;-1,2987;-1;-1,0.0,0.6878794270260761,0.6878794270260761,0.0,,0,84,1,,84,,
0,1,default_vehtype,boarding,True,6109.274634733059,6139.274634733059,2990;-1;-1,2990;-1;-1,0.0,0.8532449965505994,0.8532449965505994,0,,0,86,1,,86,,
0,3,default_vehtype,route,False,5990.05645671374,6237.476487286871,2971;-1;-1,2978;-1;-1,2561.389988109423,0.9429013300898509,0.94264519109104,0.0,,0,85,1,,,2971;3807;6875;885;316;2042;1982;6306;374;7114;3246;5330;661;445;6080;7381;364;3029;3886;5711;6045;2157;4817;456;5901;7605;2830;5852;6913;1321;597;2204;6066;6049;7367;2188;2186;5744;6033;5746;6031;146;2828;2376;3091;4274;880;3109;3874;4306;429;3125;3406;2825;1944;130;99;4526;714;2800;4339;2419;5404;5421;1925;1883;926;925;5399;1905;830;2795;918;3075;7097;7290;2736;1744;1164;2789;1182;2978,2971:5990.05645671374;3807:5991.432811981898;6875:5992.500811981899;885:5993.104171981899;316:5999.931331981898;2042:6010.6697719818985;1982:6011.432491981898;6306:6011.649331981898;374:6019.950331981899;7114:6022.165339981899;3246:6023.303155981899;5330:6024.050731981899;661:6025.042171981899;445:6028.071859981898;6080:6030.8952679818985;7381:6031.3041559818985;364:6031.739539981899;3029:6033.763747981899;3886:6034.261771981899;5711:6036.801355981899;6045:6038.1956359819;2157:6042.384163981899;4817:6042.8609479819;456:6043.4758279819;5901:6044.231395981899;7605:6047.703091981899;2830:6047.932483981899;5852:6054.459211981899;6913:6056.355619981899;1321:6061.504051981899;597:6061.966939981899;2204:6063.524227981899;6066:6064.169923981898;6049:6068.396251981898;7367:6070.669795981898;2188:6077.332963981898;2186:6078.609235981898;5744:6080.624659981898;6033:6081.994099981898;5746:6083.917507981898;6031:6085.409131981898;146:6086.370259981898;2828:6087.462067981898;2376:6092.963947981898;3091:6106.285675981898;4274:6107.428603981898;880:6108.0199399818985;3109:6109.870483981898;3874:6115.734763981898;4306:6127.850323981898;429:6129.2526439818985;3125:6130.506163981899;3406:6142.860523981899;2825:6145.330243981899;1944:6146.641603981899;130:6149.029243981899;99:6149.5094839818985;4526:6157.919083981898;714:6160.715923981898;2800:6162.722323981899;4339:6164.216083981899;2419:6168.825163981899;5404:6173.052043981899;5421:6174.157363981899;1925:6174.300643981899;1883:6175.337923981899;926:6179.590483981899;925:6182.534803981898;5399:6191.839603981898;1905:6193.166203981898;830:6194.3430439818985;2795:6195.526723981899;918:6196.668883981899;3075:6204.541843981899;7097:6205.391203981899;7290:6211.193323981899;2736:6219.911803981899;1744:6221.367043981899;1164:6232.475563981899;2789:6233.8873639818985;1182:6234.804283981898;2978:6237.476487286871
0,2,default_vehtype,route,False,6240.0,6290.704534696241,2987;-1;-1,2974;-1;-1,704.2296485588942,0.6878794270260761,0.6878090040612201,0.0,,0,,0,,,2987;4613;1084;7357;3525;6025;3063;6027;7362;2188;2186;5744;6033;5746;6031;146;2828;2974,2987:6240;4613:6241.596249029708;1084:6245.131233029708;7357:6249.715761029708;3525:6260.594601029708;6025:6262.336065029708;3063:6263.600745029708;6027:6264.902721029708;7362:6268.910961029708;2188:6275.574129029708;2186:6276.850401029708;5744:6278.8658250297085;6033:6280.235265029709;5746:6282.158673029709;6031:6283.650297029709;146:6284.611425029709;2828:6285.703233029709;2974:6290.704534696241
0,3,default_vehtype,boarding,True,6237.476487286871,6267.476487286871,2978;-1;-1,2978;-1;-1,0.0,0.94264519109104,0.94264519109104,0.0,,0,85;87,2,87,85,,
0,2,default_vehtype,boarding,True,6290.704534696241,6320.704534696241,2974;-1;-1,2974;-1;-1,0.0,0.6878090040612201,0.6878090040612201,0.0,,0,88,1,88,,,
0,3,default_vehtype,route,False,6267.476487286871,6336.454547984895,2978;-1;-1,2981;-1;-1,459.0023153406876,0.94264519109104,0.9425992908595059,0.0,,0,87,1,,,2978;4103;6297;1434;3820;3877;2787;4993;6537;7281;2307;3549;3552;536;535;533;2981,2978:6267.476487286871;4103:6270.095443981899;6297:6272.454763981898;1434:6278.413843981898;3820:6283.522483981898;3877:6285.430363981898;2787:6294.222883981898;4993:6295.271923981898;6537:6301.071763981898;7281:6306.906883981897;2307:6310.425643981897;3549:6316.062883981897;3552:6321.292141124754;536:6325.126655410469;535:6328.961169696183;533:6334.19042683904;2981:6336.454547984895
0,3,default_vehtype,boarding,True,6336.454547984895,6366.454547984895,2981;-1;-1,2981;-1;-1,0.0,0.9425992908595059,0.9425992908595059,0,,0,87,1,,87,,
0,0,default_vehtype,route,False,6420.0,6454.403924446956,2993;-1;-1,2992;-1;-1,477.8322839854968,0.8194079343176617,0.8193601510892631,0.0,,0,,0,,,2993;4483;7446;1960;816;6786;5444;1716;2720;4210;2067;2063;1937;2992,2993:6420;4483:6420.761419981901;7446:6423.428155981901;1960:6424.412395981901;816:6431.944315981901;6786:6433.211299981901;5444:6443.747707981901;1716:6446.538067981901;2720:6447.284707981901;4210:6448.182979981902;2067:6449.083555981902;2063:6449.799811981901;1937:6453.069763981901;2992:6454.403924446956
0,2,default_vehtype,route,False,6320.704534696241,6465.131881684285,2974;-1;-1,2982;-1;-1,1300.2674156418352,0.6878090040612201,0.687678977319656,0.0,,0,88,1,,,2974;6479;3091;4274;880;3109;3874;4306;429;3125;3406;2825;1944;130;99;4526;714;2800;4339;2419;5404;5421;1925;1883;926;925;5399;1905;830;2795;918;3075;7097;7290;2736;1744;1164;2789;1218;2982,2974:6320.704534696241;6479:6321.205113029709;3091:6334.5268410297085;4274:6335.669769029709;880:6336.261105029709;3109:6338.111649029709;3874:6343.975929029709;4306:6356.091489029709;429:6357.493809029709;3125:6358.747329029709;3406:6371.10168902971;2825:6373.57140902971;1944:6374.882769029709;130:6377.270409029709;99:6377.750649029709;4526:6386.160249029709;714:6388.957089029709;2800:6390.963489029709;4339:6392.45724902971;2419:6397.06632902971;5404:6401.29320902971;5421:6402.39852902971;1925:6402.54180902971;1883:6403.579089029709;926:6407.831649029709;925:6410.775969029709;5399:6420.080769029709;1905:6421.407369029709;830:6422.584209029709;2795:6423.767889029709;918:6424.91004902971;3075:6432.783009029709;7097:6433.6323690297095;7290:6439.43448902971;2736:6448.15296902971;1744:6449.60820902971;1164:6460.71672902971;2789:6462.12852902971;1218:6463.25172902971;2982:6465.131881684285
0,0,default_vehtype,boarding,True,6454.403924446956,6484.403924446956,2992;-1;-1,2992;-1;-1,0.0,0.8193601510892631,0.8193601510892631,0,,0,89,1,89,,,
0,2,default_vehtype,boarding,True,6465.131881684285,6495.131881684285,2982;-1;-1,2982;-1;-1,0.0,0.687678977319656,0.687678977319656,0,,0,88,1,,88,,
0,2,default_vehtype,boarding,True,6540,6570,2982;-1;-1,2982;-1;-1,0.0,0.687678977319656,0.687678977319656,0,,0,90,1,90,,,
0,2,default_vehtype,route,False,6570.0,6617.505301956449,2982;-1;-1,2983;-1;-1,395.8775163037552,0.687678977319656,0.6876393895680256,0.0,,0,90,1,,,2982;2809;7010;820;7498;276;2915;2661;7517;6201;7314;2983,2982:6570;2809:6575.700967345425;7010:6578.608447345425;820:6580.589407345425;7498:6581.0574073454245;276:6581.169007345425;2915:6592.515007345424;2661:6599.748367345424;7517:6607.060327345424;6201:6607.921447345424;7314:6614.816767345424;2983:6617.505301956449
0,2,default_vehtype,boarding,True,6617.505301956449,6647.505301956449,2983;-1;-1,2983;-1;-1,0.0,0.6876393895680256,0.6876393895680256,0.0,,0,90,1,,90,,
0,0,default_vehtype,route,False,6484.403924446956,6682.467017246246,2992;-1;-1,2980;-1;-1,2377.7959948882412,0.8193601510892631,0.8191223714897743,0.0,,0,89,1,,,2992;2526;5444;1716;2720;4210;1711;98;2497;7434;2760;542;1074;4204;5649;5760;205;5793;1407;5826;7411;4686;5074;5295;5274;7181;604;603;602;3851;4573;1400;971;598;1368;591;585;940;1370;939;1903;983;3921;840;2881;5099;1157;2058;2092;915;2980,2992:6484.403924446956;2526:6493.606171981902;5444:6504.142579981902;1716:6506.932939981902;2720:6507.679579981902;4210:6508.577851981902;1711:6509.707531981902;98:6518.323339981902;2497:6519.833971981902;7434:6527.041819981902;2760:6533.580355981902;542:6541.108459981902;1074:6542.041867981902;4204:6543.023515981902;5649:6543.824299981902;5760:6549.382627981902;205:6554.526883981902;5793:6558.648235981902;1407:6560.268379981902;5826:6562.548691981902;7411:6565.447339981903;4686:6566.518051981902;5074:6573.458563981902;5295:6573.688819981902;5274:6577.067635981903;7181:6581.576923981903;604:6585.155323981903;603:6586.218907981904;602:6587.072035981903;3851:6588.075427981903;4573:6592.381747981903;1400:6594.114427981903;971:6597.912859981902;598:6598.980115981903;1368:6599.940451981903;591:6605.811403981903;585:6618.982651981903;940:6625.562515981903;1370:6632.589139981903;939:6633.285811981903;1903:6634.107403981903;983:6635.089915981903;3921:6638.888059981903;840:6643.448899981903;2881:6650.079523981904;5099:6651.232387981903;1157:6655.971530839046;2058:6661.761359410474;2092:6665.150502267617;915:6670.268673696189;2980:6682.467017246246
0,0,default_vehtype,boarding,True,6682.467017246246,6712.467017246246,2980;-1;-1,2980;-1;-1,0.0,0.8191223714897743,0.8191223714897743,0.0,,0,89,1,,89,,
0,3,default_vehtype,route,False,6660.0,6720.0,2981;-1;-1,2314;2877;0.965,696.8811174769601,0.9425992908595059,0.9425296027477582,0.0,,0,,0,,,2981;6320;3549;6384;4032;1804;4811;5237;608;459;2416;4011;5246;363;366;2314,2981:6660;6320:6663.373118854145;3549:6669.010358854145;6384:6669.272198854145;4032:6672.493838854145;1804:6673.409750854145;4811:6675.092390854145;5237:6679.832870854146;608:6688.698950854146;459:6689.028710854145;2416:6691.242350854145;4011:6691.9064788541455;5246:6697.831646854145;363:6704.740334854146;366:6706.145414854146;2314:6707.290286854146
0,4,default_vehtype,route,False,6660.0,6720.0,2980;-1;-1,2579;2961;0.836,116.66666666666687,0.7684740123921926,0.768462345725526,0.0,,0,,0,,,2980;914;2135;1730;2664;2579,2980:6660;914:6675.882170735657;2135:6683.833027878514;1730:6699.289370735657;2664:6701.111485021372;2579:6705.987427878515
0,1,default_vehtype,route,False,6600,6753.950484810419,2990;-1;-1,2973;-1;-1,1527.4185328053675,0.8532449965505994,0.8530922546973189,0.0,,0,,0,,,2990;2552;1946;7401;3560;3731;662;7398;3491;6933;7394;6989;7392;5704;7389;3806;2573;885;316;2042;1982;6306;374;7114;3246;5330;661;445;6080;7381;364;3029;3886;5711;6045;2157;4817;456;5901;7605;2830;1420;1084;2973,2990:6600;2552:6602.865716121083;1946:6607.118996121083;7401:6608.318036121083;3560:6609.393596121084;3731:6612.083156121083;662:6634.532876121083;7398:6638.052116121083;3491:6644.376836121082;6933:6645.288596121082;7394:6650.650196121082;6989:6651.2445561210825;7392:6660.4556361210825;5704:6662.820716121082;7389:6677.358956121082;3806:6681.423356121082;2573:6682.491356121082;885:6683.0947161210825;316:6689.921876121082;2042:6700.660316121082;1982:6701.423036121082;6306:6701.639876121082;374:6709.9408761210825;7114:6712.155884121083;3246:6713.293700121083;5330:6714.041276121083;661:6715.032716121083;445:6718.062404121082;6080:6720.885812121082;7381:6721.294700121082;364:6721.730084121083;3029:6723.7542921210825;3886:6724.252316121083;5711:6726.791900121083;6045:6728.186180121083;2157:6732.374708121083;4817:6732.8514921210835;456:6733.466372121084;5901:6734.221940121083;7605:6737.693636121083;2830:6737.923028121083;1420:6749.628140121083;1084:6753.163124121083;2973:6753.950484810419
0,1,default_vehtype,boarding,True,6753.950484810419,6783.950484810419,2973;-1;-1,2973;-1;-1,0.0,0.8530922546973189,0.8530922546973189,0.0,,0,92,1,92,,,
0,2,default_vehtype,route,False,6647.505301956449,6800.98202403476,2983;-1;-1,2973;-1;-1,1712.1141100377936,0.6876393895680256,0.6874681781570218,0.0,,0,,0,,,2983;7527;2803;7558;2806;4344;2996;3013;7322;2804;3061;1173;3425;4304;793;118;3979;4275;103;6480;7360;3154;6028;5745;6035;5743;6038;6041;7365;6050;6068;6077;3629;4502;6912;2108;7370;1420;1084;2973,2983:6647.505301956449;7527:6652.0322473454235;2803:6659.587207345424;7558:6666.982207345424;2806:6674.8160473454245;4344:6676.019047345425;2996:6678.062527345425;3013:6682.847647345425;7322:6686.858287345425;2804:6690.185047345425;3061:6696.853087345425;1173:6702.451447345425;3425:6703.634407345425;4304:6705.036727345425;793:6717.152287345425;118:6723.016567345425;3979:6724.867111345425;4275:6725.458447345425;103:6726.601375345425;6480:6739.923103345425;7360:6745.424983345425;3154:6746.516791345425;6028:6747.477919345425;5745:6748.969543345425;6035:6750.892951345425;5743:6752.262391345425;6038:6754.277815345426;6041:6755.554087345426;7365:6762.217255345426;6050:6764.490799345425;6068:6768.717127345425;6077:6769.362823345425;3629:6770.920111345425;4502:6771.382999345425;6912:6776.531431345425;2108:6778.427839345424;7370:6784.954567345424;1420:6796.659679345424;1084:6800.194663345424;2973:6800.98202403476
0,2,default_vehtype,boarding,True,6800.98202403476,6830.98202403476,2973;-1;-1,2973;-1;-1,0.0,0.6874681781570218,0.6874681781570218,0.0,,0,91,1,91,,,
0,3,default_vehtype,route,False,6720.0,6869.759346377224,2314;2877;0.965,2968;-1;-1,2079.990921905906,0.9425296027477582,0.9423216036555676,0.0,,0,,0,,,2314;2877;1748;2880;906;984;2268;1857;1806;1371;938;5442;4054;2205;1369;2047;3631;4079;4572;4577;778;3636;3639;3642;7178;5275;5297;5072;1464;2847;5825;4587;5794;3202;2065;2023;4203;537;18;5629;1068;2559;6740;1717;2067;2720;4210;1711;2968,2314:6720;2877:6720.461390854146;1748:6721.579910854146;2880:6722.741702854146;906:6734.967014854145;984:6737.736710854146;2268:6738.484574854146;1857:6738.870494854145;1806:6739.532678854145;1371:6740.202854854145;938:6742.783982854145;5442:6752.504630854145;4054:6760.144622854145;2205:6765.897062854146;1369:6772.343222854146;2047:6773.286278854146;3631:6774.849110854146;4079:6775.916366854146;4572:6779.714798854146;4577:6781.447478854146;778:6785.753798854145;3636:6786.757190854145;3639:6787.610318854145;3642:6788.673902854145;7178:6792.2523028541455;5275:6796.761590854146;5297:6800.140406854146;5072:6800.370662854146;1464:6807.311174854146;2847:6808.381886854146;5825:6811.280534854146;4587:6813.560846854146;5794:6815.180990854146;3202:6819.302342854146;2065:6824.446598854146;2023:6830.004926854146;4203:6830.805710854146;537:6831.759710854146;18:6837.6272788541455;5629:6843.4767028541455;1068:6846.029102854145;2559:6853.079702854145;6740:6857.550326854144;1717:6863.384054854144;2067:6864.121838854144;2720:6864.885254854144;4210:6865.783526854144;1711:6866.913206854144;2968:6869.759346377224
0,3,default_vehtype,boarding,True,6869.759346377224,6899.759346377224,2968;-1;-1,2968;-1;-1,0.0,0.9423216036555676,0.9423216036555676,0.0,,0,94,1,94,,,
0,3,default_vehtype,route,False,6899.759346377224,6933.003489923517,2968;-1;-1,2991;-1;-1,461.72421592074585,0.9423216036555676,0.9422754312339755,0.0,,0,94,1,,,2968;98;2497;7434;2760;542;1074;4204;537;2991,2968:6899.759346377224;98:6905.529014854144;2497:6907.039646854145;7434:6914.247494854145;2760:6920.786030854145;542:6928.314134854145;1074:6929.247542854145;4204:6930.229190854145;537:6931.183190854144;2991:6933.003489923517
0,4,default_vehtype,route,False,6720.0,6940.0016795881165,2579;2961;0.836,2966;-1;-1,1872.615443643557,0.768462345725526,0.7682750841811616,0.0,,0,,0,,,2579;2961;2407;2581;370;361;2874;1887;1805;363;366;2314;2877;1748;2880;906;984;2268;1857;1806;1371;938;5442;4054;2205;1369;2047;1337;1873;1939;665;666;1885;668;1415;1041;1623;1383;2333;2966,2579:6720;2961:6722.758285021372;2407:6728.007085021372;2581:6736.494342164229;370:6738.077190164229;361:6740.574294164229;2874:6741.1603021642295;1887:6746.815686164229;1805:6747.846366164229;363:6754.7550541642295;366:6756.16013416423;2314:6757.30500616423;2877:6770.47611016423;1748:6771.59463016423;2880:6772.75642216423;906:6784.981734164229;984:6787.7514301642295;2268:6788.4992941642295;1857:6788.885214164229;1806:6789.547398164229;1371:6790.217574164229;938:6792.798702164228;5442:6802.519350164229;4054:6810.159342164229;2205:6815.911782164229;1369:6822.35794216423;2047:6823.30099816423;1337:6824.26234216423;1873:6840.73975816423;1939:6841.08075016423;665:6841.60282216423;666:6842.47193416423;1885:6843.457758164231;668:6856.82815816423;1415:6857.45722216423;1041:6874.143736449944;1623:6878.526993592802;1383:6889.61242216423;2333:6929.766307878516;2966:6940.0016795881165
0,1,default_vehtype,route,False,6783.950484810419,6993.968948586134,2973;-1;-1,2992;-1;-1,2451.7304413294187,0.8530922546973189,0.8528470816531859,0.0,,0,92,1,,,2973;7354;4225;4614;7369;7607;5900;3459;4818;5992;6047;5708;3884;3030;3347;7376;2207;3446;3720;5332;251;2711;3358;2296;5495;5697;5497;5500;670;5502;5512;5520;5531;6313;6632;6644;3793;6319;7102;3741;7384;6414;5446;2447;2571;42;2577;2566;3033;3036;2469;2404;2235;3762;5287;310;2280;1447;6261;3764;4397;4745;4182;4187;4191;4195;4202;4208;537;18;5629;1068;2559;6740;1717;2067;2063;1937;2992,2973:6783.950484810419;7354:6787.747652121083;4225:6792.332180121083;4614:6795.867164121083;7369:6807.572276121083;7607:6807.801668121083;5900:6811.2733641210825;3459:6812.028932121082;4818:6812.643812121082;5992:6813.120596121083;6047:6817.309124121082;5708:6818.703404121083;3884:6821.242988121083;3030:6821.741012121083;3347:6823.765220121083;7376:6824.200604121083;2207:6824.609492121083;3446:6827.432900121084;3720:6830.462588121083;5332:6831.454028121083;251:6832.201604121083;2711:6833.339420121083;3358:6835.554428121083;2296:6843.855428121084;5495:6844.072268121084;5697:6845.176028121084;5497:6845.8734681210835;5500:6848.780708121083;670:6850.178108121083;5502:6852.5255481210825;5512:6856.047308121082;5520:6858.501308121082;5531:6860.198228121082;6313:6861.223268121083;6632:6863.520308121083;6644:6865.091588121083;3793:6866.940788121083;6319:6867.856508121083;7102:6868.334588121083;3741:6868.8742281210825;7384:6876.533228121082;6414:6881.740388121082;5446:6884.008148121082;2447:6887.944268121082;2571:6895.533188121082;42:6900.201188121082;2577:6900.873668121082;2566:6909.472748121082;3033:6910.1037081210825;3036:6912.373268121082;2469:6915.965588121082;2404:6919.289108121082;2235:6920.572508121082;3762:6920.995940121082;5287:6921.535004121081;310:6924.325220121082;2280:6924.9243321210815;1447:6925.370228121082;6261:6929.248220121081;3764:6930.253916121082;4397:6930.804572121082;4745:6931.030868121082;4182:6935.484644121082;4187:6938.146700121082;4191:6938.884988121082;4195:6953.348276121082;4202:6954.350804121082;4208:6955.332452121082;537:6956.286452121081;18:6962.154020121081;5629:6968.003444121081;1068:6970.555844121081;2559:6977.60644412108;6740:6982.07706812108;1717:6987.910796121079;2067:6988.648580121079;2063:6989.364836121079;1937:6992.634788121079;2992:6993.968948586134
0,3,default_vehtype,boarding,True,6933.003489923517,6963.003489923517,2991;-1;-1,2991;-1;-1,0.0,0.9422754312339755,0.9422754312339755,0.0,,0,94;96,2,96,94,,
0,4,default_vehtype,boarding,True,6940.0016795881165,6970.0016795881165,2966;-1;-1,2966;-1;-1,0.0,0.7682750841811616,0.7682750841811616,0.0,,0,93,1,93,,,
0,0,default_vehtype,route,False,6840.0,7063.418547529396,2980;-1;-1,2985;-1;-1,1496.5056287244038,0.8191223714897743,0.818972720926902,0.0,,0,,0,,,2980;914;2135;1730;2664;2579;2961;2407;2581;370;361;2874;1887;4059;910;6541;3462;3648;2851;2850;1801;1560;5242;4277;5239;6501;3911;5389;7301;3914;5398;5400;4040;4041;5374;5418;5424;5403;6546;1200;7312;3767;4527;3089;3131;5447;7352;414;122;3426;4305;793;118;3979;2985,2980:6840;914:6855.882170735657;2135:6863.833027878514;1730:6879.289370735657;2664:6881.111485021372;2579:6885.987427878515;2961:6902.758285021372;2407:6908.007085021372;2581:6916.494342164229;370:6918.077190164229;361:6920.574294164229;2874:6921.1603021642295;1887:6926.815686164229;4059:6928.734990164229;910:6933.251190164229;6541:6933.91531816423;3462:6936.1289581642295;3648:6936.458718164229;2851:6941.132958164229;2850:6942.066318164229;1801:6945.36199816423;1560:6950.10247816423;5242:6951.78511816423;4277:6953.37319816423;5239:6958.8778381642305;6501:6964.8403981642305;3911:6974.19523816423;5389:6975.261078164231;7301:6975.514998164231;3914:6976.698678164231;5398:6977.875518164231;5400:6979.202118164231;4040:6988.506918164231;4041:6991.451238164231;5374:6995.703798164231;5418:6996.74107816423;5424:6996.88435816423;5403:6997.98967816423;6546:7002.21655816423;1200:7006.82563816423;7312:7008.319398164231;3767:7010.325798164231;4527:7013.122638164231;3089:7021.532238164231;3131:7022.012478164231;5447:7024.400118164231;7352:7025.71147816423;414:7028.18119816423;122:7040.535558164231;3426:7041.789078164231;4305:7043.191398164231;793:7055.306958164231;118:7061.171238164231;3979:7063.021782164231;2985:7063.418547529396
0,1,default_vehtype,boarding,True,6993.968948586134,7023.968948586134,2992;-1;-1,2992;-1;-1,0.0,0.8528470816531859,0.8528470816531859,0.0,,0,92,1,,92,,
0,2,default_vehtype,route,False,6830.98202403476,7020.195312,2973;-1;-1,2982;-1;-1,1922.294373658451,0.6874681781570218,0.6872759487196559,0.0,,0,91,1,,,2973;7354;3525;6025;3063;6027;7362;2188;2186;5744;6033;5746;6031;146;2828;2376;3091;4274;880;3109;3874;4306;429;3125;3406;2825;1944;130;99;4526;714;2800;4339;2419;5404;5421;1925;1883;926;925;5399;1905;830;2795;918;3075;7097;7290;2736;1744;1164;2789;1218;2982,2973:6830.98202403476;7354:6834.779191345424;3525:6845.658031345424;6025:6847.399495345424;3063:6848.664175345424;6027:6849.966151345424;7362:6853.974391345424;2188:6860.637559345424;2186:6861.913831345424;5744:6863.929255345424;6033:6865.298695345425;5746:6867.222103345424;6031:6868.713727345425;146:6869.6748553454245;2828:6870.766663345425;2376:6876.268543345424;3091:6889.590271345424;4274:6890.7331993454245;880:6891.324535345425;3109:6893.175079345425;3874:6899.039359345425;4306:6911.154919345425;429:6912.557239345425;3125:6913.810759345425;3406:6926.165119345425;2825:6928.6348393454255;1944:6929.946199345425;130:6932.333839345425;99:6932.814079345425;4526:6941.223679345425;714:6944.020519345425;2800:6946.026919345425;4339:6947.520679345425;2419:6952.129759345426;5404:6956.356639345426;5421:6957.461959345425;1925:6957.605239345426;1883:6958.642519345425;926:6962.895079345425;925:6965.839399345425;5399:6975.144199345425;1905:6976.470799345425;830:6977.647639345425;2795:6978.831319345425;918:6979.973479345425;3075:6987.846439345425;7097:6988.695799345425;7290:6994.4979193454255;2736:7003.216399345425;1744:7004.671639345425;1164:7015.780159345425;2789:7017.191959345425;1218:7018.315159345425;2982:7020.195312
0,2,default_vehtype,boarding,True,7020.195312,7050.195312,2982;-1;-1,2982;-1;-1,0.0,0.6872759487196559,0.6872759487196559,0.0,,0,91,1,,91,,
0,0,default_vehtype,boarding,True,7063.418547529396,7093.418547529396,2985;-1;-1,2985;-1;-1,0.0,0.818972720926902,0.818972720926902,0.0,,0,95,1,95,,,
0,2,default_vehtype,route,False,7050.195312,7138.24153168905,2982;-1;-1,2976;-1;-1,682.7307831230402,0.6872759487196559,0.6872076756413436,0.0,,0,,0,,,2982;2809;7010;820;7498;276;2915;2661;7517;6201;7314;7529;2803;7558;2806;4344;1199;1204;7329;2976,2982:7050.195312;2809:7055.896279345425;7010:7058.803759345425;820:7060.7847193454245;7498:7061.252719345424;276:7061.3643193454245;2915:7072.710319345424;2661:7079.943679345424;7517:7087.255639345424;6201:7088.116759345424;7314:7095.012079345423;7529:7102.227559345423;2803:7109.782519345424;7558:7117.177519345424;2806:7125.011359345424;4344:7126.214359345425;1199:7130.204702202567;1204:7134.19504505971;7329:7135.39804505971;2976:7138.24153168905
0,0,default_vehtype,route,False,7093.418547529396,7156.090389134524,2985;-1;-1,2987;-1;-1,870.4422445156584,0.818972720926902,0.8188856767024504,0.0,,0,95,1,,,2985;1140;103;6480;7360;3154;6028;5745;6035;5743;6038;6041;7365;2179;3064;6023;3524;7356;4225;2987,2985:7093.418547529396;1140:7093.613118164231;103:7094.7560461642315;6480:7108.077774164231;7360:7113.579654164231;3154:7114.671462164231;6028:7115.632590164231;5745:7117.1242141642315;6035:7119.047622164231;5743:7120.4170621642315;6038:7122.432486164232;6041:7123.708758164232;7365:7130.371926164232;2179:7134.380166164232;3064:7135.682142164232;6023:7136.946822164232;3524:7138.688286164232;7356:7149.567126164232;4225:7154.151654164232;2987:7156.090389134524
0,0,default_vehtype,boarding,True,7156.090389134524,7186.090389134524,2987;-1;-1,2987;-1;-1,0.0,0.8188856767024504,0.8188856767024504,0.0,,0,95,1,,95,,
0,2,default_vehtype,boarding,True,7138.24153168905,7168.24153168905,2976;-1;-1,2976;-1;-1,0.0,0.6872076756413436,0.6872076756413436,0.0,,0,98,1,98,,,
0,0,default_vehtype,route,False,7186.090389134524,7217.712861721254,2987;-1;-1,2988;-1;-1,439.2010081490083,0.8188856767024504,0.8188417566016354,0.0,,0,,0,,,2987;4613;7368;7606;5900;3459;4818;5992;6047;5708;3884;3030;3347;7376;2207;2988,2987:7186.090389134524;4613:7187.686638164232;7368:7199.391750164232;7606:7199.621142164232;5900:7203.092838164232;3459:7203.848406164231;4818:7204.463286164231;5992:7204.940070164232;6047:7209.128598164231;5708:7210.522878164232;3884:7213.062462164232;3030:7213.560486164232;3347:7215.584694164232;7376:7216.0200781642325;2207:7216.428966164232;2988:7217.712861721254
0,0,default_vehtype,boarding,True,7217.712861721254,7247.712861721254,2988;-1;-1,2988;-1;-1,0.0,0.8188417566016354,0.8188417566016354,0.0,,0,99,1,99,,,
0,3,default_vehtype,route,False,6963.003489923517,7255.247709465168,2991;-1;-1,2983;-1;-1,3171.84052357281,0.9422754312339755,0.9419582471816181,0.0,,0,96,1,,,2991;3010;5658;3008;4585;330;4588;5827;7412;4686;5074;5295;5274;7181;604;603;602;3851;4573;1400;971;598;1368;591;585;940;1370;939;1903;983;3921;840;2881;5099;2878;1735;2581;370;361;2874;1887;4059;910;6541;3462;3648;2851;2850;1801;1560;5242;922;6385;3550;6322;7280;2411;1661;7283;796;751;4635;6299;4102;4325;7285;1218;7334;7010;820;7498;276;2915;2661;7517;6201;7314;2983,2991:6963.003489923517;3010:6967.050758854144;5658:6967.858358854144;3008:6975.9612388541445;4585:6998.289518854144;330:7007.885198854145;4588:7008.457598854145;5827:7010.7379108541445;7412:7013.636558854145;4686:7014.707270854145;5074:7021.647782854145;5295:7021.8780388541445;5274:7025.256854854145;7181:7029.766142854145;604:7033.344542854145;603:7034.408126854146;602:7035.261254854146;3851:7036.264646854145;4573:7040.570966854145;1400:7042.303646854145;971:7046.102078854145;598:7047.169334854145;1368:7048.129670854145;591:7054.000622854145;585:7067.171870854145;940:7073.751734854145;1370:7080.778358854145;939:7081.475030854145;1903:7082.296622854145;983:7083.279134854145;3921:7087.077278854145;840:7091.638118854145;2881:7098.268742854146;5099:7099.4216068541455;2878:7100.549630854145;1735:7111.533950854145;2581:7112.8733668541445;370:7114.4562148541445;361:7116.9533188541445;2874:7117.539326854145;1887:7123.194710854144;4059:7125.114014854144;910:7129.6302148541445;6541:7130.294342854145;3462:7132.507982854145;3648:7132.837742854144;2851:7137.511982854145;2850:7138.445342854145;1801:7141.741022854145;1560:7146.481502854145;5242:7148.164142854145;922:7149.080054854146;6385:7152.301694854145;3550:7152.5635348541455;6322:7158.2007748541455;7280:7161.719534854145;2411:7167.554654854145;1661:7173.354494854145;7283:7174.403534854145;796:7183.196054854145;751:7185.103934854144;4635:7190.212574854145;6299:7196.171654854144;4102:7198.530974854144;4325:7203.822134854144;7285:7204.739054854143;1218:7205.862254854143;7334:7213.443374854143;7010:7216.350854854143;820:7218.331814854143;7498:7218.799814854143;276:7218.911414854143;2915:7230.257414854143;2661:7237.490774854143;7517:7244.802734854143;6201:7245.663854854142;7314:7252.559174854142;2983:7255.247709465168
0,4,default_vehtype,route,False,6970.0016795881165,7255.45671354505,2966;-1;-1,2974;-1;-1,2330.1594114887325,0.7682750841811616,0.7680420682400128,0.0,,0,93,1,,,2966;2743;2631;2150;735;738;1096;3736;81;831;2413;1146;832;1880;1340;3638;1365;2574;7139;1693;1114;5299;7129;754;611;1812;1186;7311;3767;4527;3089;3131;5447;7352;414;122;3426;4305;793;118;3979;4275;103;6480;7360;3154;6028;2181;2180;146;2828;2974,2966:6970.0016795881165;2743:6977.845507878516;2631:6981.856936449945;2150:6998.787222164231;735:7009.269393592803;738:7015.437222164232;1096:7024.976193592803;3736:7025.239209592803;81:7029.088113592803;831:7039.934697592803;2413:7040.922393592803;1146:7041.735777592803;832:7042.544193592803;1880:7045.141881592803;1340:7056.674697592803;3638:7057.661169592802;1365:7059.602889592802;2574:7071.110769592802;7139:7077.377169592803;1693:7079.015769592803;1114:7095.356289592803;5299:7109.901489592802;7129:7111.252449592802;754:7154.812569592802;611:7156.061169592802;1812:7160.632329592802;1186:7161.809529592802;7311:7162.625169592802;3767:7164.631569592802;4527:7167.428409592802;3089:7175.838009592802;3131:7176.318249592802;5447:7178.705889592802;7352:7180.017249592802;414:7182.486969592802;122:7194.841329592802;3426:7196.094849592802;4305:7197.4971695928025;793:7209.612729592803;118:7215.4770095928025;3979:7217.327553592802;4275:7217.918889592803;103:7219.061817592803;6480:7232.383545592803;7360:7237.885425592803;3154:7238.977233592803;6028:7239.938361592803;2181:7244.17041873566;2180:7248.402475878517;146:7249.363603878517;2828:7250.455411878517;2974:7255.45671354505
0,3,default_vehtype,boarding,True,7255.247709465168,7285.247709465168,2983;-1;-1,2983;-1;-1,0.0,0.9419582471816181,0.9419582471816181,0.0,,0,96,1,,96,,
0,4,default_vehtype,boarding,True,7255.45671354505,7285.45671354505,2974;-1;-1,2974;-1;-1,0.0,0.7680420682400128,0.7680420682400128,0.0,,0,93,1,,93,,
0,0,default_vehtype,route,False,7247.712861721254,7334.335826896071,2988;-1;-1,2971;-1;-1,775.5304900289431,0.8188417566016354,0.8187642035526325,0.0,,0,99,1,,,2988;3447;3721;5333;251;2711;3358;2296;5495;5696;3307;3987;2396;886;808;1372;807;1375;108;1376;1380;373;2390;7391;5704;7389;2971,2988:7247.712861721254;3447:7249.252374164233;3721:7252.282062164232;5333:7253.273502164232;251:7254.021078164232;2711:7255.158894164232;3358:7257.373902164232;2296:7265.674902164233;5495:7265.891742164233;5696:7266.654462164232;3307:7277.3929021642325;3987:7284.220062164232;2396:7285.526022164232;886:7291.163622164232;808:7291.629822164232;1372:7292.4927421642315;807:7293.596622164231;1375:7295.280822164231;108:7297.421262164231;1376:7299.2215021642305;1380:7301.23810216423;373:7310.79910216423;2390:7313.34382216423;7391:7314.74446216423;5704:7317.109542164229;7389:7331.647782164229;2971:7334.335826896071
0,0,default_vehtype,boarding,True,7334.335826896071,7364.335826896071,2971;-1;-1,2971;-1;-1,0.0,0.8187642035526325,0.8187642035526325,0.0,,0,99,1,,99,,
0,2,default_vehtype,route,False,7168.24153168905,7352.8054488767175,2976;-1;-1,2972;-1;-1,2043.130505705974,0.6872076756413436,0.687003362590773,0.0,,0,98,1,,,2976;7557;2806;4344;2996;3013;7322;2804;3061;1173;3425;4304;793;118;3979;4275;103;6480;7360;3154;6028;5745;6035;5743;6038;6041;7365;6050;6068;6077;3629;4502;6912;2108;7370;7608;5900;3459;4818;5992;6047;5708;3884;3030;3347;7376;2207;3446;3720;5332;251;2711;3358;2296;5681;2294;2035;6308;374;7114;3246;5330;661;445;2972,2976:7168.24153168905;7557:7173.23188505971;2806:7181.0657250597105;4344:7182.268725059711;2996:7184.312205059711;3013:7189.097325059711;7322:7193.107965059711;2804:7196.434725059711;3061:7203.102765059711;1173:7208.701125059711;3425:7209.884085059711;4304:7211.286405059711;793:7223.401965059711;118:7229.266245059711;3979:7231.116789059711;4275:7231.708125059711;103:7232.851053059711;6480:7246.172781059711;7360:7251.674661059711;3154:7252.766469059711;6028:7253.727597059711;5745:7255.219221059711;6035:7257.142629059711;5743:7258.512069059711;6038:7260.527493059712;6041:7261.803765059712;7365:7268.466933059712;6050:7270.740477059711;6068:7274.966805059711;6077:7275.612501059711;3629:7277.169789059711;4502:7277.632677059711;6912:7282.781109059711;2108:7284.67751705971;7370:7291.20424505971;7608:7291.43363705971;5900:7294.90533305971;3459:7295.660901059709;4818:7296.2757810597095;5992:7296.75256505971;6047:7300.94109305971;5708:7302.33537305971;3884:7304.87495705971;3030:7305.372981059711;3347:7307.39718905971;7376:7307.832573059711;2207:7308.241461059711;3446:7311.064869059711;3720:7314.0945570597105;5332:7315.08599705971;251:7315.83357305971;2711:7316.97138905971;3358:7319.1863970597105;2296:7327.487397059711;5681:7329.881397059711;2294:7331.212882773997;2035:7332.544368488283;6308:7334.938368488283;374:7343.239368488284;7114:7345.454376488284;3246:7346.592192488284;5330:7347.339768488284;661:7348.331208488284;445:7351.360896488283;2972:7352.8054488767175
0,2,default_vehtype,boarding,True,7352.8054488767175,7382.8054488767175,2972;-1;-1,2972;-1;-1,0.0,0.687003362590773,0.687003362590773,0.0,,0,98,1,,98,,
