operator_id,vehicle_id,vehicle_type,status,locked,start_time,end_time,start_pos,end_pos,driven_distance,start_soc,end_soc,charging_power,charging_unit,toll,rq_on_board,occupancy,rq_boarding,rq_alighting,route,trajectory
0,8,default_vehtype,reposition,True,0.0,86.95947040362215,256;-1;-1,2973;-1;-1,654.7105651296729,0.8995792821083618,0.8995138110518488,0.0,,0,,0,,,256;2030;3245;5329;661;445;6080;7381;364;3029;3886;5711;6045;2157;4817;456;5901;7605;2830;1420;1084;2973,256:0;2030:42.84925714285715;3245:46.30268571428572;5329:47.050261714285725;661:48.04170171428572;445:51.07138971428572;6080:53.89479771428572;7381:54.30368571428572;364:54.73906971428572;3029:56.76327771428572;3886:57.26130171428572;5711:59.80088571428572;6045:61.19516571428572;2157:65.38369371428573;4817:65.86047771428572;456:66.47535771428572;5901:67.23092571428572;7605:70.70262171428571;2830:70.93201371428572;1420:82.63712571428572;1084:86.17210971428571;2973:86.95947040362215
0,8,default_vehtype,repositioning_target,True,86.95947040362215,86.95947040362215,2973;-1;-1,2973;-1;-1,0.0,0.8995138110518488,0.8995138110518488,0.0,,0,,0,,,,
0,8,default_vehtype,boarding,True,86.95947040362215,116.95947040362215,2973;-1;-1,2973;-1;-1,0.0,0.8995138110518488,0.8995138110518488,0.0,,0,0,1,0,,,
0,6,default_vehtype,reposition,True,0.0,170.60133076233936,256;-1;-1,2969;-1;-1,1351.2104034451893,0.5435646498507704,0.5434295288104258,0.0,,0,,0,,,256;2030;3245;7113;3358;2296;5495;5697;5497;5500;670;5502;5512;5520;5531;6313;6632;6644;3793;6319;7102;3741;7384;6414;5446;2447;2571;42;2577;2566;3033;3036;2469;2404;2235;3762;5287;310;2280;1447;6261;3764;4397;4745;4182;4187;4191;4195;4202;336;2969,256:0;2030:42.84925714285715;3245:46.30268571428572;7113:47.44050171428572;3358:49.65550971428572;2296:57.95650971428572;5495:58.17334971428572;5697:59.27710971428572;5497:59.97454971428572;5500:62.88178971428572;670:64.27918971428572;5502:66.62662971428573;5512:70.14838971428573;5520:72.60238971428572;5531:74.29930971428573;6313:75.32434971428573;6632:77.62138971428573;6644:79.19266971428573;3793:81.04186971428572;6319:81.95758971428572;7102:82.43566971428572;3741:82.97530971428573;7384:90.63430971428573;6414:95.84146971428574;5446:98.10922971428573;2447:102.04534971428573;2571:109.63426971428574;42:114.30226971428574;2577:114.97474971428574;2566:123.57382971428574;3033:124.20478971428574;3036:126.47434971428574;2469:130.06666971428572;2404:133.39018971428573;2235:134.67358971428573;3762:135.09702171428572;5287:135.6360857142857;310:138.4263017142857;2280:139.0254137142857;1447:139.4713097142857;6261:143.3493017142857;3764:144.3549977142857;4397:144.9056537142857;4745:145.1319497142857;4182:149.5857257142857;4187:152.2477817142857;4191:152.98606971428572;4195:167.44935771428572;4202:168.45188571428574;336:169.47500571428574;2969:170.60133076233936
0,6,default_vehtype,repositioning_target,True,170.60133076233936,170.60133076233936,2969;-1;-1,2969;-1;-1,0.0,0.5434295288104258,0.5434295288104258,0.0,,0,,0,,,,
0,11,default_vehtype,route,False,60.0,129.18022469987815,256;-1;-1,2988;-1;-1,309.06088273640285,0.8902645881432277,0.8902336820549541,0.0,,0,,0,,,256;2030;3245;5329;661;445;6080;7381;364;3029;69;30;3346;2832;2207;2988,256:60;2030:102.84925714285714;3245:106.30268571428572;5329:107.05026171428571;661:108.04170171428571;445:111.07138971428571;6080:113.89479771428572;7381:114.30368571428572;364:114.73906971428572;3029:116.76327771428572;69:120.89556342857144;30:125.02784914285715;3346:127.05205714285715;2832:127.48744114285715;2207:127.89632914285716;2988:129.18022469987815
0,11,default_vehtype,boarding,True,129.18022469987815,159.18022469987815,2988;-1;-1,2988;-1;-1,0.0,0.8902336820549541,0.8902336820549541,0.0,,0,2,1,2,,,
0,8,default_vehtype,route,False,116.95947040362215,180.0,2973;-1;-1,5497;5500;0.384,812.0263205846132,0.8995138110518488,0.8994326084197904,0.0,,0,0,1,,,2973;7354;4225;4614;7369;7607;5900;3459;4818;5992;6047;5708;3884;3030;3347;7376;2207;3446;3720;5332;251;2711;3358;2296;5495;5697;5497,2973:116.95947040362215;7354:120.7566377142857;4225:125.34116571428571;4614:128.8761497142857;7369:140.5812617142857;7607:140.81065371428568;5900:144.2823497142857;3459:145.0379177142857;4818:145.6527977142857;5992:146.1295817142857;6047:150.3181097142857;5708:151.7123897142857;3884:154.2519737142857;3030:154.74999771428568;3347:156.77420571428567;7376:157.20958971428567;2207:157.61847771428566;3446:160.44188571428566;3720:163.47157371428565;5332:164.46301371428567;251:165.21058971428567;2711:166.34840571428566;3358:168.56341371428567;2296:176.86441371428566;5495:177.08125371428565;5697:178.18501371428565;5497:178.88245371428565
0,6,default_vehtype,boarding,True,170.60133076233936,200.60133076233936,2969;-1;-1,2969;-1;-1,0.0,0.5434295288104258,0.5434295288104258,0.0,,0,1,1,1,,,
0,7,default_vehtype,reposition,True,0.0,192.18415875113854,256;-1;-1,2984;-1;-1,1735.6538276880588,0.7724415914984484,0.7722680261156796,0.0,,0,,0,,,256;2030;3245;5329;661;445;6080;7381;364;3029;3886;5711;6045;2157;4817;456;5901;7605;2830;5852;6913;1321;597;2204;6066;6049;7367;2188;2186;5744;6033;5746;6031;146;2828;2376;3091;4274;880;3109;3874;4306;429;4313;68;7318;7325;3011;4;4345;1199;1204;2996;2984,256:0;2030:42.84925714285715;3245:46.30268571428572;5329:47.050261714285725;661:48.04170171428572;445:51.07138971428572;6080:53.89479771428572;7381:54.30368571428572;364:54.73906971428572;3029:56.76327771428572;3886:57.26130171428572;5711:59.80088571428572;6045:61.19516571428572;2157:65.38369371428573;4817:65.86047771428572;456:66.47535771428572;5901:67.23092571428572;7605:70.70262171428571;2830:70.93201371428572;5852:77.45874171428572;6913:79.35514971428572;1321:84.50358171428572;597:84.96646971428572;2204:86.52375771428572;6066:87.16945371428572;6049:91.39578171428572;7367:93.66932571428572;2188:100.33249371428572;2186:101.60876571428572;5744:103.62418971428572;6033:104.99362971428572;5746:106.91703771428571;6031:108.40866171428571;146:109.36978971428572;2828:110.46159771428572;2376:115.96347771428572;3091:129.28520571428572;4274:130.42813371428574;880:131.01946971428575;3109:132.87001371428576;3874:138.73429371428577;4306:150.84985371428576;429:152.25217371428576;4313:153.43513371428577;68:159.03349371428578;7318:165.70153371428577;7325:169.02829371428578;3011:173.03893371428578;4:177.82405371428578;4345:179.86753371428577;1199:183.85787657142862;1204:187.84821942857147;2996:189.89169942857146;2984:192.18415875113854
0,7,default_vehtype,repositioning_target,True,192.18415875113854,192.18415875113854,2984;-1;-1,2984;-1;-1,0.0,0.7722680261156796,0.7722680261156796,0.0,,0,,0,,,,
0,8,default_vehtype,route,False,180.0,240.0,5497;5500;0.384,2577;2566;0.711,499.9999999999999,0.8994326084197904,0.8993826084197905,0.0,,0,0,1,,,5497;5500;670;5502;5512;5520;5531;6313;6632;6644;3793;6319;7102;3741;7384;6414;5446;2447;2571;42;2577,5497:180;5500:181.78969371428565;670:183.18709371428565;5502:185.53453371428566;5512:189.05629371428566;5520:191.51029371428567;5531:193.20721371428567;6313:194.23225371428566;6632:196.52929371428567;6644:198.10057371428567;3793:199.94977371428567;6319:200.86549371428566;7102:201.34357371428567;3741:201.88321371428566;7384:209.54221371428565;6414:214.74937371428564;5446:217.01713371428565;2447:220.95325371428564;2571:228.54217371428564;42:233.21017371428565;2577:233.88265371428565
0,2,default_vehtype,route,False,240.0,292.51594210271963,256;-1;-1,2972;-1;-1,176.32822761713766,0.916309922773969,0.9162922899512074,0.0,,0,,0,,,256;2030;3245;5329;661;445;2972,256:240;2030:282.84925714285714;3245:286.3026857142857;5329:287.0502617142857;661:288.0417017142857;445:291.0713897142857;2972:292.51594210271963
0,6,default_vehtype,route,False,200.60133076233936,247.58479355230034,2969;-1;-1,2970;-1;-1,456.0682952049328,0.5434295288104258,0.5433839219809053,0.0,,0,1,1,,,2969;7192;1664;1659;4844;3270;4850;6823;1946;7401;3560;2970,2969:200.60133076233936;7192:204.20497371428573;1664:207.45886971428573;1659:212.21842971428572;4844:224.4909497142857;3270:226.3640297142857;4850:231.9171497142857;6823:239.3974697142857;1946:243.6507497142857;7401:244.8497897142857;3560:245.9253497142857;2970:247.58479355230034
0,6,default_vehtype,boarding,True,247.58479355230034,277.5847935523003,2970;-1;-1,2970;-1;-1,0.0,0.5433839219809053,0.5433839219809053,0.0,,0,1;6,2,6,,,
0,10,default_vehtype,reposition,True,0.0,245.08735870808263,256;-1;-1,2967;-1;-1,2243.3348550725764,0.9458865003910399,0.9456621669055326,0.0,,0,,0,,,256;2030;3245;7113;3358;2296;5495;5697;5497;5500;670;5502;5512;5520;5531;6313;6632;6644;3793;6319;7102;3741;7384;6414;5446;2447;2571;42;2577;2566;3033;3036;2469;2404;2235;3762;5287;310;2280;1447;6261;3764;4397;4745;4182;4187;4191;4195;4202;4208;537;18;5629;1068;2559;6740;1717;2067;2063;1937;6789;3895;5465;7450;1719;3469;470;469;5079;7447;1960;2967,256:0;2030:42.84925714285715;3245:46.30268571428572;7113:47.44050171428572;3358:49.65550971428572;2296:57.95650971428572;5495:58.17334971428572;5697:59.27710971428572;5497:59.97454971428572;5500:62.88178971428572;670:64.27918971428572;5502:66.62662971428573;5512:70.14838971428573;5520:72.60238971428572;5531:74.29930971428573;6313:75.32434971428573;6632:77.62138971428573;6644:79.19266971428573;3793:81.04186971428572;6319:81.95758971428572;7102:82.43566971428572;3741:82.97530971428573;7384:90.63430971428573;6414:95.84146971428574;5446:98.10922971428573;2447:102.04534971428573;2571:109.63426971428574;42:114.30226971428574;2577:114.97474971428574;2566:123.57382971428574;3033:124.20478971428574;3036:126.47434971428574;2469:130.06666971428572;2404:133.39018971428573;2235:134.67358971428573;3762:135.09702171428572;5287:135.6360857142857;310:138.4263017142857;2280:139.0254137142857;1447:139.4713097142857;6261:143.3493017142857;3764:144.3549977142857;4397:144.9056537142857;4745:145.1319497142857;4182:149.5857257142857;4187:152.2477817142857;4191:152.98606971428572;4195:167.44935771428572;4202:168.45188571428574;4208:169.43353371428574;537:170.38753371428575;18:176.25510171428576;5629:182.10452571428576;1068:184.65692571428576;2559:191.70752571428577;6740:196.17814971428575;1717:202.01187771428576;2067:202.74966171428576;2063:203.46591771428575;1937:206.73586971428574;6789:217.27227771428574;3895:218.53926171428574;5465:226.07118171428576;7450:227.05542171428576;1719:227.87204571428575;3469:228.89199771428574;470:234.85308342857144;469:240.81416914285714;5079:241.83412114285713;7447:242.65074514285712;1960:243.63498514285712;2967:245.08735870808263
0,10,default_vehtype,repositioning_target,True,245.08735870808263,245.08735870808263,2967;-1;-1,2967;-1;-1,0.0,0.9456621669055326,0.9456621669055326,0.0,,0,,0,,,,
0,11,default_vehtype,route,False,159.18022469987815,293.56236777219675,2988;-1;-1,2976;-1;-1,1582.8408391747612,0.8902336820549541,0.8900753979710367,0.0,,0,2,1,,,2988;3447;6082;7383;364;3029;3886;5711;6045;2157;4817;456;5901;7605;2830;5852;6913;1321;597;2204;6066;6049;7367;2188;2186;5744;6033;5746;6031;146;2828;2376;3091;4274;880;3109;3874;4306;429;4313;68;7318;7325;3011;4;4345;7330;2976,2988:159.18022469987815;3447:160.71973714285716;6082:163.54314514285716;7383:163.95203314285715;364:164.38741714285715;3029:166.41162514285713;3886:166.90964914285712;5711:169.4492331428571;6045:170.84351314285712;2157:175.0320411428571;4817:175.50882514285712;456:176.12370514285712;5901:176.87927314285713;7605:180.35096914285714;2830:180.58036114285713;5852:187.10708914285712;6913:189.00349714285713;1321:194.1519291428571;597:194.6148171428571;2204:196.1721051428571;6066:196.8178011428571;6049:201.0441291428571;7367:203.31767314285707;2188:209.9808411428571;2186:211.2571131428571;5744:213.2725371428571;6033:214.6419771428571;5746:216.56538514285708;6031:218.05700914285708;146:219.01813714285709;2828:220.10994514285707;2376:225.61182514285707;3091:238.93355314285708;4274:240.0764811428571;880:240.6678171428571;3109:242.51836114285712;3874:248.38264114285712;4306:260.4982011428571;429:261.9005211428571;4313:263.08348114285707;68:268.6818411428571;7318:275.3498811428571;7325:278.6766411428571;3011:282.6872811428571;4:287.4724011428571;4345:289.5158811428571;7330:290.7188811428571;2976:293.56236777219675
0,5,default_vehtype,route,False,240.0,300.0,256;-1;-1,5711;6045;0.143,280.2734761904772,0.9350060741234096,0.9349780467757905,0.0,,0,,0,,,256;2030;3245;5329;661;445;6080;7381;364;3029;3886;5711,256:240;2030:282.84925714285714;3245:286.3026857142857;5329:287.0502617142857;661:288.0417017142857;445:291.0713897142857;6080:293.8947977142857;7381:294.3036857142857;364:294.7390697142857;3029:296.76327771428566;3886:297.26130171428565;5711:299.80088571428564
0,2,default_vehtype,boarding,True,292.51594210271963,322.51594210271963,2972;-1;-1,2972;-1;-1,0.0,0.9162922899512074,0.9162922899512074,0.0,,0,8,1,8,,,
0,7,default_vehtype,route,False,192.18415875113854,312.1310525744264,2984;-1;-1,2981;-1;-1,1022.5438485273979,0.7722680261156796,0.7721657717308268,0.0,,0,,0,,,2984;3012;7321;2804;3061;1173;3425;3125;3406;2825;1944;130;99;4526;714;2800;4339;2419;5404;5421;1925;1883;926;925;5399;1905;830;2795;1891;827;6499;1803;1141;5241;922;6385;3550;2981,2984:192.18415875113854;3012:194.67681942857146;7321:198.68745942857146;2804:202.01421942857147;3061:208.68225942857146;1173:214.28061942857147;3425:215.46357942857148;3125:216.7170994285715;3406:229.07145942857147;2825:231.54117942857147;1944:232.85253942857148;130:235.24017942857148;99:235.7204194285715;4526:244.1300194285715;714:246.9268594285715;2800:248.93325942857152;4339:250.42701942857153;2419:255.03609942857153;5404:259.26297942857155;5421:260.36829942857156;1925:260.51157942857157;1883:261.5488594285716;926:265.8014194285716;925:268.7457394285716;5399:278.0505394285716;1905:279.3771394285716;830:280.5539794285716;2795:281.7376594285716;1891:281.9915794285716;827:283.05741942857156;6499:292.4122594285716;1803:298.3748194285716;1141:303.8794594285716;5241:305.46753942857157;922:306.38345142857156;6385:309.60509142857154;3550:309.86693142857155;2981:312.1310525744264
0,7,default_vehtype,boarding,True,312.1310525744264,342.1310525744264,2981;-1;-1,2981;-1;-1,0.0,0.7721657717308268,0.7721657717308268,0.0,,0,5,1,5,,,
0,8,default_vehtype,route,False,240.0,327.2950732373649,2577;2566;0.711,2968;-1;-1,1144.1088298840373,0.8993826084197905,0.899268197536802,0.0,,0,0,1,,,2577;2566;3033;3036;2469;2404;2235;3762;5287;310;2280;1447;6261;3764;4397;4745;4182;4187;4191;4195;4202;4208;537;18;5629;1068;2559;6740;1717;2067;2720;4210;1711;2968,2577:240;2566:242.48173371428567;3033:243.11269371428565;3036:245.38225371428567;2469:248.97457371428567;2404:252.29809371428567;2235:253.58149371428567;3762:254.00492571428566;5287:254.54398971428566;310:257.33420571428564;2280:257.93331771428564;1447:258.37921371428564;6261:262.25720571428565;3764:263.26290171428565;4397:263.81355771428565;4745:264.03985371428564;4182:268.49362971428565;4187:271.15568571428565;4191:271.89397371428566;4195:286.35726171428564;4202:287.3597897142856;4208:288.34143771428563;537:289.29543771428564;18:295.16300571428565;5629:301.01242971428564;1068:303.5648297142856;2559:310.6154297142856;6740:315.0860537142856;1717:320.9197817142856;2067:321.65756571428557;2720:322.4209817142856;4210:323.3192537142856;1711:324.4489337142856;2968:327.2950732373649
0,8,default_vehtype,boarding,True,327.2950732373649,357.2950732373649,2968;-1;-1,2968;-1;-1,0.0,0.899268197536802,0.899268197536802,0.0,,0,0,1,,0,,
0,9,default_vehtype,reposition,True,0.0,342.3029991381719,256;-1;-1,2966;-1;-1,2750.008111657556,0.9627983191463305,0.9625233183351648,0.0,,0,,0,,,256;2030;3245;7113;3358;2296;5495;5697;5497;5500;670;5502;5512;5520;5531;6313;6632;6644;3793;6319;7102;3741;7384;6414;5446;2447;2571;42;2577;2566;3033;3036;2469;2404;2235;3762;5287;310;2280;1447;6261;3764;4397;4745;4182;4187;4191;4195;4202;4208;5653;5764;205;5793;1407;5826;7411;4686;5074;5295;5274;7181;604;603;602;1339;1395;1399;835;1147;1093;2607;911;1150;665;666;1885;668;1415;1041;1623;1383;2333;2966,256:0;2030:42.84925714285715;3245:46.30268571428572;7113:47.44050171428572;3358:49.65550971428572;2296:57.95650971428572;5495:58.17334971428572;5697:59.27710971428572;5497:59.97454971428572;5500:62.88178971428572;670:64.27918971428572;5502:66.62662971428573;5512:70.14838971428573;5520:72.60238971428572;5531:74.29930971428573;6313:75.32434971428573;6632:77.62138971428573;6644:79.19266971428573;3793:81.04186971428572;6319:81.95758971428572;7102:82.43566971428572;3741:82.97530971428573;7384:90.63430971428573;6414:95.84146971428574;5446:98.10922971428573;2447:102.04534971428573;2571:109.63426971428574;42:114.30226971428574;2577:114.97474971428574;2566:123.57382971428574;3033:124.20478971428574;3036:126.47434971428574;2469:130.06666971428572;2404:133.39018971428573;2235:134.67358971428573;3762:135.09702171428572;5287:135.6360857142857;310:138.4263017142857;2280:139.0254137142857;1447:139.4713097142857;6261:143.3493017142857;3764:144.3549977142857;4397:144.9056537142857;4745:145.1319497142857;4182:149.5857257142857;4187:152.2477817142857;4191:152.98606971428572;4195:167.44935771428572;4202:168.45188571428574;4208:169.43353371428574;5653:170.23431771428574;5764:175.79264571428573;205:180.93690171428574;5793:185.05825371428574;1407:186.67839771428575;5826:188.95870971428576;7411:191.85735771428577;4686:192.92806971428575;5074:199.86858171428577;5295:200.09883771428576;5274:203.47765371428576;7181:207.98694171428576;604:211.56534171428575;603:212.62892571428574;602:213.48205371428574;1339:214.47442971428575;1395:223.01175771428575;1399:225.15246171428575;835:228.72942171428576;1147:229.52199771428576;1093:230.78127771428575;2607:238.83994971428575;911:241.69381371428574;1150:242.45427771428575;665:243.90414171428574;666:244.77325371428574;1885:245.75907771428575;668:259.12947771428577;1415:259.7585417142858;1041:276.4450560000001;1623:280.8283131428572;1383:291.9137417142858;2333:332.0676274285715;2966:342.3029991381719
0,9,default_vehtype,repositioning_target,True,342.3029991381719,342.3029991381719,2966;-1;-1,2966;-1;-1,0.0,0.9625233183351648,0.9625233183351648,0.0,,0,,0,,,,
0,10,default_vehtype,route,False,245.08735870808263,304.6255322122302,2967;-1;-1,2991;-1;-1,826.9190764464928,0.9456621669055326,0.945579474997888,0.0,,0,,0,,,2967;3896;6788;5444;1716;2720;4210;1711;98;2497;7434;2760;542;1074;4204;537;2991,2967:245.08735870808263;3896:251.16690514285713;6788:252.43388914285714;5444:262.97029714285713;1716:265.76065714285716;2720:266.50729714285717;4210:267.4055691428572;1711:268.5352491428572;98:277.1510571428572;2497:278.6616891428572;7434:285.8695371428572;2760:292.40807314285723;542:299.9361771428572;1074:300.8695851428572;4204:301.8512331428572;537:302.8052331428572;2991:304.6255322122302
0,10,default_vehtype,boarding,True,304.6255322122302,334.6255322122302,2991;-1;-1,2991;-1;-1,0.0,0.945579474997888,0.945579474997888,0.0,,0,7,1,7,,,
0,11,default_vehtype,boarding,True,293.56236777219675,323.56236777219675,2976;-1;-1,2976;-1;-1,0.0,0.8900753979710367,0.8900753979710367,0.0,,0,2,1,,2,,
0,11,default_vehtype,route,False,323.56236777219675,341.92550046542414,2976;-1;-1,2984;-1;-1,153.0261057768949,0.8900753979710367,0.890060095360459,0.0,,0,,0,,,2976;7557;2806;4344;2996;2984,2976:323.56236777219675;7557:328.5527211428571;2806:336.3865611428571;4344:337.58956114285706;2996:339.63304114285705;2984:341.92550046542414
0,0,default_vehtype,route,False,300.0,360.0,256;-1;-1,5711;6045;0.143,280.2734761904772,0.6917207594128889,0.6916927320652698,0.0,,0,,0,,,256;2030;3245;5329;661;445;6080;7381;364;3029;3886;5711,256:300;2030:342.84925714285714;3245:346.3026857142857;5329:347.0502617142857;661:348.0417017142857;445:351.0713897142857;6080:353.8947977142857;7381:354.3036857142857;364:354.7390697142857;3029:356.76327771428566;3886:357.26130171428565;5711:359.80088571428564
0,0,default_vehtype,route,False,360.0,386.9594704036221,5711;6045;0.143,2973;-1;-1,374.43708893919563,0.6916927320652698,0.6916552883563759,0.0,,0,,0,,,5711;6045;2157;4817;456;5901;7605;2830;1420;1084;2973,5711:360;6045:361.1951657142856;2157:365.38369371428564;4817:365.86047771428565;456:366.4753577142857;5901:367.23092571428566;7605:370.70262171428567;2830:370.9320137142857;1420:382.6371257142857;1084:386.1721097142857;2973:386.9594704036221
0,0,default_vehtype,boarding,True,386.9594704036221,416.9594704036221,2973;-1;-1,2973;-1;-1,0.0,0.6916552883563759,0.6916552883563759,0.0,,0,14,1,14,,,
0,7,default_vehtype,route,False,342.1310525744264,378.31029300662993,2981;-1;-1,2979;-1;-1,176.13052741122,0.7721657717308268,0.7721481586780856,0.0,,0,5,1,,,2981;6320;7278;2411;6281;2286;2287;6538;2979,2981:342.1310525744264;6320:345.50417142857157;7278:349.02293142857155;2411:354.85805142857157;6281:359.90216571428584;2286:364.6690800000001;2287:369.4359942857144;6538:374.4801085714287;2979:378.31029300662993
0,7,default_vehtype,boarding,True,378.31029300662993,408.31029300662993,2979;-1;-1,2979;-1;-1,0.0,0.7721481586780856,0.7721481586780856,0.0,,0,5;3,2,3,,,
0,10,default_vehtype,route,False,334.6255322122302,370.4877296079117,2991;-1;-1,2992;-1;-1,498.08607494002206,0.945579474997888,0.945529666390394,0.0,,0,7,1,,,2991;3010;5631;1068;2559;6740;1717;2067;2063;1937;2992,2991:334.6255322122302;3010:338.6728011428572;5631:344.5222251428572;1068:347.0746251428572;2559:354.1252251428572;6740:358.59584914285716;1717:364.42957714285717;2067:365.16736114285715;2063:365.88361714285713;1937:369.1535691428571;2992:370.4877296079117
0,10,default_vehtype,boarding,True,370.4877296079117,400.4877296079117,2992;-1;-1,2992;-1;-1,0.0,0.945529666390394,0.945529666390394,0.0,,0,7,1,,7,,
0,11,default_vehtype,boarding,True,341.92550046542414,371.92550046542414,2984;-1;-1,2984;-1;-1,0.0,0.890060095360459,0.890060095360459,0.0,,0,4,1,4,,,
0,5,default_vehtype,route,False,300.0,432.1841587511386,5711;6045;0.143,2984;-1;-1,1455.3803514975816,0.9349780467757905,0.9348325087406408,0.0,,0,,0,,,5711;6045;2157;4817;456;5901;7605;2830;5852;6913;1321;597;2204;6066;6049;7367;2188;2186;5744;6033;5746;6031;146;2828;2376;3091;4274;880;3109;3874;4306;429;4313;68;7318;7325;3011;4;4345;1199;1204;2996;2984,5711:300;6045:301.1951657142856;2157:305.38369371428564;4817:305.86047771428565;456:306.4753577142857;5901:307.23092571428566;7605:310.70262171428567;2830:310.9320137142857;5852:317.4587417142857;6913:319.3551497142857;1321:324.5035817142857;597:324.9664697142857;2204:326.52375771428575;6066:327.16945371428574;6049:331.39578171428576;7367:333.6693257142858;2188:340.33249371428576;2186:341.60876571428577;5744:343.62418971428576;6033:344.99362971428576;5746:346.91703771428575;6031:348.40866171428576;146:349.36978971428573;2828:350.46159771428574;2376:355.9634777142858;3091:369.2852057142858;4274:370.42813371428576;880:371.0194697142858;3109:372.8700137142858;3874:378.7342937142858;4306:390.8498537142858;429:392.2521737142858;4313:393.43513371428577;68:399.0334937142858;7318:405.7015337142858;7325:409.0282937142858;3011:413.0389337142858;4:417.8240537142858;4345:419.8675337142858;1199:423.8578765714287;1204:427.84821942857155;2996:429.89169942857154;2984:432.1841587511386
0,5,default_vehtype,boarding,True,432.1841587511386,462.1841587511386,2984;-1;-1,2984;-1;-1,0.0,0.9348325087406408,0.9348325087406408,0.0,,0,11,1,11,,,
0,6,default_vehtype,route,False,277.5847935523003,448.9856673808184,2970;-1;-1,2974;-1;-1,1831.1908244961664,0.5433839219809053,0.5432008028984558,0.0,,0,1;6,2,,,2970;671;662;7398;3491;6933;7394;6989;7392;5704;7389;3806;2573;885;316;2042;1982;6306;374;7114;3246;5330;661;445;6080;7381;364;3029;3886;5711;6045;2157;4817;456;5901;7605;2830;5852;6913;1321;597;2204;6066;6049;7367;2188;2186;5744;6033;5746;6031;146;2828;2974,2970:277.5847935523003;671:278.61490971428566;662:301.0646297142857;7398:304.5838697142857;3491:310.9085897142857;6933:311.8203497142857;7394:317.18194971428574;6989:317.77630971428573;7392:326.9873897142857;5704:329.3524697142857;7389:343.89070971428566;3806:347.95510971428564;2573:349.0231097142856;885:349.62646971428563;316:356.4536297142856;2042:367.19206971428565;1982:367.95478971428565;6306:368.17162971428564;374:376.47262971428563;7114:378.68763771428564;3246:379.82545371428563;5330:380.5730297142856;661:381.5644697142856;445:384.59415771428564;6080:387.4175657142856;7381:387.8264537142856;364:388.2618377142856;3029:390.2860457142856;3886:390.7840697142856;5711:393.32365371428557;6045:394.71793371428555;2157:398.90646171428557;4817:399.3832457142856;456:399.9981257142856;5901:400.7536937142856;7605:404.2253897142856;2830:404.4547817142856;5852:410.9815097142856;6913:412.8779177142856;1321:418.02634971428563;597:418.48923771428565;2204:420.0465257142857;6066:420.69222171428567;6049:424.9185497142857;7367:427.1920937142857;2188:433.8552617142857;2186:435.1315337142857;5744:437.1469577142857;6033:438.5163977142857;5746:440.4398057142857;6031:441.9314297142857;146:442.89255771428566;2828:443.9843657142857;2974:448.9856673808184
0,6,default_vehtype,boarding,True,448.9856673808184,478.9856673808184,2974;-1;-1,2974;-1;-1,0.0,0.5432008028984558,0.5432008028984558,0.0,,0,1;6;9,3,9,6,,
0,8,default_vehtype,route,False,360.0,471.27002435583734,2968;-1;-1,2990;-1;-1,1167.554316725982,0.899268197536802,0.8991514421051293,0.0,,0,,0,,,2968;98;2497;7434;2760;542;1074;336;2759;1664;1659;538;4990;4939;5252;3070;1657;4439;4842;1272;3423;4282;4975;6830;4349;4937;669;5061;7265;3848;534;2839;5449;2990,2968:360;98:365.7696684769207;2497:367.2803004769207;7434:374.4881484769207;2760:381.0266844769207;542:388.5547884769207;1074:389.4881964769207;336:390.5113164769207;2759:395.24128447692067;1664:398.49518047692067;1659:403.2547404769207;538:404.4057804769207;4990:408.10286047692074;4939:409.49342047692073;5252:414.9181404769207;3070:415.95458047692074;1657:423.47138047692073;4439:429.1015404769207;4842:433.48610047692074;1272:433.6710204769207;3423:434.88758047692073;4282:438.66506047692076;4975:439.71482047692075;6830:440.48774047692075;4349:441.03662047692075;4937:445.4061804769207;669:455.7135804769207;5061:461.5219404769207;7265:462.30518047692067;3848:463.2798204769207;534:467.3247804769207;2839:468.6834204769207;5449:469.8824604769207;2990:471.27002435583734
0,10,default_vehtype,route,False,420.0,479.7873885829991,2992;-1;-1,2969;-1;-1,830.3803969860979,0.945529666390394,0.9454466283506955,0.0,,0,,0,,,2992;2526;5444;1716;2720;4210;1711;98;2497;7434;2760;542;1074;336;2969,2992:420;2526:429.2022475349454;5444:439.7386555349454;1716:442.5290155349454;2720:443.27565553494543;4210:444.17392753494545;1711:445.30360753494546;98:453.9194155349455;2497:455.43004753494546;7434:462.63789553494547;2760:469.1764315349455;542:476.7045355349455;1074:477.63794353494546;336:478.66106353494547;2969:479.7873885829991
0,2,default_vehtype,route,False,322.51594210271963,529.8902463688605,2972;-1;-1,2982;-1;-1,2174.5307111709863,0.9162922899512074,0.9160748368800903,0.0,,0,8,1,,,2972;6079;7380;364;3029;3886;5711;6045;2157;4817;456;5901;7605;2830;5852;6913;1321;597;2204;6066;6049;7367;2188;2186;5744;6033;5746;6031;146;2828;2376;3091;4274;880;3109;3874;4306;429;3125;3406;2825;1944;130;99;4526;714;2800;4339;2419;5404;5421;1925;1883;926;925;5399;1905;830;2795;918;3075;7097;7290;2736;1744;1164;2789;1218;2982,2972:322.51594210271963;6079:323.89479771428574;7380:324.30368571428573;364:324.73906971428573;3029:326.7632777142857;3886:327.2613017142857;5711:329.8008857142857;6045:331.1951657142857;2157:335.3836937142857;4817:335.8604777142857;456:336.47535771428574;5901:337.2309257142857;7605:340.7026217142857;2830:340.93201371428574;5852:347.45874171428574;6913:349.35514971428574;1321:354.50358171428576;597:354.9664697142858;2204:356.5237577142858;6066:357.1694537142858;6049:361.3957817142858;7367:363.66932571428583;2188:370.3324937142858;2186:371.6087657142858;5744:373.6241897142858;6033:374.9936297142858;5746:376.9170377142858;6031:378.4086617142858;146:379.3697897142858;2828:380.4615977142858;2376:385.9634777142858;3091:399.2852057142858;4274:400.42813371428576;880:401.0194697142858;3109:402.8700137142858;3874:408.7342937142858;4306:420.8498537142858;429:422.2521737142858;3125:423.50569371428577;3406:435.86005371428575;2825:438.32977371428575;1944:439.64113371428573;130:442.0287737142857;99:442.5090137142857;4526:450.9186137142857;714:453.7154537142857;2800:455.72185371428566;4339:457.21561371428567;2419:461.8246937142857;5404:466.05157371428567;5421:467.1568937142857;1925:467.3001737142857;1883:468.3374537142857;926:472.5900137142857;925:475.5343337142857;5399:484.8391337142857;1905:486.1657337142857;830:487.3425737142857;2795:488.5262537142857;918:489.6684137142857;3075:497.54137371428567;7097:498.39073371428566;7290:504.19285371428566;2736:512.9113337142857;1744:514.3665737142857;1164:525.4750937142857;2789:526.8868937142856;1218:528.0100937142856;2982:529.8902463688605
0,3,default_vehtype,route,False,360.0,486.6174344461271,256;-1;-1,2971;-1;-1,777.9493727653459,0.7644474598764522,0.7643696649391757,0.0,,0,,0,,,256;2030;3245;7113;3358;2296;5495;5696;3307;3987;2396;886;808;1372;807;1375;108;1376;1380;373;2390;7391;5704;7389;2971,256:360;2030:402.84925714285714;3245:406.3026857142857;7113:407.4405017142857;3358:409.6555097142857;2296:417.9565097142857;5495:418.1733497142857;5696:418.9360697142857;3307:429.6745097142857;3987:436.5016697142857;2396:437.8076297142857;886:443.44522971428574;808:443.91142971428576;1372:444.77434971428573;807:445.87822971428574;1375:447.5624297142857;108:449.7028697142857;1376:451.5031097142857;1380:453.5197097142857;373:463.08070971428566;2390:465.62542971428564;7391:467.02606971428565;5704:469.39114971428563;7389:483.9293897142856;2971:486.6174344461271
0,3,default_vehtype,boarding,True,486.6174344461271,516.6174344461272,2971;-1;-1,2971;-1;-1,0.0,0.7643696649391757,0.7643696649391757,0.0,,0,13,1,13,,,
0,6,default_vehtype,route,False,478.9856673808184,485.5360570966834,2974;-1;-1,2986;-1;-1,90.97763494256945,0.5432008028984558,0.5431917051349616,0.0,,0,1;9,2,,,2974;6479;7359;2986,2974:478.9856673808184;6479:479.48624571428564;7359:484.9881257142856;2986:485.5360570966834
0,6,default_vehtype,boarding,True,485.5360570966834,515.5360570966834,2986;-1;-1,2986;-1;-1,0.0,0.5431917051349616,0.5431917051349616,0.0,,0,1;9,2,,1,,
0,8,default_vehtype,boarding,True,471.27002435583734,501.27002435583734,2990;-1;-1,2990;-1;-1,0.0,0.8991514421051293,0.8991514421051293,0.0,,0,12,1,12,,,
0,10,default_vehtype,boarding,True,479.7873885829991,509.7873885829991,2969;-1;-1,2969;-1;-1,0.0,0.9454466283506955,0.9454466283506955,0.0,,0,15,1,15,,,
0,2,default_vehtype,boarding,True,529.8902463688605,559.8902463688605,2982;-1;-1,2982;-1;-1,0.0,0.9160748368800903,0.9160748368800903,0.0,,0,8,1,,8,,
0,5,default_vehtype,route,False,462.1841587511386,591.5424038637726,2984;-1;-1,2979;-1;-1,1077.9853759386178,0.9348325087406408,0.934724710203047,0.0,,0,11,1,,,2984;3012;4;4345;7330;7562;7316;7531;2802;2251;7515;7037;7512;3274;2902;3901;7011;7336;4365;7288;1182;1001;6296;1434;3820;3877;2787;4993;6537;2979,2984:462.1841587511386;3012:464.67681942857155;4:469.46193942857155;4345:471.50541942857154;7330:472.7084194285715;7562:480.5422594285715;7316:487.9372594285715;7531:495.4922194285715;2802:502.7076994285715;2251:509.60301942857154;7515:510.46413942857157;7037:517.7760994285716;7512:525.0094594285715;3274:536.3554594285715;2902:536.4670594285715;3901:536.9350594285714;7011:538.9160194285714;7336:541.8234994285714;4365:549.4046194285714;7288:550.5278194285714;1182:551.4447394285714;1001:556.7358994285714;6296:559.0952194285715;1434:565.0542994285714;3820:570.1629394285715;3877:572.0708194285714;2787:580.8633394285714;4993:581.9123794285714;6537:587.7122194285714;2979:591.5424038637726
0,6,default_vehtype,route,False,515.5360570966834,598.8943027511385,2986;-1;-1,2984;-1;-1,777.2426695992011,0.5431917051349616,0.5431139808680018,0.0,,0,9,1,,,2986;3155;7358;2376;3091;4274;880;3109;3874;4306;429;4313;68;7318;7325;3011;4;4345;1199;1204;2996;2984,2986:515.5360570966834;3155:516.0799337142856;7358:517.1717417142856;2376:522.6736217142857;3091:535.9953497142857;4274:537.1382777142857;880:537.7296137142856;3109:539.5801577142856;3874:545.4444377142856;4306:557.5599977142856;429:558.9623177142856;4313:560.1452777142856;68:565.7436377142856;7318:572.4116777142856;7325:575.7384377142856;3011:579.7490777142856;4:584.5341977142856;4345:586.5776777142856;1199:590.5680205714285;1204:594.5583634285714;2996:596.6018434285714;2984:598.8943027511385
0,7,default_vehtype,route,False,408.31029300662993,556.2130879538264,2979;-1;-1,2986;-1;-1,1383.044954462181,0.7721481586780856,0.7720098541826395,0.0,,0,5;3,2,,,2979;2786;2307;3549;6384;4032;1804;4277;5239;6501;3911;5389;7301;3914;5398;5400;4040;4041;5374;5418;5424;5403;6546;1200;7312;3767;4527;3089;3131;5447;7352;414;122;3426;4305;793;118;3979;4275;103;6480;7360;2986,2979:408.31029300662993;2786:410.3152285714287;2307:413.8339885714287;3549:419.4712285714287;6384:419.7330685714287;4032:422.9547085714287;1804:423.8706205714287;4277:425.45870057142866;5239:430.96334057142866;6501:436.92590057142866;3911:446.2807405714287;5389:447.34658057142866;7301:447.60050057142865;3914:448.78418057142864;5398:449.96102057142866;5400:451.28762057142865;4040:460.59242057142865;4041:463.53674057142865;5374:467.78930057142867;5418:468.8265805714287;5424:468.9698605714287;5403:470.0751805714287;6546:474.3020605714287;1200:478.9111405714287;7312:480.4049005714287;3767:482.4113005714287;4527:485.20814057142866;3089:493.61774057142867;3131:494.09798057142865;5447:496.4856205714286;7352:497.7969805714286;414:500.2667005714286;122:512.6210605714286;3426:513.8745805714286;4305:515.2769005714287;793:527.3924605714286;118:533.2567405714286;3979:535.1072845714286;4275:535.6986205714286;103:536.8415485714286;6480:550.1632765714286;7360:555.6651565714286;2986:556.2130879538264
0,7,default_vehtype,boarding,True,556.2130879538264,586.2130879538264,2986;-1;-1,2986;-1;-1,0.0,0.7720098541826395,0.7720098541826395,0.0,,0,5;3,2,,5,,
0,10,default_vehtype,route,False,509.7873885829991,600.0,2969;-1;-1,2353;6140;0.045,1031.7804004302668,0.9454466283506955,0.9453434503106525,0.0,,0,15,1,,,2969;7192;1664;337;1075;4198;1071;1070;1069;1067;1504;4396;710;2281;4664;6260;3300;1832;708;6180;2405;6169;2744;2567;2576;3077;3241;88;2758;2742;2448;2353,2969:509.7873885829991;7192:513.3910315349455;1664:516.6449275349455;337:524.4051595349455;1075:525.4289995349454;4198:526.4106475349454;1071:527.4131755349454;1070:541.8764635349454;1069:542.6147515349454;1067:545.2768075349454;1504:549.7305835349454;4396:549.9568795349454;710:550.5075355349454;2281:551.5132315349454;4664:555.3912235349453;6260:555.8371195349453;3300:556.4362315349453;1832:559.2264475349452;708:559.7655115349453;6180:560.1889435349453;2405:562.4113435349453;6169:565.8884635349453;2744:570.4890235349453;2567:572.3319835349453;2576:580.8205435349453;3077:582.9531835349453;3241:586.0820635349453;88:588.0089035349453;2758:589.9723435349453;2742:590.3787835349452;2448:593.5644235349453;2353:599.7653035349452
0,0,default_vehtype,route,False,416.9594704036221,631.3813992923439,2973;-1;-1,2979;-1;-1,2029.989638497004,0.6916552883563759,0.6914522893925263,0.0,,0,14,1,,,2973;7354;3525;6025;3063;6027;7362;2188;2186;5744;6033;5746;6031;146;2828;2376;3091;4274;880;3109;3874;4306;429;3125;3406;2825;1944;130;99;4526;714;2800;4339;2419;5404;5421;1925;1883;926;925;5399;1905;830;2795;1891;827;6499;1803;1141;5241;922;6385;3550;6322;7280;2411;6281;2286;2287;6538;2979,2973:416.9594704036221;7354:420.75663771428566;3525:431.6354777142857;6025:433.3769417142857;3063:434.6416217142857;6027:435.9435977142857;7362:439.9518377142857;2188:446.6150057142857;2186:447.8912777142857;5744:449.9067017142857;6033:451.2761417142857;5746:453.1995497142857;6031:454.6911737142857;146:455.65230171428567;2828:456.7441097142857;2376:462.24598971428566;3091:475.56771771428566;4274:476.71064571428565;880:477.30198171428566;3109:479.1525257142857;3874:485.0168057142857;4306:497.1323657142857;429:498.5346857142857;3125:499.78820571428565;3406:512.1425657142856;2825:514.6122857142857;1944:515.9236457142857;130:518.3112857142858;99:518.7915257142857;4526:527.2011257142857;714:529.9979657142857;2800:532.0043657142857;4339:533.4981257142856;2419:538.1072057142856;5404:542.3340857142856;5421:543.4394057142856;1925:543.5826857142856;1883:544.6199657142856;926:548.8725257142856;925:551.8168457142856;5399:561.1216457142856;1905:562.4482457142856;830:563.6250857142855;2795:564.8087657142855;1891:565.0626857142855;827:566.1285257142855;6499:575.4833657142855;1803:581.4459257142855;1141:586.9505657142855;5241:588.5386457142855;922:589.4545577142856;6385:592.6761977142855;3550:592.9380377142855;6322:598.5752777142856;7280:602.0940377142856;2411:607.9291577142856;6281:612.9732719999998;2286:617.7401862857141;2287:622.5071005714284;6538:627.5512148571427;2979:631.3813992923439
0,5,default_vehtype,boarding,True,591.5424038637726,621.5424038637726,2979;-1;-1,2979;-1;-1,0.0,0.934724710203047,0.934724710203047,0.0,,0,11;10,2,10,11,,
0,6,default_vehtype,boarding,True,598.8943027511385,628.8943027511385,2984;-1;-1,2984;-1;-1,0.0,0.5431139808680018,0.5431139808680018,0.0,,0,9,1,,9,,
0,10,default_vehtype,route,False,600.0,658.0789066409714,2353;6140;0.045,2989;-1;-1,483.99088867476377,0.9453434503106525,0.945295051221785,0.0,,0,15,1,,,2353;6140;7386;3742;7100;6318;737;6639;2446;2301;1992;1990;1988;1985;3729;5498;5496;5699;5494;5695;3307;3987;6878;2989,2353:600;6140:604.9363435349452;7386:606.2787835349452;3742:613.9377835349452;7100:614.4774235349452;6318:614.9555035349451;737:615.8712235349451;6639:617.7204235349451;2446:619.2917035349451;2301:621.5887435349451;1992:622.6137835349451;1990:624.3107035349451;1988:626.764703534945;1985:630.286463534945;3729:632.633903534945;5498:634.031303534945;5496:636.938543534945;5699:637.635983534945;5494:638.739743534945;5695:639.5024635349449;3307:650.2409035349449;3987:657.0680635349449;6878:657.6714235349449;2989:658.0789066409714
0,11,default_vehtype,route,False,371.92550046542414,616.2888176079115,2984;-1;-1,2992;-1;-1,2495.722178771032,0.890060095360459,0.8898105231425819,0.0,,0,4,1,,,2984;3012;7321;2804;3061;1173;3425;3125;3406;2825;1944;130;99;4526;714;2800;4332;799;3653;3825;7127;1836;4248;5046;7138;6879;1367;3637;3640;3643;7179;5275;5297;5072;1464;2847;5825;4587;5794;3202;2065;2023;4203;537;18;5629;1068;2559;6740;1717;2067;2063;1937;2992,2984:371.92550046542414;3012:374.41816114285706;7321:378.4288011428571;2804:381.75556114285706;3061:388.4236011428571;1173:394.0219611428571;3425:395.2049211428571;3125:396.45844114285705;3406:408.81280114285704;2825:411.28252114285704;1944:412.593881142857;130:414.981521142857;99:415.461761142857;4526:423.871361142857;714:426.66820114285696;2800:428.67460114285694;4332:429.4902411428569;799:430.67116114285693;3653:435.26740114285695;3825:436.51600114285696;7127:480.07612114285695;1836:481.42708114285693;4248:495.97228114285696;5046:512.312801142857;7138:513.951401142857;6879:520.217801142857;1367:531.710681142857;3637:533.6038011428569;3640:534.4569291428569;3643:535.5205131428569;7179:539.0989131428569;5275:543.6082011428568;5297:546.9870171428569;5072:547.2172731428569;1464:554.1577851428569;2847:555.2284971428569;5825:558.1271451428569;4587:560.4074571428569;5794:562.0276011428568;3202:566.1489531428568;2065:571.2932091428569;2023:576.8515371428568;4203:577.6523211428569;537:578.6063211428568;18:584.4738891428568;5629:590.3233131428568;1068:592.8757131428569;2559:599.9263131428569;6740:604.3969371428569;1717:610.2306651428569;2067:610.9684491428569;2063:611.684705142857;1937:614.954657142857;2992:616.2888176079115
0,11,default_vehtype,boarding,True,616.2888176079115,646.2888176079115,2992;-1;-1,2992;-1;-1,0.0,0.8898105231425819,0.8898105231425819,0.0,,0,4,1,,4,,
0,0,default_vehtype,boarding,True,631.3813992923439,661.3813992923439,2979;-1;-1,2979;-1;-1,0.0,0.6914522893925263,0.6914522893925263,0.0,,0,14,1,,14,,
0,0,default_vehtype,boarding,True,661.3813992923439,691.3813992923439,2979;-1;-1,2979;-1;-1,0.0,0.6914522893925263,0.6914522893925263,0.0,,0,26,1,26,,,
0,2,default_vehtype,route,False,559.8902463688605,718.0296349786281,2982;-1;-1,2980;-1;-1,1274.3900625592087,0.9160748368800903,0.9159473978738344,0.0,,0,,0,,,2982;2809;4365;7288;1182;1001;6296;1434;3820;3877;2787;4993;6537;7281;2307;3549;6384;4032;1804;4811;5237;608;459;2416;4011;5246;363;366;2314;2877;1748;1743;1157;2058;2092;915;2980,2982:559.8902463688605;2809:565.5912137142857;4365:573.1723337142857;7288:574.2955337142857;1182:575.2124537142857;1001:580.5036137142857;6296:582.8629337142858;1434:588.8220137142857;3820:593.9306537142858;3877:595.8385337142857;2787:604.6310537142857;4993:605.6800937142857;6537:611.4799337142857;7281:617.3150537142857;2307:620.8338137142857;3549:626.4710537142857;6384:626.7328937142858;4032:629.9545337142857;1804:630.8704457142858;4811:632.5530857142858;5237:637.2935657142858;608:646.1596457142858;459:646.4894057142858;2416:648.7030457142858;4011:649.3671737142859;5246:655.2923417142858;363:662.2010297142858;366:663.6061097142858;2314:664.7509817142858;2877:677.9220857142858;1748:679.0406057142858;1743:686.7950057142858;1157:691.5341485714287;2058:697.3239771428572;2092:700.71312;915:705.8312914285714;2980:718.0296349786281
0,5,default_vehtype,route,False,621.5424038637726,669.5702120831462,2979;-1;-1,2982;-1;-1,400.2317351614469,0.934724710203047,0.9346846870295309,0.0,,0,10,1,,,2979;2786;2411;1661;7283;796;751;4635;6299;4102;4325;7285;1218;2982,2979:621.5424038637726;2786:623.5473394285714;2411:629.3824594285713;1661:635.1822994285714;7283:636.2313394285713;796:645.0238594285713;751:646.9317394285713;4635:652.0403794285713;6299:657.9994594285713;4102:660.3587794285713;4325:665.6499394285713;7285:666.5668594285713;1218:667.6900594285713;2982:669.5702120831462
0,5,default_vehtype,boarding,True,669.5702120831462,699.5702120831462,2982;-1;-1,2982;-1;-1,0.0,0.9346846870295309,0.9346846870295309,0.0,,0,10,1,,10,,
0,6,default_vehtype,route,False,628.8943027511385,673.8031927937365,2984;-1;-1,2985;-1;-1,386.725802383677,0.5431139808680018,0.5430753082877634,0.0,,0,,0,,,2984;3012;7321;2804;3061;1173;3425;4304;793;118;3979;2985,2984:628.8943027511385;3012:631.3869634285714;7321:635.3976034285714;2804:638.7243634285715;3061:645.3924034285715;1173:650.9907634285714;3425:652.1737234285714;4304:653.5760434285714;793:665.6916034285714;118:671.5558834285714;3979:673.4064274285714;2985:673.8031927937365
0,6,default_vehtype,boarding,True,673.8031927937365,703.8031927937365,2985;-1;-1,2985;-1;-1,0.0,0.5430753082877634,0.5430753082877634,0.0,,0,18,1,18,,,
0,7,default_vehtype,route,False,586.2130879538264,686.795944388434,2986;-1;-1,2972;-1;-1,1215.7530695282799,0.7720098541826395,0.7718882788756866,0.0,,0,3,1,,,2986;3155;6029;5745;6035;5743;6038;6041;7365;6050;6068;6077;3629;4502;6912;2108;7370;7608;5900;3459;4818;5992;6047;5708;3884;3030;3347;7376;2207;3446;3720;5332;251;2711;3358;2296;5681;2294;2035;6308;374;7114;3246;5330;661;445;2972,2986:586.2130879538264;3155:586.7569645714286;6029:587.7180925714287;5745:589.2097165714287;6035:591.1331245714287;5743:592.5025645714287;6038:594.5179885714288;6041:595.7942605714287;7365:602.4574285714287;6050:604.7309725714288;6068:608.9573005714287;6077:609.6029965714288;3629:611.1602845714287;4502:611.6231725714288;6912:616.7716045714287;2108:618.6680125714287;7370:625.1947405714287;7608:625.4241325714287;5900:628.8958285714286;3459:629.6513965714287;4818:630.2662765714286;5992:630.7430605714286;6047:634.9315885714286;5708:636.3258685714286;3884:638.8654525714286;3030:639.3634765714286;3347:641.3876845714286;7376:641.8230685714286;2207:642.2319565714287;3446:645.0553645714286;3720:648.0850525714286;5332:649.0764925714286;251:649.8240685714286;2711:650.9618845714286;3358:653.1768925714287;2296:661.4778925714287;5681:663.8718925714287;2294:665.2033782857144;2035:666.5348640000001;6308:668.9288640000001;374:677.2298640000001;7114:679.4448720000001;3246:680.5826880000002;5330:681.3302640000002;661:682.3217040000002;445:685.3513920000001;2972:686.795944388434
0,7,default_vehtype,boarding,True,686.795944388434,716.795944388434,2972;-1;-1,2972;-1;-1,0.0,0.7718882788756866,0.7718882788756866,0.0,,0,3,1,,3,,
0,8,default_vehtype,route,False,501.27002435583734,684.3019137412629,2990;-1;-1,2980;-1;-1,2002.1139690230275,0.8991514421051293,0.898951230708227,0.0,,0,12,1,,,2990;2552;4848;3271;4846;4989;5000;337;1075;5648;5759;205;5793;1407;5826;7411;4686;5074;5295;5274;7181;604;603;602;3851;4573;1400;971;598;1368;591;585;940;1370;939;1903;983;3921;840;2881;5099;1157;2058;2092;915;2980,2990:501.27002435583734;2552:504.13574047692066;4848:511.61606047692067;3271:517.1691804769207;4846:519.0422604769207;4989:531.3147804769206;5000:536.0743404769206;337:543.8345724769206;1075:544.8584124769205;5648:545.6591964769206;5759:551.2175244769205;205:556.3617804769206;5793:560.4831324769206;1407:562.1032764769205;5826:564.3835884769205;7411:567.2822364769205;4686:568.3529484769205;5074:575.2934604769205;5295:575.5237164769205;5274:578.9025324769206;7181:583.4118204769205;604:586.9902204769205;603:588.0538044769205;602:588.9069324769205;3851:589.9103244769204;4573:594.2166444769205;1400:595.9493244769204;971:599.7477564769205;598:600.8150124769205;1368:601.7753484769205;591:607.6463004769205;585:620.8175484769205;940:627.3974124769205;1370:634.4240364769205;939:635.1207084769205;1903:635.9423004769205;983:636.9248124769206;3921:640.7229564769206;840:645.2837964769205;2881:651.9144204769206;5099:653.0672844769206;1157:657.8064273340634;2058:663.596255905492;2092:666.9853987626348;915:672.1035701912061;2980:684.3019137412629
0,8,default_vehtype,boarding,True,684.3019137412629,714.3019137412629,2980;-1;-1,2980;-1;-1,0.0,0.898951230708227,0.898951230708227,0.0,,0,12;17,2,17,12,,
0,10,default_vehtype,boarding,True,658.0789066409714,688.0789066409714,2989;-1;-1,2989;-1;-1,0.0,0.945295051221785,0.945295051221785,0.0,,0,15;20;21,3,20;21,,,
0,11,default_vehtype,route,False,660.0,719.787388582999,2992;-1;-1,2969;-1;-1,830.3803969860979,0.8898105231425819,0.8897274851028834,0.0,,0,,0,,,2992;2526;5444;1716;2720;4210;1711;98;2497;7434;2760;542;1074;336;2969,2992:660;2526:669.2022475349454;5444:679.7386555349455;1716:682.5290155349454;2720:683.2756555349454;4210:684.1739275349454;1711:685.3036075349454;98:693.9194155349454;2497:695.4300475349454;7434:702.6378955349454;2760:709.1764315349454;542:716.7045355349454;1074:717.6379435349454;336:718.6610635349454;2969:719.787388582999
0,2,default_vehtype,boarding,True,718.0296349786281,748.0296349786281,2980;-1;-1,2980;-1;-1,0.0,0.9159473978738344,0.9159473978738344,0.0,,0,16,1,16,,,
0,4,default_vehtype,route,False,660.0,737.5125128203123,256;-1;-1,2989;-1;-1,368.74169255022,0.8229470565333281,0.8229101823640731,0.0,,0,,0,,,256;2030;3245;7113;3358;2296;5495;5696;3307;3987;6878;2989,256:660;2030:702.8492571428571;3245:706.3026857142858;7113:707.4405017142858;3358:709.6555097142858;2296:717.9565097142859;5495:718.1733497142859;5696:718.9360697142858;3307:729.6745097142858;3987:736.5016697142859;6878:737.1050297142858;2989:737.5125128203123
0,4,default_vehtype,boarding,True,737.5125128203123,767.5125128203123,2989;-1;-1,2989;-1;-1,0.0,0.8229101823640731,0.8229101823640731,0.0,,0,24,1,24,,,
0,5,default_vehtype,route,False,699.5702120831462,747.0755140395967,2982;-1;-1,2983;-1;-1,395.8775163037552,0.9346846870295309,0.9346450992779005,0.0,,0,,0,,,2982;2809;7010;820;7498;276;2915;2661;7517;6201;7314;2983,2982:699.5702120831462;2809:705.2711794285714;7010:708.1786594285713;820:710.1596194285713;7498:710.6276194285713;276:710.7392194285712;2915:722.0852194285712;2661:729.3185794285712;7517:736.6305394285712;6201:737.4916594285712;7314:744.3869794285712;2983:747.0755140395967
0,5,default_vehtype,boarding,True,747.0755140395967,777.0755140395967,2983;-1;-1,2983;-1;-1,0.0,0.9346450992779005,0.9346450992779005,0.0,,0,22,1,22,,,
0,11,default_vehtype,boarding,True,719.787388582999,749.787388582999,2969;-1;-1,2969;-1;-1,0.0,0.8897274851028834,0.8897274851028834,0.0,,0,23,1,23,,,
0,4,default_vehtype,route,False,767.5125128203123,780.0,2989;-1;-1,316;2042;0.310,104.06239316406409,0.8229101823640731,0.8228997761247567,0.0,,0,24,1,,,2989;3808;6876;885;316,2989:767.5125128203123;3808:768.1730297142859;6876:769.2410297142859;885:769.8443897142859;316:776.6715497142859
0,3,default_vehtype,route,False,516.6174344461272,810.1435671381715,2971;-1;-1,2966;-1;-1,2495.731738892211,0.7643696649391757,0.7641200917652864,0.0,,0,13,1,,,2971;3807;7387;2045;2835;2641;7396;2616;486;2838;3722;3732;544;7400;5449;6824;4848;3271;4846;4989;5000;337;1075;5648;5759;205;5793;1407;5826;7411;4686;5074;5295;5274;7181;604;603;602;1339;1395;1399;835;1147;1093;2607;911;1150;665;666;1885;668;1415;1041;1623;1383;2333;2966,2971:516.6174344461272;3807:517.9937897142856;7387:522.0581897142856;2045:536.5964297142856;2835:538.9615097142856;2641:548.1725897142857;7396:548.7669497142857;2616:554.1285497142857;486:555.0403097142856;2838:561.3650297142856;3722:564.8842697142856;3732:587.3339897142855;544:590.0235497142855;7400:591.0991097142855;5449:592.2981497142855;6824:596.5514297142855;4848:604.0317497142855;3271:609.5848697142856;4846:611.4579497142855;4989:623.7304697142855;5000:628.4900297142855;337:636.2502617142854;1075:637.2741017142854;5648:638.0748857142854;5759:643.6332137142854;205:648.7774697142854;5793:652.8988217142854;1407:654.5189657142854;5826:656.7992777142854;7411:659.6979257142854;4686:660.7686377142853;5074:667.7091497142853;5295:667.9394057142854;5274:671.3182217142854;7181:675.8275097142854;604:679.4059097142854;603:680.4694937142854;602:681.3226217142853;1339:682.3149977142854;1395:690.8523257142854;1399:692.9930297142854;835:696.5699897142854;1147:697.3625657142854;1093:698.6218457142854;2607:706.6805177142854;911:709.5343817142855;1150:710.2948457142854;665:711.7447097142855;666:712.6138217142855;1885:713.5996457142854;668:726.9700457142854;1415:727.5991097142854;1041:744.2856239999998;1623:748.6688811428569;1383:759.7543097142855;2333:799.9081954285712;2966:810.1435671381715
0,5,default_vehtype,route,False,777.0755140395967,817.6164317721966,2983;-1;-1,2976;-1;-1,286.8532668192851,0.9346450992779005,0.9346164139512185,0.0,,0,22,1,,,2983;7527;2803;7558;2806;4344;1199;1204;7329;2976,2983:777.0755140395967;7527:781.6024594285711;2803:789.1574194285712;7558:796.5524194285712;2806:804.3862594285712;4344:805.5892594285712;1199:809.579602285714;1204:813.5699451428569;7329:814.7729451428569;2976:817.6164317721966
0,6,default_vehtype,route,False,703.8031927937365,822.4892765744262,2985;-1;-1,2981;-1;-1,1026.684046143721,0.5430753082877634,0.542972639883149,0.0,,0,18,1,,,2985;1140;880;3109;3874;4306;429;3125;3406;2825;1944;130;99;4526;714;2800;4339;2419;5404;5421;1925;1883;926;925;5399;1905;830;2795;1891;827;6499;1803;1141;5241;922;6385;3550;2981,2985:703.8031927937365;1140:703.9977634285715;880:704.5890994285714;3109:706.4396434285715;3874:712.3039234285715;4306:724.4194834285714;429:725.8218034285715;3125:727.0753234285714;3406:739.4296834285715;2825:741.8994034285715;1944:743.2107634285716;130:745.5984034285716;99:746.0786434285716;4526:754.4882434285715;714:757.2850834285715;2800:759.2914834285715;4339:760.7852434285714;2419:765.3943234285714;5404:769.6212034285714;5421:770.7265234285715;1925:770.8698034285715;1883:771.9070834285715;926:776.1596434285715;925:779.1039634285714;5399:788.4087634285714;1905:789.7353634285714;830:790.9122034285714;2795:792.0958834285714;1891:792.3498034285714;827:793.4156434285713;6499:802.7704834285713;1803:808.7330434285714;1141:814.2376834285714;5241:815.8257634285713;922:816.7416754285714;6385:819.9633154285714;3550:820.2251554285714;2981:822.4892765744262
0,7,default_vehtype,route,False,716.795944388434,805.0189832559131,2972;-1;-1,2975;-1;-1,1181.6034995154696,0.7718882788756866,0.7717701185257351,0.0,,0,,0,,,2972;6079;7380;364;3029;3886;5711;6045;2157;4817;456;5901;7605;2830;5852;6913;1321;597;2204;6066;6049;7367;2188;2186;5744;6033;5746;6031;146;2828;2376;3091;4274;880;3109;3874;2975,2972:716.795944388434;6079:718.1748000000001;7380:718.5836880000002;364:719.0190720000002;3029:721.0432800000002;3886:721.5413040000002;5711:724.0808880000002;6045:725.4751680000002;2157:729.6636960000002;4817:730.1404800000001;456:730.7553600000001;5901:731.5109280000001;7605:734.9826240000001;2830:735.2120160000001;5852:741.7387440000001;6913:743.6351520000001;1321:748.783584;597:749.246472;2204:750.80376;6066:751.449456;6049:755.675784;7367:757.949328;2188:764.6124960000001;2186:765.888768;5744:767.9041920000001;6033:769.2736320000001;5746:771.1970400000001;6031:772.6886640000001;146:773.6497920000002;2828:774.7416000000002;2376:780.2434800000002;3091:793.5652080000002;4274:794.7081360000002;880:795.2994720000002;3109:797.1500160000002;3874:803.0142960000002;2975:805.0189832559131
0,7,default_vehtype,boarding,True,805.0189832559131,835.0189832559131,2975;-1;-1,2975;-1;-1,0.0,0.7717701185257351,0.7717701185257351,0.0,,0,25,1,25,,,
0,10,default_vehtype,route,False,688.0789066409714,815.046062790858,2989;-1;-1,2975;-1;-1,1557.6160345823873,0.945295051221785,0.9451392896183267,0.0,,0,15;20;21,3,,,2989;3808;6876;885;316;2042;1982;6306;374;7114;3246;5330;661;445;6080;7381;364;3029;3886;5711;6045;2157;4817;456;5901;7605;2830;5852;6913;1321;597;2204;6066;6049;7367;2188;2186;5744;6033;5746;6031;146;2828;2376;3091;4274;880;3109;3874;2975,2989:688.0789066409714;3808:688.739423534945;6876:689.807423534945;885:690.4107835349449;316:697.237943534945;2042:707.976383534945;1982:708.7391035349449;6306:708.9559435349449;374:717.256943534945;7114:719.471951534945;3246:720.609767534945;5330:721.357343534945;661:722.348783534945;445:725.378471534945;6080:728.201879534945;7381:728.610767534945;364:729.046151534945;3029:731.070359534945;3886:731.568383534945;5711:734.107967534945;6045:735.502247534945;2157:739.690775534945;4817:740.167559534945;456:740.782439534945;5901:741.538007534945;7605:745.009703534945;2830:745.2390955349449;5852:751.765823534945;6913:753.6622315349449;1321:758.8106635349449;597:759.2735515349449;2204:760.8308395349449;6066:761.4765355349449;6049:765.7028635349449;7367:767.9764075349449;2188:774.6395755349449;2186:775.9158475349449;5744:777.9312715349449;6033:779.300711534945;5746:781.224119534945;6031:782.715743534945;146:783.676871534945;2828:784.768679534945;2376:790.270559534945;3091:803.5922875349451;4274:804.735215534945;880:805.326551534945;3109:807.177095534945;3874:813.041375534945;2975:815.046062790858
0,0,default_vehtype,route,False,691.3813992923439,867.4687799051962,2979;-1;-1,2969;-1;-1,2297.2581998185124,0.6914522893925263,0.6912225635725444,0.0,,0,26,1,,,2979;2786;2307;3549;6384;4032;1804;4811;5237;608;459;2416;4011;5246;363;366;2314;2877;1748;2880;906;984;2268;1857;1806;1371;938;5442;4054;2205;1369;2047;3631;4079;4572;4577;778;3636;3639;3642;7178;5275;5297;5072;1464;2847;5825;4587;5794;3202;2065;2023;4203;4198;336;2969,2979:691.3813992923439;2786:693.3863348571426;2307:696.9050948571427;3549:702.5423348571427;6384:702.8041748571427;4032:706.0258148571427;1804:706.9417268571427;4811:708.6243668571427;5237:713.3648468571428;608:722.2309268571428;459:722.5606868571427;2416:724.7743268571428;4011:725.4384548571428;5246:731.3636228571428;363:738.2723108571428;366:739.6773908571428;2314:740.8222628571427;2877:753.9933668571427;1748:755.1118868571427;2880:756.2736788571427;906:768.4989908571428;984:771.2686868571427;2268:772.0165508571428;1857:772.4024708571428;1806:773.0646548571428;1371:773.7348308571428;938:776.3159588571428;5442:786.0366068571428;4054:793.6765988571428;2205:799.4290388571428;1369:805.8751988571428;2047:806.8182548571427;3631:808.3810868571427;4079:809.4483428571427;4572:813.2467748571428;4577:814.9794548571427;778:819.2857748571428;3636:820.2891668571427;3639:821.1422948571427;3642:822.2058788571427;7178:825.7842788571427;5275:830.2935668571427;5297:833.6723828571427;5072:833.9026388571427;1464:840.8431508571427;2847:841.9138628571427;5825:844.8125108571427;4587:847.0928228571427;5794:848.7129668571426;3202:852.8343188571426;2065:857.9785748571427;2023:863.5369028571426;4203:864.3376868571427;4198:865.3193348571426;336:866.3424548571426;2969:867.4687799051962
0,0,default_vehtype,boarding,True,867.4687799051962,897.4687799051962,2969;-1;-1,2969;-1;-1,0.0,0.6912225635725444,0.6912225635725444,0.0,,0,26,1,,26,,
0,3,default_vehtype,boarding,True,810.1435671381715,840.1435671381715,2966;-1;-1,2966;-1;-1,0.0,0.7641200917652864,0.7641200917652864,0.0,,0,13,1,,13,,
0,4,default_vehtype,route,False,780.0,840.7001584036223,316;2042;0.310,2973;-1;-1,750.3324794153887,0.8228997761247567,0.8228247428768152,0.0,,0,24,1,,,316;2042;1982;6306;374;7114;3246;5330;661;445;6080;7381;364;3029;3886;5711;6045;2157;4817;456;5901;7605;2830;1420;1084;2973,316:780;2042:787.4099897142859;1982:788.1727097142858;6306:788.3895497142859;374:796.6905497142859;7114:798.9055577142859;3246:800.043373714286;5330:800.790949714286;661:801.782389714286;445:804.8120777142859;6080:807.6354857142859;7381:808.0443737142859;364:808.4797577142859;3029:810.503965714286;3886:811.001989714286;5711:813.541573714286;6045:814.9358537142859;2157:819.124381714286;4817:819.6011657142859;456:820.2160457142859;5901:820.9716137142859;7605:824.4433097142859;2830:824.6727017142858;1420:836.3778137142858;1084:839.9127977142858;2973:840.7001584036223
0,4,default_vehtype,boarding,True,840.7001584036223,870.7001584036223,2973;-1;-1,2973;-1;-1,0.0,0.8228247428768152,0.8228247428768152,0.0,,0,24;27,2,27,,,
0,5,default_vehtype,boarding,True,817.6164317721966,847.6164317721966,2976;-1;-1,2976;-1;-1,0.0,0.9346164139512185,0.9346164139512185,0.0,,0,22,1,,22,,
0,6,default_vehtype,boarding,True,822.4892765744262,852.4892765744262,2981;-1;-1,2981;-1;-1,0.0,0.542972639883149,0.542972639883149,0.0,,0,18;19,2,19,18,,
0,10,default_vehtype,boarding,True,815.046062790858,845.046062790858,2975;-1;-1,2975;-1;-1,0.0,0.9451392896183267,0.9451392896183267,0.0,,0,15;20;21,3,,15;20,,
0,5,default_vehtype,route,False,847.6164317721966,900.0,2976;-1;-1,4304;793;0.771,436.5297352316949,0.9346164139512185,0.9345727609776954,0.0,,0,,0,,,2976;7557;2806;4344;2996;3013;7322;2804;3061;1173;3425;4304,2976:847.6164317721966;7557:852.6067851428569;2806:860.4406251428569;4344:861.6436251428569;2996:863.6871051428569;3013:868.4722251428569;7322:872.4828651428569;2804:875.8096251428569;3061:882.477665142857;1173:888.0760251428569;3425:889.2589851428569;4304:890.6613051428569
0,6,default_vehtype,route,False,852.4892765744262,900.0,2981;-1;-1,5400;4040;0.718,418.9090952131149,0.542972639883149,0.5429307489736277,0.0,,0,19,1,,,2981;6320;3549;6384;4032;1804;4277;5239;6501;3911;5389;7301;3914;5398;5400,2981:852.4892765744262;6320:855.8623954285714;3549:861.4996354285714;6384:861.7614754285714;4032:864.9831154285714;1804:865.8990274285715;4277:867.4871074285714;5239:872.9917474285714;6501:878.9543074285715;3911:888.3091474285715;5389:889.3749874285714;7301:889.6289074285714;3914:890.8125874285714;5398:891.9894274285714;5400:893.3160274285714
0,5,default_vehtype,route,False,900.0,935.4544438273412,4304;793;0.771,2975;-1;-1,232.75426998974834,0.9345727609776954,0.9345494855506964,0.0,,0,,0,,,4304;793;118;3979;4275;3068;70;73;4273;880;3109;3874;2975,4304:900;793:902.7768651428569;118:908.6411451428569;3979:910.4916891428569;4275:911.0830251428569;3068:915.8273108571426;70:918.1133108571426;73:920.3993108571425;4273:925.1435965714282;880:925.7349325714282;3109:927.5854765714282;3874:933.4497565714282;2975:935.4544438273412
0,10,default_vehtype,route,False,845.046062790858,946.9888244316849,2975;-1;-1,2983;-1;-1,763.8447279592715,0.9451392896183267,0.9450629051455307,0.0,,0,21,1,,,2975;1166;429;4313;68;7318;7325;3011;4;4345;7330;7562;7316;7531;2802;2251;7515;4311;2918;1172;2919;6201;7314;2983,2975:845.046062790858;1166:855.1569355349451;429:856.5592555349451;4313:857.7422155349451;68:863.3405755349451;7318:870.0086155349451;7325:873.3353755349451;3011:877.3460155349451;4:882.1311355349451;4345:884.1746155349451;7330:885.3776155349451;7562:893.2114555349451;7316:900.6064555349451;7531:908.1614155349451;2802:915.3768955349451;2251:922.2722155349451;7515:923.1333355349451;4311:927.883278392088;2918:929.8385926778022;1172:931.7939069635165;2919:936.5438498206594;6201:937.4049698206594;7314:944.3002898206594;2983:946.9888244316849
0,4,default_vehtype,route,False,870.7001584036223,1014.095241611174,2973;-1;-1,2977;-1;-1,1540.4760006777287,0.8228247428768152,0.8226706952767474,0.0,,0,24;27,2,,,2973;7354;3525;6025;3063;6027;7362;2188;2186;5744;6033;5746;6031;146;2828;2376;3091;4274;880;3109;3874;4306;429;4313;68;7318;7325;3011;4;4345;7330;7562;7316;7531;2802;2977,2973:870.7001584036223;7354:874.4973257142858;3525:885.3761657142858;6025:887.1176297142857;3063:888.3823097142857;6027:889.6842857142857;7362:893.6925257142857;2188:900.3556937142857;2186:901.6319657142857;5744:903.6473897142857;6033:905.0168297142858;5746:906.9402377142858;6031:908.4318617142858;146:909.3929897142858;2828:910.4847977142858;2376:915.9866777142859;3091:929.3084057142859;4274:930.4513337142859;880:931.0426697142858;3109:932.8932137142858;3874:938.7574937142858;4306:950.8730537142858;429:952.2753737142858;4313:953.4583337142858;68:959.0566937142858;7318:965.7247337142858;7325:969.0514937142858;3011:973.0621337142858;4:977.8472537142858;4345:979.8907337142858;7330:981.0937337142858;7562:988.9275737142858;7316:996.3225737142858;7531:1003.8775337142858;2802:1011.0930137142858;2977:1014.095241611174
0,5,default_vehtype,boarding,True,935.4544438273412,965.4544438273412,2975;-1;-1,2975;-1;-1,0.0,0.9345494855506964,0.9345494855506964,0.0,,0,29,1,29,,,
0,5,default_vehtype,route,False,965.4544438273412,1008.629483200768,2975;-1;-1,2976;-1;-1,359.7919947785567,0.9345494855506964,0.9345135063512185,0.0,,0,29,1,,,2975;1166;429;4313;68;7318;7325;3011;4;4345;7330;2976,2975:965.4544438273412;1166:975.5653165714283;429:976.9676365714283;4313:978.1505965714283;68:983.7489565714283;7318:990.4169965714283;7325:993.7437565714283;3011:997.7543965714283;4:1002.5395165714283;4345:1004.5829965714283;7330:1005.7859965714283;2976:1008.629483200768
0,6,default_vehtype,route,False,900.0,977.5324567937364,5400;4040;0.718,2985;-1;-1,658.5888586431643,0.5429307489736277,0.5428648900877634,0.0,,0,19,1,,,5400;4040;4041;5374;5418;5424;5403;6546;1200;7312;3767;4527;3089;3131;5447;7352;414;122;3426;4305;793;118;3979;2985,5400:900;4040:902.6208274285714;4041:905.5651474285713;5374:909.8177074285713;5418:910.8549874285713;5424:910.9982674285714;5403:912.1035874285714;6546:916.3304674285714;1200:920.9395474285714;7312:922.4333074285713;3767:924.4397074285713;4527:927.2365474285713;3089:935.6461474285712;3131:936.1263874285712;5447:938.5140274285712;7352:939.8253874285713;414:942.2951074285713;122:954.6494674285714;3426:955.9029874285714;4305:957.3053074285714;793:969.4208674285713;118:975.2851474285713;3979:977.1356914285714;2985:977.5324567937364
0,6,default_vehtype,boarding,True,977.5324567937364,1007.5324567937364,2985;-1;-1,2985;-1;-1,0.0,0.5428648900877634,0.5428648900877634,0.0,,0,19;28,2,28,,,
0,8,default_vehtype,route,False,714.3019137412629,1007.3969557844088,2980;-1;-1,2990;-1;-1,2515.5820309769733,0.898951230708227,0.8986996725051293,0.0,,0,17,1,,,2980;914;2135;1730;2664;2579;2961;2407;2581;370;361;2874;1887;1805;363;366;2314;2877;1748;2880;906;984;2268;1857;1806;1371;938;5442;4054;2205;1369;2047;3631;4079;4572;4577;778;3636;3639;1365;2574;7139;711;91;913;3564;4948;592;557;3881;4091;5064;991;990;4272;2724;6667;6711;1807;1653;6829;4349;4937;669;5061;7265;3848;534;2839;5449;2990,2980:714.3019137412629;914:730.1840844769205;2135:738.1349416197776;1730:753.5912844769205;2664:755.4133987626348;2579:760.2893416197776;2961:777.0601987626347;2407:782.3089987626347;2581:790.7962559054919;370:792.3791039054919;361:794.8762079054919;2874:795.4622159054919;1887:801.1175999054919;1805:802.1482799054919;363:809.0569679054919;366:810.4620479054919;2314:811.6069199054918;2877:824.7780239054919;1748:825.8965439054919;2880:827.0583359054918;906:839.2836479054919;984:842.0533439054918;2268:842.8012079054919;1857:843.1871279054919;1806:843.849311905492;1371:844.5194879054919;938:847.100615905492;5442:856.821263905492;4054:864.461255905492;2205:870.2136959054919;1369:876.6598559054919;2047:877.6029119054919;3631:879.1657439054918;4079:880.2329999054919;4572:884.0314319054919;4577:885.7641119054919;778:890.0704319054919;3636:891.0738239054918;3639:891.9269519054918;1365:893.8686719054919;2574:905.3765519054919;7139:911.6429519054918;711:912.8285519054918;91:913.9105919054919;913:915.9263519054919;3564:921.8128319054919;4948:926.7287519054919;592:928.355351905492;557:933.951071905492;3881:934.914191905492;4091:936.013031905492;5064:937.570871905492;991:938.042471905492;990:940.155311905492;4272:943.324511905492;2724:944.3189519054921;6667:952.2510719054922;6711:968.1106319054921;1807:970.0378319054921;1653:975.8417519054921;6829:976.6146719054921;4349:977.1635519054921;4937:981.5331119054921;669:991.8405119054921;5061:997.6488719054921;7265:998.4321119054921;3848:999.4067519054921;534:1003.4517119054921;2839:1004.8103519054921;5449:1006.0093919054921;2990:1007.3969557844088
0,10,default_vehtype,boarding,True,946.9888244316849,976.9888244316849,2983;-1;-1,2983;-1;-1,0.0,0.9450629051455307,0.9450629051455307,0.0,,0,21,1,,21,,
0,2,default_vehtype,route,False,748.0296349786281,1028.3772691609558,2980;-1;-1,2993;-1;-1,2980.034721126262,0.9159473978738344,0.9156493944017218,0.0,,0,16,1,,,2980;914;2135;1730;2664;2579;2961;2407;2581;370;361;2874;1887;1805;363;366;2314;2877;1748;2880;906;984;2268;1857;1806;1371;938;5442;4054;2205;1369;2047;3631;4079;4572;4577;778;3636;3639;3642;7178;5275;5297;5072;1464;2847;5825;4587;5794;3202;2065;2023;4203;537;18;5629;1068;2559;6740;1717;2067;2063;1937;6789;3895;5465;7450;2993,2980:748.0296349786281;914:763.9118057142857;2135:771.8626628571428;1730:787.3190057142857;2664:789.14112;2579:794.0170628571428;2961:810.78792;2407:816.03672;2581:824.5239771428571;370:826.1068251428571;361:828.6039291428572;2874:829.1899371428572;1887:834.8453211428572;1805:835.8760011428571;363:842.7846891428571;366:844.1897691428571;2314:845.3346411428571;2877:858.5057451428571;1748:859.6242651428571;2880:860.7860571428571;906:873.0113691428571;984:875.7810651428571;2268:876.5289291428571;1857:876.9148491428572;1806:877.5770331428572;1371:878.2472091428572;938:880.8283371428572;5442:890.5489851428572;4054:898.1889771428572;2205:903.9414171428572;1369:910.3875771428571;2047:911.3306331428571;3631:912.893465142857;4079:913.9607211428571;4572:917.7591531428571;4577:919.4918331428571;778:923.7981531428571;3636:924.8015451428571;3639:925.6546731428571;3642:926.718257142857;7178:930.296657142857;5275:934.805945142857;5297:938.184761142857;5072:938.4150171428571;1464:945.3555291428571;2847:946.4262411428571;5825:949.324889142857;4587:951.605201142857;5794:953.225345142857;3202:957.346697142857;2065:962.490953142857;2023:968.049281142857;4203:968.850065142857;537:969.804065142857;18:975.671633142857;5629:981.521057142857;1068:984.073457142857;2559:991.124057142857;6740:995.5946811428571;1717:1001.428409142857;2067:1002.1661931428571;2063:1002.8824491428571;1937:1006.1524011428571;6789:1016.6888091428572;3895:1017.9557931428571;5465:1025.487713142857;7450:1026.471953142857;2993:1028.3772691609558
0,2,default_vehtype,boarding,True,1028.3772691609558,1058.3772691609558,2993;-1;-1,2993;-1;-1,0.0,0.9156493944017218,0.9156493944017218,0.0,,0,16,1,,16,,
0,4,default_vehtype,boarding,True,1014.095241611174,1044.095241611174,2977;-1;-1,2977;-1;-1,0.0,0.8226706952767474,0.8226706952767474,0.0,,0,24;27,2,,27,,
0,5,default_vehtype,boarding,True,1008.629483200768,1038.629483200768,2976;-1;-1,2976;-1;-1,0.0,0.9345135063512185,0.9345135063512185,0.0,,0,29,1,,29,,
0,6,default_vehtype,route,False,1007.5324567937364,1045.2648513808183,2985;-1;-1,2974;-1;-1,422.96189307455245,0.5428648900877634,0.542822593898456,0.0,,0,19;28,2,,,2985;1140;103;6480;7360;3154;6028;2181;2180;146;2828;2974,2985:1007.5324567937364;1140:1007.7270274285714;103:1008.8699554285714;6480:1022.1916834285714;7360:1027.6935634285715;3154:1028.7853714285714;6028:1029.7464994285713;2181:1033.9785565714285;2180:1038.2106137142857;146:1039.1717417142856;2828:1040.2635497142855;2974:1045.2648513808183
0,6,default_vehtype,boarding,True,1045.2648513808183,1075.2648513808183,2974;-1;-1,2974;-1;-1,0.0,0.542822593898456,0.542822593898456,0.0,,0,19;28,2,,19,,
0,7,default_vehtype,route,False,835.0189832559131,1029.991772731842,2975;-1;-1,2971;-1;-1,2124.329645632739,0.7717701185257351,0.7715576855611718,0.0,,0,25,1,,,2975;1166;793;118;3979;4275;103;6480;7360;3154;6028;5745;6035;5743;6038;6041;7365;6050;6068;6077;3629;4502;6912;2108;7370;7608;5900;3459;4818;5992;6047;5708;3884;3030;3347;7376;2207;3446;3720;5332;251;2711;3358;2296;5495;5696;3307;3987;2396;886;808;1372;807;1375;108;1376;1380;373;2390;7391;5704;7389;2971,2975:835.0189832559131;1166:845.1298560000002;793:857.2454160000002;118:863.1096960000002;3979:864.9602400000002;4275:865.5515760000002;103:866.6945040000002;6480:880.0162320000002;7360:885.5181120000002;3154:886.6099200000002;6028:887.5710480000002;5745:889.0626720000002;6035:890.9860800000002;5743:892.3555200000003;6038:894.3709440000003;6041:895.6472160000003;7365:902.3103840000003;6050:904.5839280000004;6068:908.8102560000003;6077:909.4559520000004;3629:911.0132400000003;4502:911.4761280000004;6912:916.6245600000003;2108:918.5209680000003;7370:925.0476960000003;7608:925.2770880000003;5900:928.7487840000002;3459:929.5043520000003;4818:930.1192320000002;5992:930.5960160000002;6047:934.7845440000002;5708:936.1788240000002;3884:938.7184080000002;3030:939.2164320000002;3347:941.2406400000002;7376:941.6760240000002;2207:942.0849120000003;3446:944.9083200000002;3720:947.9380080000002;5332:948.9294480000002;251:949.6770240000002;2711:950.8148400000002;3358:953.0298480000002;2296:961.3308480000003;5495:961.5476880000003;5696:962.3104080000003;3307:973.0488480000002;3987:979.8760080000003;2396:981.1819680000003;886:986.8195680000003;808:987.2857680000003;1372:988.1486880000003;807:989.2525680000003;1375:990.9367680000004;108:993.0772080000004;1376:994.8774480000004;1380:996.8940480000005;373:1006.4550480000005;2390:1008.9997680000005;7391:1010.4004080000004;5704:1012.7654880000005;7389:1027.3037280000005;2971:1029.991772731842
0,7,default_vehtype,boarding,True,1029.991772731842,1059.991772731842,2971;-1;-1,2971;-1;-1,0.0,0.7715576855611718,0.7715576855611718,0.0,,0,25,1,,25,,
0,8,default_vehtype,boarding,True,1007.3969557844088,1037.3969557844089,2990;-1;-1,2990;-1;-1,0.0,0.8986996725051293,0.8986996725051293,0.0,,0,17,1,,17,,
0,11,default_vehtype,route,False,749.787388582999,1029.4639741459712,2969;-1;-1,2983;-1;-1,3227.32805164669,0.8897274851028834,0.8894047522977188,0.0,,0,23,1,,,2969;7192;1664;337;1075;5648;5759;205;5793;1407;5826;7411;4686;5074;5295;5274;7181;604;603;602;3851;4573;1400;971;598;1368;591;585;940;1370;939;1903;983;3921;840;2881;5099;2878;1735;2581;370;361;2874;1887;4059;910;6541;3462;3648;2851;2850;1801;1560;5242;922;6385;3550;6322;7280;2411;1661;7283;796;751;4635;6299;4102;4325;7285;1218;7334;7010;820;7498;276;2915;2661;7517;6201;7314;2983,2969:749.787388582999;7192:753.3910315349455;1664:756.6449275349455;337:764.4051595349455;1075:765.4289995349454;5648:766.2297835349455;5759:771.7881115349454;205:776.9323675349455;5793:781.0537195349455;1407:782.6738635349454;5826:784.9541755349454;7411:787.8528235349454;4686:788.9235355349454;5074:795.8640475349454;5295:796.0943035349454;5274:799.4731195349455;7181:803.9824075349454;604:807.5608075349454;603:808.6243915349454;602:809.4775195349454;3851:810.4809115349453;4573:814.7872315349454;1400:816.5199115349453;971:820.3183435349454;598:821.3855995349454;1368:822.3459355349454;591:828.2168875349454;585:841.3881355349454;940:847.9679995349454;1370:854.9946235349454;939:855.6912955349454;1903:856.5128875349454;983:857.4953995349455;3921:861.2935435349455;840:865.8543835349454;2881:872.4850075349455;5099:873.6378715349455;2878:874.7658955349455;1735:885.7502155349455;2581:887.0896315349455;370:888.6724795349455;361:891.1695835349456;2874:891.7555915349456;1887:897.4109755349456;4059:899.3302795349456;910:903.8464795349456;6541:904.5106075349456;3462:906.7242475349457;3648:907.0540075349456;2851:911.7282475349457;2850:912.6616075349457;1801:915.9572875349456;1560:920.6977675349457;5242:922.3804075349457;922:923.2963195349457;6385:926.5179595349457;3550:926.7797995349457;6322:932.4170395349457;7280:935.9357995349458;2411:941.7709195349457;1661:947.5707595349458;7283:948.6197995349457;796:957.4123195349457;751:959.3201995349457;4635:964.4288395349457;6299:970.3879195349457;4102:972.7472395349457;4325:978.0383995349457;7285:978.9553195349457;1218:980.0785195349457;7334:987.6596395349458;7010:990.5671195349457;820:992.5480795349457;7498:993.0160795349457;276:993.1276795349456;2915:1004.4736795349456;2661:1011.7070395349456;7517:1019.0189995349456;6201:1019.8801195349456;7314:1026.7754395349457;2983:1029.4639741459712
0,11,default_vehtype,boarding,True,1029.4639741459712,1059.4639741459712,2983;-1;-1,2983;-1;-1,0.0,0.8894047522977188,0.8894047522977188,0.0,,0,23,1,,23,,
0,0,default_vehtype,route,False,1080.0,1134.5952464750255,2969;-1;-1,2968;-1;-1,758.2673121531342,0.6912225635725444,0.6911467368413291,0.0,,0,,0,,,2969;7192;1664;337;1075;537;18;5629;1068;2559;6740;1717;2067;2720;4210;1711;2968,2969:1080;7192:1083.6036429519463;1664:1086.8575389519463;337:1094.6177709519463;1075:1095.6416109519464;537:1096.5956109519464;18:1102.4631789519462;5629:1108.3126029519462;1068:1110.8650029519463;2559:1117.9156029519463;6740:1122.3862269519464;1717:1128.2199549519464;2067:1128.9577389519463;2720:1129.7211549519463;4210:1130.6194269519463;1711:1131.7491069519463;2968:1134.5952464750255
0,2,default_vehtype,route,False,1080.0,1085.8647695471266,2993;-1;-1,2967;-1;-1,81.45513259898192,0.9156493944017218,0.9156412488884619,0.0,,0,,0,,,2993;4483;7446;1960;2967,2993:1080;4483:1080.761419981901;7446:1083.428155981901;1960:1084.412395981901;2967:1085.8647695471266
0,2,default_vehtype,boarding,True,1085.8647695471266,1115.8647695471266,2967;-1;-1,2967;-1;-1,0.0,0.9156412488884619,0.9156412488884619,0.0,,0,34;33,2,34;33,,,
0,4,default_vehtype,route,False,1044.095241611174,1129.9277181494872,2977;-1;-1,2979;-1;-1,715.2706378192755,0.8226706952767474,0.8225991682129655,0.0,,0,24,1,,,2977;6202;7516;7037;7512;3274;2902;3901;7011;7336;4365;7288;1182;1001;6296;1434;3820;3877;2787;4993;6537;2979,2977:1044.095241611174;6202:1047.9883337142858;7516:1048.8494537142858;7037:1056.1614137142858;7512:1063.3947737142857;3274:1074.7407737142858;2902:1074.8523737142857;3901:1075.3203737142858;7011:1077.3013337142859;7336:1080.208813714286;4365:1087.789933714286;7288:1088.913133714286;1182:1089.830053714286;1001:1095.121213714286;6296:1097.480533714286;1434:1103.439613714286;3820:1108.548253714286;3877:1110.456133714286;2787:1119.2486537142859;4993:1120.297693714286;6537:1126.0975337142859;2979:1129.9277181494872
0,5,default_vehtype,route,False,1038.629483200768,1122.6105439538258,2976;-1;-1,2986;-1;-1,827.3774361776939,0.9345135063512185,0.9344307686076008,0.0,,0,,0,,,2976;7557;2806;4344;2996;3013;7322;2804;3061;1173;3425;4304;793;118;3979;4275;103;6480;7360;2986,2976:1038.629483200768;7557:1043.6198365714283;2806:1051.4536765714283;4344:1052.6566765714283;2996:1054.7001565714284;3013:1059.4852765714284;7322:1063.4959165714283;2804:1066.8226765714282;3061:1073.4907165714283;1173:1079.0890765714282;3425:1080.2720365714283;4304:1081.6743565714282;793:1093.7899165714282;118:1099.6541965714282;3979:1101.504740571428;4275:1102.096076571428;103:1103.239004571428;6480:1116.560732571428;7360:1122.062612571428;2986:1122.6105439538258
0,10,default_vehtype,route,False,976.9888244316849,1105.3054029665143,2983;-1;-1,2981;-1;-1,1092.2912211235778,0.9450629051455307,0.9449536760234183,0.0,,0,,0,,,2983;7527;2802;2251;7515;7037;7512;3274;2902;3901;7011;7336;4365;7288;4302;5102;7160;7294;2701;3076;4023;7300;1891;827;6499;1803;1141;5241;922;6385;3550;2981,2983:976.9888244316849;7527:981.5157698206593;2802:988.7312498206593;2251:995.6265698206593;7515:996.4876898206593;7037:1003.7996498206593;7512:1011.0330098206592;3274:1022.3790098206592;2902:1022.4906098206592;3901:1022.9586098206591;7011:1024.9395698206592;7336:1027.8470498206593;4365:1035.4281698206594;7288:1036.5513698206594;4302:1037.9631698206595;5102:1049.0716898206595;7160:1050.5269298206595;7294:1059.2454098206595;2701:1065.0475298206595;3076:1065.8968898206595;4023:1073.7698498206594;7300:1074.9120098206595;1891:1075.1659298206596;827:1076.2317698206596;6499:1085.5866098206595;1803:1091.5491698206595;1141:1097.0538098206596;5241:1098.6418898206596;922:1099.5578018206595;6385:1102.7794418206595;3550:1103.0412818206594;2981:1105.3054029665143
0,10,default_vehtype,boarding,True,1105.3054029665143,1135.3054029665143,2981;-1;-1,2981;-1;-1,0.0,0.9449536760234183,0.9449536760234183,0.0,,0,30,1,30,,,
0,0,default_vehtype,boarding,True,1134.5952464750255,1164.5952464750255,2968;-1;-1,2968;-1;-1,0.0,0.6911467368413291,0.6911467368413291,0.0,,0,32,1,32,,,
0,4,default_vehtype,boarding,True,1129.9277181494872,1159.9277181494872,2979;-1;-1,2979;-1;-1,0.0,0.8225991682129655,0.8225991682129655,0.0,,0,24,1,,24,,
0,5,default_vehtype,boarding,True,1122.6105439538258,1152.6105439538258,2986;-1;-1,2986;-1;-1,0.0,0.9344307686076008,0.9344307686076008,0.0,,0,31,1,31,,,
0,6,default_vehtype,route,False,1075.2648513808183,1182.3980975312907,2974;-1;-1,2972;-1;-1,1306.730704470849,0.542822593898456,0.5426919208280089,0.0,,0,28,1,,,2974;6479;7359;3154;6028;5745;6035;5743;6038;6041;7365;6050;6068;6077;3629;4502;6912;2108;7370;7608;5900;3459;4818;5992;6047;5708;3884;3030;3347;7376;2207;3446;3720;5332;251;2711;3358;2296;5681;2294;2035;6308;374;7114;3246;5330;661;445;2972,2974:1075.2648513808183;6479:1075.7654297142856;7359:1081.2673097142856;3154:1082.3591177142855;6028:1083.3202457142854;5745:1084.8118697142854;6035:1086.7352777142855;5743:1088.1047177142855;6038:1090.1201417142854;6041:1091.3964137142855;7365:1098.0595817142855;6050:1100.3331257142854;6068:1104.5594537142854;6077:1105.2051497142854;3629:1106.7624377142854;4502:1107.2253257142854;6912:1112.3737577142854;2108:1114.2701657142854;7370:1120.7968937142855;7608:1121.0262857142855;5900:1124.4979817142855;3459:1125.2535497142856;4818:1125.8684297142856;5992:1126.3452137142856;6047:1130.5337417142855;5708:1131.9280217142855;3884:1134.4676057142856;3030:1134.9656297142856;3347:1136.9898377142856;7376:1137.4252217142857;2207:1137.8341097142857;3446:1140.6575177142856;3720:1143.6872057142857;5332:1144.6786457142857;251:1145.4262217142857;2711:1146.5640377142856;3358:1148.7790457142855;2296:1157.0800457142855;5681:1159.4740457142855;2294:1160.8055314285712;2035:1162.1370171428568;6308:1164.5310171428569;374:1172.8320171428568;7114:1175.0470251428567;3246:1176.1848411428566;5330:1176.9324171428566;661:1177.9238571428566;445:1180.9535451428567;2972:1182.3980975312907
0,4,default_vehtype,boarding,True,1200.0,1230.0,2979;-1;-1,2979;-1;-1,0.0,0.8225991682129655,0.8225991682129655,0.0,,0,37,1,37,,,
0,6,default_vehtype,boarding,True,1182.3980975312907,1212.3980975312907,2972;-1;-1,2972;-1;-1,0.0,0.5426919208280089,0.5426919208280089,0.0,,0,28,1,,28,,
0,8,default_vehtype,route,False,1200.0,1246.3626871904564,2990;-1;-1,2991;-1;-1,477.01089919476397,0.8986996725051293,0.8986519714152098,0.0,,0,,0,,,2990;2552;4848;3271;4846;4989;5000;337;1075;537;2991,2990:1200;2552:1202.8657161210833;4848:1210.3460361210832;3271:1215.8991561210833;4846:1217.7722361210833;4989:1230.0447561210833;5000:1234.8043161210833;337:1242.5645481210834;1075:1243.5883881210834;537:1244.5423881210834;2991:1246.3626871904564
0,11,default_vehtype,route,False,1140.0,1242.3245640734585,2983;-1;-1,2975;-1;-1,790.0052720407283,0.8894047522977188,0.8893257517705146,0.0,,0,,0,,,2983;7527;2803;7558;2806;4344;2996;3013;7322;2804;3061;1173;3425;4304;793;118;3979;4275;3068;70;73;4273;880;3109;3874;2975,2983:1140;7527:1144.5269453889746;2803:1152.0819053889745;7558:1159.4769053889745;2806:1167.3107453889745;4344:1168.5137453889745;2996:1170.5572253889745;3013:1175.3423453889745;7322:1179.3529853889745;2804:1182.6797453889744;3061:1189.3477853889744;1173:1194.9461453889744;3425:1196.1291053889745;4304:1197.5314253889744;793:1209.6469853889744;118:1215.5112653889744;3979:1217.3618093889743;4275:1217.9531453889742;3068:1222.69743110326;70:1224.98343110326;73:1227.26943110326;4273:1232.0137168175459;880:1232.6050528175458;3109:1234.4555968175457;3874:1240.3198768175457;2975:1242.3245640734585
0,5,default_vehtype,route,False,1152.6105439538258,1286.4663734681678,2986;-1;-1,2983;-1;-1,1163.365297003021,0.9344307686076008,0.9343144320779004,0.0,,0,31,1,,,2986;3155;7358;2376;3091;4274;880;3109;3874;4306;429;4313;68;7318;7325;3011;4;4345;7330;7562;7316;7531;2802;2251;7515;4311;2918;1172;2919;6201;7314;2983,2986:1152.6105439538258;3155:1153.1544205714279;7358:1154.2462285714278;2376:1159.7481085714278;3091:1173.0698365714277;4274:1174.2127645714277;880:1174.8041005714276;3109:1176.6546445714275;3874:1182.5189245714275;4306:1194.6344845714275;429:1196.0368045714274;4313:1197.2197645714275;68:1202.8181245714275;7318:1209.4861645714275;7325:1212.8129245714274;3011:1216.8235645714274;4:1221.6086845714274;4345:1223.6521645714274;7330:1224.8551645714274;7562:1232.6890045714274;7316:1240.0840045714274;7531:1247.6389645714273;2802:1254.8544445714274;2251:1261.7497645714275;7515:1262.6108845714275;4311:1267.3608274285705;2918:1269.3161417142849;1172:1271.2714559999993;2919:1276.0213988571422;6201:1276.8825188571423;7314:1283.7778388571423;2983:1286.4663734681678
0,5,default_vehtype,boarding,True,1286.4663734681678,1316.4663734681678,2983;-1;-1,2983;-1;-1,0.0,0.9343144320779004,0.9343144320779004,0.0,,0,31,1,,31,,
0,8,default_vehtype,boarding,True,1246.3626871904564,1276.3626871904564,2991;-1;-1,2991;-1;-1,0.0,0.8986519714152098,0.8986519714152098,0.0,,0,36,1,36,,,
0,11,default_vehtype,boarding,True,1242.3245640734585,1272.3245640734585,2975;-1;-1,2975;-1;-1,0.0,0.8893257517705146,0.8893257517705146,0.0,,0,35,1,35,,,
0,2,default_vehtype,route,False,1115.8647695471266,1375.8871853470662,2967;-1;-1,2985;-1;-1,2734.6677749991595,0.9156412488884619,0.9153677821109619,0.0,,0,34;33,2,,,2967;3896;6788;5444;1716;2720;4210;1711;98;2497;7434;2760;542;1074;4204;5649;5760;205;5793;1407;5826;7411;4686;5074;5295;5274;7181;604;603;1365;2574;7139;1693;1114;5299;7129;754;611;1812;1186;7311;3767;4527;3089;3131;5447;7352;414;122;3426;4305;793;118;3979;2985,2967:1115.8647695471266;3896:1121.9443159819011;6788:1123.2112999819012;5444:1133.7477079819012;1716:1136.5380679819011;2720:1137.2847079819012;4210:1138.182979981901;1711:1139.312659981901;98:1147.9284679819011;2497:1149.439099981901;7434:1156.6469479819011;2760:1163.1854839819011;542:1170.7135879819011;1074:1171.6469959819012;4204:1172.6286439819012;5649:1173.4294279819012;5760:1178.9877559819013;205:1184.1320119819013;5793:1188.2533639819012;1407:1189.8735079819012;5826:1192.1538199819013;7411:1195.0524679819014;4686:1196.1231799819013;5074:1203.0636919819012;5295:1203.2939479819013;5274:1206.6727639819012;7181:1211.1820519819012;604:1214.7604519819013;603:1215.8240359819013;1365:1217.7657559819013;2574:1229.2736359819014;7139:1235.5400359819014;1693:1237.1786359819014;1114:1253.5191559819013;5299:1268.0643559819014;7129:1269.4153159819014;754:1312.9754359819015;611:1314.2240359819014;1812:1318.7951959819013;1186:1319.9723959819014;7311:1320.7880359819014;3767:1322.7944359819014;4527:1325.5912759819014;3089:1334.0008759819013;3131:1334.4811159819014;5447:1336.8687559819014;7352:1338.1801159819013;414:1340.6498359819013;122:1353.0041959819014;3426:1354.2577159819014;4305:1355.6600359819013;793:1367.7755959819012;118:1373.6398759819012;3979:1375.4904199819011;2985:1375.8871853470662
0,5,default_vehtype,route,False,1320.0,1334.7446532858628,2983;-1;-1,2977;-1;-1,122.87211071552242,0.9343144320779004,0.9343021448668288,0.0,,0,,0,,,2983;7527;2802;2977,2983:1320;7527:1324.5269453889746;2802:1331.7424253889747;2977:1334.7446532858628
0,5,default_vehtype,boarding,True,1334.7446532858628,1364.7446532858628,2977;-1;-1,2977;-1;-1,0.0,0.9343021448668288,0.9343021448668288,0.0,,0,42,1,42,,,
0,10,default_vehtype,route,False,1135.3054029665143,1336.0667305099955,2981;-1;-1,2973;-1;-1,2129.138888914216,0.9449536760234183,0.9447407621345268,0.0,,0,30,1,,,2981;6320;3549;6384;4032;1804;4277;5239;6501;3911;5389;7301;3914;5398;5400;4040;4041;5374;5418;5424;5403;6546;1200;7312;3767;4527;3089;3131;5447;7352;414;122;3426;4305;793;118;3979;4275;103;6480;7360;3154;6028;5745;6035;5743;6038;6041;7365;6050;6068;6077;3629;4502;6912;2108;7370;1420;1084;2973,2981:1135.3054029665143;6320:1138.6785218206594;3549:1144.3157618206594;6384:1144.5776018206593;4032:1147.7992418206593;1804:1148.7151538206592;4277:1150.3032338206592;5239:1155.8078738206593;6501:1161.7704338206593;3911:1171.1252738206592;5389:1172.1911138206592;7301:1172.4450338206593;3914:1173.6287138206594;5398:1174.8055538206595;5400:1176.1321538206596;4040:1185.4369538206597;4041:1188.3812738206598;5374:1192.6338338206597;5418:1193.6711138206597;5424:1193.8143938206597;5403:1194.9197138206596;6546:1199.1465938206595;1200:1203.7556738206595;7312:1205.2494338206595;3767:1207.2558338206595;4527:1210.0526738206595;3089:1218.4622738206594;3131:1218.9425138206595;5447:1221.3301538206595;7352:1222.6415138206594;414:1225.1112338206594;122:1237.4655938206595;3426:1238.7191138206595;4305:1240.1214338206594;793:1252.2369938206593;118:1258.1012738206593;3979:1259.9518178206592;4275:1260.5431538206592;103:1261.6860818206592;6480:1275.007809820659;7360:1280.509689820659;3154:1281.601497820659;6028:1282.562625820659;5745:1284.054249820659;6035:1285.977657820659;5743:1287.347097820659;6038:1289.362521820659;6041:1290.638793820659;7365:1297.301961820659;6050:1299.575505820659;6068:1303.8018338206589;6077:1304.447529820659;3629:1306.004817820659;4502:1306.467705820659;6912:1311.6161378206589;2108:1313.512545820659;7370:1320.039273820659;1420:1331.744385820659;1084:1335.279369820659;2973:1336.0667305099955
0,10,default_vehtype,boarding,True,1336.0667305099955,1366.0667305099955,2973;-1;-1,2973;-1;-1,0.0,0.9447407621345268,0.9447407621345268,0.0,,0,30,1,,30,,
0,0,default_vehtype,route,False,1164.5952464750255,1394.8592525300055,2968;-1;-1,2979;-1;-1,2772.5724880283537,0.6911467368413291,0.6908694795925262,0.0,,0,32,1,,,2968;98;2497;7434;2760;542;1074;4204;5649;5760;205;5793;1407;5826;7411;4686;5074;5295;5274;7181;604;603;602;3851;4573;1400;971;598;1368;591;585;940;1370;939;1903;983;3921;840;2881;5099;2878;1735;2581;370;361;2874;1887;4059;910;6541;3462;3648;2851;2850;1801;1560;5242;922;6385;3550;6322;7280;2411;6281;2286;2287;6538;2979,2968:1164.5952464750255;98:1170.3649149519463;2497:1171.8755469519463;7434:1179.0833949519463;2760:1185.6219309519463;542:1193.1500349519463;1074:1194.0834429519464;4204:1195.0650909519463;5649:1195.8658749519464;5760:1201.4242029519464;205:1206.5684589519465;5793:1210.6898109519464;1407:1212.3099549519463;5826:1214.5902669519464;7411:1217.4889149519465;4686:1218.5596269519465;5074:1225.5001389519464;5295:1225.7303949519464;5274:1229.1092109519464;7181:1233.6184989519463;604:1237.1968989519464;603:1238.2604829519464;602:1239.1136109519464;3851:1240.1170029519465;4573:1244.4233229519464;1400:1246.1560029519464;971:1249.9544349519465;598:1251.0216909519465;1368:1251.9820269519466;591:1257.8529789519466;585:1271.0242269519467;940:1277.6040909519468;1370:1284.6307149519469;939:1285.327386951947;1903:1286.148978951947;983:1287.131490951947;3921:1290.929634951947;840:1295.4904749519471;2881:1302.121098951947;5099:1303.273962951947;2878:1304.401986951947;1735:1315.386306951947;2581:1316.725722951947;370:1318.308570951947;361:1320.8056749519471;2874:1321.3916829519471;1887:1327.047066951947;4059:1328.966370951947;910:1333.482570951947;6541:1334.146698951947;3462:1336.360338951947;3648:1336.690098951947;2851:1341.364338951947;2850:1342.297698951947;1801:1345.593378951947;1560:1350.333858951947;5242:1352.016498951947;922:1352.9324109519468;6385:1356.1540509519468;3550:1356.4158909519467;6322:1362.0531309519467;7280:1365.5718909519467;2411:1371.4070109519466;6281:1376.451125237661;2286:1381.2180395233754;2287:1385.9849538090898;6538:1391.0290680948042;2979:1394.8592525300055
0,0,default_vehtype,boarding,True,1394.8592525300055,1424.8592525300055,2979;-1;-1,2979;-1;-1,0.0,0.6908694795925262,0.6908694795925262,0.0,,0,32,1,,32,,
0,2,default_vehtype,boarding,True,1375.8871853470662,1405.8871853470662,2985;-1;-1,2985;-1;-1,0.0,0.9153677821109619,0.9153677821109619,0.0,,0,34;33,2,,33,,
0,3,default_vehtype,route,False,1260.0,1389.3842100991924,2966;-1;-1,2968;-1;-1,1254.300603940767,0.7641200917652864,0.7639946617048924,0.0,,0,,0,,,2966;2743;2631;2150;735;738;2470;734;1815;739;1724;1962;1910;164;1354;197;1311;7;1963;1308;482;7613;2611;1307;2876;1960;816;6786;5444;1716;2720;4210;1711;2968,2966:1260;2743:1267.8438282903996;2631:1271.8552568618281;2150:1288.7855425761138;735:1299.2677140046853;738:1305.435542576114;2470:1306.3852225761138;734:1306.5940945761138;1815:1307.6023105761137;739:1308.4428385761137;1724:1324.9005265761136;1962:1325.9573425761137;1910:1326.7795825761136;164:1327.7307745761136;1354:1328.6872945761136;197:1330.8965425761135;1311:1342.4313025761135;7:1346.1262705761135;1963:1346.5347265761134;1308:1346.8959505761134;482:1351.4505985761134;7613:1352.7747505761133;2611:1356.6711025761133;1307:1357.9868305761133;2876:1360.6535665761132;1960:1361.6378065761132;816:1369.1697265761131;6786:1370.4367105761132;5444:1380.9731185761132;1716:1383.7634785761131;2720:1384.5101185761132;4210:1385.408390576113;1711:1386.5380705761131;2968:1389.3842100991924
0,3,default_vehtype,boarding,True,1389.3842100991924,1419.3842100991924,2968;-1;-1,2968;-1;-1,0.0,0.7639946617048924,0.7639946617048924,0.0,,0,38;41,2,38;41,,,
0,5,default_vehtype,route,False,1364.7446532858628,1411.0712847115417,2977;-1;-1,2984;-1;-1,386.0552618806575,0.9343021448668288,0.9342635393406408,0.0,,0,42,1,,,2977;6202;7315;7530;2803;7558;2806;4344;2996;2984,2977:1364.7446532858628;6202:1368.6377453889745;7315:1375.5330653889746;7530:1382.7485453889747;2803:1390.3035053889746;7558:1397.6985053889746;2806:1405.5323453889746;4344:1406.7353453889746;2996:1408.7788253889746;2984:1411.0712847115417
0,7,default_vehtype,route,False,1320.0,1434.470301963316,2971;-1;-1,2970;-1;-1,881.1603258847763,0.7715576855611718,0.7714695695285833,0.0,,0,,0,,,2971;3807;7387;2045;2835;2641;7396;2616;486;2838;3722;3732;544;7400;5449;6824;4848;1631;1593;6821;1946;7401;3560;2970,2971:1320;3807:1321.3763552681585;7387:1325.4407552681585;2045:1339.9789952681585;2835:1342.3440752681586;2641:1351.5551552681586;7396:1352.1495152681587;2616:1357.5111152681586;486:1358.4228752681586;2838:1364.7475952681586;3722:1368.2668352681587;3732:1390.7165552681588;544:1393.4061152681588;7400:1394.4816752681588;5449:1395.6807152681588;6824:1399.9339952681587;4848:1407.4143152681586;1631:1413.10848669673;1593:1418.8026581253016;6821:1426.2829781253015;1946:1430.5362581253014;7401:1431.7352981253014;3560:1432.8108581253014;2970:1434.470301963316
0,0,default_vehtype,boarding,True,1440.0,1470.0,2979;-1;-1,2979;-1;-1,0.0,0.6908694795925262,0.6908694795925262,0.0,,0,47,1,47,,,
0,2,default_vehtype,route,False,1405.8871853470662,1467.8377810187537,2985;-1;-1,2984;-1;-1,479.914197616323,0.9153677821109619,0.9153197906912003,0.0,,0,34,1,,,2985;1140;880;3109;3874;4306;429;4313;68;7318;7325;3011;4;4345;1199;1204;2996;2984,2985:1405.8871853470662;1140:1406.081755981901;880:1406.673091981901;3109:1408.523635981901;3874:1414.387915981901;4306:1426.503475981901;429:1427.9057959819008;4313:1429.088755981901;68:1434.687115981901;7318:1441.355155981901;7325:1444.6819159819008;3011:1448.6925559819008;4:1453.4776759819008;4345:1455.5211559819008;1199:1459.5114988390437;1204:1463.5018416961866;2996:1465.5453216961866;2984:1467.8377810187537
0,2,default_vehtype,boarding,True,1467.8377810187537,1497.8377810187537,2984;-1;-1,2984;-1;-1,0.0,0.9153197906912003,0.9153197906912003,0.0,,0,34,1,,34,,
0,3,default_vehtype,route,False,1419.3842100991924,1451.0218516241669,2968;-1;-1,2969;-1;-1,439.4116878468658,0.7639946617048924,0.7639507205361077,0.0,,0,38;41,2,,,2968;98;2497;7434;2760;542;1074;336;2969,2968:1419.3842100991924;98:1425.1538785761131;2497:1426.6645105761131;7434:1433.8723585761131;2760:1440.4108945761132;542:1447.9389985761131;1074:1448.8724065761132;336:1449.8955265761133;2969:1451.0218516241669
0,3,default_vehtype,boarding,True,1451.0218516241669,1481.0218516241669,2969;-1;-1,2969;-1;-1,0.0,0.7639507205361077,0.7639507205361077,0.0,,0,38;41,2,,41,,
0,4,default_vehtype,route,False,1230.0,1446.9686914437157,2979;-1;-1,2990;-1;-1,1831.0588286976285,0.8225991682129655,0.8224160623300958,0.0,,0,37,1,,,2979;2786;2307;3549;6384;4032;1804;4277;5239;6501;3911;5389;7301;3914;5398;5400;4040;4041;5374;5418;5424;5403;6546;1200;7312;4332;799;3653;3825;7127;3766;3988;553;7132;7191;3566;4337;7134;6667;6711;1807;1653;6829;4349;4937;669;5061;7265;3848;534;2839;5449;2990,2979:1230;2786:1232.0049355647989;2307:1235.5236955647988;3549:1241.1609355647988;6384:1241.4227755647987;4032:1244.6444155647987;1804:1245.5603275647986;4277:1247.1484075647986;5239:1252.6530475647987;6501:1258.6156075647987;3911:1267.9704475647986;5389:1269.0362875647986;7301:1269.2902075647987;3914:1270.4738875647988;5398:1271.650727564799;5400:1272.977327564799;4040:1282.2821275647989;4041:1285.226447564799;5374:1289.4790075647988;5418:1290.5162875647989;5424:1290.6595675647989;5403:1291.7648875647988;6546:1295.9917675647987;1200:1300.6008475647986;7312:1302.0946075647987;4332:1302.9102475647987;799:1304.0911675647988;3653:1308.6874075647988;3825:1309.9360075647987;7127:1353.4961275647988;3766:1354.433327564799;3988:1358.1689275647989;553:1358.627207564799;7132:1368.506087564799;7191:1376.463287564799;3566:1378.292447564799;4337:1382.790647564799;7134:1383.890687564799;6667:1391.822807564799;6711:1407.682367564799;1807:1409.6095675647991;1653:1415.4134875647992;6829:1416.1864075647993;4349:1416.7352875647994;4937:1421.1048475647995;669:1431.4122475647994;5061:1437.2206075647994;7265:1438.0038475647993;3848:1438.9784875647993;534:1443.0234475647992;2839:1444.3820875647991;5449:1445.581127564799;2990:1446.9686914437157
0,4,default_vehtype,boarding,True,1446.9686914437157,1476.9686914437157,2990;-1;-1,2990;-1;-1,0.0,0.8224160623300958,0.8224160623300958,0.0,,0,37,1,,37,,
0,5,default_vehtype,boarding,True,1411.0712847115417,1441.0712847115417,2984;-1;-1,2984;-1;-1,0.0,0.9342635393406408,0.9342635393406408,0.0,,0,42,1,,42,,
0,5,default_vehtype,route,False,1441.0712847115417,1485.9801747541394,2984;-1;-1,2985;-1;-1,386.725802383677,0.9342635393406408,0.9342248667604024,0.0,,0,,0,,,2984;3012;7321;2804;3061;1173;3425;4304;793;118;3979;2985,2984:1441.0712847115417;3012:1443.5639453889746;7321:1447.5745853889746;2804:1450.9013453889745;3061:1457.5693853889745;1173:1463.1677453889745;3425:1464.3507053889746;4304:1465.7530253889745;793:1477.8685853889745;118:1483.7328653889745;3979:1485.5834093889744;2985:1485.9801747541394
0,6,default_vehtype,route,False,1380.0,1469.2857163434073,2972;-1;-1,2971;-1;-1,812.5131451482082,0.5426919208280089,0.542610669513494,0.0,,0,,0,,,2972;6079;3446;3720;5332;251;2711;3358;2296;5495;5696;3307;3987;2396;886;808;1372;807;1375;108;1376;1380;373;2390;7391;5704;7389;2971,2972:1380;6079:1381.378855611566;3446:1384.202263611566;3720:1387.231951611566;5332:1388.223391611566;251:1388.970967611566;2711:1390.108783611566;3358:1392.3237916115659;2296:1400.6247916115658;5495:1400.8416316115658;5696:1401.6043516115658;3307:1412.3427916115659;3987:1419.169951611566;2396:1420.4759116115658;886:1426.1135116115659;808:1426.579711611566;1372:1427.442631611566;807:1428.5465116115658;1375:1430.2307116115658;108:1432.3711516115657;1376:1434.1713916115657;1380:1436.1879916115656;373:1445.7489916115655;2390:1448.2937116115656;7391:1449.6943516115657;5704:1452.0594316115657;7389:1466.5976716115658;2971:1469.2857163434073
0,6,default_vehtype,boarding,True,1469.2857163434073,1499.2857163434073,2971;-1;-1,2971;-1;-1,0.0,0.542610669513494,0.542610669513494,0.0,,0,43,1,43,,,
0,7,default_vehtype,boarding,True,1434.470301963316,1464.470301963316,2970;-1;-1,2970;-1;-1,0.0,0.7714695695285833,0.7714695695285833,0.0,,0,40,1,40,,,
0,9,default_vehtype,route,False,1320.0,1451.6293350411677,2966;-1;-1,2992;-1;-1,1285.482894801535,0.9625233183351648,0.9623947700456846,0.0,,0,,0,,,2966;2743;2631;2150;735;738;2470;734;1815;739;1724;1962;1910;164;1354;197;1311;7;1963;1308;482;7613;2611;1307;2876;1960;816;6786;5444;1716;2720;4210;2067;2063;1937;2992,2966:1320;2743:1327.8438282903996;2631:1331.8552568618281;2150:1348.7855425761138;735:1359.2677140046853;738:1365.435542576114;2470:1366.3852225761138;734:1366.5940945761138;1815:1367.6023105761137;739:1368.4428385761137;1724:1384.9005265761136;1962:1385.9573425761137;1910:1386.7795825761136;164:1387.7307745761136;1354:1388.6872945761136;197:1390.8965425761135;1311:1402.4313025761135;7:1406.1262705761135;1963:1406.5347265761134;1308:1406.8959505761134;482:1411.4505985761134;7613:1412.7747505761133;2611:1416.6711025761133;1307:1417.9868305761133;2876:1420.6535665761132;1960:1421.6378065761132;816:1429.1697265761131;6786:1430.4367105761132;5444:1440.9731185761132;1716:1443.7634785761131;2720:1444.5101185761132;4210:1445.408390576113;2067:1446.308966576113;2063:1447.025222576113;1937:1450.2951745761131;2992:1451.6293350411677
0,9,default_vehtype,boarding,True,1451.6293350411677,1481.6293350411677,2992;-1;-1,2992;-1;-1,0.0,0.9623947700456846,0.9623947700456846,0.0,,0,39,1,39,,,
0,11,default_vehtype,route,False,1272.3245640734585,1469.0594558869186,2975;-1;-1,2991;-1;-1,1899.5842043864618,0.8893257517705146,0.8891357933500761,0.0,,0,35,1,,,2975;1166;429;3125;3406;2825;1944;130;99;4526;714;2800;4332;799;3653;3825;7127;1836;4248;5046;7138;6879;1367;3637;3640;3643;7179;5275;5297;5072;1464;2847;5825;4587;5794;3202;2065;2023;4203;537;2991,2975:1272.3245640734585;1166:1282.4354368175457;429:1283.8377568175456;3125:1285.0912768175456;3406:1297.4456368175456;2825:1299.9153568175457;1944:1301.2267168175456;130:1303.6143568175455;99:1304.0945968175456;4526:1312.5041968175456;714:1315.3010368175455;2800:1317.3074368175455;4332:1318.1230768175456;799:1319.3039968175456;3653:1323.9002368175456;3825:1325.1488368175455;7127:1368.7089568175456;1836:1370.0599168175456;4248:1384.6051168175456;5046:1400.9456368175456;7138:1402.5842368175456;6879:1408.8506368175456;1367:1420.3435168175456;3637:1422.2366368175456;3640:1423.0897648175455;3643:1424.1533488175455;7179:1427.7317488175456;5275:1432.2410368175456;5297:1435.6198528175455;5072:1435.8501088175456;1464:1442.7906208175455;2847:1443.8613328175454;5825:1446.7599808175455;4587:1449.0402928175456;5794:1450.6604368175456;3202:1454.7817888175455;2065:1459.9260448175455;2023:1465.4843728175456;4203:1466.2851568175456;537:1467.2391568175456;2991:1469.0594558869186
0,11,default_vehtype,boarding,True,1469.0594558869186,1499.0594558869186,2991;-1;-1,2991;-1;-1,0.0,0.8891357933500761,0.8891357933500761,0.0,,0,35;46,2,46,35,,
0,2,default_vehtype,route,False,1497.8377810187537,1511.2055283255263,2984;-1;-1,2976;-1;-1,111.3978942231051,0.9153197906912003,0.915308650901778,0.0,,0,,0,,,2984;3012;4;4345;7330;2976,2984:1497.8377810187537;3012:1500.3304416961867;4:1505.1155616961867;4345:1507.1590416961867;7330:1508.3620416961867;2976:1511.2055283255263
0,2,default_vehtype,boarding,True,1511.2055283255263,1541.2055283255263,2976;-1;-1,2976;-1;-1,0.0,0.915308650901778,0.915308650901778,0.0,,0,45,1,45,,,
0,4,default_vehtype,route,False,1500.0,1511.0530399590978,2990;-1;-1,2970;-1;-1,92.10866632581656,0.8224160623300958,0.8224068514634632,0.0,,0,,0,,,2990;2552;1946;7401;3560;2970,2990:1500;2552:1502.8657161210833;1946:1507.1189961210832;7401:1508.3180361210832;3560:1509.3935961210832;2970:1511.0530399590978
0,4,default_vehtype,boarding,True,1511.0530399590978,1541.0530399590978,2970;-1;-1,2970;-1;-1,0.0,0.8224068514634632,0.8224068514634632,0.0,,0,48,1,48,,,
0,5,default_vehtype,boarding,True,1485.9801747541394,1515.9801747541394,2985;-1;-1,2985;-1;-1,0.0,0.9342248667604024,0.9342248667604024,0.0,,0,44,1,44,,,
0,5,default_vehtype,boarding,True,1515.9801747541394,1545.9801747541394,2985;-1;-1,2985;-1;-1,0.0,0.9342248667604024,0.9342248667604024,0.0,,0,44;49,2,49,,,
0,6,default_vehtype,route,False,1499.2857163434073,1555.4099545971583,2971;-1;-1,2988;-1;-1,514.7105099710569,0.542610669513494,0.5425591984624969,0.0,,0,43,1,,,2971;3807;6875;885;316;2042;1982;6306;374;7114;3246;5330;661;445;6080;7381;364;3029;69;30;3346;2832;2207;2988,2971:1499.2857163434073;3807:1500.6620716115658;6875:1501.7300716115658;885:1502.3334316115659;316:1509.160591611566;2042:1519.899031611566;1982:1520.661751611566;6306:1520.878591611566;374:1529.179591611566;7114:1531.3945996115658;3246:1532.5324156115657;5330:1533.2799916115657;661:1534.2714316115657;445:1537.3011196115658;6080:1540.1245276115658;7381:1540.5334156115657;364:1540.9687996115658;3029:1542.9930076115659;69:1547.1252933258515;30:1551.2575790401372;3346:1553.2817870401373;2832:1553.7171710401374;2207:1554.1260590401373;2988:1555.4099545971583
0,8,default_vehtype,route,False,1276.3626871904564,1523.3221793769962,2991;-1;-1,2975;-1;-1,2902.561795613538,0.8986519714152098,0.8983617152356486,0.0,,0,36,1,,,2991;3010;5631;1068;2867;2760;542;1074;1071;1070;1069;1067;1504;4396;710;2281;4664;6260;3300;1832;708;6180;2405;6169;2744;2567;2576;3077;3241;88;2758;2742;2448;2353;6140;7386;3742;7100;6318;737;6639;2446;2301;1992;1990;1988;1985;3729;5498;5496;5699;5494;6307;374;7114;3246;5330;661;445;6080;7381;364;3029;3886;5711;6045;2157;4817;456;5901;7605;2830;5852;6913;1321;597;2204;6066;6049;7367;2188;2186;5744;6033;5746;6031;146;2828;2376;3091;4274;880;3109;3874;2975,2991:1276.3626871904564;3010:1280.4099561210835;5631:1286.2593801210835;1068:1288.8117801210835;2867:1289.6860761210835;2760:1296.2246121210835;542:1303.7527161210835;1074:1304.6861241210836;1071:1305.6886521210836;1070:1320.1519401210835;1069:1320.8902281210835;1067:1323.5522841210834;1504:1328.0060601210835;4396:1328.2323561210835;710:1328.7830121210834;2281:1329.7887081210833;4664:1333.6667001210833;6260:1334.1125961210832;3300:1334.7117081210833;1832:1337.5019241210834;708:1338.0409881210835;6180:1338.4644201210835;2405:1340.6868201210837;6169:1344.1639401210837;2744:1348.7645001210838;2567:1350.6074601210837;2576:1359.0960201210837;3077:1361.2286601210837;3241:1364.3575401210837;88:1366.2843801210838;2758:1368.2478201210838;2742:1368.6542601210838;2448:1371.8399001210837;2353:1378.0407801210838;6140:1383.2118201210837;7386:1384.5542601210836;3742:1392.2132601210837;7100:1392.7529001210837;6318:1393.2309801210838;737:1394.1467001210838;6639:1395.9959001210839;2446:1397.5671801210838;2301:1399.8642201210837;1992:1400.8892601210837;1990:1402.5861801210838;1988:1405.0401801210837;1985:1408.5619401210838;3729:1410.9093801210838;5498:1412.3067801210839;5496:1415.2140201210839;5699:1415.9114601210838;5494:1417.0152201210838;6307:1417.2320601210838;374:1425.5330601210837;7114:1427.7480681210836;3246:1428.8858841210836;5330:1429.6334601210835;661:1430.6249001210836;445:1433.6545881210836;6080:1436.4779961210836;7381:1436.8868841210835;364:1437.3222681210837;3029:1439.3464761210837;3886:1439.8445001210837;5711:1442.3840841210838;6045:1443.7783641210838;2157:1447.9668921210837;4817:1448.4436761210836;456:1449.0585561210837;5901:1449.8141241210838;7605:1453.2858201210838;2830:1453.5152121210838;5852:1460.0419401210838;6913:1461.938348121084;1321:1467.0867801210838;597:1467.5496681210839;2204:1469.1069561210838;6066:1469.7526521210839;6049:1473.9789801210839;7367:1476.2525241210838;2188:1482.9156921210838;2186:1484.1919641210839;5744:1486.2073881210838;6033:1487.5768281210837;5746:1489.5002361210838;6031:1490.9918601210838;146:1491.9529881210838;2828:1493.0447961210837;2376:1498.5466761210837;3091:1511.8684041210836;4274:1513.0113321210836;880:1513.6026681210835;3109:1515.4532121210834;3874:1521.3174921210834;2975:1523.3221793769962
0,8,default_vehtype,boarding,True,1523.3221793769962,1553.3221793769962,2975;-1;-1,2975;-1;-1,0.0,0.8983617152356486,0.8983617152356486,0.0,,0,36,1,,36,,
0,6,default_vehtype,boarding,True,1555.4099545971583,1585.4099545971583,2988;-1;-1,2988;-1;-1,0.0,0.5425591984624969,0.5425591984624969,0.0,,0,43,1,,43,,
0,7,default_vehtype,route,False,1464.470301963316,1589.5885011108942,2970;-1;-1,2988;-1;-1,1089.6601840862809,0.7714695695285833,0.7713606035101745,0.0,,0,40,1,,,2970;671;662;7398;3491;6933;7394;6989;7392;5704;7389;3806;2573;885;316;2042;1982;6306;374;7114;3246;5330;661;445;6080;7381;364;3029;69;30;3346;2832;2207;2988,2970:1464.470301963316;671:1465.5004181253014;662:1487.9501381253015;7398:1491.4693781253015;3491:1497.7940981253016;6933:1498.7058581253016;7394:1504.0674581253015;6989:1504.6618181253016;7392:1513.8728981253016;5704:1516.2379781253017;7389:1530.7762181253017;3806:1534.8406181253017;2573:1535.9086181253017;885:1536.5119781253018;316:1543.3391381253018;2042:1554.077578125302;1982:1554.8402981253018;6306:1555.057138125302;374:1563.3581381253018;7114:1565.5731461253017;3246:1566.7109621253016;5330:1567.4585381253016;661:1568.4499781253016;445:1571.4796661253017;6080:1574.3030741253017;7381:1574.7119621253016;364:1575.1473461253017;3029:1577.1715541253018;69:1581.3038398395875;30:1585.4361255538731;3346:1587.4603335538732;2832:1587.8957175538733;2207:1588.3046055538732;2988:1589.5885011108942
0,7,default_vehtype,boarding,True,1589.5885011108942,1619.5885011108942,2988;-1;-1,2988;-1;-1,0.0,0.7713606035101745,0.7713606035101745,0.0,,0,40,1,,40,,
0,8,default_vehtype,route,False,1560.0,1611.44517778094,2975;-1;-1,2984;-1;-1,377.7221005554517,0.8983617152356486,0.898323943025593,0.0,,0,,0,,,2975;1166;429;4313;68;7318;7325;3011;4;4345;1199;1204;2996;2984,2975:1560;1166:1570.1108727440871;429:1571.513192744087;4313:1572.6961527440872;68:1578.2945127440871;7318:1584.9625527440871;7325:1588.289312744087;3011:1592.299952744087;4:1597.085072744087;4345:1599.128552744087;1199:1603.11889560123;1204:1607.1092384583728;2996:1609.1527184583729;2984:1611.44517778094
0,0,default_vehtype,route,False,1470.0,1621.7597462492827,2979;-1;-1,2975;-1;-1,1224.9515235059305,0.6908694795925262,0.6907469844401757,0.0,,0,47,1,,,2979;2786;2307;3549;6384;4032;1804;4277;5239;6501;3911;5389;7301;3914;5398;5400;4040;4041;5374;5418;5424;5403;6546;1200;7312;3767;4527;3089;3131;5447;7352;414;122;3426;4305;793;118;3979;4275;3068;70;73;4273;880;3109;3874;2975,2979:1470;2786:1472.0049355647989;2307:1475.5236955647988;3549:1481.1609355647988;6384:1481.4227755647987;4032:1484.6444155647987;1804:1485.5603275647986;4277:1487.1484075647986;5239:1492.6530475647987;6501:1498.6156075647987;3911:1507.9704475647986;5389:1509.0362875647986;7301:1509.2902075647987;3914:1510.4738875647988;5398:1511.650727564799;5400:1512.977327564799;4040:1522.2821275647989;4041:1525.226447564799;5374:1529.4790075647988;5418:1530.5162875647989;5424:1530.6595675647989;5403:1531.7648875647988;6546:1535.9917675647987;1200:1540.6008475647986;7312:1542.0946075647987;3767:1544.1010075647987;4527:1546.8978475647987;3089:1555.3074475647986;3131:1555.7876875647987;5447:1558.1753275647986;7352:1559.4866875647986;414:1561.9564075647986;122:1574.3107675647987;3426:1575.5642875647986;4305:1576.9666075647986;793:1589.0821675647985;118:1594.9464475647985;3979:1596.7969915647984;4275:1597.3883275647984;3068:1602.1326132790841;70:1604.4186132790842;73:1606.7046132790842;4273:1611.44889899337;880:1612.04023499337;3109:1613.8907789933698;3874:1619.7550589933699;2975:1621.7597462492827
0,0,default_vehtype,boarding,True,1621.7597462492827,1651.7597462492827,2975;-1;-1,2975;-1;-1,0.0,0.6907469844401757,0.6907469844401757,0.0,,0,47,1,,47,,
0,3,default_vehtype,route,False,1481.0218516241669,1636.1069638404565,2969;-1;-1,2980;-1;-1,1780.8795979021434,0.7639507205361077,0.7637726325763174,0.0,,0,38,1,,,2969;7192;1664;337;1075;5648;5759;205;5793;1407;5826;7411;4686;5074;5295;5274;7181;604;603;602;3851;4573;1400;971;598;1368;591;585;940;1370;939;1903;983;3921;840;2881;5099;1157;2058;2092;915;2980,2969:1481.0218516241669;7192:1484.6254945761132;1664:1487.879390576113;337:1495.6396225761132;1075:1496.6634625761133;5648:1497.4642465761133;5759:1503.0225745761134;205:1508.1668305761134;5793:1512.2881825761133;1407:1513.9083265761133;5826:1516.1886385761134;7411:1519.0872865761135;4686:1520.1579985761134;5074:1527.0985105761133;5295:1527.3287665761134;5274:1530.7075825761133;7181:1535.2168705761133;604:1538.7952705761134;603:1539.8588545761133;602:1540.7119825761133;3851:1541.7153745761134;4573:1546.0216945761133;1400:1547.7543745761134;971:1551.5528065761134;598:1552.6200625761135;1368:1553.5803985761136;591:1559.4513505761136;585:1572.6225985761137;940:1579.2024625761137;1370:1586.2290865761138;939:1586.9257585761138;1903:1587.7473505761138;983:1588.7298625761139;3921:1592.528006576114;840:1597.088846576114;2881:1603.719470576114;5099:1604.8723345761139;1157:1609.6114774332568;2058:1615.4013060046855;2092:1618.7904488618283;915:1623.9086202903998;2980:1636.1069638404565
0,3,default_vehtype,boarding,True,1636.1069638404565,1666.1069638404565,2980;-1;-1,2980;-1;-1,0.0,0.7637726325763174,0.7637726325763174,0.0,,0,38,1,,38,,
0,5,default_vehtype,route,False,1545.9801747541394,1621.6983220783106,2985;-1;-1,2973;-1;-1,1051.640935057937,0.9342248667604024,0.9341197026668966,0.0,,0,44;49,2,,,2985;1140;103;6480;7360;3154;6028;5745;6035;5743;6038;6041;7365;6050;6068;6077;3629;4502;6912;2108;7370;1420;1084;2973,2985:1545.9801747541394;1140:1546.1747453889743;103:1547.3176733889743;6480:1560.6394013889742;7360:1566.1412813889742;3154:1567.2330893889741;6028:1568.194217388974;5745:1569.685841388974;6035:1571.6092493889741;5743:1572.978689388974;6038:1574.994113388974;6041:1576.270385388974;7365:1582.9335533889741;6050:1585.207097388974;6068:1589.433425388974;6077:1590.079121388974;3629:1591.636409388974;4502:1592.099297388974;6912:1597.247729388974;2108:1599.144137388974;7370:1605.670865388974;1420:1617.3759773889742;1084:1620.910961388974;2973:1621.6983220783106
0,5,default_vehtype,boarding,True,1621.6983220783106,1651.6983220783106,2973;-1;-1,2973;-1;-1,0.0,0.9341197026668966,0.9341197026668966,0.0,,0,44;49,2,,44,,
0,8,default_vehtype,boarding,True,1611.44517778094,1641.44517778094,2984;-1;-1,2984;-1;-1,0.0,0.898323943025593,0.898323943025593,0.0,,0,51,1,51,,,
0,9,default_vehtype,route,False,1481.6293350411677,1669.680294964547,2992;-1;-1,2972;-1;-1,2128.104221158046,0.9623947700456846,0.9621819596235688,0.0,,0,39,1,,,2992;2526;5444;1716;2720;4210;1711;98;2497;7434;2760;542;1074;1071;1070;1069;1067;1504;4396;710;2281;4664;6260;3300;1832;708;6180;2405;6169;2744;2567;2576;3077;3241;88;2758;2742;2448;2353;6140;7386;3742;7100;6318;737;6639;2446;2301;1992;1990;1988;1985;3729;5498;5496;5699;5494;6307;374;7114;3246;5330;661;445;2972,2992:1481.6293350411677;2526:1490.831582576113;5444:1501.367990576113;1716:1504.158350576113;2720:1504.904990576113;4210:1505.803262576113;1711:1506.932942576113;98:1515.548750576113;2497:1517.059382576113;7434:1524.267230576113;2760:1530.805766576113;542:1538.333870576113;1074:1539.267278576113;1071:1540.269806576113;1070:1554.733094576113;1069:1555.471382576113;1067:1558.133438576113;1504:1562.587214576113;4396:1562.813510576113;710:1563.364166576113;2281:1564.3698625761128;4664:1568.2478545761128;6260:1568.6937505761127;3300:1569.2928625761128;1832:1572.083078576113;708:1572.622142576113;6180:1573.045574576113;2405:1575.2679745761131;6169:1578.7450945761132;2744:1583.3456545761132;2567:1585.1886145761132;2576:1593.6771745761132;3077:1595.8098145761132;3241:1598.9386945761132;88:1600.8655345761133;2758:1602.8289745761133;2742:1603.2354145761133;2448:1606.4210545761132;2353:1612.6219345761133;6140:1617.7929745761132;7386:1619.1354145761131;3742:1626.7944145761132;7100:1627.3340545761132;6318:1627.8121345761133;737:1628.7278545761133;6639:1630.5770545761134;2446:1632.1483345761133;2301:1634.4453745761132;1992:1635.4704145761132;1990:1637.1673345761133;1988:1639.6213345761132;1985:1643.1430945761133;3729:1645.4905345761133;5498:1646.8879345761134;5496:1649.7951745761134;5699:1650.4926145761133;5494:1651.5963745761132;6307:1651.8132145761133;374:1660.1142145761132;7114:1662.3292225761131;3246:1663.467038576113;5330:1664.214614576113;661:1665.206054576113;445:1668.2357425761131;2972:1669.680294964547
0,0,default_vehtype,route,False,1651.7597462492827,1694.9347856227093,2975;-1;-1,2976;-1;-1,359.7919947785567,0.6907469844401757,0.6907110052406978,0.0,,0,,0,,,2975;1166;429;4313;68;7318;7325;3011;4;4345;7330;2976,2975:1651.7597462492827;1166:1661.8706189933698;429:1663.2729389933697;4313:1664.4558989933698;68:1670.0542589933698;7318:1676.7222989933698;7325:1680.0490589933697;3011:1684.0596989933697;4:1688.8448189933697;4345:1690.8882989933697;7330:1692.0912989933697;2976:1694.9347856227093
0,0,default_vehtype,boarding,True,1694.9347856227093,1724.9347856227093,2976;-1;-1,2976;-1;-1,0.0,0.6907110052406978,0.6907110052406978,0.0,,0,52,1,52,,,
0,9,default_vehtype,boarding,True,1669.680294964547,1699.680294964547,2972;-1;-1,2972;-1;-1,0.0,0.9621819596235688,0.9621819596235688,0.0,,0,39,1,,39,,
0,0,default_vehtype,route,False,1724.9347856227093,1755.0928068902579,2976;-1;-1,2977;-1;-1,251.31684389623734,0.6907110052406978,0.6906858735563082,0.0,,0,52,1,,,2976;7557;7316;7531;2802;2977,2976:1724.9347856227093;7557:1729.9251389933697;7316:1737.3201389933697;7531:1744.8750989933696;2802:1752.0905789933697;2977:1755.0928068902579
0,0,default_vehtype,boarding,True,1755.0928068902579,1785.0928068902579,2977;-1;-1,2977;-1;-1,0.0,0.6906858735563082,0.6906858735563082,0.0,,0,52;56,2,56,,,
0,2,default_vehtype,route,False,1541.2055283255263,1768.4265747442403,2976;-1;-1,2969;-1;-1,2155.617681534025,0.915308650901778,0.9150930891336246,0.0,,0,45,1,,,2976;7557;2806;4344;2996;3013;7322;2804;3061;1173;3425;3125;3406;2825;1944;130;99;4526;714;2800;4332;799;3653;3825;7127;1836;4248;5046;7138;6879;1367;3637;3640;3643;7179;5275;5297;5072;1464;2847;5825;4587;5794;3202;2065;2023;4203;4198;336;2969,2976:1541.2055283255263;7557:1546.1958816961867;2806:1554.0297216961867;4344:1555.2327216961867;2996:1557.2762016961867;3013:1562.0613216961867;7322:1566.0719616961867;2804:1569.3987216961866;3061:1576.0667616961866;1173:1581.6651216961866;3425:1582.8480816961867;3125:1584.1016016961867;3406:1596.4559616961867;2825:1598.9256816961868;1944:1600.2370416961867;130:1602.6246816961866;99:1603.1049216961867;4526:1611.5145216961866;714:1614.3113616961866;2800:1616.3177616961866;4332:1617.1334016961866;799:1618.3143216961867;3653:1622.9105616961867;3825:1624.1591616961866;7127:1667.7192816961867;1836:1669.0702416961867;4248:1683.6154416961867;5046:1699.9559616961867;7138:1701.5945616961867;6879:1707.8609616961867;1367:1719.3538416961867;3637:1721.2469616961866;3640:1722.1000896961866;3643:1723.1636736961866;7179:1726.7420736961867;5275:1731.2513616961867;5297:1734.6301776961866;5072:1734.8604336961866;1464:1741.8009456961865;2847:1742.8716576961865;5825:1745.7703056961866;4587:1748.0506176961867;5794:1749.6707616961867;3202:1753.7921136961866;2065:1758.9363696961866;2023:1764.4946976961867;4203:1765.2954816961867;4198:1766.2771296961866;336:1767.3002496961867;2969:1768.4265747442403
0,2,default_vehtype,boarding,True,1768.4265747442403,1798.4265747442403,2969;-1;-1,2969;-1;-1,0.0,0.9150930891336246,0.9150930891336246,0.0,,0,45,1,,45,,
0,3,default_vehtype,route,False,1666.1069638404565,1784.5555951505398,2980;-1;-1,2981;-1;-1,632.2576748681245,0.7637726325763174,0.7637094068088306,0.0,,0,,0,,,2980;914;2135;1730;2664;2579;2961;2407;2581;370;361;2874;1887;4059;910;6541;3462;3648;2851;2850;1801;1560;5242;922;6385;3550;2981,2980:1666.1069638404565;914:1681.989134576114;2135:1689.9399917189712;1730:1705.396334576114;2664:1707.2184488618282;2579:1712.094391718971;2961:1728.8652488618281;2407:1734.1140488618282;2581:1742.6013060046853;370:1744.1841540046853;361:1746.6812580046853;2874:1747.2672660046853;1887:1752.9226500046852;4059:1754.8419540046852;910:1759.3581540046853;6541:1760.0222820046852;3462:1762.235922004685;3648:1762.5656820046852;2851:1767.2399220046852;2850:1768.1732820046852;1801:1771.4689620046852;1560:1776.2094420046851;5242:1777.892082004685;922:1778.807994004685;6385:1782.029634004685;3550:1782.291474004685;2981:1784.5555951505398
0,4,default_vehtype,route,False,1541.0530399590978,1761.5086211579364,2970;-1;-1,2984;-1;-1,1786.1421290379371,0.8224068514634632,0.8222282372505594,0.0,,0,48,1,,,2970;671;544;7400;3551;3849;7263;5060;3728;4936;1207;2554;4974;5249;6709;2464;7135;1193;552;2755;7131;3567;888;712;2718;754;611;1812;1186;7311;3767;4527;3089;3131;5447;7352;414;122;3426;4314;68;7318;7325;3011;4;4345;1199;1204;2996;2984,2970:1541.0530399590978;671:1542.0831561210832;544:1544.7727161210832;7400:1545.8482761210832;3551:1547.2069161210832;3849:1551.2518761210831;7263:1552.226516121083;5060:1553.009756121083;3728:1558.818116121083;4936:1569.125516121083;1207:1573.495076121083;2554:1574.043956121083;4974:1574.8168761210832;5249:1580.6207961210832;6709:1582.5479961210833;2464:1598.4075561210834;7135:1606.3396761210834;1193:1607.4397161210834;552:1611.9379161210834;2755:1613.7670761210834;7131:1621.7242761210834;3567:1631.6031561210834;888:1632.0614361210835;712:1635.7970361210835;2718:1636.7342361210835;754:1680.2943561210836;611:1681.5429561210835;1812:1686.1141161210835;1186:1687.2913161210836;7311:1688.1069561210836;3767:1690.1133561210836;4527:1692.9101961210836;3089:1701.3197961210835;3131:1701.8000361210836;5447:1704.1876761210835;7352:1705.4990361210835;414:1707.9687561210835;122:1720.3231161210836;3426:1721.5766361210835;4314:1722.7595961210836;68:1728.3579561210836;7318:1735.0259961210836;7325:1738.3527561210835;3011:1742.3633961210835;4:1747.1485161210835;4345:1749.1919961210835;1199:1753.1823389782264;1204:1757.1726818353693;2996:1759.2161618353693;2984:1761.5086211579364
0,4,default_vehtype,boarding,True,1761.5086211579364,1791.5086211579364,2984;-1;-1,2984;-1;-1,0.0,0.8222282372505594,0.8222282372505594,0.0,,0,48,1,,48,,
0,5,default_vehtype,route,False,1651.6983220783106,1780.2641901208158,2973;-1;-1,2971;-1;-1,1358.0708076356732,0.9341197026668966,0.9339838955861329,0.0,,0,49,1,,,2973;7354;4225;4614;7369;7607;5900;3459;4818;5992;6047;5708;3884;3030;3347;7376;2207;3446;3720;5332;251;2711;3358;2296;5495;5696;3307;3987;2396;886;808;1372;807;1375;108;1376;1380;373;2390;7391;5704;7389;2971,2973:1651.6983220783106;7354:1655.4954893889742;4225:1660.0800173889743;4614:1663.6150013889742;7369:1675.3201133889743;7607:1675.5495053889742;5900:1679.0212013889743;3459:1679.7767693889743;4818:1680.3916493889744;5992:1680.8684333889744;6047:1685.0569613889743;5708:1686.4512413889743;3884:1688.9908253889744;3030:1689.4888493889744;3347:1691.5130573889744;7376:1691.9484413889745;2207:1692.3573293889744;3446:1695.1807373889744;3720:1698.2104253889745;5332:1699.2018653889745;251:1699.9494413889745;2711:1701.0872573889744;3358:1703.3022653889743;2296:1711.6032653889743;5495:1711.8201053889743;5696:1712.5828253889742;3307:1723.3212653889743;3987:1730.1484253889744;2396:1731.4543853889743;886:1737.0919853889743;808:1737.5581853889744;1372:1738.4211053889744;807:1739.5249853889743;1375:1741.2091853889742;108:1743.3496253889741;1376:1745.1498653889741;1380:1747.166465388974;373:1756.727465388974;2390:1759.272185388974;7391:1760.6728253889742;5704:1763.0379053889742;7389:1777.5761453889743;2971:1780.2641901208158
0,6,default_vehtype,route,False,1585.4099545971583,1753.8026545632158,2988;-1;-1,2968;-1;-1,1873.5948328619204,0.5425591984624969,0.5423718389792107,0.0,,0,,0,,,2988;3447;3721;5333;251;2711;3358;2296;5495;5697;5497;5500;670;5502;5512;5520;5531;6313;6632;6644;3793;6319;7102;3741;7384;6414;5446;2447;2571;42;2577;2566;3033;3036;2469;2404;2235;3762;5287;310;2280;1447;6261;3764;4397;4745;4182;4187;4191;4195;4202;4208;537;18;5629;1068;2559;6740;1717;2067;2720;4210;1711;2968,2988:1585.4099545971583;3447:1586.9494670401373;3721:1589.9791550401374;5333:1590.9705950401374;251:1591.7181710401373;2711:1592.8559870401373;3358:1595.0709950401372;2296:1603.371995040137;5495:1603.5888350401372;5697:1604.6925950401371;5497:1605.390035040137;5500:1608.297275040137;670:1609.694675040137;5502:1612.042115040137;5512:1615.5638750401372;5520:1618.0178750401371;5531:1619.7147950401372;6313:1620.7398350401372;6632:1623.0368750401371;6644:1624.608155040137;3793:1626.4573550401371;6319:1627.373075040137;7102:1627.8511550401372;3741:1628.3907950401372;7384:1636.0497950401373;6414:1641.2569550401372;5446:1643.5247150401372;2447:1647.4608350401372;2571:1655.0497550401371;42:1659.717755040137;2577:1660.390235040137;2566:1668.989315040137;3033:1669.620275040137;3036:1671.8898350401369;2469:1675.4821550401368;2404:1678.8056750401367;2235:1680.0890750401368;3762:1680.5125070401368;5287:1681.0515710401369;310:1683.841787040137;2280:1684.440899040137;1447:1684.886795040137;6261:1688.764787040137;3764:1689.770483040137;4397:1690.3211390401368;4745:1690.5474350401369;4182:1695.001211040137;4187:1697.6632670401368;4191:1698.4015550401368;4195:1712.8648430401367;4202:1713.8673710401367;4208:1714.8490190401367;537:1715.8030190401366;18:1721.6705870401365;5629:1727.5200110401365;1068:1730.0724110401366;2559:1737.1230110401366;6740:1741.5936350401366;1717:1747.4273630401367;2067:1748.1651470401366;2720:1748.9285630401366;4210:1749.8268350401365;1711:1750.9565150401365;2968:1753.8026545632158
0,6,default_vehtype,boarding,True,1753.8026545632158,1783.8026545632158,2968;-1;-1,2968;-1;-1,0.0,0.5423718389792107,0.5423718389792107,0.0,,0,50,1,50,,,
0,7,default_vehtype,route,False,1620.0,1771.2725071381365,2988;-1;-1,2970;-1;-1,1241.517815913719,0.7713606035101745,0.7712364517285831,0.0,,0,,0,,,2988;3447;3721;5333;251;2711;3358;2296;5495;5696;3307;3987;6878;746;2834;2045;2835;2641;7396;2616;486;2838;3722;3732;544;7400;5449;6824;4848;1631;1593;6821;1946;7401;3560;2970,2988:1620;3447:1621.539512442979;3721:1624.569200442979;5333:1625.560640442979;251:1626.308216442979;2711:1627.446032442979;3358:1629.661040442979;2296:1637.9620404429788;5495:1638.1788804429789;5696:1638.9416004429788;3307:1649.680040442979;3987:1656.507200442979;6878:1657.110560442979;746:1658.178560442979;2834:1662.242960442979;2045:1676.781200442979;2835:1679.146280442979;2641:1688.3573604429791;7396:1688.9517204429792;2616:1694.3133204429791;486:1695.225080442979;2838:1701.5498004429792;3722:1705.0690404429793;3732:1727.5187604429793;544:1730.2083204429794;7400:1731.2838804429794;5449:1732.4829204429793;6824:1736.7362004429792;4848:1744.2165204429791;1631:1749.9106918715506;1593:1755.6048633001221;6821:1763.085183300122;1946:1767.338463300122;7401:1768.537503300122;3560:1769.613063300122;2970:1771.2725071381365
0,10,default_vehtype,route,False,1680.0,1774.3262141216326,2973;-1;-1,2986;-1;-1,1142.1405929591851,0.9447407621345268,0.9446265480752309,0.0,,0,,0,,,2973;7354;3525;6025;3063;6027;7362;2188;2186;5744;6033;5746;6031;146;2828;2376;3091;4274;3068;70;73;4273;103;6480;7360;2986,2973:1680;7354:1683.7971673106636;3525:1694.6760073106636;6025:1696.4174713106636;3063:1697.6821513106636;6027:1698.9841273106636;7362:1702.9923673106634;2188:1709.6555353106635;2186:1710.9318073106635;5744:1712.9472313106635;6033:1714.3166713106634;5746:1716.2400793106635;6031:1717.7317033106635;146:1718.6928313106635;2828:1719.7846393106634;2376:1725.2865193106634;3091:1738.6082473106633;4274:1739.7511753106633;3068:1744.495461024949;70:1746.781461024949;73:1749.0674610249491;4273:1753.8117467392349;103:1754.9546747392349;6480:1768.2764027392348;7360:1773.7782827392348;2986:1774.3262141216326
0,11,default_vehtype,route,False,1499.0594558869186,1740.5596194468853,2991;-1;-1,2976;-1;-1,2179.155790392095,0.8891357933500761,0.8889178777710368,0.0,,0,46,1,,,2991;3010;5658;3008;4585;330;4588;5827;7412;4686;5074;5295;5274;7181;604;603;1365;2574;7139;1693;1114;5299;7129;754;611;1812;1186;7311;3767;4527;3089;3131;5447;7352;414;122;3426;4314;68;7318;7325;3011;4;4345;7330;2976,2991:1499.0594558869186;3010:1503.1067248175457;5658:1503.9143248175458;3008:1512.0172048175457;4585:1534.3454848175456;330:1543.9411648175455;4588:1544.5135648175456;5827:1546.7938768175457;7412:1549.6925248175457;4686:1550.7632368175457;5074:1557.7037488175456;5295:1557.9340048175457;5274:1561.3128208175456;7181:1565.8221088175455;604:1569.4005088175456;603:1570.4640928175456;1365:1572.4058128175457;2574:1583.9136928175458;7139:1590.1800928175458;1693:1591.8186928175458;1114:1608.1592128175457;5299:1622.7044128175457;7129:1624.0553728175457;754:1667.6154928175458;611:1668.8640928175457;1812:1673.4352528175457;1186:1674.6124528175458;7311:1675.4280928175458;3767:1677.4344928175458;4527:1680.2313328175458;3089:1688.6409328175457;3131:1689.1211728175458;5447:1691.5088128175457;7352:1692.8201728175457;414:1695.2898928175457;122:1707.6442528175457;3426:1708.8977728175457;4314:1710.0807328175458;68:1715.6790928175458;7318:1722.3471328175458;7325:1725.6738928175457;3011:1729.6845328175457;4:1734.4696528175457;4345:1736.5131328175457;7330:1737.7161328175457;2976:1740.5596194468853
0,11,default_vehtype,boarding,True,1740.5596194468853,1770.5596194468853,2976;-1;-1,2976;-1;-1,0.0,0.8889178777710368,0.8889178777710368,0.0,,0,46,1,,46,,
0,3,default_vehtype,boarding,True,1784.5555951505398,1814.5555951505398,2981;-1;-1,2981;-1;-1,0.0,0.7637094068088306,0.7637094068088306,0.0,,0,55,1,55,,,
0,5,default_vehtype,boarding,True,1780.2641901208158,1810.2641901208158,2971;-1;-1,2971;-1;-1,0.0,0.9339838955861329,0.9339838955861329,0.0,,0,49,1,,49,,
0,7,default_vehtype,boarding,True,1771.2725071381365,1801.2725071381365,2970;-1;-1,2970;-1;-1,0.0,0.7712364517285831,0.7712364517285831,0.0,,0,53,1,53,,,
0,7,default_vehtype,route,False,1801.2725071381365,1808.6543471790385,2970;-1;-1,2990;-1;-1,61.51533367418344,0.7712364517285831,0.7712303001952157,0.0,,0,53,1,,,2970;671;544;7400;5449;2990,2970:1801.2725071381365;671:1802.302623300122;544:1804.992183300122;7400:1806.067743300122;5449:1807.266783300122;2990:1808.6543471790385
0,7,default_vehtype,boarding,True,1808.6543471790385,1838.6543471790385,2990;-1;-1,2990;-1;-1,0.0,0.7712303001952157,0.7712303001952157,0.0,,0,53;61;59,3,61;59,,,
0,8,default_vehtype,route,False,1641.44517778094,1843.0683623372897,2984;-1;-1,2990;-1;-1,1680.1932046362463,0.898323943025593,0.8981559237051294,0.0,,0,51,1,,,2984;3012;7321;2804;3061;1173;3425;3125;3406;2825;1944;130;99;4526;714;2800;4332;799;3653;3825;7127;3766;3988;553;7132;7191;3566;4337;7134;6667;6711;1807;1653;6829;4349;4937;669;5061;7265;3848;534;2839;5449;2990,2984:1641.44517778094;3012:1643.9378384583729;7321:1647.9484784583728;2804:1651.2752384583728;3061:1657.9432784583728;1173:1663.5416384583727;3425:1664.7245984583728;3125:1665.9781184583728;3406:1678.3324784583729;2825:1680.802198458373;1944:1682.1135584583728;130:1684.5011984583728;99:1684.9814384583728;4526:1693.3910384583728;714:1696.1878784583728;2800:1698.1942784583728;4332:1699.0099184583728;799:1700.1908384583728;3653:1704.787078458373;3825:1706.0356784583728;7127:1749.5957984583729;3766:1750.532998458373;3988:1754.268598458373;553:1754.726878458373;7132:1764.605758458373;7191:1772.562958458373;3566:1774.392118458373;4337:1778.890318458373;7134:1779.990358458373;6667:1787.922478458373;6711:1803.782038458373;1807:1805.7092384583732;1653:1811.5131584583733;6829:1812.2860784583734;4349:1812.8349584583734;4937:1817.2045184583735;669:1827.5119184583734;5061:1833.3202784583734;7265:1834.1035184583734;3848:1835.0781584583733;534:1839.1231184583733;2839:1840.4817584583732;5449:1841.6807984583731;2990:1843.0683623372897
0,9,default_vehtype,route,False,1740.0,1803.1825665818587,2972;-1;-1,2987;-1;-1,877.535646970257,0.9621819596235688,0.9620942060588717,0.0,,0,,0,,,2972;6079;7380;364;3029;3886;5711;6045;2157;4817;456;5901;7605;2830;1420;1084;7357;2826;2827;4225;2987,2972:1740;6079:1741.378855611566;7380:1741.787743611566;364:1742.223127611566;3029:1744.247335611566;3886:1744.745359611566;5711:1747.2849436115662;6045:1748.6792236115662;2157:1752.867751611566;4817:1753.344535611566;456:1753.959415611566;5901:1754.7149836115661;7605:1758.1866796115662;2830:1758.4160716115662;1420:1770.1211836115663;1084:1773.6561676115662;7357:1778.2406956115663;2826:1787.4499996115662;2827:1796.6593036115662;4225:1801.2438316115663;2987:1803.1825665818587
0,9,default_vehtype,boarding,True,1803.1825665818587,1833.1825665818587,2987;-1;-1,2987;-1;-1,0.0,0.9620942060588717,0.9620942060588717,0.0,,0,58,1,58,,,
0,10,default_vehtype,boarding,True,1774.3262141216326,1804.3262141216326,2986;-1;-1,2986;-1;-1,0.0,0.9446265480752309,0.9446265480752309,0.0,,0,57,1,57,,,
0,11,default_vehtype,route,False,1800.0,1860.0,2976;-1;-1,7512;3274;0.929,499.9999999999989,0.8889178777710368,0.8888678777710368,0.0,,0,,0,,,2976;7557;7316;7531;2802;2251;7515;7037;7512,2976:1800;7557:1804.9903533706604;7316:1812.3853533706604;7531:1819.9403133706603;2802:1827.1557933706604;2251:1834.0511133706605;7515:1834.9122333706605;7037:1842.2241933706605;7512:1849.4575533706604
0,2,default_vehtype,route,False,1800.0,1875.168814970045,2969;-1;-1,2993;-1;-1,1044.011319028405,0.9150930891336246,0.9149886880017218,0.0,,0,,0,,,2969;7192;1664;337;1075;537;18;5629;1068;2559;6740;1717;2067;2063;1937;6789;3895;5465;7450;2993,2969:1800;7192:1803.6036429519463;1664:1806.8575389519463;337:1814.6177709519463;1075:1815.6416109519464;537:1816.5956109519464;18:1822.4631789519462;5629:1828.3126029519462;1068:1830.8650029519463;2559:1837.9156029519463;6740:1842.3862269519464;1717:1848.2199549519464;2067:1848.9577389519463;2063:1849.6739949519463;1937:1852.9439469519464;6789:1863.4803549519463;3895:1864.7473389519464;5465:1872.2792589519463;7450:1873.2634989519463;2993:1875.168814970045
0,2,default_vehtype,boarding,True,1875.168814970045,1905.168814970045,2993;-1;-1,2993;-1;-1,0.0,0.9149886880017218,0.9149886880017218,0.0,,0,60,1,60,,,
0,8,default_vehtype,boarding,True,1843.0683623372897,1873.0683623372897,2990;-1;-1,2990;-1;-1,0.0,0.8981559237051294,0.8981559237051294,0.0,,0,51,1,,51,,
0,11,default_vehtype,route,False,1860.0,1878.5650366756329,7512;3274;0.929,2978;-1;-1,154.70863896360626,0.8888678777710368,0.8888524069071405,0.0,,0,,0,,,7512;3274;2902;3901;7011;7336;4365;7288;1182;2978,7512:1860;3274:1860.8035533706604;2902:1860.9151533706604;3901:1861.3831533706605;7011:1863.3641133706606;7336:1866.2715933706606;4365:1873.8527133706607;7288:1874.9759133706607;1182:1875.8928333706606;2978:1878.5650366756329
0,11,default_vehtype,boarding,True,1878.5650366756329,1908.5650366756329,2978;-1;-1,2978;-1;-1,0.0,0.8888524069071405,0.8888524069071405,0.0,,0,63,1,63,,,
0,0,default_vehtype,route,False,1785.0928068902579,1973.644800257712,2977;-1;-1,2980;-1;-1,1527.8284355399308,0.6906858735563082,0.6905330907127541,0.0,,0,52;56,2,,,2977;6202;7516;7037;7512;3274;2902;3901;7011;7336;4365;7288;1182;1001;6296;1434;3820;3877;2787;4993;6537;7281;2307;3549;6384;4032;1804;4811;5237;608;459;2416;4011;5246;363;366;2314;2877;1748;1743;1157;2058;2092;915;2980,2977:1785.0928068902579;6202:1788.9858989933696;7516:1789.8470189933696;7037:1797.1589789933696;7512:1804.3923389933695;3274:1815.7383389933696;2902:1815.8499389933695;3901:1816.3179389933696;7011:1818.2988989933697;7336:1821.2063789933698;4365:1828.7874989933698;7288:1829.9106989933698;1182:1830.8276189933697;1001:1836.1187789933697;6296:1838.4780989933697;1434:1844.4371789933698;3820:1849.5458189933697;3877:1851.4536989933697;2787:1860.2462189933697;4993:1861.2952589933698;6537:1867.0950989933697;7281:1872.9302189933696;2307:1876.4489789933696;3549:1882.0862189933696;6384:1882.3480589933695;4032:1885.5696989933695;1804:1886.4856109933694;4811:1888.1682509933694;5237:1892.9087309933693;608:1901.7748109933693;459:1902.1045709933694;2416:1904.3182109933693;4011:1904.9823389933692;5246:1910.9075069933692;363:1917.8161949933692;366:1919.2212749933692;2314:1920.3661469933693;2877:1933.5372509933693;1748:1934.6557709933693;1743:1942.4101709933693;1157:1947.1493138505123;2058:1952.939142421941;2092:1956.3282852790837;915:1961.4464567076552;2980:1973.644800257712
0,4,default_vehtype,boarding,True,1920.0,1950.0,2984;-1;-1,2984;-1;-1,0.0,0.8222282372505594,0.8222282372505594,0.0,,0,66,1,66,,,
0,7,default_vehtype,route,False,1838.6543471790385,1958.161303688556,2990;-1;-1,2972;-1;-1,1049.0361952928322,0.7712303001952157,0.7711253965756865,0.0,,0,53;61;59,3,,,2990;2552;1946;7401;3560;3731;662;7398;3491;6933;7394;6989;7392;5704;7389;3806;2573;885;316;2042;1982;6306;374;7114;3246;5330;661;445;2972,2990:1838.6543471790385;2552:1841.5200633001218;1946:1845.7733433001217;7401:1846.9723833001217;3560:1848.0479433001217;3731:1850.7375033001217;662:1873.1872233001218;7398:1876.7064633001219;3491:1883.031183300122;6933:1883.942943300122;7394:1889.3045433001218;6989:1889.898903300122;7392:1899.109983300122;5704:1901.475063300122;7389:1916.013303300122;3806:1920.077703300122;2573:1921.145703300122;885:1921.749063300122;316:1928.5762233001221;2042:1939.3146633001222;1982:1940.0773833001222;6306:1940.2942233001222;374:1948.5952233001221;7114:1950.810231300122;3246:1951.948047300122;5330:1952.695623300122;661:1953.687063300122;445:1956.716751300122;2972:1958.161303688556
0,11,default_vehtype,route,False,1908.5650366756329,1945.9904978058619,2978;-1;-1,2979;-1;-1,311.87884275190765,0.8888524069071405,0.8888212190228654,0.0,,0,63,1,,,2978;4103;6297;1434;3820;3877;2787;4993;6537;2979,2978:1908.5650366756329;4103:1911.1839933706606;6297:1913.5433133706606;1434:1919.5023933706607;3820:1924.6110333706606;3877:1926.5189133706606;2787:1935.3114333706606;4993:1936.3604733706607;6537:1942.1603133706606;2979:1945.9904978058619
0,11,default_vehtype,boarding,True,1945.9904978058619,1975.9904978058619,2979;-1;-1,2979;-1;-1,0.0,0.8888212190228654,0.8888212190228654,0.0,,0,63;62,2,62,,,
0,0,default_vehtype,boarding,True,1973.644800257712,2003.644800257712,2980;-1;-1,2980;-1;-1,0.0,0.6905330907127541,0.6905330907127541,0.0,,0,52;56;64,3,64,56;52,,
0,6,default_vehtype,route,False,1783.8026545632158,2017.5310404053014,2968;-1;-1,2985;-1;-1,2369.4729144734124,0.5423718389792107,0.5421348916877634,0.0,,0,50,1,,,2968;98;2497;7434;2760;542;1074;4204;5649;5760;205;5793;1407;5826;7411;4686;5074;5295;5274;7181;604;603;1365;2574;7139;1693;1114;5299;7129;754;611;1812;1186;7311;3767;4527;3089;3131;5447;7352;414;122;3426;4305;793;118;3979;2985,2968:1783.8026545632158;98:1789.5723230401366;2497:1791.0829550401365;7434:1798.2908030401366;2760:1804.8293390401366;542:1812.3574430401366;1074:1813.2908510401367;4204:1814.2724990401366;5649:1815.0732830401366;5760:1820.6316110401367;205:1825.7758670401367;5793:1829.8972190401366;1407:1831.5173630401366;5826:1833.7976750401367;7411:1836.6963230401368;4686:1837.7670350401368;5074:1844.7075470401367;5295:1844.9378030401367;5274:1848.3166190401366;7181:1852.8259070401366;604:1856.4043070401367;603:1857.4678910401367;1365:1859.4096110401367;2574:1870.9174910401366;7139:1877.1838910401366;1693:1878.8224910401366;1114:1895.1630110401366;5299:1909.7082110401366;7129:1911.0591710401366;754:1954.6192910401367;611:1955.8678910401366;1812:1960.4390510401365;1186:1961.6162510401366;7311:1962.4318910401366;3767:1964.4382910401366;4527:1967.2351310401366;3089:1975.6447310401365;3131:1976.1249710401366;5447:1978.5126110401366;7352:1979.8239710401365;414:1982.2936910401365;122:1994.6480510401366;3426:1995.9015710401366;4305:1997.3038910401365;793:2009.4194510401364;118:2015.2837310401364;3979:2017.1342750401363;2985:2017.5310404053014
0,7,default_vehtype,boarding,True,1958.161303688556,1988.161303688556,2972;-1;-1,2972;-1;-1,0.0,0.7711253965756865,0.7711253965756865,0.0,,0,53;61;59,3,,61,,
0,9,default_vehtype,route,False,1833.1825665818587,2016.0775463067241,2987;-1;-1,2970;-1;-1,1680.7188240627274,0.9620942060588717,0.9619261341764654,0.0,,0,58,1,,,2987;4613;7368;7606;5900;3459;4818;5992;6047;5708;3884;3030;3347;7376;2207;3446;3720;5332;251;2711;3358;2296;5495;5696;3307;3987;6878;746;2834;2045;2835;2641;7396;2616;486;2838;3722;3732;544;7400;5449;6824;4848;1631;1593;6821;1946;7401;3560;2970,2987:1833.1825665818587;4613:1834.7788156115664;7368:1846.4839276115665;7606:1846.7133196115665;5900:1850.1850156115665;3459:1850.9405836115666;4818:1851.5554636115667;5992:1852.0322476115666;6047:1856.2207756115665;5708:1857.6150556115665;3884:1860.1546396115666;3030:1860.6526636115666;3347:1862.6768716115666;7376:1863.1122556115668;2207:1863.5211436115667;3446:1866.3445516115667;3720:1869.3742396115667;5332:1870.3656796115667;251:1871.1132556115667;2711:1872.2510716115667;3358:1874.4660796115666;2296:1882.7670796115665;5495:1882.9839196115665;5696:1883.7466396115665;3307:1894.4850796115666;3987:1901.3122396115666;6878:1901.9155996115667;746:1902.9835996115667;2834:1907.0479996115666;2045:1921.5862396115667;2835:1923.9513196115668;2641:1933.1623996115668;7396:1933.7567596115668;2616:1939.1183596115668;486:1940.0301196115668;2838:1946.3548396115668;3722:1949.874079611567;3732:1972.323799611567;544:1975.013359611567;7400:1976.088919611567;5449:1977.287959611567;6824:1981.5412396115669;4848:1989.0215596115668;1631:1994.7157310401383;1593:2000.4099024687098;6821:2007.8902224687097;1946:2012.1435024687096;7401:2013.3425424687096;3560:2014.4181024687095;2970:2016.0775463067241
0,3,default_vehtype,route,False,1814.5555951505398,2044.8885100227837,2981;-1;-1,2993;-1;-1,3062.616046258137,0.7637094068088306,0.7634031452042048,0.0,,0,55,1,,,2981;6320;3549;6384;4032;1804;4811;5237;608;459;2416;4011;5246;363;366;2314;2877;1748;2880;906;984;2268;1857;1806;1371;938;5442;4054;2205;1369;2047;3631;4079;4572;4577;778;3636;3639;3642;7178;5275;5297;5072;1464;2847;5825;4587;5794;3202;2065;2023;4203;537;18;5629;1068;2559;6740;1717;2067;2063;1937;6789;3895;5465;7450;2993,2981:1814.5555951505398;6320:1817.928714004685;3549:1823.565954004685;6384:1823.8277940046848;4032:1827.0494340046848;1804:1827.9653460046848;4811:1829.6479860046848;5237:1834.3884660046847;608:1843.2545460046847;459:1843.5843060046848;2416:1845.7979460046847;4011:1846.4620740046846;5246:1852.3872420046846;363:1859.2959300046846;366:1860.7010100046846;2314:1861.8458820046847;2877:1875.0169860046847;1748:1876.1355060046847;2880:1877.2972980046848;906:1889.5226100046848;984:1892.2923060046849;2268:1893.0401700046848;1857:1893.4260900046847;1806:1894.0882740046848;1371:1894.7584500046848;938:1897.3395780046849;5442:1907.0602260046849;4054:1914.7002180046848;2205:1920.4526580046847;1369:1926.8988180046847;2047:1927.8418740046848;3631:1929.4047060046848;4079:1930.4719620046849;4572:1934.270394004685;4577:1936.003074004685;778:1940.309394004685;3636:1941.312786004685;3639:1942.165914004685;3642:1943.229498004685;7178:1946.807898004685;5275:1951.317186004685;5297:1954.696002004685;5072:1954.926258004685;1464:1961.866770004685;2847:1962.9374820046849;5825:1965.836130004685;4587:1968.116442004685;5794:1969.736586004685;3202:1973.857938004685;2065:1979.002194004685;2023:1984.560522004685;4203:1985.361306004685;537:1986.315306004685;18:1992.182874004685;5629:1998.032298004685;1068:2000.584698004685;2559:2007.635298004685;6740:2012.105922004685;1717:2017.939650004685;2067:2018.677434004685;2063:2019.393690004685;1937:2022.663642004685;6789:2033.200050004685;3895:2034.467034004685;5465:2041.998954004685;7450:2042.983194004685;2993:2044.8885100227837
0,3,default_vehtype,boarding,True,2044.8885100227837,2074.8885100227835,2993;-1;-1,2993;-1;-1,0.0,0.7634031452042048,0.7634031452042048,0.0,,0,55,1,,55,,
0,6,default_vehtype,boarding,True,2017.5310404053014,2047.5310404053014,2985;-1;-1,2985;-1;-1,0.0,0.5421348916877634,0.5421348916877634,0.0,,0,50,1,,50,,
0,7,default_vehtype,route,False,1988.161303688556,2076.3843425560344,2972;-1;-1,2975;-1;-1,1181.6034995154698,0.7711253965756865,0.7710072362257349,0.0,,0,53;59,2,,,2972;6079;7380;364;3029;3886;5711;6045;2157;4817;456;5901;7605;2830;5852;6913;1321;597;2204;6066;6049;7367;2188;2186;5744;6033;5746;6031;146;2828;2376;3091;4274;880;3109;3874;2975,2972:1988.161303688556;6079:1989.540159300122;7380:1989.949047300122;364:1990.384431300122;3029:1992.408639300122;3886:1992.906663300122;5711:1995.4462473001222;6045:1996.8405273001222;2157:2001.029055300122;4817:2001.505839300122;456:2002.1207193001221;5901:2002.8762873001222;7605:2006.3479833001222;2830:2006.5773753001222;5852:2013.1041033001222;6913:2015.0005113001223;1321:2020.1489433001223;597:2020.6118313001223;2204:2022.1691193001222;6066:2022.8148153001223;6049:2027.0411433001223;7367:2029.3146873001222;2188:2035.9778553001222;2186:2037.2541273001223;5744:2039.2695513001222;6033:2040.6389913001221;5746:2042.5623993001223;6031:2044.0540233001223;146:2045.0151513001222;2828:2046.106959300122;2376:2051.608839300122;3091:2064.9305673001218;4274:2066.073495300122;880:2066.664831300122;3109:2068.515375300122;3874:2074.3796553001216;2975:2076.3843425560344
0,8,default_vehtype,route,False,1980.0,2062.224884586138,2990;-1;-1,2992;-1;-1,975.096974134786,0.8981559237051294,0.8980584140077159,0.0,,0,,0,,,2990;2552;4848;3271;4846;4989;5000;337;1075;537;18;5629;1068;2559;6740;1717;2067;2063;1937;2992,2990:1980;2552:1982.8657161210833;4848:1990.3460361210832;3271:1995.8991561210833;4846:1997.7722361210833;4989:2010.0447561210833;5000:2014.8043161210833;337:2022.5645481210834;1075:2023.5883881210834;537:2024.5423881210834;18:2030.4099561210833;5629:2036.2593801210833;1068:2038.8117801210833;2559:2045.8623801210833;6740:2050.3330041210834;1717:2056.1667321210834;2067:2056.9045161210834;2063:2057.6207721210835;1937:2060.8907241210836;2992:2062.224884586138
0,8,default_vehtype,boarding,True,2062.224884586138,2092.224884586138,2992;-1;-1,2992;-1;-1,0.0,0.8980584140077159,0.8980584140077159,0.0,,0,67,1,67,,,
0,9,default_vehtype,boarding,True,2016.0775463067241,2046.0775463067241,2970;-1;-1,2970;-1;-1,0.0,0.9619261341764654,0.9619261341764654,0.0,,0,58,1,,58,,
0,9,default_vehtype,route,False,2046.0775463067241,2099.822073538083,2970;-1;-1,2991;-1;-1,538.5262328689473,0.9619261341764654,0.9618722815531785,0.0,,0,,0,,,2970;671;544;7400;5449;6824;4848;3271;4846;4989;5000;337;1075;537;2991,2970:2046.0775463067241;671:2047.1076624687096;544:2049.7972224687096;7400:2050.87278246871;5449:2052.07182246871;6824:2056.3251024687097;4848:2063.80542246871;3271:2069.35854246871;4846:2071.2316224687097;4989:2083.5041424687097;5000:2088.2637024687097;337:2096.0239344687097;1075:2097.0477744687096;537:2098.0017744687098;2991:2099.822073538083
0,4,default_vehtype,route,False,1950.0,2110.4387357834594,2984;-1;-1,2989;-1;-1,1836.5458648621607,0.8222282372505594,0.822044582664073,0.0,,0,66,1,,,2984;3012;7321;2804;3061;1173;3425;4304;793;118;3979;4275;103;6480;7360;3154;6028;5745;6035;5743;6038;6041;7365;6050;6068;6077;3629;4502;6912;2108;7370;7608;5900;3459;4818;5992;6047;5708;3884;3030;3347;7376;2207;3446;3720;5332;251;2711;3358;2296;5495;5696;3307;3987;6878;2989,2984:1950;3012:1952.492660677433;7321:1956.503300677433;2804:1959.8300606774328;3061:1966.4981006774328;1173:1972.0964606774328;3425:1973.2794206774329;4304:1974.6817406774328;793:1986.7973006774328;118:1992.6615806774328;3979:1994.5121246774327;4275:1995.1034606774326;103:1996.2463886774326;6480:2009.5681166774325;7360:2015.0699966774325;3154:2016.1618046774324;6028:2017.1229326774323;5745:2018.6145566774323;6035:2020.5379646774325;5743:2021.9074046774324;6038:2023.9228286774323;6041:2025.1991006774324;7365:2031.8622686774324;6050:2034.1358126774323;6068:2038.3621406774323;6077:2039.0078366774324;3629:2040.5651246774323;4502:2041.0280126774323;6912:2046.1764446774323;2108:2048.0728526774324;7370:2054.599580677432;7608:2054.8289726774324;5900:2058.3006686774324;3459:2059.0562366774325;4818:2059.6711166774326;5992:2060.1479006774325;6047:2064.3364286774327;5708:2065.7307086774326;3884:2068.2702926774327;3030:2068.7683166774327;3347:2070.7925246774325;7376:2071.2279086774324;2207:2071.6367966774324;3446:2074.4602046774326;3720:2077.4898926774326;5332:2078.4813326774324;251:2079.2289086774326;2711:2080.3667246774326;3358:2082.5817326774327;2296:2090.8827326774326;5495:2091.0995726774327;5696:2091.862292677433;3307:2102.600732677433;3987:2109.4278926774327;6878:2110.031252677433;2989:2110.4387357834594
0,4,default_vehtype,boarding,True,2110.4387357834594,2140.4387357834594,2989;-1;-1,2989;-1;-1,0.0,0.822044582664073,0.822044582664073,0.0,,0,66,1,,66,,
0,6,default_vehtype,route,False,2047.5310404053014,2109.4816360769887,2985;-1;-1,2984;-1;-1,479.914197616323,0.5421348916877634,0.5420869002680018,0.0,,0,,0,,,2985;1140;880;3109;3874;4306;429;4313;68;7318;7325;3011;4;4345;1199;1204;2996;2984,2985:2047.5310404053014;1140:2047.7256110401363;880:2048.3169470401363;3109:2050.167491040136;3874:2056.031771040136;4306:2068.147331040136;429:2069.5496510401363;4313:2070.7326110401364;68:2076.3309710401363;7318:2082.9990110401363;7325:2086.3257710401363;3011:2090.336411040136;4:2095.1215310401362;4345:2097.165011040136;1199:2101.155353897279;1204:2105.145696754422;2996:2107.1891767544216;2984:2109.4816360769887
0,6,default_vehtype,boarding,True,2109.4816360769887,2139.4816360769887,2984;-1;-1,2984;-1;-1,0.0,0.5420869002680018,0.5420869002680018,0.0,,0,69,1,69,,,
0,6,default_vehtype,route,False,2139.4816360769887,2152.849383383761,2984;-1;-1,2976;-1;-1,111.3978942231051,0.5420869002680018,0.5420757604785794,0.0,,0,69,1,,,2984;3012;4;4345;7330;2976,2984:2139.4816360769887;3012:2141.9742967544216;4:2146.7594167544216;4345:2148.8028967544215;7330:2150.0058967544214;2976:2152.849383383761
0,7,default_vehtype,boarding,True,2076.3843425560344,2106.3843425560344,2975;-1;-1,2975;-1;-1,0.0,0.7710072362257349,0.7710072362257349,0.0,,0,53;59,2,,53,,
0,8,default_vehtype,route,False,2092.224884586138,2120.3746316441625,2992;-1;-1,2968;-1;-1,390.96870913923203,0.8980584140077159,0.8980193171368019,0.0,,0,67,1,,,2992;2526;5444;1716;2720;4210;1711;2968,2992:2092.224884586138;2526:2101.4271321210836;5444:2111.9635401210835;1716:2114.7539001210835;2720:2115.5005401210833;4210:2116.398812121083;1711:2117.528492121083;2968:2120.3746316441625
0,8,default_vehtype,boarding,True,2120.3746316441625,2150.3746316441625,2968;-1;-1,2968;-1;-1,0.0,0.8980193171368019,0.8980193171368019,0.0,,0,67,1,,67,,
0,9,default_vehtype,boarding,True,2099.822073538083,2129.822073538083,2991;-1;-1,2991;-1;-1,0.0,0.9618722815531785,0.9618722815531785,0.0,,0,68,1,68,,,
0,10,default_vehtype,route,False,1804.3262141216326,2114.97230016312,2986;-1;-1,2966;-1;-1,2452.0199535686984,0.9446265480752309,0.9443813460798741,0.0,,0,57,1,,,2986;3155;7358;2376;3091;4274;880;3109;3874;4306;429;3125;3406;2825;1944;130;99;4526;714;2800;4332;799;3653;3825;7127;1836;4248;5046;7138;6879;1367;3637;1339;1395;1399;835;1147;1093;2607;911;1150;665;666;1885;668;1415;1041;1623;1383;2333;2966,2986:1804.3262141216326;3155:1804.8700907392347;7358:1805.9618987392346;2376:1811.4637787392346;3091:1824.7855067392345;4274:1825.9284347392345;880:1826.5197707392344;3109:1828.3703147392343;3874:1834.2345947392344;4306:1846.3501547392343;429:1847.7524747392342;3125:1849.0059947392342;3406:1861.3603547392343;2825:1863.8300747392343;1944:1865.1414347392342;130:1867.5290747392341;99:1868.0093147392342;4526:1876.4189147392342;714:1879.2157547392342;2800:1881.2221547392342;4332:1882.0377947392342;799:1883.2187147392342;3653:1887.8149547392343;3825:1889.0635547392342;7127:1932.6236747392343;1836:1933.9746347392343;4248:1948.5198347392343;5046:1964.8603547392343;7138:1966.4989547392343;6879:1972.7653547392342;1367:1984.2582347392342;3637:1986.1513547392342;1339:1987.1437307392341;1395:1995.681058739234;1399:1997.821762739234;835:2001.398722739234;1147:2002.191298739234;1093:2003.450578739234;2607:2011.509250739234;911:2014.3631147392339;1150:2015.1235787392338;665:2016.5734427392338;666:2017.4425547392339;1885:2018.428378739234;668:2031.798778739234;1415:2032.427842739234;1041:2049.1143570249483;1623:2053.4976141678053;1383:2064.583042739234;2333:2104.73692845352;2966:2114.97230016312
0,10,default_vehtype,boarding,True,2114.97230016312,2144.97230016312,2966;-1;-1,2966;-1;-1,0.0,0.9443813460798741,0.9443813460798741,0.0,,0,57;65,2,65,57,,
0,2,default_vehtype,route,False,1905.168814970045,2175.1564936364293,2993;-1;-1,2975;-1;-1,2661.412004659013,0.9149886880017218,0.914722546801256,0.0,,0,60,1,,,2993;4483;6931;7616;3488;4485;5469;2998;901;1083;1355;1961;1721;2672;2790;5440;162;683;1096;3736;81;831;2413;1146;832;1880;1340;3638;1365;2574;7139;1693;1114;5299;7129;754;611;1812;1186;7311;3767;4527;3089;3131;5447;7352;414;122;3426;4305;793;118;3979;4275;3068;70;73;4273;880;3109;3874;2975,2993:1905.168814970045;4483:1905.9302349519462;6931:1907.2459629519462;7616:1911.1423149519462;3488:1912.4664669519461;4485:1917.0211149519462;5469:1917.3823389519462;2998:1917.790794951946;901:1919.036322951946;1083:1921.826754951946;1355:1935.516042951946;1961:1936.498770951946;1721:1937.558826951946;2672:1943.697114951946;2790:1946.141946951946;5440:1949.556546951946;162:1953.709218951946;683:1954.280178951946;1096:1957.842378951946;3736:1958.1053949519462;81:1961.9542989519462;831:1972.800882951946;2413:1973.788578951946;1146:1974.601962951946;832:1975.410378951946;1880:1978.0080669519461;1340:1989.540882951946;3638:1990.527354951946;1365:1992.4690749519461;2574:2003.976954951946;7139:2010.243354951946;1693:2011.881954951946;1114:2028.222474951946;5299:2042.767674951946;7129:2044.118634951946;754:2087.678754951946;611:2088.9273549519457;1812:2093.4985149519457;1186:2094.675714951946;7311:2095.4913549519456;3767:2097.497754951946;4527:2100.294594951946;3089:2108.7041949519457;3131:2109.1844349519456;5447:2111.5720749519455;7352:2112.8834349519457;414:2115.3531549519457;122:2127.7075149519455;3426:2128.9610349519457;4305:2130.363354951946;793:2142.478914951946;118:2148.343194951946;3979:2150.1937389519458;4275:2150.7850749519457;3068:2155.5293606662312;70:2157.8153606662313;73:2160.1013606662314;4273:2164.845646380517;880:2165.436982380517;3109:2167.2875263805167;3874:2173.1518063805165;2975:2175.1564936364293
0,2,default_vehtype,boarding,True,2175.1564936364293,2205.1564936364293,2975;-1;-1,2975;-1;-1,0.0,0.914722546801256,0.914722546801256,0.0,,0,60,1,,60,,
0,6,default_vehtype,boarding,True,2152.849383383761,2182.849383383761,2976;-1;-1,2976;-1;-1,0.0,0.5420757604785794,0.5420757604785794,0.0,,0,69,1,,69,,
0,7,default_vehtype,route,False,2106.3843425560344,2179.717403197009,2975;-1;-1,2977;-1;-1,611.1088386747941,0.7710072362257349,0.7709461253418675,0.0,,0,59,1,,,2975;1166;429;4313;68;7318;7325;3011;4;4345;7330;7562;7316;7531;2802;2977,2975:2106.3843425560344;1166:2116.4952153001213;429:2117.8975353001215;4313:2119.0804953001216;68:2124.6788553001215;7318:2131.3468953001216;7325:2134.6736553001215;3011:2138.6842953001214;4:2143.4694153001215;4345:2145.5128953001213;7330:2146.7158953001212;7562:2154.549735300121;7316:2161.944735300121;7531:2169.499695300121;2802:2176.715175300121;2977:2179.717403197009
0,7,default_vehtype,boarding,True,2179.717403197009,2209.717403197009,2977;-1;-1,2977;-1;-1,0.0,0.7709461253418675,0.7709461253418675,0.0,,0,59,1,,59,,
0,11,default_vehtype,route,False,1975.9904978058619,2218.714100476688,2979;-1;-1,2989;-1;-1,2545.239488923543,0.8888212190228654,0.888566695073973,0.0,,0,63;62,2,,,2979;2786;2307;3549;6384;4032;1804;4277;5239;6501;3911;5389;7301;3914;5398;5400;4040;4041;5374;5418;5424;5403;6546;1200;7312;3767;4527;3089;3131;5447;7352;414;122;3426;4305;793;118;3979;4275;103;6480;7360;3154;6028;5745;6035;5743;6038;6041;7365;6050;6068;6077;3629;4502;6912;2108;7370;7608;5900;3459;4818;5992;6047;5708;3884;3030;3347;7376;2207;3446;3720;5332;251;2711;3358;2296;5495;5696;3307;3987;6878;2989,2979:1975.9904978058619;2786:1977.9954333706607;2307:1981.5141933706607;3549:1987.1514333706607;6384:1987.4132733706606;4032:1990.6349133706606;1804:1991.5508253706605;4277:1993.1389053706605;5239:1998.6435453706606;6501:2004.6061053706605;3911:2013.9609453706605;5389:2015.0267853706605;7301:2015.2807053706606;3914:2016.4643853706607;5398:2017.6412253706608;5400:2018.9678253706609;4040:2028.272625370661;4041:2031.216945370661;5374:2035.469505370661;5418:2036.506785370661;5424:2036.650065370661;5403:2037.7553853706609;6546:2041.9822653706608;1200:2046.5913453706607;7312:2048.0851053706606;3767:2050.091505370661;4527:2052.8883453706608;3089:2061.2979453706607;3131:2061.7781853706606;5447:2064.1658253706605;7352:2065.4771853706607;414:2067.9469053706607;122:2080.3012653706605;3426:2081.5547853706607;4305:2082.957105370661;793:2095.072665370661;118:2100.936945370661;3979:2102.7874893706608;4275:2103.3788253706607;103:2104.521753370661;6480:2117.843481370661;7360:2123.3453613706606;3154:2124.4371693706607;6028:2125.3982973706607;5745:2126.8899213706604;6035:2128.8133293706605;5743:2130.1827693706605;6038:2132.1981933706606;6041:2133.4744653706607;7365:2140.1376333706608;6050:2142.411177370661;6068:2146.637505370661;6077:2147.283201370661;3629:2148.840489370661;4502:2149.303377370661;6912:2154.451809370661;2108:2156.348217370661;7370:2162.874945370661;7608:2163.104337370661;5900:2166.576033370661;3459:2167.3316013706612;4818:2167.9464813706613;5992:2168.4232653706613;6047:2172.6117933706614;5708:2174.0060733706614;3884:2176.5456573706615;3030:2177.0436813706615;3347:2179.0678893706613;7376:2179.503273370661;2207:2179.912161370661;3446:2182.7355693706613;3720:2185.7652573706614;5332:2186.756697370661;251:2187.5042733706614;2711:2188.6420893706613;3358:2190.8570973706614;2296:2199.1580973706614;5495:2199.3749373706614;5696:2200.1376573706616;3307:2210.8760973706617;3987:2217.7032573706615;6878:2218.3066173706616;2989:2218.714100476688
0,2,default_vehtype,boarding,True,2220.0,2250.0,2975;-1;-1,2975;-1;-1,0.0,0.914722546801256,0.914722546801256,0.0,,0,71,1,71,,,
0,4,default_vehtype,route,False,2160.0,2261.9266838642666,2989;-1;-1,2987;-1;-1,1253.5481820371742,0.822044582664073,0.8219192278458693,0.0,,0,,0,,,2989;3808;6876;885;316;2042;1982;6306;374;7114;3246;5330;661;445;6080;7381;364;3029;3886;5711;6045;2157;4817;456;5901;7605;2830;1420;1084;7357;2826;2827;4225;2987,2989:2160;3808:2160.6605168939736;6876:2161.728516893974;885:2162.331876893974;316:2169.1590368939737;2042:2179.897476893974;1982:2180.660196893974;6306:2180.877036893974;374:2189.178036893974;7114:2191.393044893974;3246:2192.530860893974;5330:2193.2784368939742;661:2194.269876893974;445:2197.299564893974;6080:2200.1229728939743;7381:2200.531860893974;364:2200.967244893974;3029:2202.991452893974;3886:2203.489476893974;5711:2206.029060893974;6045:2207.423340893974;2157:2211.611868893974;4817:2212.088652893974;456:2212.703532893974;5901:2213.459100893974;7605:2216.9307968939743;2830:2217.1601888939745;1420:2228.8653008939746;1084:2232.4002848939745;7357:2236.9848128939743;2826:2246.1941168939743;2827:2255.4034208939743;4225:2259.987948893974;2987:2261.9266838642666
0,10,default_vehtype,route,False,2144.97230016312,2276.601635204289,2966;-1;-1,2992;-1;-1,1285.4828948015352,0.9443813460798741,0.944252797790394,0.0,,0,65,1,,,2966;2743;2631;2150;735;738;2470;734;1815;739;1724;1962;1910;164;1354;197;1311;7;1963;1308;482;7613;2611;1307;2876;1960;816;6786;5444;1716;2720;4210;2067;2063;1937;2992,2966:2144.97230016312;2743:2152.8161284535195;2631:2156.827557024948;2150:2173.7578427392336;735:2184.240014167805;738:2190.4078427392333;2470:2191.3575227392334;734:2191.5663947392336;1815:2192.574610739234;739:2193.415138739234;1724:2209.872826739234;1962:2210.9296427392337;1910:2211.7518827392337;164:2212.7030747392337;1354:2213.659594739234;197:2215.868842739234;1311:2227.403602739234;7:2231.0985707392338;1963:2231.507026739234;1308:2231.868250739234;482:2236.422898739234;7613:2237.747050739234;2611:2241.6434027392343;1307:2242.9591307392343;2876:2245.6258667392344;1960:2246.6101067392347;816:2254.1420267392346;6786:2255.4090107392344;5444:2265.9454187392344;1716:2268.7357787392343;2720:2269.482418739234;4210:2270.380690739234;2067:2271.281266739234;2063:2271.9975227392342;1937:2275.2674747392343;2992:2276.601635204289
0,11,default_vehtype,boarding,True,2218.714100476688,2248.714100476688,2989;-1;-1,2989;-1;-1,0.0,0.888566695073973,0.888566695073973,0.0,,0,63;62,2,,62,,
0,0,default_vehtype,route,False,2003.644800257712,2302.7814951112778,2980;-1;-1,2973;-1;-1,2548.1465637823403,0.6905330907127541,0.6902782760563759,0.0,,0,64,1,,,2980;914;2135;1730;2664;2579;2961;2407;2581;370;361;2874;1887;4059;910;6541;3462;3648;2851;2850;1801;1560;5242;4277;5239;6501;3911;5389;7301;3914;5398;5400;4040;4041;5374;5418;5424;5403;6546;1200;7312;3767;4527;3089;3131;5447;7352;414;122;3426;4305;793;118;3979;4275;103;6480;7360;3154;6028;5745;6035;5743;6038;6041;7365;6050;6068;6077;3629;4502;6912;2108;7370;1420;1084;2973,2980:2003.644800257712;914:2019.5269709933696;2135:2027.4778281362267;1730:2042.9341709933694;2664:2044.7562852790836;2579:2049.6322281362263;2961:2066.4030852790834;2407:2071.651885279083;2581:2080.1391424219405;370:2081.7219904219405;361:2084.2190944219406;2874:2084.805102421941;1887:2090.460486421941;4059:2092.379790421941;910:2096.895990421941;6541:2097.560118421941;3462:2099.773758421941;3648:2100.103518421941;2851:2104.7777584219407;2850:2105.7111184219407;1801:2109.006798421941;1560:2113.747278421941;5242:2115.429918421941;4277:2117.017998421941;5239:2122.522638421941;6501:2128.485198421941;3911:2137.840038421941;5389:2138.905878421941;7301:2139.159798421941;3914:2140.343478421941;5398:2141.5203184219413;5400:2142.846918421941;4040:2152.151718421941;4041:2155.096038421941;5374:2159.348598421941;5418:2160.385878421941;5424:2160.529158421941;5403:2161.634478421941;6546:2165.861358421941;1200:2170.4704384219413;7312:2171.964198421941;3767:2173.9705984219413;4527:2176.7674384219413;3089:2185.1770384219412;3131:2185.657278421941;5447:2188.044918421941;7352:2189.356278421941;414:2191.825998421941;122:2204.180358421941;3426:2205.4338784219412;4305:2206.8361984219414;793:2218.9517584219416;118:2224.8160384219414;3979:2226.6665824219413;4275:2227.257918421941;103:2228.4008464219414;6480:2241.7225744219413;7360:2247.224454421941;3154:2248.3162624219412;6028:2249.277390421941;5745:2250.769014421941;6035:2252.692422421941;5743:2254.061862421941;6038:2256.077286421941;6041:2257.353558421941;7365:2264.0167264219413;6050:2266.2902704219414;6068:2270.5165984219416;6077:2271.1622944219416;3629:2272.7195824219416;4502:2273.1824704219416;6912:2278.3309024219416;2108:2280.2273104219416;7370:2286.7540384219415;1420:2298.4591504219416;1084:2301.9941344219415;2973:2302.7814951112778
0,0,default_vehtype,boarding,True,2302.7814951112778,2332.7814951112778,2973;-1;-1,2973;-1;-1,0.0,0.6902782760563759,0.6902782760563759,0.0,,0,64,1,,64,,
0,4,default_vehtype,boarding,True,2261.9266838642666,2291.9266838642666,2987;-1;-1,2987;-1;-1,0.0,0.8219192278458693,0.8219192278458693,0.0,,0,70,1,70,,,
0,5,default_vehtype,route,False,2280.0,2319.4599556565927,2971;-1;-1,2972;-1;-1,381.97785485179173,0.9339838955861329,0.9339456978006477,0.0,,0,,0,,,2971;3807;6875;885;316;2042;1982;6306;374;7114;3246;5330;661;445;2972,2971:2280;3807:2281.3763552681585;6875:2282.4443552681587;885:2283.0477152681588;316:2289.8748752681586;2042:2300.6133152681587;1982:2301.376035268159;6306:2301.592875268159;374:2309.893875268159;7114:2312.108883268159;3246:2313.246699268159;5330:2313.994275268159;661:2314.985715268159;445:2318.015403268159;2972:2319.4599556565927
0,10,default_vehtype,boarding,True,2276.601635204289,2306.601635204289,2992;-1;-1,2992;-1;-1,0.0,0.944252797790394,0.944252797790394,0.0,,0,65,1,,65,,
0,11,default_vehtype,route,False,2248.714100476688,2297.824422102503,2989;-1;-1,2971;-1;-1,409.2526802151258,0.888566695073973,0.8885257698059514,0.0,,0,63,1,,,2989;3808;7388;2045;2835;6507;373;2390;7391;5704;7389;2971,2989:2248.714100476688;3808:2249.374617370662;7388:2253.439017370662;2045:2267.977257370662;2835:2270.342337370662;6507:2271.7429773706617;373:2274.2876973706616;2390:2276.8324173706615;7391:2278.2330573706613;5704:2280.5981373706613;7389:2295.136377370661;2971:2297.824422102503
0,11,default_vehtype,boarding,True,2297.824422102503,2327.824422102503,2971;-1;-1,2971;-1;-1,0.0,0.8885257698059514,0.8885257698059514,0.0,,0,63,1,,63,,
0,7,default_vehtype,route,False,2280.0,2340.0,2977;-1;-1,1434;3820;0.128,499.99999999999716,0.7709461253418675,0.7708961253418675,0.0,,0,,0,,,2977;6202;7516;7037;7512;3274;2902;3901;7011;7336;4365;7288;1182;1001;6296;1434,2977:2280;6202:2283.893092103112;7516:2284.754212103112;7037:2292.066172103112;7512:2299.299532103112;3274:2310.645532103112;2902:2310.7571321031123;3901:2311.225132103112;7011:2313.206092103112;7336:2316.113572103112;4365:2323.6946921031117;7288:2324.8178921031117;1182:2325.734812103112;1001:2331.025972103112;6296:2333.385292103112;1434:2339.344372103112
0,3,default_vehtype,route,False,2340.0,2345.8647695471273,2993;-1;-1,2967;-1;-1,81.45513259898192,0.7634031452042048,0.7633949996909449,0.0,,0,,0,,,2993;4483;7446;1960;2967,2993:2340;4483:2340.7614199819013;7446:2343.4281559819015;1960:2344.4123959819017;2967:2345.8647695471273
0,3,default_vehtype,boarding,True,2345.8647695471273,2375.8647695471273,2967;-1;-1,2967;-1;-1,0.0,0.7633949996909449,0.7633949996909449,0.0,,0,76,1,76,,,
0,4,default_vehtype,route,False,2291.9266838642666,2361.0672000000013,2987;-1;-1,2989;-1;-1,805.5238179628254,0.8219192278458693,0.8218386754640731,0.0,,0,70,1,,,2987;4613;7368;7606;5900;3459;4818;5992;6047;5708;3884;3030;3347;7376;2207;3446;3720;5332;251;2711;3358;2296;5495;5696;3307;3987;6878;2989,2987:2291.9266838642666;4613:2293.522932893974;7368:2305.228044893974;7606:2305.4574368939743;5900:2308.9291328939744;3459:2309.6847008939744;4818:2310.2995808939745;5992:2310.7763648939745;6047:2314.9648928939746;5708:2316.3591728939746;3884:2318.8987568939747;3030:2319.3967808939747;3347:2321.4209888939745;7376:2321.8563728939744;2207:2322.2652608939743;3446:2325.0886688939745;3720:2328.1183568939746;5332:2329.1097968939744;251:2329.8573728939746;2711:2330.9951888939745;3358:2333.2101968939746;2296:2341.5111968939746;5495:2341.7280368939746;5696:2342.490756893975;3307:2353.229196893975;3987:2360.0563568939747;6878:2360.6597168939747;2989:2361.0672000000013
0,4,default_vehtype,boarding,True,2361.0672000000013,2391.0672000000013,2989;-1;-1,2989;-1;-1,0.0,0.8218386754640731,0.8218386754640731,0.0,,0,70,1,,70,,
0,5,default_vehtype,boarding,True,2319.4599556565927,2349.4599556565927,2972;-1;-1,2972;-1;-1,0.0,0.9339456978006477,0.9339456978006477,0.0,,0,72;73,2,72;73,,,
0,7,default_vehtype,route,False,2340.0,2365.8324765383136,1434;3820;0.128,2979;-1;-1,215.27063781927833,0.7708961253418675,0.7708745982780856,0.0,,0,,0,,,1434;3820;3877;2787;4993;6537;2979,1434:2340;3820:2344.453012103112;3877:2346.3608921031123;2787:2355.1534121031123;4993:2356.202452103112;6537:2362.0022921031123;2979:2365.8324765383136
0,7,default_vehtype,boarding,True,2365.8324765383136,2395.8324765383136,2979;-1;-1,2979;-1;-1,0.0,0.7708745982780856,0.7708745982780856,0.0,,0,75,1,75,,,
0,8,default_vehtype,route,False,2340.0,2371.6376415249742,2968;-1;-1,2969;-1;-1,439.4116878468658,0.8980193171368019,0.8979753759680172,0.0,,0,,0,,,2968;98;2497;7434;2760;542;1074;336;2969,2968:2340;98:2345.7696684769207;2497:2347.2803004769207;7434:2354.4881484769207;2760:2361.0266844769208;542:2368.5547884769207;1074:2369.4881964769206;336:2370.5113164769205;2969:2371.6376415249742
0,3,default_vehtype,route,False,2375.8647695471273,2402.1587995049804,2967;-1;-1,2968;-1;-1,365.19486052574706,0.7633949996909449,0.7633584802048923,0.0,,0,76,1,,,2967;3896;6788;5444;1716;2720;4210;1711;2968,2967:2375.8647695471273;3896:2381.9443159819016;6788:2383.2112999819014;5444:2393.7477079819014;1716:2396.5380679819013;2720:2397.284707981901;4210:2398.182979981901;1711:2399.312659981901;2968:2402.1587995049804
0,3,default_vehtype,boarding,True,2402.1587995049804,2432.1587995049804,2968;-1;-1,2968;-1;-1,0.0,0.7633584802048923,0.7633584802048923,0.0,,0,76,1,,76,,
0,8,default_vehtype,boarding,True,2371.6376415249742,2401.6376415249742,2969;-1;-1,2969;-1;-1,0.0,0.8979753759680172,0.8979753759680172,0.0,,0,77,1,77,,,
0,9,default_vehtype,route,False,2129.822073538083,2422.0662930797366,2991;-1;-1,2983;-1;-1,3171.84052357281,0.9618722815531785,0.9615550975008214,0.0,,0,68,1,,,2991;3010;5658;3008;4585;330;4588;5827;7412;4686;5074;5295;5274;7181;604;603;602;3851;4573;1400;971;598;1368;591;585;940;1370;939;1903;983;3921;840;2881;5099;2878;1735;2581;370;361;2874;1887;4059;910;6541;3462;3648;2851;2850;1801;1560;5242;922;6385;3550;6322;7280;2411;1661;7283;796;751;4635;6299;4102;4325;7285;1218;7334;7010;820;7498;276;2915;2661;7517;6201;7314;2983,2991:2129.822073538083;3010:2133.86934246871;5658:2134.67694246871;3008:2142.77982246871;4585:2165.10810246871;330:2174.70378246871;4588:2175.27618246871;5827:2177.55649446871;7412:2180.4551424687097;4686:2181.52585446871;5074:2188.46636646871;5295:2188.69662246871;5274:2192.0754384687098;7181:2196.58472646871;604:2200.16312646871;603:2201.22671046871;602:2202.07983846871;3851:2203.08323046871;4573:2207.3895504687102;1400:2209.1222304687103;971:2212.9206624687104;598:2213.98791846871;1368:2214.9482544687103;591:2220.8192064687105;585:2233.9904544687106;940:2240.5703184687104;1370:2247.5969424687105;939:2248.2936144687105;1903:2249.1152064687103;983:2250.0977184687104;3921:2253.89586246871;840:2258.4567024687103;2881:2265.08732646871;5099:2266.2401904687104;2878:2267.3682144687104;1735:2278.3525344687105;2581:2279.6919504687103;370:2281.2747984687103;361:2283.7719024687103;2874:2284.3579104687105;1887:2290.0132944687107;4059:2291.9325984687107;910:2296.4487984687107;6541:2297.1129264687106;3462:2299.3265664687106;3648:2299.6563264687106;2851:2304.3305664687105;2850:2305.2639264687105;1801:2308.5596064687106;1560:2313.3000864687106;5242:2314.9827264687106;922:2315.8986384687105;6385:2319.1202784687107;3550:2319.382118468711;6322:2325.019358468711;7280:2328.5381184687108;2411:2334.373238468711;1661:2340.173078468711;7283:2341.222118468711;796:2350.014638468711;751:2351.922518468711;4635:2357.031158468711;6299:2362.990238468711;4102:2365.349558468711;4325:2370.6407184687114;7285:2371.5576384687115;1218:2372.6808384687115;7334:2380.2619584687113;7010:2383.169438468711;820:2385.150398468711;7498:2385.618398468711;276:2385.729998468711;2915:2397.075998468711;2661:2404.3093584687113;7517:2411.6213184687113;6201:2412.4824384687113;7314:2419.3777584687114;2983:2422.0662930797366
0,9,default_vehtype,boarding,True,2422.0662930797366,2452.0662930797366,2983;-1;-1,2983;-1;-1,0.0,0.9615550975008214,0.9615550975008214,0.0,,0,68,1,,68,,
0,10,default_vehtype,route,False,2400.0,2420.890707553044,2992;-1;-1,2993;-1;-1,290.1487160145031,0.944252797790394,0.9442237829187925,0.0,,0,,0,,,2992;2526;3895;5465;7450;2993,2992:2400;2526:2409.2022475349454;3895:2410.4692315349453;5465:2418.001151534945;7450:2418.9853915349454;2993:2420.890707553044
0,10,default_vehtype,boarding,True,2420.890707553044,2450.890707553044,2993;-1;-1,2993;-1;-1,0.0,0.9442237829187925,0.9442237829187925,0.0,,0,79,1,79,,,
0,3,default_vehtype,route,False,2432.1587995049804,2465.402943051274,2968;-1;-1,2991;-1;-1,461.72421592074585,0.7633584802048923,0.7633123077833002,0.0,,0,,0,,,2968;98;2497;7434;2760;542;1074;4204;537;2991,2968:2432.1587995049804;98:2437.928467981901;2497:2439.439099981901;7434:2446.646947981901;2760:2453.185483981901;542:2460.713587981901;1074:2461.646995981901;4204:2462.628643981901;537:2463.582643981901;2991:2465.402943051274
0,3,default_vehtype,boarding,True,2465.402943051274,2495.402943051274,2991;-1;-1,2991;-1;-1,0.0,0.7633123077833002,0.7633123077833002,0.0,,0,78,1,78,,,
0,0,default_vehtype,boarding,True,2520.0,2550.0,2973;-1;-1,2973;-1;-1,0.0,0.6902782760563759,0.6902782760563759,0.0,,0,81,1,81,,,
0,2,default_vehtype,route,False,2250.0,2528.733018167973,2975;-1;-1,2966;-1;-1,2052.4993845249487,0.914722546801256,0.9145172968628035,0.0,,0,71,1,,,2975;1166;429;3125;3406;2825;1944;130;99;4526;714;2800;4332;799;3653;3825;7127;1836;4248;5046;7138;6879;1367;3637;1339;1395;1399;835;1147;1093;2607;911;1150;665;666;1885;668;1415;1041;1623;1383;2333;2966,2975:2250;1166:2260.110872744087;429:2261.513192744087;3125:2262.7667127440873;3406:2275.121072744087;2825:2277.590792744087;1944:2278.9021527440873;130:2281.289792744087;99:2281.770032744087;4526:2290.179632744087;714:2292.976472744087;2800:2294.982872744087;4332:2295.798512744087;799:2296.979432744087;3653:2301.5756727440867;3825:2302.8242727440866;7127:2346.3843927440867;1836:2347.735352744087;4248:2362.280552744087;5046:2378.621072744087;7138:2380.2596727440873;6879:2386.5260727440873;1367:2398.018952744087;3637:2399.9120727440873;1339:2400.9044487440874;1395:2409.4417767440873;1399:2411.582480744087;835:2415.159440744087;1147:2415.952016744087;1093:2417.211296744087;2607:2425.2699687440872;911:2428.1238327440874;1150:2428.8842967440874;665:2430.3341607440875;666:2431.2032727440874;1885:2432.1890967440872;668:2445.559496744087;1415:2446.188560744087;1041:2462.8750750298013;1623:2467.2583321726584;1383:2478.343760744087;2333:2518.497646458373;2966:2528.733018167973
0,2,default_vehtype,boarding,True,2528.733018167973,2558.733018167973,2966;-1;-1,2966;-1;-1,0.0,0.9145172968628035,0.9145172968628035,0.0,,0,71,1,,71,,
0,5,default_vehtype,route,False,2349.4599556565927,2545.8636604140147,2972;-1;-1,2981;-1;-1,2106.0954485983198,0.9339456978006477,0.9337350882557879,0.0,,0,72;73,2,,,2972;6079;7380;364;3029;3886;5711;6045;2157;4817;456;5901;7605;2830;5852;6913;1321;597;2204;6066;6049;7367;2188;2186;5744;6033;5746;6031;146;2828;2376;3091;4274;880;3109;3874;4306;429;3125;3406;2825;1944;130;99;4526;714;2800;4339;2419;5404;5421;1925;1883;926;925;5399;1905;830;2795;1891;827;6499;1803;1141;5241;922;6385;3550;2981,2972:2349.4599556565927;6079:2350.8388112681587;7380:2351.2476992681586;364:2351.6830832681585;3029:2353.7072912681583;3886:2354.2053152681583;5711:2356.7448992681584;6045:2358.1391792681584;2157:2362.3277072681585;4817:2362.8044912681585;456:2363.4193712681586;5901:2364.1749392681586;7605:2367.6466352681587;2830:2367.876027268159;5852:2374.4027552681587;6913:2376.2991632681587;1321:2381.4475952681587;597:2381.9104832681587;2204:2383.4677712681587;6066:2384.1134672681587;6049:2388.339795268159;7367:2390.613339268159;2188:2397.276507268159;2186:2398.552779268159;5744:2400.5682032681593;6033:2401.9376432681593;5746:2403.8610512681594;6031:2405.352675268159;146:2406.313803268159;2828:2407.405611268159;2376:2412.907491268159;3091:2426.229219268159;4274:2427.372147268159;880:2427.963483268159;3109:2429.814027268159;3874:2435.6783072681587;4306:2447.793867268159;429:2449.196187268159;3125:2450.4497072681593;3406:2462.804067268159;2825:2465.273787268159;1944:2466.5851472681593;130:2468.972787268159;99:2469.453027268159;4526:2477.862627268159;714:2480.659467268159;2800:2482.665867268159;4339:2484.159627268159;2419:2488.7687072681592;5404:2492.9955872681594;5421:2494.1009072681595;1925:2494.2441872681593;1883:2495.2814672681593;926:2499.534027268159;925:2502.4783472681593;5399:2511.783147268159;1905:2513.109747268159;830:2514.286587268159;2795:2515.470267268159;1891:2515.7241872681593;827:2516.7900272681595;6499:2526.1448672681595;1803:2532.1074272681594;1141:2537.6120672681595;5241:2539.2001472681595;922:2540.1160592681595;6385:2543.3376992681597;3550:2543.59953926816;2981:2545.8636604140147
0,5,default_vehtype,boarding,True,2545.8636604140147,2575.8636604140147,2981;-1;-1,2981;-1;-1,0.0,0.9337350882557879,0.9337350882557879,0.0,,0,72;73,2,,72;73,,
0,6,default_vehtype,route,False,2340.0,2558.710014635002,2976;-1;-1,2980;-1;-1,1779.1452794361683,0.5420757604785794,0.5418978459506358,0.0,,0,,0,,,2976;7557;7316;7531;2802;2251;7515;7037;7512;3274;2902;3901;7011;7336;4365;7288;1182;1001;6296;1434;3820;3877;2787;4993;6537;7281;2307;3549;6384;4032;1804;4811;5237;608;459;2416;4011;5246;363;366;2314;2877;1748;1743;1157;2058;2092;915;2980,2976:2340;7557:2344.99035337066;7316:2352.38535337066;7531:2359.94031337066;2802:2367.15579337066;2251:2374.05111337066;7515:2374.91223337066;7037:2382.22419337066;7512:2389.45755337066;3274:2400.80355337066;2902:2400.9151533706604;3901:2401.3831533706602;7011:2403.36411337066;7336:2406.27159337066;4365:2413.85271337066;7288:2414.97591337066;1182:2415.89283337066;1001:2421.18399337066;6296:2423.54331337066;1434:2429.5023933706602;3820:2434.61103337066;3877:2436.5189133706604;2787:2445.3114333706603;4993:2446.36047337066;6537:2452.1603133706603;7281:2457.9954333706605;2307:2461.5141933706605;3549:2467.1514333706605;6384:2467.4132733706606;4032:2470.634913370661;1804:2471.5508253706607;4811:2473.2334653706607;5237:2477.9739453706607;608:2486.8400253706604;459:2487.1697853706605;2416:2489.3834253706605;4011:2490.0475533706604;5246:2495.9727213706606;363:2502.8814093706605;366:2504.2864893706605;2314:2505.4313613706604;2877:2518.6024653706604;1748:2519.7209853706604;1743:2527.47538537066;1157:2532.214528227803;2058:2538.0043567992316;2092:2541.3934996563744;915:2546.5116710849456;2980:2558.710014635002
0,7,default_vehtype,route,False,2395.8324765383136,2523.026233468278,2979;-1;-1,2985;-1;-1,1095.4194264450591,0.7708745982780856,0.7707650563354411,0.0,,0,75,1,,,2979;2786;2307;3549;6384;4032;1804;4277;5239;6501;3911;5389;7301;3914;5398;5400;4040;4041;5374;5418;5424;5403;6546;1200;7312;3767;4527;3089;3131;5447;7352;414;122;3426;4305;793;118;3979;2985,2979:2395.8324765383136;2786:2397.8374121031125;2307:2401.3561721031124;3549:2406.9934121031124;6384:2407.2552521031125;4032:2410.4768921031127;1804:2411.3928041031127;4277:2412.9808841031127;5239:2418.4855241031128;6501:2424.4480841031127;3911:2433.8029241031127;5389:2434.868764103113;7301:2435.122684103113;3914:2436.306364103113;5398:2437.483204103113;5400:2438.809804103113;4040:2448.114604103113;4041:2451.058924103113;5374:2455.311484103113;5418:2456.348764103113;5424:2456.4920441031127;5403:2457.597364103113;6546:2461.824244103113;1200:2466.433324103113;7312:2467.927084103113;3767:2469.933484103113;4527:2472.730324103113;3089:2481.139924103113;3131:2481.620164103113;5447:2484.007804103113;7352:2485.319164103113;414:2487.788884103113;122:2500.143244103113;3426:2501.396764103113;4305:2502.7990841031133;793:2514.9146441031135;118:2520.7789241031132;3979:2522.629468103113;2985:2523.026233468278
0,7,default_vehtype,boarding,True,2523.026233468278,2553.026233468278,2985;-1;-1,2985;-1;-1,0.0,0.7707650563354411,0.7707650563354411,0.0,,0,75,1,,75,,
0,7,default_vehtype,route,False,2553.026233468278,2563.5316513590255,2985;-1;-1,2975;-1;-1,102.19209706087136,0.7707650563354411,0.770754837125735,0.0,,0,,0,,,2985;1140;880;3109;3874;2975,2985:2553.026233468278;1140:2553.220804103113;880:2553.812140103113;3109:2555.662684103113;3874:2561.5269641031127;2975:2563.5316513590255
0,5,default_vehtype,route,False,2575.8636604140147,2628.7784119227354,2981;-1;-1,2982;-1;-1,440.9562625726669,0.9337350882557879,0.9336909926295306,0.0,,0,,0,,,2981;6320;7278;2411;1661;7283;796;751;4635;6299;4102;4325;7285;1218;2982,2981:2575.8636604140147;6320:2579.23677926816;7278:2582.7555392681597;2411:2588.59065926816;1661:2594.39049926816;7283:2595.43953926816;796:2604.23205926816;751:2606.13993926816;4635:2611.24857926816;6299:2617.20765926816;4102:2619.56697926816;4325:2624.8581392681604;7285:2625.7750592681605;1218:2626.8982592681605;2982:2628.7784119227354
0,6,default_vehtype,boarding,True,2558.710014635002,2588.710014635002,2980;-1;-1,2980;-1;-1,0.0,0.5418978459506358,0.5418978459506358,0.0,,0,74,1,74,,,
0,7,default_vehtype,boarding,True,2563.5316513590255,2593.5316513590255,2975;-1;-1,2975;-1;-1,0.0,0.770754837125735,0.770754837125735,0.0,,0,83,1,83,,,
0,9,default_vehtype,route,False,2520.0,2618.4676127713715,2983;-1;-1,2986;-1;-1,948.098702996979,0.9615550975008214,0.9614602876305217,0.0,,0,,0,,,2983;7527;2803;7558;2806;4344;2996;3013;7322;2804;3061;1173;3425;4304;793;118;3979;4275;103;6480;7360;2986,2983:2520;7527:2524.5269453889746;2803:2532.0819053889745;7558:2539.4769053889745;2806:2547.3107453889743;4344:2548.5137453889743;2996:2550.557225388974;3013:2555.342345388974;7322:2559.352985388974;2804:2562.679745388974;3061:2569.347785388974;1173:2574.946145388974;3425:2576.129105388974;4304:2577.531425388974;793:2589.6469853889744;118:2595.511265388974;3979:2597.361809388974;4275:2597.953145388974;103:2599.096073388974;6480:2612.417801388974;7360:2617.919681388974;2986:2618.4676127713715
0,0,default_vehtype,route,False,2550.0,2663.2370619400035,2973;-1;-1,2976;-1;-1,1289.1591567814914,0.6902782760563759,0.6901493601406977,0.0,,0,81,1,,,2973;7354;3525;6025;3063;6027;7362;2188;2186;5744;6033;5746;6031;146;2828;2376;3091;4274;880;3109;3874;4306;429;4313;68;7318;7325;3011;4;4345;7330;2976,2973:2550;7354:2553.7971673106636;3525:2564.6760073106634;6025:2566.4174713106636;3063:2567.682151310664;6027:2568.984127310664;7362:2572.992367310664;2188:2579.655535310664;2186:2580.931807310664;5744:2582.9472313106644;6033:2584.3166713106643;5746:2586.2400793106644;6031:2587.731703310664;146:2588.692831310664;2828:2589.7846393106643;2376:2595.286519310664;3091:2608.608247310664;4274:2609.751175310664;880:2610.342511310664;3109:2612.193055310664;3874:2618.057335310664;4306:2630.172895310664;429:2631.575215310664;4313:2632.7581753106642;68:2638.356535310664;7318:2645.024575310664;7325:2648.351335310664;3011:2652.361975310664;4:2657.147095310664;4345:2659.190575310664;7330:2660.393575310664;2976:2663.2370619400035
0,0,default_vehtype,boarding,True,2663.2370619400035,2693.2370619400035,2976;-1;-1,2976;-1;-1,0.0,0.6901493601406977,0.6901493601406977,0.0,,0,81;85,2,85,81,,
0,3,default_vehtype,route,False,2495.402943051274,2655.3946390879278,2991;-1;-1,2989;-1;-1,1678.2737610311506,0.7633123077833002,0.7631444804071971,0.0,,0,78,1,,,2991;3010;5631;1068;2867;2760;542;1074;1071;1070;1069;1067;1504;4396;710;2281;4664;6260;3300;1832;708;6180;2405;6169;2744;2567;2576;3077;3241;88;2758;2742;2448;2353;6140;7386;3742;7100;6318;737;6639;2446;2301;1992;1990;1988;1985;3729;5498;5496;5699;5494;5695;3307;3987;6878;2989,2991:2495.402943051274;3010:2499.4502119819012;5631:2505.2996359819012;1068:2507.8520359819013;2867:2508.7263319819012;2760:2515.2648679819013;542:2522.7929719819012;1074:2523.726379981901;1071:2524.728907981901;1070:2539.192195981901;1069:2539.930483981901;1067:2542.592539981901;1504:2547.046315981901;4396:2547.272611981901;710:2547.8232679819007;2281:2548.828963981901;4664:2552.706955981901;6260:2553.152851981901;3300:2553.751963981901;1832:2556.542179981901;708:2557.081243981901;6180:2557.504675981901;2405:2559.727075981901;6169:2563.204195981901;2744:2567.804755981901;2567:2569.647715981901;2576:2578.136275981901;3077:2580.2689159819006;3241:2583.397795981901;88:2585.324635981901;2758:2587.288075981901;2742:2587.694515981901;2448:2590.880155981901;2353:2597.081035981901;6140:2602.2520759819013;7386:2603.594515981901;3742:2611.2535159819013;7100:2611.7931559819012;6318:2612.271235981901;737:2613.186955981901;6639:2615.036155981901;2446:2616.6074359819013;2301:2618.904475981901;1992:2619.929515981901;1990:2621.626435981901;1988:2624.0804359819012;1985:2627.6021959819013;3729:2629.9496359819013;5498:2631.347035981901;5496:2634.254275981901;5699:2634.951715981901;5494:2636.055475981901;5695:2636.818195981901;3307:2647.5566359819013;3987:2654.383795981901;6878:2654.987155981901;2989:2655.3946390879278
0,3,default_vehtype,boarding,True,2655.3946390879278,2685.3946390879278,2989;-1;-1,2989;-1;-1,0.0,0.7631444804071971,0.7631444804071971,0.0,,0,78,1,,78,,
0,4,default_vehtype,route,False,2520.0,2643.0719219420275,2989;-1;-1,2969;-1;-1,1118.2367108949693,0.8218386754640731,0.8217268517929835,0.0,,0,,0,,,2989;3808;7388;2045;2835;2641;7396;2616;486;2838;3722;3732;544;7400;5449;6824;4848;3271;4846;4989;5000;337;1075;4198;336;2969,2989:2520;3808:2520.6605168939736;7388:2524.724916893974;2045:2539.2631568939737;2835:2541.6282368939737;2641:2550.839316893974;7396:2551.433676893974;2616:2556.795276893974;486:2557.707036893974;2838:2564.031756893974;3722:2567.550996893974;3732:2590.000716893974;544:2592.690276893974;7400:2593.765836893974;5449:2594.964876893974;6824:2599.218156893974;4848:2606.698476893974;3271:2612.2515968939742;4846:2614.124676893974;4989:2626.397196893974;5000:2631.156756893974;337:2638.916988893974;1075:2639.940828893974;4198:2640.922476893974;336:2641.9455968939737;2969:2643.0719219420275
0,4,default_vehtype,boarding,True,2643.0719219420275,2673.0719219420275,2969;-1;-1,2969;-1;-1,0.0,0.8217268517929835,0.8217268517929835,0.0,,0,80,1,80,,,
0,5,default_vehtype,boarding,True,2628.7784119227354,2658.7784119227354,2982;-1;-1,2982;-1;-1,0.0,0.9336909926295306,0.9336909926295306,0.0,,0,82,1,82,,,
0,8,default_vehtype,route,False,2401.6376415249742,2658.294448373807,2969;-1;-1,2977;-1;-1,2203.346162362212,0.8979753759680172,0.8977550413517811,0.0,,0,77,1,,,2969;7192;1664;1659;538;4990;4939;5252;3070;1657;4439;4842;1272;3423;4282;4975;5250;6710;2464;7135;1193;552;2755;7131;3567;888;712;2718;754;611;1812;1186;7311;3767;4527;3089;3131;5447;7352;414;122;3426;4314;68;7318;7325;3011;4;4345;7330;7562;7316;7531;2802;2977,2969:2401.6376415249742;7192:2405.2412844769206;1664:2408.4951804769207;1659:2413.2547404769207;538:2414.405780476921;4990:2418.102860476921;4939:2419.4934204769206;5252:2424.9181404769206;3070:2425.9545804769205;1657:2433.4713804769203;4439:2439.1015404769205;4842:2443.4861004769205;1272:2443.6710204769206;3423:2444.8875804769204;4282:2448.6650604769206;4975:2449.7148204769205;5250:2455.5187404769204;6710:2457.4459404769204;2464:2473.3055004769203;7135:2481.2376204769203;1193:2482.33766047692;552:2486.83586047692;2755:2488.66502047692;7131:2496.6222204769197;3567:2506.50110047692;888:2506.9593804769197;712:2510.6949804769197;2718:2511.6321804769195;754:2555.1923004769196;611:2556.4409004769195;1812:2561.0120604769195;1186:2562.1892604769196;7311:2563.0049004769194;3767:2565.0113004769196;4527:2567.8081404769196;3089:2576.2177404769195;3131:2576.6979804769194;5447:2579.0856204769193;7352:2580.3969804769195;414:2582.8667004769195;122:2595.2210604769193;3426:2596.4745804769195;4314:2597.6575404769196;68:2603.2559004769196;7318:2609.9239404769196;7325:2613.2507004769195;3011:2617.2613404769195;4:2622.0464604769195;4345:2624.0899404769193;7330:2625.2929404769193;7562:2633.126780476919;7316:2640.521780476919;7531:2648.076740476919;2802:2655.292220476919;2977:2658.294448373807
0,8,default_vehtype,boarding,True,2658.294448373807,2688.294448373807,2977;-1;-1,2977;-1;-1,0.0,0.8977550413517811,0.8977550413517811,0.0,,0,77,1,,77,,
0,9,default_vehtype,boarding,True,2618.4676127713715,2648.4676127713715,2986;-1;-1,2986;-1;-1,0.0,0.9614602876305217,0.9614602876305217,0.0,,0,84,1,84,,,
0,10,default_vehtype,route,False,2450.890707553044,2644.205962640972,2993;-1;-1,2989;-1;-1,2141.100970076626,0.9442237829187925,0.9440096728217848,0.0,,0,79,1,,,2993;4483;7446;1960;816;6786;5444;1716;2720;4210;1711;98;2497;7434;2760;542;1074;1071;1070;1069;1067;1504;4396;710;2281;4664;6260;3300;1832;708;6180;2405;6169;2744;2567;2576;3077;3241;88;2758;2742;2448;2353;6140;7386;3742;7100;6318;737;6639;2446;2301;1992;1990;1988;1985;3729;5498;5496;5699;5494;5695;3307;3987;6878;2989,2993:2450.890707553044;4483:2451.6521275349455;7446:2454.3188635349456;1960:2455.303103534946;816:2462.835023534946;6786:2464.1020075349456;5444:2474.6384155349456;1716:2477.4287755349455;2720:2478.1754155349454;4210:2479.0736875349453;1711:2480.2033675349453;98:2488.8191755349453;2497:2490.3298075349453;7434:2497.5376555349453;2760:2504.0761915349453;542:2511.6042955349453;1074:2512.537703534945;1071:2513.540231534945;1070:2528.003519534945;1069:2528.741807534945;1067:2531.4038635349452;1504:2535.857639534945;4396:2536.083935534945;710:2536.634591534945;2281:2537.640287534945;4664:2541.518279534945;6260:2541.9641755349453;3300:2542.563287534945;1832:2545.353503534945;708:2545.892567534945;6180:2546.315999534945;2405:2548.5383995349453;6169:2552.0155195349453;2744:2556.616079534945;2567:2558.459039534945;2576:2566.947599534945;3077:2569.0802395349447;3241:2572.209119534945;88:2574.135959534945;2758:2576.099399534945;2742:2576.505839534945;2448:2579.6914795349453;2353:2585.892359534945;6140:2591.0633995349453;7386:2592.4058395349452;3742:2600.0648395349453;7100:2600.6044795349453;6318:2601.082559534945;737:2601.998279534945;6639:2603.8474795349453;2446:2605.4187595349454;2301:2607.7157995349453;1992:2608.7408395349453;1990:2610.437759534945;1988:2612.8917595349453;1985:2616.4135195349454;3729:2618.7609595349454;5498:2620.1583595349452;5496:2623.0655995349452;5699:2623.763039534945;5494:2624.866799534945;5695:2625.6295195349453;3307:2636.3679595349454;3987:2643.195119534945;6878:2643.7984795349453;2989:2644.205962640972
0,10,default_vehtype,boarding,True,2644.205962640972,2674.205962640972,2989;-1;-1,2989;-1;-1,0.0,0.9440096728217848,0.9440096728217848,0.0,,0,79,1,,79,,
0,2,default_vehtype,boarding,True,2700.0,2730.0,2966;-1;-1,2966;-1;-1,0.0,0.9145172968628035,0.9145172968628035,0.0,,0,88,1,88,,,
0,8,default_vehtype,route,False,2688.294448373807,2734.6210797994854,2977;-1;-1,2984;-1;-1,386.05526188065755,0.8977550413517811,0.897716435825593,0.0,,0,,0,,,2977;6202;7315;7530;2803;7558;2806;4344;2996;2984,2977:2688.294448373807;6202:2692.187540476919;7315:2699.082860476919;7530:2706.298340476919;2803:2713.853300476919;7558:2721.2483004769188;2806:2729.0821404769185;4344:2730.2851404769185;2996:2732.3286204769183;2984:2734.6210797994854
0,7,default_vehtype,route,False,2593.5316513590255,2760.0,2975;-1;-1,5072;1464;0.424,1479.2155492130482,0.770754837125735,0.7706069155708137,0.0,,0,83,1,,,2975;1166;429;3125;3406;2825;1944;130;99;4526;714;2800;4332;799;3653;3825;7127;1836;4248;5046;7138;6879;1367;3637;3640;3643;7179;5275;5297;5072,2975:2593.5316513590255;1166:2603.6425241031125;429:2605.0448441031126;3125:2606.298364103113;3406:2618.6527241031126;2825:2621.1224441031127;1944:2622.433804103113;130:2624.8214441031128;99:2625.3016841031126;4526:2633.7112841031126;714:2636.5081241031126;2800:2638.5145241031128;4332:2639.3301641031126;799:2640.5110841031124;3653:2645.107324103112;3825:2646.355924103112;7127:2689.916044103112;1836:2691.2670041031124;4248:2705.8122041031124;5046:2722.1527241031126;7138:2723.791324103113;6879:2730.057724103113;1367:2741.5506041031126;3637:2743.443724103113;3640:2744.296852103113;3643:2745.360436103113;7179:2748.938836103113;5275:2753.448124103113;5297:2756.826940103113;5072:2757.057196103113
0,3,default_vehtype,route,False,2700.0,2813.754463589132,2989;-1;-1,2970;-1;-1,875.195006099902,0.7631444804071971,0.763056960906587,0.0,,0,,0,,,2989;3808;7388;2045;2835;2641;7396;2616;486;2838;3722;3732;544;7400;5449;6824;4848;1631;1593;6821;1946;7401;3560;2970,2989:2700;3808:2700.6605168939736;7388:2704.724916893974;2045:2719.2631568939737;2835:2721.6282368939737;2641:2730.839316893974;7396:2731.433676893974;2616:2736.795276893974;486:2737.707036893974;2838:2744.031756893974;3722:2747.550996893974;3732:2770.000716893974;544:2772.690276893974;7400:2773.765836893974;5449:2774.964876893974;6824:2779.218156893974;4848:2786.698476893974;1631:2792.3926483225455;1593:2798.0868197511168;6821:2805.567139751117;1946:2809.820419751117;7401:2811.0194597511168;3560:2812.095019751117;2970:2813.754463589132
0,8,default_vehtype,boarding,True,2734.6210797994854,2764.6210797994854,2984;-1;-1,2984;-1;-1,0.0,0.897716435825593,0.897716435825593,0.0,,0,86,1,86,,,
0,8,default_vehtype,boarding,True,2764.6210797994854,2794.6210797994854,2984;-1;-1,2984;-1;-1,0.0,0.897716435825593,0.897716435825593,0.0,,0,86;90,2,90,,,
0,9,default_vehtype,route,False,2648.4676127713715,2792.393342120816,2986;-1;-1,2971;-1;-1,1571.4022146764876,0.9614602876305217,0.9613031474090541,0.0,,0,84,1,,,2986;3155;6029;5745;6035;5743;6038;6041;7365;6050;6068;6077;3629;4502;6912;2108;7370;7608;5900;3459;4818;5992;6047;5708;3884;3030;3347;7376;2207;3446;3720;5332;251;2711;3358;2296;5495;5696;3307;3987;2396;886;808;1372;807;1375;108;1376;1380;373;2390;7391;5704;7389;2971,2986:2648.4676127713715;3155:2649.0114893889736;6029:2649.9726173889735;5745:2651.4642413889733;6035:2653.3876493889734;5743:2654.7570893889733;6038:2656.7725133889735;6041:2658.0487853889736;7365:2664.7119533889736;6050:2666.9854973889737;6068:2671.211825388974;6077:2671.857521388974;3629:2673.414809388974;4502:2673.877697388974;6912:2679.026129388974;2108:2680.922537388974;7370:2687.449265388974;7608:2687.678657388974;5900:2691.150353388974;3459:2691.905921388974;4818:2692.520801388974;5992:2692.997585388974;6047:2697.1861133889743;5708:2698.5803933889742;3884:2701.1199773889743;3030:2701.6180013889743;3347:2703.642209388974;7376:2704.077593388974;2207:2704.486481388974;3446:2707.309889388974;3720:2710.3395773889742;5332:2711.331017388974;251:2712.0785933889742;2711:2713.216409388974;3358:2715.4314173889743;2296:2723.732417388974;5495:2723.9492573889743;5696:2724.7119773889744;3307:2735.4504173889745;3987:2742.2775773889744;2396:2743.5835373889745;886:2749.2211373889745;808:2749.6873373889744;1372:2750.5502573889744;807:2751.6541373889745;1375:2753.3383373889747;108:2755.478777388975;1376:2757.279017388975;1380:2759.2956173889747;373:2768.856617388975;2390:2771.4013373889748;7391:2772.8019773889746;5704:2775.1670573889746;7389:2789.7052973889745;2971:2792.393342120816
0,3,default_vehtype,boarding,True,2813.754463589132,2843.754463589132,2970;-1;-1,2970;-1;-1,0.0,0.763056960906587,0.763056960906587,0.0,,0,87,1,87,,,
0,4,default_vehtype,route,False,2673.0719219420275,2828.1570341583165,2969;-1;-1,2980;-1;-1,1780.8795979021434,0.8217268517929835,0.8215487638331934,0.0,,0,80,1,,,2969;7192;1664;337;1075;5648;5759;205;5793;1407;5826;7411;4686;5074;5295;5274;7181;604;603;602;3851;4573;1400;971;598;1368;591;585;940;1370;939;1903;983;3921;840;2881;5099;1157;2058;2092;915;2980,2969:2673.0719219420275;7192:2676.675564893974;1664:2679.929460893974;337:2687.689692893974;1075:2688.713532893974;5648:2689.514316893974;5759:2695.072644893974;205:2700.216900893974;5793:2704.338252893974;1407:2705.958396893974;5826:2708.238708893974;7411:2711.137356893974;4686:2712.208068893974;5074:2719.148580893974;5295:2719.378836893974;5274:2722.757652893974;7181:2727.266940893974;604:2730.845340893974;603:2731.908924893974;602:2732.762052893974;3851:2733.7654448939743;4573:2738.0717648939744;1400:2739.8044448939745;971:2743.6028768939746;598:2744.6701328939744;1368:2745.6304688939745;591:2751.5014208939747;585:2764.672668893975;940:2771.2525328939746;1370:2778.2791568939747;939:2778.9758288939747;1903:2779.7974208939745;983:2780.7799328939745;3921:2784.5780768939744;840:2789.1389168939745;2881:2795.7695408939744;5099:2796.9224048939745;1157:2801.6615477511173;2058:2807.451376322546;2092:2810.8405191796887;915:2815.95869060826;2980:2828.1570341583165
0,4,default_vehtype,boarding,True,2828.1570341583165,2858.1570341583165,2980;-1;-1,2980;-1;-1,0.0,0.8215487638331934,0.8215487638331934,0.0,,0,80,1,,80,,
0,7,default_vehtype,route,False,2760.0,2826.1287405681683,5072;1464;0.424,2992;-1;-1,918.4547301134359,0.7706069155708137,0.7705150700978024,0.0,,0,83,1,,,5072;1464;2847;5825;4587;5794;3202;2065;2023;4203;537;18;5629;1068;2559;6740;1717;2067;2063;1937;2992,5072:2760;1464:2763.997708103113;2847:2765.068420103113;5825:2767.967068103113;4587:2770.247380103113;5794:2771.867524103113;3202:2775.988876103113;2065:2781.133132103113;2023:2786.691460103113;4203:2787.492244103113;537:2788.4462441031133;18:2794.3138121031134;5629:2800.1632361031134;1068:2802.7156361031134;2559:2809.7662361031134;6740:2814.2368601031135;1717:2820.0705881031136;2067:2820.8083721031135;2063:2821.5246281031136;1937:2824.7945801031137;2992:2826.1287405681683
0,7,default_vehtype,boarding,True,2826.1287405681683,2856.1287405681683,2992;-1;-1,2992;-1;-1,0.0,0.7705150700978024,0.7705150700978024,0.0,,0,83;92,2,92,,,
0,7,default_vehtype,route,False,2856.1287405681683,2877.0194481212125,2992;-1;-1,2993;-1;-1,290.1487160145031,0.7705150700978024,0.770486055226201,0.0,,0,83;92,2,,,2992;2526;3895;5465;7450;2993,2992:2856.1287405681683;2526:2865.3309881031137;3895:2866.5979721031135;5465:2874.1298921031134;7450:2875.1141321031137;2993:2877.0194481212125
0,8,default_vehtype,route,False,2794.6210797994854,2839.529969842083,2984;-1;-1,2985;-1;-1,386.725802383677,0.897716435825593,0.8976777632453546,0.0,,0,86;90,2,,,2984;3012;7321;2804;3061;1173;3425;4304;793;118;3979;2985,2984:2794.6210797994854;3012:2797.1137404769183;7321:2801.1243804769183;2804:2804.451140476918;3061:2811.1191804769182;1173:2816.717540476918;3425:2817.9005004769183;4304:2819.3028204769184;793:2831.4183804769186;118:2837.2826604769184;3979:2839.1332044769183;2985:2839.529969842083
0,8,default_vehtype,boarding,True,2839.529969842083,2869.529969842083,2985;-1;-1,2985;-1;-1,0.0,0.8976777632453546,0.8976777632453546,0.0,,0,86;90,2,,86,,
0,9,default_vehtype,boarding,True,2792.393342120816,2822.393342120816,2971;-1;-1,2971;-1;-1,0.0,0.9613031474090541,0.9613031474090541,0.0,,0,84,1,,84,,
0,10,default_vehtype,route,False,2760.0,2861.691074560508,2989;-1;-1,2974;-1;-1,1250.2758305960683,0.9440096728217848,0.9438846452387253,0.0,,0,,0,,,2989;3808;6876;885;316;2042;1982;6306;374;7114;3246;5330;661;445;6080;7381;364;3029;3886;5711;6045;2157;4817;456;5901;7605;2830;5852;6913;1321;597;2204;6066;6049;7367;2188;2186;5744;6033;5746;6031;146;2828;2974,2989:2760;3808:2760.6605168939736;6876:2761.728516893974;885:2762.331876893974;316:2769.1590368939737;2042:2779.897476893974;1982:2780.660196893974;6306:2780.877036893974;374:2789.178036893974;7114:2791.393044893974;3246:2792.530860893974;5330:2793.2784368939742;661:2794.269876893974;445:2797.299564893974;6080:2800.1229728939743;7381:2800.531860893974;364:2800.967244893974;3029:2802.991452893974;3886:2803.489476893974;5711:2806.029060893974;6045:2807.423340893974;2157:2811.611868893974;4817:2812.088652893974;456:2812.703532893974;5901:2813.459100893974;7605:2816.9307968939743;2830:2817.1601888939745;5852:2823.6869168939743;6913:2825.5833248939743;1321:2830.7317568939743;597:2831.1946448939743;2204:2832.7519328939743;6066:2833.3976288939743;6049:2837.6239568939745;7367:2839.8975008939747;2188:2846.5606688939747;2186:2847.8369408939748;5744:2849.852364893975;6033:2851.221804893975;5746:2853.145212893975;6031:2854.6368368939748;146:2855.5979648939747;2828:2856.689772893975;2974:2861.691074560508
0,5,default_vehtype,route,False,2658.7784119227354,2926.1082067912403,2982;-1;-1,2968;-1;-1,3256.6257768101996,0.9336909926295306,0.9333653300518496,0.0,,0,82,1,,,2982;2809;4365;7288;1182;1001;6296;1434;3820;3877;2787;4993;6537;7281;2307;3549;6384;4032;1804;4811;5237;608;459;2416;4011;5246;363;366;2314;2877;1748;2880;906;984;2268;1857;1806;1371;938;5442;4054;2205;1369;2047;3631;4079;4572;4577;778;3636;3639;3642;7178;5275;5297;5072;1464;2847;5825;4587;5794;3202;2065;2023;4203;537;18;5629;1068;2559;6740;1717;2067;2720;4210;1711;2968,2982:2658.7784119227354;2809:2664.4793792681603;4365:2672.06049926816;7288:2673.18369926816;1182:2674.1006192681602;1001:2679.3917792681605;6296:2681.7510992681605;1434:2687.7101792681606;3820:2692.8188192681605;3877:2694.7266992681607;2787:2703.5192192681607;4993:2704.5682592681605;6537:2710.3680992681607;7281:2716.203219268161;2307:2719.721979268161;3549:2725.359219268161;6384:2725.621059268161;4032:2728.842699268161;1804:2729.758611268161;4811:2731.441251268161;5237:2736.181731268161;608:2745.047811268161;459:2745.377571268161;2416:2747.591211268161;4011:2748.2553392681607;5246:2754.180507268161;363:2761.089195268161;366:2762.494275268161;2314:2763.6391472681607;2877:2776.8102512681608;1748:2777.9287712681607;2880:2779.0905632681606;906:2791.3158752681607;984:2794.0855712681605;2268:2794.8334352681604;1857:2795.2193552681606;1806:2795.8815392681604;1371:2796.5517152681605;938:2799.1328432681603;5442:2808.8534912681603;4054:2816.49348326816;2205:2822.2459232681604;1369:2828.6920832681603;2047:2829.6351392681604;3631:2831.1979712681605;4079:2832.2652272681603;4572:2836.0636592681603;4577:2837.7963392681604;778:2842.1026592681606;3636:2843.1060512681606;3639:2843.959179268161;3642:2845.022763268161;7178:2848.6011632681607;5275:2853.110451268161;5297:2856.489267268161;5072:2856.7195232681606;1464:2863.6600352681608;2847:2864.730747268161;5825:2867.629395268161;4587:2869.9097072681607;5794:2871.5298512681607;3202:2875.6512032681608;2065:2880.795459268161;2023:2886.353787268161;4203:2887.154571268161;537:2888.108571268161;18:2893.976139268161;5629:2899.825563268161;1068:2902.3779632681612;2559:2909.4285632681613;6740:2913.8991872681613;1717:2919.7329152681614;2067:2920.4706992681613;2720:2921.234115268161;4210:2922.132387268161;1711:2923.262067268161;2968:2926.1082067912403
0,6,default_vehtype,route,False,2588.710014635002,2933.4204566162375,2980;-1;-1,2972;-1;-1,2999.884226269805,0.5418978459506358,0.5415978575280088,0.0,,0,74,1,,,2980;914;2135;1730;2664;2579;2961;2407;2581;370;361;2874;1887;4059;910;6541;3462;3648;2851;2850;1801;1560;5242;4277;5239;6501;3911;5389;7301;3914;5398;5400;4040;4041;5374;5418;5424;5403;6546;1200;7312;3767;4527;3089;3131;5447;7352;414;122;3426;4305;793;118;3979;4275;103;6480;7360;3154;6028;5745;6035;5743;6038;6041;7365;6050;6068;6077;3629;4502;6912;2108;7370;7608;5900;3459;4818;5992;6047;5708;3884;3030;3347;7376;2207;3446;3720;5332;251;2711;3358;2296;5681;2294;2035;6308;374;7114;3246;5330;661;445;2972,2980:2588.710014635002;914:2604.5921853706595;2135:2612.543042513517;1730:2627.9993853706596;2664:2629.821499656374;2579:2634.6974425135168;2961:2651.468299656374;2407:2656.7170996563736;2581:2665.204356799231;370:2666.787204799231;361:2669.284308799231;2874:2669.870316799231;1887:2675.5257007992313;4059:2677.4450047992314;910:2681.9612047992314;6541:2682.6253327992313;3462:2684.838972799231;3648:2685.1687327992313;2851:2689.842972799231;2850:2690.776332799231;1801:2694.0720127992313;1560:2698.812492799231;5242:2700.495132799231;4277:2702.083212799231;5239:2707.5878527992313;6501:2713.5504127992313;3911:2722.905252799231;5389:2723.9710927992314;7301:2724.2250127992315;3914:2725.4086927992316;5398:2726.5855327992317;5400:2727.9121327992316;4040:2737.2169327992315;4041:2740.1612527992315;5374:2744.4138127992314;5418:2745.4510927992314;5424:2745.594372799231;5403:2746.6996927992313;6546:2750.9265727992315;1200:2755.5356527992317;7312:2757.0294127992315;3767:2759.0358127992317;4527:2761.8326527992317;3089:2770.2422527992317;3131:2770.7224927992315;5447:2773.1101327992315;7352:2774.4214927992316;414:2776.8912127992317;122:2789.2455727992315;3426:2790.4990927992317;4305:2791.901412799232;793:2804.016972799232;118:2809.881252799232;3979:2811.7317967992317;4275:2812.3231327992316;103:2813.466060799232;6480:2826.7877887992317;7360:2832.2896687992315;3154:2833.3814767992317;6028:2834.3426047992316;5745:2835.8342287992314;6035:2837.7576367992315;5743:2839.1270767992314;6038:2841.1425007992316;6041:2842.4187727992316;7365:2849.0819407992317;6050:2851.355484799232;6068:2855.581812799232;6077:2856.227508799232;3629:2857.784796799232;4502:2858.247684799232;6912:2863.396116799232;2108:2865.292524799232;7370:2871.819252799232;7608:2872.048644799232;5900:2875.520340799232;3459:2876.275908799232;4818:2876.8907887992323;5992:2877.367572799232;6047:2881.5561007992324;5708:2882.9503807992323;3884:2885.4899647992324;3030:2885.9879887992324;3347:2888.0121967992322;7376:2888.447580799232;2207:2888.856468799232;3446:2891.6798767992323;3720:2894.7095647992323;5332:2895.701004799232;251:2896.4485807992323;2711:2897.5863967992323;3358:2899.8014047992324;2296:2908.1024047992323;5681:2910.496404799232;2294:2911.827890513518;2035:2913.159376227804;6308:2915.5533762278037;374:2923.8543762278036;7114:2926.0693842278038;3246:2927.2072002278037;5330:2927.954776227804;661:2928.9462162278037;445:2931.9759042278038;2972:2933.4204566162375
0,7,default_vehtype,boarding,True,2877.0194481212125,2907.0194481212125,2993;-1;-1,2993;-1;-1,0.0,0.770486055226201,0.770486055226201,0.0,,0,83;92,2,,83,,
0,10,default_vehtype,boarding,True,2861.691074560508,2891.691074560508,2974;-1;-1,2974;-1;-1,0.0,0.9438846452387253,0.9438846452387253,0.0,,0,89,1,89,,,
0,0,default_vehtype,route,False,2693.2370619400035,2976.854219328763,2976;-1;-1,2993;-1;-1,2938.8970005624305,0.6901493601406977,0.6898554704406414,0.0,,0,85,1,,,2976;7557;2806;4344;2996;3013;7322;2804;3061;1173;3425;3125;3406;2825;1944;130;99;4526;714;2800;4332;799;3653;3825;7127;1836;4248;5046;7138;6879;1367;3637;3640;3643;7179;5275;5297;5072;1464;2847;5825;4587;5794;3202;2065;2023;4203;537;18;5629;1068;2559;6740;1717;2067;2063;1937;6789;3895;5465;7450;2993,2976:2693.2370619400035;7557:2698.2274153106637;2806:2706.0612553106635;4344:2707.2642553106634;2996:2709.3077353106632;3013:2714.0928553106633;7322:2718.103495310663;2804:2721.430255310663;3061:2728.098295310663;1173:2733.696655310663;3425:2734.879615310663;3125:2736.1331353106634;3406:2748.4874953106632;2825:2750.9572153106633;1944:2752.2685753106634;130:2754.6562153106634;99:2755.136455310663;4526:2763.546055310663;714:2766.342895310663;2800:2768.3492953106634;4332:2769.164935310663;799:2770.345855310663;3653:2774.942095310663;3825:2776.1906953106627;7127:2819.750815310663;1836:2821.101775310663;4248:2835.646975310663;5046:2851.9874953106632;7138:2853.6260953106635;6879:2859.8924953106634;1367:2871.385375310663;3637:2873.2784953106634;3640:2874.1316233106636;3643:2875.1952073106636;7179:2878.7736073106635;5275:2883.2828953106637;5297:2886.6617113106636;5072:2886.8919673106634;1464:2893.8324793106635;2847:2894.9031913106637;5825:2897.8018393106636;4587:2900.0821513106634;5794:2901.7022953106634;3202:2905.8236473106635;2065:2910.9679033106636;2023:2916.5262313106637;4203:2917.3270153106637;537:2918.281015310664;18:2924.148583310664;5629:2929.998007310664;1068:2932.550407310664;2559:2939.601007310664;6740:2944.071631310664;1717:2949.905359310664;2067:2950.643143310664;2063:2951.3593993106642;1937:2954.6293513106643;6789:2965.1657593106643;3895:2966.432743310664;5465:2973.964663310664;7450:2974.9489033106643;2993:2976.854219328763
0,2,default_vehtype,route,False,2730.0,2997.0951493096577,2966;-1;-1,2978;-1;-1,2602.981249217213,0.9145172968628035,0.9142569987378818,0.0,,0,88,1,,,2966;2743;2631;2150;735;738;1096;3736;81;831;2413;1146;832;1880;1340;3638;602;3851;4573;1400;971;598;1368;591;585;940;1370;939;1903;983;3921;840;2881;5099;2878;1735;2581;370;361;2874;1887;4059;910;6541;3462;3648;2851;2850;1801;1560;5242;4277;5239;6501;3911;5389;7301;918;3075;7097;7290;2736;1744;1164;2789;1182;2978,2966:2730;2743:2737.8438282903994;2631:2741.855256861828;2150:2758.7855425761136;735:2769.267714004685;738:2775.435542576113;1096:2784.974514004685;3736:2785.2375300046847;81:2789.0864340046846;831:2799.9330180046845;2413:2800.9207140046847;1146:2801.7340980046847;832:2802.5425140046846;1880:2805.1402020046844;1340:2816.6730180046843;3638:2817.6594900046844;602:2818.5126180046846;3851:2819.5160100046846;4573:2823.8223300046848;1400:2825.555010004685;971:2829.353442004685;598:2830.4206980046847;1368:2831.381034004685;591:2837.251986004685;585:2850.423234004685;940:2857.003098004685;1370:2864.029722004685;939:2864.726394004685;1903:2865.547986004685;983:2866.530498004685;3921:2870.3286420046848;840:2874.889482004685;2881:2881.5201060046847;5099:2882.672970004685;2878:2883.800994004685;1735:2894.785314004685;2581:2896.124730004685;370:2897.707578004685;361:2900.204682004685;2874:2900.790690004685;1887:2906.446074004685;4059:2908.365378004685;910:2912.8815780046853;6541:2913.545706004685;3462:2915.759346004685;3648:2916.089106004685;2851:2920.763346004685;2850:2921.696706004685;1801:2924.992386004685;1560:2929.732866004685;5242:2931.415506004685;4277:2933.003586004685;5239:2938.508226004685;6501:2944.470786004685;3911:2953.825626004685;5389:2954.8914660046853;7301:2955.1453860046854;918:2956.2875460046853;3075:2964.1605060046854;7097:2965.0098660046856;7290:2970.8119860046854;2736:2979.5304660046854;1744:2980.985706004685;1164:2992.0942260046854;2789:2993.5060260046853;1182:2994.4229460046854;2978:2997.0951493096577
0,3,default_vehtype,route,False,2843.754463589132,2952.208380139552,2970;-1;-1,2972;-1;-1,956.9275289670156,0.763056960906587,0.7629612681536903,0.0,,0,87,1,,,2970;671;662;7398;3491;6933;7394;6989;7392;5704;7389;3806;2573;885;316;2042;1982;6306;374;7114;3246;5330;661;445;2972,2970:2843.754463589132;671:2844.7845797511172;662:2867.2342997511173;7398:2870.7535397511174;3491:2877.0782597511175;6933:2877.9900197511174;7394:2883.3516197511176;6989:2883.9459797511176;7392:2893.1570597511177;5704:2895.5221397511177;7389:2910.0603797511176;3806:2914.124779751118;2573:2915.192779751118;885:2915.796139751118;316:2922.623299751118;2042:2933.361739751118;1982:2934.124459751118;6306:2934.341299751118;374:2942.642299751118;7114:2944.8573077511182;3246:2945.995123751118;5330:2946.7426997511184;661:2947.734139751118;445:2950.7638277511182;2972:2952.208380139552
0,3,default_vehtype,boarding,True,2952.208380139552,2982.208380139552,2972;-1;-1,2972;-1;-1,0.0,0.7629612681536903,0.7629612681536903,0.0,,0,87,1,,87,,
0,4,default_vehtype,route,False,2858.1570341583165,2976.6056654684007,2980;-1;-1,2981;-1;-1,632.2576748681246,0.8215487638331934,0.8214855380657067,0.0,,0,,0,,,2980;914;2135;1730;2664;2579;2961;2407;2581;370;361;2874;1887;4059;910;6541;3462;3648;2851;2850;1801;1560;5242;922;6385;3550;2981,2980:2858.1570341583165;914:2874.039204893974;2135:2881.990062036831;1730:2897.446404893974;2664:2899.268519179688;2579:2904.144462036831;2961:2920.915319179688;2407:2926.164119179688;2581:2934.6513763225453;370:2936.2342243225453;361:2938.7313283225453;2874:2939.3173363225455;1887:2944.9727203225457;4059:2946.8920243225457;910:2951.4082243225457;6541:2952.0723523225456;3462:2954.2859923225456;3648:2954.6157523225456;2851:2959.2899923225455;2850:2960.2233523225455;1801:2963.5190323225456;1560:2968.2595123225456;5242:2969.9421523225456;922:2970.8580643225455;6385:2974.0797043225457;3550:2974.341544322546;2981:2976.6056654684007
0,5,default_vehtype,boarding,True,2926.1082067912403,2956.1082067912403,2968;-1;-1,2968;-1;-1,0.0,0.9333653300518496,0.9333653300518496,0.0,,0,82,1,,82,,
0,6,default_vehtype,boarding,True,2933.4204566162375,2963.4204566162375,2972;-1;-1,2972;-1;-1,0.0,0.5415978575280088,0.5415978575280088,0.0,,0,74,1,,74,,
0,8,default_vehtype,route,False,2869.529969842083,2945.248117166255,2985;-1;-1,2973;-1;-1,1051.640935057937,0.8976777632453546,0.8975725991518488,0.0,,0,90,1,,,2985;1140;103;6480;7360;3154;6028;5745;6035;5743;6038;6041;7365;6050;6068;6077;3629;4502;6912;2108;7370;1420;1084;2973,2985:2869.529969842083;1140:2869.7245404769183;103:2870.8674684769185;6480:2884.1891964769184;7360:2889.691076476918;3154:2890.7828844769183;6028:2891.744012476918;5745:2893.235636476918;6035:2895.159044476918;5743:2896.528484476918;6038:2898.543908476918;6041:2899.8201804769183;7365:2906.4833484769183;6050:2908.7568924769184;6068:2912.9832204769186;6077:2913.6289164769187;3629:2915.1862044769186;4502:2915.6490924769187;6912:2920.7975244769186;2108:2922.6939324769187;7370:2929.2206604769185;1420:2940.9257724769186;1084:2944.4607564769185;2973:2945.248117166255
0,8,default_vehtype,boarding,True,2945.248117166255,2975.248117166255,2973;-1;-1,2973;-1;-1,0.0,0.8975725991518488,0.8975725991518488,0.0,,0,90,1,,90,,
0,9,default_vehtype,route,False,2940.0,2988.599849802757,2971;-1;-1,2989;-1;-1,357.3953197848742,0.9613031474090541,0.9612674078770757,0.0,,0,,0,,,2971;3807;6875;885;316;2042;1982;6306;5681;2294;2035;6308;5495;5696;3307;3987;6878;2989,2971:2940;3807:2941.3763552681585;6875:2942.4443552681587;885:2943.0477152681588;316:2949.8748752681586;2042:2960.6133152681587;1982:2961.376035268159;6306:2961.592875268159;5681:2963.9868752681587;2294:2965.3183609824446;2035:2966.6498466967305;6308:2969.0438466967303;5495:2969.2606866967303;5696:2970.0234066967305;3307:2980.7618466967306;3987:2987.5890066967304;6878:2988.1923666967305;2989:2988.599849802757
0,0,default_vehtype,boarding,True,2976.854219328763,3006.854219328763,2993;-1;-1,2993;-1;-1,0.0,0.6898554704406414,0.6898554704406414,0,,0,85,1,,85,,
0,2,default_vehtype,boarding,True,2997.0951493096577,3027.0951493096577,2978;-1;-1,2978;-1;-1,0.0,0.9142569987378818,0.9142569987378818,0,,0,88,1,,88,,
0,4,default_vehtype,boarding,True,2976.6056654684007,3006.6056654684007,2981;-1;-1,2981;-1;-1,0.0,0.8214855380657067,0.8214855380657067,0,,0,91,1,91,,,
0,9,default_vehtype,boarding,True,2988.599849802757,3018.599849802757,2989;-1;-1,2989;-1;-1,0.0,0.9612674078770757,0.9612674078770757,0,,0,94,1,94,,,
0,2,default_vehtype,route,False,3027.0951493096577,3118.5974367587155,2978;-1;-1,2977;-1;-1,651.2122049326323,0.9142569987378818,0.9141918775173885,0.0,,0,,0,,,2978;4103;4326;7286;1218;7334;7010;820;7498;276;2915;2661;7517;6201;7314;7529;7535;2931;2929;2927;2802;2977,2978:3027.0951493096577;4103:3029.714106004685;4326:3035.0052660046854;7286:3035.9221860046855;1218:3037.0453860046855;7334:3044.6265060046853;7010:3047.533986004685;820:3049.514946004685;7498:3049.982946004685;276:3050.094546004685;2915:3061.440546004685;2661:3068.6739060046853;7517:3075.9858660046852;6201:3076.8469860046853;7314:3083.7423060046854;7529:3090.957786004685;7535:3096.017328861828;2931:3099.6687574332564;2929:3103.3201860046847;2927:3108.3797288618275;2802:3115.5952088618274;2977:3118.5974367587155
0,5,default_vehtype,boarding,True,3060.0,3090.0,2968;-1;-1,2968;-1;-1,0.0,0.9333653300518496,0.9333653300518496,0.0,,0,96,1,96,,,
0,8,default_vehtype,route,False,3000.0,3113.2370619400035,2973;-1;-1,2976;-1;-1,1289.1591567814912,0.8975725991518488,0.8974436832361707,0.0,,0,,0,,,2973;7354;3525;6025;3063;6027;7362;2188;2186;5744;6033;5746;6031;146;2828;2376;3091;4274;880;3109;3874;4306;429;4313;68;7318;7325;3011;4;4345;7330;2976,2973:3000;7354:3003.7971673106636;3525:3014.6760073106634;6025:3016.4174713106636;3063:3017.682151310664;6027:3018.984127310664;7362:3022.992367310664;2188:3029.655535310664;2186:3030.931807310664;5744:3032.9472313106644;6033:3034.3166713106643;5746:3036.2400793106644;6031:3037.731703310664;146:3038.692831310664;2828:3039.7846393106643;2376:3045.286519310664;3091:3058.608247310664;4274:3059.751175310664;880:3060.342511310664;3109:3062.193055310664;3874:3068.057335310664;4306:3080.172895310664;429:3081.575215310664;4313:3082.7581753106642;68:3088.356535310664;7318:3095.024575310664;7325:3098.351335310664;3011:3102.361975310664;4:3107.147095310664;4345:3109.190575310664;7330:3110.393575310664;2976:3113.2370619400035
0,9,default_vehtype,route,False,3018.599849802757,3094.952290575648,2989;-1;-1,2990;-1;-1,636.2703397740854,0.9612674078770757,0.9612037808430982,0.0,,0,94,1,,,2989;3808;7388;2045;2835;2641;7396;2616;486;2838;3722;3732;544;7400;5449;2990,2989:3018.599849802757;3808:3019.2603666967307;7388:3023.324766696731;2045:3037.8630066967307;2835:3040.2280866967308;2641:3049.439166696731;7396:3050.033526696731;2616:3055.395126696731;486:3056.306886696731;2838:3062.631606696731;3722:3066.150846696731;3732:3088.600566696731;544:3091.290126696731;7400:3092.3656866967312;5449:3093.564726696731;2990:3094.952290575648
0,10,default_vehtype,route,False,2891.691074560508,3086.1510899420296,2974;-1;-1,2969;-1;-1,2235.640880298901,0.9438846452387253,0.9436610811506955,0.0,,0,89,1,,,2974;6479;7359;3154;6028;5745;6035;5743;6038;6041;7365;6050;6068;6077;3629;4502;6912;2108;7370;7608;5900;3459;4818;5992;6047;5708;3884;3030;3347;7376;2207;3446;3720;5332;251;2711;3358;2296;5495;5697;5497;5500;670;5502;5512;5520;5531;6313;6632;6644;3793;6319;7102;3741;7384;6414;5446;2447;2571;42;2577;2566;3033;3036;2469;2404;2235;3762;5287;310;2280;1447;6261;3764;4397;4745;4182;4187;4191;4195;4202;336;2969,2974:2891.691074560508;6479:2892.191652893975;7359:2897.693532893975;3154:2898.785340893975;6028:2899.746468893975;5745:2901.2380928939747;6035:2903.161500893975;5743:2904.5309408939747;6038:2906.546364893975;6041:2907.822636893975;7365:2914.485804893975;6050:2916.759348893975;6068:2920.9856768939753;6077:2921.6313728939754;3629:2923.1886608939753;4502:2923.6515488939754;6912:2928.7999808939753;2108:2930.6963888939754;7370:2937.223116893975;7608:2937.4525088939754;5900:2940.9242048939755;3459:2941.6797728939755;4818:2942.2946528939756;5992:2942.7714368939755;6047:2946.9599648939757;5708:2948.3542448939756;3884:2950.8938288939758;3030:2951.3918528939757;3347:2953.4160608939756;7376:2953.8514448939754;2207:2954.2603328939754;3446:2957.0837408939756;3720:2960.1134288939757;5332:2961.1048688939754;251:2961.8524448939756;2711:2962.9902608939756;3358:2965.2052688939757;2296:2973.5062688939756;5495:2973.7231088939757;5697:2974.8268688939756;5497:2975.5243088939756;5500:2978.4315488939756;670:2979.8289488939754;5502:2982.1763888939754;5512:2985.6981488939755;5520:2988.1521488939757;5531:2989.8490688939755;6313:2990.8741088939755;6632:2993.1711488939754;6644:2994.7424288939756;3793:2996.5916288939757;6319:2997.5073488939756;7102:2997.9854288939755;3741:2998.5250688939755;7384:3006.1840688939756;6414:3011.3912288939755;5446:3013.6589888939757;2447:3017.5951088939755;2571:3025.1840288939757;42:3029.852028893976;2577:3030.524508893976;2566:3039.123588893976;3033:3039.754548893976;3036:3042.024108893976;2469:3045.6164288939763;2404:3048.939948893976;2235:3050.223348893976;3762:3050.646780893976;5287:3051.185844893976;310:3053.976060893976;2280:3054.575172893976;1447:3055.021068893976;6261:3058.899060893976;3764:3059.9047568939764;4397:3060.4554128939762;4745:3060.681708893976;4182:3065.135484893976;4187:3067.797540893976;4191:3068.535828893976;4195:3082.999116893976;4202:3084.001644893976;336:3085.0247648939758;2969:3086.1510899420296
0,10,default_vehtype,boarding,True,3086.1510899420296,3116.1510899420296,2969;-1;-1,2969;-1;-1,0.0,0.9436610811506955,0.9436610811506955,0.0,,0,89,1,,89,,
0,2,default_vehtype,boarding,True,3118.5974367587155,3148.5974367587155,2977;-1;-1,2977;-1;-1,0.0,0.9141918775173885,0.9141918775173885,0.0,,0,97;93,2,97;93,,,
0,4,default_vehtype,route,False,3006.6056654684007,3131.6488456877114,2981;-1;-1,2985;-1;-1,1077.497953856279,0.8214855380657067,0.821377788270321,0.0,,0,91,1,,,2981;6320;3549;6384;4032;1804;4277;5239;6501;3911;5389;7301;3914;5398;5400;4040;4041;5374;5418;5424;5403;6546;1200;7312;3767;4527;3089;3131;5447;7352;414;122;3426;4305;793;118;3979;2985,2981:3006.6056654684007;6320:3009.978784322546;3549:3015.616024322546;6384:3015.877864322546;4032:3019.099504322546;1804:3020.015416322546;4277:3021.603496322546;5239:3027.108136322546;6501:3033.070696322546;3911:3042.425536322546;5389:3043.4913763225463;7301:3043.7452963225464;3914:3044.9289763225465;5398:3046.1058163225466;5400:3047.4324163225465;4040:3056.7372163225464;4041:3059.6815363225464;5374:3063.9340963225463;5418:3064.9713763225463;5424:3065.114656322546;5403:3066.2199763225462;6546:3070.4468563225464;1200:3075.0559363225466;7312:3076.5496963225464;3767:3078.5560963225466;4527:3081.3529363225466;3089:3089.7625363225466;3131:3090.2427763225464;5447:3092.6304163225464;7352:3093.9417763225465;414:3096.4114963225466;122:3108.7658563225464;3426:3110.0193763225466;4305:3111.4216963225467;793:3123.537256322547;118:3129.4015363225467;3979:3131.2520803225466;2985:3131.6488456877114
0,4,default_vehtype,boarding,True,3131.6488456877114,3161.6488456877114,2985;-1;-1,2985;-1;-1,0.0,0.821377788270321,0.821377788270321,0.0,,0,91;98,2,98,91,,
0,7,default_vehtype,route,False,2907.0194481212125,3152.441137468279,2993;-1;-1,2985;-1;-1,2531.8799075981415,0.770486055226201,0.7702328672354412,0.0,,0,92,1,,,2993;4483;6931;7616;3488;4485;5469;2998;901;1083;1355;1961;1721;2672;2790;5440;162;683;1096;3736;81;831;2413;1146;832;1880;1340;3638;1365;2574;7139;1693;1114;5299;7129;754;611;1812;1186;7311;3767;4527;3089;3131;5447;7352;414;122;3426;4305;793;118;3979;2985,2993:2907.0194481212125;4483:2907.780868103114;6931:2909.096596103114;7616:2912.992948103114;3488:2914.317100103114;4485:2918.871748103114;5469:2919.232972103114;2998:2919.6414281031143;901:2920.8869561031142;1083:2923.677388103114;1355:2937.366676103114;1961:2938.349404103114;1721:2939.409460103114;2672:2945.547748103114;2790:2947.992580103114;5440:2951.407180103114;162:2955.5598521031143;683:2956.1308121031143;1096:2959.693012103114;3736:2959.956028103114;81:2963.804932103114;831:2974.651516103114;2413:2975.639212103114;1146:2976.452596103114;832:2977.261012103114;1880:2979.8587001031137;1340:2991.3915161031136;3638:2992.3779881031137;1365:2994.3197081031135;2574:3005.8275881031136;7139:3012.0939881031136;1693:3013.732588103114;1114:3030.073108103114;5299:3044.618308103114;7129:3045.9692681031142;754:3089.5293881031143;611:3090.7779881031142;1812:3095.349148103114;1186:3096.5263481031143;7311:3097.341988103114;3767:3099.3483881031143;4527:3102.1452281031143;3089:3110.5548281031142;3131:3111.035068103114;5447:3113.422708103114;7352:3114.734068103114;414:3117.203788103114;122:3129.558148103114;3426:3130.8116681031142;4305:3132.2139881031144;793:3144.3295481031146;118:3150.1938281031144;3979:3152.0443721031143;2985:3152.441137468279
0,8,default_vehtype,boarding,True,3113.2370619400035,3143.2370619400035,2976;-1;-1,2976;-1;-1,0.0,0.8974436832361707,0.8974436832361707,0.0,,0,95,1,95,,,
0,9,default_vehtype,boarding,True,3094.952290575648,3124.952290575648,2990;-1;-1,2990;-1;-1,0.0,0.9612037808430982,0.9612037808430982,0.0,,0,94,1,,94,,
0,9,default_vehtype,route,False,3124.952290575648,3136.0053305347465,2990;-1;-1,2970;-1;-1,92.10866632581656,0.9612037808430982,0.9611945699764656,0.0,,0,,0,,,2990;2552;1946;7401;3560;2970,2990:3124.952290575648;2552:3127.8180066967316;1946:3132.0712866967315;7401:3133.2703266967314;3560:3134.3458866967317;2970:3136.0053305347465
0,9,default_vehtype,boarding,True,3136.0053305347465,3166.0053305347465,2970;-1;-1,2970;-1;-1,0.0,0.9611945699764656,0.9611945699764656,0.0,,0,100,1,100,,,
0,0,default_vehtype,route,False,3180.0,3185.8647695471273,2993;-1;-1,2967;-1;-1,81.45513259898192,0.6898554704406414,0.6898473249273815,0.0,,0,,0,,,2993;4483;7446;1960;2967,2993:3180;4483:3180.7614199819013;7446:3183.4281559819015;1960:3184.4123959819017;2967:3185.8647695471273
0,0,default_vehtype,boarding,True,3185.8647695471273,3215.8647695471273,2967;-1;-1,2967;-1;-1,0.0,0.6898473249273815,0.6898473249273815,0.0,,0,101,1,101,,,
0,0,default_vehtype,route,False,3215.8647695471273,3232.3657920000005,2967;-1;-1,2993;-1;-1,229.18086740101808,0.6898473249273815,0.6898244068406414,0.0,,0,101,1,,,2967;3896;5466;7451;2993,2967:3215.8647695471273;3896:3221.9443159819016;5466:3229.4762359819015;7451:3230.4604759819017;2993:3232.3657920000005
0,7,default_vehtype,boarding,True,3152.441137468279,3182.441137468279,2985;-1;-1,2985;-1;-1,0.0,0.7702328672354412,0.7702328672354412,0.0,,0,92,1,,92,,
0,0,default_vehtype,boarding,True,3232.3657920000005,3262.3657920000005,2993;-1;-1,2993;-1;-1,0.0,0.6898244068406414,0.6898244068406414,0.0,,0,101,1,,101,,
0,4,default_vehtype,route,False,3161.6488456877114,3282.9407401395524,2985;-1;-1,2972;-1;-1,1503.3785975454016,0.821377788270321,0.8212274504105664,0.0,,0,98,1,,,2985;1140;103;6480;7360;3154;6028;5745;6035;5743;6038;6041;7365;6050;6068;6077;3629;4502;6912;2108;7370;7608;5900;3459;4818;5992;6047;5708;3884;3030;3347;7376;2207;3446;3720;5332;251;2711;3358;2296;5681;2294;2035;6308;374;7114;3246;5330;661;445;2972,2985:3161.6488456877114;1140:3161.8434163225465;103:3162.9863443225468;6480:3176.3080723225466;7360:3181.8099523225465;3154:3182.9017603225466;6028:3183.8628883225465;5745:3185.3545123225463;6035:3187.2779203225464;5743:3188.6473603225463;6038:3190.6627843225465;6041:3191.9390563225465;7365:3198.6022243225466;6050:3200.8757683225467;6068:3205.102096322547;6077:3205.747792322547;3629:3207.305080322547;4502:3207.767968322547;6912:3212.916400322547;2108:3214.812808322547;7370:3221.339536322547;7608:3221.568928322547;5900:3225.040624322547;3459:3225.796192322547;4818:3226.411072322547;5992:3226.887856322547;6047:3231.0763843225473;5708:3232.4706643225472;3884:3235.0102483225473;3030:3235.5082723225473;3347:3237.532480322547;7376:3237.967864322547;2207:3238.376752322547;3446:3241.200160322547;3720:3244.2298483225472;5332:3245.221288322547;251:3245.9688643225472;2711:3247.106680322547;3358:3249.3216883225473;2296:3257.622688322547;5681:3260.016688322547;2294:3261.348174036833;2035:3262.679659751119;6308:3265.0736597511186;374:3273.3746597511185;7114:3275.5896677511187;3246:3276.7274837511186;5330:3277.475059751119;661:3278.4664997511186;445:3281.4961877511187;2972:3282.9407401395524
0,11,default_vehtype,route,False,3180.0,3257.068279147076,2971;-1;-1,2990;-1;-1,642.2356595589595,0.8885257698059514,0.8884615462399955,0.0,,0,,0,,,2971;3807;7387;2045;2835;2641;7396;2616;486;2838;3722;3732;544;7400;5449;2990,2971:3180;3807:3181.3763552681585;7387:3185.4407552681587;2045:3199.9789952681585;2835:3202.3440752681586;2641:3211.5551552681586;7396:3212.1495152681587;2616:3217.511115268159;486:3218.422875268159;2838:3224.747595268159;3722:3228.266835268159;3732:3250.716555268159;544:3253.406115268159;7400:3254.481675268159;5449:3255.680715268159;2990:3257.068279147076
0,11,default_vehtype,boarding,True,3257.068279147076,3287.068279147076,2990;-1;-1,2990;-1;-1,0.0,0.8884615462399955,0.8884615462399955,0.0,,0,102,1,102,,,
0,2,default_vehtype,route,False,3148.5974367587155,3302.5047998321197,2977;-1;-1,2987;-1;-1,1643.223308779993,0.9141918775173885,0.9140275551865105,0.0,,0,97;93,2,,,2977;6202;7315;7530;2803;7558;2806;4344;2996;3013;7322;2804;3061;1173;3425;4304;793;118;3979;4275;103;6480;7360;3154;6028;5745;6035;5743;6038;6041;7365;2179;3064;6023;3524;7356;4225;2987,2977:3148.5974367587155;6202:3152.4905288618274;7315:3159.3858488618275;7530:3166.6013288618274;2803:3174.1562888618273;7558:3181.5512888618273;2806:3189.385128861827;4344:3190.588128861827;2996:3192.631608861827;3013:3197.416728861827;7322:3201.427368861827;2804:3204.7541288618268;3061:3211.422168861827;1173:3217.0205288618267;3425:3218.203488861827;4304:3219.605808861827;793:3231.721368861827;118:3237.585648861827;3979:3239.436192861827;4275:3240.027528861827;103:3241.170456861827;6480:3254.492184861827;7360:3259.9940648618267;3154:3261.085872861827;6028:3262.0470008618267;5745:3263.5386248618265;6035:3265.4620328618266;5743:3266.8314728618266;6038:3268.8468968618267;6041:3270.123168861827;7365:3276.786336861827;2179:3280.794576861827;3064:3282.096552861827;6023:3283.3612328618274;3524:3285.1026968618276;7356:3295.9815368618274;4225:3300.5660648618273;2987:3302.5047998321197
0,2,default_vehtype,boarding,True,3302.5047998321197,3332.5047998321197,2987;-1;-1,2987;-1;-1,0.0,0.9140275551865105,0.9140275551865105,0.0,,0,97;93,2,,97,,
0,3,default_vehtype,route,False,3240.0,3303.1825665818583,2972;-1;-1,2987;-1;-1,877.535646970257,0.7629612681536903,0.7628735145889932,0.0,,0,,0,,,2972;6079;7380;364;3029;3886;5711;6045;2157;4817;456;5901;7605;2830;1420;1084;7357;2826;2827;4225;2987,2972:3240;6079:3241.378855611566;7380:3241.787743611566;364:3242.223127611566;3029:3244.2473356115656;3886:3244.7453596115656;5711:3247.2849436115657;6045:3248.6792236115657;2157:3252.867751611566;4817:3253.344535611566;456:3253.959415611566;5901:3254.714983611566;7605:3258.186679611566;2830:3258.416071611566;1420:3270.1211836115663;1084:3273.656167611566;7357:3278.240695611566;2826:3287.449999611566;2827:3296.659303611566;4225:3301.243831611566;2987:3303.1825665818583
0,3,default_vehtype,boarding,True,3303.1825665818583,3333.1825665818583,2987;-1;-1,2987;-1;-1,0.0,0.7628735145889932,0.7628735145889932,0.0,,0,104,1,104,,,
0,4,default_vehtype,boarding,True,3282.9407401395524,3312.9407401395524,2972;-1;-1,2972;-1;-1,0.0,0.8212274504105664,0.8212274504105664,0.0,,0,98,1,,98,,
0,5,default_vehtype,route,False,3090.0,3342.0309015137736,2968;-1;-1,2984;-1;-1,2458.5211120897357,0.9333653300518496,0.9331194779406405,0.0,,0,96,1,,,2968;98;2497;7434;2760;542;1074;4204;5649;5760;205;5793;1407;5826;7411;4686;5074;5295;5274;7181;604;603;1365;2574;7139;1693;1114;5299;7129;754;611;1812;1186;7311;3767;4527;3089;3131;5447;7352;414;122;3426;4314;68;7318;7325;3011;4;4345;1199;1204;2996;2984,2968:3090;98:3095.7696684769207;2497:3097.2803004769207;7434:3104.4881484769207;2760:3111.0266844769208;542:3118.5547884769207;1074:3119.4881964769206;4204:3120.4698444769206;5649:3121.2706284769206;5760:3126.8289564769207;205:3131.9732124769207;5793:3136.094564476921;1407:3137.714708476921;5826:3139.9950204769207;7411:3142.8936684769205;4686:3143.9643804769207;5074:3150.904892476921;5295:3151.1351484769207;5274:3154.5139644769206;7181:3159.023252476921;604:3162.6016524769207;603:3163.6652364769207;1365:3165.6069564769205;2574:3177.1148364769206;7139:3183.3812364769205;1693:3185.019836476921;1114:3201.360356476921;5299:3215.905556476921;7129:3217.256516476921;754:3260.8166364769213;611:3262.065236476921;1812:3266.636396476921;1186:3267.8135964769212;7311:3268.629236476921;3767:3270.6356364769213;4527:3273.4324764769212;3089:3281.842076476921;3131:3282.322316476921;5447:3284.709956476921;7352:3286.021316476921;414:3288.491036476921;122:3300.845396476921;3426:3302.098916476921;4314:3303.2818764769213;68:3308.8802364769213;7318:3315.5482764769213;7325:3318.875036476921;3011:3322.885676476921;4:3327.670796476921;4345:3329.714276476921;1199:3333.704619334064;1204:3337.6949621912067;2996:3339.7384421912066;2984:3342.0309015137736
0,7,default_vehtype,route,False,3182.441137468279,3337.306461681174,2985;-1;-1,2979;-1;-1,1202.814573554941,0.7702328672354412,0.7701125857780857,0.0,,0,,0,,,2985;1140;880;3109;3874;4306;429;3125;3406;2825;1944;130;99;4526;714;2800;4339;2419;5404;5421;1925;1883;926;925;5399;1905;830;2795;1891;827;6499;1803;1141;5241;922;6385;3550;6322;7280;2411;6281;2286;2287;6538;2979,2985:3182.441137468279;1140:3182.635708103114;880:3183.227044103114;3109:3185.077588103114;3874:3190.941868103114;4306:3203.057428103114;429:3204.459748103114;3125:3205.7132681031144;3406:3218.067628103114;2825:3220.5373481031143;1944:3221.8487081031144;130:3224.2363481031143;99:3224.716588103114;4526:3233.126188103114;714:3235.923028103114;2800:3237.9294281031143;4339:3239.423188103114;2419:3244.0322681031143;5404:3248.2591481031145;5421:3249.3644681031146;1925:3249.5077481031144;1883:3250.5450281031144;926:3254.7975881031143;925:3257.7419081031144;5399:3267.0467081031143;1905:3268.373308103114;830:3269.550148103114;2795:3270.7338281031143;1891:3270.9877481031144;827:3272.0535881031146;6499:3281.4084281031146;1803:3287.3709881031145;1141:3292.8756281031147;5241:3294.4637081031146;922:3295.3796201031146;6385:3298.601260103115;3550:3298.863100103115;6322:3304.500340103115;7280:3308.019100103115;2411:3313.854220103115;6281:3318.8983343888294;2286:3323.665248674544;2287:3328.432162960258;6538:3333.4762772459726;2979:3337.306461681174
0,9,default_vehtype,route,False,3166.0053305347465,3308.9027753860696,2970;-1;-1,2973;-1;-1,1435.3098664795507,0.9611945699764656,0.9610510389898176,0.0,,0,100,1,,,2970;671;662;7398;3491;6933;7394;6989;7392;5704;7389;3806;2573;885;316;2042;1982;6306;374;7114;3246;5330;661;445;6080;7381;364;3029;3886;5711;6045;2157;4817;456;5901;7605;2830;1420;1084;2973,2970:3166.0053305347465;671:3167.035446696732;662:3189.485166696732;7398:3193.004406696732;3491:3199.329126696732;6933:3200.240886696732;7394:3205.6024866967323;6989:3206.1968466967323;7392:3215.4079266967324;5704:3217.7730066967324;7389:3232.3112466967323;3806:3236.3756466967325;2573:3237.4436466967327;885:3238.0470066967328;316:3244.8741666967326;2042:3255.6126066967327;1982:3256.375326696733;6306:3256.592166696733;374:3264.893166696733;7114:3267.108174696733;3246:3268.245990696733;5330:3268.993566696733;661:3269.985006696733;445:3273.014694696733;6080:3275.838102696733;7381:3276.246990696733;364:3276.682374696733;3029:3278.7065826967328;3886:3279.2046066967328;5711:3281.744190696733;6045:3283.138470696733;2157:3287.326998696733;4817:3287.803782696733;456:3288.418662696733;5901:3289.174230696733;7605:3292.645926696733;2830:3292.8753186967333;1420:3304.5804306967334;1084:3308.1154146967333;2973:3308.9027753860696
0,9,default_vehtype,boarding,True,3308.9027753860696,3338.9027753860696,2973;-1;-1,2973;-1;-1,0.0,0.9610510389898176,0.9610510389898176,0.0,,0,100,1,,100,,
0,3,default_vehtype,route,False,3333.1825665818583,3409.1631828674786,2987;-1;-1,2975;-1;-1,1011.5698525452128,0.7628735145889932,0.7627723576037386,0.0,,0,104,1,,,2987;4613;1084;7357;3525;6025;3063;6027;7362;2188;2186;5744;6033;5746;6031;146;2828;2376;3091;4274;880;3109;3874;2975,2987:3333.1825665818583;4613:3334.7788156115657;1084:3338.3137996115656;7357:3342.8983276115655;3525:3353.7771676115653;6025:3355.5186316115655;3063:3356.7833116115658;6027:3358.085287611566;7362:3362.093527611566;2188:3368.756695611566;2186:3370.032967611566;5744:3372.0483916115663;6033:3373.4178316115663;5746:3375.3412396115664;6031:3376.832863611566;146:3377.793991611566;2828:3378.885799611566;2376:3384.387679611566;3091:3397.709407611566;4274:3398.852335611566;880:3399.443671611566;3109:3401.294215611566;3874:3407.1584956115657;2975:3409.1631828674786
0,5,default_vehtype,boarding,True,3342.0309015137736,3372.0309015137736,2984;-1;-1,2984;-1;-1,0.0,0.9331194779406405,0.9331194779406405,0.0,,0,96,1,,96,,
0,7,default_vehtype,boarding,True,3337.306461681174,3367.306461681174,2979;-1;-1,2979;-1;-1,0.0,0.7701125857780857,0.7701125857780857,0.0,,0,99,1,99,,,
0,8,default_vehtype,route,False,3143.2370619400035,3405.963511775719,2976;-1;-1,2992;-1;-1,2648.748284547927,0.8974436832361707,0.8971788084077159,0.0,,0,95,1,,,2976;7557;2806;4344;2996;3013;7322;2804;3061;1173;3425;3125;3406;2825;1944;130;99;4526;714;2800;4332;799;3653;3825;7127;1836;4248;5046;7138;6879;1367;3637;3640;3643;7179;5275;5297;5072;1464;2847;5825;4587;5794;3202;2065;2023;4203;537;18;5629;1068;2559;6740;1717;2067;2063;1937;2992,2976:3143.2370619400035;7557:3148.2274153106637;2806:3156.0612553106635;4344:3157.2642553106634;2996:3159.3077353106632;3013:3164.0928553106633;7322:3168.103495310663;2804:3171.430255310663;3061:3178.098295310663;1173:3183.696655310663;3425:3184.879615310663;3125:3186.1331353106634;3406:3198.4874953106632;2825:3200.9572153106633;1944:3202.2685753106634;130:3204.6562153106634;99:3205.136455310663;4526:3213.546055310663;714:3216.342895310663;2800:3218.3492953106634;4332:3219.164935310663;799:3220.345855310663;3653:3224.942095310663;3825:3226.1906953106627;7127:3269.750815310663;1836:3271.101775310663;4248:3285.646975310663;5046:3301.9874953106632;7138:3303.6260953106635;6879:3309.8924953106634;1367:3321.385375310663;3637:3323.2784953106634;3640:3324.1316233106636;3643:3325.1952073106636;7179:3328.7736073106635;5275:3333.2828953106637;5297:3336.6617113106636;5072:3336.8919673106634;1464:3343.8324793106635;2847:3344.9031913106637;5825:3347.8018393106636;4587:3350.0821513106634;5794:3351.7022953106634;3202:3355.8236473106635;2065:3360.9679033106636;2023:3366.5262313106637;4203:3367.3270153106637;537:3368.281015310664;18:3374.148583310664;5629:3379.998007310664;1068:3382.550407310664;2559:3389.601007310664;6740:3394.071631310664;1717:3399.905359310664;2067:3400.643143310664;2063:3401.3593993106642;1937:3404.6293513106643;2992:3405.963511775719
0,10,default_vehtype,route,False,3240.0,3395.085112216289,2969;-1;-1,2980;-1;-1,1780.8795979021431,0.9436610811506955,0.9434829931909052,0.0,,0,,0,,,2969;7192;1664;337;1075;5648;5759;205;5793;1407;5826;7411;4686;5074;5295;5274;7181;604;603;602;3851;4573;1400;971;598;1368;591;585;940;1370;939;1903;983;3921;840;2881;5099;1157;2058;2092;915;2980,2969:3240;7192:3243.6036429519463;1664:3246.8575389519465;337:3254.6177709519466;1075:3255.6416109519464;5648:3256.4423949519464;5759:3262.0007229519465;205:3267.1449789519465;5793:3271.2663309519467;1407:3272.8864749519466;5826:3275.1667869519465;7411:3278.0654349519464;4686:3279.1361469519466;5074:3286.0766589519467;5295:3286.3069149519465;5274:3289.6857309519464;7181:3294.1950189519466;604:3297.7734189519465;603:3298.8370029519465;602:3299.6901309519467;3851:3300.6935229519468;4573:3304.999842951947;1400:3306.732522951947;971:3310.530954951947;598:3311.598210951947;1368:3312.558546951947;591:3318.429498951947;585:3331.6007469519473;940:3338.180610951947;1370:3345.207234951947;939:3345.903906951947;1903:3346.725498951947;983:3347.708010951947;3921:3351.506154951947;840:3356.066994951947;2881:3362.697618951947;5099:3363.850482951947;1157:3368.5896258090897;2058:3374.3794543805184;2092:3377.768597237661;915:3382.8867686662325;2980:3395.085112216289
0,0,default_vehtype,route,False,3360.0,3423.7964410299546,2993;-1;-1,2969;-1;-1,886.0616809715947,0.6898244068406414,0.6897358006725443,0.0,,0,,0,,,2993;4483;7446;1960;816;6786;5444;1716;2720;4210;1711;98;2497;7434;2760;542;1074;336;2969,2993:3360;4483:3360.7614199819013;7446:3363.4281559819015;1960:3364.4123959819017;816:3371.9443159819016;6786:3373.2112999819014;5444:3383.7477079819014;1716:3386.5380679819013;2720:3387.284707981901;4210:3388.182979981901;1711:3389.312659981901;98:3397.928467981901;2497:3399.439099981901;7434:3406.646947981901;2760:3413.185483981901;542:3420.713587981901;1074:3421.646995981901;336:3422.670115981901;2969:3423.7964410299546
0,0,default_vehtype,boarding,True,3423.7964410299546,3453.7964410299546,2969;-1;-1,2969;-1;-1,0.0,0.6897358006725443,0.6897358006725443,0.0,,0,105,1,105,,,
0,3,default_vehtype,boarding,True,3409.1631828674786,3439.1631828674786,2975;-1;-1,2975;-1;-1,0.0,0.7627723576037386,0.7627723576037386,0.0,,0,104,1,,104,,
0,5,default_vehtype,route,False,3372.0309015137736,3463.963685496178,2984;-1;-1,2978;-1;-1,766.1065331867103,0.9331194779406405,0.9330428672873219,0.0,,0,,0,,,2984;3012;4;4345;7330;7562;7316;7531;2802;2251;7515;7037;7512;3274;2902;3901;7011;7336;4365;7288;1182;2978,2984:3372.0309015137736;3012:3374.5235621912066;4:3379.3086821912066;4345:3381.3521621912064;7330:3382.5551621912064;7562:3390.389002191206;7316:3397.784002191206;7531:3405.338962191206;2802:3412.554442191206;2251:3419.449762191206;7515:3420.310882191206;7037:3427.622842191206;7512:3434.856202191206;3274:3446.202202191206;2902:3446.3138021912064;3901:3446.781802191206;7011:3448.762762191206;7336:3451.670242191206;4365:3459.2513621912058;7288:3460.3745621912058;1182:3461.291482191206;2978:3463.963685496178
0,8,default_vehtype,boarding,True,3405.963511775719,3435.963511775719,2992;-1;-1,2992;-1;-1,0.0,0.8971788084077159,0.8971788084077159,0.0,,0,95,1,,95,,
0,10,default_vehtype,boarding,True,3395.085112216289,3425.085112216289,2980;-1;-1,2980;-1;-1,0.0,0.9434829931909052,0.9434829931909052,0.0,,0,103,1,103,,,
0,2,default_vehtype,route,False,3332.5047998321197,3494.7341339098816,2987;-1;-1,2969;-1;-1,1787.992528857795,0.9140275551865105,0.9138487559336247,0.0,,0,93,1,,,2987;4613;7368;7606;5900;3459;4818;5992;6047;5708;3884;3030;3347;7376;2207;3446;3720;5332;251;2711;3358;2296;5495;5697;5497;5500;670;5502;5512;5520;5531;6313;6632;6644;3793;6319;7102;3741;7384;6414;5446;2447;2571;42;2577;2566;3033;3036;2469;2404;2235;3762;5287;310;2280;1447;6261;3764;4397;4745;4182;4187;4191;4195;4202;336;2969,2987:3332.5047998321197;4613:3334.101048861827;7368:3345.8061608618273;7606:3346.0355528618275;5900:3349.5072488618275;3459:3350.2628168618276;4818:3350.8776968618276;5992:3351.3544808618276;6047:3355.5430088618277;5708:3356.9372888618277;3884:3359.476872861828;3030:3359.974896861828;3347:3361.9991048618276;7376:3362.4344888618275;2207:3362.8433768618274;3446:3365.6667848618276;3720:3368.6964728618277;5332:3369.6879128618275;251:3370.4354888618277;2711:3371.5733048618276;3358:3373.7883128618278;2296:3382.0893128618277;5495:3382.3061528618277;5697:3383.4099128618277;5497:3384.1073528618276;5500:3387.0145928618276;670:3388.4119928618275;5502:3390.7594328618275;5512:3394.2811928618275;5520:3396.7351928618277;5531:3398.4321128618276;6313:3399.4571528618276;6632:3401.7541928618275;6644:3403.3254728618276;3793:3405.1746728618277;6319:3406.0903928618277;7102:3406.5684728618276;3741:3407.1081128618275;7384:3414.7671128618276;6414:3419.9742728618276;5446:3422.2420328618277;2447:3426.1781528618276;2571:3433.7670728618277;42:3438.435072861828;2577:3439.107552861828;2566:3447.706632861828;3033:3448.337592861828;3036:3450.607152861828;2469:3454.1994728618283;2404:3457.5229928618282;2235:3458.806392861828;3762:3459.229824861828;5287:3459.768888861828;310:3462.559104861828;2280:3463.158216861828;1447:3463.604112861828;6261:3467.4821048618282;3764:3468.4878008618284;4397:3469.0384568618283;4745:3469.264752861828;4182:3473.718528861828;4187:3476.380584861828;4191:3477.118872861828;4195:3491.582160861828;4202:3492.584688861828;336:3493.607808861828;2969:3494.7341339098816
0,2,default_vehtype,boarding,True,3494.7341339098816,3524.7341339098816,2969;-1;-1,2969;-1;-1,0.0,0.9138487559336247,0.9138487559336247,0.0,,0,93;110,2,110,93,,
0,4,default_vehtype,route,False,3420.0,3536.533235490484,2972;-1;-1,2990;-1;-1,1039.575804707168,0.8212274504105664,0.8211234928300957,0.0,,0,,0,,,2972;6079;3446;3720;5332;251;2711;3358;2296;5495;5696;3307;3987;6878;746;2834;2045;2835;2641;7396;2616;486;2838;3722;3732;544;7400;5449;2990,2972:3420;6079:3421.378855611566;3446:3424.202263611566;3720:3427.2319516115663;5332:3428.223391611566;251:3428.9709676115663;2711:3430.108783611566;3358:3432.3237916115663;2296:3440.6247916115663;5495:3440.8416316115663;5696:3441.6043516115665;3307:3452.3427916115666;3987:3459.1699516115664;6878:3459.7733116115664;746:3460.8413116115667;2834:3464.905711611567;2045:3479.4439516115667;2835:3481.8090316115668;2641:3491.020111611567;7396:3491.614471611567;2616:3496.976071611567;486:3497.887831611567;2838:3504.212551611567;3722:3507.731791611567;3732:3530.181511611567;544:3532.871071611567;7400:3533.946631611567;5449:3535.145671611567;2990:3536.533235490484
0,5,default_vehtype,boarding,True,3463.963685496178,3493.963685496178,2978;-1;-1,2978;-1;-1,0.0,0.9330428672873219,0.9330428672873219,0.0,,0,106,1,106,,,
0,6,default_vehtype,route,False,3480.0,3520.180794717593,2972;-1;-1,2989;-1;-1,403.3054649330824,0.5415978575280088,0.5415575269815155,0.0,,0,,0,,,2972;6079;3446;3720;5332;251;2711;3358;2296;5495;5696;3307;3987;6878;2989,2972:3480;6079:3481.378855611566;3446:3484.202263611566;3720:3487.2319516115663;5332:3488.223391611566;251:3488.9709676115663;2711:3490.108783611566;3358:3492.3237916115663;2296:3500.6247916115663;5495:3500.8416316115663;5696:3501.6043516115665;3307:3512.3427916115666;3987:3519.1699516115664;6878:3519.7733116115664;2989:3520.180794717593
0,11,default_vehtype,route,False,3287.068279147076,3502.776521897498,2990;-1;-1,2976;-1;-1,1797.5686895868585,0.8884615462399955,0.8882817893710369,0.0,,0,102,1,,,2990;2552;1946;7401;3551;3849;7263;5060;3728;4936;1207;2554;4974;5249;6709;2464;7135;1193;552;2755;7131;3567;888;712;2718;754;611;1812;1186;7311;3767;4527;3089;3131;5447;7352;414;122;3426;4314;68;7318;7325;3011;4;4345;7330;2976,2990:3287.068279147076;2552:3289.9339952681594;1946:3294.1872752681593;7401:3295.3863152681593;3551:3296.744955268159;3849:3300.7899152681593;7263:3301.7645552681593;5060:3302.5477952681595;3728:3308.3561552681595;4936:3318.6635552681596;1207:3323.0331152681597;2554:3323.5819952681595;4974:3324.3549152681594;5249:3330.1588352681592;6709:3332.0860352681593;2464:3347.945595268159;7135:3355.877715268159;1193:3356.977755268159;552:3361.475955268159;2755:3363.3051152681587;7131:3371.2623152681585;3567:3381.1411952681588;888:3381.5994752681586;712:3385.3350752681586;2718:3386.2722752681584;754:3429.8323952681585;611:3431.0809952681584;1812:3435.6521552681584;1186:3436.8293552681585;7311:3437.6449952681583;3767:3439.6513952681585;4527:3442.4482352681584;3089:3450.8578352681584;3131:3451.3380752681583;5447:3453.725715268158;7352:3455.0370752681583;414:3457.5067952681584;122:3469.861155268158;3426:3471.1146752681584;4314:3472.2976352681585;68:3477.8959952681585;7318:3484.5640352681585;7325:3487.8907952681584;3011:3491.9014352681584;4:3496.6865552681584;4345:3498.730035268158;7330:3499.933035268158;2976:3502.776521897498
0,11,default_vehtype,boarding,True,3502.776521897498,3532.776521897498,2976;-1;-1,2976;-1;-1,0.0,0.8882817893710369,0.8882817893710369,0.0,,0,102,1,,102,,
0,4,default_vehtype,boarding,True,3536.533235490484,3566.533235490484,2990;-1;-1,2990;-1;-1,0.0,0.8211234928300957,0.8211234928300957,0.0,,0,107,1,107,,,
0,6,default_vehtype,boarding,True,3520.180794717593,3550.180794717593,2989;-1;-1,2989;-1;-1,0.0,0.5415575269815155,0.5415575269815155,0.0,,0,108,1,108,,,
0,7,default_vehtype,route,False,3367.306461681174,3543.3938422940264,2979;-1;-1,2969;-1;-1,2297.258199818512,0.7701125857780857,0.7698828599581039,0.0,,0,99,1,,,2979;2786;2307;3549;6384;4032;1804;4811;5237;608;459;2416;4011;5246;363;366;2314;2877;1748;2880;906;984;2268;1857;1806;1371;938;5442;4054;2205;1369;2047;3631;4079;4572;4577;778;3636;3639;3642;7178;5275;5297;5072;1464;2847;5825;4587;5794;3202;2065;2023;4203;4198;336;2969,2979:3367.306461681174;2786:3369.311397245973;2307:3372.8301572459727;3549:3378.4673972459727;6384:3378.729237245973;4032:3381.950877245973;1804:3382.866789245973;4811:3384.549429245973;5237:3389.289909245973;608:3398.1559892459727;459:3398.485749245973;2416:3400.6993892459727;4011:3401.3635172459726;5246:3407.288685245973;363:3414.197373245973;366:3415.602453245973;2314:3416.7473252459727;2877:3429.9184292459727;1748:3431.0369492459727;2880:3432.1987412459725;906:3444.4240532459726;984:3447.1937492459724;2268:3447.9416132459723;1857:3448.3275332459725;1806:3448.9897172459723;1371:3449.6598932459724;938:3452.241021245972;5442:3461.961669245972;4054:3469.601661245972;2205:3475.3541012459723;1369:3481.8002612459723;2047:3482.7433172459723;3631:3484.3061492459724;4079:3485.373405245972;4572:3489.1718372459723;4577:3490.9045172459723;778:3495.2108372459725;3636:3496.2142292459725;3639:3497.0673572459727;3642:3498.1309412459727;7178:3501.7093412459726;5275:3506.218629245973;5297:3509.5974452459727;5072:3509.8277012459725;1464:3516.7682132459727;2847:3517.838925245973;5825:3520.7375732459727;4587:3523.0178852459726;5794:3524.6380292459726;3202:3528.7593812459727;2065:3533.9036372459727;2023:3539.461965245973;4203:3540.262749245973;4198:3541.244397245973;336:3542.2675172459726;2969:3543.3938422940264
0,7,default_vehtype,boarding,True,3543.3938422940264,3573.3938422940264,2969;-1;-1,2969;-1;-1,0.0,0.7698828599581039,0.7698828599581039,0.0,,0,99,1,,99,,
0,9,default_vehtype,route,False,3540.0,3581.9429028676846,2973;-1;-1,2988;-1;-1,582.5403176067301,0.9610510389898176,0.960992784958057,0.0,,0,,0,,,2973;7354;4225;4614;7369;7607;5900;3459;4818;5992;6047;5708;3884;3030;3347;7376;2207;2988,2973:3540;7354:3543.7971673106636;4225:3548.3816953106634;4614:3551.9166793106633;7369:3563.6217913106634;7607:3563.8511833106636;5900:3567.3228793106637;3459:3568.0784473106637;4818:3568.693327310664;5992:3569.1701113106637;6047:3573.358639310664;5708:3574.752919310664;3884:3577.292503310664;3030:3577.790527310664;3347:3579.8147353106638;7376:3580.2501193106636;2207:3580.6590073106636;2988:3581.9429028676846
0,11,default_vehtype,route,False,3540.0,3570.158021267548,2976;-1;-1,2977;-1;-1,251.31684389623734,0.8882817893710369,0.8882566576866472,0.0,,0,,0,,,2976;7557;7316;7531;2802;2977,2976:3540;7557:3544.99035337066;7316:3552.38535337066;7531:3559.94031337066;2802:3567.15579337066;2977:3570.158021267548
0,8,default_vehtype,route,False,3480.0,3638.424886673119,2992;-1;-1,2966;-1;-1,1413.7091051984648,0.8971788084077159,0.8970374374971961,0.0,,0,,0,,,2992;2526;3895;5465;7450;4482;6930;7615;3488;4485;5469;2998;901;1083;1355;1961;1962;1033;1559;1958;2907;636;1954;1949;186;333;2164;695;694;1041;1623;1383;2333;2966,2992:3480;2526:3489.2022475349454;3895:3490.4692315349453;5465:3498.001151534945;7450:3498.9853915349454;4482:3501.6521275349455;6930:3502.9678555349456;7615:3506.8642075349458;3488:3508.188359534946;4485:3512.7430075349457;5469:3513.104231534946;2998:3513.512687534946;901:3514.758215534946;1083:3517.5486475349458;1355:3531.237935534946;1961:3532.2206635349457;1962:3533.159543534946;1033:3534.368999534946;1559:3540.753095534946;1958:3548.1001195349463;2907:3548.7237835349465;636:3551.5389115349467;1954:3552.149615534947;1949:3561.049751534947;186:3562.615895534947;333:3563.255615534947;2164:3563.872007534947;695:3568.579295534947;694:3571.748015534947;1041:3572.5669435349473;1623:3576.9502006778043;1383:3588.035629249233;2333:3628.189514963519;2966:3638.424886673119
0,9,default_vehtype,boarding,True,3581.9429028676846,3611.9429028676846,2988;-1;-1,2988;-1;-1,0.0,0.960992784958057,0.960992784958057,0.0,,0,112,1,112,,,
0,11,default_vehtype,boarding,True,3570.158021267548,3600.158021267548,2977;-1;-1,2977;-1;-1,0.0,0.8882566576866472,0.8882566576866472,0.0,,0,111,1,111,,,
0,0,default_vehtype,route,False,3453.7964410299546,3689.055755237814,2969;-1;-1,2975;-1;-1,2740.0593236874183,0.6897358006725443,0.6894617947401755,0.0,,0,105,1,,,2969;7192;1664;337;1075;4198;1071;1070;1069;1067;1504;4396;710;2281;4664;6260;3300;1832;708;6180;2405;6169;2744;2567;2576;3077;3241;88;2758;2742;2448;2353;6140;7386;3742;7100;6318;737;6639;2446;2301;1992;1990;1988;1985;3729;5498;5496;5699;5494;6307;374;7114;3246;5330;661;445;6080;7381;364;3029;3886;5711;6045;2157;4817;456;5901;7605;2830;5852;6913;1321;597;2204;6066;6049;7367;2188;2186;5744;6033;5746;6031;146;2828;2376;3091;4274;880;3109;3874;2975,2969:3453.7964410299546;7192:3457.400083981901;1664:3460.653979981901;337:3468.414211981901;1075:3469.438051981901;4198:3470.419699981901;1071:3471.422227981901;1070:3485.885515981901;1069:3486.623803981901;1067:3489.285859981901;1504:3493.739635981901;4396:3493.9659319819007;710:3494.5165879819006;2281:3495.5222839819007;4664:3499.400275981901;6260:3499.846171981901;3300:3500.445283981901;1832:3503.235499981901;708:3503.774563981901;6180:3504.197995981901;2405:3506.420395981901;6169:3509.897515981901;2744:3514.498075981901;2567:3516.341035981901;2576:3524.8295959819006;3077:3526.9622359819004;3241:3530.0911159819007;88:3532.0179559819007;2758:3533.9813959819007;2742:3534.387835981901;2448:3537.573475981901;2353:3543.774355981901;6140:3548.945395981901;7386:3550.287835981901;3742:3557.946835981901;7100:3558.486475981901;6318:3558.964555981901;737:3559.880275981901;6639:3561.729475981901;2446:3563.300755981901;2301:3565.597795981901;1992:3566.622835981901;1990:3568.319755981901;1988:3570.773755981901;1985:3574.295515981901;3729:3576.642955981901;5498:3578.040355981901;5496:3580.947595981901;5699:3581.645035981901;5494:3582.748795981901;6307:3582.965635981901;374:3591.266635981901;7114:3593.481643981901;3246:3594.619459981901;5330:3595.367035981901;661:3596.358475981901;445:3599.388163981901;6080:3602.211571981901;7381:3602.620459981901;364:3603.055843981901;3029:3605.080051981901;3886:3605.578075981901;5711:3608.117659981901;6045:3609.511939981901;2157:3613.700467981901;4817:3614.177251981901;456:3614.792131981901;5901:3615.547699981901;7605:3619.019395981901;2830:3619.2487879819014;5852:3625.775515981901;6913:3627.6719239819013;1321:3632.8203559819012;597:3633.2832439819013;2204:3634.840531981901;6066:3635.4862279819013;6049:3639.7125559819015;7367:3641.9860999819016;2188:3648.6492679819016;2186:3649.9255399819017;5744:3651.940963981902;6033:3653.310403981902;5746:3655.233811981902;6031:3656.7254359819017;146:3657.6865639819016;2828:3658.7783719819017;2376:3664.2802519819015;3091:3677.6019799819014;4274:3678.7449079819016;880:3679.3362439819016;3109:3681.1867879819015;3874:3687.0510679819013;2975:3689.055755237814
0,0,default_vehtype,boarding,True,3689.055755237814,3719.055755237814,2975;-1;-1,2975;-1;-1,0.0,0.6894617947401755,0.6894617947401755,0.0,,0,105,1,,105,,
0,4,default_vehtype,route,False,3566.533235490484,3669.648827629667,2990;-1;-1,2993;-1;-1,1265.245690149289,0.8211234928300957,0.8209969682610807,0.0,,0,107,1,,,2990;2552;4848;3271;4846;4989;5000;337;1075;537;18;5629;1068;2559;6740;1717;2067;2063;1937;6789;3895;5465;7450;2993,2990:3566.533235490484;2552:3569.3989516115676;4848:3576.8792716115677;3271:3582.4323916115677;4846:3584.3054716115676;4989:3596.5779916115675;5000:3601.3375516115675;337:3609.0977836115676;1075:3610.1216236115674;537:3611.0756236115676;18:3616.9431916115677;5629:3622.7926156115677;1068:3625.3450156115678;2559:3632.395615611568;6740:3636.866239611568;1717:3642.699967611568;2067:3643.437751611568;2063:3644.154007611568;1937:3647.423959611568;6789:3657.960367611568;3895:3659.227351611568;5465:3666.759271611568;7450:3667.743511611568;2993:3669.648827629667
0,4,default_vehtype,boarding,True,3669.648827629667,3699.648827629667,2993;-1;-1,2993;-1;-1,0.0,0.8209969682610807,0.8209969682610807,0.0,,0,107,1,,107,,
0,4,default_vehtype,route,False,3699.648827629667,3705.513597176794,2993;-1;-1,2967;-1;-1,81.45513259898192,0.8209969682610807,0.8209888227478208,0.0,,0,,0,,,2993;4483;7446;1960;2967,2993:3699.648827629667;4483:3700.410247611568;7446:3703.0769836115683;1960:3704.0612236115685;2967:3705.513597176794
0,5,default_vehtype,route,False,3493.963685496178,3707.1197332605793,2978;-1;-1,2991;-1;-1,2604.1815706442994,0.9330428672873219,0.9327824491302574,0.0,,0,106,1,,,2978;4103;6297;1434;3820;3877;2787;4993;6537;7281;2307;3549;6384;4032;1804;4811;5237;608;459;2416;4011;5246;363;366;2314;2877;1748;2880;906;984;2268;1857;1806;1371;938;5442;4054;2205;1369;2047;3631;4079;4572;4577;778;3636;3639;3642;7178;5275;5297;5072;1464;2847;5825;4587;5794;3202;2065;2023;4203;537;2991,2978:3493.963685496178;4103:3496.5826421912057;6297:3498.9419621912057;1434:3504.9010421912058;3820:3510.0096821912057;3877:3511.917562191206;2787:3520.710082191206;4993:3521.7591221912057;6537:3527.558962191206;7281:3533.394082191206;2307:3536.912842191206;3549:3542.550082191206;6384:3542.811922191206;4032:3546.0335621912063;1804:3546.9494741912063;4811:3548.6321141912063;5237:3553.372594191206;608:3562.238674191206;459:3562.568434191206;2416:3564.782074191206;4011:3565.446202191206;5246:3571.371370191206;363:3578.280058191206;366:3579.685138191206;2314:3580.830010191206;2877:3594.001114191206;1748:3595.119634191206;2880:3596.281426191206;906:3608.506738191206;984:3611.2764341912057;2268:3612.0242981912056;1857:3612.410218191206;1806:3613.0724021912056;1371:3613.7425781912057;938:3616.3237061912055;5442:3626.0443541912055;4054:3633.6843461912053;2205:3639.4367861912056;1369:3645.8829461912055;2047:3646.8260021912056;3631:3648.3888341912057;4079:3649.4560901912055;4572:3653.2545221912055;4577:3654.9872021912056;778:3659.2935221912057;3636:3660.296914191206;3639:3661.150042191206;3642:3662.213626191206;7178:3665.792026191206;5275:3670.301314191206;5297:3673.680130191206;5072:3673.910386191206;1464:3680.850898191206;2847:3681.921610191206;5825:3684.820258191206;4587:3687.100570191206;5794:3688.720714191206;3202:3692.842066191206;2065:3697.986322191206;2023:3703.544650191206;4203:3704.345434191206;537:3705.2994341912063;2991:3707.1197332605793
0,7,default_vehtype,route,False,3660.0,3706.9834627899613,2969;-1;-1,2970;-1;-1,456.06829520493284,0.7698828599581039,0.7698372531285834,0.0,,0,,0,,,2969;7192;1664;1659;4844;3270;4850;6823;1946;7401;3560;2970,2969:3660;7192:3663.6036429519463;1664:3666.8575389519465;1659:3671.6170989519464;4844:3683.8896189519464;3270:3685.7626989519463;4850:3691.3158189519463;6823:3698.7961389519464;1946:3703.0494189519463;7401:3704.2484589519463;3560:3705.3240189519465;2970:3706.9834627899613
0,8,default_vehtype,boarding,True,3638.424886673119,3668.424886673119,2966;-1;-1,2966;-1;-1,0.0,0.8970374374971961,0.8970374374971961,0.0,,0,109,1,109,,,
0,1,default_vehtype,route,False,3660.0,3775.6985086845784,256;-1;-1,2987;-1;-1,1053.8638745873945,0.8575946831862098,0.857489296798751,0.0,,0,,0,,,256;2030;3245;5329;661;445;6080;7381;364;3029;3886;5711;6045;2157;4817;456;5901;7605;2830;1420;1084;7357;2826;2827;4225;2987,256:3660;2030:3702.8492571428574;3245:3706.302685714286;5329:3707.050261714286;661:3708.041701714286;445:3711.071389714286;6080:3713.894797714286;7381:3714.303685714286;364:3714.739069714286;3029:3716.763277714286;3886:3717.2613017142858;5711:3719.800885714286;6045:3721.195165714286;2157:3725.383693714286;4817:3725.860477714286;456:3726.475357714286;5901:3727.230925714286;7605:3730.702621714286;2830:3730.9320137142863;1420:3742.6371257142864;1084:3746.1721097142863;7357:3750.756637714286;2826:3759.965941714286;2827:3769.175245714286;4225:3773.759773714286;2987:3775.6985086845784
0,3,default_vehtype,route,False,3660.0,3768.1806658899427,2975;-1;-1,2981;-1;-1,924.4919490828495,0.7627723576037386,0.7626799084088304,0.0,,0,,0,,,2975;1166;429;3125;3406;2825;1944;130;99;4526;714;2800;4339;2419;5404;5421;1925;1883;926;925;5399;1905;830;2795;1891;827;6499;1803;1141;5241;922;6385;3550;2981,2975:3660;1166:3670.110872744087;429:3671.513192744087;3125:3672.7667127440873;3406:3685.121072744087;2825:3687.590792744087;1944:3688.9021527440873;130:3691.289792744087;99:3691.770032744087;4526:3700.179632744087;714:3702.976472744087;2800:3704.982872744087;4339:3706.476632744087;2419:3711.0857127440872;5404:3715.3125927440874;5421:3716.4179127440875;1925:3716.5611927440873;1883:3717.5984727440873;926:3721.851032744087;925:3724.7953527440873;5399:3734.100152744087;1905:3735.426752744087;830:3736.603592744087;2795:3737.787272744087;1891:3738.0411927440873;827:3739.1070327440875;6499:3748.4618727440875;1803:3754.4244327440874;1141:3759.9290727440875;5241:3761.5171527440875;922:3762.4330647440875;6385:3765.6547047440877;3550:3765.916544744088;2981:3768.1806658899427
0,4,default_vehtype,boarding,True,3705.513597176794,3735.513597176794,2967;-1;-1,2967;-1;-1,0.0,0.8209888227478208,0.8209888227478208,0.0,,0,113,1,113,,,
0,5,default_vehtype,boarding,True,3707.1197332605793,3737.1197332605793,2991;-1;-1,2991;-1;-1,0.0,0.9327824491302574,0.9327824491302574,0.0,,0,106,1,,106,,
0,5,default_vehtype,route,False,3737.1197332605793,3772.9819306562613,2991;-1;-1,2992;-1;-1,498.08607494002206,0.9327824491302574,0.9327326405227634,0.0,,0,,0,,,2991;3010;5631;1068;2559;6740;1717;2067;2063;1937;2992,2991:3737.1197332605793;3010:3741.1670021912064;5631:3747.0164261912064;1068:3749.5688261912064;2559:3756.6194261912065;6740:3761.0900501912065;1717:3766.9237781912066;2067:3767.6615621912065;2063:3768.3778181912066;1937:3771.6477701912067;2992:3772.9819306562613
0,6,default_vehtype,route,False,3550.180794717593,3720.322990240907,2989;-1;-1,2976;-1;-1,1917.4080293609438,0.5415575269815155,0.5413657861785793,0.0,,0,108,1,,,2989;3808;6876;885;316;2042;1982;6306;374;7114;3246;5330;661;445;6080;7381;364;3029;3886;5711;6045;2157;4817;456;5901;7605;2830;5852;6913;1321;597;2204;6066;6049;7367;2188;2186;5744;6033;5746;6031;146;2828;2376;3091;4274;880;3109;3874;4306;429;4313;68;7318;7325;3011;4;4345;7330;2976,2989:3550.180794717593;3808:3550.8413116115667;6876:3551.909311611567;885:3552.512671611567;316:3559.3398316115668;2042:3570.078271611567;1982:3570.840991611567;6306:3571.057831611567;374:3579.358831611567;7114:3581.573839611567;3246:3582.711655611567;5330:3583.4592316115672;661:3584.450671611567;445:3587.480359611567;6080:3590.3037676115673;7381:3590.7126556115672;364:3591.148039611567;3029:3593.172247611567;3886:3593.670271611567;5711:3596.209855611567;6045:3597.604135611567;2157:3601.792663611567;4817:3602.269447611567;456:3602.884327611567;5901:3603.639895611567;7605:3607.1115916115673;2830:3607.3409836115675;5852:3613.8677116115673;6913:3615.7641196115674;1321:3620.9125516115673;597:3621.3754396115673;2204:3622.9327276115673;6066:3623.5784236115674;6049:3627.8047516115676;7367:3630.0782956115677;2188:3636.7414636115677;2186:3638.017735611568;5744:3640.033159611568;6033:3641.402599611568;5746:3643.326007611568;6031:3644.817631611568;146:3645.7787596115677;2828:3646.870567611568;2376:3652.3724476115676;3091:3665.6941756115675;4274:3666.8371036115677;880:3667.4284396115677;3109:3669.2789836115676;3874:3675.1432636115674;4306:3687.2588236115675;429:3688.6611436115677;4313:3689.844103611568;68:3695.4424636115677;7318:3702.1105036115678;7325:3705.4372636115677;3011:3709.4479036115677;4:3714.2330236115677;4345:3716.2765036115675;7330:3717.4795036115675;2976:3720.322990240907
0,6,default_vehtype,boarding,True,3720.322990240907,3750.322990240907,2976;-1;-1,2976;-1;-1,0.0,0.5413657861785793,0.5413657861785793,0.0,,0,108,1,,108,,
0,7,default_vehtype,boarding,True,3706.9834627899613,3736.9834627899613,2970;-1;-1,2970;-1;-1,0.0,0.7698372531285834,0.7698372531285834,0.0,,0,114,1,114,,,
0,10,default_vehtype,route,False,3425.085112216289,3726.51546193754,2980;-1;-1,2988;-1;-1,2580.0028813890704,0.9434829931909052,0.9432249929027662,0.0,,0,103,1,,,2980;914;2135;1730;2664;2579;2961;2407;2581;370;361;2874;1887;4059;910;6541;3462;3648;2851;2850;1801;1560;5242;4277;5239;6501;3911;5389;7301;3914;5398;5400;4040;4041;5374;5418;5424;5403;6546;1200;7312;3767;4527;3089;3131;5447;7352;414;122;3426;4305;793;118;3979;4275;103;6480;7360;3154;6028;5745;6035;5743;6038;6041;7365;6050;6068;6077;3629;4502;6912;2108;7370;7608;5900;3459;4818;5992;6047;5708;3884;3030;3347;7376;2207;2988,2980:3425.085112216289;914:3440.9672829519463;2135:3448.9181400948037;1730:3464.3744829519464;2664:3466.1965972376606;2579:3471.0725400948036;2961:3487.8433972376606;2407:3493.0921972376605;2581:3501.5794543805177;370:3503.1623023805178;361:3505.659406380518;2874:3506.245414380518;1887:3511.900798380518;4059:3513.820102380518;910:3518.336302380518;6541:3519.000430380518;3462:3521.214070380518;3648:3521.543830380518;2851:3526.218070380518;2850:3527.151430380518;1801:3530.447110380518;1560:3535.187590380518;5242:3536.870230380518;4277:3538.458310380518;5239:3543.962950380518;6501:3549.925510380518;3911:3559.280350380518;5389:3560.3461903805182;7301:3560.6001103805183;3914:3561.7837903805184;5398:3562.9606303805185;5400:3564.2872303805184;4040:3573.5920303805183;4041:3576.5363503805183;5374:3580.7889103805182;5418:3581.8261903805183;5424:3581.969470380518;5403:3583.074790380518;6546:3587.3016703805183;1200:3591.9107503805185;7312:3593.4045103805183;3767:3595.4109103805185;4527:3598.2077503805185;3089:3606.6173503805185;3131:3607.0975903805183;5447:3609.4852303805183;7352:3610.7965903805184;414:3613.2663103805185;122:3625.6206703805183;3426:3626.8741903805185;4305:3628.2765103805186;793:3640.392070380519;118:3646.2563503805186;3979:3648.1068943805185;4275:3648.6982303805185;103:3649.8411583805187;6480:3663.1628863805186;7360:3668.6647663805184;3154:3669.7565743805185;6028:3670.7177023805184;5745:3672.209326380518;6035:3674.1327343805183;5743:3675.502174380518;6038:3677.5175983805184;6041:3678.7938703805185;7365:3685.4570383805185;6050:3687.7305823805186;6068:3691.956910380519;6077:3692.602606380519;3629:3694.159894380519;4502:3694.622782380519;6912:3699.771214380519;2108:3701.667622380519;7370:3708.1943503805187;7608:3708.423742380519;5900:3711.895438380519;3459:3712.651006380519;4818:3713.265886380519;5992:3713.742670380519;6047:3717.931198380519;5708:3719.325478380519;3884:3721.8650623805192;3030:3722.3630863805192;3347:3724.387294380519;7376:3724.822678380519;2207:3725.231566380519;2988:3726.51546193754
0,10,default_vehtype,boarding,True,3726.51546193754,3756.51546193754,2988;-1;-1,2988;-1;-1,0.0,0.9432249929027662,0.9432249929027662,0.0,,0,103,1,,103,,
0,1,default_vehtype,boarding,True,3775.6985086845784,3805.6985086845784,2987;-1;-1,2987;-1;-1,0.0,0.857489296798751,0.857489296798751,0.0,,0,116,1,116,,,
0,2,default_vehtype,route,False,3524.7341339098816,3804.410719472855,2969;-1;-1,2983;-1;-1,3227.3280516466903,0.9138487559336247,0.91352602312846,0.0,,0,110,1,,,2969;7192;1664;337;1075;5648;5759;205;5793;1407;5826;7411;4686;5074;5295;5274;7181;604;603;602;3851;4573;1400;971;598;1368;591;585;940;1370;939;1903;983;3921;840;2881;5099;2878;1735;2581;370;361;2874;1887;4059;910;6541;3462;3648;2851;2850;1801;1560;5242;922;6385;3550;6322;7280;2411;1661;7283;796;751;4635;6299;4102;4325;7285;1218;7334;7010;820;7498;276;2915;2661;7517;6201;7314;2983,2969:3524.7341339098816;7192:3528.337776861828;1664:3531.591672861828;337:3539.351904861828;1075:3540.375744861828;5648:3541.176528861828;5759:3546.734856861828;205:3551.879112861828;5793:3556.0004648618283;1407:3557.6206088618283;5826:3559.900920861828;7411:3562.799568861828;4686:3563.870280861828;5074:3570.8107928618283;5295:3571.041048861828;5274:3574.419864861828;7181:3578.9291528618282;604:3582.507552861828;603:3583.571136861828;602:3584.4242648618283;3851:3585.4276568618284;4573:3589.7339768618285;1400:3591.4666568618286;971:3595.2650888618286;598:3596.3323448618285;1368:3597.2926808618286;591:3603.163632861829;585:3616.334880861829;940:3622.9147448618287;1370:3629.941368861829;939:3630.638040861829;1903:3631.4596328618286;983:3632.4421448618286;3921:3636.2402888618285;840:3640.8011288618286;2881:3647.4317528618285;5099:3648.5846168618286;2878:3649.7126408618287;1735:3660.6969608618288;2581:3662.0363768618286;370:3663.6192248618286;361:3666.1163288618286;2874:3666.702336861829;1887:3672.357720861829;4059:3674.277024861829;910:3678.793224861829;6541:3679.457352861829;3462:3681.670992861829;3648:3682.000752861829;2851:3686.6749928618287;2850:3687.6083528618287;1801:3690.904032861829;1560:3695.644512861829;5242:3697.327152861829;922:3698.2430648618288;6385:3701.464704861829;3550:3701.726544861829;6322:3707.363784861829;7280:3710.882544861829;2411:3716.7176648618292;1661:3722.5175048618294;7283:3723.5665448618292;796:3732.359064861829;751:3734.2669448618294;4635:3739.3755848618293;6299:3745.3346648618294;4102:3747.6939848618294;4325:3752.9851448618297;7285:3753.90206486183;1218:3755.02526486183;7334:3762.6063848618296;7010:3765.5138648618295;820:3767.4948248618293;7498:3767.962824861829;276:3768.0744248618294;2915:3779.4204248618294;2661:3786.6537848618295;7517:3793.9657448618295;6201:3794.8268648618296;7314:3801.7221848618296;2983:3804.410719472855
0,2,default_vehtype,boarding,True,3804.410719472855,3834.410719472855,2983;-1;-1,2983;-1;-1,0.0,0.91352602312846,0.91352602312846,0.0,,0,110,1,,110,,
0,3,default_vehtype,boarding,True,3768.1806658899427,3798.1806658899427,2981;-1;-1,2981;-1;-1,0.0,0.7626799084088304,0.7626799084088304,0.0,,0,115,1,115,,,
0,5,default_vehtype,boarding,True,3772.9819306562613,3802.9819306562613,2992;-1;-1,2992;-1;-1,0.0,0.9327326405227634,0.9327326405227634,0.0,,0,117,1,117,,,
0,7,default_vehtype,route,False,3736.9834627899613,3791.084784,2970;-1;-1,2969;-1;-1,543.4817047950673,0.7698372531285834,0.769782904958104,0.0,,0,114,1,,,2970;671;544;7400;5449;6824;4848;3271;4846;4989;5000;337;1075;4198;336;2969,2970:3736.9834627899613;671:3738.013578951947;544:3740.7031389519466;7400:3741.778698951947;5449:3742.977738951947;6824:3747.2310189519467;4848:3754.711338951947;3271:3760.264458951947;4846:3762.1375389519467;4989:3774.4100589519467;5000:3779.1696189519466;337:3786.9298509519467;1075:3787.9536909519466;4198:3788.9353389519465;336:3789.9584589519463;2969:3791.084784
0,7,default_vehtype,boarding,True,3791.084784,3821.084784,2969;-1;-1,2969;-1;-1,0.0,0.769782904958104,0.769782904958104,0.0,,0,114,1,,114,,
0,9,default_vehtype,route,False,3611.9429028676846,3822.301271965239,2988;-1;-1,2982;-1;-1,2215.976056051721,0.960992784958057,0.9607711873524518,0.0,,0,112,1,,,2988;3447;6082;7383;364;3029;3886;5711;6045;2157;4817;456;5901;7605;2830;5852;6913;1321;597;2204;6066;6049;7367;2188;2186;5744;6033;5746;6031;146;2828;2376;3091;4274;880;3109;3874;4306;429;3125;3406;2825;1944;130;99;4526;714;2800;4339;2419;5404;5421;1925;1883;926;925;5399;1905;830;2795;918;3075;7097;7290;2736;1744;1164;2789;1218;2982,2988:3611.9429028676846;3447:3613.4824153106633;6082:3616.3058233106635;7383:3616.7147113106635;364:3617.1500953106633;3029:3619.174303310663;3886:3619.672327310663;5711:3622.2119113106633;6045:3623.6061913106632;2157:3627.7947193106634;4817:3628.2715033106633;456:3628.8863833106634;5901:3629.6419513106634;7605:3633.1136473106635;2830:3633.3430393106637;5852:3639.8697673106635;6913:3641.7661753106636;1321:3646.9146073106635;597:3647.3774953106636;2204:3648.9347833106635;6066:3649.5804793106636;6049:3653.8068073106638;7367:3656.080351310664;2188:3662.743519310664;2186:3664.019791310664;5744:3666.035215310664;6033:3667.404655310664;5746:3669.328063310664;6031:3670.819687310664;146:3671.780815310664;2828:3672.872623310664;2376:3678.374503310664;3091:3691.6962313106637;4274:3692.839159310664;880:3693.430495310664;3109:3695.281039310664;3874:3701.1453193106636;4306:3713.2608793106638;429:3714.663199310664;3125:3715.916719310664;3406:3728.271079310664;2825:3730.740799310664;1944:3732.052159310664;130:3734.439799310664;99:3734.920039310664;4526:3743.329639310664;714:3746.126479310664;2800:3748.132879310664;4339:3749.626639310664;2419:3754.235719310664;5404:3758.4625993106642;5421:3759.5679193106644;1925:3759.711199310664;1883:3760.748479310664;926:3765.001039310664;925:3767.945359310664;5399:3777.250159310664;1905:3778.576759310664;830:3779.753599310664;2795:3780.937279310664;918:3782.079439310664;3075:3789.952399310664;7097:3790.8017593106642;7290:3796.603879310664;2736:3805.322359310664;1744:3806.777599310664;1164:3817.886119310664;2789:3819.297919310664;1218:3820.421119310664;2982:3822.301271965239
0,0,default_vehtype,route,False,3780.0,3888.1806658899427,2975;-1;-1,2981;-1;-1,924.4919490828495,0.6894617947401755,0.6893693455452673,0.0,,0,,0,,,2975;1166;429;3125;3406;2825;1944;130;99;4526;714;2800;4339;2419;5404;5421;1925;1883;926;925;5399;1905;830;2795;1891;827;6499;1803;1141;5241;922;6385;3550;2981,2975:3780;1166:3790.110872744087;429:3791.513192744087;3125:3792.7667127440873;3406:3805.121072744087;2825:3807.590792744087;1944:3808.9021527440873;130:3811.289792744087;99:3811.770032744087;4526:3820.179632744087;714:3822.976472744087;2800:3824.982872744087;4339:3826.476632744087;2419:3831.0857127440872;5404:3835.3125927440874;5421:3836.4179127440875;1925:3836.5611927440873;1883:3837.5984727440873;926:3841.851032744087;925:3844.7953527440873;5399:3854.100152744087;1905:3855.426752744087;830:3856.603592744087;2795:3857.787272744087;1891:3858.0411927440873;827:3859.1070327440875;6499:3868.4618727440875;1803:3874.4244327440874;1141:3879.9290727440875;5241:3881.5171527440875;922:3882.4330647440875;6385:3885.6547047440877;3550:3885.916544744088;2981:3888.1806658899427
0,8,default_vehtype,route,False,3668.424886673119,3849.3943245158184,2966;-1;-1,2970;-1;-1,1660.3445869925658,0.8970374374971961,0.8968714030384969,0.0,,0,109,1,,,2966;2743;2631;2150;735;738;1096;3736;81;831;2413;1146;832;1880;1340;3638;3641;7177;5275;5297;5072;1464;2847;5825;4587;5794;3202;2065;2023;4203;4198;336;2759;1664;1659;4844;3270;4850;6823;1946;7401;3560;2970,2966:3668.424886673119;2743:3676.2687149635185;2631:3680.280143534947;2150:3697.2104292492327;735:3707.692600677804;738:3713.8604292492323;1096:3723.399400677804;3736:3723.662416677804;81:3727.5113206778037;831:3738.3579046778036;2413:3739.3456006778038;1146:3740.158984677804;832:3740.9674006778037;1880:3743.5650886778035;1340:3755.0979046778034;3638:3756.0843766778034;3641:3757.1479606778034;7177:3760.7263606778033;5275:3765.2356486778035;5297:3768.6144646778034;5072:3768.8447206778033;1464:3775.7852326778034;2847:3776.8559446778036;5825:3779.7545926778034;4587:3782.0349046778033;5794:3783.6550486778033;3202:3787.7764006778034;2065:3792.9206566778034;2023:3798.4789846778035;4203:3799.2797686778035;4198:3800.2614166778035;336:3801.2845366778033;2759:3806.0145046778034;1664:3809.2684006778036;1659:3814.0279606778035;4844:3826.3004806778035;3270:3828.1735606778034;4850:3833.7266806778034;6823:3841.2070006778035;1946:3845.4602806778034;7401:3846.6593206778034;3560:3847.7348806778036;2970:3849.3943245158184
0,8,default_vehtype,boarding,True,3849.3943245158184,3879.3943245158184,2970;-1;-1,2970;-1;-1,0.0,0.8968714030384969,0.8968714030384969,0.0,,0,109,1,,109,,
0,9,default_vehtype,boarding,True,3822.301271965239,3852.301271965239,2982;-1;-1,2982;-1;-1,0.0,0.9607711873524518,0.9607711873524518,0.0,,0,112,1,,112,,
0,9,default_vehtype,route,False,3852.301271965239,3870.295682615636,2982;-1;-1,2978;-1;-1,149.95342208664545,0.9607711873524518,0.9607561920102432,0.0,,0,,0,,,2982;2809;4365;7288;1182;2978,2982:3852.301271965239;2809:3858.0022393106638;4365:3865.5833593106636;7288:3866.7065593106636;1182:3867.6234793106637;2978:3870.295682615636
0,10,default_vehtype,route,False,3840.0,3842.9840648314125,2988;-1;-1,2972;-1;-1,41.44534488073482,0.9432249929027662,0.9432208483682781,0.0,,0,,0,,,2988;3447;2972,2988:3840;3447:3841.539512442979;2972:3842.9840648314125
0,10,default_vehtype,boarding,True,3842.9840648314125,3872.9840648314125,2972;-1;-1,2972;-1;-1,0.0,0.9432208483682781,0.9432208483682781,0.0,,0,120,1,120,,,
0,11,default_vehtype,route,False,3600.158021267548,3854.985772440033,2977;-1;-1,2991;-1;-1,2383.691365711668,0.8882566576866472,0.888018288550076,0.0,,0,111,1,,,2977;6202;7315;7530;2803;7558;2806;4344;2996;3013;7322;2804;3061;1173;3425;3125;3406;2825;1944;130;99;4526;714;2800;4332;799;3653;3825;7127;1836;4248;5046;7138;6879;1367;3637;3640;3643;7179;5275;5297;5072;1464;2847;5825;4587;5794;3202;2065;2023;4203;537;2991,2977:3600.158021267548;6202:3604.05111337066;7315:3610.94643337066;7530:3618.16191337066;2803:3625.71687337066;7558:3633.11187337066;2806:3640.9457133706596;4344:3642.1487133706596;2996:3644.1921933706594;3013:3648.9773133706594;7322:3652.9879533706594;2804:3656.3147133706593;3061:3662.9827533706593;1173:3668.5811133706593;3425:3669.7640733706594;3125:3671.0175933706596;3406:3683.3719533706594;2825:3685.8416733706595;1944:3687.1530333706596;130:3689.5406733706595;99:3690.0209133706594;4526:3698.4305133706594;714:3701.2273533706593;2800:3703.2337533706595;4332:3704.0493933706593;799:3705.230313370659;3653:3709.826553370659;3825:3711.075153370659;7127:3754.635273370659;1836:3755.986233370659;4248:3770.531433370659;5046:3786.8719533706594;7138:3788.5105533706596;6879:3794.7769533706596;1367:3806.2698333706594;3637:3808.1629533706596;3640:3809.01608137066;3643:3810.0796653706598;7179:3813.6580653706596;5275:3818.16735337066;5297:3821.5461693706598;5072:3821.7764253706596;1464:3828.7169373706597;2847:3829.78764937066;5825:3832.6862973706598;4587:3834.9666093706596;5794:3836.5867533706596;3202:3840.7081053706597;2065:3845.8523613706598;2023:3851.41068937066;4203:3852.21147337066;537:3853.16547337066;2991:3854.985772440033
0,11,default_vehtype,boarding,True,3854.985772440033,3884.985772440033,2991;-1;-1,2991;-1;-1,0.0,0.888018288550076,0.888018288550076,0.0,,0,111;121,2,121,111,,
0,10,default_vehtype,route,False,3872.9840648314125,3900.0,2972;-1;-1,6913;1321;0.034,375.2213217859377,0.9432208483682781,0.9431833262360996,0.0,,0,120,1,,,2972;6079;7380;364;3029;3886;5711;6045;2157;4817;456;5901;7605;2830;5852;6913,2972:3872.9840648314125;6079:3874.3629204429785;7380:3874.7718084429785;364:3875.2071924429783;3029:3877.231400442978;3886:3877.729424442978;5711:3880.2690084429782;6045:3881.6632884429782;2157:3885.8518164429784;4817:3886.3286004429783;456:3886.9434804429784;5901:3887.6990484429784;7605:3891.1707444429785;2830:3891.4001364429787;5852:3897.9268644429785;6913:3899.8232724429786
0,0,default_vehtype,boarding,True,3888.1806658899427,3918.1806658899427,2981;-1;-1,2981;-1;-1,0.0,0.6893693455452673,0.6893693455452673,0.0,,0,119,1,119,,,
0,1,default_vehtype,route,False,3805.6985086845784,3955.0121856111737,2987;-1;-1,2977;-1;-1,1622.678691220007,0.857489296798751,0.857327028929629,0.0,,0,116,1,,,2987;4613;1084;7357;3525;6025;3063;6027;7362;2188;2186;5744;6033;5746;6031;146;2828;2376;3091;4274;880;3109;3874;4306;429;4313;68;7318;7325;3011;4;4345;7330;7562;7316;7531;2802;2977,2987:3805.6985086845784;4613:3807.294757714286;1084:3810.829741714286;7357:3815.4142697142856;3525:3826.2931097142855;6025:3828.0345737142857;3063:3829.299253714286;6027:3830.601229714286;7362:3834.609469714286;2188:3841.2726377142862;2186:3842.5489097142863;5744:3844.5643337142865;6033:3845.9337737142864;5746:3847.8571817142865;6031:3849.3488057142863;146:3850.309933714286;2828:3851.4017417142863;2376:3856.903621714286;3091:3870.225349714286;4274:3871.3682777142863;880:3871.959613714286;3109:3873.810157714286;3874:3879.674437714286;4306:3891.789997714286;429:3893.192317714286;4313:3894.3752777142863;68:3899.9736377142863;7318:3906.6416777142863;7325:3909.968437714286;3011:3913.979077714286;4:3918.764197714286;4345:3920.807677714286;7330:3922.010677714286;7562:3929.8445177142858;7316:3937.2395177142857;7531:3944.7944777142857;2802:3952.0099577142855;2977:3955.0121856111737
0,5,default_vehtype,route,False,3802.9819306562613,3909.752782029221,2992;-1;-1,2970;-1;-1,1286.4486921910304,0.9327326405227634,0.9326039956535443,0.0,,0,117,1,,,2992;2526;5444;1716;2720;4210;1711;98;2497;7434;2760;542;1074;336;2759;1664;1659;4844;3270;4850;6823;1946;7401;3560;2970,2992:3802.9819306562613;2526:3812.1841781912067;5444:3822.7205861912066;1716:3825.5109461912066;2720:3826.2575861912064;4210:3827.1558581912063;1711:3828.2855381912063;98:3836.9013461912064;2497:3838.4119781912063;7434:3845.6198261912064;2760:3852.1583621912064;542:3859.6864661912064;1074:3860.6198741912062;336:3861.642994191206;2759:3866.372962191206;1664:3869.6268581912063;1659:3874.3864181912063;4844:3886.6589381912063;3270:3888.532018191206;4850:3894.085138191206;6823:3901.5654581912063;1946:3905.818738191206;7401:3907.017778191206;3560:3908.0933381912064;2970:3909.752782029221
0,5,default_vehtype,boarding,True,3909.752782029221,3939.752782029221,2970;-1;-1,2970;-1;-1,0.0,0.9326039956535443,0.9326039956535443,0.0,,0,117,1,,117,,
0,9,default_vehtype,boarding,True,3870.295682615636,3900.295682615636,2978;-1;-1,2978;-1;-1,0.0,0.9607561920102432,0.9607561920102432,0.0,,0,118,1,118,,,
0,10,default_vehtype,route,False,3900.0,3935.931022109512,6913;1321;0.034,2974;-1;-1,499.0419737432132,0.9431833262360996,0.9431334220387253,0.0,,0,120,1,,,6913;1321;597;2204;6066;6049;7367;2188;2186;5744;6033;5746;6031;146;2828;2974,6913:3900;1321:3904.9717044429785;597:3905.4345924429786;2204:3906.9918804429785;6066:3907.6375764429786;6049:3911.8639044429788;7367:3914.137448442979;2188:3920.800616442979;2186:3922.076888442979;5744:3924.092312442979;6033:3925.461752442979;5746:3927.385160442979;6031:3928.876784442979;146:3929.837912442979;2828:3930.929720442979;2974:3935.931022109512
0,1,default_vehtype,boarding,True,3955.0121856111737,3985.0121856111737,2977;-1;-1,2977;-1;-1,0.0,0.857327028929629,0.857327028929629,0.0,,0,116,1,,116,,
0,4,default_vehtype,route,False,3735.513597176794,4016.245050993966,2967;-1;-1,2986;-1;-1,3022.293303016282,0.8209888227478208,0.8206865934175192,0.0,,0,113,1,,,2967;3896;6788;5444;1716;2720;4210;1711;98;2497;7434;2760;542;1074;4204;5649;5760;205;5793;1407;5826;7411;4686;5074;5295;5274;7181;604;603;1365;2574;7139;1693;1114;5299;7129;754;611;1812;1186;7311;3767;4527;3089;3131;5447;7352;414;122;3426;4305;793;118;3979;4275;103;6480;7360;2986,2967:3735.513597176794;3896:3741.5931436115684;6788:3742.8601276115683;5444:3753.396535611568;1716:3756.186895611568;2720:3756.933535611568;4210:3757.831807611568;1711:3758.961487611568;98:3767.577295611568;2497:3769.087927611568;7434:3776.295775611568;2760:3782.834311611568;542:3790.362415611568;1074:3791.295823611568;4204:3792.2774716115678;5649:3793.078255611568;5760:3798.636583611568;205:3803.780839611568;5793:3807.902191611568;1407:3809.522335611568;5826:3811.802647611568;7411:3814.7012956115677;4686:3815.772007611568;5074:3822.712519611568;5295:3822.942775611568;5274:3826.321591611568;7181:3830.830879611568;604:3834.409279611568;603:3835.472863611568;1365:3837.4145836115677;2574:3848.9224636115678;7139:3855.1888636115677;1693:3856.827463611568;1114:3873.167983611568;5299:3887.713183611568;7129:3889.0641436115684;754:3932.6242636115685;611:3933.8728636115684;1812:3938.4440236115684;1186:3939.6212236115684;7311:3940.4368636115682;3767:3942.4432636115685;4527:3945.2401036115684;3089:3953.6497036115684;3131:3954.1299436115683;5447:3956.517583611568;7352:3957.8289436115683;414:3960.2986636115684;122:3972.653023611568;3426:3973.9065436115684;4305:3975.3088636115685;793:3987.4244236115687;118:3993.2887036115685;3979:3995.1392476115684;4275:3995.7305836115684;103:3996.8735116115686;6480:4010.1952396115685;7360:4015.6971196115683;2986:4016.245050993966
0,10,default_vehtype,boarding,True,3935.931022109512,3965.931022109512,2974;-1;-1,2974;-1;-1,0.0,0.9431334220387253,0.9431334220387253,0.0,,0,120;122,2,122,,,
0,10,default_vehtype,route,False,3965.931022109512,3991.207103698892,2974;-1;-1,2975;-1;-1,307.3402039863188,0.9431334220387253,0.9431026880183266,0.0,,0,120;122,2,,,2974;6479;3091;4274;880;3109;3874;2975,2974:3965.931022109512;6479:3966.4316004429793;3091:3979.753328442979;4274:3980.8962564429794;880:3981.4875924429793;3109:3983.3381364429792;3874:3989.202416442979;2975:3991.207103698892
0,1,default_vehtype,route,False,4020.0,4068.407015408084,2977;-1;-1,2978;-1;-1,403.3917950673678,0.857327028929629,0.8572866897501222,0.0,,0,,0,,,2977;6202;7516;7037;7512;3274;2902;3901;7011;7336;4365;7288;1182;2978,2977:4020;6202:4023.893092103112;7516:4024.754212103112;7037:4032.066172103112;7512:4039.299532103112;3274:4050.645532103112;2902:4050.7571321031123;3901:4051.225132103112;7011:4053.206092103112;7336:4056.113572103112;4365:4063.6946921031117;7288:4064.8178921031117;1182:4065.734812103112;2978:4068.407015408084
0,2,default_vehtype,route,False,4020.0,4034.7446532858626,2983;-1;-1,2977;-1;-1,122.87211071552242,0.91352602312846,0.9135137359173884,0.0,,0,,0,,,2983;7527;2802;2977,2983:4020;7527:4024.5269453889746;2802:4031.7424253889744;2977:4034.7446532858626
0,2,default_vehtype,boarding,True,4034.7446532858626,4064.7446532858626,2977;-1;-1,2977;-1;-1,0.0,0.9135137359173884,0.9135137359173884,0.0,,0,124,1,124,,,
0,3,default_vehtype,route,False,3798.1806658899427,4028.5135807621873,2981;-1;-1,2993;-1;-1,3062.6160462581374,0.7626799084088304,0.7623736468042046,0.0,,0,115,1,,,2981;6320;3549;6384;4032;1804;4811;5237;608;459;2416;4011;5246;363;366;2314;2877;1748;2880;906;984;2268;1857;1806;1371;938;5442;4054;2205;1369;2047;3631;4079;4572;4577;778;3636;3639;3642;7178;5275;5297;5072;1464;2847;5825;4587;5794;3202;2065;2023;4203;537;18;5629;1068;2559;6740;1717;2067;2063;1937;6789;3895;5465;7450;2993,2981:3798.1806658899427;6320:3801.553784744088;3549:3807.191024744088;6384:3807.452864744088;4032:3810.674504744088;1804:3811.590416744088;4811:3813.273056744088;5237:3818.013536744088;608:3826.879616744088;459:3827.209376744088;2416:3829.423016744088;4011:3830.0871447440877;5246:3836.012312744088;363:3842.921000744088;366:3844.326080744088;2314:3845.4709527440878;2877:3858.6420567440878;1748:3859.7605767440878;2880:3860.9223687440876;906:3873.1476807440877;984:3875.9173767440875;2268:3876.6652407440874;1857:3877.0511607440876;1806:3877.7133447440874;1371:3878.3835207440875;938:3880.9646487440873;5442:3890.6852967440873;4054:3898.325288744087;2205:3904.0777287440874;1369:3910.5238887440873;2047:3911.4669447440874;3631:3913.0297767440875;4079:3914.0970327440873;4572:3917.8954647440873;4577:3919.6281447440874;778:3923.9344647440876;3636:3924.9378567440876;3639:3925.790984744088;3642:3926.854568744088;7178:3930.4329687440877;5275:3934.942256744088;5297:3938.321072744088;5072:3938.5513287440876;1464:3945.4918407440878;2847:3946.562552744088;5825:3949.461200744088;4587:3951.7415127440877;5794:3953.3616567440877;3202:3957.483008744088;2065:3962.627264744088;2023:3968.185592744088;4203:3968.986376744088;537:3969.940376744088;18:3975.807944744088;5629:3981.657368744088;1068:3984.2097687440883;2559:3991.2603687440883;6740:3995.7309927440883;1717:4001.5647207440884;2067:4002.3025047440883;2063:4003.0187607440885;1937:4006.2887127440886;6789:4016.8251207440885;3895:4018.0921047440884;5465:4025.6240247440883;7450:4026.6082647440885;2993:4028.5135807621873
0,3,default_vehtype,boarding,True,4028.5135807621873,4058.5135807621873,2993;-1;-1,2993;-1;-1,0.0,0.7623736468042046,0.7623736468042046,0.0,,0,115,1,,115,,
0,4,default_vehtype,boarding,True,4016.245050993966,4046.245050993966,2986;-1;-1,2986;-1;-1,0.0,0.8206865934175192,0.8206865934175192,0.0,,0,113,1,,113,,
0,10,default_vehtype,boarding,True,3991.207103698892,4021.207103698892,2975;-1;-1,2975;-1;-1,0.0,0.9431026880183266,0.9431026880183266,0.0,,0,120;122,2,,120,,
0,0,default_vehtype,route,False,3918.1806658899427,4080.956240696336,2981;-1;-1,2974;-1;-1,1500.4598469308316,0.6893693455452673,0.6892192995605743,0.0,,0,119,1,,,2981;6320;3549;6384;4032;1804;4277;5239;6501;3911;5389;7301;3914;5398;5400;4040;4041;5374;5418;5424;5403;6546;1200;7312;3767;4527;3089;3131;5447;7352;414;122;3426;4305;793;118;3979;4275;103;6480;7360;3154;6028;2181;2180;146;2828;2974,2981:3918.1806658899427;6320:3921.553784744088;3549:3927.191024744088;6384:3927.452864744088;4032:3930.674504744088;1804:3931.590416744088;4277:3933.178496744088;5239:3938.683136744088;6501:3944.645696744088;3911:3954.000536744088;5389:3955.0663767440883;7301:3955.3202967440884;3914:3956.5039767440885;5398:3957.6808167440886;5400:3959.0074167440885;4040:3968.3122167440883;4041:3971.2565367440884;5374:3975.5090967440883;5418:3976.5463767440883;5424:3976.689656744088;5403:3977.794976744088;6546:3982.0218567440884;1200:3986.6309367440886;7312:3988.1246967440884;3767:3990.1310967440886;4527:3992.9279367440886;3089:4001.3375367440885;3131:4001.8177767440884;5447:4004.2054167440883;7352:4005.5167767440885;414:4007.9864967440885;122:4020.3408567440883;3426:4021.5943767440885;4305:4022.9966967440887;793:4035.112256744089;118:4040.9765367440887;3979:4042.8270807440886;4275:4043.4184167440885;103:4044.5613447440887;6480:4057.8830727440886;7360:4063.3849527440884;3154:4064.4767607440886;6028:4065.4378887440885;2181:4069.6699458869457;2180:4073.902003029803;146:4074.863131029803;2828:4075.954939029803;2974:4080.956240696336
0,0,default_vehtype,boarding,True,4080.956240696336,4110.956240696336,2974;-1;-1,2974;-1;-1,0.0,0.6892192995605743,0.6892192995605743,0.0,,0,119;125,2,125,119,,
0,1,default_vehtype,boarding,True,4068.407015408084,4098.407015408084,2978;-1;-1,2978;-1;-1,0.0,0.8572866897501222,0.8572866897501222,0.0,,0,123,1,123,,,
0,9,default_vehtype,route,False,3900.295682615636,4113.808524358717,2978;-1;-1,2969;-1;-1,2609.13704257042,0.9607561920102432,0.9604952783059861,0.0,,0,118,1,,,2978;4103;6297;1434;3820;3877;2787;4993;6537;7281;2307;3549;6384;4032;1804;4811;5237;608;459;2416;4011;5246;363;366;2314;2877;1748;2880;906;984;2268;1857;1806;1371;938;5442;4054;2205;1369;2047;3631;4079;4572;4577;778;3636;3639;3642;7178;5275;5297;5072;1464;2847;5825;4587;5794;3202;2065;2023;4203;4198;336;2969,2978:3900.295682615636;4103:3902.9146393106635;6297:3905.2739593106635;1434:3911.2330393106636;3820:3916.3416793106635;3877:3918.2495593106637;2787:3927.0420793106637;4993:3928.0911193106635;6537:3933.8909593106637;7281:3939.726079310664;2307:3943.244839310664;3549:3948.882079310664;6384:3949.143919310664;4032:3952.365559310664;1804:3953.281471310664;4811:3954.964111310664;5237:3959.704591310664;608:3968.570671310664;459:3968.900431310664;2416:3971.114071310664;4011:3971.7781993106637;5246:3977.703367310664;363:3984.612055310664;366:3986.017135310664;2314:3987.1620073106637;2877:4000.3331113106638;1748:4001.4516313106637;2880:4002.6134233106636;906:4014.8387353106637;984:4017.6084313106635;2268:4018.3562953106634;1857:4018.7422153106636;1806:4019.4043993106634;1371:4020.0745753106635;938:4022.6557033106633;5442:4032.3763513106633;4054:4040.016343310663;2205:4045.7687833106634;1369:4052.2149433106633;2047:4053.1579993106634;3631:4054.7208313106635;4079:4055.7880873106633;4572:4059.5865193106633;4577:4061.3191993106634;778:4065.6255193106635;3636:4066.6289113106636;3639:4067.482039310664;3642:4068.545623310664;7178:4072.1240233106637;5275:4076.633311310664;5297:4080.012127310664;5072:4080.2423833106636;1464:4087.1828953106638;2847:4088.253607310664;5825:4091.152255310664;4587:4093.4325673106637;5794:4095.0527113106637;3202:4099.174063310664;2065:4104.318319310663;2023:4109.876647310663;4203:4110.677431310663;4198:4111.659079310663;336:4112.682199310663;2969:4113.808524358717
0,11,default_vehtype,route,False,3884.985772440033,4134.756074407513,2991;-1;-1,2984;-1;-1,2197.08589616899,0.888018288550076,0.8877985799604591,0.0,,0,121,1,,,2991;3010;5658;3008;4585;330;4588;5827;7412;4686;5074;5295;5274;7181;604;603;1365;2574;7139;1693;1114;5299;7129;754;611;1812;1186;7311;3767;4527;3089;3131;5447;7352;414;122;3426;4314;68;7318;7325;3011;4;4345;1199;1204;2996;2984,2991:3884.985772440033;3010:3889.03304137066;5658:3889.8406413706603;3008:3897.94352137066;4585:3920.2718013706603;330:3929.8674813706602;4588:3930.4398813706603;5827:3932.72019337066;7412:3935.61884137066;4686:3936.68955337066;5074:3943.6300653706603;5295:3943.86032137066;5274:3947.23913737066;7181:3951.7484253706602;604:3955.32682537066;603:3956.39040937066;1365:3958.33212937066;2574:3969.84000937066;7139:3976.10640937066;1693:3977.7450093706602;1114:3994.0855293706604;5299:4008.6307293706604;7129:4009.9816893706607;754:4053.5418093706608;611:4054.7904093706607;1812:4059.3615693706606;1186:4060.5387693706607;7311:4061.3544093706605;3767:4063.3608093706607;4527:4066.1576493706607;3089:4074.5672493706606;3131:4075.0474893706605;5447:4077.4351293706604;7352:4078.7464893706606;414:4081.2162093706606;122:4093.5705693706605;3426:4094.8240893706607;4314:4096.007049370661;68:4101.605409370661;7318:4108.27344937066;7325:4111.60020937066;3011:4115.610849370661;4:4120.39596937066;4345:4122.43944937066;1199:4126.429792227803;1204:4130.420135084945;2996:4132.463615084946;2984:4134.756074407513
0,2,default_vehtype,route,False,4064.7446532858626,4150.577129824173,2977;-1;-1,2979;-1;-1,715.2706378192755,0.9135137359173884,0.9134422088536065,0.0,,0,124,1,,,2977;6202;7516;7037;7512;3274;2902;3901;7011;7336;4365;7288;1182;1001;6296;1434;3820;3877;2787;4993;6537;2979,2977:4064.7446532858626;6202:4068.6377453889745;7516:4069.4988653889745;7037:4076.8108253889745;7512:4084.0441853889747;3274:4095.3901853889747;2902:4095.501785388975;3901:4095.9697853889747;7011:4097.950745388975;7336:4100.8582253889745;4365:4108.439345388974;7288:4109.562545388974;1182:4110.479465388974;1001:4115.770625388974;6296:4118.129945388973;1434:4124.089025388973;3820:4129.197665388973;3877:4131.105545388973;2787:4139.898065388973;4993:4140.947105388973;6537:4146.746945388973;2979:4150.577129824173
0,2,default_vehtype,boarding,True,4150.577129824173,4180.577129824173,2979;-1;-1,2979;-1;-1,0.0,0.9134422088536065,0.9134422088536065,0.0,,0,124,1,,124,,
0,4,default_vehtype,route,False,4140.0,4181.962803587895,2986;-1;-1,2987;-1;-1,582.8167164985365,0.8206865934175192,0.8206283117458693,0.0,,0,,0,,,2986;3155;6029;5745;6035;5743;6038;6041;7365;2179;3064;6023;3524;7356;4225;2987,2986:4140;3155:4140.543876617602;6029:4141.505004617602;5745:4142.996628617602;6035:4144.920036617602;5743:4146.289476617602;6038:4148.3049006176025;6041:4149.5811726176025;7365:4156.244340617603;2179:4160.252580617603;3064:4161.554556617602;6023:4162.819236617603;3524:4164.560700617602;7356:4175.439540617603;4225:4180.024068617603;2987:4181.962803587895
0,9,default_vehtype,boarding,True,4113.808524358717,4143.808524358717,2969;-1;-1,2969;-1;-1,0.0,0.9604952783059861,0.9604952783059861,0.0,,0,118,1,,118,,
0,10,default_vehtype,route,False,4021.207103698892,4140.358369097554,2975;-1;-1,2982;-1;-1,992.9272116555164,0.9431026880183266,0.943003395297161,0.0,,0,122,1,,,2975;1166;429;3125;3406;2825;1944;130;99;4526;714;2800;4339;2419;5404;5421;1925;1883;926;925;5399;1905;830;2795;918;3075;7097;7290;2736;1744;1164;2789;1218;2982,2975:4021.207103698892;1166:4031.3179764429788;429:4032.720296442979;3125:4033.973816442979;3406:4046.328176442979;2825:4048.797896442979;1944:4050.109256442979;130:4052.496896442979;99:4052.977136442979;4526:4061.386736442979;714:4064.183576442979;2800:4066.189976442979;4339:4067.683736442979;2419:4072.292816442979;5404:4076.5196964429792;5421:4077.6250164429794;1925:4077.768296442979;1883:4078.805576442979;926:4083.058136442979;925:4086.002456442979;5399:4095.307256442979;1905:4096.633856442979;830:4097.810696442979;2795:4098.994376442979;918:4100.136536442979;3075:4108.009496442979;7097:4108.858856442979;7290:4114.6609764429795;2736:4123.379456442979;1744:4124.834696442979;1164:4135.943216442979;2789:4137.355016442979;1218:4138.478216442979;2982:4140.358369097554
0,10,default_vehtype,boarding,True,4140.358369097554,4170.358369097554,2982;-1;-1,2982;-1;-1,0.0,0.943003395297161,0.943003395297161,0.0,,0,122,1,,122,,
0,11,default_vehtype,boarding,True,4134.756074407513,4164.756074407513,2984;-1;-1,2984;-1;-1,0.0,0.8877985799604591,0.8877985799604591,0.0,,0,121,1,,121,,
0,11,default_vehtype,boarding,True,4164.756074407513,4194.756074407513,2984;-1;-1,2984;-1;-1,0.0,0.8877985799604591,0.8877985799604591,0.0,,0,126,1,126,,,
0,3,default_vehtype,route,False,4200.0,4234.403924446956,2993;-1;-1,2992;-1;-1,477.8322839854968,0.7623736468042046,0.762325863575806,0.0,,0,,0,,,2993;4483;7446;1960;816;6786;5444;1716;2720;4210;2067;2063;1937;2992,2993:4200;4483:4200.761419981901;7446:4203.428155981901;1960:4204.412395981901;816:4211.944315981901;6786:4213.211299981901;5444:4223.747707981901;1716:4226.538067981901;2720:4227.284707981901;4210:4228.182979981902;2067:4229.083555981902;2063:4229.799811981901;1937:4233.069763981901;2992:4234.403924446956
0,4,default_vehtype,boarding,True,4181.962803587895,4211.962803587895,2987;-1;-1,2987;-1;-1,0.0,0.8206283117458693,0.8206283117458693,0.0,,0,127,1,127,,,
0,10,default_vehtype,route,False,4200.0,4217.994410650397,2982;-1;-1,2978;-1;-1,149.95342208664545,0.943003395297161,0.9429883999549524,0.0,,0,,0,,,2982;2809;4365;7288;1182;2978,2982:4200;2809:4205.700967345425;4365:4213.282087345425;7288:4214.405287345425;1182:4215.322207345424;2978:4217.994410650397
0,10,default_vehtype,boarding,True,4217.994410650397,4247.994410650397,2978;-1;-1,2978;-1;-1,0.0,0.9429883999549524,0.9429883999549524,0.0,,0,129,1,129,,,
0,11,default_vehtype,route,False,4194.756074407513,4208.123821714285,2984;-1;-1,2976;-1;-1,111.3978942231051,0.8877985799604591,0.8877874401710368,0.0,,0,126,1,,,2984;3012;4;4345;7330;2976,2984:4194.756074407513;3012:4197.248735084945;4:4202.033855084945;4345:4204.077335084945;7330:4205.280335084945;2976:4208.123821714285
0,11,default_vehtype,boarding,True,4208.123821714285,4238.123821714285,2976;-1;-1,2976;-1;-1,0.0,0.8877874401710368,0.8877874401710368,0.0,,0,126,1,,126,,
0,3,default_vehtype,boarding,True,4234.403924446956,4264.403924446956,2992;-1;-1,2992;-1;-1,0.0,0.762325863575806,0.762325863575806,0.0,,0,128,1,128,,,
0,4,default_vehtype,route,False,4211.962803587895,4262.667338284136,2987;-1;-1,2974;-1;-1,704.2296485588942,0.8206283117458693,0.8205578887810133,0.0,,0,127,1,,,2987;4613;1084;7357;3525;6025;3063;6027;7362;2188;2186;5744;6033;5746;6031;146;2828;2974,2987:4211.962803587895;4613:4213.559052617603;1084:4217.094036617603;7357:4221.678564617603;3525:4232.557404617603;6025:4234.298868617603;3063:4235.563548617603;6027:4236.865524617603;7362:4240.873764617603;2188:4247.536932617603;2186:4248.813204617603;5744:4250.8286286176035;6033:4252.198068617604;5746:4254.121476617604;6031:4255.613100617604;146:4256.574228617604;2828:4257.666036617604;2974:4262.667338284136
0,4,default_vehtype,boarding,True,4262.667338284136,4292.667338284136,2974;-1;-1,2974;-1;-1,0.0,0.8205578887810133,0.8205578887810133,0.0,,0,127,1,,127,,
0,5,default_vehtype,reposition,True,4200.0,4317.593810696582,2970;-1;-1,2989;-1;-1,932.3449939000981,0.9326039956535443,0.9325107611541543,0.0,,0,,0,,,2970;671;662;7398;3491;6933;7394;6989;7392;5704;7389;3806;2573;885;316;2042;1982;6306;5681;2294;2035;6308;5495;5696;3307;3987;6878;2989,2970:4200;671:4201.0301161619855;662:4223.479836161985;7398:4226.999076161985;3491:4233.323796161984;6933:4234.235556161984;7394:4239.5971561619845;6989:4240.1915161619845;7392:4249.402596161985;5704:4251.767676161984;7389:4266.305916161984;3806:4270.370316161984;2573:4271.438316161984;885:4272.0416761619845;316:4278.868836161984;2042:4289.607276161984;1982:4290.369996161984;6306:4290.586836161984;5681:4292.980836161984;2294:4294.31232187627;2035:4295.643807590556;6308:4298.037807590556;5495:4298.2546475905565;5696:4299.017367590556;3307:4309.755807590556;3987:4316.582967590556;6878:4317.186327590556;2989:4317.593810696582
0,5,default_vehtype,repositioning_target,True,4317.593810696582,4317.593810696582,2989;-1;-1,2989;-1;-1,0.0,0.9325107611541543,0.9325107611541543,0.0,,0,,0,,,,
0,7,default_vehtype,reposition,True,4200.0,4291.29543594574,2969;-1;-1,2967;-1;-1,1125.588451627387,0.769782904958104,0.7696703461129413,0.0,,0,,0,,,2969;7192;1664;337;1075;537;18;5629;1068;2559;6740;1717;2067;2063;1937;6789;3895;5465;7450;1719;3469;470;469;5079;7447;1960;2967,2969:4200;7192:4203.603642951946;1664:4206.8575389519465;337:4214.617770951946;1075:4215.641610951946;537:4216.595610951946;18:4222.463178951945;5629:4228.312602951945;1068:4230.865002951945;2559:4237.9156029519445;6740:4242.386226951944;1717:4248.219954951944;2067:4248.957738951944;2063:4249.673994951943;1937:4252.943946951943;6789:4263.480354951943;3895:4264.747338951943;5465:4272.279258951943;7450:4273.263498951943;1719:4274.080122951943;3469:4275.100074951943;470:4281.061160666229;469:4287.022246380515;5079:4288.0421983805145;7447:4288.8588223805145;1960:4289.843062380514;2967:4291.29543594574
0,7,default_vehtype,repositioning_target,True,4291.29543594574,4291.29543594574,2967;-1;-1,2967;-1;-1,0.0,0.7696703461129413,0.7696703461129413,0.0,,0,,0,,,,
0,0,default_vehtype,route,False,4110.956240696336,4326.081901724959,2974;-1;-1,2970;-1;-1,2128.3671755038336,0.6892192995605743,0.6890064628430239,0.0,,0,125,1,,,2974;6479;7359;3154;6028;5745;6035;5743;6038;6041;7365;6050;6068;6077;3629;4502;6912;2108;7370;7608;5900;3459;4818;5992;6047;5708;3884;3030;3347;7376;2207;3446;3720;5332;251;2711;3358;2296;5495;5696;3307;3987;6878;746;2834;2045;2835;2641;7396;2616;486;2838;3722;3732;544;7400;5449;6824;4848;1631;1593;6821;1946;7401;3560;2970,2974:4110.956240696336;6479:4111.456819029803;7359:4116.958699029803;3154:4118.050507029803;6028:4119.011635029803;5745:4120.503259029803;6035:4122.426667029803;5743:4123.796107029803;6038:4125.8115310298035;6041:4127.087803029804;7365:4133.750971029804;6050:4136.024515029803;6068:4140.250843029803;6077:4140.896539029803;3629:4142.453827029803;4502:4142.916715029803;6912:4148.065147029803;2108:4149.961555029802;7370:4156.488283029802;7608:4156.717675029802;5900:4160.189371029802;3459:4160.944939029801;4818:4161.5598190298015;5992:4162.036603029802;6047:4166.225131029802;5708:4167.619411029802;3884:4170.158995029802;3030:4170.6570190298025;3347:4172.681227029802;7376:4173.116611029803;2207:4173.525499029803;3446:4176.348907029803;3720:4179.378595029802;5332:4180.370035029802;251:4181.117611029802;2711:4182.255427029802;3358:4184.4704350298025;2296:4192.771435029803;5495:4192.988275029803;5696:4193.750995029803;3307:4204.489435029803;3987:4211.316595029803;6878:4211.919955029803;746:4212.987955029803;2834:4217.052355029803;2045:4231.590595029803;2835:4233.9556750298025;2641:4243.1667550298025;7396:4243.761115029803;2616:4249.122715029803;486:4250.034475029803;2838:4256.359195029802;3722:4259.878435029802;3732:4282.328155029802;544:4285.017715029801;7400:4286.093275029802;5449:4287.292315029802;6824:4291.545595029802;4848:4299.025915029802;1631:4304.720086458373;1593:4310.414257886944;6821:4317.894577886944;1946:4322.147857886944;7401:4323.346897886944;3560:4324.422457886944;2970:4326.081901724959
0,0,default_vehtype,boarding,True,4326.081901724959,4356.081901724959,2970;-1;-1,2970;-1;-1,0.0,0.6890064628430239,0.6890064628430239,0.0,,0,125,1,,125,,
0,1,default_vehtype,route,False,4098.407015408084,4347.742399626189,2978;-1;-1,2968;-1;-1,3106.672354723554,0.8572866897501222,0.8569760225146499,0.0,,0,123,1,,,2978;4103;6297;1434;3820;3877;2787;4993;6537;7281;2307;3549;6384;4032;1804;4811;5237;608;459;2416;4011;5246;363;366;2314;2877;1748;2880;906;984;2268;1857;1806;1371;938;5442;4054;2205;1369;2047;3631;4079;4572;4577;778;3636;3639;3642;7178;5275;5297;5072;1464;2847;5825;4587;5794;3202;2065;2023;4203;537;18;5629;1068;2559;6740;1717;2067;2720;4210;1711;2968,2978:4098.407015408084;4103:4101.025972103112;6297:4103.385292103111;1434:4109.344372103111;3820:4114.453012103111;3877:4116.360892103111;2787:4125.153412103111;4993:4126.202452103111;6537:4132.00229210311;7281:4137.83741210311;2307:4141.35617210311;3549:4146.99341210311;6384:4147.25525210311;4032:4150.47689210311;1804:4151.39280410311;4811:4153.07544410311;5237:4157.815924103111;608:4166.682004103111;459:4167.01176410311;2416:4169.22540410311;4011:4169.8895321031105;5246:4175.81470010311;363:4182.723388103111;366:4184.128468103111;2314:4185.273340103111;2877:4198.444444103111;1748:4199.562964103111;2880:4200.724756103111;906:4212.95006810311;984:4215.719764103111;2268:4216.467628103111;1857:4216.85354810311;1806:4217.51573210311;1371:4218.18590810311;938:4220.76703610311;5442:4230.48768410311;4054:4238.12767610311;2205:4243.880116103111;1369:4250.326276103111;2047:4251.269332103111;3631:4252.832164103111;4079:4253.899420103111;4572:4257.697852103111;4577:4259.430532103111;778:4263.73685210311;3636:4264.74024410311;3639:4265.59337210311;3642:4266.65695610311;7178:4270.2353561031105;5275:4274.744644103111;5297:4278.123460103111;5072:4278.353716103111;1464:4285.294228103111;2847:4286.364940103111;5825:4289.263588103111;4587:4291.543900103111;5794:4293.164044103111;3202:4297.285396103111;2065:4302.429652103111;2023:4307.987980103111;4203:4308.788764103111;537:4309.742764103111;18:4315.6103321031105;5629:4321.4597561031105;1068:4324.01215610311;2559:4331.06275610311;6740:4335.533380103109;1717:4341.367108103109;2067:4342.104892103109;2720:4342.868308103109;4210:4343.766580103109;1711:4344.896260103109;2968:4347.742399626189
0,1,default_vehtype,boarding,True,4347.742399626189,4377.742399626189,2968;-1;-1,2968;-1;-1,0.0,0.8569760225146499,0.8569760225146499,0.0,,0,123,1,,123,,
0,7,default_vehtype,boarding,True,4291.29543594574,4321.29543594574,2967;-1;-1,2967;-1;-1,0.0,0.7696703461129413,0.7696703461129413,0.0,,0,130,1,130,,,
0,8,default_vehtype,route,False,4320.0,4327.381840040903,2970;-1;-1,2990;-1;-1,61.51533367418344,0.8968714030384969,0.8968652515051294,0.0,,0,,0,,,2970;671;544;7400;5449;2990,2970:4320;671:4321.0301161619855;544:4323.719676161985;7400:4324.7952361619855;5449:4325.994276161986;2990:4327.381840040903
0,8,default_vehtype,boarding,True,4327.381840040903,4357.381840040903,2990;-1;-1,2990;-1;-1,0.0,0.8968652515051294,0.8968652515051294,0.0,,0,131,1,131,,,
0,2,default_vehtype,reposition,True,4200.0,4402.911904254135,2979;-1;-1,2973;-1;-1,2147.060361502996,0.9134422088536065,0.9132275028174561,0.0,,0,,0,,,2979;2786;2307;3549;6384;4032;1804;4277;5239;6501;3911;5389;7301;3914;5398;5400;4040;4041;5374;5418;5424;5403;6546;1200;7312;3767;4527;3089;3131;5447;7352;414;122;3426;4305;793;118;3979;4275;103;6480;7360;3154;6028;5745;6035;5743;6038;6041;7365;6050;6068;6077;3629;4502;6912;2108;7370;1420;1084;2973,2979:4200;2786:4202.004935564799;2307:4205.523695564799;3549:4211.160935564799;6384:4211.422775564799;4032:4214.644415564799;1804:4215.560327564799;4277:4217.1484075647995;5239:4222.6530475648;6501:4228.6156075648;3911:4237.9704475647995;5389:4239.0362875648;7301:4239.2902075648;3914:4240.4738875648;5398:4241.6507275648;5400:4242.9773275648;4040:4252.2821275648;4041:4255.2264475648;5374:4259.4790075648;5418:4260.516287564799;5424:4260.6595675647995;5403:4261.764887564799;6546:4265.991767564799;1200:4270.6008475648;7312:4272.0946075648;3767:4274.1010075648;4527:4276.8978475648;3089:4285.3074475648;3131:4285.7876875648;5447:4288.1753275648;7352:4289.4866875647995;414:4291.9564075647995;122:4304.3107675648;3426:4305.5642875648;4305:4306.9666075648;793:4319.0821675648;118:4324.9464475648;3979:4326.7969915648;4275:4327.3883275648;103:4328.531255564801;6480:4341.8529835648005;7360:4347.3548635648;3154:4348.4466715648;6028:4349.4077995648;5745:4350.899423564801;6035:4352.8228315648;5743:4354.192271564801;6038:4356.207695564801;6041:4357.483967564801;7365:4364.147135564801;6050:4366.420679564801;6068:4370.6470075648;6077:4371.2927035648;3629:4372.8499915648;4502:4373.3128795648;6912:4378.4613115648;2108:4380.3577195647995;7370:4386.884447564799;1420:4398.589559564799;1084:4402.124543564799;2973:4402.911904254135
0,2,default_vehtype,repositioning_target,True,4402.911904254135,4402.911904254135,2973;-1;-1,2973;-1;-1,0.0,0.9132275028174561,0.9132275028174561,0.0,,0,,0,,,,
0,9,default_vehtype,reposition,True,4200.0,4388.511076375835,2969;-1;-1,2966;-1;-1,1632.2617082123672,0.9604952783059861,0.9603320521351649,0.0,,0,,0,,,2969;7192;1664;337;1075;5648;5759;205;5793;1407;5826;7411;4686;5074;5295;5274;7181;604;603;602;1339;1395;1399;835;1147;1093;2607;911;1150;665;666;1885;668;1415;1041;1623;1383;2333;2966,2969:4200;7192:4203.603642951946;1664:4206.8575389519465;337:4214.617770951946;1075:4215.641610951946;5648:4216.442394951946;5759:4222.000722951946;205:4227.144978951946;5793:4231.266330951946;1407:4232.886474951946;5826:4235.166786951946;7411:4238.065434951946;4686:4239.136146951946;5074:4246.076658951946;5295:4246.306914951946;5274:4249.685730951946;7181:4254.195018951947;604:4257.773418951947;603:4258.837002951947;602:4259.690130951947;1339:4260.682506951947;1395:4269.219834951948;1399:4271.360538951948;835:4274.937498951948;1147:4275.730074951948;1093:4276.989354951948;2607:4285.0480269519485;911:4287.901890951948;1150:4288.662354951948;665:4290.112218951948;666:4290.981330951949;1885:4291.967154951949;668:4305.337554951949;1415:4305.9666189519485;1041:4322.653133237663;1623:4327.03639038052;1383:4338.121818951949;2333:4378.275704666235;2966:4388.511076375835
0,9,default_vehtype,repositioning_target,True,4388.511076375835,4388.511076375835,2966;-1;-1,2966;-1;-1,0.0,0.9603320521351649,0.9603320521351649,0.0,,0,,0,,,,
0,1,default_vehtype,route,False,4440.0,4473.244143546293,2968;-1;-1,2991;-1;-1,461.72421592074585,0.8569760225146499,0.8569298500930578,0.0,,0,,0,,,2968;98;2497;7434;2760;542;1074;4204;537;2991,2968:4440;98:4445.769668476921;2497:4447.280300476921;7434:4454.488148476921;2760:4461.026684476921;542:4468.554788476921;1074:4469.488196476921;4204:4470.469844476921;537:4471.423844476921;2991:4473.244143546293
0,3,default_vehtype,route,False,4264.403924446956,4462.467017246246,2992;-1;-1,2980;-1;-1,2377.7959948882412,0.762325863575806,0.7620880839763172,0.0,,0,128,1,,,2992;2526;5444;1716;2720;4210;1711;98;2497;7434;2760;542;1074;4204;5649;5760;205;5793;1407;5826;7411;4686;5074;5295;5274;7181;604;603;602;3851;4573;1400;971;598;1368;591;585;940;1370;939;1903;983;3921;840;2881;5099;1157;2058;2092;915;2980,2992:4264.403924446956;2526:4273.606171981902;5444:4284.142579981902;1716:4286.932939981902;2720:4287.679579981902;4210:4288.577851981902;1711:4289.707531981902;98:4298.323339981902;2497:4299.833971981902;7434:4307.041819981902;2760:4313.580355981902;542:4321.108459981902;1074:4322.041867981902;4204:4323.023515981902;5649:4323.824299981902;5760:4329.382627981902;205:4334.526883981902;5793:4338.648235981902;1407:4340.268379981902;5826:4342.548691981902;7411:4345.447339981903;4686:4346.518051981902;5074:4353.458563981902;5295:4353.688819981902;5274:4357.067635981903;7181:4361.576923981903;604:4365.155323981903;603:4366.218907981904;602:4367.072035981903;3851:4368.075427981903;4573:4372.381747981903;1400:4374.114427981903;971:4377.912859981902;598:4378.980115981903;1368:4379.940451981903;591:4385.811403981903;585:4398.982651981903;940:4405.562515981903;1370:4412.589139981903;939:4413.285811981903;1903:4414.107403981903;983:4415.089915981903;3921:4418.888059981903;840:4423.448899981903;2881:4430.079523981904;5099:4431.232387981903;1157:4435.971530839046;2058:4441.761359410474;2092:4445.150502267617;915:4450.268673696189;2980:4462.467017246246
0,3,default_vehtype,boarding,True,4462.467017246246,4492.467017246246,2980;-1;-1,2980;-1;-1,0.0,0.7620880839763172,0.7620880839763172,0.0,,0,128,1,,128,,
0,6,default_vehtype,route,False,4440.0,4470.158021267549,2976;-1;-1,2977;-1;-1,251.31684389623734,0.5413657861785793,0.5413406544941897,0.0,,0,,0,,,2976;7557;7316;7531;2802;2977,2976:4440;7557:4444.99035337066;7316:4452.385353370661;7531:4459.940313370661;2802:4467.155793370661;2977:4470.158021267549
0,10,default_vehtype,route,False,4247.994410650397,4472.860571224344,2978;-1;-1,2990;-1;-1,1873.8846714495362,0.9429883999549524,0.9428010114878075,0.0,,0,129,1,,,2978;4103;4326;7286;4302;5102;7160;7294;2701;3076;4023;7300;3914;5398;5400;4040;4041;5374;5418;5424;5403;6546;1200;7312;4332;799;3653;3825;7127;3766;3988;553;7132;7191;3566;4337;7134;6667;6711;1807;1653;6829;4349;4937;669;5061;7265;3848;534;2839;5449;2990,2978:4247.994410650397;4103:4250.613367345425;4326:4255.904527345425;7286:4256.8214473454245;4302:4258.233247345424;5102:4269.341767345424;7160:4270.797007345424;7294:4279.515487345425;2701:4285.317607345425;3076:4286.166967345425;4023:4294.039927345425;7300:4295.182087345425;3914:4296.365767345425;5398:4297.5426073454255;5400:4298.869207345426;4040:4308.174007345426;4041:4311.118327345425;5374:4315.370887345425;5418:4316.408167345425;5424:4316.551447345425;5403:4317.656767345425;6546:4321.883647345425;1200:4326.492727345425;7312:4327.986487345425;4332:4328.802127345425;799:4329.983047345425;3653:4334.579287345425;3825:4335.827887345425;7127:4379.388007345425;3766:4380.325207345425;3988:4384.060807345425;553:4384.519087345425;7132:4394.397967345425;7191:4402.355167345425;3566:4404.184327345425;4337:4408.682527345425;7134:4409.782567345425;6667:4417.714687345426;6711:4433.574247345426;1807:4435.501447345426;1653:4441.305367345426;6829:4442.078287345426;4349:4442.627167345427;4937:4446.996727345427;669:4457.304127345426;5061:4463.112487345426;7265:4463.895727345426;3848:4464.8703673454265;534:4468.915327345427;2839:4470.273967345427;5449:4471.4730073454275;2990:4472.860571224344
0,1,default_vehtype,boarding,True,4473.244143546293,4503.244143546293,2991;-1;-1,2991;-1;-1,0.0,0.8569298500930578,0.8569298500930578,0,,0,132,1,132,,,
0,6,default_vehtype,boarding,True,4470.158021267549,4500.158021267549,2977;-1;-1,2977;-1;-1,0.0,0.5413406544941897,0.5413406544941897,0,,0,133,1,133,,,
0,10,default_vehtype,boarding,True,4472.860571224344,4502.860571224344,2990;-1;-1,2990;-1;-1,0.0,0.9428010114878075,0.9428010114878075,0,,0,129,1,,129,,
0,7,default_vehtype,route,False,4321.29543594574,4591.350229009857,2967;-1;-1,2976;-1;-1,2805.785866838588,0.7696703461129413,0.7693897675262574,0.0,,0,130,1,,,2967;3896;6788;5444;1716;2720;4210;1711;98;2497;7434;2760;542;1074;4204;5649;5760;205;5793;1407;5826;7411;4686;5074;5295;5274;7181;604;603;1365;2574;7139;1693;1114;5299;7129;754;611;1812;1186;7311;3767;4527;3089;3131;5447;7352;414;122;3426;4314;68;7318;7325;3011;4;4345;7330;2976,2967:4321.29543594574;3896:4327.374982380515;6788:4328.6419663805145;5444:4339.1783743805145;1716:4341.968734380514;2720:4342.715374380515;4210:4343.613646380515;1711:4344.743326380515;98:4353.359134380515;2497:4354.869766380515;7434:4362.077614380515;2760:4368.616150380515;542:4376.144254380515;1074:4377.077662380515;4204:4378.059310380515;5649:4378.860094380515;5760:4384.418422380515;205:4389.562678380515;5793:4393.684030380515;1407:4395.304174380515;5826:4397.584486380515;7411:4400.483134380515;4686:4401.553846380515;5074:4408.494358380515;5295:4408.724614380515;5274:4412.103430380515;7181:4416.612718380516;604:4420.191118380516;603:4421.254702380516;1365:4423.196422380516;2574:4434.704302380516;7139:4440.970702380517;1693:4442.609302380517;1114:4458.949822380517;5299:4473.495022380516;7129:4474.845982380516;754:4518.406102380516;611:4519.654702380516;1812:4524.225862380516;1186:4525.4030623805165;7311:4526.218702380516;3767:4528.225102380517;4527:4531.0219423805165;3089:4539.4315423805165;3131:4539.911782380516;5447:4542.299422380516;7352:4543.610782380516;414:4546.080502380516;122:4558.434862380516;3426:4559.6883823805165;4314:4560.871342380517;68:4566.4697023805165;7318:4573.137742380516;7325:4576.464502380516;3011:4580.475142380516;4:4585.260262380516;4345:4587.303742380516;7330:4588.506742380517;2976:4591.350229009857
0,7,default_vehtype,boarding,True,4591.350229009857,4621.350229009857,2976;-1;-1,2976;-1;-1,0.0,0.7693897675262574,0.7693897675262574,0.0,,0,130,1,,130,,
0,8,default_vehtype,route,False,4357.381840040903,4629.632250773013,2990;-1;-1,2983;-1;-1,2268.7534227675733,0.8968652515051294,0.8966383761628527,0.0,,0,131,1,,,2990;2552;1946;7401;3551;3849;7263;5060;3728;4936;1207;2554;4974;5249;6709;2464;7135;1193;552;2755;7131;3567;888;712;2718;754;611;1812;1186;7311;4339;2419;5404;5421;1925;1883;926;925;5399;1905;830;2795;918;3075;7097;7290;2736;1744;1164;2789;1218;7334;7010;820;7498;276;2915;2661;7517;6201;7314;2983,2990:4357.381840040903;2552:4360.247556161986;1946:4364.500836161986;7401:4365.699876161986;3551:4367.0585161619865;3849:4371.103476161987;7263:4372.078116161987;5060:4372.861356161987;3728:4378.669716161987;4936:4388.9771161619865;1207:4393.346676161987;2554:4393.895556161987;4974:4394.668476161987;5249:4400.4723961619875;6709:4402.399596161988;2464:4418.259156161987;7135:4426.191276161988;1193:4427.291316161988;552:4431.789516161988;2755:4433.618676161988;7131:4441.575876161988;3567:4451.454756161988;888:4451.913036161988;712:4455.648636161988;2718:4456.5858361619885;754:4500.145956161989;611:4501.3945561619885;1812:4505.965716161989;1186:4507.142916161989;7311:4507.958556161989;4339:4509.452316161989;2419:4514.061396161989;5404:4518.288276161989;5421:4519.393596161989;1925:4519.536876161989;1883:4520.574156161989;926:4524.826716161989;925:4527.771036161988;5399:4537.075836161988;1905:4538.402436161989;830:4539.579276161989;2795:4540.762956161989;918:4541.905116161989;3075:4549.778076161989;7097:4550.627436161989;7290:4556.429556161989;2736:4565.148036161989;1744:4566.603276161989;1164:4577.711796161989;2789:4579.123596161989;1218:4580.246796161989;7334:4587.8279161619885;7010:4590.735396161988;820:4592.716356161988;7498:4593.184356161988;276:4593.295956161988;2915:4604.641956161988;2661:4611.875316161988;7517:4619.187276161988;6201:4620.0483961619875;7314:4626.943716161987;2983:4629.632250773013
0,8,default_vehtype,boarding,True,4629.632250773013,4659.632250773013,2983;-1;-1,2983;-1;-1,0.0,0.8966383761628527,0.8966383761628527,0.0,,0,131,1,,131,,
0,9,default_vehtype,boarding,True,4620.0,4650.0,2966;-1;-1,2966;-1;-1,0.0,0.9603320521351649,0.9603320521351649,0.0,,0,134,1,134,,,
0,1,default_vehtype,route,False,4503.244143546293,4734.711929842088,2991;-1;-1,2985;-1;-1,2108.037698552667,0.8569298500930578,0.8567190463232025,0.0,,0,132,1,,,2991;3010;5658;3008;4585;330;4588;5827;7412;4686;5074;5295;5274;7181;604;603;1365;2574;7139;1693;1114;5299;7129;754;611;1812;1186;7311;3767;4527;3089;3131;5447;7352;414;122;3426;4305;793;118;3979;2985,2991:4503.244143546293;3010:4507.29141247692;5658:4508.0990124769205;3008:4516.201892476921;4585:4538.530172476921;330:4548.125852476921;4588:4548.698252476921;5827:4550.978564476921;7412:4553.877212476921;4686:4554.947924476921;5074:4561.888436476921;5295:4562.118692476921;5274:4565.497508476921;7181:4570.006796476921;604:4573.585196476922;603:4574.648780476922;1365:4576.590500476922;2574:4588.098380476922;7139:4594.3647804769225;1693:4596.003380476923;1114:4612.3439004769225;5299:4626.889100476922;7129:4628.240060476922;754:4671.800180476922;611:4673.048780476922;1812:4677.619940476922;1186:4678.797140476922;7311:4679.612780476922;3767:4681.619180476922;4527:4684.416020476922;3089:4692.825620476922;3131:4693.305860476922;5447:4695.693500476922;7352:4697.004860476922;414:4699.474580476922;122:4711.828940476922;3426:4713.082460476922;4305:4714.484780476922;793:4726.600340476923;118:4732.464620476922;3979:4734.315164476922;2985:4734.711929842088
0,5,default_vehtype,route,False,4680.0,4718.744117282407,2989;-1;-1,2972;-1;-1,376.01253506691756,0.9325107611541543,0.9324731599006476,0.0,,0,,0,,,2989;3808;6876;885;316;2042;1982;6306;374;7114;3246;5330;661;445;2972,2989:4680;3808:4680.660516893973;6876:4681.728516893973;885:4682.3318768939735;316:4689.159036893973;2042:4699.897476893973;1982:4700.660196893973;6306:4700.877036893973;374:4709.1780368939735;7114:4711.393044893974;3246:4712.530860893974;5330:4713.278436893974;661:4714.269876893974;445:4717.299564893973;2972:4718.744117282407
0,6,default_vehtype,route,False,4500.158021267549,4688.710014635,2977;-1;-1,2980;-1;-1,1527.828435539931,0.5413406544941897,0.5411878716506356,0.0,,0,133,1,,,2977;6202;7516;7037;7512;3274;2902;3901;7011;7336;4365;7288;1182;1001;6296;1434;3820;3877;2787;4993;6537;7281;2307;3549;6384;4032;1804;4811;5237;608;459;2416;4011;5246;363;366;2314;2877;1748;1743;1157;2058;2092;915;2980,2977:4500.158021267549;6202:4504.0511133706605;7516:4504.91223337066;7037:4512.22419337066;7512:4519.45755337066;3274:4530.80355337066;2902:4530.91515337066;3901:4531.38315337066;7011:4533.36411337066;7336:4536.2715933706595;4365:4543.852713370659;7288:4544.975913370659;1182:4545.892833370659;1001:4551.183993370659;6296:4553.543313370658;1434:4559.502393370658;3820:4564.611033370658;3877:4566.518913370658;2787:4575.311433370658;4993:4576.360473370658;6537:4582.160313370658;7281:4587.995433370657;2307:4591.514193370657;3549:4597.151433370657;6384:4597.413273370657;4032:4600.634913370657;1804:4601.550825370658;4811:4603.2334653706575;5237:4607.973945370658;608:4616.840025370658;459:4617.169785370657;2416:4619.383425370657;4011:4620.047553370658;5246:4625.972721370657;363:4632.881409370658;366:4634.286489370658;2314:4635.431361370658;2877:4648.602465370658;1748:4649.720985370658;1743:4657.475385370658;1157:4662.214528227801;2058:4668.004356799229;2092:4671.393499656372;915:4676.511671084943;2980:4688.710014635
0,6,default_vehtype,boarding,True,4688.710014635,4718.710014635,2980;-1;-1,2980;-1;-1,0.0,0.5411878716506356,0.5411878716506356,0.0,,0,133,1,,133,,
0,7,default_vehtype,boarding,True,4680.0,4710.0,2976;-1;-1,2976;-1;-1,0.0,0.7693897675262574,0.7693897675262574,0.0,,0,139,1,139,,,
0,8,default_vehtype,route,False,4680.0,4694.744653285862,2983;-1;-1,2977;-1;-1,122.87211071552242,0.8966383761628527,0.8966260889517811,0.0,,0,,0,,,2983;7527;2802;2977,2983:4680;7527:4684.526945388974;2802:4691.742425388974;2977:4694.744653285862
0,8,default_vehtype,boarding,True,4694.744653285862,4724.744653285862,2977;-1;-1,2977;-1;-1,0.0,0.8966260889517811,0.8966260889517811,0.0,,0,136,1,136,,,
0,10,default_vehtype,route,False,4620.0,4723.115592139179,2990;-1;-1,2993;-1;-1,1265.2456901492892,0.9428010114878075,0.9426744869187925,0.0,,0,,0,,,2990;2552;4848;3271;4846;4989;5000;337;1075;537;18;5629;1068;2559;6740;1717;2067;2063;1937;6789;3895;5465;7450;2993,2990:4620;2552:4622.865716121083;4848:4630.346036121083;3271:4635.899156121082;4846:4637.772236121083;4989:4650.044756121083;5000:4654.8043161210835;337:4662.564548121083;1075:4663.588388121083;537:4664.542388121083;18:4670.409956121082;5629:4676.259380121082;1068:4678.811780121082;2559:4685.8623801210815;6740:4690.333004121081;1717:4696.166732121081;2067:4696.904516121081;2063:4697.62077212108;1937:4700.89072412108;6789:4711.42713212108;3895:4712.69411612108;5465:4720.22603612108;7450:4721.21027612108;2993:4723.115592139179
0,1,default_vehtype,boarding,True,4734.711929842088,4764.711929842088,2985;-1;-1,2985;-1;-1,0.0,0.8567190463232025,0.8567190463232025,0.0,,0,132,1,,132,,
0,5,default_vehtype,boarding,True,4718.744117282407,4748.744117282407,2972;-1;-1,2972;-1;-1,0.0,0.9324731599006476,0.9324731599006476,0.0,,0,137,1,137,,,
0,10,default_vehtype,boarding,True,4723.115592139179,4753.115592139179,2993;-1;-1,2993;-1;-1,0.0,0.9426744869187925,0.9426744869187925,0.0,,0,135,1,135,,,
0,11,default_vehtype,reposition,True,4500.0,4771.506262935887,2976;-1;-1,2967;-1;-1,2770.690133161412,0.8877874401710368,0.8875103711577208,0.0,,0,,0,,,2976;7557;2806;4344;2996;3013;7322;2804;3061;1173;3425;3125;3406;2825;1944;130;99;4526;714;2800;4332;799;3653;3825;7127;1836;4248;5046;7138;6879;1367;3637;1339;1395;1399;835;1147;2412;836;1097;738;2470;734;1815;739;1724;1962;1910;164;1354;197;1311;7;1963;1308;482;7613;2611;1307;2876;1960;2967,2976:4500;7557:4504.99035337066;2806:4512.82419337066;4344:4514.027193370661;2996:4516.070673370661;3013:4520.855793370661;7322:4524.866433370661;2804:4528.193193370661;3061:4534.861233370661;1173:4540.4595933706605;3425:4541.642553370661;3125:4542.896073370661;3406:4555.250433370661;2825:4557.720153370661;1944:4559.031513370661;130:4561.419153370661;99:4561.899393370661;4526:4570.308993370661;714:4573.105833370661;2800:4575.112233370661;4332:4575.927873370661;799:4577.10879337066;3653:4581.70503337066;3825:4582.95363337066;7127:4626.51375337066;1836:4627.86471337066;4248:4642.4099133706595;5046:4658.750433370659;7138:4660.3890333706595;6879:4666.65543337066;1367:4678.14831337066;3637:4680.041433370659;1339:4681.03380937066;1395:4689.57113737066;1399:4691.71184137066;835:4695.288801370661;1147:4696.08137737066;2412:4696.88943337066;836:4697.888217370661;1097:4713.148977370661;738:4713.851625370661;2470:4714.801305370661;734:4715.010177370661;1815:4716.018393370661;739:4716.858921370661;1724:4733.316609370661;1962:4734.373425370662;1910:4735.195665370662;164:4736.1468573706625;1354:4737.103377370662;197:4739.312625370662;1311:4750.847385370662;7:4754.542353370662;1963:4754.950809370662;1308:4755.312033370662;482:4759.866681370662;7613:4761.190833370662;2611:4765.087185370662;1307:4766.402913370662;2876:4769.069649370662;1960:4770.053889370662;2967:4771.506262935887
0,11,default_vehtype,repositioning_target,True,4771.506262935887,4771.506262935887,2967;-1;-1,2967;-1;-1,0.0,0.8875103711577208,0.8875103711577208,0.0,,0,,0,,,,
0,1,default_vehtype,route,False,4800.0,4810.5054178907485,2985;-1;-1,2975;-1;-1,102.19209706087136,0.8567190463232025,0.8567088271134964,0.0,,0,,0,,,2985;1140;880;3109;3874;2975,2985:4800;1140:4800.194570634835;880:4800.785906634836;3109:4802.6364506348355;3874:4808.500730634835;2975:4810.5054178907485
0,1,default_vehtype,boarding,True,4810.5054178907485,4840.5054178907485,2975;-1;-1,2975;-1;-1,0.0,0.8567088271134964,0.8567088271134964,0.0,,0,142,1,142,,,
0,2,default_vehtype,route,False,4800.0,4844.785940977197,2973;-1;-1,2974;-1;-1,622.0269580166158,0.9132275028174561,0.9131653001216544,0.0,,0,,0,,,2973;7354;3525;6025;3063;6027;7362;2188;2186;5744;6033;5746;6031;146;2828;2974,2973:4800;7354:4803.797167310664;3525:4814.676007310664;6025:4816.417471310664;3063:4817.682151310664;6027:4818.984127310664;7362:4822.992367310664;2188:4829.655535310664;2186:4830.931807310664;5744:4832.947231310664;6033:4834.316671310665;5746:4836.240079310664;6031:4837.731703310665;146:4838.692831310665;2828:4839.784639310665;2974:4844.785940977197
0,4,default_vehtype,route,False,4680.0,4825.01311763844,2974;-1;-1,2978;-1;-1,1305.1488377284809,0.8205578887810133,0.8204273738972404,0.0,,0,,0,,,2974;6479;3091;4274;880;3109;3874;4306;429;3125;3406;2825;1944;130;99;4526;714;2800;4339;2419;5404;5421;1925;1883;926;925;5399;1905;830;2795;918;3075;7097;7290;2736;1744;1164;2789;1182;2978,2974:4680;6479:4680.500578333467;3091:4693.822306333467;4274:4694.965234333467;880:4695.556570333468;3109:4697.407114333468;3874:4703.2713943334675;4306:4715.386954333468;429:4716.789274333468;3125:4718.042794333468;3406:4730.397154333468;2825:4732.866874333468;1944:4734.178234333468;130:4736.565874333468;99:4737.046114333468;4526:4745.455714333468;714:4748.252554333468;2800:4750.258954333468;4339:4751.752714333468;2419:4756.361794333468;5404:4760.588674333469;5421:4761.693994333468;1925:4761.8372743334685;1883:4762.874554333468;926:4767.127114333468;925:4770.071434333468;5399:4779.376234333467;1905:4780.702834333468;830:4781.879674333468;2795:4783.063354333468;918:4784.205514333468;3075:4792.078474333468;7097:4792.927834333468;7290:4798.729954333468;2736:4807.448434333468;1744:4808.903674333468;1164:4820.012194333468;2789:4821.423994333468;1182:4822.3409143334675;2978:4825.01311763844
0,4,default_vehtype,boarding,True,4825.01311763844,4855.01311763844,2978;-1;-1,2978;-1;-1,0.0,0.8204273738972404,0.8204273738972404,0.0,,0,138,1,138,,,
0,8,default_vehtype,route,False,4724.744653285862,4810.577129824172,2977;-1;-1,2979;-1;-1,715.2706378192755,0.8966260889517811,0.8965545618879992,0.0,,0,136,1,,,2977;6202;7516;7037;7512;3274;2902;3901;7011;7336;4365;7288;1182;1001;6296;1434;3820;3877;2787;4993;6537;2979,2977:4724.744653285862;6202:4728.637745388974;7516:4729.498865388973;7037:4736.810825388973;7512:4744.044185388973;3274:4755.390185388973;2902:4755.501785388973;3901:4755.969785388973;7011:4757.950745388973;7336:4760.858225388973;4365:4768.4393453889725;7288:4769.5625453889725;1182:4770.479465388972;1001:4775.770625388972;6296:4778.1299453889715;1434:4784.089025388971;3820:4789.1976653889715;3877:4791.105545388971;2787:4799.898065388971;4993:4800.947105388971;6537:4806.746945388971;2979:4810.577129824172
0,8,default_vehtype,boarding,True,4810.577129824172,4840.577129824172,2979;-1;-1,2979;-1;-1,0.0,0.8965545618879992,0.8965545618879992,0.0,,0,136,1,,136,,
0,9,default_vehtype,route,False,4650.0,4858.07901915054,2966;-1;-1,2981;-1;-1,2134.1665645579005,0.9603320521351649,0.9601186354787091,0.0,,0,134,1,,,2966;2743;2631;2150;735;738;1096;3736;81;831;2413;1146;832;1880;1340;3638;602;3851;4573;1400;971;598;1368;591;585;940;1370;939;1903;983;3921;840;2881;5099;2878;1735;2581;370;361;2874;1887;4059;910;6541;3462;3648;2851;2850;1801;1560;5242;922;6385;3550;2981,2966:4650;2743:4657.8438282904;2631:4661.855256861829;2150:4678.7855425761145;735:4689.267714004686;738:4695.435542576115;1096:4704.974514004686;3736:4705.237530004686;81:4709.086434004686;831:4719.933018004686;2413:4720.9207140046865;1146:4721.7340980046865;832:4722.542514004686;1880:4725.140202004686;1340:4736.673018004686;3638:4737.659490004686;602:4738.5126180046855;3851:4739.516010004685;4573:4743.822330004685;1400:4745.555010004685;971:4749.353442004684;598:4750.420698004685;1368:4751.381034004685;591:4757.251986004685;585:4770.423234004685;940:4777.003098004685;1370:4784.029722004685;939:4784.726394004685;1903:4785.547986004685;983:4786.530498004685;3921:4790.328642004685;840:4794.889482004685;2881:4801.520106004686;5099:4802.672970004685;2878:4803.800994004685;1735:4814.785314004685;2581:4816.124730004684;370:4817.707578004684;361:4820.204682004684;2874:4820.790690004685;1887:4826.446074004684;4059:4828.365378004684;910:4832.881578004684;6541:4833.545706004685;3462:4835.759346004685;3648:4836.089106004684;2851:4840.7633460046845;2850:4841.6967060046845;1801:4844.992386004685;1560:4849.732866004685;5242:4851.415506004685;922:4852.3314180046855;6385:4855.553058004685;3550:4855.814898004685;2981:4858.07901915054
0,11,default_vehtype,route,False,4771.506262935887,4800.045417835717,2967;-1;-1,2992;-1;-1,396.3771513865149,0.8875103711577208,0.8874707334425821,0.0,,0,,0,,,2967;3896;6788;5444;1716;2720;4210;2067;2063;1937;2992,2967:4771.506262935887;3896:4777.585809370662;6788:4778.852793370662;5444:4789.389201370662;1716:4792.179561370662;2720:4792.926201370662;4210:4793.824473370662;2067:4794.725049370662;2063:4795.441305370662;1937:4798.711257370662;2992:4800.045417835717
0,11,default_vehtype,boarding,True,4800.045417835717,4830.045417835717,2992;-1;-1,2992;-1;-1,0.0,0.8874707334425821,0.8874707334425821,0.0,,0,140,1,140,,,
0,1,default_vehtype,route,False,4840.5054178907485,4883.680457264176,2975;-1;-1,2976;-1;-1,359.7919947785567,0.8567088271134964,0.8566728479140185,0.0,,0,142,1,,,2975;1166;429;4313;68;7318;7325;3011;4;4345;7330;2976,2975:4840.5054178907485;1166:4850.616290634835;429:4852.018610634836;4313:4853.201570634836;68:4858.799930634836;7318:4865.467970634835;7325:4868.794730634835;3011:4872.8053706348355;4:4877.590490634835;4345:4879.633970634835;7330:4880.836970634836;2976:4883.680457264176
0,1,default_vehtype,boarding,True,4883.680457264176,4913.680457264176,2976;-1;-1,2976;-1;-1,0.0,0.8566728479140185,0.8566728479140185,0.0,,0,142,1,,142,,
0,2,default_vehtype,boarding,True,4844.785940977197,4874.785940977197,2974;-1;-1,2974;-1;-1,0.0,0.9131653001216544,0.9131653001216544,0.0,,0,141,1,141,,,
0,4,default_vehtype,route,False,4855.01311763844,4866.8435069880425,2978;-1;-1,2982;-1;-1,98.58657791335457,0.8204273738972404,0.8204175152394491,0.0,,0,138,1,,,2978;4103;4326;7286;1218;2982,2978:4855.01311763844;4103:4857.632074333468;4326:4862.923234333468;7286:4863.840154333468;1218:4864.963354333468;2982:4866.8435069880425
0,4,default_vehtype,boarding,True,4866.8435069880425,4896.8435069880425,2982;-1;-1,2982;-1;-1,0.0,0.8204175152394491,0.8204175152394491,0.0,,0,138,1,,138,,
0,5,default_vehtype,route,False,4748.744117282407,4883.620231963344,2972;-1;-1,2991;-1;-1,1408.0867039019317,0.9324731599006476,0.9323323512302574,0.0,,0,137,1,,,2972;6079;3446;3720;5332;251;2711;3358;2296;5495;5697;5497;5500;670;5502;5512;5520;5531;6313;6632;6644;3793;6319;7102;3741;7384;6414;5446;2447;2571;42;2577;2566;3033;3036;2469;2404;2235;3762;5287;310;2280;1447;6261;3764;4397;4745;4182;4187;4191;4195;4202;4208;537;2991,2972:4748.744117282407;6079:4750.122972893973;3446:4752.946380893974;3720:4755.976068893973;5332:4756.967508893973;251:4757.715084893973;2711:4758.852900893973;3358:4761.067908893973;2296:4769.368908893974;5495:4769.585748893974;5697:4770.689508893974;5497:4771.386948893974;5500:4774.294188893973;670:4775.691588893973;5502:4778.0390288939725;5512:4781.560788893972;5520:4784.014788893972;5531:4785.711708893972;6313:4786.736748893973;6632:4789.033788893973;6644:4790.605068893973;3793:4792.454268893973;6319:4793.369988893973;7102:4793.848068893973;3741:4794.387708893973;7384:4802.046708893972;6414:4807.253868893972;5446:4809.521628893972;2447:4813.457748893972;2571:4821.046668893972;42:4825.714668893972;2577:4826.387148893972;2566:4834.986228893972;3033:4835.6171888939725;3036:4837.886748893972;2469:4841.479068893972;2404:4844.802588893972;2235:4846.085988893972;3762:4846.509420893972;5287:4847.048484893971;310:4849.838700893972;2280:4850.437812893972;1447:4850.883708893972;6261:4854.7617008939715;3764:4855.767396893972;4397:4856.318052893972;4745:4856.544348893972;4182:4860.998124893972;4187:4863.660180893972;4191:4864.398468893972;4195:4878.861756893972;4202:4879.864284893972;4208:4880.845932893972;537:4881.799932893971;2991:4883.620231963344
0,5,default_vehtype,boarding,True,4883.620231963344,4913.620231963344,2991;-1;-1,2991;-1;-1,0.0,0.9323323512302574,0.9323323512302574,0.0,,0,137,1,,137,,
0,9,default_vehtype,boarding,True,4858.07901915054,4888.07901915054,2981;-1;-1,2981;-1;-1,0.0,0.9601186354787091,0.9601186354787091,0.0,,0,134,1,,134,,
0,2,default_vehtype,route,False,4874.785940977197,4943.237061940005,2974;-1;-1,2976;-1;-1,667.1321987648756,0.9131653001216544,0.9130985869017779,0.0,,0,141,1,,,2974;6479;3091;4274;880;3109;3874;4306;429;4313;68;7318;7325;3011;4;4345;7330;2976,2974:4874.785940977197;6479:4875.2865193106645;3091:4888.608247310664;4274:4889.751175310665;880:4890.342511310665;3109:4892.193055310665;3874:4898.057335310665;4306:4910.172895310665;429:4911.575215310665;4313:4912.758175310665;68:4918.356535310665;7318:4925.024575310665;7325:4928.351335310665;3011:4932.361975310665;4:4937.147095310665;4345:4939.190575310665;7330:4940.393575310665;2976:4943.237061940005
0,2,default_vehtype,boarding,True,4943.237061940005,4973.237061940005,2976;-1;-1,2976;-1;-1,0.0,0.9130985869017779,0.9130985869017779,0.0,,0,141,1,,141,,
0,4,default_vehtype,route,False,4920.0,4967.505301956449,2982;-1;-1,2983;-1;-1,395.8775163037552,0.8204175152394491,0.8203779274878187,0.0,,0,,0,,,2982;2809;7010;820;7498;276;2915;2661;7517;6201;7314;2983,2982:4920;2809:4925.700967345425;7010:4928.608447345425;820:4930.589407345425;7498:4931.0574073454245;276:4931.169007345425;2915:4942.515007345424;2661:4949.748367345424;7517:4957.060327345424;6201:4957.921447345424;7314:4964.816767345424;2983:4967.505301956449
0,10,default_vehtype,route,False,4753.115592139179,4961.839887106672,2993;-1;-1,2988;-1;-1,2316.5181602628086,0.9426744869187925,0.9424428351027663,0.0,,0,135,1,,,2993;4483;7446;1960;816;6786;5444;1716;2720;4210;1711;98;2497;7434;2760;542;1074;1071;1070;1069;1067;1504;4396;710;2281;4664;6260;3300;1832;708;6180;2405;6169;2744;2567;2576;3077;3241;88;2758;2742;2448;2353;6140;7386;3742;7100;6318;737;6639;2446;2301;1992;1990;1988;1985;3729;5498;5496;5699;5494;6307;374;7114;3246;5330;661;445;6080;7381;364;3029;69;30;3346;2832;2207;2988,2993:4753.115592139179;4483:4753.87701212108;7446:4756.54374812108;1960:4757.52798812108;816:4765.05990812108;6786:4766.32689212108;5444:4776.86330012108;1716:4779.65366012108;2720:4780.40030012108;4210:4781.298572121081;1711:4782.428252121081;98:4791.04406012108;2497:4792.554692121081;7434:4799.762540121081;2760:4806.301076121081;542:4813.829180121081;1074:4814.762588121081;1071:4815.765116121081;1070:4830.2284041210805;1069:4830.96669212108;1067:4833.62874812108;1504:4838.0825241210805;4396:4838.30882012108;710:4838.859476121081;2281:4839.865172121081;4664:4843.743164121081;6260:4844.189060121081;3300:4844.788172121081;1832:4847.578388121081;708:4848.1174521210805;6180:4848.54088412108;2405:4850.76328412108;6169:4854.240404121079;2744:4858.840964121079;2567:4860.683924121079;2576:4869.172484121079;3077:4871.305124121079;3241:4874.434004121079;88:4876.360844121079;2758:4878.3242841210795;2742:4878.730724121079;2448:4881.916364121079;2353:4888.117244121079;6140:4893.288284121079;7386:4894.63072412108;3742:4902.289724121079;7100:4902.829364121079;6318:4903.307444121079;737:4904.223164121079;6639:4906.072364121079;2446:4907.643644121079;2301:4909.940684121079;1992:4910.96572412108;1990:4912.66264412108;1988:4915.11664412108;1985:4918.6384041210795;3729:4920.985844121079;5498:4922.383244121079;5496:4925.290484121078;5699:4925.987924121078;5494:4927.091684121078;6307:4927.308524121078;374:4935.609524121079;7114:4937.824532121079;3246:4938.962348121079;5330:4939.709924121079;661:4940.701364121079;445:4943.731052121078;6080:4946.554460121079;7381:4946.9633481210785;364:4947.398732121079;3029:4949.422940121079;69:4953.555225835365;30:4957.6875115496505;3346:4959.71171954965;2832:4960.147103549651;2207:4960.555991549651;2988:4961.839887106672
0,4,default_vehtype,boarding,True,4967.505301956449,4997.505301956449,2983;-1;-1,2983;-1;-1,0.0,0.8203779274878187,0.8203779274878187,0.0,,0,144,1,144,,,
0,4,default_vehtype,route,False,4997.505301956449,5038.04621968905,2983;-1;-1,2976;-1;-1,286.853266819285,0.8203779274878187,0.8203492421611368,0.0,,0,144,1,,,2983;7527;2803;7558;2806;4344;1199;1204;7329;2976,2983:4997.505301956449;7527:5002.0322473454235;2803:5009.587207345424;7558:5016.982207345424;2806:5024.8160473454245;4344:5026.019047345425;1199:5030.009390202567;1204:5033.99973305971;7329:5035.20273305971;2976:5038.04621968905
0,5,default_vehtype,route,False,4980.0,5016.179336453705,2991;-1;-1,2968;-1;-1,502.4907840792541,0.9323323512302574,0.9322821021518495,0.0,,0,,0,,,2991;3010;5631;1068;2559;6740;1717;2067;2720;4210;1711;2968,2991:4980;3010:4984.047268930627;5631:4989.896692930627;1068:4992.449092930627;2559:4999.499692930626;6740:5003.970316930626;1717:5009.804044930625;2067:5010.541828930625;2720:5011.305244930625;4210:5012.2035169306255;1711:5013.3331969306255;2968:5016.179336453705
0,7,default_vehtype,route,False,4710.0,4981.506262935887,2976;-1;-1,2967;-1;-1,2770.6901331614126,0.7693897675262574,0.7691126985129413,0.0,,0,139,1,,,2976;7557;2806;4344;2996;3013;7322;2804;3061;1173;3425;3125;3406;2825;1944;130;99;4526;714;2800;4332;799;3653;3825;7127;1836;4248;5046;7138;6879;1367;3637;1339;1395;1399;835;1147;2412;836;1097;738;2470;734;1815;739;1724;1962;1910;164;1354;197;1311;7;1963;1308;482;7613;2611;1307;2876;1960;2967,2976:4710;7557:4714.99035337066;2806:4722.82419337066;4344:4724.027193370661;2996:4726.070673370661;3013:4730.855793370661;7322:4734.866433370661;2804:4738.193193370661;3061:4744.861233370661;1173:4750.4595933706605;3425:4751.642553370661;3125:4752.896073370661;3406:4765.250433370661;2825:4767.720153370661;1944:4769.031513370661;130:4771.419153370661;99:4771.899393370661;4526:4780.308993370661;714:4783.105833370661;2800:4785.112233370661;4332:4785.927873370661;799:4787.10879337066;3653:4791.70503337066;3825:4792.95363337066;7127:4836.51375337066;1836:4837.86471337066;4248:4852.4099133706595;5046:4868.750433370659;7138:4870.3890333706595;6879:4876.65543337066;1367:4888.14831337066;3637:4890.041433370659;1339:4891.03380937066;1395:4899.57113737066;1399:4901.71184137066;835:4905.288801370661;1147:4906.08137737066;2412:4906.88943337066;836:4907.888217370661;1097:4923.148977370661;738:4923.851625370661;2470:4924.801305370661;734:4925.010177370661;1815:4926.018393370661;739:4926.858921370661;1724:4943.316609370661;1962:4944.373425370662;1910:4945.195665370662;164:4946.1468573706625;1354:4947.103377370662;197:4949.312625370662;1311:4960.847385370662;7:4964.542353370662;1963:4964.950809370662;1308:4965.312033370662;482:4969.866681370662;7613:4971.190833370662;2611:4975.087185370662;1307:4976.402913370662;2876:4979.069649370662;1960:4980.053889370662;2967:4981.506262935887
0,7,default_vehtype,boarding,True,4981.506262935887,5011.506262935887,2967;-1;-1,2967;-1;-1,0.0,0.7691126985129413,0.7691126985129413,0.0,,0,139,1,,139,,
0,10,default_vehtype,boarding,True,4961.839887106672,4991.839887106672,2988;-1;-1,2988;-1;-1,0.0,0.9424428351027663,0.9424428351027663,0.0,,0,135,1,,135,,
0,11,default_vehtype,route,False,4830.045417835717,4988.470304508833,2992;-1;-1,2966;-1;-1,1413.709105198465,0.8874707334425821,0.8873293625320623,0.0,,0,140,1,,,2992;2526;3895;5465;7450;4482;6930;7615;3488;4485;5469;2998;901;1083;1355;1961;1962;1033;1559;1958;2907;636;1954;1949;186;333;2164;695;694;1041;1623;1383;2333;2966,2992:4830.045417835717;2526:4839.247665370663;3895:4840.5146493706625;5465:4848.046569370663;7450:4849.030809370663;4482:4851.697545370663;6930:4853.013273370662;7615:4856.909625370662;3488:4858.233777370662;4485:4862.7884253706625;5469:4863.149649370663;2998:4863.558105370663;901:4864.803633370663;1083:4867.594065370663;1355:4881.283353370663;1961:4882.2660813706625;1962:4883.204961370662;1033:4884.414417370662;1559:4890.798513370662;1958:4898.145537370661;2907:4898.769201370661;636:4901.584329370661;1954:4902.195033370661;1949:4911.095169370661;186:4912.661313370661;333:4913.301033370662;2164:4913.9174253706615;695:4918.624713370661;694:4921.793433370661;1041:4922.61236137066;1623:4926.995618513518;1383:4938.0810470849465;2333:4978.234932799232;2966:4988.470304508833
0,11,default_vehtype,boarding,True,4988.470304508833,5018.470304508833,2966;-1;-1,2966;-1;-1,0.0,0.8873293625320623,0.8873293625320623,0.0,,0,140;143,2,143,140,,
0,1,default_vehtype,route,False,5040.0,5058.363132693228,2976;-1;-1,2984;-1;-1,153.0261057768949,0.8566728479140185,0.8566575453034408,0.0,,0,,0,,,2976;7557;2806;4344;2996;2984,2976:5040;7557:5044.99035337066;2806:5052.82419337066;4344:5054.027193370661;2996:5056.070673370661;2984:5058.363132693228
0,1,default_vehtype,boarding,True,5058.363132693228,5088.363132693228,2984;-1;-1,2984;-1;-1,0.0,0.8566575453034408,0.8566575453034408,0.0,,0,146,1,146,,,
0,4,default_vehtype,boarding,True,5038.04621968905,5068.04621968905,2976;-1;-1,2976;-1;-1,0.0,0.8203492421611368,0.8203492421611368,0.0,,0,144,1,,144,,
0,5,default_vehtype,boarding,True,5016.179336453705,5046.179336453705,2968;-1;-1,2968;-1;-1,0.0,0.9322821021518495,0.9322821021518495,0.0,,0,145,1,145,,,
0,10,default_vehtype,boarding,True,5040.0,5070.0,2988;-1;-1,2988;-1;-1,0.0,0.9424428351027663,0.9424428351027663,0.0,,0,147,1,147,,,
0,0,default_vehtype,route,False,5100,5153.744527231358,2970;-1;-1,2991;-1;-1,538.5262328689473,0.6890064628430239,0.688952610219737,0.0,,0,,0,,,2970;671;544;7400;5449;6824;4848;3271;4846;4989;5000;337;1075;537;2991,2970:5100;671:5101.0301161619855;544:5103.719676161985;7400:5104.7952361619855;5449:5105.994276161986;6824:5110.247556161986;4848:5117.7278761619855;3271:5123.280996161985;4846:5125.154076161985;4989:5137.426596161986;5000:5142.186156161986;337:5149.946388161986;1075:5150.970228161986;537:5151.924228161985;2991:5153.744527231358
0,0,default_vehtype,boarding,True,5153.744527231358,5183.744527231358,2991;-1;-1,2991;-1;-1,0.0,0.688952610219737,0.688952610219737,0.0,,0,148,1,148,,,
0,1,default_vehtype,route,False,5088.363132693228,5208.990170059996,2984;-1;-1,2973;-1;-1,1438.3667374416136,0.8566575453034408,0.8565137086296966,0.0,,0,146,1,,,2984;3012;7321;2804;3061;1173;3425;4304;793;118;3979;4275;103;6480;7360;3154;6028;5745;6035;5743;6038;6041;7365;6050;6068;6077;3629;4502;6912;2108;7370;1420;1084;2973,2984:5088.363132693228;3012:5090.855793370661;7321:5094.866433370661;2804:5098.193193370661;3061:5104.861233370661;1173:5110.4595933706605;3425:5111.642553370661;4304:5113.044873370661;793:5125.160433370661;118:5131.024713370661;3979:5132.875257370661;4275:5133.466593370661;103:5134.609521370661;6480:5147.931249370661;7360:5153.433129370661;3154:5154.524937370661;6028:5155.486065370661;5745:5156.977689370661;6035:5158.901097370661;5743:5160.270537370661;6038:5162.285961370661;6041:5163.5622333706615;7365:5170.2254013706615;6050:5172.498945370661;6068:5176.725273370661;6077:5177.3709693706605;3629:5178.9282573706605;4502:5179.3911453706605;6912:5184.5395773706605;2108:5186.43598537066;7370:5192.96271337066;1420:5204.66782537066;1084:5208.202809370659;2973:5208.990170059996
0,10,default_vehtype,route,False,5070.0,5185.4712952539485,2988;-1;-1,2986;-1;-1,1435.8222753524553,0.9424428351027663,0.942299252875231,0.0,,0,147,1,,,2988;3447;6082;7383;364;3029;3886;5711;6045;2157;4817;456;5901;7605;2830;5852;6913;1321;597;2204;6066;6049;7367;2188;2186;5744;6033;5746;6031;146;2828;2376;3091;4274;3068;70;73;4273;103;6480;7360;2986,2988:5070;3447:5071.539512442979;6082:5074.362920442979;7383:5074.771808442979;364:5075.207192442979;3029:5077.231400442979;3886:5077.7294244429795;5711:5080.26900844298;6045:5081.66328844298;2157:5085.85181644298;4817:5086.32860044298;456:5086.94348044298;5901:5087.69904844298;7605:5091.170744442979;2830:5091.40013644298;5852:5097.926864442979;6913:5099.823272442979;1321:5104.971704442979;597:5105.434592442979;2204:5106.991880442979;6066:5107.637576442979;6049:5111.863904442978;7367:5114.137448442978;2188:5120.800616442978;2186:5122.076888442978;5744:5124.092312442978;6033:5125.461752442979;5746:5127.385160442978;6031:5128.8767844429785;146:5129.837912442978;2828:5130.929720442979;2376:5136.431600442978;3091:5149.753328442978;4274:5150.8962564429785;3068:5155.6405421572645;70:5157.9265421572645;73:5160.212542157265;4273:5164.956827871551;103:5166.099755871551;6480:5179.421483871551;7360:5184.9233638715505;2986:5185.4712952539485
0,10,default_vehtype,boarding,True,5185.4712952539485,5215.4712952539485,2986;-1;-1,2986;-1;-1,0.0,0.942299252875231,0.942299252875231,0.0,,0,147;150,2,150,147,,
0,1,default_vehtype,boarding,True,5208.990170059996,5238.990170059996,2973;-1;-1,2973;-1;-1,0.0,0.8565137086296966,0.8565137086296966,0.0,,0,146,1,,146,,
0,4,default_vehtype,route,False,5160.0,5275.9904978058585,2976;-1;-1,2979;-1;-1,966.5874817155129,0.8203492421611368,0.8202525834129653,0.0,,0,,0,,,2976;7557;7316;7531;2802;2251;7515;7037;7512;3274;2902;3901;7011;7336;4365;7288;1182;1001;6296;1434;3820;3877;2787;4993;6537;2979,2976:5160;7557:5164.99035337066;7316:5172.385353370661;7531:5179.940313370661;2802:5187.155793370661;2251:5194.0511133706605;7515:5194.91223337066;7037:5202.22419337066;7512:5209.45755337066;3274:5220.80355337066;2902:5220.91515337066;3901:5221.38315337066;7011:5223.36411337066;7336:5226.2715933706595;4365:5233.852713370659;7288:5234.975913370659;1182:5235.892833370659;1001:5241.183993370659;6296:5243.543313370658;1434:5249.502393370658;3820:5254.611033370658;3877:5256.518913370658;2787:5265.311433370658;4993:5266.360473370658;6537:5272.160313370658;2979:5275.9904978058585
0,5,default_vehtype,route,False,5046.179336453705,5269.263115900917,2968;-1;-1,2987;-1;-1,2614.6711589890706,0.9322821021518495,0.9320206350359507,0.0,,0,145,1,,,2968;98;2497;7434;2760;542;1074;1071;1070;1069;1067;1504;4396;710;2281;4664;6260;3300;1832;708;6180;2405;6169;2744;2567;2576;3077;3241;88;2758;2742;2448;2353;6140;7386;3742;7100;6318;737;6639;2446;2301;1992;1990;1988;1985;3729;5498;5496;5699;5494;6307;374;7114;3246;5330;661;445;6080;7381;364;3029;3886;5711;6045;2157;4817;456;5901;7605;2830;1420;1084;7357;2826;2827;4225;2987,2968:5046.179336453705;98:5051.949004930626;2497:5053.459636930626;7434:5060.667484930626;2760:5067.206020930626;542:5074.734124930626;1074:5075.667532930626;1071:5076.670060930626;1070:5091.133348930626;1069:5091.871636930626;1067:5094.533692930626;1504:5098.987468930626;4396:5099.213764930626;710:5099.764420930626;2281:5100.7701169306265;4664:5104.648108930626;6260:5105.094004930626;3300:5105.693116930626;1832:5108.483332930627;708:5109.022396930626;6180:5109.445828930626;2405:5111.668228930625;6169:5115.145348930625;2744:5119.745908930625;2567:5121.588868930625;2576:5130.077428930625;3077:5132.210068930624;3241:5135.338948930625;88:5137.265788930625;2758:5139.229228930625;2742:5139.635668930625;2448:5142.821308930625;2353:5149.022188930625;6140:5154.193228930625;7386:5155.535668930625;3742:5163.194668930625;7100:5163.734308930625;6318:5164.212388930625;737:5165.128108930625;6639:5166.9773089306245;2446:5168.548588930625;2301:5170.845628930625;1992:5171.8706689306255;1990:5173.567588930626;1988:5176.0215889306255;1985:5179.543348930625;3729:5181.890788930625;5498:5183.2881889306245;5496:5186.195428930624;5699:5186.892868930624;5494:5187.996628930624;6307:5188.213468930624;374:5196.514468930624;7114:5198.7294769306245;3246:5199.867292930625;5330:5200.614868930625;661:5201.606308930624;445:5204.635996930624;6080:5207.459404930624;7381:5207.868292930624;364:5208.3036769306245;3029:5210.327884930624;3886:5210.825908930625;5711:5213.365492930625;6045:5214.759772930625;2157:5218.948300930625;4817:5219.425084930625;456:5220.0399649306255;5901:5220.795532930625;7605:5224.267228930625;2830:5224.496620930625;1420:5236.2017329306245;1084:5239.736716930624;7357:5244.321244930625;2826:5253.530548930625;2827:5262.739852930625;4225:5267.324380930625;2987:5269.263115900917
0,7,default_vehtype,route,False,5100.0,5254.035201572945,2967;-1;-1,2966;-1;-1,1352.74125658498,0.7691126985129413,0.7689774243872828,0.0,,0,,0,,,2967;3896;5466;7451;4482;6930;7615;3488;4485;5469;2998;901;1083;1355;1961;1962;1033;1559;1958;2907;636;1954;1949;186;333;2164;695;694;1041;1623;1383;2333;2966,2967:5100;3896:5106.079546434775;5466:5113.611466434775;7451:5114.595706434775;4482:5117.262442434775;6930:5118.578170434775;7615:5122.474522434774;3488:5123.7986744347745;4485:5128.353322434775;5469:5128.714546434775;2998:5129.123002434775;901:5130.3685304347755;1083:5133.158962434775;1355:5146.848250434775;1961:5147.830978434775;1962:5148.7698584347745;1033:5149.979314434774;1559:5156.363410434774;1958:5163.710434434774;2907:5164.334098434773;636:5167.1492264347735;1954:5167.759930434773;1949:5176.660066434773;186:5178.226210434774;333:5178.865930434774;2164:5179.482322434774;695:5184.189610434773;694:5187.358330434773;1041:5188.177258434773;1623:5192.56051557763;1383:5203.645944149059;2333:5243.799829863345;2966:5254.035201572945
0,9,default_vehtype,reposition,True,5100.0,5273.936803902199,2981;-1;-1,2969;-1;-1,2279.336727229732,0.9601186354787091,0.9598907018059862,0.0,,0,,0,,,2981;6320;3549;6384;4032;1804;4811;5237;608;459;2416;4011;5246;363;366;2314;2877;1748;2880;906;984;2268;1857;1806;1371;938;5442;4054;2205;1369;2047;3631;4079;4572;4577;778;3636;3639;3642;7178;5275;5297;5072;1464;2847;5825;4587;5794;3202;2065;2023;4203;4198;336;2969,2981:5100;6320:5103.373118854145;3549:5109.010358854145;6384:5109.272198854145;4032:5112.493838854145;1804:5113.409750854145;4811:5115.092390854145;5237:5119.832870854146;608:5128.698950854146;459:5129.028710854145;2416:5131.242350854145;4011:5131.9064788541455;5246:5137.831646854145;363:5144.740334854146;366:5146.145414854146;2314:5147.290286854146;2877:5160.461390854146;1748:5161.579910854146;2880:5162.741702854146;906:5174.967014854145;984:5177.736710854146;2268:5178.484574854146;1857:5178.870494854145;1806:5179.532678854145;1371:5180.202854854145;938:5182.783982854145;5442:5192.504630854145;4054:5200.144622854145;2205:5205.897062854146;1369:5212.343222854146;2047:5213.286278854146;3631:5214.849110854146;4079:5215.916366854146;4572:5219.714798854146;4577:5221.447478854146;778:5225.753798854145;3636:5226.757190854145;3639:5227.610318854145;3642:5228.673902854145;7178:5232.2523028541455;5275:5236.761590854146;5297:5240.140406854146;5072:5240.370662854146;1464:5247.311174854146;2847:5248.381886854146;5825:5251.280534854146;4587:5253.560846854146;5794:5255.180990854146;3202:5259.302342854146;2065:5264.446598854146;2023:5270.004926854146;4203:5270.805710854146;4198:5271.787358854146;336:5272.810478854146;2969:5273.936803902199
0,9,default_vehtype,repositioning_target,True,5273.936803902199,5273.936803902199,2969;-1;-1,2969;-1;-1,0.0,0.9598907018059862,0.9598907018059862,0.0,,0,,0,,,,
0,1,default_vehtype,boarding,True,5280.0,5310.0,2973;-1;-1,2973;-1;-1,0.0,0.8565137086296966,0.8565137086296966,0.0,,0,155,1,155,,,
0,4,default_vehtype,boarding,True,5275.9904978058585,5305.9904978058585,2979;-1;-1,2979;-1;-1,0.0,0.8202525834129653,0.8202525834129653,0.0,,0,152,1,152,,,
0,5,default_vehtype,boarding,True,5269.263115900917,5299.263115900917,2987;-1;-1,2987;-1;-1,0.0,0.9320206350359507,0.9320206350359507,0.0,,0,145,1,,145,,
0,7,default_vehtype,boarding,True,5254.035201572945,5284.035201572945,2966;-1;-1,2966;-1;-1,0.0,0.7689774243872828,0.7689774243872828,0.0,,0,149,1,149,,,
0,8,default_vehtype,reposition,True,5100.0,5302.911904254135,2979;-1;-1,2973;-1;-1,2147.060361502996,0.8965545618879992,0.8963398558518488,0.0,,0,,0,,,2979;2786;2307;3549;6384;4032;1804;4277;5239;6501;3911;5389;7301;3914;5398;5400;4040;4041;5374;5418;5424;5403;6546;1200;7312;3767;4527;3089;3131;5447;7352;414;122;3426;4305;793;118;3979;4275;103;6480;7360;3154;6028;5745;6035;5743;6038;6041;7365;6050;6068;6077;3629;4502;6912;2108;7370;1420;1084;2973,2979:5100;2786:5102.004935564799;2307:5105.523695564799;3549:5111.160935564799;6384:5111.422775564799;4032:5114.644415564799;1804:5115.560327564799;4277:5117.1484075647995;5239:5122.6530475648;6501:5128.6156075648;3911:5137.9704475647995;5389:5139.0362875648;7301:5139.2902075648;3914:5140.4738875648;5398:5141.6507275648;5400:5142.9773275648;4040:5152.2821275648;4041:5155.2264475648;5374:5159.4790075648;5418:5160.516287564799;5424:5160.6595675647995;5403:5161.764887564799;6546:5165.991767564799;1200:5170.6008475648;7312:5172.0946075648;3767:5174.1010075648;4527:5176.8978475648;3089:5185.3074475648;3131:5185.7876875648;5447:5188.1753275648;7352:5189.4866875647995;414:5191.9564075647995;122:5204.3107675648;3426:5205.5642875648;4305:5206.9666075648;793:5219.0821675648;118:5224.9464475648;3979:5226.7969915648;4275:5227.3883275648;103:5228.531255564801;6480:5241.8529835648005;7360:5247.3548635648;3154:5248.4466715648;6028:5249.4077995648;5745:5250.899423564801;6035:5252.8228315648;5743:5254.192271564801;6038:5256.207695564801;6041:5257.483967564801;7365:5264.147135564801;6050:5266.420679564801;6068:5270.6470075648;6077:5271.2927035648;3629:5272.8499915648;4502:5273.3128795648;6912:5278.4613115648;2108:5280.3577195647995;7370:5286.884447564799;1420:5298.589559564799;1084:5302.124543564799;2973:5302.911904254135
0,8,default_vehtype,repositioning_target,True,5302.911904254135,5302.911904254135,2973;-1;-1,2973;-1;-1,0.0,0.8963398558518488,0.8963398558518488,0.0,,0,,0,,,,
0,9,default_vehtype,route,False,5273.936803902199,5292.3527139235175,2969;-1;-1,2991;-1;-1,255.7765280738801,0.9598907018059862,0.9598651241531788,0.0,,0,,0,,,2969;7192;1664;337;1075;537;2991,2969:5273.936803902199;7192:5277.540446854146;1664:5280.794342854146;337:5288.554574854145;1075:5289.578414854145;537:5290.532414854145;2991:5292.3527139235175
0,9,default_vehtype,boarding,True,5292.3527139235175,5322.3527139235175,2991;-1;-1,2991;-1;-1,0.0,0.9598651241531788,0.9598651241531788,0.0,,0,153,1,153,,,
0,11,default_vehtype,route,False,5018.470304508833,5328.864785483812,2966;-1;-1,2987;-1;-1,2777.639762929838,0.8873293625320623,0.8870515985557694,0.0,,0,143,1,,,2966;2743;2631;2150;735;738;1096;3736;81;831;2413;1146;832;1880;1340;3638;1365;2574;7139;1693;1114;5299;7129;754;611;1812;1186;7311;3767;4527;3089;3131;5447;7352;414;122;3426;4305;793;118;3979;4275;103;6480;7360;3154;6028;5745;6035;5743;6038;6041;7365;2179;3064;6023;3524;7356;4225;2987,2966:5018.470304508833;2743:5026.3141327992325;2631:5030.3255613706615;2150:5047.255847084947;735:5057.738018513519;738:5063.905847084948;1096:5073.444818513519;3736:5073.707834513519;81:5077.556738513519;831:5088.403322513519;2413:5089.391018513519;1146:5090.204402513519;832:5091.012818513519;1880:5093.610506513519;1340:5105.143322513519;3638:5106.129794513518;1365:5108.071514513518;2574:5119.579394513518;7139:5125.845794513519;1693:5127.484394513519;1114:5143.824914513519;5299:5158.370114513518;7129:5159.721074513518;754:5203.281194513518;611:5204.529794513518;1812:5209.100954513518;1186:5210.2781545135185;7311:5211.093794513518;3767:5213.1001945135185;4527:5215.8970345135185;3089:5224.3066345135185;3131:5224.786874513518;5447:5227.174514513518;7352:5228.485874513518;414:5230.955594513518;122:5243.309954513518;3426:5244.5634745135185;4305:5245.965794513519;793:5258.081354513519;118:5263.945634513519;3979:5265.7961785135185;4275:5266.387514513519;103:5267.530442513519;6480:5280.852170513519;7360:5286.354050513519;3154:5287.445858513519;6028:5288.406986513519;5745:5289.898610513519;6035:5291.822018513519;5743:5293.191458513519;6038:5295.206882513519;6041:5296.483154513519;7365:5303.146322513519;2179:5307.1545625135195;3064:5308.456538513519;6023:5309.7212185135195;3524:5311.462682513519;7356:5322.3415225135195;4225:5326.92605051352;2987:5328.864785483812
0,3,default_vehtype,reposition,True,5100.0,5368.2367397294565,2980;-1;-1,2967;-1;-1,2811.827853725244,0.7620880839763172,0.7618069011909447,0.0,,0,,0,,,2980;914;2135;1730;2664;2579;2961;2407;2581;370;361;2874;1887;1805;363;366;2314;2877;1748;2880;906;984;2268;1857;1806;1371;938;5442;4054;2205;1369;2047;3631;4079;4572;4577;778;3636;1339;1395;1399;835;1147;2412;836;1097;738;2470;734;1815;739;1724;1962;1910;164;1354;197;1311;7;1963;1308;482;7613;2611;1307;2876;1960;2967,2980:5100;914:5115.882170735657;2135:5123.833027878514;1730:5139.289370735657;2664:5141.111485021372;2579:5145.987427878515;2961:5162.758285021372;2407:5168.007085021372;2581:5176.494342164229;370:5178.077190164229;361:5180.574294164229;2874:5181.1603021642295;1887:5186.815686164229;1805:5187.846366164229;363:5194.7550541642295;366:5196.16013416423;2314:5197.30500616423;2877:5210.47611016423;1748:5211.59463016423;2880:5212.75642216423;906:5224.981734164229;984:5227.7514301642295;2268:5228.4992941642295;1857:5228.885214164229;1806:5229.547398164229;1371:5230.217574164229;938:5232.798702164228;5442:5242.519350164229;4054:5250.159342164229;2205:5255.911782164229;1369:5262.35794216423;2047:5263.30099816423;3631:5264.8638301642295;4079:5265.93108616423;4572:5269.729518164229;4577:5271.462198164229;778:5275.768518164229;3636:5276.771910164229;1339:5277.764286164229;1395:5286.301614164229;1399:5288.44231816423;835:5292.01927816423;1147:5292.81185416423;2412:5293.61991016423;836:5294.61869416423;1097:5309.87945416423;738:5310.5821021642305;2470:5311.53178216423;734:5311.74065416423;1815:5312.7488701642305;739:5313.58939816423;1724:5330.047086164231;1962:5331.103902164231;1910:5331.926142164231;164:5332.877334164232;1354:5333.8338541642315;197:5336.043102164232;1311:5347.577862164231;7:5351.272830164231;1963:5351.681286164231;1308:5352.042510164231;482:5356.597158164232;7613:5357.921310164232;2611:5361.8176621642315;1307:5363.133390164231;2876:5365.800126164231;1960:5366.784366164231;2967:5368.2367397294565
0,3,default_vehtype,repositioning_target,True,5368.2367397294565,5368.2367397294565,2967;-1;-1,2967;-1;-1,0.0,0.7618069011909447,0.7618069011909447,0.0,,0,,0,,,,
0,10,default_vehtype,route,False,5215.4712952539485,5386.644543750466,2986;-1;-1,2990;-1;-1,1798.4648742354475,0.942299252875231,0.9421194063878074,0.0,,0,150,1,,,2986;3155;6029;5745;6035;5743;6038;6041;7365;6050;6068;6077;3629;4502;6912;2108;7370;7608;5900;3459;4818;5992;6047;5708;3884;3030;3347;7376;2207;3446;3720;5332;251;2711;3358;2296;5495;5696;3307;3987;6878;746;2834;2045;2835;2641;7396;2616;486;2838;3722;3732;544;7400;5449;2990,2986:5215.4712952539485;3155:5216.015171871551;6029:5216.9762998715505;5745:5218.467923871551;6035:5220.39133187155;5743:5221.760771871551;6038:5223.776195871551;6041:5225.052467871551;7365:5231.715635871551;6050:5233.989179871551;6068:5238.2155078715505;6077:5238.86120387155;3629:5240.41849187155;4502:5240.88137987155;6912:5246.02981187155;2108:5247.92621987155;7370:5254.452947871549;7608:5254.68233987155;5900:5258.154035871549;3459:5258.909603871549;4818:5259.524483871549;5992:5260.001267871549;6047:5264.189795871549;5708:5265.584075871549;3884:5268.1236598715495;3030:5268.62168387155;3347:5270.64589187155;7376:5271.08127587155;2207:5271.49016387155;3446:5274.31357187155;3720:5277.34325987155;5332:5278.33469987155;251:5279.082275871549;2711:5280.22009187155;3358:5282.43509987155;2296:5290.73609987155;5495:5290.95293987155;5696:5291.71565987155;3307:5302.45409987155;3987:5309.28125987155;6878:5309.88461987155;746:5310.95261987155;2834:5315.0170198715505;2045:5329.55525987155;2835:5331.92033987155;2641:5341.13141987155;7396:5341.72577987155;2616:5347.08737987155;486:5347.99913987155;2838:5354.32385987155;3722:5357.843099871549;3732:5380.292819871549;544:5382.982379871549;7400:5384.057939871549;5449:5385.256979871549;2990:5386.644543750466
0,11,default_vehtype,boarding,True,5328.864785483812,5358.864785483812,2987;-1;-1,2987;-1;-1,0.0,0.8870515985557694,0.8870515985557694,0.0,,0,143,1,,143,,
0,1,default_vehtype,route,False,5310.0,5431.507200347517,2973;-1;-1,2984;-1;-1,1307.089262558386,0.8565137086296966,0.8563829997034407,0.0,,0,155,1,,,2973;7354;3525;6025;3063;6027;7362;2188;2186;5744;6033;5746;6031;146;2828;2376;3091;4274;880;3109;3874;4306;429;4313;68;7318;7325;3011;4;4345;1199;1204;2996;2984,2973:5310;7354:5313.797167310664;3525:5324.676007310664;6025:5326.417471310664;3063:5327.682151310664;6027:5328.984127310664;7362:5332.992367310664;2188:5339.655535310664;2186:5340.931807310664;5744:5342.947231310664;6033:5344.316671310665;5746:5346.240079310664;6031:5347.731703310665;146:5348.692831310665;2828:5349.784639310665;2376:5355.2865193106645;3091:5368.608247310664;4274:5369.751175310665;880:5370.342511310665;3109:5372.193055310665;3874:5378.057335310665;4306:5390.172895310665;429:5391.575215310665;4313:5392.758175310665;68:5398.356535310665;7318:5405.024575310665;7325:5408.351335310665;3011:5412.361975310665;4:5417.147095310665;4345:5419.190575310665;1199:5423.180918167807;1204:5427.17126102495;2996:5429.21474102495;2984:5431.507200347517
0,2,default_vehtype,reposition,True,5100.0,5408.862378794547,2976;-1;-1,2966;-1;-1,2303.577389746393,0.9130985869017779,0.9128682291628033,0.0,,0,,0,,,2976;7557;2806;4344;2996;3013;7322;2804;3061;1173;3425;3125;3406;2825;1944;130;99;4526;714;2800;4332;799;3653;3825;7127;1836;4248;5046;7138;6879;1367;3637;1339;1395;1399;835;1147;1093;2607;911;1150;665;666;1885;668;1415;1041;1623;1383;2333;2966,2976:5100;7557:5104.99035337066;2806:5112.82419337066;4344:5114.027193370661;2996:5116.070673370661;3013:5120.855793370661;7322:5124.866433370661;2804:5128.193193370661;3061:5134.861233370661;1173:5140.4595933706605;3425:5141.642553370661;3125:5142.896073370661;3406:5155.250433370661;2825:5157.720153370661;1944:5159.031513370661;130:5161.419153370661;99:5161.899393370661;4526:5170.308993370661;714:5173.105833370661;2800:5175.112233370661;4332:5175.927873370661;799:5177.10879337066;3653:5181.70503337066;3825:5182.95363337066;7127:5226.51375337066;1836:5227.86471337066;4248:5242.4099133706595;5046:5258.750433370659;7138:5260.3890333706595;6879:5266.65543337066;1367:5278.14831337066;3637:5280.041433370659;1339:5281.03380937066;1395:5289.57113737066;1399:5291.71184137066;835:5295.288801370661;1147:5296.08137737066;1093:5297.340657370661;2607:5305.399329370661;911:5308.2531933706605;1150:5309.01365737066;665:5310.463521370661;666:5311.332633370661;1885:5312.318457370661;668:5325.688857370661;1415:5326.317921370661;1041:5343.004435656375;1623:5347.387692799232;1383:5358.473121370661;2333:5398.627007084947;2966:5408.862378794547
0,2,default_vehtype,repositioning_target,True,5408.862378794547,5408.862378794547,2966;-1;-1,2966;-1;-1,0.0,0.9128682291628033,0.9128682291628033,0.0,,0,,0,,,,
0,3,default_vehtype,route,False,5368.2367397294565,5426.168411212285,2967;-1;-1,2969;-1;-1,804.6065483726128,0.7618069011909447,0.7617264405361075,0.0,,0,,0,,,2967;3896;6788;5444;1716;2720;4210;1711;98;2497;7434;2760;542;1074;336;2969,2967:5368.2367397294565;3896:5374.316286164231;6788:5375.583270164231;5444:5386.119678164231;1716:5388.910038164231;2720:5389.656678164231;4210:5390.554950164232;1711:5391.684630164232;98:5400.300438164231;2497:5401.811070164232;7434:5409.018918164232;2760:5415.557454164232;542:5423.085558164232;1074:5424.018966164232;336:5425.0420861642315;2969:5426.168411212285
0,3,default_vehtype,boarding,True,5426.168411212285,5456.168411212285,2969;-1;-1,2969;-1;-1,0.0,0.7617264405361075,0.7617264405361075,0.0,,0,156,1,156,,,
0,4,default_vehtype,route,False,5305.9904978058585,5457.750244055144,2979;-1;-1,2975;-1;-1,1224.9515235059305,0.8202525834129653,0.8201300882606146,0.0,,0,152,1,,,2979;2786;2307;3549;6384;4032;1804;4277;5239;6501;3911;5389;7301;3914;5398;5400;4040;4041;5374;5418;5424;5403;6546;1200;7312;3767;4527;3089;3131;5447;7352;414;122;3426;4305;793;118;3979;4275;3068;70;73;4273;880;3109;3874;2975,2979:5305.9904978058585;2786:5307.995433370657;2307:5311.514193370657;3549:5317.151433370657;6384:5317.413273370657;4032:5320.634913370657;1804:5321.550825370658;4277:5323.138905370658;5239:5328.643545370658;6501:5334.606105370658;3911:5343.960945370658;5389:5345.026785370658;7301:5345.280705370658;3914:5346.464385370658;5398:5347.6412253706585;5400:5348.967825370659;4040:5358.272625370659;4041:5361.216945370658;5374:5365.469505370658;5418:5366.506785370658;5424:5366.650065370658;5403:5367.755385370658;6546:5371.982265370658;1200:5376.591345370658;7312:5378.085105370658;3767:5380.0915053706585;4527:5382.8883453706585;3089:5391.297945370658;3131:5391.778185370658;5447:5394.165825370658;7352:5395.477185370658;414:5397.946905370658;122:5410.301265370658;3426:5411.5547853706585;4305:5412.957105370659;793:5425.072665370659;118:5430.936945370659;3979:5432.7874893706585;4275:5433.378825370659;3068:5438.123111084945;70:5440.409111084945;73:5442.695111084945;4273:5447.439396799231;880:5448.030732799231;3109:5449.881276799231;3874:5455.745556799231;2975:5457.750244055144
0,6,default_vehtype,reposition,True,5100.0,5438.948393270257,2980;-1;-1,2989;-1;-1,2946.325691202888,0.5411878716506356,0.5408932390815154,0.0,,0,,0,,,2980;914;2135;1730;2664;2579;2961;2407;2581;370;361;2874;1887;4059;910;6541;3462;3648;2851;2850;1801;1560;5242;4277;5239;6501;3911;5389;7301;3914;5398;5400;4040;4041;5374;5418;5424;5403;6546;1200;7312;3767;4527;3089;3131;5447;7352;414;122;3426;4305;793;118;3979;4275;103;6480;7360;3154;6028;5745;6035;5743;6038;6041;7365;6050;6068;6077;3629;4502;6912;2108;7370;7608;5900;3459;4818;5992;6047;5708;3884;3030;3347;7376;2207;3446;3720;5332;251;2711;3358;2296;5495;5696;3307;3987;6878;2989,2980:5100;914:5115.882170735657;2135:5123.833027878514;1730:5139.289370735657;2664:5141.111485021372;2579:5145.987427878515;2961:5162.758285021372;2407:5168.007085021372;2581:5176.494342164229;370:5178.077190164229;361:5180.574294164229;2874:5181.1603021642295;1887:5186.815686164229;4059:5188.734990164229;910:5193.251190164229;6541:5193.91531816423;3462:5196.1289581642295;3648:5196.458718164229;2851:5201.132958164229;2850:5202.066318164229;1801:5205.36199816423;1560:5210.10247816423;5242:5211.78511816423;4277:5213.37319816423;5239:5218.8778381642305;6501:5224.8403981642305;3911:5234.19523816423;5389:5235.261078164231;7301:5235.514998164231;3914:5236.698678164231;5398:5237.875518164231;5400:5239.202118164231;4040:5248.506918164231;4041:5251.451238164231;5374:5255.703798164231;5418:5256.74107816423;5424:5256.88435816423;5403:5257.98967816423;6546:5262.21655816423;1200:5266.82563816423;7312:5268.319398164231;3767:5270.325798164231;4527:5273.122638164231;3089:5281.532238164231;3131:5282.012478164231;5447:5284.400118164231;7352:5285.71147816423;414:5288.18119816423;122:5300.535558164231;3426:5301.789078164231;4305:5303.191398164231;793:5315.306958164231;118:5321.171238164231;3979:5323.021782164231;4275:5323.613118164231;103:5324.7560461642315;6480:5338.077774164231;7360:5343.579654164231;3154:5344.671462164231;6028:5345.632590164231;5745:5347.1242141642315;6035:5349.047622164231;5743:5350.4170621642315;6038:5352.432486164232;6041:5353.708758164232;7365:5360.371926164232;6050:5362.6454701642315;6068:5366.871798164231;6077:5367.517494164231;3629:5369.074782164231;4502:5369.537670164231;6912:5374.686102164231;2108:5376.58251016423;7370:5383.10923816423;7608:5383.33863016423;5900:5386.81032616423;3459:5387.56589416423;4818:5388.18077416423;5992:5388.65755816423;6047:5392.84608616423;5708:5394.24036616423;3884:5396.77995016423;3030:5397.277974164231;3347:5399.3021821642305;7376:5399.737566164231;2207:5400.146454164231;3446:5402.969862164231;3720:5405.999550164231;5332:5406.99099016423;251:5407.73856616423;2711:5408.876382164231;3358:5411.091390164231;2296:5419.392390164231;5495:5419.609230164231;5696:5420.371950164231;3307:5431.110390164231;3987:5437.937550164231;6878:5438.540910164231;2989:5438.948393270257
0,6,default_vehtype,repositioning_target,True,5438.948393270257,5438.948393270257,2989;-1;-1,2989;-1;-1,0.0,0.5408932390815154,0.5408932390815154,0.0,,0,,0,,,,
0,9,default_vehtype,route,False,5322.3527139235175,5432.457978733061,2991;-1;-1,2990;-1;-1,1151.3771008052363,0.9598651241531788,0.9597499864430984,0.0,,0,153,1,,,2991;3010;5631;1068;2867;2760;542;1074;336;2759;1664;1659;538;4990;4939;5252;3070;1657;4439;4842;1272;3423;4282;4975;6830;4349;4937;669;5061;7265;3848;534;2839;5449;2990,2991:5322.3527139235175;3010:5326.399982854145;5631:5332.249406854145;1068:5334.801806854144;2867:5335.676102854144;2760:5342.214638854144;542:5349.742742854144;1074:5350.676150854144;336:5351.699270854144;2759:5356.4292388541435;1664:5359.683134854144;1659:5364.442694854144;538:5365.593734854144;4990:5369.290814854144;4939:5370.6813748541435;5252:5376.1060948541435;3070:5377.142534854143;1657:5384.659334854144;4439:5390.289494854143;4842:5394.674054854144;1272:5394.8589748541435;3423:5396.075534854143;4282:5399.853014854143;4975:5400.902774854143;6830:5401.675694854143;4349:5402.224574854144;4937:5406.594134854144;669:5416.901534854143;5061:5422.709894854143;7265:5423.493134854143;3848:5424.4677748541435;534:5428.512734854144;2839:5429.871374854144;5449:5431.0704148541445;2990:5432.457978733061
0,10,default_vehtype,boarding,True,5386.644543750466,5416.644543750466,2990;-1;-1,2990;-1;-1,0.0,0.9421194063878074,0.9421194063878074,0.0,,0,150;151,2,151,,,
0,0,default_vehtype,route,False,5183.744527231358,5475.988746773009,2991;-1;-1,2983;-1;-1,3171.8405235728096,0.688952610219737,0.6886354261673798,0.0,,0,148,1,,,2991;3010;5658;3008;4585;330;4588;5827;7412;4686;5074;5295;5274;7181;604;603;602;3851;4573;1400;971;598;1368;591;585;940;1370;939;1903;983;3921;840;2881;5099;2878;1735;2581;370;361;2874;1887;4059;910;6541;3462;3648;2851;2850;1801;1560;5242;922;6385;3550;6322;7280;2411;1661;7283;796;751;4635;6299;4102;4325;7285;1218;7334;7010;820;7498;276;2915;2661;7517;6201;7314;2983,2991:5183.744527231358;3010:5187.791796161985;5658:5188.599396161985;3008:5196.7022761619855;4585:5219.030556161985;330:5228.626236161986;4588:5229.198636161986;5827:5231.4789481619855;7412:5234.377596161986;4686:5235.448308161986;5074:5242.388820161986;5295:5242.6190761619855;5274:5245.997892161986;7181:5250.507180161986;604:5254.085580161986;603:5255.149164161987;602:5256.002292161987;3851:5257.005684161986;4573:5261.312004161986;1400:5263.044684161986;971:5266.843116161986;598:5267.910372161986;1368:5268.870708161986;591:5274.741660161986;585:5287.912908161986;940:5294.492772161986;1370:5301.519396161986;939:5302.216068161986;1903:5303.037660161986;983:5304.020172161986;3921:5307.818316161986;840:5312.379156161986;2881:5319.009780161987;5099:5320.1626441619865;2878:5321.290668161986;1735:5332.274988161986;2581:5333.6144041619855;370:5335.1972521619855;361:5337.6943561619855;2874:5338.280364161986;1887:5343.935748161985;4059:5345.855052161985;910:5350.3712521619855;6541:5351.035380161986;3462:5353.249020161986;3648:5353.578780161985;2851:5358.253020161986;2850:5359.186380161986;1801:5362.482060161986;1560:5367.222540161986;5242:5368.905180161986;922:5369.821092161987;6385:5373.042732161986;3550:5373.3045721619865;6322:5378.9418121619865;7280:5382.460572161986;2411:5388.295692161986;1661:5394.095532161986;7283:5395.144572161986;796:5403.937092161986;751:5405.844972161985;4635:5410.953612161986;6299:5416.912692161985;4102:5419.272012161985;4325:5424.563172161985;7285:5425.480092161984;1218:5426.603292161984;7334:5434.184412161984;7010:5437.091892161984;820:5439.072852161984;7498:5439.540852161984;276:5439.652452161984;2915:5450.998452161984;2661:5458.231812161984;7517:5465.543772161984;6201:5466.404892161983;7314:5473.300212161983;2983:5475.988746773009
0,0,default_vehtype,boarding,True,5475.988746773009,5505.988746773009,2983;-1;-1,2983;-1;-1,0.0,0.6886354261673798,0.6886354261673798,0.0,,0,148;159,2,159,148,,
0,1,default_vehtype,boarding,True,5431.507200347517,5461.507200347517,2984;-1;-1,2984;-1;-1,0.0,0.8563829997034407,0.8563829997034407,0.0,,0,155,1,,155,,
0,1,default_vehtype,route,False,5461.507200347517,5474.87494765429,2984;-1;-1,2976;-1;-1,111.3978942231051,0.8563829997034407,0.8563718599140183,0.0,,0,,0,,,2984;3012;4;4345;7330;2976,2984:5461.507200347517;3012:5463.9998610249495;4:5468.784981024949;4345:5470.828461024949;7330:5472.03146102495;2976:5474.87494765429
0,1,default_vehtype,boarding,True,5474.87494765429,5504.87494765429,2976;-1;-1,2976;-1;-1,0.0,0.8563718599140183,0.8563718599140183,0.0,,0,154,1,154,,,
0,4,default_vehtype,boarding,True,5457.750244055144,5487.750244055144,2975;-1;-1,2975;-1;-1,0.0,0.8201300882606146,0.8201300882606146,0.0,,0,152,1,,152,,
0,6,default_vehtype,route,False,5438.948393270257,5488.05871489607,2989;-1;-1,2971;-1;-1,409.2526802151258,0.5408932390815154,0.540852313813494,0.0,,0,,0,,,2989;3808;7388;2045;2835;6507;373;2390;7391;5704;7389;2971,2989:5438.948393270257;3808:5439.60891016423;7388:5443.67331016423;2045:5458.21155016423;2835:5460.57663016423;6507:5461.97727016423;373:5464.5219901642295;2390:5467.066710164229;7391:5468.467350164229;5704:5470.832430164229;7389:5485.370670164229;2971:5488.05871489607
0,6,default_vehtype,boarding,True,5488.05871489607,5518.05871489607,2971;-1;-1,2971;-1;-1,0.0,0.540852313813494,0.540852313813494,0.0,,0,157,1,157,,,
0,9,default_vehtype,boarding,True,5432.457978733061,5462.457978733061,2990;-1;-1,2990;-1;-1,0.0,0.9597499864430984,0.9597499864430984,0.0,,0,153,1,,153,,
0,9,default_vehtype,route,False,5462.457978733061,5509.177459902197,2990;-1;-1,2969;-1;-1,481.9663711208839,0.9597499864430984,0.9597017898059863,0.0,,0,,0,,,2990;2552;4848;3271;4846;4989;5000;337;1075;4198;336;2969,2990:5462.457978733061;2552:5465.323694854144;4848:5472.804014854144;3271:5478.357134854144;4846:5480.230214854144;4989:5492.502734854144;5000:5497.262294854145;337:5505.022526854144;1075:5506.046366854144;4198:5507.028014854144;336:5508.051134854144;2969:5509.177459902197
0,10,default_vehtype,route,False,5416.644543750466,5463.0072309409215,2990;-1;-1,2991;-1;-1,477.01089919476397,0.9421194063878074,0.942071705297888,0.0,,0,150;151,2,,,2990;2552;4848;3271;4846;4989;5000;337;1075;537;2991,2990:5416.644543750466;2552:5419.510259871549;4848:5426.990579871549;3271:5432.543699871549;4846:5434.416779871549;4989:5446.689299871549;5000:5451.44885987155;337:5459.209091871549;1075:5460.232931871549;537:5461.186931871549;2991:5463.0072309409215
0,10,default_vehtype,boarding,True,5463.0072309409215,5493.0072309409215,2991;-1;-1,2991;-1;-1,0.0,0.942071705297888,0.942071705297888,0.0,,0,150;151,2,,151,,
0,7,default_vehtype,route,False,5284.035201572945,5562.9490305632235,2966;-1;-1,2988;-1;-1,2634.732771078847,0.7689774243872828,0.7687139511101749,0.0,,0,149,1,,,2966;2743;2631;2150;735;738;1096;3736;81;831;2413;1146;832;1880;1340;3638;3641;7177;5275;5297;5072;1464;2847;5825;4587;5794;3202;2065;2023;4203;4198;1071;1070;1069;1067;1504;4396;710;2281;4664;6260;3300;1832;708;6180;2405;6169;2744;2567;2576;3077;3241;88;2758;2742;2448;2353;6140;7386;3742;7100;6318;737;6639;2446;2301;1992;1990;1988;1985;3729;5498;5496;5699;5494;6307;374;7114;3246;5330;661;445;6080;7381;364;3029;69;30;3346;2832;2207;2988,2966:5284.035201572945;2743:5291.879029863345;2631:5295.890458434774;2150:5312.8207441490595;735:5323.302915577631;738:5329.47074414906;1096:5339.009715577631;3736:5339.272731577631;81:5343.121635577631;831:5353.968219577631;2413:5354.9559155776315;1146:5355.7692995776315;832:5356.577715577631;1880:5359.175403577631;1340:5370.708219577631;3638:5371.694691577631;3641:5372.758275577631;7177:5376.3366755776315;5275:5380.845963577632;5297:5384.224779577632;5072:5384.455035577632;1464:5391.395547577632;2847:5392.466259577632;5825:5395.364907577632;4587:5397.645219577632;5794:5399.265363577632;3202:5403.3867155776325;2065:5408.530971577632;2023:5414.089299577632;4203:5414.890083577632;4198:5415.871731577632;1071:5416.874259577632;1070:5431.337547577632;1069:5432.075835577632;1067:5434.737891577632;1504:5439.191667577632;4396:5439.417963577632;710:5439.968619577632;2281:5440.974315577632;4664:5444.852307577632;6260:5445.298203577632;3300:5445.897315577632;1832:5448.687531577632;708:5449.226595577632;6180:5449.650027577632;2405:5451.872427577631;6169:5455.349547577631;2744:5459.950107577631;2567:5461.793067577631;2576:5470.28162757763;3077:5472.41426757763;3241:5475.54314757763;88:5477.4699875776305;2758:5479.433427577631;2742:5479.839867577631;2448:5483.02550757763;2353:5489.226387577631;6140:5494.397427577631;7386:5495.739867577631;3742:5503.398867577631;7100:5503.938507577631;6318:5504.416587577631;737:5505.332307577631;6639:5507.18150757763;2446:5508.75278757763;2301:5511.049827577631;1992:5512.074867577631;1990:5513.771787577632;1988:5516.225787577631;1985:5519.747547577631;3729:5522.0949875776305;5498:5523.49238757763;5496:5526.39962757763;5699:5527.09706757763;5494:5528.20082757763;6307:5528.41766757763;374:5536.71866757763;7114:5538.93367557763;3246:5540.071491577631;5330:5540.81906757763;661:5541.81050757763;445:5544.84019557763;6080:5547.66360357763;7381:5548.07249157763;364:5548.50787557763;3029:5550.53208357763;69:5554.664369291916;30:5558.796655006202;3346:5560.820863006202;2832:5561.256247006202;2207:5561.665135006202;2988:5562.9490305632235
0,9,default_vehtype,boarding,True,5509.177459902197,5539.177459902197,2969;-1;-1,2969;-1;-1,0.0,0.9597017898059863,0.9597017898059863,0.0,,0,158,1,158,,,
0,10,default_vehtype,route,False,5493.0072309409215,5529.186567394627,2991;-1;-1,2968;-1;-1,502.4907840792541,0.942071705297888,0.9420214562194801,0.0,,0,150,1,,,2991;3010;5631;1068;2559;6740;1717;2067;2720;4210;1711;2968,2991:5493.0072309409215;3010:5497.054499871549;5631:5502.903923871549;1068:5505.456323871548;2559:5512.506923871548;6740:5516.977547871547;1717:5522.811275871547;2067:5523.549059871547;2720:5524.312475871547;4210:5525.210747871547;1711:5526.340427871547;2968:5529.186567394627
0,10,default_vehtype,boarding,True,5529.186567394627,5559.186567394627,2968;-1;-1,2968;-1;-1,0.0,0.9420214562194801,0.9420214562194801,0.0,,0,150,1,,150,,
0,0,default_vehtype,route,False,5505.988746773009,5621.479716114231,2983;-1;-1,2974;-1;-1,1083.4350680544094,0.6886354261673798,0.6885270826605744,0.0,,0,159,1,,,2983;7527;2803;7558;2806;4344;2996;3013;7322;2804;3061;1173;3425;4304;793;118;3979;4275;103;6480;7360;3154;6028;2181;2180;146;2828;2974,2983:5505.988746773009;7527:5510.515692161983;2803:5518.070652161983;7558:5525.465652161984;2806:5533.299492161984;4344:5534.502492161984;2996:5536.5459721619845;3013:5541.331092161984;7322:5545.3417321619845;2804:5548.668492161984;3061:5555.336532161984;1173:5560.934892161984;3425:5562.117852161984;4304:5563.520172161984;793:5575.635732161984;118:5581.500012161984;3979:5583.350556161984;4275:5583.9418921619845;103:5585.084820161985;6480:5598.406548161985;7360:5603.908428161984;3154:5605.0002361619845;6028:5605.961364161984;2181:5610.193421304842;2180:5614.425478447699;146:5615.386606447699;2828:5616.478414447699;2974:5621.479716114231
0,2,default_vehtype,boarding,True,5580.0,5610.0,2966;-1;-1,2966;-1;-1,0.0,0.9128682291628033,0.9128682291628033,0.0,,0,161,1,161,,,
0,4,default_vehtype,route,False,5520.0,5593.333060640976,2975;-1;-1,2977;-1;-1,611.108838674794,0.8201300882606146,0.8200689773767471,0.0,,0,,0,,,2975;1166;429;4313;68;7318;7325;3011;4;4345;7330;7562;7316;7531;2802;2977,2975:5520;1166:5530.110872744087;429:5531.513192744087;4313:5532.696152744087;68:5538.294512744087;7318:5544.962552744087;7325:5548.289312744087;3011:5552.299952744087;4:5557.085072744087;4345:5559.128552744087;7330:5560.331552744087;7562:5568.1653927440875;7316:5575.560392744088;7531:5583.115352744088;2802:5590.330832744088;2977:5593.333060640976
0,4,default_vehtype,boarding,True,5593.333060640976,5623.333060640976,2977;-1;-1,2977;-1;-1,0.0,0.8200689773767471,0.8200689773767471,0.0,,0,160,1,160,,,
0,6,default_vehtype,route,False,5518.05871489607,5591.9621988535655,2971;-1;-1,2973;-1;-1,860.3601923643268,0.540852313813494,0.5407662777942576,0.0,,0,157,1,,,2971;3807;6875;885;316;2042;1982;6306;374;7114;3246;5330;661;445;6080;7381;364;3029;3886;5711;6045;2157;4817;456;5901;7605;2830;1420;1084;2973,2971:5518.05871489607;3807:5519.435070164229;6875:5520.503070164229;885:5521.106430164229;316:5527.933590164229;2042:5538.672030164229;1982:5539.434750164229;6306:5539.651590164229;374:5547.952590164229;7114:5550.167598164229;3246:5551.30541416423;5330:5552.052990164229;661:5553.044430164229;445:5556.074118164229;6080:5558.897526164229;7381:5559.306414164229;364:5559.741798164229;3029:5561.766006164229;3886:5562.26403016423;5711:5564.80361416423;6045:5566.19789416423;2157:5570.38642216423;4817:5570.86320616423;456:5571.47808616423;5901:5572.23365416423;7605:5575.7053501642295;2830:5575.93474216423;1420:5587.639854164229;1084:5591.174838164229;2973:5591.9621988535655
0,6,default_vehtype,boarding,True,5591.9621988535655,5621.9621988535655,2973;-1;-1,2973;-1;-1,0.0,0.5407662777942576,0.5407662777942576,0.0,,0,157,1,,157,,
0,7,default_vehtype,boarding,True,5562.9490305632235,5592.9490305632235,2988;-1;-1,2988;-1;-1,0.0,0.7687139511101749,0.7687139511101749,0.0,,0,149,1,,149,,
0,0,default_vehtype,boarding,True,5621.479716114231,5651.479716114231,2974;-1;-1,2974;-1;-1,0.0,0.6885270826605744,0.6885270826605744,0.0,,0,159,1,,159,,
0,3,default_vehtype,route,False,5456.168411212285,5644.67948758812,2969;-1;-1,2966;-1;-1,1632.2617082123672,0.7617264405361075,0.7615632143652863,0.0,,0,156,1,,,2969;7192;1664;337;1075;5648;5759;205;5793;1407;5826;7411;4686;5074;5295;5274;7181;604;603;602;1339;1395;1399;835;1147;1093;2607;911;1150;665;666;1885;668;1415;1041;1623;1383;2333;2966,2969:5456.168411212285;7192:5459.772054164231;1664:5463.025950164231;337:5470.786182164231;1075:5471.810022164231;5648:5472.610806164231;5759:5478.169134164231;205:5483.31339016423;5793:5487.434742164231;1407:5489.054886164231;5826:5491.335198164231;7411:5494.233846164231;4686:5495.304558164231;5074:5502.245070164231;5295:5502.475326164231;5274:5505.854142164231;7181:5510.363430164231;604:5513.941830164232;603:5515.005414164232;602:5515.858542164232;1339:5516.850918164232;1395:5525.388246164232;1399:5527.528950164233;835:5531.105910164233;1147:5531.898486164233;1093:5533.157766164233;2607:5541.216438164233;911:5544.070302164233;1150:5544.830766164233;665:5546.280630164233;666:5547.149742164233;1885:5548.135566164234;668:5561.5059661642335;1415:5562.135030164233;1041:5578.821544449947;1623:5583.204801592805;1383:5594.290230164233;2333:5634.444115878519;2966:5644.67948758812
0,3,default_vehtype,boarding,True,5644.67948758812,5674.67948758812,2966;-1;-1,2966;-1;-1,0.0,0.7615632143652863,0.7615632143652863,0.0,,0,156,1,,156,,
0,4,default_vehtype,route,False,5623.333060640976,5677.350925087714,2977;-1;-1,2976;-1;-1,399.16115610376266,0.8200689773767471,0.8200290612611367,0.0,,0,160,1,,,2977;6202;7315;7530;2803;7558;2806;4344;1199;1204;7329;2976,2977:5623.333060640976;6202:5627.226152744088;7315:5634.121472744087;7530:5641.336952744087;2803:5648.891912744088;7558:5656.286912744088;2806:5664.120752744088;4344:5665.323752744089;1199:5669.314095601231;1204:5673.304438458374;7329:5674.507438458374;2976:5677.350925087714
0,1,default_vehtype,route,False,5504.87494765429,5725.009664862967,2976;-1;-1,2970;-1;-1,1834.455976738958,0.8563718599140183,0.8561884143163445,0.0,,0,154,1,,,2976;7557;2806;4344;2996;3013;7322;2804;3061;1173;3425;3125;3406;2825;1944;130;99;4526;714;2800;4332;799;3653;3825;7127;3766;3988;553;7132;7191;3566;4337;7134;6667;6711;1807;1653;6829;4349;4937;669;5061;7265;3848;534;2839;3560;2970,2976:5504.87494765429;7557:5509.86530102495;2806:5517.69914102495;4344:5518.902141024951;2996:5520.945621024951;3013:5525.7307410249505;7322:5529.741381024951;2804:5533.068141024951;3061:5539.73618102495;1173:5545.33454102495;3425:5546.51750102495;3125:5547.771021024951;3406:5560.125381024951;2825:5562.595101024951;1944:5563.906461024951;130:5566.294101024951;99:5566.77434102495;4526:5575.18394102495;714:5577.98078102495;2800:5579.987181024951;4332:5580.80282102495;799:5581.98374102495;3653:5586.57998102495;3825:5587.82858102495;7127:5631.38870102495;3766:5632.32590102495;3988:5636.06150102495;553:5636.51978102495;7132:5646.39866102495;7191:5654.35586102495;3566:5656.18502102495;4337:5660.68322102495;7134:5661.783261024951;6667:5669.715381024951;6711:5685.574941024951;1807:5687.502141024951;1653:5693.306061024951;6829:5694.078981024952;4349:5694.627861024952;4937:5698.997421024952;669:5709.304821024952;5061:5715.113181024952;7265:5715.896421024951;3848:5716.871061024952;534:5720.916021024952;2839:5722.274661024952;3560:5723.350221024953;2970:5725.009664862967
0,1,default_vehtype,boarding,True,5725.009664862967,5755.009664862967,2970;-1;-1,2970;-1;-1,0.0,0.8561884143163445,0.8561884143163445,0.0,,0,154,1,,154,,
0,2,default_vehtype,route,False,5610.0,5713.090180141341,2966;-1;-1,2967;-1;-1,889.1057434150201,0.9128682291628033,0.9127793185884617,0.0,,0,161,1,,,2966;2743;2631;2150;735;738;2470;734;1815;739;1724;1962;1910;164;1354;197;1311;7;1963;1308;482;7613;2611;1307;2876;1960;2967,2966:5610;2743:5617.8438282904;2631:5621.855256861829;2150:5638.7855425761145;735:5649.267714004686;738:5655.435542576115;2470:5656.385222576115;734:5656.594094576115;1815:5657.602310576115;739:5658.442838576115;1724:5674.900526576115;1962:5675.9573425761155;1910:5676.779582576116;164:5677.730774576116;1354:5678.687294576116;197:5680.896542576116;1311:5692.431302576116;7:5696.1262705761155;1963:5696.534726576116;1308:5696.895950576116;482:5701.450598576116;7613:5702.774750576116;2611:5706.671102576116;1307:5707.986830576116;2876:5710.653566576116;1960:5711.6378065761155;2967:5713.090180141341
0,2,default_vehtype,boarding,True,5713.090180141341,5743.090180141341,2967;-1;-1,2967;-1;-1,0.0,0.9127793185884617,0.9127793185884617,0.0,,0,161,1,,161,,
0,4,default_vehtype,boarding,True,5677.350925087714,5707.350925087714,2976;-1;-1,2976;-1;-1,0.0,0.8200290612611367,0.8200290612611367,0.0,,0,160;163,2,163,160,,
0,7,default_vehtype,reposition,True,5700.0,5737.518043549005,2988;-1;-1,2989;-1;-1,366.3228098138172,0.7687139511101749,0.7686773188291935,0.0,,0,,0,,,2988;3447;3721;5333;251;2711;3358;2296;5495;5696;3307;3987;6878;2989,2988:5700;3447:5701.539512442979;3721:5704.569200442978;5333:5705.560640442978;251:5706.308216442978;2711:5707.446032442978;3358:5709.661040442978;2296:5717.962040442979;5495:5718.178880442979;5696:5718.941600442979;3307:5729.680040442979;3987:5736.5072004429785;6878:5737.110560442979;2989:5737.518043549005
0,7,default_vehtype,repositioning_target,True,5737.518043549005,5737.518043549005,2989;-1;-1,2989;-1;-1,0.0,0.7686773188291935,0.7686773188291935,0.0,,0,,0,,,,
0,9,default_vehtype,route,False,5539.177459902197,5755.64386821931,2969;-1;-1,2985;-1;-1,1880.911226626547,0.9597017898059863,0.9595136986833237,0.0,,0,158,1,,,2969;7192;1664;1659;538;4990;4939;5252;3070;1657;4439;4842;1272;3423;4282;4975;5250;6710;2464;7135;1193;552;2755;7131;3567;888;712;2718;754;611;1812;1186;7311;3767;4527;3089;3131;5447;7352;414;122;3426;4305;793;118;3979;2985,2969:5539.177459902197;7192:5542.781102854144;1664:5546.034998854144;1659:5550.794558854144;538:5551.945598854144;4990:5555.642678854144;4939:5557.033238854144;5252:5562.457958854144;3070:5563.494398854144;1657:5571.011198854144;4439:5576.641358854144;4842:5581.025918854144;1272:5581.210838854144;3423:5582.427398854144;4282:5586.204878854143;4975:5587.254638854143;5250:5593.0585588541435;6710:5594.985758854144;2464:5610.845318854143;7135:5618.777438854144;1193:5619.877478854144;552:5624.375678854144;2755:5626.204838854144;7131:5634.162038854144;3567:5644.040918854144;888:5644.499198854144;712:5648.234798854144;2718:5649.1719988541445;754:5692.732118854145;611:5693.9807188541445;1812:5698.551878854145;1186:5699.729078854145;7311:5700.544718854145;3767:5702.551118854145;4527:5705.347958854145;3089:5713.757558854145;3131:5714.237798854145;5447:5716.625438854145;7352:5717.936798854144;414:5720.406518854144;122:5732.760878854145;3426:5734.014398854145;4305:5735.416718854145;793:5747.532278854145;118:5753.396558854145;3979:5755.247102854145;2985:5755.64386821931
0,0,default_vehtype,route,False,5651.479716114231,5778.698559344438,2974;-1;-1,2983;-1;-1,1071.1849319455905,0.6885270826605744,0.6884199641673797,0.0,,0,,0,,,2974;6479;3091;4274;880;3109;3874;4306;429;4313;68;7318;7325;3011;4;4345;7330;7562;7316;7531;2802;2251;7515;4311;2918;1172;2919;6201;7314;2983,2974:5651.479716114231;6479:5651.980294447699;3091:5665.302022447699;4274:5666.444950447699;880:5667.036286447699;3109:5668.886830447699;3874:5674.751110447699;4306:5686.866670447699;429:5688.268990447699;4313:5689.451950447699;68:5695.050310447699;7318:5701.718350447699;7325:5705.045110447699;3011:5709.055750447699;4:5713.840870447699;4345:5715.884350447699;7330:5717.0873504476995;7562:5724.9211904477;7316:5732.3161904477;7531:5739.8711504477005;2802:5747.0866304477;2251:5753.9819504477;7515:5754.8430704477;4311:5759.593013304842;2918:5761.548327590556;1172:5763.50364187627;2919:5768.253584733413;6201:5769.1147047334125;7314:5776.010024733412;2983:5778.698559344438
0,0,default_vehtype,boarding,True,5778.698559344438,5808.698559344438,2983;-1;-1,2983;-1;-1,0.0,0.6884199641673797,0.6884199641673797,0.0,,0,162,1,162,,,
0,1,default_vehtype,route,False,5760.0,5767.381840040903,2970;-1;-1,2990;-1;-1,61.51533367418344,0.8561884143163445,0.856182262782977,0.0,,0,,0,,,2970;671;544;7400;5449;2990,2970:5760;671:5761.0301161619855;544:5763.719676161985;7400:5764.7952361619855;5449:5765.994276161986;2990:5767.381840040903
0,1,default_vehtype,boarding,True,5767.381840040903,5797.381840040903,2990;-1;-1,2990;-1;-1,0.0,0.856182262782977,0.856182262782977,0.0,,0,170,1,170,,,
0,3,default_vehtype,boarding,True,5760.0,5790.0,2966;-1;-1,2966;-1;-1,0.0,0.7615632143652863,0.7615632143652863,0.0,,0,169,1,169,,,
0,5,default_vehtype,route,False,5760.0,5791.62247258673,2987;-1;-1,2988;-1;-1,439.20100814900826,0.9320206350359507,0.9319767149351358,0.0,,0,,0,,,2987;4613;7368;7606;5900;3459;4818;5992;6047;5708;3884;3030;3347;7376;2207;2988,2987:5760;4613:5761.596249029708;7368:5773.301361029708;7606:5773.530753029708;5900:5777.002449029707;3459:5777.758017029707;4818:5778.372897029707;5992:5778.849681029707;6047:5783.038209029707;5708:5784.4324890297075;3884:5786.972073029708;3030:5787.470097029708;3347:5789.494305029708;7376:5789.929689029708;2207:5790.338577029708;2988:5791.62247258673
0,6,default_vehtype,route,False,5640.0,5783.395083207554,2973;-1;-1,2977;-1;-1,1540.4760006777287,0.5407662777942576,0.5406122301941898,0.0,,0,,0,,,2973;7354;3525;6025;3063;6027;7362;2188;2186;5744;6033;5746;6031;146;2828;2376;3091;4274;880;3109;3874;4306;429;4313;68;7318;7325;3011;4;4345;7330;7562;7316;7531;2802;2977,2973:5640;7354:5643.797167310664;3525:5654.676007310664;6025:5656.417471310664;3063:5657.682151310664;6027:5658.984127310664;7362:5662.992367310664;2188:5669.655535310664;2186:5670.931807310664;5744:5672.947231310664;6033:5674.316671310665;5746:5676.240079310664;6031:5677.731703310665;146:5678.692831310665;2828:5679.784639310665;2376:5685.2865193106645;3091:5698.608247310664;4274:5699.751175310665;880:5700.342511310665;3109:5702.193055310665;3874:5708.057335310665;4306:5720.172895310665;429:5721.575215310665;4313:5722.758175310665;68:5728.356535310665;7318:5735.024575310665;7325:5738.351335310665;3011:5742.361975310665;4:5747.147095310665;4345:5749.190575310665;7330:5750.393575310665;7562:5758.2274153106655;7316:5765.622415310666;7531:5773.177375310666;2802:5780.392855310666;2977:5783.395083207554
0,6,default_vehtype,boarding,True,5783.395083207554,5813.395083207554,2977;-1;-1,2977;-1;-1,0.0,0.5406122301941898,0.5406122301941898,0.0,,0,164,1,164,,,
0,9,default_vehtype,boarding,True,5755.64386821931,5785.64386821931,2985;-1;-1,2985;-1;-1,0.0,0.9595136986833237,0.9595136986833237,0.0,,0,158,1,,158,,
0,9,default_vehtype,route,False,5785.64386821931,5796.149286110059,2985;-1;-1,2975;-1;-1,102.19209706087136,0.9595136986833237,0.9595034794736176,0.0,,0,,0,,,2985;1140;880;3109;3874;2975,2985:5785.64386821931;1140:5785.838438854145;880:5786.429774854146;3109:5788.280318854146;3874:5794.144598854145;2975:5796.149286110059
0,4,default_vehtype,route,False,5707.350925087714,5833.294789428668,2976;-1;-1,2987;-1;-1,1410.1941526762303,0.8200290612611367,0.8198880418458692,0.0,,0,163,1,,,2976;7557;2806;4344;2996;3013;7322;2804;3061;1173;3425;4304;793;118;3979;4275;103;6480;7360;3154;6028;5745;6035;5743;6038;6041;7365;2179;3064;6023;3524;7356;4225;2987,2976:5707.350925087714;7557:5712.341278458374;2806:5720.1751184583745;4344:5721.378118458375;2996:5723.421598458375;3013:5728.206718458375;7322:5732.217358458375;2804:5735.544118458375;3061:5742.212158458375;1173:5747.810518458375;3425:5748.993478458375;4304:5750.395798458375;793:5762.511358458375;118:5768.375638458375;3979:5770.226182458375;4275:5770.817518458375;103:5771.960446458375;6480:5785.282174458375;7360:5790.784054458375;3154:5791.875862458375;6028:5792.836990458375;5745:5794.328614458375;6035:5796.252022458375;5743:5797.621462458375;6038:5799.636886458376;6041:5800.913158458376;7365:5807.576326458376;2179:5811.584566458376;3064:5812.8865424583755;6023:5814.151222458376;3524:5815.8926864583755;7356:5826.771526458376;4225:5831.356054458376;2987:5833.294789428668
0,4,default_vehtype,boarding,True,5833.294789428668,5863.294789428668,2987;-1;-1,2987;-1;-1,0.0,0.8198880418458692,0.8198880418458692,0.0,,0,163,1,,163,,
0,5,default_vehtype,boarding,True,5791.62247258673,5821.62247258673,2988;-1;-1,2988;-1;-1,0.0,0.9319767149351358,0.9319767149351358,0.0,,0,167,1,167,,,
0,8,default_vehtype,reposition,True,5700.0,5821.507200347517,2973;-1;-1,2984;-1;-1,1307.0892625583863,0.8963398558518488,0.8962091469255931,0.0,,0,,0,,,2973;7354;3525;6025;3063;6027;7362;2188;2186;5744;6033;5746;6031;146;2828;2376;3091;4274;880;3109;3874;4306;429;4313;68;7318;7325;3011;4;4345;1199;1204;2996;2984,2973:5700;7354:5703.797167310664;3525:5714.676007310664;6025:5716.417471310664;3063:5717.682151310664;6027:5718.984127310664;7362:5722.992367310664;2188:5729.655535310664;2186:5730.931807310664;5744:5732.947231310664;6033:5734.316671310665;5746:5736.240079310664;6031:5737.731703310665;146:5738.692831310665;2828:5739.784639310665;2376:5745.2865193106645;3091:5758.608247310664;4274:5759.751175310665;880:5760.342511310665;3109:5762.193055310665;3874:5768.057335310665;4306:5780.172895310665;429:5781.575215310665;4313:5782.758175310665;68:5788.356535310665;7318:5795.024575310665;7325:5798.351335310665;3011:5802.361975310665;4:5807.147095310665;4345:5809.190575310665;1199:5813.180918167807;1204:5817.17126102495;2996:5819.21474102495;2984:5821.507200347517
0,8,default_vehtype,repositioning_target,True,5821.507200347517,5821.507200347517,2984;-1;-1,2984;-1;-1,0.0,0.8962091469255931,0.8962091469255931,0.0,,0,,0,,,,
0,9,default_vehtype,boarding,True,5796.149286110059,5826.149286110059,2975;-1;-1,2975;-1;-1,0.0,0.9595034794736176,0.9595034794736176,0.0,,0,165,1,165,,,
0,11,default_vehtype,reposition,True,5700.0,5862.22933407776,2987;-1;-1,2969;-1;-1,1787.9925288577947,0.8870515985557694,0.8868727993028837,0.0,,0,,0,,,2987;4613;7368;7606;5900;3459;4818;5992;6047;5708;3884;3030;3347;7376;2207;3446;3720;5332;251;2711;3358;2296;5495;5697;5497;5500;670;5502;5512;5520;5531;6313;6632;6644;3793;6319;7102;3741;7384;6414;5446;2447;2571;42;2577;2566;3033;3036;2469;2404;2235;3762;5287;310;2280;1447;6261;3764;4397;4745;4182;4187;4191;4195;4202;336;2969,2987:5700;4613:5701.596249029708;7368:5713.301361029708;7606:5713.530753029708;5900:5717.002449029707;3459:5717.758017029707;4818:5718.372897029707;5992:5718.849681029707;6047:5723.038209029707;5708:5724.4324890297075;3884:5726.972073029708;3030:5727.470097029708;3347:5729.494305029708;7376:5729.929689029708;2207:5730.338577029708;3446:5733.161985029708;3720:5736.191673029708;5332:5737.183113029708;251:5737.9306890297075;2711:5739.068505029708;3358:5741.283513029708;2296:5749.584513029708;5495:5749.8013530297085;5697:5750.905113029708;5497:5751.602553029708;5500:5754.509793029708;670:5755.907193029708;5502:5758.254633029707;5512:5761.776393029707;5520:5764.230393029707;5531:5765.927313029707;6313:5766.952353029707;6632:5769.249393029708;6644:5770.820673029708;3793:5772.669873029708;6319:5773.5855930297075;7102:5774.063673029707;3741:5774.603313029707;7384:5782.262313029707;6414:5787.469473029707;5446:5789.737233029707;2447:5793.673353029707;2571:5801.262273029707;42:5805.930273029707;2577:5806.602753029707;2566:5815.201833029707;3033:5815.832793029707;3036:5818.102353029707;2469:5821.694673029707;2404:5825.018193029707;2235:5826.301593029707;3762:5826.725025029707;5287:5827.264089029706;310:5830.0543050297065;2280:5830.653417029706;1447:5831.0993130297065;6261:5834.977305029706;3764:5835.983001029706;4397:5836.533657029707;4745:5836.759953029707;4182:5841.213729029707;4187:5843.875785029707;4191:5844.614073029707;4195:5859.0773610297065;4202:5860.0798890297065;336:5861.103009029706;2969:5862.22933407776
0,11,default_vehtype,repositioning_target,True,5862.22933407776,5862.22933407776,2969;-1;-1,2969;-1;-1,0.0,0.8868727993028837,0.8868727993028837,0.0,,0,,0,,,,
0,0,default_vehtype,route,False,5808.698559344438,5906.84771453084,2983;-1;-1,2982;-1;-1,700.0444836962448,0.6884199641673797,0.68834995971901,0.0,,0,162,1,,,2983;7527;2802;2251;7515;7037;7512;3274;2902;3901;7011;7336;4365;7288;1182;1001;6296;6301;2298;2295;2293;4102;4325;7285;1218;2982,2983:5808.698559344438;7527:5813.225504733412;2802:5820.440984733412;2251:5827.336304733411;7515:5828.197424733411;7037:5835.509384733411;7512:5842.742744733411;3274:5854.088744733411;2902:5854.200344733411;3901:5854.668344733411;7011:5856.649304733411;7336:5859.5567847334105;4365:5867.13790473341;7288:5868.26110473341;1182:5869.17802473341;1001:5874.46918473341;6296:5876.828504733409;6301:5881.770790447695;2298:5886.052733304838;2295:5890.3346761619805;2293:5895.276961876266;4102:5897.6362818762655;4325:5902.927441876265;7285:5903.844361876265;1218:5904.967561876265;2982:5906.84771453084
0,0,default_vehtype,boarding,True,5906.84771453084,5936.84771453084,2982;-1;-1,2982;-1;-1,0.0,0.68834995971901,0.68834995971901,0.0,,0,162,1,,162,,
0,11,default_vehtype,route,False,5880.0,5926.983462789962,2969;-1;-1,2970;-1;-1,456.06829520493284,0.8868727993028837,0.8868271924733632,0.0,,0,,0,,,2969;7192;1664;1659;4844;3270;4850;6823;1946;7401;3560;2970,2969:5880;7192:5883.603642951946;1664:5886.8575389519465;1659:5891.617098951947;4844:5903.889618951947;3270:5905.762698951948;4850:5911.315818951947;6823:5918.796138951947;1946:5923.049418951947;7401:5924.248458951947;3560:5925.324018951947;2970:5926.983462789962
0,0,default_vehtype,route,False,5936.84771453084,5992.267586311464,2982;-1;-1,2979;-1;-1,461.8322648385531,0.68834995971901,0.6883037764925262,0.0,,0,,0,,,2982;2809;4365;7288;1182;1001;6296;1434;3820;3877;2787;4993;6537;2979,2982:5936.84771453084;2809:5942.548681876265;4365:5950.1298018762645;7288:5951.2530018762645;1182:5952.169921876264;1001:5957.461081876264;6296:5959.8204018762635;1434:5965.779481876263;3820:5970.8881218762635;3877:5972.796001876263;2787:5981.588521876263;4993:5982.637561876263;6537:5988.437401876263;2979:5992.267586311464
0,1,default_vehtype,route,False,5797.381840040903,5980.071363132278,2990;-1;-1,2987;-1;-1,1926.571842263089,0.856182262782977,0.8559896055987507,0.0,,0,170,1,,,2990;2552;1946;7401;3560;3731;662;7398;3491;6933;7394;6989;7392;5704;7389;3806;2573;885;316;2042;1982;6306;374;7114;3246;5330;661;445;6080;7381;364;3029;3886;5711;6045;2157;4817;456;5901;7605;2830;1420;1084;7357;2826;2827;4225;2987,2990:5797.381840040903;2552:5800.247556161986;1946:5804.500836161986;7401:5805.699876161986;3560:5806.775436161986;3731:5809.464996161986;662:5831.914716161986;7398:5835.433956161985;3491:5841.758676161985;6933:5842.670436161985;7394:5848.032036161985;6989:5848.626396161985;7392:5857.837476161985;5704:5860.202556161985;7389:5874.740796161985;3806:5878.805196161985;2573:5879.873196161985;885:5880.476556161985;316:5887.303716161985;2042:5898.042156161985;1982:5898.804876161985;6306:5899.021716161985;374:5907.322716161985;7114:5909.537724161985;3246:5910.675540161986;5330:5911.4231161619855;661:5912.414556161985;445:5915.444244161985;6080:5918.267652161985;7381:5918.676540161985;364:5919.111924161985;3029:5921.136132161985;3886:5921.634156161986;5711:5924.173740161986;6045:5925.568020161986;2157:5929.756548161986;4817:5930.233332161986;456:5930.848212161986;5901:5931.603780161986;7605:5935.0754761619855;2830:5935.304868161986;1420:5947.009980161985;1084:5950.544964161985;7357:5955.129492161986;2826:5964.338796161986;2827:5973.5481001619855;4225:5978.132628161986;2987:5980.071363132278
0,2,default_vehtype,route,False,5940.0,5956.501022452874,2967;-1;-1,2993;-1;-1,229.18086740101808,0.9127793185884617,0.9127564005017216,0.0,,0,,0,,,2967;3896;5466;7451;2993,2967:5940;3896:5946.079546434775;5466:5953.611466434775;7451:5954.595706434775;2993:5956.501022452874
0,2,default_vehtype,boarding,True,5956.501022452874,5986.501022452874,2993;-1;-1,2993;-1;-1,0.0,0.9127564005017216,0.9127564005017216,0.0,,0,173,1,173,,,
0,5,default_vehtype,route,False,5821.62247258673,5964.2747540665605,2988;-1;-1,2984;-1;-1,1600.7709449516558,0.9319767149351358,0.9318166378406407,0.0,,0,167,1,,,2988;3447;6082;7383;364;3029;3886;5711;6045;2157;4817;456;5901;7605;2830;5852;6913;1321;597;2204;6066;6049;7367;2188;2186;5744;6033;5746;6031;146;2828;2376;3091;4274;880;3109;3874;4306;429;4313;68;7318;7325;3011;4;4345;1199;1204;2996;2984,2988:5821.62247258673;3447:5823.161985029708;6082:5825.985393029709;7383:5826.3942810297085;364:5826.829665029709;3029:5828.853873029709;3886:5829.351897029709;5711:5831.891481029709;6045:5833.28576102971;2157:5837.474289029709;4817:5837.95107302971;456:5838.56595302971;5901:5839.321521029709;7605:5842.793217029709;2830:5843.022609029709;5852:5849.549337029709;6913:5851.445745029709;1321:5856.594177029709;597:5857.057065029709;2204:5858.614353029709;6066:5859.260049029708;6049:5863.486377029708;7367:5865.759921029708;2188:5872.423089029708;2186:5873.699361029708;5744:5875.714785029708;6033:5877.084225029708;5746:5879.007633029708;6031:5880.499257029708;146:5881.460385029708;2828:5882.552193029708;2376:5888.054073029708;3091:5901.375801029708;4274:5902.518729029708;880:5903.1100650297085;3109:5904.960609029708;3874:5910.824889029708;4306:5922.940449029708;429:5924.3427690297085;4313:5925.525729029709;68:5931.124089029709;7318:5937.792129029708;7325:5941.118889029708;3011:5945.1295290297085;4:5949.914649029708;4345:5951.958129029708;1199:5955.948471886851;1204:5959.938814743993;2996:5961.982294743993;2984:5964.2747540665605
0,5,default_vehtype,boarding,True,5964.2747540665605,5994.2747540665605,2984;-1;-1,2984;-1;-1,0.0,0.9318166378406407,0.9318166378406407,0.0,,0,167,1,,167,,
0,7,default_vehtype,route,False,5880.0,5956.352440772889,2989;-1;-1,2990;-1;-1,636.2703397740854,0.7686773188291935,0.7686136917952161,0.0,,0,,0,,,2989;3808;7388;2045;2835;2641;7396;2616;486;2838;3722;3732;544;7400;5449;2990,2989:5880;3808:5880.660516893973;7388:5884.724916893973;2045:5899.263156893973;2835:5901.628236893973;2641:5910.839316893973;7396:5911.433676893973;2616:5916.795276893973;486:5917.707036893973;2838:5924.031756893973;3722:5927.550996893972;3732:5950.000716893972;544:5952.690276893972;7400:5953.765836893972;5449:5954.964876893972;2990:5956.352440772889
0,7,default_vehtype,boarding,True,5956.352440772889,5986.352440772889,2990;-1;-1,2990;-1;-1,0.0,0.7686136917952161,0.7686136917952161,0.0,,0,172,1,172,,,
0,8,default_vehtype,route,False,5821.507200347517,5941.454094170806,2984;-1;-1,2981;-1;-1,1022.543848527398,0.8962091469255931,0.8961068925407403,0.0,,0,,0,,,2984;3012;7321;2804;3061;1173;3425;3125;3406;2825;1944;130;99;4526;714;2800;4339;2419;5404;5421;1925;1883;926;925;5399;1905;830;2795;1891;827;6499;1803;1141;5241;922;6385;3550;2981,2984:5821.507200347517;3012:5823.9998610249495;7321:5828.01050102495;2804:5831.33726102495;3061:5838.005301024949;1173:5843.603661024949;3425:5844.786621024949;3125:5846.04014102495;3406:5858.39450102495;2825:5860.86422102495;1944:5862.17558102495;130:5864.56322102495;99:5865.0434610249495;4526:5873.453061024949;714:5876.249901024949;2800:5878.25630102495;4339:5879.75006102495;2419:5884.35914102495;5404:5888.58602102495;5421:5889.69134102495;1925:5889.83462102495;1883:5890.87190102495;926:5895.12446102495;925:5898.068781024949;5399:5907.373581024949;1905:5908.700181024949;830:5909.8770210249495;2795:5911.06070102495;1891:5911.31462102495;827:5912.38046102495;6499:5921.73530102495;1803:5927.69786102495;1141:5933.20250102495;5241:5934.79058102495;922:5935.706493024951;6385:5938.9281330249505;3550:5939.189973024951;2981:5941.454094170806
0,8,default_vehtype,boarding,True,5941.454094170806,5971.454094170806,2981;-1;-1,2981;-1;-1,0.0,0.8961068925407403,0.8961068925407403,0.0,,0,166,1,166,,,
0,9,default_vehtype,route,False,5826.149286110059,5945.300551508721,2975;-1;-1,2982;-1;-1,992.9272116555164,0.9595034794736176,0.959404186752452,0.0,,0,165,1,,,2975;1166;429;3125;3406;2825;1944;130;99;4526;714;2800;4339;2419;5404;5421;1925;1883;926;925;5399;1905;830;2795;918;3075;7097;7290;2736;1744;1164;2789;1218;2982,2975:5826.149286110059;1166:5836.260158854146;429:5837.662478854146;3125:5838.915998854146;3406:5851.270358854146;2825:5853.740078854146;1944:5855.051438854146;130:5857.439078854146;99:5857.919318854146;4526:5866.328918854146;714:5869.125758854146;2800:5871.132158854146;4339:5872.625918854146;2419:5877.234998854146;5404:5881.461878854147;5421:5882.567198854146;1925:5882.7104788541465;1883:5883.747758854146;926:5888.000318854146;925:5890.9446388541455;5399:5900.249438854145;1905:5901.576038854146;830:5902.752878854146;2795:5903.936558854146;918:5905.078718854146;3075:5912.951678854146;7097:5913.801038854146;7290:5919.603158854146;2736:5928.321638854146;1744:5929.776878854146;1164:5940.885398854146;2789:5942.297198854146;1218:5943.420398854146;2982:5945.300551508721
0,9,default_vehtype,boarding,True,5945.300551508721,5975.300551508721,2982;-1;-1,2982;-1;-1,0.0,0.959404186752452,0.959404186752452,0.0,,0,165,1,,165,,
0,11,default_vehtype,boarding,True,5926.983462789962,5956.983462789962,2970;-1;-1,2970;-1;-1,0.0,0.8868271924733632,0.8868271924733632,0.0,,0,171,1,171,,,
0,0,default_vehtype,boarding,True,5992.267586311464,6022.267586311464,2979;-1;-1,2979;-1;-1,0.0,0.6883037764925262,0.6883037764925262,0.0,,0,168,1,168,,,
0,1,default_vehtype,boarding,True,5980.071363132278,6010.071363132278,2987;-1;-1,2987;-1;-1,0.0,0.8559896055987507,0.8559896055987507,0.0,,0,170,1,,170,,
0,3,default_vehtype,route,False,5790.0,6053.504789110711,2966;-1;-1,2989;-1;-1,2459.315580892664,0.7615632143652863,0.761317282807197,0.0,,0,169,1,,,2966;2743;2631;2150;735;738;1096;3736;81;831;2413;1146;832;1880;1340;3638;3641;7177;5275;5297;5072;1464;2847;5825;4587;5794;3202;2065;2023;4203;4198;1071;1070;1069;1067;1504;4396;710;2281;4664;6260;3300;1832;708;6180;2405;6169;2744;2567;2576;3077;3241;88;2758;2742;2448;2353;6140;7386;3742;7100;6318;737;6639;2446;2301;1992;1990;1988;1985;3729;5498;5496;5699;5494;5695;3307;3987;6878;2989,2966:5790;2743:5797.8438282904;2631:5801.855256861829;2150:5818.7855425761145;735:5829.267714004686;738:5835.435542576115;1096:5844.974514004686;3736:5845.237530004686;81:5849.086434004686;831:5859.933018004686;2413:5860.9207140046865;1146:5861.7340980046865;832:5862.542514004686;1880:5865.140202004686;1340:5876.673018004686;3638:5877.659490004686;3641:5878.723074004686;7177:5882.3014740046865;5275:5886.810762004687;5297:5890.189578004687;5072:5890.419834004687;1464:5897.360346004687;2847:5898.431058004687;5825:5901.329706004687;4587:5903.610018004687;5794:5905.230162004687;3202:5909.3515140046875;2065:5914.495770004687;2023:5920.054098004687;4203:5920.854882004687;4198:5921.836530004687;1071:5922.839058004687;1070:5937.302346004687;1069:5938.040634004687;1067:5940.702690004687;1504:5945.156466004687;4396:5945.382762004687;710:5945.933418004687;2281:5946.939114004687;4664:5950.817106004687;6260:5951.263002004687;3300:5951.862114004687;1832:5954.652330004687;708:5955.191394004687;6180:5955.614826004687;2405:5957.837226004686;6169:5961.314346004686;2744:5965.914906004686;2567:5967.757866004686;2576:5976.246426004685;3077:5978.379066004685;3241:5981.507946004685;88:5983.4347860046855;2758:5985.398226004686;2742:5985.804666004686;2448:5988.990306004685;2353:5995.191186004686;6140:6000.362226004686;7386:6001.704666004686;3742:6009.363666004686;7100:6009.903306004686;6318:6010.381386004686;737:6011.297106004686;6639:6013.146306004685;2446:6014.7175860046855;2301:6017.014626004686;1992:6018.039666004686;1990:6019.736586004687;1988:6022.190586004686;1985:6025.712346004686;3729:6028.0597860046855;5498:6029.457186004685;5496:6032.364426004685;5699:6033.061866004685;5494:6034.165626004685;5695:6034.9283460046845;3307:6045.666786004685;3987:6052.493946004684;6878:6053.0973060046845;2989:6053.504789110711
0,1,default_vehtype,route,False,6060.0,6091.62247258673,2987;-1;-1,2988;-1;-1,439.20100814900826,0.8559896055987507,0.8559456854979358,0.0,,0,,0,,,2987;4613;7368;7606;5900;3459;4818;5992;6047;5708;3884;3030;3347;7376;2207;2988,2987:6060;4613:6061.596249029708;7368:6073.301361029708;7606:6073.530753029708;5900:6077.002449029707;3459:6077.758017029707;4818:6078.372897029707;5992:6078.849681029707;6047:6083.038209029707;5708:6084.4324890297075;3884:6086.972073029708;3030:6087.470097029708;3347:6089.494305029708;7376:6089.929689029708;2207:6090.338577029708;2988:6091.62247258673
0,3,default_vehtype,boarding,True,6053.504789110711,6083.504789110711,2989;-1;-1,2989;-1;-1,0.0,0.761317282807197,0.761317282807197,0.0,,0,169,1,,169,,
0,6,default_vehtype,route,False,5813.395083207554,6104.085031775719,2977;-1;-1,2992;-1;-1,2881.7774406516896,0.5406122301941898,0.5403240524501246,0.0,,0,164,1,,,2977;6202;7315;7530;2803;7558;2806;4344;2996;3013;7322;2804;3061;1173;3425;3125;3406;2825;1944;130;99;4526;714;2800;4332;799;3653;3825;7127;1836;4248;5046;7138;6879;1367;3637;3640;3643;7179;5275;5297;5072;1464;2847;5825;4587;5794;3202;2065;2023;4203;537;18;5629;1068;2559;6740;1717;2067;2063;1937;2992,2977:5813.395083207554;6202:5817.288175310666;7315:5824.183495310665;7530:5831.398975310665;2803:5838.953935310666;7558:5846.348935310666;2806:5854.182775310666;4344:5855.385775310667;2996:5857.429255310667;3013:5862.214375310667;7322:5866.225015310667;2804:5869.551775310667;3061:5876.2198153106665;1173:5881.818175310666;3425:5883.0011353106665;3125:5884.254655310667;3406:5896.609015310667;2825:5899.078735310667;1944:5900.390095310667;130:5902.777735310667;99:5903.257975310667;4526:5911.6675753106665;714:5914.4644153106665;2800:5916.470815310667;4332:5917.2864553106665;799:5918.467375310666;3653:5923.063615310666;3825:5924.312215310666;7127:5967.872335310666;1836:5969.223295310666;4248:5983.7684953106655;5046:6000.109015310665;7138:6001.747615310665;6879:6008.014015310666;1367:6019.506895310666;3637:6021.400015310665;3640:6022.253143310665;3643:6023.316727310666;7179:6026.895127310666;5275:6031.404415310666;5297:6034.783231310666;5072:6035.013487310666;1464:6041.953999310666;2847:6043.024711310666;5825:6045.9233593106665;4587:6048.203671310666;5794:6049.823815310667;3202:6053.945167310667;2065:6059.0894233106665;2023:6064.6477513106665;4203:6065.448535310667;537:6066.402535310666;18:6072.270103310666;5629:6078.119527310666;1068:6080.6719273106655;2559:6087.722527310665;6740:6092.193151310665;1717:6098.026879310664;2067:6098.764663310664;2063:6099.480919310664;1937:6102.750871310664;2992:6104.085031775719
0,8,default_vehtype,route,False,5971.454094170806,6104.723832347516,2981;-1;-1,2984;-1;-1,1110.581151472602,0.8961068925407403,0.8959958344255929,0.0,,0,166,1,,,2981;6320;7278;2411;1661;7283;796;751;4635;6299;4102;4325;7285;1218;7334;7010;820;7498;276;2915;2661;7517;6201;7314;7529;2803;7558;2806;4344;2996;2984,2981:5971.454094170806;6320:5974.827213024951;7278:5978.345973024951;2411:5984.18109302495;1661:5989.98093302495;7283:5991.02997302495;796:5999.82249302495;751:6001.73037302495;4635:6006.83901302495;6299:6012.79809302495;4102:6015.157413024949;4325:6020.448573024949;7285:6021.365493024949;1218:6022.488693024949;7334:6030.069813024948;7010:6032.977293024948;820:6034.958253024948;7498:6035.426253024948;276:6035.537853024948;2915:6046.883853024948;2661:6054.117213024948;7517:6061.429173024948;6201:6062.2902930249475;7314:6069.185613024947;7529:6076.401093024947;2803:6083.956053024947;7558:6091.351053024948;2806:6099.184893024948;4344:6100.387893024948;2996:6102.431373024949;2984:6104.723832347516
0,11,default_vehtype,route,False,5956.983462789962,6074.577273486544,2970;-1;-1,2989;-1;-1,932.344993900098,0.8868271924733632,0.8867339579739731,0.0,,0,171,1,,,2970;671;662;7398;3491;6933;7394;6989;7392;5704;7389;3806;2573;885;316;2042;1982;6306;5681;2294;2035;6308;5495;5696;3307;3987;6878;2989,2970:5956.983462789962;671:5958.013578951947;662:5980.463298951947;7398:5983.9825389519465;3491:5990.307258951946;6933:5991.219018951946;7394:5996.580618951946;6989:5997.174978951946;7392:6006.386058951946;5704:6008.751138951946;7389:6023.289378951946;3806:6027.353778951946;2573:6028.421778951946;885:6029.025138951946;316:6035.852298951946;2042:6046.590738951946;1982:6047.353458951946;6306:6047.570298951946;5681:6049.964298951946;2294:6051.295784666232;2035:6052.627270380518;6308:6055.021270380518;5495:6055.238110380518;5696:6056.000830380518;3307:6066.739270380518;3987:6073.566430380518;6878:6074.169790380518;2989:6074.577273486544
0,11,default_vehtype,boarding,True,6074.577273486544,6104.577273486544,2989;-1;-1,2989;-1;-1,0.0,0.8867339579739731,0.8867339579739731,0.0,,0,171,1,,171,,
0,0,default_vehtype,route,False,6022.267586311464,6124.9871031406055,2979;-1;-1,2980;-1;-1,812.5577977206555,0.6883037764925262,0.688222520712754,0.0,,0,168,1,,,2979;2786;2307;3549;6384;4032;1804;4811;5237;608;459;2416;4011;5246;363;366;2314;2877;1748;1743;1157;2058;2092;915;2980,2979:6022.267586311464;2786:6024.2725218762625;2307:6027.7912818762625;3549:6033.4285218762625;6384:6033.690361876263;4032:6036.912001876262;1804:6037.827913876263;4811:6039.510553876263;5237:6044.251033876263;608:6053.117113876263;459:6053.4468738762625;2416:6055.6605138762625;4011:6056.324641876263;5246:6062.249809876263;363:6069.158497876263;366:6070.5635778762635;2314:6071.708449876263;2877:6084.879553876263;1748:6085.998073876263;1743:6093.752473876263;1157:6098.491616733406;2058:6104.281445304834;2092:6107.670588161977;915:6112.788759590549;2980:6124.9871031406055
0,0,default_vehtype,boarding,True,6124.9871031406055,6154.9871031406055,2980;-1;-1,2980;-1;-1,0.0,0.688222520712754,0.688222520712754,0.0,,0,168,1,,168,,
0,1,default_vehtype,boarding,True,6091.62247258673,6121.62247258673,2988;-1;-1,2988;-1;-1,0.0,0.8559456854979358,0.8559456854979358,0.0,,0,174,1,174,,,
0,2,default_vehtype,route,False,5986.501022452874,6124.035201572945,2993;-1;-1,2966;-1;-1,1123.560389183962,0.9127564005017216,0.9126440444628032,0.0,,0,173,1,,,2993;4483;6931;7616;3488;4485;5469;2998;901;1083;1355;1961;1962;1033;1559;1958;2907;636;1954;1949;186;333;2164;695;694;1041;1623;1383;2333;2966,2993:5986.501022452874;4483:5987.262442434775;6931:5988.578170434775;7616:5992.474522434774;3488:5993.7986744347745;4485:5998.353322434775;5469:5998.714546434775;2998:5999.123002434775;901:6000.3685304347755;1083:6003.158962434775;1355:6016.848250434775;1961:6017.830978434775;1962:6018.7698584347745;1033:6019.979314434774;1559:6026.363410434774;1958:6033.710434434774;2907:6034.334098434773;636:6037.1492264347735;1954:6037.759930434773;1949:6046.660066434773;186:6048.226210434774;333:6048.865930434774;2164:6049.482322434774;695:6054.189610434773;694:6057.358330434773;1041:6058.177258434773;1623:6062.56051557763;1383:6073.645944149059;2333:6113.799829863345;2966:6124.035201572945
0,2,default_vehtype,boarding,True,6124.035201572945,6154.035201572945,2966;-1;-1,2966;-1;-1,0.0,0.9126440444628032,0.9126440444628032,0.0,,0,173,1,,173,,
0,6,default_vehtype,boarding,True,6104.085031775719,6134.085031775719,2992;-1;-1,2992;-1;-1,0.0,0.5403240524501246,0.5403240524501246,0.0,,0,164,1,,164,,
0,8,default_vehtype,boarding,True,6104.723832347516,6134.723832347516,2984;-1;-1,2984;-1;-1,0.0,0.8959958344255929,0.8959958344255929,0.0,,0,166,1,,166,,
0,4,default_vehtype,boarding,True,6180.0,6210.0,2987;-1;-1,2987;-1;-1,0.0,0.8198880418458692,0.8198880418458692,0.0,,0,176,1,176,,,
0,7,default_vehtype,route,False,5986.352440772889,6211.097549548551,2990;-1;-1,2982;-1;-1,1872.8759064638184,0.7686136917952161,0.7684264042045698,0.0,,0,172,1,,,2990;2552;1946;7401;3551;3849;7263;5060;3728;4936;1207;2554;4974;5249;6709;2464;7135;1193;552;2755;7131;3567;888;712;2718;754;611;1812;1186;7311;4339;2419;5404;5421;1925;1883;926;925;5399;1905;830;2795;918;3075;7097;7290;2736;1744;1164;2789;1218;2982,2990:5986.352440772889;2552:5989.218156893972;1946:5993.471436893972;7401:5994.670476893973;3551:5996.029116893973;3849:6000.074076893973;7263:6001.0487168939735;5060:6001.831956893973;3728:6007.640316893973;4936:6017.947716893973;1207:6022.317276893973;2554:6022.866156893973;4974:6023.639076893974;5249:6029.442996893974;6709:6031.370196893974;2464:6047.229756893974;7135:6055.161876893974;1193:6056.261916893975;552:6060.760116893975;2755:6062.589276893975;7131:6070.546476893975;3567:6080.425356893975;888:6080.883636893975;712:6084.619236893975;2718:6085.556436893975;754:6129.116556893975;611:6130.365156893975;1812:6134.936316893975;1186:6136.113516893975;7311:6136.929156893975;4339:6138.4229168939755;2419:6143.031996893976;5404:6147.258876893976;5421:6148.3641968939755;1925:6148.507476893976;1883:6149.544756893975;926:6153.797316893975;925:6156.741636893975;5399:6166.046436893975;1905:6167.373036893975;830:6168.549876893975;2795:6169.733556893975;918:6170.875716893976;3075:6178.748676893975;7097:6179.598036893975;7290:6185.400156893976;2736:6194.118636893976;1744:6195.573876893976;1164:6206.682396893976;2789:6208.094196893976;1218:6209.217396893976;2982:6211.097549548551
0,5,default_vehtype,route,False,6180.0,6245.617928059831,2984;-1;-1,2986;-1;-1,674.351330400799,0.9318166378406407,0.9317492027076006,0.0,,0,,0,,,2984;3012;7321;2804;3061;1173;3425;4304;793;118;3979;4275;103;6480;7360;2986,2984:6180;3012:6182.4926606774325;7321:6186.503300677433;2804:6189.830060677433;3061:6196.498100677432;1173:6202.096460677432;3425:6203.279420677432;4304:6204.681740677433;793:6216.797300677433;118:6222.6615806774325;3979:6224.512124677432;4275:6225.103460677433;103:6226.246388677433;6480:6239.568116677433;7360:6245.069996677433;2986:6245.617928059831
0,5,default_vehtype,boarding,True,6245.617928059831,6275.617928059831,2986;-1;-1,2986;-1;-1,0.0,0.9317492027076006,0.9317492027076006,0.0,,0,175,1,175,,,
0,6,default_vehtype,route,False,6240.0,6277.017328528743,2992;-1;-1,2967;-1;-1,371.725848613485,0.5403240524501246,0.5402868798652632,0.0,,0,,0,,,2992;2526;3895;5465;7450;1719;3469;470;469;5079;7447;1960;2967,2992:6240;2526:6249.202247534946;3895:6250.469231534946;5465:6258.001151534946;7450:6258.985391534946;1719:6259.802015534946;3469:6260.8219675349455;470:6266.783053249232;469:6272.744138963518;5079:6273.764090963517;7447:6274.5807149635175;1960:6275.564954963517;2967:6277.017328528743
0,7,default_vehtype,boarding,True,6211.097549548551,6241.097549548551,2982;-1;-1,2982;-1;-1,0.0,0.7684264042045698,0.7684264042045698,0.0,,0,172,1,,172,,
0,11,default_vehtype,boarding,True,6240.0,6270.0,2989;-1;-1,2989;-1;-1,0.0,0.8867339579739731,0.8867339579739731,0.0,,0,179,1,179,,,
0,1,default_vehtype,route,False,6121.62247258673,6326.7153620235,2988;-1;-1,2967;-1;-1,2240.9159723361736,0.8559456854979358,0.8557215939007022,0.0,,0,174,1,,,2988;3447;3721;5333;251;2711;3358;2296;5495;5697;5497;5500;670;5502;5512;5520;5531;6313;6632;6644;3793;6319;7102;3741;7384;6414;5446;2447;2571;42;2577;2566;3033;3036;2469;2404;2235;3762;5287;310;2280;1447;6261;3764;4397;4745;4182;4187;4191;4195;4202;4208;537;18;5629;1068;2559;6740;1717;2067;2063;1937;6789;3895;5465;7450;1719;3469;470;469;5079;7447;1960;2967,2988:6121.62247258673;3447:6123.161985029708;3721:6126.191673029708;5333:6127.183113029708;251:6127.9306890297075;2711:6129.068505029708;3358:6131.283513029708;2296:6139.584513029708;5495:6139.8013530297085;5697:6140.905113029708;5497:6141.602553029708;5500:6144.509793029708;670:6145.907193029708;5502:6148.254633029707;5512:6151.776393029707;5520:6154.230393029707;5531:6155.927313029707;6313:6156.952353029707;6632:6159.249393029708;6644:6160.820673029708;3793:6162.669873029708;6319:6163.5855930297075;7102:6164.063673029707;3741:6164.603313029707;7384:6172.262313029707;6414:6177.469473029707;5446:6179.737233029707;2447:6183.673353029707;2571:6191.262273029707;42:6195.930273029707;2577:6196.602753029707;2566:6205.201833029707;3033:6205.832793029707;3036:6208.102353029707;2469:6211.694673029707;2404:6215.018193029707;2235:6216.301593029707;3762:6216.725025029707;5287:6217.264089029706;310:6220.0543050297065;2280:6220.653417029706;1447:6221.0993130297065;6261:6224.977305029706;3764:6225.983001029706;4397:6226.533657029707;4745:6226.759953029707;4182:6231.213729029707;4187:6233.875785029707;4191:6234.614073029707;4195:6249.0773610297065;4202:6250.0798890297065;4208:6251.061537029706;537:6252.015537029706;18:6257.883105029706;5629:6263.732529029706;1068:6266.284929029705;2559:6273.335529029705;6740:6277.806153029705;1717:6283.639881029704;2067:6284.377665029704;2063:6285.093921029704;1937:6288.363873029703;6789:6298.900281029703;3895:6300.167265029703;5465:6307.699185029704;7450:6308.683425029703;1719:6309.500049029703;3469:6310.520001029703;470:6316.481086743989;469:6322.442172458275;5079:6323.462124458275;7447:6324.278748458275;1960:6325.262988458275;2967:6326.7153620235
0,1,default_vehtype,boarding,True,6326.7153620235,6356.7153620235,2967;-1;-1,2967;-1;-1,0.0,0.8557215939007022,0.8557215939007022,0.0,,0,174,1,,174,,
0,6,default_vehtype,boarding,True,6277.017328528743,6307.017328528743,2967;-1;-1,2967;-1;-1,0.0,0.5402868798652632,0.5402868798652632,0.0,,0,178,1,178,,,
0,9,default_vehtype,route,False,6240.0,6323.159320491281,2982;-1;-1,2981;-1;-1,715.980737427333,0.959404186752452,0.9593325886787093,0.0,,0,,0,,,2982;2809;4365;7288;4302;5102;7160;7294;2701;3076;4023;7300;1891;827;6499;1803;1141;5241;922;6385;3550;2981,2982:6240;2809:6245.700967345425;4365:6253.282087345425;7288:6254.405287345425;4302:6255.817087345425;5102:6266.925607345424;7160:6268.380847345425;7294:6277.099327345424;2701:6282.9014473454245;3076:6283.750807345425;4023:6291.623767345424;7300:6292.765927345425;1891:6293.019847345425;827:6294.085687345425;6499:6303.440527345425;1803:6309.403087345425;1141:6314.907727345425;5241:6316.495807345425;922:6317.411719345426;6385:6320.633359345426;3550:6320.895199345426;2981:6323.159320491281
0,9,default_vehtype,boarding,True,6323.159320491281,6353.159320491281,2981;-1;-1,2981;-1;-1,0.0,0.9593325886787093,0.9593325886787093,0.0,,0,177,1,177,,,
0,11,default_vehtype,route,False,6270.0,6325.408399879567,2989;-1;-1,2988;-1;-1,508.74519018618275,0.8867339579739731,0.8866830834549545,0.0,,0,179,1,,,2989;3808;6876;885;316;2042;1982;6306;374;7114;3246;5330;661;445;6080;7381;364;3029;69;30;3346;2832;2207;2988,2989:6270;3808:6270.660516893973;6876:6271.728516893973;885:6272.3318768939735;316:6279.159036893973;2042:6289.897476893973;1982:6290.660196893973;6306:6290.877036893973;374:6299.1780368939735;7114:6301.393044893974;3246:6302.530860893974;5330:6303.278436893974;661:6304.269876893974;445:6307.299564893973;6080:6310.122972893973;7381:6310.531860893973;364:6310.967244893974;3029:6312.9914528939735;69:6317.123738608259;30:6321.256024322545;3346:6323.280232322545;2832:6323.715616322545;2207:6324.124504322545;2988:6325.408399879567
0,11,default_vehtype,boarding,True,6325.408399879567,6355.408399879567,2988;-1;-1,2988;-1;-1,0.0,0.8866830834549545,0.8866830834549545,0.0,,0,179,1,,179,,
0,7,default_vehtype,route,False,6360,6420,2982;-1;-1,2803;7558;0.056,500.00000000001074,0.7684264042045698,0.7683764042045698,0.0,,0,,0,,,2982;2809;7010;820;7498;276;2915;2661;7517;6201;7314;7529;2803,2982:6360;2809:6365.700967345425;7010:6368.608447345425;820:6370.589407345425;7498:6371.0574073454245;276:6371.169007345425;2915:6382.515007345424;2661:6389.748367345424;7517:6397.060327345424;6201:6397.921447345424;7314:6404.816767345424;7529:6412.0322473454235;2803:6419.587207345424
0,5,default_vehtype,route,False,6275.617928059831,6451.890902255492,2986;-1;-1,2979;-1;-1,1500.143045537819,0.9317492027076006,0.9315991884030469,0.0,,0,175,1,,,2986;3155;7358;2376;3091;4274;880;3109;3874;4306;429;3125;3406;2825;1944;130;99;4526;714;2800;4339;2419;5404;5421;1925;1883;926;925;5399;1905;830;2795;1891;827;6499;1803;1141;5241;922;6385;3550;6322;7280;2411;6281;2286;2287;6538;2979,2986:6275.617928059831;3155:6276.161804677433;7358:6277.253612677433;2376:6282.755492677433;3091:6296.077220677433;4274:6297.220148677433;880:6297.811484677433;3109:6299.662028677433;3874:6305.526308677433;4306:6317.641868677433;429:6319.044188677433;3125:6320.297708677434;3406:6332.652068677434;2825:6335.121788677434;1944:6336.433148677434;130:6338.8207886774335;99:6339.301028677433;4526:6347.710628677433;714:6350.507468677433;2800:6352.5138686774335;4339:6354.007628677434;2419:6358.616708677434;5404:6362.843588677434;5421:6363.948908677434;1925:6364.092188677434;1883:6365.129468677434;926:6369.3820286774335;925:6372.326348677433;5399:6381.631148677433;1905:6382.957748677433;830:6384.134588677433;2795:6385.3182686774335;1891:6385.572188677434;827:6386.638028677434;6499:6395.992868677434;1803:6401.955428677434;1141:6407.460068677434;5241:6409.048148677434;922:6409.964060677435;6385:6413.185700677434;3550:6413.4475406774345;6322:6419.0847806774345;7280:6422.6035406774345;2411:6428.438660677434;6281:6433.482774963149;2286:6438.2496892488625;2287:6443.0166035345765;6538:6448.060717820291;2979:6451.890902255492
0,7,default_vehtype,route,False,6420.0,6440.354986667992,2803;7558;0.056,2984;-1;-1,169.62488889992443,0.7683764042045698,0.7683594417156798,0.0,,0,,0,,,2803;7558;2806;4344;2996;2984,2803:6420;7558:6426.982207345424;2806:6434.8160473454245;4344:6436.019047345425;2996:6438.062527345425;2984:6440.354986667992
0,7,default_vehtype,boarding,True,6440.354986667992,6470.354986667992,2984;-1;-1,2984;-1;-1,0.0,0.7683594417156798,0.7683594417156798,0.0,,0,181,1,181,,,
0,11,default_vehtype,boarding,True,6420.0,6450.0,2988;-1;-1,2988;-1;-1,0.0,0.8866830834549545,0.8866830834549545,0.0,,0,183,1,183,,,
0,3,default_vehtype,route,False,6480.0,6535.408399879567,2989;-1;-1,2988;-1;-1,508.74519018618275,0.761317282807197,0.7612664082881784,0.0,,0,,0,,,2989;3808;6876;885;316;2042;1982;6306;374;7114;3246;5330;661;445;6080;7381;364;3029;69;30;3346;2832;2207;2988,2989:6480;3808:6480.660516893973;6876:6481.728516893973;885:6482.3318768939735;316:6489.159036893973;2042:6499.897476893973;1982:6500.660196893973;6306:6500.877036893973;374:6509.1780368939735;7114:6511.393044893974;3246:6512.530860893974;5330:6513.278436893974;661:6514.269876893974;445:6517.299564893973;6080:6520.122972893973;7381:6520.531860893973;364:6520.967244893974;3029:6522.9914528939735;69:6527.123738608259;30:6531.256024322545;3346:6533.280232322545;2832:6533.715616322545;2207:6534.124504322545;2988:6535.408399879567
0,5,default_vehtype,boarding,True,6451.890902255492,6481.890902255492,2979;-1;-1,2979;-1;-1,0.0,0.9315991884030469,0.9315991884030469,0.0,,0,175;184,2,184,175,,
0,7,default_vehtype,route,False,6470.354986667992,6515.26387671059,2984;-1;-1,2985;-1;-1,386.72580238367703,0.7683594417156798,0.7683207691354415,0.0,,0,181,1,,,2984;3012;7321;2804;3061;1173;3425;4304;793;118;3979;2985,2984:6470.354986667992;3012:6472.847647345425;7321:6476.858287345425;2804:6480.185047345425;3061:6486.853087345425;1173:6492.451447345425;3425:6493.634407345425;4304:6495.036727345425;793:6507.152287345425;118:6513.016567345425;3979:6514.867111345425;2985:6515.26387671059
0,8,default_vehtype,reposition,True,6300.0,6508.857913725486,2984;-1;-1,2969;-1;-1,2002.5915757571302,0.8959958344255929,0.8957955752680172,0.0,,0,,0,,,2984;3012;7321;2804;3061;1173;3425;3125;3406;2825;1944;130;99;4526;714;2800;4332;799;3653;3825;7127;1836;4248;5046;7138;6879;1367;3637;3640;3643;7179;5275;5297;5072;1464;2847;5825;4587;5794;3202;2065;2023;4203;4198;336;2969,2984:6300;3012:6302.4926606774325;7321:6306.503300677433;2804:6309.830060677433;3061:6316.498100677432;1173:6322.096460677432;3425:6323.279420677432;3125:6324.532940677433;3406:6336.887300677433;2825:6339.357020677433;1944:6340.668380677433;130:6343.056020677433;99:6343.536260677432;4526:6351.945860677432;714:6354.742700677432;2800:6356.749100677433;4332:6357.564740677432;799:6358.745660677432;3653:6363.341900677432;3825:6364.590500677432;7127:6408.150620677432;1836:6409.501580677432;4248:6424.046780677431;5046:6440.387300677431;7138:6442.025900677431;6879:6448.292300677432;1367:6459.7851806774315;3637:6461.678300677431;3640:6462.531428677431;3643:6463.595012677431;7179:6467.173412677432;5275:6471.682700677432;5297:6475.061516677432;5072:6475.291772677432;1464:6482.232284677432;2847:6483.302996677432;5825:6486.201644677432;4587:6488.481956677432;5794:6490.102100677433;3202:6494.223452677433;2065:6499.367708677432;2023:6504.926036677432;4203:6505.726820677432;4198:6506.708468677432;336:6507.731588677432;2969:6508.857913725486
0,8,default_vehtype,repositioning_target,True,6508.857913725486,6508.857913725486,2969;-1;-1,2969;-1;-1,0.0,0.8957955752680172,0.8957955752680172,0.0,,0,,0,,,,
0,9,default_vehtype,route,False,6353.159320491281,6540.0,2981;-1;-1,7608;5900;0.541,1935.7965550980653,0.9593325886787093,0.9591390090231995,0.0,,0,177,1,,,2981;6320;3549;6384;4032;1804;4277;5239;6501;3911;5389;7301;3914;5398;5400;4040;4041;5374;5418;5424;5403;6546;1200;7312;3767;4527;3089;3131;5447;7352;414;122;3426;4305;793;118;3979;4275;103;6480;7360;3154;6028;5745;6035;5743;6038;6041;7365;6050;6068;6077;3629;4502;6912;2108;7370;7608,2981:6353.159320491281;6320:6356.532439345426;3549:6362.169679345426;6384:6362.431519345426;4032:6365.653159345426;1804:6366.569071345426;4277:6368.157151345426;5239:6373.6617913454265;6501:6379.6243513454265;3911:6388.979191345426;5389:6390.045031345427;7301:6390.298951345427;3914:6391.482631345427;5398:6392.659471345427;5400:6393.986071345427;4040:6403.290871345427;4041:6406.235191345427;5374:6410.487751345427;5418:6411.525031345426;5424:6411.668311345426;5403:6412.773631345426;6546:6417.000511345426;1200:6421.609591345426;7312:6423.103351345427;3767:6425.109751345427;4527:6427.906591345427;3089:6436.316191345427;3131:6436.796431345427;5447:6439.184071345427;7352:6440.495431345426;414:6442.965151345426;122:6455.319511345427;3426:6456.573031345427;4305:6457.975351345427;793:6470.090911345427;118:6475.955191345427;3979:6477.805735345427;4275:6478.397071345427;103:6479.5399993454275;6480:6492.861727345427;7360:6498.363607345427;3154:6499.455415345427;6028:6500.416543345427;5745:6501.9081673454275;6035:6503.831575345427;5743:6505.201015345428;6038:6507.216439345428;6041:6508.492711345428;7365:6515.155879345428;6050:6517.4294233454275;6068:6521.655751345427;6077:6522.301447345427;3629:6523.858735345427;4502:6524.321623345427;6912:6529.470055345427;2108:6531.366463345426;7370:6537.893191345426;7608:6538.122583345426
0,0,default_vehtype,reposition,True,6300.0,6599.136694853566,2980;-1;-1,2973;-1;-1,2548.1465637823408,0.688222520712754,0.6879677060563758,0.0,,0,,0,,,2980;914;2135;1730;2664;2579;2961;2407;2581;370;361;2874;1887;4059;910;6541;3462;3648;2851;2850;1801;1560;5242;4277;5239;6501;3911;5389;7301;3914;5398;5400;4040;4041;5374;5418;5424;5403;6546;1200;7312;3767;4527;3089;3131;5447;7352;414;122;3426;4305;793;118;3979;4275;103;6480;7360;3154;6028;5745;6035;5743;6038;6041;7365;6050;6068;6077;3629;4502;6912;2108;7370;1420;1084;2973,2980:6300;914:6315.882170735657;2135:6323.833027878514;1730:6339.289370735657;2664:6341.111485021372;2579:6345.987427878515;2961:6362.758285021372;2407:6368.007085021372;2581:6376.494342164229;370:6378.077190164229;361:6380.574294164229;2874:6381.1603021642295;1887:6386.815686164229;4059:6388.734990164229;910:6393.251190164229;6541:6393.91531816423;3462:6396.1289581642295;3648:6396.458718164229;2851:6401.132958164229;2850:6402.066318164229;1801:6405.36199816423;1560:6410.10247816423;5242:6411.78511816423;4277:6413.37319816423;5239:6418.8778381642305;6501:6424.8403981642305;3911:6434.19523816423;5389:6435.261078164231;7301:6435.514998164231;3914:6436.698678164231;5398:6437.875518164231;5400:6439.202118164231;4040:6448.506918164231;4041:6451.451238164231;5374:6455.703798164231;5418:6456.74107816423;5424:6456.88435816423;5403:6457.98967816423;6546:6462.21655816423;1200:6466.82563816423;7312:6468.319398164231;3767:6470.325798164231;4527:6473.122638164231;3089:6481.532238164231;3131:6482.012478164231;5447:6484.400118164231;7352:6485.71147816423;414:6488.18119816423;122:6500.535558164231;3426:6501.789078164231;4305:6503.191398164231;793:6515.306958164231;118:6521.171238164231;3979:6523.021782164231;4275:6523.613118164231;103:6524.7560461642315;6480:6538.077774164231;7360:6543.579654164231;3154:6544.671462164231;6028:6545.632590164231;5745:6547.1242141642315;6035:6549.047622164231;5743:6550.4170621642315;6038:6552.432486164232;6041:6553.708758164232;7365:6560.371926164232;6050:6562.6454701642315;6068:6566.871798164231;6077:6567.517494164231;3629:6569.074782164231;4502:6569.537670164231;6912:6574.686102164231;2108:6576.58251016423;7370:6583.10923816423;1420:6594.81435016423;1084:6598.34933416423;2973:6599.136694853566
0,0,default_vehtype,repositioning_target,True,6599.136694853566,6599.136694853566,2973;-1;-1,2973;-1;-1,0.0,0.6879677060563758,0.6879677060563758,0.0,,0,,0,,,,
0,2,default_vehtype,boarding,True,6540.0,6570.0,2966;-1;-1,2966;-1;-1,0.0,0.9126440444628032,0.9126440444628032,0.0,,0,187,1,187,,,
0,3,default_vehtype,boarding,True,6535.408399879567,6565.408399879567,2988;-1;-1,2988;-1;-1,0.0,0.7612664082881784,0.7612664082881784,0.0,,0,185,1,185,,,
0,4,default_vehtype,route,False,6210.0,6543.931002453595,2987;-1;-1,2966;-1;-1,3186.7902370701613,0.8198880418458692,0.8195693628221621,0.0,,0,176,1,,,2987;4613;7368;7606;5900;3459;4818;5992;6047;5708;3884;3030;3347;7376;2207;3446;3720;5332;251;2711;3358;2296;5495;5697;5497;5500;670;5502;5512;5520;5531;6313;6632;6644;3793;6319;7102;3741;7384;6414;5446;2447;2571;42;2577;2566;3033;3036;2469;2404;2235;3762;5287;310;2280;1447;6261;3764;4397;4745;4182;4187;4191;4195;4202;4208;5653;5764;205;5793;1407;5826;7411;4686;5074;5295;5274;7181;604;603;602;1339;1395;1399;835;1147;1093;2607;911;1150;665;666;1885;668;1415;1041;1623;1383;2333;2966,2987:6210;4613:6211.596249029708;7368:6223.301361029708;7606:6223.530753029708;5900:6227.002449029707;3459:6227.758017029707;4818:6228.372897029707;5992:6228.849681029707;6047:6233.038209029707;5708:6234.4324890297075;3884:6236.972073029708;3030:6237.470097029708;3347:6239.494305029708;7376:6239.929689029708;2207:6240.338577029708;3446:6243.161985029708;3720:6246.191673029708;5332:6247.183113029708;251:6247.9306890297075;2711:6249.068505029708;3358:6251.283513029708;2296:6259.584513029708;5495:6259.8013530297085;5697:6260.905113029708;5497:6261.602553029708;5500:6264.509793029708;670:6265.907193029708;5502:6268.254633029707;5512:6271.776393029707;5520:6274.230393029707;5531:6275.927313029707;6313:6276.952353029707;6632:6279.249393029708;6644:6280.820673029708;3793:6282.669873029708;6319:6283.5855930297075;7102:6284.063673029707;3741:6284.603313029707;7384:6292.262313029707;6414:6297.469473029707;5446:6299.737233029707;2447:6303.673353029707;2571:6311.262273029707;42:6315.930273029707;2577:6316.602753029707;2566:6325.201833029707;3033:6325.832793029707;3036:6328.102353029707;2469:6331.694673029707;2404:6335.018193029707;2235:6336.301593029707;3762:6336.725025029707;5287:6337.264089029706;310:6340.0543050297065;2280:6340.653417029706;1447:6341.0993130297065;6261:6344.977305029706;3764:6345.983001029706;4397:6346.533657029707;4745:6346.759953029707;4182:6351.213729029707;4187:6353.875785029707;4191:6354.614073029707;4195:6369.0773610297065;4202:6370.0798890297065;4208:6371.061537029706;5653:6371.862321029706;5764:6377.4206490297065;205:6382.564905029706;5793:6386.686257029706;1407:6388.306401029707;5826:6390.5867130297065;7411:6393.485361029707;4686:6394.556073029707;5074:6401.496585029707;5295:6401.7268410297065;5274:6405.105657029707;7181:6409.614945029707;604:6413.193345029707;603:6414.256929029708;602:6415.110057029708;1339:6416.102433029708;1395:6424.639761029708;1399:6426.7804650297085;835:6430.357425029709;1147:6431.150001029709;1093:6432.409281029709;2607:6440.467953029709;911:6443.321817029709;1150:6444.082281029709;665:6445.532145029709;666:6446.401257029709;1885:6447.387081029709;668:6460.757481029709;1415:6461.386545029709;1041:6478.073059315423;1623:6482.4563164582805;1383:6493.541745029709;2333:6533.695630743995;2966:6543.931002453595
0,4,default_vehtype,boarding,True,6543.931002453595,6573.931002453595,2966;-1;-1,2966;-1;-1,0.0,0.8195693628221621,0.8195693628221621,0.0,,0,176,1,,176,,
0,7,default_vehtype,boarding,True,6515.26387671059,6545.26387671059,2985;-1;-1,2985;-1;-1,0.0,0.7683207691354415,0.7683207691354415,0.0,,0,181;182,2,182,181,,
0,9,default_vehtype,route,False,6540.0,6556.214302902448,7608;5900;0.541,2988;-1;-1,225.19865142288052,0.9591390090231995,0.9591164891580573,0.0,,0,177,1,,,7608;5900;3459;4818;5992;6047;5708;3884;3030;3347;7376;2207;2988,7608:6540;5900:6541.594279345426;3459:6542.349847345426;4818:6542.964727345426;5992:6543.441511345426;6047:6547.630039345426;5708:6549.024319345426;3884:6551.563903345426;3030:6552.061927345427;3347:6554.086135345427;7376:6554.521519345427;2207:6554.930407345427;2988:6556.214302902448
0,9,default_vehtype,boarding,True,6556.214302902448,6586.214302902448,2988;-1;-1,2988;-1;-1,0.0,0.9591164891580573,0.9591164891580573,0.0,,0,177;188,2,188,,,
0,9,default_vehtype,route,False,6586.214302902448,6589.198367733861,2988;-1;-1,2972;-1;-1,41.44534488073482,0.9591164891580573,0.9591123446235692,0.0,,0,177;188,2,,,2988;3447;2972,2988:6586.214302902448;3447:6587.753815345427;2972:6589.198367733861
0,11,default_vehtype,route,False,6450.0,6584.382143072319,2988;-1;-1,2976;-1;-1,1582.8408391747612,0.8866830834549545,0.886524799371037,0.0,,0,183,1,,,2988;3447;6082;7383;364;3029;3886;5711;6045;2157;4817;456;5901;7605;2830;5852;6913;1321;597;2204;6066;6049;7367;2188;2186;5744;6033;5746;6031;146;2828;2376;3091;4274;880;3109;3874;4306;429;4313;68;7318;7325;3011;4;4345;7330;2976,2988:6450;3447:6451.539512442979;6082:6454.362920442979;7383:6454.771808442979;364:6455.207192442979;3029:6457.231400442979;3886:6457.7294244429795;5711:6460.26900844298;6045:6461.66328844298;2157:6465.85181644298;4817:6466.32860044298;456:6466.94348044298;5901:6467.69904844298;7605:6471.170744442979;2830:6471.40013644298;5852:6477.926864442979;6913:6479.823272442979;1321:6484.971704442979;597:6485.434592442979;2204:6486.991880442979;6066:6487.637576442979;6049:6491.863904442978;7367:6494.137448442978;2188:6500.800616442978;2186:6502.076888442978;5744:6504.092312442978;6033:6505.461752442979;5746:6507.385160442978;6031:6508.8767844429785;146:6509.837912442978;2828:6510.929720442979;2376:6516.431600442978;3091:6529.753328442978;4274:6530.8962564429785;880:6531.487592442979;3109:6533.338136442979;3874:6539.202416442979;4306:6551.317976442979;429:6552.720296442979;4313:6553.903256442979;68:6559.501616442979;7318:6566.1696564429785;7325:6569.496416442978;3011:6573.507056442979;4:6578.292176442978;4345:6580.335656442979;7330:6581.538656442979;2976:6584.382143072319
0,3,default_vehtype,route,False,6565.408399879567,6602.835993011882,2988;-1;-1,2973;-1;-1,519.82768239327,0.7612664082881784,0.7612144255199391,0.0,,0,185,1,,,2988;3447;6082;7383;364;3029;3886;5711;6045;2157;4817;456;5901;7605;2830;1420;1084;2973,2988:6565.408399879567;3447:6566.947912322546;6082:6569.771320322546;7383:6570.180208322546;364:6570.615592322546;3029:6572.639800322546;3886:6573.137824322546;5711:6575.677408322546;6045:6577.071688322547;2157:6581.2602163225465;4817:6581.737000322547;456:6582.351880322547;5901:6583.107448322547;7605:6586.579144322546;2830:6586.808536322546;1420:6598.513648322546;1084:6602.048632322546;2973:6602.835993011882
0,3,default_vehtype,boarding,True,6602.835993011882,6632.835993011882,2973;-1;-1,2973;-1;-1,0.0,0.7612144255199391,0.7612144255199391,0.0,,0,185,1,,185,,
0,5,default_vehtype,route,False,6481.890902255492,6617.964930163914,2979;-1;-1,2976;-1;-1,1082.9625182844873,0.9315991884030469,0.9314908921512184,0.0,,0,184,1,,,2979;2786;2411;1661;7283;796;751;4635;6299;4102;4325;7285;1218;7334;7010;820;7498;276;2915;2661;7517;6201;7314;7529;2803;7558;2806;4344;1199;1204;7329;2976,2979:6481.890902255492;2786:6483.895837820291;2411:6489.73095782029;1661:6495.53079782029;7283:6496.57983782029;796:6505.37235782029;751:6507.28023782029;4635:6512.38887782029;6299:6518.34795782029;4102:6520.707277820289;4325:6525.998437820289;7285:6526.915357820289;1218:6528.038557820289;7334:6535.619677820288;7010:6538.527157820288;820:6540.508117820288;7498:6540.976117820288;276:6541.087717820288;2915:6552.433717820288;2661:6559.667077820288;7517:6566.979037820288;6201:6567.8401578202875;7314:6574.735477820287;7529:6581.950957820287;2803:6589.505917820287;7558:6596.900917820288;2806:6604.734757820288;4344:6605.937757820288;1199:6609.928100677431;1204:6613.918443534573;7329:6615.121443534574;2976:6617.964930163914
0,5,default_vehtype,boarding,True,6617.964930163914,6647.964930163914,2976;-1;-1,2976;-1;-1,0.0,0.9314908921512184,0.9314908921512184,0.0,,0,184,1,,184,,
0,6,default_vehtype,route,False,6307.017328528743,6627.816177574541,2967;-1;-1,2983;-1;-1,3798.4706000193028,0.5402868798652632,0.5399070328052614,0.0,,0,178,1,,,2967;3896;6788;5444;1716;2720;4210;1711;98;2497;7434;2760;542;1074;4204;5649;5760;205;5793;1407;5826;7411;4686;5074;5295;5274;7181;604;603;602;3851;4573;1400;971;598;1368;591;585;940;1370;939;1903;983;3921;840;2881;5099;2878;1735;2581;370;361;2874;1887;4059;910;6541;3462;3648;2851;2850;1801;1560;5242;922;6385;3550;6322;7280;2411;1661;7283;796;751;4635;6299;4102;4325;7285;1218;7334;7010;820;7498;276;2915;2661;7517;6201;7314;2983,2967:6307.017328528743;3896:6313.096874963518;6788:6314.3638589635175;5444:6324.900266963517;1716:6327.690626963517;2720:6328.437266963518;4210:6329.335538963518;1711:6330.465218963518;98:6339.081026963518;2497:6340.591658963518;7434:6347.799506963518;2760:6354.338042963518;542:6361.866146963518;1074:6362.799554963518;4204:6363.781202963518;5649:6364.581986963518;5760:6370.140314963518;205:6375.284570963518;5793:6379.405922963518;1407:6381.026066963518;5826:6383.306378963518;7411:6386.205026963518;4686:6387.275738963518;5074:6394.216250963518;5295:6394.446506963518;5274:6397.825322963518;7181:6402.334610963519;604:6405.913010963519;603:6406.976594963519;602:6407.829722963519;3851:6408.833114963519;4573:6413.139434963518;1400:6414.8721149635185;971:6418.670546963518;598:6419.737802963518;1368:6420.698138963518;591:6426.569090963519;585:6439.740338963518;940:6446.320202963519;1370:6453.346826963519;939:6454.043498963519;1903:6454.865090963519;983:6455.8476029635185;3921:6459.645746963519;840:6464.206586963519;2881:6470.837210963519;5099:6471.990074963519;2878:6473.118098963519;1735:6484.102418963518;2581:6485.441834963518;370:6487.024682963518;361:6489.521786963518;2874:6490.107794963518;1887:6495.763178963518;4059:6497.682482963518;910:6502.198682963518;6541:6502.862810963518;3462:6505.076450963518;3648:6505.406210963518;2851:6510.080450963518;2850:6511.013810963518;1801:6514.309490963518;1560:6519.049970963519;5242:6520.732610963519;922:6521.648522963519;6385:6524.870162963519;3550:6525.132002963519;6322:6530.769242963519;7280:6534.288002963519;2411:6540.123122963519;1661:6545.922962963518;7283:6546.972002963518;796:6555.764522963518;751:6557.672402963518;4635:6562.781042963518;6299:6568.740122963518;4102:6571.0994429635175;4325:6576.390602963517;7285:6577.307522963517;1218:6578.430722963517;7334:6586.011842963517;7010:6588.919322963517;820:6590.9002829635165;7498:6591.368282963516;276:6591.4798829635165;2915:6602.825882963516;2661:6610.059242963516;7517:6617.371202963516;6201:6618.232322963516;7314:6625.127642963515;2983:6627.816177574541
0,6,default_vehtype,boarding,True,6627.816177574541,6657.816177574541,2983;-1;-1,2983;-1;-1,0.0,0.5399070328052614,0.5399070328052614,0.0,,0,178,1,,178,,
0,9,default_vehtype,boarding,True,6589.198367733861,6619.198367733861,2972;-1;-1,2972;-1;-1,0.0,0.9591123446235692,0.9591123446235692,0.0,,0,177;188,2,,177,,
0,11,default_vehtype,boarding,True,6584.382143072319,6614.382143072319,2976;-1;-1,2976;-1;-1,0.0,0.886524799371037,0.886524799371037,0.0,,0,183;180,2,180,,,
0,0,default_vehtype,route,False,6600.0,6670.062022566578,2973;-1;-1,2975;-1;-1,929.3671620029346,0.6879677060563758,0.6878747693401756,0.0,,0,,0,,,2973;7354;3525;6025;3063;6027;7362;2188;2186;5744;6033;5746;6031;146;2828;2376;3091;4274;880;3109;3874;2975,2973:6600;7354:6603.797167310664;3525:6614.676007310664;6025:6616.417471310664;3063:6617.682151310664;6027:6618.984127310664;7362:6622.992367310664;2188:6629.655535310664;2186:6630.931807310664;5744:6632.947231310664;6033:6634.316671310665;5746:6636.240079310664;6031:6637.731703310665;146:6638.692831310665;2828:6639.784639310665;2376:6645.2865193106645;3091:6658.608247310664;4274:6659.751175310665;880:6660.342511310665;3109:6662.193055310665;3874:6668.057335310665;2975:6670.062022566578
0,0,default_vehtype,boarding,True,6670.062022566578,6700.062022566578,2975;-1;-1,2975;-1;-1,0.0,0.6878747693401756,0.6878747693401756,0.0,,0,186,1,186,,,
0,5,default_vehtype,route,False,6660.0,6678.363132693228,2976;-1;-1,2984;-1;-1,153.0261057768949,0.9314908921512184,0.9314755895406407,0.0,,0,,0,,,2976;7557;2806;4344;2996;2984,2976:6660;7557:6664.99035337066;2806:6672.82419337066;4344:6674.027193370661;2996:6676.070673370661;2984:6678.363132693228
0,5,default_vehtype,boarding,True,6678.363132693228,6708.363132693228,2984;-1;-1,2984;-1;-1,0.0,0.9314755895406407,0.9314755895406407,0.0,,0,190,1,190,,,
0,11,default_vehtype,route,False,6614.382143072319,6692.947179747951,2976;-1;-1,2978;-1;-1,654.7086389636052,0.886524799371037,0.8864593285071407,0.0,,0,183;180,2,,,2976;7557;7316;7531;2802;2251;7515;7037;7512;3274;2902;3901;7011;7336;4365;7288;1182;2978,2976:6614.382143072319;7557:6619.372496442979;7316:6626.76749644298;7531:6634.32245644298;2802:6641.53793644298;2251:6648.43325644298;7515:6649.294376442979;7037:6656.606336442979;7512:6663.839696442979;3274:6675.185696442979;2902:6675.297296442979;3901:6675.765296442979;7011:6677.746256442979;7336:6680.653736442979;4365:6688.2348564429785;7288:6689.3580564429785;1182:6690.274976442978;2978:6692.947179747951
0,1,default_vehtype,route,False,6720.0,6736.501022452874,2967;-1;-1,2993;-1;-1,229.18086740101808,0.8557215939007022,0.8556986758139621,0.0,,0,,0,,,2967;3896;5466;7451;2993,2967:6720;3896:6726.079546434775;5466:6733.611466434775;7451:6734.595706434775;2993:6736.501022452874
0,1,default_vehtype,boarding,True,6736.501022452874,6766.501022452874,2993;-1;-1,2993;-1;-1,0.0,0.8556986758139621,0.8556986758139621,0.0,,0,191,1,191,,,
0,3,default_vehtype,route,False,6720.0,6764.785940977197,2973;-1;-1,2974;-1;-1,622.0269580166158,0.7612144255199391,0.7611522228241374,0.0,,0,,0,,,2973;7354;3525;6025;3063;6027;7362;2188;2186;5744;6033;5746;6031;146;2828;2974,2973:6720;7354:6723.797167310664;3525:6734.676007310664;6025:6736.417471310664;3063:6737.682151310664;6027:6738.984127310664;7362:6742.992367310664;2188:6749.655535310664;2186:6750.931807310664;5744:6752.947231310664;6033:6754.316671310665;5746:6756.240079310664;6031:6757.731703310665;146:6758.692831310665;2828:6759.784639310665;2974:6764.785940977197
0,6,default_vehtype,route,False,6657.816177574541,6755.965332760943,2983;-1;-1,2982;-1;-1,700.0444836962447,0.5399070328052614,0.5398370283568918,0.0,,0,,0,,,2983;7527;2802;2251;7515;7037;7512;3274;2902;3901;7011;7336;4365;7288;1182;1001;6296;6301;2298;2295;2293;4102;4325;7285;1218;2982,2983:6657.816177574541;7527:6662.343122963515;2802:6669.558602963515;2251:6676.453922963515;7515:6677.315042963514;7037:6684.627002963514;7512:6691.8603629635145;3274:6703.206362963514;2902:6703.317962963514;3901:6703.785962963514;7011:6705.766922963514;7336:6708.674402963514;4365:6716.255522963514;7288:6717.378722963514;1182:6718.295642963513;1001:6723.586802963513;6296:6725.946122963513;6301:6730.888408677798;2298:6735.170351534941;2295:6739.452294392084;2293:6744.394580106369;4102:6746.753900106369;4325:6752.0450601063685;7285:6752.961980106368;1218:6754.085180106368;2982:6755.965332760943
0,7,default_vehtype,route,False,6545.26387671059,6744.445636609769,2985;-1;-1,2980;-1;-1,1608.0703712755965,0.7683207691354415,0.7681599620983138,0.0,,0,182,1,,,2985;1140;880;3109;3874;4306;429;3125;3406;2825;1944;130;99;4526;714;2800;4339;2419;5404;5421;1925;1883;926;925;5399;1905;830;2795;1891;827;6499;1803;1141;5241;4811;5237;608;459;2416;4011;5246;363;366;2314;2877;1748;1743;1157;2058;2092;915;2980,2985:6545.26387671059;1140:6545.458447345425;880:6546.049783345426;3109:6547.9003273454255;3874:6553.764607345425;4306:6565.880167345425;429:6567.282487345426;3125:6568.536007345426;3406:6580.890367345426;2825:6583.360087345426;1944:6584.671447345426;130:6587.059087345426;99:6587.539327345426;4526:6595.948927345426;714:6598.7457673454255;2800:6600.752167345426;4339:6602.245927345426;2419:6606.855007345426;5404:6611.081887345426;5421:6612.187207345426;1925:6612.330487345426;1883:6613.367767345426;926:6617.620327345426;925:6620.564647345425;5399:6629.869447345425;1905:6631.1960473454255;830:6632.372887345426;2795:6633.556567345426;1891:6633.810487345426;827:6634.876327345426;6499:6644.231167345426;1803:6650.193727345426;1141:6655.698367345426;5241:6657.2864473454265;4811:6658.9690873454265;5237:6663.709567345427;608:6672.575647345427;459:6672.905407345426;2416:6675.119047345426;4011:6675.783175345427;5246:6681.708343345426;363:6688.617031345427;366:6690.022111345427;2314:6691.166983345427;2877:6704.338087345427;1748:6705.456607345427;1743:6713.211007345427;1157:6717.95015020257;2058:6723.739978773998;2092:6727.129121631141;915:6732.247293059712;2980:6744.445636609769
0,7,default_vehtype,boarding,True,6744.445636609769,6774.445636609769,2980;-1;-1,2980;-1;-1,0.0,0.7681599620983138,0.7681599620983138,0.0,,0,182,1,,182,,
0,11,default_vehtype,boarding,True,6692.947179747951,6722.947179747951,2978;-1;-1,2978;-1;-1,0.0,0.8864593285071407,0.8864593285071407,0.0,,0,183;180,2,,183,,
0,2,default_vehtype,route,False,6570.0,6827.755016634026,2966;-1;-1,2976;-1;-1,1978.3156102536077,0.9126440444628032,0.9124462129017779,0.0,,0,187,1,,,2966;2743;2631;2150;735;738;1096;3736;81;831;2413;1146;832;1880;1340;3638;1365;2574;7139;1693;1114;5299;7129;754;611;1812;1186;7311;3767;4527;3089;3131;5447;7352;414;122;3426;4314;68;7318;7325;3011;4;4345;7330;2976,2966:6570;2743:6577.8438282904;2631:6581.855256861829;2150:6598.7855425761145;735:6609.267714004686;738:6615.435542576115;1096:6624.974514004686;3736:6625.237530004686;81:6629.086434004686;831:6639.933018004686;2413:6640.9207140046865;1146:6641.7340980046865;832:6642.542514004686;1880:6645.140202004686;1340:6656.673018004686;3638:6657.659490004686;1365:6659.6012100046855;2574:6671.109090004686;7139:6677.375490004686;1693:6679.014090004686;1114:6695.354610004686;5299:6709.899810004686;7129:6711.250770004685;754:6754.8108900046855;611:6756.059490004685;1812:6760.630650004686;1186:6761.807850004686;7311:6762.623490004686;3767:6764.629890004686;4527:6767.426730004686;3089:6775.836330004686;3131:6776.316570004686;5447:6778.704210004686;7352:6780.015570004685;414:6782.485290004685;122:6794.839650004686;3426:6796.093170004686;4314:6797.276130004686;68:6802.874490004686;7318:6809.542530004685;7325:6812.869290004685;3011:6816.879930004686;4:6821.665050004685;4345:6823.708530004686;7330:6824.911530004686;2976:6827.755016634026
0,3,default_vehtype,boarding,True,6764.785940977197,6794.785940977197,2974;-1;-1,2974;-1;-1,0.0,0.7611522228241374,0.7611522228241374,0.0,,0,192,1,192,,,
0,6,default_vehtype,boarding,True,6755.965332760943,6785.965332760943,2982;-1;-1,2982;-1;-1,0.0,0.5398370283568918,0.5398370283568918,0.0,,0,189,1,189,,,
0,9,default_vehtype,route,False,6619.198367733861,6815.602072491283,2972;-1;-1,2981;-1;-1,2106.0954485983193,0.9591123446235692,0.9589017350787093,0.0,,0,188,1,,,2972;6079;7380;364;3029;3886;5711;6045;2157;4817;456;5901;7605;2830;5852;6913;1321;597;2204;6066;6049;7367;2188;2186;5744;6033;5746;6031;146;2828;2376;3091;4274;880;3109;3874;4306;429;3125;3406;2825;1944;130;99;4526;714;2800;4339;2419;5404;5421;1925;1883;926;925;5399;1905;830;2795;1891;827;6499;1803;1141;5241;922;6385;3550;2981,2972:6619.198367733861;6079:6620.577223345427;7380:6620.986111345427;364:6621.4214953454275;3029:6623.445703345427;3886:6623.943727345428;5711:6626.483311345428;6045:6627.877591345428;2157:6632.066119345428;4817:6632.542903345428;456:6633.1577833454285;5901:6633.913351345428;7605:6637.385047345428;2830:6637.614439345428;5852:6644.141167345428;6913:6646.037575345427;1321:6651.186007345427;597:6651.648895345427;2204:6653.206183345427;6066:6653.851879345427;6049:6658.078207345427;7367:6660.351751345426;2188:6667.014919345426;2186:6668.291191345426;5744:6670.3066153454265;6033:6671.676055345427;5746:6673.599463345427;6031:6675.091087345427;146:6676.052215345427;2828:6677.144023345427;2376:6682.645903345427;3091:6695.9676313454265;4274:6697.110559345427;880:6697.701895345427;3109:6699.552439345427;3874:6705.416719345427;4306:6717.532279345427;429:6718.934599345427;3125:6720.188119345427;3406:6732.542479345428;2825:6735.012199345428;1944:6736.323559345427;130:6738.711199345427;99:6739.191439345427;4526:6747.601039345427;714:6750.397879345427;2800:6752.404279345427;4339:6753.898039345428;2419:6758.507119345428;5404:6762.733999345428;5421:6763.839319345428;1925:6763.982599345428;1883:6765.019879345427;926:6769.272439345427;925:6772.216759345427;5399:6781.521559345427;1905:6782.848159345427;830:6784.024999345427;2795:6785.208679345427;1891:6785.462599345427;827:6786.528439345428;6499:6795.883279345428;1803:6801.8458393454275;1141:6807.350479345428;5241:6808.938559345428;922:6809.8544713454285;6385:6813.076111345428;3550:6813.337951345428;2981:6815.602072491283
0,2,default_vehtype,boarding,True,6827.755016634026,6857.755016634026,2976;-1;-1,2976;-1;-1,0.0,0.9124462129017779,0.9124462129017779,0.0,,0,187;193,2,193,187,,
0,2,default_vehtype,route,False,6857.755016634026,6876.118149327254,2976;-1;-1,2984;-1;-1,153.0261057768949,0.9124462129017779,0.9124309102912002,0.0,,0,193,1,,,2976;7557;2806;4344;2996;2984,2976:6857.755016634026;7557:6862.745370004686;2806:6870.5792100046865;4344:6871.782210004687;2996:6873.825690004687;2984:6876.118149327254
0,3,default_vehtype,route,False,6794.785940977197,6871.507200347517,2974;-1;-1,2984;-1;-1,685.0623045417706,0.7611522228241374,0.7610837165936832,0.0,,0,192,1,,,2974;6479;3091;4274;880;3109;3874;4306;429;4313;68;7318;7325;3011;4;4345;1199;1204;2996;2984,2974:6794.785940977197;6479:6795.2865193106645;3091:6808.608247310664;4274:6809.751175310665;880:6810.342511310665;3109:6812.193055310665;3874:6818.057335310665;4306:6830.172895310665;429:6831.575215310665;4313:6832.758175310665;68:6838.356535310665;7318:6845.024575310665;7325:6848.351335310665;3011:6852.361975310665;4:6857.147095310665;4345:6859.190575310665;1199:6863.180918167807;1204:6867.17126102495;2996:6869.21474102495;2984:6871.507200347517
0,9,default_vehtype,boarding,True,6815.602072491283,6845.602072491283,2981;-1;-1,2981;-1;-1,0.0,0.9589017350787093,0.9589017350787093,0.0,,0,188,1,,188,,
0,11,default_vehtype,route,False,6722.947179747951,6863.09215770732,2978;-1;-1,2980;-1;-1,1124.4366404725629,0.8864593285071407,0.8863468848430935,0.0,,0,180,1,,,2978;4103;6297;1434;3820;3877;2787;4993;6537;7281;2307;3549;6384;4032;1804;4811;5237;608;459;2416;4011;5246;363;366;2314;2877;1748;1743;1157;2058;2092;915;2980,2978:6722.947179747951;4103:6725.566136442979;6297:6727.925456442978;1434:6733.884536442978;3820:6738.993176442978;3877:6740.901056442978;2787:6749.693576442978;4993:6750.742616442978;6537:6756.542456442978;7281:6762.377576442977;2307:6765.896336442977;3549:6771.533576442977;6384:6771.7954164429775;4032:6775.017056442977;1804:6775.932968442978;4811:6777.615608442978;5237:6782.356088442978;608:6791.222168442978;459:6791.551928442977;2416:6793.765568442977;4011:6794.429696442978;5246:6800.3548644429775;363:6807.263552442978;366:6808.668632442978;2314:6809.813504442978;2877:6822.984608442978;1748:6824.103128442978;1743:6831.857528442978;1157:6836.596671300121;2058:6842.386499871549;2092:6845.775642728692;915:6850.8938141572635;2980:6863.09215770732
0,11,default_vehtype,boarding,True,6863.09215770732,6893.09215770732,2980;-1;-1,2980;-1;-1,0.0,0.8863468848430935,0.8863468848430935,0.0,,0,180,1,,180,,
0,0,default_vehtype,route,False,6700.062022566578,6932.659111775717,2975;-1;-1,2992;-1;-1,2397.6702793264835,0.6878747693401756,0.687635002312243,0.0,,0,186,1,,,2975;1166;429;3125;3406;2825;1944;130;99;4526;714;2800;4332;799;3653;3825;7127;1836;4248;5046;7138;6879;1367;3637;3640;3643;7179;5275;5297;5072;1464;2847;5825;4587;5794;3202;2065;2023;4203;537;18;5629;1068;2559;6740;1717;2067;2063;1937;2992,2975:6700.062022566578;1166:6710.172895310665;429:6711.575215310665;3125:6712.828735310665;3406:6725.1830953106655;2825:6727.652815310666;1944:6728.964175310665;130:6731.351815310665;99:6731.832055310665;4526:6740.241655310665;714:6743.038495310665;2800:6745.044895310665;4332:6745.860535310665;799:6747.041455310665;3653:6751.637695310665;3825:6752.8862953106645;7127:6796.446415310665;1836:6797.797375310664;4248:6812.342575310664;5046:6828.683095310664;7138:6830.321695310664;6879:6836.588095310664;1367:6848.080975310664;3637:6849.974095310664;3640:6850.827223310664;3643:6851.890807310664;7179:6855.469207310664;5275:6859.978495310665;5297:6863.357311310665;5072:6863.587567310665;1464:6870.528079310665;2847:6871.598791310665;5825:6874.497439310665;4587:6876.777751310665;5794:6878.397895310665;3202:6882.519247310665;2065:6887.663503310665;2023:6893.221831310665;4203:6894.022615310665;537:6894.976615310665;18:6900.844183310664;5629:6906.693607310664;1068:6909.246007310664;2559:6916.296607310664;6740:6920.767231310663;1717:6926.600959310663;2067:6927.338743310663;2063:6928.054999310662;1937:6931.324951310662;2992:6932.659111775717
0,2,default_vehtype,boarding,True,6876.118149327254,6906.118149327254,2984;-1;-1,2984;-1;-1,0.0,0.9124309102912002,0.9124309102912002,0.0,,0,193,1,,193,,
0,3,default_vehtype,boarding,True,6871.507200347517,6901.507200347517,2984;-1;-1,2984;-1;-1,0.0,0.7610837165936832,0.7610837165936832,0.0,,0,192,1,,192,,
0,5,default_vehtype,route,False,6708.363132693228,6910.134717208677,2984;-1;-1,2970;-1;-1,1681.429870962063,0.9314755895406407,0.9313074465535445,0.0,,0,190,1,,,2984;3012;7321;2804;3061;1173;3425;3125;3406;2825;1944;130;99;4526;714;2800;4332;799;3653;3825;7127;3766;3988;553;7132;7191;3566;4337;7134;6667;6711;1807;1653;6829;4349;4937;669;5061;7265;3848;534;2839;3560;2970,2984:6708.363132693228;3012:6710.855793370661;7321:6714.866433370661;2804:6718.193193370661;3061:6724.861233370661;1173:6730.4595933706605;3425:6731.642553370661;3125:6732.896073370661;3406:6745.250433370661;2825:6747.720153370661;1944:6749.031513370661;130:6751.419153370661;99:6751.899393370661;4526:6760.308993370661;714:6763.105833370661;2800:6765.112233370661;4332:6765.927873370661;799:6767.10879337066;3653:6771.70503337066;3825:6772.95363337066;7127:6816.51375337066;3766:6817.4509533706605;3988:6821.1865533706605;553:6821.64483337066;7132:6831.5237133706605;7191:6839.48091337066;3566:6841.310073370661;4337:6845.808273370661;7134:6846.908313370661;6667:6854.840433370661;6711:6870.699993370661;1807:6872.627193370661;1653:6878.4311133706615;6829:6879.204033370662;4349:6879.752913370662;4937:6884.122473370662;669:6894.429873370662;5061:6900.238233370662;7265:6901.021473370662;3848:6901.996113370662;534:6906.041073370662;2839:6907.3997133706625;3560:6908.475273370663;2970:6910.134717208677
0,5,default_vehtype,boarding,True,6910.134717208677,6940.134717208677,2970;-1;-1,2970;-1;-1,0.0,0.9313074465535445,0.9313074465535445,0.0,,0,190,1,,190,,
0,0,default_vehtype,boarding,True,6932.659111775717,6962.659111775717,2992;-1;-1,2992;-1;-1,0.0,0.687635002312243,0.687635002312243,0.0,,0,186,1,,186,,
0,3,default_vehtype,route,False,6901.507200347517,6970.982079709435,2984;-1;-1,2975;-1;-1,516.2578994445483,0.7610837165936832,0.7610320908037388,0.0,,0,,0,,,2984;3012;7321;2804;3061;1173;3425;4304;793;118;3979;4275;3068;70;73;4273;880;3109;3874;2975,2984:6901.507200347517;3012:6903.9998610249495;7321:6908.01050102495;2804:6911.33726102495;3061:6918.005301024949;1173:6923.603661024949;3425:6924.786621024949;4304:6926.18894102495;793:6938.30450102495;118:6944.16878102495;3979:6946.0193250249495;4275:6946.61066102495;3068:6951.354946739236;70:6953.640946739236;73:6955.926946739236;4273:6960.671232453522;880:6961.262568453522;3109:6963.113112453522;3874:6968.977392453522;2975:6970.982079709435
0,3,default_vehtype,boarding,True,6970.982079709435,7000.982079709435,2975;-1;-1,2975;-1;-1,0.0,0.7610320908037388,0.7610320908037388,0.0,,0,194,1,194,,,
0,8,default_vehtype,route,False,6840.0,7003.700557937537,2969;-1;-1,2988;-1;-1,1691.1884792912138,0.8957955752680172,0.8956264564200881,0.0,,0,,0,,,2969;7192;1664;337;1075;4198;1071;1070;1069;1067;1504;4396;710;2281;4664;6260;3300;1832;708;6180;2405;6169;2744;2567;2576;3077;3241;88;2758;2742;2448;2353;6140;7386;3742;7100;6318;737;6639;2446;2301;1992;1990;1988;1985;3729;5498;5496;5699;5494;6307;374;7114;3246;5330;661;445;6080;7381;364;3029;69;30;3346;2832;2207;2988,2969:6840;7192:6843.603642951946;1664:6846.8575389519465;337:6854.617770951946;1075:6855.641610951946;4198:6856.623258951946;1071:6857.625786951946;1070:6872.089074951946;1069:6872.827362951945;1067:6875.4894189519455;1504:6879.943194951946;4396:6880.169490951946;710:6880.720146951946;2281:6881.725842951946;4664:6885.603834951946;6260:6886.049730951946;3300:6886.648842951946;1832:6889.439058951946;708:6889.978122951946;6180:6890.401554951945;2405:6892.623954951945;6169:6896.101074951945;2744:6900.7016349519445;2567:6902.544594951944;2576:6911.033154951944;3077:6913.165794951944;3241:6916.294674951944;88:6918.221514951944;2758:6920.184954951945;2742:6920.5913949519445;2448:6923.777034951944;2353:6929.9779149519445;6140:6935.148954951945;7386:6936.491394951945;3742:6944.150394951945;7100:6944.690034951945;6318:6945.1681149519445;737:6946.0838349519445;6639:6947.933034951944;2446:6949.504314951944;2301:6951.801354951945;1992:6952.826394951945;1990:6954.523314951945;1988:6956.977314951945;1985:6960.499074951945;3729:6962.846514951944;5498:6964.243914951944;5496:6967.151154951944;5699:6967.848594951944;5494:6968.952354951944;6307:6969.169194951944;374:6977.470194951944;7114:6979.685202951944;3246:6980.8230189519445;5330:6981.570594951944;661:6982.562034951944;445:6985.591722951944;6080:6988.415130951944;7381:6988.824018951944;364:6989.259402951944;3029:6991.283610951944;69:6995.41589666623;30:6999.548182380516;3346:7001.572390380516;2832:7002.007774380516;2207:7002.416662380516;2988:7003.700557937537
0,10,default_vehtype,boarding,True,6960.0,6990.0,2968;-1;-1,2968;-1;-1,0.0,0.9420214562194801,0.9420214562194801,0.0,,0,196,1,196,,,
0,0,default_vehtype,route,False,7020.0,7057.017328528743,2992;-1;-1,2967;-1;-1,371.725848613485,0.687635002312243,0.6875978297273816,0.0,,0,,0,,,2992;2526;3895;5465;7450;1719;3469;470;469;5079;7447;1960;2967,2992:7020;2526:7029.202247534946;3895:7030.469231534946;5465:7038.001151534946;7450:7038.985391534946;1719:7039.802015534946;3469:7040.8219675349455;470:7046.783053249232;469:7052.744138963518;5079:7053.764090963517;7447:7054.5807149635175;1960:7055.564954963517;2967:7057.017328528743
0,1,default_vehtype,route,False,6766.501022452874,7031.295221739749,2993;-1;-1,2978;-1;-1,3227.663638401175,0.8556986758139621,0.855375909450122,0.0,,0,191,1,,,2993;4483;6931;7616;3488;4485;5469;2998;901;1083;1355;1961;1721;2672;2790;5440;162;683;1096;3736;81;831;2413;1146;832;1880;1340;3638;602;3851;4573;1400;971;598;1368;591;585;940;1370;939;1903;983;3921;840;2881;5099;2878;1735;2581;370;361;2874;1887;4059;910;6541;3462;3648;2851;2850;1801;1560;5242;4277;5239;6501;3911;5389;7301;918;3075;7097;7290;2736;1744;1164;2789;1182;2978,2993:6766.501022452874;4483:6767.262442434775;6931:6768.578170434775;7616:6772.474522434774;3488:6773.7986744347745;4485:6778.353322434775;5469:6778.714546434775;2998:6779.123002434775;901:6780.3685304347755;1083:6783.158962434775;1355:6796.848250434775;1961:6797.830978434775;1721:6798.891034434775;2672:6805.029322434775;2790:6807.474154434775;5440:6810.888754434775;162:6815.0414264347755;683:6815.6123864347755;1096:6819.174586434776;3736:6819.437602434776;81:6823.286506434776;831:6834.133090434776;2413:6835.120786434776;1146:6835.934170434776;832:6836.742586434776;1880:6839.340274434776;1340:6850.873090434776;3638:6851.859562434775;602:6852.712690434775;3851:6853.716082434775;4573:6858.022402434774;1400:6859.7550824347745;971:6863.553514434774;598:6864.620770434774;1368:6865.5811064347745;591:6871.452058434775;585:6884.623306434774;940:6891.203170434775;1370:6898.229794434775;939:6898.926466434775;1903:6899.748058434775;983:6900.730570434775;3921:6904.528714434775;840:6909.089554434775;2881:6915.720178434775;5099:6916.873042434775;2878:6918.001066434775;1735:6928.985386434774;2581:6930.324802434774;370:6931.907650434774;361:6934.404754434774;2874:6934.990762434774;1887:6940.646146434774;4059:6942.565450434774;910:6947.081650434774;6541:6947.745778434774;3462:6949.959418434774;3648:6950.289178434774;2851:6954.963418434774;2850:6955.896778434774;1801:6959.192458434774;1560:6963.932938434775;5242:6965.615578434775;4277:6967.203658434775;5239:6972.708298434775;6501:6978.670858434775;3911:6988.025698434775;5389:6989.091538434775;7301:6989.3454584347755;918:6990.487618434776;3075:6998.360578434776;7097:6999.209938434776;7290:7005.012058434776;2736:7013.7305384347765;1744:7015.185778434777;1164:7026.2942984347765;2789:7027.706098434776;1182:7028.623018434776;2978:7031.295221739749
0,1,default_vehtype,boarding,True,7031.295221739749,7061.295221739749,2978;-1;-1,2978;-1;-1,0.0,0.855375909450122,0.855375909450122,0.0,,0,191,1,,191,,
0,6,default_vehtype,route,False,6785.965332760943,7053.295127629444,2982;-1;-1,2968;-1;-1,3256.6257768101996,0.5398370283568918,0.5395113657792109,0.0,,0,189,1,,,2982;2809;4365;7288;1182;1001;6296;1434;3820;3877;2787;4993;6537;7281;2307;3549;6384;4032;1804;4811;5237;608;459;2416;4011;5246;363;366;2314;2877;1748;2880;906;984;2268;1857;1806;1371;938;5442;4054;2205;1369;2047;3631;4079;4572;4577;778;3636;3639;3642;7178;5275;5297;5072;1464;2847;5825;4587;5794;3202;2065;2023;4203;537;18;5629;1068;2559;6740;1717;2067;2720;4210;1711;2968,2982:6785.965332760943;2809:6791.666300106368;4365:6799.247420106368;7288:6800.370620106368;1182:6801.2875401063675;1001:6806.578700106367;6296:6808.938020106367;1434:6814.897100106366;3820:6820.005740106367;3877:6821.913620106367;2787:6830.706140106367;4993:6831.755180106366;6537:6837.555020106366;7281:6843.390140106366;2307:6846.908900106366;3549:6852.546140106366;6384:6852.807980106366;4032:6856.029620106366;1804:6856.945532106366;4811:6858.628172106366;5237:6863.368652106366;608:6872.234732106366;459:6872.564492106366;2416:6874.778132106366;4011:6875.442260106366;5246:6881.367428106366;363:6888.276116106366;366:6889.681196106367;2314:6890.826068106367;2877:6903.997172106367;1748:6905.115692106367;2880:6906.2774841063665;906:6918.502796106366;984:6921.272492106366;2268:6922.020356106366;1857:6922.406276106366;1806:6923.068460106366;1371:6923.738636106365;938:6926.319764106365;5442:6936.040412106366;4054:6943.680404106366;2205:6949.432844106366;1369:6955.879004106367;2047:6956.822060106367;3631:6958.384892106366;4079:6959.452148106367;4572:6963.250580106366;4577:6964.983260106366;778:6969.289580106366;3636:6970.292972106366;3639:6971.146100106365;3642:6972.209684106366;7178:6975.788084106366;5275:6980.297372106366;5297:6983.676188106367;5072:6983.9064441063665;1464:6990.846956106367;2847:6991.917668106366;5825:6994.816316106367;4587:6997.096628106367;5794:6998.716772106367;3202:7002.838124106367;2065:7007.982380106367;2023:7013.540708106367;4203:7014.341492106367;537:7015.2954921063665;18:7021.163060106366;5629:7027.012484106366;1068:7029.564884106366;2559:7036.615484106365;6740:7041.086108106365;1717:7046.9198361063645;2067:7047.657620106364;2720:7048.421036106364;4210:7049.319308106365;1711:7050.448988106365;2968:7053.295127629444
0,8,default_vehtype,boarding,True,7003.700557937537,7033.700557937537,2988;-1;-1,2988;-1;-1,0.0,0.8956264564200881,0.8956264564200881,0.0,,0,195,1,195,,,
0,0,default_vehtype,boarding,True,7057.017328528743,7087.017328528743,2967;-1;-1,2967;-1;-1,0.0,0.6875978297273816,0.6875978297273816,0.0,,0,197,1,197,,,
0,3,default_vehtype,route,False,7000.982079709435,7107.038249142857,2975;-1;-1,2973;-1;-1,1316.9428379970655,0.7610320908037388,0.7609003965199391,0.0,,0,194,1,,,2975;1166;793;118;3979;4275;103;6480;7360;3154;6028;5745;6035;5743;6038;6041;7365;6050;6068;6077;3629;4502;6912;2108;7370;1420;1084;2973,2975:7000.982079709435;1166:7011.092952453522;793:7023.208512453522;118:7029.072792453522;3979:7030.923336453522;4275:7031.5146724535225;103:7032.657600453523;6480:7045.979328453523;7360:7051.481208453522;3154:7052.5730164535225;6028:7053.5341444535225;5745:7055.025768453523;6035:7056.949176453522;5743:7058.318616453523;6038:7060.334040453523;6041:7061.610312453523;7365:7068.273480453523;6050:7070.547024453523;6068:7074.773352453522;6077:7075.419048453522;3629:7076.976336453522;4502:7077.439224453522;6912:7082.587656453522;2108:7084.484064453522;7370:7091.010792453521;1420:7102.715904453521;1084:7106.250888453521;2973:7107.038249142857
0,3,default_vehtype,boarding,True,7107.038249142857,7137.038249142857,2973;-1;-1,2973;-1;-1,0.0,0.7609003965199391,0.7609003965199391,0.0,,0,194,1,,194,,
0,6,default_vehtype,boarding,True,7053.295127629444,7083.295127629444,2968;-1;-1,2968;-1;-1,0.0,0.5395113657792109,0.5395113657792109,0.0,,0,189,1,,189,,
0,3,default_vehtype,route,False,7140.0,7150.320430280956,2973;-1;-1,2987;-1;-1,143.3393094577217,0.7609003965199391,0.7608860625889934,0.0,,0,,0,,,2973;7354;4225;2987,2973:7140;7354:7143.797167310664;4225:7148.381695310664;2987:7150.320430280956
0,3,default_vehtype,boarding,True,7150.320430280956,7180.320430280956,2987;-1;-1,2987;-1;-1,0.0,0.7608860625889934,0.7608860625889934,0.0,,0,198,1,198,,,
0,5,default_vehtype,route,False,7140.0,7147.381840040903,2970;-1;-1,2990;-1;-1,61.51533367418344,0.9313074465535445,0.931301295020177,0.0,,0,,0,,,2970;671;544;7400;5449;2990,2970:7140;671:7141.0301161619855;544:7143.719676161985;7400:7144.7952361619855;5449:7145.994276161986;2990:7147.381840040903
0,5,default_vehtype,boarding,True,7147.381840040903,7177.381840040903,2990;-1;-1,2990;-1;-1,0.0,0.931301295020177,0.931301295020177,0.0,,0,199,1,199,,,
0,5,default_vehtype,route,False,7177.381840040903,7259.923863685063,2990;-1;-1,2968;-1;-1,979.5016832740181,0.931301295020177,0.9312033448518496,0.0,,0,199,1,,,2990;2552;4848;3271;4846;4989;5000;337;1075;537;18;5629;1068;2559;6740;1717;2067;2720;4210;1711;2968,2990:7177.381840040903;2552:7180.247556161986;4848:7187.7278761619855;3271:7193.280996161985;4846:7195.154076161985;4989:7207.426596161986;5000:7212.186156161986;337:7219.946388161986;1075:7220.970228161986;537:7221.924228161985;18:7227.791796161985;5629:7233.641220161985;1068:7236.193620161985;2559:7243.244220161984;6740:7247.714844161984;1717:7253.548572161983;2067:7254.286356161983;2720:7255.049772161983;4210:7255.9480441619835;1711:7257.0777241619835;2968:7259.923863685063
0,8,default_vehtype,route,False,7033.700557937537,7201.776118845566,2988;-1;-1,2992;-1;-1,1869.1901237226884,0.8956264564200881,0.8954395374077159,0.0,,0,195,1,,,2988;3447;3721;5333;251;2711;3358;2296;5495;5697;5497;5500;670;5502;5512;5520;5531;6313;6632;6644;3793;6319;7102;3741;7384;6414;5446;2447;2571;42;2577;2566;3033;3036;2469;2404;2235;3762;5287;310;2280;1447;6261;3764;4397;4745;4182;4187;4191;4195;4202;4208;537;18;5629;1068;2559;6740;1717;2067;2063;1937;2992,2988:7033.700557937537;3447:7035.240070380516;3721:7038.269758380516;5333:7039.261198380515;251:7040.008774380515;2711:7041.146590380516;3358:7043.361598380516;2296:7051.662598380516;5495:7051.879438380516;5697:7052.983198380516;5497:7053.680638380516;5500:7056.587878380516;670:7057.985278380515;5502:7060.332718380515;5512:7063.854478380515;5520:7066.308478380514;5531:7068.005398380515;6313:7069.030438380515;6632:7071.3274783805155;6644:7072.898758380516;3793:7074.747958380515;6319:7075.663678380515;7102:7076.141758380515;3741:7076.681398380515;7384:7084.340398380515;6414:7089.547558380515;5446:7091.815318380514;2447:7095.751438380515;2571:7103.340358380515;42:7108.008358380514;2577:7108.680838380515;2566:7117.279918380515;3033:7117.910878380515;3036:7120.180438380515;2469:7123.7727583805145;2404:7127.096278380514;2235:7128.379678380515;3762:7128.803110380514;5287:7129.342174380514;310:7132.132390380514;2280:7132.731502380514;1447:7133.177398380514;6261:7137.055390380514;3764:7138.061086380514;4397:7138.611742380514;4745:7138.838038380514;4182:7143.291814380515;4187:7145.953870380515;4191:7146.692158380514;4195:7161.155446380514;4202:7162.157974380514;4208:7163.139622380514;537:7164.093622380514;18:7169.9611903805135;5629:7175.8106143805135;1068:7178.363014380513;2559:7185.413614380513;6740:7189.884238380512;1717:7195.717966380512;2067:7196.455750380512;2063:7197.172006380511;1937:7200.441958380511;2992:7201.776118845566
0,8,default_vehtype,boarding,True,7201.776118845566,7231.776118845566,2992;-1;-1,2992;-1;-1,0.0,0.8954395374077159,0.8954395374077159,0.0,,0,195,1,,195,,
0,10,default_vehtype,route,False,6990.0,7213.083779447212,2968;-1;-1,2987;-1;-1,2614.671158989071,0.9420214562194801,0.9417599891035812,0.0,,0,196,1,,,2968;98;2497;7434;2760;542;1074;1071;1070;1069;1067;1504;4396;710;2281;4664;6260;3300;1832;708;6180;2405;6169;2744;2567;2576;3077;3241;88;2758;2742;2448;2353;6140;7386;3742;7100;6318;737;6639;2446;2301;1992;1990;1988;1985;3729;5498;5496;5699;5494;6307;374;7114;3246;5330;661;445;6080;7381;364;3029;3886;5711;6045;2157;4817;456;5901;7605;2830;1420;1084;7357;2826;2827;4225;2987,2968:6990;98:6995.769668476921;2497:6997.280300476921;7434:7004.488148476921;2760:7011.026684476921;542:7018.554788476921;1074:7019.488196476921;1071:7020.490724476921;1070:7034.954012476921;1069:7035.6923004769205;1067:7038.354356476921;1504:7042.808132476921;4396:7043.034428476921;710:7043.585084476921;2281:7044.590780476921;4664:7048.468772476921;6260:7048.914668476921;3300:7049.513780476921;1832:7052.303996476921;708:7052.843060476921;6180:7053.266492476921;2405:7055.48889247692;6169:7058.96601247692;2744:7063.56657247692;2567:7065.40953247692;2576:7073.898092476919;3077:7076.030732476919;3241:7079.159612476919;88:7081.0864524769195;2758:7083.04989247692;2742:7083.45633247692;2448:7086.641972476919;2353:7092.84285247692;6140:7098.01389247692;7386:7099.35633247692;3742:7107.01533247692;7100:7107.55497247692;6318:7108.03305247692;737:7108.94877247692;6639:7110.797972476919;2446:7112.369252476919;2301:7114.66629247692;1992:7115.69133247692;1990:7117.388252476921;1988:7119.84225247692;1985:7123.36401247692;3729:7125.7114524769195;5498:7127.108852476919;5496:7130.016092476919;5699:7130.713532476919;5494:7131.817292476919;6307:7132.034132476919;374:7140.335132476919;7114:7142.550140476919;3246:7143.68795647692;5330:7144.435532476919;661:7145.426972476919;445:7148.456660476919;6080:7151.280068476919;7381:7151.688956476919;364:7152.124340476919;3029:7154.148548476919;3886:7154.64657247692;5711:7157.18615647692;6045:7158.58043647692;2157:7162.76896447692;4817:7163.24574847692;456:7163.86062847692;5901:7164.61619647692;7605:7168.0878924769195;2830:7168.31728447692;1420:7180.022396476919;1084:7183.557380476919;7357:7188.1419084769195;2826:7197.3512124769195;2827:7206.5605164769195;4225:7211.14504447692;2987:7213.083779447212
0,10,default_vehtype,boarding,True,7213.083779447212,7243.083779447212,2987;-1;-1,2987;-1;-1,0.0,0.9417599891035812,0.9417599891035812,0.0,,0,196,1,,196,,
0,3,default_vehtype,route,False,7180.320430280956,7307.746224347517,2987;-1;-1,2984;-1;-1,1389.2919531006644,0.7608860625889934,0.7607471333936834,0.0,,0,198,1,,,2987;4613;1084;7357;3525;6025;3063;6027;7362;2188;2186;5744;6033;5746;6031;146;2828;2376;3091;4274;880;3109;3874;4306;429;4313;68;7318;7325;3011;4;4345;1199;1204;2996;2984,2987:7180.320430280956;4613:7181.916679310664;1084:7185.451663310664;7357:7190.036191310664;3525:7200.915031310665;6025:7202.6564953106645;3063:7203.921175310665;6027:7205.223151310664;7362:7209.231391310665;2188:7215.894559310665;2186:7217.170831310665;5744:7219.186255310665;6033:7220.555695310665;5746:7222.479103310665;6031:7223.970727310665;146:7224.931855310665;2828:7226.023663310665;2376:7231.525543310665;3091:7244.847271310665;4274:7245.990199310665;880:7246.5815353106655;3109:7248.432079310665;3874:7254.296359310665;4306:7266.411919310665;429:7267.8142393106655;4313:7268.997199310666;68:7274.5955593106655;7318:7281.263599310665;7325:7284.590359310665;3011:7288.600999310665;4:7293.386119310665;4345:7295.429599310665;1199:7299.419942167808;1204:7303.41028502495;2996:7305.45376502495;2984:7307.746224347517
0,5,default_vehtype,boarding,True,7259.923863685063,7289.923863685063,2968;-1;-1,2968;-1;-1,0.0,0.9312033448518496,0.9312033448518496,0.0,,0,199,1,,199,,
0,0,default_vehtype,route,False,7087.017328528743,7360.310875618092,2967;-1;-1,2982;-1;-1,3402.593083715548,0.6875978297273816,0.6872575704190101,0.0,,0,197,1,,,2967;3896;6788;5444;1716;2720;4210;1711;98;2497;7434;2760;542;1074;4204;5649;5760;205;5793;1407;5826;7411;4686;5074;5295;5274;7181;604;603;602;3851;4573;1400;971;598;1368;591;585;940;1370;939;1903;983;3921;840;2881;5099;2878;1735;2581;370;361;2874;1887;4059;910;6541;3462;3648;2851;2850;1801;1560;5242;922;6385;3550;6322;7280;2411;1661;7283;796;751;4635;6299;4102;4325;7285;1218;2982,2967:7087.017328528743;3896:7093.096874963518;6788:7094.3638589635175;5444:7104.900266963517;1716:7107.690626963517;2720:7108.437266963518;4210:7109.335538963518;1711:7110.465218963518;98:7119.081026963518;2497:7120.591658963518;7434:7127.799506963518;2760:7134.338042963518;542:7141.866146963518;1074:7142.799554963518;4204:7143.781202963518;5649:7144.581986963518;5760:7150.140314963518;205:7155.284570963518;5793:7159.405922963518;1407:7161.026066963518;5826:7163.306378963518;7411:7166.205026963518;4686:7167.275738963518;5074:7174.216250963518;5295:7174.446506963518;5274:7177.825322963518;7181:7182.334610963519;604:7185.913010963519;603:7186.976594963519;602:7187.829722963519;3851:7188.833114963519;4573:7193.139434963518;1400:7194.8721149635185;971:7198.670546963518;598:7199.737802963518;1368:7200.698138963518;591:7206.569090963519;585:7219.740338963518;940:7226.320202963519;1370:7233.346826963519;939:7234.043498963519;1903:7234.865090963519;983:7235.8476029635185;3921:7239.645746963519;840:7244.206586963519;2881:7250.837210963519;5099:7251.990074963519;2878:7253.118098963519;1735:7264.102418963518;2581:7265.441834963518;370:7267.024682963518;361:7269.521786963518;2874:7270.107794963518;1887:7275.763178963518;4059:7277.682482963518;910:7282.198682963518;6541:7282.862810963518;3462:7285.076450963518;3648:7285.406210963518;2851:7290.080450963518;2850:7291.013810963518;1801:7294.309490963518;1560:7299.049970963519;5242:7300.732610963519;922:7301.648522963519;6385:7304.870162963519;3550:7305.132002963519;6322:7310.769242963519;7280:7314.288002963519;2411:7320.123122963519;1661:7325.922962963518;7283:7326.972002963518;796:7335.764522963518;751:7337.672402963518;4635:7342.781042963518;6299:7348.740122963518;4102:7351.0994429635175;4325:7356.390602963517;7285:7357.307522963517;1218:7358.430722963517;2982:7360.310875618092
0,3,default_vehtype,boarding,True,7307.746224347517,7337.746224347517,2984;-1;-1,2984;-1;-1,0.0,0.7607471333936834,0.7607471333936834,0.0,,0,198,1,,198,,
0,0,default_vehtype,boarding,True,7360.310875618092,7390.310875618092,2982;-1;-1,2982;-1;-1,0.0,0.6872575704190101,0.6872575704190101,0.0,,0,197,1,,197,,
