operator_id,vehicle_id,vehicle_type,status,locked,start_time,end_time,start_pos,end_pos,driven_distance,start_soc,end_soc,charging_power,charging_unit,toll,rq_on_board,occupancy,rq_boarding,rq_alighting,route,trajectory
0,0,default_vehtype,waiting,False,-60,-1,2980;-1;-1,2980;-1;-1,0.0,1.0,1.0,0.0,,0,,0,,,,
0,1,default_vehtype,route,False,180,409.9869602780313,2981;-1;-1,2966;-1;-1,2071.863435442099,0.8575946831862098,0.8573874968426657,0.0,,0,,0,,,2981;6320;3549;6384;4032;1804;4811;5237;608;459;2416;4011;5246;363;366;2314;2877;1748;2880;906;984;2268;1857;1806;1371;938;5442;4054;2205;1369;2047;1337;1873;1939;665;666;1885;668;1415;1041;1623;1383;2333;2966,2981:180;6320:183.37311885414516;3549:189.01035885414515;6384:189.27219885414516;4032:192.49383885414517;1804:193.40975085414516;4811:195.09239085414515;5237:199.83287085414514;608:208.69895085414515;459:209.02871085414515;2416:211.24235085414514;4011:211.90647885414515;5246:217.83164685414516;363:224.74033485414517;366:226.14541485414517;2314:227.29028685414517;2877:240.46139085414518;1748:241.57991085414517;2880:242.74170285414516;906:254.96701485414516;984:257.73671085414514;2268:258.48457485414514;1857:258.87049485414514;1806:259.53267885414516;1371:260.2028548541452;938:262.78398285414517;5442:272.50463085414515;4054:280.14462285414515;2205:285.89706285414513;1369:292.34322285414515;2047:293.28627885414517;1337:294.24762285414516;1873:310.72503885414517;1939:311.0660308541452;665:311.5881028541452;666:312.45721485414515;1885:313.44303885414513;668:326.81343885414515;1415:327.4425028541452;1041:344.12901713985946;1623:348.5122742827166;1383:359.59770285414515;2333:399.75158856843086;2966:409.9869602780313
0,1,default_vehtype,boarding,True,409.9869602780313,439.9869602780313,2966;-1;-1,2966;-1;-1,0.0,0.8573874968426657,0.8573874968426657,0.0,,0,0;1,2,0;1,,,
0,2,default_vehtype,route,False,360.0,439.6718980994563,2982;-1;-1,2977;-1;-1,552.6256270192777,0.7724415914984484,0.7723863289357464,0.0,,0,,0,,,2982;2809;7010;820;7498;276;2915;2661;7517;6201;7314;7529;7535;2931;2929;2927;2802;2977,2982:360;2809:365.7009673454251;7010:368.60844734542513;820:370.5894073454251;7498:371.05740734542513;276:371.16900734542514;2915:382.51500734542515;2661:389.74836734542515;7517:397.06032734542515;6201:397.9214473454252;7314:404.8167673454252;7529:412.0322473454252;7535:417.09179020256806;2931:420.74321877399666;2929:424.39464734542526;2927:429.4541902025681;2802:436.6696702025681;2977:439.6718980994563
0,2,default_vehtype,boarding,True,439.6718980994563,469.6718980994563,2977;-1;-1,2977;-1;-1,0.0,0.7723863289357464,0.7723863289357464,0.0,,0,4,1,4,,,
0,2,default_vehtype,route,False,469.6718980994563,483.14884481359366,2977;-1;-1,2983;-1;-1,112.30788928447757,0.7723863289357464,0.772375098146818,0.0,,0,4,1,,,2977;6202;7315;2983,2977:469.6718980994563;6202:473.56499020256814;7315:480.46031020256817;2983:483.14884481359366
0,2,default_vehtype,boarding,True,483.14884481359366,513.1488448135937,2983;-1;-1,2983;-1;-1,0.0,0.772375098146818,0.772375098146818,0.0,,0,4,1,,4,,
0,4,default_vehtype,route,False,300.0,525.0145605330423,2978;-1;-1,2970;-1;-1,1875.1213377753527,0.9458865003910399,0.9456989882572624,0.0,,0,,0,,,2978;4103;4326;7286;4302;5102;7160;7294;2701;3076;4023;7300;3914;5398;5400;4040;4041;5374;5418;5424;5403;6546;1200;7312;4332;799;3653;3825;7127;3766;3988;553;7132;7191;3566;4337;7134;6667;6711;1807;1653;6829;4349;4937;669;5061;7265;3848;534;2839;3560;2970,2978:300;4103:302.6189566950277;4326:307.9101166950277;7286:308.8270366950277;4302:310.2388366950277;5102:321.3473566950277;7160:322.8025966950277;7294:331.5210766950277;2701:337.3231966950277;3076:338.1725566950277;4023:346.0455166950277;7300:347.1876766950277;3914:348.37135669502766;5398:349.5481966950277;5400:350.87479669502767;4040:360.17959669502767;4041:363.1239166950277;5374:367.3764766950277;5418:368.4137566950277;5424:368.5570366950277;5403:369.6623566950277;6546:373.8892366950277;1200:378.4983166950277;7312:379.9920766950277;4332:380.8077166950277;799:381.9886366950277;3653:386.58487669502773;3825:387.83347669502774;7127:431.3935966950277;3766:432.33079669502774;3988:436.0663966950277;553:436.5246766950277;7132:446.4035566950277;7191:454.3607566950277;3566:456.1899166950277;4337:460.6881166950277;7134:461.7881566950277;6667:469.7202766950277;6711:485.57983669502767;1807:487.5070366950277;1653:493.3109566950277;6829:494.0838766950277;4349:494.6327566950277;4937:499.0023166950277;669:509.30971669502765;5061:515.1180766950276;7265:515.9013166950276;3848:516.8759566950276;534:520.9209166950276;2839:522.2795566950276;3560:523.3551166950276;2970:525.0145605330423
0,4,default_vehtype,boarding,True,525.0145605330423,555.0145605330423,2970;-1;-1,2970;-1;-1,0.0,0.9456989882572624,0.9456989882572624,0,,0,2,1,2,,,
0,2,default_vehtype,route,False,513.1488448135937,611.2980000000001,2983;-1;-1,2982;-1;-1,700.0444836962449,0.772375098146818,0.7723050936984485,0.0,,0,,0,,,2983;7527;2802;2251;7515;7037;7512;3274;2902;3901;7011;7336;4365;7288;1182;1001;6296;6301;2298;2295;2293;4102;4325;7285;1218;2982,2983:513.1488448135937;7527:517.6757902025681;2802:524.8912702025681;2251:531.786590202568;7515:532.6477102025681;7037:539.9596702025681;7512:547.193030202568;3274:558.539030202568;2902:558.650630202568;3901:559.1186302025679;7011:561.0995902025679;7336:564.0070702025679;4365:571.588190202568;7288:572.7113902025679;1182:573.628310202568;1001:578.9194702025679;6296:581.278790202568;6301:586.2210759168537;2298:590.5030187739966;2295:594.7849616311395;2293:599.7272473454252;4102:602.0865673454252;4325:607.3777273454252;7285:608.2946473454252;1218:609.4178473454252;2982:611.2980000000001
0,2,default_vehtype,boarding,True,611.2980000000001,641.2980000000001,2982;-1;-1,2982;-1;-1,0.0,0.7723050936984485,0.7723050936984485,0.0,,0,3,1,3,,,
0,1,default_vehtype,route,False,439.9869602780313,718.9007892683087,2966;-1;-1,2988;-1;-1,2634.732771078846,0.8573874968426657,0.8571240235655578,0.0,,0,0;1,2,,,2966;2743;2631;2150;735;738;1096;3736;81;831;2413;1146;832;1880;1340;3638;3641;7177;5275;5297;5072;1464;2847;5825;4587;5794;3202;2065;2023;4203;4198;1071;1070;1069;1067;1504;4396;710;2281;4664;6260;3300;1832;708;6180;2405;6169;2744;2567;2576;3077;3241;88;2758;2742;2448;2353;6140;7386;3742;7100;6318;737;6639;2446;2301;1992;1990;1988;1985;3729;5498;5496;5699;5494;6307;374;7114;3246;5330;661;445;6080;7381;364;3029;69;30;3346;2832;2207;2988,2966:439.9869602780313;2743:447.8307885684309;2631:451.84221713985943;2150:468.77250285414516;735:479.25467428271656;738:485.42250285414514;1096:494.96147428271655;3736:495.22449028271654;81:499.07339428271655;831:509.91997828271656;2413:510.9076742827166;1146:511.72105828271657;832:512.5294742827166;1880:515.1271622827165;1340:526.6599782827166;3638:527.6464502827166;3641:528.7100342827166;7177:532.2884342827166;5275:536.7977222827166;5297:540.1765382827166;5072:540.4067942827166;1464:547.3473062827167;2847:548.4180182827166;5825:551.3166662827166;4587:553.5969782827166;5794:555.2171222827166;3202:559.3384742827166;2065:564.4827302827166;2023:570.0410582827166;4203:570.8418422827166;4198:571.8234902827165;1071:572.8260182827165;1070:587.2893062827166;1069:588.0275942827166;1067:590.6896502827166;1504:595.1434262827165;4396:595.3697222827166;710:595.9203782827166;2281:596.9260742827165;4664:600.8040662827165;6260:601.2499622827164;3300:601.8490742827164;1832:604.6392902827164;708:605.1783542827164;6180:605.6017862827165;2405:607.8241862827165;6169:611.3013062827165;2744:615.9018662827165;2567:617.7448262827164;2576:626.2333862827164;3077:628.3660262827165;3241:631.4949062827164;88:633.4217462827164;2758:635.3851862827164;2742:635.7916262827164;2448:638.9772662827164;2353:645.1781462827164;6140:650.3491862827163;7386:651.6916262827164;3742:659.3506262827163;7100:659.8902662827163;6318:660.3683462827163;737:661.2840662827163;6639:663.1332662827162;2446:664.7045462827163;2301:667.0015862827163;1992:668.0266262827163;1990:669.7235462827163;1988:672.1775462827162;1985:675.6993062827162;3729:678.0467462827162;5498:679.4441462827161;5496:682.3513862827161;5699:683.0488262827162;5494:684.1525862827161;6307:684.3694262827162;374:692.6704262827162;7114:694.8854342827162;3246:696.0232502827163;5330:696.7708262827163;661:697.7622662827163;445:700.7919542827162;6080:703.6153622827162;7381:704.0242502827163;364:704.4596342827163;3029:706.4838422827163;69:710.616127997002;30:714.7484137112876;3346:716.7726217112877;2832:717.2080057112877;2207:717.6168937112877;2988:718.9007892683087
0,3,default_vehtype,route,False,660.0,673.4769467141373,2977;-1;-1,2983;-1;-1,112.30788928447757,0.8229470565333281,0.8229358257443997,0.0,,0,,0,,,2977;6202;7315;2983,2977:660;6202:663.8930921031118;7315:670.7884121031118;2983:673.4769467141373
0,3,default_vehtype,boarding,True,673.4769467141373,703.4769467141373,2983;-1;-1,2983;-1;-1,0.0,0.8229358257443997,0.8229358257443997,0.0,,0,5,1,5,,,
0,1,default_vehtype,boarding,True,718.9007892683087,748.9007892683087,2988;-1;-1,2988;-1;-1,0.0,0.8571240235655578,0.8571240235655578,0.0,,0,0;1,2,,0,,
0,4,default_vehtype,route,False,555.0145605330423,726.6510436653198,2970;-1;-1,2987;-1;-1,1834.4631759372726,0.9456989882572624,0.9455155419396686,0.0,,0,2,1,,,2970;671;662;7398;3491;6933;7394;6989;7392;5704;7389;3806;2573;885;316;2042;1982;6306;374;7114;3246;5330;661;445;6080;7381;364;3029;3886;5711;6045;2157;4817;456;5901;7605;2830;1420;1084;7357;2826;2827;4225;2987,2970:555.0145605330423;671:556.0446766950276;662:578.4943966950276;7398:582.0136366950276;3491:588.3383566950275;6933:589.2501166950275;7394:594.6117166950274;6989:595.2060766950275;7392:604.4171566950275;5704:606.7822366950276;7389:621.3204766950275;3806:625.3848766950275;2573:626.4528766950275;885:627.0562366950275;316:633.8833966950275;2042:644.6218366950275;1982:645.3845566950274;6306:645.6013966950275;374:653.9023966950275;7114:656.1174046950275;3246:657.2552206950276;5330:658.0027966950275;661:658.9942366950276;445:662.0239246950275;6080:664.8473326950275;7381:665.2562206950275;364:665.6916046950275;3029:667.7158126950276;3886:668.2138366950276;5711:670.7534206950276;6045:672.1477006950275;2157:676.3362286950276;4817:676.8130126950275;456:677.4278926950275;5901:678.1834606950275;7605:681.6551566950275;2830:681.8845486950274;1420:693.5896606950274;1084:697.1246446950274;7357:701.7091726950274;2826:710.9184766950274;2827:720.1277806950274;4225:724.7123086950273;2987:726.6510436653198
0,4,default_vehtype,boarding,True,726.6510436653198,756.6510436653198,2987;-1;-1,2987;-1;-1,0.0,0.9455155419396686,0.9455155419396686,0.0,,0,2,1,,2,,
0,1,default_vehtype,route,False,748.9007892683087,786.328382400624,2988;-1;-1,2973;-1;-1,519.8276823932699,0.8571240235655578,0.8570720407973186,0.0,,0,1,1,,,2988;3447;6082;7383;364;3029;3886;5711;6045;2157;4817;456;5901;7605;2830;1420;1084;2973,2988:748.9007892683087;3447:750.4403017112877;6082:753.2637097112877;7383:753.6725977112877;364:754.1079817112877;3029:756.1321897112878;3886:756.6302137112878;5711:759.1697977112877;6045:760.5640777112877;2157:764.7526057112877;4817:765.2293897112877;456:765.8442697112877;5901:766.5998377112877;7605:770.0715337112877;2830:770.3009257112876;1420:782.0060377112876;1084:785.5410217112876;2973:786.328382400624
0,1,default_vehtype,boarding,True,786.328382400624,816.328382400624,2973;-1;-1,2973;-1;-1,0.0,0.8570720407973186,0.8570720407973186,0.0,,0,1,1,,1,,
0,2,default_vehtype,route,False,641.2980000000001,799.4373886097677,2982;-1;-1,2980;-1;-1,1274.3900625592084,0.7723050936984485,0.7721776546921926,0.0,,0,3,1,,,2982;2809;4365;7288;1182;1001;6296;1434;3820;3877;2787;4993;6537;7281;2307;3549;6384;4032;1804;4811;5237;608;459;2416;4011;5246;363;366;2314;2877;1748;1743;1157;2058;2092;915;2980,2982:641.2980000000001;2809:646.9989673454253;4365:654.5800873454253;7288:655.7032873454253;1182:656.6202073454253;1001:661.9113673454253;6296:664.2706873454254;1434:670.2297673454253;3820:675.3384073454254;3877:677.2462873454253;2787:686.0388073454253;4993:687.0878473454253;6537:692.8876873454253;7281:698.7228073454253;2307:702.2415673454253;3549:707.8788073454253;6384:708.1406473454254;4032:711.3622873454253;1804:712.2781993454254;4811:713.9608393454254;5237:718.7013193454254;608:727.5673993454254;459:727.8971593454254;2416:730.1107993454254;4011:730.7749273454255;5246:736.7000953454254;363:743.6087833454254;366:745.0138633454254;2314:746.1587353454254;2877:759.3298393454254;1748:760.4483593454254;1743:768.2027593454254;1157:772.9419022025683;2058:778.7317307739968;2092:782.1208736311396;915:787.239045059711;2980:799.4373886097677
0,2,default_vehtype,boarding,True,799.4373886097677,829.4373886097677,2980;-1;-1,2980;-1;-1,0.0,0.7721776546921926,0.7721776546921926,0.0,,0,3,1,,3,,
0,3,default_vehtype,route,False,703.4769467141373,781.2355214682768,2983;-1;-1,2985;-1;-1,660.4731749798569,0.8229358257443997,0.8228697784269018,0.0,,0,5,1,,,2983;7527;2803;7558;2806;4344;2996;3013;7322;2804;3061;1173;3425;4304;793;118;3979;2985,2983:703.4769467141373;7527:708.0038921031118;2803:715.5588521031118;7558:722.9538521031118;2806:730.7876921031118;4344:731.9906921031118;2996:734.0341721031118;3013:738.8192921031118;7322:742.8299321031118;2804:746.1566921031118;3061:752.8247321031118;1173:758.4230921031118;3425:759.6060521031118;4304:761.0083721031118;793:773.1239321031118;118:778.9882121031118;3979:780.8387561031118;2985:781.2355214682768
0,3,default_vehtype,boarding,True,781.2355214682768,811.2355214682768,2985;-1;-1,2985;-1;-1,0.0,0.8228697784269018,0.8228697784269018,0.0,,0,5,1,,5,,
0,1,default_vehtype,route,False,900.0,1013.2370619400033,2973;-1;-1,2976;-1;-1,1289.1591567814912,0.8570720407973186,0.8569431248816405,0.0,,0,,0,,,2973;7354;3525;6025;3063;6027;7362;2188;2186;5744;6033;5746;6031;146;2828;2376;3091;4274;880;3109;3874;4306;429;4313;68;7318;7325;3011;4;4345;7330;2976,2973:900;7354:903.7971673106636;3525:914.6760073106635;6025:916.4174713106635;3063:917.6821513106635;6027:918.9841273106634;7362:922.9923673106634;2188:929.6555353106635;2186:930.9318073106634;5744:932.9472313106635;6033:934.3166713106635;5746:936.2400793106635;6031:937.7317033106635;146:938.6928313106636;2828:939.7846393106636;2376:945.2865193106636;3091:958.6082473106636;4274:959.7511753106636;880:960.3425113106636;3109:962.1930553106636;3874:968.0573353106636;4306:980.1728953106635;429:981.5752153106636;4313:982.7581753106635;68:988.3565353106635;7318:995.0245753106635;7325:998.3513353106636;3011:1002.3619753106635;4:1007.1470953106635;4345:1009.1905753106636;7330:1010.3935753106636;2976:1013.2370619400033
0,3,default_vehtype,route,False,900.0,983.8384785317231,2985;-1;-1,2977;-1;-1,713.3009357356655,0.8228697784269018,0.8227984483333283,0.0,,0,,0,,,2985;1140;880;3109;3874;4306;429;4313;68;7318;7325;3011;4;4345;7330;7562;7316;7531;2802;2977,2985:900;1140:900.194570634835;880:900.785906634835;3109:902.636450634835;3874:908.500730634835;4306:920.616290634835;429:922.018610634835;4313:923.201570634835;68:928.7999306348349;7318:935.467970634835;7325:938.794730634835;3011:942.805370634835;4:947.590490634835;4345:949.633970634835;7330:950.836970634835;7562:958.670810634835;7316:966.065810634835;7531:973.620770634835;2802:980.836250634835;2977:983.8384785317231
0,3,default_vehtype,boarding,True,983.8384785317231,1013.8384785317231,2977;-1;-1,2977;-1;-1,0.0,0.8227984483333283,0.8227984483333283,0.0,,0,8;10,2,8;10,,,
0,1,default_vehtype,boarding,True,1013.2370619400033,1043.2370619400033,2976;-1;-1,2976;-1;-1,0.0,0.8569431248816405,0.8569431248816405,0.0,,0,9,1,9,,,
0,4,default_vehtype,route,False,840.0,1060.5887410478058,2987;-1;-1,2993;-1;-1,2598.5398478861994,0.9455155419396686,0.94525568795488,0.0,,0,,0,,,2987;4613;7368;7606;5900;3459;4818;5992;6047;5708;3884;3030;3347;7376;2207;3446;3720;5332;251;2711;3358;2296;5495;5697;5497;5500;670;5502;5512;5520;5531;6313;6632;6644;3793;6319;7102;3741;7384;6414;5446;2447;2571;42;2577;2566;3033;3036;2469;2404;2235;3762;5287;310;2280;1447;6261;3764;4397;4745;4182;4187;4191;4195;4202;4208;537;18;5629;1068;2559;6740;1717;2067;2063;1937;6789;3895;5465;7450;2993,2987:840;4613:841.5962490297076;7368:853.3013610297076;7606:853.5307530297075;5900:857.0024490297075;3459:857.7580170297075;4818:858.3728970297075;5992:858.8496810297074;6047:863.0382090297074;5708:864.4324890297074;3884:866.9720730297074;3030:867.4700970297074;3347:869.4943050297074;7376:869.9296890297074;2207:870.3385770297075;3446:873.1619850297075;3720:876.1916730297074;5332:877.1831130297074;251:877.9306890297074;2711:879.0685050297075;3358:881.2835130297075;2296:889.5845130297075;5495:889.8013530297076;5697:890.9051130297075;5497:891.6025530297076;5500:894.5097930297076;670:895.9071930297075;5502:898.2546330297075;5512:901.7763930297075;5520:904.2303930297074;5531:905.9273130297074;6313:906.9523530297074;6632:909.2493930297074;6644:910.8206730297075;3793:912.6698730297074;6319:913.5855930297074;7102:914.0636730297074;3741:914.6033130297074;7384:922.2623130297073;6414:927.4694730297074;5446:929.7372330297073;2447:933.6733530297073;2571:941.2622730297073;42:945.9302730297073;2577:946.6027530297073;2566:955.2018330297072;3033:955.8327930297072;3036:958.1023530297072;2469:961.6946730297071;2404:965.0181930297072;2235:966.3015930297072;3762:966.7250250297072;5287:967.2640890297073;310:970.0543050297073;2280:970.6534170297073;1447:971.0993130297072;6261:974.9773050297072;3764:975.9830010297071;4397:976.5336570297071;4745:976.7599530297072;4182:981.2137290297071;4187:983.8757850297071;4191:984.6140730297071;4195:999.0773610297072;4202:1000.0798890297071;4208:1001.0615370297071;537:1002.015537029707;18:1007.883105029707;5629:1013.732529029707;1068:1016.2849290297071;2559:1023.3355290297071;6740:1027.806153029707;1717:1033.639881029707;2067:1034.377665029707;2063:1035.093921029707;1937:1038.363873029707;6789:1048.900281029707;3895:1050.167265029707;5465:1057.699185029707;7450:1058.683425029707;2993:1060.5887410478058
0,2,default_vehtype,route,False,840.0,1120.0016795881152,2980;-1;-1,2966;-1;-1,1989.2821103102237,0.7721776546921926,0.7719787264811616,0.0,,0,,0,,,2980;914;2135;1730;2664;2579;2961;2407;2581;370;361;2874;1887;1805;363;366;2314;2877;1748;2880;906;984;2268;1857;1806;1371;938;5442;4054;2205;1369;2047;1337;1873;1939;665;666;1885;668;1415;1041;1623;1383;2333;2966,2980:840;914:855.8821707356576;2135:863.8330278785147;1730:879.2893707356576;2664:881.1114850213719;2579:885.9874278785147;2961:902.7582850213719;2407:908.0070850213718;2581:916.494342164229;370:918.077190164229;361:920.5742941642291;2874:921.160302164229;1887:926.8156861642291;1805:927.846366164229;363:934.755054164229;366:936.160134164229;2314:937.305006164229;2877:950.476110164229;1748:951.594630164229;2880:952.756422164229;906:964.981734164229;984:967.751430164229;2268:968.499294164229;1857:968.8852141642291;1806:969.5473981642291;1371:970.2175741642291;938:972.7987021642291;5442:982.5193501642291;4054:990.1593421642291;2205:995.9117821642291;1369:1002.357942164229;2047:1003.300998164229;1337:1004.262342164229;1873:1020.739758164229;1939:1021.080750164229;665:1021.602822164229;666:1022.471934164229;1885:1023.457758164229;668:1036.8281581642289;1415:1037.4572221642288;1041:1054.1437364499432;1623:1058.5269935928004;1383:1069.612422164229;2333:1109.7663078785147;2966:1120.0016795881152
0,3,default_vehtype,route,False,1013.8384785317231,1125.7830380172325,2977;-1;-1,2986;-1;-1,1060.4065922814566,0.8227984483333283,0.8226924076741001,0.0,,0,8;10,2,,,2977;6202;7315;7530;2803;7558;2806;4344;2996;3013;7322;2804;3061;1173;3425;4304;793;118;3979;4275;103;6480;7360;2986,2977:1013.8384785317231;6202:1017.731570634835;7315:1024.626890634835;7530:1031.842370634835;2803:1039.397330634835;7558:1046.792330634835;2806:1054.626170634835;4344:1055.829170634835;2996:1057.872650634835;3013:1062.657770634835;7322:1066.668410634835;2804:1069.995170634835;3061:1076.663210634835;1173:1082.261570634835;3425:1083.444530634835;4304:1084.846850634835;793:1096.962410634835;118:1102.826690634835;3979:1104.6772346348348;4275:1105.2685706348348;103:1106.4114986348347;6480:1119.7332266348346;7360:1125.2351066348347;2986:1125.7830380172325
0,4,default_vehtype,boarding,True,1060.5887410478058,1090.5887410478058,2993;-1;-1,2993;-1;-1,0.0,0.94525568795488,0.94525568795488,0.0,,0,6,1,6,,,
0,1,default_vehtype,route,False,1043.2370619400033,1156.7995851080957,2976;-1;-1,2982;-1;-1,828.4892168769599,0.8569431248816405,0.8568602759599527,0.0,,0,9,1,,,2976;7557;7316;7531;2802;2251;7515;7037;7512;3274;2902;3901;7011;7336;4365;7288;1182;1001;6296;6301;2298;2295;2293;4102;4325;7285;1218;2982,2976:1043.2370619400033;7557:1048.2274153106637;7316:1055.6224153106637;7531:1063.1773753106636;2802:1070.3928553106637;2251:1077.2881753106637;7515:1078.1492953106638;7037:1085.4612553106638;7512:1092.6946153106637;3274:1104.0406153106637;2902:1104.1522153106637;3901:1104.6202153106638;7011:1106.6011753106638;7336:1109.508655310664;4365:1117.089775310664;7288:1118.212975310664;1182:1119.1298953106639;1001:1124.4210553106639;6296:1126.7803753106639;6301:1131.7226610249495;2298:1136.0046038820924;2295:1140.2865467392353;2293:1145.228832453521;4102:1147.588152453521;4325:1152.879312453521;7285:1153.7962324535208;1218:1154.9194324535208;2982:1156.7995851080957
0,1,default_vehtype,boarding,True,1156.7995851080957,1186.7995851080957,2982;-1;-1,2982;-1;-1,0.0,0.8568602759599527,0.8568602759599527,0.0,,0,9,1,,9,,
0,2,default_vehtype,boarding,True,1120.0016795881152,1150.0016795881152,2966;-1;-1,2966;-1;-1,0.0,0.7719787264811616,0.7719787264811616,0.0,,0,7,1,7,,,
0,3,default_vehtype,boarding,True,1125.7830380172325,1155.7830380172325,2986;-1;-1,2986;-1;-1,0.0,0.8226924076741001,0.8226924076741001,0.0,,0,8;10,2,,8,,
0,2,default_vehtype,route,False,1150.0016795881152,1253.091859729454,2966;-1;-1,2967;-1;-1,889.10574341502,0.7719787264811616,0.7718898159068202,0.0,,0,7,1,,,2966;2743;2631;2150;735;738;2470;734;1815;739;1724;1962;1910;164;1354;197;1311;7;1963;1308;482;7613;2611;1307;2876;1960;2967,2966:1150.0016795881152;2743:1157.8455078785148;2631:1161.8569364499433;2150:1178.787222164229;735:1189.2693935928005;738:1195.437222164229;2470:1196.386902164229;734:1196.595774164229;1815:1197.603990164229;739:1198.4445181642288;1724:1214.9022061642288;1962:1215.9590221642288;1910:1216.7812621642288;164:1217.7324541642288;1354:1218.6889741642287;197:1220.8982221642286;1311:1232.4329821642286;7:1236.1279501642287;1963:1236.5364061642285;1308:1236.8976301642285;482:1241.4522781642286;7613:1242.7764301642285;2611:1246.6727821642285;1307:1247.9885101642285;2876:1250.6552461642284;1960:1251.6394861642284;2967:1253.091859729454
0,1,default_vehtype,route,False,1186.7995851080957,1266.4714832075522,2982;-1;-1,2977;-1;-1,552.6256270192777,0.8568602759599527,0.8568050133972507,0.0,,0,,0,,,2982;2809;7010;820;7498;276;2915;2661;7517;6201;7314;7529;7535;2931;2929;2927;2802;2977,2982:1186.7995851080957;2809:1192.5005524535209;7010:1195.408032453521;820:1197.388992453521;7498:1197.8569924535211;276:1197.968592453521;2915:1209.314592453521;2661:1216.547952453521;7517:1223.859912453521;6201:1224.721032453521;7314:1231.6163524535211;7529:1238.8318324535212;7535:1243.891375310664;2931:1247.5428038820926;2929:1251.1942324535212;2927:1256.253775310664;2802:1263.469255310664;2977:1266.4714832075522
0,1,default_vehtype,boarding,True,1266.4714832075522,1296.4714832075522,2977;-1;-1,2977;-1;-1,0.0,0.8568050133972507,0.8568050133972507,0.0,,0,11,1,11,,,
0,2,default_vehtype,boarding,True,1253.091859729454,1283.091859729454,2967;-1;-1,2967;-1;-1,0.0,0.7718898159068202,0.7718898159068202,0.0,,0,7,1,,7,,
0,2,default_vehtype,route,False,1283.091859729454,1311.631014629283,2967;-1;-1,2992;-1;-1,396.3771513865149,0.7718898159068202,0.7718501781916816,0.0,,0,,0,,,2967;3896;6788;5444;1716;2720;4210;2067;2063;1937;2992,2967:1283.091859729454;3896:1289.1714061642285;6788:1290.4383901642286;5444:1300.9747981642286;1716:1303.7651581642285;2720:1304.5117981642286;4210:1305.4100701642285;2067:1306.3106461642285;2063:1307.0269021642284;1937:1310.2968541642285;2992:1311.631014629283
0,4,default_vehtype,route,False,1090.5887410478058,1299.3130360152993,2993;-1;-1,2988;-1;-1,2316.5181602628086,0.94525568795488,0.9450240361388538,0.0,,0,6,1,,,2993;4483;7446;1960;816;6786;5444;1716;2720;4210;1711;98;2497;7434;2760;542;1074;1071;1070;1069;1067;1504;4396;710;2281;4664;6260;3300;1832;708;6180;2405;6169;2744;2567;2576;3077;3241;88;2758;2742;2448;2353;6140;7386;3742;7100;6318;737;6639;2446;2301;1992;1990;1988;1985;3729;5498;5496;5699;5494;6307;374;7114;3246;5330;661;445;6080;7381;364;3029;69;30;3346;2832;2207;2988,2993:1090.5887410478058;4483:1091.350161029707;7446:1094.0168970297068;1960:1095.0011370297068;816:1102.5330570297067;6786:1103.8000410297068;5444:1114.3364490297067;1716:1117.1268090297067;2720:1117.8734490297068;4210:1118.7717210297067;1711:1119.9014010297067;98:1128.5172090297067;2497:1130.0278410297067;7434:1137.2356890297067;2760:1143.7742250297067;542:1151.3023290297067;1074:1152.2357370297068;1071:1153.2382650297068;1070:1167.7015530297067;1069:1168.4398410297067;1067:1171.1018970297066;1504:1175.5556730297067;4396:1175.7819690297067;710:1176.3326250297066;2281:1177.3383210297065;4664:1181.2163130297065;6260:1181.6622090297064;3300:1182.2613210297066;1832:1185.0515370297067;708:1185.5906010297067;6180:1186.0140330297068;2405:1188.2364330297069;6169:1191.7135530297069;2744:1196.314113029707;2567:1198.157073029707;2576:1206.645633029707;3077:1208.778273029707;3241:1211.907153029707;88:1213.833993029707;2758:1215.797433029707;2742:1216.203873029707;2448:1219.389513029707;2353:1225.590393029707;6140:1230.761433029707;7386:1232.1038730297068;3742:1239.762873029707;7100:1240.302513029707;6318:1240.780593029707;737:1241.696313029707;6639:1243.545513029707;2446:1245.116793029707;2301:1247.413833029707;1992:1248.4388730297069;1990:1250.135793029707;1988:1252.589793029707;1985:1256.111553029707;3729:1258.458993029707;5498:1259.856393029707;5496:1262.763633029707;5699:1263.461073029707;5494:1264.564833029707;6307:1264.781673029707;374:1273.082673029707;7114:1275.2976810297068;3246:1276.4354970297068;5330:1277.1830730297067;661:1278.1745130297068;445:1281.2042010297068;6080:1284.0276090297068;7381:1284.4364970297067;364:1284.8718810297069;3029:1286.896089029707;69:1291.0283747439926;30:1295.1606604582782;3346:1297.1848684582783;2832:1297.6202524582784;2207:1298.0291404582783;2988:1299.3130360152993
0,2,default_vehtype,boarding,True,1311.631014629283,1341.631014629283,2992;-1;-1,2992;-1;-1,0.0,0.7718501781916816,0.7718501781916816,0.0,,0,12,1,12,,,
0,3,default_vehtype,route,False,1155.7830380172325,1345.299165704207,2986;-1;-1,2991;-1;-1,2166.975773430211,0.8226924076741001,0.8224757100967571,0.0,,0,10,1,,,2986;3155;6029;5745;6035;5743;6038;6041;7365;6050;6068;6077;3629;4502;6912;2108;7370;7608;5900;3459;4818;5992;6047;5708;3884;3030;3347;7376;2207;3446;3720;5332;251;2711;3358;2296;5495;5697;5497;5500;670;5502;5512;5520;5531;6313;6632;6644;3793;6319;7102;3741;7384;6414;5446;2447;2571;42;2577;2566;3033;3036;2469;2404;2235;3762;5287;310;2280;1447;6261;3764;4397;4745;4182;4187;4191;4195;4202;4208;537;2991,2986:1155.7830380172325;3155:1156.3269146348346;6029:1157.2880426348345;5745:1158.7796666348345;6035:1160.7030746348346;5743:1162.0725146348345;6038:1164.0879386348345;6041:1165.3642106348345;7365:1172.0273786348346;6050:1174.3009226348345;6068:1178.5272506348344;6077:1179.1729466348345;3629:1180.7302346348345;4502:1181.1931226348345;6912:1186.3415546348344;2108:1188.2379626348345;7370:1194.7646906348346;7608:1194.9940826348345;5900:1198.4657786348346;3459:1199.2213466348346;4818:1199.8362266348347;5992:1200.3130106348347;6047:1204.5015386348346;5708:1205.8958186348345;3884:1208.4354026348346;3030:1208.9334266348346;3347:1210.9576346348347;7376:1211.3930186348348;2207:1211.8019066348347;3446:1214.6253146348347;3720:1217.6550026348348;5332:1218.6464426348348;251:1219.3940186348348;2711:1220.5318346348347;3358:1222.7468426348346;2296:1231.0478426348345;5495:1231.2646826348346;5697:1232.3684426348345;5497:1233.0658826348345;5500:1235.9731226348345;670:1237.3705226348345;5502:1239.7179626348345;5512:1243.2397226348346;5520:1245.6937226348346;5531:1247.3906426348346;6313:1248.4156826348346;6632:1250.7127226348346;6644:1252.2840026348345;3793:1254.1332026348346;6319:1255.0489226348345;7102:1255.5270026348346;3741:1256.0666426348346;7384:1263.7256426348347;6414:1268.9328026348346;5446:1271.2005626348346;2447:1275.1366826348346;2571:1282.7256026348346;42:1287.3936026348345;2577:1288.0660826348344;2566:1296.6651626348344;3033:1297.2961226348343;3036:1299.5656826348343;2469:1303.1580026348342;2404:1306.4815226348342;2235:1307.7649226348342;3762:1308.1883546348342;5287:1308.7274186348343;310:1311.5176346348344;2280:1312.1167466348345;1447:1312.5626426348344;6261:1316.4406346348344;3764:1317.4463306348343;4397:1317.9969866348342;4745:1318.2232826348343;4182:1322.6770586348343;4187:1325.3391146348342;4191:1326.0774026348342;4195:1340.5406906348342;4202:1341.5432186348341;4208:1342.524866634834;537:1343.478866634834;2991:1345.299165704207
0,3,default_vehtype,boarding,True,1345.299165704207,1375.299165704207,2991;-1;-1,2991;-1;-1,0.0,0.8224757100967571,0.8224757100967571,0.0,,0,10,1,,10,,
0,4,default_vehtype,boarding,True,1299.3130360152993,1329.3130360152993,2988;-1;-1,2988;-1;-1,0.0,0.9450240361388538,0.9450240361388538,0.0,,0,6,1,,6,,
0,1,default_vehtype,route,False,1296.4714832075522,1410.043408456519,2977;-1;-1,2981;-1;-1,969.4191104080555,0.8568050133972507,0.8567080714862099,0.0,,0,11,1,,,2977;6202;7516;7037;7512;3274;2902;3901;7011;7336;4365;7288;4302;5102;7160;7294;2701;3076;4023;7300;1891;827;6499;1803;1141;5241;922;6385;3550;2981,2977:1296.4714832075522;6202:1300.364575310664;7516:1301.225695310664;7037:1308.537655310664;7512:1315.7710153106639;3274:1327.1170153106639;2902:1327.2286153106638;3901:1327.696615310664;7011:1329.677575310664;7336:1332.585055310664;4365:1340.1661753106641;7288:1341.2893753106641;4302:1342.7011753106642;5102:1353.8096953106642;7160:1355.2649353106642;7294:1363.9834153106642;2701:1369.7855353106643;3076:1370.6348953106642;4023:1378.5078553106641;7300:1379.6500153106642;1891:1379.9039353106643;827:1380.9697753106643;6499:1390.3246153106643;1803:1396.2871753106642;1141:1401.7918153106643;5241:1403.3798953106643;922:1404.2958073106643;6385:1407.5174473106642;3550:1407.7792873106641;2981:1410.043408456519
0,3,default_vehtype,route,False,1375.299165704207,1432.052070652933,2991;-1;-1,2993;-1;-1,788.2347909545251,0.8224757100967571,0.8223968866176616,0.0,,0,,0,,,2991;3010;5631;1068;2559;6740;1717;2067;2063;1937;6789;3895;5465;7450;2993,2991:1375.299165704207;3010:1379.3464346348342;5631:1385.1958586348342;1068:1387.7482586348342;2559:1394.7988586348342;6740:1399.2694826348343;1717:1405.1032106348343;2067:1405.8409946348343;2063:1406.5572506348342;1937:1409.8272026348343;6789:1420.3636106348342;3895:1421.6305946348343;5465:1429.1625146348342;7450:1430.1467546348342;2993:1432.052070652933
0,4,default_vehtype,route,False,1329.3130360152993,1395.479667428571,2988;-1;-1,2987;-1;-1,918.9809918509917,0.9450240361388538,0.9449321380396687,0.0,,0,,0,,,2988;3447;6082;7383;364;3029;3886;5711;6045;2157;4817;456;5901;7605;2830;1420;1084;7357;2826;2827;4225;2987,2988:1329.3130360152993;3447:1330.8525484582783;6082:1333.6759564582783;7383:1334.0848444582782;364:1334.5202284582783;3029:1336.5444364582784;3886:1337.0424604582784;5711:1339.5820444582785;6045:1340.9763244582784;2157:1345.1648524582783;4817:1345.6416364582783;456:1346.2565164582784;5901:1347.0120844582784;7605:1350.4837804582785;2830:1350.7131724582784;1420:1362.4182844582785;1084:1365.9532684582784;7357:1370.5377964582785;2826:1379.7471004582785;2827:1388.9564044582785;4225:1393.5409324582786;2987:1395.479667428571
0,4,default_vehtype,boarding,True,1395.479667428571,1425.479667428571,2987;-1;-1,2987;-1;-1,0.0,0.9449321380396687,0.9449321380396687,0.0,,0,13,1,13,,,
0,1,default_vehtype,boarding,True,1410.043408456519,1440.043408456519,2981;-1;-1,2981;-1;-1,0.0,0.8567080714862099,0.8567080714862099,0,,0,11,1,,11,,
0,3,default_vehtype,boarding,True,1432.052070652933,1462.052070652933,2993;-1;-1,2993;-1;-1,0.0,0.8223968866176616,0.8223968866176616,0,,0,15,1,15,,,
0,2,default_vehtype,route,False,1341.631014629283,1539.6941074285717,2992;-1;-1,2980;-1;-1,2377.7959948882403,0.7718501781916816,0.7716123985921927,0.0,,0,12,1,,,2992;2526;5444;1716;2720;4210;1711;98;2497;7434;2760;542;1074;4204;5649;5760;205;5793;1407;5826;7411;4686;5074;5295;5274;7181;604;603;602;3851;4573;1400;971;598;1368;591;585;940;1370;939;1903;983;3921;840;2881;5099;1157;2058;2092;915;2980,2992:1341.631014629283;2526:1350.8332621642285;5444:1361.3696701642284;1716:1364.1600301642284;2720:1364.9066701642284;4210:1365.8049421642284;1711:1366.9346221642284;98:1375.5504301642284;2497:1377.0610621642284;7434:1384.2689101642284;2760:1390.8074461642284;542:1398.3355501642284;1074:1399.2689581642285;4204:1400.2506061642284;5649:1401.0513901642285;5760:1406.6097181642285;205:1411.7539741642286;5793:1415.8753261642285;1407:1417.4954701642284;5826:1419.7757821642285;7411:1422.6744301642286;4686:1423.7451421642286;5074:1430.6856541642285;5295:1430.9159101642285;5274:1434.2947261642285;7181:1438.8040141642284;604:1442.3824141642285;603:1443.4459981642285;602:1444.2991261642285;3851:1445.3025181642286;4573:1449.6088381642285;1400:1451.3415181642285;971:1455.1399501642286;598:1456.2072061642286;1368:1457.1675421642287;591:1463.0384941642287;585:1476.2097421642288;940:1482.7896061642289;1370:1489.816230164229;939:1490.512902164229;1903:1491.334494164229;983:1492.317006164229;3921:1496.1151501642291;840:1500.6759901642292;2881:1507.3066141642291;5099:1508.459478164229;1157:1513.198621021372;2058:1518.9884495928006;2092:1522.3775924499434;915:1527.495763878515;2980:1539.6941074285717
0,3,default_vehtype,route,False,1462.052070652933,1525.8485116828876,2993;-1;-1,2969;-1;-1,886.0616809715947,0.8223968866176616,0.8223082804495644,0.0,,0,15,1,,,2993;4483;7446;1960;816;6786;5444;1716;2720;4210;1711;98;2497;7434;2760;542;1074;336;2969,2993:1462.052070652933;4483:1462.8134906348341;7446:1465.480226634834;1960:1466.464466634834;816:1473.996386634834;6786:1475.263370634834;5444:1485.799778634834;1716:1488.590138634834;2720:1489.336778634834;4210:1490.235050634834;1711:1491.364730634834;98:1499.980538634834;2497:1501.491170634834;7434:1508.699018634834;2760:1515.237554634834;542:1522.765658634834;1074:1523.699066634834;336:1524.722186634834;2969:1525.8485116828876
0,3,default_vehtype,boarding,True,1525.8485116828876,1555.8485116828876,2969;-1;-1,2969;-1;-1,0.0,0.8223082804495644,0.8223082804495644,0.0,,0,15,1,,15,,
0,4,default_vehtype,route,False,1425.479667428571,1552.905461495131,2987;-1;-1,2984;-1;-1,1389.2919531006644,0.9449321380396687,0.9447932088443586,0.0,,0,13,1,,,2987;4613;1084;7357;3525;6025;3063;6027;7362;2188;2186;5744;6033;5746;6031;146;2828;2376;3091;4274;880;3109;3874;4306;429;4313;68;7318;7325;3011;4;4345;1199;1204;2996;2984,2987:1425.479667428571;4613:1427.0759164582787;1084:1430.6109004582786;7357:1435.1954284582787;3525:1446.0742684582788;6025:1447.8157324582787;3063:1449.0804124582787;6027:1450.3823884582787;7362:1454.3906284582786;2188:1461.0537964582786;2186:1462.3300684582787;5744:1464.3454924582786;6033:1465.7149324582786;5746:1467.6383404582787;6031:1469.1299644582787;146:1470.0910924582786;2828:1471.1829004582785;2376:1476.6847804582785;3091:1490.0065084582784;4274:1491.1494364582784;880:1491.7407724582783;3109:1493.5913164582782;3874:1499.4555964582783;4306:1511.5711564582782;429:1512.9734764582781;4313:1514.1564364582782;68:1519.7547964582782;7318:1526.4228364582782;7325:1529.7495964582781;3011:1533.760236458278;4:1538.545356458278;4345:1540.5888364582781;1199:1544.579179315421;1204:1548.569522172564;2996:1550.613002172564;2984:1552.905461495131
0,1,default_vehtype,route,False,1440.043408456519,1572.6300580646953,2981;-1;-1,2977;-1;-1,993.5818895919446,0.8567080714862099,0.8566087132972506,0.0,,0,,0,,,2981;6320;7278;2411;1661;7283;796;751;4635;6299;4102;4325;7285;1218;7334;7010;820;7498;276;2915;2661;7517;6201;7314;7529;7535;2931;2929;2927;2802;2977,2981:1440.043408456519;6320:1443.4165273106642;7278:1446.935287310664;2411:1452.770407310664;1661:1458.570247310664;7283:1459.619287310664;796:1468.411807310664;751:1470.319687310664;4635:1475.428327310664;6299:1481.387407310664;4102:1483.746727310664;4325:1489.037887310664;7285:1489.954807310664;1218:1491.078007310664;7334:1498.659127310664;7010:1501.566607310664;820:1503.5475673106641;7498:1504.0155673106642;276:1504.1271673106642;2915:1515.4731673106642;2661:1522.7065273106641;7517:1530.018487310664;6201:1530.8796073106641;7314:1537.7749273106642;7529:1544.9904073106643;7535:1550.049950167807;2931:1553.7013787392357;2929:1557.3528073106643;2927:1562.412350167807;2802:1569.6278301678071;2977:1572.6300580646953
0,1,default_vehtype,boarding,True,1572.6300580646953,1602.6300580646953,2977;-1;-1,2977;-1;-1,0.0,0.8566087132972506,0.8566087132972506,0.0,,0,16,1,16,,,
0,2,default_vehtype,boarding,True,1539.6941074285717,1569.6941074285717,2980;-1;-1,2980;-1;-1,0.0,0.7716123985921927,0.7716123985921927,0.0,,0,12,1,,12,,
0,4,default_vehtype,boarding,True,1552.905461495131,1582.905461495131,2984;-1;-1,2984;-1;-1,0.0,0.9447932088443586,0.9447932088443586,0.0,,0,13;17,2,17,13,,
0,1,default_vehtype,route,False,1602.6300580646953,1620.0,2977;-1;-1,7037;7512;0.733,144.74951612754006,0.8566087132972506,0.8565942383456379,0.0,,0,16,1,,,2977;6202;7516;7037,2977:1602.6300580646953;6202:1606.523150167807;7516:1607.384270167807;7037:1614.696230167807
0,1,default_vehtype,route,False,1620,1651.0370734727794,7037;7512;0.733,2978;-1;-1,258.6422789398278,0.8565942383456379,0.8565683741177439,0.0,,0,16,1,,,7037;7512;3274;2902;3901;7011;7336;4365;7288;1182;2978,7037:1620;7512:1621.929590167807;3274:1633.275590167807;2902:1633.387190167807;3901:1633.855190167807;7011:1635.836150167807;7336:1638.7436301678072;4365:1646.3247501678072;7288:1647.4479501678072;1182:1648.364870167807;2978:1651.0370734727794
0,1,default_vehtype,boarding,True,1651.0370734727794,1681.0370734727794,2978;-1;-1,2978;-1;-1,0.0,0.8565683741177439,0.8565683741177439,0.0,,0,16;21,2,21,,,
0,1,default_vehtype,route,False,1681.0370734727794,1718.4625346030084,2978;-1;-1,2979;-1;-1,311.87884275190765,0.8565683741177439,0.8565371862334688,0.0,,0,16;21,2,,,2978;4103;6297;1434;3820;3877;2787;4993;6537;2979,2978:1681.0370734727794;4103:1683.656030167807;6297:1686.0153501678071;1434:1691.9744301678072;3820:1697.0830701678071;3877:1698.9909501678071;2787:1707.783470167807;4993:1708.8325101678072;6537:1714.632350167807;2979:1718.4625346030084
0,2,default_vehtype,route,False,1569.6941074285717,1688.142738738655,2980;-1;-1,2981;-1;-1,632.2576748681245,0.7716123985921927,0.7715491728247058,0.0,,0,,0,,,2980;914;2135;1730;2664;2579;2961;2407;2581;370;361;2874;1887;4059;910;6541;3462;3648;2851;2850;1801;1560;5242;922;6385;3550;2981,2980:1569.6941074285717;914:1585.5762781642293;2135:1593.5271353070864;1730:1608.9834781642292;2664:1610.8055924499433;2579:1615.6815353070863;2961:1632.4523924499433;2407:1637.7011924499434;2581:1646.1884495928005;370:1647.7712975928005;361:1650.2684015928005;2874:1650.8544095928005;1887:1656.5097935928004;4059:1658.4290975928004;910:1662.9452975928004;6541:1663.6094255928003;3462:1665.8230655928003;3648:1666.1528255928004;2851:1670.8270655928004;2850:1671.7604255928004;1801:1675.0561055928003;1560:1679.7965855928003;5242:1681.4792255928003;922:1682.3951375928002;6385:1685.6167775928002;3550:1685.8786175928;2981:1688.142738738655
0,2,default_vehtype,boarding,True,1688.142738738655,1718.142738738655,2981;-1;-1,2981;-1;-1,0.0,0.7715491728247058,0.7715491728247058,0.0,,0,20,1,20,,,
0,1,default_vehtype,boarding,True,1718.4625346030084,1748.4625346030084,2979;-1;-1,2979;-1;-1,0.0,0.8565371862334688,0.8565371862334688,0.0,,0,16;21,2,,16;21,,
0,2,default_vehtype,route,False,1718.142738738655,1754.3219791708589,2981;-1;-1,2979;-1;-1,176.13052741122,0.7715491728247058,0.7715315597719646,0.0,,0,20,1,,,2981;6320;7278;2411;6281;2286;2287;6538;2979,2981:1718.142738738655;6320:1721.5158575928;7278:1725.0346175928;2411:1730.8697375928;6281:1735.9138518785144;2286:1740.6807661642288;2287:1745.4476804499432;6538:1750.4917947356575;2979:1754.3219791708589
0,2,default_vehtype,boarding,True,1754.3219791708589,1784.3219791708589,2979;-1;-1,2979;-1;-1,0.0,0.7715315597719646,0.7715315597719646,0.0,,0,20,1,,20,,
0,3,default_vehtype,route,False,1680.0,1771.2954359457435,2969;-1;-1,2967;-1;-1,1125.588451627387,0.8223082804495644,0.8221957216044017,0.0,,0,,0,,,2969;7192;1664;337;1075;537;18;5629;1068;2559;6740;1717;2067;2063;1937;6789;3895;5465;7450;1719;3469;470;469;5079;7447;1960;2967,2969:1680;7192:1683.6036429519463;1664:1686.8575389519463;337:1694.6177709519463;1075:1695.6416109519464;537:1696.5956109519464;18:1702.4631789519462;5629:1708.3126029519462;1068:1710.8650029519463;2559:1717.9156029519463;6740:1722.3862269519464;1717:1728.2199549519464;2067:1728.9577389519463;2063:1729.6739949519463;1937:1732.9439469519464;6789:1743.4803549519463;3895:1744.7473389519464;5465:1752.2792589519463;7450:1753.2634989519463;1719:1754.0801229519464;3469:1755.1000749519465;470:1761.0611606662321;469:1767.0222463805178;5079:1768.042198380518;7447:1768.858822380518;1960:1769.843062380518;2967:1771.2954359457435
0,4,default_vehtype,route,False,1582.905461495131,1743.34419727859,2984;-1;-1,2989;-1;-1,1836.545864862161,0.9447932088443586,0.9446095542578723,0.0,,0,17,1,,,2984;3012;7321;2804;3061;1173;3425;4304;793;118;3979;4275;103;6480;7360;3154;6028;5745;6035;5743;6038;6041;7365;6050;6068;6077;3629;4502;6912;2108;7370;7608;5900;3459;4818;5992;6047;5708;3884;3030;3347;7376;2207;3446;3720;5332;251;2711;3358;2296;5495;5696;3307;3987;6878;2989,2984:1582.905461495131;3012:1585.398122172564;7321:1589.408762172564;2804:1592.7355221725638;3061:1599.4035621725639;1173:1605.0019221725638;3425:1606.184882172564;4304:1607.5872021725638;793:1619.7027621725638;118:1625.5670421725638;3979:1627.4175861725637;4275:1628.0089221725636;103:1629.1518501725636;6480:1642.4735781725635;7360:1647.9754581725635;3154:1649.0672661725634;6028:1650.0283941725634;5745:1651.5200181725634;6035:1653.4434261725635;5743:1654.8128661725634;6038:1656.8282901725634;6041:1658.1045621725634;7365:1664.7677301725635;6050:1667.0412741725634;6068:1671.2676021725633;6077:1671.9132981725634;3629:1673.4705861725633;4502:1673.9334741725634;6912:1679.0819061725633;2108:1680.9783141725634;7370:1687.5050421725634;7608:1687.7344341725634;5900:1691.2061301725635;3459:1691.9616981725635;4818:1692.5765781725636;5992:1693.0533621725635;6047:1697.2418901725634;5708:1698.6361701725634;3884:1701.1757541725635;3030:1701.6737781725635;3347:1703.6979861725636;7376:1704.1333701725637;2207:1704.5422581725636;3446:1707.3656661725636;3720:1710.3953541725637;5332:1711.3867941725637;251:1712.1343701725636;2711:1713.2721861725636;3358:1715.4871941725635;2296:1723.7881941725634;5495:1724.0050341725635;5696:1724.7677541725634;3307:1735.5061941725635;3987:1742.3333541725635;6878:1742.9367141725636;2989:1743.34419727859
0,4,default_vehtype,boarding,True,1743.34419727859,1773.34419727859,2989;-1;-1,2989;-1;-1,0.0,0.9446095542578723,0.9446095542578723,0.0,,0,17;18;19,3,18;19,,,
0,1,default_vehtype,route,False,1748.4625346030084,1800.0,2979;-1;-1,5400;4040;0.920,452.4652783082613,0.8565371862334688,0.856491939705638,0.0,,0,,0,,,2979;2786;2307;3549;6384;4032;1804;4277;5239;6501;3911;5389;7301;3914;5398;5400,2979:1748.4625346030084;2786:1750.4674701678073;2307:1753.9862301678072;3549:1759.6234701678072;6384:1759.8853101678071;4032:1763.106950167807;1804:1764.022862167807;4277:1765.610942167807;5239:1771.1155821678071;6501:1777.078142167807;3911:1786.432982167807;5389:1787.498822167807;7301:1787.7527421678071;3914:1788.9364221678072;5398:1790.1132621678073;5400:1791.4398621678074
0,3,default_vehtype,boarding,True,1771.2954359457435,1801.2954359457435,2967;-1;-1,2967;-1;-1,0.0,0.8221957216044017,0.8221957216044017,0.0,,0,23,1,23,,,
0,3,default_vehtype,route,True,1801.2954359457435,1859.2271074285718,2967;-1;-1,2969;-1;-1,804.6065483726129,0.8221957216044017,0.8221152609495644,0.0,,0,23,1,,,2967;3896;6788;5444;1716;2720;4210;1711;98;2497;7434;2760;542;1074;336;2969,2967:1801.2954359457435;3896:1807.374982380518;6788:1808.6419663805182;5444:1819.178374380518;1716:1821.968734380518;2720:1822.7153743805181;4210:1823.613646380518;1711:1824.743326380518;98:1833.359134380518;2497:1834.869766380518;7434:1842.077614380518;2760:1848.616150380518;542:1856.144254380518;1074:1857.0776623805182;336:1858.1007823805182;2969:1859.2271074285718
0,4,default_vehtype,route,False,1773.34419727859,1812.0883145609976,2989;-1;-1,2972;-1;-1,376.0125350669176,0.9446095542578723,0.9445719530043657,0.0,,0,17;18;19,3,,,2989;3808;6876;885;316;2042;1982;6306;374;7114;3246;5330;661;445;2972,2989:1773.34419727859;3808:1774.0047141725636;6876:1775.0727141725636;885:1775.6760741725636;316:1782.5032341725637;2042:1793.2416741725638;1982:1794.0043941725637;6306:1794.2212341725638;374:1802.5222341725637;7114:1804.7372421725636;3246:1805.8750581725635;5330:1806.6226341725635;661:1807.6140741725635;445:1810.6437621725636;2972:1812.0883145609976
0,4,default_vehtype,boarding,True,1812.0883145609976,1842.0883145609976,2972;-1;-1,2972;-1;-1,0.0,0.9445719530043657,0.9445719530043657,0.0,,0,17;18;19,3,,17,,
0,1,default_vehtype,route,True,1800.0,1875.6562915329719,5400;4040;0.920,2985;-1;-1,642.9541481367978,0.856491939705638,0.8564276442908243,0.0,,0,,0,,,5400;4040;4041;5374;5418;5424;5403;6546;1200;7312;3767;4527;3089;3131;5447;7352;414;122;3426;4305;793;118;3979;2985,5400:1800;4040:1800.7446621678073;4041:1803.6889821678074;5374:1807.9415421678073;5418:1808.9788221678073;5424:1809.1221021678073;5403:1810.2274221678072;6546:1814.454302167807;1200:1819.063382167807;7312:1820.5571421678071;3767:1822.563542167807;4527:1825.360382167807;3089:1833.769982167807;3131:1834.2502221678071;5447:1836.637862167807;7352:1837.949222167807;414:1840.418942167807;122:1852.773302167807;3426:1854.026822167807;4305:1855.429142167807;793:1867.544702167807;118:1873.408982167807;3979:1875.2595261678068;2985:1875.6562915329719
0,1,default_vehtype,boarding,True,1875.6562915329719,1905.6562915329719,2985;-1;-1,2985;-1;-1,0.0,0.8564276442908243,0.8564276442908243,0.0,,0,22,1,22,,,
0,2,default_vehtype,to_depot,True,1800.0,1902.7195168291412,2979;-1;-1,2980;-1;-1,812.5577977206555,0.7715315597719646,0.7714503039921926,0.0,,0,,0,,,2979;2786;2307;3549;6384;4032;1804;4811;5237;608;459;2416;4011;5246;363;366;2314;2877;1748;1743;1157;2058;2092;915;2980,2979:1800;2786:1802.0049355647989;2307:1805.5236955647988;3549:1811.1609355647988;6384:1811.4227755647987;4032:1814.6444155647987;1804:1815.5603275647986;4811:1817.2429675647986;5237:1821.9834475647986;608:1830.8495275647986;459:1831.1792875647986;2416:1833.3929275647986;4011:1834.0570555647985;5246:1839.9822235647985;363:1846.8909115647984;366:1848.2959915647984;2314:1849.4408635647985;2877:1862.6119675647985;1748:1863.7304875647985;1743:1871.4848875647986;1157:1876.2240304219415;2058:1882.0138589933701;2092:1885.403001850513;915:1890.5211732790845;2980:1902.7195168291412
0,3,default_vehtype,boarding,True,1859.2271074285718,1889.2271074285718,2969;-1;-1,2969;-1;-1,0.0,0.8221152609495644,0.8221152609495644,0.0,,0,23;24,2,24,,,
0,2,default_vehtype,out_of_service,True,1902.7195168291412,1920.0,2980;-1;-1,2980;-1;-1,0.0,0.7714503039921926,0.7714503039921926,0.0,,0,,0,,,,
0,3,default_vehtype,route,True,1889.2271074285718,1968.8594902594346,2969;-1;-1,2990;-1;-1,728.1426288791162,0.8221152609495644,0.8220424466866766,0.0,,0,23;24,2,,,2969;7192;1664;1659;538;4990;4939;5252;3070;1657;4439;4842;1272;3423;4282;4975;6830;4349;4937;669;5061;7265;3848;534;2839;5449;2990,2969:1889.2271074285718;7192:1892.830750380518;1664:1896.084646380518;1659:1900.844206380518;538:1901.995246380518;4990:1905.692326380518;4939:1907.082886380518;5252:1912.507606380518;3070:1913.544046380518;1657:1921.0608463805181;4439:1926.691006380518;4842:1931.075566380518;1272:1931.260486380518;3423:1932.477046380518;4282:1936.254526380518;4975:1937.304286380518;6830:1938.0772063805182;4349:1938.6260863805182;4937:1942.9956463805183;669:1953.3030463805183;5061:1959.1114063805182;7265:1959.8946463805182;3848:1960.8692863805181;534:1964.914246380518;2839:1966.272886380518;5449:1967.471926380518;2990:1968.8594902594346
0,4,default_vehtype,route,False,1842.0883145609976,1930.3113534284762,2972;-1;-1,2975;-1;-1,1181.6034995154698,0.9445719530043657,0.9444537926544141,0.0,,0,18;19,2,,,2972;6079;7380;364;3029;3886;5711;6045;2157;4817;456;5901;7605;2830;5852;6913;1321;597;2204;6066;6049;7367;2188;2186;5744;6033;5746;6031;146;2828;2376;3091;4274;880;3109;3874;2975,2972:1842.0883145609976;6079:1843.4671701725636;7380:1843.8760581725635;364:1844.3114421725636;3029:1846.3356501725636;3886:1846.8336741725636;5711:1849.3732581725637;6045:1850.7675381725637;2157:1854.9560661725636;4817:1855.4328501725636;456:1856.0477301725637;5901:1856.8032981725637;7605:1860.2749941725638;2830:1860.5043861725637;5852:1867.0311141725638;6913:1868.9275221725638;1321:1874.0759541725638;597:1874.5388421725638;2204:1876.0961301725638;6066:1876.7418261725638;6049:1880.9681541725638;7367:1883.2416981725637;2188:1889.9048661725637;2186:1891.1811381725638;5744:1893.1965621725637;6033:1894.5660021725637;5746:1896.4894101725638;6031:1897.9810341725638;146:1898.9421621725637;2828:1900.0339701725636;2376:1905.5358501725636;3091:1918.8575781725635;4274:1920.0005061725635;880:1920.5918421725635;3109:1922.4423861725634;3874:1928.3066661725634;2975:1930.3113534284762
0,4,default_vehtype,boarding,True,1930.3113534284762,1960.3113534284762,2975;-1;-1,2975;-1;-1,0.0,0.9444537926544141,0.9444537926544141,0.0,,0,18;19,2,,19,,
0,1,default_vehtype,route,True,1905.6562915329719,2035.3129748223814,2985;-1;-1,2982;-1;-1,1095.1193087163879,0.8564276442908243,0.8563181323599526,0.0,,0,22,1,,,2985;1140;880;3109;3874;4306;429;3125;3406;2825;1944;130;99;4526;714;2800;4339;2419;5404;5421;1925;1883;926;925;5399;1905;830;2795;918;3075;7097;7290;2736;1744;1164;2789;1218;2982,2985:1905.6562915329719;1140:1905.8508621678068;880:1906.4421981678067;3109:1908.2927421678066;3874:1914.1570221678066;4306:1926.2725821678066;429:1927.6749021678065;3125:1928.9284221678065;3406:1941.2827821678065;2825:1943.7525021678066;1944:1945.0638621678065;130:1947.4515021678064;99:1947.9317421678065;4526:1956.3413421678065;714:1959.1381821678065;2800:1961.1445821678064;4339:1962.6383421678065;2419:1967.2474221678065;5404:1971.4743021678064;5421:1972.5796221678063;1925:1972.7229021678063;1883:1973.7601821678063;926:1978.0127421678062;925:1980.9570621678063;5399:1990.2618621678062;1905:1991.5884621678063;830:1992.7653021678063;2795:1993.9489821678064;918:1995.0911421678065;3075:2002.9641021678065;7097:2003.8134621678064;7290:2009.6155821678065;2736:2018.3340621678065;1744:2019.7893021678065;1164:2030.8978221678065;2789:2032.3096221678065;1218:2033.4328221678065;2982:2035.3129748223814
0,3,default_vehtype,boarding,True,1968.8594902594346,1998.8594902594346,2990;-1;-1,2990;-1;-1,0.0,0.8220424466866766,0.8220424466866766,0.0,,0,23;24,2,,23,,
0,4,default_vehtype,route,False,1960.3113534284762,2033.6444140694514,2975;-1;-1,2977;-1;-1,611.1088386747941,0.9444537926544141,0.9443926817705467,0.0,,0,18,1,,,2975;1166;429;4313;68;7318;7325;3011;4;4345;7330;7562;7316;7531;2802;2977,2975:1960.3113534284762;1166:1970.4222261725633;429:1971.8245461725633;4313:1973.0075061725634;68:1978.6058661725633;7318:1985.2739061725633;7325:1988.6006661725633;3011:1992.6113061725632;4:1997.3964261725632;4345:1999.4399061725633;7330:2000.6429061725632;7562:2008.4767461725633;7316:2015.8717461725632;7531:2023.4267061725632;2802:2030.6421861725632;2977:2033.6444140694514
0,1,default_vehtype,boarding,True,2035.3129748223814,2065.3129748223814,2982;-1;-1,2982;-1;-1,0.0,0.8563181323599526,0.8563181323599526,0,,0,22,1,,22,,
0,4,default_vehtype,boarding,True,2033.6444140694514,2063.644414069451,2977;-1;-1,2977;-1;-1,0.0,0.9443926817705467,0.9443926817705467,0,,0,18,1,,18,,
0,1,default_vehtype,to_depot,True,2065.3129748223814,2223.4523634321486,2982;-1;-1,2980;-1;-1,1274.3900625592087,0.8563181323599526,0.8561906933536966,0.0,,0,,0,,,2982;2809;4365;7288;1182;1001;6296;1434;3820;3877;2787;4993;6537;7281;2307;3549;6384;4032;1804;4811;5237;608;459;2416;4011;5246;363;366;2314;2877;1748;1743;1157;2058;2092;915;2980,2982:2065.3129748223814;2809:2071.0139421678064;4365:2078.595062167806;7288:2079.718262167806;1182:2080.6351821678063;1001:2085.9263421678065;6296:2088.2856621678065;1434:2094.2447421678066;3820:2099.3533821678066;3877:2101.2612621678068;2787:2110.0537821678067;4993:2111.1028221678066;6537:2116.9026621678067;7281:2122.737782167807;2307:2126.256542167807;3549:2131.893782167807;6384:2132.155622167807;4032:2135.377262167807;1804:2136.293174167807;4811:2137.975814167807;5237:2142.716294167807;608:2151.582374167807;459:2151.912134167807;2416:2154.125774167807;4011:2154.7899021678068;5246:2160.715070167807;363:2167.623758167807;366:2169.028838167807;2314:2170.173710167807;2877:2183.344814167807;1748:2184.463334167807;1743:2192.2177341678066;1157:2196.9568770249493;2058:2202.746705596378;2092:2206.135848453521;915:2211.254019882092;2980:2223.4523634321486
0,3,default_vehtype,route,True,1998.8594902594346,2244.7257542774046,2990;-1;-1,2977;-1;-1,2048.885533483096,0.8220424466866766,0.8218375581333284,0.0,,0,24,1,,,2990;2552;1946;7401;3551;3849;7263;5060;3728;4936;1207;2554;4974;5249;6709;2464;7135;1193;552;2755;7131;3567;888;712;2718;754;611;1812;1186;7311;3767;4527;3089;3131;5447;7352;414;122;3426;4314;68;7318;7325;3011;4;4345;7330;7562;7316;7531;2802;2977,2990:1998.8594902594346;2552:2001.7252063805179;1946:2005.9784863805178;7401:2007.1775263805177;3551:2008.5361663805177;3849:2012.5811263805176;7263:2013.5557663805175;5060:2014.3390063805175;3728:2020.1473663805175;4936:2030.4547663805174;1207:2034.8243263805175;2554:2035.3732063805176;4974:2036.1461263805177;5249:2041.9500463805177;6709:2043.8772463805178;2464:2059.736806380518;7135:2067.668926380518;1193:2068.7689663805177;552:2073.2671663805177;2755:2075.0963263805174;7131:2083.0535263805173;3567:2092.9324063805175;888:2093.3906863805173;712:2097.1262863805173;2718:2098.063486380517;754:2141.6236063805172;611:2142.872206380517;1812:2147.443366380517;1186:2148.620566380517;7311:2149.436206380517;3767:2151.442606380517;4527:2154.239446380517;3089:2162.649046380517;3131:2163.129286380517;5447:2165.516926380517;7352:2166.828286380517;414:2169.298006380517;122:2181.652366380517;3426:2182.905886380517;4314:2184.088846380517;68:2189.687206380517;7318:2196.355246380517;7325:2199.682006380517;3011:2203.692646380517;4:2208.477766380517;4345:2210.521246380517;7330:2211.724246380517;7562:2219.5580863805167;7316:2226.9530863805167;7531:2234.5080463805166;2802:2241.7235263805164;2977:2244.7257542774046
0,3,default_vehtype,boarding,True,2244.7257542774046,2274.7257542774046,2977;-1;-1,2977;-1;-1,0.0,0.8218375581333284,0.8218375581333284,0.0,,0,24,1,,24,,
0,1,default_vehtype,out_of_service,True,2223.4523634321486,2280.0,2980;-1;-1,2980;-1;-1,0.0,0.8561906933536966,0.8561906933536966,0.0,,0,,0,,,,
0,4,default_vehtype,route,False,2063.644414069451,2318.472165241936,2977;-1;-1,2991;-1;-1,2383.6913657116675,0.9443926817705467,0.9441543126339755,0.0,,0,,0,,,2977;6202;7315;7530;2803;7558;2806;4344;2996;3013;7322;2804;3061;1173;3425;3125;3406;2825;1944;130;99;4526;714;2800;4332;799;3653;3825;7127;1836;4248;5046;7138;6879;1367;3637;3640;3643;7179;5275;5297;5072;1464;2847;5825;4587;5794;3202;2065;2023;4203;537;2991,2977:2063.644414069451;6202:2067.537506172563;7315:2074.432826172563;7530:2081.648306172563;2803:2089.203266172563;7558:2096.598266172563;2806:2104.4321061725627;4344:2105.6351061725627;2996:2107.6785861725625;3013:2112.4637061725625;7322:2116.4743461725625;2804:2119.8011061725624;3061:2126.4691461725624;1173:2132.0675061725624;3425:2133.2504661725625;3125:2134.5039861725627;3406:2146.8583461725625;2825:2149.3280661725626;1944:2150.6394261725627;130:2153.0270661725626;99:2153.5073061725625;4526:2161.9169061725624;714:2164.7137461725624;2800:2166.7201461725626;4332:2167.5357861725624;799:2168.716706172562;3653:2173.312946172562;3825:2174.561546172562;7127:2218.121666172562;1836:2219.4726261725623;4248:2234.0178261725623;5046:2250.3583461725625;7138:2251.9969461725627;6879:2258.2633461725627;1367:2269.7562261725625;3637:2271.6493461725627;3640:2272.502474172563;3643:2273.566058172563;7179:2277.1444581725627;5275:2281.653746172563;5297:2285.032562172563;5072:2285.2628181725627;1464:2292.203330172563;2847:2293.274042172563;5825:2296.172690172563;4587:2298.4530021725627;5794:2300.0731461725627;3202:2304.194498172563;2065:2309.338754172563;2023:2314.897082172563;4203:2315.697866172563;537:2316.651866172563;2991:2318.472165241936
0,4,default_vehtype,boarding,True,2318.472165241936,2348.472165241936,2991;-1;-1,2991;-1;-1,0.0,0.9441543126339755,0.9441543126339755,0,,0,26,1,26,,,
0,4,default_vehtype,route,False,2348.472165241936,2405.2250701906623,2991;-1;-1,2993;-1;-1,788.2347909545251,0.9441543126339755,0.94407548915488,0.0,,0,26,1,,,2991;3010;5631;1068;2559;6740;1717;2067;2063;1937;6789;3895;5465;7450;2993,2991:2348.472165241936;3010:2352.5194341725633;5631:2358.3688581725633;1068:2360.9212581725633;2559:2367.9718581725633;6740:2372.4424821725634;1717:2378.2762101725634;2067:2379.0139941725633;2063:2379.7302501725635;1937:2383.0002021725636;6789:2393.5366101725635;3895:2394.8035941725634;5465:2402.3355141725633;7450:2403.3197541725635;2993:2405.2250701906623
0,4,default_vehtype,boarding,True,2405.2250701906623,2435.2250701906623,2993;-1;-1,2993;-1;-1,0.0,0.94407548915488,0.94407548915488,0.0,,0,26,1,,26,,
0,3,default_vehtype,to_depot,True,2274.7257542774046,2463.2777476448587,2977;-1;-1,2980;-1;-1,1527.828435539931,0.8218375581333284,0.8216847752897745,0.0,,0,,0,,,2977;6202;7516;7037;7512;3274;2902;3901;7011;7336;4365;7288;1182;1001;6296;1434;3820;3877;2787;4993;6537;7281;2307;3549;6384;4032;1804;4811;5237;608;459;2416;4011;5246;363;366;2314;2877;1748;1743;1157;2058;2092;915;2980,2977:2274.7257542774046;6202:2278.6188463805165;7516:2279.4799663805165;7037:2286.7919263805165;7512:2294.0252863805167;3274:2305.3712863805167;2902:2305.482886380517;3901:2305.9508863805167;7011:2307.9318463805166;7336:2310.8393263805165;4365:2318.4204463805163;7288:2319.5436463805163;1182:2320.4605663805164;1001:2325.7517263805166;6296:2328.1110463805167;1434:2334.0701263805167;3820:2339.1787663805167;3877:2341.086646380517;2787:2349.879166380517;4993:2350.9282063805167;6537:2356.728046380517;7281:2362.563166380517;2307:2366.081926380517;3549:2371.719166380517;6384:2371.981006380517;4032:2375.2026463805173;1804:2376.1185583805172;4811:2377.8011983805172;5237:2382.541678380517;608:2391.407758380517;459:2391.737518380517;2416:2393.951158380517;4011:2394.615286380517;5246:2400.540454380517;363:2407.449142380517;366:2408.854222380517;2314:2409.999094380517;2877:2423.170198380517;1748:2424.288718380517;1743:2432.0431183805167;1157:2436.7822612376594;2058:2442.572089809088;2092:2445.961232666231;915:2451.079404094802;2980:2463.2777476448587
0,3,default_vehtype,out_of_service,True,2463.2777476448587,2520.0,2980;-1;-1,2980;-1;-1,0.0,0.8216847752897745,0.8216847752897745,0.0,,0,,0,,,,
0,4,default_vehtype,route,False,2435.2250701906623,2628.54032527859,2993;-1;-1,2989;-1;-1,2141.1009700766253,0.94407548915488,0.9438613790578724,0.0,,0,,0,,,2993;4483;7446;1960;816;6786;5444;1716;2720;4210;1711;98;2497;7434;2760;542;1074;1071;1070;1069;1067;1504;4396;710;2281;4664;6260;3300;1832;708;6180;2405;6169;2744;2567;2576;3077;3241;88;2758;2742;2448;2353;6140;7386;3742;7100;6318;737;6639;2446;2301;1992;1990;1988;1985;3729;5498;5496;5699;5494;5695;3307;3987;6878;2989,2993:2435.2250701906623;4483:2435.9864901725637;7446:2438.653226172564;1960:2439.637466172564;816:2447.169386172564;6786:2448.436370172564;5444:2458.9727781725637;1716:2461.7631381725637;2720:2462.5097781725635;4210:2463.4080501725634;1711:2464.5377301725634;98:2473.1535381725635;2497:2474.6641701725634;7434:2481.8720181725635;2760:2488.4105541725635;542:2495.9386581725635;1074:2496.8720661725633;1071:2497.8745941725633;1070:2512.3378821725632;1069:2513.0761701725633;1067:2515.7382261725634;1504:2520.192002172563;4396:2520.418298172563;710:2520.968954172563;2281:2521.974650172563;4664:2525.8526421725633;6260:2526.2985381725634;3300:2526.8976501725633;1832:2529.687866172563;708:2530.2269301725632;6180:2530.6503621725633;2405:2532.8727621725634;6169:2536.3498821725634;2744:2540.9504421725633;2567:2542.793402172563;2576:2551.281962172563;3077:2553.414602172563;3241:2556.543482172563;88:2558.470322172563;2758:2560.433762172563;2742:2560.8402021725633;2448:2564.0258421725634;2353:2570.2267221725633;6140:2575.3977621725635;7386:2576.7402021725634;3742:2584.3992021725635;7100:2584.9388421725635;6318:2585.4169221725633;737:2586.3326421725633;6639:2588.1818421725634;2446:2589.7531221725635;2301:2592.0501621725634;1992:2593.0752021725634;1990:2594.7721221725633;1988:2597.2261221725635;1985:2600.7478821725635;3729:2603.0953221725636;5498:2604.4927221725634;5496:2607.3999621725634;5699:2608.0974021725633;5494:2609.2011621725633;5695:2609.9638821725634;3307:2620.7023221725635;3987:2627.5294821725633;6878:2628.1328421725634;2989:2628.54032527859
0,4,default_vehtype,boarding,True,2628.54032527859,2658.54032527859,2989;-1;-1,2989;-1;-1,0.0,0.9438613790578724,0.9438613790578724,0,,0,31,1,31,,,
0,4,default_vehtype,route,False,2658.54032527859,2905.244517477537,2989;-1;-1,2978;-1;-1,2555.424668324549,0.9438613790578724,0.9436058365910399,0.0,,0,31,1,,,2989;3808;6876;885;316;2042;1982;6306;374;7114;3246;5330;661;445;6080;7381;364;3029;3886;5711;6045;2157;4817;456;5901;7605;2830;5852;6913;1321;597;2204;6066;6049;7367;2188;2186;5744;6033;5746;6031;146;2828;2376;3091;4274;880;3109;3874;4306;429;3125;3406;2825;1944;130;99;4526;714;2800;4339;2419;5404;5421;1925;1883;926;925;5399;1905;830;2795;918;3075;7097;7290;2736;1744;1164;2789;1182;2978,2989:2658.54032527859;3808:2659.2008421725636;6876:2660.268842172564;885:2660.872202172564;316:2667.6993621725637;2042:2678.437802172564;1982:2679.200522172564;6306:2679.417362172564;374:2687.718362172564;7114:2689.933370172564;3246:2691.071186172564;5330:2691.818762172564;661:2692.810202172564;445:2695.839890172564;6080:2698.6632981725643;7381:2699.072186172564;364:2699.507570172564;3029:2701.531778172564;3886:2702.029802172564;5711:2704.569386172564;6045:2705.963666172564;2157:2710.152194172564;4817:2710.628978172564;456:2711.243858172564;5901:2711.999426172564;7605:2715.4711221725643;2830:2715.7005141725645;5852:2722.2272421725643;6913:2724.1236501725643;1321:2729.2720821725643;597:2729.7349701725643;2204:2731.2922581725643;6066:2731.9379541725643;6049:2736.1642821725645;7367:2738.4378261725647;2188:2745.1009941725647;2186:2746.3772661725648;5744:2748.392690172565;6033:2749.762130172565;5746:2751.685538172565;6031:2753.1771621725647;146:2754.1382901725647;2828:2755.230098172565;2376:2760.7319781725646;3091:2774.0537061725645;4274:2775.1966341725647;880:2775.7879701725647;3109:2777.6385141725646;3874:2783.5027941725643;4306:2795.6183541725645;429:2797.0206741725647;3125:2798.274194172565;3406:2810.6285541725647;2825:2813.0982741725647;1944:2814.409634172565;130:2816.797274172565;99:2817.2775141725647;4526:2825.6871141725646;714:2828.4839541725646;2800:2830.490354172565;4339:2831.9841141725647;2419:2836.593194172565;5404:2840.820074172565;5421:2841.925394172565;1925:2842.068674172565;1883:2843.105954172565;926:2847.358514172565;925:2850.302834172565;5399:2859.6076341725648;1905:2860.9342341725646;830:2862.1110741725647;2795:2863.294754172565;918:2864.4369141725647;3075:2872.309874172565;7097:2873.159234172565;7290:2878.961354172565;2736:2887.679834172565;1744:2889.1350741725646;1164:2900.243594172565;2789:2901.6553941725647;1182:2902.572314172565;2978:2905.244517477537
0,4,default_vehtype,boarding,True,2905.244517477537,2935.244517477537,2978;-1;-1,2978;-1;-1,0.0,0.9436058365910399,0.9436058365910399,0.0,,0,31,1,,31,,
0,4,default_vehtype,route,False,2940,3164.866160573943,2978;-1;-1,2990;-1;-1,1873.8846714495362,0.9436058365910399,0.943418448123895,0.0,,0,,0,,,2978;4103;4326;7286;4302;5102;7160;7294;2701;3076;4023;7300;3914;5398;5400;4040;4041;5374;5418;5424;5403;6546;1200;7312;4332;799;3653;3825;7127;3766;3988;553;7132;7191;3566;4337;7134;6667;6711;1807;1653;6829;4349;4937;669;5061;7265;3848;534;2839;5449;2990,2978:2940;4103:2942.6189566950275;4326:2947.9101166950277;7286:2948.827036695028;4302:2950.2388366950277;5102:2961.347356695028;7160:2962.8025966950277;7294:2971.5210766950277;2701:2977.3231966950275;3076:2978.1725566950277;4023:2986.045516695028;7300:2987.1876766950277;3914:2988.3713566950278;5398:2989.548196695028;5400:2990.8747966950277;4040:3000.1795966950276;4041:3003.1239166950277;5374:3007.3764766950276;5418:3008.4137566950276;5424:3008.5570366950274;5403:3009.6623566950275;6546:3013.8892366950276;1200:3018.498316695028;7312:3019.9920766950277;4332:3020.8077166950275;799:3021.9886366950273;3653:3026.584876695027;3825:3027.833476695027;7127:3071.393596695027;3766:3072.330796695027;3988:3076.066396695027;553:3076.5246766950268;7132:3086.403556695027;7191:3094.360756695027;3566:3096.1899166950266;4337:3100.6881166950266;7134:3101.7881566950264;6667:3109.7202766950263;6711:3125.579836695026;1807:3127.5070366950263;1653:3133.310956695026;6829:3134.083876695026;4349:3134.632756695026;4937:3139.002316695026;669:3149.309716695026;5061:3155.118076695026;7265:3155.9013166950263;3848:3156.875956695026;534:3160.9209166950263;2839:3162.2795566950263;5449:3163.478596695026;2990:3164.866160573943
0,4,default_vehtype,boarding,True,3164.866160573943,3194.866160573943,2990;-1;-1,2990;-1;-1,0.0,0.943418448123895,0.943418448123895,0,,0,40,1,40,,,
0,4,default_vehtype,route,False,3194.866160573943,3402.0694698408824,2990;-1;-1,2981;-1;-1,2611.728643891152,0.943418448123895,0.9431572752595059,0.0,,0,40,1,,,2990;2552;4848;3271;4846;4989;5000;337;1075;5648;5759;205;5793;1407;5826;7411;4686;5074;5295;5274;7181;604;603;602;3851;4573;1400;971;598;1368;591;585;940;1370;939;1903;983;3921;840;2881;5099;2878;1735;2581;370;361;2874;1887;4059;910;6541;3462;3648;2851;2850;1801;1560;5242;922;6385;3550;2981,2990:3194.866160573943;2552:3197.7318766950266;4848:3205.2121966950267;3271:3210.7653166950267;4846:3212.6383966950266;4989:3224.9109166950266;5000:3229.6704766950265;337:3237.4307086950266;1075:3238.4545486950265;5648:3239.2553326950265;5759:3244.8136606950266;205:3249.9579166950266;5793:3254.0792686950267;1407:3255.6994126950267;5826:3257.9797246950266;7411:3260.8783726950264;4686:3261.9490846950266;5074:3268.8895966950267;5295:3269.1198526950266;5274:3272.4986686950265;7181:3277.0079566950267;604:3280.5863566950266;603:3281.6499406950265;602:3282.5030686950267;3851:3283.506460695027;4573:3287.812780695027;1400:3289.545460695027;971:3293.343892695027;598:3294.411148695027;1368:3295.371484695027;591:3301.242436695027;585:3314.4136846950273;940:3320.993548695027;1370:3328.020172695027;939:3328.7168446950272;1903:3329.538436695027;983:3330.520948695027;3921:3334.319092695027;840:3338.879932695027;2881:3345.510556695027;5099:3346.663420695027;2878:3347.791444695027;1735:3358.775764695027;2581:3360.115180695027;370:3361.698028695027;361:3364.195132695027;2874:3364.7811406950273;1887:3370.4365246950274;4059:3372.3558286950274;910:3376.8720286950274;6541:3377.5361566950273;3462:3379.7497966950273;3648:3380.0795566950273;2851:3384.753796695027;2850:3385.687156695027;1801:3388.9828366950273;1560:3393.7233166950273;5242:3395.4059566950273;922:3396.321868695027;6385:3399.5435086950274;3550:3399.8053486950275;2981:3402.0694698408824
0,4,default_vehtype,boarding,True,3402.0694698408824,3432.0694698408824,2981;-1;-1,2981;-1;-1,0.0,0.9431572752595059,0.9431572752595059,0,,0,40,1,,40,,
0,4,default_vehtype,route,False,3432.0694698408824,3484.984221349603,2981;-1;-1,2982;-1;-1,440.9562625726669,0.9431572752595059,0.9431131796332486,0.0,,0,,0,,,2981;6320;7278;2411;1661;7283;796;751;4635;6299;4102;4325;7285;1218;2982,2981:3432.0694698408824;6320:3435.4425886950276;7278:3438.9613486950275;2411:3444.7964686950277;1661:3450.596308695028;7283:3451.6453486950277;796:3460.4378686950276;751:3462.345748695028;4635:3467.454388695028;6299:3473.413468695028;4102:3475.772788695028;4325:3481.063948695028;7285:3481.980868695028;1218:3483.104068695028;2982:3484.984221349603
0,4,default_vehtype,boarding,True,3484.984221349603,3514.984221349603,2982;-1;-1,2982;-1;-1,0.0,0.9431131796332486,0.9431131796332486,0.0,,0,45,1,45,,,
0,0,default_vehtype,out_of_service,True,-1,3600,2980;-1;-1,2980;-1;-1,0.0,1.0,1.0,0,,0,,0,,,,
0,4,default_vehtype,route,False,3514.984221349603,3603.030441038653,2982;-1;-1,2976;-1;-1,682.7307831230402,0.9431131796332486,0.9430449065549362,0.0,,0,45,1,,,2982;2809;7010;820;7498;276;2915;2661;7517;6201;7314;7529;2803;7558;2806;4344;1199;1204;7329;2976,2982:3514.984221349603;2809:3520.685188695028;7010:3523.592668695028;820:3525.5736286950278;7498:3526.0416286950276;276:3526.153228695028;2915:3537.499228695028;2661:3544.732588695028;7517:3552.044548695028;6201:3552.905668695028;7314:3559.800988695028;7529:3567.016468695028;2803:3574.571428695028;7558:3581.966428695028;2806:3589.8002686950276;4344:3591.0032686950276;1199:3594.9936115521705;1204:3598.9839544093134;7329:3600.1869544093133;2976:3603.030441038653
0,4,default_vehtype,boarding,True,3603.030441038653,3633.030441038653,2976;-1;-1,2976;-1;-1,0.0,0.9430449065549362,0.9430449065549362,0.0,,0,45;46,2,46,,,
0,4,default_vehtype,route,False,3633.030441038653,3758.9743053796055,2976;-1;-1,2987;-1;-1,1410.1941526762303,0.9430449065549362,0.9429038871396687,0.0,,0,45;46,2,,,2976;7557;2806;4344;2996;3013;7322;2804;3061;1173;3425;4304;793;118;3979;4275;103;6480;7360;3154;6028;5745;6035;5743;6038;6041;7365;2179;3064;6023;3524;7356;4225;2987,2976:3633.030441038653;7557:3638.020794409313;2806:3645.854634409313;4344:3647.057634409313;2996:3649.1011144093127;3013:3653.8862344093127;7322:3657.8968744093127;2804:3661.2236344093126;3061:3667.8916744093126;1173:3673.4900344093126;3425:3674.6729944093127;4304:3676.075314409313;793:3688.190874409313;118:3694.0551544093128;3979:3695.9056984093127;4275:3696.4970344093126;103:3697.639962409313;6480:3710.9616904093127;7360:3716.4635704093125;3154:3717.5553784093127;6028:3718.5165064093126;5745:3720.0081304093123;6035:3721.9315384093125;5743:3723.3009784093124;6038:3725.3164024093126;6041:3726.5926744093126;7365:3733.2558424093127;2179:3737.264082409313;3064:3738.566058409313;6023:3739.830738409313;3524:3741.5722024093134;7356:3752.4510424093132;4225:3757.035570409313;2987:3758.9743053796055
0,4,default_vehtype,boarding,True,3758.9743053796055,3788.9743053796055,2987;-1;-1,2987;-1;-1,0.0,0.9429038871396687,0.9429038871396687,0,,0,45;46,2,,46,,
0,4,default_vehtype,route,False,3788.9743053796055,3907.2197431411555,2987;-1;-1,2971;-1;-1,1214.7314981779514,0.9429038871396687,0.9427824139898509,0.0,,0,45,1,,,2987;4613;7368;7606;5900;3459;4818;5992;6047;5708;3884;3030;3347;7376;2207;3446;3720;5332;251;2711;3358;2296;5495;5696;3307;3987;2396;886;808;1372;807;1375;108;1376;1380;373;2390;7391;5704;7389;2971,2987:3788.9743053796055;4613:3790.570554409313;7368:3802.275666409313;7606:3802.5050584093133;5900:3805.9767544093133;3459:3806.7323224093134;4818:3807.3472024093135;5992:3807.8239864093134;6047:3812.0125144093136;5708:3813.4067944093135;3884:3815.9463784093136;3030:3816.4444024093136;3347:3818.4686104093134;7376:3818.9039944093133;2207:3819.3128824093133;3446:3822.1362904093135;3720:3825.1659784093135;5332:3826.1574184093133;251:3826.9049944093135;2711:3828.0428104093135;3358:3830.2578184093136;2296:3838.5588184093135;5495:3838.7756584093136;5696:3839.5383784093137;3307:3850.276818409314;3987:3857.1039784093136;2396:3858.409938409314;886:3864.047538409314;808:3864.5137384093136;1372:3865.3766584093137;807:3866.480538409314;1375:3868.164738409314;108:3870.305178409314;1376:3872.105418409314;1380:3874.122018409314;373:3883.683018409314;2390:3886.227738409314;7391:3887.628378409314;5704:3889.993458409314;7389:3904.531698409314;2971:3907.2197431411555
0,4,default_vehtype,boarding,True,3907.2197431411555,3937.2197431411555,2971;-1;-1,2971;-1;-1,0.0,0.9427824139898509,0.9427824139898509,0.0,,0,45,1,,45,,
0,0,default_vehtype,route,False,3720.0,3981.150942116477,2980;-1;-1,2974;-1;-1,1919.4675217989563,1.0,0.9998080532478202,0.0,,0,,0,,,2980;914;2135;1730;2664;2579;2961;2407;2581;370;361;2874;1887;4059;910;6541;3462;3648;2851;2850;1801;1560;5242;4277;5239;6501;3911;5389;7301;3914;5398;5400;4040;4041;5374;5418;5424;5403;6546;1200;7312;3767;4527;3089;3131;5447;7352;414;122;3426;4305;793;118;3979;4275;103;6480;7360;3154;6028;2181;2180;146;2828;2974,2980:3720;914:3735.8821707356574;2135:3743.8330278785147;1730:3759.2893707356575;2664:3761.1114850213717;2579:3765.9874278785146;2961:3782.7582850213716;2407:3788.0070850213715;2581:3796.494342164229;370:3798.077190164229;361:3800.574294164229;2874:3801.160302164229;1887:3806.815686164229;4059:3808.734990164229;910:3813.2511901642292;6541:3813.915318164229;3462:3816.128958164229;3648:3816.458718164229;2851:3821.132958164229;2850:3822.066318164229;1801:3825.361998164229;1560:3830.102478164229;5242:3831.785118164229;4277:3833.373198164229;5239:3838.877838164229;6501:3844.840398164229;3911:3854.195238164229;5389:3855.2610781642293;7301:3855.5149981642294;3914:3856.6986781642295;5398:3857.8755181642296;5400:3859.2021181642294;4040:3868.5069181642293;4041:3871.4512381642294;5374:3875.7037981642293;5418:3876.7410781642293;5424:3876.884358164229;5403:3877.989678164229;6546:3882.2165581642294;1200:3886.8256381642295;7312:3888.3193981642294;3767:3890.3257981642296;4527:3893.1226381642296;3089:3901.5322381642295;3131:3902.0124781642294;5447:3904.4001181642293;7352:3905.7114781642294;414:3908.1811981642295;122:3920.5355581642293;3426:3921.7890781642295;4305:3923.1913981642297;793:3935.30695816423;118:3941.1712381642296;3979:3943.0217821642295;4275:3943.6131181642295;103:3944.7560461642297;6480:3958.0777741642296;7360:3963.5796541642294;3154:3964.6714621642295;6028:3965.6325901642294;2181:3969.8646473070867;2180:3974.096704449944;146:3975.057832449944;2828:3976.149640449944;2974:3981.150942116477
0,0,default_vehtype,boarding,True,3981.150942116477,4011.150942116477,2974;-1;-1,2974;-1;-1,0.0,0.9998080532478202,0.9998080532478202,0.0,,0,50,1,50,,,
0,4,default_vehtype,route,False,3937.2197431411555,4061.007503457368,2971;-1;-1,2969;-1;-1,1124.2020306798436,0.9427824139898509,0.9426699937867828,0.0,,0,,0,,,2971;3807;7387;2045;2835;2641;7396;2616;486;2838;3722;3732;544;7400;5449;6824;4848;3271;4846;4989;5000;337;1075;4198;336;2969,2971:3937.2197431411555;3807:3938.596098409314;7387:3942.660498409314;2045:3957.198738409314;2835:3959.563818409314;2641:3968.774898409314;7396:3969.369258409314;2616:3974.7308584093144;486:3975.6426184093143;2838:3981.9673384093144;3722:3985.4865784093145;3732:4007.9362984093145;544:4010.6258584093143;7400:4011.7014184093146;5449:4012.9004584093145;6824:4017.1537384093144;4848:4024.6340584093145;3271:4030.1871784093146;4846:4032.0602584093144;4989:4044.3327784093144;5000:4049.0923384093144;337:4056.8525704093145;1075:4057.8764104093143;4198:4058.8580584093143;336:4059.881178409314;2969:4061.007503457368
0,4,default_vehtype,boarding,True,4061.007503457368,4091.007503457368,2969;-1;-1,2969;-1;-1,0.0,0.9426699937867828,0.9426699937867828,0,,0,52,1,52,,,
0,4,default_vehtype,route,False,4091.007503457368,4145.285610874365,2969;-1;-1,2992;-1;-1,753.8626030139021,0.9426699937867828,0.9425946075264815,0.0,,0,52,1,,,2969;7192;1664;337;1075;537;18;5629;1068;2559;6740;1717;2067;2063;1937;2992,2969:4091.007503457368;7192:4094.611146409314;1664:4097.865042409314;337:4105.6252744093135;1075:4106.649114409313;537:4107.603114409313;18:4113.470682409313;5629:4119.320106409313;1068:4121.872506409312;2559:4128.923106409312;6740:4133.3937304093115;1717:4139.227458409311;2067:4139.965242409311;2063:4140.681498409311;1937:4143.95145040931;2992:4145.285610874365
0,4,default_vehtype,boarding,True,4145.285610874365,4175.285610874365,2992;-1;-1,2992;-1;-1,0.0,0.9425946075264815,0.9425946075264815,0.0,,0,52,1,,52,,
0,0,default_vehtype,route,False,4011.150942116477,4226.276603145101,2974;-1;-1,2970;-1;-1,2128.367175503833,0.9998080532478202,0.9995952165302698,0.0,,0,50,1,,,2974;6479;7359;3154;6028;5745;6035;5743;6038;6041;7365;6050;6068;6077;3629;4502;6912;2108;7370;7608;5900;3459;4818;5992;6047;5708;3884;3030;3347;7376;2207;3446;3720;5332;251;2711;3358;2296;5495;5696;3307;3987;6878;746;2834;2045;2835;2641;7396;2616;486;2838;3722;3732;544;7400;5449;6824;4848;1631;1593;6821;1946;7401;3560;2970,2974:4011.150942116477;6479:4011.651520449944;7359:4017.153400449944;3154:4018.245208449944;6028:4019.206336449944;5745:4020.697960449944;6035:4022.621368449944;5743:4023.990808449944;6038:4026.006232449944;6041:4027.282504449944;7365:4033.945672449944;6050:4036.2192164499443;6068:4040.4455444499445;6077:4041.0912404499445;3629:4042.6485284499445;4502:4043.1114164499445;6912:4048.2598484499445;2108:4050.1562564499445;7370:4056.6829844499443;7608:4056.9123764499445;5900:4060.3840724499446;3459:4061.1396404499446;4818:4061.7545204499447;5992:4062.2313044499447;6047:4066.419832449945;5708:4067.814112449945;3884:4070.353696449945;3030:4070.851720449945;3347:4072.8759284499447;7376:4073.3113124499446;2207:4073.7202004499445;3446:4076.5436084499447;3720:4079.573296449945;5332:4080.5647364499446;251:4081.312312449945;2711:4082.4501284499447;3358:4084.665136449945;2296:4092.9661364499448;5495:4093.182976449945;5696:4093.945696449945;3307:4104.684136449945;3987:4111.511296449945;6878:4112.114656449945;746:4113.182656449945;2834:4117.247056449945;2045:4131.785296449945;2835:4134.150376449945;2641:4143.361456449945;7396:4143.955816449945;2616:4149.317416449945;486:4150.229176449945;2838:4156.553896449945;3722:4160.073136449944;3732:4182.522856449944;544:4185.212416449944;7400:4186.287976449944;5449:4187.487016449944;6824:4191.740296449944;4848:4199.220616449944;1631:4204.914787878515;1593:4210.6089593070865;6821:4218.089279307086;1946:4222.342559307086;7401:4223.5415993070865;3560:4224.617159307087;2970:4226.276603145101
0,0,default_vehtype,boarding,True,4226.276603145101,4256.276603145101,2970;-1;-1,2970;-1;-1,0.0,0.9995952165302698,0.9995952165302698,0.0,,0,50,1,,50,,
0,0,default_vehtype,route,False,4260.0,4502.3434640588775,2970;-1;-1,2977;-1;-1,2019.5288671572796,0.9995952165302698,0.9993932636435541,0.0,,0,,0,,,2970;671;544;7400;3551;3849;7263;5060;3728;4936;1207;2554;4974;5249;6709;2464;7135;1193;552;2755;7131;3567;888;712;2718;754;611;1812;1186;7311;3767;4527;3089;3131;5447;7352;414;122;3426;4314;68;7318;7325;3011;4;4345;7330;7562;7316;7531;2802;2977,2970:4260;671:4261.0301161619855;544:4263.719676161985;7400:4264.7952361619855;3551:4266.153876161986;3849:4270.198836161986;7263:4271.173476161986;5060:4271.956716161986;3728:4277.765076161986;4936:4288.072476161986;1207:4292.442036161986;2554:4292.990916161986;4974:4293.763836161987;5249:4299.567756161987;6709:4301.494956161987;2464:4317.354516161987;7135:4325.286636161987;1193:4326.386676161987;552:4330.884876161987;2755:4332.714036161988;7131:4340.6712361619875;3567:4350.550116161988;888:4351.008396161988;712:4354.7439961619875;2718:4355.681196161988;754:4399.241316161988;611:4400.489916161988;1812:4405.061076161988;1186:4406.238276161988;7311:4407.053916161988;3767:4409.060316161988;4527:4411.857156161988;3089:4420.266756161988;3131:4420.746996161988;5447:4423.134636161988;7352:4424.445996161988;414:4426.915716161988;122:4439.270076161988;3426:4440.523596161988;4314:4441.706556161988;68:4447.304916161988;7318:4453.972956161988;7325:4457.299716161988;3011:4461.310356161988;4:4466.095476161988;4345:4468.138956161988;7330:4469.3419561619885;7562:4477.175796161989;7316:4484.570796161989;7531:4492.12575616199;2802:4499.341236161989;2977:4502.3434640588775
0,0,default_vehtype,boarding,True,4502.3434640588775,4532.3434640588775,2977;-1;-1,2977;-1;-1,0.0,0.9993932636435541,0.9993932636435541,0.0,,0,54,1,54,,,
0,4,default_vehtype,route,False,4320.0,4508.050959923378,2992;-1;-1,2972;-1;-1,2128.104221158046,0.9425946075264815,0.9423817971043656,0.0,,0,,0,,,2992;2526;5444;1716;2720;4210;1711;98;2497;7434;2760;542;1074;1071;1070;1069;1067;1504;4396;710;2281;4664;6260;3300;1832;708;6180;2405;6169;2744;2567;2576;3077;3241;88;2758;2742;2448;2353;6140;7386;3742;7100;6318;737;6639;2446;2301;1992;1990;1988;1985;3729;5498;5496;5699;5494;6307;374;7114;3246;5330;661;445;2972,2992:4320;2526:4329.202247534946;5444:4339.738655534946;1716:4342.529015534946;2720:4343.275655534946;4210:4344.173927534946;1711:4345.303607534946;98:4353.919415534946;2497:4355.430047534946;7434:4362.637895534946;2760:4369.1764315349465;542:4376.704535534946;1074:4377.637943534946;1071:4378.640471534946;1070:4393.103759534946;1069:4393.842047534946;1067:4396.504103534946;1504:4400.957879534946;4396:4401.184175534946;710:4401.734831534946;2281:4402.7405275349465;4664:4406.618519534946;6260:4407.064415534946;3300:4407.663527534946;1832:4410.453743534947;708:4410.992807534946;6180:4411.416239534946;2405:4413.6386395349455;6169:4417.115759534945;2744:4421.716319534945;2567:4423.559279534945;2576:4432.047839534945;3077:4434.180479534944;3241:4437.309359534945;88:4439.236199534945;2758:4441.199639534945;2742:4441.606079534945;2448:4444.791719534945;2353:4450.992599534945;6140:4456.163639534945;7386:4457.5060795349455;3742:4465.165079534945;7100:4465.704719534945;6318:4466.182799534945;737:4467.098519534945;6639:4468.947719534945;2446:4470.518999534945;2301:4472.816039534945;1992:4473.8410795349455;1990:4475.537999534946;1988:4477.9919995349455;1985:4481.513759534945;3729:4483.861199534945;5498:4485.258599534945;5496:4488.165839534944;5699:4488.863279534944;5494:4489.967039534944;6307:4490.183879534944;374:4498.484879534944;7114:4500.6998875349445;3246:4501.837703534945;5330:4502.585279534945;661:4503.5767195349445;445:4506.606407534944;2972:4508.050959923378
0,4,default_vehtype,boarding,True,4508.050959923378,4538.050959923378,2972;-1;-1,2972;-1;-1,0.0,0.9423817971043656,0.9423817971043656,0.0,,0,55,1,55,,,
0,0,default_vehtype,route,False,4532.3434640588775,4620,2977;-1;-1,1944;130;0.277,730.471132842682,0.9993932636435541,0.9993202165302698,0.0,,0,54,1,,,2977;6202;7315;7530;2803;7558;2806;4344;2996;3013;7322;2804;3061;1173;3425;3125;3406;2825;1944,2977:4532.3434640588775;6202:4536.236556161989;7315:4543.131876161989;7530:4550.3473561619885;2803:4557.902316161989;7558:4565.297316161989;2806:4573.13115616199;4344:4574.33415616199;2996:4576.37763616199;3013:4581.16275616199;7322:4585.17339616199;2804:4588.50015616199;3061:4595.16819616199;1173:4600.76655616199;3425:4601.94951616199;3125:4603.20303616199;3406:4615.55739616199;2825:4618.02711616199;1944:4619.33847616199
0,4,default_vehtype,route,False,4538.050959923378,4654.5841954138605,2972;-1;-1,2990;-1;-1,1039.575804707168,0.9423817971043656,0.9422778395238949,0.0,,0,55,1,,,2972;6079;3446;3720;5332;251;2711;3358;2296;5495;5696;3307;3987;6878;746;2834;2045;2835;2641;7396;2616;486;2838;3722;3732;544;7400;5449;2990,2972:4538.050959923378;6079:4539.429815534944;3446:4542.2532235349445;3720:4545.282911534944;5332:4546.274351534944;251:4547.021927534944;2711:4548.159743534944;3358:4550.374751534944;2296:4558.6757515349445;5495:4558.892591534945;5696:4559.655311534944;3307:4570.393751534944;3987:4577.220911534944;6878:4577.824271534944;746:4578.8922715349445;2834:4582.956671534945;2045:4597.494911534945;2835:4599.859991534944;2641:4609.071071534944;7396:4609.665431534944;2616:4615.027031534944;486:4615.938791534944;2838:4622.263511534944;3722:4625.782751534944;3732:4648.232471534943;544:4650.922031534943;7400:4651.997591534943;5449:4653.196631534944;2990:4654.5841954138605
0,4,default_vehtype,boarding,True,4654.5841954138605,4684.5841954138605,2990;-1;-1,2990;-1;-1,0.0,0.9422778395238949,0.9422778395238949,0.0,,0,55;59,2,59,,,
0,4,default_vehtype,route,False,4684.5841954138605,4730.946882604316,2990;-1;-1,2991;-1;-1,477.01089919476397,0.9422778395238949,0.9422301384339754,0.0,,0,55;59,2,,,2990;2552;4848;3271;4846;4989;5000;337;1075;537;2991,2990:4684.5841954138605;2552:4687.449911534944;4848:4694.930231534943;3271:4700.483351534943;4846:4702.356431534943;4989:4714.628951534944;5000:4719.388511534944;337:4727.148743534944;1075:4728.172583534943;537:4729.126583534943;2991:4730.946882604316
0,0,default_vehtype,route,False,4620.0,4787.171215231362,1944;130;0.277,2991;-1;-1,1653.220232868986,0.9993202165302698,0.9991548945069829,0.0,,0,54,1,,,1944;130;99;4526;714;2800;4332;799;3653;3825;7127;1836;4248;5046;7138;6879;1367;3637;3640;3643;7179;5275;5297;5072;1464;2847;5825;4587;5794;3202;2065;2023;4203;537;2991,1944:4620;130:4621.72611616199;99:4622.20635616199;4526:4630.61595616199;714:4633.41279616199;2800:4635.41919616199;4332:4636.23483616199;799:4637.4157561619895;3653:4642.011996161989;3825:4643.260596161989;7127:4686.820716161989;1836:4688.171676161989;4248:4702.716876161989;5046:4719.057396161988;7138:4720.695996161989;6879:4726.962396161989;1367:4738.455276161989;3637:4740.348396161989;3640:4741.201524161988;3643:4742.265108161989;7179:4745.843508161989;5275:4750.352796161989;5297:4753.73161216199;5072:4753.9618681619895;1464:4760.90238016199;2847:4761.973092161989;5825:4764.87174016199;4587:4767.15205216199;5794:4768.77219616199;3202:4772.89354816199;2065:4778.03780416199;2023:4783.59613216199;4203:4784.39691616199;537:4785.3509161619895;2991:4787.171215231362
0,4,default_vehtype,boarding,True,4730.946882604316,4760.946882604316,2991;-1;-1,2991;-1;-1,0.0,0.9422301384339754,0.9422301384339754,0.0,,0,55;59,2,,55,,
0,0,default_vehtype,boarding,True,4787.171215231362,4817.171215231362,2991;-1;-1,2991;-1;-1,0.0,0.9991548945069829,0.9991548945069829,0.0,,0,54;62,2,62,,,
0,0,default_vehtype,route,False,4817.171215231362,4853.033412627042,2991;-1;-1,2992;-1;-1,498.08607494002206,0.9991548945069829,0.9991050858994889,0.0,,0,54;62,2,,,2991;3010;5631;1068;2559;6740;1717;2067;2063;1937;2992,2991:4817.171215231362;3010:4821.218484161989;5631:4827.067908161989;1068:4829.620308161989;2559:4836.670908161988;6740:4841.141532161988;1717:4846.9752601619875;2067:4847.713044161987;2063:4848.429300161987;1937:4851.699252161987;2992:4853.033412627042
0,0,default_vehtype,boarding,True,4853.033412627042,4883.033412627042,2992;-1;-1,2992;-1;-1,0.0,0.9991050858994889,0.9991050858994889,0,,0,54;62,2,,54,,
0,4,default_vehtype,route,False,4760.946882604316,4952.771048680799,2991;-1;-1,2981;-1;-1,2335.0067446963876,0.9422301384339754,0.9419966377595058,0.0,,0,59,1,,,2991;3010;5658;3008;4585;330;4588;5827;7412;4686;5074;5295;5274;7181;604;603;602;3851;4573;1400;971;598;1368;591;585;940;1370;939;1903;983;3921;840;2881;5099;2878;1735;2581;370;361;2874;1887;4059;910;6541;3462;3648;2851;2850;1801;1560;5242;922;6385;3550;2981,2991:4760.946882604316;3010:4764.994151534943;5658:4765.801751534943;3008:4773.904631534943;4585:4796.232911534943;330:4805.828591534943;4588:4806.400991534943;5827:4808.681303534943;7412:4811.579951534944;4686:4812.650663534943;5074:4819.591175534943;5295:4819.821431534943;5274:4823.200247534944;7181:4827.709535534944;604:4831.287935534944;603:4832.351519534945;602:4833.204647534944;3851:4834.208039534944;4573:4838.514359534944;1400:4840.247039534944;971:4844.045471534943;598:4845.112727534944;1368:4846.073063534944;591:4851.944015534944;585:4865.115263534944;940:4871.695127534944;1370:4878.721751534944;939:4879.418423534944;1903:4880.240015534944;983:4881.222527534944;3921:4885.020671534944;840:4889.581511534944;2881:4896.2121355349445;5099:4897.364999534944;2878:4898.493023534944;1735:4909.477343534943;2581:4910.816759534943;370:4912.399607534943;361:4914.896711534943;2874:4915.4827195349435;1887:4921.138103534943;4059:4923.057407534943;910:4927.573607534943;6541:4928.237735534944;3462:4930.4513755349435;3648:4930.781135534943;2851:4935.455375534943;2850:4936.388735534943;1801:4939.684415534944;1560:4944.424895534944;5242:4946.107535534944;922:4947.023447534944;6385:4950.245087534944;3550:4950.506927534944;2981:4952.771048680799
0,4,default_vehtype,boarding,True,4952.771048680799,4982.771048680799,2981;-1;-1,2981;-1;-1,0.0,0.9419966377595058,0.9419966377595058,0,,0,59,1,,59,,
0,4,default_vehtype,route,False,4982.771048680799,5083.339988799287,2981;-1;-1,2980;-1;-1,794.6363251318754,0.9419966377595058,0.9419171741269926,0.0,,0,,0,,,2981;6320;3549;6384;4032;1804;4811;5237;608;459;2416;4011;5246;363;366;2314;2877;1748;1743;1157;2058;2092;915;2980,2981:4982.771048680799;6320:4986.144167534944;3549:4991.781407534944;6384:4992.043247534944;4032:4995.264887534944;1804:4996.1807995349445;4811:4997.8634395349445;5237:5002.603919534945;608:5011.469999534945;459:5011.799759534944;2416:5014.013399534944;4011:5014.677527534945;5246:5020.602695534944;363:5027.511383534945;366:5028.916463534945;2314:5030.061335534945;2877:5043.232439534945;1748:5044.350959534945;1743:5052.105359534945;1157:5056.844502392088;2058:5062.634330963516;2092:5066.023473820659;915:5071.14164524923;2980:5083.339988799287
0,0,default_vehtype,route,False,4883.033412627042,5134.266939132279,2992;-1;-1,2987;-1;-1,3005.6398681283026,0.9991050858994889,0.998804521912676,0.0,,0,62,1,,,2992;2526;5444;1716;2720;4210;1711;98;2497;7434;2760;542;1074;1071;1070;1069;1067;1504;4396;710;2281;4664;6260;3300;1832;708;6180;2405;6169;2744;2567;2576;3077;3241;88;2758;2742;2448;2353;6140;7386;3742;7100;6318;737;6639;2446;2301;1992;1990;1988;1985;3729;5498;5496;5699;5494;6307;374;7114;3246;5330;661;445;6080;7381;364;3029;3886;5711;6045;2157;4817;456;5901;7605;2830;1420;1084;7357;2826;2827;4225;2987,2992:4883.033412627042;2526:4892.235660161988;5444:4902.772068161988;1716:4905.562428161988;2720:4906.309068161988;4210:4907.207340161988;1711:4908.337020161988;98:4916.952828161988;2497:4918.463460161988;7434:4925.671308161988;2760:4932.209844161988;542:4939.737948161988;1074:4940.671356161988;1071:4941.673884161988;1070:4956.137172161988;1069:4956.875460161988;1067:4959.537516161988;1504:4963.991292161988;4396:4964.217588161988;710:4964.768244161988;2281:4965.773940161988;4664:4969.651932161988;6260:4970.097828161988;3300:4970.696940161988;1832:4973.487156161988;708:4974.026220161988;6180:4974.449652161988;2405:4976.672052161987;6169:4980.149172161987;2744:4984.749732161987;2567:4986.592692161987;2576:4995.081252161986;3077:4997.213892161986;3241:5000.342772161986;88:5002.2696121619865;2758:5004.233052161987;2742:5004.639492161987;2448:5007.825132161986;2353:5014.026012161987;6140:5019.197052161987;7386:5020.539492161987;3742:5028.198492161987;7100:5028.738132161987;6318:5029.216212161987;737:5030.131932161987;6639:5031.981132161986;2446:5033.5524121619865;2301:5035.849452161987;1992:5036.874492161987;1990:5038.571412161988;1988:5041.025412161987;1985:5044.547172161987;3729:5046.8946121619865;5498:5048.292012161986;5496:5051.199252161986;5699:5051.896692161986;5494:5053.000452161986;6307:5053.217292161986;374:5061.518292161986;7114:5063.733300161986;3246:5064.871116161987;5330:5065.6186921619865;661:5066.610132161986;445:5069.639820161986;6080:5072.463228161986;7381:5072.872116161986;364:5073.307500161986;3029:5075.331708161986;3886:5075.829732161987;5711:5078.369316161987;6045:5079.763596161987;2157:5083.952124161987;4817:5084.428908161987;456:5085.043788161987;5901:5085.799356161987;7605:5089.2710521619865;2830:5089.500444161987;1420:5101.205556161986;1084:5104.740540161986;7357:5109.325068161987;2826:5118.5343721619865;2827:5127.7436761619865;4225:5132.328204161987;2987:5134.266939132279
0,4,default_vehtype,boarding,True,5083.339988799287,5113.339988799287,2980;-1;-1,2980;-1;-1,0.0,0.9419171741269926,0.9419171741269926,0.0,,0,65,1,65,,,
0,4,default_vehtype,route,False,5113.339988799287,5160.0,2980;-1;-1,2579;2961;0.040,90.72779955694155,0.9419171741269926,0.941908101347037,0.0,,0,65,1,,,2980;914;2135;1730;2664;2579,2980:5113.339988799287;914:5129.222159534945;2135:5137.173016677802;1730:5152.629359534944;2664:5154.451473820659;2579:5159.327416677802
0,0,default_vehtype,boarding,True,5134.266939132279,5164.266939132279,2987;-1;-1,2987;-1;-1,0.0,0.998804521912676,0.998804521912676,0,,0,62;67,2,67,62,,
0,0,default_vehtype,route,False,5164.266939132279,5291.69273319884,2987;-1;-1,2984;-1;-1,1389.2919531006644,0.998804521912676,0.9986655927173659,0.0,,0,67,1,,,2987;4613;1084;7357;3525;6025;3063;6027;7362;2188;2186;5744;6033;5746;6031;146;2828;2376;3091;4274;880;3109;3874;4306;429;4313;68;7318;7325;3011;4;4345;1199;1204;2996;2984,2987:5164.266939132279;4613:5165.863188161987;1084:5169.398172161987;7357:5173.982700161987;3525:5184.861540161987;6025:5186.603004161987;3063:5187.867684161987;6027:5189.169660161987;7362:5193.177900161987;2188:5199.841068161987;2186:5201.117340161987;5744:5203.132764161987;6033:5204.502204161988;5746:5206.425612161987;6031:5207.917236161988;146:5208.8783641619875;2828:5209.970172161988;2376:5215.472052161987;3091:5228.793780161987;4274:5229.936708161988;880:5230.528044161988;3109:5232.378588161988;3874:5238.242868161988;4306:5250.358428161988;429:5251.760748161988;4313:5252.943708161988;68:5258.542068161988;7318:5265.210108161988;7325:5268.5368681619875;3011:5272.547508161988;4:5277.3326281619875;4345:5279.376108161988;1199:5283.36645101913;1204:5287.356793876273;2996:5289.400273876273;2984:5291.69273319884
0,0,default_vehtype,boarding,True,5291.69273319884,5321.69273319884,2984;-1;-1,2984;-1;-1,0.0,0.9986655927173659,0.9986655927173659,0.0,,0,67,1,,67,,
0,0,default_vehtype,route,False,5321.69273319884,5366.601623241438,2984;-1;-1,2985;-1;-1,386.725802383677,0.9986655927173659,0.9986269201371275,0.0,,0,,0,,,2984;3012;7321;2804;3061;1173;3425;4304;793;118;3979;2985,2984:5321.69273319884;3012:5324.185393876272;7321:5328.196033876273;2804:5331.522793876273;3061:5338.190833876272;1173:5343.789193876272;3425:5344.972153876272;4304:5346.3744738762725;793:5358.490033876273;118:5364.3543138762725;3979:5366.204857876272;2985:5366.601623241438
0,0,default_vehtype,boarding,True,5366.601623241438,5396.601623241438,2985;-1;-1,2985;-1;-1,0.0,0.9986269201371275,0.9986269201371275,0.0,,0,71,1,71,,,
0,0,default_vehtype,route,False,5396.601623241438,5400.0,2985;-1;-1,3109;3874;0.130,42.966754292654635,0.9986269201371275,0.9986226234616983,0.0,,0,71,1,,,2985;1140;880;3109,2985:5396.601623241438;1140:5396.796193876273;880:5397.387529876273;3109:5399.238073876273
0,4,default_vehtype,route,False,5160,5452.288382069544,2579;2961;0.040,2989;-1;-1,2855.597891645946,0.941908101347037,0.9416225415578724,0.0,,0,65,1,,,2579;2961;2407;2581;370;361;2874;1887;4059;910;6541;3462;3648;2851;2850;1801;1560;5242;4277;5239;6501;3911;5389;7301;3914;5398;5400;4040;4041;5374;5418;5424;5403;6546;1200;7312;3767;4527;3089;3131;5447;7352;414;122;3426;4305;793;118;3979;4275;103;6480;7360;3154;6028;5745;6035;5743;6038;6041;7365;6050;6068;6077;3629;4502;6912;2108;7370;7608;5900;3459;4818;5992;6047;5708;3884;3030;3347;7376;2207;3446;3720;5332;251;2711;3358;2296;5495;5696;3307;3987;6878;2989,2579:5160;2961:5176.098273820659;2407:5181.34707382066;2581:5189.834330963517;370:5191.417178963517;361:5193.914282963517;2874:5194.500290963517;1887:5200.1556749635165;4059:5202.0749789635165;910:5206.5911789635165;6541:5207.255306963517;3462:5209.468946963517;3648:5209.798706963516;2851:5214.472946963517;2850:5215.406306963517;1801:5218.701986963517;1560:5223.442466963517;5242:5225.125106963517;4277:5226.713186963518;5239:5232.217826963518;6501:5238.180386963518;3911:5247.535226963518;5389:5248.601066963518;7301:5248.854986963518;3914:5250.038666963518;5398:5251.215506963518;5400:5252.542106963519;4040:5261.846906963518;4041:5264.791226963518;5374:5269.043786963518;5418:5270.0810669635175;5424:5270.224346963518;5403:5271.329666963517;6546:5275.556546963518;1200:5280.165626963518;7312:5281.659386963518;3767:5283.665786963518;4527:5286.462626963518;3089:5294.872226963518;3131:5295.352466963518;5447:5297.740106963518;7352:5299.051466963518;414:5301.521186963518;122:5313.875546963518;3426:5315.129066963518;4305:5316.531386963518;793:5328.6469469635185;118:5334.511226963518;3979:5336.361770963518;4275:5336.953106963519;103:5338.096034963519;6480:5351.417762963519;7360:5356.9196429635185;3154:5358.011450963519;6028:5358.972578963519;5745:5360.464202963519;6035:5362.3876109635185;5743:5363.757050963519;6038:5365.772474963519;6041:5367.048746963519;7365:5373.711914963519;6050:5375.985458963519;6068:5380.2117869635185;6077:5380.857482963518;3629:5382.414770963518;4502:5382.877658963518;6912:5388.026090963518;2108:5389.922498963518;7370:5396.4492269635175;7608:5396.678618963518;5900:5400.150314963517;3459:5400.905882963517;4818:5401.520762963517;5992:5401.997546963517;6047:5406.186074963517;5708:5407.5803549635175;3884:5410.119938963518;3030:5410.617962963518;3347:5412.642170963518;7376:5413.077554963518;2207:5413.486442963518;3446:5416.309850963518;3720:5419.339538963518;5332:5420.330978963518;251:5421.0785549635175;2711:5422.216370963518;3358:5424.431378963518;2296:5432.732378963518;5495:5432.949218963518;5696:5433.711938963518;3307:5444.450378963518;3987:5451.277538963518;6878:5451.880898963518;2989:5452.288382069544
0,4,default_vehtype,boarding,True,5452.288382069544,5482.288382069544,2989;-1;-1,2989;-1;-1,0.0,0.9416225415578724,0.9416225415578724,0,,0,65;70,2,70,,,
0,4,default_vehtype,route,False,5482.288382069544,5521.032499351952,2989;-1;-1,2972;-1;-1,376.01253506691756,0.9416225415578724,0.9415849403043657,0.0,,0,65;70,2,,,2989;3808;6876;885;316;2042;1982;6306;374;7114;3246;5330;661;445;2972,2989:5482.288382069544;3808:5482.948898963517;6876:5484.016898963518;885:5484.620258963518;316:5491.4474189635175;2042:5502.185858963518;1982:5502.948578963517;6306:5503.165418963517;374:5511.466418963518;7114:5513.681426963518;3246:5514.819242963518;5330:5515.566818963518;661:5516.558258963518;445:5519.587946963517;2972:5521.032499351952
0,4,default_vehtype,boarding,True,5521.032499351952,5551.032499351952,2972;-1;-1,2972;-1;-1,0.0,0.9415849403043657,0.9415849403043657,0.0,,0,65;70,2,,65,,
0,0,default_vehtype,route,True,5400.0,5648.4839434415,3109;3874;0.130,2967;-1;-1,2578.8374707081857,0.9986226234616983,0.9983647397146275,0.0,,0,71,1,,,3109;3874;4306;429;3125;3406;2825;1944;130;99;4526;714;2800;4332;799;3653;3825;7127;1836;4248;5046;7138;6879;1367;3637;1339;1395;1399;835;1147;2412;836;1097;738;2470;734;1815;739;1724;1962;1910;164;1354;197;1311;7;1963;1308;482;7613;2611;1307;2876;1960;2967,3109:5400;3874:5405.102353876273;4306:5417.217913876273;429:5418.620233876273;3125:5419.873753876273;3406:5432.228113876274;2825:5434.697833876274;1944:5436.0091938762735;130:5438.396833876273;99:5438.877073876273;4526:5447.286673876273;714:5450.083513876273;2800:5452.089913876273;4332:5452.905553876273;799:5454.086473876273;3653:5458.682713876273;3825:5459.931313876273;7127:5503.491433876273;1836:5504.842393876273;4248:5519.387593876272;5046:5535.728113876272;7138:5537.366713876272;6879:5543.633113876273;1367:5555.125993876272;3637:5557.019113876272;1339:5558.011489876272;1395:5566.548817876273;1399:5568.689521876273;835:5572.266481876273;1147:5573.059057876273;2412:5573.867113876273;836:5574.865897876273;1097:5590.126657876273;738:5590.829305876274;2470:5591.7789858762735;734:5591.987857876274;1815:5592.996073876274;739:5593.836601876274;1724:5610.294289876274;1962:5611.351105876274;1910:5612.173345876275;164:5613.124537876275;1354:5614.081057876275;197:5616.290305876275;1311:5627.8250658762745;7:5631.520033876274;1963:5631.928489876274;1308:5632.289713876275;482:5636.844361876275;7613:5638.168513876275;2611:5642.064865876275;1307:5643.380593876274;2876:5646.0473298762745;1960:5647.031569876274;2967:5648.4839434415
0,0,default_vehtype,boarding,True,5648.4839434415,5678.4839434415,2967;-1;-1,2967;-1;-1,0.0,0.9983647397146275,0.9983647397146275,0.0,,0,71;72,2,72,71,,
0,1,default_vehtype,charging,True,2280.0,5731.423359511282,2980;-1;-1,2980;-1;-1,0.0,0.8561906933536966,0.999999999999997,7.5,1-1,0,,0,,,,
0,4,default_vehtype,route,False,5551.032499351952,5712.588598860407,2972;-1;-1,2977;-1;-1,1792.7123381902636,0.9415849403043657,0.9414056690705467,0.0,,0,70,1,,,2972;6079;7380;364;3029;3886;5711;6045;2157;4817;456;5901;7605;2830;5852;6913;1321;597;2204;6066;6049;7367;2188;2186;5744;6033;5746;6031;146;2828;2376;3091;4274;880;3109;3874;4306;429;4313;68;7318;7325;3011;4;4345;7330;7562;7316;7531;2802;2977,2972:5551.032499351952;6079:5552.411354963518;7380:5552.820242963518;364:5553.255626963518;3029:5555.279834963518;3886:5555.777858963518;5711:5558.317442963518;6045:5559.711722963519;2157:5563.900250963518;4817:5564.377034963519;456:5564.991914963519;5901:5565.747482963518;7605:5569.219178963518;2830:5569.448570963518;5852:5575.975298963518;6913:5577.871706963518;1321:5583.020138963518;597:5583.483026963518;2204:5585.040314963518;6066:5585.686010963517;6049:5589.912338963517;7367:5592.185882963517;2188:5598.849050963517;2186:5600.125322963517;5744:5602.140746963517;6033:5603.510186963517;5746:5605.433594963517;6031:5606.925218963517;146:5607.886346963517;2828:5608.978154963517;2376:5614.480034963517;3091:5627.801762963517;4274:5628.944690963517;880:5629.5360269635175;3109:5631.386570963517;3874:5637.250850963517;4306:5649.366410963517;429:5650.768730963518;4313:5651.951690963518;68:5657.550050963518;7318:5664.218090963517;7325:5667.544850963517;3011:5671.5554909635175;4:5676.340610963517;4345:5678.384090963517;7330:5679.587090963518;7562:5687.420930963518;7316:5694.815930963518;7531:5702.370890963519;2802:5709.586370963519;2977:5712.588598860407
0,4,default_vehtype,boarding,True,5712.588598860407,5742.588598860407,2977;-1;-1,2977;-1;-1,0.0,0.9414056690705467,0.9414056690705467,0.0,,0,70,1,,70,,
0,1,default_vehtype,out_of_service,True,5731.423359511282,5760.0,2980;-1;-1,2980;-1;-1,0.0,0.999999999999997,0.999999999999997,0.0,,0,,0,,,,
0,1,default_vehtype,charging,True,5760.0,5760.000000000072,2980;-1;-1,2980;-1;-1,0.0,0.999999999999997,1.0,7.5,1-1,0,,0,,,,
0,4,default_vehtype,route,False,5742.588598860407,5790.99561426849,2977;-1;-1,2978;-1;-1,403.39179506736787,0.9414056690705467,0.94136532989104,0.0,,0,,0,,,2977;6202;7516;7037;7512;3274;2902;3901;7011;7336;4365;7288;1182;2978,2977:5742.588598860407;6202:5746.481690963518;7516:5747.342810963518;7037:5754.654770963518;7512:5761.888130963518;3274:5773.234130963518;2902:5773.345730963518;3901:5773.813730963518;7011:5775.7946909635175;7336:5778.702170963517;4365:5786.283290963517;7288:5787.406490963517;1182:5788.323410963517;2978:5790.99561426849
0,4,default_vehtype,boarding,True,5790.99561426849,5820.99561426849,2978;-1;-1,2978;-1;-1,0.0,0.94136532989104,0.94136532989104,0,,0,79,1,79,,,
0,0,default_vehtype,route,True,5678.4839434415,5898.862739022131,2967;-1;-1,2981;-1;-1,2961.6368211428808,0.9983647397146275,0.9980685760325132,0.0,,0,72,1,,,2967;3896;6788;5444;1716;2720;4210;1711;98;2497;7434;2760;542;1074;4204;5649;5760;205;5793;1407;5826;7411;4686;5074;5295;5274;7181;604;603;602;3851;4573;1400;971;598;1368;591;585;940;1370;939;1903;983;3921;840;2881;5099;2878;1735;2581;370;361;2874;1887;4059;910;6541;3462;3648;2851;2850;1801;1560;5242;922;6385;3550;2981,2967:5678.4839434415;3896:5684.563489876275;6788:5685.8304738762745;5444:5696.366881876274;1716:5699.157241876274;2720:5699.903881876275;4210:5700.802153876275;1711:5701.931833876275;98:5710.547641876275;2497:5712.058273876275;7434:5719.266121876275;2760:5725.804657876275;542:5733.332761876275;1074:5734.266169876275;4204:5735.247817876275;5649:5736.048601876275;5760:5741.606929876275;205:5746.751185876275;5793:5750.872537876275;1407:5752.492681876275;5826:5754.772993876275;7411:5757.671641876275;4686:5758.742353876275;5074:5765.682865876275;5295:5765.913121876275;5274:5769.291937876275;7181:5773.801225876276;604:5777.379625876276;603:5778.443209876276;602:5779.296337876276;3851:5780.299729876276;4573:5784.606049876275;1400:5786.3387298762755;971:5790.137161876275;598:5791.204417876275;1368:5792.164753876275;591:5798.035705876276;585:5811.206953876275;940:5817.786817876276;1370:5824.813441876276;939:5825.510113876276;1903:5826.331705876276;983:5827.3142178762755;3921:5831.112361876276;840:5835.673201876276;2881:5842.303825876276;5099:5843.456689876276;2878:5844.584713876276;1735:5855.569033876275;2581:5856.908449876275;370:5858.491297876275;361:5860.988401876275;2874:5861.574409876275;1887:5867.229793876275;4059:5869.149097876275;910:5873.665297876275;6541:5874.329425876275;3462:5876.543065876275;3648:5876.872825876275;2851:5881.547065876275;2850:5882.480425876275;1801:5885.776105876275;1560:5890.516585876276;5242:5892.199225876276;922:5893.115137876276;6385:5896.336777876276;3550:5896.598617876276;2981:5898.862739022131
0,0,default_vehtype,boarding,True,5898.862739022131,5928.862739022131,2981;-1;-1,2981;-1;-1,0.0,0.9980685760325132,0.9980685760325132,0.0,,0,72,1,,72,,
0,4,default_vehtype,route,False,5820.99561426849,5980.652829648004,2978;-1;-1,2975;-1;-1,1267.777366257838,0.94136532989104,0.9412385521544143,0.0,,0,79,1,,,2978;4103;4326;7286;4302;5102;7160;7294;2701;3076;4023;7300;3914;5398;5400;4040;4041;5374;5418;5424;5403;6546;1200;7312;3767;4527;3089;3131;5447;7352;414;122;3426;4305;793;118;3979;4275;3068;70;73;4273;880;3109;3874;2975,2978:5820.99561426849;4103:5823.6145709635175;4326:5828.905730963517;7286:5829.822650963517;4302:5831.234450963517;5102:5842.342970963517;7160:5843.798210963517;7294:5852.516690963517;2701:5858.3188109635175;3076:5859.168170963518;4023:5867.041130963517;7300:5868.183290963518;3914:5869.366970963518;5398:5870.543810963518;5400:5871.870410963518;4040:5881.175210963518;4041:5884.119530963518;5374:5888.372090963518;5418:5889.409370963517;5424:5889.552650963517;5403:5890.657970963517;6546:5894.884850963517;1200:5899.493930963517;7312:5900.987690963518;3767:5902.994090963518;4527:5905.790930963518;3089:5914.200530963518;3131:5914.680770963518;5447:5917.068410963518;7352:5918.379770963517;414:5920.849490963517;122:5933.203850963518;3426:5934.457370963518;4305:5935.859690963518;793:5947.975250963518;118:5953.839530963518;3979:5955.690074963518;4275:5956.281410963518;3068:5961.025696677804;70:5963.311696677804;73:5965.597696677804;4273:5970.34198239209;880:5970.933318392091;3109:5972.783862392091;3874:5978.64814239209;2975:5980.652829648004
0,0,default_vehtype,to_depot,True,5928.862739022131,6029.431679140619,2981;-1;-1,2980;-1;-1,794.6363251318755,0.9980685760325132,0.9979891124,0.0,,0,,0,,,2981;6320;3549;6384;4032;1804;4811;5237;608;459;2416;4011;5246;363;366;2314;2877;1748;1743;1157;2058;2092;915;2980,2981:5928.862739022131;6320:5932.235857876276;3549:5937.873097876276;6384:5938.134937876276;4032:5941.356577876276;1804:5942.272489876276;4811:5943.955129876276;5237:5948.695609876277;608:5957.561689876276;459:5957.891449876276;2416:5960.105089876276;4011:5960.769217876276;5246:5966.694385876276;363:5973.6030738762765;366:5975.008153876277;2314:5976.153025876277;2877:5989.324129876277;1748:5990.442649876277;1743:5998.197049876277;1157:6002.936192733419;2058:6008.726021304848;2092:6012.115164161991;915:6017.233335590562;2980:6029.431679140619
0,4,default_vehtype,boarding,True,5980.652829648004,6010.652829648004,2975;-1;-1,2975;-1;-1,0.0,0.9412385521544143,0.9412385521544143,0.0,,0,79,1,,79,,
0,0,default_vehtype,out_of_service,True,6029.431679140619,6060.0,2980;-1;-1,2980;-1;-1,0.0,0.9979891124,0.9979891124,0.0,,0,,0,,,,
0,0,default_vehtype,charging,True,6060,6108.2613024,2980;-1;-1,2980;-1;-1,0.0,0.9979891124,1.0,7.5,1-1,0,,0,,,,
0,4,default_vehtype,route,False,6060,6179.73703604906,2975;-1;-1,2978;-1;-1,997.8086337421619,0.9412385521544143,0.9411387712910401,0.0,,0,,0,,,2975;1166;429;3125;3406;2825;1944;130;99;4526;714;2800;4339;2419;5404;5421;1925;1883;926;925;5399;1905;830;2795;918;3075;7097;7290;2736;1744;1164;2789;1182;2978,2975:6060;1166:6070.110872744087;429:6071.513192744087;3125:6072.766712744087;3406:6085.1210727440875;2825:6087.590792744088;1944:6088.902152744087;130:6091.289792744087;99:6091.770032744087;4526:6100.179632744087;714:6102.976472744087;2800:6104.982872744087;4339:6106.4766327440875;2419:6111.085712744088;5404:6115.312592744088;5421:6116.4179127440875;1925:6116.561192744088;1883:6117.598472744087;926:6121.851032744087;925:6124.795352744087;5399:6134.100152744087;1905:6135.426752744087;830:6136.603592744087;2795:6137.787272744087;918:6138.9294327440875;3075:6146.802392744087;7097:6147.651752744087;7290:6153.453872744088;2736:6162.172352744088;1744:6163.627592744088;1164:6174.736112744088;2789:6176.147912744088;1182:6177.064832744088;2978:6179.73703604906
0,4,default_vehtype,boarding,True,6179.73703604906,6209.73703604906,2978;-1;-1,2978;-1;-1,0.0,0.9411387712910401,0.9411387712910401,0,,0,87,1,87,,,
0,4,default_vehtype,route,False,6209.73703604906,6278.715096747084,2978;-1;-1,2981;-1;-1,459.00231534068763,0.9411387712910401,0.941092871059506,0.0,,0,87,1,,,2978;4103;6297;1434;3820;3877;2787;4993;6537;7281;2307;3549;3552;536;535;533;2981,2978:6209.73703604906;4103:6212.355992744088;6297:6214.715312744088;1434:6220.6743927440875;3820:6225.783032744088;3877:6227.690912744088;2787:6236.483432744088;4993:6237.5324727440875;6537:6243.332312744087;7281:6249.167432744087;2307:6252.686192744087;3549:6258.323432744087;3552:6263.552689886944;536:6267.387204172658;535:6271.221718458372;533:6276.450975601229;2981:6278.715096747084
0,4,default_vehtype,boarding,True,6278.715096747084,6308.715096747084,2981;-1;-1,2981;-1;-1,0.0,0.941092871059506,0.941092871059506,0,,0,87,1,,87,,
0,4,default_vehtype,route,False,6308.715096747084,6471.490671553478,2981;-1;-1,2974;-1;-1,1500.4598469308316,0.941092871059506,0.9409428250748129,0.0,,0,,0,,,2981;6320;3549;6384;4032;1804;4277;5239;6501;3911;5389;7301;3914;5398;5400;4040;4041;5374;5418;5424;5403;6546;1200;7312;3767;4527;3089;3131;5447;7352;414;122;3426;4305;793;118;3979;4275;103;6480;7360;3154;6028;2181;2180;146;2828;2974,2981:6308.715096747084;6320:6312.088215601229;3549:6317.725455601229;6384:6317.98729560123;4032:6321.208935601229;1804:6322.12484760123;4277:6323.71292760123;5239:6329.21756760123;6501:6335.18012760123;3911:6344.53496760123;5389:6345.60080760123;7301:6345.8547276012305;3914:6347.038407601231;5398:6348.215247601231;5400:6349.541847601231;4040:6358.846647601231;4041:6361.7909676012305;5374:6366.04352760123;5418:6367.08080760123;5424:6367.22408760123;5403:6368.32940760123;6546:6372.55628760123;1200:6377.16536760123;7312:6378.6591276012305;3767:6380.665527601231;4527:6383.462367601231;3089:6391.871967601231;3131:6392.3522076012305;5447:6394.73984760123;7352:6396.05120760123;414:6398.52092760123;122:6410.87528760123;3426:6412.128807601231;4305:6413.531127601231;793:6425.646687601231;118:6431.510967601231;3979:6433.361511601231;4275:6433.952847601231;103:6435.095775601231;6480:6448.417503601231;7360:6453.919383601231;3154:6455.011191601231;6028:6455.972319601231;2181:6460.204376744088;2180:6464.436433886945;146:6465.397561886945;2828:6466.4893698869455;2974:6471.490671553478
0,4,default_vehtype,boarding,True,6471.490671553478,6501.490671553478,2974;-1;-1,2974;-1;-1,0.0,0.9409428250748129,0.9409428250748129,0,,0,88,1,88,,,
0,4,default_vehtype,route,False,6501.490671553478,6645.918018541521,2974;-1;-1,2982;-1;-1,1300.2674156418352,0.9409428250748129,0.9408127983332487,0.0,,0,88,1,,,2974;6479;3091;4274;880;3109;3874;4306;429;3125;3406;2825;1944;130;99;4526;714;2800;4339;2419;5404;5421;1925;1883;926;925;5399;1905;830;2795;918;3075;7097;7290;2736;1744;1164;2789;1218;2982,2974:6501.490671553478;6479:6501.991249886945;3091:6515.312977886945;4274:6516.455905886945;880:6517.047241886946;3109:6518.897785886946;3874:6524.7620658869455;4306:6536.877625886946;429:6538.279945886946;3125:6539.533465886946;3406:6551.887825886946;2825:6554.357545886946;1944:6555.668905886946;130:6558.056545886946;99:6558.536785886946;4526:6566.946385886946;714:6569.743225886946;2800:6571.749625886946;4339:6573.243385886946;2419:6577.852465886946;5404:6582.079345886947;5421:6583.184665886946;1925:6583.3279458869465;1883:6584.365225886946;926:6588.617785886946;925:6591.562105886946;5399:6600.8669058869455;1905:6602.193505886946;830:6603.370345886946;2795:6604.554025886946;918:6605.696185886946;3075:6613.569145886946;7097:6614.418505886946;7290:6620.220625886946;2736:6628.939105886946;1744:6630.394345886946;1164:6641.502865886946;2789:6642.914665886946;1218:6644.037865886946;2982:6645.918018541521
0,4,default_vehtype,boarding,True,6645.918018541521,6675.918018541521,2982;-1;-1,2982;-1;-1,0.0,0.9408127983332487,0.9408127983332487,0,,0,88;90,2,90,88,,
0,4,default_vehtype,route,False,6675.918018541521,6723.42332049797,2982;-1;-1,2983;-1;-1,395.8775163037552,0.9408127983332487,0.9407732105816183,0.0,,0,90,1,,,2982;2809;7010;820;7498;276;2915;2661;7517;6201;7314;2983,2982:6675.918018541521;2809:6681.618985886946;7010:6684.5264658869455;820:6686.507425886945;7498:6686.975425886945;276:6687.087025886945;2915:6698.433025886945;2661:6705.666385886945;7517:6712.978345886945;6201:6713.839465886945;7314:6720.734785886944;2983:6723.42332049797
0,4,default_vehtype,boarding,True,6723.42332049797,6753.42332049797,2983;-1;-1,2983;-1;-1,0.0,0.9407732105816183,0.9407732105816183,0.0,,0,90,1,,90,,
0,3,default_vehtype,charging,True,2520,6799.565393045412,2980;-1;-1,2980;-1;-1,0.0,0.8216847752897745,0.9999999999999962,7.5,1-2,0,,0,,,,
0,4,default_vehtype,route,False,6840,6900,2983;-1;-1,4304;793;0.204,499.99999999999136,0.9407732105816183,0.9407232105816183,0.0,,0,,0,,,2983;7527;2803;7558;2806;4344;2996;3013;7322;2804;3061;1173;3425;4304,2983:6840;7527:6844.526945388974;2803:6852.0819053889745;7558:6859.476905388975;2806:6867.310745388975;4344:6868.513745388976;2996:6870.557225388976;3013:6875.342345388975;7322:6879.352985388976;2804:6882.679745388976;3061:6889.347785388975;1173:6894.946145388975;3425:6896.129105388975;4304:6897.531425388976
0,4,default_vehtype,route,False,6900.0,6985.499603446889,4304;793;0.204,2976;-1;-1,649.7972668192936,0.9407232105816183,0.9406582308549364,0.0,,0,,0,,,4304;793;118;3979;4275;3068;70;73;4273;880;3109;3874;4306;429;4313;68;7318;7325;3011;4;4345;7330;2976,4304:6900;793:6909.646985388976;118:6915.5112653889755;3979:6917.361809388975;4275:6917.953145388976;3068:6922.697431103262;70:6924.983431103262;73:6927.269431103262;4273:6932.013716817548;880:6932.605052817548;3109:6934.455596817548;3874:6940.319876817548;4306:6952.435436817548;429:6953.837756817548;4313:6955.020716817548;68:6960.619076817548;7318:6967.287116817548;7325:6970.613876817548;3011:6974.624516817548;4:6979.409636817548;4345:6981.453116817548;7330:6982.6561168175485;2976:6985.499603446889
0,4,default_vehtype,boarding,True,6985.499603446889,7015.499603446889,2976;-1;-1,2976;-1;-1,0.0,0.9406582308549364,0.9406582308549364,0.0,,0,98,1,98,,,
0,3,default_vehtype,route,False,6840.0,7063.594729233602,2980;-1;-1,2991;-1;-1,2191.799930171737,0.9999999999999962,0.9997808200069791,0.0,,0,,0,,,2980;914;2135;1730;2664;2579;2961;2407;2581;370;361;2874;1887;1805;363;366;2314;2877;1748;2880;906;984;2268;1857;1806;1371;938;5442;4054;2205;1369;2047;3631;4079;4572;4577;778;3636;3639;3642;7178;5275;5297;5072;1464;2847;5825;4587;5794;3202;2065;2023;4203;537;2991,2980:6840;914:6855.882170735657;2135:6863.833027878514;1730:6879.289370735657;2664:6881.111485021372;2579:6885.987427878515;2961:6902.758285021372;2407:6908.007085021372;2581:6916.494342164229;370:6918.077190164229;361:6920.574294164229;2874:6921.1603021642295;1887:6926.815686164229;1805:6927.846366164229;363:6934.7550541642295;366:6936.16013416423;2314:6937.30500616423;2877:6950.47611016423;1748:6951.59463016423;2880:6952.75642216423;906:6964.981734164229;984:6967.7514301642295;2268:6968.4992941642295;1857:6968.885214164229;1806:6969.547398164229;1371:6970.217574164229;938:6972.798702164228;5442:6982.519350164229;4054:6990.159342164229;2205:6995.911782164229;1369:7002.35794216423;2047:7003.30099816423;3631:7004.8638301642295;4079:7005.93108616423;4572:7009.729518164229;4577:7011.462198164229;778:7015.768518164229;3636:7016.771910164229;3639:7017.6250381642285;3642:7018.688622164229;7178:7022.267022164229;5275:7026.7763101642295;5297:7030.15512616423;5072:7030.38538216423;1464:7037.32589416423;2847:7038.3966061642295;5825:7041.29525416423;4587:7043.57556616423;5794:7045.19571016423;3202:7049.31706216423;2065:7054.46131816423;2023:7060.01964616423;4203:7060.82043016423;537:7061.77443016423;2991:7063.594729233602
0,4,default_vehtype,route,False,7015.499603446889,7078.7716261827145,2976;-1;-1,2985;-1;-1,539.7519081605719,0.9406582308549364,0.9406042556641203,0.0,,0,98,1,,,2976;7557;2806;4344;2996;3013;7322;2804;3061;1173;3425;4304;793;118;3979;2985,2976:7015.499603446889;7557:7020.489956817549;2806:7028.323796817549;4344:7029.526796817549;2996:7031.57027681755;3013:7036.355396817549;7322:7040.36603681755;2804:7043.69279681755;3061:7050.360836817549;1173:7055.959196817549;3425:7057.142156817549;4304:7058.544476817549;793:7070.66003681755;118:7076.524316817549;3979:7078.374860817549;2985:7078.7716261827145
0,3,default_vehtype,boarding,True,7063.594729233602,7093.594729233602,2991;-1;-1,2991;-1;-1,0.0,0.9997808200069791,0.9997808200069791,0,,0,96,1,96,,,
0,4,default_vehtype,boarding,True,7078.7716261827145,7108.7716261827145,2985;-1;-1,2985;-1;-1,0.0,0.9406042556641203,0.9406042556641203,0,,0,98;95,2,95,,,
0,4,default_vehtype,route,False,7108.7716261827145,7171.443467787843,2985;-1;-1,2987;-1;-1,870.4422445156584,0.9406042556641203,0.9405172114396688,0.0,,0,98;95,2,,,2985;1140;103;6480;7360;3154;6028;5745;6035;5743;6038;6041;7365;2179;3064;6023;3524;7356;4225;2987,2985:7108.7716261827145;1140:7108.96619681755;103:7110.10912481755;6480:7123.43085281755;7360:7128.93273281755;3154:7130.02454081755;6028:7130.98566881755;5745:7132.47729281755;6035:7134.4007008175495;5743:7135.77014081755;6038:7137.78556481755;6041:7139.06183681755;7365:7145.72500481755;2179:7149.73324481755;3064:7151.03522081755;6023:7152.29990081755;3524:7154.04136481755;7356:7164.92020481755;4225:7169.504732817551;2987:7171.443467787843
0,0,default_vehtype,out_of_service,True,6108.2613024,7200.0,2980;-1;-1,2980;-1;-1,0.0,1.0,1.0,0.0,,0,,0,,,,
0,1,default_vehtype,out_of_service,True,5760.000000000072,7200.0,2980;-1;-1,2980;-1;-1,0.0,1.0,1.0,0.0,,0,,0,,,,
0,4,default_vehtype,boarding,True,7171.443467787843,7201.443467787843,2987;-1;-1,2987;-1;-1,0.0,0.9405172114396688,0.9405172114396688,0.0,,0,98;95,2,,95,,
0,4,default_vehtype,route,False,7201.443467787843,7233.065940374572,2987;-1;-1,2988;-1;-1,439.20100814900826,0.9405172114396688,0.9404732913388539,0.0,,0,98,1,,,2987;4613;7368;7606;5900;3459;4818;5992;6047;5708;3884;3030;3347;7376;2207;2988,2987:7201.443467787843;4613:7203.0397168175505;7368:7214.74482881755;7606:7214.97422081755;5900:7218.44591681755;3459:7219.2014848175495;4818:7219.81636481755;5992:7220.29314881755;6047:7224.48167681755;5708:7225.87595681755;3884:7228.41554081755;3030:7228.913564817551;3347:7230.9377728175505;7376:7231.373156817551;2207:7231.782044817551;2988:7233.065940374572
0,4,default_vehtype,boarding,True,7233.065940374572,7263.065940374572,2988;-1;-1,2988;-1;-1,0.0,0.9404732913388539,0.9404732913388539,0.0,,0,98;99,2,99,,,
0,4,default_vehtype,route,False,7263.065940374572,7266.050005205985,2988;-1;-1,2972;-1;-1,41.44534488073482,0.9404732913388539,0.9404691468043659,0.0,,0,98;99,2,,,2988;3447;2972,2988:7263.065940374572;3447:7264.605452817551;2972:7266.050005205985
0,4,default_vehtype,boarding,True,7266.050005205985,7296.050005205985,2972;-1;-1,2972;-1;-1,0.0,0.9404691468043659,0.9404691468043659,0.0,,0,98;99,2,,98,,
0,2,default_vehtype,charging,True,1920.0,7405.192704187378,2980;-1;-1,2980;-1;-1,0.0,0.7714503039921926,0.9999999999999951,7.5,1-0,0,,0,,,,
0,3,default_vehtype,route,False,7093.594729233602,7385.838948775253,2991;-1;-1,2983;-1;-1,3171.84052357281,0.9997808200069791,0.9994636359546218,0.0,,0,96,1,,,2991;3010;5658;3008;4585;330;4588;5827;7412;4686;5074;5295;5274;7181;604;603;602;3851;4573;1400;971;598;1368;591;585;940;1370;939;1903;983;3921;840;2881;5099;2878;1735;2581;370;361;2874;1887;4059;910;6541;3462;3648;2851;2850;1801;1560;5242;922;6385;3550;6322;7280;2411;1661;7283;796;751;4635;6299;4102;4325;7285;1218;7334;7010;820;7498;276;2915;2661;7517;6201;7314;2983,2991:7093.594729233602;3010:7097.641998164229;5658:7098.449598164229;3008:7106.55247816423;4585:7128.8807581642295;330:7138.47643816423;4588:7139.04883816423;5827:7141.32915016423;7412:7144.22779816423;4686:7145.29851016423;5074:7152.23902216423;5295:7152.46927816423;5274:7155.84809416423;7181:7160.35738216423;604:7163.935782164231;603:7164.999366164231;602:7165.852494164231;3851:7166.8558861642305;4573:7171.16220616423;1400:7172.89488616423;971:7176.69331816423;598:7177.76057416423;1368:7178.72091016423;591:7184.59186216423;585:7197.76311016423;940:7204.34297416423;1370:7211.36959816423;939:7212.06627016423;1903:7212.887862164231;983:7213.87037416423;3921:7217.668518164231;840:7222.229358164231;2881:7228.859982164231;5099:7230.012846164231;2878:7231.14087016423;1735:7242.12519016423;2581:7243.46460616423;370:7245.04745416423;361:7247.54455816423;2874:7248.13056616423;1887:7253.78595016423;4059:7255.70525416423;910:7260.22145416423;6541:7260.88558216423;3462:7263.09922216423;3648:7263.42898216423;2851:7268.10322216423;2850:7269.03658216423;1801:7272.33226216423;1560:7277.0727421642305;5242:7278.7553821642305;922:7279.671294164231;6385:7282.892934164231;3550:7283.154774164231;6322:7288.792014164231;7280:7292.310774164231;2411:7298.14589416423;1661:7303.94573416423;7283:7304.99477416423;796:7313.78729416423;751:7315.69517416423;4635:7320.80381416423;6299:7326.76289416423;4102:7329.122214164229;4325:7334.413374164229;7285:7335.330294164229;1218:7336.453494164229;7334:7344.0346141642285;7010:7346.942094164228;820:7348.923054164228;7498:7349.391054164228;276:7349.502654164228;2915:7360.848654164228;2661:7368.082014164228;7517:7375.393974164228;6201:7376.255094164228;7314:7383.150414164227;2983:7385.838948775253
0,3,default_vehtype,boarding,True,7385.838948775253,7415.838948775253,2983;-1;-1,2983;-1;-1,0.0,0.9994636359546218,0.9994636359546218,0.0,,0,96,1,,96,,
0,4,default_vehtype,route,False,7296.050005205985,7385.33572154939,2972;-1;-1,2971;-1;-1,812.5131451482082,0.9404691468043659,0.940387895489851,0.0,,0,99,1,,,2972;6079;3446;3720;5332;251;2711;3358;2296;5495;5696;3307;3987;2396;886;808;1372;807;1375;108;1376;1380;373;2390;7391;5704;7389;2971,2972:7296.050005205985;6079:7297.428860817551;3446:7300.252268817551;3720:7303.281956817551;5332:7304.273396817551;251:7305.0209728175505;2711:7306.158788817551;3358:7308.373796817551;2296:7316.674796817551;5495:7316.891636817551;5696:7317.654356817551;3307:7328.392796817551;3987:7335.219956817551;2396:7336.525916817551;886:7342.163516817551;808:7342.629716817551;1372:7343.49263681755;807:7344.59651681755;1375:7346.28071681755;108:7348.42115681755;1376:7350.221396817549;1380:7352.237996817549;373:7361.798996817549;2390:7364.343716817549;7391:7365.744356817549;5704:7368.109436817548;7389:7382.647676817548;2971:7385.33572154939
0,4,default_vehtype,boarding,True,7385.33572154939,7415.33572154939,2971;-1;-1,2971;-1;-1,0.0,0.940387895489851,0.940387895489851,0.0,,0,99,1,,99,,
