operator_id,vehicle_id,vehicle_type,status,locked,start_time,end_time,start_pos,end_pos,driven_distance,start_soc,end_soc,charging_power,charging_unit,toll,rq_on_board,occupancy,rq_boarding,rq_alighting,route,trajectory
0,0,default_vehtype,route,False,60.0,146.9594704036222,256;-1;-1,2973;-1;-1,654.7105651296729,0.6917207594128889,0.6916552883563759,0.0,,0,,0,,,256;2030;3245;5329;661;445;6080;7381;364;3029;3886;5711;6045;2157;4817;456;5901;7605;2830;1420;1084;2973,256:60;2030:102.84925714285714;3245:106.30268571428572;5329:107.05026171428571;661:108.04170171428571;445:111.07138971428571;6080:113.89479771428572;7381:114.30368571428572;364:114.73906971428572;3029:116.76327771428572;3886:117.26130171428572;5711:119.80088571428573;6045:121.19516571428572;2157:125.38369371428573;4817:125.86047771428572;456:126.47535771428572;5901:127.23092571428572;7605:130.70262171428573;2830:130.93201371428572;1420:142.63712571428573;1084:146.17210971428574;2973:146.9594704036222
0,0,default_vehtype,boarding,True,146.9594704036222,176.9594704036222,2973;-1;-1,2973;-1;-1,0.0,0.6916552883563759,0.6916552883563759,0.0,,0,0,1,0,,,
0,1,default_vehtype,route,False,60.0,129.18022469987815,256;-1;-1,2988;-1;-1,309.06088273640285,0.8575946831862098,0.8575637770979362,0.0,,0,,0,,,256;2030;3245;5329;661;445;6080;7381;364;3029;69;30;3346;2832;2207;2988,256:60;2030:102.84925714285714;3245:106.30268571428572;5329:107.05026171428571;661:108.04170171428571;445:111.07138971428571;6080:113.89479771428572;7381:114.30368571428572;364:114.73906971428572;3029:116.76327771428572;69:120.89556342857144;30:125.02784914285715;3346:127.05205714285715;2832:127.48744114285715;2207:127.89632914285716;2988:129.18022469987815
0,1,default_vehtype,boarding,True,129.18022469987815,159.18022469987815,2988;-1;-1,2988;-1;-1,0.0,0.8575637770979362,0.8575637770979362,0.0,,0,2,1,2,,,
0,8,default_vehtype,route,False,60,230.60133076233936,256;-1;-1,2969;-1;-1,1351.2104034451893,0.8995792821083618,0.8994441610680173,0.0,,0,,0,,,256;2030;3245;7113;3358;2296;5495;5697;5497;5500;670;5502;5512;5520;5531;6313;6632;6644;3793;6319;7102;3741;7384;6414;5446;2447;2571;42;2577;2566;3033;3036;2469;2404;2235;3762;5287;310;2280;1447;6261;3764;4397;4745;4182;4187;4191;4195;4202;336;2969,256:60;2030:102.84925714285714;3245:106.30268571428572;7113:107.44050171428572;3358:109.65550971428571;2296:117.95650971428572;5495:118.17334971428572;5697:119.27710971428571;5497:119.97454971428571;5500:122.88178971428572;670:124.27918971428572;5502:126.62662971428573;5512:130.1483897142857;5520:132.60238971428572;5531:134.29930971428573;6313:135.32434971428572;6632:137.62138971428573;6644:139.19266971428573;3793:141.04186971428572;6319:141.95758971428572;7102:142.43566971428572;3741:142.97530971428571;7384:150.6343097142857;6414:155.8414697142857;5446:158.1092297142857;2447:162.0453497142857;2571:169.6342697142857;42:174.3022697142857;2577:174.9747497142857;2566:183.57382971428572;3033:184.2047897142857;3036:186.47434971428572;2469:190.06666971428572;2404:193.39018971428573;2235:194.67358971428573;3762:195.09702171428572;5287:195.6360857142857;310:198.4263017142857;2280:199.0254137142857;1447:199.4713097142857;6261:203.3493017142857;3764:204.3549977142857;4397:204.9056537142857;4745:205.1319497142857;4182:209.5857257142857;4187:212.2477817142857;4191:212.98606971428572;4195:227.44935771428572;4202:228.45188571428574;336:229.47500571428574;2969:230.60133076233936
0,1,default_vehtype,route,False,159.18022469987815,293.56236777219675,2988;-1;-1,2976;-1;-1,1582.8408391747612,0.8575637770979362,0.8574054930140188,0.0,,0,2,1,,,2988;3447;6082;7383;364;3029;3886;5711;6045;2157;4817;456;5901;7605;2830;5852;6913;1321;597;2204;6066;6049;7367;2188;2186;5744;6033;5746;6031;146;2828;2376;3091;4274;880;3109;3874;4306;429;4313;68;7318;7325;3011;4;4345;7330;2976,2988:159.18022469987815;3447:160.71973714285716;6082:163.54314514285716;7383:163.95203314285715;364:164.38741714285715;3029:166.41162514285713;3886:166.90964914285712;5711:169.4492331428571;6045:170.84351314285712;2157:175.0320411428571;4817:175.50882514285712;456:176.12370514285712;5901:176.87927314285713;7605:180.35096914285714;2830:180.58036114285713;5852:187.10708914285712;6913:189.00349714285713;1321:194.1519291428571;597:194.6148171428571;2204:196.1721051428571;6066:196.8178011428571;6049:201.0441291428571;7367:203.31767314285707;2188:209.9808411428571;2186:211.2571131428571;5744:213.2725371428571;6033:214.6419771428571;5746:216.56538514285708;6031:218.05700914285708;146:219.01813714285709;2828:220.10994514285707;2376:225.61182514285707;3091:238.93355314285708;4274:240.0764811428571;880:240.6678171428571;3109:242.51836114285712;3874:248.38264114285712;4306:260.4982011428571;429:261.9005211428571;4313:263.08348114285707;68:268.6818411428571;7318:275.3498811428571;7325:278.6766411428571;3011:282.6872811428571;4:287.4724011428571;4345:289.5158811428571;7330:290.7188811428571;2976:293.56236777219675
0,4,default_vehtype,route,False,240.0,292.51594210271963,256;-1;-1,2972;-1;-1,176.32822761713766,0.8229470565333281,0.8229294237105664,0.0,,0,,0,,,256;2030;3245;5329;661;445;2972,256:240;2030:282.84925714285714;3245:286.3026857142857;5329:287.0502617142857;661:288.0417017142857;445:291.0713897142857;2972:292.51594210271963
0,8,default_vehtype,boarding,True,230.60133076233936,260.60133076233933,2969;-1;-1,2969;-1;-1,0.0,0.8994441610680173,0.8994441610680173,0.0,,0,1,1,1,,,
0,5,default_vehtype,route,False,240.0,300.0,256;-1;-1,5711;6045;0.143,280.2734761904772,0.9350060741234096,0.9349780467757905,0.0,,0,,0,,,256;2030;3245;5329;661;445;6080;7381;364;3029;3886;5711,256:240;2030:282.84925714285714;3245:286.3026857142857;5329:287.0502617142857;661:288.0417017142857;445:291.0713897142857;6080:293.8947977142857;7381:294.3036857142857;364:294.7390697142857;3029:296.76327771428566;3886:297.26130171428565;5711:299.80088571428564
0,1,default_vehtype,boarding,True,293.56236777219675,323.56236777219675,2976;-1;-1,2976;-1;-1,0.0,0.8574054930140188,0.8574054930140188,0.0,,0,2,1,,2,,
0,1,default_vehtype,route,False,323.56236777219675,341.92550046542414,2976;-1;-1,2984;-1;-1,153.0261057768949,0.8574054930140188,0.8573901904034411,0.0,,0,,0,,,2976;7557;2806;4344;2996;2984,2976:323.56236777219675;7557:328.5527211428571;2806:336.3865611428571;4344:337.58956114285706;2996:339.63304114285705;2984:341.92550046542414
0,3,default_vehtype,route,False,180.0,352.2078327836586,256;-1;-1,2991;-1;-1,1373.5229315190693,0.7644474598764522,0.7643101075833003,0.0,,0,,0,,,256;2030;3245;7113;3358;2296;5495;5697;5497;5500;670;5502;5512;5520;5531;6313;6632;6644;3793;6319;7102;3741;7384;6414;5446;2447;2571;42;2577;2566;3033;3036;2469;2404;2235;3762;5287;310;2280;1447;6261;3764;4397;4745;4182;4187;4191;4195;4202;4208;537;2991,256:180;2030:222.84925714285714;3245:226.3026857142857;7113:227.4405017142857;3358:229.6555097142857;2296:237.9565097142857;5495:238.17334971428568;5697:239.27710971428567;5497:239.97454971428567;5500:242.88178971428567;670:244.27918971428568;5502:246.62662971428568;5512:250.14838971428568;5520:252.6023897142857;5531:254.2993097142857;6313:255.3243497142857;6632:257.62138971428567;6644:259.19266971428567;3793:261.04186971428567;6319:261.9575897142857;7102:262.43566971428567;3741:262.9753097142857;7384:270.6343097142857;6414:275.84146971428567;5446:278.1092297142857;2447:282.0453497142857;2571:289.63426971428567;42:294.30226971428567;2577:294.9747497142857;2566:303.5738297142857;3033:304.2047897142857;3036:306.4743497142857;2469:310.0666697142857;2404:313.39018971428567;2235:314.67358971428564;3762:315.09702171428563;5287:315.6360857142856;310:318.4263017142856;2280:319.0254137142856;1447:319.4713097142856;6261:323.3493017142856;3764:324.3549977142856;4397:324.9056537142856;4745:325.1319497142856;4182:329.5857257142856;4187:332.2477817142856;4191:332.98606971428563;4195:347.4493577142856;4202:348.4518857142856;4208:349.4335337142856;537:350.3875337142856;2991:352.2078327836586
0,4,default_vehtype,boarding,True,292.51594210271963,322.51594210271963,2972;-1;-1,2972;-1;-1,0.0,0.8229294237105664,0.8229294237105664,0.0,,0,8,1,8,,,
0,8,default_vehtype,route,False,260.60133076233933,307.58479355230037,2969;-1;-1,2970;-1;-1,456.0682952049328,0.8994441610680173,0.8993985542384968,0.0,,0,1,1,,,2969;7192;1664;1659;4844;3270;4850;6823;1946;7401;3560;2970,2969:260.60133076233933;7192:264.2049737142857;1664:267.4588697142857;1659:272.2184297142857;4844:284.4909497142857;3270:286.3640297142857;4850:291.9171497142857;6823:299.3974697142857;1946:303.6507497142857;7401:304.84978971428575;3560:305.92534971428574;2970:307.58479355230037
0,8,default_vehtype,boarding,True,307.58479355230037,337.58479355230037,2970;-1;-1,2970;-1;-1,0.0,0.8993985542384968,0.8993985542384968,0.0,,0,1;6,2,6,,,
0,0,default_vehtype,route,False,176.9594704036222,387.2950732373649,2973;-1;-1,2968;-1;-1,2456.1351504686504,0.6916552883563759,0.6914096748413291,0.0,,0,0,1,,,2973;7354;4225;4614;7369;7607;5900;3459;4818;5992;6047;5708;3884;3030;3347;7376;2207;3446;3720;5332;251;2711;3358;2296;5495;5697;5497;5500;670;5502;5512;5520;5531;6313;6632;6644;3793;6319;7102;3741;7384;6414;5446;2447;2571;42;2577;2566;3033;3036;2469;2404;2235;3762;5287;310;2280;1447;6261;3764;4397;4745;4182;4187;4191;4195;4202;4208;537;18;5629;1068;2559;6740;1717;2067;2720;4210;1711;2968,2973:176.9594704036222;7354:180.75663771428574;4225:185.34116571428575;4614:188.87614971428576;7369:200.58126171428574;7607:200.81065371428573;5900:204.28234971428574;3459:205.03791771428575;4818:205.65279771428575;5992:206.12958171428576;6047:210.31810971428575;5708:211.71238971428576;3884:214.25197371428575;3030:214.74999771428574;3347:216.77420571428573;7376:217.20958971428573;2207:217.61847771428572;3446:220.44188571428572;3720:223.4715737142857;5332:224.46301371428572;251:225.21058971428573;2711:226.34840571428572;3358:228.56341371428573;2296:236.86441371428572;5495:237.0812537142857;5697:238.1850137142857;5497:238.8824537142857;5500:241.7896937142857;670:243.1870937142857;5502:245.53453371428571;5512:249.05629371428572;5520:251.51029371428572;5531:253.20721371428573;6313:254.23225371428572;6632:256.5292937142857;6644:258.1005737142857;3793:259.9497737142857;6319:260.8654937142857;7102:261.3435737142857;3741:261.8832137142857;7384:269.5422137142857;6414:274.7493737142857;5446:277.0171337142857;2447:280.9532537142857;2571:288.5421737142857;42:293.2101737142857;2577:293.8826537142857;2566:302.4817337142857;3033:303.11269371428574;3036:305.38225371428575;2469:308.9745737142857;2404:312.2980937142857;2235:313.58149371428567;3762:314.00492571428566;5287:314.54398971428566;310:317.33420571428564;2280:317.93331771428564;1447:318.37921371428564;6261:322.25720571428565;3764:323.26290171428565;4397:323.81355771428565;4745:324.03985371428564;4182:328.49362971428565;4187:331.15568571428565;4191:331.89397371428566;4195:346.35726171428564;4202:347.3597897142856;4208:348.34143771428563;537:349.29543771428564;18:355.16300571428565;5629:361.01242971428564;1068:363.5648297142856;2559:370.6154297142856;6740:375.0860537142856;1717:380.9197817142856;2067:381.65756571428557;2720:382.4209817142856;4210:383.3192537142856;1711:384.4489337142856;2968:387.2950732373649
0,0,default_vehtype,boarding,True,387.2950732373649,417.2950732373649,2968;-1;-1,2968;-1;-1,0.0,0.6914096748413291,0.6914096748413291,0.0,,0,0,1,,0,,
0,1,default_vehtype,boarding,True,341.92550046542414,371.92550046542414,2984;-1;-1,2984;-1;-1,0.0,0.8573901904034411,0.8573901904034411,0.0,,0,4,1,4,,,
0,2,default_vehtype,route,False,120.0,405.09888729234393,256;-1;-1,2979;-1;-1,2458.554203626677,0.916309922773969,0.9160640673536063,0.0,,0,,0,,,256;2030;3245;5329;661;445;6080;7381;364;3029;3886;5711;6045;2157;4817;456;5901;7605;2830;5852;6913;1321;597;2204;6066;6049;7367;2188;2186;5744;6033;5746;6031;146;2828;2376;3091;4274;880;3109;3874;4306;429;3125;3406;2825;1944;130;99;4526;714;2800;4339;2419;5404;5421;1925;1883;926;925;5399;1905;830;2795;1891;827;6499;1803;1141;5241;922;6385;3550;6322;7280;2411;6281;2286;2287;6538;2979,256:120;2030:162.84925714285714;3245:166.3026857142857;5329:167.0502617142857;661:168.04170171428572;445:171.07138971428571;6080:173.89479771428572;7381:174.3036857142857;364:174.7390697142857;3029:176.7632777142857;3886:177.26130171428568;5711:179.80088571428567;6045:181.19516571428568;2157:185.38369371428567;4817:185.86047771428568;456:186.47535771428568;5901:187.2309257142857;7605:190.7026217142857;2830:190.9320137142857;5852:197.45874171428568;6913:199.3551497142857;1321:204.5035817142857;597:204.9664697142857;2204:206.5237577142857;6066:207.16945371428568;6049:211.39578171428568;7367:213.66932571428566;2188:220.33249371428568;2186:221.60876571428568;5744:223.62418971428568;6033:224.99362971428567;5746:226.91703771428567;6031:228.40866171428567;146:229.36978971428567;2828:230.46159771428566;2376:235.96347771428566;3091:249.28520571428567;4274:250.42813371428568;880:251.0194697142857;3109:252.8700137142857;3874:258.7342937142857;4306:270.8498537142857;429:272.2521737142857;3125:273.50569371428566;3406:285.86005371428564;2825:288.32977371428564;1944:289.6411337142856;130:292.0287737142856;99:292.5090137142856;4526:300.9186137142856;714:303.71545371428556;2800:305.72185371428554;4339:307.21561371428555;2419:311.82469371428556;5404:316.05157371428555;5421:317.15689371428556;1925:317.30017371428556;1883:318.3374537142856;926:322.5900137142856;925:325.5343337142856;5399:334.8391337142856;1905:336.1657337142856;830:337.3425737142856;2795:338.5262537142856;1891:338.7801737142856;827:339.84601371428556;6499:349.2008537142856;1803:355.1634137142856;1141:360.6680537142856;5241:362.25613371428557;922:363.17204571428556;6385:366.39368571428554;3550:366.65552571428555;6322:372.29276571428557;7280:375.81152571428555;2411:381.64664571428557;6281:386.69075999999984;2286:391.4576742857141;2287:396.2245885714284;6538:401.26870285714267;2979:405.09888729234393
0,3,default_vehtype,boarding,True,352.2078327836586,382.2078327836586,2991;-1;-1,2991;-1;-1,0.0,0.7643101075833003,0.7643101075833003,0.0,,0,7,1,7,,,
0,3,default_vehtype,route,False,382.2078327836586,418.0700301793401,2991;-1;-1,2992;-1;-1,498.08607494002206,0.7643101075833003,0.7642602989758063,0.0,,0,7,1,,,2991;3010;5631;1068;2559;6740;1717;2067;2063;1937;2992,2991:382.2078327836586;3010:386.2551017142856;5631:392.1045257142856;1068:394.6569257142856;2559:401.70752571428557;6740:406.17814971428555;1717:412.01187771428556;2067:412.74966171428554;2063:413.4659177142855;1937:416.7358697142855;2992:418.0700301793401
0,6,default_vehtype,route,False,300.0,415.4628993808185,256;-1;-1,2974;-1;-1,1050.5915231462886,0.5435646498507704,0.5434595906984557,0.0,,0,,0,,,256;2030;3245;5329;661;445;6080;7381;364;3029;3886;5711;6045;2157;4817;456;5901;7605;2830;5852;6913;1321;597;2204;6066;6049;7367;2188;2186;5744;6033;5746;6031;146;2828;2974,256:300;2030:342.84925714285714;3245:346.3026857142857;5329:347.0502617142857;661:348.0417017142857;445:351.0713897142857;6080:353.8947977142857;7381:354.3036857142857;364:354.7390697142857;3029:356.76327771428566;3886:357.26130171428565;5711:359.80088571428564;6045:361.1951657142856;2157:365.38369371428564;4817:365.86047771428565;456:366.4753577142857;5901:367.23092571428566;7605:370.70262171428567;2830:370.9320137142857;5852:377.4587417142857;6913:379.3551497142857;1321:384.5035817142857;597:384.9664697142857;2204:386.52375771428575;6066:387.16945371428574;6049:391.39578171428576;7367:393.6693257142858;2188:400.33249371428576;2186:401.60876571428577;5744:403.62418971428576;6033:404.99362971428576;5746:406.91703771428575;6031:408.40866171428576;146:409.36978971428573;2828:410.46159771428574;2974:415.4628993808185
0,0,default_vehtype,route,False,420.0,451.6376415249743,2968;-1;-1,2969;-1;-1,439.4116878468658,0.6914096748413291,0.6913657336725444,0.0,,0,,0,,,2968;98;2497;7434;2760;542;1074;336;2969,2968:420;98:425.7696684769207;2497:427.2803004769207;7434:434.4881484769207;2760:441.0266844769207;542:448.5547884769207;1074:449.4881964769207;336:450.5113164769207;2969:451.6376415249743
0,2,default_vehtype,boarding,True,405.09888729234393,435.09888729234393,2979;-1;-1,2979;-1;-1,0.0,0.9160640673536063,0.9160640673536063,0.0,,0,3,1,3,,,
0,2,default_vehtype,route,False,435.09888729234393,466.65148686014044,2979;-1;-1,2981;-1;-1,147.12347258878,0.9160640673536063,0.9160493550063474,0.0,,0,3,1,,,2979;2786;2307;3549;3552;536;535;533;2981,2979:435.09888729234393;2786:437.1038228571427;2307:440.6225828571427;3549:446.2598228571427;3552:451.48907999999983;536:455.32359428571414;535:459.15810857142844;533:464.3873657142856;2981:466.65148686014044
0,3,default_vehtype,boarding,True,418.0700301793401,448.0700301793401,2992;-1;-1,2992;-1;-1,0.0,0.7642602989758063,0.7642602989758063,0.0,,0,7,1,,7,,
0,5,default_vehtype,route,False,300.0,432.1841587511386,5711;6045;0.143,2984;-1;-1,1455.3803514975816,0.9349780467757905,0.9348325087406408,0.0,,0,,0,,,5711;6045;2157;4817;456;5901;7605;2830;5852;6913;1321;597;2204;6066;6049;7367;2188;2186;5744;6033;5746;6031;146;2828;2376;3091;4274;880;3109;3874;4306;429;4313;68;7318;7325;3011;4;4345;1199;1204;2996;2984,5711:300;6045:301.1951657142856;2157:305.38369371428564;4817:305.86047771428565;456:306.4753577142857;5901:307.23092571428566;7605:310.70262171428567;2830:310.9320137142857;5852:317.4587417142857;6913:319.3551497142857;1321:324.5035817142857;597:324.9664697142857;2204:326.52375771428575;6066:327.16945371428574;6049:331.39578171428576;7367:333.6693257142858;2188:340.33249371428576;2186:341.60876571428577;5744:343.62418971428576;6033:344.99362971428576;5746:346.91703771428575;6031:348.40866171428576;146:349.36978971428573;2828:350.46159771428574;2376:355.9634777142858;3091:369.2852057142858;4274:370.42813371428576;880:371.0194697142858;3109:372.8700137142858;3874:378.7342937142858;4306:390.8498537142858;429:392.2521737142858;4313:393.43513371428577;68:399.0334937142858;7318:405.7015337142858;7325:409.0282937142858;3011:413.0389337142858;4:417.8240537142858;4345:419.8675337142858;1199:423.8578765714287;1204:427.84821942857155;2996:429.89169942857154;2984:432.1841587511386
0,5,default_vehtype,boarding,True,432.1841587511386,462.1841587511386,2984;-1;-1,2984;-1;-1,0.0,0.9348325087406408,0.9348325087406408,0.0,,0,11,1,11,,,
0,6,default_vehtype,boarding,True,415.4628993808185,445.4628993808185,2974;-1;-1,2974;-1;-1,0.0,0.5434595906984557,0.5434595906984557,0.0,,0,9,1,9,,,
0,10,default_vehtype,route,False,360.0,446.9594704036221,256;-1;-1,2973;-1;-1,654.7105651296729,0.9458865003910399,0.9458210293345269,0.0,,0,,0,,,256;2030;3245;5329;661;445;6080;7381;364;3029;3886;5711;6045;2157;4817;456;5901;7605;2830;1420;1084;2973,256:360;2030:402.84925714285714;3245:406.3026857142857;5329:407.0502617142857;661:408.0417017142857;445:411.0713897142857;6080:413.8947977142857;7381:414.3036857142857;364:414.7390697142857;3029:416.76327771428566;3886:417.26130171428565;5711:419.80088571428564;6045:421.1951657142856;2157:425.38369371428564;4817:425.86047771428565;456:426.4753577142857;5901:427.23092571428566;7605:430.70262171428567;2830:430.9320137142857;1420:442.6371257142857;1084:446.1721097142857;2973:446.9594704036221
0,10,default_vehtype,boarding,True,446.9594704036221,476.9594704036221,2973;-1;-1,2973;-1;-1,0.0,0.9458210293345269,0.9458210293345269,0.0,,0,14,1,14,,,
0,0,default_vehtype,boarding,True,451.6376415249743,481.6376415249743,2969;-1;-1,2969;-1;-1,0.0,0.6913657336725444,0.6913657336725444,0.0,,0,15,1,15,,,
0,2,default_vehtype,boarding,True,466.65148686014044,496.65148686014044,2981;-1;-1,2981;-1;-1,0.0,0.9160493550063474,0.9160493550063474,0.0,,0,3;5,2,5,,,
0,4,default_vehtype,route,False,322.51594210271963,529.8902463688605,2972;-1;-1,2982;-1;-1,2174.5307111709863,0.8229294237105664,0.8227119706394493,0.0,,0,8,1,,,2972;6079;7380;364;3029;3886;5711;6045;2157;4817;456;5901;7605;2830;5852;6913;1321;597;2204;6066;6049;7367;2188;2186;5744;6033;5746;6031;146;2828;2376;3091;4274;880;3109;3874;4306;429;3125;3406;2825;1944;130;99;4526;714;2800;4339;2419;5404;5421;1925;1883;926;925;5399;1905;830;2795;918;3075;7097;7290;2736;1744;1164;2789;1218;2982,2972:322.51594210271963;6079:323.89479771428574;7380:324.30368571428573;364:324.73906971428573;3029:326.7632777142857;3886:327.2613017142857;5711:329.8008857142857;6045:331.1951657142857;2157:335.3836937142857;4817:335.8604777142857;456:336.47535771428574;5901:337.2309257142857;7605:340.7026217142857;2830:340.93201371428574;5852:347.45874171428574;6913:349.35514971428574;1321:354.50358171428576;597:354.9664697142858;2204:356.5237577142858;6066:357.1694537142858;6049:361.3957817142858;7367:363.66932571428583;2188:370.3324937142858;2186:371.6087657142858;5744:373.6241897142858;6033:374.9936297142858;5746:376.9170377142858;6031:378.4086617142858;146:379.3697897142858;2828:380.4615977142858;2376:385.9634777142858;3091:399.2852057142858;4274:400.42813371428576;880:401.0194697142858;3109:402.8700137142858;3874:408.7342937142858;4306:420.8498537142858;429:422.2521737142858;3125:423.50569371428577;3406:435.86005371428575;2825:438.32977371428575;1944:439.64113371428573;130:442.0287737142857;99:442.5090137142857;4526:450.9186137142857;714:453.7154537142857;2800:455.72185371428566;4339:457.21561371428567;2419:461.8246937142857;5404:466.05157371428567;5421:467.1568937142857;1925:467.3001737142857;1883:468.3374537142857;926:472.5900137142857;925:475.5343337142857;5399:484.8391337142857;1905:486.1657337142857;830:487.3425737142857;2795:488.5262537142857;918:489.6684137142857;3075:497.54137371428567;7097:498.39073371428566;7290:504.19285371428566;2736:512.9113337142857;1744:514.3665737142857;1164:525.4750937142857;2789:526.8868937142856;1218:528.0100937142856;2982:529.8902463688605
0,6,default_vehtype,route,False,445.4628993808185,522.1841587511386,2974;-1;-1,2984;-1;-1,685.0623045417706,0.5434595906984557,0.5433910844680016,0.0,,0,9,1,,,2974;6479;3091;4274;880;3109;3874;4306;429;4313;68;7318;7325;3011;4;4345;1199;1204;2996;2984,2974:445.4628993808185;6479:445.9634777142857;3091:459.2852057142857;4274:460.4281337142857;880:461.0194697142857;3109:462.87001371428573;3874:468.73429371428574;4306:480.84985371428576;429:482.25217371428573;4313:483.4351337142857;68:489.0334937142857;7318:495.70153371428574;7325:499.0282937142857;3011:503.03893371428575;4:507.82405371428575;4345:509.86753371428574;1199:513.8578765714286;1204:517.8482194285715;2996:519.8916994285715;2984:522.1841587511386
0,7,default_vehtype,route,False,360.0,513.8649535932024,256;-1;-1,2990;-1;-1,1005.0120323243054,0.7724415914984484,0.7723410902952159,0.0,,0,,0,,,256;2030;3245;7113;3358;2296;5495;5696;3307;3987;6878;746;2834;2045;2835;2641;7396;2616;486;2838;3722;3732;544;7400;5449;2990,256:360;2030:402.84925714285714;3245:406.3026857142857;7113:407.4405017142857;3358:409.6555097142857;2296:417.9565097142857;5495:418.1733497142857;5696:418.9360697142857;3307:429.6745097142857;3987:436.5016697142857;6878:437.1050297142857;746:438.1730297142857;2834:442.23742971428567;2045:456.77566971428564;2835:459.1407497142856;2641:468.3518297142856;7396:468.9461897142856;2616:474.3077897142856;486:475.2195497142856;2838:481.54426971428563;3722:485.06350971428566;3732:507.51322971428567;544:510.2027897142857;7400:511.2783497142857;5449:512.4773897142857;2990:513.8649535932024
0,8,default_vehtype,route,False,337.58479355230037,508.9856673808185,2970;-1;-1,2974;-1;-1,1831.1908244961664,0.8993985542384968,0.8992154351560473,0.0,,0,1;6,2,,,2970;671;662;7398;3491;6933;7394;6989;7392;5704;7389;3806;2573;885;316;2042;1982;6306;374;7114;3246;5330;661;445;6080;7381;364;3029;3886;5711;6045;2157;4817;456;5901;7605;2830;5852;6913;1321;597;2204;6066;6049;7367;2188;2186;5744;6033;5746;6031;146;2828;2974,2970:337.58479355230037;671:338.6149097142857;662:361.06462971428573;7398:364.58386971428575;3491:370.90858971428577;6933:371.8203497142858;7394:377.1819497142858;6989:377.7763097142858;7392:386.98738971428577;5704:389.35246971428575;7389:403.8907097142857;3806:407.9551097142857;2573:409.0231097142857;885:409.6264697142857;316:416.4536297142857;2042:427.1920697142857;1982:427.9547897142857;6306:428.1716297142857;374:436.4726297142857;7114:438.6876377142857;3246:439.8254537142857;5330:440.57302971428567;661:441.5644697142857;445:444.5941577142857;6080:447.4175657142857;7381:447.82645371428566;364:448.26183771428566;3029:450.28604571428565;3886:450.78406971428564;5711:453.3236537142856;6045:454.7179337142856;2157:458.9064617142856;4817:459.38324571428564;456:459.99812571428566;5901:460.75369371428565;7605:464.22538971428565;2830:464.4547817142857;5852:470.98150971428566;6913:472.8779177142857;1321:478.0263497142857;597:478.4892377142857;2204:480.04652571428574;6066:480.6922217142857;6049:484.91854971428575;7367:487.19209371428576;2188:493.85526171428575;2186:495.13153371428575;5744:497.14695771428575;6033:498.51639771428574;5746:500.43980571428574;6031:501.93142971428574;146:502.8925577142857;2828:503.98436571428573;2974:508.9856673808185
0,8,default_vehtype,boarding,True,508.9856673808185,538.9856673808185,2974;-1;-1,2974;-1;-1,0.0,0.8992154351560473,0.8992154351560473,0.0,,0,1;6,2,,6,,
0,9,default_vehtype,route,False,360.0,486.6174344461271,256;-1;-1,2971;-1;-1,777.9493727653459,0.9627983191463305,0.962720524209054,0.0,,0,,0,,,256;2030;3245;7113;3358;2296;5495;5696;3307;3987;2396;886;808;1372;807;1375;108;1376;1380;373;2390;7391;5704;7389;2971,256:360;2030:402.84925714285714;3245:406.3026857142857;7113:407.4405017142857;3358:409.6555097142857;2296:417.9565097142857;5495:418.1733497142857;5696:418.9360697142857;3307:429.6745097142857;3987:436.5016697142857;2396:437.8076297142857;886:443.44522971428574;808:443.91142971428576;1372:444.77434971428573;807:445.87822971428574;1375:447.5624297142857;108:449.7028697142857;1376:451.5031097142857;1380:453.5197097142857;373:463.08070971428566;2390:465.62542971428564;7391:467.02606971428565;5704:469.39114971428563;7389:483.9293897142856;2971:486.6174344461271
0,9,default_vehtype,boarding,True,486.6174344461271,516.6174344461272,2971;-1;-1,2971;-1;-1,0.0,0.962720524209054,0.962720524209054,0.0,,0,13,1,13,,,
0,4,default_vehtype,boarding,True,529.8902463688605,559.8902463688605,2982;-1;-1,2982;-1;-1,0.0,0.8227119706394493,0.8227119706394493,0.0,,0,8,1,,8,,
0,5,default_vehtype,route,False,462.1841587511386,591.5424038637726,2984;-1;-1,2979;-1;-1,1077.9853759386178,0.9348325087406408,0.934724710203047,0.0,,0,11,1,,,2984;3012;4;4345;7330;7562;7316;7531;2802;2251;7515;7037;7512;3274;2902;3901;7011;7336;4365;7288;1182;1001;6296;1434;3820;3877;2787;4993;6537;2979,2984:462.1841587511386;3012:464.67681942857155;4:469.46193942857155;4345:471.50541942857154;7330:472.7084194285715;7562:480.5422594285715;7316:487.9372594285715;7531:495.4922194285715;2802:502.7076994285715;2251:509.60301942857154;7515:510.46413942857157;7037:517.7760994285716;7512:525.0094594285715;3274:536.3554594285715;2902:536.4670594285715;3901:536.9350594285714;7011:538.9160194285714;7336:541.8234994285714;4365:549.4046194285714;7288:550.5278194285714;1182:551.4447394285714;1001:556.7358994285714;6296:559.0952194285715;1434:565.0542994285714;3820:570.1629394285715;3877:572.0708194285714;2787:580.8633394285714;4993:581.9123794285714;6537:587.7122194285714;2979:591.5424038637726
0,6,default_vehtype,boarding,True,522.1841587511386,552.1841587511386,2984;-1;-1,2984;-1;-1,0.0,0.5433910844680016,0.5433910844680016,0.0,,0,9,1,,9,,
0,6,default_vehtype,route,False,552.1841587511386,597.0930487937366,2984;-1;-1,2985;-1;-1,386.725802383677,0.5433910844680016,0.5433524118877632,0.0,,0,,0,,,2984;3012;7321;2804;3061;1173;3425;4304;793;118;3979;2985,2984:552.1841587511386;3012:554.6768194285715;7321:558.6874594285715;2804:562.0142194285716;3061:568.6822594285716;1173:574.2806194285715;3425:575.4635794285715;4304:576.8658994285715;793:588.9814594285715;118:594.8457394285715;3979:596.6962834285715;2985:597.0930487937366
0,7,default_vehtype,boarding,True,513.8649535932024,543.8649535932024,2990;-1;-1,2990;-1;-1,0.0,0.7723410902952159,0.7723410902952159,0.0,,0,12,1,12,,,
0,8,default_vehtype,route,False,538.9856673808185,545.5360570966836,2974;-1;-1,2986;-1;-1,90.97763494256947,0.8992154351560473,0.8992063373925531,0.0,,0,1,1,,,2974;6479;7359;2986,2974:538.9856673808185;6479:539.4862457142858;7359:544.9881257142858;2986:545.5360570966836
0,8,default_vehtype,boarding,True,545.5360570966836,575.5360570966836,2986;-1;-1,2986;-1;-1,0.0,0.8992063373925531,0.8992063373925531,0.0,,0,1,1,,1,,
0,0,default_vehtype,route,False,481.6376415249743,600.0,2969;-1;-1,1988;1985;0.393,1266.3616259138084,0.6913657336725444,0.691239097509953,0.0,,0,15,1,,,2969;7192;1664;337;1075;4198;1071;1070;1069;1067;1504;4396;710;2281;4664;6260;3300;1832;708;6180;2405;6169;2744;2567;2576;3077;3241;88;2758;2742;2448;2353;6140;7386;3742;7100;6318;737;6639;2446;2301;1992;1990;1988,2969:481.6376415249743;7192:485.24128447692067;1664:488.49518047692067;337:496.25541247692064;1075:497.27925247692065;4198:498.26090047692065;1071:499.26342847692064;1070:513.7267164769206;1069:514.4650044769206;1067:517.1270604769206;1504:521.5808364769206;4396:521.8071324769206;710:522.3577884769206;2281:523.3634844769206;4664:527.2414764769205;6260:527.6873724769205;3300:528.2864844769205;1832:531.0767004769205;708:531.6157644769205;6180:532.0391964769206;2405:534.2615964769205;6169:537.7387164769206;2744:542.3392764769205;2567:544.1822364769205;2576:552.6707964769205;3077:554.8034364769205;3241:557.9323164769205;88:559.8591564769205;2758:561.8225964769205;2742:562.2290364769204;2448:565.4146764769205;2353:571.6155564769205;6140:576.7865964769204;7386:578.1290364769204;3742:585.7880364769204;7100:586.3276764769204;6318:586.8057564769204;737:587.7214764769203;6639:589.5706764769203;2446:591.1419564769203;2301:593.4389964769204;1992:594.4640364769203;1990:596.1609564769203;1988:598.6149564769203
0,0,default_vehtype,route,False,600.0,629.9291595829466,1988;1985;0.393,2989;-1;-1,249.4096631912223,0.691239097509953,0.6912141565436339,0.0,,0,15,1,,,1988;1985;3729;5498;5496;5699;5494;5695;3307;3987;6878;2989,1988:600;1985:602.1367164769202;3729:604.4841564769202;5498:605.8815564769202;5496:608.7887964769202;5699:609.4862364769202;5494:610.5899964769202;5695:611.3527164769201;3307:622.0911564769201;3987:628.9183164769202;6878:629.5216764769201;2989:629.9291595829466
0,0,default_vehtype,boarding,True,629.9291595829466,659.9291595829466,2989;-1;-1,2989;-1;-1,0.0,0.6912141565436339,0.6912141565436339,0.0,,0,15;20;21,3,20;21,,,
0,1,default_vehtype,route,False,371.92550046542414,616.2888176079115,2984;-1;-1,2992;-1;-1,2495.722178771032,0.8573901904034411,0.857140618185564,0.0,,0,4,1,,,2984;3012;7321;2804;3061;1173;3425;3125;3406;2825;1944;130;99;4526;714;2800;4332;799;3653;3825;7127;1836;4248;5046;7138;6879;1367;3637;3640;3643;7179;5275;5297;5072;1464;2847;5825;4587;5794;3202;2065;2023;4203;537;18;5629;1068;2559;6740;1717;2067;2063;1937;2992,2984:371.92550046542414;3012:374.41816114285706;7321:378.4288011428571;2804:381.75556114285706;3061:388.4236011428571;1173:394.0219611428571;3425:395.2049211428571;3125:396.45844114285705;3406:408.81280114285704;2825:411.28252114285704;1944:412.593881142857;130:414.981521142857;99:415.461761142857;4526:423.871361142857;714:426.66820114285696;2800:428.67460114285694;4332:429.4902411428569;799:430.67116114285693;3653:435.26740114285695;3825:436.51600114285696;7127:480.07612114285695;1836:481.42708114285693;4248:495.97228114285696;5046:512.312801142857;7138:513.951401142857;6879:520.217801142857;1367:531.710681142857;3637:533.6038011428569;3640:534.4569291428569;3643:535.5205131428569;7179:539.0989131428569;5275:543.6082011428568;5297:546.9870171428569;5072:547.2172731428569;1464:554.1577851428569;2847:555.2284971428569;5825:558.1271451428569;4587:560.4074571428569;5794:562.0276011428568;3202:566.1489531428568;2065:571.2932091428569;2023:576.8515371428568;4203:577.6523211428569;537:578.6063211428568;18:584.4738891428568;5629:590.3233131428568;1068:592.8757131428569;2559:599.9263131428569;6740:604.3969371428569;1717:610.2306651428569;2067:610.9684491428569;2063:611.684705142857;1937:614.954657142857;2992:616.2888176079115
0,1,default_vehtype,boarding,True,616.2888176079115,646.2888176079115,2992;-1;-1,2992;-1;-1,0.0,0.857140618185564,0.857140618185564,0.0,,0,4,1,,4,,
0,2,default_vehtype,route,False,496.65148686014044,642.4037050966833,2981;-1;-1,2986;-1;-1,1365.123481873401,0.9160493550063474,0.9159128426581601,0.0,,0,3;5,2,,,2981;6320;3549;6384;4032;1804;4277;5239;6501;3911;5389;7301;3914;5398;5400;4040;4041;5374;5418;5424;5403;6546;1200;7312;3767;4527;3089;3131;5447;7352;414;122;3426;4305;793;118;3979;4275;103;6480;7360;2986,2981:496.65148686014044;6320:500.0246057142856;3549:505.6618457142856;6384:505.9236857142856;4032:509.1453257142856;1804:510.0612377142856;4277:511.6493177142856;5239:517.1539577142856;6501:523.1165177142857;3911:532.4713577142857;5389:533.5371977142856;7301:533.7911177142856;3914:534.9747977142856;5398:536.1516377142856;5400:537.4782377142856;4040:546.7830377142856;4041:549.7273577142855;5374:553.9799177142855;5418:555.0171977142855;5424:555.1604777142855;5403:556.2657977142856;6546:560.4926777142856;1200:565.1017577142856;7312:566.5955177142855;3767:568.6019177142855;4527:571.3987577142855;3089:579.8083577142854;3131:580.2885977142854;5447:582.6762377142854;7352:583.9875977142855;414:586.4573177142855;122:598.8116777142856;3426:600.0651977142855;4305:601.4675177142856;793:613.5830777142855;118:619.4473577142855;3979:621.2979017142856;4275:621.8892377142855;103:623.0321657142855;6480:636.3538937142855;7360:641.8557737142855;2986:642.4037050966833
0,5,default_vehtype,boarding,True,591.5424038637726,621.5424038637726,2979;-1;-1,2979;-1;-1,0.0,0.934724710203047,0.934724710203047,0.0,,0,11;10,2,10,11,,
0,6,default_vehtype,boarding,True,597.0930487937366,627.0930487937366,2985;-1;-1,2985;-1;-1,0.0,0.5433524118877632,0.5433524118877632,0.0,,0,18,1,18,,,
0,2,default_vehtype,boarding,True,642.4037050966833,672.4037050966833,2986;-1;-1,2986;-1;-1,0.0,0.9159128426581601,0.9159128426581601,0.0,,0,3;5,2,,5,,
0,3,default_vehtype,route,False,660.0,719.787388582999,2992;-1;-1,2969;-1;-1,830.3803969860979,0.7642602989758063,0.7641772609361077,0.0,,0,,0,,,2992;2526;5444;1716;2720;4210;1711;98;2497;7434;2760;542;1074;336;2969,2992:660;2526:669.2022475349454;5444:679.7386555349455;1716:682.5290155349454;2720:683.2756555349454;4210:684.1739275349454;1711:685.3036075349454;98:693.9194155349454;2497:695.4300475349454;7434:702.6378955349454;2760:709.1764315349454;542:716.7045355349454;1074:717.6379435349454;336:718.6610635349454;2969:719.787388582999
0,4,default_vehtype,route,False,559.8902463688605,718.0296349786281,2982;-1;-1,2980;-1;-1,1274.3900625592087,0.8227119706394493,0.8225845316331934,0.0,,0,,0,,,2982;2809;4365;7288;1182;1001;6296;1434;3820;3877;2787;4993;6537;7281;2307;3549;6384;4032;1804;4811;5237;608;459;2416;4011;5246;363;366;2314;2877;1748;1743;1157;2058;2092;915;2980,2982:559.8902463688605;2809:565.5912137142857;4365:573.1723337142857;7288:574.2955337142857;1182:575.2124537142857;1001:580.5036137142857;6296:582.8629337142858;1434:588.8220137142857;3820:593.9306537142858;3877:595.8385337142857;2787:604.6310537142857;4993:605.6800937142857;6537:611.4799337142857;7281:617.3150537142857;2307:620.8338137142857;3549:626.4710537142857;6384:626.7328937142858;4032:629.9545337142857;1804:630.8704457142858;4811:632.5530857142858;5237:637.2935657142858;608:646.1596457142858;459:646.4894057142858;2416:648.7030457142858;4011:649.3671737142859;5246:655.2923417142858;363:662.2010297142858;366:663.6061097142858;2314:664.7509817142858;2877:677.9220857142858;1748:679.0406057142858;1743:686.7950057142858;1157:691.5341485714287;2058:697.3239771428572;2092:700.71312;915:705.8312914285714;2980:718.0296349786281
0,5,default_vehtype,route,False,621.5424038637726,669.5702120831462,2979;-1;-1,2982;-1;-1,400.2317351614469,0.934724710203047,0.9346846870295309,0.0,,0,10,1,,,2979;2786;2411;1661;7283;796;751;4635;6299;4102;4325;7285;1218;2982,2979:621.5424038637726;2786:623.5473394285714;2411:629.3824594285713;1661:635.1822994285714;7283:636.2313394285713;796:645.0238594285713;751:646.9317394285713;4635:652.0403794285713;6299:657.9994594285713;4102:660.3587794285713;4325:665.6499394285713;7285:666.5668594285713;1218:667.6900594285713;2982:669.5702120831462
0,5,default_vehtype,boarding,True,669.5702120831462,699.5702120831462,2982;-1;-1,2982;-1;-1,0.0,0.9346846870295309,0.9346846870295309,0.0,,0,10,1,,10,,
0,8,default_vehtype,route,False,660.0,691.9130678735152,2986;-1;-1,2975;-1;-1,399.5205690437494,0.8992063373925531,0.8991663853356487,0.0,,0,,0,,,2986;3155;7358;2376;3091;4274;880;3109;3874;2975,2986:660;3155:660.5438766176022;7358:661.6356846176022;2376:667.1375646176023;3091:680.4592926176023;4274:681.6022206176023;880:682.1935566176022;3109:684.0441006176022;3874:689.9083806176022;2975:691.9130678735152
0,10,default_vehtype,route,False,476.9594704036221,691.381399292344,2973;-1;-1,2979;-1;-1,2029.9896384970043,0.9458210293345269,0.9456180303706774,0.0,,0,14,1,,,2973;7354;3525;6025;3063;6027;7362;2188;2186;5744;6033;5746;6031;146;2828;2376;3091;4274;880;3109;3874;4306;429;3125;3406;2825;1944;130;99;4526;714;2800;4339;2419;5404;5421;1925;1883;926;925;5399;1905;830;2795;1891;827;6499;1803;1141;5241;922;6385;3550;6322;7280;2411;6281;2286;2287;6538;2979,2973:476.9594704036221;7354:480.75663771428566;3525:491.6354777142857;6025:493.3769417142857;3063:494.6416217142857;6027:495.9435977142857;7362:499.9518377142857;2188:506.6150057142857;2186:507.8912777142857;5744:509.9067017142857;6033:511.2761417142857;5746:513.1995497142857;6031:514.6911737142857;146:515.6523017142857;2828:516.7441097142857;2376:522.2459897142858;3091:535.5677177142858;4274:536.7106457142858;880:537.3019817142857;3109:539.1525257142857;3874:545.0168057142857;4306:557.1323657142857;429:558.5346857142857;3125:559.7882057142857;3406:572.1425657142858;2825:574.6122857142858;1944:575.9236457142858;130:578.3112857142859;99:578.7915257142859;4526:587.2011257142858;714:589.9979657142858;2800:592.0043657142858;4339:593.4981257142857;2419:598.1072057142857;5404:602.3340857142857;5421:603.4394057142857;1925:603.5826857142857;1883:604.6199657142857;926:608.8725257142858;925:611.8168457142857;5399:621.1216457142857;1905:622.4482457142857;830:623.6250857142857;2795:624.8087657142856;1891:625.0626857142856;827:626.1285257142856;6499:635.4833657142856;1803:641.4459257142856;1141:646.9505657142856;5241:648.5386457142856;922:649.4545577142857;6385:652.6761977142856;3550:652.9380377142857;6322:658.5752777142857;7280:662.0940377142857;2411:667.9291577142857;6281:672.973272;2286:677.7401862857142;2287:682.5071005714285;6538:687.5512148571428;2979:691.381399292344
0,2,default_vehtype,route,False,672.4037050966833,772.9865615312909,2986;-1;-1,2972;-1;-1,1215.7530695282794,0.9159128426581601,0.9157912673512073,0.0,,0,3,1,,,2986;3155;6029;5745;6035;5743;6038;6041;7365;6050;6068;6077;3629;4502;6912;2108;7370;7608;5900;3459;4818;5992;6047;5708;3884;3030;3347;7376;2207;3446;3720;5332;251;2711;3358;2296;5681;2294;2035;6308;374;7114;3246;5330;661;445;2972,2986:672.4037050966833;3155:672.9475817142855;6029:673.9087097142856;5745:675.4003337142856;6035:677.3237417142856;5743:678.6931817142856;6038:680.7086057142857;6041:681.9848777142856;7365:688.6480457142857;6050:690.9215897142857;6068:695.1479177142857;6077:695.7936137142857;3629:697.3509017142857;4502:697.8137897142857;6912:702.9622217142856;2108:704.8586297142856;7370:711.3853577142856;7608:711.6147497142856;5900:715.0864457142856;3459:715.8420137142856;4818:716.4568937142856;5992:716.9336777142855;6047:721.1222057142855;5708:722.5164857142855;3884:725.0560697142855;3030:725.5540937142855;3347:727.5783017142855;7376:728.0136857142855;2207:728.4225737142856;3446:731.2459817142856;3720:734.2756697142855;5332:735.2671097142855;251:736.0146857142855;2711:737.1525017142856;3358:739.3675097142856;2296:747.6685097142856;5681:750.0625097142856;2294:751.3939954285713;2035:752.725481142857;6308:755.119481142857;374:763.420481142857;7114:765.6354891428571;3246:766.7733051428571;5330:767.5208811428571;661:768.5123211428571;445:771.5420091428571;2972:772.9865615312909
0,3,default_vehtype,boarding,True,719.787388582999,749.787388582999,2969;-1;-1,2969;-1;-1,0.0,0.7641772609361077,0.7641772609361077,0.0,,0,23,1,23,,,
0,4,default_vehtype,boarding,True,718.0296349786281,748.0296349786281,2980;-1;-1,2980;-1;-1,0.0,0.8225845316331934,0.8225845316331934,0.0,,0,16,1,16,,,
0,5,default_vehtype,route,False,699.5702120831462,747.0755140395967,2982;-1;-1,2983;-1;-1,395.8775163037552,0.9346846870295309,0.9346450992779005,0.0,,0,,0,,,2982;2809;7010;820;7498;276;2915;2661;7517;6201;7314;2983,2982:699.5702120831462;2809:705.2711794285714;7010:708.1786594285713;820:710.1596194285713;7498:710.6276194285713;276:710.7392194285712;2915:722.0852194285712;2661:729.3185794285712;7517:736.6305394285712;6201:737.4916594285712;7314:744.3869794285712;2983:747.0755140395967
0,5,default_vehtype,boarding,True,747.0755140395967,777.0755140395967,2983;-1;-1,2983;-1;-1,0.0,0.9346450992779005,0.9346450992779005,0.0,,0,22,1,22,,,
0,6,default_vehtype,route,False,627.0930487937366,745.7791325744263,2985;-1;-1,2981;-1;-1,1026.684046143721,0.5433524118877632,0.5432497434831488,0.0,,0,18,1,,,2985;1140;880;3109;3874;4306;429;3125;3406;2825;1944;130;99;4526;714;2800;4339;2419;5404;5421;1925;1883;926;925;5399;1905;830;2795;1891;827;6499;1803;1141;5241;922;6385;3550;2981,2985:627.0930487937366;1140:627.2876194285716;880:627.8789554285715;3109:629.7294994285716;3874:635.5937794285716;4306:647.7093394285715;429:649.1116594285716;3125:650.3651794285715;3406:662.7195394285716;2825:665.1892594285716;1944:666.5006194285717;130:668.8882594285717;99:669.3684994285717;4526:677.7780994285716;714:680.5749394285716;2800:682.5813394285716;4339:684.0750994285715;2419:688.6841794285715;5404:692.9110594285715;5421:694.0163794285716;1925:694.1596594285716;1883:695.1969394285716;926:699.4494994285716;925:702.3938194285715;5399:711.6986194285715;1905:713.0252194285715;830:714.2020594285715;2795:715.3857394285715;1891:715.6396594285715;827:716.7054994285714;6499:726.0603394285714;1803:732.0228994285715;1141:737.5275394285715;5241:739.1156194285714;922:740.0315314285715;6385:743.2531714285715;3550:743.5150114285715;2981:745.7791325744263
0,6,default_vehtype,boarding,True,745.7791325744263,775.7791325744263,2981;-1;-1,2981;-1;-1,0.0,0.5432497434831488,0.5432497434831488,0.0,,0,18;19,2,19,18,,
0,7,default_vehtype,route,False,543.8649535932024,726.8968429786279,2990;-1;-1,2980;-1;-1,2002.1139690230268,0.7723410902952159,0.7721408788983137,0.0,,0,12,1,,,2990;2552;4848;3271;4846;4989;5000;337;1075;5648;5759;205;5793;1407;5826;7411;4686;5074;5295;5274;7181;604;603;602;3851;4573;1400;971;598;1368;591;585;940;1370;939;1903;983;3921;840;2881;5099;1157;2058;2092;915;2980,2990:543.8649535932024;2552:546.7306697142857;4848:554.2109897142857;3271:559.7641097142857;4846:561.6371897142857;4989:573.9097097142857;5000:578.6692697142856;337:586.4295017142856;1075:587.4533417142856;5648:588.2541257142856;5759:593.8124537142855;205:598.9567097142856;5793:603.0780617142856;1407:604.6982057142856;5826:606.9785177142855;7411:609.8771657142855;4686:610.9478777142855;5074:617.8883897142855;5295:618.1186457142855;5274:621.4974617142856;7181:626.0067497142855;604:629.5851497142855;603:630.6487337142855;602:631.5018617142855;3851:632.5052537142855;4573:636.8115737142855;1400:638.5442537142854;971:642.3426857142855;598:643.4099417142855;1368:644.3702777142855;591:650.2412297142855;585:663.4124777142855;940:669.9923417142855;1370:677.0189657142855;939:677.7156377142855;1903:678.5372297142856;983:679.5197417142856;3921:683.3178857142856;840:687.8787257142856;2881:694.5093497142856;5099:695.6622137142856;1157:700.4013565714284;2058:706.191185142857;2092:709.5803279999998;915:714.6984994285712;2980:726.8968429786279
0,7,default_vehtype,boarding,True,726.8968429786279,756.8968429786279,2980;-1;-1,2980;-1;-1,0.0,0.7721408788983137,0.7721408788983137,0.0,,0,12;17,2,17,12,,
0,8,default_vehtype,boarding,True,691.9130678735152,721.9130678735152,2975;-1;-1,2975;-1;-1,0.0,0.8991663853356487,0.8991663853356487,0.0,,0,25,1,25,,,
0,10,default_vehtype,boarding,True,691.381399292344,721.381399292344,2979;-1;-1,2979;-1;-1,0.0,0.9456180303706774,0.9456180303706774,0.0,,0,14;26,2,26,14,,
0,11,default_vehtype,route,False,660.0,737.5125128203123,256;-1;-1,2989;-1;-1,368.74169255022,0.8902645881432277,0.8902277139739727,0.0,,0,,0,,,256;2030;3245;7113;3358;2296;5495;5696;3307;3987;6878;2989,256:660;2030:702.8492571428571;3245:706.3026857142858;7113:707.4405017142858;3358:709.6555097142858;2296:717.9565097142859;5495:718.1733497142859;5696:718.9360697142858;3307:729.6745097142858;3987:736.5016697142859;6878:737.1050297142858;2989:737.5125128203123
0,11,default_vehtype,boarding,True,737.5125128203123,767.5125128203123,2989;-1;-1,2989;-1;-1,0.0,0.8902277139739727,0.8902277139739727,0.0,,0,24,1,24,,,
0,0,default_vehtype,route,False,659.9291595829466,786.8963157328332,2989;-1;-1,2975;-1;-1,1557.616034582387,0.6912141565436339,0.6910583949401757,0.0,,0,15;20;21,3,,,2989;3808;6876;885;316;2042;1982;6306;374;7114;3246;5330;661;445;6080;7381;364;3029;3886;5711;6045;2157;4817;456;5901;7605;2830;5852;6913;1321;597;2204;6066;6049;7367;2188;2186;5744;6033;5746;6031;146;2828;2376;3091;4274;880;3109;3874;2975,2989:659.9291595829466;3808:660.5896764769202;6876:661.6576764769202;885:662.2610364769201;316:669.0881964769202;2042:679.8266364769202;1982:680.5893564769201;6306:680.8061964769201;374:689.1071964769202;7114:691.3222044769202;3246:692.4600204769202;5330:693.2075964769202;661:694.1990364769202;445:697.2287244769202;6080:700.0521324769202;7381:700.4610204769202;364:700.8964044769202;3029:702.9206124769203;3886:703.4186364769203;5711:705.9582204769202;6045:707.3525004769202;2157:711.5410284769202;4817:712.0178124769202;456:712.6326924769202;5901:713.3882604769202;7605:716.8599564769202;2830:717.0893484769201;5852:723.6160764769202;6913:725.5124844769201;1321:730.6609164769201;597:731.1238044769201;2204:732.6810924769201;6066:733.3267884769201;6049:737.5531164769201;7367:739.8266604769201;2188:746.4898284769201;2186:747.7661004769201;5744:749.7815244769201;6033:751.1509644769202;5746:753.0743724769202;6031:754.5659964769202;146:755.5271244769202;2828:756.6189324769202;2376:762.1208124769203;3091:775.4425404769203;4274:776.5854684769203;880:777.1768044769202;3109:779.0273484769202;3874:784.8916284769202;2975:786.8963157328332
0,0,default_vehtype,boarding,True,786.8963157328332,816.8963157328332,2975;-1;-1,2975;-1;-1,0.0,0.6910583949401757,0.6910583949401757,0.0,,0,15;20;21,3,,15;20,,
0,2,default_vehtype,boarding,True,772.9865615312909,802.9865615312909,2972;-1;-1,2972;-1;-1,0.0,0.9157912673512073,0.9157912673512073,0.0,,0,3,1,,3,,
0,2,default_vehtype,route,False,802.9865615312909,837.4300898321934,2972;-1;-1,2973;-1;-1,478.3823375125352,0.9157912673512073,0.9157434291174561,0.0,,0,,0,,,2972;6079;7380;364;3029;3886;5711;6045;2157;4817;456;5901;7605;2830;1420;1084;2973,2972:802.9865615312909;6079:804.365417142857;7380:804.7743051428571;364:805.2096891428571;3029:807.2338971428571;3886:807.7319211428571;5711:810.2715051428571;6045:811.6657851428571;2157:815.8543131428571;4817:816.3310971428571;456:816.945977142857;5901:817.7015451428571;7605:821.173241142857;2830:821.402633142857;1420:833.107745142857;1084:836.642729142857;2973:837.4300898321934
0,5,default_vehtype,route,False,777.0755140395967,817.6164317721966,2983;-1;-1,2976;-1;-1,286.8532668192851,0.9346450992779005,0.9346164139512185,0.0,,0,22,1,,,2983;7527;2803;7558;2806;4344;1199;1204;7329;2976,2983:777.0755140395967;7527:781.6024594285711;2803:789.1574194285712;7558:796.5524194285712;2806:804.3862594285712;4344:805.5892594285712;1199:809.579602285714;1204:813.5699451428569;7329:814.7729451428569;2976:817.6164317721966
0,9,default_vehtype,route,False,516.6174344461272,810.1435671381715,2971;-1;-1,2966;-1;-1,2495.731738892211,0.962720524209054,0.9624709510351647,0.0,,0,13,1,,,2971;3807;7387;2045;2835;2641;7396;2616;486;2838;3722;3732;544;7400;5449;6824;4848;3271;4846;4989;5000;337;1075;5648;5759;205;5793;1407;5826;7411;4686;5074;5295;5274;7181;604;603;602;1339;1395;1399;835;1147;1093;2607;911;1150;665;666;1885;668;1415;1041;1623;1383;2333;2966,2971:516.6174344461272;3807:517.9937897142856;7387:522.0581897142856;2045:536.5964297142856;2835:538.9615097142856;2641:548.1725897142857;7396:548.7669497142857;2616:554.1285497142857;486:555.0403097142856;2838:561.3650297142856;3722:564.8842697142856;3732:587.3339897142855;544:590.0235497142855;7400:591.0991097142855;5449:592.2981497142855;6824:596.5514297142855;4848:604.0317497142855;3271:609.5848697142856;4846:611.4579497142855;4989:623.7304697142855;5000:628.4900297142855;337:636.2502617142854;1075:637.2741017142854;5648:638.0748857142854;5759:643.6332137142854;205:648.7774697142854;5793:652.8988217142854;1407:654.5189657142854;5826:656.7992777142854;7411:659.6979257142854;4686:660.7686377142853;5074:667.7091497142853;5295:667.9394057142854;5274:671.3182217142854;7181:675.8275097142854;604:679.4059097142854;603:680.4694937142854;602:681.3226217142853;1339:682.3149977142854;1395:690.8523257142854;1399:692.9930297142854;835:696.5699897142854;1147:697.3625657142854;1093:698.6218457142854;2607:706.6805177142854;911:709.5343817142855;1150:710.2948457142854;665:711.7447097142855;666:712.6138217142855;1885:713.5996457142854;668:726.9700457142854;1415:727.5991097142854;1041:744.2856239999998;1623:748.6688811428569;1383:759.7543097142855;2333:799.9081954285712;2966:810.1435671381715
0,2,default_vehtype,boarding,True,837.4300898321934,867.4300898321934,2973;-1;-1,2973;-1;-1,0.0,0.9157434291174561,0.9157434291174561,0.0,,0,27,1,27,,,
0,5,default_vehtype,boarding,True,817.6164317721966,847.6164317721966,2976;-1;-1,2976;-1;-1,0.0,0.9346164139512185,0.9346164139512185,0.0,,0,22,1,,22,,
0,9,default_vehtype,boarding,True,810.1435671381715,840.1435671381715,2966;-1;-1,2966;-1;-1,0.0,0.9624709510351647,0.9624709510351647,0.0,,0,13,1,,13,,
0,10,default_vehtype,route,False,721.381399292344,897.4687799051964,2979;-1;-1,2969;-1;-1,2297.258199818512,0.9456180303706774,0.9453883045506956,0.0,,0,26,1,,,2979;2786;2307;3549;6384;4032;1804;4811;5237;608;459;2416;4011;5246;363;366;2314;2877;1748;2880;906;984;2268;1857;1806;1371;938;5442;4054;2205;1369;2047;3631;4079;4572;4577;778;3636;3639;3642;7178;5275;5297;5072;1464;2847;5825;4587;5794;3202;2065;2023;4203;4198;336;2969,2979:721.381399292344;2786:723.3863348571427;2307:726.9050948571428;3549:732.5423348571428;6384:732.8041748571428;4032:736.0258148571428;1804:736.9417268571428;4811:738.6243668571428;5237:743.3648468571429;608:752.2309268571429;459:752.5606868571429;2416:754.7743268571429;4011:755.4384548571429;5246:761.3636228571429;363:768.2723108571429;366:769.6773908571429;2314:770.8222628571428;2877:783.9933668571429;1748:785.1118868571428;2880:786.2736788571428;906:798.4989908571429;984:801.2686868571428;2268:802.0165508571429;1857:802.4024708571429;1806:803.064654857143;1371:803.7348308571429;938:806.315958857143;5442:816.0366068571429;4054:823.676598857143;2205:829.4290388571429;1369:835.8751988571429;2047:836.8182548571428;3631:838.3810868571428;4079:839.4483428571428;4572:843.2467748571429;4577:844.9794548571429;778:849.2857748571429;3636:850.2891668571428;3639:851.1422948571428;3642:852.2058788571428;7178:855.7842788571428;5275:860.2935668571428;5297:863.6723828571428;5072:863.9026388571428;1464:870.8431508571429;2847:871.9138628571428;5825:874.8125108571428;4587:877.0928228571428;5794:878.7129668571428;3202:882.8343188571428;2065:887.9785748571428;2023:893.5369028571428;4203:894.3376868571428;4198:895.3193348571427;336:896.3424548571427;2969:897.4687799051964
0,2,default_vehtype,route,False,867.4300898321934,900.0,2973;-1;-1,2186;5744;0.813,452.35986344176,0.9157434291174561,0.9156981931311119,0.0,,0,27,1,,,2973;7354;3525;6025;3063;6027;7362;2188;2186,2973:867.4300898321934;7354:871.227257142857;3525:882.1060971428569;6025:883.8475611428569;3063:885.1122411428569;6027:886.4142171428568;7362:890.4224571428568;2188:897.0856251428569;2186:898.3618971428568
0,0,default_vehtype,route,False,816.8963157328332,918.8390773736601,2975;-1;-1,2983;-1;-1,763.8447279592716,0.6910583949401757,0.6909820104673797,0.0,,0,21,1,,,2975;1166;429;4313;68;7318;7325;3011;4;4345;7330;7562;7316;7531;2802;2251;7515;4311;2918;1172;2919;6201;7314;2983,2975:816.8963157328332;1166:827.0071884769203;429:828.4095084769203;4313:829.5924684769203;68:835.1908284769203;7318:841.8588684769203;7325:845.1856284769203;3011:849.1962684769203;4:853.9813884769203;4345:856.0248684769203;7330:857.2278684769203;7562:865.0617084769203;7316:872.4567084769203;7531:880.0116684769204;2802:887.2271484769203;2251:894.1224684769203;7515:894.9835884769203;4311:899.7335313340632;2918:901.6888456197775;1172:903.6441599054917;2919:908.3941027626346;6201:909.2552227626346;7314:916.1505427626346;2983:918.8390773736601
0,0,default_vehtype,boarding,True,918.8390773736601,948.8390773736601,2983;-1;-1,2983;-1;-1,0.0,0.6909820104673797,0.6909820104673797,0.0,,0,21,1,,21,,
0,2,default_vehtype,route,False,900.0,937.4921123987699,2186;5744;0.813,2975;-1;-1,477.00729856117454,0.9156981931311119,0.9156504924012557,0.0,,0,27,1,,,2186;5744;6033;5746;6031;146;2828;2376;3091;4274;880;3109;3874;2975,2186:900;5744:900.3773211428569;6033:901.7467611428569;5746:903.6701691428569;6031:905.1617931428569;146:906.122921142857;2828:907.214729142857;2376:912.716609142857;3091:926.038337142857;4274:927.181265142857;880:927.772601142857;3109:929.623145142857;3874:935.487425142857;2975:937.4921123987699
0,5,default_vehtype,route,False,847.6164317721966,910.8884545080219,2976;-1;-1,2985;-1;-1,539.7519081605719,0.9346164139512185,0.9345624387604025,0.0,,0,,0,,,2976;7557;2806;4344;2996;3013;7322;2804;3061;1173;3425;4304;793;118;3979;2985,2976:847.6164317721966;7557:852.6067851428569;2806:860.4406251428569;4344:861.6436251428569;2996:863.6871051428569;3013:868.4722251428569;7322:872.4828651428569;2804:875.8096251428569;3061:882.477665142857;1173:888.0760251428569;3425:889.2589851428569;4304:890.6613051428569;793:902.7768651428569;118:908.6411451428569;3979:910.4916891428569;2985:910.8884545080219
0,5,default_vehtype,boarding,True,910.8884545080219,940.8884545080219,2985;-1;-1,2985;-1;-1,0.0,0.9345624387604025,0.9345624387604025,0.0,,0,28,1,28,,,
0,6,default_vehtype,route,False,775.7791325744263,938.5547073808185,2981;-1;-1,2974;-1;-1,1500.4598469308316,0.5432497434831488,0.5430996974984558,0.0,,0,19,1,,,2981;6320;3549;6384;4032;1804;4277;5239;6501;3911;5389;7301;3914;5398;5400;4040;4041;5374;5418;5424;5403;6546;1200;7312;3767;4527;3089;3131;5447;7352;414;122;3426;4305;793;118;3979;4275;103;6480;7360;3154;6028;2181;2180;146;2828;2974,2981:775.7791325744263;6320:779.1522514285715;3549:784.7894914285715;6384:785.0513314285715;4032:788.2729714285715;1804:789.1888834285716;4277:790.7769634285715;5239:796.2816034285715;6501:802.2441634285716;3911:811.5990034285716;5389:812.6648434285715;7301:812.9187634285715;3914:814.1024434285715;5398:815.2792834285715;5400:816.6058834285715;4040:825.9106834285715;4041:828.8550034285714;5374:833.1075634285714;5418:834.1448434285714;5424:834.2881234285715;5403:835.3934434285715;6546:839.6203234285715;1200:844.2294034285715;7312:845.7231634285714;3767:847.7295634285714;4527:850.5264034285714;3089:858.9360034285713;3131:859.4162434285713;5447:861.8038834285713;7352:863.1152434285714;414:865.5849634285714;122:877.9393234285715;3426:879.1928434285715;4305:880.5951634285715;793:892.7107234285714;118:898.5750034285714;3979:900.4255474285715;4275:901.0168834285714;103:902.1598114285714;6480:915.4815394285714;7360:920.9834194285714;3154:922.0752274285715;6028:923.0363554285715;2181:927.2684125714286;2180:931.5004697142857;146:932.4615977142857;2828:933.5534057142858;2974:938.5547073808185
0,8,default_vehtype,route,False,721.9130678735152,916.885857349444,2975;-1;-1,2971;-1;-1,2124.329645632739,0.8991663853356487,0.8989539523710854,0.0,,0,25,1,,,2975;1166;793;118;3979;4275;103;6480;7360;3154;6028;5745;6035;5743;6038;6041;7365;6050;6068;6077;3629;4502;6912;2108;7370;7608;5900;3459;4818;5992;6047;5708;3884;3030;3347;7376;2207;3446;3720;5332;251;2711;3358;2296;5495;5696;3307;3987;2396;886;808;1372;807;1375;108;1376;1380;373;2390;7391;5704;7389;2971,2975:721.9130678735152;1166:732.0239406176023;793:744.1395006176023;118:750.0037806176023;3979:751.8543246176023;4275:752.4456606176022;103:753.5885886176022;6480:766.9103166176022;7360:772.4121966176023;3154:773.5040046176023;6028:774.4651326176023;5745:775.9567566176023;6035:777.8801646176023;5743:779.2496046176024;6038:781.2650286176024;6041:782.5413006176024;7365:789.2044686176024;6050:791.4780126176024;6068:795.7043406176024;6077:796.3500366176024;3629:797.9073246176024;4502:798.3702126176024;6912:803.5186446176024;2108:805.4150526176023;7370:811.9417806176024;7608:812.1711726176023;5900:815.6428686176023;3459:816.3984366176023;4818:817.0133166176023;5992:817.4901006176023;6047:821.6786286176023;5708:823.0729086176023;3884:825.6124926176022;3030:826.1105166176022;3347:828.1347246176023;7376:828.5701086176023;2207:828.9789966176023;3446:831.8024046176023;3720:834.8320926176023;5332:835.8235326176023;251:836.5711086176022;2711:837.7089246176023;3358:839.9239326176023;2296:848.2249326176023;5495:848.4417726176024;5696:849.2044926176023;3307:859.9429326176023;3987:866.7700926176024;2396:868.0760526176024;886:873.7136526176024;808:874.1798526176024;1372:875.0427726176024;807:876.1466526176024;1375:877.8308526176024;108:879.9712926176024;1376:881.7715326176025;1380:883.7881326176025;373:893.3491326176025;2390:895.8938526176025;7391:897.2944926176025;5704:899.6595726176025;7389:914.1978126176025;2971:916.885857349444
0,8,default_vehtype,boarding,True,916.885857349444,946.885857349444,2971;-1;-1,2971;-1;-1,0.0,0.8989539523710854,0.8989539523710854,0.0,,0,25,1,,25,,
0,10,default_vehtype,boarding,True,897.4687799051964,927.4687799051964,2969;-1;-1,2969;-1;-1,0.0,0.9453883045506956,0.9453883045506956,0.0,,0,26,1,,26,,
0,11,default_vehtype,route,False,767.5125128203123,960.0,2989;-1;-1,925;5399;0.078,2103.6187931640643,0.8902277139739727,0.8900173520946564,0.0,,0,24,1,,,2989;3808;6876;885;316;2042;1982;6306;374;7114;3246;5330;661;445;6080;7381;364;3029;3886;5711;6045;2157;4817;456;5901;7605;2830;5852;6913;1321;597;2204;6066;6049;7367;2188;2186;5744;6033;5746;6031;146;2828;2376;3091;4274;880;3109;3874;4306;429;3125;3406;2825;1944;130;99;4526;714;2800;4339;2419;5404;5421;1925;1883;926;925,2989:767.5125128203123;3808:768.1730297142859;6876:769.2410297142859;885:769.8443897142859;316:776.6715497142859;2042:787.4099897142859;1982:788.1727097142858;6306:788.3895497142859;374:796.6905497142859;7114:798.9055577142859;3246:800.043373714286;5330:800.790949714286;661:801.782389714286;445:804.8120777142859;6080:807.6354857142859;7381:808.0443737142859;364:808.4797577142859;3029:810.503965714286;3886:811.001989714286;5711:813.541573714286;6045:814.9358537142859;2157:819.124381714286;4817:819.6011657142859;456:820.2160457142859;5901:820.9716137142859;7605:824.4433097142859;2830:824.6727017142858;5852:831.1994297142859;6913:833.0958377142858;1321:838.2442697142858;597:838.7071577142858;2204:840.2644457142858;6066:840.9101417142858;6049:845.1364697142858;7367:847.4100137142858;2188:854.0731817142859;2186:855.3494537142858;5744:857.3648777142859;6033:858.7343177142859;5746:860.6577257142859;6031:862.1493497142859;146:863.1104777142859;2828:864.202285714286;2376:869.704165714286;3091:883.025893714286;4274:884.168821714286;880:884.7601577142859;3109:886.6107017142859;3874:892.474981714286;4306:904.5905417142859;429:905.9928617142859;3125:907.2463817142859;3406:919.600741714286;2825:922.070461714286;1944:923.381821714286;130:925.7694617142861;99:926.2497017142861;4526:934.659301714286;714:937.456141714286;2800:939.462541714286;4339:940.9563017142859;2419:945.5653817142859;5404:949.7922617142859;5421:950.8975817142859;1925:951.0408617142859;1883:952.078141714286;926:956.330701714286;925:959.2750217142859
0,2,default_vehtype,boarding,True,937.4921123987699,967.4921123987699,2975;-1;-1,2975;-1;-1,0.0,0.9156504924012557,0.9156504924012557,0.0,,0,27;29,2,29,,,
0,2,default_vehtype,route,False,967.4921123987699,1010.6671517721968,2975;-1;-1,2976;-1;-1,359.7919947785567,0.9156504924012557,0.9156145132017779,0.0,,0,27;29,2,,,2975;1166;429;4313;68;7318;7325;3011;4;4345;7330;2976,2975:967.4921123987699;1166:977.602985142857;429:979.0053051428571;4313:980.1882651428571;68:985.786625142857;7318:992.454665142857;7325:995.7814251428571;3011:999.792065142857;4:1004.577185142857;4345:1006.6206651428571;7330:1007.8236651428571;2976:1010.6671517721968
0,6,default_vehtype,boarding,True,938.5547073808185,968.5547073808185,2974;-1;-1,2974;-1;-1,0.0,0.5430996974984558,0.5430996974984558,0.0,,0,19,1,,19,,
0,11,default_vehtype,route,False,960.0,1002.6603348601407,925;5399;0.078,2981;-1;-1,378.48919050117297,0.8900173520946564,0.8899795031756063,0.0,,0,24,1,,,925;5399;1905;830;2795;1891;827;6499;1803;1141;5241;922;6385;3550;2981,925:960;5399:968.5798217142859;1905:969.9064217142859;830:971.0832617142859;2795:972.2669417142858;1891:972.5208617142858;827:973.5867017142858;6499:982.9415417142858;1803:988.9041017142858;1141:994.4087417142858;5241:995.9968217142858;922:996.9127337142859;6385:1000.1343737142859;3550:1000.3962137142859;2981:1002.6603348601407
0,2,default_vehtype,boarding,True,1010.6671517721968,1040.6671517721968,2976;-1;-1,2976;-1;-1,0.0,0.9156145132017779,0.9156145132017779,0.0,,0,27;29,2,,29,,
0,2,default_vehtype,route,False,1040.6671517721968,1070.8251730397453,2976;-1;-1,2977;-1;-1,251.31684389623734,0.9156145132017779,0.9155893815173882,0.0,,0,27,1,,,2976;7557;7316;7531;2802;2977,2976:1040.6671517721968;7557:1045.6575051428572;7316:1053.0525051428572;7531:1060.607465142857;2802:1067.8229451428572;2977:1070.8251730397453
0,3,default_vehtype,route,False,749.787388582999,1029.4639741459712,2969;-1;-1,2983;-1;-1,3227.32805164669,0.7641772609361077,0.7638545281309431,0.0,,0,23,1,,,2969;7192;1664;337;1075;5648;5759;205;5793;1407;5826;7411;4686;5074;5295;5274;7181;604;603;602;3851;4573;1400;971;598;1368;591;585;940;1370;939;1903;983;3921;840;2881;5099;2878;1735;2581;370;361;2874;1887;4059;910;6541;3462;3648;2851;2850;1801;1560;5242;922;6385;3550;6322;7280;2411;1661;7283;796;751;4635;6299;4102;4325;7285;1218;7334;7010;820;7498;276;2915;2661;7517;6201;7314;2983,2969:749.787388582999;7192:753.3910315349455;1664:756.6449275349455;337:764.4051595349455;1075:765.4289995349454;5648:766.2297835349455;5759:771.7881115349454;205:776.9323675349455;5793:781.0537195349455;1407:782.6738635349454;5826:784.9541755349454;7411:787.8528235349454;4686:788.9235355349454;5074:795.8640475349454;5295:796.0943035349454;5274:799.4731195349455;7181:803.9824075349454;604:807.5608075349454;603:808.6243915349454;602:809.4775195349454;3851:810.4809115349453;4573:814.7872315349454;1400:816.5199115349453;971:820.3183435349454;598:821.3855995349454;1368:822.3459355349454;591:828.2168875349454;585:841.3881355349454;940:847.9679995349454;1370:854.9946235349454;939:855.6912955349454;1903:856.5128875349454;983:857.4953995349455;3921:861.2935435349455;840:865.8543835349454;2881:872.4850075349455;5099:873.6378715349455;2878:874.7658955349455;1735:885.7502155349455;2581:887.0896315349455;370:888.6724795349455;361:891.1695835349456;2874:891.7555915349456;1887:897.4109755349456;4059:899.3302795349456;910:903.8464795349456;6541:904.5106075349456;3462:906.7242475349457;3648:907.0540075349456;2851:911.7282475349457;2850:912.6616075349457;1801:915.9572875349456;1560:920.6977675349457;5242:922.3804075349457;922:923.2963195349457;6385:926.5179595349457;3550:926.7797995349457;6322:932.4170395349457;7280:935.9357995349458;2411:941.7709195349457;1661:947.5707595349458;7283:948.6197995349457;796:957.4123195349457;751:959.3201995349457;4635:964.4288395349457;6299:970.3879195349457;4102:972.7472395349457;4325:978.0383995349457;7285:978.9553195349457;1218:980.0785195349457;7334:987.6596395349458;7010:990.5671195349457;820:992.5480795349457;7498:993.0160795349457;276:993.1276795349456;2915:1004.4736795349456;2661:1011.7070395349456;7517:1019.0189995349456;6201:1019.8801195349456;7314:1026.7754395349457;2983:1029.4639741459712
0,3,default_vehtype,boarding,True,1029.4639741459712,1059.4639741459712,2983;-1;-1,2983;-1;-1,0.0,0.7638545281309431,0.7638545281309431,0.0,,0,23,1,,23,,
0,4,default_vehtype,route,False,748.0296349786281,1028.3772691609558,2980;-1;-1,2993;-1;-1,2980.034721126262,0.8225845316331934,0.8222865281610808,0.0,,0,16,1,,,2980;914;2135;1730;2664;2579;2961;2407;2581;370;361;2874;1887;1805;363;366;2314;2877;1748;2880;906;984;2268;1857;1806;1371;938;5442;4054;2205;1369;2047;3631;4079;4572;4577;778;3636;3639;3642;7178;5275;5297;5072;1464;2847;5825;4587;5794;3202;2065;2023;4203;537;18;5629;1068;2559;6740;1717;2067;2063;1937;6789;3895;5465;7450;2993,2980:748.0296349786281;914:763.9118057142857;2135:771.8626628571428;1730:787.3190057142857;2664:789.14112;2579:794.0170628571428;2961:810.78792;2407:816.03672;2581:824.5239771428571;370:826.1068251428571;361:828.6039291428572;2874:829.1899371428572;1887:834.8453211428572;1805:835.8760011428571;363:842.7846891428571;366:844.1897691428571;2314:845.3346411428571;2877:858.5057451428571;1748:859.6242651428571;2880:860.7860571428571;906:873.0113691428571;984:875.7810651428571;2268:876.5289291428571;1857:876.9148491428572;1806:877.5770331428572;1371:878.2472091428572;938:880.8283371428572;5442:890.5489851428572;4054:898.1889771428572;2205:903.9414171428572;1369:910.3875771428571;2047:911.3306331428571;3631:912.893465142857;4079:913.9607211428571;4572:917.7591531428571;4577:919.4918331428571;778:923.7981531428571;3636:924.8015451428571;3639:925.6546731428571;3642:926.718257142857;7178:930.296657142857;5275:934.805945142857;5297:938.184761142857;5072:938.4150171428571;1464:945.3555291428571;2847:946.4262411428571;5825:949.324889142857;4587:951.605201142857;5794:953.225345142857;3202:957.346697142857;2065:962.490953142857;2023:968.049281142857;4203:968.850065142857;537:969.804065142857;18:975.671633142857;5629:981.521057142857;1068:984.073457142857;2559:991.124057142857;6740:995.5946811428571;1717:1001.428409142857;2067:1002.1661931428571;2063:1002.8824491428571;1937:1006.1524011428571;6789:1016.6888091428572;3895:1017.9557931428571;5465:1025.487713142857;7450:1026.471953142857;2993:1028.3772691609558
0,4,default_vehtype,boarding,True,1028.3772691609558,1058.3772691609558,2993;-1;-1,2993;-1;-1,0.0,0.8222865281610808,0.8222865281610808,0.0,,0,16,1,,16,,
0,5,default_vehtype,route,False,940.8884545080219,1062.180348959862,2985;-1;-1,2972;-1;-1,1503.3785975454016,0.9345624387604025,0.9344121009006479,0.0,,0,28,1,,,2985;1140;103;6480;7360;3154;6028;5745;6035;5743;6038;6041;7365;6050;6068;6077;3629;4502;6912;2108;7370;7608;5900;3459;4818;5992;6047;5708;3884;3030;3347;7376;2207;3446;3720;5332;251;2711;3358;2296;5681;2294;2035;6308;374;7114;3246;5330;661;445;2972,2985:940.8884545080219;1140:941.083025142857;103:942.225953142857;6480:955.547681142857;7360:961.049561142857;3154:962.141369142857;6028:963.102497142857;5745:964.594121142857;6035:966.517529142857;5743:967.8869691428571;6038:969.9023931428571;6041:971.1786651428571;7365:977.8418331428571;6050:980.1153771428571;6068:984.3417051428571;6077:984.9874011428572;3629:986.5446891428571;4502:987.0075771428571;6912:992.1560091428571;2108:994.052417142857;7370:1000.5791451428571;7608:1000.8085371428571;5900:1004.280233142857;3459:1005.035801142857;4818:1005.650681142857;5992:1006.127465142857;6047:1010.315993142857;5708:1011.710273142857;3884:1014.249857142857;3030:1014.747881142857;3347:1016.772089142857;7376:1017.207473142857;2207:1017.616361142857;3446:1020.439769142857;3720:1023.469457142857;5332:1024.460897142857;251:1025.208473142857;2711:1026.346289142857;3358:1028.5612971428568;2296:1036.8622971428567;5681:1039.2562971428567;2294:1040.5877828571424;2035:1041.9192685714281;6308:1044.3132685714281;374:1052.614268571428;7114:1054.829276571428;3246:1055.9670925714279;5330:1056.7146685714279;661:1057.7061085714279;445:1060.735796571428;2972:1062.180348959862
0,6,default_vehtype,route,False,1020.0,1026.550389715865,2974;-1;-1,2986;-1;-1,90.97763494256945,0.5430996974984558,0.5430905997349615,0.0,,0,,0,,,2974;6479;7359;2986,2974:1020;6479:1020.5005783334673;7359:1026.0024583334673;2986:1026.550389715865
0,6,default_vehtype,boarding,True,1026.550389715865,1056.550389715865,2986;-1;-1,2986;-1;-1,0.0,0.5430905997349615,0.5430905997349615,0.0,,0,31,1,31,,,
0,7,default_vehtype,route,False,756.8968429786279,1049.9918850217734,2980;-1;-1,2990;-1;-1,2515.582030976973,0.7721408788983137,0.7718893206952161,0.0,,0,17,1,,,2980;914;2135;1730;2664;2579;2961;2407;2581;370;361;2874;1887;1805;363;366;2314;2877;1748;2880;906;984;2268;1857;1806;1371;938;5442;4054;2205;1369;2047;3631;4079;4572;4577;778;3636;3639;1365;2574;7139;711;91;913;3564;4948;592;557;3881;4091;5064;991;990;4272;2724;6667;6711;1807;1653;6829;4349;4937;669;5061;7265;3848;534;2839;5449;2990,2980:756.8968429786279;914:772.7790137142855;2135:780.7298708571426;1730:796.1862137142855;2664:798.0083279999998;2579:802.8842708571426;2961:819.6551279999998;2407:824.9039279999997;2581:833.3911851428569;370:834.9740331428569;361:837.471137142857;2874:838.0571451428569;1887:843.712529142857;1805:844.7432091428569;363:851.6518971428569;366:853.0569771428569;2314:854.2018491428569;2877:867.3729531428569;1748:868.4914731428569;2880:869.6532651428569;906:881.8785771428569;984:884.6482731428569;2268:885.3961371428569;1857:885.782057142857;1806:886.444241142857;1371:887.114417142857;938:889.695545142857;5442:899.416193142857;4054:907.056185142857;2205:912.808625142857;1369:919.2547851428569;2047:920.1978411428569;3631:921.7606731428568;4079:922.8279291428569;4572:926.6263611428569;4577:928.3590411428569;778:932.6653611428569;3636:933.6687531428569;3639:934.5218811428568;1365:936.4636011428569;2574:947.9714811428569;7139:954.2378811428568;711:955.4234811428569;91:956.5055211428569;913:958.5212811428569;3564:964.4077611428569;4948:969.3236811428569;592:970.950281142857;557:976.546001142857;3881:977.509121142857;4091:978.607961142857;5064:980.165801142857;991:980.637401142857;990:982.750241142857;4272:985.9194411428571;2724:986.9138811428571;6667:994.8460011428572;6711:1010.7055611428572;1807:1012.6327611428571;1653:1018.4366811428571;6829:1019.2096011428571;4349:1019.7584811428571;4937:1024.1280411428572;669:1034.4354411428571;5061:1040.2438011428571;7265:1041.0270411428571;3848:1042.001681142857;534:1046.046641142857;2839:1047.405281142857;5449:1048.6043211428569;2990:1049.9918850217734
0,7,default_vehtype,boarding,True,1049.9918850217734,1079.9918850217734,2990;-1;-1,2990;-1;-1,0.0,0.7718893206952161,0.7718893206952161,0.0,,0,17,1,,17,,
0,11,default_vehtype,boarding,True,1002.6603348601407,1032.6603348601407,2981;-1;-1,2981;-1;-1,0.0,0.8899795031756063,0.8899795031756063,0.0,,0,24;30,2,30,,,
0,11,default_vehtype,route,False,1032.6603348601407,1068.8395752923445,2981;-1;-1,2979;-1;-1,176.13052741122,0.8899795031756063,0.8899618901228651,0.0,,0,24;30,2,,,2981;6320;7278;2411;6281;2286;2287;6538;2979,2981:1032.6603348601407;6320:1036.0334537142858;7278:1039.5522137142857;2411:1045.3873337142857;6281:1050.431448;2286:1055.1983622857144;2287:1059.9652765714288;6538:1065.0093908571432;2979:1068.8395752923445
0,1,default_vehtype,route,False,1080.0,1108.1497470580246,2992;-1;-1,2968;-1;-1,390.96870913923203,0.857140618185564,0.85710152131465,0.0,,0,,0,,,2992;2526;5444;1716;2720;4210;1711;2968,2992:1080;2526:1089.2022475349454;5444:1099.7386555349453;1716:1102.5290155349453;2720:1103.2756555349454;4210:1104.1739275349453;1711:1105.3036075349453;2968:1108.1497470580246
0,1,default_vehtype,boarding,True,1108.1497470580246,1138.1497470580246,2968;-1;-1,2968;-1;-1,0.0,0.85710152131465,0.85710152131465,0.0,,0,32,1,32,,,
0,2,default_vehtype,boarding,True,1070.8251730397453,1100.8251730397453,2977;-1;-1,2977;-1;-1,0.0,0.9155893815173882,0.9155893815173882,0.0,,0,27,1,,27,,
0,4,default_vehtype,route,False,1080.0,1085.8647695471266,2993;-1;-1,2967;-1;-1,81.45513259898192,0.8222865281610808,0.8222783826478209,0.0,,0,,0,,,2993;4483;7446;1960;2967,2993:1080;4483:1080.761419981901;7446:1083.428155981901;1960:1084.412395981901;2967:1085.8647695471266
0,4,default_vehtype,boarding,True,1085.8647695471266,1115.8647695471266,2967;-1;-1,2967;-1;-1,0.0,0.8222783826478209,0.8222783826478209,0.0,,0,34;33,2,34;33,,,
0,5,default_vehtype,boarding,True,1062.180348959862,1092.180348959862,2972;-1;-1,2972;-1;-1,0.0,0.9344121009006479,0.9344121009006479,0.0,,0,28,1,,28,,
0,11,default_vehtype,boarding,True,1068.8395752923445,1098.8395752923445,2979;-1;-1,2979;-1;-1,0.0,0.8899618901228651,0.8899618901228651,0.0,,0,24;30,2,,24,,
0,6,default_vehtype,route,False,1056.550389715865,1190.4062192302072,2986;-1;-1,2983;-1;-1,1163.365297003021,0.5430905997349615,0.5429742632052612,0.0,,0,31,1,,,2986;3155;7358;2376;3091;4274;880;3109;3874;4306;429;4313;68;7318;7325;3011;4;4345;7330;7562;7316;7531;2802;2251;7515;4311;2918;1172;2919;6201;7314;2983,2986:1056.550389715865;3155:1057.0942663334672;7358:1058.186074333467;2376:1063.6879543334671;3091:1077.009682333467;4274:1078.152610333467;880:1078.743946333467;3109:1080.5944903334669;3874:1086.4587703334669;4306:1098.5743303334668;429:1099.9766503334668;4313:1101.1596103334668;68:1106.7579703334668;7318:1113.4260103334668;7325:1116.7527703334667;3011:1120.7634103334667;4:1125.5485303334667;4345:1127.5920103334668;7330:1128.7950103334667;7562:1136.6288503334667;7316:1144.0238503334667;7531:1151.5788103334667;2802:1158.7942903334667;2251:1165.6896103334668;7515:1166.5507303334668;4311:1171.3006731906098;2918:1173.2559874763242;1172:1175.2113017620386;2919:1179.9612446191816;6201:1180.8223646191816;7314:1187.7176846191817;2983:1190.4062192302072
0,0,default_vehtype,route,False,1140.0,1242.3245640734585,2983;-1;-1,2975;-1;-1,790.0052720407283,0.6909820104673797,0.6909030099401756,0.0,,0,,0,,,2983;7527;2803;7558;2806;4344;2996;3013;7322;2804;3061;1173;3425;4304;793;118;3979;4275;3068;70;73;4273;880;3109;3874;2975,2983:1140;7527:1144.5269453889746;2803:1152.0819053889745;7558:1159.4769053889745;2806:1167.3107453889745;4344:1168.5137453889745;2996:1170.5572253889745;3013:1175.3423453889745;7322:1179.3529853889745;2804:1182.6797453889744;3061:1189.3477853889744;1173:1194.9461453889744;3425:1196.1291053889745;4304:1197.5314253889744;793:1209.6469853889744;118:1215.5112653889744;3979:1217.3618093889743;4275:1217.9531453889742;3068:1222.69743110326;70:1224.98343110326;73:1227.26943110326;4273:1232.0137168175459;880:1232.6050528175458;3109:1234.4555968175457;3874:1240.3198768175457;2975:1242.3245640734585
0,6,default_vehtype,boarding,True,1190.4062192302072,1220.4062192302072,2983;-1;-1,2983;-1;-1,0.0,0.5429742632052612,0.5429742632052612,0.0,,0,31,1,,31,,
0,10,default_vehtype,route,False,1200.0,1218.4159100213194,2969;-1;-1,2991;-1;-1,255.77652807388006,0.9453883045506956,0.9453627268978881,0.0,,0,,0,,,2969;7192;1664;337;1075;537;2991,2969:1200;7192:1203.6036429519463;1664:1206.8575389519463;337:1214.6177709519463;1075:1215.6416109519464;537:1216.5956109519464;2991:1218.4159100213194
0,10,default_vehtype,boarding,True,1218.4159100213194,1248.4159100213194,2991;-1;-1,2991;-1;-1,0.0,0.9453627268978881,0.9453627268978881,0.0,,0,36,1,36,,,
0,0,default_vehtype,boarding,True,1242.3245640734585,1272.3245640734585,2975;-1;-1,2975;-1;-1,0.0,0.6909030099401756,0.6909030099401756,0.0,,0,35,1,35,,,
0,2,default_vehtype,route,False,1200.0,1285.8324765383131,2977;-1;-1,2979;-1;-1,715.2706378192755,0.9155893815173882,0.9155178544536063,0.0,,0,,0,,,2977;6202;7516;7037;7512;3274;2902;3901;7011;7336;4365;7288;1182;1001;6296;1434;3820;3877;2787;4993;6537;2979,2977:1200;6202:1203.8930921031117;7516:1204.7542121031117;7037:1212.0661721031117;7512:1219.2995321031117;3274:1230.6455321031117;2902:1230.7571321031116;3901:1231.2251321031117;7011:1233.2060921031118;7336:1236.113572103112;4365:1243.694692103112;7288:1244.817892103112;1182:1245.7348121031118;1001:1251.0259721031118;6296:1253.3852921031119;1434:1259.344372103112;3820:1264.4530121031119;3877:1266.3608921031118;2787:1275.1534121031118;4993:1276.202452103112;6537:1282.0022921031118;2979:1285.8324765383131
0,2,default_vehtype,boarding,True,1285.8324765383131,1315.8324765383131,2979;-1;-1,2979;-1;-1,0.0,0.9155178544536063,0.9155178544536063,0.0,,0,37,1,37,,,
0,11,default_vehtype,route,False,1098.8395752923445,1301.7514795464795,2979;-1;-1,2973;-1;-1,2147.060361502996,0.8899618901228651,0.8897471840867148,0.0,,0,30,1,,,2979;2786;2307;3549;6384;4032;1804;4277;5239;6501;3911;5389;7301;3914;5398;5400;4040;4041;5374;5418;5424;5403;6546;1200;7312;3767;4527;3089;3131;5447;7352;414;122;3426;4305;793;118;3979;4275;103;6480;7360;3154;6028;5745;6035;5743;6038;6041;7365;6050;6068;6077;3629;4502;6912;2108;7370;1420;1084;2973,2979:1098.8395752923445;2786:1100.8445108571434;2307:1104.3632708571433;3549:1110.0005108571434;6384:1110.2623508571432;4032:1113.4839908571432;1804:1114.3999028571432;4277:1115.9879828571432;5239:1121.4926228571433;6501:1127.4551828571432;3911:1136.8100228571432;5389:1137.8758628571431;7301:1138.1297828571433;3914:1139.3134628571433;5398:1140.4903028571434;5400:1141.8169028571435;4040:1151.1217028571436;4041:1154.0660228571437;5374:1158.3185828571436;5418:1159.3558628571436;5424:1159.4991428571436;5403:1160.6044628571435;6546:1164.8313428571435;1200:1169.4404228571434;7312:1170.9341828571435;3767:1172.9405828571435;4527:1175.7374228571434;3089:1184.1470228571434;3131:1184.6272628571435;5447:1187.0149028571434;7352:1188.3262628571433;414:1190.7959828571434;122:1203.1503428571434;3426:1204.4038628571434;4305:1205.8061828571433;793:1217.9217428571433;118:1223.7860228571433;3979:1225.6365668571432;4275:1226.2279028571431;103:1227.3708308571431;6480:1240.692558857143;7360:1246.194438857143;3154:1247.286246857143;6028:1248.2473748571429;5745:1249.7389988571429;6035:1251.662406857143;5743:1253.031846857143;6038:1255.0472708571428;6041:1256.323542857143;7365:1262.986710857143;6050:1265.2602548571429;6068:1269.4865828571428;6077:1270.1322788571429;3629:1271.6895668571428;4502:1272.1524548571429;6912:1277.3008868571428;2108:1279.1972948571429;7370:1285.724022857143;1420:1297.429134857143;1084:1300.964118857143;2973:1301.7514795464795
0,1,default_vehtype,route,False,1138.1497470580246,1368.4137531130045,2968;-1;-1,2979;-1;-1,2772.5724880283537,0.85710152131465,0.8568242640658472,0.0,,0,32,1,,,2968;98;2497;7434;2760;542;1074;4204;5649;5760;205;5793;1407;5826;7411;4686;5074;5295;5274;7181;604;603;602;3851;4573;1400;971;598;1368;591;585;940;1370;939;1903;983;3921;840;2881;5099;2878;1735;2581;370;361;2874;1887;4059;910;6541;3462;3648;2851;2850;1801;1560;5242;922;6385;3550;6322;7280;2411;6281;2286;2287;6538;2979,2968:1138.1497470580246;98:1143.9194155349453;2497:1145.4300475349453;7434:1152.6378955349453;2760:1159.1764315349453;542:1166.7045355349453;1074:1167.6379435349454;4204:1168.6195915349454;5649:1169.4203755349454;5760:1174.9787035349455;205:1180.1229595349455;5793:1184.2443115349454;1407:1185.8644555349454;5826:1188.1447675349455;7411:1191.0434155349456;4686:1192.1141275349455;5074:1199.0546395349454;5295:1199.2848955349455;5274:1202.6637115349454;7181:1207.1729995349453;604:1210.7513995349454;603:1211.8149835349454;602:1212.6681115349454;3851:1213.6715035349455;4573:1217.9778235349454;1400:1219.7105035349455;971:1223.5089355349455;598:1224.5761915349456;1368:1225.5365275349457;591:1231.4074795349457;585:1244.5787275349458;940:1251.1585915349458;1370:1258.1852155349459;939:1258.881887534946;1903:1259.703479534946;983:1260.685991534946;3921:1264.484135534946;840:1269.0449755349462;2881:1275.675599534946;5099:1276.828463534946;2878:1277.956487534946;1735:1288.940807534946;2581:1290.2802235349461;370:1291.8630715349461;361:1294.3601755349462;2874:1294.9461835349462;1887:1300.601567534946;4059:1302.520871534946;910:1307.037071534946;6541:1307.701199534946;3462:1309.914839534946;3648:1310.244599534946;2851:1314.918839534946;2850:1315.852199534946;1801:1319.147879534946;1560:1323.888359534946;5242:1325.570999534946;922:1326.4869115349459;6385:1329.7085515349459;3550:1329.9703915349457;6322:1335.6076315349458;7280:1339.1263915349457;2411:1344.9615115349457;6281:1350.00562582066;2286:1354.7725401063744;2287:1359.5394543920888;6538:1364.5835686778032;2979:1368.4137531130045
0,4,default_vehtype,route,False,1115.8647695471266,1375.8871853470662,2967;-1;-1,2985;-1;-1,2734.6677749991595,0.8222783826478209,0.822004915870321,0.0,,0,34;33,2,,,2967;3896;6788;5444;1716;2720;4210;1711;98;2497;7434;2760;542;1074;4204;5649;5760;205;5793;1407;5826;7411;4686;5074;5295;5274;7181;604;603;1365;2574;7139;1693;1114;5299;7129;754;611;1812;1186;7311;3767;4527;3089;3131;5447;7352;414;122;3426;4305;793;118;3979;2985,2967:1115.8647695471266;3896:1121.9443159819011;6788:1123.2112999819012;5444:1133.7477079819012;1716:1136.5380679819011;2720:1137.2847079819012;4210:1138.182979981901;1711:1139.312659981901;98:1147.9284679819011;2497:1149.439099981901;7434:1156.6469479819011;2760:1163.1854839819011;542:1170.7135879819011;1074:1171.6469959819012;4204:1172.6286439819012;5649:1173.4294279819012;5760:1178.9877559819013;205:1184.1320119819013;5793:1188.2533639819012;1407:1189.8735079819012;5826:1192.1538199819013;7411:1195.0524679819014;4686:1196.1231799819013;5074:1203.0636919819012;5295:1203.2939479819013;5274:1206.6727639819012;7181:1211.1820519819012;604:1214.7604519819013;603:1215.8240359819013;1365:1217.7657559819013;2574:1229.2736359819014;7139:1235.5400359819014;1693:1237.1786359819014;1114:1253.5191559819013;5299:1268.0643559819014;7129:1269.4153159819014;754:1312.9754359819015;611:1314.2240359819014;1812:1318.7951959819013;1186:1319.9723959819014;7311:1320.7880359819014;3767:1322.7944359819014;4527:1325.5912759819014;3089:1334.0008759819013;3131:1334.4811159819014;5447:1336.8687559819014;7352:1338.1801159819013;414:1340.6498359819013;122:1353.0041959819014;3426:1354.2577159819014;4305:1355.6600359819013;793:1367.7755959819012;118:1373.6398759819012;3979:1375.4904199819011;2985:1375.8871853470662
0,6,default_vehtype,route,False,1320.0,1334.7446532858628,2983;-1;-1,2977;-1;-1,122.87211071552242,0.5429742632052612,0.5429619759941896,0.0,,0,,0,,,2983;7527;2802;2977,2983:1320;7527:1324.5269453889746;2802:1331.7424253889747;2977:1334.7446532858628
0,6,default_vehtype,boarding,True,1334.7446532858628,1364.7446532858628,2977;-1;-1,2977;-1;-1,0.0,0.5429619759941896,0.5429619759941896,0.0,,0,42,1,42,,,
0,7,default_vehtype,route,False,1260.0,1342.5420236441626,2990;-1;-1,2968;-1;-1,979.5016832740181,0.7718893206952161,0.7717913705268886,0.0,,0,,0,,,2990;2552;4848;3271;4846;4989;5000;337;1075;537;18;5629;1068;2559;6740;1717;2067;2720;4210;1711;2968,2990:1260;2552:1262.8657161210833;4848:1270.3460361210832;3271:1275.8991561210833;4846:1277.7722361210833;4989:1290.0447561210833;5000:1294.8043161210833;337:1302.5645481210834;1075:1303.5883881210834;537:1304.5423881210834;18:1310.4099561210833;5629:1316.2593801210833;1068:1318.8117801210833;2559:1325.8623801210833;6740:1330.3330041210834;1717:1336.1667321210834;2067:1336.9045161210834;2720:1337.6679321210834;4210:1338.5662041210833;1711:1339.6958841210833;2968:1342.5420236441626
0,7,default_vehtype,boarding,True,1342.5420236441626,1372.5420236441626,2968;-1;-1,2968;-1;-1,0.0,0.7717913705268886,0.7717913705268886,0.0,,0,38;41,2,38;41,,,
0,11,default_vehtype,boarding,True,1301.7514795464795,1331.7514795464795,2973;-1;-1,2973;-1;-1,0.0,0.8897471840867148,0.8897471840867148,0.0,,0,30,1,,30,,
0,1,default_vehtype,boarding,True,1368.4137531130045,1398.4137531130045,2979;-1;-1,2979;-1;-1,0.0,0.8568242640658472,0.8568242640658472,0.0,,0,32,1,,32,,
0,4,default_vehtype,boarding,True,1375.8871853470662,1405.8871853470662,2985;-1;-1,2985;-1;-1,0.0,0.822004915870321,0.822004915870321,0.0,,0,34;33,2,,33,,
0,6,default_vehtype,route,False,1364.7446532858628,1411.0712847115417,2977;-1;-1,2984;-1;-1,386.0552618806575,0.5429619759941896,0.5429233704680015,0.0,,0,42,1,,,2977;6202;7315;7530;2803;7558;2806;4344;2996;2984,2977:1364.7446532858628;6202:1368.6377453889745;7315:1375.5330653889746;7530:1382.7485453889747;2803:1390.3035053889746;7558:1397.6985053889746;2806:1405.5323453889746;4344:1406.7353453889746;2996:1408.7788253889746;2984:1411.0712847115417
0,7,default_vehtype,route,False,1372.5420236441626,1404.179665169137,2968;-1;-1,2969;-1;-1,439.4116878468658,0.7717913705268886,0.7717474293581039,0.0,,0,38;41,2,,,2968;98;2497;7434;2760;542;1074;336;2969,2968:1372.5420236441626;98:1378.3116921210833;2497:1379.8223241210833;7434:1387.0301721210833;2760:1393.5687081210833;542:1401.0968121210833;1074:1402.0302201210834;336:1403.0533401210835;2969:1404.179665169137
0,7,default_vehtype,boarding,True,1404.179665169137,1434.179665169137,2969;-1;-1,2969;-1;-1,0.0,0.7717474293581039,0.7717474293581039,0.0,,0,38;41,2,,41,,
0,8,default_vehtype,route,False,1320.0,1434.470301963316,2971;-1;-1,2970;-1;-1,881.1603258847763,0.8989539523710854,0.8988658363384969,0.0,,0,,0,,,2971;3807;7387;2045;2835;2641;7396;2616;486;2838;3722;3732;544;7400;5449;6824;4848;1631;1593;6821;1946;7401;3560;2970,2971:1320;3807:1321.3763552681585;7387:1325.4407552681585;2045:1339.9789952681585;2835:1342.3440752681586;2641:1351.5551552681586;7396:1352.1495152681587;2616:1357.5111152681586;486:1358.4228752681586;2838:1364.7475952681586;3722:1368.2668352681587;3732:1390.7165552681588;544:1393.4061152681588;7400:1394.4816752681588;5449:1395.6807152681588;6824:1399.9339952681587;4848:1407.4143152681586;1631:1413.10848669673;1593:1418.8026581253016;6821:1426.2829781253015;1946:1430.5362581253014;7401:1431.7352981253014;3560:1432.8108581253014;2970:1434.470301963316
0,0,default_vehtype,route,False,1272.3245640734585,1469.0594558869186,2975;-1;-1,2991;-1;-1,1899.5842043864618,0.6909030099401756,0.690713051519737,0.0,,0,35,1,,,2975;1166;429;3125;3406;2825;1944;130;99;4526;714;2800;4332;799;3653;3825;7127;1836;4248;5046;7138;6879;1367;3637;3640;3643;7179;5275;5297;5072;1464;2847;5825;4587;5794;3202;2065;2023;4203;537;2991,2975:1272.3245640734585;1166:1282.4354368175457;429:1283.8377568175456;3125:1285.0912768175456;3406:1297.4456368175456;2825:1299.9153568175457;1944:1301.2267168175456;130:1303.6143568175455;99:1304.0945968175456;4526:1312.5041968175456;714:1315.3010368175455;2800:1317.3074368175455;4332:1318.1230768175456;799:1319.3039968175456;3653:1323.9002368175456;3825:1325.1488368175455;7127:1368.7089568175456;1836:1370.0599168175456;4248:1384.6051168175456;5046:1400.9456368175456;7138:1402.5842368175456;6879:1408.8506368175456;1367:1420.3435168175456;3637:1422.2366368175456;3640:1423.0897648175455;3643:1424.1533488175455;7179:1427.7317488175456;5275:1432.2410368175456;5297:1435.6198528175455;5072:1435.8501088175456;1464:1442.7906208175455;2847:1443.8613328175454;5825:1446.7599808175455;4587:1449.0402928175456;5794:1450.6604368175456;3202:1454.7817888175455;2065:1459.9260448175455;2023:1465.4843728175456;4203:1466.2851568175456;537:1467.2391568175456;2991:1469.0594558869186
0,0,default_vehtype,boarding,True,1469.0594558869186,1499.0594558869186,2991;-1;-1,2991;-1;-1,0.0,0.690713051519737,0.690713051519737,0.0,,0,35;46,2,46,35,,
0,1,default_vehtype,boarding,True,1440.0,1470.0,2979;-1;-1,2979;-1;-1,0.0,0.8568242640658472,0.8568242640658472,0.0,,0,47,1,47,,,
0,3,default_vehtype,route,False,1380.0,1457.7585747541393,2983;-1;-1,2985;-1;-1,660.4731749798569,0.7638545281309431,0.7637884808134452,0.0,,0,,0,,,2983;7527;2803;7558;2806;4344;2996;3013;7322;2804;3061;1173;3425;4304;793;118;3979;2985,2983:1380;7527:1384.5269453889746;2803:1392.0819053889745;7558:1399.4769053889745;2806:1407.3107453889745;4344:1408.5137453889745;2996:1410.5572253889745;3013:1415.3423453889745;7322:1419.3529853889745;2804:1422.6797453889744;3061:1429.3477853889744;1173:1434.9461453889744;3425:1436.1291053889745;4304:1437.5314253889744;793:1449.6469853889744;118:1455.5112653889744;3979:1457.3618093889743;2985:1457.7585747541393
0,3,default_vehtype,boarding,True,1457.7585747541393,1487.7585747541393,2985;-1;-1,2985;-1;-1,0.0,0.7637884808134452,0.7637884808134452,0.0,,0,44,1,44,,,
0,4,default_vehtype,route,False,1405.8871853470662,1467.8377810187537,2985;-1;-1,2984;-1;-1,479.914197616323,0.822004915870321,0.8219569244505593,0.0,,0,34,1,,,2985;1140;880;3109;3874;4306;429;4313;68;7318;7325;3011;4;4345;1199;1204;2996;2984,2985:1405.8871853470662;1140:1406.081755981901;880:1406.673091981901;3109:1408.523635981901;3874:1414.387915981901;4306:1426.503475981901;429:1427.9057959819008;4313:1429.088755981901;68:1434.687115981901;7318:1441.355155981901;7325:1444.6819159819008;3011:1448.6925559819008;4:1453.4776759819008;4345:1455.5211559819008;1199:1459.5114988390437;1204:1463.5018416961866;2996:1465.5453216961866;2984:1467.8377810187537
0,4,default_vehtype,boarding,True,1467.8377810187537,1497.8377810187537,2984;-1;-1,2984;-1;-1,0.0,0.8219569244505593,0.8219569244505593,0.0,,0,34,1,,34,,
0,5,default_vehtype,route,False,1380.0,1469.2857163434073,2972;-1;-1,2971;-1;-1,812.5131451482082,0.9344121009006479,0.934330849586133,0.0,,0,,0,,,2972;6079;3446;3720;5332;251;2711;3358;2296;5495;5696;3307;3987;2396;886;808;1372;807;1375;108;1376;1380;373;2390;7391;5704;7389;2971,2972:1380;6079:1381.378855611566;3446:1384.202263611566;3720:1387.231951611566;5332:1388.223391611566;251:1388.970967611566;2711:1390.108783611566;3358:1392.3237916115659;2296:1400.6247916115658;5495:1400.8416316115658;5696:1401.6043516115658;3307:1412.3427916115659;3987:1419.169951611566;2396:1420.4759116115658;886:1426.1135116115659;808:1426.579711611566;1372:1427.442631611566;807:1428.5465116115658;1375:1430.2307116115658;108:1432.3711516115657;1376:1434.1713916115657;1380:1436.1879916115656;373:1445.7489916115655;2390:1448.2937116115656;7391:1449.6943516115657;5704:1452.0594316115657;7389:1466.5976716115658;2971:1469.2857163434073
0,5,default_vehtype,boarding,True,1469.2857163434073,1499.2857163434073,2971;-1;-1,2971;-1;-1,0.0,0.934330849586133,0.934330849586133,0.0,,0,43,1,43,,,
0,6,default_vehtype,boarding,True,1411.0712847115417,1441.0712847115417,2984;-1;-1,2984;-1;-1,0.0,0.5429233704680015,0.5429233704680015,0.0,,0,42,1,,42,,
0,6,default_vehtype,route,False,1441.0712847115417,1454.4390320183143,2984;-1;-1,2976;-1;-1,111.3978942231051,0.5429233704680015,0.5429122306785792,0.0,,0,,0,,,2984;3012;4;4345;7330;2976,2984:1441.0712847115417;3012:1443.5639453889746;4:1448.3490653889746;4345:1450.3925453889747;7330:1451.5955453889746;2976:1454.4390320183143
0,6,default_vehtype,boarding,True,1454.4390320183143,1484.4390320183143,2976;-1;-1,2976;-1;-1,0.0,0.5429122306785792,0.5429122306785792,0.0,,0,45,1,45,,,
0,8,default_vehtype,boarding,True,1434.470301963316,1464.470301963316,2970;-1;-1,2970;-1;-1,0.0,0.8988658363384969,0.8988658363384969,0.0,,0,40,1,40,,,
0,9,default_vehtype,route,False,1320.0,1451.6293350411677,2966;-1;-1,2992;-1;-1,1285.482894801535,0.9624709510351647,0.9623424027456845,0.0,,0,,0,,,2966;2743;2631;2150;735;738;2470;734;1815;739;1724;1962;1910;164;1354;197;1311;7;1963;1308;482;7613;2611;1307;2876;1960;816;6786;5444;1716;2720;4210;2067;2063;1937;2992,2966:1320;2743:1327.8438282903996;2631:1331.8552568618281;2150:1348.7855425761138;735:1359.2677140046853;738:1365.435542576114;2470:1366.3852225761138;734:1366.5940945761138;1815:1367.6023105761137;739:1368.4428385761137;1724:1384.9005265761136;1962:1385.9573425761137;1910:1386.7795825761136;164:1387.7307745761136;1354:1388.6872945761136;197:1390.8965425761135;1311:1402.4313025761135;7:1406.1262705761135;1963:1406.5347265761134;1308:1406.8959505761134;482:1411.4505985761134;7613:1412.7747505761133;2611:1416.6711025761133;1307:1417.9868305761133;2876:1420.6535665761132;1960:1421.6378065761132;816:1429.1697265761131;6786:1430.4367105761132;5444:1440.9731185761132;1716:1443.7634785761131;2720:1444.5101185761132;4210:1445.408390576113;2067:1446.308966576113;2063:1447.025222576113;1937:1450.2951745761131;2992:1451.6293350411677
0,9,default_vehtype,boarding,True,1451.6293350411677,1481.6293350411677,2992;-1;-1,2992;-1;-1,0.0,0.9623424027456845,0.9623424027456845,0.0,,0,39,1,39,,,
0,10,default_vehtype,route,False,1248.4159100213194,1495.3754022078592,2991;-1;-1,2975;-1;-1,2902.5617956135384,0.9453627268978881,0.9450724707183267,0.0,,0,36,1,,,2991;3010;5631;1068;2867;2760;542;1074;1071;1070;1069;1067;1504;4396;710;2281;4664;6260;3300;1832;708;6180;2405;6169;2744;2567;2576;3077;3241;88;2758;2742;2448;2353;6140;7386;3742;7100;6318;737;6639;2446;2301;1992;1990;1988;1985;3729;5498;5496;5699;5494;6307;374;7114;3246;5330;661;445;6080;7381;364;3029;3886;5711;6045;2157;4817;456;5901;7605;2830;5852;6913;1321;597;2204;6066;6049;7367;2188;2186;5744;6033;5746;6031;146;2828;2376;3091;4274;880;3109;3874;2975,2991:1248.4159100213194;3010:1252.4631789519465;5631:1258.3126029519465;1068:1260.8650029519465;2867:1261.7392989519465;2760:1268.2778349519465;542:1275.8059389519465;1074:1276.7393469519466;1071:1277.7418749519466;1070:1292.2051629519465;1069:1292.9434509519465;1067:1295.6055069519464;1504:1300.0592829519464;4396:1300.2855789519465;710:1300.8362349519464;2281:1301.8419309519463;4664:1305.7199229519463;6260:1306.1658189519462;3300:1306.7649309519463;1832:1309.5551469519464;708:1310.0942109519465;6180:1310.5176429519465;2405:1312.7400429519466;6169:1316.2171629519466;2744:1320.8177229519467;2567:1322.6606829519467;2576:1331.1492429519467;3077:1333.2818829519467;3241:1336.4107629519467;88:1338.3376029519468;2758:1340.3010429519468;2742:1340.7074829519468;2448:1343.8931229519467;2353:1350.0940029519468;6140:1355.2650429519467;7386:1356.6074829519466;3742:1364.2664829519467;7100:1364.8061229519467;6318:1365.2842029519468;737:1366.1999229519467;6639:1368.0491229519469;2446:1369.6204029519467;2301:1371.9174429519467;1992:1372.9424829519467;1990:1374.6394029519467;1988:1377.0934029519467;1985:1380.6151629519468;3729:1382.9626029519468;5498:1384.3600029519469;5496:1387.2672429519469;5699:1387.9646829519468;5494:1389.0684429519467;6307:1389.2852829519468;374:1397.5862829519467;7114:1399.8012909519466;3246:1400.9391069519465;5330:1401.6866829519465;661:1402.6781229519465;445:1405.7078109519466;6080:1408.5312189519466;7381:1408.9401069519465;364:1409.3754909519466;3029:1411.3996989519467;3886:1411.8977229519467;5711:1414.4373069519468;6045:1415.8315869519467;2157:1420.0201149519467;4817:1420.4968989519466;456:1421.1117789519467;5901:1421.8673469519467;7605:1425.3390429519468;2830:1425.5684349519468;5852:1432.0951629519468;6913:1433.9915709519469;1321:1439.1400029519468;597:1439.6028909519468;2204:1441.1601789519468;6066:1441.8058749519469;6049:1446.0322029519468;7367:1448.3057469519467;2188:1454.9689149519468;2186:1456.2451869519468;5744:1458.2606109519468;6033:1459.6300509519467;5746:1461.5534589519468;6031:1463.0450829519468;146:1464.0062109519467;2828:1465.0980189519466;2376:1470.5998989519467;3091:1483.9216269519466;4274:1485.0645549519465;880:1485.6558909519465;3109:1487.5064349519464;3874:1493.3707149519464;2975:1495.3754022078592
0,2,default_vehtype,route,False,1315.8324765383131,1532.8011679820288,2979;-1;-1,2990;-1;-1,1831.0588286976285,0.9155178544536063,0.9153347485707366,0.0,,0,37,1,,,2979;2786;2307;3549;6384;4032;1804;4277;5239;6501;3911;5389;7301;3914;5398;5400;4040;4041;5374;5418;5424;5403;6546;1200;7312;4332;799;3653;3825;7127;3766;3988;553;7132;7191;3566;4337;7134;6667;6711;1807;1653;6829;4349;4937;669;5061;7265;3848;534;2839;5449;2990,2979:1315.8324765383131;2786:1317.837412103112;2307:1321.356172103112;3549:1326.993412103112;6384:1327.2552521031118;4032:1330.4768921031118;1804:1331.3928041031118;4277:1332.9808841031117;5239:1338.4855241031119;6501:1344.4480841031118;3911:1353.8029241031118;5389:1354.8687641031117;7301:1355.1226841031119;3914:1356.306364103112;5398:1357.483204103112;5400:1358.8098041031121;4040:1368.114604103112;4041:1371.058924103112;5374:1375.311484103112;5418:1376.348764103112;5424:1376.492044103112;5403:1377.5973641031119;6546:1381.8242441031118;1200:1386.4333241031118;7312:1387.9270841031118;4332:1388.7427241031119;799:1389.9236441031119;3653:1394.519884103112;3825:1395.7684841031119;7127:1439.328604103112;3766:1440.265804103112;3988:1444.001404103112;553:1444.459684103112;7132:1454.338564103112;7191:1462.295764103112;3566:1464.124924103112;4337:1468.623124103112;7134:1469.7231641031121;6667:1477.655284103112;6711:1493.5148441031122;1807:1495.4420441031123;1653:1501.2459641031123;6829:1502.0188841031124;4349:1502.5677641031125;4937:1506.9373241031126;669:1517.2447241031125;5061:1523.0530841031125;7265:1523.8363241031125;3848:1524.8109641031124;534:1528.8559241031123;2839:1530.2145641031123;5449:1531.4136041031122;2990:1532.8011679820288
0,4,default_vehtype,route,False,1500.0,1544.9088900425977,2984;-1;-1,2985;-1;-1,386.725802383677,0.8219569244505593,0.821918251870321,0.0,,0,,0,,,2984;3012;7321;2804;3061;1173;3425;4304;793;118;3979;2985,2984:1500;3012:1502.492660677433;7321:1506.503300677433;2804:1509.8300606774328;3061:1516.4981006774328;1173:1522.0964606774328;3425:1523.2794206774329;4304:1524.6817406774328;793:1536.7973006774328;118:1542.6615806774328;3979:1544.5121246774327;2985:1544.9088900425977
0,5,default_vehtype,route,False,1499.2857163434073,1555.4099545971583,2971;-1;-1,2988;-1;-1,514.7105099710569,0.934330849586133,0.9342793785351359,0.0,,0,43,1,,,2971;3807;6875;885;316;2042;1982;6306;374;7114;3246;5330;661;445;6080;7381;364;3029;69;30;3346;2832;2207;2988,2971:1499.2857163434073;3807:1500.6620716115658;6875:1501.7300716115658;885:1502.3334316115659;316:1509.160591611566;2042:1519.899031611566;1982:1520.661751611566;6306:1520.878591611566;374:1529.179591611566;7114:1531.3945996115658;3246:1532.5324156115657;5330:1533.2799916115657;661:1534.2714316115657;445:1537.3011196115658;6080:1540.1245276115658;7381:1540.5334156115657;364:1540.9687996115658;3029:1542.9930076115659;69:1547.1252933258515;30:1551.2575790401372;3346:1553.2817870401373;2832:1553.7171710401374;2207:1554.1260590401373;2988:1555.4099545971583
0,10,default_vehtype,boarding,True,1495.3754022078592,1525.3754022078592,2975;-1;-1,2975;-1;-1,0.0,0.9450724707183267,0.9450724707183267,0.0,,0,36,1,,36,,
0,2,default_vehtype,boarding,True,1532.8011679820288,1562.8011679820288,2990;-1;-1,2990;-1;-1,0.0,0.9153347485707366,0.9153347485707366,0.0,,0,37,1,,37,,
0,2,default_vehtype,route,False,1562.8011679820288,1573.8542079411266,2990;-1;-1,2970;-1;-1,92.10866632581656,0.9153347485707366,0.915325537704104,0.0,,0,,0,,,2990;2552;1946;7401;3560;2970,2990:1562.8011679820288;2552:1565.6668841031121;1946:1569.920164103112;7401:1571.119204103112;3560:1572.194764103112;2970:1573.8542079411266
0,2,default_vehtype,boarding,True,1573.8542079411266,1603.8542079411266,2970;-1;-1,2970;-1;-1,0.0,0.915325537704104,0.915325537704104,0.0,,0,48,1,48,,,
0,3,default_vehtype,route,False,1487.7585747541393,1563.4767220783106,2985;-1;-1,2973;-1;-1,1051.640935057937,0.7637884808134452,0.7636833167199394,0.0,,0,44,1,,,2985;1140;103;6480;7360;3154;6028;5745;6035;5743;6038;6041;7365;6050;6068;6077;3629;4502;6912;2108;7370;1420;1084;2973,2985:1487.7585747541393;1140:1487.9531453889742;103:1489.0960733889742;6480:1502.417801388974;7360:1507.9196813889741;3154:1509.011489388974;6028:1509.972617388974;5745:1511.464241388974;6035:1513.387649388974;5743:1514.757089388974;6038:1516.772513388974;6041:1518.048785388974;7365:1524.711953388974;6050:1526.985497388974;6068:1531.211825388974;6077:1531.857521388974;3629:1533.414809388974;4502:1533.877697388974;6912:1539.026129388974;2108:1540.922537388974;7370:1547.449265388974;1420:1559.1543773889741;1084:1562.689361388974;2973:1563.4767220783106
0,3,default_vehtype,boarding,True,1563.4767220783106,1593.4767220783106,2973;-1;-1,2973;-1;-1,0.0,0.7636833167199394,0.7636833167199394,0.0,,0,44,1,,44,,
0,4,default_vehtype,boarding,True,1544.9088900425977,1574.9088900425977,2985;-1;-1,2985;-1;-1,0.0,0.821918251870321,0.821918251870321,0.0,,0,49,1,49,,,
0,5,default_vehtype,boarding,True,1555.4099545971583,1585.4099545971583,2988;-1;-1,2988;-1;-1,0.0,0.9342793785351359,0.9342793785351359,0.0,,0,43,1,,43,,
0,7,default_vehtype,route,False,1434.179665169137,1589.2647773854267,2969;-1;-1,2980;-1;-1,1780.8795979021434,0.7717474293581039,0.7715693413983137,0.0,,0,38,1,,,2969;7192;1664;337;1075;5648;5759;205;5793;1407;5826;7411;4686;5074;5295;5274;7181;604;603;602;3851;4573;1400;971;598;1368;591;585;940;1370;939;1903;983;3921;840;2881;5099;1157;2058;2092;915;2980,2969:1434.179665169137;7192:1437.7833081210833;1664:1441.0372041210833;337:1448.7974361210834;1075:1449.8212761210834;5648:1450.6220601210835;5759:1456.1803881210835;205:1461.3246441210836;5793:1465.4459961210835;1407:1467.0661401210834;5826:1469.3464521210835;7411:1472.2451001210836;4686:1473.3158121210836;5074:1480.2563241210835;5295:1480.4865801210835;5274:1483.8653961210834;7181:1488.3746841210834;604:1491.9530841210835;603:1493.0166681210835;602:1493.8697961210835;3851:1494.8731881210836;4573:1499.1795081210835;1400:1500.9121881210835;971:1504.7106201210836;598:1505.7778761210836;1368:1506.7382121210837;591:1512.6091641210837;585:1525.7804121210838;940:1532.3602761210839;1370:1539.386900121084;939:1540.083572121084;1903:1540.905164121084;983:1541.887676121084;3921:1545.6858201210841;840:1550.2466601210842;2881:1556.8772841210841;5099:1558.030148121084;1157:1562.769290978227;2058:1568.5591195496556;2092:1571.9482624067984;915:1577.06643383537;2980:1589.2647773854267
0,7,default_vehtype,boarding,True,1589.2647773854267,1619.2647773854267,2980;-1;-1,2980;-1;-1,0.0,0.7715693413983137,0.7715693413983137,0.0,,0,38,1,,38,,
0,8,default_vehtype,route,False,1464.470301963316,1589.5885011108942,2970;-1;-1,2988;-1;-1,1089.6601840862809,0.8988658363384969,0.8987568703200882,0.0,,0,40,1,,,2970;671;662;7398;3491;6933;7394;6989;7392;5704;7389;3806;2573;885;316;2042;1982;6306;374;7114;3246;5330;661;445;6080;7381;364;3029;69;30;3346;2832;2207;2988,2970:1464.470301963316;671:1465.5004181253014;662:1487.9501381253015;7398:1491.4693781253015;3491:1497.7940981253016;6933:1498.7058581253016;7394:1504.0674581253015;6989:1504.6618181253016;7392:1513.8728981253016;5704:1516.2379781253017;7389:1530.7762181253017;3806:1534.8406181253017;2573:1535.9086181253017;885:1536.5119781253018;316:1543.3391381253018;2042:1554.077578125302;1982:1554.8402981253018;6306:1555.057138125302;374:1563.3581381253018;7114:1565.5731461253017;3246:1566.7109621253016;5330:1567.4585381253016;661:1568.4499781253016;445:1571.4796661253017;6080:1574.3030741253017;7381:1574.7119621253016;364:1575.1473461253017;3029:1577.1715541253018;69:1581.3038398395875;30:1585.4361255538731;3346:1587.4603335538732;2832:1587.8957175538733;2207:1588.3046055538732;2988:1589.5885011108942
0,8,default_vehtype,boarding,True,1589.5885011108942,1619.5885011108942,2988;-1;-1,2988;-1;-1,0.0,0.8987568703200882,0.8987568703200882,0.0,,0,40,1,,40,,
0,10,default_vehtype,route,False,1560.0,1611.44517778094,2975;-1;-1,2984;-1;-1,377.7221005554517,0.9450724707183267,0.9450346985082712,0.0,,0,,0,,,2975;1166;429;4313;68;7318;7325;3011;4;4345;1199;1204;2996;2984,2975:1560;1166:1570.1108727440871;429:1571.513192744087;4313:1572.6961527440872;68:1578.2945127440871;7318:1584.9625527440871;7325:1588.289312744087;3011:1592.299952744087;4:1597.085072744087;4345:1599.128552744087;1199:1603.11889560123;1204:1607.1092384583728;2996:1609.1527184583729;2984:1611.44517778094
0,1,default_vehtype,route,False,1470.0,1621.7597462492827,2979;-1;-1,2975;-1;-1,1224.9515235059305,0.8568242640658472,0.8567017689134967,0.0,,0,47,1,,,2979;2786;2307;3549;6384;4032;1804;4277;5239;6501;3911;5389;7301;3914;5398;5400;4040;4041;5374;5418;5424;5403;6546;1200;7312;3767;4527;3089;3131;5447;7352;414;122;3426;4305;793;118;3979;4275;3068;70;73;4273;880;3109;3874;2975,2979:1470;2786:1472.0049355647989;2307:1475.5236955647988;3549:1481.1609355647988;6384:1481.4227755647987;4032:1484.6444155647987;1804:1485.5603275647986;4277:1487.1484075647986;5239:1492.6530475647987;6501:1498.6156075647987;3911:1507.9704475647986;5389:1509.0362875647986;7301:1509.2902075647987;3914:1510.4738875647988;5398:1511.650727564799;5400:1512.977327564799;4040:1522.2821275647989;4041:1525.226447564799;5374:1529.4790075647988;5418:1530.5162875647989;5424:1530.6595675647989;5403:1531.7648875647988;6546:1535.9917675647987;1200:1540.6008475647986;7312:1542.0946075647987;3767:1544.1010075647987;4527:1546.8978475647987;3089:1555.3074475647986;3131:1555.7876875647987;5447:1558.1753275647986;7352:1559.4866875647986;414:1561.9564075647986;122:1574.3107675647987;3426:1575.5642875647986;4305:1576.9666075647986;793:1589.0821675647985;118:1594.9464475647985;3979:1596.7969915647984;4275:1597.3883275647984;3068:1602.1326132790841;70:1604.4186132790842;73:1606.7046132790842;4273:1611.44889899337;880:1612.04023499337;3109:1613.8907789933698;3874:1619.7550589933699;2975:1621.7597462492827
0,1,default_vehtype,boarding,True,1621.7597462492827,1651.7597462492827,2975;-1;-1,2975;-1;-1,0.0,0.8567017689134967,0.8567017689134967,0.0,,0,47,1,,47,,
0,9,default_vehtype,route,False,1481.6293350411677,1669.680294964547,2992;-1;-1,2972;-1;-1,2128.104221158046,0.9623424027456845,0.9621295923235686,0.0,,0,39,1,,,2992;2526;5444;1716;2720;4210;1711;98;2497;7434;2760;542;1074;1071;1070;1069;1067;1504;4396;710;2281;4664;6260;3300;1832;708;6180;2405;6169;2744;2567;2576;3077;3241;88;2758;2742;2448;2353;6140;7386;3742;7100;6318;737;6639;2446;2301;1992;1990;1988;1985;3729;5498;5496;5699;5494;6307;374;7114;3246;5330;661;445;2972,2992:1481.6293350411677;2526:1490.831582576113;5444:1501.367990576113;1716:1504.158350576113;2720:1504.904990576113;4210:1505.803262576113;1711:1506.932942576113;98:1515.548750576113;2497:1517.059382576113;7434:1524.267230576113;2760:1530.805766576113;542:1538.333870576113;1074:1539.267278576113;1071:1540.269806576113;1070:1554.733094576113;1069:1555.471382576113;1067:1558.133438576113;1504:1562.587214576113;4396:1562.813510576113;710:1563.364166576113;2281:1564.3698625761128;4664:1568.2478545761128;6260:1568.6937505761127;3300:1569.2928625761128;1832:1572.083078576113;708:1572.622142576113;6180:1573.045574576113;2405:1575.2679745761131;6169:1578.7450945761132;2744:1583.3456545761132;2567:1585.1886145761132;2576:1593.6771745761132;3077:1595.8098145761132;3241:1598.9386945761132;88:1600.8655345761133;2758:1602.8289745761133;2742:1603.2354145761133;2448:1606.4210545761132;2353:1612.6219345761133;6140:1617.7929745761132;7386:1619.1354145761131;3742:1626.7944145761132;7100:1627.3340545761132;6318:1627.8121345761133;737:1628.7278545761133;6639:1630.5770545761134;2446:1632.1483345761133;2301:1634.4453745761132;1992:1635.4704145761132;1990:1637.1673345761133;1988:1639.6213345761132;1985:1643.1430945761133;3729:1645.4905345761133;5498:1646.8879345761134;5496:1649.7951745761134;5699:1650.4926145761133;5494:1651.5963745761132;6307:1651.8132145761133;374:1660.1142145761132;7114:1662.3292225761131;3246:1663.467038576113;5330:1664.214614576113;661:1665.206054576113;445:1668.2357425761131;2972:1669.680294964547
0,10,default_vehtype,boarding,True,1611.44517778094,1641.44517778094,2984;-1;-1,2984;-1;-1,0.0,0.9450346985082712,0.9450346985082712,0.0,,0,51,1,51,,,
0,4,default_vehtype,route,False,1574.9088900425977,1739.543657409274,2985;-1;-1,2971;-1;-1,1859.0277426936095,0.821918251870321,0.8217323490960516,0.0,,0,49,1,,,2985;1140;103;6480;7360;3154;6028;5745;6035;5743;6038;6041;7365;6050;6068;6077;3629;4502;6912;2108;7370;7608;5900;3459;4818;5992;6047;5708;3884;3030;3347;7376;2207;3446;3720;5332;251;2711;3358;2296;5495;5696;3307;3987;2396;886;808;1372;807;1375;108;1376;1380;373;2390;7391;5704;7389;2971,2985:1574.9088900425977;1140:1575.1034606774326;103:1576.2463886774326;6480:1589.5681166774325;7360:1595.0699966774325;3154:1596.1618046774324;6028:1597.1229326774323;5745:1598.6145566774323;6035:1600.5379646774325;5743:1601.9074046774324;6038:1603.9228286774323;6041:1605.1991006774324;7365:1611.8622686774324;6050:1614.1358126774323;6068:1618.3621406774323;6077:1619.0078366774324;3629:1620.5651246774323;4502:1621.0280126774323;6912:1626.1764446774323;2108:1628.0728526774324;7370:1634.5995806774324;7608:1634.8289726774324;5900:1638.3006686774324;3459:1639.0562366774325;4818:1639.6711166774326;5992:1640.1479006774325;6047:1644.3364286774324;5708:1645.7307086774324;3884:1648.2702926774325;3030:1648.7683166774325;3347:1650.7925246774325;7376:1651.2279086774327;2207:1651.6367966774326;3446:1654.4602046774326;3720:1657.4898926774326;5332:1658.4813326774326;251:1659.2289086774326;2711:1660.3667246774326;3358:1662.5817326774325;2296:1670.8827326774324;5495:1671.0995726774324;5696:1671.8622926774324;3307:1682.6007326774325;3987:1689.4278926774325;2396:1690.7338526774324;886:1696.3714526774324;808:1696.8376526774325;1372:1697.7005726774325;807:1698.8044526774324;1375:1700.4886526774324;108:1702.6290926774323;1376:1704.4293326774323;1380:1706.4459326774322;373:1716.0069326774321;2390:1718.5516526774322;7391:1719.9522926774323;5704:1722.3173726774323;7389:1736.8556126774324;2971:1739.543657409274
0,6,default_vehtype,route,False,1484.4390320183143,1711.6600784370282,2976;-1;-1,2969;-1;-1,2155.617681534025,0.5429122306785792,0.5426966689104259,0.0,,0,45,1,,,2976;7557;2806;4344;2996;3013;7322;2804;3061;1173;3425;3125;3406;2825;1944;130;99;4526;714;2800;4332;799;3653;3825;7127;1836;4248;5046;7138;6879;1367;3637;3640;3643;7179;5275;5297;5072;1464;2847;5825;4587;5794;3202;2065;2023;4203;4198;336;2969,2976:1484.4390320183143;7557:1489.4293853889747;2806:1497.2632253889747;4344:1498.4662253889746;2996:1500.5097053889747;3013:1505.2948253889747;7322:1509.3054653889747;2804:1512.6322253889746;3061:1519.3002653889746;1173:1524.8986253889746;3425:1526.0815853889746;3125:1527.3351053889746;3406:1539.6894653889747;2825:1542.1591853889747;1944:1543.4705453889746;130:1545.8581853889746;99:1546.3384253889747;4526:1554.7480253889746;714:1557.5448653889746;2800:1559.5512653889746;4332:1560.3669053889746;799:1561.5478253889746;3653:1566.1440653889747;3825:1567.3926653889746;7127:1610.9527853889747;1836:1612.3037453889747;4248:1626.8489453889747;5046:1643.1894653889747;7138:1644.8280653889747;6879:1651.0944653889746;1367:1662.5873453889747;3637:1664.4804653889746;3640:1665.3335933889746;3643:1666.3971773889746;7179:1669.9755773889747;5275:1674.4848653889746;5297:1677.8636813889746;5072:1678.0939373889746;1464:1685.0344493889745;2847:1686.1051613889745;5825:1689.0038093889746;4587:1691.2841213889747;5794:1692.9042653889746;3202:1697.0256173889745;2065:1702.1698733889746;2023:1707.7282013889746;4203:1708.5289853889747;4198:1709.5106333889746;336:1710.5337533889747;2969:1711.6600784370282
0,9,default_vehtype,boarding,True,1669.680294964547,1699.680294964547,2972;-1;-1,2972;-1;-1,0.0,0.9621295923235686,0.9621295923235686,0.0,,0,39,1,,39,,
0,0,default_vehtype,route,False,1499.0594558869186,1740.5596194468853,2991;-1;-1,2976;-1;-1,2179.155790392095,0.690713051519737,0.6904951359406978,0.0,,0,46,1,,,2991;3010;5658;3008;4585;330;4588;5827;7412;4686;5074;5295;5274;7181;604;603;1365;2574;7139;1693;1114;5299;7129;754;611;1812;1186;7311;3767;4527;3089;3131;5447;7352;414;122;3426;4314;68;7318;7325;3011;4;4345;7330;2976,2991:1499.0594558869186;3010:1503.1067248175457;5658:1503.9143248175458;3008:1512.0172048175457;4585:1534.3454848175456;330:1543.9411648175455;4588:1544.5135648175456;5827:1546.7938768175457;7412:1549.6925248175457;4686:1550.7632368175457;5074:1557.7037488175456;5295:1557.9340048175457;5274:1561.3128208175456;7181:1565.8221088175455;604:1569.4005088175456;603:1570.4640928175456;1365:1572.4058128175457;2574:1583.9136928175458;7139:1590.1800928175458;1693:1591.8186928175458;1114:1608.1592128175457;5299:1622.7044128175457;7129:1624.0553728175457;754:1667.6154928175458;611:1668.8640928175457;1812:1673.4352528175457;1186:1674.6124528175458;7311:1675.4280928175458;3767:1677.4344928175458;4527:1680.2313328175458;3089:1688.6409328175457;3131:1689.1211728175458;5447:1691.5088128175457;7352:1692.8201728175457;414:1695.2898928175457;122:1707.6442528175457;3426:1708.8977728175457;4314:1710.0807328175458;68:1715.6790928175458;7318:1722.3471328175458;7325:1725.6738928175457;3011:1729.6845328175457;4:1734.4696528175457;4345:1736.5131328175457;7330:1737.7161328175457;2976:1740.5596194468853
0,0,default_vehtype,boarding,True,1740.5596194468853,1770.5596194468853,2976;-1;-1,2976;-1;-1,0.0,0.6904951359406978,0.6904951359406978,0.0,,0,46;52,2,52,46,,
0,1,default_vehtype,route,False,1651.7597462492827,1759.9404121392245,2975;-1;-1,2981;-1;-1,924.4919490828495,0.8567017689134967,0.8566093197185884,0.0,,0,,0,,,2975;1166;429;3125;3406;2825;1944;130;99;4526;714;2800;4339;2419;5404;5421;1925;1883;926;925;5399;1905;830;2795;1891;827;6499;1803;1141;5241;922;6385;3550;2981,2975:1651.7597462492827;1166:1661.8706189933698;429:1663.2729389933697;3125:1664.5264589933697;3406:1676.8808189933698;2825:1679.3505389933698;1944:1680.6618989933697;130:1683.0495389933697;99:1683.5297789933697;4526:1691.9393789933697;714:1694.7362189933697;2800:1696.7426189933697;4339:1698.2363789933697;2419:1702.8454589933697;5404:1707.0723389933696;5421:1708.1776589933695;1925:1708.3209389933695;1883:1709.3582189933695;926:1713.6107789933694;925:1716.5550989933695;5399:1725.8598989933694;1905:1727.1864989933695;830:1728.3633389933696;2795:1729.5470189933696;1891:1729.8009389933698;827:1730.8667789933697;6499:1740.2216189933697;1803:1746.1841789933696;1141:1751.6888189933698;5241:1753.2768989933697;922:1754.1928109933697;6385:1757.4144509933697;3550:1757.6762909933695;2981:1759.9404121392245
0,1,default_vehtype,boarding,True,1759.9404121392245,1789.9404121392245,2981;-1;-1,2981;-1;-1,0.0,0.8566093197185884,0.8566093197185884,0.0,,0,55,1,55,,,
0,3,default_vehtype,route,False,1680.0,1774.3262141216326,2973;-1;-1,2986;-1;-1,1142.1405929591851,0.7636833167199394,0.7635691026606435,0.0,,0,,0,,,2973;7354;3525;6025;3063;6027;7362;2188;2186;5744;6033;5746;6031;146;2828;2376;3091;4274;3068;70;73;4273;103;6480;7360;2986,2973:1680;7354:1683.7971673106636;3525:1694.6760073106636;6025:1696.4174713106636;3063:1697.6821513106636;6027:1698.9841273106636;7362:1702.9923673106634;2188:1709.6555353106635;2186:1710.9318073106635;5744:1712.9472313106635;6033:1714.3166713106634;5746:1716.2400793106635;6031:1717.7317033106635;146:1718.6928313106635;2828:1719.7846393106634;2376:1725.2865193106634;3091:1738.6082473106633;4274:1739.7511753106633;3068:1744.495461024949;70:1746.781461024949;73:1749.0674610249491;4273:1753.8117467392349;103:1754.9546747392349;6480:1768.2764027392348;7360:1773.7782827392348;2986:1774.3262141216326
0,4,default_vehtype,boarding,True,1739.543657409274,1769.543657409274,2971;-1;-1,2971;-1;-1,0.0,0.8217323490960516,0.8217323490960516,0.0,,0,49,1,,49,,
0,5,default_vehtype,route,False,1620.0,1771.2725071381365,2988;-1;-1,2970;-1;-1,1241.517815913719,0.9342793785351359,0.9341552267535445,0.0,,0,,0,,,2988;3447;3721;5333;251;2711;3358;2296;5495;5696;3307;3987;6878;746;2834;2045;2835;2641;7396;2616;486;2838;3722;3732;544;7400;5449;6824;4848;1631;1593;6821;1946;7401;3560;2970,2988:1620;3447:1621.539512442979;3721:1624.569200442979;5333:1625.560640442979;251:1626.308216442979;2711:1627.446032442979;3358:1629.661040442979;2296:1637.9620404429788;5495:1638.1788804429789;5696:1638.9416004429788;3307:1649.680040442979;3987:1656.507200442979;6878:1657.110560442979;746:1658.178560442979;2834:1662.242960442979;2045:1676.781200442979;2835:1679.146280442979;2641:1688.3573604429791;7396:1688.9517204429792;2616:1694.3133204429791;486:1695.225080442979;2838:1701.5498004429792;3722:1705.0690404429793;3732:1727.5187604429793;544:1730.2083204429794;7400:1731.2838804429794;5449:1732.4829204429793;6824:1736.7362004429792;4848:1744.2165204429791;1631:1749.9106918715506;1593:1755.6048633001221;6821:1763.085183300122;1946:1767.338463300122;7401:1768.537503300122;3560:1769.613063300122;2970:1771.2725071381365
0,6,default_vehtype,boarding,True,1711.6600784370282,1741.6600784370282,2969;-1;-1,2969;-1;-1,0.0,0.5426966689104259,0.5426966689104259,0.0,,0,45,1,,45,,
0,6,default_vehtype,route,False,1741.6600784370282,1796.2553249120538,2969;-1;-1,2968;-1;-1,758.2673121531342,0.5426966689104259,0.5426208421792106,0.0,,0,,0,,,2969;7192;1664;337;1075;537;18;5629;1068;2559;6740;1717;2067;2720;4210;1711;2968,2969:1741.6600784370282;7192:1745.2637213889745;1664:1748.5176173889745;337:1756.2778493889746;1075:1757.3016893889746;537:1758.2556893889746;18:1764.1232573889745;5629:1769.9726813889745;1068:1772.5250813889745;2559:1779.5756813889745;6740:1784.0463053889746;1717:1789.8800333889747;2067:1790.6178173889746;2720:1791.3812333889746;4210:1792.2795053889745;1711:1793.4091853889745;2968:1796.2553249120538
0,11,default_vehtype,route,False,1740.0,1750.320430280956,2973;-1;-1,2987;-1;-1,143.3393094577217,0.8897471840867148,0.8897328501557691,0.0,,0,,0,,,2973;7354;4225;2987,2973:1740;7354:1743.7971673106636;4225:1748.3816953106636;2987:1750.320430280956
0,11,default_vehtype,boarding,True,1750.320430280956,1780.320430280956,2987;-1;-1,2987;-1;-1,0.0,0.8897328501557691,0.8897328501557691,0.0,,0,58,1,58,,,
0,0,default_vehtype,route,False,1770.5596194468853,1800.7176407144339,2976;-1;-1,2977;-1;-1,251.31684389623732,0.6904951359406978,0.6904700042563081,0.0,,0,52,1,,,2976;7557;7316;7531;2802;2977,2976:1770.5596194468853;7557:1775.5499728175457;7316:1782.9449728175457;7531:1790.4999328175456;2802:1797.7154128175457;2977:1800.7176407144339
0,0,default_vehtype,boarding,True,1800.7176407144339,1830.7176407144339,2977;-1;-1,2977;-1;-1,0.0,0.6904700042563081,0.6904700042563081,0.0,,0,52;56,2,56,,,
0,2,default_vehtype,route,False,1603.8542079411266,1824.3097891399652,2970;-1;-1,2984;-1;-1,1786.1421290379371,0.915325537704104,0.9151469234912002,0.0,,0,48,1,,,2970;671;544;7400;3551;3849;7263;5060;3728;4936;1207;2554;4974;5249;6709;2464;7135;1193;552;2755;7131;3567;888;712;2718;754;611;1812;1186;7311;3767;4527;3089;3131;5447;7352;414;122;3426;4314;68;7318;7325;3011;4;4345;1199;1204;2996;2984,2970:1603.8542079411266;671:1604.884324103112;544:1607.573884103112;7400:1608.649444103112;3551:1610.008084103112;3849:1614.053044103112;7263:1615.0276841031118;5060:1615.8109241031118;3728:1621.6192841031118;4936:1631.9266841031117;1207:1636.2962441031118;2554:1636.8451241031119;4974:1637.618044103112;5249:1643.421964103112;6709:1645.3491641031121;2464:1661.2087241031122;7135:1669.1408441031122;1193:1670.2408841031122;552:1674.7390841031122;2755:1676.5682441031122;7131:1684.5254441031122;3567:1694.4043241031122;888:1694.8626041031123;712:1698.5982041031123;2718:1699.5354041031123;754:1743.0955241031124;611:1744.3441241031123;1812:1748.9152841031123;1186:1750.0924841031124;7311:1750.9081241031124;3767:1752.9145241031124;4527:1755.7113641031124;3089:1764.1209641031123;3131:1764.6012041031124;5447:1766.9888441031123;7352:1768.3002041031123;414:1770.7699241031123;122:1783.1242841031124;3426:1784.3778041031123;4314:1785.5607641031124;68:1791.1591241031124;7318:1797.8271641031124;7325:1801.1539241031123;3011:1805.1645641031123;4:1809.9496841031123;4345:1811.9931641031123;1199:1815.9835069602552;1204:1819.973849817398;2996:1822.0173298173981;2984:1824.3097891399652
0,2,default_vehtype,boarding,True,1824.3097891399652,1854.3097891399652,2984;-1;-1,2984;-1;-1,0.0,0.9151469234912002,0.9151469234912002,0.0,,0,48,1,,48,,
0,3,default_vehtype,boarding,True,1774.3262141216326,1804.3262141216326,2986;-1;-1,2986;-1;-1,0.0,0.7635691026606435,0.7635691026606435,0.0,,0,57,1,57,,,
0,5,default_vehtype,boarding,True,1771.2725071381365,1801.2725071381365,2970;-1;-1,2970;-1;-1,0.0,0.9341552267535445,0.9341552267535445,0.0,,0,53,1,53,,,
0,5,default_vehtype,route,False,1801.2725071381365,1808.6543471790385,2970;-1;-1,2990;-1;-1,61.51533367418344,0.9341552267535445,0.934149075220177,0.0,,0,53,1,,,2970;671;544;7400;5449;2990,2970:1801.2725071381365;671:1802.302623300122;544:1804.992183300122;7400:1806.067743300122;5449:1807.266783300122;2990:1808.6543471790385
0,5,default_vehtype,boarding,True,1808.6543471790385,1838.6543471790385,2990;-1;-1,2990;-1;-1,0.0,0.934149075220177,0.934149075220177,0.0,,0,53;61;59,3,61;59,,,
0,6,default_vehtype,boarding,True,1796.2553249120538,1826.2553249120538,2968;-1;-1,2968;-1;-1,0.0,0.5426208421792106,0.5426208421792106,0.0,,0,50,1,50,,,
0,10,default_vehtype,route,False,1641.44517778094,1843.0683623372897,2984;-1;-1,2990;-1;-1,1680.1932046362463,0.9450346985082712,0.9448666791878075,0.0,,0,51,1,,,2984;3012;7321;2804;3061;1173;3425;3125;3406;2825;1944;130;99;4526;714;2800;4332;799;3653;3825;7127;3766;3988;553;7132;7191;3566;4337;7134;6667;6711;1807;1653;6829;4349;4937;669;5061;7265;3848;534;2839;5449;2990,2984:1641.44517778094;3012:1643.9378384583729;7321:1647.9484784583728;2804:1651.2752384583728;3061:1657.9432784583728;1173:1663.5416384583727;3425:1664.7245984583728;3125:1665.9781184583728;3406:1678.3324784583729;2825:1680.802198458373;1944:1682.1135584583728;130:1684.5011984583728;99:1684.9814384583728;4526:1693.3910384583728;714:1696.1878784583728;2800:1698.1942784583728;4332:1699.0099184583728;799:1700.1908384583728;3653:1704.787078458373;3825:1706.0356784583728;7127:1749.5957984583729;3766:1750.532998458373;3988:1754.268598458373;553:1754.726878458373;7132:1764.605758458373;7191:1772.562958458373;3566:1774.392118458373;4337:1778.890318458373;7134:1779.990358458373;6667:1787.922478458373;6711:1803.782038458373;1807:1805.7092384583732;1653:1811.5131584583733;6829:1812.2860784583734;4349:1812.8349584583734;4937:1817.2045184583735;669:1827.5119184583734;5061:1833.3202784583734;7265:1834.1035184583734;3848:1835.0781584583733;534:1839.1231184583733;2839:1840.4817584583732;5449:1841.6807984583731;2990:1843.0683623372897
0,2,default_vehtype,route,False,1854.3097891399652,1860.0,2984;-1;-1,3012;4;0.668,47.418423833623,0.9151469234912002,0.9151421816488168,0.0,,0,,0,,,2984;3012,2984:1854.3097891399652;3012:1856.8024498173982
0,6,default_vehtype,route,False,1826.2553249120538,1885.9215814070733,2968;-1;-1,2993;-1;-1,828.6980068752711,0.5426208421792106,0.542537972378523,0.0,,0,50,1,,,2968;98;2497;7434;4184;2559;6740;1717;2067;2063;1937;6789;3895;5465;7450;2993,2968:1826.2553249120538;98:1832.0249933889745;2497:1833.5356253889745;7434:1840.7434733889745;4184:1841.6177693889745;2559:1848.6683693889745;6740:1853.1389933889745;1717:1858.9727213889746;2067:1859.7105053889745;2063:1860.4267613889745;1937:1863.6967133889746;6789:1874.2331213889745;3895:1875.5001053889746;5465:1883.0320253889745;7450:1884.0162653889745;2993:1885.9215814070733
0,6,default_vehtype,boarding,True,1885.9215814070733,1915.9215814070733,2993;-1;-1,2993;-1;-1,0.0,0.542537972378523,0.542537972378523,0.0,,0,50;60,2,60,,,
0,7,default_vehtype,route,False,1620.0,1900.0016795881154,2980;-1;-1,2966;-1;-1,1989.2821103102235,0.7715693413983137,0.7713704131872827,0.0,,0,,0,,,2980;914;2135;1730;2664;2579;2961;2407;2581;370;361;2874;1887;1805;363;366;2314;2877;1748;2880;906;984;2268;1857;1806;1371;938;5442;4054;2205;1369;2047;1337;1873;1939;665;666;1885;668;1415;1041;1623;1383;2333;2966,2980:1620;914:1635.8821707356576;2135:1643.8330278785147;1730:1659.2893707356575;2664:1661.1114850213717;2579:1665.9874278785146;2961:1682.7582850213716;2407:1688.0070850213717;2581:1696.4943421642288;370:1698.0771901642288;361:1700.5742941642288;2874:1701.1603021642288;1887:1706.8156861642287;1805:1707.8463661642288;363:1714.7550541642288;366:1716.1601341642288;2314:1717.3050061642289;2877:1730.4761101642289;1748:1731.5946301642289;2880:1732.756422164229;906:1744.981734164229;984:1747.751430164229;2268:1748.499294164229;1857:1748.885214164229;1806:1749.547398164229;1371:1750.217574164229;938:1752.798702164229;5442:1762.519350164229;4054:1770.159342164229;2205:1775.911782164229;1369:1782.357942164229;2047:1783.300998164229;1337:1784.262342164229;1873:1800.739758164229;1939:1801.080750164229;665:1801.6028221642289;666:1802.471934164229;1885:1803.457758164229;668:1816.828158164229;1415:1817.457222164229;1041:1834.1437364499434;1623:1838.5269935928006;1383:1849.6124221642292;2333:1889.766307878515;2966:1900.0016795881154
0,10,default_vehtype,boarding,True,1843.0683623372897,1873.0683623372897,2990;-1;-1,2990;-1;-1,0.0,0.9448666791878075,0.9448666791878075,0.0,,0,51,1,,51,,
0,2,default_vehtype,route,False,1860.0,1946.2425731223707,3012;4;0.668,2978;-1;-1,718.6881093530873,0.9151421816488168,0.9150703128378814,0.0,,0,,0,,,3012;4;4345;7330;7562;7316;7531;2802;2251;7515;7037;7512;3274;2902;3901;7011;7336;4365;7288;1182;2978,3012:1860;4:1861.5875698173982;4345:1863.6310498173982;7330:1864.8340498173982;7562:1872.6678898173982;7316:1880.0628898173982;7531:1887.617849817398;2802:1894.8333298173982;2251:1901.7286498173983;7515:1902.5897698173983;7037:1909.9017298173983;7512:1917.1350898173982;3274:1928.4810898173982;2902:1928.5926898173982;3901:1929.0606898173983;7011:1931.0416498173984;7336:1933.9491298173984;4365:1941.5302498173985;7288:1942.6534498173985;1182:1943.5703698173984;2978:1946.2425731223707
0,2,default_vehtype,boarding,True,1946.2425731223707,1976.2425731223707,2978;-1;-1,2978;-1;-1,0.0,0.9150703128378814,0.9150703128378814,0.0,,0,63,1,63,,,
0,5,default_vehtype,route,False,1838.6543471790385,1958.161303688556,2990;-1;-1,2972;-1;-1,1049.0361952928322,0.934149075220177,0.9340441716006478,0.0,,0,53;61;59,3,,,2990;2552;1946;7401;3560;3731;662;7398;3491;6933;7394;6989;7392;5704;7389;3806;2573;885;316;2042;1982;6306;374;7114;3246;5330;661;445;2972,2990:1838.6543471790385;2552:1841.5200633001218;1946:1845.7733433001217;7401:1846.9723833001217;3560:1848.0479433001217;3731:1850.7375033001217;662:1873.1872233001218;7398:1876.7064633001219;3491:1883.031183300122;6933:1883.942943300122;7394:1889.3045433001218;6989:1889.898903300122;7392:1899.109983300122;5704:1901.475063300122;7389:1916.013303300122;3806:1920.077703300122;2573:1921.145703300122;885:1921.749063300122;316:1928.5762233001221;2042:1939.3146633001222;1982:1940.0773833001222;6306:1940.2942233001222;374:1948.5952233001221;7114:1950.810231300122;3246:1951.948047300122;5330:1952.695623300122;661:1953.687063300122;445:1956.716751300122;2972:1958.161303688556
0,7,default_vehtype,boarding,True,1900.0016795881154,1930.0016795881154,2966;-1;-1,2966;-1;-1,0.0,0.7713704131872827,0.7713704131872827,0.0,,0,54,1,54,,,
0,11,default_vehtype,route,False,1780.320430280956,1963.2154100058215,2987;-1;-1,2970;-1;-1,1680.718824062728,0.8897328501557691,0.8895647782733628,0.0,,0,58,1,,,2987;4613;7368;7606;5900;3459;4818;5992;6047;5708;3884;3030;3347;7376;2207;3446;3720;5332;251;2711;3358;2296;5495;5696;3307;3987;6878;746;2834;2045;2835;2641;7396;2616;486;2838;3722;3732;544;7400;5449;6824;4848;1631;1593;6821;1946;7401;3560;2970,2987:1780.320430280956;4613:1781.9166793106638;7368:1793.6217913106639;7606:1793.8511833106638;5900:1797.322879310664;3459:1798.078447310664;4818:1798.693327310664;5992:1799.170111310664;6047:1803.3586393106639;5708:1804.7529193106639;3884:1807.292503310664;3030:1807.790527310664;3347:1809.814735310664;7376:1810.250119310664;2207:1810.659007310664;3446:1813.482415310664;3720:1816.512103310664;5332:1817.503543310664;251:1818.251119310664;2711:1819.388935310664;3358:1821.603943310664;2296:1829.9049433106638;5495:1830.121783310664;5696:1830.8845033106638;3307:1841.622943310664;3987:1848.450103310664;6878:1849.053463310664;746:1850.121463310664;2834:1854.185863310664;2045:1868.724103310664;2835:1871.089183310664;2641:1880.3002633106641;7396:1880.8946233106642;2616:1886.2562233106642;486:1887.167983310664;2838:1893.4927033106642;3722:1897.0119433106643;3732:1919.4616633106643;544:1922.1512233106644;7400:1923.2267833106644;5449:1924.4258233106643;6824:1928.6791033106642;4848:1936.1594233106641;1631:1941.8535947392356;1593:1947.5477661678071;6821:1955.028086167807;1946:1959.281366167807;7401:1960.480406167807;3560:1961.555966167807;2970:1963.2154100058215
0,0,default_vehtype,route,False,1830.7176407144339,2019.269634081888,2977;-1;-1,2980;-1;-1,1527.828435539931,0.6904700042563081,0.6903172214127541,0.0,,0,52;56,2,,,2977;6202;7516;7037;7512;3274;2902;3901;7011;7336;4365;7288;1182;1001;6296;1434;3820;3877;2787;4993;6537;7281;2307;3549;6384;4032;1804;4811;5237;608;459;2416;4011;5246;363;366;2314;2877;1748;1743;1157;2058;2092;915;2980,2977:1830.7176407144339;6202:1834.6107328175456;7516:1835.4718528175456;7037:1842.7838128175456;7512:1850.0171728175455;3274:1861.3631728175455;2902:1861.4747728175455;3901:1861.9427728175456;7011:1863.9237328175457;7336:1866.8312128175457;4365:1874.4123328175458;7288:1875.5355328175458;1182:1876.4524528175457;1001:1881.7436128175457;6296:1884.1029328175457;1434:1890.0620128175458;3820:1895.1706528175457;3877:1897.0785328175457;2787:1905.8710528175457;4993:1906.9200928175458;6537:1912.7199328175457;7281:1918.5550528175456;2307:1922.0738128175456;3549:1927.7110528175456;6384:1927.9728928175455;4032:1931.1945328175455;1804:1932.1104448175454;4811:1933.7930848175454;5237:1938.5335648175453;608:1947.3996448175453;459:1947.7294048175454;2416:1949.9430448175453;4011:1950.6071728175452;5246:1956.5323408175452;363:1963.4410288175452;366:1964.8461088175452;2314:1965.9909808175453;2877:1979.1620848175453;1748:1980.2806048175453;1743:1988.0350048175453;1157:1992.7741476746883;2058:1998.563976246117;2092:2001.9531191032597;915:2007.0712905318312;2980:2019.269634081888
0,1,default_vehtype,route,False,1789.9404121392245,2020.2733270114684,2981;-1;-1,2993;-1;-1,3062.6160462581374,0.8566093197185884,0.8563030581139627,0.0,,0,55,1,,,2981;6320;3549;6384;4032;1804;4811;5237;608;459;2416;4011;5246;363;366;2314;2877;1748;2880;906;984;2268;1857;1806;1371;938;5442;4054;2205;1369;2047;3631;4079;4572;4577;778;3636;3639;3642;7178;5275;5297;5072;1464;2847;5825;4587;5794;3202;2065;2023;4203;537;18;5629;1068;2559;6740;1717;2067;2063;1937;6789;3895;5465;7450;2993,2981:1789.9404121392245;6320:1793.3135309933696;3549:1798.9507709933696;6384:1799.2126109933695;4032:1802.4342509933695;1804:1803.3501629933694;4811:1805.0328029933694;5237:1809.7732829933693;608:1818.6393629933693;459:1818.9691229933694;2416:1821.1827629933694;4011:1821.8468909933692;5246:1827.7720589933692;363:1834.6807469933692;366:1836.0858269933692;2314:1837.2306989933693;2877:1850.4018029933693;1748:1851.5203229933693;2880:1852.6821149933694;906:1864.9074269933694;984:1867.6771229933695;2268:1868.4249869933694;1857:1868.8109069933694;1806:1869.4730909933694;1371:1870.1432669933695;938:1872.7243949933695;5442:1882.4450429933695;4054:1890.0850349933694;2205:1895.8374749933694;1369:1902.2836349933693;2047:1903.2266909933694;3631:1904.7895229933695;4079:1905.8567789933695;4572:1909.6552109933696;4577:1911.3878909933696;778:1915.6942109933696;3636:1916.6976029933696;3639:1917.5507309933696;3642:1918.6143149933696;7178:1922.1927149933697;5275:1926.7020029933697;5297:1930.0808189933696;5072:1930.3110749933696;1464:1937.2515869933695;2847:1938.3222989933695;5825:1941.2209469933696;4587:1943.5012589933697;5794:1945.1214029933697;3202:1949.2427549933695;2065:1954.3870109933696;2023:1959.9453389933697;4203:1960.7461229933697;537:1961.7001229933696;18:1967.5676909933695;5629:1973.4171149933695;1068:1975.9695149933696;2559:1983.0201149933696;6740:1987.4907389933696;1717:1993.3244669933697;2067:1994.0622509933696;2063:1994.7785069933695;1937:1998.0484589933696;6789:2008.5848669933696;3895:2009.8518509933697;5465:2017.3837709933696;7450:2018.3680109933696;2993:2020.2733270114684
0,2,default_vehtype,route,False,1976.2425731223707,2013.6680342525997,2978;-1;-1,2979;-1;-1,311.8788427519076,0.9150703128378814,0.9150391249536062,0.0,,0,63,1,,,2978;4103;6297;1434;3820;3877;2787;4993;6537;2979,2978:1976.2425731223707;4103:1978.8615298173984;6297:1981.2208498173984;1434:1987.1799298173985;3820:1992.2885698173984;3877:1994.1964498173984;2787:2002.9889698173984;4993:2004.0380098173985;6537:2009.8378498173984;2979:2013.6680342525997
0,5,default_vehtype,boarding,True,1958.161303688556,1988.161303688556,2972;-1;-1,2972;-1;-1,0.0,0.9340441716006478,0.9340441716006478,0.0,,0,53;61;59,3,,61,,
0,11,default_vehtype,boarding,True,1963.2154100058215,1993.2154100058215,2970;-1;-1,2970;-1;-1,0.0,0.8895647782733628,0.8895647782733628,0.0,,0,58,1,,58,,
0,0,default_vehtype,boarding,True,2019.269634081888,2049.269634081888,2980;-1;-1,2980;-1;-1,0.0,0.6903172214127541,0.6903172214127541,0.0,,0,52;56;64,3,64,52;56,,
0,1,default_vehtype,boarding,True,2020.2733270114684,2050.2733270114686,2993;-1;-1,2993;-1;-1,0.0,0.8563030581139627,0.8563030581139627,0.0,,0,55,1,,55,,
0,1,default_vehtype,route,False,2050.2733270114686,2084.6772514584245,2993;-1;-1,2992;-1;-1,477.8322839854968,0.8563030581139627,0.8562552748855641,0.0,,0,,0,,,2993;4483;7446;1960;816;6786;5444;1716;2720;4210;2067;2063;1937;2992,2993:2050.2733270114686;4483:2051.03474699337;7446:2053.70148299337;1960:2054.6857229933703;816:2062.21764299337;6786:2063.48462699337;5444:2074.02103499337;1716:2076.81139499337;2720:2077.55803499337;4210:2078.4563069933697;2067:2079.3568829933697;2063:2080.07313899337;1937:2083.34309099337;2992:2084.6772514584245
0,2,default_vehtype,boarding,True,2013.6680342525997,2043.6680342525997,2979;-1;-1,2979;-1;-1,0.0,0.9150391249536062,0.9150391249536062,0.0,,0,63;62,2,62,,,
0,5,default_vehtype,route,False,1988.161303688556,2076.3843425560344,2972;-1;-1,2975;-1;-1,1181.6034995154698,0.9340441716006478,0.9339260112506962,0.0,,0,53;59,2,,,2972;6079;7380;364;3029;3886;5711;6045;2157;4817;456;5901;7605;2830;5852;6913;1321;597;2204;6066;6049;7367;2188;2186;5744;6033;5746;6031;146;2828;2376;3091;4274;880;3109;3874;2975,2972:1988.161303688556;6079:1989.540159300122;7380:1989.949047300122;364:1990.384431300122;3029:1992.408639300122;3886:1992.906663300122;5711:1995.4462473001222;6045:1996.8405273001222;2157:2001.029055300122;4817:2001.505839300122;456:2002.1207193001221;5901:2002.8762873001222;7605:2006.3479833001222;2830:2006.5773753001222;5852:2013.1041033001222;6913:2015.0005113001223;1321:2020.1489433001223;597:2020.6118313001223;2204:2022.1691193001222;6066:2022.8148153001223;6049:2027.0411433001223;7367:2029.3146873001222;2188:2035.9778553001222;2186:2037.2541273001223;5744:2039.2695513001222;6033:2040.6389913001221;5746:2042.5623993001223;6031:2044.0540233001223;146:2045.0151513001222;2828:2046.106959300122;2376:2051.608839300122;3091:2064.9305673001218;4274:2066.073495300122;880:2066.664831300122;3109:2068.515375300122;3874:2074.3796553001216;2975:2076.3843425560344
0,9,default_vehtype,route,False,1920.0,2059.6682166484184,2972;-1;-1,2984;-1;-1,1559.3256000709212,0.9621295923235686,0.9619736597635615,0.0,,0,,0,,,2972;6079;7380;364;3029;3886;5711;6045;2157;4817;456;5901;7605;2830;5852;6913;1321;597;2204;6066;6049;7367;2188;2186;5744;6033;5746;6031;146;2828;2376;3091;4274;880;3109;3874;4306;429;4313;68;7318;7325;3011;4;4345;1199;1204;2996;2984,2972:1920;6079:1921.378855611566;7380:1921.787743611566;364:1922.223127611566;3029:1924.247335611566;3886:1924.745359611566;5711:1927.2849436115662;6045:1928.6792236115662;2157:1932.867751611566;4817:1933.344535611566;456:1933.959415611566;5901:1934.7149836115661;7605:1938.1866796115662;2830:1938.4160716115662;5852:1944.9427996115662;6913:1946.8392076115663;1321:1951.9876396115662;597:1952.4505276115663;2204:1954.0078156115662;6066:1954.6535116115663;6049:1958.8798396115662;7367:1961.1533836115661;2188:1967.8165516115662;2186:1969.0928236115662;5744:1971.1082476115662;6033:1972.4776876115661;5746:1974.4010956115662;6031:1975.8927196115662;146:1976.8538476115662;2828:1977.945655611566;2376:1983.447535611566;3091:1996.769263611566;4274:1997.912191611566;880:1998.503527611566;3109:2000.3540716115658;3874:2006.2183516115658;4306:2018.3339116115658;429:2019.7362316115657;4313:2020.9191916115658;68:2026.5175516115658;7318:2033.1855916115658;7325:2036.5123516115657;3011:2040.5229916115657;4:2045.3081116115657;4345:2047.3515916115657;1199:2051.3419344687086;1204:2055.3322773258515;2996:2057.3757573258513;2984:2059.6682166484184
0,9,default_vehtype,boarding,True,2059.6682166484184,2089.6682166484184,2984;-1;-1,2984;-1;-1,0.0,0.9619736597635615,0.9619736597635615,0.0,,0,66;69,2,66;69,,,
0,10,default_vehtype,route,False,2040.0,2086.362687190456,2990;-1;-1,2991;-1;-1,477.01089919476397,0.9448666791878075,0.9448189780978881,0.0,,0,,0,,,2990;2552;4848;3271;4846;4989;5000;337;1075;537;2991,2990:2040;2552:2042.8657161210833;4848:2050.346036121083;3271:2055.8991561210833;4846:2057.772236121083;4989:2070.044756121083;5000:2074.804316121083;337:2082.564548121083;1075:2083.588388121083;537:2084.542388121083;2991:2086.362687190456
0,1,default_vehtype,boarding,True,2084.6772514584245,2114.6772514584245,2992;-1;-1,2992;-1;-1,0.0,0.8562552748855641,0.8562552748855641,0.0,,0,67,1,67,,,
0,1,default_vehtype,route,False,2114.6772514584245,2142.826998516449,2992;-1;-1,2968;-1;-1,390.96870913923203,0.8562552748855641,0.8562161780146501,0.0,,0,67,1,,,2992;2526;5444;1716;2720;4210;1711;2968,2992:2114.6772514584245;2526:2123.87949899337;5444:2134.41590699337;1716:2137.20626699337;2720:2137.9529069933697;4210:2138.8511789933696;1711:2139.9808589933696;2968:2142.826998516449
0,3,default_vehtype,route,False,1804.3262141216326,2114.97230016312,2986;-1;-1,2966;-1;-1,2452.0199535686984,0.7635691026606435,0.7633239006652867,0.0,,0,57,1,,,2986;3155;7358;2376;3091;4274;880;3109;3874;4306;429;3125;3406;2825;1944;130;99;4526;714;2800;4332;799;3653;3825;7127;1836;4248;5046;7138;6879;1367;3637;1339;1395;1399;835;1147;1093;2607;911;1150;665;666;1885;668;1415;1041;1623;1383;2333;2966,2986:1804.3262141216326;3155:1804.8700907392347;7358:1805.9618987392346;2376:1811.4637787392346;3091:1824.7855067392345;4274:1825.9284347392345;880:1826.5197707392344;3109:1828.3703147392343;3874:1834.2345947392344;4306:1846.3501547392343;429:1847.7524747392342;3125:1849.0059947392342;3406:1861.3603547392343;2825:1863.8300747392343;1944:1865.1414347392342;130:1867.5290747392341;99:1868.0093147392342;4526:1876.4189147392342;714:1879.2157547392342;2800:1881.2221547392342;4332:1882.0377947392342;799:1883.2187147392342;3653:1887.8149547392343;3825:1889.0635547392342;7127:1932.6236747392343;1836:1933.9746347392343;4248:1948.5198347392343;5046:1964.8603547392343;7138:1966.4989547392343;6879:1972.7653547392342;1367:1984.2582347392342;3637:1986.1513547392342;1339:1987.1437307392341;1395:1995.681058739234;1399:1997.821762739234;835:2001.398722739234;1147:2002.191298739234;1093:2003.450578739234;2607:2011.509250739234;911:2014.3631147392339;1150:2015.1235787392338;665:2016.5734427392338;666:2017.4425547392339;1885:2018.428378739234;668:2031.798778739234;1415:2032.427842739234;1041:2049.1143570249483;1623:2053.4976141678053;1383:2064.583042739234;2333:2104.73692845352;2966:2114.97230016312
0,3,default_vehtype,boarding,True,2114.97230016312,2144.97230016312,2966;-1;-1,2966;-1;-1,0.0,0.7633239006652867,0.7633239006652867,0.0,,0,57;65,2,65,57,,
0,5,default_vehtype,boarding,True,2076.3843425560344,2106.3843425560344,2975;-1;-1,2975;-1;-1,0.0,0.9339260112506962,0.9339260112506962,0.0,,0,53;59,2,,53,,
0,9,default_vehtype,route,False,2089.6682166484184,2103.0359639551907,2984;-1;-1,2976;-1;-1,111.3978942231051,0.9619736597635615,0.9619625199741393,0.0,,0,66;69,2,,,2984;3012;4;4345;7330;2976,2984:2089.6682166484184;3012:2092.1608773258513;4:2096.9459973258513;4345:2098.989477325851;7330:2100.192477325851;2976:2103.0359639551907
0,9,default_vehtype,boarding,True,2103.0359639551907,2133.0359639551907,2976;-1;-1,2976;-1;-1,0.0,0.9619625199741393,0.9619625199741393,0.0,,0,66;69,2,,69,,
0,10,default_vehtype,boarding,True,2086.362687190456,2116.362687190456,2991;-1;-1,2991;-1;-1,0.0,0.9448189780978881,0.9448189780978881,0.0,,0,68,1,68,,,
0,1,default_vehtype,boarding,True,2142.826998516449,2172.826998516449,2968;-1;-1,2968;-1;-1,0.0,0.8562161780146501,0.8562161780146501,0.0,,0,67,1,,67,,
0,5,default_vehtype,route,False,2106.3843425560344,2179.717403197009,2975;-1;-1,2977;-1;-1,611.1088386747941,0.9339260112506962,0.9338649003668288,0.0,,0,59,1,,,2975;1166;429;4313;68;7318;7325;3011;4;4345;7330;7562;7316;7531;2802;2977,2975:2106.3843425560344;1166:2116.4952153001213;429:2117.8975353001215;4313:2119.0804953001216;68:2124.6788553001215;7318:2131.3468953001216;7325:2134.6736553001215;3011:2138.6842953001214;4:2143.4694153001215;4345:2145.5128953001213;7330:2146.7158953001212;7562:2154.549735300121;7316:2161.944735300121;7531:2169.499695300121;2802:2176.715175300121;2977:2179.717403197009
0,5,default_vehtype,boarding,True,2179.717403197009,2209.717403197009,2977;-1;-1,2977;-1;-1,0.0,0.9338649003668288,0.9338649003668288,0.0,,0,59,1,,59,,
0,6,default_vehtype,route,False,1915.9215814070733,2161.343270754139,2993;-1;-1,2985;-1;-1,2531.8799075981415,0.542537972378523,0.5422847843877632,0.0,,0,50;60,2,,,2993;4483;6931;7616;3488;4485;5469;2998;901;1083;1355;1961;1721;2672;2790;5440;162;683;1096;3736;81;831;2413;1146;832;1880;1340;3638;1365;2574;7139;1693;1114;5299;7129;754;611;1812;1186;7311;3767;4527;3089;3131;5447;7352;414;122;3426;4305;793;118;3979;2985,2993:1915.9215814070733;4483:1916.6830013889744;6931:1917.9987293889744;7616:1921.8950813889744;3488:1923.2192333889743;4485:1927.7738813889744;5469:1928.1351053889744;2998:1928.5435613889742;901:1929.7890893889742;1083:1932.5795213889742;1355:1946.2688093889742;1961:1947.2515373889742;1721:1948.3115933889742;2672:1954.4498813889743;2790:1956.8947133889742;5440:1960.3093133889743;162:1964.4619853889742;683:1965.0329453889742;1096:1968.5951453889743;3736:1968.8581613889744;81:1972.7070653889743;831:1983.5536493889742;2413:1984.5413453889742;1146:1985.3547293889742;832:1986.1631453889743;1880:1988.7608333889743;1340:2000.2936493889742;3638:2001.2801213889743;1365:2003.2218413889743;2574:2014.7297213889742;7139:2020.9961213889742;1693:2022.6347213889742;1114:2038.9752413889742;5299:2053.520441388974;7129:2054.8714013889744;754:2098.4315213889745;611:2099.6801213889744;1812:2104.2512813889743;1186:2105.4284813889744;7311:2106.2441213889742;3767:2108.2505213889744;4527:2111.0473613889744;3089:2119.4569613889744;3131:2119.9372013889742;5447:2122.324841388974;7352:2123.6362013889743;414:2126.1059213889744;122:2138.460281388974;3426:2139.7138013889744;4305:2141.1161213889745;793:2153.2316813889747;118:2159.0959613889745;3979:2160.9465053889744;2985:2161.343270754139
0,6,default_vehtype,boarding,True,2161.343270754139,2191.343270754139,2985;-1;-1,2985;-1;-1,0.0,0.5422847843877632,0.5422847843877632,0.0,,0,50;60,2,,50,,
0,6,default_vehtype,route,False,2191.343270754139,2201.848688644887,2985;-1;-1,2975;-1;-1,102.19209706087136,0.5422847843877632,0.542274565178057,0.0,,0,60,1,,,2985;1140;880;3109;3874;2975,2985:2191.343270754139;1140:2191.5378413889744;880:2192.1291773889743;3109:2193.979721388974;3874:2199.844001388974;2975:2201.848688644887
0,7,default_vehtype,route,False,1930.0016795881154,2197.0968288977733,2966;-1;-1,2978;-1;-1,2602.981249217213,0.7713704131872827,0.771110115062361,0.0,,0,54,1,,,2966;2743;2631;2150;735;738;1096;3736;81;831;2413;1146;832;1880;1340;3638;602;3851;4573;1400;971;598;1368;591;585;940;1370;939;1903;983;3921;840;2881;5099;2878;1735;2581;370;361;2874;1887;4059;910;6541;3462;3648;2851;2850;1801;1560;5242;4277;5239;6501;3911;5389;7301;918;3075;7097;7290;2736;1744;1164;2789;1182;2978,2966:1930.0016795881154;2743:1937.845507878515;2631:1941.8569364499435;2150:1958.7872221642292;735:1969.2693935928007;738:1975.4372221642293;1096:1984.9761935928007;3736:1985.2392095928008;81:1989.0881135928007;831:1999.9346975928006;2413:2000.9223935928005;1146:2001.7357775928006;832:2002.5441935928006;1880:2005.1418815928007;1340:2016.6746975928006;3638:2017.6611695928007;602:2018.5142975928006;3851:2019.5176895928007;4573:2023.8240095928006;1400:2025.5566895928007;971:2029.3551215928007;598:2030.4223775928008;1368:2031.3827135928009;591:2037.2536655928009;585:2050.4249135928007;940:2057.0047775928006;1370:2064.0314015928006;939:2064.7280735928007;1903:2065.5496655928005;983:2066.5321775928005;3921:2070.3303215928004;840:2074.8911615928005;2881:2081.5217855928004;5099:2082.6746495928005;2878:2083.8026735928006;1735:2094.7869935928006;2581:2096.1264095928004;370:2097.7092575928004;361:2100.2063615928005;2874:2100.7923695928007;1887:2106.447753592801;4059:2108.367057592801;910:2112.883257592801;6541:2113.5473855928008;3462:2115.7610255928007;3648:2116.090785592801;2851:2120.7650255928006;2850:2121.6983855928006;1801:2124.994065592801;1560:2129.7345455928007;5242:2131.4171855928007;4277:2133.0052655928007;5239:2138.509905592801;6501:2144.4724655928007;3911:2153.8273055928007;5389:2154.893145592801;7301:2155.147065592801;918:2156.289225592801;3075:2164.162185592801;7097:2165.011545592801;7290:2170.813665592801;2736:2179.532145592801;1744:2180.987385592801;1164:2192.095905592801;2789:2193.507705592801;1182:2194.424625592801;2978:2197.0968288977733
0,3,default_vehtype,route,False,2144.97230016312,2276.601635204289,2966;-1;-1,2992;-1;-1,1285.4828948015352,0.7633239006652867,0.7631953523758065,0.0,,0,65,1,,,2966;2743;2631;2150;735;738;2470;734;1815;739;1724;1962;1910;164;1354;197;1311;7;1963;1308;482;7613;2611;1307;2876;1960;816;6786;5444;1716;2720;4210;2067;2063;1937;2992,2966:2144.97230016312;2743:2152.8161284535195;2631:2156.827557024948;2150:2173.7578427392336;735:2184.240014167805;738:2190.4078427392333;2470:2191.3575227392334;734:2191.5663947392336;1815:2192.574610739234;739:2193.415138739234;1724:2209.872826739234;1962:2210.9296427392337;1910:2211.7518827392337;164:2212.7030747392337;1354:2213.659594739234;197:2215.868842739234;1311:2227.403602739234;7:2231.0985707392338;1963:2231.507026739234;1308:2231.868250739234;482:2236.422898739234;7613:2237.747050739234;2611:2241.6434027392343;1307:2242.9591307392343;2876:2245.6258667392344;1960:2246.6101067392347;816:2254.1420267392346;6786:2255.4090107392344;5444:2265.9454187392344;1716:2268.7357787392343;2720:2269.482418739234;4210:2270.380690739234;2067:2271.281266739234;2063:2271.9975227392342;1937:2275.2674747392343;2992:2276.601635204289
0,6,default_vehtype,boarding,True,2201.848688644887,2231.848688644887,2975;-1;-1,2975;-1;-1,0.0,0.542274565178057,0.542274565178057,0.0,,0,60,1,,60,,
0,6,default_vehtype,boarding,True,2231.848688644887,2261.848688644887,2975;-1;-1,2975;-1;-1,0.0,0.542274565178057,0.542274565178057,0.0,,0,71,1,71,,,
0,7,default_vehtype,boarding,True,2197.0968288977733,2227.0968288977733,2978;-1;-1,2978;-1;-1,0.0,0.771110115062361,0.771110115062361,0.0,,0,54,1,,54,,
0,8,default_vehtype,route,False,2160.0,2226.1666314132713,2988;-1;-1,2987;-1;-1,918.9809918509917,0.8987568703200882,0.8986649722209031,0.0,,0,,0,,,2988;3447;6082;7383;364;3029;3886;5711;6045;2157;4817;456;5901;7605;2830;1420;1084;7357;2826;2827;4225;2987,2988:2160;3447:2161.539512442979;6082:2164.362920442979;7383:2164.771808442979;364:2165.207192442979;3029:2167.2314004429786;3886:2167.7294244429786;5711:2170.2690084429787;6045:2171.6632884429787;2157:2175.851816442979;4817:2176.3286004429788;456:2176.943480442979;5901:2177.699048442979;7605:2181.170744442979;2830:2181.400136442979;1420:2193.1052484429792;1084:2196.640232442979;7357:2201.224760442979;2826:2210.434064442979;2827:2219.643368442979;4225:2224.227896442979;2987:2226.1666314132713
0,8,default_vehtype,boarding,True,2226.1666314132713,2256.1666314132713,2987;-1;-1,2987;-1;-1,0.0,0.8986649722209031,0.8986649722209031,0.0,,0,70,1,70,,,
0,2,default_vehtype,route,False,2043.6680342525997,2286.3916369234266,2979;-1;-1,2989;-1;-1,2545.239488923543,0.9150391249536062,0.9147846010047138,0.0,,0,63;62,2,,,2979;2786;2307;3549;6384;4032;1804;4277;5239;6501;3911;5389;7301;3914;5398;5400;4040;4041;5374;5418;5424;5403;6546;1200;7312;3767;4527;3089;3131;5447;7352;414;122;3426;4305;793;118;3979;4275;103;6480;7360;3154;6028;5745;6035;5743;6038;6041;7365;6050;6068;6077;3629;4502;6912;2108;7370;7608;5900;3459;4818;5992;6047;5708;3884;3030;3347;7376;2207;3446;3720;5332;251;2711;3358;2296;5495;5696;3307;3987;6878;2989,2979:2043.6680342525997;2786:2045.6729698173986;2307:2049.1917298173985;3549:2054.8289698173985;6384:2055.0908098173986;4032:2058.312449817399;1804:2059.2283618173988;4277:2060.8164418173988;5239:2066.321081817399;6501:2072.283641817399;3911:2081.6384818173988;5389:2082.704321817399;7301:2082.958241817399;3914:2084.141921817399;5398:2085.3187618173993;5400:2086.645361817399;4040:2095.950161817399;4041:2098.894481817399;5374:2103.147041817399;5418:2104.184321817399;5424:2104.3276018173988;5403:2105.432921817399;6546:2109.659801817399;1200:2114.2688818173992;7312:2115.762641817399;3767:2117.7690418173993;4527:2120.5658818173993;3089:2128.975481817399;3131:2129.455721817399;5447:2131.843361817399;7352:2133.154721817399;414:2135.624441817399;122:2147.978801817399;3426:2149.232321817399;4305:2150.6346418173994;793:2162.7502018173996;118:2168.6144818173993;3979:2170.4650258173992;4275:2171.056361817399;103:2172.1992898173994;6480:2185.5210178173993;7360:2191.022897817399;3154:2192.114705817399;6028:2193.075833817399;5745:2194.567457817399;6035:2196.490865817399;5743:2197.860305817399;6038:2199.875729817399;6041:2201.152001817399;7365:2207.8151698173992;6050:2210.0887138173994;6068:2214.3150418173996;6077:2214.9607378173996;3629:2216.5180258173996;4502:2216.9809138173996;6912:2222.1293458173996;2108:2224.0257538173996;7370:2230.5524818173994;7608:2230.7818738173996;5900:2234.2535698173997;3459:2235.0091378173997;4818:2235.6240178174;5992:2236.1008018173998;6047:2240.2893298174;5708:2241.6836098174;3884:2244.2231938174;3030:2244.7212178174;3347:2246.7454258174;7376:2247.1808098173997;2207:2247.5896978173996;3446:2250.4131058174;3720:2253.4427938174;5332:2254.4342338173997;251:2255.1818098174;2711:2256.3196258174;3358:2258.5346338174;2296:2266.8356338174;5495:2267.0524738174;5696:2267.8151938174;3307:2278.5536338174;3987:2285.3807938174;6878:2285.9841538174;2989:2286.3916369234266
0,2,default_vehtype,boarding,True,2286.3916369234266,2316.3916369234266,2989;-1;-1,2989;-1;-1,0.0,0.9147846010047138,0.9147846010047138,0.0,,0,63;62,2,,62,,
0,3,default_vehtype,boarding,True,2276.601635204289,2306.601635204289,2992;-1;-1,2992;-1;-1,0.0,0.7631953523758065,0.7631953523758065,0.0,,0,65,1,,65,,
0,4,default_vehtype,route,False,2280.0,2319.4599556565927,2971;-1;-1,2972;-1;-1,381.97785485179173,0.8217323490960516,0.8216941513105664,0.0,,0,,0,,,2971;3807;6875;885;316;2042;1982;6306;374;7114;3246;5330;661;445;2972,2971:2280;3807:2281.3763552681585;6875:2282.4443552681587;885:2283.0477152681588;316:2289.8748752681586;2042:2300.6133152681587;1982:2301.376035268159;6306:2301.592875268159;374:2309.893875268159;7114:2312.108883268159;3246:2313.246699268159;5330:2313.994275268159;661:2314.985715268159;445:2318.015403268159;2972:2319.4599556565927
0,8,default_vehtype,route,False,2256.1666314132713,2325.307147549006,2987;-1;-1,2989;-1;-1,805.5238179628255,0.8986649722209031,0.8985844198391069,0.0,,0,70,1,,,2987;4613;7368;7606;5900;3459;4818;5992;6047;5708;3884;3030;3347;7376;2207;3446;3720;5332;251;2711;3358;2296;5495;5696;3307;3987;6878;2989,2987:2256.1666314132713;4613:2257.7628804429787;7368:2269.467992442979;7606:2269.697384442979;5900:2273.169080442979;3459:2273.924648442979;4818:2274.539528442979;5992:2275.016312442979;6047:2279.2048404429793;5708:2280.5991204429793;3884:2283.1387044429794;3030:2283.6367284429793;3347:2285.660936442979;7376:2286.096320442979;2207:2286.505208442979;3446:2289.328616442979;3720:2292.3583044429793;5332:2293.349744442979;251:2294.0973204429793;2711:2295.235136442979;3358:2297.4501444429793;2296:2305.7511444429792;5495:2305.9679844429793;5696:2306.7307044429795;3307:2317.4691444429795;3987:2324.2963044429794;6878:2324.8996644429794;2989:2325.307147549006
0,9,default_vehtype,route,False,2133.0359639551907,2311.837832431878,2976;-1;-1,2989;-1;-1,1989.5719706390562,0.9619625199741393,0.9617635627770754,0.0,,0,66,1,,,2976;7557;2806;4344;2996;3013;7322;2804;3061;1173;3425;4304;793;118;3979;4275;103;6480;7360;3154;6028;5745;6035;5743;6038;6041;7365;6050;6068;6077;3629;4502;6912;2108;7370;7608;5900;3459;4818;5992;6047;5708;3884;3030;3347;7376;2207;3446;3720;5332;251;2711;3358;2296;5495;5696;3307;3987;6878;2989,2976:2133.0359639551907;7557:2138.026317325851;2806:2145.8601573258507;4344:2147.0631573258506;2996:2149.1066373258504;3013:2153.8917573258504;7322:2157.9023973258504;2804:2161.2291573258503;3061:2167.8971973258504;1173:2173.4955573258503;3425:2174.6785173258504;4304:2176.0808373258506;793:2188.1963973258507;118:2194.0606773258505;3979:2195.9112213258504;4275:2196.5025573258504;103:2197.6454853258506;6480:2210.9672133258505;7360:2216.4690933258503;3154:2217.5609013258504;6028:2218.5220293258503;5745:2220.01365332585;6035:2221.93706132585;5743:2223.30650132585;6038:2225.3219253258503;6041:2226.5981973258504;7365:2233.2613653258504;6050:2235.5349093258505;6068:2239.7612373258507;6077:2240.406933325851;3629:2241.9642213258508;4502:2242.427109325851;6912:2247.5755413258507;2108:2249.471949325851;7370:2255.9986773258506;7608:2256.228069325851;5900:2259.699765325851;3459:2260.455333325851;4818:2261.070213325851;5992:2261.546997325851;6047:2265.735525325851;5708:2267.129805325851;3884:2269.669389325851;3030:2270.167413325851;3347:2272.191621325851;7376:2272.627005325851;2207:2273.035893325851;3446:2275.859301325851;3720:2278.888989325851;5332:2279.880429325851;251:2280.628005325851;2711:2281.765821325851;3358:2283.980829325851;2296:2292.281829325851;5495:2292.498669325851;5696:2293.2613893258513;3307:2303.9998293258514;3987:2310.826989325851;6878:2311.4303493258512;2989:2311.837832431878
0,0,default_vehtype,route,False,2049.269634081888,2348.406328935454,2980;-1;-1,2973;-1;-1,2548.1465637823403,0.6903172214127541,0.6900624067563759,0.0,,0,64,1,,,2980;914;2135;1730;2664;2579;2961;2407;2581;370;361;2874;1887;4059;910;6541;3462;3648;2851;2850;1801;1560;5242;4277;5239;6501;3911;5389;7301;3914;5398;5400;4040;4041;5374;5418;5424;5403;6546;1200;7312;3767;4527;3089;3131;5447;7352;414;122;3426;4305;793;118;3979;4275;103;6480;7360;3154;6028;5745;6035;5743;6038;6041;7365;6050;6068;6077;3629;4502;6912;2108;7370;1420;1084;2973,2980:2049.269634081888;914:2065.1518048175453;2135:2073.1026619604027;1730:2088.5590048175454;2664:2090.3811191032596;2579:2095.2570619604026;2961:2112.0279191032596;2407:2117.2767191032594;2581:2125.7639762461167;370:2127.3468242461167;361:2129.843928246117;2874:2130.429936246117;1887:2136.085320246117;4059:2138.004624246117;910:2142.520824246117;6541:2143.184952246117;3462:2145.398592246117;3648:2145.728352246117;2851:2150.402592246117;2850:2151.335952246117;1801:2154.631632246117;1560:2159.372112246117;5242:2161.054752246117;4277:2162.642832246117;5239:2168.147472246117;6501:2174.110032246117;3911:2183.464872246117;5389:2184.530712246117;7301:2184.7846322461173;3914:2185.9683122461174;5398:2187.1451522461175;5400:2188.4717522461174;4040:2197.7765522461173;4041:2200.7208722461173;5374:2204.973432246117;5418:2206.0107122461172;5424:2206.153992246117;5403:2207.259312246117;6546:2211.4861922461173;1200:2216.0952722461175;7312:2217.5890322461173;3767:2219.5954322461175;4527:2222.3922722461175;3089:2230.8018722461175;3131:2231.2821122461173;5447:2233.6697522461172;7352:2234.9811122461174;414:2237.4508322461174;122:2249.8051922461173;3426:2251.0587122461175;4305:2252.4610322461176;793:2264.576592246118;118:2270.4408722461176;3979:2272.2914162461175;4275:2272.8827522461174;103:2274.0256802461176;6480:2287.3474082461175;7360:2292.8492882461173;3154:2293.9410962461175;6028:2294.9022242461174;5745:2296.393848246117;6035:2298.3172562461173;5743:2299.686696246117;6038:2301.7021202461174;6041:2302.9783922461174;7365:2309.6415602461175;6050:2311.9151042461176;6068:2316.141432246118;6077:2316.787128246118;3629:2318.344416246118;4502:2318.807304246118;6912:2323.955736246118;2108:2325.852144246118;7370:2332.3788722461177;1420:2344.083984246118;1084:2347.6189682461177;2973:2348.406328935454
0,0,default_vehtype,boarding,True,2348.406328935454,2378.406328935454,2973;-1;-1,2973;-1;-1,0.0,0.6900624067563759,0.6900624067563759,0.0,,0,64,1,,64,,
0,1,default_vehtype,route,False,2340.0,2371.6376415249742,2968;-1;-1,2969;-1;-1,439.4116878468658,0.8562161780146501,0.8561722368458654,0.0,,0,,0,,,2968;98;2497;7434;2760;542;1074;336;2969,2968:2340;98:2345.7696684769207;2497:2347.2803004769207;7434:2354.4881484769207;2760:2361.0266844769208;542:2368.5547884769207;1074:2369.4881964769206;336:2370.5113164769205;2969:2371.6376415249742
0,2,default_vehtype,route,False,2316.3916369234266,2365.5019585492414,2989;-1;-1,2971;-1;-1,409.2526802151258,0.9147846010047138,0.9147436757366922,0.0,,0,63,1,,,2989;3808;7388;2045;2835;6507;373;2390;7391;5704;7389;2971,2989:2316.3916369234266;3808:2317.0521538174003;7388:2321.1165538174005;2045:2335.6547938174003;2835:2338.0198738174004;6507:2339.4205138174;373:2341.9652338174;2390:2344.5099538174;7391:2345.9105938174;5704:2348.2756738174;7389:2362.8139138173997;2971:2365.5019585492414
0,2,default_vehtype,boarding,True,2365.5019585492414,2395.5019585492414,2971;-1;-1,2971;-1;-1,0.0,0.9147436757366922,0.9147436757366922,0.0,,0,63,1,,63,,
0,3,default_vehtype,route,False,2340.0,2377.017328528743,2992;-1;-1,2967;-1;-1,371.725848613485,0.7631953523758065,0.7631581797909451,0.0,,0,,0,,,2992;2526;3895;5465;7450;1719;3469;470;469;5079;7447;1960;2967,2992:2340;2526:2349.2022475349454;3895:2350.4692315349453;5465:2358.001151534945;7450:2358.9853915349454;1719:2359.8020155349454;3469:2360.8219675349455;470:2366.783053249231;469:2372.744138963517;5079:2373.764090963517;7447:2374.580714963517;1960:2375.5649549635173;2967:2377.017328528743
0,4,default_vehtype,boarding,True,2319.4599556565927,2349.4599556565927,2972;-1;-1,2972;-1;-1,0.0,0.8216941513105664,0.8216941513105664,0.0,,0,73;72,2,73;72,,,
0,8,default_vehtype,boarding,True,2325.307147549006,2355.307147549006,2989;-1;-1,2989;-1;-1,0.0,0.8985844198391069,0.8985844198391069,0.0,,0,70,1,,70,,
0,9,default_vehtype,boarding,True,2311.837832431878,2341.837832431878,2989;-1;-1,2989;-1;-1,0.0,0.9617635627770754,0.9617635627770754,0.0,,0,66,1,,66,,
0,1,default_vehtype,boarding,True,2371.6376415249742,2401.6376415249742,2969;-1;-1,2969;-1;-1,0.0,0.8561722368458654,0.8561722368458654,0.0,,0,77,1,77,,,
0,3,default_vehtype,boarding,True,2377.017328528743,2407.017328528743,2967;-1;-1,2967;-1;-1,0.0,0.7631581797909451,0.7631581797909451,0.0,,0,76,1,76,,,
0,3,default_vehtype,route,False,2407.017328528743,2433.311358486596,2967;-1;-1,2968;-1;-1,365.194860525747,0.7631581797909451,0.7631216603048926,0.0,,0,76,1,,,2967;3896;6788;5444;1716;2720;4210;1711;2968,2967:2407.017328528743;3896:2413.096874963517;6788:2414.363858963517;5444:2424.900266963517;1716:2427.690626963517;2720:2428.437266963517;4210:2429.3355389635167;1711:2430.4652189635167;2968:2433.311358486596
0,5,default_vehtype,route,False,2340.0,2425.8324765383136,2977;-1;-1,2979;-1;-1,715.2706378192755,0.9338649003668288,0.9337933733030469,0.0,,0,,0,,,2977;6202;7516;7037;7512;3274;2902;3901;7011;7336;4365;7288;1182;1001;6296;1434;3820;3877;2787;4993;6537;2979,2977:2340;6202:2343.893092103112;7516:2344.754212103112;7037:2352.066172103112;7512:2359.299532103112;3274:2370.645532103112;2902:2370.7571321031123;3901:2371.225132103112;7011:2373.206092103112;7336:2376.113572103112;4365:2383.6946921031117;7288:2384.8178921031117;1182:2385.734812103112;1001:2391.025972103112;6296:2393.385292103112;1434:2399.344372103112;3820:2404.453012103112;3877:2406.3608921031123;2787:2415.1534121031123;4993:2416.202452103112;6537:2422.0022921031123;2979:2425.8324765383136
0,5,default_vehtype,boarding,True,2425.8324765383136,2455.8324765383136,2979;-1;-1,2979;-1;-1,0.0,0.9337933733030469,0.9337933733030469,0.0,,0,75,1,75,,,
0,7,default_vehtype,route,False,2280.0,2420.1449779593695,2978;-1;-1,2980;-1;-1,1124.436640472563,0.771110115062361,0.7709976713983138,0.0,,0,,0,,,2978;4103;6297;1434;3820;3877;2787;4993;6537;7281;2307;3549;6384;4032;1804;4811;5237;608;459;2416;4011;5246;363;366;2314;2877;1748;1743;1157;2058;2092;915;2980,2978:2280;4103:2282.6189566950275;6297:2284.9782766950275;1434:2290.9373566950276;3820:2296.0459966950275;3877:2297.9538766950277;2787:2306.7463966950277;4993:2307.7954366950275;6537:2313.5952766950277;7281:2319.430396695028;2307:2322.949156695028;3549:2328.586396695028;6384:2328.848236695028;4032:2332.069876695028;1804:2332.985788695028;4811:2334.668428695028;5237:2339.408908695028;608:2348.274988695028;459:2348.604748695028;2416:2350.818388695028;4011:2351.4825166950277;5246:2357.407684695028;363:2364.316372695028;366:2365.721452695028;2314:2366.8663246950277;2877:2380.0374286950278;1748:2381.1559486950277;1743:2388.9103486950276;1157:2393.6494915521703;2058:2399.439320123599;2092:2402.8284629807417;915:2407.946634409313;2980:2420.1449779593695
0,7,default_vehtype,boarding,True,2420.1449779593695,2450.1449779593695,2980;-1;-1,2980;-1;-1,0.0,0.7709976713983138,0.7709976713983138,0.0,,0,74,1,74,,,
0,10,default_vehtype,route,False,2116.362687190456,2408.60690673211,2991;-1;-1,2983;-1;-1,3171.84052357281,0.9448189780978881,0.9445017940455308,0.0,,0,68,1,,,2991;3010;5658;3008;4585;330;4588;5827;7412;4686;5074;5295;5274;7181;604;603;602;3851;4573;1400;971;598;1368;591;585;940;1370;939;1903;983;3921;840;2881;5099;2878;1735;2581;370;361;2874;1887;4059;910;6541;3462;3648;2851;2850;1801;1560;5242;922;6385;3550;6322;7280;2411;1661;7283;796;751;4635;6299;4102;4325;7285;1218;7334;7010;820;7498;276;2915;2661;7517;6201;7314;2983,2991:2116.362687190456;3010:2120.4099561210833;5658:2121.2175561210834;3008:2129.3204361210833;4585:2151.6487161210835;330:2161.2443961210834;4588:2161.8167961210834;5827:2164.0971081210832;7412:2166.995756121083;4686:2168.0664681210833;5074:2175.0069801210834;5295:2175.2372361210832;5274:2178.616052121083;7181:2183.1253401210834;604:2186.7037401210832;603:2187.767324121083;602:2188.6204521210834;3851:2189.6238441210835;4573:2193.9301641210836;1400:2195.6628441210837;971:2199.4612761210838;598:2200.5285321210836;1368:2201.4888681210837;591:2207.359820121084;585:2220.531068121084;940:2227.110932121084;1370:2234.137556121084;939:2234.834228121084;1903:2235.6558201210837;983:2236.6383321210837;3921:2240.4364761210836;840:2244.9973161210837;2881:2251.6279401210836;5099:2252.7808041210837;2878:2253.908828121084;1735:2264.893148121084;2581:2266.2325641210837;370:2267.8154121210837;361:2270.3125161210837;2874:2270.898524121084;1887:2276.553908121084;4059:2278.473212121084;910:2282.989412121084;6541:2283.653540121084;3462:2285.867180121084;3648:2286.196940121084;2851:2290.871180121084;2850:2291.804540121084;1801:2295.100220121084;1560:2299.840700121084;5242:2301.523340121084;922:2302.439252121084;6385:2305.660892121084;3550:2305.922732121084;6322:2311.5599721210842;7280:2315.078732121084;2411:2320.9138521210843;1661:2326.7136921210845;7283:2327.7627321210844;796:2336.5552521210843;751:2338.4631321210845;4635:2343.5717721210845;6299:2349.5308521210845;4102:2351.8901721210846;4325:2357.181332121085;7285:2358.098252121085;1218:2359.221452121085;7334:2366.8025721210847;7010:2369.7100521210846;820:2371.6910121210844;7498:2372.1590121210843;276:2372.2706121210845;2915:2383.6166121210845;2661:2390.8499721210846;7517:2398.1619321210846;6201:2399.0230521210847;7314:2405.9183721210848;2983:2408.60690673211
0,10,default_vehtype,boarding,True,2408.60690673211,2438.60690673211,2983;-1;-1,2983;-1;-1,0.0,0.9445017940455308,0.9445017940455308,0.0,,0,68,1,,68,,
0,11,default_vehtype,route,False,2400.0,2453.7445272313585,2970;-1;-1,2991;-1;-1,538.5262328689473,0.8895647782733628,0.8895109256500758,0.0,,0,,0,,,2970;671;544;7400;5449;6824;4848;3271;4846;4989;5000;337;1075;537;2991,2970:2400;671:2401.0301161619855;544:2403.7196761619853;7400:2404.7952361619855;5449:2405.9942761619855;6824:2410.2475561619854;4848:2417.7278761619855;3271:2423.2809961619855;4846:2425.1540761619854;4989:2437.4265961619853;5000:2442.1861561619853;337:2449.9463881619854;1075:2450.9702281619852;537:2451.9242281619854;2991:2453.7445272313585
0,3,default_vehtype,boarding,True,2433.311358486596,2463.311358486596,2968;-1;-1,2968;-1;-1,0.0,0.7631216603048926,0.7631216603048926,0,,0,76,1,,76,,
0,11,default_vehtype,boarding,True,2453.7445272313585,2483.7445272313585,2991;-1;-1,2991;-1;-1,0.0,0.8895109256500758,0.8895109256500758,0,,0,78,1,78,,,
0,0,default_vehtype,boarding,True,2520.0,2550.0,2973;-1;-1,2973;-1;-1,0.0,0.6900624067563759,0.6900624067563759,0.0,,0,81,1,81,,,
0,3,default_vehtype,route,False,2463.311358486596,2522.9776149816157,2968;-1;-1,2993;-1;-1,828.698006875271,0.7631216603048926,0.7630387905042051,0.0,,0,,0,,,2968;98;2497;7434;4184;2559;6740;1717;2067;2063;1937;6789;3895;5465;7450;2993,2968:2463.311358486596;98:2469.0810269635167;2497:2470.5916589635167;7434:2477.7995069635167;4184:2478.6738029635167;2559:2485.7244029635167;6740:2490.1950269635167;1717:2496.028754963517;2067:2496.7665389635167;2063:2497.482794963517;1937:2500.752746963517;6789:2511.289154963517;3895:2512.556138963517;5465:2520.0880589635167;7450:2521.072298963517;2993:2522.9776149816157
0,3,default_vehtype,boarding,True,2522.9776149816157,2552.9776149816157,2993;-1;-1,2993;-1;-1,0.0,0.7630387905042051,0.7630387905042051,0.0,,0,79,1,79,,,
0,4,default_vehtype,route,False,2349.4599556565927,2545.8636604140147,2972;-1;-1,2981;-1;-1,2106.0954485983198,0.8216941513105664,0.8214835417657066,0.0,,0,73;72,2,,,2972;6079;7380;364;3029;3886;5711;6045;2157;4817;456;5901;7605;2830;5852;6913;1321;597;2204;6066;6049;7367;2188;2186;5744;6033;5746;6031;146;2828;2376;3091;4274;880;3109;3874;4306;429;3125;3406;2825;1944;130;99;4526;714;2800;4339;2419;5404;5421;1925;1883;926;925;5399;1905;830;2795;1891;827;6499;1803;1141;5241;922;6385;3550;2981,2972:2349.4599556565927;6079:2350.8388112681587;7380:2351.2476992681586;364:2351.6830832681585;3029:2353.7072912681583;3886:2354.2053152681583;5711:2356.7448992681584;6045:2358.1391792681584;2157:2362.3277072681585;4817:2362.8044912681585;456:2363.4193712681586;5901:2364.1749392681586;7605:2367.6466352681587;2830:2367.876027268159;5852:2374.4027552681587;6913:2376.2991632681587;1321:2381.4475952681587;597:2381.9104832681587;2204:2383.4677712681587;6066:2384.1134672681587;6049:2388.339795268159;7367:2390.613339268159;2188:2397.276507268159;2186:2398.552779268159;5744:2400.5682032681593;6033:2401.9376432681593;5746:2403.8610512681594;6031:2405.352675268159;146:2406.313803268159;2828:2407.405611268159;2376:2412.907491268159;3091:2426.229219268159;4274:2427.372147268159;880:2427.963483268159;3109:2429.814027268159;3874:2435.6783072681587;4306:2447.793867268159;429:2449.196187268159;3125:2450.4497072681593;3406:2462.804067268159;2825:2465.273787268159;1944:2466.5851472681593;130:2468.972787268159;99:2469.453027268159;4526:2477.862627268159;714:2480.659467268159;2800:2482.665867268159;4339:2484.159627268159;2419:2488.7687072681592;5404:2492.9955872681594;5421:2494.1009072681595;1925:2494.2441872681593;1883:2495.2814672681593;926:2499.534027268159;925:2502.4783472681593;5399:2511.783147268159;1905:2513.109747268159;830:2514.286587268159;2795:2515.470267268159;1891:2515.7241872681593;827:2516.7900272681595;6499:2526.1448672681595;1803:2532.1074272681594;1141:2537.6120672681595;5241:2539.2001472681595;922:2540.1160592681595;6385:2543.3376992681597;3550:2543.59953926816;2981:2545.8636604140147
0,4,default_vehtype,boarding,True,2545.8636604140147,2575.8636604140147,2981;-1;-1,2981;-1;-1,0.0,0.8214835417657066,0.8214835417657066,0.0,,0,73;72,2,,73;72,,
0,6,default_vehtype,route,False,2261.848688644887,2540.58170681286,2975;-1;-1,2966;-1;-1,2052.4993845249487,0.542274565178057,0.5420693152396046,0.0,,0,71,1,,,2975;1166;429;3125;3406;2825;1944;130;99;4526;714;2800;4332;799;3653;3825;7127;1836;4248;5046;7138;6879;1367;3637;1339;1395;1399;835;1147;1093;2607;911;1150;665;666;1885;668;1415;1041;1623;1383;2333;2966,2975:2261.848688644887;1166:2271.9595613889737;429:2273.361881388974;3125:2274.615401388974;3406:2286.969761388974;2825:2289.439481388974;1944:2290.750841388974;130:2293.138481388974;99:2293.618721388974;4526:2302.028321388974;714:2304.825161388974;2800:2306.831561388974;4332:2307.647201388974;799:2308.8281213889736;3653:2313.4243613889735;3825:2314.6729613889734;7127:2358.2330813889735;1836:2359.5840413889737;4248:2374.1292413889737;5046:2390.469761388974;7138:2392.108361388974;6879:2398.374761388974;1367:2409.867641388974;3637:2411.760761388974;1339:2412.753137388974;1395:2421.290465388974;1399:2423.431169388974;835:2427.008129388974;1147:2427.8007053889737;1093:2429.059985388974;2607:2437.118657388974;911:2439.972521388974;1150:2440.732985388974;665:2442.1828493889743;666:2443.051961388974;1885:2444.037785388974;668:2457.408185388974;1415:2458.037249388974;1041:2474.723763674688;1623:2479.107020817545;1383:2490.1924493889737;2333:2530.3463351032597;2966:2540.58170681286
0,6,default_vehtype,boarding,True,2540.58170681286,2570.58170681286,2966;-1;-1,2966;-1;-1,0.0,0.5420693152396046,0.5420693152396046,0.0,,0,71,1,,71,,
0,4,default_vehtype,route,False,2575.8636604140147,2628.7784119227354,2981;-1;-1,2982;-1;-1,440.9562625726669,0.8214835417657066,0.8214394461394493,0.0,,0,,0,,,2981;6320;7278;2411;1661;7283;796;751;4635;6299;4102;4325;7285;1218;2982,2981:2575.8636604140147;6320:2579.23677926816;7278:2582.7555392681597;2411:2588.59065926816;1661:2594.39049926816;7283:2595.43953926816;796:2604.23205926816;751:2606.13993926816;4635:2611.24857926816;6299:2617.20765926816;4102:2619.56697926816;4325:2624.8581392681604;7285:2625.7750592681605;1218:2626.8982592681605;2982:2628.7784119227354
0,5,default_vehtype,route,False,2455.8324765383136,2583.026233468278,2979;-1;-1,2985;-1;-1,1095.4194264450591,0.9337933733030469,0.9336838313604024,0.0,,0,75,1,,,2979;2786;2307;3549;6384;4032;1804;4277;5239;6501;3911;5389;7301;3914;5398;5400;4040;4041;5374;5418;5424;5403;6546;1200;7312;3767;4527;3089;3131;5447;7352;414;122;3426;4305;793;118;3979;2985,2979:2455.8324765383136;2786:2457.8374121031125;2307:2461.3561721031124;3549:2466.9934121031124;6384:2467.2552521031125;4032:2470.4768921031127;1804:2471.3928041031127;4277:2472.9808841031127;5239:2478.4855241031128;6501:2484.4480841031127;3911:2493.8029241031127;5389:2494.868764103113;7301:2495.122684103113;3914:2496.306364103113;5398:2497.483204103113;5400:2498.809804103113;4040:2508.114604103113;4041:2511.058924103113;5374:2515.311484103113;5418:2516.348764103113;5424:2516.4920441031127;5403:2517.597364103113;6546:2521.824244103113;1200:2526.433324103113;7312:2527.927084103113;3767:2529.933484103113;4527:2532.730324103113;3089:2541.139924103113;3131:2541.620164103113;5447:2544.007804103113;7352:2545.319164103113;414:2547.788884103113;122:2560.143244103113;3426:2561.396764103113;4305:2562.7990841031133;793:2574.9146441031135;118:2580.7789241031132;3979:2582.629468103113;2985:2583.026233468278
0,5,default_vehtype,boarding,True,2583.026233468278,2613.026233468278,2985;-1;-1,2985;-1;-1,0.0,0.9336838313604024,0.9336838313604024,0.0,,0,75,1,,75,,
0,5,default_vehtype,route,False,2613.026233468278,2623.5316513590255,2985;-1;-1,2975;-1;-1,102.19209706087136,0.9336838313604024,0.9336736121506963,0.0,,0,,0,,,2985;1140;880;3109;3874;2975,2985:2613.026233468278;1140:2613.220804103113;880:2613.812140103113;3109:2615.662684103113;3874:2621.5269641031127;2975:2623.5316513590255
0,10,default_vehtype,route,False,2520.0,2618.4676127713715,2983;-1;-1,2986;-1;-1,948.098702996979,0.9445017940455308,0.9444069841752312,0.0,,0,,0,,,2983;7527;2803;7558;2806;4344;2996;3013;7322;2804;3061;1173;3425;4304;793;118;3979;4275;103;6480;7360;2986,2983:2520;7527:2524.5269453889746;2803:2532.0819053889745;7558:2539.4769053889745;2806:2547.3107453889743;4344:2548.5137453889743;2996:2550.557225388974;3013:2555.342345388974;7322:2559.352985388974;2804:2562.679745388974;3061:2569.347785388974;1173:2574.946145388974;3425:2576.129105388974;4304:2577.531425388974;793:2589.6469853889744;118:2595.511265388974;3979:2597.361809388974;4275:2597.953145388974;103:2599.096073388974;6480:2612.417801388974;7360:2617.919681388974;2986:2618.4676127713715
0,0,default_vehtype,route,False,2550.0,2663.2370619400035,2973;-1;-1,2976;-1;-1,1289.1591567814914,0.6900624067563759,0.6899334908406977,0.0,,0,81,1,,,2973;7354;3525;6025;3063;6027;7362;2188;2186;5744;6033;5746;6031;146;2828;2376;3091;4274;880;3109;3874;4306;429;4313;68;7318;7325;3011;4;4345;7330;2976,2973:2550;7354:2553.7971673106636;3525:2564.6760073106634;6025:2566.4174713106636;3063:2567.682151310664;6027:2568.984127310664;7362:2572.992367310664;2188:2579.655535310664;2186:2580.931807310664;5744:2582.9472313106644;6033:2584.3166713106643;5746:2586.2400793106644;6031:2587.731703310664;146:2588.692831310664;2828:2589.7846393106643;2376:2595.286519310664;3091:2608.608247310664;4274:2609.751175310664;880:2610.342511310664;3109:2612.193055310664;3874:2618.057335310664;4306:2630.172895310664;429:2631.575215310664;4313:2632.7581753106642;68:2638.356535310664;7318:2645.024575310664;7325:2648.351335310664;3011:2652.361975310664;4:2657.147095310664;4345:2659.190575310664;7330:2660.393575310664;2976:2663.2370619400035
0,0,default_vehtype,boarding,True,2663.2370619400035,2693.2370619400035,2976;-1;-1,2976;-1;-1,0.0,0.6899334908406977,0.6899334908406977,0.0,,0,81,1,,81,,
0,1,default_vehtype,route,False,2401.6376415249742,2658.294448373807,2969;-1;-1,2977;-1;-1,2203.346162362212,0.8561722368458654,0.8559519022296292,0.0,,0,77,1,,,2969;7192;1664;1659;538;4990;4939;5252;3070;1657;4439;4842;1272;3423;4282;4975;5250;6710;2464;7135;1193;552;2755;7131;3567;888;712;2718;754;611;1812;1186;7311;3767;4527;3089;3131;5447;7352;414;122;3426;4314;68;7318;7325;3011;4;4345;7330;7562;7316;7531;2802;2977,2969:2401.6376415249742;7192:2405.2412844769206;1664:2408.4951804769207;1659:2413.2547404769207;538:2414.405780476921;4990:2418.102860476921;4939:2419.4934204769206;5252:2424.9181404769206;3070:2425.9545804769205;1657:2433.4713804769203;4439:2439.1015404769205;4842:2443.4861004769205;1272:2443.6710204769206;3423:2444.8875804769204;4282:2448.6650604769206;4975:2449.7148204769205;5250:2455.5187404769204;6710:2457.4459404769204;2464:2473.3055004769203;7135:2481.2376204769203;1193:2482.33766047692;552:2486.83586047692;2755:2488.66502047692;7131:2496.6222204769197;3567:2506.50110047692;888:2506.9593804769197;712:2510.6949804769197;2718:2511.6321804769195;754:2555.1923004769196;611:2556.4409004769195;1812:2561.0120604769195;1186:2562.1892604769196;7311:2563.0049004769194;3767:2565.0113004769196;4527:2567.8081404769196;3089:2576.2177404769195;3131:2576.6979804769194;5447:2579.0856204769193;7352:2580.3969804769195;414:2582.8667004769195;122:2595.2210604769193;3426:2596.4745804769195;4314:2597.6575404769196;68:2603.2559004769196;7318:2609.9239404769196;7325:2613.2507004769195;3011:2617.2613404769195;4:2622.0464604769195;4345:2624.0899404769193;7330:2625.2929404769193;7562:2633.126780476919;7316:2640.521780476919;7531:2648.076740476919;2802:2655.292220476919;2977:2658.294448373807
0,1,default_vehtype,boarding,True,2658.294448373807,2688.294448373807,2977;-1;-1,2977;-1;-1,0.0,0.8559519022296292,0.8559519022296292,0.0,,0,77,1,,77,,
0,4,default_vehtype,boarding,True,2628.7784119227354,2658.7784119227354,2982;-1;-1,2982;-1;-1,0.0,0.8214394461394493,0.8214394461394493,0.0,,0,82,1,82,,,
0,5,default_vehtype,boarding,True,2623.5316513590255,2653.5316513590255,2975;-1;-1,2975;-1;-1,0.0,0.9336736121506963,0.9336736121506963,0.0,,0,83,1,83,,,
0,5,default_vehtype,route,False,2653.5316513590255,2696.706690732452,2975;-1;-1,2976;-1;-1,359.7919947785567,0.9336736121506963,0.9336376329512185,0.0,,0,83,1,,,2975;1166;429;4313;68;7318;7325;3011;4;4345;7330;2976,2975:2653.5316513590255;1166:2663.6425241031125;429:2665.0448441031126;4313:2666.2278041031127;68:2671.8261641031127;7318:2678.4942041031127;7325:2681.8209641031126;3011:2685.8316041031126;4:2690.6167241031126;4345:2692.6602041031124;7330:2693.8632041031124;2976:2696.706690732452
0,8,default_vehtype,route,False,2520.0,2643.0719219420275,2989;-1;-1,2969;-1;-1,1118.2367108949693,0.8985844198391069,0.8984725961680173,0.0,,0,,0,,,2989;3808;7388;2045;2835;2641;7396;2616;486;2838;3722;3732;544;7400;5449;6824;4848;3271;4846;4989;5000;337;1075;4198;336;2969,2989:2520;3808:2520.6605168939736;7388:2524.724916893974;2045:2539.2631568939737;2835:2541.6282368939737;2641:2550.839316893974;7396:2551.433676893974;2616:2556.795276893974;486:2557.707036893974;2838:2564.031756893974;3722:2567.550996893974;3732:2590.000716893974;544:2592.690276893974;7400:2593.765836893974;5449:2594.964876893974;6824:2599.218156893974;4848:2606.698476893974;3271:2612.2515968939742;4846:2614.124676893974;4989:2626.397196893974;5000:2631.156756893974;337:2638.916988893974;1075:2639.940828893974;4198:2640.922476893974;336:2641.9455968939737;2969:2643.0719219420275
0,8,default_vehtype,boarding,True,2643.0719219420275,2673.0719219420275,2969;-1;-1,2969;-1;-1,0.0,0.8984725961680173,0.8984725961680173,0.0,,0,80,1,80,,,
0,10,default_vehtype,boarding,True,2618.4676127713715,2648.4676127713715,2986;-1;-1,2986;-1;-1,0.0,0.9444069841752312,0.9444069841752312,0.0,,0,84,1,84,,,
0,11,default_vehtype,route,False,2483.7445272313585,2643.736223268012,2991;-1;-1,2989;-1;-1,1678.2737610311506,0.8895109256500758,0.8893430982739728,0.0,,0,78,1,,,2991;3010;5631;1068;2867;2760;542;1074;1071;1070;1069;1067;1504;4396;710;2281;4664;6260;3300;1832;708;6180;2405;6169;2744;2567;2576;3077;3241;88;2758;2742;2448;2353;6140;7386;3742;7100;6318;737;6639;2446;2301;1992;1990;1988;1985;3729;5498;5496;5699;5494;5695;3307;3987;6878;2989,2991:2483.7445272313585;3010:2487.7917961619855;5631:2493.6412201619855;1068:2496.1936201619856;2867:2497.0679161619855;2760:2503.6064521619855;542:2511.1345561619855;1074:2512.0679641619854;1071:2513.0704921619854;1070:2527.5337801619853;1069:2528.2720681619853;1067:2530.9341241619854;1504:2535.3879001619853;4396:2535.614196161985;710:2536.164852161985;2281:2537.170548161985;4664:2541.0485401619853;6260:2541.4944361619855;3300:2542.0935481619854;1832:2544.8837641619853;708:2545.4228281619853;6180:2545.8462601619854;2405:2548.0686601619855;6169:2551.5457801619855;2744:2556.1463401619853;2567:2557.9893001619853;2576:2566.477860161985;3077:2568.610500161985;3241:2571.739380161985;88:2573.666220161985;2758:2575.629660161985;2742:2576.0361001619854;2448:2579.2217401619855;2353:2585.4226201619854;6140:2590.5936601619856;7386:2591.9361001619855;3742:2599.5951001619856;7100:2600.1347401619855;6318:2600.6128201619854;737:2601.5285401619853;6639:2603.3777401619855;2446:2604.9490201619856;2301:2607.2460601619855;1992:2608.2711001619855;1990:2609.9680201619854;1988:2612.4220201619855;1985:2615.9437801619856;3729:2618.2912201619856;5498:2619.6886201619855;5496:2622.5958601619855;5699:2623.2933001619854;5494:2624.3970601619853;5695:2625.1597801619855;3307:2635.8982201619856;3987:2642.7253801619854;6878:2643.3287401619855;2989:2643.736223268012
0,11,default_vehtype,boarding,True,2643.736223268012,2673.736223268012,2989;-1;-1,2989;-1;-1,0.0,0.8893430982739728,0.8893430982739728,0.0,,0,78,1,,78,,
0,0,default_vehtype,route,False,2693.2370619400035,2711.6001946332303,2976;-1;-1,2984;-1;-1,153.0261057768949,0.6899334908406977,0.68991818823012,0.0,,0,,0,,,2976;7557;2806;4344;2996;2984,2976:2693.2370619400035;7557:2698.2274153106637;2806:2706.0612553106635;4344:2707.2642553106634;2996:2709.3077353106632;2984:2711.6001946332303
0,0,default_vehtype,boarding,True,2711.6001946332303,2741.6001946332303,2984;-1;-1,2984;-1;-1,0.0,0.68991818823012,0.68991818823012,0.0,,0,86,1,86,,,
0,3,default_vehtype,route,False,2552.9776149816157,2746.2928700695434,2993;-1;-1,2989;-1;-1,2141.100970076626,0.7630387905042051,0.7628246804071974,0.0,,0,79,1,,,2993;4483;7446;1960;816;6786;5444;1716;2720;4210;1711;98;2497;7434;2760;542;1074;1071;1070;1069;1067;1504;4396;710;2281;4664;6260;3300;1832;708;6180;2405;6169;2744;2567;2576;3077;3241;88;2758;2742;2448;2353;6140;7386;3742;7100;6318;737;6639;2446;2301;1992;1990;1988;1985;3729;5498;5496;5699;5494;5695;3307;3987;6878;2989,2993:2552.9776149816157;4483:2553.739034963517;7446:2556.405770963517;1960:2557.3900109635174;816:2564.9219309635173;6786:2566.188914963517;5444:2576.725322963517;1716:2579.515682963517;2720:2580.262322963517;4210:2581.160594963517;1711:2582.290274963517;98:2590.906082963517;2497:2592.416714963517;7434:2599.624562963517;2760:2606.163098963517;542:2613.691202963517;1074:2614.6246109635167;1071:2615.6271389635167;1070:2630.0904269635166;1069:2630.8287149635166;1067:2633.4907709635168;1504:2637.9445469635166;4396:2638.1708429635164;710:2638.7214989635163;2281:2639.7271949635165;4664:2643.6051869635166;6260:2644.051082963517;3300:2644.6501949635167;1832:2647.4404109635166;708:2647.9794749635166;6180:2648.4029069635167;2405:2650.625306963517;6169:2654.102426963517;2744:2658.7029869635167;2567:2660.5459469635166;2576:2669.0345069635164;3077:2671.167146963516;3241:2674.2960269635164;88:2676.2228669635165;2758:2678.1863069635165;2742:2678.5927469635167;2448:2681.778386963517;2353:2687.9792669635167;6140:2693.150306963517;7386:2694.4927469635168;3742:2702.151746963517;7100:2702.691386963517;6318:2703.1694669635167;737:2704.0851869635167;6639:2705.9343869635168;2446:2707.505666963517;2301:2709.802706963517;1992:2710.827746963517;1990:2712.5246669635167;1988:2714.978666963517;1985:2718.500426963517;3729:2720.847866963517;5498:2722.2452669635168;5496:2725.1525069635168;5699:2725.8499469635167;5494:2726.9537069635167;5695:2727.716426963517;3307:2738.454866963517;3987:2745.2820269635167;6878:2745.885386963517;2989:2746.2928700695434
0,5,default_vehtype,boarding,True,2696.706690732452,2726.706690732452,2976;-1;-1,2976;-1;-1,0.0,0.9336376329512185,0.9336376329512185,0.0,,0,83;85,2,85,,,
0,6,default_vehtype,boarding,True,2700.0,2730.0,2966;-1;-1,2966;-1;-1,0.0,0.5420693152396046,0.5420693152396046,0.0,,0,88,1,88,,,
0,0,default_vehtype,route,False,2741.6001946332303,2786.509084675828,2984;-1;-1,2985;-1;-1,386.725802383677,0.68991818823012,0.6898795156498816,0.0,,0,86,1,,,2984;3012;7321;2804;3061;1173;3425;4304;793;118;3979;2985,2984:2741.6001946332303;3012:2744.0928553106633;7321:2748.103495310663;2804:2751.430255310663;3061:2758.098295310663;1173:2763.696655310663;3425:2764.879615310663;4304:2766.2819353106634;793:2778.3974953106635;118:2784.2617753106633;3979:2786.112319310663;2985:2786.509084675828
0,0,default_vehtype,boarding,True,2786.509084675828,2816.509084675828,2985;-1;-1,2985;-1;-1,0.0,0.6898795156498816,0.6898795156498816,0.0,,0,86,1,,86,,
0,1,default_vehtype,route,False,2760.0,2806.3266314256784,2977;-1;-1,2984;-1;-1,386.0552618806575,0.8559519022296292,0.8559132967034412,0.0,,0,,0,,,2977;6202;7315;7530;2803;7558;2806;4344;2996;2984,2977:2760;6202:2763.893092103112;7315:2770.788412103112;7530:2778.003892103112;2803:2785.558852103112;7558:2792.953852103112;2806:2800.7876921031116;4344:2801.9906921031115;2996:2804.0341721031114;2984:2806.3266314256784
0,3,default_vehtype,boarding,True,2746.2928700695434,2776.2928700695434,2989;-1;-1,2989;-1;-1,0.0,0.7628246804071974,0.7628246804071974,0.0,,0,79,1,,79,,
0,7,default_vehtype,route,False,2450.1449779593695,2794.855419940605,2980;-1;-1,2972;-1;-1,2999.8842262698054,0.7709976713983138,0.7706976829756867,0.0,,0,74,1,,,2980;914;2135;1730;2664;2579;2961;2407;2581;370;361;2874;1887;4059;910;6541;3462;3648;2851;2850;1801;1560;5242;4277;5239;6501;3911;5389;7301;3914;5398;5400;4040;4041;5374;5418;5424;5403;6546;1200;7312;3767;4527;3089;3131;5447;7352;414;122;3426;4305;793;118;3979;4275;103;6480;7360;3154;6028;5745;6035;5743;6038;6041;7365;6050;6068;6077;3629;4502;6912;2108;7370;7608;5900;3459;4818;5992;6047;5708;3884;3030;3347;7376;2207;3446;3720;5332;251;2711;3358;2296;5681;2294;2035;6308;374;7114;3246;5330;661;445;2972,2980:2450.1449779593695;914:2466.027148695027;2135:2473.978005837884;1730:2489.434348695027;2664:2491.256462980741;2579:2496.132405837884;2961:2512.903262980741;2407:2518.152062980741;2581:2526.6393201235983;370:2528.2221681235983;361:2530.7192721235983;2874:2531.3052801235985;1887:2536.9606641235987;4059:2538.8799681235987;910:2543.3961681235987;6541:2544.0602961235986;3462:2546.2739361235986;3648:2546.6036961235986;2851:2551.2779361235985;2850:2552.2112961235985;1801:2555.5069761235986;1560:2560.2474561235986;5242:2561.9300961235986;4277:2563.5181761235986;5239:2569.0228161235987;6501:2574.9853761235986;3911:2584.3402161235986;5389:2585.406056123599;7301:2585.659976123599;3914:2586.843656123599;5398:2588.020496123599;5400:2589.347096123599;4040:2598.651896123599;4041:2601.596216123599;5374:2605.848776123599;5418:2606.886056123599;5424:2607.0293361235986;5403:2608.1346561235987;6546:2612.361536123599;1200:2616.970616123599;7312:2618.464376123599;3767:2620.470776123599;4527:2623.267616123599;3089:2631.677216123599;3131:2632.157456123599;5447:2634.545096123599;7352:2635.856456123599;414:2638.326176123599;122:2650.680536123599;3426:2651.934056123599;4305:2653.336376123599;793:2665.4519361235994;118:2671.316216123599;3979:2673.166760123599;4275:2673.758096123599;103:2674.901024123599;6480:2688.222752123599;7360:2693.724632123599;3154:2694.816440123599;6028:2695.777568123599;5745:2697.2691921235987;6035:2699.192600123599;5743:2700.5620401235988;6038:2702.577464123599;6041:2703.853736123599;7365:2710.516904123599;6050:2712.790448123599;6068:2717.0167761235994;6077:2717.6624721235994;3629:2719.2197601235994;4502:2719.6826481235994;6912:2724.8310801235993;2108:2726.7274881235994;7370:2733.2542161235992;7608:2733.4836081235994;5900:2736.9553041235995;3459:2737.7108721235995;4818:2738.3257521235996;5992:2738.8025361235996;6047:2742.9910641235997;5708:2744.3853441235997;3884:2746.9249281236;3030:2747.4229521235998;3347:2749.4471601235996;7376:2749.8825441235995;2207:2750.2914321235994;3446:2753.1148401235996;3720:2756.1445281235997;5332:2757.1359681235995;251:2757.8835441235997;2711:2759.0213601235996;3358:2761.2363681235997;2296:2769.5373681235997;5681:2771.9313681235994;2294:2773.2628538378854;2035:2774.5943395521713;6308:2776.988339552171;374:2785.289339552171;7114:2787.504347552171;3246:2788.642163552171;5330:2789.3897395521712;661:2790.381179552171;445:2793.410867552171;2972:2794.855419940605
0,9,default_vehtype,route,False,2700.0,2813.754463589132,2989;-1;-1,2970;-1;-1,875.195006099902,0.9617635627770754,0.9616760432764654,0.0,,0,,0,,,2989;3808;7388;2045;2835;2641;7396;2616;486;2838;3722;3732;544;7400;5449;6824;4848;1631;1593;6821;1946;7401;3560;2970,2989:2700;3808:2700.6605168939736;7388:2704.724916893974;2045:2719.2631568939737;2835:2721.6282368939737;2641:2730.839316893974;7396:2731.433676893974;2616:2736.795276893974;486:2737.707036893974;2838:2744.031756893974;3722:2747.550996893974;3732:2770.000716893974;544:2772.690276893974;7400:2773.765836893974;5449:2774.964876893974;6824:2779.218156893974;4848:2786.698476893974;1631:2792.3926483225455;1593:2798.0868197511168;6821:2805.567139751117;1946:2809.820419751117;7401:2811.0194597511168;3560:2812.095019751117;2970:2813.754463589132
0,10,default_vehtype,route,False,2648.4676127713715,2792.393342120816,2986;-1;-1,2971;-1;-1,1571.4022146764876,0.9444069841752312,0.9442498439537635,0.0,,0,84,1,,,2986;3155;6029;5745;6035;5743;6038;6041;7365;6050;6068;6077;3629;4502;6912;2108;7370;7608;5900;3459;4818;5992;6047;5708;3884;3030;3347;7376;2207;3446;3720;5332;251;2711;3358;2296;5495;5696;3307;3987;2396;886;808;1372;807;1375;108;1376;1380;373;2390;7391;5704;7389;2971,2986:2648.4676127713715;3155:2649.0114893889736;6029:2649.9726173889735;5745:2651.4642413889733;6035:2653.3876493889734;5743:2654.7570893889733;6038:2656.7725133889735;6041:2658.0487853889736;7365:2664.7119533889736;6050:2666.9854973889737;6068:2671.211825388974;6077:2671.857521388974;3629:2673.414809388974;4502:2673.877697388974;6912:2679.026129388974;2108:2680.922537388974;7370:2687.449265388974;7608:2687.678657388974;5900:2691.150353388974;3459:2691.905921388974;4818:2692.520801388974;5992:2692.997585388974;6047:2697.1861133889743;5708:2698.5803933889742;3884:2701.1199773889743;3030:2701.6180013889743;3347:2703.642209388974;7376:2704.077593388974;2207:2704.486481388974;3446:2707.309889388974;3720:2710.3395773889742;5332:2711.331017388974;251:2712.0785933889742;2711:2713.216409388974;3358:2715.4314173889743;2296:2723.732417388974;5495:2723.9492573889743;5696:2724.7119773889744;3307:2735.4504173889745;3987:2742.2775773889744;2396:2743.5835373889745;886:2749.2211373889745;808:2749.6873373889744;1372:2750.5502573889744;807:2751.6541373889745;1375:2753.3383373889747;108:2755.478777388975;1376:2757.279017388975;1380:2759.2956173889747;373:2768.856617388975;2390:2771.4013373889748;7391:2772.8019773889746;5704:2775.1670573889746;7389:2789.7052973889745;2971:2792.393342120816
0,0,default_vehtype,route,False,2816.509084675828,2854.2414792629106,2985;-1;-1,2974;-1;-1,422.96189307455245,0.6898795156498816,0.6898372194605742,0.0,,0,,0,,,2985;1140;103;6480;7360;3154;6028;2181;2180;146;2828;2974,2985:2816.509084675828;1140:2816.703655310663;103:2817.8465833106634;6480:2831.1683113106633;7360:2836.670191310663;3154:2837.761999310663;6028:2838.723127310663;2181:2842.9551844535204;2180:2847.1872415963776;146:2848.1483695963775;2828:2849.2401775963776;2974:2854.2414792629106
0,1,default_vehtype,boarding,True,2806.3266314256784,2836.3266314256784,2984;-1;-1,2984;-1;-1,0.0,0.8559132967034412,0.8559132967034412,0.0,,0,90,1,90,,,
0,7,default_vehtype,boarding,True,2794.855419940605,2824.855419940605,2972;-1;-1,2972;-1;-1,0.0,0.7706976829756867,0.7706976829756867,0.0,,0,74,1,,74,,
0,8,default_vehtype,route,False,2673.0719219420275,2828.1570341583165,2969;-1;-1,2980;-1;-1,1780.8795979021434,0.8984725961680173,0.8982945082082272,0.0,,0,80,1,,,2969;7192;1664;337;1075;5648;5759;205;5793;1407;5826;7411;4686;5074;5295;5274;7181;604;603;602;3851;4573;1400;971;598;1368;591;585;940;1370;939;1903;983;3921;840;2881;5099;1157;2058;2092;915;2980,2969:2673.0719219420275;7192:2676.675564893974;1664:2679.929460893974;337:2687.689692893974;1075:2688.713532893974;5648:2689.514316893974;5759:2695.072644893974;205:2700.216900893974;5793:2704.338252893974;1407:2705.958396893974;5826:2708.238708893974;7411:2711.137356893974;4686:2712.208068893974;5074:2719.148580893974;5295:2719.378836893974;5274:2722.757652893974;7181:2727.266940893974;604:2730.845340893974;603:2731.908924893974;602:2732.762052893974;3851:2733.7654448939743;4573:2738.0717648939744;1400:2739.8044448939745;971:2743.6028768939746;598:2744.6701328939744;1368:2745.6304688939745;591:2751.5014208939747;585:2764.672668893975;940:2771.2525328939746;1370:2778.2791568939747;939:2778.9758288939747;1903:2779.7974208939745;983:2780.7799328939745;3921:2784.5780768939744;840:2789.1389168939745;2881:2795.7695408939744;5099:2796.9224048939745;1157:2801.6615477511173;2058:2807.451376322546;2092:2810.8405191796887;915:2815.95869060826;2980:2828.1570341583165
0,8,default_vehtype,boarding,True,2828.1570341583165,2858.1570341583165,2980;-1;-1,2980;-1;-1,0.0,0.8982945082082272,0.8982945082082272,0.0,,0,80,1,,80,,
0,9,default_vehtype,boarding,True,2813.754463589132,2843.754463589132,2970;-1;-1,2970;-1;-1,0.0,0.9616760432764654,0.9616760432764654,0.0,,0,87,1,87,,,
0,10,default_vehtype,boarding,True,2792.393342120816,2822.393342120816,2971;-1;-1,2971;-1;-1,0.0,0.9442498439537635,0.9442498439537635,0.0,,0,84,1,,84,,
0,0,default_vehtype,boarding,True,2854.2414792629106,2884.2414792629106,2974;-1;-1,2974;-1;-1,0.0,0.6898372194605742,0.6898372194605742,0.0,,0,89,1,89,,,
0,4,default_vehtype,route,False,2658.7784119227354,2926.1082067912403,2982;-1;-1,2968;-1;-1,3256.6257768101996,0.8214394461394493,0.8211137835617683,0.0,,0,82,1,,,2982;2809;4365;7288;1182;1001;6296;1434;3820;3877;2787;4993;6537;7281;2307;3549;6384;4032;1804;4811;5237;608;459;2416;4011;5246;363;366;2314;2877;1748;2880;906;984;2268;1857;1806;1371;938;5442;4054;2205;1369;2047;3631;4079;4572;4577;778;3636;3639;3642;7178;5275;5297;5072;1464;2847;5825;4587;5794;3202;2065;2023;4203;537;18;5629;1068;2559;6740;1717;2067;2720;4210;1711;2968,2982:2658.7784119227354;2809:2664.4793792681603;4365:2672.06049926816;7288:2673.18369926816;1182:2674.1006192681602;1001:2679.3917792681605;6296:2681.7510992681605;1434:2687.7101792681606;3820:2692.8188192681605;3877:2694.7266992681607;2787:2703.5192192681607;4993:2704.5682592681605;6537:2710.3680992681607;7281:2716.203219268161;2307:2719.721979268161;3549:2725.359219268161;6384:2725.621059268161;4032:2728.842699268161;1804:2729.758611268161;4811:2731.441251268161;5237:2736.181731268161;608:2745.047811268161;459:2745.377571268161;2416:2747.591211268161;4011:2748.2553392681607;5246:2754.180507268161;363:2761.089195268161;366:2762.494275268161;2314:2763.6391472681607;2877:2776.8102512681608;1748:2777.9287712681607;2880:2779.0905632681606;906:2791.3158752681607;984:2794.0855712681605;2268:2794.8334352681604;1857:2795.2193552681606;1806:2795.8815392681604;1371:2796.5517152681605;938:2799.1328432681603;5442:2808.8534912681603;4054:2816.49348326816;2205:2822.2459232681604;1369:2828.6920832681603;2047:2829.6351392681604;3631:2831.1979712681605;4079:2832.2652272681603;4572:2836.0636592681603;4577:2837.7963392681604;778:2842.1026592681606;3636:2843.1060512681606;3639:2843.959179268161;3642:2845.022763268161;7178:2848.6011632681607;5275:2853.110451268161;5297:2856.489267268161;5072:2856.7195232681606;1464:2863.6600352681608;2847:2864.730747268161;5825:2867.629395268161;4587:2869.9097072681607;5794:2871.5298512681607;3202:2875.6512032681608;2065:2880.795459268161;2023:2886.353787268161;4203:2887.154571268161;537:2888.108571268161;18:2893.976139268161;5629:2899.825563268161;1068:2902.3779632681612;2559:2909.4285632681613;6740:2913.8991872681613;1717:2919.7329152681614;2067:2920.4706992681613;2720:2921.234115268161;4210:2922.132387268161;1711:2923.262067268161;2968:2926.1082067912403
0,11,default_vehtype,route,False,2760.0,2918.577325359029,2989;-1;-1,2992;-1;-1,1611.3673139088714,0.8893430982739728,0.8891819615425819,0.0,,0,,0,,,2989;3808;7388;2045;2835;2641;7396;2616;486;2838;3722;3732;544;7400;5449;6824;4848;3271;4846;4989;5000;337;1075;537;18;5629;1068;2559;6740;1717;2067;2063;1937;2992,2989:2760;3808:2760.6605168939736;7388:2764.724916893974;2045:2779.2631568939737;2835:2781.6282368939737;2641:2790.839316893974;7396:2791.433676893974;2616:2796.795276893974;486:2797.707036893974;2838:2804.031756893974;3722:2807.550996893974;3732:2830.000716893974;544:2832.690276893974;7400:2833.765836893974;5449:2834.964876893974;6824:2839.218156893974;4848:2846.698476893974;3271:2852.2515968939742;4846:2854.124676893974;4989:2866.397196893974;5000:2871.156756893974;337:2878.916988893974;1075:2879.940828893974;537:2880.894828893974;18:2886.7623968939743;5629:2892.6118208939743;1068:2895.1642208939743;2559:2902.2148208939743;6740:2906.6854448939744;1717:2912.5191728939744;2067:2913.2569568939743;2063:2913.9732128939745;1937:2917.2431648939746;2992:2918.577325359029
0,1,default_vehtype,route,False,2836.3266314256784,2956.953668792448,2984;-1;-1,2973;-1;-1,1438.3667374416136,0.8559132967034412,0.855769460029697,0.0,,0,90,1,,,2984;3012;7321;2804;3061;1173;3425;4304;793;118;3979;4275;103;6480;7360;3154;6028;5745;6035;5743;6038;6041;7365;6050;6068;6077;3629;4502;6912;2108;7370;1420;1084;2973,2984:2836.3266314256784;3012:2838.8192921031114;7321:2842.8299321031113;2804:2846.1566921031113;3061:2852.8247321031113;1173:2858.4230921031112;3425:2859.6060521031113;4304:2861.0083721031115;793:2873.1239321031117;118:2878.9882121031114;3979:2880.8387561031113;4275:2881.4300921031113;103:2882.5730201031115;6480:2895.8947481031114;7360:2901.396628103111;3154:2902.4884361031113;6028:2903.4495641031112;5745:2904.941188103111;6035:2906.864596103111;5743:2908.234036103111;6038:2910.2494601031112;6041:2911.5257321031113;7365:2918.1889001031113;6050:2920.4624441031115;6068:2924.6887721031117;6077:2925.3344681031117;3629:2926.8917561031117;4502:2927.3546441031117;6912:2932.5030761031117;2108:2934.3994841031117;7370:2940.9262121031115;1420:2952.6313241031116;1084:2956.1663081031115;2973:2956.953668792448
0,1,default_vehtype,boarding,True,2956.953668792448,2986.953668792448,2973;-1;-1,2973;-1;-1,0.0,0.855769460029697,0.855769460029697,0.0,,0,90,1,,90,,
0,3,default_vehtype,boarding,True,2940.0,2970.0,2989;-1;-1,2989;-1;-1,0.0,0.7628246804071974,0.7628246804071974,0.0,,0,94,1,94,,,
0,4,default_vehtype,boarding,True,2926.1082067912403,2956.1082067912403,2968;-1;-1,2968;-1;-1,0.0,0.8211137835617683,0.8211137835617683,0.0,,0,82,1,,82,,
0,6,default_vehtype,route,False,2730.0,2997.0951493096577,2966;-1;-1,2978;-1;-1,2602.981249217213,0.5420693152396046,0.5418090171146829,0.0,,0,88,1,,,2966;2743;2631;2150;735;738;1096;3736;81;831;2413;1146;832;1880;1340;3638;602;3851;4573;1400;971;598;1368;591;585;940;1370;939;1903;983;3921;840;2881;5099;2878;1735;2581;370;361;2874;1887;4059;910;6541;3462;3648;2851;2850;1801;1560;5242;4277;5239;6501;3911;5389;7301;918;3075;7097;7290;2736;1744;1164;2789;1182;2978,2966:2730;2743:2737.8438282903994;2631:2741.855256861828;2150:2758.7855425761136;735:2769.267714004685;738:2775.435542576113;1096:2784.974514004685;3736:2785.2375300046847;81:2789.0864340046846;831:2799.9330180046845;2413:2800.9207140046847;1146:2801.7340980046847;832:2802.5425140046846;1880:2805.1402020046844;1340:2816.6730180046843;3638:2817.6594900046844;602:2818.5126180046846;3851:2819.5160100046846;4573:2823.8223300046848;1400:2825.555010004685;971:2829.353442004685;598:2830.4206980046847;1368:2831.381034004685;591:2837.251986004685;585:2850.423234004685;940:2857.003098004685;1370:2864.029722004685;939:2864.726394004685;1903:2865.547986004685;983:2866.530498004685;3921:2870.3286420046848;840:2874.889482004685;2881:2881.5201060046847;5099:2882.672970004685;2878:2883.800994004685;1735:2894.785314004685;2581:2896.124730004685;370:2897.707578004685;361:2900.204682004685;2874:2900.790690004685;1887:2906.446074004685;4059:2908.365378004685;910:2912.8815780046853;6541:2913.545706004685;3462:2915.759346004685;3648:2916.089106004685;2851:2920.763346004685;2850:2921.696706004685;1801:2924.992386004685;1560:2929.732866004685;5242:2931.415506004685;4277:2933.003586004685;5239:2938.508226004685;6501:2944.470786004685;3911:2953.825626004685;5389:2954.8914660046853;7301:2955.1453860046854;918:2956.2875460046853;3075:2964.1605060046854;7097:2965.0098660046856;7290:2970.8119860046854;2736:2979.5304660046854;1744:2980.985706004685;1164:2992.0942260046854;2789:2993.5060260046853;1182:2994.4229460046854;2978:2997.0951493096577
0,8,default_vehtype,route,False,2858.1570341583165,2976.6056654684007,2980;-1;-1,2981;-1;-1,632.2576748681246,0.8982945082082272,0.8982312824407405,0.0,,0,,0,,,2980;914;2135;1730;2664;2579;2961;2407;2581;370;361;2874;1887;4059;910;6541;3462;3648;2851;2850;1801;1560;5242;922;6385;3550;2981,2980:2858.1570341583165;914:2874.039204893974;2135:2881.990062036831;1730:2897.446404893974;2664:2899.268519179688;2579:2904.144462036831;2961:2920.915319179688;2407:2926.164119179688;2581:2934.6513763225453;370:2936.2342243225453;361:2938.7313283225453;2874:2939.3173363225455;1887:2944.9727203225457;4059:2946.8920243225457;910:2951.4082243225457;6541:2952.0723523225456;3462:2954.2859923225456;3648:2954.6157523225456;2851:2959.2899923225455;2850:2960.2233523225455;1801:2963.5190323225456;1560:2968.2595123225456;5242:2969.9421523225456;922:2970.8580643225455;6385:2974.0797043225457;3550:2974.341544322546;2981:2976.6056654684007
0,9,default_vehtype,route,False,2843.754463589132,2952.208380139552,2970;-1;-1,2972;-1;-1,956.9275289670156,0.9616760432764654,0.9615803505235686,0.0,,0,87,1,,,2970;671;662;7398;3491;6933;7394;6989;7392;5704;7389;3806;2573;885;316;2042;1982;6306;374;7114;3246;5330;661;445;2972,2970:2843.754463589132;671:2844.7845797511172;662:2867.2342997511173;7398:2870.7535397511174;3491:2877.0782597511175;6933:2877.9900197511174;7394:2883.3516197511176;6989:2883.9459797511176;7392:2893.1570597511177;5704:2895.5221397511177;7389:2910.0603797511176;3806:2914.124779751118;2573:2915.192779751118;885:2915.796139751118;316:2922.623299751118;2042:2933.361739751118;1982:2934.124459751118;6306:2934.341299751118;374:2942.642299751118;7114:2944.8573077511182;3246:2945.995123751118;5330:2946.7426997511184;661:2947.734139751118;445:2950.7638277511182;2972:2952.208380139552
0,9,default_vehtype,boarding,True,2952.208380139552,2982.208380139552,2972;-1;-1,2972;-1;-1,0.0,0.9615803505235686,0.9615803505235686,0.0,,0,87,1,,87,,
0,11,default_vehtype,boarding,True,2918.577325359029,2948.577325359029,2992;-1;-1,2992;-1;-1,0.0,0.8891819615425819,0.8891819615425819,0.0,,0,92,1,92,,,
0,3,default_vehtype,route,False,2970.0,3046.352440772891,2989;-1;-1,2990;-1;-1,636.2703397740854,0.7628246804071974,0.76276105337322,0.0,,0,94,1,,,2989;3808;7388;2045;2835;2641;7396;2616;486;2838;3722;3732;544;7400;5449;2990,2989:2970;3808:2970.6605168939736;7388:2974.724916893974;2045:2989.2631568939737;2835:2991.6282368939737;2641:3000.839316893974;7396:3001.433676893974;2616:3006.795276893974;486:3007.707036893974;2838:3014.031756893974;3722:3017.550996893974;3732:3040.000716893974;544:3042.690276893974;7400:3043.765836893974;5449:3044.964876893974;2990:3046.352440772891
0,5,default_vehtype,route,False,2726.706690732452,3010.3238481212115,2976;-1;-1,2993;-1;-1,2938.8970005624305,0.9336376329512185,0.9333437432511623,0.0,,0,83;85,2,,,2976;7557;2806;4344;2996;3013;7322;2804;3061;1173;3425;3125;3406;2825;1944;130;99;4526;714;2800;4332;799;3653;3825;7127;1836;4248;5046;7138;6879;1367;3637;3640;3643;7179;5275;5297;5072;1464;2847;5825;4587;5794;3202;2065;2023;4203;537;18;5629;1068;2559;6740;1717;2067;2063;1937;6789;3895;5465;7450;2993,2976:2726.706690732452;7557:2731.697044103112;2806:2739.530884103112;4344:2740.733884103112;2996:2742.7773641031117;3013:2747.5624841031117;7322:2751.5731241031117;2804:2754.8998841031116;3061:2761.5679241031116;1173:2767.1662841031116;3425:2768.3492441031117;3125:2769.602764103112;3406:2781.9571241031117;2825:2784.4268441031118;1944:2785.738204103112;130:2788.125844103112;99:2788.6060841031117;4526:2797.0156841031117;714:2799.8125241031116;2800:2801.818924103112;4332:2802.6345641031116;799:2803.8154841031114;3653:2808.4117241031113;3825:2809.660324103111;7127:2853.2204441031113;1836:2854.5714041031115;4248:2869.1166041031115;5046:2885.4571241031117;7138:2887.095724103112;6879:2893.362124103112;1367:2904.8550041031117;3637:2906.748124103112;3640:2907.601252103112;3643:2908.664836103112;7179:2912.243236103112;5275:2916.752524103112;5297:2920.131340103112;5072:2920.361596103112;1464:2927.302108103112;2847:2928.372820103112;5825:2931.271468103112;4587:2933.551780103112;5794:2935.171924103112;3202:2939.293276103112;2065:2944.437532103112;2023:2949.995860103112;4203:2950.796644103112;537:2951.7506441031123;18:2957.6182121031125;5629:2963.4676361031125;1068:2966.0200361031125;2559:2973.0706361031125;6740:2977.5412601031126;1717:2983.3749881031126;2067:2984.1127721031125;2063:2984.8290281031127;1937:2988.098980103113;6789:2998.6353881031127;3895:2999.9023721031126;5465:3007.4342921031125;7450:3008.4185321031127;2993:3010.3238481212115
0,5,default_vehtype,boarding,True,3010.3238481212115,3040.3238481212115,2993;-1;-1,2993;-1;-1,0.0,0.9333437432511623,0.9333437432511623,0.0,,0,83;85,2,,83;85,,
0,6,default_vehtype,boarding,True,2997.0951493096577,3027.0951493096577,2978;-1;-1,2978;-1;-1,0.0,0.5418090171146829,0.5418090171146829,0.0,,0,88,1,,88,,
0,8,default_vehtype,boarding,True,2976.6056654684007,3006.6056654684007,2981;-1;-1,2981;-1;-1,0.0,0.8982312824407405,0.8982312824407405,0.0,,0,91,1,91,,,
0,0,default_vehtype,route,False,2884.2414792629106,3078.7014946444324,2974;-1;-1,2969;-1;-1,2235.6408802989004,0.6898372194605742,0.6896136553725444,0.0,,0,89,1,,,2974;6479;7359;3154;6028;5745;6035;5743;6038;6041;7365;6050;6068;6077;3629;4502;6912;2108;7370;7608;5900;3459;4818;5992;6047;5708;3884;3030;3347;7376;2207;3446;3720;5332;251;2711;3358;2296;5495;5697;5497;5500;670;5502;5512;5520;5531;6313;6632;6644;3793;6319;7102;3741;7384;6414;5446;2447;2571;42;2577;2566;3033;3036;2469;2404;2235;3762;5287;310;2280;1447;6261;3764;4397;4745;4182;4187;4191;4195;4202;336;2969,2974:2884.2414792629106;6479:2884.742057596378;7359:2890.2439375963777;3154:2891.335745596378;6028:2892.2968735963777;5745:2893.7884975963775;6035:2895.7119055963776;5743:2897.0813455963776;6038:2899.0967695963777;6041:2900.373041596378;7365:2907.036209596378;6050:2909.309753596378;6068:2913.536081596378;6077:2914.181777596378;3629:2915.739065596378;4502:2916.201953596378;6912:2921.350385596378;2108:2923.246793596378;7370:2929.773521596378;7608:2930.002913596378;5900:2933.4746095963783;3459:2934.2301775963783;4818:2934.8450575963784;5992:2935.3218415963784;6047:2939.5103695963785;5708:2940.9046495963785;3884:2943.4442335963786;3030:2943.9422575963786;3347:2945.9664655963784;7376:2946.4018495963783;2207:2946.810737596378;3446:2949.6341455963784;3720:2952.6638335963785;5332:2953.6552735963783;251:2954.4028495963785;2711:2955.5406655963784;3358:2957.7556735963785;2296:2966.0566735963785;5495:2966.2735135963785;5697:2967.3772735963785;5497:2968.0747135963784;5500:2970.9819535963784;670:2972.379353596378;5502:2974.7267935963782;5512:2978.2485535963783;5520:2980.7025535963785;5531:2982.3994735963784;6313:2983.4245135963783;6632:2985.7215535963783;6644:2987.2928335963784;3793:2989.1420335963785;6319:2990.0577535963785;7102:2990.5358335963783;3741:2991.0754735963783;7384:2998.7344735963784;6414:3003.9416335963783;5446:3006.2093935963785;2447:3010.1455135963784;2571:3017.7344335963785;42:3022.4024335963786;2577:3023.074913596379;2566:3031.6739935963788;3033:3032.3049535963787;3036:3034.574513596379;2469:3038.166833596379;2404:3041.490353596379;2235:3042.773753596379;3762:3043.197185596379;5287:3043.736249596379;310:3046.526465596379;2280:3047.1255775963787;1447:3047.571473596379;6261:3051.449465596379;3764:3052.455161596379;4397:3053.005817596379;4745:3053.232113596379;4182:3057.6858895963787;4187:3060.347945596379;4191:3061.086233596379;4195:3075.549521596379;4202:3076.5520495963788;336:3077.5751695963786;2969:3078.7014946444324
0,0,default_vehtype,boarding,True,3078.7014946444324,3108.7014946444324,2969;-1;-1,2969;-1;-1,0.0,0.6896136553725444,0.6896136553725444,0.0,,0,89,1,,89,,
0,1,default_vehtype,route,False,3000.0,3113.2370619400035,2973;-1;-1,2976;-1;-1,1289.1591567814912,0.855769460029697,0.8556405441140189,0.0,,0,,0,,,2973;7354;3525;6025;3063;6027;7362;2188;2186;5744;6033;5746;6031;146;2828;2376;3091;4274;880;3109;3874;4306;429;4313;68;7318;7325;3011;4;4345;7330;2976,2973:3000;7354:3003.7971673106636;3525:3014.6760073106634;6025:3016.4174713106636;3063:3017.682151310664;6027:3018.984127310664;7362:3022.992367310664;2188:3029.655535310664;2186:3030.931807310664;5744:3032.9472313106644;6033:3034.3166713106643;5746:3036.2400793106644;6031:3037.731703310664;146:3038.692831310664;2828:3039.7846393106643;2376:3045.286519310664;3091:3058.608247310664;4274:3059.751175310664;880:3060.342511310664;3109:3062.193055310664;3874:3068.057335310664;4306:3080.172895310664;429:3081.575215310664;4313:3082.7581753106642;68:3088.356535310664;7318:3095.024575310664;7325:3098.351335310664;3011:3102.361975310664;4:3107.147095310664;4345:3109.190575310664;7330:3110.393575310664;2976:3113.2370619400035
0,3,default_vehtype,boarding,True,3046.352440772891,3076.352440772891,2990;-1;-1,2990;-1;-1,0.0,0.76276105337322,0.76276105337322,0.0,,0,94,1,,94,,
0,4,default_vehtype,boarding,True,3060.0,3090.0,2968;-1;-1,2968;-1;-1,0.0,0.8211137835617683,0.8211137835617683,0.0,,0,96,1,96,,,
0,6,default_vehtype,route,False,3027.0951493096577,3118.5974367587155,2978;-1;-1,2977;-1;-1,651.2122049326323,0.5418090171146829,0.5417438958941896,0.0,,0,,0,,,2978;4103;4326;7286;1218;7334;7010;820;7498;276;2915;2661;7517;6201;7314;7529;7535;2931;2929;2927;2802;2977,2978:3027.0951493096577;4103:3029.714106004685;4326:3035.0052660046854;7286:3035.9221860046855;1218:3037.0453860046855;7334:3044.6265060046853;7010:3047.533986004685;820:3049.514946004685;7498:3049.982946004685;276:3050.094546004685;2915:3061.440546004685;2661:3068.6739060046853;7517:3075.9858660046852;6201:3076.8469860046853;7314:3083.7423060046854;7529:3090.957786004685;7535:3096.017328861828;2931:3099.6687574332564;2929:3103.3201860046847;2927:3108.3797288618275;2802:3115.5952088618274;2977:3118.5974367587155
0,1,default_vehtype,boarding,True,3113.2370619400035,3143.2370619400035,2976;-1;-1,2976;-1;-1,0.0,0.8556405441140189,0.8556405441140189,0.0,,0,95,1,95,,,
0,3,default_vehtype,route,False,3120.0,3131.0530399590984,2990;-1;-1,2970;-1;-1,92.10866632581656,0.76276105337322,0.7627518425065873,0.0,,0,,0,,,2990;2552;1946;7401;3560;2970,2990:3120;2552:3122.8657161210836;1946:3127.1189961210835;7401:3128.3180361210834;3560:3129.3935961210836;2970:3131.0530399590984
0,3,default_vehtype,boarding,True,3131.0530399590984,3161.0530399590984,2970;-1;-1,2970;-1;-1,0.0,0.7627518425065873,0.7627518425065873,0.0,,0,100,1,100,,,
0,6,default_vehtype,boarding,True,3118.5974367587155,3148.5974367587155,2977;-1;-1,2977;-1;-1,0.0,0.5417438958941896,0.5417438958941896,0.0,,0,97;93,2,97;93,,,
0,8,default_vehtype,route,False,3006.6056654684007,3131.6488456877114,2981;-1;-1,2985;-1;-1,1077.497953856279,0.8982312824407405,0.8981235326453548,0.0,,0,91,1,,,2981;6320;3549;6384;4032;1804;4277;5239;6501;3911;5389;7301;3914;5398;5400;4040;4041;5374;5418;5424;5403;6546;1200;7312;3767;4527;3089;3131;5447;7352;414;122;3426;4305;793;118;3979;2985,2981:3006.6056654684007;6320:3009.978784322546;3549:3015.616024322546;6384:3015.877864322546;4032:3019.099504322546;1804:3020.015416322546;4277:3021.603496322546;5239:3027.108136322546;6501:3033.070696322546;3911:3042.425536322546;5389:3043.4913763225463;7301:3043.7452963225464;3914:3044.9289763225465;5398:3046.1058163225466;5400:3047.4324163225465;4040:3056.7372163225464;4041:3059.6815363225464;5374:3063.9340963225463;5418:3064.9713763225463;5424:3065.114656322546;5403:3066.2199763225462;6546:3070.4468563225464;1200:3075.0559363225466;7312:3076.5496963225464;3767:3078.5560963225466;4527:3081.3529363225466;3089:3089.7625363225466;3131:3090.2427763225464;5447:3092.6304163225464;7352:3093.9417763225465;414:3096.4114963225466;122:3108.7658563225464;3426:3110.0193763225466;4305:3111.4216963225467;793:3123.537256322547;118:3129.4015363225467;3979:3131.2520803225466;2985:3131.6488456877114
0,8,default_vehtype,boarding,True,3131.6488456877114,3161.6488456877114,2985;-1;-1,2985;-1;-1,0.0,0.8981235326453548,0.8981235326453548,0.0,,0,91;98,2,98,91,,
0,5,default_vehtype,route,False,3180.0,3185.8647695471273,2993;-1;-1,2967;-1;-1,81.45513259898192,0.9333437432511623,0.9333355977379024,0.0,,0,,0,,,2993;4483;7446;1960;2967,2993:3180;4483:3180.7614199819013;7446:3183.4281559819015;1960:3184.4123959819017;2967:3185.8647695471273
0,5,default_vehtype,boarding,True,3185.8647695471273,3215.8647695471273,2967;-1;-1,2967;-1;-1,0.0,0.9333355977379024,0.9333355977379024,0.0,,0,101,1,101,,,
0,5,default_vehtype,route,False,3215.8647695471273,3232.3657920000005,2967;-1;-1,2993;-1;-1,229.18086740101808,0.9333355977379024,0.9333126796511623,0.0,,0,101,1,,,2967;3896;5466;7451;2993,2967:3215.8647695471273;3896:3221.9443159819016;5466:3229.4762359819015;7451:3230.4604759819017;2993:3232.3657920000005
0,11,default_vehtype,route,False,2948.577325359029,3210.4554582591395,2992;-1;-1,2985;-1;-1,2760.4416236126444,0.8891819615425819,0.8889059173802206,0.0,,0,92,1,,,2992;2526;5444;1716;2720;4210;1711;98;2497;7434;2760;542;1074;4204;5649;5760;205;5793;1407;5826;7411;4686;5074;5295;5274;7181;604;603;1365;2574;7139;1693;1114;5299;7129;754;611;1812;1186;7311;3767;4527;3089;3131;5447;7352;414;122;3426;4305;793;118;3979;2985,2992:2948.577325359029;2526:2957.7795728939745;5444:2968.3159808939745;1716:2971.1063408939744;2720:2971.8529808939743;4210:2972.751252893974;1711:2973.880932893974;98:2982.496740893974;2497:2984.007372893974;7434:2991.215220893974;2760:2997.7537568939742;542:3005.281860893974;1074:3006.215268893974;4204:3007.196916893974;5649:3007.997700893974;5760:3013.556028893974;205:3018.700284893974;5793:3022.8216368939743;1407:3024.4417808939743;5826:3026.722092893974;7411:3029.620740893974;4686:3030.691452893974;5074:3037.6319648939743;5295:3037.862220893974;5274:3041.241036893974;7181:3045.7503248939743;604:3049.328724893974;603:3050.392308893974;1365:3052.334028893974;2574:3063.841908893974;7139:3070.108308893974;1693:3071.7469088939743;1114:3088.0874288939744;5299:3102.6326288939745;7129:3103.9835888939747;754:3147.543708893975;611:3148.7923088939747;1812:3153.3634688939746;1186:3154.5406688939747;7311:3155.3563088939745;3767:3157.3627088939747;4527:3160.1595488939747;3089:3168.5691488939747;3131:3169.0493888939745;5447:3171.4370288939745;7352:3172.7483888939746;414:3175.2181088939747;122:3187.5724688939745;3426:3188.8259888939747;4305:3190.228308893975;793:3202.343868893975;118:3208.208148893975;3979:3210.0586928939747;2985:3210.4554582591395
0,2,default_vehtype,route,False,3180.0,3257.068279147076,2971;-1;-1,2990;-1;-1,642.2356595589595,0.9147436757366922,0.9146794521707363,0.0,,0,,0,,,2971;3807;7387;2045;2835;2641;7396;2616;486;2838;3722;3732;544;7400;5449;2990,2971:3180;3807:3181.3763552681585;7387:3185.4407552681587;2045:3199.9789952681585;2835:3202.3440752681586;2641:3211.5551552681586;7396:3212.1495152681587;2616:3217.511115268159;486:3218.422875268159;2838:3224.747595268159;3722:3228.266835268159;3732:3250.716555268159;544:3253.406115268159;7400:3254.481675268159;5449:3255.680715268159;2990:3257.068279147076
0,2,default_vehtype,boarding,True,3257.068279147076,3287.068279147076,2990;-1;-1,2990;-1;-1,0.0,0.9146794521707363,0.9146794521707363,0.0,,0,102,1,102,,,
0,5,default_vehtype,boarding,True,3232.3657920000005,3262.3657920000005,2993;-1;-1,2993;-1;-1,0.0,0.9333126796511623,0.9333126796511623,0.0,,0,101,1,,101,,
0,8,default_vehtype,route,False,3161.6488456877114,3282.9407401395524,2985;-1;-1,2972;-1;-1,1503.3785975454016,0.8981235326453548,0.8979731947856002,0.0,,0,98,1,,,2985;1140;103;6480;7360;3154;6028;5745;6035;5743;6038;6041;7365;6050;6068;6077;3629;4502;6912;2108;7370;7608;5900;3459;4818;5992;6047;5708;3884;3030;3347;7376;2207;3446;3720;5332;251;2711;3358;2296;5681;2294;2035;6308;374;7114;3246;5330;661;445;2972,2985:3161.6488456877114;1140:3161.8434163225465;103:3162.9863443225468;6480:3176.3080723225466;7360:3181.8099523225465;3154:3182.9017603225466;6028:3183.8628883225465;5745:3185.3545123225463;6035:3187.2779203225464;5743:3188.6473603225463;6038:3190.6627843225465;6041:3191.9390563225465;7365:3198.6022243225466;6050:3200.8757683225467;6068:3205.102096322547;6077:3205.747792322547;3629:3207.305080322547;4502:3207.767968322547;6912:3212.916400322547;2108:3214.812808322547;7370:3221.339536322547;7608:3221.568928322547;5900:3225.040624322547;3459:3225.796192322547;4818:3226.411072322547;5992:3226.887856322547;6047:3231.0763843225473;5708:3232.4706643225472;3884:3235.0102483225473;3030:3235.5082723225473;3347:3237.532480322547;7376:3237.967864322547;2207:3238.376752322547;3446:3241.200160322547;3720:3244.2298483225472;5332:3245.221288322547;251:3245.9688643225472;2711:3247.106680322547;3358:3249.3216883225473;2296:3257.622688322547;5681:3260.016688322547;2294:3261.348174036833;2035:3262.679659751119;6308:3265.0736597511186;374:3273.3746597511185;7114:3275.5896677511187;3246:3276.7274837511186;5330:3277.475059751119;661:3278.4664997511186;445:3281.4961877511187;2972:3282.9407401395524
0,11,default_vehtype,boarding,True,3210.4554582591395,3240.4554582591395,2985;-1;-1,2985;-1;-1,0.0,0.8889059173802206,0.8889059173802206,0.0,,0,92,1,,92,,
0,3,default_vehtype,route,False,3161.0530399590984,3303.9504848104216,2970;-1;-1,2973;-1;-1,1435.3098664795507,0.7627518425065873,0.7626083115199395,0.0,,0,100,1,,,2970;671;662;7398;3491;6933;7394;6989;7392;5704;7389;3806;2573;885;316;2042;1982;6306;374;7114;3246;5330;661;445;6080;7381;364;3029;3886;5711;6045;2157;4817;456;5901;7605;2830;1420;1084;2973,2970:3161.0530399590984;671:3162.083156121084;662:3184.532876121084;7398:3188.052116121084;3491:3194.376836121084;6933:3195.288596121084;7394:3200.6501961210843;6989:3201.2445561210843;7392:3210.4556361210844;5704:3212.8207161210844;7389:3227.3589561210842;3806:3231.4233561210845;2573:3232.4913561210847;885:3233.0947161210847;316:3239.9218761210846;2042:3250.6603161210846;1982:3251.423036121085;6306:3251.639876121085;374:3259.940876121085;7114:3262.155884121085;3246:3263.293700121085;5330:3264.041276121085;661:3265.032716121085;445:3268.062404121085;6080:3270.885812121085;7381:3271.294700121085;364:3271.730084121085;3029:3273.7542921210847;3886:3274.2523161210847;5711:3276.791900121085;6045:3278.186180121085;2157:3282.374708121085;4817:3282.851492121085;456:3283.466372121085;5901:3284.221940121085;7605:3287.693636121085;2830:3287.9230281210853;1420:3299.6281401210854;1084:3303.1631241210853;2973:3303.9504848104216
0,3,default_vehtype,boarding,True,3303.9504848104216,3333.9504848104216,2973;-1;-1,2973;-1;-1,0.0,0.7626083115199395,0.7626083115199395,0.0,,0,100,1,,100,,
0,4,default_vehtype,route,False,3090.0,3342.0309015137736,2968;-1;-1,2984;-1;-1,2458.5211120897357,0.8211137835617683,0.8208679314505593,0.0,,0,96,1,,,2968;98;2497;7434;2760;542;1074;4204;5649;5760;205;5793;1407;5826;7411;4686;5074;5295;5274;7181;604;603;1365;2574;7139;1693;1114;5299;7129;754;611;1812;1186;7311;3767;4527;3089;3131;5447;7352;414;122;3426;4314;68;7318;7325;3011;4;4345;1199;1204;2996;2984,2968:3090;98:3095.7696684769207;2497:3097.2803004769207;7434:3104.4881484769207;2760:3111.0266844769208;542:3118.5547884769207;1074:3119.4881964769206;4204:3120.4698444769206;5649:3121.2706284769206;5760:3126.8289564769207;205:3131.9732124769207;5793:3136.094564476921;1407:3137.714708476921;5826:3139.9950204769207;7411:3142.8936684769205;4686:3143.9643804769207;5074:3150.904892476921;5295:3151.1351484769207;5274:3154.5139644769206;7181:3159.023252476921;604:3162.6016524769207;603:3163.6652364769207;1365:3165.6069564769205;2574:3177.1148364769206;7139:3183.3812364769205;1693:3185.019836476921;1114:3201.360356476921;5299:3215.905556476921;7129:3217.256516476921;754:3260.8166364769213;611:3262.065236476921;1812:3266.636396476921;1186:3267.8135964769212;7311:3268.629236476921;3767:3270.6356364769213;4527:3273.4324764769212;3089:3281.842076476921;3131:3282.322316476921;5447:3284.709956476921;7352:3286.021316476921;414:3288.491036476921;122:3300.845396476921;3426:3302.098916476921;4314:3303.2818764769213;68:3308.8802364769213;7318:3315.5482764769213;7325:3318.875036476921;3011:3322.885676476921;4:3327.670796476921;4345:3329.714276476921;1199:3333.704619334064;1204:3337.6949621912067;2996:3339.7384421912066;2984:3342.0309015137736
0,6,default_vehtype,route,False,3148.5974367587155,3302.5047998321197,2977;-1;-1,2987;-1;-1,1643.223308779993,0.5417438958941896,0.5415795735633115,0.0,,0,97;93,2,,,2977;6202;7315;7530;2803;7558;2806;4344;2996;3013;7322;2804;3061;1173;3425;4304;793;118;3979;4275;103;6480;7360;3154;6028;5745;6035;5743;6038;6041;7365;2179;3064;6023;3524;7356;4225;2987,2977:3148.5974367587155;6202:3152.4905288618274;7315:3159.3858488618275;7530:3166.6013288618274;2803:3174.1562888618273;7558:3181.5512888618273;2806:3189.385128861827;4344:3190.588128861827;2996:3192.631608861827;3013:3197.416728861827;7322:3201.427368861827;2804:3204.7541288618268;3061:3211.422168861827;1173:3217.0205288618267;3425:3218.203488861827;4304:3219.605808861827;793:3231.721368861827;118:3237.585648861827;3979:3239.436192861827;4275:3240.027528861827;103:3241.170456861827;6480:3254.492184861827;7360:3259.9940648618267;3154:3261.085872861827;6028:3262.0470008618267;5745:3263.5386248618265;6035:3265.4620328618266;5743:3266.8314728618266;6038:3268.8468968618267;6041:3270.123168861827;7365:3276.786336861827;2179:3280.794576861827;3064:3282.096552861827;6023:3283.3612328618274;3524:3285.1026968618276;7356:3295.9815368618274;4225:3300.5660648618273;2987:3302.5047998321197
0,6,default_vehtype,boarding,True,3302.5047998321197,3332.5047998321197,2987;-1;-1,2987;-1;-1,0.0,0.5415795735633115,0.5415795735633115,0.0,,0,97;93,2,,97,,
0,7,default_vehtype,route,False,3240.0,3303.1825665818583,2972;-1;-1,2987;-1;-1,877.535646970257,0.7706976829756867,0.7706099294109897,0.0,,0,,0,,,2972;6079;7380;364;3029;3886;5711;6045;2157;4817;456;5901;7605;2830;1420;1084;7357;2826;2827;4225;2987,2972:3240;6079:3241.378855611566;7380:3241.787743611566;364:3242.223127611566;3029:3244.2473356115656;3886:3244.7453596115656;5711:3247.2849436115657;6045:3248.6792236115657;2157:3252.867751611566;4817:3253.344535611566;456:3253.959415611566;5901:3254.714983611566;7605:3258.186679611566;2830:3258.416071611566;1420:3270.1211836115663;1084:3273.656167611566;7357:3278.240695611566;2826:3287.449999611566;2827:3296.659303611566;4225:3301.243831611566;2987:3303.1825665818583
0,7,default_vehtype,boarding,True,3303.1825665818583,3333.1825665818583,2987;-1;-1,2987;-1;-1,0.0,0.7706099294109897,0.7706099294109897,0.0,,0,104,1,104,,,
0,8,default_vehtype,boarding,True,3282.9407401395524,3312.9407401395524,2972;-1;-1,2972;-1;-1,0.0,0.8979731947856002,0.8979731947856002,0.0,,0,98,1,,98,,
0,0,default_vehtype,route,False,3240.0,3395.085112216289,2969;-1;-1,2980;-1;-1,1780.8795979021431,0.6896136553725444,0.6894355674127541,0.0,,0,,0,,,2969;7192;1664;337;1075;5648;5759;205;5793;1407;5826;7411;4686;5074;5295;5274;7181;604;603;602;3851;4573;1400;971;598;1368;591;585;940;1370;939;1903;983;3921;840;2881;5099;1157;2058;2092;915;2980,2969:3240;7192:3243.6036429519463;1664:3246.8575389519465;337:3254.6177709519466;1075:3255.6416109519464;5648:3256.4423949519464;5759:3262.0007229519465;205:3267.1449789519465;5793:3271.2663309519467;1407:3272.8864749519466;5826:3275.1667869519465;7411:3278.0654349519464;4686:3279.1361469519466;5074:3286.0766589519467;5295:3286.3069149519465;5274:3289.6857309519464;7181:3294.1950189519466;604:3297.7734189519465;603:3298.8370029519465;602:3299.6901309519467;3851:3300.6935229519468;4573:3304.999842951947;1400:3306.732522951947;971:3310.530954951947;598:3311.598210951947;1368:3312.558546951947;591:3318.429498951947;585:3331.6007469519473;940:3338.180610951947;1370:3345.207234951947;939:3345.903906951947;1903:3346.725498951947;983:3347.708010951947;3921:3351.506154951947;840:3356.066994951947;2881:3362.697618951947;5099:3363.850482951947;1157:3368.5896258090897;2058:3374.3794543805184;2092:3377.768597237661;915:3382.8867686662325;2980:3395.085112216289
0,1,default_vehtype,route,False,3143.2370619400035,3405.963511775719,2976;-1;-1,2992;-1;-1,2648.748284547927,0.8556405441140189,0.8553756692855641,0.0,,0,95,1,,,2976;7557;2806;4344;2996;3013;7322;2804;3061;1173;3425;3125;3406;2825;1944;130;99;4526;714;2800;4332;799;3653;3825;7127;1836;4248;5046;7138;6879;1367;3637;3640;3643;7179;5275;5297;5072;1464;2847;5825;4587;5794;3202;2065;2023;4203;537;18;5629;1068;2559;6740;1717;2067;2063;1937;2992,2976:3143.2370619400035;7557:3148.2274153106637;2806:3156.0612553106635;4344:3157.2642553106634;2996:3159.3077353106632;3013:3164.0928553106633;7322:3168.103495310663;2804:3171.430255310663;3061:3178.098295310663;1173:3183.696655310663;3425:3184.879615310663;3125:3186.1331353106634;3406:3198.4874953106632;2825:3200.9572153106633;1944:3202.2685753106634;130:3204.6562153106634;99:3205.136455310663;4526:3213.546055310663;714:3216.342895310663;2800:3218.3492953106634;4332:3219.164935310663;799:3220.345855310663;3653:3224.942095310663;3825:3226.1906953106627;7127:3269.750815310663;1836:3271.101775310663;4248:3285.646975310663;5046:3301.9874953106632;7138:3303.6260953106635;6879:3309.8924953106634;1367:3321.385375310663;3637:3323.2784953106634;3640:3324.1316233106636;3643:3325.1952073106636;7179:3328.7736073106635;5275:3333.2828953106637;5297:3336.6617113106636;5072:3336.8919673106634;1464:3343.8324793106635;2847:3344.9031913106637;5825:3347.8018393106636;4587:3350.0821513106634;5794:3351.7022953106634;3202:3355.8236473106635;2065:3360.9679033106636;2023:3366.5262313106637;4203:3367.3270153106637;537:3368.281015310664;18:3374.148583310664;5629:3379.998007310664;1068:3382.550407310664;2559:3389.601007310664;6740:3394.071631310664;1717:3399.905359310664;2067:3400.643143310664;2063:3401.3593993106642;1937:3404.6293513106643;2992:3405.963511775719
0,4,default_vehtype,boarding,True,3342.0309015137736,3372.0309015137736,2984;-1;-1,2984;-1;-1,0.0,0.8208679314505593,0.8208679314505593,0.0,,0,96,1,,96,,
0,7,default_vehtype,route,False,3333.1825665818583,3409.1631828674786,2987;-1;-1,2975;-1;-1,1011.5698525452128,0.7706099294109897,0.7705087724257351,0.0,,0,104,1,,,2987;4613;1084;7357;3525;6025;3063;6027;7362;2188;2186;5744;6033;5746;6031;146;2828;2376;3091;4274;880;3109;3874;2975,2987:3333.1825665818583;4613:3334.7788156115657;1084:3338.3137996115656;7357:3342.8983276115655;3525:3353.7771676115653;6025:3355.5186316115655;3063:3356.7833116115658;6027:3358.085287611566;7362:3362.093527611566;2188:3368.756695611566;2186:3370.032967611566;5744:3372.0483916115663;6033:3373.4178316115663;5746:3375.3412396115664;6031:3376.832863611566;146:3377.793991611566;2828:3378.885799611566;2376:3384.387679611566;3091:3397.709407611566;4274:3398.852335611566;880:3399.443671611566;3109:3401.294215611566;3874:3407.1584956115657;2975:3409.1631828674786
0,11,default_vehtype,route,False,3240.4554582591395,3395.3207824720344,2985;-1;-1,2979;-1;-1,1202.814573554941,0.8889059173802206,0.8887856359228651,0.0,,0,,0,,,2985;1140;880;3109;3874;4306;429;3125;3406;2825;1944;130;99;4526;714;2800;4339;2419;5404;5421;1925;1883;926;925;5399;1905;830;2795;1891;827;6499;1803;1141;5241;922;6385;3550;6322;7280;2411;6281;2286;2287;6538;2979,2985:3240.4554582591395;1140:3240.6500288939746;880:3241.2413648939746;3109:3243.0919088939745;3874:3248.9561888939743;4306:3261.0717488939745;429:3262.4740688939746;3125:3263.727588893975;3406:3276.0819488939746;2825:3278.5516688939747;1944:3279.863028893975;130:3282.2506688939748;99:3282.7309088939746;4526:3291.1405088939746;714:3293.9373488939746;2800:3295.9437488939748;4339:3297.4375088939746;2419:3302.046588893975;5404:3306.273468893975;5421:3307.378788893975;1925:3307.522068893975;1883:3308.559348893975;926:3312.8119088939748;925:3315.756228893975;5399:3325.0610288939747;1905:3326.3876288939746;830:3327.5644688939747;2795:3328.7481488939748;1891:3329.002068893975;827:3330.067908893975;6499:3339.422748893975;1803:3345.385308893975;1141:3350.889948893975;5241:3352.478028893975;922:3353.393940893975;6385:3356.615580893975;3550:3356.8774208939753;6322:3362.5146608939754;7280:3366.0334208939753;2411:3371.8685408939755;6281:3376.91265517969;2286:3381.6795694654043;2287:3386.4464837511186;6538:3391.490598036833;2979:3395.3207824720344
0,0,default_vehtype,boarding,True,3395.085112216289,3425.085112216289,2980;-1;-1,2980;-1;-1,0.0,0.6894355674127541,0.6894355674127541,0.0,,0,103,1,103,,,
0,1,default_vehtype,boarding,True,3405.963511775719,3435.963511775719,2992;-1;-1,2992;-1;-1,0.0,0.8553756692855641,0.8553756692855641,0.0,,0,95,1,,95,,
0,4,default_vehtype,route,False,3372.0309015137736,3463.963685496178,2984;-1;-1,2978;-1;-1,766.1065331867103,0.8208679314505593,0.8207913207972406,0.0,,0,,0,,,2984;3012;4;4345;7330;7562;7316;7531;2802;2251;7515;7037;7512;3274;2902;3901;7011;7336;4365;7288;1182;2978,2984:3372.0309015137736;3012:3374.5235621912066;4:3379.3086821912066;4345:3381.3521621912064;7330:3382.5551621912064;7562:3390.389002191206;7316:3397.784002191206;7531:3405.338962191206;2802:3412.554442191206;2251:3419.449762191206;7515:3420.310882191206;7037:3427.622842191206;7512:3434.856202191206;3274:3446.202202191206;2902:3446.3138021912064;3901:3446.781802191206;7011:3448.762762191206;7336:3451.670242191206;4365:3459.2513621912058;7288:3460.3745621912058;1182:3461.291482191206;2978:3463.963685496178
0,5,default_vehtype,route,False,3360.0,3423.7964410299546,2993;-1;-1,2969;-1;-1,886.0616809715947,0.9333126796511623,0.9332240734830651,0.0,,0,,0,,,2993;4483;7446;1960;816;6786;5444;1716;2720;4210;1711;98;2497;7434;2760;542;1074;336;2969,2993:3360;4483:3360.7614199819013;7446:3363.4281559819015;1960:3364.4123959819017;816:3371.9443159819016;6786:3373.2112999819014;5444:3383.7477079819014;1716:3386.5380679819013;2720:3387.284707981901;4210:3388.182979981901;1711:3389.312659981901;98:3397.928467981901;2497:3399.439099981901;7434:3406.646947981901;2760:3413.185483981901;542:3420.713587981901;1074:3421.646995981901;336:3422.670115981901;2969:3423.7964410299546
0,5,default_vehtype,boarding,True,3423.7964410299546,3453.7964410299546,2969;-1;-1,2969;-1;-1,0.0,0.9332240734830651,0.9332240734830651,0.0,,0,105,1,105,,,
0,7,default_vehtype,boarding,True,3409.1631828674786,3439.1631828674786,2975;-1;-1,2975;-1;-1,0.0,0.7705087724257351,0.7705087724257351,0.0,,0,104,1,,104,,
0,11,default_vehtype,boarding,True,3395.3207824720344,3425.3207824720344,2979;-1;-1,2979;-1;-1,0.0,0.8887856359228651,0.8887856359228651,0.0,,0,99,1,99,,,
0,2,default_vehtype,route,False,3287.068279147076,3502.776521897498,2990;-1;-1,2976;-1;-1,1797.5686895868585,0.9146794521707363,0.9144996953017777,0.0,,0,102,1,,,2990;2552;1946;7401;3551;3849;7263;5060;3728;4936;1207;2554;4974;5249;6709;2464;7135;1193;552;2755;7131;3567;888;712;2718;754;611;1812;1186;7311;3767;4527;3089;3131;5447;7352;414;122;3426;4314;68;7318;7325;3011;4;4345;7330;2976,2990:3287.068279147076;2552:3289.9339952681594;1946:3294.1872752681593;7401:3295.3863152681593;3551:3296.744955268159;3849:3300.7899152681593;7263:3301.7645552681593;5060:3302.5477952681595;3728:3308.3561552681595;4936:3318.6635552681596;1207:3323.0331152681597;2554:3323.5819952681595;4974:3324.3549152681594;5249:3330.1588352681592;6709:3332.0860352681593;2464:3347.945595268159;7135:3355.877715268159;1193:3356.977755268159;552:3361.475955268159;2755:3363.3051152681587;7131:3371.2623152681585;3567:3381.1411952681588;888:3381.5994752681586;712:3385.3350752681586;2718:3386.2722752681584;754:3429.8323952681585;611:3431.0809952681584;1812:3435.6521552681584;1186:3436.8293552681585;7311:3437.6449952681583;3767:3439.6513952681585;4527:3442.4482352681584;3089:3450.8578352681584;3131:3451.3380752681583;5447:3453.725715268158;7352:3455.0370752681583;414:3457.5067952681584;122:3469.861155268158;3426:3471.1146752681584;4314:3472.2976352681585;68:3477.8959952681585;7318:3484.5640352681585;7325:3487.8907952681584;3011:3491.9014352681584;4:3496.6865552681584;4345:3498.730035268158;7330:3499.933035268158;2976:3502.776521897498
0,2,default_vehtype,boarding,True,3502.776521897498,3532.776521897498,2976;-1;-1,2976;-1;-1,0.0,0.9144996953017777,0.9144996953017777,0.0,,0,102,1,,102,,
0,4,default_vehtype,boarding,True,3463.963685496178,3493.963685496178,2978;-1;-1,2978;-1;-1,0.0,0.8207913207972406,0.8207913207972406,0.0,,0,106,1,106,,,
0,6,default_vehtype,route,False,3332.5047998321197,3494.7341339098816,2987;-1;-1,2969;-1;-1,1787.992528857795,0.5415795735633115,0.5414007743104258,0.0,,0,93,1,,,2987;4613;7368;7606;5900;3459;4818;5992;6047;5708;3884;3030;3347;7376;2207;3446;3720;5332;251;2711;3358;2296;5495;5697;5497;5500;670;5502;5512;5520;5531;6313;6632;6644;3793;6319;7102;3741;7384;6414;5446;2447;2571;42;2577;2566;3033;3036;2469;2404;2235;3762;5287;310;2280;1447;6261;3764;4397;4745;4182;4187;4191;4195;4202;336;2969,2987:3332.5047998321197;4613:3334.101048861827;7368:3345.8061608618273;7606:3346.0355528618275;5900:3349.5072488618275;3459:3350.2628168618276;4818:3350.8776968618276;5992:3351.3544808618276;6047:3355.5430088618277;5708:3356.9372888618277;3884:3359.476872861828;3030:3359.974896861828;3347:3361.9991048618276;7376:3362.4344888618275;2207:3362.8433768618274;3446:3365.6667848618276;3720:3368.6964728618277;5332:3369.6879128618275;251:3370.4354888618277;2711:3371.5733048618276;3358:3373.7883128618278;2296:3382.0893128618277;5495:3382.3061528618277;5697:3383.4099128618277;5497:3384.1073528618276;5500:3387.0145928618276;670:3388.4119928618275;5502:3390.7594328618275;5512:3394.2811928618275;5520:3396.7351928618277;5531:3398.4321128618276;6313:3399.4571528618276;6632:3401.7541928618275;6644:3403.3254728618276;3793:3405.1746728618277;6319:3406.0903928618277;7102:3406.5684728618276;3741:3407.1081128618275;7384:3414.7671128618276;6414:3419.9742728618276;5446:3422.2420328618277;2447:3426.1781528618276;2571:3433.7670728618277;42:3438.435072861828;2577:3439.107552861828;2566:3447.706632861828;3033:3448.337592861828;3036:3450.607152861828;2469:3454.1994728618283;2404:3457.5229928618282;2235:3458.806392861828;3762:3459.229824861828;5287:3459.768888861828;310:3462.559104861828;2280:3463.158216861828;1447:3463.604112861828;6261:3467.4821048618282;3764:3468.4878008618284;4397:3469.0384568618283;4745:3469.264752861828;4182:3473.718528861828;4187:3476.380584861828;4191:3477.118872861828;4195:3491.582160861828;4202:3492.584688861828;336:3493.607808861828;2969:3494.7341339098816
0,6,default_vehtype,boarding,True,3494.7341339098816,3524.7341339098816,2969;-1;-1,2969;-1;-1,0.0,0.5414007743104258,0.5414007743104258,0.0,,0,93;110,2,110,93,,
0,8,default_vehtype,route,False,3480.0,3520.180794717593,2972;-1;-1,2989;-1;-1,403.3054649330824,0.8979731947856002,0.8979328642391069,0.0,,0,,0,,,2972;6079;3446;3720;5332;251;2711;3358;2296;5495;5696;3307;3987;6878;2989,2972:3480;6079:3481.378855611566;3446:3484.202263611566;3720:3487.2319516115663;5332:3488.223391611566;251:3488.9709676115663;2711:3490.108783611566;3358:3492.3237916115663;2296:3500.6247916115663;5495:3500.8416316115663;5696:3501.6043516115665;3307:3512.3427916115666;3987:3519.1699516115664;6878:3519.7733116115664;2989:3520.180794717593
0,10,default_vehtype,route,False,3420.0,3497.068279147076,2971;-1;-1,2990;-1;-1,642.2356595589595,0.9442498439537635,0.9441856203878076,0.0,,0,,0,,,2971;3807;7387;2045;2835;2641;7396;2616;486;2838;3722;3732;544;7400;5449;2990,2971:3420;3807:3421.3763552681585;7387:3425.4407552681587;2045:3439.9789952681585;2835:3442.3440752681586;2641:3451.5551552681586;7396:3452.1495152681587;2616:3457.511115268159;486:3458.422875268159;2838:3464.747595268159;3722:3468.266835268159;3732:3490.716555268159;544:3493.406115268159;7400:3494.481675268159;5449:3495.680715268159;2990:3497.068279147076
0,10,default_vehtype,boarding,True,3497.068279147076,3527.068279147076,2990;-1;-1,2990;-1;-1,0.0,0.9441856203878076,0.9441856203878076,0.0,,0,107,1,107,,,
0,2,default_vehtype,route,False,3540.0,3570.158021267548,2976;-1;-1,2977;-1;-1,251.31684389623734,0.9144996953017777,0.914474563617388,0.0,,0,,0,,,2976;7557;7316;7531;2802;2977,2976:3540;7557:3544.99035337066;7316:3552.38535337066;7531:3559.94031337066;2802:3567.15579337066;2977:3570.158021267548
0,8,default_vehtype,boarding,True,3520.180794717593,3550.180794717593,2989;-1;-1,2989;-1;-1,0.0,0.8979328642391069,0.8979328642391069,0.0,,0,108,1,108,,,
0,9,default_vehtype,route,False,3540.0,3542.662751168587,2972;-1;-1,2988;-1;-1,36.982655119265175,0.9615803505235686,0.9615766522580567,0.0,,0,,0,,,2972;6079;2988,2972:3540;6079:3541.378855611566;2988:3542.662751168587
0,9,default_vehtype,boarding,True,3542.662751168587,3572.662751168587,2988;-1;-1,2988;-1;-1,0.0,0.9615766522580567,0.9615766522580567,0.0,,0,112,1,112,,,
0,1,default_vehtype,route,False,3480.0,3638.424886673119,2992;-1;-1,2966;-1;-1,1413.7091051984648,0.8553756692855641,0.8552342983750443,0.0,,0,,0,,,2992;2526;3895;5465;7450;4482;6930;7615;3488;4485;5469;2998;901;1083;1355;1961;1962;1033;1559;1958;2907;636;1954;1949;186;333;2164;695;694;1041;1623;1383;2333;2966,2992:3480;2526:3489.2022475349454;3895:3490.4692315349453;5465:3498.001151534945;7450:3498.9853915349454;4482:3501.6521275349455;6930:3502.9678555349456;7615:3506.8642075349458;3488:3508.188359534946;4485:3512.7430075349457;5469:3513.104231534946;2998:3513.512687534946;901:3514.758215534946;1083:3517.5486475349458;1355:3531.237935534946;1961:3532.2206635349457;1962:3533.159543534946;1033:3534.368999534946;1559:3540.753095534946;1958:3548.1001195349463;2907:3548.7237835349465;636:3551.5389115349467;1954:3552.149615534947;1949:3561.049751534947;186:3562.615895534947;333:3563.255615534947;2164:3563.872007534947;695:3568.579295534947;694:3571.748015534947;1041:3572.5669435349473;1623:3576.9502006778043;1383:3588.035629249233;2333:3628.189514963519;2966:3638.424886673119
0,2,default_vehtype,boarding,True,3570.158021267548,3600.158021267548,2977;-1;-1,2977;-1;-1,0.0,0.914474563617388,0.914474563617388,0.0,,0,111,1,111,,,
0,10,default_vehtype,route,False,3527.068279147076,3630.1838712862586,2990;-1;-1,2993;-1;-1,1265.2456901492892,0.9441856203878076,0.9440590958187927,0.0,,0,107,1,,,2990;2552;4848;3271;4846;4989;5000;337;1075;537;18;5629;1068;2559;6740;1717;2067;2063;1937;6789;3895;5465;7450;2993,2990:3527.068279147076;2552:3529.9339952681594;4848:3537.4143152681595;3271:3542.9674352681595;4846:3544.8405152681594;4989:3557.1130352681594;5000:3561.8725952681593;337:3569.6328272681594;1075:3570.6566672681593;537:3571.6106672681594;18:3577.4782352681596;5629:3583.3276592681596;1068:3585.8800592681596;2559:3592.9306592681596;6740:3597.4012832681597;1717:3603.2350112681597;2067:3603.9727952681596;2063:3604.68905126816;1937:3607.95900326816;6789:3618.49541126816;3895:3619.7623952681597;5465:3627.2943152681596;7450:3628.27855526816;2993:3630.1838712862586
0,11,default_vehtype,route,False,3425.3207824720344,3601.408163084887,2979;-1;-1,2969;-1;-1,2297.258199818512,0.8887856359228651,0.8885559101028833,0.0,,0,99,1,,,2979;2786;2307;3549;6384;4032;1804;4811;5237;608;459;2416;4011;5246;363;366;2314;2877;1748;2880;906;984;2268;1857;1806;1371;938;5442;4054;2205;1369;2047;3631;4079;4572;4577;778;3636;3639;3642;7178;5275;5297;5072;1464;2847;5825;4587;5794;3202;2065;2023;4203;4198;336;2969,2979:3425.3207824720344;2786:3427.325718036833;2307:3430.844478036833;3549:3436.481718036833;6384:3436.7435580368333;4032:3439.9651980368335;1804:3440.8811100368334;4811:3442.5637500368334;5237:3447.3042300368334;608:3456.170310036833;459:3456.500070036833;2416:3458.713710036833;4011:3459.377838036833;5246:3465.3030060368333;363:3472.2116940368333;366:3473.6167740368332;2314:3474.761646036833;2877:3487.932750036833;1748:3489.051270036833;2880:3490.213062036833;906:3502.438374036833;984:3505.208070036833;2268:3505.955934036833;1857:3506.341854036833;1806:3507.0040380368328;1371:3507.674214036833;938:3510.2553420368326;5442:3519.9759900368326;4054:3527.6159820368325;2205:3533.3684220368327;1369:3539.8145820368327;2047:3540.7576380368328;3631:3542.320470036833;4079:3543.3877260368326;4572:3547.1861580368327;4577:3548.9188380368328;778:3553.225158036833;3636:3554.228550036833;3639:3555.081678036833;3642:3556.145262036833;7178:3559.723662036833;5275:3564.2329500368332;5297:3567.611766036833;5072:3567.842022036833;1464:3574.782534036833;2847:3575.8532460368333;5825:3578.751894036833;4587:3581.032206036833;5794:3582.652350036833;3202:3586.773702036833;2065:3591.917958036833;2023:3597.4762860368332;4203:3598.2770700368333;4198:3599.258718036833;336:3600.281838036833;2969:3601.408163084887
0,11,default_vehtype,boarding,True,3601.408163084887,3631.408163084887,2969;-1;-1,2969;-1;-1,0.0,0.8885559101028833,0.8885559101028833,0.0,,0,99,1,,99,,
0,1,default_vehtype,boarding,True,3638.424886673119,3668.424886673119,2966;-1;-1,2966;-1;-1,0.0,0.8552342983750443,0.8552342983750443,0.0,,0,109,1,109,,,
0,3,default_vehtype,route,False,3660.0,3670.320430280956,2973;-1;-1,2987;-1;-1,143.3393094577217,0.7626083115199395,0.7625939775889937,0.0,,0,,0,,,2973;7354;4225;2987,2973:3660;7354:3663.7971673106636;4225:3668.3816953106634;2987:3670.320430280956
0,3,default_vehtype,boarding,True,3670.320430280956,3700.320430280956,2987;-1;-1,2987;-1;-1,0.0,0.7625939775889937,0.7625939775889937,0.0,,0,116,1,116,,,
0,4,default_vehtype,route,False,3493.963685496178,3707.1197332605793,2978;-1;-1,2991;-1;-1,2604.1815706442994,0.8207913207972406,0.8205309026401761,0.0,,0,106,1,,,2978;4103;6297;1434;3820;3877;2787;4993;6537;7281;2307;3549;6384;4032;1804;4811;5237;608;459;2416;4011;5246;363;366;2314;2877;1748;2880;906;984;2268;1857;1806;1371;938;5442;4054;2205;1369;2047;3631;4079;4572;4577;778;3636;3639;3642;7178;5275;5297;5072;1464;2847;5825;4587;5794;3202;2065;2023;4203;537;2991,2978:3493.963685496178;4103:3496.5826421912057;6297:3498.9419621912057;1434:3504.9010421912058;3820:3510.0096821912057;3877:3511.917562191206;2787:3520.710082191206;4993:3521.7591221912057;6537:3527.558962191206;7281:3533.394082191206;2307:3536.912842191206;3549:3542.550082191206;6384:3542.811922191206;4032:3546.0335621912063;1804:3546.9494741912063;4811:3548.6321141912063;5237:3553.372594191206;608:3562.238674191206;459:3562.568434191206;2416:3564.782074191206;4011:3565.446202191206;5246:3571.371370191206;363:3578.280058191206;366:3579.685138191206;2314:3580.830010191206;2877:3594.001114191206;1748:3595.119634191206;2880:3596.281426191206;906:3608.506738191206;984:3611.2764341912057;2268:3612.0242981912056;1857:3612.410218191206;1806:3613.0724021912056;1371:3613.7425781912057;938:3616.3237061912055;5442:3626.0443541912055;4054:3633.6843461912053;2205:3639.4367861912056;1369:3645.8829461912055;2047:3646.8260021912056;3631:3648.3888341912057;4079:3649.4560901912055;4572:3653.2545221912055;4577:3654.9872021912056;778:3659.2935221912057;3636:3660.296914191206;3639:3661.150042191206;3642:3662.213626191206;7178:3665.792026191206;5275:3670.301314191206;5297:3673.680130191206;5072:3673.910386191206;1464:3680.850898191206;2847:3681.921610191206;5825:3684.820258191206;4587:3687.100570191206;5794:3688.720714191206;3202:3692.842066191206;2065:3697.986322191206;2023:3703.544650191206;4203:3704.345434191206;537:3705.2994341912063;2991:3707.1197332605793
0,5,default_vehtype,route,False,3453.7964410299546,3689.055755237814,2969;-1;-1,2975;-1;-1,2740.0593236874183,0.9332240734830651,0.9329500675506964,0.0,,0,105,1,,,2969;7192;1664;337;1075;4198;1071;1070;1069;1067;1504;4396;710;2281;4664;6260;3300;1832;708;6180;2405;6169;2744;2567;2576;3077;3241;88;2758;2742;2448;2353;6140;7386;3742;7100;6318;737;6639;2446;2301;1992;1990;1988;1985;3729;5498;5496;5699;5494;6307;374;7114;3246;5330;661;445;6080;7381;364;3029;3886;5711;6045;2157;4817;456;5901;7605;2830;5852;6913;1321;597;2204;6066;6049;7367;2188;2186;5744;6033;5746;6031;146;2828;2376;3091;4274;880;3109;3874;2975,2969:3453.7964410299546;7192:3457.400083981901;1664:3460.653979981901;337:3468.414211981901;1075:3469.438051981901;4198:3470.419699981901;1071:3471.422227981901;1070:3485.885515981901;1069:3486.623803981901;1067:3489.285859981901;1504:3493.739635981901;4396:3493.9659319819007;710:3494.5165879819006;2281:3495.5222839819007;4664:3499.400275981901;6260:3499.846171981901;3300:3500.445283981901;1832:3503.235499981901;708:3503.774563981901;6180:3504.197995981901;2405:3506.420395981901;6169:3509.897515981901;2744:3514.498075981901;2567:3516.341035981901;2576:3524.8295959819006;3077:3526.9622359819004;3241:3530.0911159819007;88:3532.0179559819007;2758:3533.9813959819007;2742:3534.387835981901;2448:3537.573475981901;2353:3543.774355981901;6140:3548.945395981901;7386:3550.287835981901;3742:3557.946835981901;7100:3558.486475981901;6318:3558.964555981901;737:3559.880275981901;6639:3561.729475981901;2446:3563.300755981901;2301:3565.597795981901;1992:3566.622835981901;1990:3568.319755981901;1988:3570.773755981901;1985:3574.295515981901;3729:3576.642955981901;5498:3578.040355981901;5496:3580.947595981901;5699:3581.645035981901;5494:3582.748795981901;6307:3582.965635981901;374:3591.266635981901;7114:3593.481643981901;3246:3594.619459981901;5330:3595.367035981901;661:3596.358475981901;445:3599.388163981901;6080:3602.211571981901;7381:3602.620459981901;364:3603.055843981901;3029:3605.080051981901;3886:3605.578075981901;5711:3608.117659981901;6045:3609.511939981901;2157:3613.700467981901;4817:3614.177251981901;456:3614.792131981901;5901:3615.547699981901;7605:3619.019395981901;2830:3619.2487879819014;5852:3625.775515981901;6913:3627.6719239819013;1321:3632.8203559819012;597:3633.2832439819013;2204:3634.840531981901;6066:3635.4862279819013;6049:3639.7125559819015;7367:3641.9860999819016;2188:3648.6492679819016;2186:3649.9255399819017;5744:3651.940963981902;6033:3653.310403981902;5746:3655.233811981902;6031:3656.7254359819017;146:3657.6865639819016;2828:3658.7783719819017;2376:3664.2802519819015;3091:3677.6019799819014;4274:3678.7449079819016;880:3679.3362439819016;3109:3681.1867879819015;3874:3687.0510679819013;2975:3689.055755237814
0,5,default_vehtype,boarding,True,3689.055755237814,3719.055755237814,2975;-1;-1,2975;-1;-1,0.0,0.9329500675506964,0.9329500675506964,0.0,,0,105,1,,105,,
0,10,default_vehtype,boarding,True,3630.1838712862586,3660.1838712862586,2993;-1;-1,2993;-1;-1,0.0,0.9440590958187927,0.9440590958187927,0.0,,0,107,1,,107,,
0,10,default_vehtype,route,False,3660.1838712862586,3666.048640833386,2993;-1;-1,2967;-1;-1,81.45513259898192,0.9440590958187927,0.9440509503055328,0.0,,0,,0,,,2993;4483;7446;1960;2967,2993:3660.1838712862586;4483:3660.94529126816;7446:3663.61202726816;1960:3664.5962672681603;2967:3666.048640833386
0,10,default_vehtype,boarding,True,3666.048640833386,3696.048640833386,2967;-1;-1,2967;-1;-1,0.0,0.9440509503055328,0.9440509503055328,0.0,,0,113,1,113,,,
0,11,default_vehtype,route,False,3660.0,3706.9834627899613,2969;-1;-1,2970;-1;-1,456.06829520493284,0.8885559101028833,0.8885103032733628,0.0,,0,,0,,,2969;7192;1664;1659;4844;3270;4850;6823;1946;7401;3560;2970,2969:3660;7192:3663.6036429519463;1664:3666.8575389519465;1659:3671.6170989519464;4844:3683.8896189519464;3270:3685.7626989519463;4850:3691.3158189519463;6823:3698.7961389519464;1946:3703.0494189519463;7401:3704.2484589519463;3560:3705.3240189519465;2970:3706.9834627899613
0,0,default_vehtype,route,False,3425.085112216289,3726.51546193754,2980;-1;-1,2988;-1;-1,2580.0028813890704,0.6894355674127541,0.6891775671246151,0.0,,0,103,1,,,2980;914;2135;1730;2664;2579;2961;2407;2581;370;361;2874;1887;4059;910;6541;3462;3648;2851;2850;1801;1560;5242;4277;5239;6501;3911;5389;7301;3914;5398;5400;4040;4041;5374;5418;5424;5403;6546;1200;7312;3767;4527;3089;3131;5447;7352;414;122;3426;4305;793;118;3979;4275;103;6480;7360;3154;6028;5745;6035;5743;6038;6041;7365;6050;6068;6077;3629;4502;6912;2108;7370;7608;5900;3459;4818;5992;6047;5708;3884;3030;3347;7376;2207;2988,2980:3425.085112216289;914:3440.9672829519463;2135:3448.9181400948037;1730:3464.3744829519464;2664:3466.1965972376606;2579:3471.0725400948036;2961:3487.8433972376606;2407:3493.0921972376605;2581:3501.5794543805177;370:3503.1623023805178;361:3505.659406380518;2874:3506.245414380518;1887:3511.900798380518;4059:3513.820102380518;910:3518.336302380518;6541:3519.000430380518;3462:3521.214070380518;3648:3521.543830380518;2851:3526.218070380518;2850:3527.151430380518;1801:3530.447110380518;1560:3535.187590380518;5242:3536.870230380518;4277:3538.458310380518;5239:3543.962950380518;6501:3549.925510380518;3911:3559.280350380518;5389:3560.3461903805182;7301:3560.6001103805183;3914:3561.7837903805184;5398:3562.9606303805185;5400:3564.2872303805184;4040:3573.5920303805183;4041:3576.5363503805183;5374:3580.7889103805182;5418:3581.8261903805183;5424:3581.969470380518;5403:3583.074790380518;6546:3587.3016703805183;1200:3591.9107503805185;7312:3593.4045103805183;3767:3595.4109103805185;4527:3598.2077503805185;3089:3606.6173503805185;3131:3607.0975903805183;5447:3609.4852303805183;7352:3610.7965903805184;414:3613.2663103805185;122:3625.6206703805183;3426:3626.8741903805185;4305:3628.2765103805186;793:3640.392070380519;118:3646.2563503805186;3979:3648.1068943805185;4275:3648.6982303805185;103:3649.8411583805187;6480:3663.1628863805186;7360:3668.6647663805184;3154:3669.7565743805185;6028:3670.7177023805184;5745:3672.209326380518;6035:3674.1327343805183;5743:3675.502174380518;6038:3677.5175983805184;6041:3678.7938703805185;7365:3685.4570383805185;6050:3687.7305823805186;6068:3691.956910380519;6077:3692.602606380519;3629:3694.159894380519;4502:3694.622782380519;6912:3699.771214380519;2108:3701.667622380519;7370:3708.1943503805187;7608:3708.423742380519;5900:3711.895438380519;3459:3712.651006380519;4818:3713.265886380519;5992:3713.742670380519;6047:3717.931198380519;5708:3719.325478380519;3884:3721.8650623805192;3030:3722.3630863805192;3347:3724.387294380519;7376:3724.822678380519;2207:3725.231566380519;2988:3726.51546193754
0,0,default_vehtype,boarding,True,3726.51546193754,3756.51546193754,2988;-1;-1,2988;-1;-1,0.0,0.6891775671246151,0.6891775671246151,0.0,,0,103,1,,103,,
0,4,default_vehtype,boarding,True,3707.1197332605793,3737.1197332605793,2991;-1;-1,2991;-1;-1,0.0,0.8205309026401761,0.8205309026401761,0.0,,0,106,1,,106,,
0,4,default_vehtype,route,False,3737.1197332605793,3772.9819306562613,2991;-1;-1,2992;-1;-1,498.08607494002206,0.8205309026401761,0.8204810940326821,0.0,,0,,0,,,2991;3010;5631;1068;2559;6740;1717;2067;2063;1937;2992,2991:3737.1197332605793;3010:3741.1670021912064;5631:3747.0164261912064;1068:3749.5688261912064;2559:3756.6194261912065;6740:3761.0900501912065;1717:3766.9237781912066;2067:3767.6615621912065;2063:3768.3778181912066;1937:3771.6477701912067;2992:3772.9819306562613
0,7,default_vehtype,route,False,3660.0,3768.1806658899427,2975;-1;-1,2981;-1;-1,924.4919490828495,0.7705087724257351,0.7704163232308269,0.0,,0,,0,,,2975;1166;429;3125;3406;2825;1944;130;99;4526;714;2800;4339;2419;5404;5421;1925;1883;926;925;5399;1905;830;2795;1891;827;6499;1803;1141;5241;922;6385;3550;2981,2975:3660;1166:3670.110872744087;429:3671.513192744087;3125:3672.7667127440873;3406:3685.121072744087;2825:3687.590792744087;1944:3688.9021527440873;130:3691.289792744087;99:3691.770032744087;4526:3700.179632744087;714:3702.976472744087;2800:3704.982872744087;4339:3706.476632744087;2419:3711.0857127440872;5404:3715.3125927440874;5421:3716.4179127440875;1925:3716.5611927440873;1883:3717.5984727440873;926:3721.851032744087;925:3724.7953527440873;5399:3734.100152744087;1905:3735.426752744087;830:3736.603592744087;2795:3737.787272744087;1891:3738.0411927440873;827:3739.1070327440875;6499:3748.4618727440875;1803:3754.4244327440874;1141:3759.9290727440875;5241:3761.5171527440875;922:3762.4330647440875;6385:3765.6547047440877;3550:3765.916544744088;2981:3768.1806658899427
0,8,default_vehtype,route,False,3550.180794717593,3720.322990240907,2989;-1;-1,2976;-1;-1,1917.4080293609438,0.8979328642391069,0.8977411234361707,0.0,,0,108,1,,,2989;3808;6876;885;316;2042;1982;6306;374;7114;3246;5330;661;445;6080;7381;364;3029;3886;5711;6045;2157;4817;456;5901;7605;2830;5852;6913;1321;597;2204;6066;6049;7367;2188;2186;5744;6033;5746;6031;146;2828;2376;3091;4274;880;3109;3874;4306;429;4313;68;7318;7325;3011;4;4345;7330;2976,2989:3550.180794717593;3808:3550.8413116115667;6876:3551.909311611567;885:3552.512671611567;316:3559.3398316115668;2042:3570.078271611567;1982:3570.840991611567;6306:3571.057831611567;374:3579.358831611567;7114:3581.573839611567;3246:3582.711655611567;5330:3583.4592316115672;661:3584.450671611567;445:3587.480359611567;6080:3590.3037676115673;7381:3590.7126556115672;364:3591.148039611567;3029:3593.172247611567;3886:3593.670271611567;5711:3596.209855611567;6045:3597.604135611567;2157:3601.792663611567;4817:3602.269447611567;456:3602.884327611567;5901:3603.639895611567;7605:3607.1115916115673;2830:3607.3409836115675;5852:3613.8677116115673;6913:3615.7641196115674;1321:3620.9125516115673;597:3621.3754396115673;2204:3622.9327276115673;6066:3623.5784236115674;6049:3627.8047516115676;7367:3630.0782956115677;2188:3636.7414636115677;2186:3638.017735611568;5744:3640.033159611568;6033:3641.402599611568;5746:3643.326007611568;6031:3644.817631611568;146:3645.7787596115677;2828:3646.870567611568;2376:3652.3724476115676;3091:3665.6941756115675;4274:3666.8371036115677;880:3667.4284396115677;3109:3669.2789836115676;3874:3675.1432636115674;4306:3687.2588236115675;429:3688.6611436115677;4313:3689.844103611568;68:3695.4424636115677;7318:3702.1105036115678;7325:3705.4372636115677;3011:3709.4479036115677;4:3714.2330236115677;4345:3716.2765036115675;7330:3717.4795036115675;2976:3720.322990240907
0,8,default_vehtype,boarding,True,3720.322990240907,3750.322990240907,2976;-1;-1,2976;-1;-1,0.0,0.8977411234361707,0.8977411234361707,0.0,,0,108,1,,108,,
0,11,default_vehtype,boarding,True,3706.9834627899613,3736.9834627899613,2970;-1;-1,2970;-1;-1,0.0,0.8885103032733628,0.8885103032733628,0.0,,0,114,1,114,,,
0,4,default_vehtype,boarding,True,3772.9819306562613,3802.9819306562613,2992;-1;-1,2992;-1;-1,0.0,0.8204810940326821,0.8204810940326821,0.0,,0,117,1,117,,,
0,6,default_vehtype,route,False,3524.7341339098816,3804.410719472855,2969;-1;-1,2983;-1;-1,3227.3280516466903,0.5414007743104258,0.5410780415052611,0.0,,0,110,1,,,2969;7192;1664;337;1075;5648;5759;205;5793;1407;5826;7411;4686;5074;5295;5274;7181;604;603;602;3851;4573;1400;971;598;1368;591;585;940;1370;939;1903;983;3921;840;2881;5099;2878;1735;2581;370;361;2874;1887;4059;910;6541;3462;3648;2851;2850;1801;1560;5242;922;6385;3550;6322;7280;2411;1661;7283;796;751;4635;6299;4102;4325;7285;1218;7334;7010;820;7498;276;2915;2661;7517;6201;7314;2983,2969:3524.7341339098816;7192:3528.337776861828;1664:3531.591672861828;337:3539.351904861828;1075:3540.375744861828;5648:3541.176528861828;5759:3546.734856861828;205:3551.879112861828;5793:3556.0004648618283;1407:3557.6206088618283;5826:3559.900920861828;7411:3562.799568861828;4686:3563.870280861828;5074:3570.8107928618283;5295:3571.041048861828;5274:3574.419864861828;7181:3578.9291528618282;604:3582.507552861828;603:3583.571136861828;602:3584.4242648618283;3851:3585.4276568618284;4573:3589.7339768618285;1400:3591.4666568618286;971:3595.2650888618286;598:3596.3323448618285;1368:3597.2926808618286;591:3603.163632861829;585:3616.334880861829;940:3622.9147448618287;1370:3629.941368861829;939:3630.638040861829;1903:3631.4596328618286;983:3632.4421448618286;3921:3636.2402888618285;840:3640.8011288618286;2881:3647.4317528618285;5099:3648.5846168618286;2878:3649.7126408618287;1735:3660.6969608618288;2581:3662.0363768618286;370:3663.6192248618286;361:3666.1163288618286;2874:3666.702336861829;1887:3672.357720861829;4059:3674.277024861829;910:3678.793224861829;6541:3679.457352861829;3462:3681.670992861829;3648:3682.000752861829;2851:3686.6749928618287;2850:3687.6083528618287;1801:3690.904032861829;1560:3695.644512861829;5242:3697.327152861829;922:3698.2430648618288;6385:3701.464704861829;3550:3701.726544861829;6322:3707.363784861829;7280:3710.882544861829;2411:3716.7176648618292;1661:3722.5175048618294;7283:3723.5665448618292;796:3732.359064861829;751:3734.2669448618294;4635:3739.3755848618293;6299:3745.3346648618294;4102:3747.6939848618294;4325:3752.9851448618297;7285:3753.90206486183;1218:3755.02526486183;7334:3762.6063848618296;7010:3765.5138648618295;820:3767.4948248618293;7498:3767.962824861829;276:3768.0744248618294;2915:3779.4204248618294;2661:3786.6537848618295;7517:3793.9657448618295;6201:3794.8268648618296;7314:3801.7221848618296;2983:3804.410719472855
0,6,default_vehtype,boarding,True,3804.410719472855,3834.410719472855,2983;-1;-1,2983;-1;-1,0.0,0.5410780415052611,0.5410780415052611,0.0,,0,110,1,,110,,
0,7,default_vehtype,boarding,True,3768.1806658899427,3798.1806658899427,2981;-1;-1,2981;-1;-1,0.0,0.7704163232308269,0.7704163232308269,0.0,,0,115,1,115,,,
0,9,default_vehtype,route,False,3572.662751168587,3783.021120266141,2988;-1;-1,2982;-1;-1,2215.9760560517207,0.9615766522580567,0.9613550546524515,0.0,,0,112,1,,,2988;3447;6082;7383;364;3029;3886;5711;6045;2157;4817;456;5901;7605;2830;5852;6913;1321;597;2204;6066;6049;7367;2188;2186;5744;6033;5746;6031;146;2828;2376;3091;4274;880;3109;3874;4306;429;3125;3406;2825;1944;130;99;4526;714;2800;4339;2419;5404;5421;1925;1883;926;925;5399;1905;830;2795;918;3075;7097;7290;2736;1744;1164;2789;1218;2982,2988:3572.662751168587;3447:3574.2022636115657;6082:3577.025671611566;7383:3577.434559611566;364:3577.8699436115658;3029:3579.8941516115656;3886:3580.3921756115656;5711:3582.9317596115657;6045:3584.3260396115656;2157:3588.514567611566;4817:3588.9913516115657;456:3589.606231611566;5901:3590.361799611566;7605:3593.833495611566;2830:3594.062887611566;5852:3600.589615611566;6913:3602.486023611566;1321:3607.634455611566;597:3608.097343611566;2204:3609.654631611566;6066:3610.300327611566;6049:3614.526655611566;7367:3616.8001996115663;2188:3623.4633676115664;2186:3624.7396396115664;5744:3626.7550636115666;6033:3628.1245036115665;5746:3630.0479116115666;6031:3631.5395356115664;146:3632.5006636115663;2828:3633.5924716115665;2376:3639.0943516115663;3091:3652.416079611566;4274:3653.5590076115664;880:3654.1503436115663;3109:3656.000887611566;3874:3661.865167611566;4306:3673.980727611566;429:3675.3830476115663;3125:3676.6365676115665;3406:3688.9909276115663;2825:3691.4606476115664;1944:3692.7720076115666;130:3695.1596476115665;99:3695.6398876115663;4526:3704.0494876115663;714:3706.8463276115663;2800:3708.8527276115665;4339:3710.3464876115663;2419:3714.9555676115665;5404:3719.1824476115667;5421:3720.287767611567;1925:3720.4310476115666;1883:3721.4683276115666;926:3725.7208876115665;925:3728.6652076115665;5399:3737.9700076115664;1905:3739.2966076115663;830:3740.4734476115664;2795:3741.6571276115665;918:3742.7992876115663;3075:3750.6722476115665;7097:3751.5216076115667;7290:3757.3237276115665;2736:3766.0422076115665;1744:3767.4974476115663;1164:3778.6059676115665;2789:3780.0177676115663;1218:3781.1409676115663;2982:3783.021120266141
0,9,default_vehtype,boarding,True,3783.021120266141,3813.021120266141,2982;-1;-1,2982;-1;-1,0.0,0.9613550546524515,0.9613550546524515,0.0,,0,112,1,,112,,
0,9,default_vehtype,route,False,3813.021120266141,3831.0155309165384,2982;-1;-1,2978;-1;-1,149.95342208664545,0.9613550546524515,0.9613400593102429,0.0,,0,,0,,,2982;2809;4365;7288;1182;2978,2982:3813.021120266141;2809:3818.722087611566;4365:3826.303207611566;7288:3827.426407611566;1182:3828.343327611566;2978:3831.0155309165384
0,11,default_vehtype,route,False,3736.9834627899613,3791.084784,2970;-1;-1,2969;-1;-1,543.4817047950673,0.8885103032733628,0.8884559551028833,0.0,,0,114,1,,,2970;671;544;7400;5449;6824;4848;3271;4846;4989;5000;337;1075;4198;336;2969,2970:3736.9834627899613;671:3738.013578951947;544:3740.7031389519466;7400:3741.778698951947;5449:3742.977738951947;6824:3747.2310189519467;4848:3754.711338951947;3271:3760.264458951947;4846:3762.1375389519467;4989:3774.4100589519467;5000:3779.1696189519466;337:3786.9298509519467;1075:3787.9536909519466;4198:3788.9353389519465;336:3789.9584589519463;2969:3791.084784
0,11,default_vehtype,boarding,True,3791.084784,3821.084784,2969;-1;-1,2969;-1;-1,0.0,0.8884559551028833,0.8884559551028833,0.0,,0,114,1,,114,,
0,0,default_vehtype,route,False,3840.0,3842.9840648314125,2988;-1;-1,2972;-1;-1,41.44534488073482,0.6891775671246151,0.689173422590127,0.0,,0,,0,,,2988;3447;2972,2988:3840;3447:3841.539512442979;2972:3842.9840648314125
0,0,default_vehtype,boarding,True,3842.9840648314125,3872.9840648314125,2972;-1;-1,2972;-1;-1,0.0,0.689173422590127,0.689173422590127,0.0,,0,120,1,120,,,
0,1,default_vehtype,route,False,3668.424886673119,3849.3943245158184,2966;-1;-1,2970;-1;-1,1660.3445869925658,0.8552342983750443,0.855068263916345,0.0,,0,109,1,,,2966;2743;2631;2150;735;738;1096;3736;81;831;2413;1146;832;1880;1340;3638;3641;7177;5275;5297;5072;1464;2847;5825;4587;5794;3202;2065;2023;4203;4198;336;2759;1664;1659;4844;3270;4850;6823;1946;7401;3560;2970,2966:3668.424886673119;2743:3676.2687149635185;2631:3680.280143534947;2150:3697.2104292492327;735:3707.692600677804;738:3713.8604292492323;1096:3723.399400677804;3736:3723.662416677804;81:3727.5113206778037;831:3738.3579046778036;2413:3739.3456006778038;1146:3740.158984677804;832:3740.9674006778037;1880:3743.5650886778035;1340:3755.0979046778034;3638:3756.0843766778034;3641:3757.1479606778034;7177:3760.7263606778033;5275:3765.2356486778035;5297:3768.6144646778034;5072:3768.8447206778033;1464:3775.7852326778034;2847:3776.8559446778036;5825:3779.7545926778034;4587:3782.0349046778033;5794:3783.6550486778033;3202:3787.7764006778034;2065:3792.9206566778034;2023:3798.4789846778035;4203:3799.2797686778035;4198:3800.2614166778035;336:3801.2845366778033;2759:3806.0145046778034;1664:3809.2684006778036;1659:3814.0279606778035;4844:3826.3004806778035;3270:3828.1735606778034;4850:3833.7266806778034;6823:3841.2070006778035;1946:3845.4602806778034;7401:3846.6593206778034;3560:3847.7348806778036;2970:3849.3943245158184
0,1,default_vehtype,boarding,True,3849.3943245158184,3879.3943245158184,2970;-1;-1,2970;-1;-1,0.0,0.855068263916345,0.855068263916345,0.0,,0,109,1,,109,,
0,2,default_vehtype,route,False,3600.158021267548,3854.985772440033,2977;-1;-1,2991;-1;-1,2383.691365711668,0.914474563617388,0.9142361944808168,0.0,,0,111,1,,,2977;6202;7315;7530;2803;7558;2806;4344;2996;3013;7322;2804;3061;1173;3425;3125;3406;2825;1944;130;99;4526;714;2800;4332;799;3653;3825;7127;1836;4248;5046;7138;6879;1367;3637;3640;3643;7179;5275;5297;5072;1464;2847;5825;4587;5794;3202;2065;2023;4203;537;2991,2977:3600.158021267548;6202:3604.05111337066;7315:3610.94643337066;7530:3618.16191337066;2803:3625.71687337066;7558:3633.11187337066;2806:3640.9457133706596;4344:3642.1487133706596;2996:3644.1921933706594;3013:3648.9773133706594;7322:3652.9879533706594;2804:3656.3147133706593;3061:3662.9827533706593;1173:3668.5811133706593;3425:3669.7640733706594;3125:3671.0175933706596;3406:3683.3719533706594;2825:3685.8416733706595;1944:3687.1530333706596;130:3689.5406733706595;99:3690.0209133706594;4526:3698.4305133706594;714:3701.2273533706593;2800:3703.2337533706595;4332:3704.0493933706593;799:3705.230313370659;3653:3709.826553370659;3825:3711.075153370659;7127:3754.635273370659;1836:3755.986233370659;4248:3770.531433370659;5046:3786.8719533706594;7138:3788.5105533706596;6879:3794.7769533706596;1367:3806.2698333706594;3637:3808.1629533706596;3640:3809.01608137066;3643:3810.0796653706598;7179:3813.6580653706596;5275:3818.16735337066;5297:3821.5461693706598;5072:3821.7764253706596;1464:3828.7169373706597;2847:3829.78764937066;5825:3832.6862973706598;4587:3834.9666093706596;5794:3836.5867533706596;3202:3840.7081053706597;2065:3845.8523613706598;2023:3851.41068937066;4203:3852.21147337066;537:3853.16547337066;2991:3854.985772440033
0,2,default_vehtype,boarding,True,3854.985772440033,3884.985772440033,2991;-1;-1,2991;-1;-1,0.0,0.9142361944808168,0.9142361944808168,0.0,,0,111;121,2,121,111,,
0,3,default_vehtype,route,False,3700.320430280956,3849.634107207551,2987;-1;-1,2977;-1;-1,1622.6786912200073,0.7625939775889937,0.7624317097198717,0.0,,0,116,1,,,2987;4613;1084;7357;3525;6025;3063;6027;7362;2188;2186;5744;6033;5746;6031;146;2828;2376;3091;4274;880;3109;3874;4306;429;4313;68;7318;7325;3011;4;4345;7330;7562;7316;7531;2802;2977,2987:3700.320430280956;4613:3701.9166793106633;1084:3705.451663310663;7357:3710.036191310663;3525:3720.915031310663;6025:3722.656495310663;3063:3723.9211753106633;6027:3725.2231513106635;7362:3729.2313913106636;2188:3735.8945593106637;2186:3737.1708313106637;5744:3739.186255310664;6033:3740.555695310664;5746:3742.479103310664;6031:3743.9707273106637;146:3744.9318553106637;2828:3746.023663310664;2376:3751.5255433106636;3091:3764.8472713106635;4274:3765.9901993106637;880:3766.5815353106636;3109:3768.4320793106635;3874:3774.2963593106633;4306:3786.4119193106635;429:3787.8142393106637;4313:3788.9971993106637;68:3794.5955593106637;7318:3801.2635993106637;7325:3804.5903593106636;3011:3808.6009993106636;4:3813.3861193106636;4345:3815.4295993106634;7330:3816.6325993106634;7562:3824.466439310663;7316:3831.861439310663;7531:3839.416399310663;2802:3846.631879310663;2977:3849.634107207551
0,3,default_vehtype,boarding,True,3849.634107207551,3879.634107207551,2977;-1;-1,2977;-1;-1,0.0,0.7624317097198717,0.7624317097198717,0.0,,0,116,1,,116,,
0,5,default_vehtype,route,False,3780.0,3888.1806658899427,2975;-1;-1,2981;-1;-1,924.4919490828495,0.9329500675506964,0.9328576183557882,0.0,,0,,0,,,2975;1166;429;3125;3406;2825;1944;130;99;4526;714;2800;4339;2419;5404;5421;1925;1883;926;925;5399;1905;830;2795;1891;827;6499;1803;1141;5241;922;6385;3550;2981,2975:3780;1166:3790.110872744087;429:3791.513192744087;3125:3792.7667127440873;3406:3805.121072744087;2825:3807.590792744087;1944:3808.9021527440873;130:3811.289792744087;99:3811.770032744087;4526:3820.179632744087;714:3822.976472744087;2800:3824.982872744087;4339:3826.476632744087;2419:3831.0857127440872;5404:3835.3125927440874;5421:3836.4179127440875;1925:3836.5611927440873;1883:3837.5984727440873;926:3841.851032744087;925:3844.7953527440873;5399:3854.100152744087;1905:3855.426752744087;830:3856.603592744087;2795:3857.787272744087;1891:3858.0411927440873;827:3859.1070327440875;6499:3868.4618727440875;1803:3874.4244327440874;1141:3879.9290727440875;5241:3881.5171527440875;922:3882.4330647440875;6385:3885.6547047440877;3550:3885.916544744088;2981:3888.1806658899427
0,9,default_vehtype,boarding,True,3831.0155309165384,3861.0155309165384,2978;-1;-1,2978;-1;-1,0.0,0.9613400593102429,0.9613400593102429,0.0,,0,118,1,118,,,
0,0,default_vehtype,route,False,3872.9840648314125,3900.0,2972;-1;-1,6913;1321;0.034,375.2213217859377,0.689173422590127,0.6891359004579485,0.0,,0,120,1,,,2972;6079;7380;364;3029;3886;5711;6045;2157;4817;456;5901;7605;2830;5852;6913,2972:3872.9840648314125;6079:3874.3629204429785;7380:3874.7718084429785;364:3875.2071924429783;3029:3877.231400442978;3886:3877.729424442978;5711:3880.2690084429782;6045:3881.6632884429782;2157:3885.8518164429784;4817:3886.3286004429783;456:3886.9434804429784;5901:3887.6990484429784;7605:3891.1707444429785;2830:3891.4001364429787;5852:3897.9268644429785;6913:3899.8232724429786
0,0,default_vehtype,route,False,3900.0,3935.931022109512,6913;1321;0.034,2974;-1;-1,499.0419737432132,0.6891359004579485,0.6890859962605742,0.0,,0,120,1,,,6913;1321;597;2204;6066;6049;7367;2188;2186;5744;6033;5746;6031;146;2828;2974,6913:3900;1321:3904.9717044429785;597:3905.4345924429786;2204:3906.9918804429785;6066:3907.6375764429786;6049:3911.8639044429788;7367:3914.137448442979;2188:3920.800616442979;2186:3922.076888442979;5744:3924.092312442979;6033:3925.461752442979;5746:3927.385160442979;6031:3928.876784442979;146:3929.837912442979;2828:3930.929720442979;2974:3935.931022109512
0,4,default_vehtype,route,False,3802.9819306562613,3909.752782029221,2992;-1;-1,2970;-1;-1,1286.4486921910304,0.8204810940326821,0.8203524491634631,0.0,,0,117,1,,,2992;2526;5444;1716;2720;4210;1711;98;2497;7434;2760;542;1074;336;2759;1664;1659;4844;3270;4850;6823;1946;7401;3560;2970,2992:3802.9819306562613;2526:3812.1841781912067;5444:3822.7205861912066;1716:3825.5109461912066;2720:3826.2575861912064;4210:3827.1558581912063;1711:3828.2855381912063;98:3836.9013461912064;2497:3838.4119781912063;7434:3845.6198261912064;2760:3852.1583621912064;542:3859.6864661912064;1074:3860.6198741912062;336:3861.642994191206;2759:3866.372962191206;1664:3869.6268581912063;1659:3874.3864181912063;4844:3886.6589381912063;3270:3888.532018191206;4850:3894.085138191206;6823:3901.5654581912063;1946:3905.818738191206;7401:3907.017778191206;3560:3908.0933381912064;2970:3909.752782029221
0,4,default_vehtype,boarding,True,3909.752782029221,3939.752782029221,2970;-1;-1,2970;-1;-1,0.0,0.8203524491634631,0.8203524491634631,0.0,,0,117,1,,117,,
0,5,default_vehtype,boarding,True,3888.1806658899427,3918.1806658899427,2981;-1;-1,2981;-1;-1,0.0,0.9328576183557882,0.9328576183557882,0.0,,0,119,1,119,,,
0,0,default_vehtype,boarding,True,3935.931022109512,3965.931022109512,2974;-1;-1,2974;-1;-1,0.0,0.6890859962605742,0.6890859962605742,0.0,,0,120;122,2,122,,,
0,0,default_vehtype,route,False,3965.931022109512,3991.207103698892,2974;-1;-1,2975;-1;-1,307.3402039863188,0.6890859962605742,0.6890552622401755,0.0,,0,120;122,2,,,2974;6479;3091;4274;880;3109;3874;2975,2974:3965.931022109512;6479:3966.4316004429793;3091:3979.753328442979;4274:3980.8962564429794;880:3981.4875924429793;3109:3983.3381364429792;3874:3989.202416442979;2975:3991.207103698892
0,10,default_vehtype,route,False,3696.048640833386,3976.7800946505577,2967;-1;-1,2986;-1;-1,3022.2933030162817,0.9440509503055328,0.9437487209752311,0.0,,0,113,1,,,2967;3896;6788;5444;1716;2720;4210;1711;98;2497;7434;2760;542;1074;4204;5649;5760;205;5793;1407;5826;7411;4686;5074;5295;5274;7181;604;603;1365;2574;7139;1693;1114;5299;7129;754;611;1812;1186;7311;3767;4527;3089;3131;5447;7352;414;122;3426;4305;793;118;3979;4275;103;6480;7360;2986,2967:3696.048640833386;3896:3702.12818726816;6788:3703.39517126816;5444:3713.93157926816;1716:3716.72193926816;2720:3717.46857926816;4210:3718.3668512681597;1711:3719.4965312681597;98:3728.1123392681598;2497:3729.6229712681597;7434:3736.8308192681598;2760:3743.36935526816;542:3750.8974592681598;1074:3751.8308672681596;4204:3752.8125152681596;5649:3753.6132992681596;5760:3759.1716272681597;205:3764.3158832681597;5793:3768.43723526816;1407:3770.05737926816;5826:3772.3376912681597;7411:3775.2363392681596;4686:3776.3070512681597;5074:3783.24756326816;5295:3783.4778192681597;5274:3786.8566352681596;7181:3791.36592326816;604:3794.9443232681597;603:3796.0079072681597;1365:3797.9496272681595;2574:3809.4575072681596;7139:3815.7239072681596;1693:3817.36250726816;1114:3833.70302726816;5299:3848.24822726816;7129:3849.59918726816;754:3893.1593072681603;611:3894.40790726816;1812:3898.97906726816;1186:3900.1562672681603;7311:3900.97190726816;3767:3902.9783072681603;4527:3905.7751472681603;3089:3914.18474726816;3131:3914.66498726816;5447:3917.05262726816;7352:3918.36398726816;414:3920.83370726816;122:3933.18806726816;3426:3934.44158726816;4305:3935.8439072681604;793:3947.9594672681606;118:3953.8237472681603;3979:3955.6742912681602;4275:3956.26562726816;103:3957.4085552681604;6480:3970.7302832681603;7360:3976.23216326816;2986:3976.7800946505577
0,10,default_vehtype,boarding,True,3976.7800946505577,4006.7800946505577,2986;-1;-1,2986;-1;-1,0.0,0.9437487209752311,0.9437487209752311,0.0,,0,113,1,,113,,
0,0,default_vehtype,boarding,True,3991.207103698892,4021.207103698892,2975;-1;-1,2975;-1;-1,0.0,0.6890552622401755,0.6890552622401755,0.0,,0,120;122,2,,120,,
0,3,default_vehtype,route,False,4020.0,4068.407015408084,2977;-1;-1,2978;-1;-1,403.3917950673678,0.7624317097198717,0.762391370540365,0.0,,0,,0,,,2977;6202;7516;7037;7512;3274;2902;3901;7011;7336;4365;7288;1182;2978,2977:4020;6202:4023.893092103112;7516:4024.754212103112;7037:4032.066172103112;7512:4039.299532103112;3274:4050.645532103112;2902:4050.7571321031123;3901:4051.225132103112;7011:4053.206092103112;7336:4056.113572103112;4365:4063.6946921031117;7288:4064.8178921031117;1182:4065.734812103112;2978:4068.407015408084
0,6,default_vehtype,route,False,4020.0,4034.7446532858626,2983;-1;-1,2977;-1;-1,122.87211071552242,0.5410780415052611,0.5410657542941895,0.0,,0,,0,,,2983;7527;2802;2977,2983:4020;7527:4024.5269453889746;2802:4031.7424253889744;2977:4034.7446532858626
0,6,default_vehtype,boarding,True,4034.7446532858626,4064.7446532858626,2977;-1;-1,2977;-1;-1,0.0,0.5410657542941895,0.5410657542941895,0.0,,0,124,1,124,,,
0,7,default_vehtype,route,False,3798.1806658899427,4028.5135807621873,2981;-1;-1,2993;-1;-1,3062.6160462581374,0.7704163232308269,0.7701100616262011,0.0,,0,115,1,,,2981;6320;3549;6384;4032;1804;4811;5237;608;459;2416;4011;5246;363;366;2314;2877;1748;2880;906;984;2268;1857;1806;1371;938;5442;4054;2205;1369;2047;3631;4079;4572;4577;778;3636;3639;3642;7178;5275;5297;5072;1464;2847;5825;4587;5794;3202;2065;2023;4203;537;18;5629;1068;2559;6740;1717;2067;2063;1937;6789;3895;5465;7450;2993,2981:3798.1806658899427;6320:3801.553784744088;3549:3807.191024744088;6384:3807.452864744088;4032:3810.674504744088;1804:3811.590416744088;4811:3813.273056744088;5237:3818.013536744088;608:3826.879616744088;459:3827.209376744088;2416:3829.423016744088;4011:3830.0871447440877;5246:3836.012312744088;363:3842.921000744088;366:3844.326080744088;2314:3845.4709527440878;2877:3858.6420567440878;1748:3859.7605767440878;2880:3860.9223687440876;906:3873.1476807440877;984:3875.9173767440875;2268:3876.6652407440874;1857:3877.0511607440876;1806:3877.7133447440874;1371:3878.3835207440875;938:3880.9646487440873;5442:3890.6852967440873;4054:3898.325288744087;2205:3904.0777287440874;1369:3910.5238887440873;2047:3911.4669447440874;3631:3913.0297767440875;4079:3914.0970327440873;4572:3917.8954647440873;4577:3919.6281447440874;778:3923.9344647440876;3636:3924.9378567440876;3639:3925.790984744088;3642:3926.854568744088;7178:3930.4329687440877;5275:3934.942256744088;5297:3938.321072744088;5072:3938.5513287440876;1464:3945.4918407440878;2847:3946.562552744088;5825:3949.461200744088;4587:3951.7415127440877;5794:3953.3616567440877;3202:3957.483008744088;2065:3962.627264744088;2023:3968.185592744088;4203:3968.986376744088;537:3969.940376744088;18:3975.807944744088;5629:3981.657368744088;1068:3984.2097687440883;2559:3991.2603687440883;6740:3995.7309927440883;1717:4001.5647207440884;2067:4002.3025047440883;2063:4003.0187607440885;1937:4006.2887127440886;6789:4016.8251207440885;3895:4018.0921047440884;5465:4025.6240247440883;7450:4026.6082647440885;2993:4028.5135807621873
0,7,default_vehtype,boarding,True,4028.5135807621873,4058.5135807621873,2993;-1;-1,2993;-1;-1,0.0,0.7701100616262011,0.7701100616262011,0.0,,0,115,1,,115,,
0,9,default_vehtype,route,False,3861.0155309165384,4074.52837265962,2978;-1;-1,2969;-1;-1,2609.13704257042,0.9613400593102429,0.9610791456059858,0.0,,0,118,1,,,2978;4103;6297;1434;3820;3877;2787;4993;6537;7281;2307;3549;6384;4032;1804;4811;5237;608;459;2416;4011;5246;363;366;2314;2877;1748;2880;906;984;2268;1857;1806;1371;938;5442;4054;2205;1369;2047;3631;4079;4572;4577;778;3636;3639;3642;7178;5275;5297;5072;1464;2847;5825;4587;5794;3202;2065;2023;4203;4198;336;2969,2978:3861.0155309165384;4103:3863.634487611566;6297:3865.993807611566;1434:3871.952887611566;3820:3877.061527611566;3877:3878.969407611566;2787:3887.761927611566;4993:3888.810967611566;6537:3894.610807611566;7281:3900.4459276115663;2307:3903.964687611566;3549:3909.601927611566;6384:3909.8637676115663;4032:3913.0854076115666;1804:3914.0013196115665;4811:3915.6839596115665;5237:3920.4244396115664;608:3929.290519611566;459:3929.6202796115663;2416:3931.833919611566;4011:3932.498047611566;5246:3938.4232156115663;363:3945.3319036115663;366:3946.7369836115663;2314:3947.881855611566;2877:3961.052959611566;1748:3962.171479611566;2880:3963.333271611566;906:3975.558583611566;984:3978.328279611566;2268:3979.076143611566;1857:3979.462063611566;1806:3980.124247611566;1371:3980.794423611566;938:3983.3755516115657;5442:3993.0961996115657;4054:4000.7361916115656;2205:4006.488631611566;1369:4012.9347916115657;2047:4013.877847611566;3631:4015.440679611566;4079:4016.5079356115657;4572:4020.3063676115657;4577:4022.039047611566;778:4026.345367611566;3636:4027.348759611566;3639:4028.2018876115662;3642:4029.265471611566;7178:4032.843871611566;5275:4037.3531596115663;5297:4040.731975611566;5072:4040.962231611566;1464:4047.902743611566;2847:4048.9734556115664;5825:4051.872103611566;4587:4054.152415611566;5794:4055.772559611566;3202:4059.893911611566;2065:4065.038167611566;2023:4070.5964956115663;4203:4071.3972796115663;4198:4072.3789276115663;336:4073.402047611566;2969:4074.52837265962
0,2,default_vehtype,route,False,3884.985772440033,4134.756074407513,2991;-1;-1,2984;-1;-1,2197.08589616899,0.9142361944808168,0.9140164858911999,0.0,,0,121,1,,,2991;3010;5658;3008;4585;330;4588;5827;7412;4686;5074;5295;5274;7181;604;603;1365;2574;7139;1693;1114;5299;7129;754;611;1812;1186;7311;3767;4527;3089;3131;5447;7352;414;122;3426;4314;68;7318;7325;3011;4;4345;1199;1204;2996;2984,2991:3884.985772440033;3010:3889.03304137066;5658:3889.8406413706603;3008:3897.94352137066;4585:3920.2718013706603;330:3929.8674813706602;4588:3930.4398813706603;5827:3932.72019337066;7412:3935.61884137066;4686:3936.68955337066;5074:3943.6300653706603;5295:3943.86032137066;5274:3947.23913737066;7181:3951.7484253706602;604:3955.32682537066;603:3956.39040937066;1365:3958.33212937066;2574:3969.84000937066;7139:3976.10640937066;1693:3977.7450093706602;1114:3994.0855293706604;5299:4008.6307293706604;7129:4009.9816893706607;754:4053.5418093706608;611:4054.7904093706607;1812:4059.3615693706606;1186:4060.5387693706607;7311:4061.3544093706605;3767:4063.3608093706607;4527:4066.1576493706607;3089:4074.5672493706606;3131:4075.0474893706605;5447:4077.4351293706604;7352:4078.7464893706606;414:4081.2162093706606;122:4093.5705693706605;3426:4094.8240893706607;4314:4096.007049370661;68:4101.605409370661;7318:4108.27344937066;7325:4111.60020937066;3011:4115.610849370661;4:4120.39596937066;4345:4122.43944937066;1199:4126.429792227803;1204:4130.420135084945;2996:4132.463615084946;2984:4134.756074407513
0,3,default_vehtype,boarding,True,4068.407015408084,4098.407015408084,2978;-1;-1,2978;-1;-1,0.0,0.762391370540365,0.762391370540365,0.0,,0,123,1,123,,,
0,5,default_vehtype,route,False,3918.1806658899427,4080.956240696336,2981;-1;-1,2974;-1;-1,1500.4598469308316,0.9328576183557882,0.9327075723710951,0.0,,0,119,1,,,2981;6320;3549;6384;4032;1804;4277;5239;6501;3911;5389;7301;3914;5398;5400;4040;4041;5374;5418;5424;5403;6546;1200;7312;3767;4527;3089;3131;5447;7352;414;122;3426;4305;793;118;3979;4275;103;6480;7360;3154;6028;2181;2180;146;2828;2974,2981:3918.1806658899427;6320:3921.553784744088;3549:3927.191024744088;6384:3927.452864744088;4032:3930.674504744088;1804:3931.590416744088;4277:3933.178496744088;5239:3938.683136744088;6501:3944.645696744088;3911:3954.000536744088;5389:3955.0663767440883;7301:3955.3202967440884;3914:3956.5039767440885;5398:3957.6808167440886;5400:3959.0074167440885;4040:3968.3122167440883;4041:3971.2565367440884;5374:3975.5090967440883;5418:3976.5463767440883;5424:3976.689656744088;5403:3977.794976744088;6546:3982.0218567440884;1200:3986.6309367440886;7312:3988.1246967440884;3767:3990.1310967440886;4527:3992.9279367440886;3089:4001.3375367440885;3131:4001.8177767440884;5447:4004.2054167440883;7352:4005.5167767440885;414:4007.9864967440885;122:4020.3408567440883;3426:4021.5943767440885;4305:4022.9966967440887;793:4035.112256744089;118:4040.9765367440887;3979:4042.8270807440886;4275:4043.4184167440885;103:4044.5613447440887;6480:4057.8830727440886;7360:4063.3849527440884;3154:4064.4767607440886;6028:4065.4378887440885;2181:4069.6699458869457;2180:4073.902003029803;146:4074.863131029803;2828:4075.954939029803;2974:4080.956240696336
0,5,default_vehtype,boarding,True,4080.956240696336,4110.956240696336,2974;-1;-1,2974;-1;-1,0.0,0.9327075723710951,0.9327075723710951,0.0,,0,119;125,2,125,119,,
0,9,default_vehtype,boarding,True,4074.52837265962,4104.52837265962,2969;-1;-1,2969;-1;-1,0.0,0.9610791456059858,0.9610791456059858,0.0,,0,118,1,,118,,
0,0,default_vehtype,route,False,4021.207103698892,4140.358369097554,2975;-1;-1,2982;-1;-1,992.9272116555164,0.6890552622401755,0.68895596951901,0.0,,0,122,1,,,2975;1166;429;3125;3406;2825;1944;130;99;4526;714;2800;4339;2419;5404;5421;1925;1883;926;925;5399;1905;830;2795;918;3075;7097;7290;2736;1744;1164;2789;1218;2982,2975:4021.207103698892;1166:4031.3179764429788;429:4032.720296442979;3125:4033.973816442979;3406:4046.328176442979;2825:4048.797896442979;1944:4050.109256442979;130:4052.496896442979;99:4052.977136442979;4526:4061.386736442979;714:4064.183576442979;2800:4066.189976442979;4339:4067.683736442979;2419:4072.292816442979;5404:4076.5196964429792;5421:4077.6250164429794;1925:4077.768296442979;1883:4078.805576442979;926:4083.058136442979;925:4086.002456442979;5399:4095.307256442979;1905:4096.633856442979;830:4097.810696442979;2795:4098.994376442979;918:4100.136536442979;3075:4108.009496442979;7097:4108.858856442979;7290:4114.6609764429795;2736:4123.379456442979;1744:4124.834696442979;1164:4135.943216442979;2789:4137.355016442979;1218:4138.478216442979;2982:4140.358369097554
0,0,default_vehtype,boarding,True,4140.358369097554,4170.358369097554,2982;-1;-1,2982;-1;-1,0.0,0.68895596951901,0.68895596951901,0.0,,0,122,1,,122,,
0,2,default_vehtype,boarding,True,4134.756074407513,4164.756074407513,2984;-1;-1,2984;-1;-1,0.0,0.9140164858911999,0.9140164858911999,0.0,,0,121,1,,121,,
0,2,default_vehtype,boarding,True,4164.756074407513,4194.756074407513,2984;-1;-1,2984;-1;-1,0.0,0.9140164858911999,0.9140164858911999,0.0,,0,126,1,126,,,
0,6,default_vehtype,route,False,4064.7446532858626,4150.577129824173,2977;-1;-1,2979;-1;-1,715.2706378192755,0.5410657542941895,0.5409942272304076,0.0,,0,124,1,,,2977;6202;7516;7037;7512;3274;2902;3901;7011;7336;4365;7288;1182;1001;6296;1434;3820;3877;2787;4993;6537;2979,2977:4064.7446532858626;6202:4068.6377453889745;7516:4069.4988653889745;7037:4076.8108253889745;7512:4084.0441853889747;3274:4095.3901853889747;2902:4095.501785388975;3901:4095.9697853889747;7011:4097.950745388975;7336:4100.8582253889745;4365:4108.439345388974;7288:4109.562545388974;1182:4110.479465388974;1001:4115.770625388974;6296:4118.129945388973;1434:4124.089025388973;3820:4129.197665388973;3877:4131.105545388973;2787:4139.898065388973;4993:4140.947105388973;6537:4146.746945388973;2979:4150.577129824173
0,6,default_vehtype,boarding,True,4150.577129824173,4180.577129824173,2979;-1;-1,2979;-1;-1,0.0,0.5409942272304076,0.5409942272304076,0.0,,0,124,1,,124,,
0,10,default_vehtype,route,False,4140.0,4181.962803587895,2986;-1;-1,2987;-1;-1,582.8167164985365,0.9437487209752311,0.9436904393035812,0.0,,0,,0,,,2986;3155;6029;5745;6035;5743;6038;6041;7365;2179;3064;6023;3524;7356;4225;2987,2986:4140;3155:4140.543876617602;6029:4141.505004617602;5745:4142.996628617602;6035:4144.920036617602;5743:4146.289476617602;6038:4148.3049006176025;6041:4149.5811726176025;7365:4156.244340617603;2179:4160.252580617603;3064:4161.554556617602;6023:4162.819236617603;3524:4164.560700617602;7356:4175.439540617603;4225:4180.024068617603;2987:4181.962803587895
0,0,default_vehtype,route,False,4200.0,4217.994410650397,2982;-1;-1,2978;-1;-1,149.95342208664545,0.68895596951901,0.6889409741768013,0.0,,0,,0,,,2982;2809;4365;7288;1182;2978,2982:4200;2809:4205.700967345425;4365:4213.282087345425;7288:4214.405287345425;1182:4215.322207345424;2978:4217.994410650397
0,0,default_vehtype,boarding,True,4217.994410650397,4247.994410650397,2978;-1;-1,2978;-1;-1,0.0,0.6889409741768013,0.6889409741768013,0.0,,0,129,1,129,,,
0,2,default_vehtype,route,False,4194.756074407513,4208.123821714285,2984;-1;-1,2976;-1;-1,111.3978942231051,0.9140164858911999,0.9140053461017776,0.0,,0,126,1,,,2984;3012;4;4345;7330;2976,2984:4194.756074407513;3012:4197.248735084945;4:4202.033855084945;4345:4204.077335084945;7330:4205.280335084945;2976:4208.123821714285
0,2,default_vehtype,boarding,True,4208.123821714285,4238.123821714285,2976;-1;-1,2976;-1;-1,0.0,0.9140053461017776,0.9140053461017776,0.0,,0,126,1,,126,,
0,7,default_vehtype,route,False,4200.0,4234.403924446956,2993;-1;-1,2992;-1;-1,477.8322839854968,0.7701100616262011,0.7700622783978025,0.0,,0,,0,,,2993;4483;7446;1960;816;6786;5444;1716;2720;4210;2067;2063;1937;2992,2993:4200;4483:4200.761419981901;7446:4203.428155981901;1960:4204.412395981901;816:4211.944315981901;6786:4213.211299981901;5444:4223.747707981901;1716:4226.538067981901;2720:4227.284707981901;4210:4228.182979981902;2067:4229.083555981902;2063:4229.799811981901;1937:4233.069763981901;2992:4234.403924446956
0,10,default_vehtype,boarding,True,4181.962803587895,4211.962803587895,2987;-1;-1,2987;-1;-1,0.0,0.9436904393035812,0.9436904393035812,0.0,,0,127,1,127,,,
0,7,default_vehtype,boarding,True,4234.403924446956,4264.403924446956,2992;-1;-1,2992;-1;-1,0.0,0.7700622783978025,0.7700622783978025,0.0,,0,128,1,128,,,
0,10,default_vehtype,route,False,4211.962803587895,4262.667338284136,2987;-1;-1,2974;-1;-1,704.2296485588942,0.9436904393035812,0.9436200163387253,0.0,,0,127,1,,,2987;4613;1084;7357;3525;6025;3063;6027;7362;2188;2186;5744;6033;5746;6031;146;2828;2974,2987:4211.962803587895;4613:4213.559052617603;1084:4217.094036617603;7357:4221.678564617603;3525:4232.557404617603;6025:4234.298868617603;3063:4235.563548617603;6027:4236.865524617603;7362:4240.873764617603;2188:4247.536932617603;2186:4248.813204617603;5744:4250.8286286176035;6033:4252.198068617604;5746:4254.121476617604;6031:4255.613100617604;146:4256.574228617604;2828:4257.666036617604;2974:4262.667338284136
0,10,default_vehtype,boarding,True,4262.667338284136,4292.667338284136,2974;-1;-1,2974;-1;-1,0.0,0.9436200163387253,0.9436200163387253,0.0,,0,127,1,,127,,
0,1,default_vehtype,route,False,4320.0,4327.381840040903,2970;-1;-1,2990;-1;-1,61.51533367418344,0.855068263916345,0.8550621123829776,0.0,,0,,0,,,2970;671;544;7400;5449;2990,2970:4320;671:4321.0301161619855;544:4323.719676161985;7400:4324.7952361619855;5449:4325.994276161986;2990:4327.381840040903
0,1,default_vehtype,boarding,True,4327.381840040903,4357.381840040903,2990;-1;-1,2990;-1;-1,0.0,0.8550621123829776,0.8550621123829776,0.0,,0,131,1,131,,,
0,3,default_vehtype,route,False,4098.407015408084,4347.742399626189,2978;-1;-1,2968;-1;-1,3106.672354723554,0.762391370540365,0.7620807033048926,0.0,,0,123,1,,,2978;4103;6297;1434;3820;3877;2787;4993;6537;7281;2307;3549;6384;4032;1804;4811;5237;608;459;2416;4011;5246;363;366;2314;2877;1748;2880;906;984;2268;1857;1806;1371;938;5442;4054;2205;1369;2047;3631;4079;4572;4577;778;3636;3639;3642;7178;5275;5297;5072;1464;2847;5825;4587;5794;3202;2065;2023;4203;537;18;5629;1068;2559;6740;1717;2067;2720;4210;1711;2968,2978:4098.407015408084;4103:4101.025972103112;6297:4103.385292103111;1434:4109.344372103111;3820:4114.453012103111;3877:4116.360892103111;2787:4125.153412103111;4993:4126.202452103111;6537:4132.00229210311;7281:4137.83741210311;2307:4141.35617210311;3549:4146.99341210311;6384:4147.25525210311;4032:4150.47689210311;1804:4151.39280410311;4811:4153.07544410311;5237:4157.815924103111;608:4166.682004103111;459:4167.01176410311;2416:4169.22540410311;4011:4169.8895321031105;5246:4175.81470010311;363:4182.723388103111;366:4184.128468103111;2314:4185.273340103111;2877:4198.444444103111;1748:4199.562964103111;2880:4200.724756103111;906:4212.95006810311;984:4215.719764103111;2268:4216.467628103111;1857:4216.85354810311;1806:4217.51573210311;1371:4218.18590810311;938:4220.76703610311;5442:4230.48768410311;4054:4238.12767610311;2205:4243.880116103111;1369:4250.326276103111;2047:4251.269332103111;3631:4252.832164103111;4079:4253.899420103111;4572:4257.697852103111;4577:4259.430532103111;778:4263.73685210311;3636:4264.74024410311;3639:4265.59337210311;3642:4266.65695610311;7178:4270.2353561031105;5275:4274.744644103111;5297:4278.123460103111;5072:4278.353716103111;1464:4285.294228103111;2847:4286.364940103111;5825:4289.263588103111;4587:4291.543900103111;5794:4293.164044103111;3202:4297.285396103111;2065:4302.429652103111;2023:4307.987980103111;4203:4308.788764103111;537:4309.742764103111;18:4315.6103321031105;5629:4321.4597561031105;1068:4324.01215610311;2559:4331.06275610311;6740:4335.533380103109;1717:4341.367108103109;2067:4342.104892103109;2720:4342.868308103109;4210:4343.766580103109;1711:4344.896260103109;2968:4347.742399626189
0,3,default_vehtype,boarding,True,4347.742399626189,4377.742399626189,2968;-1;-1,2968;-1;-1,0.0,0.7620807033048926,0.7620807033048926,0.0,,0,123,1,,123,,
0,5,default_vehtype,route,False,4110.956240696336,4326.081901724959,2974;-1;-1,2970;-1;-1,2128.3671755038336,0.9327075723710951,0.9324947356535448,0.0,,0,125,1,,,2974;6479;7359;3154;6028;5745;6035;5743;6038;6041;7365;6050;6068;6077;3629;4502;6912;2108;7370;7608;5900;3459;4818;5992;6047;5708;3884;3030;3347;7376;2207;3446;3720;5332;251;2711;3358;2296;5495;5696;3307;3987;6878;746;2834;2045;2835;2641;7396;2616;486;2838;3722;3732;544;7400;5449;6824;4848;1631;1593;6821;1946;7401;3560;2970,2974:4110.956240696336;6479:4111.456819029803;7359:4116.958699029803;3154:4118.050507029803;6028:4119.011635029803;5745:4120.503259029803;6035:4122.426667029803;5743:4123.796107029803;6038:4125.8115310298035;6041:4127.087803029804;7365:4133.750971029804;6050:4136.024515029803;6068:4140.250843029803;6077:4140.896539029803;3629:4142.453827029803;4502:4142.916715029803;6912:4148.065147029803;2108:4149.961555029802;7370:4156.488283029802;7608:4156.717675029802;5900:4160.189371029802;3459:4160.944939029801;4818:4161.5598190298015;5992:4162.036603029802;6047:4166.225131029802;5708:4167.619411029802;3884:4170.158995029802;3030:4170.6570190298025;3347:4172.681227029802;7376:4173.116611029803;2207:4173.525499029803;3446:4176.348907029803;3720:4179.378595029802;5332:4180.370035029802;251:4181.117611029802;2711:4182.255427029802;3358:4184.4704350298025;2296:4192.771435029803;5495:4192.988275029803;5696:4193.750995029803;3307:4204.489435029803;3987:4211.316595029803;6878:4211.919955029803;746:4212.987955029803;2834:4217.052355029803;2045:4231.590595029803;2835:4233.9556750298025;2641:4243.1667550298025;7396:4243.761115029803;2616:4249.122715029803;486:4250.034475029803;2838:4256.359195029802;3722:4259.878435029802;3732:4282.328155029802;544:4285.017715029801;7400:4286.093275029802;5449:4287.292315029802;6824:4291.545595029802;4848:4299.025915029802;1631:4304.720086458373;1593:4310.414257886944;6821:4317.894577886944;1946:4322.147857886944;7401:4323.346897886944;3560:4324.422457886944;2970:4326.081901724959
0,5,default_vehtype,boarding,True,4326.081901724959,4356.081901724959,2970;-1;-1,2970;-1;-1,0.0,0.9324947356535448,0.9324947356535448,0.0,,0,125,1,,125,,
0,9,default_vehtype,route,False,4260.0,4351.29543594574,2969;-1;-1,2967;-1;-1,1125.588451627387,0.9610791456059858,0.9609665867608231,0.0,,0,,0,,,2969;7192;1664;337;1075;537;18;5629;1068;2559;6740;1717;2067;2063;1937;6789;3895;5465;7450;1719;3469;470;469;5079;7447;1960;2967,2969:4260;7192:4263.603642951946;1664:4266.8575389519465;337:4274.617770951946;1075:4275.641610951946;537:4276.595610951946;18:4282.463178951945;5629:4288.312602951945;1068:4290.865002951945;2559:4297.9156029519445;6740:4302.386226951944;1717:4308.219954951944;2067:4308.957738951944;2063:4309.673994951943;1937:4312.943946951943;6789:4323.480354951943;3895:4324.747338951943;5465:4332.279258951943;7450:4333.263498951943;1719:4334.080122951943;3469:4335.100074951943;470:4341.061160666229;469:4347.022246380515;5079:4348.0421983805145;7447:4348.8588223805145;1960:4349.843062380514;2967:4351.29543594574
0,9,default_vehtype,boarding,True,4351.29543594574,4381.29543594574,2967;-1;-1,2967;-1;-1,0.0,0.9609665867608231,0.9609665867608231,0,,0,130,1,130,,,
0,0,default_vehtype,route,False,4247.994410650397,4472.860571224344,2978;-1;-1,2990;-1;-1,1873.8846714495362,0.6889409741768013,0.6887535857096564,0.0,,0,129,1,,,2978;4103;4326;7286;4302;5102;7160;7294;2701;3076;4023;7300;3914;5398;5400;4040;4041;5374;5418;5424;5403;6546;1200;7312;4332;799;3653;3825;7127;3766;3988;553;7132;7191;3566;4337;7134;6667;6711;1807;1653;6829;4349;4937;669;5061;7265;3848;534;2839;5449;2990,2978:4247.994410650397;4103:4250.613367345425;4326:4255.904527345425;7286:4256.8214473454245;4302:4258.233247345424;5102:4269.341767345424;7160:4270.797007345424;7294:4279.515487345425;2701:4285.317607345425;3076:4286.166967345425;4023:4294.039927345425;7300:4295.182087345425;3914:4296.365767345425;5398:4297.5426073454255;5400:4298.869207345426;4040:4308.174007345426;4041:4311.118327345425;5374:4315.370887345425;5418:4316.408167345425;5424:4316.551447345425;5403:4317.656767345425;6546:4321.883647345425;1200:4326.492727345425;7312:4327.986487345425;4332:4328.802127345425;799:4329.983047345425;3653:4334.579287345425;3825:4335.827887345425;7127:4379.388007345425;3766:4380.325207345425;3988:4384.060807345425;553:4384.519087345425;7132:4394.397967345425;7191:4402.355167345425;3566:4404.184327345425;4337:4408.682527345425;7134:4409.782567345425;6667:4417.714687345426;6711:4433.574247345426;1807:4435.501447345426;1653:4441.305367345426;6829:4442.078287345426;4349:4442.627167345427;4937:4446.996727345427;669:4457.304127345426;5061:4463.112487345426;7265:4463.895727345426;3848:4464.8703673454265;534:4468.915327345427;2839:4470.273967345427;5449:4471.4730073454275;2990:4472.860571224344
0,2,default_vehtype,route,False,4440.0,4470.158021267549,2976;-1;-1,2977;-1;-1,251.31684389623734,0.9140053461017776,0.913980214417388,0.0,,0,,0,,,2976;7557;7316;7531;2802;2977,2976:4440;7557:4444.99035337066;7316:4452.385353370661;7531:4459.940313370661;2802:4467.155793370661;2977:4470.158021267549
0,7,default_vehtype,route,False,4264.403924446956,4462.467017246246,2992;-1;-1,2980;-1;-1,2377.7959948882412,0.7700622783978025,0.7698244987983137,0.0,,0,128,1,,,2992;2526;5444;1716;2720;4210;1711;98;2497;7434;2760;542;1074;4204;5649;5760;205;5793;1407;5826;7411;4686;5074;5295;5274;7181;604;603;602;3851;4573;1400;971;598;1368;591;585;940;1370;939;1903;983;3921;840;2881;5099;1157;2058;2092;915;2980,2992:4264.403924446956;2526:4273.606171981902;5444:4284.142579981902;1716:4286.932939981902;2720:4287.679579981902;4210:4288.577851981902;1711:4289.707531981902;98:4298.323339981902;2497:4299.833971981902;7434:4307.041819981902;2760:4313.580355981902;542:4321.108459981902;1074:4322.041867981902;4204:4323.023515981902;5649:4323.824299981902;5760:4329.382627981902;205:4334.526883981902;5793:4338.648235981902;1407:4340.268379981902;5826:4342.548691981902;7411:4345.447339981903;4686:4346.518051981902;5074:4353.458563981902;5295:4353.688819981902;5274:4357.067635981903;7181:4361.576923981903;604:4365.155323981903;603:4366.218907981904;602:4367.072035981903;3851:4368.075427981903;4573:4372.381747981903;1400:4374.114427981903;971:4377.912859981902;598:4378.980115981903;1368:4379.940451981903;591:4385.811403981903;585:4398.982651981903;940:4405.562515981903;1370:4412.589139981903;939:4413.285811981903;1903:4414.107403981903;983:4415.089915981903;3921:4418.888059981903;840:4423.448899981903;2881:4430.079523981904;5099:4431.232387981903;1157:4435.971530839046;2058:4441.761359410474;2092:4445.150502267617;915:4450.268673696189;2980:4462.467017246246
0,7,default_vehtype,boarding,True,4462.467017246246,4492.467017246246,2980;-1;-1,2980;-1;-1,0.0,0.7698244987983137,0.7698244987983137,0.0,,0,128,1,,128,,
0,11,default_vehtype,route,False,4440.0,4458.415910021318,2969;-1;-1,2991;-1;-1,255.77652807388006,0.8884559551028833,0.8884303774500759,0.0,,0,,0,,,2969;7192;1664;337;1075;537;2991,2969:4440;7192:4443.603642951946;1664:4446.8575389519465;337:4454.617770951946;1075:4455.641610951946;537:4456.595610951946;2991:4458.415910021318
0,11,default_vehtype,boarding,True,4458.415910021318,4488.415910021318,2991;-1;-1,2991;-1;-1,0.0,0.8884303774500759,0.8884303774500759,0.0,,0,132,1,132,,,
0,0,default_vehtype,boarding,True,4472.860571224344,4502.860571224344,2990;-1;-1,2990;-1;-1,0.0,0.6887535857096564,0.6887535857096564,0,,0,129,1,,129,,
0,2,default_vehtype,boarding,True,4470.158021267549,4500.158021267549,2977;-1;-1,2977;-1;-1,0.0,0.913980214417388,0.913980214417388,0,,0,133,1,133,,,
0,1,default_vehtype,route,False,4357.381840040903,4629.632250773013,2990;-1;-1,2983;-1;-1,2268.7534227675733,0.8550621123829776,0.8548352370407009,0.0,,0,131,1,,,2990;2552;1946;7401;3551;3849;7263;5060;3728;4936;1207;2554;4974;5249;6709;2464;7135;1193;552;2755;7131;3567;888;712;2718;754;611;1812;1186;7311;4339;2419;5404;5421;1925;1883;926;925;5399;1905;830;2795;918;3075;7097;7290;2736;1744;1164;2789;1218;7334;7010;820;7498;276;2915;2661;7517;6201;7314;2983,2990:4357.381840040903;2552:4360.247556161986;1946:4364.500836161986;7401:4365.699876161986;3551:4367.0585161619865;3849:4371.103476161987;7263:4372.078116161987;5060:4372.861356161987;3728:4378.669716161987;4936:4388.9771161619865;1207:4393.346676161987;2554:4393.895556161987;4974:4394.668476161987;5249:4400.4723961619875;6709:4402.399596161988;2464:4418.259156161987;7135:4426.191276161988;1193:4427.291316161988;552:4431.789516161988;2755:4433.618676161988;7131:4441.575876161988;3567:4451.454756161988;888:4451.913036161988;712:4455.648636161988;2718:4456.5858361619885;754:4500.145956161989;611:4501.3945561619885;1812:4505.965716161989;1186:4507.142916161989;7311:4507.958556161989;4339:4509.452316161989;2419:4514.061396161989;5404:4518.288276161989;5421:4519.393596161989;1925:4519.536876161989;1883:4520.574156161989;926:4524.826716161989;925:4527.771036161988;5399:4537.075836161988;1905:4538.402436161989;830:4539.579276161989;2795:4540.762956161989;918:4541.905116161989;3075:4549.778076161989;7097:4550.627436161989;7290:4556.429556161989;2736:4565.148036161989;1744:4566.603276161989;1164:4577.711796161989;2789:4579.123596161989;1218:4580.246796161989;7334:4587.8279161619885;7010:4590.735396161988;820:4592.716356161988;7498:4593.184356161988;276:4593.295956161988;2915:4604.641956161988;2661:4611.875316161988;7517:4619.187276161988;6201:4620.0483961619875;7314:4626.943716161987;2983:4629.632250773013
0,1,default_vehtype,boarding,True,4629.632250773013,4659.632250773013,2983;-1;-1,2983;-1;-1,0.0,0.8548352370407009,0.8548352370407009,0.0,,0,131,1,,131,,
0,3,default_vehtype,route,False,4620.0,4679.666256495018,2968;-1;-1,2993;-1;-1,828.6980068752708,0.7620807033048926,0.7619978335042051,0.0,,0,,0,,,2968;98;2497;7434;4184;2559;6740;1717;2067;2063;1937;6789;3895;5465;7450;2993,2968:4620;98:4625.769668476921;2497:4627.280300476921;7434:4634.488148476921;4184:4635.362444476921;2559:4642.413044476921;6740:4646.88366847692;1717:4652.71739647692;2067:4653.45518047692;2063:4654.17143647692;1937:4657.441388476919;6789:4667.977796476919;3895:4669.244780476919;5465:4676.776700476919;7450:4677.760940476919;2993:4679.666256495018
0,9,default_vehtype,route,False,4381.29543594574,4651.350229009857,2967;-1;-1,2976;-1;-1,2805.785866838588,0.9609665867608231,0.9606860081741393,0.0,,0,130,1,,,2967;3896;6788;5444;1716;2720;4210;1711;98;2497;7434;2760;542;1074;4204;5649;5760;205;5793;1407;5826;7411;4686;5074;5295;5274;7181;604;603;1365;2574;7139;1693;1114;5299;7129;754;611;1812;1186;7311;3767;4527;3089;3131;5447;7352;414;122;3426;4314;68;7318;7325;3011;4;4345;7330;2976,2967:4381.29543594574;3896:4387.374982380515;6788:4388.6419663805145;5444:4399.1783743805145;1716:4401.968734380514;2720:4402.715374380515;4210:4403.613646380515;1711:4404.743326380515;98:4413.359134380515;2497:4414.869766380515;7434:4422.077614380515;2760:4428.616150380515;542:4436.144254380515;1074:4437.077662380515;4204:4438.059310380515;5649:4438.860094380515;5760:4444.418422380515;205:4449.562678380515;5793:4453.684030380515;1407:4455.304174380515;5826:4457.584486380515;7411:4460.483134380515;4686:4461.553846380515;5074:4468.494358380515;5295:4468.724614380515;5274:4472.103430380515;7181:4476.612718380516;604:4480.191118380516;603:4481.254702380516;1365:4483.196422380516;2574:4494.704302380516;7139:4500.970702380517;1693:4502.609302380517;1114:4518.949822380517;5299:4533.495022380516;7129:4534.845982380516;754:4578.406102380516;611:4579.654702380516;1812:4584.225862380516;1186:4585.4030623805165;7311:4586.218702380516;3767:4588.225102380517;4527:4591.0219423805165;3089:4599.4315423805165;3131:4599.911782380516;5447:4602.299422380516;7352:4603.610782380516;414:4606.080502380516;122:4618.434862380516;3426:4619.6883823805165;4314:4620.871342380517;68:4626.4697023805165;7318:4633.137742380516;7325:4636.464502380516;3011:4640.475142380516;4:4645.260262380516;4345:4647.303742380516;7330:4648.506742380517;2976:4651.350229009857
0,1,default_vehtype,route,False,4680.0,4694.744653285862,2983;-1;-1,2977;-1;-1,122.87211071552242,0.8548352370407009,0.8548229498296293,0.0,,0,,0,,,2983;7527;2802;2977,2983:4680;7527:4684.526945388974;2802:4691.742425388974;2977:4694.744653285862
0,1,default_vehtype,boarding,True,4694.744653285862,4724.744653285862,2977;-1;-1,2977;-1;-1,0.0,0.8548229498296293,0.8548229498296293,0.0,,0,136,1,136,,,
0,2,default_vehtype,route,False,4500.158021267549,4688.710014635,2977;-1;-1,2980;-1;-1,1527.828435539931,0.913980214417388,0.913827431573834,0.0,,0,133,1,,,2977;6202;7516;7037;7512;3274;2902;3901;7011;7336;4365;7288;1182;1001;6296;1434;3820;3877;2787;4993;6537;7281;2307;3549;6384;4032;1804;4811;5237;608;459;2416;4011;5246;363;366;2314;2877;1748;1743;1157;2058;2092;915;2980,2977:4500.158021267549;6202:4504.0511133706605;7516:4504.91223337066;7037:4512.22419337066;7512:4519.45755337066;3274:4530.80355337066;2902:4530.91515337066;3901:4531.38315337066;7011:4533.36411337066;7336:4536.2715933706595;4365:4543.852713370659;7288:4544.975913370659;1182:4545.892833370659;1001:4551.183993370659;6296:4553.543313370658;1434:4559.502393370658;3820:4564.611033370658;3877:4566.518913370658;2787:4575.311433370658;4993:4576.360473370658;6537:4582.160313370658;7281:4587.995433370657;2307:4591.514193370657;3549:4597.151433370657;6384:4597.413273370657;4032:4600.634913370657;1804:4601.550825370658;4811:4603.2334653706575;5237:4607.973945370658;608:4616.840025370658;459:4617.169785370657;2416:4619.383425370657;4011:4620.047553370658;5246:4625.972721370657;363:4632.881409370658;366:4634.286489370658;2314:4635.431361370658;2877:4648.602465370658;1748:4649.720985370658;1743:4657.475385370658;1157:4662.214528227801;2058:4668.004356799229;2092:4671.393499656372;915:4676.511671084943;2980:4688.710014635
0,2,default_vehtype,boarding,True,4688.710014635,4718.710014635,2980;-1;-1,2980;-1;-1,0.0,0.913827431573834,0.913827431573834,0.0,,0,133,1,,133,,
0,3,default_vehtype,boarding,True,4679.666256495018,4709.666256495018,2993;-1;-1,2993;-1;-1,0.0,0.7619978335042051,0.7619978335042051,0.0,,0,135,1,135,,,
0,8,default_vehtype,boarding,True,4680.0,4710.0,2976;-1;-1,2976;-1;-1,0.0,0.8977411234361707,0.8977411234361707,0.0,,0,139,1,139,,,
0,9,default_vehtype,boarding,True,4651.350229009857,4681.350229009857,2976;-1;-1,2976;-1;-1,0.0,0.9606860081741393,0.9606860081741393,0.0,,0,130,1,,130,,
0,11,default_vehtype,route,False,4488.415910021318,4719.8836963171125,2991;-1;-1,2985;-1;-1,2108.037698552667,0.8884303774500759,0.8882195736802206,0.0,,0,132,1,,,2991;3010;5658;3008;4585;330;4588;5827;7412;4686;5074;5295;5274;7181;604;603;1365;2574;7139;1693;1114;5299;7129;754;611;1812;1186;7311;3767;4527;3089;3131;5447;7352;414;122;3426;4305;793;118;3979;2985,2991:4488.415910021318;3010:4492.463178951945;5658:4493.270778951945;3008:4501.373658951946;4585:4523.7019389519455;330:4533.297618951946;4588:4533.870018951946;5827:4536.150330951946;7412:4539.048978951946;4686:4540.119690951946;5074:4547.060202951946;5295:4547.290458951946;5274:4550.669274951946;7181:4555.178562951946;604:4558.756962951947;603:4559.820546951947;1365:4561.762266951947;2574:4573.270146951947;7139:4579.5365469519475;1693:4581.175146951948;1114:4597.515666951947;5299:4612.060866951947;7129:4613.411826951947;754:4656.971946951947;611:4658.220546951947;1812:4662.791706951947;1186:4663.968906951947;7311:4664.784546951947;3767:4666.790946951947;4527:4669.587786951947;3089:4677.997386951947;3131:4678.477626951947;5447:4680.865266951947;7352:4682.176626951947;414:4684.646346951947;122:4697.000706951947;3426:4698.254226951947;4305:4699.656546951947;793:4711.7721069519475;118:4717.636386951947;3979:4719.486930951947;2985:4719.8836963171125
0,4,default_vehtype,route,False,4680.0,4788.453916550418,2970;-1;-1,2972;-1;-1,956.9275289670156,0.8203524491634631,0.8202567564105664,0.0,,0,,0,,,2970;671;662;7398;3491;6933;7394;6989;7392;5704;7389;3806;2573;885;316;2042;1982;6306;374;7114;3246;5330;661;445;2972,2970:4680;671:4681.0301161619855;662:4703.479836161985;7398:4706.999076161985;3491:4713.323796161984;6933:4714.235556161984;7394:4719.5971561619845;6989:4720.1915161619845;7392:4729.402596161985;5704:4731.767676161984;7389:4746.305916161984;3806:4750.370316161984;2573:4751.438316161984;885:4752.0416761619845;316:4758.868836161984;2042:4769.607276161984;1982:4770.369996161984;6306:4770.586836161984;374:4778.8878361619845;7114:4781.102844161985;3246:4782.240660161985;5330:4782.988236161985;661:4783.979676161985;445:4787.009364161984;2972:4788.453916550418
0,6,default_vehtype,route,False,4680.0,4758.141498869768,2979;-1;-1,2978;-1;-1,651.1791572480925,0.5409942272304076,0.5409291093146827,0.0,,0,,0,,,2979;2786;2411;1661;7283;796;751;4635;6299;4102;4325;7285;1218;7334;1165;7475;2890;2891;4303;7333;4365;7288;1182;2978,2979:4680;2786:4682.004935564799;2411:4687.840055564799;1661:4693.639895564798;7283:4694.688935564798;796:4703.481455564798;751:4705.389335564798;4635:4710.497975564798;6299:4716.457055564798;4102:4718.816375564797;4325:4724.107535564797;7285:4725.024455564797;1218:4726.147655564797;7334:4733.728775564797;1165:4734.880415564797;7475:4738.4856955647965;2890:4739.788415564796;2891:4741.091135564796;4303:4744.696415564796;7333:4745.848055564796;4365:4753.4291755647955;7288:4754.5523755647955;1182:4755.469295564795;2978:4758.141498869768
0,6,default_vehtype,boarding,True,4758.141498869768,4788.141498869768,2978;-1;-1,2978;-1;-1,0.0,0.5409291093146827,0.5409291093146827,0.0,,0,138,1,138,,,
0,6,default_vehtype,route,False,4788.141498869768,4799.97188821937,2978;-1;-1,2982;-1;-1,98.58657791335457,0.5409291093146827,0.5409192506568914,0.0,,0,138,1,,,2978;4103;4326;7286;1218;2982,2978:4788.141498869768;4103:4790.760455564796;4326:4796.051615564796;7286:4796.968535564795;1218:4798.091735564795;2982:4799.97188821937
0,11,default_vehtype,boarding,True,4719.8836963171125,4749.8836963171125,2985;-1;-1,2985;-1;-1,0.0,0.8882195736802206,0.8882195736802206,0.0,,0,132,1,,132,,
0,0,default_vehtype,route,False,4620.0,4836.457853544972,2990;-1;-1,2966;-1;-1,1853.4960793332511,0.6887535857096564,0.688568236101723,0.0,,0,,0,,,2990;2552;4848;3271;4846;4989;5000;337;1075;5648;5759;205;5793;1407;5826;7411;4686;5074;5295;5274;7181;604;603;602;1339;1395;1399;835;1147;1093;2607;911;1150;665;666;1885;668;1415;1041;1623;1383;2333;2966,2990:4620;2552:4622.865716121083;4848:4630.346036121083;3271:4635.899156121082;4846:4637.772236121083;4989:4650.044756121083;5000:4654.8043161210835;337:4662.564548121083;1075:4663.588388121083;5648:4664.389172121083;5759:4669.947500121083;205:4675.091756121083;5793:4679.213108121083;1407:4680.833252121083;5826:4683.113564121083;7411:4686.012212121083;4686:4687.082924121083;5074:4694.023436121083;5295:4694.253692121083;5274:4697.632508121083;7181:4702.141796121084;604:4705.720196121084;603:4706.783780121084;602:4707.636908121084;1339:4708.629284121084;1395:4717.166612121085;1399:4719.307316121085;835:4722.884276121085;1147:4723.676852121085;1093:4724.936132121085;2607:4732.9948041210855;911:4735.848668121085;1150:4736.609132121085;665:4738.058996121085;666:4738.928108121086;1885:4739.913932121086;668:4753.284332121086;1415:4753.9133961210855;1041:4770.5999104068;1623:4774.983167549657;1383:4786.068596121086;2333:4826.222481835372;2966:4836.457853544972
0,1,default_vehtype,route,False,4724.744653285862,4810.577129824172,2977;-1;-1,2979;-1;-1,715.2706378192755,0.8548229498296293,0.8547514227658474,0.0,,0,136,1,,,2977;6202;7516;7037;7512;3274;2902;3901;7011;7336;4365;7288;1182;1001;6296;1434;3820;3877;2787;4993;6537;2979,2977:4724.744653285862;6202:4728.637745388974;7516:4729.498865388973;7037:4736.810825388973;7512:4744.044185388973;3274:4755.390185388973;2902:4755.501785388973;3901:4755.969785388973;7011:4757.950745388973;7336:4760.858225388973;4365:4768.4393453889725;7288:4769.5625453889725;1182:4770.479465388972;1001:4775.770625388972;6296:4778.1299453889715;1434:4784.089025388971;3820:4789.1976653889715;3877:4791.105545388971;2787:4799.898065388971;4993:4800.947105388971;6537:4806.746945388971;2979:4810.577129824172
0,1,default_vehtype,boarding,True,4810.577129824172,4840.577129824172,2979;-1;-1,2979;-1;-1,0.0,0.8547514227658474,0.8547514227658474,0.0,,0,136,1,,136,,
0,4,default_vehtype,boarding,True,4788.453916550418,4818.453916550418,2972;-1;-1,2972;-1;-1,0.0,0.8202567564105664,0.8202567564105664,0.0,,0,137,1,137,,,
0,5,default_vehtype,route,False,4740.0,4829.606724627038,2970;-1;-1,2992;-1;-1,1036.6123078089695,0.9324947356535448,0.9323910744227639,0.0,,0,,0,,,2970;671;544;7400;5449;6824;4848;3271;4846;4989;5000;337;1075;537;18;5629;1068;2559;6740;1717;2067;2063;1937;2992,2970:4740;671:4741.0301161619855;544:4743.719676161985;7400:4744.7952361619855;5449:4745.994276161986;6824:4750.247556161986;4848:4757.7278761619855;3271:4763.280996161985;4846:4765.154076161985;4989:4777.426596161986;5000:4782.186156161986;337:4789.946388161986;1075:4790.970228161986;537:4791.924228161985;18:4797.791796161985;5629:4803.641220161985;1068:4806.193620161985;2559:4813.244220161984;6740:4817.714844161984;1717:4823.548572161983;2067:4824.286356161983;2063:4825.002612161983;1937:4828.272564161983;2992:4829.606724627038
0,5,default_vehtype,boarding,True,4829.606724627038,4859.606724627038,2992;-1;-1,2992;-1;-1,0.0,0.9323910744227639,0.9323910744227639,0.0,,0,140,1,140,,,
0,6,default_vehtype,boarding,True,4799.97188821937,4829.97188821937,2982;-1;-1,2982;-1;-1,0.0,0.5409192506568914,0.5409192506568914,0.0,,0,138,1,,138,,
0,10,default_vehtype,boarding,True,4800.0,4830.0,2974;-1;-1,2974;-1;-1,0.0,0.9436200163387253,0.9436200163387253,0.0,,0,141,1,141,,,
0,11,default_vehtype,route,False,4800.0,4810.5054178907485,2985;-1;-1,2975;-1;-1,102.19209706087136,0.8882195736802206,0.8882093544705145,0.0,,0,,0,,,2985;1140;880;3109;3874;2975,2985:4800;1140:4800.194570634835;880:4800.785906634836;3109:4802.6364506348355;3874:4808.500730634835;2975:4810.5054178907485
0,11,default_vehtype,boarding,True,4810.5054178907485,4840.5054178907485,2975;-1;-1,2975;-1;-1,0.0,0.8882093544705145,0.8882093544705145,0.0,,0,142,1,142,,,
0,0,default_vehtype,boarding,True,4836.457853544972,4866.457853544972,2966;-1;-1,2966;-1;-1,0.0,0.688568236101723,0.688568236101723,0.0,,0,134,1,134,,,
0,0,default_vehtype,boarding,True,4866.457853544972,4896.457853544972,2966;-1;-1,2966;-1;-1,0.0,0.688568236101723,0.688568236101723,0.0,,0,134;143,2,143,,,
0,3,default_vehtype,route,False,4709.666256495018,4918.390551462511,2993;-1;-1,2988;-1;-1,2316.518160262808,0.7619978335042051,0.7617661816881789,0.0,,0,135,1,,,2993;4483;7446;1960;816;6786;5444;1716;2720;4210;1711;98;2497;7434;2760;542;1074;1071;1070;1069;1067;1504;4396;710;2281;4664;6260;3300;1832;708;6180;2405;6169;2744;2567;2576;3077;3241;88;2758;2742;2448;2353;6140;7386;3742;7100;6318;737;6639;2446;2301;1992;1990;1988;1985;3729;5498;5496;5699;5494;6307;374;7114;3246;5330;661;445;6080;7381;364;3029;69;30;3346;2832;2207;2988,2993:4709.666256495018;4483:4710.427676476919;7446:4713.094412476919;1960:4714.078652476919;816:4721.6105724769195;6786:4722.877556476919;5444:4733.413964476919;1716:4736.204324476919;2720:4736.95096447692;4210:4737.84923647692;1711:4738.97891647692;98:4747.5947244769195;2497:4749.10535647692;7434:4756.31320447692;2760:4762.85174047692;542:4770.37984447692;1074:4771.31325247692;1071:4772.31578047692;1070:4786.77906847692;1069:4787.517356476919;1067:4790.179412476919;1504:4794.63318847692;4396:4794.8594844769195;710:4795.41014047692;2281:4796.41583647692;4664:4800.29382847692;6260:4800.73972447692;3300:4801.33883647692;1832:4804.12905247692;708:4804.66811647692;6180:4805.091548476919;2405:4807.313948476919;6169:4810.791068476919;2744:4815.391628476918;2567:4817.234588476918;2576:4825.723148476918;3077:4827.855788476918;3241:4830.984668476918;88:4832.911508476918;2758:4834.874948476919;2742:4835.281388476918;2448:4838.467028476918;2353:4844.6679084769185;6140:4849.838948476919;7386:4851.181388476919;3742:4858.840388476919;7100:4859.380028476919;6318:4859.8581084769185;737:4860.773828476918;6639:4862.623028476918;2446:4864.194308476918;2301:4866.491348476919;1992:4867.516388476919;1990:4869.213308476919;1988:4871.667308476919;1985:4875.189068476919;3729:4877.536508476918;5498:4878.933908476918;5496:4881.841148476918;5699:4882.5385884769175;5494:4883.6423484769175;6307:4883.859188476918;374:4892.160188476918;7114:4894.375196476918;3246:4895.513012476918;5330:4896.260588476918;661:4897.252028476918;445:4900.281716476918;6080:4903.105124476918;7381:4903.514012476918;364:4903.949396476918;3029:4905.973604476918;69:4910.105890191204;30:4914.23817590549;3346:4916.2623839054895;2832:4916.69776790549;2207:4917.10665590549;2988:4918.390551462511
0,10,default_vehtype,route,False,4830.0,4898.451120962808,2974;-1;-1,2976;-1;-1,667.1321987648755,0.9436200163387253,0.9435533031188488,0.0,,0,141,1,,,2974;6479;3091;4274;880;3109;3874;4306;429;4313;68;7318;7325;3011;4;4345;7330;2976,2974:4830;6479:4830.500578333467;3091:4843.822306333467;4274:4844.965234333467;880:4845.556570333468;3109:4847.407114333468;3874:4853.2713943334675;4306:4865.386954333468;429:4866.789274333468;4313:4867.972234333468;68:4873.570594333468;7318:4880.238634333467;7325:4883.565394333467;3011:4887.576034333468;4:4892.361154333467;4345:4894.404634333468;7330:4895.607634333468;2976:4898.451120962808
0,11,default_vehtype,route,False,4840.5054178907485,4883.680457264176,2975;-1;-1,2976;-1;-1,359.7919947785567,0.8882093544705145,0.8881733752710367,0.0,,0,142,1,,,2975;1166;429;4313;68;7318;7325;3011;4;4345;7330;2976,2975:4840.5054178907485;1166:4850.616290634835;429:4852.018610634836;4313:4853.201570634836;68:4858.799930634836;7318:4865.467970634835;7325:4868.794730634835;3011:4872.8053706348355;4:4877.590490634835;4345:4879.633970634835;7330:4880.836970634836;2976:4883.680457264176
0,11,default_vehtype,boarding,True,4883.680457264176,4913.680457264176,2976;-1;-1,2976;-1;-1,0.0,0.8881733752710367,0.8881733752710367,0.0,,0,142,1,,142,,
0,3,default_vehtype,boarding,True,4918.390551462511,4948.390551462511,2988;-1;-1,2988;-1;-1,0.0,0.7617661816881789,0.7617661816881789,0.0,,0,135,1,,135,,
0,4,default_vehtype,route,False,4818.453916550418,4953.330031231355,2972;-1;-1,2991;-1;-1,1408.0867039019315,0.8202567564105664,0.8201159477401763,0.0,,0,137,1,,,2972;6079;3446;3720;5332;251;2711;3358;2296;5495;5697;5497;5500;670;5502;5512;5520;5531;6313;6632;6644;3793;6319;7102;3741;7384;6414;5446;2447;2571;42;2577;2566;3033;3036;2469;2404;2235;3762;5287;310;2280;1447;6261;3764;4397;4745;4182;4187;4191;4195;4202;4208;537;2991,2972:4818.453916550418;6079:4819.832772161984;3446:4822.656180161985;3720:4825.685868161984;5332:4826.677308161984;251:4827.424884161984;2711:4828.562700161984;3358:4830.777708161984;2296:4839.078708161985;5495:4839.295548161985;5697:4840.399308161985;5497:4841.096748161985;5500:4844.003988161984;670:4845.401388161984;5502:4847.7488281619835;5512:4851.270588161983;5520:4853.724588161983;5531:4855.421508161983;6313:4856.446548161984;6632:4858.743588161984;6644:4860.314868161984;3793:4862.164068161984;6319:4863.079788161984;7102:4863.557868161984;3741:4864.097508161984;7384:4871.756508161983;6414:4876.963668161983;5446:4879.231428161983;2447:4883.167548161983;2571:4890.756468161983;42:4895.424468161983;2577:4896.096948161983;2566:4904.696028161983;3033:4905.3269881619835;3036:4907.596548161983;2469:4911.188868161983;2404:4914.512388161983;2235:4915.795788161983;3762:4916.219220161983;5287:4916.758284161982;310:4919.548500161983;2280:4920.147612161983;1447:4920.593508161983;6261:4924.4715001619825;3764:4925.477196161983;4397:4926.027852161983;4745:4926.254148161983;4182:4930.707924161983;4187:4933.369980161983;4191:4934.108268161983;4195:4948.571556161983;4202:4949.574084161983;4208:4950.555732161983;537:4951.509732161982;2991:4953.330031231355
0,6,default_vehtype,route,False,4920.0,4967.505301956449,2982;-1;-1,2983;-1;-1,395.8775163037552,0.5409192506568914,0.540879662905261,0.0,,0,,0,,,2982;2809;7010;820;7498;276;2915;2661;7517;6201;7314;2983,2982:4920;2809:4925.700967345425;7010:4928.608447345425;820:4930.589407345425;7498:4931.0574073454245;276:4931.169007345425;2915:4942.515007345424;2661:4949.748367345424;7517:4957.060327345424;6201:4957.921447345424;7314:4964.816767345424;2983:4967.505301956449
0,10,default_vehtype,boarding,True,4898.451120962808,4928.451120962808,2976;-1;-1,2976;-1;-1,0.0,0.9435533031188488,0.9435533031188488,0.0,,0,141,1,,141,,
0,4,default_vehtype,boarding,True,4953.330031231355,4983.330031231355,2991;-1;-1,2991;-1;-1,0.0,0.8201159477401763,0.8201159477401763,0.0,,0,137,1,,137,,
0,4,default_vehtype,route,False,4983.330031231355,5019.50936768506,2991;-1;-1,2968;-1;-1,502.4907840792541,0.8201159477401763,0.8200656986617684,0.0,,0,,0,,,2991;3010;5631;1068;2559;6740;1717;2067;2720;4210;1711;2968,2991:4983.330031231355;3010:4987.377300161982;5631:4993.226724161982;1068:4995.779124161982;2559:5002.829724161981;6740:5007.300348161981;1717:5013.13407616198;2067:5013.87186016198;2720:5014.63527616198;4210:5015.53354816198;1711:5016.66322816198;2968:5019.50936768506
0,5,default_vehtype,route,False,4859.606724627038,5018.031611300154,2992;-1;-1,2966;-1;-1,1413.709105198465,0.9323910744227639,0.932249703512244,0.0,,0,140,1,,,2992;2526;3895;5465;7450;4482;6930;7615;3488;4485;5469;2998;901;1083;1355;1961;1962;1033;1559;1958;2907;636;1954;1949;186;333;2164;695;694;1041;1623;1383;2333;2966,2992:4859.606724627038;2526:4868.808972161984;3895:4870.075956161983;5465:4877.607876161984;7450:4878.5921161619835;4482:4881.258852161984;6930:4882.574580161983;7615:4886.470932161983;3488:4887.795084161983;4485:4892.349732161983;5469:4892.710956161984;2998:4893.119412161984;901:4894.364940161984;1083:4897.155372161984;1355:4910.8446601619835;1961:4911.827388161983;1962:4912.766268161983;1033:4913.975724161983;1559:4920.3598201619825;1958:4927.706844161982;2907:4928.330508161982;636:4931.145636161982;1954:4931.756340161982;1949:4940.656476161982;186:4942.222620161982;333:4942.8623401619825;2164:4943.478732161982;695:4948.186020161982;694:4951.354740161982;1041:4952.173668161981;1623:4956.556925304839;1383:4967.642353876267;2333:5007.796239590553;2966:5018.031611300154
0,6,default_vehtype,boarding,True,4967.505301956449,4997.505301956449,2983;-1;-1,2983;-1;-1,0.0,0.540879662905261,0.540879662905261,0.0,,0,144,1,144,,,
0,6,default_vehtype,route,False,4997.505301956449,5038.04621968905,2983;-1;-1,2976;-1;-1,286.853266819285,0.540879662905261,0.5408509775785791,0.0,,0,144,1,,,2983;7527;2803;7558;2806;4344;1199;1204;7329;2976,2983:4997.505301956449;7527:5002.0322473454235;2803:5009.587207345424;7558:5016.982207345424;2806:5024.8160473454245;4344:5026.019047345425;1199:5030.009390202567;1204:5033.99973305971;7329:5035.20273305971;2976:5038.04621968905
0,8,default_vehtype,route,False,4710.0,4981.506262935887,2976;-1;-1,2967;-1;-1,2770.6901331614126,0.8977411234361707,0.8974640544228546,0.0,,0,139,1,,,2976;7557;2806;4344;2996;3013;7322;2804;3061;1173;3425;3125;3406;2825;1944;130;99;4526;714;2800;4332;799;3653;3825;7127;1836;4248;5046;7138;6879;1367;3637;1339;1395;1399;835;1147;2412;836;1097;738;2470;734;1815;739;1724;1962;1910;164;1354;197;1311;7;1963;1308;482;7613;2611;1307;2876;1960;2967,2976:4710;7557:4714.99035337066;2806:4722.82419337066;4344:4724.027193370661;2996:4726.070673370661;3013:4730.855793370661;7322:4734.866433370661;2804:4738.193193370661;3061:4744.861233370661;1173:4750.4595933706605;3425:4751.642553370661;3125:4752.896073370661;3406:4765.250433370661;2825:4767.720153370661;1944:4769.031513370661;130:4771.419153370661;99:4771.899393370661;4526:4780.308993370661;714:4783.105833370661;2800:4785.112233370661;4332:4785.927873370661;799:4787.10879337066;3653:4791.70503337066;3825:4792.95363337066;7127:4836.51375337066;1836:4837.86471337066;4248:4852.4099133706595;5046:4868.750433370659;7138:4870.3890333706595;6879:4876.65543337066;1367:4888.14831337066;3637:4890.041433370659;1339:4891.03380937066;1395:4899.57113737066;1399:4901.71184137066;835:4905.288801370661;1147:4906.08137737066;2412:4906.88943337066;836:4907.888217370661;1097:4923.148977370661;738:4923.851625370661;2470:4924.801305370661;734:4925.010177370661;1815:4926.018393370661;739:4926.858921370661;1724:4943.316609370661;1962:4944.373425370662;1910:4945.195665370662;164:4946.1468573706625;1354:4947.103377370662;197:4949.312625370662;1311:4960.847385370662;7:4964.542353370662;1963:4964.950809370662;1308:4965.312033370662;482:4969.866681370662;7613:4971.190833370662;2611:4975.087185370662;1307:4976.402913370662;2876:4979.069649370662;1960:4980.053889370662;2967:4981.506262935887
0,8,default_vehtype,boarding,True,4981.506262935887,5011.506262935887,2967;-1;-1,2967;-1;-1,0.0,0.8974640544228546,0.8974640544228546,0.0,,0,139,1,,139,,
0,3,default_vehtype,boarding,True,5040.0,5070.0,2988;-1;-1,2988;-1;-1,0.0,0.7617661816881789,0.7617661816881789,0.0,,0,147,1,147,,,
0,4,default_vehtype,boarding,True,5019.50936768506,5049.50936768506,2968;-1;-1,2968;-1;-1,0.0,0.8200656986617684,0.8200656986617684,0.0,,0,145,1,145,,,
0,5,default_vehtype,boarding,True,5018.031611300154,5048.031611300154,2966;-1;-1,2966;-1;-1,0.0,0.932249703512244,0.932249703512244,0.0,,0,140,1,,140,,
0,6,default_vehtype,boarding,True,5038.04621968905,5068.04621968905,2976;-1;-1,2976;-1;-1,0.0,0.5408509775785791,0.5408509775785791,0.0,,0,144,1,,144,,
0,9,default_vehtype,route,False,5040.0,5058.363132693228,2976;-1;-1,2984;-1;-1,153.0261057768949,0.9606860081741393,0.9606707055635616,0.0,,0,,0,,,2976;7557;2806;4344;2996;2984,2976:5040;7557:5044.99035337066;2806:5052.82419337066;4344:5054.027193370661;2996:5056.070673370661;2984:5058.363132693228
0,9,default_vehtype,boarding,True,5058.363132693228,5088.363132693228,2984;-1;-1,2984;-1;-1,0.0,0.9606707055635616,0.9606707055635616,0.0,,0,146,1,146,,,
0,0,default_vehtype,route,False,4896.457853544972,5104.536872695512,2966;-1;-1,2981;-1;-1,2134.166564557901,0.688568236101723,0.6883548194452672,0.0,,0,134;143,2,,,2966;2743;2631;2150;735;738;1096;3736;81;831;2413;1146;832;1880;1340;3638;602;3851;4573;1400;971;598;1368;591;585;940;1370;939;1903;983;3921;840;2881;5099;2878;1735;2581;370;361;2874;1887;4059;910;6541;3462;3648;2851;2850;1801;1560;5242;922;6385;3550;2981,2966:4896.457853544972;2743:4904.301681835372;2631:4908.313110406801;2150:4925.243396121086;735:4935.725567549658;738:4941.893396121087;1096:4951.432367549658;3736:4951.695383549658;81:4955.544287549658;831:4966.390871549658;2413:4967.378567549658;1146:4968.191951549658;832:4969.000367549658;1880:4971.598055549658;1340:4983.130871549658;3638:4984.117343549658;602:4984.970471549657;3851:4985.973863549657;4573:4990.280183549657;1400:4992.012863549657;971:4995.811295549656;598:4996.878551549657;1368:4997.838887549657;591:5003.709839549657;585:5016.8810875496565;940:5023.460951549657;1370:5030.487575549657;939:5031.184247549657;1903:5032.005839549657;983:5032.988351549657;3921:5036.786495549657;840:5041.347335549657;2881:5047.9779595496575;5099:5049.130823549657;2878:5050.258847549657;1735:5061.243167549656;2581:5062.582583549656;370:5064.165431549656;361:5066.662535549656;2874:5067.2485435496565;1887:5072.903927549656;4059:5074.823231549656;910:5079.339431549656;6541:5080.0035595496565;3462:5082.2171995496565;3648:5082.546959549656;2851:5087.221199549656;2850:5088.154559549656;1801:5091.4502395496565;1560:5096.190719549657;5242:5097.873359549657;922:5098.789271549657;6385:5102.010911549657;3550:5102.272751549657;2981:5104.536872695512
0,0,default_vehtype,boarding,True,5104.536872695512,5134.536872695512,2981;-1;-1,2981;-1;-1,0.0,0.6883548194452672,0.6883548194452672,0.0,,0,134;143,2,,134,,
0,5,default_vehtype,boarding,True,5100.0,5130.0,2966;-1;-1,2966;-1;-1,0.0,0.932249703512244,0.932249703512244,0.0,,0,149,1,149,,,
0,8,default_vehtype,route,False,5100.0,5159.538173504147,2967;-1;-1,2991;-1;-1,826.9190764464929,0.8974640544228546,0.89738136251521,0.0,,0,,0,,,2967;3896;6788;5444;1716;2720;4210;1711;98;2497;7434;2760;542;1074;4204;537;2991,2967:5100;3896:5106.079546434775;6788:5107.346530434775;5444:5117.882938434775;1716:5120.673298434775;2720:5121.419938434775;4210:5122.318210434775;1711:5123.447890434775;98:5132.063698434775;2497:5133.574330434775;7434:5140.782178434775;2760:5147.320714434775;542:5154.848818434775;1074:5155.782226434775;4204:5156.763874434775;537:5157.717874434775;2991:5159.538173504147
0,1,default_vehtype,boarding,True,5160.0,5190.0,2979;-1;-1,2979;-1;-1,0.0,0.8547514227658474,0.8547514227658474,0.0,,0,152,1,152,,,
0,3,default_vehtype,route,False,5070.0,5185.4712952539485,2988;-1;-1,2986;-1;-1,1435.8222753524553,0.7617661816881789,0.7616225994606436,0.0,,0,147,1,,,2988;3447;6082;7383;364;3029;3886;5711;6045;2157;4817;456;5901;7605;2830;5852;6913;1321;597;2204;6066;6049;7367;2188;2186;5744;6033;5746;6031;146;2828;2376;3091;4274;3068;70;73;4273;103;6480;7360;2986,2988:5070;3447:5071.539512442979;6082:5074.362920442979;7383:5074.771808442979;364:5075.207192442979;3029:5077.231400442979;3886:5077.7294244429795;5711:5080.26900844298;6045:5081.66328844298;2157:5085.85181644298;4817:5086.32860044298;456:5086.94348044298;5901:5087.69904844298;7605:5091.170744442979;2830:5091.40013644298;5852:5097.926864442979;6913:5099.823272442979;1321:5104.971704442979;597:5105.434592442979;2204:5106.991880442979;6066:5107.637576442979;6049:5111.863904442978;7367:5114.137448442978;2188:5120.800616442978;2186:5122.076888442978;5744:5124.092312442978;6033:5125.461752442979;5746:5127.385160442978;6031:5128.8767844429785;146:5129.837912442978;2828:5130.929720442979;2376:5136.431600442978;3091:5149.753328442978;4274:5150.8962564429785;3068:5155.6405421572645;70:5157.9265421572645;73:5160.212542157265;4273:5164.956827871551;103:5166.099755871551;6480:5179.421483871551;7360:5184.9233638715505;2986:5185.4712952539485
0,3,default_vehtype,boarding,True,5185.4712952539485,5215.4712952539485,2986;-1;-1,2986;-1;-1,0.0,0.7616225994606436,0.7616225994606436,0.0,,0,147;150,2,150,147,,
0,8,default_vehtype,boarding,True,5159.538173504147,5189.538173504147,2991;-1;-1,2991;-1;-1,0.0,0.89738136251521,0.89738136251521,0.0,,0,148,1,148,,,
0,9,default_vehtype,route,False,5088.363132693228,5208.990170059996,2984;-1;-1,2973;-1;-1,1438.3667374416136,0.9606707055635616,0.9605268688898173,0.0,,0,146,1,,,2984;3012;7321;2804;3061;1173;3425;4304;793;118;3979;4275;103;6480;7360;3154;6028;5745;6035;5743;6038;6041;7365;6050;6068;6077;3629;4502;6912;2108;7370;1420;1084;2973,2984:5088.363132693228;3012:5090.855793370661;7321:5094.866433370661;2804:5098.193193370661;3061:5104.861233370661;1173:5110.4595933706605;3425:5111.642553370661;4304:5113.044873370661;793:5125.160433370661;118:5131.024713370661;3979:5132.875257370661;4275:5133.466593370661;103:5134.609521370661;6480:5147.931249370661;7360:5153.433129370661;3154:5154.524937370661;6028:5155.486065370661;5745:5156.977689370661;6035:5158.901097370661;5743:5160.270537370661;6038:5162.285961370661;6041:5163.5622333706615;7365:5170.2254013706615;6050:5172.498945370661;6068:5176.725273370661;6077:5177.3709693706605;3629:5178.9282573706605;4502:5179.3911453706605;6912:5184.5395773706605;2108:5186.43598537066;7370:5192.96271337066;1420:5204.66782537066;1084:5208.202809370659;2973:5208.990170059996
0,3,default_vehtype,route,False,5215.4712952539485,5220.0,2986;-1;-1,5745;6035;0.797,62.89867702849282,0.7616225994606436,0.7616163095929407,0.0,,0,150,1,,,2986;3155;6029;5745,2986:5215.4712952539485;3155:5216.015171871551;6029:5216.9762998715505;5745:5218.467923871551
0,4,default_vehtype,route,False,5049.50936768506,5272.593147132272,2968;-1;-1,2987;-1;-1,2614.671158989071,0.8200656986617684,0.8198042315458695,0.0,,0,145,1,,,2968;98;2497;7434;2760;542;1074;1071;1070;1069;1067;1504;4396;710;2281;4664;6260;3300;1832;708;6180;2405;6169;2744;2567;2576;3077;3241;88;2758;2742;2448;2353;6140;7386;3742;7100;6318;737;6639;2446;2301;1992;1990;1988;1985;3729;5498;5496;5699;5494;6307;374;7114;3246;5330;661;445;6080;7381;364;3029;3886;5711;6045;2157;4817;456;5901;7605;2830;1420;1084;7357;2826;2827;4225;2987,2968:5049.50936768506;98:5055.279036161981;2497:5056.789668161981;7434:5063.997516161981;2760:5070.536052161981;542:5078.064156161981;1074:5078.997564161981;1071:5080.000092161981;1070:5094.463380161981;1069:5095.201668161981;1067:5097.863724161981;1504:5102.317500161981;4396:5102.543796161981;710:5103.094452161981;2281:5104.100148161981;4664:5107.978140161981;6260:5108.424036161981;3300:5109.023148161981;1832:5111.813364161982;708:5112.352428161981;6180:5112.775860161981;2405:5114.99826016198;6169:5118.47538016198;2744:5123.07594016198;2567:5124.91890016198;2576:5133.4074601619795;3077:5135.540100161979;3241:5138.66898016198;88:5140.59582016198;2758:5142.55926016198;2742:5142.96570016198;2448:5146.1513401619795;2353:5152.35222016198;6140:5157.52326016198;7386:5158.86570016198;3742:5166.52470016198;7100:5167.06434016198;6318:5167.54242016198;737:5168.45814016198;6639:5170.3073401619795;2446:5171.87862016198;2301:5174.17566016198;1992:5175.20070016198;1990:5176.897620161981;1988:5179.3516201619805;1985:5182.87338016198;3729:5185.22082016198;5498:5186.6182201619795;5496:5189.525460161979;5699:5190.222900161979;5494:5191.326660161979;6307:5191.543500161979;374:5199.844500161979;7114:5202.0595081619795;3246:5203.19732416198;5330:5203.94490016198;661:5204.936340161979;445:5207.966028161979;6080:5210.789436161979;7381:5211.198324161979;364:5211.6337081619795;3029:5213.657916161979;3886:5214.15594016198;5711:5216.69552416198;6045:5218.08980416198;2157:5222.27833216198;4817:5222.75511616198;456:5223.36999616198;5901:5224.12556416198;7605:5227.59726016198;2830:5227.82665216198;1420:5239.5317641619795;1084:5243.066748161979;7357:5247.65127616198;2826:5256.86058016198;2827:5266.06988416198;4225:5270.65441216198;2987:5272.593147132272
0,9,default_vehtype,boarding,True,5208.990170059996,5238.990170059996,2973;-1;-1,2973;-1;-1,0.0,0.9605268688898173,0.9605268688898173,0.0,,0,146,1,,146,,
0,0,default_vehtype,route,False,5134.536872695512,5322.251894519952,2981;-1;-1,2987;-1;-1,1947.9401983719376,0.6883548194452672,0.68816002542543,0.0,,0,143,1,,,2981;6320;3549;6384;4032;1804;4277;5239;6501;3911;5389;7301;3914;5398;5400;4040;4041;5374;5418;5424;5403;6546;1200;7312;3767;4527;3089;3131;5447;7352;414;122;3426;4305;793;118;3979;4275;103;6480;7360;3154;6028;5745;6035;5743;6038;6041;7365;2179;3064;6023;3524;7356;4225;2987,2981:5134.536872695512;6320:5137.909991549657;3549:5143.547231549657;6384:5143.809071549657;4032:5147.030711549657;1804:5147.9466235496575;4277:5149.534703549658;5239:5155.039343549658;6501:5161.001903549658;3911:5170.356743549658;5389:5171.422583549658;7301:5171.676503549658;3914:5172.860183549658;5398:5174.037023549658;5400:5175.363623549659;4040:5184.668423549659;4041:5187.612743549658;5374:5191.865303549658;5418:5192.902583549658;5424:5193.045863549658;5403:5194.151183549658;6546:5198.378063549658;1200:5202.987143549658;7312:5204.480903549658;3767:5206.4873035496585;4527:5209.284143549658;3089:5217.693743549658;3131:5218.173983549658;5447:5220.561623549658;7352:5221.872983549658;414:5224.342703549658;122:5236.697063549658;3426:5237.950583549658;4305:5239.352903549659;793:5251.468463549659;118:5257.3327435496585;3979:5259.183287549658;4275:5259.774623549659;103:5260.917551549659;6480:5274.239279549659;7360:5279.741159549659;3154:5280.832967549659;6028:5281.794095549659;5745:5283.285719549659;6035:5285.209127549659;5743:5286.578567549659;6038:5288.593991549659;6041:5289.870263549659;7365:5296.533431549659;2179:5300.541671549659;3064:5301.843647549659;6023:5303.108327549659;3524:5304.849791549659;7356:5315.728631549659;4225:5320.31315954966;2987:5322.251894519952
0,4,default_vehtype,boarding,True,5272.593147132272,5302.593147132272,2987;-1;-1,2987;-1;-1,0.0,0.8198042315458695,0.8198042315458695,0.0,,0,145,1,,145,,
0,4,default_vehtype,route,False,5302.593147132272,5308.511740851316,2987;-1;-1,2973;-1;-1,82.20269054227832,0.8198042315458695,0.8197960112768152,0.0,,0,,0,,,2987;4613;1084;2973,2987:5302.593147132272;4613:5304.18939616198;1084:5307.72438016198;2973:5308.511740851316
0,4,default_vehtype,boarding,True,5308.511740851316,5338.511740851316,2973;-1;-1,2973;-1;-1,0.0,0.8197960112768152,0.8197960112768152,0.0,,0,155,1,155,,,
0,6,default_vehtype,boarding,True,5280.0,5310.0,2976;-1;-1,2976;-1;-1,0.0,0.5408509775785791,0.5408509775785791,0.0,,0,154,1,154,,,
0,0,default_vehtype,boarding,True,5322.251894519952,5352.251894519952,2987;-1;-1,2987;-1;-1,0.0,0.68816002542543,0.68816002542543,0.0,,0,143,1,,143,,
0,1,default_vehtype,route,False,5190.0,5341.759746249286,2979;-1;-1,2975;-1;-1,1224.9515235059305,0.8547514227658474,0.8546289276134968,0.0,,0,152,1,,,2979;2786;2307;3549;6384;4032;1804;4277;5239;6501;3911;5389;7301;3914;5398;5400;4040;4041;5374;5418;5424;5403;6546;1200;7312;3767;4527;3089;3131;5447;7352;414;122;3426;4305;793;118;3979;4275;3068;70;73;4273;880;3109;3874;2975,2979:5190;2786:5192.004935564799;2307:5195.523695564799;3549:5201.160935564799;6384:5201.422775564799;4032:5204.644415564799;1804:5205.560327564799;4277:5207.1484075647995;5239:5212.6530475648;6501:5218.6156075648;3911:5227.9704475647995;5389:5229.0362875648;7301:5229.2902075648;3914:5230.4738875648;5398:5231.6507275648;5400:5232.9773275648;4040:5242.2821275648;4041:5245.2264475648;5374:5249.4790075648;5418:5250.516287564799;5424:5250.6595675647995;5403:5251.764887564799;6546:5255.991767564799;1200:5260.6008475648;7312:5262.0946075648;3767:5264.1010075648;4527:5266.8978475648;3089:5275.3074475648;3131:5275.7876875648;5447:5278.1753275648;7352:5279.4866875647995;414:5281.9564075647995;122:5294.3107675648;3426:5295.5642875648;4305:5296.9666075648;793:5309.0821675648;118:5314.9464475648;3979:5316.7969915648;4275:5317.3883275648;3068:5322.132613279086;70:5324.4186132790865;73:5326.7046132790865;4273:5331.4488989933725;880:5332.040234993373;3109:5333.890778993373;3874:5339.755058993373;2975:5341.759746249286
0,1,default_vehtype,boarding,True,5341.759746249286,5371.759746249286,2975;-1;-1,2975;-1;-1,0.0,0.8546289276134968,0.8546289276134968,0.0,,0,152,1,,152,,
0,9,default_vehtype,route,False,5238.990170059996,5394.803557249576,2973;-1;-1,2990;-1;-1,1585.1334671946329,0.9605268688898173,0.9603683555430977,0.0,,0,,0,,,2973;7354;4225;4614;7369;7607;5900;3459;4818;5992;6047;5708;3884;3030;3347;7376;2207;3446;3720;5332;251;2711;3358;2296;5495;5696;3307;3987;6878;746;2834;2045;2835;2641;7396;2616;486;2838;3722;3732;544;7400;5449;2990,2973:5238.990170059996;7354:5242.78733737066;4225:5247.37186537066;4614:5250.90684937066;7369:5262.61196137066;7607:5262.84135337066;5900:5266.313049370659;3459:5267.068617370659;4818:5267.683497370659;5992:5268.1602813706595;6047:5272.348809370659;5708:5273.74308937066;3884:5276.28267337066;3030:5276.78069737066;3347:5278.80490537066;7376:5279.24028937066;2207:5279.64917737066;3446:5282.47258537066;3720:5285.50227337066;5332:5286.49371337066;251:5287.24128937066;2711:5288.37910537066;3358:5290.59411337066;2296:5298.8951133706605;5495:5299.111953370661;5696:5299.87467337066;3307:5310.61311337066;3987:5317.44027337066;6878:5318.04363337066;746:5319.1116333706605;2834:5323.176033370661;2045:5337.7142733706605;2835:5340.07935337066;2641:5349.29043337066;7396:5349.88479337066;2616:5355.24639337066;486:5356.15815337066;2838:5362.48287337066;3722:5366.00211337066;3732:5388.451833370659;544:5391.141393370659;7400:5392.216953370659;5449:5393.41599337066;2990:5394.803557249576
0,3,default_vehtype,route,False,5220.0,5441.166759394626,5745;6035;0.797,2968;-1;-1,2606.5678804809727,0.7616163095929407,0.7613556528048926,0.0,,0,150,1,,,5745;6035;5743;6038;6041;7365;6050;6068;6077;3629;4502;6912;2108;7370;7608;5900;3459;4818;5992;6047;5708;3884;3030;3347;7376;2207;3446;3720;5332;251;2711;3358;2296;5495;5697;5497;5500;670;5502;5512;5520;5531;6313;6632;6644;3793;6319;7102;3741;7384;6414;5446;2447;2571;42;2577;2566;3033;3036;2469;2404;2235;3762;5287;310;2280;1447;6261;3764;4397;4745;4182;4187;4191;4195;4202;4208;537;18;5629;1068;2559;6740;1717;2067;2720;4210;1711;2968,5745:5220;6035:5220.39133187155;5743:5221.760771871551;6038:5223.776195871551;6041:5225.052467871551;7365:5231.715635871551;6050:5233.989179871551;6068:5238.2155078715505;6077:5238.86120387155;3629:5240.41849187155;4502:5240.88137987155;6912:5246.02981187155;2108:5247.92621987155;7370:5254.452947871549;7608:5254.68233987155;5900:5258.154035871549;3459:5258.909603871549;4818:5259.524483871549;5992:5260.001267871549;6047:5264.189795871549;5708:5265.584075871549;3884:5268.1236598715495;3030:5268.62168387155;3347:5270.64589187155;7376:5271.08127587155;2207:5271.49016387155;3446:5274.31357187155;3720:5277.34325987155;5332:5278.33469987155;251:5279.082275871549;2711:5280.22009187155;3358:5282.43509987155;2296:5290.73609987155;5495:5290.95293987155;5697:5292.05669987155;5497:5292.75413987155;5500:5295.66137987155;670:5297.05877987155;5502:5299.406219871549;5512:5302.927979871549;5520:5305.3819798715485;5531:5307.078899871549;6313:5308.103939871549;6632:5310.40097987155;6644:5311.97225987155;3793:5313.821459871549;6319:5314.737179871549;7102:5315.215259871549;3741:5315.754899871549;7384:5323.413899871549;6414:5328.621059871549;5446:5330.888819871549;2447:5334.824939871549;2571:5342.413859871549;42:5347.081859871549;2577:5347.754339871549;2566:5356.353419871549;3033:5356.984379871549;3036:5359.253939871549;2469:5362.846259871549;2404:5366.169779871549;2235:5367.453179871549;3762:5367.876611871548;5287:5368.415675871548;310:5371.205891871548;2280:5371.805003871548;1447:5372.250899871548;6261:5376.128891871548;3764:5377.134587871548;4397:5377.685243871549;4745:5377.9115398715485;4182:5382.365315871549;4187:5385.027371871549;4191:5385.765659871548;4195:5400.228947871548;4202:5401.231475871548;4208:5402.213123871548;537:5403.167123871548;18:5409.034691871548;5629:5414.884115871548;1068:5417.436515871547;2559:5424.487115871547;6740:5428.957739871546;1717:5434.791467871546;2067:5435.529251871546;2720:5436.292667871546;4210:5437.190939871546;1711:5438.320619871546;2968:5441.166759394626
0,5,default_vehtype,route,False,5130.0,5408.9138289902785,2966;-1;-1,2988;-1;-1,2634.7327710788463,0.932249703512244,0.9319862302351362,0.0,,0,149,1,,,2966;2743;2631;2150;735;738;1096;3736;81;831;2413;1146;832;1880;1340;3638;3641;7177;5275;5297;5072;1464;2847;5825;4587;5794;3202;2065;2023;4203;4198;1071;1070;1069;1067;1504;4396;710;2281;4664;6260;3300;1832;708;6180;2405;6169;2744;2567;2576;3077;3241;88;2758;2742;2448;2353;6140;7386;3742;7100;6318;737;6639;2446;2301;1992;1990;1988;1985;3729;5498;5496;5699;5494;6307;374;7114;3246;5330;661;445;6080;7381;364;3029;69;30;3346;2832;2207;2988,2966:5130;2743:5137.8438282904;2631:5141.855256861829;2150:5158.7855425761145;735:5169.267714004686;738:5175.435542576115;1096:5184.974514004686;3736:5185.237530004686;81:5189.086434004686;831:5199.933018004686;2413:5200.9207140046865;1146:5201.7340980046865;832:5202.542514004686;1880:5205.140202004686;1340:5216.673018004686;3638:5217.659490004686;3641:5218.723074004686;7177:5222.3014740046865;5275:5226.810762004687;5297:5230.189578004687;5072:5230.419834004687;1464:5237.360346004687;2847:5238.431058004687;5825:5241.329706004687;4587:5243.610018004687;5794:5245.230162004687;3202:5249.3515140046875;2065:5254.495770004687;2023:5260.054098004687;4203:5260.854882004687;4198:5261.836530004687;1071:5262.839058004687;1070:5277.302346004687;1069:5278.040634004687;1067:5280.702690004687;1504:5285.156466004687;4396:5285.382762004687;710:5285.933418004687;2281:5286.939114004687;4664:5290.817106004687;6260:5291.263002004687;3300:5291.862114004687;1832:5294.652330004687;708:5295.191394004687;6180:5295.614826004687;2405:5297.837226004686;6169:5301.314346004686;2744:5305.914906004686;2567:5307.757866004686;2576:5316.246426004685;3077:5318.379066004685;3241:5321.507946004685;88:5323.4347860046855;2758:5325.398226004686;2742:5325.804666004686;2448:5328.990306004685;2353:5335.191186004686;6140:5340.362226004686;7386:5341.704666004686;3742:5349.363666004686;7100:5349.903306004686;6318:5350.381386004686;737:5351.297106004686;6639:5353.146306004685;2446:5354.7175860046855;2301:5357.014626004686;1992:5358.039666004686;1990:5359.736586004687;1988:5362.190586004686;1985:5365.712346004686;3729:5368.0597860046855;5498:5369.457186004685;5496:5372.364426004685;5699:5373.061866004685;5494:5374.165626004685;6307:5374.382466004685;374:5382.683466004685;7114:5384.898474004685;3246:5386.036290004686;5330:5386.7838660046855;661:5387.775306004685;445:5390.804994004685;6080:5393.628402004685;7381:5394.037290004685;364:5394.472674004685;3029:5396.496882004685;69:5400.629167718971;30:5404.761453433257;3346:5406.785661433257;2832:5407.221045433257;2207:5407.629933433257;2988:5408.9138289902785
0,5,default_vehtype,boarding,True,5408.9138289902785,5438.9138289902785,2988;-1;-1,2988;-1;-1,0.0,0.9319862302351362,0.9319862302351362,0.0,,0,149,1,,149,,
0,9,default_vehtype,boarding,True,5394.803557249576,5424.803557249576,2990;-1;-1,2990;-1;-1,0.0,0.9603683555430977,0.9603683555430977,0.0,,0,151,1,151,,,
0,3,default_vehtype,boarding,True,5441.166759394626,5471.166759394626,2968;-1;-1,2968;-1;-1,0.0,0.7613556528048926,0.7613556528048926,0.0,,0,150,1,,150,,
0,3,default_vehtype,route,False,5471.166759394626,5502.8044009196,2968;-1;-1,2969;-1;-1,439.4116878468658,0.7613556528048926,0.7613117116361079,0.0,,0,,0,,,2968;98;2497;7434;2760;542;1074;336;2969,2968:5471.166759394626;98:5476.936427871547;2497:5478.447059871547;7434:5485.654907871547;2760:5492.193443871547;542:5499.721547871547;1074:5500.654955871547;336:5501.678075871547;2969:5502.8044009196
0,4,default_vehtype,route,False,5338.511740851316,5460.018941198833,2973;-1;-1,2984;-1;-1,1307.089262558386,0.8197960112768152,0.8196653023505593,0.0,,0,155,1,,,2973;7354;3525;6025;3063;6027;7362;2188;2186;5744;6033;5746;6031;146;2828;2376;3091;4274;880;3109;3874;4306;429;4313;68;7318;7325;3011;4;4345;1199;1204;2996;2984,2973:5338.511740851316;7354:5342.30890816198;3525:5353.18774816198;6025:5354.92921216198;3063:5356.19389216198;6027:5357.49586816198;7362:5361.50410816198;2188:5368.16727616198;2186:5369.44354816198;5744:5371.4589721619805;6033:5372.828412161981;5746:5374.7518201619805;6031:5376.243444161981;146:5377.204572161981;2828:5378.296380161981;2376:5383.798260161981;3091:5397.1199881619805;4274:5398.262916161981;880:5398.854252161981;3109:5400.704796161981;3874:5406.569076161981;4306:5418.684636161981;429:5420.086956161981;4313:5421.269916161981;68:5426.868276161981;7318:5433.536316161981;7325:5436.863076161981;3011:5440.873716161981;4:5445.658836161981;4345:5447.702316161981;1199:5451.692659019123;1204:5455.683001876266;2996:5457.726481876266;2984:5460.018941198833
0,4,default_vehtype,boarding,True,5460.018941198833,5490.018941198833,2984;-1;-1,2984;-1;-1,0.0,0.8196653023505593,0.8196653023505593,0.0,,0,155,1,,155,,
0,8,default_vehtype,route,False,5189.538173504147,5481.782393045798,2991;-1;-1,2983;-1;-1,3171.84052357281,0.89738136251521,0.8970641784628526,0.0,,0,148,1,,,2991;3010;5658;3008;4585;330;4588;5827;7412;4686;5074;5295;5274;7181;604;603;602;3851;4573;1400;971;598;1368;591;585;940;1370;939;1903;983;3921;840;2881;5099;2878;1735;2581;370;361;2874;1887;4059;910;6541;3462;3648;2851;2850;1801;1560;5242;922;6385;3550;6322;7280;2411;1661;7283;796;751;4635;6299;4102;4325;7285;1218;7334;7010;820;7498;276;2915;2661;7517;6201;7314;2983,2991:5189.538173504147;3010:5193.585442434774;5658:5194.3930424347745;3008:5202.495922434775;4585:5224.824202434775;330:5234.419882434775;4588:5234.992282434775;5827:5237.272594434775;7412:5240.171242434775;4686:5241.241954434775;5074:5248.182466434775;5295:5248.412722434775;5274:5251.791538434775;7181:5256.300826434775;604:5259.879226434776;603:5260.942810434776;602:5261.795938434776;3851:5262.799330434776;4573:5267.105650434775;1400:5268.838330434775;971:5272.636762434775;598:5273.704018434775;1368:5274.664354434775;591:5280.5353064347755;585:5293.706554434775;940:5300.286418434775;1370:5307.3130424347755;939:5308.009714434776;1903:5308.831306434776;983:5309.813818434775;3921:5313.611962434776;840:5318.172802434776;2881:5324.803426434776;5099:5325.956290434776;2878:5327.0843144347755;1735:5338.068634434775;2581:5339.408050434775;370:5340.990898434775;361:5343.488002434775;2874:5344.074010434775;1887:5349.729394434775;4059:5351.648698434775;910:5356.164898434775;6541:5356.829026434775;3462:5359.042666434775;3648:5359.372426434775;2851:5364.046666434775;2850:5364.980026434775;1801:5368.275706434775;1560:5373.016186434776;5242:5374.698826434776;922:5375.614738434776;6385:5378.836378434776;3550:5379.098218434776;6322:5384.735458434776;7280:5388.254218434776;2411:5394.0893384347755;1661:5399.889178434775;7283:5400.938218434775;796:5409.730738434775;751:5411.638618434775;4635:5416.747258434775;6299:5422.706338434775;4102:5425.065658434774;4325:5430.356818434774;7285:5431.273738434774;1218:5432.396938434774;7334:5439.978058434774;7010:5442.8855384347735;820:5444.866498434773;7498:5445.334498434773;276:5445.446098434773;2915:5456.792098434773;2661:5464.025458434773;7517:5471.337418434773;6201:5472.198538434773;7314:5479.093858434772;2983:5481.782393045798
0,8,default_vehtype,boarding,True,5481.782393045798,5511.782393045798,2983;-1;-1,2983;-1;-1,0.0,0.8970641784628526,0.8970641784628526,0.0,,0,148;159,2,159,148,,
0,9,default_vehtype,route,False,5424.803557249576,5471.166244440032,2990;-1;-1,2991;-1;-1,477.01089919476397,0.9603683555430977,0.9603206544531783,0.0,,0,151,1,,,2990;2552;4848;3271;4846;4989;5000;337;1075;537;2991,2990:5424.803557249576;2552:5427.6692733706595;4848:5435.149593370659;3271:5440.702713370659;4846:5442.575793370659;4989:5454.8483133706595;5000:5459.60787337066;337:5467.36810537066;1075:5468.391945370659;537:5469.345945370659;2991:5471.166244440032
0,9,default_vehtype,boarding,True,5471.166244440032,5501.166244440032,2991;-1;-1,2991;-1;-1,0.0,0.9603206544531783,0.9603206544531783,0.0,,0,151;153,2,153,151,,
0,3,default_vehtype,boarding,True,5502.8044009196,5532.8044009196,2969;-1;-1,2969;-1;-1,0.0,0.7613117116361079,0.7613117116361079,0.0,,0,156,1,156,,,
0,5,default_vehtype,route,False,5438.9138289902785,5525.536794165096,2988;-1;-1,2971;-1;-1,775.530490028943,0.9319862302351362,0.9319086771861332,0.0,,0,,0,,,2988;3447;3721;5333;251;2711;3358;2296;5495;5696;3307;3987;2396;886;808;1372;807;1375;108;1376;1380;373;2390;7391;5704;7389;2971,2988:5438.9138289902785;3447:5440.453341433257;3721:5443.483029433257;5333:5444.474469433257;251:5445.222045433256;2711:5446.359861433257;3358:5448.574869433257;2296:5456.875869433257;5495:5457.092709433257;5696:5457.855429433257;3307:5468.593869433257;3987:5475.421029433257;2396:5476.726989433257;886:5482.364589433257;808:5482.8307894332565;1372:5483.693709433256;807:5484.797589433256;1375:5486.4817894332555;108:5488.622229433256;1376:5490.422469433255;1380:5492.439069433255;373:5502.000069433255;2390:5504.544789433255;7391:5505.9454294332545;5704:5508.310509433254;7389:5522.848749433254;2971:5525.536794165096
0,5,default_vehtype,boarding,True,5525.536794165096,5555.536794165096,2971;-1;-1,2971;-1;-1,0.0,0.9319086771861332,0.9319086771861332,0.0,,0,157,1,157,,,
0,6,default_vehtype,route,False,5310.0,5530.134717208677,2976;-1;-1,2970;-1;-1,1834.4559767389578,0.5408509775785791,0.5406675319809052,0.0,,0,154,1,,,2976;7557;2806;4344;2996;3013;7322;2804;3061;1173;3425;3125;3406;2825;1944;130;99;4526;714;2800;4332;799;3653;3825;7127;3766;3988;553;7132;7191;3566;4337;7134;6667;6711;1807;1653;6829;4349;4937;669;5061;7265;3848;534;2839;3560;2970,2976:5310;7557:5314.99035337066;2806:5322.82419337066;4344:5324.027193370661;2996:5326.070673370661;3013:5330.855793370661;7322:5334.866433370661;2804:5338.193193370661;3061:5344.861233370661;1173:5350.4595933706605;3425:5351.642553370661;3125:5352.896073370661;3406:5365.250433370661;2825:5367.720153370661;1944:5369.031513370661;130:5371.419153370661;99:5371.899393370661;4526:5380.308993370661;714:5383.105833370661;2800:5385.112233370661;4332:5385.927873370661;799:5387.10879337066;3653:5391.70503337066;3825:5392.95363337066;7127:5436.51375337066;3766:5437.4509533706605;3988:5441.1865533706605;553:5441.64483337066;7132:5451.5237133706605;7191:5459.48091337066;3566:5461.310073370661;4337:5465.808273370661;7134:5466.908313370661;6667:5474.840433370661;6711:5490.699993370661;1807:5492.627193370661;1653:5498.4311133706615;6829:5499.204033370662;4349:5499.752913370662;4937:5504.122473370662;669:5514.429873370662;5061:5520.238233370662;7265:5521.021473370662;3848:5521.996113370662;534:5526.041073370662;2839:5527.3997133706625;3560:5528.475273370663;2970:5530.134717208677
0,6,default_vehtype,boarding,True,5530.134717208677,5560.134717208677,2970;-1;-1,2970;-1;-1,0.0,0.5406675319809052,0.5406675319809052,0.0,,0,154,1,,154,,
0,10,default_vehtype,route,False,5520.0,5550.158021267549,2976;-1;-1,2977;-1;-1,251.31684389623734,0.9435533031188488,0.9435281714344591,0.0,,0,,0,,,2976;7557;7316;7531;2802;2977,2976:5520;7557:5524.99035337066;7316:5532.385353370661;7531:5539.940313370661;2802:5547.155793370661;2977:5550.158021267549
0,5,default_vehtype,route,False,5555.536794165096,5629.440278122591,2971;-1;-1,2973;-1;-1,860.3601923643268,0.9319086771861332,0.9318226411668968,0.0,,0,157,1,,,2971;3807;6875;885;316;2042;1982;6306;374;7114;3246;5330;661;445;6080;7381;364;3029;3886;5711;6045;2157;4817;456;5901;7605;2830;1420;1084;2973,2971:5555.536794165096;3807:5556.913149433254;6875:5557.981149433254;885:5558.584509433254;316:5565.411669433254;2042:5576.150109433254;1982:5576.912829433254;6306:5577.129669433254;374:5585.4306694332545;7114:5587.645677433255;3246:5588.783493433255;5330:5589.531069433255;661:5590.5225094332545;445:5593.552197433254;6080:5596.375605433254;7381:5596.784493433254;364:5597.219877433255;3029:5599.244085433254;3886:5599.742109433255;5711:5602.281693433255;6045:5603.675973433255;2157:5607.864501433255;4817:5608.3412854332555;456:5608.956165433256;5901:5609.711733433255;7605:5613.183429433255;2830:5613.412821433255;1420:5625.117933433255;1084:5628.6529174332545;2973:5629.440278122591
0,6,default_vehtype,route,False,5560.134717208677,5614.236038418716,2970;-1;-1,2969;-1;-1,543.4817047950673,0.5406675319809052,0.5406131838104258,0.0,,0,,0,,,2970;671;544;7400;5449;6824;4848;3271;4846;4989;5000;337;1075;4198;336;2969,2970:5560.134717208677;671:5561.164833370663;544:5563.854393370662;7400:5564.929953370663;5449:5566.128993370663;6824:5570.382273370663;4848:5577.862593370663;3271:5583.415713370662;4846:5585.2887933706625;4989:5597.561313370663;5000:5602.320873370663;337:5610.081105370663;1075:5611.104945370663;4198:5612.086593370663;336:5613.109713370663;2969:5614.236038418716
0,8,default_vehtype,route,False,5511.782393045798,5627.273362387021,2983;-1;-1,2974;-1;-1,1083.4350680544094,0.8970641784628526,0.8969558349560471,0.0,,0,159,1,,,2983;7527;2803;7558;2806;4344;2996;3013;7322;2804;3061;1173;3425;4304;793;118;3979;4275;103;6480;7360;3154;6028;2181;2180;146;2828;2974,2983:5511.782393045798;7527:5516.309338434772;2803:5523.8642984347725;7558:5531.259298434773;2806:5539.093138434773;4344:5540.296138434774;2996:5542.339618434774;3013:5547.1247384347735;7322:5551.135378434774;2804:5554.462138434774;3061:5561.130178434773;1173:5566.728538434773;3425:5567.911498434773;4304:5569.313818434774;793:5581.429378434774;118:5587.2936584347735;3979:5589.144202434773;4275:5589.735538434774;103:5590.878466434774;6480:5604.200194434774;7360:5609.702074434774;3154:5610.793882434774;6028:5611.755010434774;2181:5615.987067577631;2180:5620.219124720488;146:5621.180252720488;2828:5622.272060720488;2974:5627.273362387021
0,9,default_vehtype,route,False,5501.166244440032,5611.2715092495755,2991;-1;-1,2990;-1;-1,1151.3771008052363,0.9603206544531783,0.9602055167430977,0.0,,0,153,1,,,2991;3010;5631;1068;2867;2760;542;1074;336;2759;1664;1659;538;4990;4939;5252;3070;1657;4439;4842;1272;3423;4282;4975;6830;4349;4937;669;5061;7265;3848;534;2839;5449;2990,2991:5501.166244440032;3010:5505.213513370659;5631:5511.062937370659;1068:5513.615337370658;2867:5514.489633370658;2760:5521.028169370658;542:5528.556273370658;1074:5529.489681370658;336:5530.512801370658;2759:5535.242769370658;1664:5538.496665370658;1659:5543.256225370658;538:5544.407265370658;4990:5548.104345370658;4939:5549.494905370658;5252:5554.919625370658;3070:5555.956065370658;1657:5563.472865370658;4439:5569.103025370658;4842:5573.487585370658;1272:5573.672505370658;3423:5574.889065370658;4282:5578.666545370657;4975:5579.716305370657;6830:5580.489225370658;4349:5581.038105370658;4937:5585.407665370658;669:5595.715065370658;5061:5601.523425370658;7265:5602.306665370657;3848:5603.281305370658;534:5607.326265370658;2839:5608.684905370658;5449:5609.883945370659;2990:5611.2715092495755
0,10,default_vehtype,boarding,True,5550.158021267549,5580.158021267549,2977;-1;-1,2977;-1;-1,0.0,0.9435281714344591,0.9435281714344591,0.0,,0,160,1,160,,,
0,10,default_vehtype,route,False,5580.158021267549,5634.175885714287,2977;-1;-1,2976;-1;-1,399.1611561037626,0.9435281714344591,0.9434882553188487,0.0,,0,160,1,,,2977;6202;7315;7530;2803;7558;2806;4344;1199;1204;7329;2976,2977:5580.158021267549;6202:5584.0511133706605;7315:5590.94643337066;7530:5598.16191337066;2803:5605.71687337066;7558:5613.111873370661;2806:5620.945713370661;4344:5622.148713370661;1199:5626.139056227804;1204:5630.129399084946;7329:5631.332399084947;2976:5634.175885714287
0,11,default_vehtype,route,False,5580.0,5638.767722267398,2976;-1;-1,2983;-1;-1,404.05273318071494,0.8881733752710367,0.8881329699977186,0.0,,0,,0,,,2976;7557;7316;7531;2802;2251;7515;4311;2918;1172;2919;6201;7314;2983,2976:5580;7557:5584.99035337066;7316:5592.385353370661;7531:5599.940313370661;2802:5607.155793370661;2251:5614.0511133706605;7515:5614.91223337066;4311:5619.662176227803;2918:5621.617490513517;1172:5623.572804799231;2919:5628.322747656373;6201:5629.183867656373;7314:5636.079187656373;2983:5638.767722267398
0,4,default_vehtype,route,False,5640.0,5653.367747306773,2984;-1;-1,2976;-1;-1,111.3978942231051,0.8196653023505593,0.819654162561137,0.0,,0,,0,,,2984;3012;4;4345;7330;2976,2984:5640;3012:5642.4926606774325;4:5647.277780677432;4345:5649.321260677432;7330:5650.524260677433;2976:5653.367747306773
0,4,default_vehtype,boarding,True,5653.367747306773,5683.367747306773,2976;-1;-1,2976;-1;-1,0.0,0.819654162561137,0.819654162561137,0.0,,0,163,1,163,,,
0,5,default_vehtype,boarding,True,5629.440278122591,5659.440278122591,2973;-1;-1,2973;-1;-1,0.0,0.9318226411668968,0.9318226411668968,0.0,,0,157,1,,157,,
0,6,default_vehtype,boarding,True,5614.236038418716,5644.236038418716,2969;-1;-1,2969;-1;-1,0.0,0.5406131838104258,0.5406131838104258,0.0,,0,158,1,158,,,
0,8,default_vehtype,boarding,True,5627.273362387021,5657.273362387021,2974;-1;-1,2974;-1;-1,0.0,0.8969558349560471,0.8969558349560471,0.0,,0,159,1,,159,,
0,9,default_vehtype,boarding,True,5611.2715092495755,5641.2715092495755,2990;-1;-1,2990;-1;-1,0.0,0.9602055167430977,0.9602055167430977,0.0,,0,153,1,,153,,
0,10,default_vehtype,boarding,True,5634.175885714287,5664.175885714287,2976;-1;-1,2976;-1;-1,0.0,0.9434882553188487,0.9434882553188487,0.0,,0,160,1,,160,,
0,10,default_vehtype,route,False,5664.175885714287,5694.333906981836,2976;-1;-1,2977;-1;-1,251.31684389623734,0.9434882553188487,0.943463123634459,0.0,,0,,0,,,2976;7557;7316;7531;2802;2977,2976:5664.175885714287;7557:5669.166239084947;7316:5676.561239084947;7531:5684.116199084948;2802:5691.331679084948;2977:5694.333906981836
0,11,default_vehtype,boarding,True,5638.767722267398,5668.767722267398,2983;-1;-1,2983;-1;-1,0.0,0.8881329699977186,0.8881329699977186,0.0,,0,162,1,162,,,
0,1,default_vehtype,boarding,True,5700.0,5730.0,2975;-1;-1,2975;-1;-1,0.0,0.8546289276134968,0.8546289276134968,0.0,,0,165,1,165,,,
0,3,default_vehtype,route,False,5532.8044009196,5721.315477295435,2969;-1;-1,2966;-1;-1,1632.261708212367,0.7613117116361079,0.7611484854652868,0.0,,0,156,1,,,2969;7192;1664;337;1075;5648;5759;205;5793;1407;5826;7411;4686;5074;5295;5274;7181;604;603;602;1339;1395;1399;835;1147;1093;2607;911;1150;665;666;1885;668;1415;1041;1623;1383;2333;2966,2969:5532.8044009196;7192:5536.408043871546;1664:5539.661939871547;337:5547.422171871546;1075:5548.446011871546;5648:5549.246795871546;5759:5554.805123871546;205:5559.949379871546;5793:5564.070731871546;1407:5565.690875871546;5826:5567.971187871546;7411:5570.8698358715465;4686:5571.940547871546;5074:5578.881059871546;5295:5579.111315871546;5274:5582.4901318715465;7181:5586.999419871547;604:5590.577819871547;603:5591.6414038715475;602:5592.494531871547;1339:5593.486907871547;1395:5602.024235871548;1399:5604.164939871548;835:5607.741899871548;1147:5608.534475871548;1093:5609.7937558715485;2607:5617.852427871549;911:5620.706291871548;1150:5621.466755871548;665:5622.916619871548;666:5623.785731871549;1885:5624.771555871549;668:5638.141955871549;1415:5638.771019871549;1041:5655.457534157263;1623:5659.84079130012;1383:5670.926219871549;2333:5711.080105585835;2966:5721.315477295435
0,3,default_vehtype,boarding,True,5721.315477295435,5751.315477295435,2966;-1;-1,2966;-1;-1,0.0,0.7611484854652868,0.7611484854652868,0.0,,0,156;161,2,161,156,,
0,10,default_vehtype,boarding,True,5694.333906981836,5724.333906981836,2977;-1;-1,2977;-1;-1,0.0,0.943463123634459,0.943463123634459,0.0,,0,164,1,164,,,
0,0,default_vehtype,route,False,5760.0,5791.62247258673,2987;-1;-1,2988;-1;-1,439.20100814900826,0.68816002542543,0.6881161053246151,0.0,,0,,0,,,2987;4613;7368;7606;5900;3459;4818;5992;6047;5708;3884;3030;3347;7376;2207;2988,2987:5760;4613:5761.596249029708;7368:5773.301361029708;7606:5773.530753029708;5900:5777.002449029707;3459:5777.758017029707;4818:5778.372897029707;5992:5778.849681029707;6047:5783.038209029707;5708:5784.4324890297075;3884:5786.972073029708;3030:5787.470097029708;3347:5789.494305029708;7376:5789.929689029708;2207:5790.338577029708;2988:5791.62247258673
0,4,default_vehtype,route,False,5683.367747306773,5809.311611647727,2976;-1;-1,2987;-1;-1,1410.1941526762305,0.819654162561137,0.8195131431458694,0.0,,0,163,1,,,2976;7557;2806;4344;2996;3013;7322;2804;3061;1173;3425;4304;793;118;3979;4275;103;6480;7360;3154;6028;5745;6035;5743;6038;6041;7365;2179;3064;6023;3524;7356;4225;2987,2976:5683.367747306773;7557:5688.358100677433;2806:5696.191940677433;4344:5697.394940677434;2996:5699.438420677434;3013:5704.223540677433;7322:5708.234180677434;2804:5711.560940677434;3061:5718.228980677433;1173:5723.827340677433;3425:5725.010300677433;4304:5726.412620677434;793:5738.528180677434;118:5744.3924606774335;3979:5746.243004677433;4275:5746.834340677434;103:5747.977268677434;6480:5761.298996677434;7360:5766.800876677434;3154:5767.892684677434;6028:5768.853812677434;5745:5770.345436677434;6035:5772.268844677434;5743:5773.638284677434;6038:5775.653708677434;6041:5776.929980677434;7365:5783.593148677434;2179:5787.601388677434;3064:5788.903364677434;6023:5790.168044677434;3524:5791.909508677434;7356:5802.788348677434;4225:5807.372876677435;2987:5809.311611647727
0,9,default_vehtype,boarding,True,5760.0,5790.0,2990;-1;-1,2990;-1;-1,0.0,0.9602055167430977,0.9602055167430977,0.0,,0,170,1,170,,,
0,11,default_vehtype,route,False,5668.767722267398,5766.9168774538,2983;-1;-1,2982;-1;-1,700.0444836962449,0.8881329699977186,0.8880629655493489,0.0,,0,162,1,,,2983;7527;2802;2251;7515;7037;7512;3274;2902;3901;7011;7336;4365;7288;1182;1001;6296;6301;2298;2295;2293;4102;4325;7285;1218;2982,2983:5668.767722267398;7527:5673.294667656372;2802:5680.510147656372;2251:5687.405467656372;7515:5688.2665876563715;7037:5695.5785476563715;7512:5702.811907656372;3274:5714.157907656371;2902:5714.269507656371;3901:5714.737507656371;7011:5716.718467656371;7336:5719.625947656371;4365:5727.207067656371;7288:5728.330267656371;1182:5729.24718765637;1001:5734.53834765637;6296:5736.89766765637;6301:5741.839953370655;2298:5746.121896227798;2295:5750.403839084941;2293:5755.346124799226;4102:5757.705444799226;4325:5762.996604799226;7285:5763.913524799225;1218:5765.036724799225;2982:5766.9168774538
0,11,default_vehtype,boarding,True,5766.9168774538,5796.9168774538,2982;-1;-1,2982;-1;-1,0.0,0.8880629655493489,0.8880629655493489,0.0,,0,162,1,,162,,
0,0,default_vehtype,boarding,True,5791.62247258673,5821.62247258673,2988;-1;-1,2988;-1;-1,0.0,0.6881161053246151,0.6881161053246151,0.0,,0,167,1,167,,,
0,1,default_vehtype,route,False,5730.0,5849.151265398663,2975;-1;-1,2982;-1;-1,992.9272116555164,0.8546289276134968,0.8545296348923312,0.0,,0,165,1,,,2975;1166;429;3125;3406;2825;1944;130;99;4526;714;2800;4339;2419;5404;5421;1925;1883;926;925;5399;1905;830;2795;918;3075;7097;7290;2736;1744;1164;2789;1218;2982,2975:5730;1166:5740.110872744087;429:5741.513192744087;3125:5742.766712744087;3406:5755.1210727440875;2825:5757.590792744088;1944:5758.902152744087;130:5761.289792744087;99:5761.770032744087;4526:5770.179632744087;714:5772.976472744087;2800:5774.982872744087;4339:5776.4766327440875;2419:5781.085712744088;5404:5785.312592744088;5421:5786.4179127440875;1925:5786.561192744088;1883:5787.598472744087;926:5791.851032744087;925:5794.795352744087;5399:5804.100152744087;1905:5805.426752744087;830:5806.603592744087;2795:5807.787272744087;918:5808.9294327440875;3075:5816.802392744087;7097:5817.651752744087;7290:5823.453872744088;2736:5832.172352744088;1744:5833.627592744088;1164:5844.736112744088;2789:5846.147912744088;1218:5847.271112744088;2982:5849.151265398663
0,1,default_vehtype,boarding,True,5849.151265398663,5879.151265398663,2982;-1;-1,2982;-1;-1,0.0,0.8545296348923312,0.8545296348923312,0.0,,0,165,1,,165,,
0,2,default_vehtype,route,False,5760.0,5878.448631310085,2980;-1;-1,2981;-1;-1,632.2576748681246,0.913827431573834,0.9137642058063472,0.0,,0,,0,,,2980;914;2135;1730;2664;2579;2961;2407;2581;370;361;2874;1887;4059;910;6541;3462;3648;2851;2850;1801;1560;5242;922;6385;3550;2981,2980:5760;914:5775.882170735657;2135:5783.833027878514;1730:5799.289370735657;2664:5801.111485021372;2579:5805.987427878515;2961:5822.758285021372;2407:5828.007085021372;2581:5836.494342164229;370:5838.077190164229;361:5840.574294164229;2874:5841.1603021642295;1887:5846.815686164229;4059:5848.734990164229;910:5853.251190164229;6541:5853.91531816423;3462:5856.1289581642295;3648:5856.458718164229;2851:5861.132958164229;2850:5862.066318164229;1801:5865.36199816423;1560:5870.10247816423;5242:5871.78511816423;922:5872.70103016423;6385:5875.92267016423;3550:5876.18451016423;2981:5878.448631310085
0,3,default_vehtype,route,False,5751.315477295435,5854.405657436776,2966;-1;-1,2967;-1;-1,889.1057434150201,0.7611484854652868,0.7610595748909453,0.0,,0,161,1,,,2966;2743;2631;2150;735;738;2470;734;1815;739;1724;1962;1910;164;1354;197;1311;7;1963;1308;482;7613;2611;1307;2876;1960;2967,2966:5751.315477295435;2743:5759.159305585835;2631:5763.170734157264;2150:5780.101019871549;735:5790.583191300121;738:5796.75101987155;2470:5797.70069987155;734:5797.90957187155;1815:5798.91778787155;739:5799.75831587155;1724:5816.21600387155;1962:5817.27281987155;1910:5818.095059871551;164:5819.046251871551;1354:5820.002771871551;197:5822.212019871551;1311:5833.746779871551;7:5837.44174787155;1963:5837.850203871551;1308:5838.211427871551;482:5842.766075871551;7613:5844.090227871551;2611:5847.986579871551;1307:5849.3023078715505;2876:5851.969043871551;1960:5852.95328387155;2967:5854.405657436776
0,4,default_vehtype,boarding,True,5809.311611647727,5839.311611647727,2987;-1;-1,2987;-1;-1,0.0,0.8195131431458694,0.8195131431458694,0.0,,0,163,1,,163,,
0,6,default_vehtype,route,False,5644.236038418716,5860.702446735829,2969;-1;-1,2985;-1;-1,1880.911226626547,0.5406131838104258,0.5404250926877631,0.0,,0,158,1,,,2969;7192;1664;1659;538;4990;4939;5252;3070;1657;4439;4842;1272;3423;4282;4975;5250;6710;2464;7135;1193;552;2755;7131;3567;888;712;2718;754;611;1812;1186;7311;3767;4527;3089;3131;5447;7352;414;122;3426;4305;793;118;3979;2985,2969:5644.236038418716;7192:5647.839681370662;1664:5651.093577370662;1659:5655.853137370663;538:5657.004177370663;4990:5660.7012573706625;4939:5662.091817370662;5252:5667.516537370662;3070:5668.552977370662;1657:5676.069777370662;4439:5681.699937370662;4842:5686.084497370663;1272:5686.269417370662;3423:5687.485977370662;4282:5691.263457370662;4975:5692.313217370662;5250:5698.117137370662;6710:5700.044337370662;2464:5715.903897370662;7135:5723.836017370662;1193:5724.936057370663;552:5729.434257370663;2755:5731.263417370663;7131:5739.220617370663;3567:5749.099497370663;888:5749.557777370663;712:5753.293377370663;2718:5754.230577370663;754:5797.790697370663;611:5799.039297370663;1812:5803.610457370663;1186:5804.7876573706635;7311:5805.603297370663;3767:5807.6096973706635;4527:5810.4065373706635;3089:5818.8161373706635;3131:5819.296377370663;5447:5821.684017370663;7352:5822.995377370663;414:5825.465097370663;122:5837.819457370663;3426:5839.0729773706635;4305:5840.475297370664;793:5852.590857370664;118:5858.455137370664;3979:5860.3056813706635;2985:5860.702446735829
0,11,default_vehtype,route,False,5796.9168774538,5852.336749234424,2982;-1;-1,2979;-1;-1,461.8322648385531,0.8880629655493489,0.8880167823228651,0.0,,0,,0,,,2982;2809;4365;7288;1182;1001;6296;1434;3820;3877;2787;4993;6537;2979,2982:5796.9168774538;2809:5802.617844799225;4365:5810.198964799225;7288:5811.322164799225;1182:5812.239084799225;1001:5817.530244799224;6296:5819.889564799224;1434:5825.848644799224;3820:5830.957284799224;3877:5832.865164799224;2787:5841.657684799224;4993:5842.706724799224;6537:5848.506564799223;2979:5852.336749234424
0,2,default_vehtype,boarding,True,5878.448631310085,5908.448631310085,2981;-1;-1,2981;-1;-1,0.0,0.9137642058063472,0.9137642058063472,0,,0,166,1,166,,,
0,3,default_vehtype,boarding,True,5854.405657436776,5884.405657436776,2967;-1;-1,2967;-1;-1,0.0,0.7610595748909453,0.7610595748909453,0,,0,161,1,,161,,
0,6,default_vehtype,boarding,True,5860.702446735829,5890.702446735829,2985;-1;-1,2985;-1;-1,0.0,0.5404250926877631,0.5404250926877631,0,,0,158,1,,158,,
0,11,default_vehtype,boarding,True,5852.336749234424,5882.336749234424,2979;-1;-1,2979;-1;-1,0.0,0.8880167823228651,0.8880167823228651,0,,0,168,1,168,,,
0,0,default_vehtype,route,False,5821.62247258673,5964.2747540665605,2988;-1;-1,2984;-1;-1,1600.7709449516558,0.6881161053246151,0.68795602823012,0.0,,0,167,1,,,2988;3447;6082;7383;364;3029;3886;5711;6045;2157;4817;456;5901;7605;2830;5852;6913;1321;597;2204;6066;6049;7367;2188;2186;5744;6033;5746;6031;146;2828;2376;3091;4274;880;3109;3874;4306;429;4313;68;7318;7325;3011;4;4345;1199;1204;2996;2984,2988:5821.62247258673;3447:5823.161985029708;6082:5825.985393029709;7383:5826.3942810297085;364:5826.829665029709;3029:5828.853873029709;3886:5829.351897029709;5711:5831.891481029709;6045:5833.28576102971;2157:5837.474289029709;4817:5837.95107302971;456:5838.56595302971;5901:5839.321521029709;7605:5842.793217029709;2830:5843.022609029709;5852:5849.549337029709;6913:5851.445745029709;1321:5856.594177029709;597:5857.057065029709;2204:5858.614353029709;6066:5859.260049029708;6049:5863.486377029708;7367:5865.759921029708;2188:5872.423089029708;2186:5873.699361029708;5744:5875.714785029708;6033:5877.084225029708;5746:5879.007633029708;6031:5880.499257029708;146:5881.460385029708;2828:5882.552193029708;2376:5888.054073029708;3091:5901.375801029708;4274:5902.518729029708;880:5903.1100650297085;3109:5904.960609029708;3874:5910.824889029708;4306:5922.940449029708;429:5924.3427690297085;4313:5925.525729029709;68:5931.124089029709;7318:5937.792129029708;7325:5941.118889029708;3011:5945.1295290297085;4:5949.914649029708;4345:5951.958129029708;1199:5955.948471886851;1204:5959.938814743993;2996:5961.982294743993;2984:5964.2747540665605
0,0,default_vehtype,boarding,True,5964.2747540665605,5994.2747540665605,2984;-1;-1,2984;-1;-1,0.0,0.68795602823012,0.68795602823012,0.0,,0,167,1,,167,,
0,9,default_vehtype,route,False,5790.0,5972.689523091375,2990;-1;-1,2987;-1;-1,1926.571842263089,0.9602055167430977,0.9600128595588714,0.0,,0,170,1,,,2990;2552;1946;7401;3560;3731;662;7398;3491;6933;7394;6989;7392;5704;7389;3806;2573;885;316;2042;1982;6306;374;7114;3246;5330;661;445;6080;7381;364;3029;3886;5711;6045;2157;4817;456;5901;7605;2830;1420;1084;7357;2826;2827;4225;2987,2990:5790;2552:5792.865716121083;1946:5797.118996121083;7401:5798.318036121083;3560:5799.393596121084;3731:5802.083156121083;662:5824.532876121083;7398:5828.052116121083;3491:5834.376836121082;6933:5835.288596121082;7394:5840.650196121082;6989:5841.2445561210825;7392:5850.4556361210825;5704:5852.820716121082;7389:5867.358956121082;3806:5871.423356121082;2573:5872.491356121082;885:5873.0947161210825;316:5879.921876121082;2042:5890.660316121082;1982:5891.423036121082;6306:5891.639876121082;374:5899.9408761210825;7114:5902.155884121083;3246:5903.293700121083;5330:5904.041276121083;661:5905.032716121083;445:5908.062404121082;6080:5910.885812121082;7381:5911.294700121082;364:5911.730084121083;3029:5913.7542921210825;3886:5914.252316121083;5711:5916.791900121083;6045:5918.186180121083;2157:5922.374708121083;4817:5922.8514921210835;456:5923.466372121084;5901:5924.221940121083;7605:5927.693636121083;2830:5927.923028121083;1420:5939.628140121083;1084:5943.163124121083;7357:5947.747652121083;2826:5956.956956121083;2827:5966.166260121083;4225:5970.750788121083;2987:5972.689523091375
0,11,default_vehtype,route,False,5882.336749234424,5985.056266063566,2979;-1;-1,2980;-1;-1,812.5577977206555,0.8880167823228651,0.8879355265430929,0.0,,0,168,1,,,2979;2786;2307;3549;6384;4032;1804;4811;5237;608;459;2416;4011;5246;363;366;2314;2877;1748;1743;1157;2058;2092;915;2980,2979:5882.336749234424;2786:5884.341684799223;2307:5887.860444799223;3549:5893.497684799223;6384:5893.759524799223;4032:5896.981164799223;1804:5897.897076799223;4811:5899.579716799223;5237:5904.320196799224;608:5913.186276799223;459:5913.516036799223;2416:5915.729676799223;4011:5916.393804799223;5246:5922.318972799223;363:5929.2276607992235;366:5930.632740799224;2314:5931.777612799224;2877:5944.948716799224;1748:5946.067236799224;1743:5953.821636799224;1157:5958.560779656366;2058:5964.3506082277945;2092:5967.739751084938;915:5972.857922513509;2980:5985.056266063566
0,2,default_vehtype,route,False,5908.448631310085,6041.718369486795,2981;-1;-1,2984;-1;-1,1110.581151472602,0.9137642058063472,0.9136531476911999,0.0,,0,166,1,,,2981;6320;7278;2411;1661;7283;796;751;4635;6299;4102;4325;7285;1218;7334;7010;820;7498;276;2915;2661;7517;6201;7314;7529;2803;7558;2806;4344;2996;2984,2981:5908.448631310085;6320:5911.82175016423;7278:5915.34051016423;2411:5921.17563016423;1661:5926.97547016423;7283:5928.0245101642295;796:5936.817030164229;751:5938.724910164229;4635:5943.83355016423;6299:5949.792630164229;4102:5952.151950164229;4325:5957.4431101642285;7285:5958.360030164228;1218:5959.483230164228;7334:5967.064350164228;7010:5969.971830164228;820:5971.952790164228;7498:5972.420790164228;276:5972.532390164228;2915:5983.878390164227;2661:5991.1117501642275;7517:5998.4237101642275;6201:5999.284830164227;7314:6006.180150164227;7529:6013.3956301642265;2803:6020.950590164227;7558:6028.345590164227;2806:6036.179430164228;4344:6037.382430164228;2996:6039.425910164228;2984:6041.718369486795
0,3,default_vehtype,route,False,5884.405657436776,6038.440859009721,2967;-1;-1,2966;-1;-1,1352.74125658498,0.7610595748909453,0.7609243007652868,0.0,,0,,0,,,2967;3896;5466;7451;4482;6930;7615;3488;4485;5469;2998;901;1083;1355;1961;1962;1033;1559;1958;2907;636;1954;1949;186;333;2164;695;694;1041;1623;1383;2333;2966,2967:5884.405657436776;3896:5890.485203871551;5466:5898.017123871551;7451:5899.001363871551;4482:5901.668099871551;6930:5902.983827871551;7615:5906.88017987155;3488:5908.2043318715505;4485:5912.758979871551;5469:5913.120203871551;2998:5913.528659871551;901:5914.7741878715515;1083:5917.564619871551;1355:5931.253907871551;1961:5932.236635871551;1962:5933.1755158715505;1033:5934.38497187155;1559:5940.76906787155;1958:5948.1160918715495;2907:5948.739755871549;636:5951.5548838715495;1954:5952.165587871549;1949:5961.065723871549;186:5962.63186787155;333:5963.27158787155;2164:5963.88797987155;695:5968.595267871549;694:5971.763987871549;1041:5972.582915871549;1623:5976.966173014406;1383:5988.051601585835;2333:6028.205487300121;2966:6038.440859009721
0,5,default_vehtype,route,False,5880.0,6035.813387189581,2973;-1;-1,2990;-1;-1,1585.1334671946329,0.9318226411668968,0.9316641278201774,0.0,,0,,0,,,2973;7354;4225;4614;7369;7607;5900;3459;4818;5992;6047;5708;3884;3030;3347;7376;2207;3446;3720;5332;251;2711;3358;2296;5495;5696;3307;3987;6878;746;2834;2045;2835;2641;7396;2616;486;2838;3722;3732;544;7400;5449;2990,2973:5880;7354:5883.797167310664;4225:5888.381695310664;4614:5891.916679310664;7369:5903.621791310664;7607:5903.851183310664;5900:5907.322879310664;3459:5908.078447310663;4818:5908.693327310663;5992:5909.170111310664;6047:5913.358639310663;5708:5914.752919310664;3884:5917.292503310664;3030:5917.790527310664;3347:5919.814735310664;7376:5920.250119310665;2207:5920.6590073106645;3446:5923.482415310665;3720:5926.512103310664;5332:5927.503543310664;251:5928.251119310664;2711:5929.388935310664;3358:5931.603943310664;2296:5939.904943310665;5495:5940.121783310665;5696:5940.8845033106645;3307:5951.622943310665;3987:5958.450103310664;6878:5959.0534633106645;746:5960.121463310665;2834:5964.185863310665;2045:5978.724103310665;2835:5981.089183310664;2641:5990.300263310664;7396:5990.894623310664;2616:5996.256223310665;486:5997.167983310665;2838:6003.492703310664;3722:6007.011943310664;3732:6029.461663310663;544:6032.151223310663;7400:6033.226783310663;5449:6034.425823310664;2990:6035.813387189581
0,9,default_vehtype,boarding,True,5972.689523091375,6002.689523091375,2987;-1;-1,2987;-1;-1,0.0,0.9600128595588714,0.9600128595588714,0.0,,0,170,1,,170,,
0,10,default_vehtype,route,False,5724.333906981836,6015.02385555,2977;-1;-1,2992;-1;-1,2881.7774406516896,0.943463123634459,0.9431749458903939,0.0,,0,164,1,,,2977;6202;7315;7530;2803;7558;2806;4344;2996;3013;7322;2804;3061;1173;3425;3125;3406;2825;1944;130;99;4526;714;2800;4332;799;3653;3825;7127;1836;4248;5046;7138;6879;1367;3637;3640;3643;7179;5275;5297;5072;1464;2847;5825;4587;5794;3202;2065;2023;4203;537;18;5629;1068;2559;6740;1717;2067;2063;1937;2992,2977:5724.333906981836;6202:5728.226999084947;7315:5735.122319084947;7530:5742.337799084947;2803:5749.892759084947;7558:5757.2877590849475;2806:5765.121599084948;4344:5766.324599084948;2996:5768.3680790849485;3013:5773.153199084948;7322:5777.163839084948;2804:5780.490599084948;3061:5787.158639084948;1173:5792.756999084948;3425:5793.939959084948;3125:5795.193479084948;3406:5807.5478390849485;2825:5810.0175590849485;1944:5811.328919084948;130:5813.716559084948;99:5814.196799084948;4526:5822.606399084948;714:5825.403239084948;2800:5827.409639084948;4332:5828.225279084948;799:5829.406199084948;3653:5834.002439084948;3825:5835.2510390849475;7127:5878.811159084948;1836:5880.162119084947;4248:5894.707319084947;5046:5911.047839084947;7138:5912.686439084947;6879:5918.952839084947;1367:5930.445719084947;3637:5932.338839084947;3640:5933.191967084947;3643:5934.255551084947;7179:5937.833951084947;5275:5942.3432390849475;5297:5945.722055084948;5072:5945.952311084948;1464:5952.892823084948;2847:5953.963535084948;5825:5956.862183084948;4587:5959.142495084948;5794:5960.762639084948;3202:5964.883991084948;2065:5970.028247084948;2023:5975.586575084948;4203:5976.387359084948;537:5977.341359084948;18:5983.208927084947;5629:5989.058351084947;1068:5991.610751084947;2559:5998.661351084947;6740:6003.131975084946;1717:6008.965703084946;2067:6009.703487084946;2063:6010.419743084945;1937:6013.689695084945;2992:6015.02385555
0,10,default_vehtype,boarding,True,6015.02385555,6045.02385555,2992;-1;-1,2992;-1;-1,0.0,0.9431749458903939,0.9431749458903939,0.0,,0,164,1,,164,,
0,11,default_vehtype,boarding,True,5985.056266063566,6015.056266063566,2980;-1;-1,2980;-1;-1,0.0,0.8879355265430929,0.8879355265430929,0.0,,0,168,1,,168,,
0,2,default_vehtype,boarding,True,6041.718369486795,6071.718369486795,2984;-1;-1,2984;-1;-1,0.0,0.9136531476911999,0.9136531476911999,0.0,,0,166,1,,166,,
0,3,default_vehtype,boarding,True,6038.440859009721,6068.440859009721,2966;-1;-1,2966;-1;-1,0.0,0.7609243007652868,0.7609243007652868,0.0,,0,169,1,169,,,
0,4,default_vehtype,route,False,5880.0,6062.894979724864,2987;-1;-1,2970;-1;-1,1680.7188240627274,0.8195131431458694,0.8193450712634631,0.0,,0,,0,,,2987;4613;7368;7606;5900;3459;4818;5992;6047;5708;3884;3030;3347;7376;2207;3446;3720;5332;251;2711;3358;2296;5495;5696;3307;3987;6878;746;2834;2045;2835;2641;7396;2616;486;2838;3722;3732;544;7400;5449;6824;4848;1631;1593;6821;1946;7401;3560;2970,2987:5880;4613:5881.596249029708;7368:5893.301361029708;7606:5893.530753029708;5900:5897.002449029707;3459:5897.758017029707;4818:5898.372897029707;5992:5898.849681029707;6047:5903.038209029707;5708:5904.4324890297075;3884:5906.972073029708;3030:5907.470097029708;3347:5909.494305029708;7376:5909.929689029708;2207:5910.338577029708;3446:5913.161985029708;3720:5916.191673029708;5332:5917.183113029708;251:5917.9306890297075;2711:5919.068505029708;3358:5921.283513029708;2296:5929.584513029708;5495:5929.8013530297085;5696:5930.564073029708;3307:5941.302513029708;3987:5948.129673029708;6878:5948.733033029708;746:5949.801033029708;2834:5953.865433029709;2045:5968.403673029708;2835:5970.768753029708;2641:5979.979833029708;7396:5980.574193029708;2616:5985.935793029708;486:5986.847553029708;2838:5993.172273029708;3722:5996.6915130297075;3732:6019.141233029707;544:6021.830793029707;7400:6022.906353029707;5449:6024.105393029708;6824:6028.3586730297075;4848:6035.838993029707;1631:6041.533164458278;1593:6047.22733588685;6821:6054.707655886849;1946:6058.960935886849;7401:6060.15997588685;3560:6061.23553588685;2970:6062.894979724864
0,4,default_vehtype,boarding,True,6062.894979724864,6092.894979724864,2970;-1;-1,2970;-1;-1,0.0,0.8193450712634631,0.8193450712634631,0.0,,0,171,1,171,,,
0,5,default_vehtype,boarding,True,6035.813387189581,6065.813387189581,2990;-1;-1,2990;-1;-1,0.0,0.9316641278201774,0.9316641278201774,0.0,,0,172,1,172,,,
0,9,default_vehtype,route,False,6060.0,6091.62247258673,2987;-1;-1,2988;-1;-1,439.20100814900826,0.9600128595588714,0.9599689394580565,0.0,,0,,0,,,2987;4613;7368;7606;5900;3459;4818;5992;6047;5708;3884;3030;3347;7376;2207;2988,2987:6060;4613:6061.596249029708;7368:6073.301361029708;7606:6073.530753029708;5900:6077.002449029707;3459:6077.758017029707;4818:6078.372897029707;5992:6078.849681029707;6047:6083.038209029707;5708:6084.4324890297075;3884:6086.972073029708;3030:6087.470097029708;3347:6089.494305029708;7376:6089.929689029708;2207:6090.338577029708;2988:6091.62247258673
0,10,default_vehtype,route,False,6045.02385555,6065.914563103045,2992;-1;-1,2993;-1;-1,290.14871601450307,0.9431749458903939,0.9431459310187924,0.0,,0,,0,,,2992;2526;3895;5465;7450;2993,2992:6045.02385555;2526:6054.226103084946;3895:6055.493087084946;5465:6063.025007084946;7450:6064.009247084946;2993:6065.914563103045
0,10,default_vehtype,boarding,True,6065.914563103045,6095.914563103045,2993;-1;-1,2993;-1;-1,0.0,0.9431459310187924,0.9431459310187924,0.0,,0,173,1,173,,,
0,9,default_vehtype,boarding,True,6091.62247258673,6121.62247258673,2988;-1;-1,2988;-1;-1,0.0,0.9599689394580565,0.9599689394580565,0,,0,174,1,174,,,
0,4,default_vehtype,route,False,6092.894979724864,6210.4887904214465,2970;-1;-1,2989;-1;-1,932.344993900098,0.8193450712634631,0.8192518367640731,0.0,,0,171,1,,,2970;671;662;7398;3491;6933;7394;6989;7392;5704;7389;3806;2573;885;316;2042;1982;6306;5681;2294;2035;6308;5495;5696;3307;3987;6878;2989,2970:6092.894979724864;671:6093.92509588685;662:6116.374815886849;7398:6119.894055886849;3491:6126.218775886849;6933:6127.1305358868485;7394:6132.492135886849;6989:6133.086495886849;7392:6142.297575886849;5704:6144.662655886848;7389:6159.200895886848;3806:6163.265295886848;2573:6164.333295886849;885:6164.936655886849;316:6171.7638158868485;2042:6182.502255886849;1982:6183.264975886848;6306:6183.481815886848;5681:6185.875815886849;2294:6187.2073016011345;2035:6188.53878731542;6308:6190.932787315421;5495:6191.149627315421;5696:6191.91234731542;3307:6202.6507873154205;3987:6209.47794731542;6878:6210.08130731542;2989:6210.4887904214465
0,8,default_vehtype,route,False,6180.0,6186.550389715865,2974;-1;-1,2986;-1;-1,90.97763494256945,0.8969558349560471,0.8969467371925529,0.0,,0,,0,,,2974;6479;7359;2986,2974:6180;6479:6180.500578333467;7359:6186.002458333467;2986:6186.550389715865
0,8,default_vehtype,boarding,True,6186.550389715865,6216.550389715865,2986;-1;-1,2986;-1;-1,0.0,0.8969467371925529,0.8969467371925529,0.0,,0,175,1,175,,,
0,10,default_vehtype,route,False,6095.914563103045,6233.448742223116,2993;-1;-1,2966;-1;-1,1123.560389183962,0.9431459310187924,0.943033574979874,0.0,,0,173,1,,,2993;4483;6931;7616;3488;4485;5469;2998;901;1083;1355;1961;1962;1033;1559;1958;2907;636;1954;1949;186;333;2164;695;694;1041;1623;1383;2333;2966,2993:6095.914563103045;4483:6096.675983084946;6931:6097.991711084946;7616:6101.888063084945;3488:6103.2122150849455;4485:6107.766863084946;5469:6108.128087084946;2998:6108.536543084946;901:6109.782071084946;1083:6112.572503084946;1355:6126.261791084946;1961:6127.244519084946;1962:6128.183399084945;1033:6129.392855084945;1559:6135.776951084945;1958:6143.1239750849445;2907:6143.747639084944;636:6146.562767084944;1954:6147.173471084944;1949:6156.073607084944;186:6157.639751084945;333:6158.279471084945;2164:6158.895863084945;695:6163.603151084944;694:6166.771871084944;1041:6167.590799084944;1623:6171.974056227801;1383:6183.05948479923;2333:6223.213370513516;2966:6233.448742223116
0,4,default_vehtype,boarding,True,6210.4887904214465,6240.4887904214465,2989;-1;-1,2989;-1;-1,0.0,0.8192518367640731,0.8192518367640731,0.0,,0,171,1,,171,,
0,4,default_vehtype,boarding,True,6240.4887904214465,6270.4887904214465,2989;-1;-1,2989;-1;-1,0.0,0.8192518367640731,0.8192518367640731,0.0,,0,179,1,179,,,
0,5,default_vehtype,route,False,6065.813387189581,6290.558495965242,2990;-1;-1,2982;-1;-1,1872.8759064638184,0.9316641278201774,0.931476840229531,0.0,,0,172,1,,,2990;2552;1946;7401;3551;3849;7263;5060;3728;4936;1207;2554;4974;5249;6709;2464;7135;1193;552;2755;7131;3567;888;712;2718;754;611;1812;1186;7311;4339;2419;5404;5421;1925;1883;926;925;5399;1905;830;2795;918;3075;7097;7290;2736;1744;1164;2789;1218;2982,2990:6065.813387189581;2552:6068.679103310664;1946:6072.932383310664;7401:6074.131423310664;3551:6075.4900633106645;3849:6079.535023310665;7263:6080.509663310665;5060:6081.292903310665;3728:6087.101263310665;4936:6097.408663310664;1207:6101.7782233106645;2554:6102.327103310665;4974:6103.100023310665;5249:6108.903943310665;6709:6110.8311433106655;2464:6126.690703310665;7135:6134.622823310666;1193:6135.722863310666;552:6140.221063310666;2755:6142.050223310666;7131:6150.007423310666;3567:6159.886303310666;888:6160.344583310666;712:6164.080183310666;2718:6165.017383310666;754:6208.5775033106665;611:6209.826103310666;1812:6214.397263310667;1186:6215.574463310667;7311:6216.390103310667;4339:6217.883863310667;2419:6222.492943310667;5404:6226.719823310667;5421:6227.825143310667;1925:6227.968423310667;1883:6229.005703310667;926:6233.258263310667;925:6236.202583310666;5399:6245.507383310666;1905:6246.833983310667;830:6248.010823310667;2795:6249.194503310667;918:6250.336663310667;3075:6258.209623310667;7097:6259.058983310667;7290:6264.861103310667;2736:6273.579583310668;1744:6275.034823310668;1164:6286.143343310668;2789:6287.5551433106675;1218:6288.6783433106675;2982:6290.558495965242
0,6,default_vehtype,route,False,6180.0,6242.671841605128,2985;-1;-1,2987;-1;-1,870.4422445156584,0.5404250926877631,0.5403380484633115,0.0,,0,,0,,,2985;1140;103;6480;7360;3154;6028;5745;6035;5743;6038;6041;7365;2179;3064;6023;3524;7356;4225;2987,2985:6180;1140:6180.194570634835;103:6181.337498634835;6480:6194.659226634835;7360:6200.161106634835;3154:6201.252914634835;6028:6202.214042634835;5745:6203.705666634835;6035:6205.629074634835;5743:6206.998514634835;6038:6209.0139386348355;6041:6210.290210634836;7365:6216.953378634836;2179:6220.961618634836;3064:6222.2635946348355;6023:6223.528274634836;3524:6225.269738634835;7356:6236.148578634836;4225:6240.733106634836;2987:6242.671841605128
0,6,default_vehtype,boarding,True,6242.671841605128,6272.671841605128,2987;-1;-1,2987;-1;-1,0.0,0.5403380484633115,0.5403380484633115,0.0,,0,176,1,176,,,
0,10,default_vehtype,boarding,True,6233.448742223116,6263.448742223116,2966;-1;-1,2966;-1;-1,0.0,0.943033574979874,0.943033574979874,0.0,,0,173,1,,173,,
0,1,default_vehtype,route,False,6240.0,6323.159320491281,2982;-1;-1,2981;-1;-1,715.980737427333,0.8545296348923312,0.8544580368185886,0.0,,0,,0,,,2982;2809;4365;7288;4302;5102;7160;7294;2701;3076;4023;7300;1891;827;6499;1803;1141;5241;922;6385;3550;2981,2982:6240;2809:6245.700967345425;4365:6253.282087345425;7288:6254.405287345425;4302:6255.817087345425;5102:6266.925607345424;7160:6268.380847345425;7294:6277.099327345424;2701:6282.9014473454245;3076:6283.750807345425;4023:6291.623767345424;7300:6292.765927345425;1891:6293.019847345425;827:6294.085687345425;6499:6303.440527345425;1803:6309.403087345425;1141:6314.907727345425;5241:6316.495807345425;922:6317.411719345426;6385:6320.633359345426;3550:6320.895199345426;2981:6323.159320491281
0,1,default_vehtype,boarding,True,6323.159320491281,6353.159320491281,2981;-1;-1,2981;-1;-1,0.0,0.8544580368185886,0.8544580368185886,0.0,,0,177,1,177,,,
0,3,default_vehtype,route,False,6068.440859009721,6331.9456481204315,2966;-1;-1,2989;-1;-1,2459.3155808926635,0.7609243007652868,0.7606783692071976,0.0,,0,169,1,,,2966;2743;2631;2150;735;738;1096;3736;81;831;2413;1146;832;1880;1340;3638;3641;7177;5275;5297;5072;1464;2847;5825;4587;5794;3202;2065;2023;4203;4198;1071;1070;1069;1067;1504;4396;710;2281;4664;6260;3300;1832;708;6180;2405;6169;2744;2567;2576;3077;3241;88;2758;2742;2448;2353;6140;7386;3742;7100;6318;737;6639;2446;2301;1992;1990;1988;1985;3729;5498;5496;5699;5494;5695;3307;3987;6878;2989,2966:6068.440859009721;2743:6076.284687300121;2631:6080.29611587155;2150:6097.226401585835;735:6107.708573014407;738:6113.876401585836;1096:6123.415373014407;3736:6123.678389014407;81:6127.527293014407;831:6138.373877014407;2413:6139.361573014407;1146:6140.1749570144075;832:6140.983373014407;1880:6143.581061014407;1340:6155.113877014407;3638:6156.100349014407;3641:6157.163933014407;7177:6160.742333014407;5275:6165.251621014408;5297:6168.630437014408;5072:6168.860693014408;1464:6175.801205014408;2847:6176.871917014408;5825:6179.770565014408;4587:6182.050877014408;5794:6183.671021014408;3202:6187.792373014408;2065:6192.936629014408;2023:6198.494957014408;4203:6199.295741014408;4198:6200.277389014408;1071:6201.279917014408;1070:6215.743205014408;1069:6216.4814930144075;1067:6219.143549014408;1504:6223.597325014408;4396:6223.823621014408;710:6224.374277014408;2281:6225.379973014408;4664:6229.257965014408;6260:6229.703861014408;3300:6230.302973014408;1832:6233.093189014408;708:6233.632253014408;6180:6234.055685014408;2405:6236.278085014407;6169:6239.755205014407;2744:6244.355765014407;2567:6246.198725014407;2576:6254.687285014406;3077:6256.819925014406;3241:6259.948805014406;88:6261.8756450144065;2758:6263.839085014407;2742:6264.245525014407;2448:6267.431165014406;2353:6273.632045014407;6140:6278.803085014407;7386:6280.145525014407;3742:6287.804525014407;7100:6288.344165014407;6318:6288.822245014407;737:6289.737965014407;6639:6291.587165014406;2446:6293.158445014406;2301:6295.455485014407;1992:6296.480525014407;1990:6298.177445014408;1988:6300.631445014407;1985:6304.153205014407;3729:6306.5006450144065;5498:6307.898045014406;5496:6310.805285014406;5699:6311.502725014406;5494:6312.606485014406;5695:6313.369205014405;3307:6324.1076450144055;3987:6330.934805014405;6878:6331.538165014405;2989:6331.9456481204315
0,4,default_vehtype,route,False,6270.4887904214465,6325.897190301013,2989;-1;-1,2988;-1;-1,508.74519018618275,0.8192518367640731,0.8192009622450546,0.0,,0,179,1,,,2989;3808;6876;885;316;2042;1982;6306;374;7114;3246;5330;661;445;6080;7381;364;3029;69;30;3346;2832;2207;2988,2989:6270.4887904214465;3808:6271.14930731542;6876:6272.21730731542;885:6272.82066731542;316:6279.64782731542;2042:6290.38626731542;1982:6291.14898731542;6306:6291.36582731542;374:6299.66682731542;7114:6301.88183531542;3246:6303.019651315421;5330:6303.76722731542;661:6304.75866731542;445:6307.78835531542;6080:6310.61176331542;7381:6311.02065131542;364:6311.45603531542;3029:6313.48024331542;69:6317.612529029706;30:6321.744814743992;3346:6323.769022743992;2832:6324.204406743992;2207:6324.613294743992;2988:6325.897190301013
0,4,default_vehtype,boarding,True,6325.897190301013,6355.897190301013,2988;-1;-1,2988;-1;-1,0.0,0.8192009622450546,0.8192009622450546,0.0,,0,179,1,,179,,
0,5,default_vehtype,boarding,True,6290.558495965242,6320.558495965242,2982;-1;-1,2982;-1;-1,0.0,0.931476840229531,0.931476840229531,0.0,,0,172,1,,172,,
0,9,default_vehtype,route,False,6121.62247258673,6326.7153620235,2988;-1;-1,2967;-1;-1,2240.9159723361736,0.9599689394580565,0.9597448478608229,0.0,,0,174,1,,,2988;3447;3721;5333;251;2711;3358;2296;5495;5697;5497;5500;670;5502;5512;5520;5531;6313;6632;6644;3793;6319;7102;3741;7384;6414;5446;2447;2571;42;2577;2566;3033;3036;2469;2404;2235;3762;5287;310;2280;1447;6261;3764;4397;4745;4182;4187;4191;4195;4202;4208;537;18;5629;1068;2559;6740;1717;2067;2063;1937;6789;3895;5465;7450;1719;3469;470;469;5079;7447;1960;2967,2988:6121.62247258673;3447:6123.161985029708;3721:6126.191673029708;5333:6127.183113029708;251:6127.9306890297075;2711:6129.068505029708;3358:6131.283513029708;2296:6139.584513029708;5495:6139.8013530297085;5697:6140.905113029708;5497:6141.602553029708;5500:6144.509793029708;670:6145.907193029708;5502:6148.254633029707;5512:6151.776393029707;5520:6154.230393029707;5531:6155.927313029707;6313:6156.952353029707;6632:6159.249393029708;6644:6160.820673029708;3793:6162.669873029708;6319:6163.5855930297075;7102:6164.063673029707;3741:6164.603313029707;7384:6172.262313029707;6414:6177.469473029707;5446:6179.737233029707;2447:6183.673353029707;2571:6191.262273029707;42:6195.930273029707;2577:6196.602753029707;2566:6205.201833029707;3033:6205.832793029707;3036:6208.102353029707;2469:6211.694673029707;2404:6215.018193029707;2235:6216.301593029707;3762:6216.725025029707;5287:6217.264089029706;310:6220.0543050297065;2280:6220.653417029706;1447:6221.0993130297065;6261:6224.977305029706;3764:6225.983001029706;4397:6226.533657029707;4745:6226.759953029707;4182:6231.213729029707;4187:6233.875785029707;4191:6234.614073029707;4195:6249.0773610297065;4202:6250.0798890297065;4208:6251.061537029706;537:6252.015537029706;18:6257.883105029706;5629:6263.732529029706;1068:6266.284929029705;2559:6273.335529029705;6740:6277.806153029705;1717:6283.639881029704;2067:6284.377665029704;2063:6285.093921029704;1937:6288.363873029703;6789:6298.900281029703;3895:6300.167265029703;5465:6307.699185029704;7450:6308.683425029703;1719:6309.500049029703;3469:6310.520001029703;470:6316.481086743989;469:6322.442172458275;5079:6323.462124458275;7447:6324.278748458275;1960:6325.262988458275;2967:6326.7153620235
0,9,default_vehtype,boarding,True,6326.7153620235,6356.7153620235,2967;-1;-1,2967;-1;-1,0.0,0.9597448478608229,0.9597448478608229,0.0,,0,174;178,2,178,174,,
0,0,default_vehtype,route,False,6360.0,6373.367747306773,2984;-1;-1,2976;-1;-1,111.3978942231051,0.68795602823012,0.6879448884406977,0.0,,0,,0,,,2984;3012;4;4345;7330;2976,2984:6360;3012:6362.4926606774325;4:6367.277780677432;4345:6369.321260677432;7330:6370.524260677433;2976:6373.367747306773
0,0,default_vehtype,boarding,True,6373.367747306773,6403.367747306773,2976;-1;-1,2976;-1;-1,0.0,0.6879448884406977,0.6879448884406977,0.0,,0,180,1,180,,,
0,3,default_vehtype,boarding,True,6331.9456481204315,6361.9456481204315,2989;-1;-1,2989;-1;-1,0.0,0.7606783692071976,0.7606783692071976,0.0,,0,169,1,,169,,
0,8,default_vehtype,route,False,6216.550389715865,6392.823363911526,2986;-1;-1,2979;-1;-1,1500.143045537819,0.8969467371925529,0.896796722887999,0.0,,0,175,1,,,2986;3155;7358;2376;3091;4274;880;3109;3874;4306;429;3125;3406;2825;1944;130;99;4526;714;2800;4339;2419;5404;5421;1925;1883;926;925;5399;1905;830;2795;1891;827;6499;1803;1141;5241;922;6385;3550;6322;7280;2411;6281;2286;2287;6538;2979,2986:6216.550389715865;3155:6217.094266333467;7358:6218.186074333467;2376:6223.687954333467;3091:6237.009682333467;4274:6238.152610333467;880:6238.743946333468;3109:6240.594490333468;3874:6246.458770333467;4306:6258.5743303334675;429:6259.976650333468;3125:6261.230170333468;3406:6273.584530333468;2825:6276.054250333468;1944:6277.365610333468;130:6279.753250333468;99:6280.233490333468;4526:6288.643090333468;714:6291.439930333468;2800:6293.446330333468;4339:6294.940090333468;2419:6299.549170333468;5404:6303.776050333468;5421:6304.881370333468;1925:6305.024650333468;1883:6306.061930333468;926:6310.314490333468;925:6313.258810333467;5399:6322.563610333467;1905:6323.890210333468;830:6325.067050333468;2795:6326.250730333468;1891:6326.504650333468;827:6327.570490333468;6499:6336.925330333468;1803:6342.887890333468;1141:6348.392530333468;5241:6349.980610333469;922:6350.896522333469;6385:6354.118162333469;3550:6354.380002333469;6322:6360.017242333469;7280:6363.536002333469;2411:6369.3711223334685;6281:6374.415236619183;2286:6379.182150904897;2287:6383.949065190611;6538:6388.993179476325;2979:6392.823363911526
0,2,default_vehtype,boarding,True,6420.0,6450.0,2984;-1;-1,2984;-1;-1,0.0,0.9136531476911999,0.9136531476911999,0,,0,181,1,181,,,
0,4,default_vehtype,boarding,True,6420.0,6450.0,2988;-1;-1,2988;-1;-1,0.0,0.8192009622450546,0.8192009622450546,0,,0,183,1,183,,,
0,8,default_vehtype,boarding,True,6392.823363911526,6422.823363911526,2979;-1;-1,2979;-1;-1,0.0,0.896796722887999,0.896796722887999,0,,0,175,1,,175,,
0,8,default_vehtype,boarding,True,6422.823363911526,6452.823363911526,2979;-1;-1,2979;-1;-1,0.0,0.896796722887999,0.896796722887999,0,,0,184,1,184,,,
0,2,default_vehtype,route,False,6450.0,6494.908890042598,2984;-1;-1,2985;-1;-1,386.725802383677,0.9136531476911999,0.9136144751109615,0.0,,0,181,1,,,2984;3012;7321;2804;3061;1173;3425;4304;793;118;3979;2985,2984:6450;3012:6452.4926606774325;7321:6456.503300677433;2804:6459.830060677433;3061:6466.498100677432;1173:6472.096460677432;3425:6473.279420677432;4304:6474.681740677433;793:6486.797300677433;118:6492.6615806774325;3979:6494.512124677432;2985:6494.908890042598
0,2,default_vehtype,boarding,True,6494.908890042598,6524.908890042598,2985;-1;-1,2985;-1;-1,0.0,0.9136144751109615,0.9136144751109615,0.0,,0,181;182,2,182,181,,
0,3,default_vehtype,route,False,6480.0,6535.408399879567,2989;-1;-1,2988;-1;-1,508.74519018618275,0.7606783692071976,0.7606274946881789,0.0,,0,,0,,,2989;3808;6876;885;316;2042;1982;6306;374;7114;3246;5330;661;445;6080;7381;364;3029;69;30;3346;2832;2207;2988,2989:6480;3808:6480.660516893973;6876:6481.728516893973;885:6482.3318768939735;316:6489.159036893973;2042:6499.897476893973;1982:6500.660196893973;6306:6500.877036893973;374:6509.1780368939735;7114:6511.393044893974;3246:6512.530860893974;5330:6513.278436893974;661:6514.269876893974;445:6517.299564893973;6080:6520.122972893973;7381:6520.531860893973;364:6520.967244893974;3029:6522.9914528939735;69:6527.123738608259;30:6531.256024322545;3346:6533.280232322545;2832:6533.715616322545;2207:6534.124504322545;2988:6535.408399879567
0,1,default_vehtype,route,False,6353.159320491281,6540.0,2981;-1;-1,7608;5900;0.541,1935.7965550980653,0.8544580368185886,0.8542644571630787,0.0,,0,177,1,,,2981;6320;3549;6384;4032;1804;4277;5239;6501;3911;5389;7301;3914;5398;5400;4040;4041;5374;5418;5424;5403;6546;1200;7312;3767;4527;3089;3131;5447;7352;414;122;3426;4305;793;118;3979;4275;103;6480;7360;3154;6028;5745;6035;5743;6038;6041;7365;6050;6068;6077;3629;4502;6912;2108;7370;7608,2981:6353.159320491281;6320:6356.532439345426;3549:6362.169679345426;6384:6362.431519345426;4032:6365.653159345426;1804:6366.569071345426;4277:6368.157151345426;5239:6373.6617913454265;6501:6379.6243513454265;3911:6388.979191345426;5389:6390.045031345427;7301:6390.298951345427;3914:6391.482631345427;5398:6392.659471345427;5400:6393.986071345427;4040:6403.290871345427;4041:6406.235191345427;5374:6410.487751345427;5418:6411.525031345426;5424:6411.668311345426;5403:6412.773631345426;6546:6417.000511345426;1200:6421.609591345426;7312:6423.103351345427;3767:6425.109751345427;4527:6427.906591345427;3089:6436.316191345427;3131:6436.796431345427;5447:6439.184071345427;7352:6440.495431345426;414:6442.965151345426;122:6455.319511345427;3426:6456.573031345427;4305:6457.975351345427;793:6470.090911345427;118:6475.955191345427;3979:6477.805735345427;4275:6478.397071345427;103:6479.5399993454275;6480:6492.861727345427;7360:6498.363607345427;3154:6499.455415345427;6028:6500.416543345427;5745:6501.9081673454275;6035:6503.831575345427;5743:6505.201015345428;6038:6507.216439345428;6041:6508.492711345428;7365:6515.155879345428;6050:6517.4294233454275;6068:6521.655751345427;6077:6522.301447345427;3629:6523.858735345427;4502:6524.321623345427;6912:6529.470055345427;2108:6531.366463345426;7370:6537.893191345426;7608:6538.122583345426
0,1,default_vehtype,route,False,6540.0,6556.214302902448,7608;5900;0.541,2988;-1;-1,225.19865142288052,0.8542644571630787,0.8542419372979365,0.0,,0,177,1,,,7608;5900;3459;4818;5992;6047;5708;3884;3030;3347;7376;2207;2988,7608:6540;5900:6541.594279345426;3459:6542.349847345426;4818:6542.964727345426;5992:6543.441511345426;6047:6547.630039345426;5708:6549.024319345426;3884:6551.563903345426;3030:6552.061927345427;3347:6554.086135345427;7376:6554.521519345427;2207:6554.930407345427;2988:6556.214302902448
0,1,default_vehtype,boarding,True,6556.214302902448,6586.214302902448,2988;-1;-1,2988;-1;-1,0.0,0.8542419372979365,0.8542419372979365,0.0,,0,177;188,2,188,,,
0,1,default_vehtype,route,False,6586.214302902448,6589.198367733861,2988;-1;-1,2972;-1;-1,41.44534488073482,0.8542419372979365,0.8542377927634485,0.0,,0,177;188,2,,,2988;3447;2972,2988:6586.214302902448;3447:6587.753815345427;2972:6589.198367733861
0,3,default_vehtype,boarding,True,6535.408399879567,6565.408399879567,2988;-1;-1,2988;-1;-1,0.0,0.7606274946881789,0.7606274946881789,0.0,,0,185,1,185,,,
0,8,default_vehtype,route,False,6452.823363911526,6588.897391819948,2979;-1;-1,2976;-1;-1,1082.962518284487,0.896796722887999,0.8966884266361707,0.0,,0,184,1,,,2979;2786;2411;1661;7283;796;751;4635;6299;4102;4325;7285;1218;7334;7010;820;7498;276;2915;2661;7517;6201;7314;7529;2803;7558;2806;4344;1199;1204;7329;2976,2979:6452.823363911526;2786:6454.828299476325;2411:6460.663419476325;1661:6466.463259476324;7283:6467.512299476324;796:6476.304819476324;751:6478.212699476324;4635:6483.321339476324;6299:6489.280419476324;4102:6491.6397394763235;4325:6496.930899476323;7285:6497.847819476323;1218:6498.971019476323;7334:6506.552139476323;7010:6509.459619476323;820:6511.4405794763225;7498:6511.908579476322;276:6512.0201794763225;2915:6523.366179476322;2661:6530.599539476322;7517:6537.911499476322;6201:6538.772619476322;7314:6545.667939476321;7529:6552.883419476321;2803:6560.438379476322;7558:6567.833379476322;2806:6575.667219476322;4344:6576.870219476323;1199:6580.860562333465;1204:6584.850905190608;7329:6586.053905190608;2976:6588.897391819948
0,10,default_vehtype,boarding,True,6540.0,6570.0,2966;-1;-1,2966;-1;-1,0.0,0.943033574979874,0.943033574979874,0.0,,0,187,1,187,,,
0,0,default_vehtype,route,False,6403.367747306773,6622.077761941773,2976;-1;-1,2980;-1;-1,1779.145279436168,0.6879448884406977,0.687766973912754,0.0,,0,180,1,,,2976;7557;7316;7531;2802;2251;7515;7037;7512;3274;2902;3901;7011;7336;4365;7288;1182;1001;6296;1434;3820;3877;2787;4993;6537;7281;2307;3549;6384;4032;1804;4811;5237;608;459;2416;4011;5246;363;366;2314;2877;1748;1743;1157;2058;2092;915;2980,2976:6403.367747306773;7557:6408.358100677433;7316:6415.753100677433;7531:6423.308060677434;2802:6430.523540677434;2251:6437.418860677433;7515:6438.279980677433;7037:6445.591940677433;7512:6452.825300677433;3274:6464.171300677433;2902:6464.282900677433;3901:6464.750900677433;7011:6466.731860677432;7336:6469.639340677432;4365:6477.220460677432;7288:6478.343660677432;1182:6479.260580677432;1001:6484.551740677432;6296:6486.911060677431;1434:6492.870140677431;3820:6497.978780677431;3877:6499.886660677431;2787:6508.679180677431;4993:6509.728220677431;6537:6515.52806067743;7281:6521.36318067743;2307:6524.88194067743;3549:6530.51918067743;6384:6530.78102067743;4032:6534.00266067743;1804:6534.91857267743;4811:6536.60121267743;5237:6541.341692677431;608:6550.2077726774305;459:6550.53753267743;2416:6552.75117267743;4011:6553.41530067743;5246:6559.34046867743;363:6566.249156677431;366:6567.654236677431;2314:6568.799108677431;2877:6581.970212677431;1748:6583.088732677431;1743:6590.843132677431;1157:6595.5822755345735;2058:6601.372104106002;2092:6604.761246963145;915:6609.879418391716;2980:6622.077761941773
0,0,default_vehtype,boarding,True,6622.077761941773,6652.077761941773,2980;-1;-1,2980;-1;-1,0.0,0.687766973912754,0.687766973912754,0.0,,0,180,1,,180,,
0,1,default_vehtype,boarding,True,6589.198367733861,6619.198367733861,2972;-1;-1,2972;-1;-1,0.0,0.8542377927634485,0.8542377927634485,0.0,,0,177;188,2,,177,,
0,3,default_vehtype,route,False,6565.408399879567,6602.835993011882,2988;-1;-1,2973;-1;-1,519.82768239327,0.7606274946881789,0.7605755119199397,0.0,,0,185,1,,,2988;3447;6082;7383;364;3029;3886;5711;6045;2157;4817;456;5901;7605;2830;1420;1084;2973,2988:6565.408399879567;3447:6566.947912322546;6082:6569.771320322546;7383:6570.180208322546;364:6570.615592322546;3029:6572.639800322546;3886:6573.137824322546;5711:6575.677408322546;6045:6577.071688322547;2157:6581.2602163225465;4817:6581.737000322547;456:6582.351880322547;5901:6583.107448322547;7605:6586.579144322546;2830:6586.808536322546;1420:6598.513648322546;1084:6602.048632322546;2973:6602.835993011882
0,3,default_vehtype,boarding,True,6602.835993011882,6632.835993011882,2973;-1;-1,2973;-1;-1,0.0,0.7605755119199397,0.7605755119199397,0.0,,0,185,1,,185,,
0,5,default_vehtype,route,False,6480.0,6629.829866029911,2982;-1;-1,2975;-1;-1,1185.8827883444835,0.931476840229531,0.9313582519506965,0.0,,0,,0,,,2982;2809;7010;820;7498;276;2915;2661;7517;6201;7314;7529;2803;7558;2806;4344;2996;3013;7322;2804;3061;1173;3425;4304;793;118;3979;4275;3068;70;73;4273;880;3109;3874;2975,2982:6480;2809:6485.700967345425;7010:6488.608447345425;820:6490.589407345425;7498:6491.0574073454245;276:6491.169007345425;2915:6502.515007345424;2661:6509.748367345424;7517:6517.060327345424;6201:6517.921447345424;7314:6524.816767345424;7529:6532.0322473454235;2803:6539.587207345424;7558:6546.982207345424;2806:6554.8160473454245;4344:6556.019047345425;2996:6558.062527345425;3013:6562.847647345425;7322:6566.858287345425;2804:6570.185047345425;3061:6576.853087345425;1173:6582.451447345425;3425:6583.634407345425;4304:6585.036727345425;793:6597.152287345425;118:6603.016567345425;3979:6604.867111345425;4275:6605.458447345425;3068:6610.202733059711;70:6612.488733059711;73:6614.774733059711;4273:6619.519018773997;880:6620.110354773998;3109:6621.9608987739975;3874:6627.825178773997;2975:6629.829866029911
0,5,default_vehtype,boarding,True,6629.829866029911,6659.829866029911,2975;-1;-1,2975;-1;-1,0.0,0.9313582519506965,0.9313582519506965,0.0,,0,186,1,186,,,
0,6,default_vehtype,route,False,6272.671841605128,6606.602844058723,2987;-1;-1,2966;-1;-1,3186.7902370701618,0.5403380484633115,0.5400193694396045,0.0,,0,176,1,,,2987;4613;7368;7606;5900;3459;4818;5992;6047;5708;3884;3030;3347;7376;2207;3446;3720;5332;251;2711;3358;2296;5495;5697;5497;5500;670;5502;5512;5520;5531;6313;6632;6644;3793;6319;7102;3741;7384;6414;5446;2447;2571;42;2577;2566;3033;3036;2469;2404;2235;3762;5287;310;2280;1447;6261;3764;4397;4745;4182;4187;4191;4195;4202;4208;5653;5764;205;5793;1407;5826;7411;4686;5074;5295;5274;7181;604;603;602;1339;1395;1399;835;1147;1093;2607;911;1150;665;666;1885;668;1415;1041;1623;1383;2333;2966,2987:6272.671841605128;4613:6274.268090634836;7368:6285.973202634836;7606:6286.202594634836;5900:6289.674290634835;3459:6290.429858634835;4818:6291.044738634835;5992:6291.5215226348355;6047:6295.710050634835;5708:6297.104330634836;3884:6299.643914634836;3030:6300.141938634836;3347:6302.166146634836;7376:6302.601530634836;2207:6303.010418634836;3446:6305.833826634836;3720:6308.863514634836;5332:6309.854954634836;251:6310.602530634836;2711:6311.740346634836;3358:6313.955354634836;2296:6322.2563546348365;5495:6322.473194634837;5697:6323.5769546348365;5497:6324.274394634836;5500:6327.181634634836;670:6328.579034634836;5502:6330.926474634835;5512:6334.448234634835;5520:6336.902234634835;5531:6338.599154634835;6313:6339.6241946348355;6632:6341.921234634836;6644:6343.492514634836;3793:6345.341714634836;6319:6346.257434634836;7102:6346.735514634835;3741:6347.275154634835;7384:6354.934154634835;6414:6360.141314634835;5446:6362.409074634835;2447:6366.345194634835;2571:6373.934114634835;42:6378.602114634835;2577:6379.274594634835;2566:6387.873674634835;3033:6388.504634634835;3036:6390.774194634835;2469:6394.366514634835;2404:6397.690034634835;2235:6398.973434634835;3762:6399.396866634835;5287:6399.935930634834;310:6402.726146634835;2280:6403.325258634834;1447:6403.771154634835;6261:6407.649146634834;3764:6408.6548426348345;4397:6409.205498634835;4745:6409.431794634835;4182:6413.885570634835;4187:6416.547626634835;4191:6417.285914634835;4195:6431.749202634835;4202:6432.7517306348345;4208:6433.7333786348345;5653:6434.5341626348345;5764:6440.092490634835;205:6445.236746634834;5793:6449.358098634834;1407:6450.978242634835;5826:6453.258554634835;7411:6456.157202634835;4686:6457.227914634835;5074:6464.168426634835;5295:6464.398682634835;5274:6467.777498634835;7181:6472.286786634835;604:6475.8651866348355;603:6476.928770634836;602:6477.781898634836;1339:6478.774274634836;1395:6487.311602634836;1399:6489.4523066348365;835:6493.029266634837;1147:6493.821842634837;1093:6495.081122634837;2607:6503.139794634837;911:6505.993658634837;1150:6506.754122634837;665:6508.203986634837;666:6509.073098634837;1885:6510.0589226348375;668:6523.429322634837;1415:6524.058386634837;1041:6540.744900920551;1623:6545.128158063409;1383:6556.213586634837;2333:6596.367472349123;2966:6606.602844058723
0,6,default_vehtype,boarding,True,6606.602844058723,6636.602844058723,2966;-1;-1,2966;-1;-1,0.0,0.5400193694396045,0.5400193694396045,0.0,,0,176,1,,176,,
0,8,default_vehtype,boarding,True,6588.897391819948,6618.897391819948,2976;-1;-1,2976;-1;-1,0.0,0.8966884266361707,0.8966884266361707,0.0,,0,184,1,,184,,
0,4,default_vehtype,route,False,6450.0,6660.944139747951,2988;-1;-1,2978;-1;-1,2220.8574781383663,0.8192009622450546,0.8189788764972407,0.0,,0,183,1,,,2988;3447;6082;7383;364;3029;3886;5711;6045;2157;4817;456;5901;7605;2830;5852;6913;1321;597;2204;6066;6049;7367;2188;2186;5744;6033;5746;6031;146;2828;2376;3091;4274;880;3109;3874;4306;429;3125;3406;2825;1944;130;99;4526;714;2800;4339;2419;5404;5421;1925;1883;926;925;5399;1905;830;2795;918;3075;7097;7290;2736;1744;1164;2789;1182;2978,2988:6450;3447:6451.539512442979;6082:6454.362920442979;7383:6454.771808442979;364:6455.207192442979;3029:6457.231400442979;3886:6457.7294244429795;5711:6460.26900844298;6045:6461.66328844298;2157:6465.85181644298;4817:6466.32860044298;456:6466.94348044298;5901:6467.69904844298;7605:6471.170744442979;2830:6471.40013644298;5852:6477.926864442979;6913:6479.823272442979;1321:6484.971704442979;597:6485.434592442979;2204:6486.991880442979;6066:6487.637576442979;6049:6491.863904442978;7367:6494.137448442978;2188:6500.800616442978;2186:6502.076888442978;5744:6504.092312442978;6033:6505.461752442979;5746:6507.385160442978;6031:6508.8767844429785;146:6509.837912442978;2828:6510.929720442979;2376:6516.431600442978;3091:6529.753328442978;4274:6530.8962564429785;880:6531.487592442979;3109:6533.338136442979;3874:6539.202416442979;4306:6551.317976442979;429:6552.720296442979;3125:6553.973816442979;3406:6566.328176442979;2825:6568.797896442979;1944:6570.109256442979;130:6572.496896442979;99:6572.977136442979;4526:6581.386736442979;714:6584.183576442979;2800:6586.189976442979;4339:6587.683736442979;2419:6592.2928164429795;5404:6596.51969644298;5421:6597.625016442979;1925:6597.76829644298;1883:6598.805576442979;926:6603.058136442979;925:6606.002456442979;5399:6615.3072564429785;1905:6616.633856442979;830:6617.810696442979;2795:6618.994376442979;918:6620.136536442979;3075:6628.009496442979;7097:6628.858856442979;7290:6634.6609764429795;2736:6643.379456442979;1744:6644.834696442979;1164:6655.943216442979;2789:6657.355016442979;1182:6658.271936442979;2978:6660.944139747951
0,4,default_vehtype,boarding,True,6660.944139747951,6690.944139747951,2978;-1;-1,2978;-1;-1,0.0,0.8189788764972407,0.8189788764972407,0.0,,0,183,1,,183,,
0,4,default_vehtype,route,False,6690.944139747951,6702.774529097554,2978;-1;-1,2982;-1;-1,98.58657791335457,0.8189788764972407,0.8189690178394493,0.0,,0,,0,,,2978;4103;4326;7286;1218;2982,2978:6690.944139747951;4103:6693.563096442979;4326:6698.854256442979;7286:6699.771176442979;1218:6700.894376442979;2982:6702.774529097554
0,8,default_vehtype,route,False,6660.0,6678.363132693228,2976;-1;-1,2984;-1;-1,153.0261057768949,0.8966884266361707,0.896673124025593,0.0,,0,,0,,,2976;7557;2806;4344;2996;2984,2976:6660;7557:6664.99035337066;2806:6672.82419337066;4344:6674.027193370661;2996:6676.070673370661;2984:6678.363132693228
0,8,default_vehtype,boarding,True,6678.363132693228,6708.363132693228,2984;-1;-1,2984;-1;-1,0.0,0.896673124025593,0.896673124025593,0.0,,0,190,1,190,,,
0,9,default_vehtype,route,False,6356.7153620235,6677.514211069299,2967;-1;-1,2983;-1;-1,3798.4706000193023,0.9597448478608229,0.959365000800821,0.0,,0,178,1,,,2967;3896;6788;5444;1716;2720;4210;1711;98;2497;7434;2760;542;1074;4204;5649;5760;205;5793;1407;5826;7411;4686;5074;5295;5274;7181;604;603;602;3851;4573;1400;971;598;1368;591;585;940;1370;939;1903;983;3921;840;2881;5099;2878;1735;2581;370;361;2874;1887;4059;910;6541;3462;3648;2851;2850;1801;1560;5242;922;6385;3550;6322;7280;2411;1661;7283;796;751;4635;6299;4102;4325;7285;1218;7334;7010;820;7498;276;2915;2661;7517;6201;7314;2983,2967:6356.7153620235;3896:6362.794908458275;6788:6364.061892458275;5444:6374.598300458275;1716:6377.388660458275;2720:6378.135300458275;4210:6379.033572458276;1711:6380.163252458276;98:6388.779060458275;2497:6390.289692458276;7434:6397.497540458276;2760:6404.036076458276;542:6411.564180458276;1074:6412.4975884582755;4204:6413.479236458275;5649:6414.280020458275;5760:6419.8383484582755;205:6424.982604458275;5793:6429.103956458275;1407:6430.724100458276;5826:6433.0044124582755;7411:6435.903060458276;4686:6436.973772458276;5074:6443.914284458276;5295:6444.1445404582755;5274:6447.523356458276;7181:6452.032644458276;604:6455.611044458276;603:6456.674628458277;602:6457.527756458277;3851:6458.531148458276;4573:6462.837468458276;1400:6464.570148458276;971:6468.368580458276;598:6469.435836458276;1368:6470.396172458276;591:6476.267124458276;585:6489.438372458276;940:6496.018236458276;1370:6503.044860458276;939:6503.741532458276;1903:6504.563124458276;983:6505.545636458276;3921:6509.343780458276;840:6513.904620458276;2881:6520.535244458277;5099:6521.6881084582765;2878:6522.816132458276;1735:6533.800452458276;2581:6535.1398684582755;370:6536.7227164582755;361:6539.2198204582755;2874:6539.805828458276;1887:6545.461212458275;4059:6547.380516458275;910:6551.8967164582755;6541:6552.560844458276;3462:6554.774484458276;3648:6555.104244458275;2851:6559.778484458276;2850:6560.711844458276;1801:6564.007524458276;1560:6568.748004458276;5242:6570.430644458276;922:6571.346556458277;6385:6574.568196458276;3550:6574.8300364582765;6322:6580.4672764582765;7280:6583.986036458276;2411:6589.821156458276;1661:6595.620996458276;7283:6596.670036458276;796:6605.462556458276;751:6607.370436458275;4635:6612.479076458276;6299:6618.438156458275;4102:6620.797476458275;4325:6626.088636458275;7285:6627.005556458274;1218:6628.128756458274;7334:6635.709876458274;7010:6638.617356458274;820:6640.598316458274;7498:6641.066316458274;276:6641.177916458274;2915:6652.523916458274;2661:6659.757276458274;7517:6667.069236458274;6201:6667.930356458273;7314:6674.825676458273;2983:6677.514211069299
0,9,default_vehtype,boarding,True,6677.514211069299,6707.514211069299,2983;-1;-1,2983;-1;-1,0.0,0.959365000800821,0.959365000800821,0.0,,0,178,1,,178,,
0,2,default_vehtype,route,False,6524.908890042598,6724.090649941777,2985;-1;-1,2980;-1;-1,1608.0703712755965,0.9136144751109615,0.913453668073834,0.0,,0,182,1,,,2985;1140;880;3109;3874;4306;429;3125;3406;2825;1944;130;99;4526;714;2800;4339;2419;5404;5421;1925;1883;926;925;5399;1905;830;2795;1891;827;6499;1803;1141;5241;4811;5237;608;459;2416;4011;5246;363;366;2314;2877;1748;1743;1157;2058;2092;915;2980,2985:6524.908890042598;1140:6525.103460677433;880:6525.694796677433;3109:6527.545340677433;3874:6533.409620677433;4306:6545.525180677433;429:6546.927500677433;3125:6548.1810206774335;3406:6560.535380677434;2825:6563.005100677434;1944:6564.3164606774335;130:6566.704100677433;99:6567.184340677433;4526:6575.593940677433;714:6578.390780677433;2800:6580.397180677433;4339:6581.890940677434;2419:6586.500020677434;5404:6590.726900677434;5421:6591.832220677434;1925:6591.975500677434;1883:6593.0127806774335;926:6597.265340677433;925:6600.209660677433;5399:6609.514460677433;1905:6610.841060677433;830:6612.017900677433;2795:6613.201580677433;1891:6613.4555006774335;827:6614.521340677434;6499:6623.876180677434;1803:6629.838740677434;1141:6635.343380677434;5241:6636.931460677434;4811:6638.614100677434;5237:6643.354580677435;608:6652.220660677434;459:6652.550420677434;2416:6654.764060677434;4011:6655.428188677434;5246:6661.353356677434;363:6668.2620446774345;366:6669.667124677435;2314:6670.811996677435;2877:6683.983100677435;1748:6685.101620677435;1743:6692.856020677435;1157:6697.595163534577;2058:6703.3849921060055;2092:6706.774134963149;915:6711.89230639172;2980:6724.090649941777
0,2,default_vehtype,boarding,True,6724.090649941777,6754.090649941777,2980;-1;-1,2980;-1;-1,0.0,0.913453668073834,0.913453668073834,0.0,,0,182,1,,182,,
0,3,default_vehtype,route,False,6720.0,6764.785940977197,2973;-1;-1,2974;-1;-1,622.0269580166158,0.7605755119199397,0.760513309224138,0.0,,0,,0,,,2973;7354;3525;6025;3063;6027;7362;2188;2186;5744;6033;5746;6031;146;2828;2974,2973:6720;7354:6723.797167310664;3525:6734.676007310664;6025:6736.417471310664;3063:6737.682151310664;6027:6738.984127310664;7362:6742.992367310664;2188:6749.655535310664;2186:6750.931807310664;5744:6752.947231310664;6033:6754.316671310665;5746:6756.240079310664;6031:6757.731703310665;146:6758.692831310665;2828:6759.784639310665;2974:6764.785940977197
0,4,default_vehtype,boarding,True,6702.774529097554,6732.774529097554,2982;-1;-1,2982;-1;-1,0.0,0.8189690178394493,0.8189690178394493,0.0,,0,189,1,189,,,
0,1,default_vehtype,route,False,6619.198367733861,6815.602072491283,2972;-1;-1,2981;-1;-1,2106.0954485983193,0.8542377927634485,0.8540271832185886,0.0,,0,188,1,,,2972;6079;7380;364;3029;3886;5711;6045;2157;4817;456;5901;7605;2830;5852;6913;1321;597;2204;6066;6049;7367;2188;2186;5744;6033;5746;6031;146;2828;2376;3091;4274;880;3109;3874;4306;429;3125;3406;2825;1944;130;99;4526;714;2800;4339;2419;5404;5421;1925;1883;926;925;5399;1905;830;2795;1891;827;6499;1803;1141;5241;922;6385;3550;2981,2972:6619.198367733861;6079:6620.577223345427;7380:6620.986111345427;364:6621.4214953454275;3029:6623.445703345427;3886:6623.943727345428;5711:6626.483311345428;6045:6627.877591345428;2157:6632.066119345428;4817:6632.542903345428;456:6633.1577833454285;5901:6633.913351345428;7605:6637.385047345428;2830:6637.614439345428;5852:6644.141167345428;6913:6646.037575345427;1321:6651.186007345427;597:6651.648895345427;2204:6653.206183345427;6066:6653.851879345427;6049:6658.078207345427;7367:6660.351751345426;2188:6667.014919345426;2186:6668.291191345426;5744:6670.3066153454265;6033:6671.676055345427;5746:6673.599463345427;6031:6675.091087345427;146:6676.052215345427;2828:6677.144023345427;2376:6682.645903345427;3091:6695.9676313454265;4274:6697.110559345427;880:6697.701895345427;3109:6699.552439345427;3874:6705.416719345427;4306:6717.532279345427;429:6718.934599345427;3125:6720.188119345427;3406:6732.542479345428;2825:6735.012199345428;1944:6736.323559345427;130:6738.711199345427;99:6739.191439345427;4526:6747.601039345427;714:6750.397879345427;2800:6752.404279345427;4339:6753.898039345428;2419:6758.507119345428;5404:6762.733999345428;5421:6763.839319345428;1925:6763.982599345428;1883:6765.019879345427;926:6769.272439345427;925:6772.216759345427;5399:6781.521559345427;1905:6782.848159345427;830:6784.024999345427;2795:6785.208679345427;1891:6785.462599345427;827:6786.528439345428;6499:6795.883279345428;1803:6801.8458393454275;1141:6807.350479345428;5241:6808.938559345428;922:6809.8544713454285;6385:6813.076111345428;3550:6813.337951345428;2981:6815.602072491283
0,3,default_vehtype,boarding,True,6764.785940977197,6794.785940977197,2974;-1;-1,2974;-1;-1,0.0,0.760513309224138,0.760513309224138,0.0,,0,192,1,192,,,
0,6,default_vehtype,route,False,6720.0,6838.154206022787,2966;-1;-1,2993;-1;-1,955.9246108160382,0.5400193694396045,0.5399237769785229,0.0,,0,,0,,,2966;2743;2631;2150;735;738;2470;734;1815;739;1724;1962;1910;164;1354;197;1311;7;1963;1308;482;7613;2611;1307;2876;1719;3469;470;469;5079;7447;2993,2966:6720;2743:6727.8438282904;2631:6731.855256861829;2150:6748.7855425761145;735:6759.267714004686;738:6765.435542576115;2470:6766.385222576115;734:6766.594094576115;1815:6767.602310576115;739:6768.442838576115;1724:6784.900526576115;1962:6785.9573425761155;1910:6786.779582576116;164:6787.730774576116;1354:6788.687294576116;197:6790.896542576116;1311:6802.431302576116;7:6806.1262705761155;1963:6806.534726576116;1308:6806.895950576116;482:6811.450598576116;7613:6812.774750576116;2611:6816.671102576116;1307:6817.986830576116;2876:6820.653566576116;1719:6821.470190576116;3469:6822.490142576115;470:6828.451228290402;469:6834.412314004688;5079:6835.432266004687;7447:6836.248890004687;2993:6838.154206022787
0,10,default_vehtype,route,False,6570.0,6827.755016634026,2966;-1;-1,2976;-1;-1,1978.3156102536077,0.943033574979874,0.9428357434188486,0.0,,0,187,1,,,2966;2743;2631;2150;735;738;1096;3736;81;831;2413;1146;832;1880;1340;3638;1365;2574;7139;1693;1114;5299;7129;754;611;1812;1186;7311;3767;4527;3089;3131;5447;7352;414;122;3426;4314;68;7318;7325;3011;4;4345;7330;2976,2966:6570;2743:6577.8438282904;2631:6581.855256861829;2150:6598.7855425761145;735:6609.267714004686;738:6615.435542576115;1096:6624.974514004686;3736:6625.237530004686;81:6629.086434004686;831:6639.933018004686;2413:6640.9207140046865;1146:6641.7340980046865;832:6642.542514004686;1880:6645.140202004686;1340:6656.673018004686;3638:6657.659490004686;1365:6659.6012100046855;2574:6671.109090004686;7139:6677.375490004686;1693:6679.014090004686;1114:6695.354610004686;5299:6709.899810004686;7129:6711.250770004685;754:6754.8108900046855;611:6756.059490004685;1812:6760.630650004686;1186:6761.807850004686;7311:6762.623490004686;3767:6764.629890004686;4527:6767.426730004686;3089:6775.836330004686;3131:6776.316570004686;5447:6778.704210004686;7352:6780.015570004685;414:6782.485290004685;122:6794.839650004686;3426:6796.093170004686;4314:6797.276130004686;68:6802.874490004686;7318:6809.542530004685;7325:6812.869290004685;3011:6816.879930004686;4:6821.665050004685;4345:6823.708530004686;7330:6824.911530004686;2976:6827.755016634026
0,1,default_vehtype,boarding,True,6815.602072491283,6845.602072491283,2981;-1;-1,2981;-1;-1,0.0,0.8540271832185886,0.8540271832185886,0.0,,0,188,1,,188,,
0,3,default_vehtype,route,False,6794.785940977197,6871.507200347517,2974;-1;-1,2984;-1;-1,685.0623045417706,0.760513309224138,0.7604448029936838,0.0,,0,192,1,,,2974;6479;3091;4274;880;3109;3874;4306;429;4313;68;7318;7325;3011;4;4345;1199;1204;2996;2984,2974:6794.785940977197;6479:6795.2865193106645;3091:6808.608247310664;4274:6809.751175310665;880:6810.342511310665;3109:6812.193055310665;3874:6818.057335310665;4306:6830.172895310665;429:6831.575215310665;4313:6832.758175310665;68:6838.356535310665;7318:6845.024575310665;7325:6848.351335310665;3011:6852.361975310665;4:6857.147095310665;4345:6859.190575310665;1199:6863.180918167807;1204:6867.17126102495;2996:6869.21474102495;2984:6871.507200347517
0,5,default_vehtype,route,False,6659.829866029911,6892.42695523905,2975;-1;-1,2992;-1;-1,2397.670279326484,0.9313582519506965,0.931118484922764,0.0,,0,186,1,,,2975;1166;429;3125;3406;2825;1944;130;99;4526;714;2800;4332;799;3653;3825;7127;1836;4248;5046;7138;6879;1367;3637;3640;3643;7179;5275;5297;5072;1464;2847;5825;4587;5794;3202;2065;2023;4203;537;18;5629;1068;2559;6740;1717;2067;2063;1937;2992,2975:6659.829866029911;1166:6669.9407387739975;429:6671.343058773998;3125:6672.596578773998;3406:6684.950938773998;2825:6687.420658773998;1944:6688.732018773998;130:6691.119658773998;99:6691.599898773998;4526:6700.009498773998;714:6702.806338773998;2800:6704.812738773998;4332:6705.628378773998;799:6706.809298773997;3653:6711.405538773997;3825:6712.654138773997;7127:6756.214258773997;1836:6757.565218773997;4248:6772.110418773997;5046:6788.450938773996;7138:6790.0895387739965;6879:6796.355938773997;1367:6807.848818773997;3637:6809.7419387739965;3640:6810.595066773996;3643:6811.658650773997;7179:6815.237050773997;5275:6819.746338773997;5297:6823.125154773998;5072:6823.355410773997;1464:6830.2959227739975;2847:6831.366634773997;5825:6834.265282773998;4587:6836.545594773997;5794:6838.165738773998;3202:6842.287090773998;2065:6847.431346773998;2023:6852.989674773998;4203:6853.790458773998;537:6854.744458773997;18:6860.612026773997;5629:6866.461450773997;1068:6869.013850773997;2559:6876.064450773996;6740:6880.535074773996;1717:6886.368802773995;2067:6887.106586773995;2063:6887.822842773995;1937:6891.092794773995;2992:6892.42695523905
0,6,default_vehtype,boarding,True,6838.154206022787,6868.154206022787,2993;-1;-1,2993;-1;-1,0.0,0.5399237769785229,0.5399237769785229,0.0,,0,191,1,191,,,
0,9,default_vehtype,route,False,6780.0,6882.324564073461,2983;-1;-1,2975;-1;-1,790.0052720407282,0.959365000800821,0.9592860002736169,0.0,,0,,0,,,2983;7527;2803;7558;2806;4344;2996;3013;7322;2804;3061;1173;3425;4304;793;118;3979;4275;3068;70;73;4273;880;3109;3874;2975,2983:6780;7527:6784.526945388974;2803:6792.0819053889745;7558:6799.476905388975;2806:6807.310745388975;4344:6808.513745388976;2996:6810.557225388976;3013:6815.342345388975;7322:6819.352985388976;2804:6822.679745388976;3061:6829.347785388975;1173:6834.946145388975;3425:6836.129105388975;4304:6837.531425388976;793:6849.646985388976;118:6855.5112653889755;3979:6857.361809388975;4275:6857.953145388976;3068:6862.697431103262;70:6864.983431103262;73:6867.269431103262;4273:6872.013716817548;880:6872.605052817548;3109:6874.455596817548;3874:6880.319876817548;2975:6882.324564073461
0,10,default_vehtype,boarding,True,6827.755016634026,6857.755016634026,2976;-1;-1,2976;-1;-1,0.0,0.9428357434188486,0.9428357434188486,0.0,,0,187;193,2,193,187,,
0,10,default_vehtype,route,False,6857.755016634026,6876.118149327254,2976;-1;-1,2984;-1;-1,153.0261057768949,0.9428357434188486,0.9428204408082709,0.0,,0,193,1,,,2976;7557;2806;4344;2996;2984,2976:6857.755016634026;7557:6862.745370004686;2806:6870.5792100046865;4344:6871.782210004687;2996:6873.825690004687;2984:6876.118149327254
0,3,default_vehtype,boarding,True,6871.507200347517,6901.507200347517,2984;-1;-1,2984;-1;-1,0.0,0.7604448029936838,0.7604448029936838,0.0,,0,192,1,,192,,
0,5,default_vehtype,boarding,True,6892.42695523905,6922.42695523905,2992;-1;-1,2992;-1;-1,0.0,0.931118484922764,0.931118484922764,0.0,,0,186,1,,186,,
0,8,default_vehtype,route,False,6708.363132693228,6910.134717208677,2984;-1;-1,2970;-1;-1,1681.429870962063,0.896673124025593,0.8965049810384967,0.0,,0,190,1,,,2984;3012;7321;2804;3061;1173;3425;3125;3406;2825;1944;130;99;4526;714;2800;4332;799;3653;3825;7127;3766;3988;553;7132;7191;3566;4337;7134;6667;6711;1807;1653;6829;4349;4937;669;5061;7265;3848;534;2839;3560;2970,2984:6708.363132693228;3012:6710.855793370661;7321:6714.866433370661;2804:6718.193193370661;3061:6724.861233370661;1173:6730.4595933706605;3425:6731.642553370661;3125:6732.896073370661;3406:6745.250433370661;2825:6747.720153370661;1944:6749.031513370661;130:6751.419153370661;99:6751.899393370661;4526:6760.308993370661;714:6763.105833370661;2800:6765.112233370661;4332:6765.927873370661;799:6767.10879337066;3653:6771.70503337066;3825:6772.95363337066;7127:6816.51375337066;3766:6817.4509533706605;3988:6821.1865533706605;553:6821.64483337066;7132:6831.5237133706605;7191:6839.48091337066;3566:6841.310073370661;4337:6845.808273370661;7134:6846.908313370661;6667:6854.840433370661;6711:6870.699993370661;1807:6872.627193370661;1653:6878.4311133706615;6829:6879.204033370662;4349:6879.752913370662;4937:6884.122473370662;669:6894.429873370662;5061:6900.238233370662;7265:6901.021473370662;3848:6901.996113370662;534:6906.041073370662;2839:6907.3997133706625;3560:6908.475273370663;2970:6910.134717208677
0,8,default_vehtype,boarding,True,6910.134717208677,6940.134717208677,2970;-1;-1,2970;-1;-1,0.0,0.8965049810384967,0.8965049810384967,0.0,,0,190,1,,190,,
0,9,default_vehtype,boarding,True,6882.324564073461,6912.324564073461,2975;-1;-1,2975;-1;-1,0.0,0.9592860002736169,0.9592860002736169,0.0,,0,194,1,194,,,
0,10,default_vehtype,boarding,True,6876.118149327254,6906.118149327254,2984;-1;-1,2984;-1;-1,0.0,0.9428204408082709,0.9428204408082709,0.0,,0,193,1,,193,,
0,4,default_vehtype,route,False,6732.774529097554,7000.104323966055,2982;-1;-1,2968;-1;-1,3256.6257768101996,0.8189690178394493,0.8186433552617683,0.0,,0,189,1,,,2982;2809;4365;7288;1182;1001;6296;1434;3820;3877;2787;4993;6537;7281;2307;3549;6384;4032;1804;4811;5237;608;459;2416;4011;5246;363;366;2314;2877;1748;2880;906;984;2268;1857;1806;1371;938;5442;4054;2205;1369;2047;3631;4079;4572;4577;778;3636;3639;3642;7178;5275;5297;5072;1464;2847;5825;4587;5794;3202;2065;2023;4203;537;18;5629;1068;2559;6740;1717;2067;2720;4210;1711;2968,2982:6732.774529097554;2809:6738.4754964429785;4365:6746.056616442978;7288:6747.179816442978;1182:6748.096736442978;1001:6753.387896442978;6296:6755.747216442977;1434:6761.706296442977;3820:6766.814936442977;3877:6768.722816442977;2787:6777.515336442977;4993:6778.564376442977;6537:6784.364216442977;7281:6790.199336442976;2307:6793.718096442976;3549:6799.355336442976;6384:6799.617176442976;4032:6802.838816442976;1804:6803.754728442977;4811:6805.437368442977;5237:6810.177848442977;608:6819.043928442977;459:6819.373688442976;2416:6821.587328442976;4011:6822.251456442977;5246:6828.176624442976;363:6835.085312442977;366:6836.490392442977;2314:6837.635264442977;2877:6850.806368442977;1748:6851.924888442977;2880:6853.086680442977;906:6865.311992442977;984:6868.081688442977;2268:6868.829552442977;1857:6869.2154724429765;1806:6869.877656442976;1371:6870.547832442976;938:6873.128960442976;5442:6882.849608442976;4054:6890.489600442977;2205:6896.242040442977;1369:6902.688200442977;2047:6903.631256442977;3631:6905.194088442977;4079:6906.261344442977;4572:6910.059776442977;4577:6911.792456442977;778:6916.0987764429765;3636:6917.102168442976;3639:6917.955296442976;3642:6919.018880442976;7178:6922.597280442977;5275:6927.106568442977;5297:6930.485384442977;5072:6930.715640442977;1464:6937.656152442977;2847:6938.726864442977;5825:6941.625512442977;4587:6943.905824442977;5794:6945.5259684429775;3202:6949.647320442978;2065:6954.791576442977;2023:6960.349904442977;4203:6961.150688442977;537:6962.104688442977;18:6967.972256442977;5629:6973.821680442977;1068:6976.374080442976;2559:6983.424680442976;6740:6987.895304442975;1717:6993.729032442975;2067:6994.466816442975;2720:6995.230232442975;4210:6996.128504442975;1711:6997.258184442975;2968:7000.104323966055
0,9,default_vehtype,route,False,6912.324564073461,7018.380733506883,2975;-1;-1,2973;-1;-1,1316.9428379970655,0.9592860002736169,0.9591543059898172,0.0,,0,194,1,,,2975;1166;793;118;3979;4275;103;6480;7360;3154;6028;5745;6035;5743;6038;6041;7365;6050;6068;6077;3629;4502;6912;2108;7370;1420;1084;2973,2975:6912.324564073461;1166:6922.435436817548;793:6934.550996817548;118:6940.415276817548;3979:6942.265820817548;4275:6942.8571568175485;103:6944.000084817549;6480:6957.321812817549;7360:6962.823692817548;3154:6963.9155008175485;6028:6964.876628817548;5745:6966.368252817549;6035:6968.291660817548;5743:6969.661100817549;6038:6971.676524817549;6041:6972.952796817549;7365:6979.615964817549;6050:6981.889508817549;6068:6986.115836817548;6077:6986.761532817548;3629:6988.318820817548;4502:6988.781708817548;6912:6993.930140817548;2108:6995.8265488175475;7370:7002.353276817547;1420:7014.058388817547;1084:7017.593372817547;2973:7018.380733506883
0,3,default_vehtype,route,False,6901.507200347517,7024.427892581971,2984;-1;-1,2988;-1;-1,1470.223055048344,0.7604448029936838,0.760297780688179,0.0,,0,,0,,,2984;3012;7321;2804;3061;1173;3425;4304;793;118;3979;4275;103;6480;7360;3154;6028;5745;6035;5743;6038;6041;7365;6050;6068;6077;3629;4502;6912;2108;7370;7608;5900;3459;4818;5992;6047;5708;3884;3030;3347;7376;2207;2988,2984:6901.507200347517;3012:6903.9998610249495;7321:6908.01050102495;2804:6911.33726102495;3061:6918.005301024949;1173:6923.603661024949;3425:6924.786621024949;4304:6926.18894102495;793:6938.30450102495;118:6944.16878102495;3979:6946.0193250249495;4275:6946.61066102495;103:6947.75358902495;6480:6961.07531702495;7360:6966.57719702495;3154:6967.66900502495;6028:6968.63013302495;5745:6970.12175702495;6035:6972.04516502495;5743:6973.41460502495;6038:6975.43002902495;6041:6976.70630102495;7365:6983.36946902495;6050:6985.64301302495;6068:6989.86934102495;6077:6990.515037024949;3629:6992.072325024949;4502:6992.535213024949;6912:6997.683645024949;2108:6999.580053024949;7370:7006.106781024949;7608:7006.336173024949;5900:7009.807869024949;3459:7010.563437024948;4818:7011.178317024948;5992:7011.655101024949;6047:7015.843629024948;5708:7017.237909024949;3884:7019.777493024949;3030:7020.275517024949;3347:7022.299725024949;7376:7022.735109024949;2207:7023.143997024949;2988:7024.427892581971
0,3,default_vehtype,boarding,True,7024.427892581971,7054.427892581971,2988;-1;-1,2988;-1;-1,0.0,0.760297780688179,0.760297780688179,0.0,,0,195,1,195,,,
0,4,default_vehtype,boarding,True,7000.104323966055,7030.104323966055,2968;-1;-1,2968;-1;-1,0.0,0.8186433552617683,0.8186433552617683,0.0,,0,189;196,2,196,189,,
0,5,default_vehtype,route,False,7020.0,7057.017328528743,2992;-1;-1,2967;-1;-1,371.725848613485,0.931118484922764,0.9310813123379026,0.0,,0,,0,,,2992;2526;3895;5465;7450;1719;3469;470;469;5079;7447;1960;2967,2992:7020;2526:7029.202247534946;3895:7030.469231534946;5465:7038.001151534946;7450:7038.985391534946;1719:7039.802015534946;3469:7040.8219675349455;470:7046.783053249232;469:7052.744138963518;5079:7053.764090963517;7447:7054.5807149635175;1960:7055.564954963517;2967:7057.017328528743
0,9,default_vehtype,boarding,True,7018.380733506883,7048.380733506883,2973;-1;-1,2973;-1;-1,0.0,0.9591543059898172,0.9591543059898172,0.0,,0,194,1,,194,,
0,5,default_vehtype,boarding,True,7057.017328528743,7087.017328528743,2967;-1;-1,2967;-1;-1,0.0,0.9310813123379026,0.9310813123379026,0.0,,0,197,1,197,,,
0,6,default_vehtype,route,False,6868.154206022787,7132.94840530966,2993;-1;-1,2978;-1;-1,3227.6636384011745,0.5399237769785229,0.5396010106146828,0.0,,0,191,1,,,2993;4483;6931;7616;3488;4485;5469;2998;901;1083;1355;1961;1721;2672;2790;5440;162;683;1096;3736;81;831;2413;1146;832;1880;1340;3638;602;3851;4573;1400;971;598;1368;591;585;940;1370;939;1903;983;3921;840;2881;5099;2878;1735;2581;370;361;2874;1887;4059;910;6541;3462;3648;2851;2850;1801;1560;5242;4277;5239;6501;3911;5389;7301;918;3075;7097;7290;2736;1744;1164;2789;1182;2978,2993:6868.154206022787;4483:6868.9156260046875;6931:6870.231354004687;7616:6874.127706004687;3488:6875.451858004687;4485:6880.006506004687;5469:6880.3677300046875;2998:6880.776186004688;901:6882.021714004688;1083:6884.812146004688;1355:6898.501434004687;1961:6899.484162004687;1721:6900.5442180046875;2672:6906.682506004688;2790:6909.127338004688;5440:6912.541938004688;162:6916.694610004688;683:6917.265570004688;1096:6920.827770004688;3736:6921.090786004688;81:6924.939690004689;831:6935.7862740046885;2413:6936.773970004689;1146:6937.587354004689;832:6938.3957700046885;1880:6940.993458004688;1340:6952.526274004688;3638:6953.512746004688;602:6954.365874004688;3851:6955.369266004687;4573:6959.675586004687;1400:6961.408266004687;971:6965.206698004687;598:6966.273954004687;1368:6967.234290004687;591:6973.105242004687;585:6986.276490004687;940:6992.856354004687;1370:6999.882978004687;939:7000.579650004687;1903:7001.401242004687;983:7002.383754004687;3921:7006.181898004687;840:7010.742738004687;2881:7017.373362004688;5099:7018.5262260046875;2878:7019.654250004687;1735:7030.638570004687;2581:7031.9779860046865;370:7033.5608340046865;361:7036.057938004687;2874:7036.643946004687;1887:7042.299330004686;4059:7044.2186340046865;910:7048.7348340046865;6541:7049.398962004687;3462:7051.612602004687;3648:7051.942362004686;2851:7056.616602004687;2850:7057.549962004687;1801:7060.845642004687;1560:7065.586122004687;5242:7067.268762004687;4277:7068.856842004688;5239:7074.361482004688;6501:7080.324042004688;3911:7089.678882004688;5389:7090.744722004688;7301:7090.998642004688;918:7092.140802004688;3075:7100.013762004688;7097:7100.863122004688;7290:7106.6652420046885;2736:7115.383722004688;1744:7116.838962004688;1164:7127.947482004688;2789:7129.359282004688;1182:7130.276202004688;2978:7132.94840530966
0,6,default_vehtype,boarding,True,7132.94840530966,7162.94840530966,2978;-1;-1,2978;-1;-1,0.0,0.5396010106146828,0.5396010106146828,0.0,,0,191,1,,191,,
0,8,default_vehtype,route,False,7140.0,7147.381840040903,2970;-1;-1,2990;-1;-1,61.51533367418344,0.8965049810384967,0.8964988295051293,0.0,,0,,0,,,2970;671;544;7400;5449;2990,2970:7140;671:7141.0301161619855;544:7143.719676161985;7400:7144.7952361619855;5449:7145.994276161986;2990:7147.381840040903
0,8,default_vehtype,boarding,True,7147.381840040903,7177.381840040903,2990;-1;-1,2990;-1;-1,0.0,0.8964988295051293,0.8964988295051293,0.0,,0,199,1,199,,,
0,9,default_vehtype,route,False,7140.0,7150.320430280956,2973;-1;-1,2987;-1;-1,143.3393094577217,0.9591543059898172,0.9591399720588715,0.0,,0,,0,,,2973;7354;4225;2987,2973:7140;7354:7143.797167310664;4225:7148.381695310664;2987:7150.320430280956
0,9,default_vehtype,boarding,True,7150.320430280956,7180.320430280956,2987;-1;-1,2987;-1;-1,0.0,0.9591399720588715,0.9591399720588715,0.0,,0,198,1,198,,,
0,3,default_vehtype,route,False,7054.427892581971,7222.50345349,2988;-1;-1,2992;-1;-1,1869.1901237226884,0.760297780688179,0.7601108616758068,0.0,,0,195,1,,,2988;3447;3721;5333;251;2711;3358;2296;5495;5697;5497;5500;670;5502;5512;5520;5531;6313;6632;6644;3793;6319;7102;3741;7384;6414;5446;2447;2571;42;2577;2566;3033;3036;2469;2404;2235;3762;5287;310;2280;1447;6261;3764;4397;4745;4182;4187;4191;4195;4202;4208;537;18;5629;1068;2559;6740;1717;2067;2063;1937;2992,2988:7054.427892581971;3447:7055.96740502495;3721:7058.997093024949;5333:7059.988533024949;251:7060.736109024949;2711:7061.873925024949;3358:7064.088933024949;2296:7072.38993302495;5495:7072.60677302495;5697:7073.71053302495;5497:7074.40797302495;5500:7077.315213024949;670:7078.712613024949;5502:7081.0600530249485;5512:7084.581813024948;5520:7087.035813024948;5531:7088.732733024948;6313:7089.757773024949;6632:7092.054813024949;6644:7093.626093024949;3793:7095.475293024949;6319:7096.391013024949;7102:7096.869093024949;3741:7097.408733024949;7384:7105.067733024948;6414:7110.274893024948;5446:7112.542653024948;2447:7116.478773024948;2571:7124.067693024948;42:7128.735693024948;2577:7129.408173024948;2566:7138.007253024948;3033:7138.6382130249485;3036:7140.907773024948;2469:7144.500093024948;2404:7147.823613024948;2235:7149.107013024948;3762:7149.530445024948;5287:7150.069509024947;310:7152.859725024948;2280:7153.458837024948;1447:7153.904733024948;6261:7157.7827250249475;3764:7158.788421024948;4397:7159.339077024948;4745:7159.565373024948;4182:7164.019149024948;4187:7166.681205024948;4191:7167.419493024948;4195:7181.882781024948;4202:7182.885309024948;4208:7183.866957024948;537:7184.820957024947;18:7190.688525024947;5629:7196.537949024947;1068:7199.090349024947;2559:7206.140949024946;6740:7210.611573024946;1717:7216.445301024945;2067:7217.183085024945;2063:7217.899341024945;1937:7221.169293024945;2992:7222.50345349
0,3,default_vehtype,boarding,True,7222.50345349,7252.50345349,2992;-1;-1,2992;-1;-1,0.0,0.7601108616758068,0.7601108616758068,0.0,,0,195,1,,195,,
0,4,default_vehtype,route,False,7030.104323966055,7253.188103413267,2968;-1;-1,2987;-1;-1,2614.671158989071,0.8186433552617683,0.8183818881458693,0.0,,0,196,1,,,2968;98;2497;7434;2760;542;1074;1071;1070;1069;1067;1504;4396;710;2281;4664;6260;3300;1832;708;6180;2405;6169;2744;2567;2576;3077;3241;88;2758;2742;2448;2353;6140;7386;3742;7100;6318;737;6639;2446;2301;1992;1990;1988;1985;3729;5498;5496;5699;5494;6307;374;7114;3246;5330;661;445;6080;7381;364;3029;3886;5711;6045;2157;4817;456;5901;7605;2830;1420;1084;7357;2826;2827;4225;2987,2968:7030.104323966055;98:7035.873992442976;2497:7037.384624442976;7434:7044.592472442976;2760:7051.131008442976;542:7058.659112442976;1074:7059.592520442976;1071:7060.595048442976;1070:7075.058336442976;1069:7075.796624442975;1067:7078.4586804429755;1504:7082.912456442976;4396:7083.138752442976;710:7083.689408442976;2281:7084.695104442976;4664:7088.573096442976;6260:7089.018992442976;3300:7089.618104442976;1832:7092.408320442976;708:7092.947384442976;6180:7093.370816442975;2405:7095.593216442975;6169:7099.070336442975;2744:7103.6708964429745;2567:7105.513856442974;2576:7114.002416442974;3077:7116.135056442974;3241:7119.263936442974;88:7121.190776442974;2758:7123.154216442975;2742:7123.5606564429745;2448:7126.746296442974;2353:7132.9471764429745;6140:7138.118216442975;7386:7139.460656442975;3742:7147.119656442975;7100:7147.659296442975;6318:7148.1373764429745;737:7149.0530964429745;6639:7150.902296442974;2446:7152.473576442974;2301:7154.770616442975;1992:7155.795656442975;1990:7157.492576442975;1988:7159.946576442975;1985:7163.468336442975;3729:7165.815776442974;5498:7167.213176442974;5496:7170.120416442974;5699:7170.817856442974;5494:7171.921616442974;6307:7172.138456442974;374:7180.439456442974;7114:7182.654464442974;3246:7183.7922804429745;5330:7184.539856442974;661:7185.531296442974;445:7188.560984442974;6080:7191.384392442974;7381:7191.793280442974;364:7192.228664442974;3029:7194.252872442974;3886:7194.750896442974;5711:7197.2904804429745;6045:7198.684760442975;2157:7202.873288442975;4817:7203.350072442975;456:7203.964952442975;5901:7204.720520442975;7605:7208.192216442974;2830:7208.4216084429745;1420:7220.126720442974;1084:7223.661704442974;7357:7228.246232442974;2826:7237.455536442974;2827:7246.664840442974;4225:7251.249368442975;2987:7253.188103413267
0,8,default_vehtype,route,False,7177.381840040903,7259.923863685063,2990;-1;-1,2968;-1;-1,979.5016832740181,0.8964988295051293,0.8964008793368019,0.0,,0,199,1,,,2990;2552;4848;3271;4846;4989;5000;337;1075;537;18;5629;1068;2559;6740;1717;2067;2720;4210;1711;2968,2990:7177.381840040903;2552:7180.247556161986;4848:7187.7278761619855;3271:7193.280996161985;4846:7195.154076161985;4989:7207.426596161986;5000:7212.186156161986;337:7219.946388161986;1075:7220.970228161986;537:7221.924228161985;18:7227.791796161985;5629:7233.641220161985;1068:7236.193620161985;2559:7243.244220161984;6740:7247.714844161984;1717:7253.548572161983;2067:7254.286356161983;2720:7255.049772161983;4210:7255.9480441619835;1711:7257.0777241619835;2968:7259.923863685063
0,4,default_vehtype,boarding,True,7253.188103413267,7283.188103413267,2987;-1;-1,2987;-1;-1,0.0,0.8183818881458693,0.8183818881458693,0.0,,0,196,1,,196,,
0,8,default_vehtype,boarding,True,7259.923863685063,7289.923863685063,2968;-1;-1,2968;-1;-1,0.0,0.8964008793368019,0.8964008793368019,0.0,,0,199,1,,199,,
0,9,default_vehtype,route,False,7180.320430280956,7307.746224347517,2987;-1;-1,2984;-1;-1,1389.2919531006644,0.9591399720588715,0.9590010428635615,0.0,,0,198,1,,,2987;4613;1084;7357;3525;6025;3063;6027;7362;2188;2186;5744;6033;5746;6031;146;2828;2376;3091;4274;880;3109;3874;4306;429;4313;68;7318;7325;3011;4;4345;1199;1204;2996;2984,2987:7180.320430280956;4613:7181.916679310664;1084:7185.451663310664;7357:7190.036191310664;3525:7200.915031310665;6025:7202.6564953106645;3063:7203.921175310665;6027:7205.223151310664;7362:7209.231391310665;2188:7215.894559310665;2186:7217.170831310665;5744:7219.186255310665;6033:7220.555695310665;5746:7222.479103310665;6031:7223.970727310665;146:7224.931855310665;2828:7226.023663310665;2376:7231.525543310665;3091:7244.847271310665;4274:7245.990199310665;880:7246.5815353106655;3109:7248.432079310665;3874:7254.296359310665;4306:7266.411919310665;429:7267.8142393106655;4313:7268.997199310666;68:7274.5955593106655;7318:7281.263599310665;7325:7284.590359310665;3011:7288.600999310665;4:7293.386119310665;4345:7295.429599310665;1199:7299.419942167808;1204:7303.41028502495;2996:7305.45376502495;2984:7307.746224347517
0,5,default_vehtype,route,False,7087.017328528743,7360.310875618092,2967;-1;-1,2982;-1;-1,3402.593083715548,0.9310813123379026,0.9307410530295311,0.0,,0,197,1,,,2967;3896;6788;5444;1716;2720;4210;1711;98;2497;7434;2760;542;1074;4204;5649;5760;205;5793;1407;5826;7411;4686;5074;5295;5274;7181;604;603;602;3851;4573;1400;971;598;1368;591;585;940;1370;939;1903;983;3921;840;2881;5099;2878;1735;2581;370;361;2874;1887;4059;910;6541;3462;3648;2851;2850;1801;1560;5242;922;6385;3550;6322;7280;2411;1661;7283;796;751;4635;6299;4102;4325;7285;1218;2982,2967:7087.017328528743;3896:7093.096874963518;6788:7094.3638589635175;5444:7104.900266963517;1716:7107.690626963517;2720:7108.437266963518;4210:7109.335538963518;1711:7110.465218963518;98:7119.081026963518;2497:7120.591658963518;7434:7127.799506963518;2760:7134.338042963518;542:7141.866146963518;1074:7142.799554963518;4204:7143.781202963518;5649:7144.581986963518;5760:7150.140314963518;205:7155.284570963518;5793:7159.405922963518;1407:7161.026066963518;5826:7163.306378963518;7411:7166.205026963518;4686:7167.275738963518;5074:7174.216250963518;5295:7174.446506963518;5274:7177.825322963518;7181:7182.334610963519;604:7185.913010963519;603:7186.976594963519;602:7187.829722963519;3851:7188.833114963519;4573:7193.139434963518;1400:7194.8721149635185;971:7198.670546963518;598:7199.737802963518;1368:7200.698138963518;591:7206.569090963519;585:7219.740338963518;940:7226.320202963519;1370:7233.346826963519;939:7234.043498963519;1903:7234.865090963519;983:7235.8476029635185;3921:7239.645746963519;840:7244.206586963519;2881:7250.837210963519;5099:7251.990074963519;2878:7253.118098963519;1735:7264.102418963518;2581:7265.441834963518;370:7267.024682963518;361:7269.521786963518;2874:7270.107794963518;1887:7275.763178963518;4059:7277.682482963518;910:7282.198682963518;6541:7282.862810963518;3462:7285.076450963518;3648:7285.406210963518;2851:7290.080450963518;2850:7291.013810963518;1801:7294.309490963518;1560:7299.049970963519;5242:7300.732610963519;922:7301.648522963519;6385:7304.870162963519;3550:7305.132002963519;6322:7310.769242963519;7280:7314.288002963519;2411:7320.123122963519;1661:7325.922962963518;7283:7326.972002963518;796:7335.764522963518;751:7337.672402963518;4635:7342.781042963518;6299:7348.740122963518;4102:7351.0994429635175;4325:7356.390602963517;7285:7357.307522963517;1218:7358.430722963517;2982:7360.310875618092
0,9,default_vehtype,boarding,True,7307.746224347517,7337.746224347517,2984;-1;-1,2984;-1;-1,0.0,0.9590010428635615,0.9590010428635615,0.0,,0,198,1,,198,,
0,5,default_vehtype,boarding,True,7360.310875618092,7390.310875618092,2982;-1;-1,2982;-1;-1,0.0,0.9307410530295311,0.9307410530295311,0.0,,0,197,1,,197,,
