2026-03-15 02:45:10,475 - INFO - NumExpr defaulting to 12 threads.
2026-03-15 02:45:13,889 - DEBUG - matplotlib data path: E:\Anaconda\lib\site-packages\matplotlib\mpl-data
2026-03-15 02:45:13,899 - DEBUG - CONFIGDIR=C:\Users\Lenovo\.matplotlib
2026-03-15 02:45:13,900 - DEBUG - interactive is False
2026-03-15 02:45:13,900 - DEBUG - platform is win32
2026-03-15 02:45:13,947 - DEBUG - CACHEDIR=C:\Users\Lenovo\.matplotlib
2026-03-15 02:45:13,954 - DEBUG - Using fontManager instance from C:\Users\Lenovo\.matplotlib\fontlist-v390.json
2026-03-15 02:45:15,701 - DEBUG - Vehicle vehicle_0 has no bike and no available misplaced bikes with valid routes.
2026-03-15 02:45:15,722 - DEBUG - Vehicle vehicle_0 assigned to reposition to parking parking_0 (travel time: 66.00s).
2026-03-15 02:45:15,722 - DEBUG - Vehicle vehicle_1 has no bike and no available misplaced bikes with valid routes.
2026-03-15 02:45:15,731 - DEBUG - Vehicle vehicle_1 assigned to reposition to parking parking_1 (travel time: 43.00s).
2026-03-15 02:45:15,731 - DEBUG - Vehicle vehicle_2 has no bike and no available misplaced bikes with valid routes.
2026-03-15 02:45:15,744 - DEBUG - Vehicle vehicle_2 assigned to reposition to parking parking_1 (travel time: 44.00s).
2026-03-15 02:45:15,835 - DEBUG - Vehicle vehicle_1 has no bike and no available misplaced bikes with valid routes.
2026-03-15 02:45:15,849 - DEBUG - Vehicle vehicle_1 assigned to reposition to parking parking_2 (travel time: 74.00s).
2026-03-15 02:45:15,867 - DEBUG - Vehicle vehicle_2 has no bike and no available misplaced bikes with valid routes.
2026-03-15 02:45:15,881 - DEBUG - Vehicle vehicle_2 assigned to reposition to parking parking_2 (travel time: 74.00s).
2026-03-15 02:45:15,899 - DEBUG - Vehicle vehicle_0 has no bike and no available misplaced bikes with valid routes.
2026-03-15 02:45:15,918 - DEBUG - Vehicle vehicle_0 assigned to reposition to parking parking_0 (travel time: 80.00s).
2026-03-15 02:45:15,935 - DEBUG - Vehicle vehicle_1 has no bike and no available misplaced bikes with valid routes.
2026-03-15 02:45:15,946 - DEBUG - Vehicle vehicle_1 assigned to reposition to parking parking_1 (travel time: 51.00s).
2026-03-15 02:45:15,963 - DEBUG - Vehicle vehicle_2 has no bike and no available misplaced bikes with valid routes.
2026-03-15 02:45:15,975 - DEBUG - Vehicle vehicle_2 assigned to reposition to parking parking_2 (travel time: 74.00s).
2026-03-15 02:45:15,994 - DEBUG - Vehicle vehicle_0 has no bike and no available misplaced bikes with valid routes.
2026-03-15 02:45:16,013 - DEBUG - Vehicle vehicle_0 assigned to reposition to parking parking_0 (travel time: 80.00s).
2026-03-15 02:45:16,032 - DEBUG - Vehicle vehicle_1 has no bike and no available misplaced bikes with valid routes.
2026-03-15 02:45:16,043 - DEBUG - Vehicle vehicle_1 assigned to reposition to parking parking_1 (travel time: 51.00s).
2026-03-15 02:45:16,043 - DEBUG - Attempting to activate bikes at 180s.
2026-03-15 02:45:16,043 - DEBUG - all_bikes_state at 180s: {'bike_0': 'inactive', 'bike_1': 'inactive', 'bike_2': 'inactive', 'bike_3': 'inactive', 'bike_4': 'inactive', 'bike_5': 'inactive', 'bike_6': 'inactive', 'bike_7': 'inactive', 'bike_8': 'inactive', 'bike_9': 'inactive', 'bike_10': 'inactive', 'bike_11': 'inactive', 'bike_12': 'inactive', 'bike_13': 'inactive', 'bike_14': 'inactive', 'bike_15': 'inactive', 'bike_16': 'inactive', 'bike_17': 'inactive', 'bike_18': 'inactive', 'bike_19': 'inactive'}
2026-03-15 02:45:16,044 - DEBUG - Found 20 inactive bikes: ['bike_0', 'bike_1', 'bike_2', 'bike_3', 'bike_4', 'bike_5', 'bike_6', 'bike_7', 'bike_8', 'bike_9', 'bike_10', 'bike_11', 'bike_12', 'bike_13', 'bike_14', 'bike_15', 'bike_16', 'bike_17', 'bike_18', 'bike_19']
2026-03-15 02:45:16,044 - DEBUG - Dynamically appeared bike bike_8 at 180s.
2026-03-15 02:45:16,044 - DEBUG - Dynamically appeared bike bike_0 at 180s.
2026-03-15 02:45:16,044 - DEBUG - Dynamically appeared bike bike_6 at 180s.
2026-03-15 02:45:16,046 - DEBUG - Dynamically appeared bike bike_5 at 180s.
2026-03-15 02:45:16,046 - DEBUG - Dynamically appeared bike bike_14 at 180s.
2026-03-15 02:45:16,246 - DEBUG - Vehicle vehicle_2 assigned to pick up bike bike_14 (travel time: 50.00s).
2026-03-15 02:45:16,369 - DEBUG - Vehicle vehicle_0 assigned to pick up bike bike_6 (travel time: 77.00s).
2026-03-15 02:45:16,470 - DEBUG - Vehicle vehicle_1 assigned to pick up bike bike_8 (travel time: 78.00s).
2026-03-15 02:45:16,531 - DEBUG - Vehicle vehicle_2 assigned to drop off bike bike_14 at parking parking_1 (travel time: 51.00s).
2026-03-15 02:45:16,616 - DEBUG - Vehicle vehicle_2 assigned to pick up bike bike_0 (travel time: 95.00s).
2026-03-15 02:45:16,745 - DEBUG - Vehicle vehicle_0 assigned to drop off bike bike_6 at parking parking_1 (travel time: 51.00s).
2026-03-15 02:45:16,805 - DEBUG - Vehicle vehicle_1 assigned to drop off bike bike_8 at parking parking_1 (travel time: 51.00s).
2026-03-15 02:45:16,805 - DEBUG - Attempting to activate bikes at 360s.
2026-03-15 02:45:16,807 - DEBUG - all_bikes_state at 360s: {'bike_0': 'on_vehicle_en_route', 'bike_1': 'inactive', 'bike_2': 'inactive', 'bike_3': 'inactive', 'bike_4': 'inactive', 'bike_5': 'misplaced', 'bike_6': 'on_vehicle', 'bike_7': 'inactive', 'bike_8': 'on_vehicle', 'bike_9': 'inactive', 'bike_10': 'inactive', 'bike_11': 'inactive', 'bike_12': 'inactive', 'bike_13': 'inactive', 'bike_14': 'at_parking', 'bike_15': 'inactive', 'bike_16': 'inactive', 'bike_17': 'inactive', 'bike_18': 'inactive', 'bike_19': 'inactive'}
2026-03-15 02:45:16,807 - DEBUG - Found 15 inactive bikes: ['bike_1', 'bike_2', 'bike_3', 'bike_4', 'bike_7', 'bike_9', 'bike_10', 'bike_11', 'bike_12', 'bike_13', 'bike_15', 'bike_16', 'bike_17', 'bike_18', 'bike_19']
2026-03-15 02:45:16,807 - DEBUG - Dynamically appeared bike bike_15 at 360s.
2026-03-15 02:45:16,807 - DEBUG - Dynamically appeared bike bike_11 at 360s.
2026-03-15 02:45:16,807 - DEBUG - Dynamically appeared bike bike_13 at 360s.
2026-03-15 02:45:16,807 - DEBUG - Dynamically appeared bike bike_2 at 360s.
2026-03-15 02:45:16,807 - DEBUG - Dynamically appeared bike bike_7 at 360s.
2026-03-15 02:45:16,952 - DEBUG - Vehicle vehicle_0 assigned to pick up bike bike_11 (travel time: 73.00s).
2026-03-15 02:45:17,087 - DEBUG - Vehicle vehicle_1 assigned to pick up bike bike_2 (travel time: 73.00s).
2026-03-15 02:45:17,149 - DEBUG - Vehicle vehicle_2 assigned to drop off bike bike_0 at parking parking_1 (travel time: 51.00s).
2026-03-15 02:45:17,209 - DEBUG - Vehicle vehicle_0 assigned to drop off bike bike_11 at parking parking_1 (travel time: 51.00s).
2026-03-15 02:45:17,342 - DEBUG - Vehicle vehicle_1 assigned to drop off bike bike_2 at parking parking_1 (travel time: 51.00s).
2026-03-15 02:45:17,455 - DEBUG - Vehicle vehicle_2 assigned to pick up bike bike_13 (travel time: 79.00s).
2026-03-15 02:45:17,543 - DEBUG - Vehicle vehicle_0 assigned to pick up bike bike_7 (travel time: 80.00s).
2026-03-15 02:45:17,613 - DEBUG - Vehicle vehicle_1 assigned to pick up bike bike_15 (travel time: 81.00s).
2026-03-15 02:45:17,700 - DEBUG - Vehicle vehicle_2 assigned to drop off bike bike_13 at parking parking_1 (travel time: 51.00s).
2026-03-15 02:45:17,702 - DEBUG - Attempting to activate bikes at 540s.
2026-03-15 02:45:17,702 - DEBUG - all_bikes_state at 540s: {'bike_0': 'at_parking', 'bike_1': 'inactive', 'bike_2': 'at_parking', 'bike_3': 'inactive', 'bike_4': 'inactive', 'bike_5': 'misplaced', 'bike_6': 'at_parking', 'bike_7': 'on_vehicle_en_route', 'bike_8': 'at_parking', 'bike_9': 'inactive', 'bike_10': 'inactive', 'bike_11': 'at_parking', 'bike_12': 'inactive', 'bike_13': 'on_vehicle', 'bike_14': 'at_parking', 'bike_15': 'on_vehicle_en_route', 'bike_16': 'inactive', 'bike_17': 'inactive', 'bike_18': 'inactive', 'bike_19': 'inactive'}
2026-03-15 02:45:17,702 - DEBUG - Found 10 inactive bikes: ['bike_1', 'bike_3', 'bike_4', 'bike_9', 'bike_10', 'bike_12', 'bike_16', 'bike_17', 'bike_18', 'bike_19']
2026-03-15 02:45:17,703 - DEBUG - Dynamically appeared bike bike_9 at 540s.
2026-03-15 02:45:17,703 - DEBUG - Dynamically appeared bike bike_4 at 540s.
2026-03-15 02:45:17,705 - DEBUG - Dynamically appeared bike bike_12 at 540s.
2026-03-15 02:45:17,705 - DEBUG - Dynamically appeared bike bike_19 at 540s.
2026-03-15 02:45:17,705 - DEBUG - Dynamically appeared bike bike_16 at 540s.
2026-03-15 02:45:17,883 - DEBUG - Vehicle vehicle_0 assigned to drop off bike bike_7 at parking parking_1 (travel time: 51.00s).
2026-03-15 02:45:17,940 - DEBUG - Vehicle vehicle_1 assigned to drop off bike bike_15 at parking parking_1 (travel time: 51.00s).
2026-03-15 02:45:18,082 - DEBUG - Vehicle vehicle_2 assigned to pick up bike bike_19 (travel time: 54.00s).
2026-03-15 02:45:18,213 - DEBUG - Vehicle vehicle_0 assigned to pick up bike bike_16 (travel time: 56.00s).
2026-03-15 02:45:18,334 - DEBUG - Vehicle vehicle_1 assigned to pick up bike bike_9 (travel time: 72.00s).
2026-03-15 02:45:18,466 - DEBUG - Vehicle vehicle_2 assigned to drop off bike bike_19 at parking parking_1 (travel time: 51.00s).
2026-03-15 02:45:18,524 - DEBUG - Vehicle vehicle_0 assigned to drop off bike bike_16 at parking parking_1 (travel time: 51.00s).
2026-03-15 02:45:18,630 - DEBUG - Vehicle vehicle_2 assigned to pick up bike bike_12 (travel time: 84.00s).
2026-03-15 02:45:18,690 - DEBUG - Vehicle vehicle_1 assigned to drop off bike bike_9 at parking parking_1 (travel time: 51.00s).
2026-03-15 02:45:18,691 - DEBUG - Attempting to activate bikes at 720s.
2026-03-15 02:45:18,691 - DEBUG - all_bikes_state at 720s: {'bike_0': 'at_parking', 'bike_1': 'inactive', 'bike_2': 'at_parking', 'bike_3': 'inactive', 'bike_4': 'misplaced', 'bike_5': 'misplaced', 'bike_6': 'at_parking', 'bike_7': 'at_parking', 'bike_8': 'at_parking', 'bike_9': 'on_vehicle', 'bike_10': 'inactive', 'bike_11': 'at_parking', 'bike_12': 'on_vehicle_en_route', 'bike_13': 'at_parking', 'bike_14': 'at_parking', 'bike_15': 'at_parking', 'bike_16': 'on_vehicle', 'bike_17': 'inactive', 'bike_18': 'inactive', 'bike_19': 'at_parking'}
2026-03-15 02:45:18,691 - DEBUG - Found 5 inactive bikes: ['bike_1', 'bike_3', 'bike_10', 'bike_17', 'bike_18']
2026-03-15 02:45:18,691 - DEBUG - Dynamically appeared bike bike_10 at 720s.
2026-03-15 02:45:18,691 - DEBUG - Dynamically appeared bike bike_3 at 720s.
2026-03-15 02:45:18,691 - DEBUG - Dynamically appeared bike bike_1 at 720s.
2026-03-15 02:45:18,691 - DEBUG - Dynamically appeared bike bike_18 at 720s.
2026-03-15 02:45:18,691 - DEBUG - Dynamically appeared bike bike_17 at 720s.
2026-03-15 02:45:18,852 - DEBUG - Vehicle vehicle_0 assigned to pick up bike bike_18 (travel time: 30.00s).
2026-03-15 02:45:19,064 - DEBUG - Vehicle vehicle_1 assigned to pick up bike bike_17 (travel time: 55.00s).
2026-03-15 02:45:19,122 - DEBUG - Vehicle vehicle_0 assigned to drop off bike bike_18 at parking parking_1 (travel time: 51.00s).
2026-03-15 02:45:19,179 - DEBUG - Vehicle vehicle_2 assigned to drop off bike bike_12 at parking parking_1 (travel time: 51.00s).
2026-03-15 02:45:19,239 - DEBUG - Vehicle vehicle_1 assigned to drop off bike bike_17 at parking parking_1 (travel time: 51.00s).
2026-03-15 02:45:19,372 - DEBUG - Vehicle vehicle_0 assigned to pick up bike bike_10 (travel time: 57.00s).
2026-03-15 02:45:19,497 - DEBUG - Vehicle vehicle_2 assigned to pick up bike bike_3 (travel time: 76.00s).
2026-03-15 02:45:19,669 - DEBUG - Vehicle vehicle_1 assigned to pick up bike bike_1 (travel time: 83.00s).
2026-03-15 02:45:19,728 - DEBUG - Vehicle vehicle_0 assigned to drop off bike bike_10 at parking parking_1 (travel time: 51.00s).
2026-03-15 02:45:19,729 - DEBUG - Attempting to activate bikes at 900s.
2026-03-15 02:45:19,729 - DEBUG - all_bikes_state at 900s: {'bike_0': 'at_parking', 'bike_1': 'on_vehicle_en_route', 'bike_2': 'at_parking', 'bike_3': 'on_vehicle_en_route', 'bike_4': 'misplaced', 'bike_5': 'misplaced', 'bike_6': 'at_parking', 'bike_7': 'at_parking', 'bike_8': 'at_parking', 'bike_9': 'at_parking', 'bike_10': 'on_vehicle', 'bike_11': 'at_parking', 'bike_12': 'at_parking', 'bike_13': 'at_parking', 'bike_14': 'at_parking', 'bike_15': 'at_parking', 'bike_16': 'at_parking', 'bike_17': 'at_parking', 'bike_18': 'at_parking', 'bike_19': 'at_parking'}
2026-03-15 02:45:19,729 - DEBUG - Found 0 inactive bikes: []
2026-03-15 02:45:19,729 - DEBUG - Attempting to activate bikes at 905s.
2026-03-15 02:45:19,730 - DEBUG - all_bikes_state at 905s: {'bike_0': 'at_parking', 'bike_1': 'on_vehicle_en_route', 'bike_2': 'at_parking', 'bike_3': 'on_vehicle_en_route', 'bike_4': 'misplaced', 'bike_5': 'misplaced', 'bike_6': 'at_parking', 'bike_7': 'at_parking', 'bike_8': 'at_parking', 'bike_9': 'at_parking', 'bike_10': 'on_vehicle', 'bike_11': 'at_parking', 'bike_12': 'at_parking', 'bike_13': 'at_parking', 'bike_14': 'at_parking', 'bike_15': 'at_parking', 'bike_16': 'at_parking', 'bike_17': 'at_parking', 'bike_18': 'at_parking', 'bike_19': 'at_parking'}
2026-03-15 02:45:19,731 - DEBUG - Found 0 inactive bikes: []
2026-03-15 02:45:19,731 - DEBUG - Attempting to activate bikes at 910s.
2026-03-15 02:45:19,732 - DEBUG - all_bikes_state at 910s: {'bike_0': 'at_parking', 'bike_1': 'on_vehicle_en_route', 'bike_2': 'at_parking', 'bike_3': 'on_vehicle_en_route', 'bike_4': 'misplaced', 'bike_5': 'misplaced', 'bike_6': 'at_parking', 'bike_7': 'at_parking', 'bike_8': 'at_parking', 'bike_9': 'at_parking', 'bike_10': 'on_vehicle', 'bike_11': 'at_parking', 'bike_12': 'at_parking', 'bike_13': 'at_parking', 'bike_14': 'at_parking', 'bike_15': 'at_parking', 'bike_16': 'at_parking', 'bike_17': 'at_parking', 'bike_18': 'at_parking', 'bike_19': 'at_parking'}
2026-03-15 02:45:19,732 - DEBUG - Found 0 inactive bikes: []
2026-03-15 02:45:19,732 - DEBUG - Attempting to activate bikes at 915s.
2026-03-15 02:45:19,732 - DEBUG - all_bikes_state at 915s: {'bike_0': 'at_parking', 'bike_1': 'on_vehicle_en_route', 'bike_2': 'at_parking', 'bike_3': 'on_vehicle_en_route', 'bike_4': 'misplaced', 'bike_5': 'misplaced', 'bike_6': 'at_parking', 'bike_7': 'at_parking', 'bike_8': 'at_parking', 'bike_9': 'at_parking', 'bike_10': 'on_vehicle', 'bike_11': 'at_parking', 'bike_12': 'at_parking', 'bike_13': 'at_parking', 'bike_14': 'at_parking', 'bike_15': 'at_parking', 'bike_16': 'at_parking', 'bike_17': 'at_parking', 'bike_18': 'at_parking', 'bike_19': 'at_parking'}
2026-03-15 02:45:19,732 - DEBUG - Found 0 inactive bikes: []
2026-03-15 02:45:19,794 - DEBUG - Vehicle vehicle_2 assigned to drop off bike bike_3 at parking parking_1 (travel time: 51.00s).
2026-03-15 02:45:19,794 - DEBUG - Attempting to activate bikes at 920s.
2026-03-15 02:45:19,795 - DEBUG - all_bikes_state at 920s: {'bike_0': 'at_parking', 'bike_1': 'on_vehicle_en_route', 'bike_2': 'at_parking', 'bike_3': 'on_vehicle', 'bike_4': 'misplaced', 'bike_5': 'misplaced', 'bike_6': 'at_parking', 'bike_7': 'at_parking', 'bike_8': 'at_parking', 'bike_9': 'at_parking', 'bike_10': 'on_vehicle', 'bike_11': 'at_parking', 'bike_12': 'at_parking', 'bike_13': 'at_parking', 'bike_14': 'at_parking', 'bike_15': 'at_parking', 'bike_16': 'at_parking', 'bike_17': 'at_parking', 'bike_18': 'at_parking', 'bike_19': 'at_parking'}
2026-03-15 02:45:19,795 - DEBUG - Found 0 inactive bikes: []
2026-03-15 02:45:19,795 - DEBUG - Attempting to activate bikes at 925s.
2026-03-15 02:45:19,795 - DEBUG - all_bikes_state at 925s: {'bike_0': 'at_parking', 'bike_1': 'on_vehicle_en_route', 'bike_2': 'at_parking', 'bike_3': 'on_vehicle', 'bike_4': 'misplaced', 'bike_5': 'misplaced', 'bike_6': 'at_parking', 'bike_7': 'at_parking', 'bike_8': 'at_parking', 'bike_9': 'at_parking', 'bike_10': 'on_vehicle', 'bike_11': 'at_parking', 'bike_12': 'at_parking', 'bike_13': 'at_parking', 'bike_14': 'at_parking', 'bike_15': 'at_parking', 'bike_16': 'at_parking', 'bike_17': 'at_parking', 'bike_18': 'at_parking', 'bike_19': 'at_parking'}
2026-03-15 02:45:19,797 - DEBUG - Found 0 inactive bikes: []
2026-03-15 02:45:19,797 - DEBUG - Attempting to activate bikes at 930s.
2026-03-15 02:45:19,797 - DEBUG - all_bikes_state at 930s: {'bike_0': 'at_parking', 'bike_1': 'on_vehicle_en_route', 'bike_2': 'at_parking', 'bike_3': 'on_vehicle', 'bike_4': 'misplaced', 'bike_5': 'misplaced', 'bike_6': 'at_parking', 'bike_7': 'at_parking', 'bike_8': 'at_parking', 'bike_9': 'at_parking', 'bike_10': 'on_vehicle', 'bike_11': 'at_parking', 'bike_12': 'at_parking', 'bike_13': 'at_parking', 'bike_14': 'at_parking', 'bike_15': 'at_parking', 'bike_16': 'at_parking', 'bike_17': 'at_parking', 'bike_18': 'at_parking', 'bike_19': 'at_parking'}
2026-03-15 02:45:19,798 - DEBUG - Found 0 inactive bikes: []
2026-03-15 02:45:19,798 - DEBUG - Attempting to activate bikes at 935s.
2026-03-15 02:45:19,798 - DEBUG - all_bikes_state at 935s: {'bike_0': 'at_parking', 'bike_1': 'on_vehicle_en_route', 'bike_2': 'at_parking', 'bike_3': 'on_vehicle', 'bike_4': 'misplaced', 'bike_5': 'misplaced', 'bike_6': 'at_parking', 'bike_7': 'at_parking', 'bike_8': 'at_parking', 'bike_9': 'at_parking', 'bike_10': 'on_vehicle', 'bike_11': 'at_parking', 'bike_12': 'at_parking', 'bike_13': 'at_parking', 'bike_14': 'at_parking', 'bike_15': 'at_parking', 'bike_16': 'at_parking', 'bike_17': 'at_parking', 'bike_18': 'at_parking', 'bike_19': 'at_parking'}
2026-03-15 02:45:19,799 - DEBUG - Found 0 inactive bikes: []
2026-03-15 02:45:19,799 - DEBUG - Attempting to activate bikes at 940s.
2026-03-15 02:45:19,799 - DEBUG - all_bikes_state at 940s: {'bike_0': 'at_parking', 'bike_1': 'on_vehicle_en_route', 'bike_2': 'at_parking', 'bike_3': 'on_vehicle', 'bike_4': 'misplaced', 'bike_5': 'misplaced', 'bike_6': 'at_parking', 'bike_7': 'at_parking', 'bike_8': 'at_parking', 'bike_9': 'at_parking', 'bike_10': 'on_vehicle', 'bike_11': 'at_parking', 'bike_12': 'at_parking', 'bike_13': 'at_parking', 'bike_14': 'at_parking', 'bike_15': 'at_parking', 'bike_16': 'at_parking', 'bike_17': 'at_parking', 'bike_18': 'at_parking', 'bike_19': 'at_parking'}
2026-03-15 02:45:19,799 - DEBUG - Found 0 inactive bikes: []
2026-03-15 02:45:19,800 - DEBUG - Attempting to activate bikes at 945s.
2026-03-15 02:45:19,800 - DEBUG - all_bikes_state at 945s: {'bike_0': 'at_parking', 'bike_1': 'on_vehicle_en_route', 'bike_2': 'at_parking', 'bike_3': 'on_vehicle', 'bike_4': 'misplaced', 'bike_5': 'misplaced', 'bike_6': 'at_parking', 'bike_7': 'at_parking', 'bike_8': 'at_parking', 'bike_9': 'at_parking', 'bike_10': 'on_vehicle', 'bike_11': 'at_parking', 'bike_12': 'at_parking', 'bike_13': 'at_parking', 'bike_14': 'at_parking', 'bike_15': 'at_parking', 'bike_16': 'at_parking', 'bike_17': 'at_parking', 'bike_18': 'at_parking', 'bike_19': 'at_parking'}
2026-03-15 02:45:19,800 - DEBUG - Found 0 inactive bikes: []
2026-03-15 02:45:19,888 - DEBUG - Vehicle vehicle_0 assigned to pick up bike bike_4 (travel time: 100.00s).
2026-03-15 02:45:19,888 - DEBUG - Attempting to activate bikes at 950s.
2026-03-15 02:45:19,888 - DEBUG - all_bikes_state at 950s: {'bike_0': 'at_parking', 'bike_1': 'on_vehicle_en_route', 'bike_2': 'at_parking', 'bike_3': 'on_vehicle', 'bike_4': 'on_vehicle_en_route', 'bike_5': 'misplaced', 'bike_6': 'at_parking', 'bike_7': 'at_parking', 'bike_8': 'at_parking', 'bike_9': 'at_parking', 'bike_10': 'at_parking', 'bike_11': 'at_parking', 'bike_12': 'at_parking', 'bike_13': 'at_parking', 'bike_14': 'at_parking', 'bike_15': 'at_parking', 'bike_16': 'at_parking', 'bike_17': 'at_parking', 'bike_18': 'at_parking', 'bike_19': 'at_parking'}
2026-03-15 02:45:19,888 - DEBUG - Found 0 inactive bikes: []
2026-03-15 02:45:19,889 - DEBUG - Attempting to activate bikes at 955s.
2026-03-15 02:45:19,890 - DEBUG - all_bikes_state at 955s: {'bike_0': 'at_parking', 'bike_1': 'on_vehicle_en_route', 'bike_2': 'at_parking', 'bike_3': 'on_vehicle', 'bike_4': 'on_vehicle_en_route', 'bike_5': 'misplaced', 'bike_6': 'at_parking', 'bike_7': 'at_parking', 'bike_8': 'at_parking', 'bike_9': 'at_parking', 'bike_10': 'at_parking', 'bike_11': 'at_parking', 'bike_12': 'at_parking', 'bike_13': 'at_parking', 'bike_14': 'at_parking', 'bike_15': 'at_parking', 'bike_16': 'at_parking', 'bike_17': 'at_parking', 'bike_18': 'at_parking', 'bike_19': 'at_parking'}
2026-03-15 02:45:19,890 - DEBUG - Found 0 inactive bikes: []
2026-03-15 02:45:19,890 - DEBUG - Attempting to activate bikes at 960s.
2026-03-15 02:45:19,891 - DEBUG - all_bikes_state at 960s: {'bike_0': 'at_parking', 'bike_1': 'on_vehicle_en_route', 'bike_2': 'at_parking', 'bike_3': 'on_vehicle', 'bike_4': 'on_vehicle_en_route', 'bike_5': 'misplaced', 'bike_6': 'at_parking', 'bike_7': 'at_parking', 'bike_8': 'at_parking', 'bike_9': 'at_parking', 'bike_10': 'at_parking', 'bike_11': 'at_parking', 'bike_12': 'at_parking', 'bike_13': 'at_parking', 'bike_14': 'at_parking', 'bike_15': 'at_parking', 'bike_16': 'at_parking', 'bike_17': 'at_parking', 'bike_18': 'at_parking', 'bike_19': 'at_parking'}
2026-03-15 02:45:19,891 - DEBUG - Found 0 inactive bikes: []
2026-03-15 02:45:19,948 - DEBUG - Vehicle vehicle_1 assigned to drop off bike bike_1 at parking parking_1 (travel time: 51.00s).
2026-03-15 02:45:19,948 - DEBUG - Attempting to activate bikes at 965s.
2026-03-15 02:45:19,948 - DEBUG - all_bikes_state at 965s: {'bike_0': 'at_parking', 'bike_1': 'on_vehicle', 'bike_2': 'at_parking', 'bike_3': 'on_vehicle', 'bike_4': 'on_vehicle_en_route', 'bike_5': 'misplaced', 'bike_6': 'at_parking', 'bike_7': 'at_parking', 'bike_8': 'at_parking', 'bike_9': 'at_parking', 'bike_10': 'at_parking', 'bike_11': 'at_parking', 'bike_12': 'at_parking', 'bike_13': 'at_parking', 'bike_14': 'at_parking', 'bike_15': 'at_parking', 'bike_16': 'at_parking', 'bike_17': 'at_parking', 'bike_18': 'at_parking', 'bike_19': 'at_parking'}
2026-03-15 02:45:19,948 - DEBUG - Found 0 inactive bikes: []
2026-03-15 02:45:19,950 - DEBUG - Attempting to activate bikes at 970s.
2026-03-15 02:45:19,950 - DEBUG - all_bikes_state at 970s: {'bike_0': 'at_parking', 'bike_1': 'on_vehicle', 'bike_2': 'at_parking', 'bike_3': 'on_vehicle', 'bike_4': 'on_vehicle_en_route', 'bike_5': 'misplaced', 'bike_6': 'at_parking', 'bike_7': 'at_parking', 'bike_8': 'at_parking', 'bike_9': 'at_parking', 'bike_10': 'at_parking', 'bike_11': 'at_parking', 'bike_12': 'at_parking', 'bike_13': 'at_parking', 'bike_14': 'at_parking', 'bike_15': 'at_parking', 'bike_16': 'at_parking', 'bike_17': 'at_parking', 'bike_18': 'at_parking', 'bike_19': 'at_parking'}
2026-03-15 02:45:19,950 - DEBUG - Found 0 inactive bikes: []
2026-03-15 02:45:20,074 - DEBUG - Vehicle vehicle_2 assigned to pick up bike bike_5 (travel time: 105.00s).
2026-03-15 02:45:20,074 - DEBUG - Attempting to activate bikes at 975s.
2026-03-15 02:45:20,076 - DEBUG - all_bikes_state at 975s: {'bike_0': 'at_parking', 'bike_1': 'on_vehicle', 'bike_2': 'at_parking', 'bike_3': 'at_parking', 'bike_4': 'on_vehicle_en_route', 'bike_5': 'on_vehicle_en_route', 'bike_6': 'at_parking', 'bike_7': 'at_parking', 'bike_8': 'at_parking', 'bike_9': 'at_parking', 'bike_10': 'at_parking', 'bike_11': 'at_parking', 'bike_12': 'at_parking', 'bike_13': 'at_parking', 'bike_14': 'at_parking', 'bike_15': 'at_parking', 'bike_16': 'at_parking', 'bike_17': 'at_parking', 'bike_18': 'at_parking', 'bike_19': 'at_parking'}
2026-03-15 02:45:20,076 - DEBUG - Found 0 inactive bikes: []
2026-03-15 02:45:20,076 - DEBUG - Attempting to activate bikes at 980s.
2026-03-15 02:45:20,076 - DEBUG - all_bikes_state at 980s: {'bike_0': 'at_parking', 'bike_1': 'on_vehicle', 'bike_2': 'at_parking', 'bike_3': 'at_parking', 'bike_4': 'on_vehicle_en_route', 'bike_5': 'on_vehicle_en_route', 'bike_6': 'at_parking', 'bike_7': 'at_parking', 'bike_8': 'at_parking', 'bike_9': 'at_parking', 'bike_10': 'at_parking', 'bike_11': 'at_parking', 'bike_12': 'at_parking', 'bike_13': 'at_parking', 'bike_14': 'at_parking', 'bike_15': 'at_parking', 'bike_16': 'at_parking', 'bike_17': 'at_parking', 'bike_18': 'at_parking', 'bike_19': 'at_parking'}
2026-03-15 02:45:20,076 - DEBUG - Found 0 inactive bikes: []
2026-03-15 02:45:20,076 - DEBUG - Attempting to activate bikes at 985s.
2026-03-15 02:45:20,078 - DEBUG - all_bikes_state at 985s: {'bike_0': 'at_parking', 'bike_1': 'on_vehicle', 'bike_2': 'at_parking', 'bike_3': 'at_parking', 'bike_4': 'on_vehicle_en_route', 'bike_5': 'on_vehicle_en_route', 'bike_6': 'at_parking', 'bike_7': 'at_parking', 'bike_8': 'at_parking', 'bike_9': 'at_parking', 'bike_10': 'at_parking', 'bike_11': 'at_parking', 'bike_12': 'at_parking', 'bike_13': 'at_parking', 'bike_14': 'at_parking', 'bike_15': 'at_parking', 'bike_16': 'at_parking', 'bike_17': 'at_parking', 'bike_18': 'at_parking', 'bike_19': 'at_parking'}
2026-03-15 02:45:20,078 - DEBUG - Found 0 inactive bikes: []
2026-03-15 02:45:20,078 - DEBUG - Attempting to activate bikes at 990s.
2026-03-15 02:45:20,078 - DEBUG - all_bikes_state at 990s: {'bike_0': 'at_parking', 'bike_1': 'on_vehicle', 'bike_2': 'at_parking', 'bike_3': 'at_parking', 'bike_4': 'on_vehicle_en_route', 'bike_5': 'on_vehicle_en_route', 'bike_6': 'at_parking', 'bike_7': 'at_parking', 'bike_8': 'at_parking', 'bike_9': 'at_parking', 'bike_10': 'at_parking', 'bike_11': 'at_parking', 'bike_12': 'at_parking', 'bike_13': 'at_parking', 'bike_14': 'at_parking', 'bike_15': 'at_parking', 'bike_16': 'at_parking', 'bike_17': 'at_parking', 'bike_18': 'at_parking', 'bike_19': 'at_parking'}
2026-03-15 02:45:20,078 - DEBUG - Found 0 inactive bikes: []
2026-03-15 02:45:20,079 - DEBUG - Attempting to activate bikes at 995s.
2026-03-15 02:45:20,079 - DEBUG - all_bikes_state at 995s: {'bike_0': 'at_parking', 'bike_1': 'on_vehicle', 'bike_2': 'at_parking', 'bike_3': 'at_parking', 'bike_4': 'on_vehicle_en_route', 'bike_5': 'on_vehicle_en_route', 'bike_6': 'at_parking', 'bike_7': 'at_parking', 'bike_8': 'at_parking', 'bike_9': 'at_parking', 'bike_10': 'at_parking', 'bike_11': 'at_parking', 'bike_12': 'at_parking', 'bike_13': 'at_parking', 'bike_14': 'at_parking', 'bike_15': 'at_parking', 'bike_16': 'at_parking', 'bike_17': 'at_parking', 'bike_18': 'at_parking', 'bike_19': 'at_parking'}
2026-03-15 02:45:20,079 - DEBUG - Found 0 inactive bikes: []
2026-03-15 02:45:20,079 - DEBUG - Attempting to activate bikes at 1000s.
2026-03-15 02:45:20,079 - DEBUG - all_bikes_state at 1000s: {'bike_0': 'at_parking', 'bike_1': 'on_vehicle', 'bike_2': 'at_parking', 'bike_3': 'at_parking', 'bike_4': 'on_vehicle_en_route', 'bike_5': 'on_vehicle_en_route', 'bike_6': 'at_parking', 'bike_7': 'at_parking', 'bike_8': 'at_parking', 'bike_9': 'at_parking', 'bike_10': 'at_parking', 'bike_11': 'at_parking', 'bike_12': 'at_parking', 'bike_13': 'at_parking', 'bike_14': 'at_parking', 'bike_15': 'at_parking', 'bike_16': 'at_parking', 'bike_17': 'at_parking', 'bike_18': 'at_parking', 'bike_19': 'at_parking'}
2026-03-15 02:45:20,079 - DEBUG - Found 0 inactive bikes: []
2026-03-15 02:45:20,079 - DEBUG - Attempting to activate bikes at 1005s.
2026-03-15 02:45:20,079 - DEBUG - all_bikes_state at 1005s: {'bike_0': 'at_parking', 'bike_1': 'on_vehicle', 'bike_2': 'at_parking', 'bike_3': 'at_parking', 'bike_4': 'on_vehicle_en_route', 'bike_5': 'on_vehicle_en_route', 'bike_6': 'at_parking', 'bike_7': 'at_parking', 'bike_8': 'at_parking', 'bike_9': 'at_parking', 'bike_10': 'at_parking', 'bike_11': 'at_parking', 'bike_12': 'at_parking', 'bike_13': 'at_parking', 'bike_14': 'at_parking', 'bike_15': 'at_parking', 'bike_16': 'at_parking', 'bike_17': 'at_parking', 'bike_18': 'at_parking', 'bike_19': 'at_parking'}
2026-03-15 02:45:20,081 - DEBUG - Found 0 inactive bikes: []
2026-03-15 02:45:20,081 - DEBUG - Attempting to activate bikes at 1010s.
2026-03-15 02:45:20,081 - DEBUG - all_bikes_state at 1010s: {'bike_0': 'at_parking', 'bike_1': 'on_vehicle', 'bike_2': 'at_parking', 'bike_3': 'at_parking', 'bike_4': 'on_vehicle_en_route', 'bike_5': 'on_vehicle_en_route', 'bike_6': 'at_parking', 'bike_7': 'at_parking', 'bike_8': 'at_parking', 'bike_9': 'at_parking', 'bike_10': 'at_parking', 'bike_11': 'at_parking', 'bike_12': 'at_parking', 'bike_13': 'at_parking', 'bike_14': 'at_parking', 'bike_15': 'at_parking', 'bike_16': 'at_parking', 'bike_17': 'at_parking', 'bike_18': 'at_parking', 'bike_19': 'at_parking'}
2026-03-15 02:45:20,081 - DEBUG - Found 0 inactive bikes: []
2026-03-15 02:45:20,082 - DEBUG - Attempting to activate bikes at 1015s.
2026-03-15 02:45:20,082 - DEBUG - all_bikes_state at 1015s: {'bike_0': 'at_parking', 'bike_1': 'on_vehicle', 'bike_2': 'at_parking', 'bike_3': 'at_parking', 'bike_4': 'on_vehicle_en_route', 'bike_5': 'on_vehicle_en_route', 'bike_6': 'at_parking', 'bike_7': 'at_parking', 'bike_8': 'at_parking', 'bike_9': 'at_parking', 'bike_10': 'at_parking', 'bike_11': 'at_parking', 'bike_12': 'at_parking', 'bike_13': 'at_parking', 'bike_14': 'at_parking', 'bike_15': 'at_parking', 'bike_16': 'at_parking', 'bike_17': 'at_parking', 'bike_18': 'at_parking', 'bike_19': 'at_parking'}
2026-03-15 02:45:20,082 - DEBUG - Found 0 inactive bikes: []
2026-03-15 02:45:20,100 - DEBUG - Vehicle vehicle_1 has no bike and no available misplaced bikes with valid routes.
2026-03-15 02:45:20,115 - DEBUG - Vehicle vehicle_1 assigned to reposition to parking parking_2 (travel time: 74.00s).
2026-03-15 02:45:20,115 - DEBUG - Attempting to activate bikes at 1020s.
2026-03-15 02:45:20,115 - DEBUG - all_bikes_state at 1020s: {'bike_0': 'at_parking', 'bike_1': 'at_parking', 'bike_2': 'at_parking', 'bike_3': 'at_parking', 'bike_4': 'on_vehicle_en_route', 'bike_5': 'on_vehicle_en_route', 'bike_6': 'at_parking', 'bike_7': 'at_parking', 'bike_8': 'at_parking', 'bike_9': 'at_parking', 'bike_10': 'at_parking', 'bike_11': 'at_parking', 'bike_12': 'at_parking', 'bike_13': 'at_parking', 'bike_14': 'at_parking', 'bike_15': 'at_parking', 'bike_16': 'at_parking', 'bike_17': 'at_parking', 'bike_18': 'at_parking', 'bike_19': 'at_parking'}
2026-03-15 02:45:20,116 - DEBUG - Found 0 inactive bikes: []
2026-03-15 02:45:20,116 - DEBUG - Attempting to activate bikes at 1025s.
2026-03-15 02:45:20,116 - DEBUG - all_bikes_state at 1025s: {'bike_0': 'at_parking', 'bike_1': 'at_parking', 'bike_2': 'at_parking', 'bike_3': 'at_parking', 'bike_4': 'on_vehicle_en_route', 'bike_5': 'on_vehicle_en_route', 'bike_6': 'at_parking', 'bike_7': 'at_parking', 'bike_8': 'at_parking', 'bike_9': 'at_parking', 'bike_10': 'at_parking', 'bike_11': 'at_parking', 'bike_12': 'at_parking', 'bike_13': 'at_parking', 'bike_14': 'at_parking', 'bike_15': 'at_parking', 'bike_16': 'at_parking', 'bike_17': 'at_parking', 'bike_18': 'at_parking', 'bike_19': 'at_parking'}
2026-03-15 02:45:20,116 - DEBUG - Found 0 inactive bikes: []
2026-03-15 02:45:20,116 - DEBUG - Attempting to activate bikes at 1030s.
2026-03-15 02:45:20,118 - DEBUG - all_bikes_state at 1030s: {'bike_0': 'at_parking', 'bike_1': 'at_parking', 'bike_2': 'at_parking', 'bike_3': 'at_parking', 'bike_4': 'on_vehicle_en_route', 'bike_5': 'on_vehicle_en_route', 'bike_6': 'at_parking', 'bike_7': 'at_parking', 'bike_8': 'at_parking', 'bike_9': 'at_parking', 'bike_10': 'at_parking', 'bike_11': 'at_parking', 'bike_12': 'at_parking', 'bike_13': 'at_parking', 'bike_14': 'at_parking', 'bike_15': 'at_parking', 'bike_16': 'at_parking', 'bike_17': 'at_parking', 'bike_18': 'at_parking', 'bike_19': 'at_parking'}
2026-03-15 02:45:20,118 - DEBUG - Found 0 inactive bikes: []
2026-03-15 02:45:20,118 - DEBUG - Attempting to activate bikes at 1035s.
2026-03-15 02:45:20,118 - DEBUG - all_bikes_state at 1035s: {'bike_0': 'at_parking', 'bike_1': 'at_parking', 'bike_2': 'at_parking', 'bike_3': 'at_parking', 'bike_4': 'on_vehicle_en_route', 'bike_5': 'on_vehicle_en_route', 'bike_6': 'at_parking', 'bike_7': 'at_parking', 'bike_8': 'at_parking', 'bike_9': 'at_parking', 'bike_10': 'at_parking', 'bike_11': 'at_parking', 'bike_12': 'at_parking', 'bike_13': 'at_parking', 'bike_14': 'at_parking', 'bike_15': 'at_parking', 'bike_16': 'at_parking', 'bike_17': 'at_parking', 'bike_18': 'at_parking', 'bike_19': 'at_parking'}
2026-03-15 02:45:20,118 - DEBUG - Found 0 inactive bikes: []
2026-03-15 02:45:20,119 - DEBUG - Attempting to activate bikes at 1040s.
2026-03-15 02:45:20,119 - DEBUG - all_bikes_state at 1040s: {'bike_0': 'at_parking', 'bike_1': 'at_parking', 'bike_2': 'at_parking', 'bike_3': 'at_parking', 'bike_4': 'on_vehicle_en_route', 'bike_5': 'on_vehicle_en_route', 'bike_6': 'at_parking', 'bike_7': 'at_parking', 'bike_8': 'at_parking', 'bike_9': 'at_parking', 'bike_10': 'at_parking', 'bike_11': 'at_parking', 'bike_12': 'at_parking', 'bike_13': 'at_parking', 'bike_14': 'at_parking', 'bike_15': 'at_parking', 'bike_16': 'at_parking', 'bike_17': 'at_parking', 'bike_18': 'at_parking', 'bike_19': 'at_parking'}
2026-03-15 02:45:20,119 - DEBUG - Found 0 inactive bikes: []
2026-03-15 02:45:20,119 - DEBUG - Attempting to activate bikes at 1045s.
2026-03-15 02:45:20,119 - DEBUG - all_bikes_state at 1045s: {'bike_0': 'at_parking', 'bike_1': 'at_parking', 'bike_2': 'at_parking', 'bike_3': 'at_parking', 'bike_4': 'on_vehicle_en_route', 'bike_5': 'on_vehicle_en_route', 'bike_6': 'at_parking', 'bike_7': 'at_parking', 'bike_8': 'at_parking', 'bike_9': 'at_parking', 'bike_10': 'at_parking', 'bike_11': 'at_parking', 'bike_12': 'at_parking', 'bike_13': 'at_parking', 'bike_14': 'at_parking', 'bike_15': 'at_parking', 'bike_16': 'at_parking', 'bike_17': 'at_parking', 'bike_18': 'at_parking', 'bike_19': 'at_parking'}
2026-03-15 02:45:20,119 - DEBUG - Found 0 inactive bikes: []
2026-03-15 02:45:20,121 - DEBUG - Attempting to activate bikes at 1050s.
2026-03-15 02:45:20,121 - DEBUG - all_bikes_state at 1050s: {'bike_0': 'at_parking', 'bike_1': 'at_parking', 'bike_2': 'at_parking', 'bike_3': 'at_parking', 'bike_4': 'on_vehicle_en_route', 'bike_5': 'on_vehicle_en_route', 'bike_6': 'at_parking', 'bike_7': 'at_parking', 'bike_8': 'at_parking', 'bike_9': 'at_parking', 'bike_10': 'at_parking', 'bike_11': 'at_parking', 'bike_12': 'at_parking', 'bike_13': 'at_parking', 'bike_14': 'at_parking', 'bike_15': 'at_parking', 'bike_16': 'at_parking', 'bike_17': 'at_parking', 'bike_18': 'at_parking', 'bike_19': 'at_parking'}
2026-03-15 02:45:20,121 - DEBUG - Found 0 inactive bikes: []
2026-03-15 02:45:20,181 - DEBUG - Vehicle vehicle_0 assigned to drop off bike bike_4 at parking parking_1 (travel time: 51.00s).
2026-03-15 02:45:20,181 - DEBUG - Attempting to activate bikes at 1055s.
2026-03-15 02:45:20,181 - DEBUG - all_bikes_state at 1055s: {'bike_0': 'at_parking', 'bike_1': 'at_parking', 'bike_2': 'at_parking', 'bike_3': 'at_parking', 'bike_4': 'on_vehicle', 'bike_5': 'on_vehicle_en_route', 'bike_6': 'at_parking', 'bike_7': 'at_parking', 'bike_8': 'at_parking', 'bike_9': 'at_parking', 'bike_10': 'at_parking', 'bike_11': 'at_parking', 'bike_12': 'at_parking', 'bike_13': 'at_parking', 'bike_14': 'at_parking', 'bike_15': 'at_parking', 'bike_16': 'at_parking', 'bike_17': 'at_parking', 'bike_18': 'at_parking', 'bike_19': 'at_parking'}
2026-03-15 02:45:20,182 - DEBUG - Found 0 inactive bikes: []
2026-03-15 02:45:20,183 - DEBUG - Attempting to activate bikes at 1060s.
2026-03-15 02:45:20,183 - DEBUG - all_bikes_state at 1060s: {'bike_0': 'at_parking', 'bike_1': 'at_parking', 'bike_2': 'at_parking', 'bike_3': 'at_parking', 'bike_4': 'on_vehicle', 'bike_5': 'on_vehicle_en_route', 'bike_6': 'at_parking', 'bike_7': 'at_parking', 'bike_8': 'at_parking', 'bike_9': 'at_parking', 'bike_10': 'at_parking', 'bike_11': 'at_parking', 'bike_12': 'at_parking', 'bike_13': 'at_parking', 'bike_14': 'at_parking', 'bike_15': 'at_parking', 'bike_16': 'at_parking', 'bike_17': 'at_parking', 'bike_18': 'at_parking', 'bike_19': 'at_parking'}
2026-03-15 02:45:20,183 - DEBUG - Found 0 inactive bikes: []
2026-03-15 02:45:20,183 - DEBUG - Attempting to activate bikes at 1065s.
2026-03-15 02:45:20,184 - DEBUG - all_bikes_state at 1065s: {'bike_0': 'at_parking', 'bike_1': 'at_parking', 'bike_2': 'at_parking', 'bike_3': 'at_parking', 'bike_4': 'on_vehicle', 'bike_5': 'on_vehicle_en_route', 'bike_6': 'at_parking', 'bike_7': 'at_parking', 'bike_8': 'at_parking', 'bike_9': 'at_parking', 'bike_10': 'at_parking', 'bike_11': 'at_parking', 'bike_12': 'at_parking', 'bike_13': 'at_parking', 'bike_14': 'at_parking', 'bike_15': 'at_parking', 'bike_16': 'at_parking', 'bike_17': 'at_parking', 'bike_18': 'at_parking', 'bike_19': 'at_parking'}
2026-03-15 02:45:20,184 - DEBUG - Found 0 inactive bikes: []
2026-03-15 02:45:20,184 - DEBUG - Attempting to activate bikes at 1070s.
2026-03-15 02:45:20,184 - DEBUG - all_bikes_state at 1070s: {'bike_0': 'at_parking', 'bike_1': 'at_parking', 'bike_2': 'at_parking', 'bike_3': 'at_parking', 'bike_4': 'on_vehicle', 'bike_5': 'on_vehicle_en_route', 'bike_6': 'at_parking', 'bike_7': 'at_parking', 'bike_8': 'at_parking', 'bike_9': 'at_parking', 'bike_10': 'at_parking', 'bike_11': 'at_parking', 'bike_12': 'at_parking', 'bike_13': 'at_parking', 'bike_14': 'at_parking', 'bike_15': 'at_parking', 'bike_16': 'at_parking', 'bike_17': 'at_parking', 'bike_18': 'at_parking', 'bike_19': 'at_parking'}
2026-03-15 02:45:20,184 - DEBUG - Found 0 inactive bikes: []
2026-03-15 02:45:20,184 - DEBUG - Attempting to activate bikes at 1075s.
2026-03-15 02:45:20,186 - DEBUG - all_bikes_state at 1075s: {'bike_0': 'at_parking', 'bike_1': 'at_parking', 'bike_2': 'at_parking', 'bike_3': 'at_parking', 'bike_4': 'on_vehicle', 'bike_5': 'on_vehicle_en_route', 'bike_6': 'at_parking', 'bike_7': 'at_parking', 'bike_8': 'at_parking', 'bike_9': 'at_parking', 'bike_10': 'at_parking', 'bike_11': 'at_parking', 'bike_12': 'at_parking', 'bike_13': 'at_parking', 'bike_14': 'at_parking', 'bike_15': 'at_parking', 'bike_16': 'at_parking', 'bike_17': 'at_parking', 'bike_18': 'at_parking', 'bike_19': 'at_parking'}
2026-03-15 02:45:20,186 - DEBUG - Found 0 inactive bikes: []
2026-03-15 02:45:20,245 - DEBUG - Vehicle vehicle_2 assigned to drop off bike bike_5 at parking parking_1 (travel time: 51.00s).
2026-03-15 02:45:20,245 - DEBUG - Attempting to activate bikes at 1080s.
2026-03-15 02:45:20,245 - DEBUG - all_bikes_state at 1080s: {'bike_0': 'at_parking', 'bike_1': 'at_parking', 'bike_2': 'at_parking', 'bike_3': 'at_parking', 'bike_4': 'on_vehicle', 'bike_5': 'on_vehicle', 'bike_6': 'at_parking', 'bike_7': 'at_parking', 'bike_8': 'at_parking', 'bike_9': 'at_parking', 'bike_10': 'at_parking', 'bike_11': 'at_parking', 'bike_12': 'at_parking', 'bike_13': 'at_parking', 'bike_14': 'at_parking', 'bike_15': 'at_parking', 'bike_16': 'at_parking', 'bike_17': 'at_parking', 'bike_18': 'at_parking', 'bike_19': 'at_parking'}
2026-03-15 02:45:20,246 - DEBUG - Found 0 inactive bikes: []
2026-03-15 02:45:20,246 - DEBUG - Attempting to activate bikes at 1085s.
2026-03-15 02:45:20,246 - DEBUG - all_bikes_state at 1085s: {'bike_0': 'at_parking', 'bike_1': 'at_parking', 'bike_2': 'at_parking', 'bike_3': 'at_parking', 'bike_4': 'on_vehicle', 'bike_5': 'on_vehicle', 'bike_6': 'at_parking', 'bike_7': 'at_parking', 'bike_8': 'at_parking', 'bike_9': 'at_parking', 'bike_10': 'at_parking', 'bike_11': 'at_parking', 'bike_12': 'at_parking', 'bike_13': 'at_parking', 'bike_14': 'at_parking', 'bike_15': 'at_parking', 'bike_16': 'at_parking', 'bike_17': 'at_parking', 'bike_18': 'at_parking', 'bike_19': 'at_parking'}
2026-03-15 02:45:20,246 - DEBUG - Found 0 inactive bikes: []
2026-03-15 02:45:20,247 - DEBUG - Attempting to activate bikes at 1090s.
2026-03-15 02:45:20,247 - DEBUG - all_bikes_state at 1090s: {'bike_0': 'at_parking', 'bike_1': 'at_parking', 'bike_2': 'at_parking', 'bike_3': 'at_parking', 'bike_4': 'on_vehicle', 'bike_5': 'on_vehicle', 'bike_6': 'at_parking', 'bike_7': 'at_parking', 'bike_8': 'at_parking', 'bike_9': 'at_parking', 'bike_10': 'at_parking', 'bike_11': 'at_parking', 'bike_12': 'at_parking', 'bike_13': 'at_parking', 'bike_14': 'at_parking', 'bike_15': 'at_parking', 'bike_16': 'at_parking', 'bike_17': 'at_parking', 'bike_18': 'at_parking', 'bike_19': 'at_parking'}
2026-03-15 02:45:20,247 - DEBUG - Found 0 inactive bikes: []
2026-03-15 02:45:20,267 - DEBUG - Vehicle vehicle_1 has no bike and no available misplaced bikes with valid routes.
2026-03-15 02:45:20,276 - DEBUG - Vehicle vehicle_1 assigned to reposition to parking parking_1 (travel time: 51.00s).
2026-03-15 02:45:20,276 - DEBUG - Attempting to activate bikes at 1095s.
2026-03-15 02:45:20,278 - DEBUG - all_bikes_state at 1095s: {'bike_0': 'at_parking', 'bike_1': 'at_parking', 'bike_2': 'at_parking', 'bike_3': 'at_parking', 'bike_4': 'on_vehicle', 'bike_5': 'on_vehicle', 'bike_6': 'at_parking', 'bike_7': 'at_parking', 'bike_8': 'at_parking', 'bike_9': 'at_parking', 'bike_10': 'at_parking', 'bike_11': 'at_parking', 'bike_12': 'at_parking', 'bike_13': 'at_parking', 'bike_14': 'at_parking', 'bike_15': 'at_parking', 'bike_16': 'at_parking', 'bike_17': 'at_parking', 'bike_18': 'at_parking', 'bike_19': 'at_parking'}
2026-03-15 02:45:20,278 - DEBUG - Found 0 inactive bikes: []
2026-03-15 02:45:20,278 - DEBUG - Attempting to activate bikes at 1100s.
2026-03-15 02:45:20,278 - DEBUG - all_bikes_state at 1100s: {'bike_0': 'at_parking', 'bike_1': 'at_parking', 'bike_2': 'at_parking', 'bike_3': 'at_parking', 'bike_4': 'on_vehicle', 'bike_5': 'on_vehicle', 'bike_6': 'at_parking', 'bike_7': 'at_parking', 'bike_8': 'at_parking', 'bike_9': 'at_parking', 'bike_10': 'at_parking', 'bike_11': 'at_parking', 'bike_12': 'at_parking', 'bike_13': 'at_parking', 'bike_14': 'at_parking', 'bike_15': 'at_parking', 'bike_16': 'at_parking', 'bike_17': 'at_parking', 'bike_18': 'at_parking', 'bike_19': 'at_parking'}
2026-03-15 02:45:20,278 - DEBUG - Found 0 inactive bikes: []
2026-03-15 02:45:20,279 - DEBUG - Attempting to activate bikes at 1105s.
2026-03-15 02:45:20,279 - DEBUG - all_bikes_state at 1105s: {'bike_0': 'at_parking', 'bike_1': 'at_parking', 'bike_2': 'at_parking', 'bike_3': 'at_parking', 'bike_4': 'on_vehicle', 'bike_5': 'on_vehicle', 'bike_6': 'at_parking', 'bike_7': 'at_parking', 'bike_8': 'at_parking', 'bike_9': 'at_parking', 'bike_10': 'at_parking', 'bike_11': 'at_parking', 'bike_12': 'at_parking', 'bike_13': 'at_parking', 'bike_14': 'at_parking', 'bike_15': 'at_parking', 'bike_16': 'at_parking', 'bike_17': 'at_parking', 'bike_18': 'at_parking', 'bike_19': 'at_parking'}
2026-03-15 02:45:20,279 - DEBUG - Found 0 inactive bikes: []
2026-03-15 02:45:20,297 - DEBUG - Vehicle vehicle_0 has no bike and no available misplaced bikes with valid routes.
2026-03-15 02:45:20,308 - DEBUG - Vehicle vehicle_0 assigned to reposition to parking parking_1 (travel time: 51.00s).
2026-03-15 02:45:20,308 - DEBUG - Attempting to activate bikes at 1110s.
2026-03-15 02:45:20,308 - DEBUG - all_bikes_state at 1110s: {'bike_0': 'at_parking', 'bike_1': 'at_parking', 'bike_2': 'at_parking', 'bike_3': 'at_parking', 'bike_4': 'at_parking', 'bike_5': 'on_vehicle', 'bike_6': 'at_parking', 'bike_7': 'at_parking', 'bike_8': 'at_parking', 'bike_9': 'at_parking', 'bike_10': 'at_parking', 'bike_11': 'at_parking', 'bike_12': 'at_parking', 'bike_13': 'at_parking', 'bike_14': 'at_parking', 'bike_15': 'at_parking', 'bike_16': 'at_parking', 'bike_17': 'at_parking', 'bike_18': 'at_parking', 'bike_19': 'at_parking'}
2026-03-15 02:45:20,309 - DEBUG - Found 0 inactive bikes: []
2026-03-15 02:45:20,309 - DEBUG - Attempting to activate bikes at 1115s.
2026-03-15 02:45:20,309 - DEBUG - all_bikes_state at 1115s: {'bike_0': 'at_parking', 'bike_1': 'at_parking', 'bike_2': 'at_parking', 'bike_3': 'at_parking', 'bike_4': 'at_parking', 'bike_5': 'on_vehicle', 'bike_6': 'at_parking', 'bike_7': 'at_parking', 'bike_8': 'at_parking', 'bike_9': 'at_parking', 'bike_10': 'at_parking', 'bike_11': 'at_parking', 'bike_12': 'at_parking', 'bike_13': 'at_parking', 'bike_14': 'at_parking', 'bike_15': 'at_parking', 'bike_16': 'at_parking', 'bike_17': 'at_parking', 'bike_18': 'at_parking', 'bike_19': 'at_parking'}
2026-03-15 02:45:20,309 - DEBUG - Found 0 inactive bikes: []
2026-03-15 02:45:20,309 - DEBUG - Attempting to activate bikes at 1120s.
2026-03-15 02:45:20,309 - DEBUG - all_bikes_state at 1120s: {'bike_0': 'at_parking', 'bike_1': 'at_parking', 'bike_2': 'at_parking', 'bike_3': 'at_parking', 'bike_4': 'at_parking', 'bike_5': 'on_vehicle', 'bike_6': 'at_parking', 'bike_7': 'at_parking', 'bike_8': 'at_parking', 'bike_9': 'at_parking', 'bike_10': 'at_parking', 'bike_11': 'at_parking', 'bike_12': 'at_parking', 'bike_13': 'at_parking', 'bike_14': 'at_parking', 'bike_15': 'at_parking', 'bike_16': 'at_parking', 'bike_17': 'at_parking', 'bike_18': 'at_parking', 'bike_19': 'at_parking'}
2026-03-15 02:45:20,309 - DEBUG - Found 0 inactive bikes: []
2026-03-15 02:45:20,311 - DEBUG - Attempting to activate bikes at 1125s.
2026-03-15 02:45:20,311 - DEBUG - all_bikes_state at 1125s: {'bike_0': 'at_parking', 'bike_1': 'at_parking', 'bike_2': 'at_parking', 'bike_3': 'at_parking', 'bike_4': 'at_parking', 'bike_5': 'on_vehicle', 'bike_6': 'at_parking', 'bike_7': 'at_parking', 'bike_8': 'at_parking', 'bike_9': 'at_parking', 'bike_10': 'at_parking', 'bike_11': 'at_parking', 'bike_12': 'at_parking', 'bike_13': 'at_parking', 'bike_14': 'at_parking', 'bike_15': 'at_parking', 'bike_16': 'at_parking', 'bike_17': 'at_parking', 'bike_18': 'at_parking', 'bike_19': 'at_parking'}
2026-03-15 02:45:20,311 - DEBUG - Found 0 inactive bikes: []
2026-03-15 02:45:20,313 - DEBUG - Attempting to activate bikes at 1130s.
2026-03-15 02:45:20,313 - DEBUG - all_bikes_state at 1130s: {'bike_0': 'at_parking', 'bike_1': 'at_parking', 'bike_2': 'at_parking', 'bike_3': 'at_parking', 'bike_4': 'at_parking', 'bike_5': 'on_vehicle', 'bike_6': 'at_parking', 'bike_7': 'at_parking', 'bike_8': 'at_parking', 'bike_9': 'at_parking', 'bike_10': 'at_parking', 'bike_11': 'at_parking', 'bike_12': 'at_parking', 'bike_13': 'at_parking', 'bike_14': 'at_parking', 'bike_15': 'at_parking', 'bike_16': 'at_parking', 'bike_17': 'at_parking', 'bike_18': 'at_parking', 'bike_19': 'at_parking'}
2026-03-15 02:45:20,313 - DEBUG - Found 0 inactive bikes: []
2026-03-15 02:45:20,405 - DEBUG - Vehicle vehicle_2 has no bike and no available misplaced bikes with valid routes.
2026-03-15 02:45:20,414 - DEBUG - Vehicle vehicle_2 assigned to reposition to parking parking_1 (travel time: 51.00s).
2026-03-15 02:45:20,416 - DEBUG - Attempting to activate bikes at 1135s.
2026-03-15 02:45:20,416 - DEBUG - all_bikes_state at 1135s: {'bike_0': 'at_parking', 'bike_1': 'at_parking', 'bike_2': 'at_parking', 'bike_3': 'at_parking', 'bike_4': 'at_parking', 'bike_5': 'at_parking', 'bike_6': 'at_parking', 'bike_7': 'at_parking', 'bike_8': 'at_parking', 'bike_9': 'at_parking', 'bike_10': 'at_parking', 'bike_11': 'at_parking', 'bike_12': 'at_parking', 'bike_13': 'at_parking', 'bike_14': 'at_parking', 'bike_15': 'at_parking', 'bike_16': 'at_parking', 'bike_17': 'at_parking', 'bike_18': 'at_parking', 'bike_19': 'at_parking'}
2026-03-15 02:45:20,416 - DEBUG - Found 0 inactive bikes: []
2026-03-15 02:45:20,417 - DEBUG - Attempting to activate bikes at 1140s.
2026-03-15 02:45:20,417 - DEBUG - all_bikes_state at 1140s: {'bike_0': 'at_parking', 'bike_1': 'at_parking', 'bike_2': 'at_parking', 'bike_3': 'at_parking', 'bike_4': 'at_parking', 'bike_5': 'at_parking', 'bike_6': 'at_parking', 'bike_7': 'at_parking', 'bike_8': 'at_parking', 'bike_9': 'at_parking', 'bike_10': 'at_parking', 'bike_11': 'at_parking', 'bike_12': 'at_parking', 'bike_13': 'at_parking', 'bike_14': 'at_parking', 'bike_15': 'at_parking', 'bike_16': 'at_parking', 'bike_17': 'at_parking', 'bike_18': 'at_parking', 'bike_19': 'at_parking'}
2026-03-15 02:45:20,417 - DEBUG - Found 0 inactive bikes: []
2026-03-15 02:45:20,417 - DEBUG - Attempting to activate bikes at 1145s.
2026-03-15 02:45:20,417 - DEBUG - all_bikes_state at 1145s: {'bike_0': 'at_parking', 'bike_1': 'at_parking', 'bike_2': 'at_parking', 'bike_3': 'at_parking', 'bike_4': 'at_parking', 'bike_5': 'at_parking', 'bike_6': 'at_parking', 'bike_7': 'at_parking', 'bike_8': 'at_parking', 'bike_9': 'at_parking', 'bike_10': 'at_parking', 'bike_11': 'at_parking', 'bike_12': 'at_parking', 'bike_13': 'at_parking', 'bike_14': 'at_parking', 'bike_15': 'at_parking', 'bike_16': 'at_parking', 'bike_17': 'at_parking', 'bike_18': 'at_parking', 'bike_19': 'at_parking'}
2026-03-15 02:45:20,418 - DEBUG - Found 0 inactive bikes: []
2026-03-15 02:45:20,436 - DEBUG - Vehicle vehicle_1 has no bike and no available misplaced bikes with valid routes.
2026-03-15 02:45:20,447 - DEBUG - Vehicle vehicle_1 assigned to reposition to parking parking_2 (travel time: 74.00s).
2026-03-15 02:45:20,449 - DEBUG - Attempting to activate bikes at 1150s.
2026-03-15 02:45:20,449 - DEBUG - all_bikes_state at 1150s: {'bike_0': 'at_parking', 'bike_1': 'at_parking', 'bike_2': 'at_parking', 'bike_3': 'at_parking', 'bike_4': 'at_parking', 'bike_5': 'at_parking', 'bike_6': 'at_parking', 'bike_7': 'at_parking', 'bike_8': 'at_parking', 'bike_9': 'at_parking', 'bike_10': 'at_parking', 'bike_11': 'at_parking', 'bike_12': 'at_parking', 'bike_13': 'at_parking', 'bike_14': 'at_parking', 'bike_15': 'at_parking', 'bike_16': 'at_parking', 'bike_17': 'at_parking', 'bike_18': 'at_parking', 'bike_19': 'at_parking'}
2026-03-15 02:45:20,449 - DEBUG - Found 0 inactive bikes: []
2026-03-15 02:45:20,451 - DEBUG - Attempting to activate bikes at 1155s.
2026-03-15 02:45:20,451 - DEBUG - all_bikes_state at 1155s: {'bike_0': 'at_parking', 'bike_1': 'at_parking', 'bike_2': 'at_parking', 'bike_3': 'at_parking', 'bike_4': 'at_parking', 'bike_5': 'at_parking', 'bike_6': 'at_parking', 'bike_7': 'at_parking', 'bike_8': 'at_parking', 'bike_9': 'at_parking', 'bike_10': 'at_parking', 'bike_11': 'at_parking', 'bike_12': 'at_parking', 'bike_13': 'at_parking', 'bike_14': 'at_parking', 'bike_15': 'at_parking', 'bike_16': 'at_parking', 'bike_17': 'at_parking', 'bike_18': 'at_parking', 'bike_19': 'at_parking'}
2026-03-15 02:45:20,451 - DEBUG - Found 0 inactive bikes: []
2026-03-15 02:45:20,451 - DEBUG - Attempting to activate bikes at 1160s.
2026-03-15 02:45:20,451 - DEBUG - all_bikes_state at 1160s: {'bike_0': 'at_parking', 'bike_1': 'at_parking', 'bike_2': 'at_parking', 'bike_3': 'at_parking', 'bike_4': 'at_parking', 'bike_5': 'at_parking', 'bike_6': 'at_parking', 'bike_7': 'at_parking', 'bike_8': 'at_parking', 'bike_9': 'at_parking', 'bike_10': 'at_parking', 'bike_11': 'at_parking', 'bike_12': 'at_parking', 'bike_13': 'at_parking', 'bike_14': 'at_parking', 'bike_15': 'at_parking', 'bike_16': 'at_parking', 'bike_17': 'at_parking', 'bike_18': 'at_parking', 'bike_19': 'at_parking'}
2026-03-15 02:45:20,451 - DEBUG - Found 0 inactive bikes: []
2026-03-15 02:45:20,469 - DEBUG - Vehicle vehicle_0 has no bike and no available misplaced bikes with valid routes.
2026-03-15 02:45:20,484 - DEBUG - Vehicle vehicle_0 assigned to reposition to parking parking_2 (travel time: 74.00s).
2026-03-15 02:45:20,484 - DEBUG - Attempting to activate bikes at 1165s.
2026-03-15 02:45:20,486 - DEBUG - all_bikes_state at 1165s: {'bike_0': 'at_parking', 'bike_1': 'at_parking', 'bike_2': 'at_parking', 'bike_3': 'at_parking', 'bike_4': 'at_parking', 'bike_5': 'at_parking', 'bike_6': 'at_parking', 'bike_7': 'at_parking', 'bike_8': 'at_parking', 'bike_9': 'at_parking', 'bike_10': 'at_parking', 'bike_11': 'at_parking', 'bike_12': 'at_parking', 'bike_13': 'at_parking', 'bike_14': 'at_parking', 'bike_15': 'at_parking', 'bike_16': 'at_parking', 'bike_17': 'at_parking', 'bike_18': 'at_parking', 'bike_19': 'at_parking'}
2026-03-15 02:45:20,486 - DEBUG - Found 0 inactive bikes: []
2026-03-15 02:45:20,487 - DEBUG - Attempting to activate bikes at 1170s.
2026-03-15 02:45:20,487 - DEBUG - all_bikes_state at 1170s: {'bike_0': 'at_parking', 'bike_1': 'at_parking', 'bike_2': 'at_parking', 'bike_3': 'at_parking', 'bike_4': 'at_parking', 'bike_5': 'at_parking', 'bike_6': 'at_parking', 'bike_7': 'at_parking', 'bike_8': 'at_parking', 'bike_9': 'at_parking', 'bike_10': 'at_parking', 'bike_11': 'at_parking', 'bike_12': 'at_parking', 'bike_13': 'at_parking', 'bike_14': 'at_parking', 'bike_15': 'at_parking', 'bike_16': 'at_parking', 'bike_17': 'at_parking', 'bike_18': 'at_parking', 'bike_19': 'at_parking'}
2026-03-15 02:45:20,487 - DEBUG - Found 0 inactive bikes: []
2026-03-15 02:45:20,487 - DEBUG - Attempting to activate bikes at 1175s.
2026-03-15 02:45:20,487 - DEBUG - all_bikes_state at 1175s: {'bike_0': 'at_parking', 'bike_1': 'at_parking', 'bike_2': 'at_parking', 'bike_3': 'at_parking', 'bike_4': 'at_parking', 'bike_5': 'at_parking', 'bike_6': 'at_parking', 'bike_7': 'at_parking', 'bike_8': 'at_parking', 'bike_9': 'at_parking', 'bike_10': 'at_parking', 'bike_11': 'at_parking', 'bike_12': 'at_parking', 'bike_13': 'at_parking', 'bike_14': 'at_parking', 'bike_15': 'at_parking', 'bike_16': 'at_parking', 'bike_17': 'at_parking', 'bike_18': 'at_parking', 'bike_19': 'at_parking'}
2026-03-15 02:45:20,487 - DEBUG - Found 0 inactive bikes: []
2026-03-15 02:45:20,487 - DEBUG - Attempting to activate bikes at 1180s.
2026-03-15 02:45:20,488 - DEBUG - all_bikes_state at 1180s: {'bike_0': 'at_parking', 'bike_1': 'at_parking', 'bike_2': 'at_parking', 'bike_3': 'at_parking', 'bike_4': 'at_parking', 'bike_5': 'at_parking', 'bike_6': 'at_parking', 'bike_7': 'at_parking', 'bike_8': 'at_parking', 'bike_9': 'at_parking', 'bike_10': 'at_parking', 'bike_11': 'at_parking', 'bike_12': 'at_parking', 'bike_13': 'at_parking', 'bike_14': 'at_parking', 'bike_15': 'at_parking', 'bike_16': 'at_parking', 'bike_17': 'at_parking', 'bike_18': 'at_parking', 'bike_19': 'at_parking'}
2026-03-15 02:45:20,488 - DEBUG - Found 0 inactive bikes: []
2026-03-15 02:45:20,488 - DEBUG - Attempting to activate bikes at 1185s.
2026-03-15 02:45:20,488 - DEBUG - all_bikes_state at 1185s: {'bike_0': 'at_parking', 'bike_1': 'at_parking', 'bike_2': 'at_parking', 'bike_3': 'at_parking', 'bike_4': 'at_parking', 'bike_5': 'at_parking', 'bike_6': 'at_parking', 'bike_7': 'at_parking', 'bike_8': 'at_parking', 'bike_9': 'at_parking', 'bike_10': 'at_parking', 'bike_11': 'at_parking', 'bike_12': 'at_parking', 'bike_13': 'at_parking', 'bike_14': 'at_parking', 'bike_15': 'at_parking', 'bike_16': 'at_parking', 'bike_17': 'at_parking', 'bike_18': 'at_parking', 'bike_19': 'at_parking'}
2026-03-15 02:45:20,488 - DEBUG - Found 0 inactive bikes: []
2026-03-15 02:45:20,507 - DEBUG - Vehicle vehicle_2 has no bike and no available misplaced bikes with valid routes.
2026-03-15 02:45:20,526 - DEBUG - Vehicle vehicle_2 assigned to reposition to parking parking_0 (travel time: 80.00s).
2026-03-15 02:45:20,527 - DEBUG - Attempting to activate bikes at 1190s.
2026-03-15 02:45:20,528 - DEBUG - all_bikes_state at 1190s: {'bike_0': 'at_parking', 'bike_1': 'at_parking', 'bike_2': 'at_parking', 'bike_3': 'at_parking', 'bike_4': 'at_parking', 'bike_5': 'at_parking', 'bike_6': 'at_parking', 'bike_7': 'at_parking', 'bike_8': 'at_parking', 'bike_9': 'at_parking', 'bike_10': 'at_parking', 'bike_11': 'at_parking', 'bike_12': 'at_parking', 'bike_13': 'at_parking', 'bike_14': 'at_parking', 'bike_15': 'at_parking', 'bike_16': 'at_parking', 'bike_17': 'at_parking', 'bike_18': 'at_parking', 'bike_19': 'at_parking'}
2026-03-15 02:45:20,528 - DEBUG - Found 0 inactive bikes: []
2026-03-15 02:45:20,528 - DEBUG - Attempting to activate bikes at 1195s.
2026-03-15 02:45:20,529 - DEBUG - all_bikes_state at 1195s: {'bike_0': 'at_parking', 'bike_1': 'at_parking', 'bike_2': 'at_parking', 'bike_3': 'at_parking', 'bike_4': 'at_parking', 'bike_5': 'at_parking', 'bike_6': 'at_parking', 'bike_7': 'at_parking', 'bike_8': 'at_parking', 'bike_9': 'at_parking', 'bike_10': 'at_parking', 'bike_11': 'at_parking', 'bike_12': 'at_parking', 'bike_13': 'at_parking', 'bike_14': 'at_parking', 'bike_15': 'at_parking', 'bike_16': 'at_parking', 'bike_17': 'at_parking', 'bike_18': 'at_parking', 'bike_19': 'at_parking'}
2026-03-15 02:45:20,529 - DEBUG - Found 0 inactive bikes: []
2026-03-15 02:45:20,529 - DEBUG - Attempting to activate bikes at 1200s.
2026-03-15 02:45:20,529 - DEBUG - all_bikes_state at 1200s: {'bike_0': 'at_parking', 'bike_1': 'at_parking', 'bike_2': 'at_parking', 'bike_3': 'at_parking', 'bike_4': 'at_parking', 'bike_5': 'at_parking', 'bike_6': 'at_parking', 'bike_7': 'at_parking', 'bike_8': 'at_parking', 'bike_9': 'at_parking', 'bike_10': 'at_parking', 'bike_11': 'at_parking', 'bike_12': 'at_parking', 'bike_13': 'at_parking', 'bike_14': 'at_parking', 'bike_15': 'at_parking', 'bike_16': 'at_parking', 'bike_17': 'at_parking', 'bike_18': 'at_parking', 'bike_19': 'at_parking'}
2026-03-15 02:45:20,529 - DEBUG - Found 0 inactive bikes: []
2026-03-15 02:45:20,530 - DEBUG - Attempting to activate bikes at 1205s.
2026-03-15 02:45:20,530 - DEBUG - all_bikes_state at 1205s: {'bike_0': 'at_parking', 'bike_1': 'at_parking', 'bike_2': 'at_parking', 'bike_3': 'at_parking', 'bike_4': 'at_parking', 'bike_5': 'at_parking', 'bike_6': 'at_parking', 'bike_7': 'at_parking', 'bike_8': 'at_parking', 'bike_9': 'at_parking', 'bike_10': 'at_parking', 'bike_11': 'at_parking', 'bike_12': 'at_parking', 'bike_13': 'at_parking', 'bike_14': 'at_parking', 'bike_15': 'at_parking', 'bike_16': 'at_parking', 'bike_17': 'at_parking', 'bike_18': 'at_parking', 'bike_19': 'at_parking'}
2026-03-15 02:45:20,531 - DEBUG - Found 0 inactive bikes: []
2026-03-15 02:45:20,531 - DEBUG - Attempting to activate bikes at 1210s.
2026-03-15 02:45:20,531 - DEBUG - all_bikes_state at 1210s: {'bike_0': 'at_parking', 'bike_1': 'at_parking', 'bike_2': 'at_parking', 'bike_3': 'at_parking', 'bike_4': 'at_parking', 'bike_5': 'at_parking', 'bike_6': 'at_parking', 'bike_7': 'at_parking', 'bike_8': 'at_parking', 'bike_9': 'at_parking', 'bike_10': 'at_parking', 'bike_11': 'at_parking', 'bike_12': 'at_parking', 'bike_13': 'at_parking', 'bike_14': 'at_parking', 'bike_15': 'at_parking', 'bike_16': 'at_parking', 'bike_17': 'at_parking', 'bike_18': 'at_parking', 'bike_19': 'at_parking'}
2026-03-15 02:45:20,531 - DEBUG - Found 0 inactive bikes: []
2026-03-15 02:45:20,532 - DEBUG - Attempting to activate bikes at 1215s.
2026-03-15 02:45:20,532 - DEBUG - all_bikes_state at 1215s: {'bike_0': 'at_parking', 'bike_1': 'at_parking', 'bike_2': 'at_parking', 'bike_3': 'at_parking', 'bike_4': 'at_parking', 'bike_5': 'at_parking', 'bike_6': 'at_parking', 'bike_7': 'at_parking', 'bike_8': 'at_parking', 'bike_9': 'at_parking', 'bike_10': 'at_parking', 'bike_11': 'at_parking', 'bike_12': 'at_parking', 'bike_13': 'at_parking', 'bike_14': 'at_parking', 'bike_15': 'at_parking', 'bike_16': 'at_parking', 'bike_17': 'at_parking', 'bike_18': 'at_parking', 'bike_19': 'at_parking'}
2026-03-15 02:45:20,532 - DEBUG - Found 0 inactive bikes: []
2026-03-15 02:45:20,532 - DEBUG - Attempting to activate bikes at 1220s.
2026-03-15 02:45:20,532 - DEBUG - all_bikes_state at 1220s: {'bike_0': 'at_parking', 'bike_1': 'at_parking', 'bike_2': 'at_parking', 'bike_3': 'at_parking', 'bike_4': 'at_parking', 'bike_5': 'at_parking', 'bike_6': 'at_parking', 'bike_7': 'at_parking', 'bike_8': 'at_parking', 'bike_9': 'at_parking', 'bike_10': 'at_parking', 'bike_11': 'at_parking', 'bike_12': 'at_parking', 'bike_13': 'at_parking', 'bike_14': 'at_parking', 'bike_15': 'at_parking', 'bike_16': 'at_parking', 'bike_17': 'at_parking', 'bike_18': 'at_parking', 'bike_19': 'at_parking'}
2026-03-15 02:45:20,532 - DEBUG - Found 0 inactive bikes: []
2026-03-15 02:45:20,551 - DEBUG - Vehicle vehicle_1 has no bike and no available misplaced bikes with valid routes.
2026-03-15 02:45:20,561 - DEBUG - Vehicle vehicle_1 assigned to reposition to parking parking_1 (travel time: 51.00s).
2026-03-15 02:45:20,562 - DEBUG - Attempting to activate bikes at 1225s.
2026-03-15 02:45:20,563 - DEBUG - all_bikes_state at 1225s: {'bike_0': 'at_parking', 'bike_1': 'at_parking', 'bike_2': 'at_parking', 'bike_3': 'at_parking', 'bike_4': 'at_parking', 'bike_5': 'at_parking', 'bike_6': 'at_parking', 'bike_7': 'at_parking', 'bike_8': 'at_parking', 'bike_9': 'at_parking', 'bike_10': 'at_parking', 'bike_11': 'at_parking', 'bike_12': 'at_parking', 'bike_13': 'at_parking', 'bike_14': 'at_parking', 'bike_15': 'at_parking', 'bike_16': 'at_parking', 'bike_17': 'at_parking', 'bike_18': 'at_parking', 'bike_19': 'at_parking'}
2026-03-15 02:45:20,564 - DEBUG - Found 0 inactive bikes: []
2026-03-15 02:45:20,564 - DEBUG - Attempting to activate bikes at 1230s.
2026-03-15 02:45:20,564 - DEBUG - all_bikes_state at 1230s: {'bike_0': 'at_parking', 'bike_1': 'at_parking', 'bike_2': 'at_parking', 'bike_3': 'at_parking', 'bike_4': 'at_parking', 'bike_5': 'at_parking', 'bike_6': 'at_parking', 'bike_7': 'at_parking', 'bike_8': 'at_parking', 'bike_9': 'at_parking', 'bike_10': 'at_parking', 'bike_11': 'at_parking', 'bike_12': 'at_parking', 'bike_13': 'at_parking', 'bike_14': 'at_parking', 'bike_15': 'at_parking', 'bike_16': 'at_parking', 'bike_17': 'at_parking', 'bike_18': 'at_parking', 'bike_19': 'at_parking'}
2026-03-15 02:45:20,564 - DEBUG - Found 0 inactive bikes: []
2026-03-15 02:45:20,565 - DEBUG - Attempting to activate bikes at 1235s.
2026-03-15 02:45:20,565 - DEBUG - all_bikes_state at 1235s: {'bike_0': 'at_parking', 'bike_1': 'at_parking', 'bike_2': 'at_parking', 'bike_3': 'at_parking', 'bike_4': 'at_parking', 'bike_5': 'at_parking', 'bike_6': 'at_parking', 'bike_7': 'at_parking', 'bike_8': 'at_parking', 'bike_9': 'at_parking', 'bike_10': 'at_parking', 'bike_11': 'at_parking', 'bike_12': 'at_parking', 'bike_13': 'at_parking', 'bike_14': 'at_parking', 'bike_15': 'at_parking', 'bike_16': 'at_parking', 'bike_17': 'at_parking', 'bike_18': 'at_parking', 'bike_19': 'at_parking'}
2026-03-15 02:45:20,566 - DEBUG - Found 0 inactive bikes: []
2026-03-15 02:45:20,584 - DEBUG - Vehicle vehicle_0 has no bike and no available misplaced bikes with valid routes.
2026-03-15 02:45:20,598 - DEBUG - Vehicle vehicle_0 assigned to reposition to parking parking_2 (travel time: 74.00s).
2026-03-15 02:45:20,598 - DEBUG - Attempting to activate bikes at 1240s.
2026-03-15 02:45:20,598 - DEBUG - all_bikes_state at 1240s: {'bike_0': 'at_parking', 'bike_1': 'at_parking', 'bike_2': 'at_parking', 'bike_3': 'at_parking', 'bike_4': 'at_parking', 'bike_5': 'at_parking', 'bike_6': 'at_parking', 'bike_7': 'at_parking', 'bike_8': 'at_parking', 'bike_9': 'at_parking', 'bike_10': 'at_parking', 'bike_11': 'at_parking', 'bike_12': 'at_parking', 'bike_13': 'at_parking', 'bike_14': 'at_parking', 'bike_15': 'at_parking', 'bike_16': 'at_parking', 'bike_17': 'at_parking', 'bike_18': 'at_parking', 'bike_19': 'at_parking'}
2026-03-15 02:45:20,599 - DEBUG - Found 0 inactive bikes: []
2026-03-15 02:45:20,599 - DEBUG - Attempting to activate bikes at 1245s.
2026-03-15 02:45:20,600 - DEBUG - all_bikes_state at 1245s: {'bike_0': 'at_parking', 'bike_1': 'at_parking', 'bike_2': 'at_parking', 'bike_3': 'at_parking', 'bike_4': 'at_parking', 'bike_5': 'at_parking', 'bike_6': 'at_parking', 'bike_7': 'at_parking', 'bike_8': 'at_parking', 'bike_9': 'at_parking', 'bike_10': 'at_parking', 'bike_11': 'at_parking', 'bike_12': 'at_parking', 'bike_13': 'at_parking', 'bike_14': 'at_parking', 'bike_15': 'at_parking', 'bike_16': 'at_parking', 'bike_17': 'at_parking', 'bike_18': 'at_parking', 'bike_19': 'at_parking'}
2026-03-15 02:45:20,600 - DEBUG - Found 0 inactive bikes: []
2026-03-15 02:45:20,600 - DEBUG - Attempting to activate bikes at 1250s.
2026-03-15 02:45:20,600 - DEBUG - all_bikes_state at 1250s: {'bike_0': 'at_parking', 'bike_1': 'at_parking', 'bike_2': 'at_parking', 'bike_3': 'at_parking', 'bike_4': 'at_parking', 'bike_5': 'at_parking', 'bike_6': 'at_parking', 'bike_7': 'at_parking', 'bike_8': 'at_parking', 'bike_9': 'at_parking', 'bike_10': 'at_parking', 'bike_11': 'at_parking', 'bike_12': 'at_parking', 'bike_13': 'at_parking', 'bike_14': 'at_parking', 'bike_15': 'at_parking', 'bike_16': 'at_parking', 'bike_17': 'at_parking', 'bike_18': 'at_parking', 'bike_19': 'at_parking'}
2026-03-15 02:45:20,600 - DEBUG - Found 0 inactive bikes: []
2026-03-15 02:45:20,601 - DEBUG - Attempting to activate bikes at 1255s.
2026-03-15 02:45:20,601 - DEBUG - all_bikes_state at 1255s: {'bike_0': 'at_parking', 'bike_1': 'at_parking', 'bike_2': 'at_parking', 'bike_3': 'at_parking', 'bike_4': 'at_parking', 'bike_5': 'at_parking', 'bike_6': 'at_parking', 'bike_7': 'at_parking', 'bike_8': 'at_parking', 'bike_9': 'at_parking', 'bike_10': 'at_parking', 'bike_11': 'at_parking', 'bike_12': 'at_parking', 'bike_13': 'at_parking', 'bike_14': 'at_parking', 'bike_15': 'at_parking', 'bike_16': 'at_parking', 'bike_17': 'at_parking', 'bike_18': 'at_parking', 'bike_19': 'at_parking'}
2026-03-15 02:45:20,601 - DEBUG - Found 0 inactive bikes: []
2026-03-15 02:45:20,601 - DEBUG - Attempting to activate bikes at 1260s.
2026-03-15 02:45:20,601 - DEBUG - all_bikes_state at 1260s: {'bike_0': 'at_parking', 'bike_1': 'at_parking', 'bike_2': 'at_parking', 'bike_3': 'at_parking', 'bike_4': 'at_parking', 'bike_5': 'at_parking', 'bike_6': 'at_parking', 'bike_7': 'at_parking', 'bike_8': 'at_parking', 'bike_9': 'at_parking', 'bike_10': 'at_parking', 'bike_11': 'at_parking', 'bike_12': 'at_parking', 'bike_13': 'at_parking', 'bike_14': 'at_parking', 'bike_15': 'at_parking', 'bike_16': 'at_parking', 'bike_17': 'at_parking', 'bike_18': 'at_parking', 'bike_19': 'at_parking'}
2026-03-15 02:45:20,601 - DEBUG - Found 0 inactive bikes: []
2026-03-15 02:45:20,601 - DEBUG - Attempting to activate bikes at 1265s.
2026-03-15 02:45:20,603 - DEBUG - all_bikes_state at 1265s: {'bike_0': 'at_parking', 'bike_1': 'at_parking', 'bike_2': 'at_parking', 'bike_3': 'at_parking', 'bike_4': 'at_parking', 'bike_5': 'at_parking', 'bike_6': 'at_parking', 'bike_7': 'at_parking', 'bike_8': 'at_parking', 'bike_9': 'at_parking', 'bike_10': 'at_parking', 'bike_11': 'at_parking', 'bike_12': 'at_parking', 'bike_13': 'at_parking', 'bike_14': 'at_parking', 'bike_15': 'at_parking', 'bike_16': 'at_parking', 'bike_17': 'at_parking', 'bike_18': 'at_parking', 'bike_19': 'at_parking'}
2026-03-15 02:45:20,603 - DEBUG - Found 0 inactive bikes: []
2026-03-15 02:45:20,621 - DEBUG - Vehicle vehicle_2 has no bike and no available misplaced bikes with valid routes.
2026-03-15 02:45:20,634 - DEBUG - Vehicle vehicle_2 assigned to reposition to parking parking_2 (travel time: 74.00s).
2026-03-15 02:45:20,634 - DEBUG - Attempting to activate bikes at 1270s.
2026-03-15 02:45:20,636 - DEBUG - all_bikes_state at 1270s: {'bike_0': 'at_parking', 'bike_1': 'at_parking', 'bike_2': 'at_parking', 'bike_3': 'at_parking', 'bike_4': 'at_parking', 'bike_5': 'at_parking', 'bike_6': 'at_parking', 'bike_7': 'at_parking', 'bike_8': 'at_parking', 'bike_9': 'at_parking', 'bike_10': 'at_parking', 'bike_11': 'at_parking', 'bike_12': 'at_parking', 'bike_13': 'at_parking', 'bike_14': 'at_parking', 'bike_15': 'at_parking', 'bike_16': 'at_parking', 'bike_17': 'at_parking', 'bike_18': 'at_parking', 'bike_19': 'at_parking'}
2026-03-15 02:45:20,636 - DEBUG - Found 0 inactive bikes: []
2026-03-15 02:45:20,636 - DEBUG - Attempting to activate bikes at 1275s.
2026-03-15 02:45:20,638 - DEBUG - all_bikes_state at 1275s: {'bike_0': 'at_parking', 'bike_1': 'at_parking', 'bike_2': 'at_parking', 'bike_3': 'at_parking', 'bike_4': 'at_parking', 'bike_5': 'at_parking', 'bike_6': 'at_parking', 'bike_7': 'at_parking', 'bike_8': 'at_parking', 'bike_9': 'at_parking', 'bike_10': 'at_parking', 'bike_11': 'at_parking', 'bike_12': 'at_parking', 'bike_13': 'at_parking', 'bike_14': 'at_parking', 'bike_15': 'at_parking', 'bike_16': 'at_parking', 'bike_17': 'at_parking', 'bike_18': 'at_parking', 'bike_19': 'at_parking'}
2026-03-15 02:45:20,638 - DEBUG - Found 0 inactive bikes: []
2026-03-15 02:45:20,733 - DEBUG - Vehicle vehicle_1 has no bike and no available misplaced bikes with valid routes.
2026-03-15 02:45:20,746 - DEBUG - Vehicle vehicle_1 assigned to reposition to parking parking_2 (travel time: 74.00s).
2026-03-15 02:45:20,746 - DEBUG - Attempting to activate bikes at 1280s.
2026-03-15 02:45:20,746 - DEBUG - all_bikes_state at 1280s: {'bike_0': 'at_parking', 'bike_1': 'at_parking', 'bike_2': 'at_parking', 'bike_3': 'at_parking', 'bike_4': 'at_parking', 'bike_5': 'at_parking', 'bike_6': 'at_parking', 'bike_7': 'at_parking', 'bike_8': 'at_parking', 'bike_9': 'at_parking', 'bike_10': 'at_parking', 'bike_11': 'at_parking', 'bike_12': 'at_parking', 'bike_13': 'at_parking', 'bike_14': 'at_parking', 'bike_15': 'at_parking', 'bike_16': 'at_parking', 'bike_17': 'at_parking', 'bike_18': 'at_parking', 'bike_19': 'at_parking'}
2026-03-15 02:45:20,748 - DEBUG - Found 0 inactive bikes: []
2026-03-15 02:45:20,748 - DEBUG - Attempting to activate bikes at 1285s.
2026-03-15 02:45:20,748 - DEBUG - all_bikes_state at 1285s: {'bike_0': 'at_parking', 'bike_1': 'at_parking', 'bike_2': 'at_parking', 'bike_3': 'at_parking', 'bike_4': 'at_parking', 'bike_5': 'at_parking', 'bike_6': 'at_parking', 'bike_7': 'at_parking', 'bike_8': 'at_parking', 'bike_9': 'at_parking', 'bike_10': 'at_parking', 'bike_11': 'at_parking', 'bike_12': 'at_parking', 'bike_13': 'at_parking', 'bike_14': 'at_parking', 'bike_15': 'at_parking', 'bike_16': 'at_parking', 'bike_17': 'at_parking', 'bike_18': 'at_parking', 'bike_19': 'at_parking'}
2026-03-15 02:45:20,748 - DEBUG - Found 0 inactive bikes: []
2026-03-15 02:45:20,749 - DEBUG - Attempting to activate bikes at 1290s.
2026-03-15 02:45:20,749 - DEBUG - all_bikes_state at 1290s: {'bike_0': 'at_parking', 'bike_1': 'at_parking', 'bike_2': 'at_parking', 'bike_3': 'at_parking', 'bike_4': 'at_parking', 'bike_5': 'at_parking', 'bike_6': 'at_parking', 'bike_7': 'at_parking', 'bike_8': 'at_parking', 'bike_9': 'at_parking', 'bike_10': 'at_parking', 'bike_11': 'at_parking', 'bike_12': 'at_parking', 'bike_13': 'at_parking', 'bike_14': 'at_parking', 'bike_15': 'at_parking', 'bike_16': 'at_parking', 'bike_17': 'at_parking', 'bike_18': 'at_parking', 'bike_19': 'at_parking'}
2026-03-15 02:45:20,749 - DEBUG - Found 0 inactive bikes: []
2026-03-15 02:45:20,749 - DEBUG - Attempting to activate bikes at 1295s.
2026-03-15 02:45:20,749 - DEBUG - all_bikes_state at 1295s: {'bike_0': 'at_parking', 'bike_1': 'at_parking', 'bike_2': 'at_parking', 'bike_3': 'at_parking', 'bike_4': 'at_parking', 'bike_5': 'at_parking', 'bike_6': 'at_parking', 'bike_7': 'at_parking', 'bike_8': 'at_parking', 'bike_9': 'at_parking', 'bike_10': 'at_parking', 'bike_11': 'at_parking', 'bike_12': 'at_parking', 'bike_13': 'at_parking', 'bike_14': 'at_parking', 'bike_15': 'at_parking', 'bike_16': 'at_parking', 'bike_17': 'at_parking', 'bike_18': 'at_parking', 'bike_19': 'at_parking'}
2026-03-15 02:45:20,749 - DEBUG - Found 0 inactive bikes: []
2026-03-15 02:45:20,751 - DEBUG - Attempting to activate bikes at 1300s.
2026-03-15 02:45:20,751 - DEBUG - all_bikes_state at 1300s: {'bike_0': 'at_parking', 'bike_1': 'at_parking', 'bike_2': 'at_parking', 'bike_3': 'at_parking', 'bike_4': 'at_parking', 'bike_5': 'at_parking', 'bike_6': 'at_parking', 'bike_7': 'at_parking', 'bike_8': 'at_parking', 'bike_9': 'at_parking', 'bike_10': 'at_parking', 'bike_11': 'at_parking', 'bike_12': 'at_parking', 'bike_13': 'at_parking', 'bike_14': 'at_parking', 'bike_15': 'at_parking', 'bike_16': 'at_parking', 'bike_17': 'at_parking', 'bike_18': 'at_parking', 'bike_19': 'at_parking'}
2026-03-15 02:45:20,751 - DEBUG - Found 0 inactive bikes: []
2026-03-15 02:45:20,753 - DEBUG - Attempting to activate bikes at 1305s.
2026-03-15 02:45:20,753 - DEBUG - all_bikes_state at 1305s: {'bike_0': 'at_parking', 'bike_1': 'at_parking', 'bike_2': 'at_parking', 'bike_3': 'at_parking', 'bike_4': 'at_parking', 'bike_5': 'at_parking', 'bike_6': 'at_parking', 'bike_7': 'at_parking', 'bike_8': 'at_parking', 'bike_9': 'at_parking', 'bike_10': 'at_parking', 'bike_11': 'at_parking', 'bike_12': 'at_parking', 'bike_13': 'at_parking', 'bike_14': 'at_parking', 'bike_15': 'at_parking', 'bike_16': 'at_parking', 'bike_17': 'at_parking', 'bike_18': 'at_parking', 'bike_19': 'at_parking'}
2026-03-15 02:45:20,753 - DEBUG - Found 0 inactive bikes: []
2026-03-15 02:45:20,753 - DEBUG - Attempting to activate bikes at 1310s.
2026-03-15 02:45:20,753 - DEBUG - all_bikes_state at 1310s: {'bike_0': 'at_parking', 'bike_1': 'at_parking', 'bike_2': 'at_parking', 'bike_3': 'at_parking', 'bike_4': 'at_parking', 'bike_5': 'at_parking', 'bike_6': 'at_parking', 'bike_7': 'at_parking', 'bike_8': 'at_parking', 'bike_9': 'at_parking', 'bike_10': 'at_parking', 'bike_11': 'at_parking', 'bike_12': 'at_parking', 'bike_13': 'at_parking', 'bike_14': 'at_parking', 'bike_15': 'at_parking', 'bike_16': 'at_parking', 'bike_17': 'at_parking', 'bike_18': 'at_parking', 'bike_19': 'at_parking'}
2026-03-15 02:45:20,754 - DEBUG - Found 0 inactive bikes: []
2026-03-15 02:45:20,773 - DEBUG - Vehicle vehicle_0 has no bike and no available misplaced bikes with valid routes.
2026-03-15 02:45:20,792 - DEBUG - Vehicle vehicle_0 assigned to reposition to parking parking_0 (travel time: 80.00s).
2026-03-15 02:45:20,792 - DEBUG - Attempting to activate bikes at 1315s.
2026-03-15 02:45:20,792 - DEBUG - all_bikes_state at 1315s: {'bike_0': 'at_parking', 'bike_1': 'at_parking', 'bike_2': 'at_parking', 'bike_3': 'at_parking', 'bike_4': 'at_parking', 'bike_5': 'at_parking', 'bike_6': 'at_parking', 'bike_7': 'at_parking', 'bike_8': 'at_parking', 'bike_9': 'at_parking', 'bike_10': 'at_parking', 'bike_11': 'at_parking', 'bike_12': 'at_parking', 'bike_13': 'at_parking', 'bike_14': 'at_parking', 'bike_15': 'at_parking', 'bike_16': 'at_parking', 'bike_17': 'at_parking', 'bike_18': 'at_parking', 'bike_19': 'at_parking'}
2026-03-15 02:45:20,794 - DEBUG - Found 0 inactive bikes: []
2026-03-15 02:45:20,794 - DEBUG - Attempting to activate bikes at 1320s.
2026-03-15 02:45:20,794 - DEBUG - all_bikes_state at 1320s: {'bike_0': 'at_parking', 'bike_1': 'at_parking', 'bike_2': 'at_parking', 'bike_3': 'at_parking', 'bike_4': 'at_parking', 'bike_5': 'at_parking', 'bike_6': 'at_parking', 'bike_7': 'at_parking', 'bike_8': 'at_parking', 'bike_9': 'at_parking', 'bike_10': 'at_parking', 'bike_11': 'at_parking', 'bike_12': 'at_parking', 'bike_13': 'at_parking', 'bike_14': 'at_parking', 'bike_15': 'at_parking', 'bike_16': 'at_parking', 'bike_17': 'at_parking', 'bike_18': 'at_parking', 'bike_19': 'at_parking'}
2026-03-15 02:45:20,795 - DEBUG - Found 0 inactive bikes: []
2026-03-15 02:45:20,795 - DEBUG - Attempting to activate bikes at 1325s.
2026-03-15 02:45:20,795 - DEBUG - all_bikes_state at 1325s: {'bike_0': 'at_parking', 'bike_1': 'at_parking', 'bike_2': 'at_parking', 'bike_3': 'at_parking', 'bike_4': 'at_parking', 'bike_5': 'at_parking', 'bike_6': 'at_parking', 'bike_7': 'at_parking', 'bike_8': 'at_parking', 'bike_9': 'at_parking', 'bike_10': 'at_parking', 'bike_11': 'at_parking', 'bike_12': 'at_parking', 'bike_13': 'at_parking', 'bike_14': 'at_parking', 'bike_15': 'at_parking', 'bike_16': 'at_parking', 'bike_17': 'at_parking', 'bike_18': 'at_parking', 'bike_19': 'at_parking'}
2026-03-15 02:45:20,795 - DEBUG - Found 0 inactive bikes: []
2026-03-15 02:45:20,797 - DEBUG - Attempting to activate bikes at 1330s.
2026-03-15 02:45:20,797 - DEBUG - all_bikes_state at 1330s: {'bike_0': 'at_parking', 'bike_1': 'at_parking', 'bike_2': 'at_parking', 'bike_3': 'at_parking', 'bike_4': 'at_parking', 'bike_5': 'at_parking', 'bike_6': 'at_parking', 'bike_7': 'at_parking', 'bike_8': 'at_parking', 'bike_9': 'at_parking', 'bike_10': 'at_parking', 'bike_11': 'at_parking', 'bike_12': 'at_parking', 'bike_13': 'at_parking', 'bike_14': 'at_parking', 'bike_15': 'at_parking', 'bike_16': 'at_parking', 'bike_17': 'at_parking', 'bike_18': 'at_parking', 'bike_19': 'at_parking'}
2026-03-15 02:45:20,797 - DEBUG - Found 0 inactive bikes: []
2026-03-15 02:45:20,797 - DEBUG - Attempting to activate bikes at 1335s.
2026-03-15 02:45:20,797 - DEBUG - all_bikes_state at 1335s: {'bike_0': 'at_parking', 'bike_1': 'at_parking', 'bike_2': 'at_parking', 'bike_3': 'at_parking', 'bike_4': 'at_parking', 'bike_5': 'at_parking', 'bike_6': 'at_parking', 'bike_7': 'at_parking', 'bike_8': 'at_parking', 'bike_9': 'at_parking', 'bike_10': 'at_parking', 'bike_11': 'at_parking', 'bike_12': 'at_parking', 'bike_13': 'at_parking', 'bike_14': 'at_parking', 'bike_15': 'at_parking', 'bike_16': 'at_parking', 'bike_17': 'at_parking', 'bike_18': 'at_parking', 'bike_19': 'at_parking'}
2026-03-15 02:45:20,797 - DEBUG - Found 0 inactive bikes: []
2026-03-15 02:45:20,798 - DEBUG - Attempting to activate bikes at 1340s.
2026-03-15 02:45:20,799 - DEBUG - all_bikes_state at 1340s: {'bike_0': 'at_parking', 'bike_1': 'at_parking', 'bike_2': 'at_parking', 'bike_3': 'at_parking', 'bike_4': 'at_parking', 'bike_5': 'at_parking', 'bike_6': 'at_parking', 'bike_7': 'at_parking', 'bike_8': 'at_parking', 'bike_9': 'at_parking', 'bike_10': 'at_parking', 'bike_11': 'at_parking', 'bike_12': 'at_parking', 'bike_13': 'at_parking', 'bike_14': 'at_parking', 'bike_15': 'at_parking', 'bike_16': 'at_parking', 'bike_17': 'at_parking', 'bike_18': 'at_parking', 'bike_19': 'at_parking'}
2026-03-15 02:45:20,799 - DEBUG - Found 0 inactive bikes: []
2026-03-15 02:45:20,817 - DEBUG - Vehicle vehicle_2 has no bike and no available misplaced bikes with valid routes.
2026-03-15 02:45:20,829 - DEBUG - Vehicle vehicle_2 assigned to reposition to parking parking_2 (travel time: 74.00s).
2026-03-15 02:45:20,829 - DEBUG - Attempting to activate bikes at 1345s.
2026-03-15 02:45:20,829 - DEBUG - all_bikes_state at 1345s: {'bike_0': 'at_parking', 'bike_1': 'at_parking', 'bike_2': 'at_parking', 'bike_3': 'at_parking', 'bike_4': 'at_parking', 'bike_5': 'at_parking', 'bike_6': 'at_parking', 'bike_7': 'at_parking', 'bike_8': 'at_parking', 'bike_9': 'at_parking', 'bike_10': 'at_parking', 'bike_11': 'at_parking', 'bike_12': 'at_parking', 'bike_13': 'at_parking', 'bike_14': 'at_parking', 'bike_15': 'at_parking', 'bike_16': 'at_parking', 'bike_17': 'at_parking', 'bike_18': 'at_parking', 'bike_19': 'at_parking'}
2026-03-15 02:45:20,831 - DEBUG - Found 0 inactive bikes: []
2026-03-15 02:45:20,831 - DEBUG - Attempting to activate bikes at 1350s.
2026-03-15 02:45:20,831 - DEBUG - all_bikes_state at 1350s: {'bike_0': 'at_parking', 'bike_1': 'at_parking', 'bike_2': 'at_parking', 'bike_3': 'at_parking', 'bike_4': 'at_parking', 'bike_5': 'at_parking', 'bike_6': 'at_parking', 'bike_7': 'at_parking', 'bike_8': 'at_parking', 'bike_9': 'at_parking', 'bike_10': 'at_parking', 'bike_11': 'at_parking', 'bike_12': 'at_parking', 'bike_13': 'at_parking', 'bike_14': 'at_parking', 'bike_15': 'at_parking', 'bike_16': 'at_parking', 'bike_17': 'at_parking', 'bike_18': 'at_parking', 'bike_19': 'at_parking'}
2026-03-15 02:45:20,831 - DEBUG - Found 0 inactive bikes: []
2026-03-15 02:45:20,849 - DEBUG - Vehicle vehicle_1 has no bike and no available misplaced bikes with valid routes.
2026-03-15 02:45:20,859 - DEBUG - Vehicle vehicle_1 assigned to reposition to parking parking_1 (travel time: 51.00s).
2026-03-15 02:45:20,859 - DEBUG - Attempting to activate bikes at 1355s.
2026-03-15 02:45:20,859 - DEBUG - all_bikes_state at 1355s: {'bike_0': 'at_parking', 'bike_1': 'at_parking', 'bike_2': 'at_parking', 'bike_3': 'at_parking', 'bike_4': 'at_parking', 'bike_5': 'at_parking', 'bike_6': 'at_parking', 'bike_7': 'at_parking', 'bike_8': 'at_parking', 'bike_9': 'at_parking', 'bike_10': 'at_parking', 'bike_11': 'at_parking', 'bike_12': 'at_parking', 'bike_13': 'at_parking', 'bike_14': 'at_parking', 'bike_15': 'at_parking', 'bike_16': 'at_parking', 'bike_17': 'at_parking', 'bike_18': 'at_parking', 'bike_19': 'at_parking'}
2026-03-15 02:45:20,859 - DEBUG - Found 0 inactive bikes: []
2026-03-15 02:45:20,860 - DEBUG - Attempting to activate bikes at 1360s.
2026-03-15 02:45:20,860 - DEBUG - all_bikes_state at 1360s: {'bike_0': 'at_parking', 'bike_1': 'at_parking', 'bike_2': 'at_parking', 'bike_3': 'at_parking', 'bike_4': 'at_parking', 'bike_5': 'at_parking', 'bike_6': 'at_parking', 'bike_7': 'at_parking', 'bike_8': 'at_parking', 'bike_9': 'at_parking', 'bike_10': 'at_parking', 'bike_11': 'at_parking', 'bike_12': 'at_parking', 'bike_13': 'at_parking', 'bike_14': 'at_parking', 'bike_15': 'at_parking', 'bike_16': 'at_parking', 'bike_17': 'at_parking', 'bike_18': 'at_parking', 'bike_19': 'at_parking'}
2026-03-15 02:45:20,860 - DEBUG - Found 0 inactive bikes: []
2026-03-15 02:45:20,862 - DEBUG - Attempting to activate bikes at 1365s.
2026-03-15 02:45:20,862 - DEBUG - all_bikes_state at 1365s: {'bike_0': 'at_parking', 'bike_1': 'at_parking', 'bike_2': 'at_parking', 'bike_3': 'at_parking', 'bike_4': 'at_parking', 'bike_5': 'at_parking', 'bike_6': 'at_parking', 'bike_7': 'at_parking', 'bike_8': 'at_parking', 'bike_9': 'at_parking', 'bike_10': 'at_parking', 'bike_11': 'at_parking', 'bike_12': 'at_parking', 'bike_13': 'at_parking', 'bike_14': 'at_parking', 'bike_15': 'at_parking', 'bike_16': 'at_parking', 'bike_17': 'at_parking', 'bike_18': 'at_parking', 'bike_19': 'at_parking'}
2026-03-15 02:45:20,862 - DEBUG - Found 0 inactive bikes: []
2026-03-15 02:45:20,862 - DEBUG - Attempting to activate bikes at 1370s.
2026-03-15 02:45:20,862 - DEBUG - all_bikes_state at 1370s: {'bike_0': 'at_parking', 'bike_1': 'at_parking', 'bike_2': 'at_parking', 'bike_3': 'at_parking', 'bike_4': 'at_parking', 'bike_5': 'at_parking', 'bike_6': 'at_parking', 'bike_7': 'at_parking', 'bike_8': 'at_parking', 'bike_9': 'at_parking', 'bike_10': 'at_parking', 'bike_11': 'at_parking', 'bike_12': 'at_parking', 'bike_13': 'at_parking', 'bike_14': 'at_parking', 'bike_15': 'at_parking', 'bike_16': 'at_parking', 'bike_17': 'at_parking', 'bike_18': 'at_parking', 'bike_19': 'at_parking'}
2026-03-15 02:45:20,862 - DEBUG - Found 0 inactive bikes: []
2026-03-15 02:45:20,864 - DEBUG - Attempting to activate bikes at 1375s.
2026-03-15 02:45:20,864 - DEBUG - all_bikes_state at 1375s: {'bike_0': 'at_parking', 'bike_1': 'at_parking', 'bike_2': 'at_parking', 'bike_3': 'at_parking', 'bike_4': 'at_parking', 'bike_5': 'at_parking', 'bike_6': 'at_parking', 'bike_7': 'at_parking', 'bike_8': 'at_parking', 'bike_9': 'at_parking', 'bike_10': 'at_parking', 'bike_11': 'at_parking', 'bike_12': 'at_parking', 'bike_13': 'at_parking', 'bike_14': 'at_parking', 'bike_15': 'at_parking', 'bike_16': 'at_parking', 'bike_17': 'at_parking', 'bike_18': 'at_parking', 'bike_19': 'at_parking'}
2026-03-15 02:45:20,864 - DEBUG - Found 0 inactive bikes: []
2026-03-15 02:45:20,864 - DEBUG - Attempting to activate bikes at 1380s.
2026-03-15 02:45:20,864 - DEBUG - all_bikes_state at 1380s: {'bike_0': 'at_parking', 'bike_1': 'at_parking', 'bike_2': 'at_parking', 'bike_3': 'at_parking', 'bike_4': 'at_parking', 'bike_5': 'at_parking', 'bike_6': 'at_parking', 'bike_7': 'at_parking', 'bike_8': 'at_parking', 'bike_9': 'at_parking', 'bike_10': 'at_parking', 'bike_11': 'at_parking', 'bike_12': 'at_parking', 'bike_13': 'at_parking', 'bike_14': 'at_parking', 'bike_15': 'at_parking', 'bike_16': 'at_parking', 'bike_17': 'at_parking', 'bike_18': 'at_parking', 'bike_19': 'at_parking'}
2026-03-15 02:45:20,864 - DEBUG - Found 0 inactive bikes: []
2026-03-15 02:45:20,865 - DEBUG - Attempting to activate bikes at 1385s.
2026-03-15 02:45:20,865 - DEBUG - all_bikes_state at 1385s: {'bike_0': 'at_parking', 'bike_1': 'at_parking', 'bike_2': 'at_parking', 'bike_3': 'at_parking', 'bike_4': 'at_parking', 'bike_5': 'at_parking', 'bike_6': 'at_parking', 'bike_7': 'at_parking', 'bike_8': 'at_parking', 'bike_9': 'at_parking', 'bike_10': 'at_parking', 'bike_11': 'at_parking', 'bike_12': 'at_parking', 'bike_13': 'at_parking', 'bike_14': 'at_parking', 'bike_15': 'at_parking', 'bike_16': 'at_parking', 'bike_17': 'at_parking', 'bike_18': 'at_parking', 'bike_19': 'at_parking'}
2026-03-15 02:45:20,865 - DEBUG - Found 0 inactive bikes: []
2026-03-15 02:45:20,865 - DEBUG - Attempting to activate bikes at 1390s.
2026-03-15 02:45:20,865 - DEBUG - all_bikes_state at 1390s: {'bike_0': 'at_parking', 'bike_1': 'at_parking', 'bike_2': 'at_parking', 'bike_3': 'at_parking', 'bike_4': 'at_parking', 'bike_5': 'at_parking', 'bike_6': 'at_parking', 'bike_7': 'at_parking', 'bike_8': 'at_parking', 'bike_9': 'at_parking', 'bike_10': 'at_parking', 'bike_11': 'at_parking', 'bike_12': 'at_parking', 'bike_13': 'at_parking', 'bike_14': 'at_parking', 'bike_15': 'at_parking', 'bike_16': 'at_parking', 'bike_17': 'at_parking', 'bike_18': 'at_parking', 'bike_19': 'at_parking'}
2026-03-15 02:45:20,865 - DEBUG - Found 0 inactive bikes: []
2026-03-15 02:45:20,884 - DEBUG - Vehicle vehicle_0 has no bike and no available misplaced bikes with valid routes.
2026-03-15 02:45:20,897 - DEBUG - Vehicle vehicle_0 assigned to reposition to parking parking_2 (travel time: 74.00s).
2026-03-15 02:45:20,897 - DEBUG - Attempting to activate bikes at 1395s.
2026-03-15 02:45:20,897 - DEBUG - all_bikes_state at 1395s: {'bike_0': 'at_parking', 'bike_1': 'at_parking', 'bike_2': 'at_parking', 'bike_3': 'at_parking', 'bike_4': 'at_parking', 'bike_5': 'at_parking', 'bike_6': 'at_parking', 'bike_7': 'at_parking', 'bike_8': 'at_parking', 'bike_9': 'at_parking', 'bike_10': 'at_parking', 'bike_11': 'at_parking', 'bike_12': 'at_parking', 'bike_13': 'at_parking', 'bike_14': 'at_parking', 'bike_15': 'at_parking', 'bike_16': 'at_parking', 'bike_17': 'at_parking', 'bike_18': 'at_parking', 'bike_19': 'at_parking'}
2026-03-15 02:45:20,899 - DEBUG - Found 0 inactive bikes: []
2026-03-15 02:45:20,899 - DEBUG - Attempting to activate bikes at 1400s.
2026-03-15 02:45:20,899 - DEBUG - all_bikes_state at 1400s: {'bike_0': 'at_parking', 'bike_1': 'at_parking', 'bike_2': 'at_parking', 'bike_3': 'at_parking', 'bike_4': 'at_parking', 'bike_5': 'at_parking', 'bike_6': 'at_parking', 'bike_7': 'at_parking', 'bike_8': 'at_parking', 'bike_9': 'at_parking', 'bike_10': 'at_parking', 'bike_11': 'at_parking', 'bike_12': 'at_parking', 'bike_13': 'at_parking', 'bike_14': 'at_parking', 'bike_15': 'at_parking', 'bike_16': 'at_parking', 'bike_17': 'at_parking', 'bike_18': 'at_parking', 'bike_19': 'at_parking'}
2026-03-15 02:45:20,899 - DEBUG - Found 0 inactive bikes: []
2026-03-15 02:45:20,900 - DEBUG - Attempting to activate bikes at 1405s.
2026-03-15 02:45:20,900 - DEBUG - all_bikes_state at 1405s: {'bike_0': 'at_parking', 'bike_1': 'at_parking', 'bike_2': 'at_parking', 'bike_3': 'at_parking', 'bike_4': 'at_parking', 'bike_5': 'at_parking', 'bike_6': 'at_parking', 'bike_7': 'at_parking', 'bike_8': 'at_parking', 'bike_9': 'at_parking', 'bike_10': 'at_parking', 'bike_11': 'at_parking', 'bike_12': 'at_parking', 'bike_13': 'at_parking', 'bike_14': 'at_parking', 'bike_15': 'at_parking', 'bike_16': 'at_parking', 'bike_17': 'at_parking', 'bike_18': 'at_parking', 'bike_19': 'at_parking'}
2026-03-15 02:45:20,900 - DEBUG - Found 0 inactive bikes: []
2026-03-15 02:45:20,919 - DEBUG - Vehicle vehicle_1 has no bike and no available misplaced bikes with valid routes.
2026-03-15 02:45:20,931 - DEBUG - Vehicle vehicle_1 assigned to reposition to parking parking_2 (travel time: 74.00s).
2026-03-15 02:45:20,931 - DEBUG - Attempting to activate bikes at 1410s.
2026-03-15 02:45:20,933 - DEBUG - all_bikes_state at 1410s: {'bike_0': 'at_parking', 'bike_1': 'at_parking', 'bike_2': 'at_parking', 'bike_3': 'at_parking', 'bike_4': 'at_parking', 'bike_5': 'at_parking', 'bike_6': 'at_parking', 'bike_7': 'at_parking', 'bike_8': 'at_parking', 'bike_9': 'at_parking', 'bike_10': 'at_parking', 'bike_11': 'at_parking', 'bike_12': 'at_parking', 'bike_13': 'at_parking', 'bike_14': 'at_parking', 'bike_15': 'at_parking', 'bike_16': 'at_parking', 'bike_17': 'at_parking', 'bike_18': 'at_parking', 'bike_19': 'at_parking'}
2026-03-15 02:45:20,933 - DEBUG - Found 0 inactive bikes: []
2026-03-15 02:45:20,933 - DEBUG - Attempting to activate bikes at 1415s.
2026-03-15 02:45:20,933 - DEBUG - all_bikes_state at 1415s: {'bike_0': 'at_parking', 'bike_1': 'at_parking', 'bike_2': 'at_parking', 'bike_3': 'at_parking', 'bike_4': 'at_parking', 'bike_5': 'at_parking', 'bike_6': 'at_parking', 'bike_7': 'at_parking', 'bike_8': 'at_parking', 'bike_9': 'at_parking', 'bike_10': 'at_parking', 'bike_11': 'at_parking', 'bike_12': 'at_parking', 'bike_13': 'at_parking', 'bike_14': 'at_parking', 'bike_15': 'at_parking', 'bike_16': 'at_parking', 'bike_17': 'at_parking', 'bike_18': 'at_parking', 'bike_19': 'at_parking'}
2026-03-15 02:45:20,933 - DEBUG - Found 0 inactive bikes: []
2026-03-15 02:45:20,952 - DEBUG - Vehicle vehicle_2 has no bike and no available misplaced bikes with valid routes.
2026-03-15 02:45:20,972 - DEBUG - Vehicle vehicle_2 assigned to reposition to parking parking_0 (travel time: 80.00s).
2026-03-15 02:45:20,972 - DEBUG - Attempting to activate bikes at 1420s.
2026-03-15 02:45:20,974 - DEBUG - all_bikes_state at 1420s: {'bike_0': 'at_parking', 'bike_1': 'at_parking', 'bike_2': 'at_parking', 'bike_3': 'at_parking', 'bike_4': 'at_parking', 'bike_5': 'at_parking', 'bike_6': 'at_parking', 'bike_7': 'at_parking', 'bike_8': 'at_parking', 'bike_9': 'at_parking', 'bike_10': 'at_parking', 'bike_11': 'at_parking', 'bike_12': 'at_parking', 'bike_13': 'at_parking', 'bike_14': 'at_parking', 'bike_15': 'at_parking', 'bike_16': 'at_parking', 'bike_17': 'at_parking', 'bike_18': 'at_parking', 'bike_19': 'at_parking'}
2026-03-15 02:45:20,974 - DEBUG - Found 0 inactive bikes: []
2026-03-15 02:45:20,974 - DEBUG - Attempting to activate bikes at 1425s.
2026-03-15 02:45:20,974 - DEBUG - all_bikes_state at 1425s: {'bike_0': 'at_parking', 'bike_1': 'at_parking', 'bike_2': 'at_parking', 'bike_3': 'at_parking', 'bike_4': 'at_parking', 'bike_5': 'at_parking', 'bike_6': 'at_parking', 'bike_7': 'at_parking', 'bike_8': 'at_parking', 'bike_9': 'at_parking', 'bike_10': 'at_parking', 'bike_11': 'at_parking', 'bike_12': 'at_parking', 'bike_13': 'at_parking', 'bike_14': 'at_parking', 'bike_15': 'at_parking', 'bike_16': 'at_parking', 'bike_17': 'at_parking', 'bike_18': 'at_parking', 'bike_19': 'at_parking'}
2026-03-15 02:45:20,974 - DEBUG - Found 0 inactive bikes: []
2026-03-15 02:45:20,975 - DEBUG - Attempting to activate bikes at 1430s.
2026-03-15 02:45:20,975 - DEBUG - all_bikes_state at 1430s: {'bike_0': 'at_parking', 'bike_1': 'at_parking', 'bike_2': 'at_parking', 'bike_3': 'at_parking', 'bike_4': 'at_parking', 'bike_5': 'at_parking', 'bike_6': 'at_parking', 'bike_7': 'at_parking', 'bike_8': 'at_parking', 'bike_9': 'at_parking', 'bike_10': 'at_parking', 'bike_11': 'at_parking', 'bike_12': 'at_parking', 'bike_13': 'at_parking', 'bike_14': 'at_parking', 'bike_15': 'at_parking', 'bike_16': 'at_parking', 'bike_17': 'at_parking', 'bike_18': 'at_parking', 'bike_19': 'at_parking'}
2026-03-15 02:45:20,975 - DEBUG - Found 0 inactive bikes: []
2026-03-15 02:45:20,977 - DEBUG - Attempting to activate bikes at 1435s.
2026-03-15 02:45:20,977 - DEBUG - all_bikes_state at 1435s: {'bike_0': 'at_parking', 'bike_1': 'at_parking', 'bike_2': 'at_parking', 'bike_3': 'at_parking', 'bike_4': 'at_parking', 'bike_5': 'at_parking', 'bike_6': 'at_parking', 'bike_7': 'at_parking', 'bike_8': 'at_parking', 'bike_9': 'at_parking', 'bike_10': 'at_parking', 'bike_11': 'at_parking', 'bike_12': 'at_parking', 'bike_13': 'at_parking', 'bike_14': 'at_parking', 'bike_15': 'at_parking', 'bike_16': 'at_parking', 'bike_17': 'at_parking', 'bike_18': 'at_parking', 'bike_19': 'at_parking'}
2026-03-15 02:45:20,977 - DEBUG - Found 0 inactive bikes: []
2026-03-15 02:45:20,977 - DEBUG - Attempting to activate bikes at 1440s.
2026-03-15 02:45:20,977 - DEBUG - all_bikes_state at 1440s: {'bike_0': 'at_parking', 'bike_1': 'at_parking', 'bike_2': 'at_parking', 'bike_3': 'at_parking', 'bike_4': 'at_parking', 'bike_5': 'at_parking', 'bike_6': 'at_parking', 'bike_7': 'at_parking', 'bike_8': 'at_parking', 'bike_9': 'at_parking', 'bike_10': 'at_parking', 'bike_11': 'at_parking', 'bike_12': 'at_parking', 'bike_13': 'at_parking', 'bike_14': 'at_parking', 'bike_15': 'at_parking', 'bike_16': 'at_parking', 'bike_17': 'at_parking', 'bike_18': 'at_parking', 'bike_19': 'at_parking'}
2026-03-15 02:45:20,977 - DEBUG - Found 0 inactive bikes: []
2026-03-15 02:45:20,979 - DEBUG - Attempting to activate bikes at 1445s.
2026-03-15 02:45:20,979 - DEBUG - all_bikes_state at 1445s: {'bike_0': 'at_parking', 'bike_1': 'at_parking', 'bike_2': 'at_parking', 'bike_3': 'at_parking', 'bike_4': 'at_parking', 'bike_5': 'at_parking', 'bike_6': 'at_parking', 'bike_7': 'at_parking', 'bike_8': 'at_parking', 'bike_9': 'at_parking', 'bike_10': 'at_parking', 'bike_11': 'at_parking', 'bike_12': 'at_parking', 'bike_13': 'at_parking', 'bike_14': 'at_parking', 'bike_15': 'at_parking', 'bike_16': 'at_parking', 'bike_17': 'at_parking', 'bike_18': 'at_parking', 'bike_19': 'at_parking'}
2026-03-15 02:45:20,979 - DEBUG - Found 0 inactive bikes: []
2026-03-15 02:45:20,979 - DEBUG - Attempting to activate bikes at 1450s.
2026-03-15 02:45:20,980 - DEBUG - all_bikes_state at 1450s: {'bike_0': 'at_parking', 'bike_1': 'at_parking', 'bike_2': 'at_parking', 'bike_3': 'at_parking', 'bike_4': 'at_parking', 'bike_5': 'at_parking', 'bike_6': 'at_parking', 'bike_7': 'at_parking', 'bike_8': 'at_parking', 'bike_9': 'at_parking', 'bike_10': 'at_parking', 'bike_11': 'at_parking', 'bike_12': 'at_parking', 'bike_13': 'at_parking', 'bike_14': 'at_parking', 'bike_15': 'at_parking', 'bike_16': 'at_parking', 'bike_17': 'at_parking', 'bike_18': 'at_parking', 'bike_19': 'at_parking'}
2026-03-15 02:45:20,980 - DEBUG - Found 0 inactive bikes: []
2026-03-15 02:45:20,980 - DEBUG - Attempting to activate bikes at 1455s.
2026-03-15 02:45:20,980 - DEBUG - all_bikes_state at 1455s: {'bike_0': 'at_parking', 'bike_1': 'at_parking', 'bike_2': 'at_parking', 'bike_3': 'at_parking', 'bike_4': 'at_parking', 'bike_5': 'at_parking', 'bike_6': 'at_parking', 'bike_7': 'at_parking', 'bike_8': 'at_parking', 'bike_9': 'at_parking', 'bike_10': 'at_parking', 'bike_11': 'at_parking', 'bike_12': 'at_parking', 'bike_13': 'at_parking', 'bike_14': 'at_parking', 'bike_15': 'at_parking', 'bike_16': 'at_parking', 'bike_17': 'at_parking', 'bike_18': 'at_parking', 'bike_19': 'at_parking'}
2026-03-15 02:45:20,980 - DEBUG - Found 0 inactive bikes: []
2026-03-15 02:45:20,982 - DEBUG - Attempting to activate bikes at 1460s.
2026-03-15 02:45:20,982 - DEBUG - all_bikes_state at 1460s: {'bike_0': 'at_parking', 'bike_1': 'at_parking', 'bike_2': 'at_parking', 'bike_3': 'at_parking', 'bike_4': 'at_parking', 'bike_5': 'at_parking', 'bike_6': 'at_parking', 'bike_7': 'at_parking', 'bike_8': 'at_parking', 'bike_9': 'at_parking', 'bike_10': 'at_parking', 'bike_11': 'at_parking', 'bike_12': 'at_parking', 'bike_13': 'at_parking', 'bike_14': 'at_parking', 'bike_15': 'at_parking', 'bike_16': 'at_parking', 'bike_17': 'at_parking', 'bike_18': 'at_parking', 'bike_19': 'at_parking'}
2026-03-15 02:45:20,982 - DEBUG - Found 0 inactive bikes: []
2026-03-15 02:45:20,982 - DEBUG - Attempting to activate bikes at 1465s.
2026-03-15 02:45:20,982 - DEBUG - all_bikes_state at 1465s: {'bike_0': 'at_parking', 'bike_1': 'at_parking', 'bike_2': 'at_parking', 'bike_3': 'at_parking', 'bike_4': 'at_parking', 'bike_5': 'at_parking', 'bike_6': 'at_parking', 'bike_7': 'at_parking', 'bike_8': 'at_parking', 'bike_9': 'at_parking', 'bike_10': 'at_parking', 'bike_11': 'at_parking', 'bike_12': 'at_parking', 'bike_13': 'at_parking', 'bike_14': 'at_parking', 'bike_15': 'at_parking', 'bike_16': 'at_parking', 'bike_17': 'at_parking', 'bike_18': 'at_parking', 'bike_19': 'at_parking'}
2026-03-15 02:45:20,982 - DEBUG - Found 0 inactive bikes: []
2026-03-15 02:45:21,073 - DEBUG - Vehicle vehicle_0 has no bike and no available misplaced bikes with valid routes.
2026-03-15 02:45:21,085 - DEBUG - Vehicle vehicle_0 assigned to reposition to parking parking_1 (travel time: 51.00s).
2026-03-15 02:45:21,085 - DEBUG - Attempting to activate bikes at 1470s.
2026-03-15 02:45:21,085 - DEBUG - all_bikes_state at 1470s: {'bike_0': 'at_parking', 'bike_1': 'at_parking', 'bike_2': 'at_parking', 'bike_3': 'at_parking', 'bike_4': 'at_parking', 'bike_5': 'at_parking', 'bike_6': 'at_parking', 'bike_7': 'at_parking', 'bike_8': 'at_parking', 'bike_9': 'at_parking', 'bike_10': 'at_parking', 'bike_11': 'at_parking', 'bike_12': 'at_parking', 'bike_13': 'at_parking', 'bike_14': 'at_parking', 'bike_15': 'at_parking', 'bike_16': 'at_parking', 'bike_17': 'at_parking', 'bike_18': 'at_parking', 'bike_19': 'at_parking'}
2026-03-15 02:45:21,085 - DEBUG - Found 0 inactive bikes: []
2026-03-15 02:45:21,086 - DEBUG - Attempting to activate bikes at 1475s.
2026-03-15 02:45:21,086 - DEBUG - all_bikes_state at 1475s: {'bike_0': 'at_parking', 'bike_1': 'at_parking', 'bike_2': 'at_parking', 'bike_3': 'at_parking', 'bike_4': 'at_parking', 'bike_5': 'at_parking', 'bike_6': 'at_parking', 'bike_7': 'at_parking', 'bike_8': 'at_parking', 'bike_9': 'at_parking', 'bike_10': 'at_parking', 'bike_11': 'at_parking', 'bike_12': 'at_parking', 'bike_13': 'at_parking', 'bike_14': 'at_parking', 'bike_15': 'at_parking', 'bike_16': 'at_parking', 'bike_17': 'at_parking', 'bike_18': 'at_parking', 'bike_19': 'at_parking'}
2026-03-15 02:45:21,086 - DEBUG - Found 0 inactive bikes: []
2026-03-15 02:45:21,086 - DEBUG - Attempting to activate bikes at 1480s.
2026-03-15 02:45:21,088 - DEBUG - all_bikes_state at 1480s: {'bike_0': 'at_parking', 'bike_1': 'at_parking', 'bike_2': 'at_parking', 'bike_3': 'at_parking', 'bike_4': 'at_parking', 'bike_5': 'at_parking', 'bike_6': 'at_parking', 'bike_7': 'at_parking', 'bike_8': 'at_parking', 'bike_9': 'at_parking', 'bike_10': 'at_parking', 'bike_11': 'at_parking', 'bike_12': 'at_parking', 'bike_13': 'at_parking', 'bike_14': 'at_parking', 'bike_15': 'at_parking', 'bike_16': 'at_parking', 'bike_17': 'at_parking', 'bike_18': 'at_parking', 'bike_19': 'at_parking'}
2026-03-15 02:45:21,088 - DEBUG - Found 0 inactive bikes: []
2026-03-15 02:45:21,105 - DEBUG - Vehicle vehicle_1 has no bike and no available misplaced bikes with valid routes.
2026-03-15 02:45:21,125 - DEBUG - Vehicle vehicle_1 assigned to reposition to parking parking_0 (travel time: 80.00s).
2026-03-15 02:45:21,125 - DEBUG - Attempting to activate bikes at 1485s.
2026-03-15 02:45:21,125 - DEBUG - all_bikes_state at 1485s: {'bike_0': 'at_parking', 'bike_1': 'at_parking', 'bike_2': 'at_parking', 'bike_3': 'at_parking', 'bike_4': 'at_parking', 'bike_5': 'at_parking', 'bike_6': 'at_parking', 'bike_7': 'at_parking', 'bike_8': 'at_parking', 'bike_9': 'at_parking', 'bike_10': 'at_parking', 'bike_11': 'at_parking', 'bike_12': 'at_parking', 'bike_13': 'at_parking', 'bike_14': 'at_parking', 'bike_15': 'at_parking', 'bike_16': 'at_parking', 'bike_17': 'at_parking', 'bike_18': 'at_parking', 'bike_19': 'at_parking'}
2026-03-15 02:45:21,125 - DEBUG - Found 0 inactive bikes: []
2026-03-15 02:45:21,127 - DEBUG - Attempting to activate bikes at 1490s.
2026-03-15 02:45:21,127 - DEBUG - all_bikes_state at 1490s: {'bike_0': 'at_parking', 'bike_1': 'at_parking', 'bike_2': 'at_parking', 'bike_3': 'at_parking', 'bike_4': 'at_parking', 'bike_5': 'at_parking', 'bike_6': 'at_parking', 'bike_7': 'at_parking', 'bike_8': 'at_parking', 'bike_9': 'at_parking', 'bike_10': 'at_parking', 'bike_11': 'at_parking', 'bike_12': 'at_parking', 'bike_13': 'at_parking', 'bike_14': 'at_parking', 'bike_15': 'at_parking', 'bike_16': 'at_parking', 'bike_17': 'at_parking', 'bike_18': 'at_parking', 'bike_19': 'at_parking'}
2026-03-15 02:45:21,127 - DEBUG - Found 0 inactive bikes: []
2026-03-15 02:45:21,128 - DEBUG - Attempting to activate bikes at 1495s.
2026-03-15 02:45:21,128 - DEBUG - all_bikes_state at 1495s: {'bike_0': 'at_parking', 'bike_1': 'at_parking', 'bike_2': 'at_parking', 'bike_3': 'at_parking', 'bike_4': 'at_parking', 'bike_5': 'at_parking', 'bike_6': 'at_parking', 'bike_7': 'at_parking', 'bike_8': 'at_parking', 'bike_9': 'at_parking', 'bike_10': 'at_parking', 'bike_11': 'at_parking', 'bike_12': 'at_parking', 'bike_13': 'at_parking', 'bike_14': 'at_parking', 'bike_15': 'at_parking', 'bike_16': 'at_parking', 'bike_17': 'at_parking', 'bike_18': 'at_parking', 'bike_19': 'at_parking'}
2026-03-15 02:45:21,128 - DEBUG - Found 0 inactive bikes: []
2026-03-15 02:45:21,145 - DEBUG - Vehicle vehicle_2 has no bike and no available misplaced bikes with valid routes.
2026-03-15 02:45:21,157 - DEBUG - Vehicle vehicle_2 assigned to reposition to parking parking_1 (travel time: 51.00s).
2026-03-15 02:45:21,157 - DEBUG - Attempting to activate bikes at 1500s.
2026-03-15 02:45:21,157 - DEBUG - all_bikes_state at 1500s: {'bike_0': 'at_parking', 'bike_1': 'at_parking', 'bike_2': 'at_parking', 'bike_3': 'at_parking', 'bike_4': 'at_parking', 'bike_5': 'at_parking', 'bike_6': 'at_parking', 'bike_7': 'at_parking', 'bike_8': 'at_parking', 'bike_9': 'at_parking', 'bike_10': 'at_parking', 'bike_11': 'at_parking', 'bike_12': 'at_parking', 'bike_13': 'at_parking', 'bike_14': 'at_parking', 'bike_15': 'at_parking', 'bike_16': 'at_parking', 'bike_17': 'at_parking', 'bike_18': 'at_parking', 'bike_19': 'at_parking'}
2026-03-15 02:45:21,157 - DEBUG - Found 0 inactive bikes: []
2026-03-15 02:45:21,158 - DEBUG - Attempting to activate bikes at 1505s.
2026-03-15 02:45:21,158 - DEBUG - all_bikes_state at 1505s: {'bike_0': 'at_parking', 'bike_1': 'at_parking', 'bike_2': 'at_parking', 'bike_3': 'at_parking', 'bike_4': 'at_parking', 'bike_5': 'at_parking', 'bike_6': 'at_parking', 'bike_7': 'at_parking', 'bike_8': 'at_parking', 'bike_9': 'at_parking', 'bike_10': 'at_parking', 'bike_11': 'at_parking', 'bike_12': 'at_parking', 'bike_13': 'at_parking', 'bike_14': 'at_parking', 'bike_15': 'at_parking', 'bike_16': 'at_parking', 'bike_17': 'at_parking', 'bike_18': 'at_parking', 'bike_19': 'at_parking'}
2026-03-15 02:45:21,158 - DEBUG - Found 0 inactive bikes: []
2026-03-15 02:45:21,158 - DEBUG - Attempting to activate bikes at 1510s.
2026-03-15 02:45:21,158 - DEBUG - all_bikes_state at 1510s: {'bike_0': 'at_parking', 'bike_1': 'at_parking', 'bike_2': 'at_parking', 'bike_3': 'at_parking', 'bike_4': 'at_parking', 'bike_5': 'at_parking', 'bike_6': 'at_parking', 'bike_7': 'at_parking', 'bike_8': 'at_parking', 'bike_9': 'at_parking', 'bike_10': 'at_parking', 'bike_11': 'at_parking', 'bike_12': 'at_parking', 'bike_13': 'at_parking', 'bike_14': 'at_parking', 'bike_15': 'at_parking', 'bike_16': 'at_parking', 'bike_17': 'at_parking', 'bike_18': 'at_parking', 'bike_19': 'at_parking'}
2026-03-15 02:45:21,160 - DEBUG - Found 0 inactive bikes: []
2026-03-15 02:45:21,160 - DEBUG - Attempting to activate bikes at 1515s.
2026-03-15 02:45:21,160 - DEBUG - all_bikes_state at 1515s: {'bike_0': 'at_parking', 'bike_1': 'at_parking', 'bike_2': 'at_parking', 'bike_3': 'at_parking', 'bike_4': 'at_parking', 'bike_5': 'at_parking', 'bike_6': 'at_parking', 'bike_7': 'at_parking', 'bike_8': 'at_parking', 'bike_9': 'at_parking', 'bike_10': 'at_parking', 'bike_11': 'at_parking', 'bike_12': 'at_parking', 'bike_13': 'at_parking', 'bike_14': 'at_parking', 'bike_15': 'at_parking', 'bike_16': 'at_parking', 'bike_17': 'at_parking', 'bike_18': 'at_parking', 'bike_19': 'at_parking'}
2026-03-15 02:45:21,160 - DEBUG - Found 0 inactive bikes: []
2026-03-15 02:45:21,160 - DEBUG - Attempting to activate bikes at 1520s.
2026-03-15 02:45:21,160 - DEBUG - all_bikes_state at 1520s: {'bike_0': 'at_parking', 'bike_1': 'at_parking', 'bike_2': 'at_parking', 'bike_3': 'at_parking', 'bike_4': 'at_parking', 'bike_5': 'at_parking', 'bike_6': 'at_parking', 'bike_7': 'at_parking', 'bike_8': 'at_parking', 'bike_9': 'at_parking', 'bike_10': 'at_parking', 'bike_11': 'at_parking', 'bike_12': 'at_parking', 'bike_13': 'at_parking', 'bike_14': 'at_parking', 'bike_15': 'at_parking', 'bike_16': 'at_parking', 'bike_17': 'at_parking', 'bike_18': 'at_parking', 'bike_19': 'at_parking'}
2026-03-15 02:45:21,161 - DEBUG - Found 0 inactive bikes: []
2026-03-15 02:45:21,179 - DEBUG - Vehicle vehicle_0 has no bike and no available misplaced bikes with valid routes.
2026-03-15 02:45:21,199 - DEBUG - Vehicle vehicle_0 assigned to reposition to parking parking_0 (travel time: 80.00s).
2026-03-15 02:45:21,199 - DEBUG - Attempting to activate bikes at 1525s.
2026-03-15 02:45:21,199 - DEBUG - all_bikes_state at 1525s: {'bike_0': 'at_parking', 'bike_1': 'at_parking', 'bike_2': 'at_parking', 'bike_3': 'at_parking', 'bike_4': 'at_parking', 'bike_5': 'at_parking', 'bike_6': 'at_parking', 'bike_7': 'at_parking', 'bike_8': 'at_parking', 'bike_9': 'at_parking', 'bike_10': 'at_parking', 'bike_11': 'at_parking', 'bike_12': 'at_parking', 'bike_13': 'at_parking', 'bike_14': 'at_parking', 'bike_15': 'at_parking', 'bike_16': 'at_parking', 'bike_17': 'at_parking', 'bike_18': 'at_parking', 'bike_19': 'at_parking'}
2026-03-15 02:45:21,199 - DEBUG - Found 0 inactive bikes: []
2026-03-15 02:45:21,201 - DEBUG - Attempting to activate bikes at 1530s.
2026-03-15 02:45:21,201 - DEBUG - all_bikes_state at 1530s: {'bike_0': 'at_parking', 'bike_1': 'at_parking', 'bike_2': 'at_parking', 'bike_3': 'at_parking', 'bike_4': 'at_parking', 'bike_5': 'at_parking', 'bike_6': 'at_parking', 'bike_7': 'at_parking', 'bike_8': 'at_parking', 'bike_9': 'at_parking', 'bike_10': 'at_parking', 'bike_11': 'at_parking', 'bike_12': 'at_parking', 'bike_13': 'at_parking', 'bike_14': 'at_parking', 'bike_15': 'at_parking', 'bike_16': 'at_parking', 'bike_17': 'at_parking', 'bike_18': 'at_parking', 'bike_19': 'at_parking'}
2026-03-15 02:45:21,201 - DEBUG - Found 0 inactive bikes: []
2026-03-15 02:45:21,201 - DEBUG - Attempting to activate bikes at 1535s.
2026-03-15 02:45:21,201 - DEBUG - all_bikes_state at 1535s: {'bike_0': 'at_parking', 'bike_1': 'at_parking', 'bike_2': 'at_parking', 'bike_3': 'at_parking', 'bike_4': 'at_parking', 'bike_5': 'at_parking', 'bike_6': 'at_parking', 'bike_7': 'at_parking', 'bike_8': 'at_parking', 'bike_9': 'at_parking', 'bike_10': 'at_parking', 'bike_11': 'at_parking', 'bike_12': 'at_parking', 'bike_13': 'at_parking', 'bike_14': 'at_parking', 'bike_15': 'at_parking', 'bike_16': 'at_parking', 'bike_17': 'at_parking', 'bike_18': 'at_parking', 'bike_19': 'at_parking'}
2026-03-15 02:45:21,201 - DEBUG - Found 0 inactive bikes: []
2026-03-15 02:45:21,202 - DEBUG - Attempting to activate bikes at 1540s.
2026-03-15 02:45:21,202 - DEBUG - all_bikes_state at 1540s: {'bike_0': 'at_parking', 'bike_1': 'at_parking', 'bike_2': 'at_parking', 'bike_3': 'at_parking', 'bike_4': 'at_parking', 'bike_5': 'at_parking', 'bike_6': 'at_parking', 'bike_7': 'at_parking', 'bike_8': 'at_parking', 'bike_9': 'at_parking', 'bike_10': 'at_parking', 'bike_11': 'at_parking', 'bike_12': 'at_parking', 'bike_13': 'at_parking', 'bike_14': 'at_parking', 'bike_15': 'at_parking', 'bike_16': 'at_parking', 'bike_17': 'at_parking', 'bike_18': 'at_parking', 'bike_19': 'at_parking'}
2026-03-15 02:45:21,202 - DEBUG - Found 0 inactive bikes: []
2026-03-15 02:45:21,202 - DEBUG - Attempting to activate bikes at 1545s.
2026-03-15 02:45:21,202 - DEBUG - all_bikes_state at 1545s: {'bike_0': 'at_parking', 'bike_1': 'at_parking', 'bike_2': 'at_parking', 'bike_3': 'at_parking', 'bike_4': 'at_parking', 'bike_5': 'at_parking', 'bike_6': 'at_parking', 'bike_7': 'at_parking', 'bike_8': 'at_parking', 'bike_9': 'at_parking', 'bike_10': 'at_parking', 'bike_11': 'at_parking', 'bike_12': 'at_parking', 'bike_13': 'at_parking', 'bike_14': 'at_parking', 'bike_15': 'at_parking', 'bike_16': 'at_parking', 'bike_17': 'at_parking', 'bike_18': 'at_parking', 'bike_19': 'at_parking'}
2026-03-15 02:45:21,202 - DEBUG - Found 0 inactive bikes: []
2026-03-15 02:45:21,204 - DEBUG - Attempting to activate bikes at 1550s.
2026-03-15 02:45:21,204 - DEBUG - all_bikes_state at 1550s: {'bike_0': 'at_parking', 'bike_1': 'at_parking', 'bike_2': 'at_parking', 'bike_3': 'at_parking', 'bike_4': 'at_parking', 'bike_5': 'at_parking', 'bike_6': 'at_parking', 'bike_7': 'at_parking', 'bike_8': 'at_parking', 'bike_9': 'at_parking', 'bike_10': 'at_parking', 'bike_11': 'at_parking', 'bike_12': 'at_parking', 'bike_13': 'at_parking', 'bike_14': 'at_parking', 'bike_15': 'at_parking', 'bike_16': 'at_parking', 'bike_17': 'at_parking', 'bike_18': 'at_parking', 'bike_19': 'at_parking'}
2026-03-15 02:45:21,204 - DEBUG - Found 0 inactive bikes: []
2026-03-15 02:45:21,223 - DEBUG - Vehicle vehicle_2 has no bike and no available misplaced bikes with valid routes.
2026-03-15 02:45:21,237 - DEBUG - Vehicle vehicle_2 assigned to reposition to parking parking_1 (travel time: 51.00s).
2026-03-15 02:45:21,237 - DEBUG - Attempting to activate bikes at 1555s.
2026-03-15 02:45:21,237 - DEBUG - all_bikes_state at 1555s: {'bike_0': 'at_parking', 'bike_1': 'at_parking', 'bike_2': 'at_parking', 'bike_3': 'at_parking', 'bike_4': 'at_parking', 'bike_5': 'at_parking', 'bike_6': 'at_parking', 'bike_7': 'at_parking', 'bike_8': 'at_parking', 'bike_9': 'at_parking', 'bike_10': 'at_parking', 'bike_11': 'at_parking', 'bike_12': 'at_parking', 'bike_13': 'at_parking', 'bike_14': 'at_parking', 'bike_15': 'at_parking', 'bike_16': 'at_parking', 'bike_17': 'at_parking', 'bike_18': 'at_parking', 'bike_19': 'at_parking'}
2026-03-15 02:45:21,237 - DEBUG - Found 0 inactive bikes: []
2026-03-15 02:45:21,238 - DEBUG - Attempting to activate bikes at 1560s.
2026-03-15 02:45:21,238 - DEBUG - all_bikes_state at 1560s: {'bike_0': 'at_parking', 'bike_1': 'at_parking', 'bike_2': 'at_parking', 'bike_3': 'at_parking', 'bike_4': 'at_parking', 'bike_5': 'at_parking', 'bike_6': 'at_parking', 'bike_7': 'at_parking', 'bike_8': 'at_parking', 'bike_9': 'at_parking', 'bike_10': 'at_parking', 'bike_11': 'at_parking', 'bike_12': 'at_parking', 'bike_13': 'at_parking', 'bike_14': 'at_parking', 'bike_15': 'at_parking', 'bike_16': 'at_parking', 'bike_17': 'at_parking', 'bike_18': 'at_parking', 'bike_19': 'at_parking'}
2026-03-15 02:45:21,238 - DEBUG - Found 0 inactive bikes: []
2026-03-15 02:45:21,257 - DEBUG - Vehicle vehicle_1 has no bike and no available misplaced bikes with valid routes.
2026-03-15 02:45:21,270 - DEBUG - Vehicle vehicle_1 assigned to reposition to parking parking_2 (travel time: 74.00s).
2026-03-15 02:45:21,270 - DEBUG - Attempting to activate bikes at 1565s.
2026-03-15 02:45:21,270 - DEBUG - all_bikes_state at 1565s: {'bike_0': 'at_parking', 'bike_1': 'at_parking', 'bike_2': 'at_parking', 'bike_3': 'at_parking', 'bike_4': 'at_parking', 'bike_5': 'at_parking', 'bike_6': 'at_parking', 'bike_7': 'at_parking', 'bike_8': 'at_parking', 'bike_9': 'at_parking', 'bike_10': 'at_parking', 'bike_11': 'at_parking', 'bike_12': 'at_parking', 'bike_13': 'at_parking', 'bike_14': 'at_parking', 'bike_15': 'at_parking', 'bike_16': 'at_parking', 'bike_17': 'at_parking', 'bike_18': 'at_parking', 'bike_19': 'at_parking'}
2026-03-15 02:45:21,270 - DEBUG - Found 0 inactive bikes: []
2026-03-15 02:45:21,271 - DEBUG - Attempting to activate bikes at 1570s.
2026-03-15 02:45:21,271 - DEBUG - all_bikes_state at 1570s: {'bike_0': 'at_parking', 'bike_1': 'at_parking', 'bike_2': 'at_parking', 'bike_3': 'at_parking', 'bike_4': 'at_parking', 'bike_5': 'at_parking', 'bike_6': 'at_parking', 'bike_7': 'at_parking', 'bike_8': 'at_parking', 'bike_9': 'at_parking', 'bike_10': 'at_parking', 'bike_11': 'at_parking', 'bike_12': 'at_parking', 'bike_13': 'at_parking', 'bike_14': 'at_parking', 'bike_15': 'at_parking', 'bike_16': 'at_parking', 'bike_17': 'at_parking', 'bike_18': 'at_parking', 'bike_19': 'at_parking'}
2026-03-15 02:45:21,271 - DEBUG - Found 0 inactive bikes: []
2026-03-15 02:45:21,273 - DEBUG - Attempting to activate bikes at 1575s.
2026-03-15 02:45:21,273 - DEBUG - all_bikes_state at 1575s: {'bike_0': 'at_parking', 'bike_1': 'at_parking', 'bike_2': 'at_parking', 'bike_3': 'at_parking', 'bike_4': 'at_parking', 'bike_5': 'at_parking', 'bike_6': 'at_parking', 'bike_7': 'at_parking', 'bike_8': 'at_parking', 'bike_9': 'at_parking', 'bike_10': 'at_parking', 'bike_11': 'at_parking', 'bike_12': 'at_parking', 'bike_13': 'at_parking', 'bike_14': 'at_parking', 'bike_15': 'at_parking', 'bike_16': 'at_parking', 'bike_17': 'at_parking', 'bike_18': 'at_parking', 'bike_19': 'at_parking'}
2026-03-15 02:45:21,273 - DEBUG - Found 0 inactive bikes: []
2026-03-15 02:45:21,273 - DEBUG - Attempting to activate bikes at 1580s.
2026-03-15 02:45:21,273 - DEBUG - all_bikes_state at 1580s: {'bike_0': 'at_parking', 'bike_1': 'at_parking', 'bike_2': 'at_parking', 'bike_3': 'at_parking', 'bike_4': 'at_parking', 'bike_5': 'at_parking', 'bike_6': 'at_parking', 'bike_7': 'at_parking', 'bike_8': 'at_parking', 'bike_9': 'at_parking', 'bike_10': 'at_parking', 'bike_11': 'at_parking', 'bike_12': 'at_parking', 'bike_13': 'at_parking', 'bike_14': 'at_parking', 'bike_15': 'at_parking', 'bike_16': 'at_parking', 'bike_17': 'at_parking', 'bike_18': 'at_parking', 'bike_19': 'at_parking'}
2026-03-15 02:45:21,273 - DEBUG - Found 0 inactive bikes: []
2026-03-15 02:45:21,274 - DEBUG - Attempting to activate bikes at 1585s.
2026-03-15 02:45:21,274 - DEBUG - all_bikes_state at 1585s: {'bike_0': 'at_parking', 'bike_1': 'at_parking', 'bike_2': 'at_parking', 'bike_3': 'at_parking', 'bike_4': 'at_parking', 'bike_5': 'at_parking', 'bike_6': 'at_parking', 'bike_7': 'at_parking', 'bike_8': 'at_parking', 'bike_9': 'at_parking', 'bike_10': 'at_parking', 'bike_11': 'at_parking', 'bike_12': 'at_parking', 'bike_13': 'at_parking', 'bike_14': 'at_parking', 'bike_15': 'at_parking', 'bike_16': 'at_parking', 'bike_17': 'at_parking', 'bike_18': 'at_parking', 'bike_19': 'at_parking'}
2026-03-15 02:45:21,274 - DEBUG - Found 0 inactive bikes: []
2026-03-15 02:45:21,274 - DEBUG - Attempting to activate bikes at 1590s.
2026-03-15 02:45:21,274 - DEBUG - all_bikes_state at 1590s: {'bike_0': 'at_parking', 'bike_1': 'at_parking', 'bike_2': 'at_parking', 'bike_3': 'at_parking', 'bike_4': 'at_parking', 'bike_5': 'at_parking', 'bike_6': 'at_parking', 'bike_7': 'at_parking', 'bike_8': 'at_parking', 'bike_9': 'at_parking', 'bike_10': 'at_parking', 'bike_11': 'at_parking', 'bike_12': 'at_parking', 'bike_13': 'at_parking', 'bike_14': 'at_parking', 'bike_15': 'at_parking', 'bike_16': 'at_parking', 'bike_17': 'at_parking', 'bike_18': 'at_parking', 'bike_19': 'at_parking'}
2026-03-15 02:45:21,276 - DEBUG - Found 0 inactive bikes: []
2026-03-15 02:45:21,276 - DEBUG - Attempting to activate bikes at 1595s.
2026-03-15 02:45:21,276 - DEBUG - all_bikes_state at 1595s: {'bike_0': 'at_parking', 'bike_1': 'at_parking', 'bike_2': 'at_parking', 'bike_3': 'at_parking', 'bike_4': 'at_parking', 'bike_5': 'at_parking', 'bike_6': 'at_parking', 'bike_7': 'at_parking', 'bike_8': 'at_parking', 'bike_9': 'at_parking', 'bike_10': 'at_parking', 'bike_11': 'at_parking', 'bike_12': 'at_parking', 'bike_13': 'at_parking', 'bike_14': 'at_parking', 'bike_15': 'at_parking', 'bike_16': 'at_parking', 'bike_17': 'at_parking', 'bike_18': 'at_parking', 'bike_19': 'at_parking'}
2026-03-15 02:45:21,276 - DEBUG - Found 0 inactive bikes: []
2026-03-15 02:45:21,278 - DEBUG - Attempting to activate bikes at 1600s.
2026-03-15 02:45:21,278 - DEBUG - all_bikes_state at 1600s: {'bike_0': 'at_parking', 'bike_1': 'at_parking', 'bike_2': 'at_parking', 'bike_3': 'at_parking', 'bike_4': 'at_parking', 'bike_5': 'at_parking', 'bike_6': 'at_parking', 'bike_7': 'at_parking', 'bike_8': 'at_parking', 'bike_9': 'at_parking', 'bike_10': 'at_parking', 'bike_11': 'at_parking', 'bike_12': 'at_parking', 'bike_13': 'at_parking', 'bike_14': 'at_parking', 'bike_15': 'at_parking', 'bike_16': 'at_parking', 'bike_17': 'at_parking', 'bike_18': 'at_parking', 'bike_19': 'at_parking'}
2026-03-15 02:45:21,278 - DEBUG - Found 0 inactive bikes: []
2026-03-15 02:45:21,295 - DEBUG - Vehicle vehicle_0 has no bike and no available misplaced bikes with valid routes.
2026-03-15 02:45:21,392 - DEBUG - Vehicle vehicle_0 assigned to reposition to parking parking_0 (travel time: 80.00s).
2026-03-15 02:45:21,392 - DEBUG - Attempting to activate bikes at 1605s.
2026-03-15 02:45:21,394 - DEBUG - all_bikes_state at 1605s: {'bike_0': 'at_parking', 'bike_1': 'at_parking', 'bike_2': 'at_parking', 'bike_3': 'at_parking', 'bike_4': 'at_parking', 'bike_5': 'at_parking', 'bike_6': 'at_parking', 'bike_7': 'at_parking', 'bike_8': 'at_parking', 'bike_9': 'at_parking', 'bike_10': 'at_parking', 'bike_11': 'at_parking', 'bike_12': 'at_parking', 'bike_13': 'at_parking', 'bike_14': 'at_parking', 'bike_15': 'at_parking', 'bike_16': 'at_parking', 'bike_17': 'at_parking', 'bike_18': 'at_parking', 'bike_19': 'at_parking'}
2026-03-15 02:45:21,394 - DEBUG - Found 0 inactive bikes: []
2026-03-15 02:45:21,411 - DEBUG - Vehicle vehicle_2 has no bike and no available misplaced bikes with valid routes.
2026-03-15 02:45:21,426 - DEBUG - Vehicle vehicle_2 assigned to reposition to parking parking_2 (travel time: 74.00s).
2026-03-15 02:45:21,426 - DEBUG - Attempting to activate bikes at 1610s.
2026-03-15 02:45:21,426 - DEBUG - all_bikes_state at 1610s: {'bike_0': 'at_parking', 'bike_1': 'at_parking', 'bike_2': 'at_parking', 'bike_3': 'at_parking', 'bike_4': 'at_parking', 'bike_5': 'at_parking', 'bike_6': 'at_parking', 'bike_7': 'at_parking', 'bike_8': 'at_parking', 'bike_9': 'at_parking', 'bike_10': 'at_parking', 'bike_11': 'at_parking', 'bike_12': 'at_parking', 'bike_13': 'at_parking', 'bike_14': 'at_parking', 'bike_15': 'at_parking', 'bike_16': 'at_parking', 'bike_17': 'at_parking', 'bike_18': 'at_parking', 'bike_19': 'at_parking'}
2026-03-15 02:45:21,426 - DEBUG - Found 0 inactive bikes: []
2026-03-15 02:45:21,427 - DEBUG - Attempting to activate bikes at 1615s.
2026-03-15 02:45:21,427 - DEBUG - all_bikes_state at 1615s: {'bike_0': 'at_parking', 'bike_1': 'at_parking', 'bike_2': 'at_parking', 'bike_3': 'at_parking', 'bike_4': 'at_parking', 'bike_5': 'at_parking', 'bike_6': 'at_parking', 'bike_7': 'at_parking', 'bike_8': 'at_parking', 'bike_9': 'at_parking', 'bike_10': 'at_parking', 'bike_11': 'at_parking', 'bike_12': 'at_parking', 'bike_13': 'at_parking', 'bike_14': 'at_parking', 'bike_15': 'at_parking', 'bike_16': 'at_parking', 'bike_17': 'at_parking', 'bike_18': 'at_parking', 'bike_19': 'at_parking'}
2026-03-15 02:45:21,427 - DEBUG - Found 0 inactive bikes: []
2026-03-15 02:45:21,428 - DEBUG - Attempting to activate bikes at 1620s.
2026-03-15 02:45:21,429 - DEBUG - all_bikes_state at 1620s: {'bike_0': 'at_parking', 'bike_1': 'at_parking', 'bike_2': 'at_parking', 'bike_3': 'at_parking', 'bike_4': 'at_parking', 'bike_5': 'at_parking', 'bike_6': 'at_parking', 'bike_7': 'at_parking', 'bike_8': 'at_parking', 'bike_9': 'at_parking', 'bike_10': 'at_parking', 'bike_11': 'at_parking', 'bike_12': 'at_parking', 'bike_13': 'at_parking', 'bike_14': 'at_parking', 'bike_15': 'at_parking', 'bike_16': 'at_parking', 'bike_17': 'at_parking', 'bike_18': 'at_parking', 'bike_19': 'at_parking'}
2026-03-15 02:45:21,429 - DEBUG - Found 0 inactive bikes: []
2026-03-15 02:45:21,429 - DEBUG - Attempting to activate bikes at 1625s.
2026-03-15 02:45:21,429 - DEBUG - all_bikes_state at 1625s: {'bike_0': 'at_parking', 'bike_1': 'at_parking', 'bike_2': 'at_parking', 'bike_3': 'at_parking', 'bike_4': 'at_parking', 'bike_5': 'at_parking', 'bike_6': 'at_parking', 'bike_7': 'at_parking', 'bike_8': 'at_parking', 'bike_9': 'at_parking', 'bike_10': 'at_parking', 'bike_11': 'at_parking', 'bike_12': 'at_parking', 'bike_13': 'at_parking', 'bike_14': 'at_parking', 'bike_15': 'at_parking', 'bike_16': 'at_parking', 'bike_17': 'at_parking', 'bike_18': 'at_parking', 'bike_19': 'at_parking'}
2026-03-15 02:45:21,429 - DEBUG - Found 0 inactive bikes: []
2026-03-15 02:45:21,430 - DEBUG - Attempting to activate bikes at 1630s.
2026-03-15 02:45:21,430 - DEBUG - all_bikes_state at 1630s: {'bike_0': 'at_parking', 'bike_1': 'at_parking', 'bike_2': 'at_parking', 'bike_3': 'at_parking', 'bike_4': 'at_parking', 'bike_5': 'at_parking', 'bike_6': 'at_parking', 'bike_7': 'at_parking', 'bike_8': 'at_parking', 'bike_9': 'at_parking', 'bike_10': 'at_parking', 'bike_11': 'at_parking', 'bike_12': 'at_parking', 'bike_13': 'at_parking', 'bike_14': 'at_parking', 'bike_15': 'at_parking', 'bike_16': 'at_parking', 'bike_17': 'at_parking', 'bike_18': 'at_parking', 'bike_19': 'at_parking'}
2026-03-15 02:45:21,430 - DEBUG - Found 0 inactive bikes: []
2026-03-15 02:45:21,430 - DEBUG - Attempting to activate bikes at 1635s.
2026-03-15 02:45:21,430 - DEBUG - all_bikes_state at 1635s: {'bike_0': 'at_parking', 'bike_1': 'at_parking', 'bike_2': 'at_parking', 'bike_3': 'at_parking', 'bike_4': 'at_parking', 'bike_5': 'at_parking', 'bike_6': 'at_parking', 'bike_7': 'at_parking', 'bike_8': 'at_parking', 'bike_9': 'at_parking', 'bike_10': 'at_parking', 'bike_11': 'at_parking', 'bike_12': 'at_parking', 'bike_13': 'at_parking', 'bike_14': 'at_parking', 'bike_15': 'at_parking', 'bike_16': 'at_parking', 'bike_17': 'at_parking', 'bike_18': 'at_parking', 'bike_19': 'at_parking'}
2026-03-15 02:45:21,430 - DEBUG - Found 0 inactive bikes: []
2026-03-15 02:45:21,448 - DEBUG - Vehicle vehicle_1 has no bike and no available misplaced bikes with valid routes.
2026-03-15 02:45:21,461 - DEBUG - Vehicle vehicle_1 assigned to reposition to parking parking_2 (travel time: 74.00s).
2026-03-15 02:45:21,463 - DEBUG - Attempting to activate bikes at 1640s.
2026-03-15 02:45:21,463 - DEBUG - all_bikes_state at 1640s: {'bike_0': 'at_parking', 'bike_1': 'at_parking', 'bike_2': 'at_parking', 'bike_3': 'at_parking', 'bike_4': 'at_parking', 'bike_5': 'at_parking', 'bike_6': 'at_parking', 'bike_7': 'at_parking', 'bike_8': 'at_parking', 'bike_9': 'at_parking', 'bike_10': 'at_parking', 'bike_11': 'at_parking', 'bike_12': 'at_parking', 'bike_13': 'at_parking', 'bike_14': 'at_parking', 'bike_15': 'at_parking', 'bike_16': 'at_parking', 'bike_17': 'at_parking', 'bike_18': 'at_parking', 'bike_19': 'at_parking'}
2026-03-15 02:45:21,463 - DEBUG - Found 0 inactive bikes: []
2026-03-15 02:45:21,464 - DEBUG - Attempting to activate bikes at 1645s.
2026-03-15 02:45:21,464 - DEBUG - all_bikes_state at 1645s: {'bike_0': 'at_parking', 'bike_1': 'at_parking', 'bike_2': 'at_parking', 'bike_3': 'at_parking', 'bike_4': 'at_parking', 'bike_5': 'at_parking', 'bike_6': 'at_parking', 'bike_7': 'at_parking', 'bike_8': 'at_parking', 'bike_9': 'at_parking', 'bike_10': 'at_parking', 'bike_11': 'at_parking', 'bike_12': 'at_parking', 'bike_13': 'at_parking', 'bike_14': 'at_parking', 'bike_15': 'at_parking', 'bike_16': 'at_parking', 'bike_17': 'at_parking', 'bike_18': 'at_parking', 'bike_19': 'at_parking'}
2026-03-15 02:45:21,464 - DEBUG - Found 0 inactive bikes: []
2026-03-15 02:45:21,464 - DEBUG - Attempting to activate bikes at 1650s.
2026-03-15 02:45:21,464 - DEBUG - all_bikes_state at 1650s: {'bike_0': 'at_parking', 'bike_1': 'at_parking', 'bike_2': 'at_parking', 'bike_3': 'at_parking', 'bike_4': 'at_parking', 'bike_5': 'at_parking', 'bike_6': 'at_parking', 'bike_7': 'at_parking', 'bike_8': 'at_parking', 'bike_9': 'at_parking', 'bike_10': 'at_parking', 'bike_11': 'at_parking', 'bike_12': 'at_parking', 'bike_13': 'at_parking', 'bike_14': 'at_parking', 'bike_15': 'at_parking', 'bike_16': 'at_parking', 'bike_17': 'at_parking', 'bike_18': 'at_parking', 'bike_19': 'at_parking'}
2026-03-15 02:45:21,466 - DEBUG - Found 0 inactive bikes: []
2026-03-15 02:45:21,466 - DEBUG - Attempting to activate bikes at 1655s.
2026-03-15 02:45:21,466 - DEBUG - all_bikes_state at 1655s: {'bike_0': 'at_parking', 'bike_1': 'at_parking', 'bike_2': 'at_parking', 'bike_3': 'at_parking', 'bike_4': 'at_parking', 'bike_5': 'at_parking', 'bike_6': 'at_parking', 'bike_7': 'at_parking', 'bike_8': 'at_parking', 'bike_9': 'at_parking', 'bike_10': 'at_parking', 'bike_11': 'at_parking', 'bike_12': 'at_parking', 'bike_13': 'at_parking', 'bike_14': 'at_parking', 'bike_15': 'at_parking', 'bike_16': 'at_parking', 'bike_17': 'at_parking', 'bike_18': 'at_parking', 'bike_19': 'at_parking'}
2026-03-15 02:45:21,466 - DEBUG - Found 0 inactive bikes: []
2026-03-15 02:45:21,466 - DEBUG - Attempting to activate bikes at 1660s.
2026-03-15 02:45:21,467 - DEBUG - all_bikes_state at 1660s: {'bike_0': 'at_parking', 'bike_1': 'at_parking', 'bike_2': 'at_parking', 'bike_3': 'at_parking', 'bike_4': 'at_parking', 'bike_5': 'at_parking', 'bike_6': 'at_parking', 'bike_7': 'at_parking', 'bike_8': 'at_parking', 'bike_9': 'at_parking', 'bike_10': 'at_parking', 'bike_11': 'at_parking', 'bike_12': 'at_parking', 'bike_13': 'at_parking', 'bike_14': 'at_parking', 'bike_15': 'at_parking', 'bike_16': 'at_parking', 'bike_17': 'at_parking', 'bike_18': 'at_parking', 'bike_19': 'at_parking'}
2026-03-15 02:45:21,467 - DEBUG - Found 0 inactive bikes: []
2026-03-15 02:45:21,467 - DEBUG - Attempting to activate bikes at 1665s.
2026-03-15 02:45:21,467 - DEBUG - all_bikes_state at 1665s: {'bike_0': 'at_parking', 'bike_1': 'at_parking', 'bike_2': 'at_parking', 'bike_3': 'at_parking', 'bike_4': 'at_parking', 'bike_5': 'at_parking', 'bike_6': 'at_parking', 'bike_7': 'at_parking', 'bike_8': 'at_parking', 'bike_9': 'at_parking', 'bike_10': 'at_parking', 'bike_11': 'at_parking', 'bike_12': 'at_parking', 'bike_13': 'at_parking', 'bike_14': 'at_parking', 'bike_15': 'at_parking', 'bike_16': 'at_parking', 'bike_17': 'at_parking', 'bike_18': 'at_parking', 'bike_19': 'at_parking'}
2026-03-15 02:45:21,467 - DEBUG - Found 0 inactive bikes: []
2026-03-15 02:45:21,469 - DEBUG - Attempting to activate bikes at 1670s.
2026-03-15 02:45:21,469 - DEBUG - all_bikes_state at 1670s: {'bike_0': 'at_parking', 'bike_1': 'at_parking', 'bike_2': 'at_parking', 'bike_3': 'at_parking', 'bike_4': 'at_parking', 'bike_5': 'at_parking', 'bike_6': 'at_parking', 'bike_7': 'at_parking', 'bike_8': 'at_parking', 'bike_9': 'at_parking', 'bike_10': 'at_parking', 'bike_11': 'at_parking', 'bike_12': 'at_parking', 'bike_13': 'at_parking', 'bike_14': 'at_parking', 'bike_15': 'at_parking', 'bike_16': 'at_parking', 'bike_17': 'at_parking', 'bike_18': 'at_parking', 'bike_19': 'at_parking'}
2026-03-15 02:45:21,469 - DEBUG - Found 0 inactive bikes: []
2026-03-15 02:45:21,469 - DEBUG - Attempting to activate bikes at 1675s.
2026-03-15 02:45:21,469 - DEBUG - all_bikes_state at 1675s: {'bike_0': 'at_parking', 'bike_1': 'at_parking', 'bike_2': 'at_parking', 'bike_3': 'at_parking', 'bike_4': 'at_parking', 'bike_5': 'at_parking', 'bike_6': 'at_parking', 'bike_7': 'at_parking', 'bike_8': 'at_parking', 'bike_9': 'at_parking', 'bike_10': 'at_parking', 'bike_11': 'at_parking', 'bike_12': 'at_parking', 'bike_13': 'at_parking', 'bike_14': 'at_parking', 'bike_15': 'at_parking', 'bike_16': 'at_parking', 'bike_17': 'at_parking', 'bike_18': 'at_parking', 'bike_19': 'at_parking'}
2026-03-15 02:45:21,469 - DEBUG - Found 0 inactive bikes: []
2026-03-15 02:45:21,471 - DEBUG - Attempting to activate bikes at 1680s.
2026-03-15 02:45:21,471 - DEBUG - all_bikes_state at 1680s: {'bike_0': 'at_parking', 'bike_1': 'at_parking', 'bike_2': 'at_parking', 'bike_3': 'at_parking', 'bike_4': 'at_parking', 'bike_5': 'at_parking', 'bike_6': 'at_parking', 'bike_7': 'at_parking', 'bike_8': 'at_parking', 'bike_9': 'at_parking', 'bike_10': 'at_parking', 'bike_11': 'at_parking', 'bike_12': 'at_parking', 'bike_13': 'at_parking', 'bike_14': 'at_parking', 'bike_15': 'at_parking', 'bike_16': 'at_parking', 'bike_17': 'at_parking', 'bike_18': 'at_parking', 'bike_19': 'at_parking'}
2026-03-15 02:45:21,471 - DEBUG - Found 0 inactive bikes: []
2026-03-15 02:45:21,488 - DEBUG - Vehicle vehicle_0 has no bike and no available misplaced bikes with valid routes.
2026-03-15 02:45:21,508 - DEBUG - Vehicle vehicle_0 assigned to reposition to parking parking_0 (travel time: 80.00s).
2026-03-15 02:45:21,526 - DEBUG - Vehicle vehicle_2 has no bike and no available misplaced bikes with valid routes.
2026-03-15 02:45:21,536 - DEBUG - Vehicle vehicle_2 assigned to reposition to parking parking_1 (travel time: 51.00s).
2026-03-15 02:45:21,536 - DEBUG - Attempting to activate bikes at 1685s.
2026-03-15 02:45:21,536 - DEBUG - all_bikes_state at 1685s: {'bike_0': 'at_parking', 'bike_1': 'at_parking', 'bike_2': 'at_parking', 'bike_3': 'at_parking', 'bike_4': 'at_parking', 'bike_5': 'at_parking', 'bike_6': 'at_parking', 'bike_7': 'at_parking', 'bike_8': 'at_parking', 'bike_9': 'at_parking', 'bike_10': 'at_parking', 'bike_11': 'at_parking', 'bike_12': 'at_parking', 'bike_13': 'at_parking', 'bike_14': 'at_parking', 'bike_15': 'at_parking', 'bike_16': 'at_parking', 'bike_17': 'at_parking', 'bike_18': 'at_parking', 'bike_19': 'at_parking'}
2026-03-15 02:45:21,537 - DEBUG - Found 0 inactive bikes: []
2026-03-15 02:45:21,537 - DEBUG - Attempting to activate bikes at 1690s.
2026-03-15 02:45:21,537 - DEBUG - all_bikes_state at 1690s: {'bike_0': 'at_parking', 'bike_1': 'at_parking', 'bike_2': 'at_parking', 'bike_3': 'at_parking', 'bike_4': 'at_parking', 'bike_5': 'at_parking', 'bike_6': 'at_parking', 'bike_7': 'at_parking', 'bike_8': 'at_parking', 'bike_9': 'at_parking', 'bike_10': 'at_parking', 'bike_11': 'at_parking', 'bike_12': 'at_parking', 'bike_13': 'at_parking', 'bike_14': 'at_parking', 'bike_15': 'at_parking', 'bike_16': 'at_parking', 'bike_17': 'at_parking', 'bike_18': 'at_parking', 'bike_19': 'at_parking'}
2026-03-15 02:45:21,537 - DEBUG - Found 0 inactive bikes: []
2026-03-15 02:45:21,537 - DEBUG - Attempting to activate bikes at 1695s.
2026-03-15 02:45:21,537 - DEBUG - all_bikes_state at 1695s: {'bike_0': 'at_parking', 'bike_1': 'at_parking', 'bike_2': 'at_parking', 'bike_3': 'at_parking', 'bike_4': 'at_parking', 'bike_5': 'at_parking', 'bike_6': 'at_parking', 'bike_7': 'at_parking', 'bike_8': 'at_parking', 'bike_9': 'at_parking', 'bike_10': 'at_parking', 'bike_11': 'at_parking', 'bike_12': 'at_parking', 'bike_13': 'at_parking', 'bike_14': 'at_parking', 'bike_15': 'at_parking', 'bike_16': 'at_parking', 'bike_17': 'at_parking', 'bike_18': 'at_parking', 'bike_19': 'at_parking'}
2026-03-15 02:45:21,537 - DEBUG - Found 0 inactive bikes: []
2026-03-15 02:45:21,539 - DEBUG - Attempting to activate bikes at 1700s.
2026-03-15 02:45:21,539 - DEBUG - all_bikes_state at 1700s: {'bike_0': 'at_parking', 'bike_1': 'at_parking', 'bike_2': 'at_parking', 'bike_3': 'at_parking', 'bike_4': 'at_parking', 'bike_5': 'at_parking', 'bike_6': 'at_parking', 'bike_7': 'at_parking', 'bike_8': 'at_parking', 'bike_9': 'at_parking', 'bike_10': 'at_parking', 'bike_11': 'at_parking', 'bike_12': 'at_parking', 'bike_13': 'at_parking', 'bike_14': 'at_parking', 'bike_15': 'at_parking', 'bike_16': 'at_parking', 'bike_17': 'at_parking', 'bike_18': 'at_parking', 'bike_19': 'at_parking'}
2026-03-15 02:45:21,539 - DEBUG - Found 0 inactive bikes: []
2026-03-15 02:45:21,539 - DEBUG - Attempting to activate bikes at 1705s.
2026-03-15 02:45:21,539 - DEBUG - all_bikes_state at 1705s: {'bike_0': 'at_parking', 'bike_1': 'at_parking', 'bike_2': 'at_parking', 'bike_3': 'at_parking', 'bike_4': 'at_parking', 'bike_5': 'at_parking', 'bike_6': 'at_parking', 'bike_7': 'at_parking', 'bike_8': 'at_parking', 'bike_9': 'at_parking', 'bike_10': 'at_parking', 'bike_11': 'at_parking', 'bike_12': 'at_parking', 'bike_13': 'at_parking', 'bike_14': 'at_parking', 'bike_15': 'at_parking', 'bike_16': 'at_parking', 'bike_17': 'at_parking', 'bike_18': 'at_parking', 'bike_19': 'at_parking'}
2026-03-15 02:45:21,539 - DEBUG - Found 0 inactive bikes: []
2026-03-15 02:45:21,540 - DEBUG - Attempting to activate bikes at 1710s.
2026-03-15 02:45:21,540 - DEBUG - all_bikes_state at 1710s: {'bike_0': 'at_parking', 'bike_1': 'at_parking', 'bike_2': 'at_parking', 'bike_3': 'at_parking', 'bike_4': 'at_parking', 'bike_5': 'at_parking', 'bike_6': 'at_parking', 'bike_7': 'at_parking', 'bike_8': 'at_parking', 'bike_9': 'at_parking', 'bike_10': 'at_parking', 'bike_11': 'at_parking', 'bike_12': 'at_parking', 'bike_13': 'at_parking', 'bike_14': 'at_parking', 'bike_15': 'at_parking', 'bike_16': 'at_parking', 'bike_17': 'at_parking', 'bike_18': 'at_parking', 'bike_19': 'at_parking'}
2026-03-15 02:45:21,540 - DEBUG - Found 0 inactive bikes: []
2026-03-15 02:45:21,557 - DEBUG - Vehicle vehicle_1 has no bike and no available misplaced bikes with valid routes.
2026-03-15 02:45:21,568 - DEBUG - Vehicle vehicle_1 assigned to reposition to parking parking_1 (travel time: 51.00s).
2026-03-15 02:45:21,570 - DEBUG - Attempting to activate bikes at 1715s.
2026-03-15 02:45:21,570 - DEBUG - all_bikes_state at 1715s: {'bike_0': 'at_parking', 'bike_1': 'at_parking', 'bike_2': 'at_parking', 'bike_3': 'at_parking', 'bike_4': 'at_parking', 'bike_5': 'at_parking', 'bike_6': 'at_parking', 'bike_7': 'at_parking', 'bike_8': 'at_parking', 'bike_9': 'at_parking', 'bike_10': 'at_parking', 'bike_11': 'at_parking', 'bike_12': 'at_parking', 'bike_13': 'at_parking', 'bike_14': 'at_parking', 'bike_15': 'at_parking', 'bike_16': 'at_parking', 'bike_17': 'at_parking', 'bike_18': 'at_parking', 'bike_19': 'at_parking'}
2026-03-15 02:45:21,570 - DEBUG - Found 0 inactive bikes: []
2026-03-15 02:45:21,571 - DEBUG - Attempting to activate bikes at 1720s.
2026-03-15 02:45:21,572 - DEBUG - all_bikes_state at 1720s: {'bike_0': 'at_parking', 'bike_1': 'at_parking', 'bike_2': 'at_parking', 'bike_3': 'at_parking', 'bike_4': 'at_parking', 'bike_5': 'at_parking', 'bike_6': 'at_parking', 'bike_7': 'at_parking', 'bike_8': 'at_parking', 'bike_9': 'at_parking', 'bike_10': 'at_parking', 'bike_11': 'at_parking', 'bike_12': 'at_parking', 'bike_13': 'at_parking', 'bike_14': 'at_parking', 'bike_15': 'at_parking', 'bike_16': 'at_parking', 'bike_17': 'at_parking', 'bike_18': 'at_parking', 'bike_19': 'at_parking'}
2026-03-15 02:45:21,572 - DEBUG - Found 0 inactive bikes: []
2026-03-15 02:45:21,572 - DEBUG - Attempting to activate bikes at 1725s.
2026-03-15 02:45:21,572 - DEBUG - all_bikes_state at 1725s: {'bike_0': 'at_parking', 'bike_1': 'at_parking', 'bike_2': 'at_parking', 'bike_3': 'at_parking', 'bike_4': 'at_parking', 'bike_5': 'at_parking', 'bike_6': 'at_parking', 'bike_7': 'at_parking', 'bike_8': 'at_parking', 'bike_9': 'at_parking', 'bike_10': 'at_parking', 'bike_11': 'at_parking', 'bike_12': 'at_parking', 'bike_13': 'at_parking', 'bike_14': 'at_parking', 'bike_15': 'at_parking', 'bike_16': 'at_parking', 'bike_17': 'at_parking', 'bike_18': 'at_parking', 'bike_19': 'at_parking'}
2026-03-15 02:45:21,573 - DEBUG - Found 0 inactive bikes: []
2026-03-15 02:45:21,573 - DEBUG - Attempting to activate bikes at 1730s.
2026-03-15 02:45:21,573 - DEBUG - all_bikes_state at 1730s: {'bike_0': 'at_parking', 'bike_1': 'at_parking', 'bike_2': 'at_parking', 'bike_3': 'at_parking', 'bike_4': 'at_parking', 'bike_5': 'at_parking', 'bike_6': 'at_parking', 'bike_7': 'at_parking', 'bike_8': 'at_parking', 'bike_9': 'at_parking', 'bike_10': 'at_parking', 'bike_11': 'at_parking', 'bike_12': 'at_parking', 'bike_13': 'at_parking', 'bike_14': 'at_parking', 'bike_15': 'at_parking', 'bike_16': 'at_parking', 'bike_17': 'at_parking', 'bike_18': 'at_parking', 'bike_19': 'at_parking'}
2026-03-15 02:45:21,573 - DEBUG - Found 0 inactive bikes: []
2026-03-15 02:45:21,573 - DEBUG - Attempting to activate bikes at 1735s.
2026-03-15 02:45:21,573 - DEBUG - all_bikes_state at 1735s: {'bike_0': 'at_parking', 'bike_1': 'at_parking', 'bike_2': 'at_parking', 'bike_3': 'at_parking', 'bike_4': 'at_parking', 'bike_5': 'at_parking', 'bike_6': 'at_parking', 'bike_7': 'at_parking', 'bike_8': 'at_parking', 'bike_9': 'at_parking', 'bike_10': 'at_parking', 'bike_11': 'at_parking', 'bike_12': 'at_parking', 'bike_13': 'at_parking', 'bike_14': 'at_parking', 'bike_15': 'at_parking', 'bike_16': 'at_parking', 'bike_17': 'at_parking', 'bike_18': 'at_parking', 'bike_19': 'at_parking'}
2026-03-15 02:45:21,573 - DEBUG - Found 0 inactive bikes: []
2026-03-15 02:45:21,594 - DEBUG - Vehicle vehicle_2 has no bike and no available misplaced bikes with valid routes.
2026-03-15 02:45:21,618 - DEBUG - Vehicle vehicle_2 assigned to reposition to parking parking_0 (travel time: 80.00s).
2026-03-15 02:45:21,618 - DEBUG - Attempting to activate bikes at 1740s.
2026-03-15 02:45:21,619 - DEBUG - all_bikes_state at 1740s: {'bike_0': 'at_parking', 'bike_1': 'at_parking', 'bike_2': 'at_parking', 'bike_3': 'at_parking', 'bike_4': 'at_parking', 'bike_5': 'at_parking', 'bike_6': 'at_parking', 'bike_7': 'at_parking', 'bike_8': 'at_parking', 'bike_9': 'at_parking', 'bike_10': 'at_parking', 'bike_11': 'at_parking', 'bike_12': 'at_parking', 'bike_13': 'at_parking', 'bike_14': 'at_parking', 'bike_15': 'at_parking', 'bike_16': 'at_parking', 'bike_17': 'at_parking', 'bike_18': 'at_parking', 'bike_19': 'at_parking'}
2026-03-15 02:45:21,620 - DEBUG - Found 0 inactive bikes: []
2026-03-15 02:45:21,620 - DEBUG - Attempting to activate bikes at 1745s.
2026-03-15 02:45:21,621 - DEBUG - all_bikes_state at 1745s: {'bike_0': 'at_parking', 'bike_1': 'at_parking', 'bike_2': 'at_parking', 'bike_3': 'at_parking', 'bike_4': 'at_parking', 'bike_5': 'at_parking', 'bike_6': 'at_parking', 'bike_7': 'at_parking', 'bike_8': 'at_parking', 'bike_9': 'at_parking', 'bike_10': 'at_parking', 'bike_11': 'at_parking', 'bike_12': 'at_parking', 'bike_13': 'at_parking', 'bike_14': 'at_parking', 'bike_15': 'at_parking', 'bike_16': 'at_parking', 'bike_17': 'at_parking', 'bike_18': 'at_parking', 'bike_19': 'at_parking'}
2026-03-15 02:45:21,621 - DEBUG - Found 0 inactive bikes: []
2026-03-15 02:45:21,621 - DEBUG - Attempting to activate bikes at 1750s.
2026-03-15 02:45:21,621 - DEBUG - all_bikes_state at 1750s: {'bike_0': 'at_parking', 'bike_1': 'at_parking', 'bike_2': 'at_parking', 'bike_3': 'at_parking', 'bike_4': 'at_parking', 'bike_5': 'at_parking', 'bike_6': 'at_parking', 'bike_7': 'at_parking', 'bike_8': 'at_parking', 'bike_9': 'at_parking', 'bike_10': 'at_parking', 'bike_11': 'at_parking', 'bike_12': 'at_parking', 'bike_13': 'at_parking', 'bike_14': 'at_parking', 'bike_15': 'at_parking', 'bike_16': 'at_parking', 'bike_17': 'at_parking', 'bike_18': 'at_parking', 'bike_19': 'at_parking'}
2026-03-15 02:45:21,622 - DEBUG - Found 0 inactive bikes: []
2026-03-15 02:45:21,623 - DEBUG - Attempting to activate bikes at 1755s.
2026-03-15 02:45:21,623 - DEBUG - all_bikes_state at 1755s: {'bike_0': 'at_parking', 'bike_1': 'at_parking', 'bike_2': 'at_parking', 'bike_3': 'at_parking', 'bike_4': 'at_parking', 'bike_5': 'at_parking', 'bike_6': 'at_parking', 'bike_7': 'at_parking', 'bike_8': 'at_parking', 'bike_9': 'at_parking', 'bike_10': 'at_parking', 'bike_11': 'at_parking', 'bike_12': 'at_parking', 'bike_13': 'at_parking', 'bike_14': 'at_parking', 'bike_15': 'at_parking', 'bike_16': 'at_parking', 'bike_17': 'at_parking', 'bike_18': 'at_parking', 'bike_19': 'at_parking'}
2026-03-15 02:45:21,623 - DEBUG - Found 0 inactive bikes: []
2026-03-15 02:45:21,623 - DEBUG - Attempting to activate bikes at 1760s.
2026-03-15 02:45:21,624 - DEBUG - all_bikes_state at 1760s: {'bike_0': 'at_parking', 'bike_1': 'at_parking', 'bike_2': 'at_parking', 'bike_3': 'at_parking', 'bike_4': 'at_parking', 'bike_5': 'at_parking', 'bike_6': 'at_parking', 'bike_7': 'at_parking', 'bike_8': 'at_parking', 'bike_9': 'at_parking', 'bike_10': 'at_parking', 'bike_11': 'at_parking', 'bike_12': 'at_parking', 'bike_13': 'at_parking', 'bike_14': 'at_parking', 'bike_15': 'at_parking', 'bike_16': 'at_parking', 'bike_17': 'at_parking', 'bike_18': 'at_parking', 'bike_19': 'at_parking'}
2026-03-15 02:45:21,624 - DEBUG - Found 0 inactive bikes: []
2026-03-15 02:45:21,727 - DEBUG - Vehicle vehicle_0 has no bike and no available misplaced bikes with valid routes.
2026-03-15 02:45:21,749 - DEBUG - Vehicle vehicle_0 assigned to reposition to parking parking_0 (travel time: 80.00s).
2026-03-15 02:45:21,749 - DEBUG - Attempting to activate bikes at 1765s.
2026-03-15 02:45:21,751 - DEBUG - all_bikes_state at 1765s: {'bike_0': 'at_parking', 'bike_1': 'at_parking', 'bike_2': 'at_parking', 'bike_3': 'at_parking', 'bike_4': 'at_parking', 'bike_5': 'at_parking', 'bike_6': 'at_parking', 'bike_7': 'at_parking', 'bike_8': 'at_parking', 'bike_9': 'at_parking', 'bike_10': 'at_parking', 'bike_11': 'at_parking', 'bike_12': 'at_parking', 'bike_13': 'at_parking', 'bike_14': 'at_parking', 'bike_15': 'at_parking', 'bike_16': 'at_parking', 'bike_17': 'at_parking', 'bike_18': 'at_parking', 'bike_19': 'at_parking'}
2026-03-15 02:45:21,751 - DEBUG - Found 0 inactive bikes: []
2026-03-15 02:45:21,772 - DEBUG - Vehicle vehicle_1 has no bike and no available misplaced bikes with valid routes.
2026-03-15 02:45:21,783 - DEBUG - Vehicle vehicle_1 assigned to reposition to parking parking_1 (travel time: 51.00s).
2026-03-15 02:45:21,783 - DEBUG - Attempting to activate bikes at 1770s.
2026-03-15 02:45:21,784 - DEBUG - all_bikes_state at 1770s: {'bike_0': 'at_parking', 'bike_1': 'at_parking', 'bike_2': 'at_parking', 'bike_3': 'at_parking', 'bike_4': 'at_parking', 'bike_5': 'at_parking', 'bike_6': 'at_parking', 'bike_7': 'at_parking', 'bike_8': 'at_parking', 'bike_9': 'at_parking', 'bike_10': 'at_parking', 'bike_11': 'at_parking', 'bike_12': 'at_parking', 'bike_13': 'at_parking', 'bike_14': 'at_parking', 'bike_15': 'at_parking', 'bike_16': 'at_parking', 'bike_17': 'at_parking', 'bike_18': 'at_parking', 'bike_19': 'at_parking'}
2026-03-15 02:45:21,784 - DEBUG - Found 0 inactive bikes: []
2026-03-15 02:45:21,784 - DEBUG - Attempting to activate bikes at 1775s.
2026-03-15 02:45:21,786 - DEBUG - all_bikes_state at 1775s: {'bike_0': 'at_parking', 'bike_1': 'at_parking', 'bike_2': 'at_parking', 'bike_3': 'at_parking', 'bike_4': 'at_parking', 'bike_5': 'at_parking', 'bike_6': 'at_parking', 'bike_7': 'at_parking', 'bike_8': 'at_parking', 'bike_9': 'at_parking', 'bike_10': 'at_parking', 'bike_11': 'at_parking', 'bike_12': 'at_parking', 'bike_13': 'at_parking', 'bike_14': 'at_parking', 'bike_15': 'at_parking', 'bike_16': 'at_parking', 'bike_17': 'at_parking', 'bike_18': 'at_parking', 'bike_19': 'at_parking'}
2026-03-15 02:45:21,786 - DEBUG - Found 0 inactive bikes: []
2026-03-15 02:45:21,786 - DEBUG - Attempting to activate bikes at 1780s.
2026-03-15 02:45:21,786 - DEBUG - all_bikes_state at 1780s: {'bike_0': 'at_parking', 'bike_1': 'at_parking', 'bike_2': 'at_parking', 'bike_3': 'at_parking', 'bike_4': 'at_parking', 'bike_5': 'at_parking', 'bike_6': 'at_parking', 'bike_7': 'at_parking', 'bike_8': 'at_parking', 'bike_9': 'at_parking', 'bike_10': 'at_parking', 'bike_11': 'at_parking', 'bike_12': 'at_parking', 'bike_13': 'at_parking', 'bike_14': 'at_parking', 'bike_15': 'at_parking', 'bike_16': 'at_parking', 'bike_17': 'at_parking', 'bike_18': 'at_parking', 'bike_19': 'at_parking'}
2026-03-15 02:45:21,786 - DEBUG - Found 0 inactive bikes: []
2026-03-15 02:45:21,788 - DEBUG - Attempting to activate bikes at 1785s.
2026-03-15 02:45:21,788 - DEBUG - all_bikes_state at 1785s: {'bike_0': 'at_parking', 'bike_1': 'at_parking', 'bike_2': 'at_parking', 'bike_3': 'at_parking', 'bike_4': 'at_parking', 'bike_5': 'at_parking', 'bike_6': 'at_parking', 'bike_7': 'at_parking', 'bike_8': 'at_parking', 'bike_9': 'at_parking', 'bike_10': 'at_parking', 'bike_11': 'at_parking', 'bike_12': 'at_parking', 'bike_13': 'at_parking', 'bike_14': 'at_parking', 'bike_15': 'at_parking', 'bike_16': 'at_parking', 'bike_17': 'at_parking', 'bike_18': 'at_parking', 'bike_19': 'at_parking'}
2026-03-15 02:45:21,788 - DEBUG - Found 0 inactive bikes: []
2026-03-15 02:45:21,788 - DEBUG - Attempting to activate bikes at 1790s.
2026-03-15 02:45:21,789 - DEBUG - all_bikes_state at 1790s: {'bike_0': 'at_parking', 'bike_1': 'at_parking', 'bike_2': 'at_parking', 'bike_3': 'at_parking', 'bike_4': 'at_parking', 'bike_5': 'at_parking', 'bike_6': 'at_parking', 'bike_7': 'at_parking', 'bike_8': 'at_parking', 'bike_9': 'at_parking', 'bike_10': 'at_parking', 'bike_11': 'at_parking', 'bike_12': 'at_parking', 'bike_13': 'at_parking', 'bike_14': 'at_parking', 'bike_15': 'at_parking', 'bike_16': 'at_parking', 'bike_17': 'at_parking', 'bike_18': 'at_parking', 'bike_19': 'at_parking'}
2026-03-15 02:45:21,789 - DEBUG - Found 0 inactive bikes: []
2026-03-15 02:45:21,789 - DEBUG - Attempting to activate bikes at 1795s.
2026-03-15 02:45:21,789 - DEBUG - all_bikes_state at 1795s: {'bike_0': 'at_parking', 'bike_1': 'at_parking', 'bike_2': 'at_parking', 'bike_3': 'at_parking', 'bike_4': 'at_parking', 'bike_5': 'at_parking', 'bike_6': 'at_parking', 'bike_7': 'at_parking', 'bike_8': 'at_parking', 'bike_9': 'at_parking', 'bike_10': 'at_parking', 'bike_11': 'at_parking', 'bike_12': 'at_parking', 'bike_13': 'at_parking', 'bike_14': 'at_parking', 'bike_15': 'at_parking', 'bike_16': 'at_parking', 'bike_17': 'at_parking', 'bike_18': 'at_parking', 'bike_19': 'at_parking'}
2026-03-15 02:45:21,789 - DEBUG - Found 0 inactive bikes: []
2026-03-15 02:45:21,789 - DEBUG - Attempting to activate bikes at 1800s.
2026-03-15 02:45:21,789 - DEBUG - all_bikes_state at 1800s: {'bike_0': 'at_parking', 'bike_1': 'at_parking', 'bike_2': 'at_parking', 'bike_3': 'at_parking', 'bike_4': 'at_parking', 'bike_5': 'at_parking', 'bike_6': 'at_parking', 'bike_7': 'at_parking', 'bike_8': 'at_parking', 'bike_9': 'at_parking', 'bike_10': 'at_parking', 'bike_11': 'at_parking', 'bike_12': 'at_parking', 'bike_13': 'at_parking', 'bike_14': 'at_parking', 'bike_15': 'at_parking', 'bike_16': 'at_parking', 'bike_17': 'at_parking', 'bike_18': 'at_parking', 'bike_19': 'at_parking'}
2026-03-15 02:45:21,791 - DEBUG - Found 0 inactive bikes: []
2026-03-15 02:45:21,791 - DEBUG - Attempting to activate bikes at 1805s.
2026-03-15 02:45:21,791 - DEBUG - all_bikes_state at 1805s: {'bike_0': 'at_parking', 'bike_1': 'at_parking', 'bike_2': 'at_parking', 'bike_3': 'at_parking', 'bike_4': 'at_parking', 'bike_5': 'at_parking', 'bike_6': 'at_parking', 'bike_7': 'at_parking', 'bike_8': 'at_parking', 'bike_9': 'at_parking', 'bike_10': 'at_parking', 'bike_11': 'at_parking', 'bike_12': 'at_parking', 'bike_13': 'at_parking', 'bike_14': 'at_parking', 'bike_15': 'at_parking', 'bike_16': 'at_parking', 'bike_17': 'at_parking', 'bike_18': 'at_parking', 'bike_19': 'at_parking'}
2026-03-15 02:45:21,791 - DEBUG - Found 0 inactive bikes: []
2026-03-15 02:45:21,792 - DEBUG - Attempting to activate bikes at 1810s.
2026-03-15 02:45:21,792 - DEBUG - all_bikes_state at 1810s: {'bike_0': 'at_parking', 'bike_1': 'at_parking', 'bike_2': 'at_parking', 'bike_3': 'at_parking', 'bike_4': 'at_parking', 'bike_5': 'at_parking', 'bike_6': 'at_parking', 'bike_7': 'at_parking', 'bike_8': 'at_parking', 'bike_9': 'at_parking', 'bike_10': 'at_parking', 'bike_11': 'at_parking', 'bike_12': 'at_parking', 'bike_13': 'at_parking', 'bike_14': 'at_parking', 'bike_15': 'at_parking', 'bike_16': 'at_parking', 'bike_17': 'at_parking', 'bike_18': 'at_parking', 'bike_19': 'at_parking'}
2026-03-15 02:45:21,792 - DEBUG - Found 0 inactive bikes: []
2026-03-15 02:45:21,792 - DEBUG - Attempting to activate bikes at 1815s.
2026-03-15 02:45:21,792 - DEBUG - all_bikes_state at 1815s: {'bike_0': 'at_parking', 'bike_1': 'at_parking', 'bike_2': 'at_parking', 'bike_3': 'at_parking', 'bike_4': 'at_parking', 'bike_5': 'at_parking', 'bike_6': 'at_parking', 'bike_7': 'at_parking', 'bike_8': 'at_parking', 'bike_9': 'at_parking', 'bike_10': 'at_parking', 'bike_11': 'at_parking', 'bike_12': 'at_parking', 'bike_13': 'at_parking', 'bike_14': 'at_parking', 'bike_15': 'at_parking', 'bike_16': 'at_parking', 'bike_17': 'at_parking', 'bike_18': 'at_parking', 'bike_19': 'at_parking'}
2026-03-15 02:45:21,792 - DEBUG - Found 0 inactive bikes: []
2026-03-15 02:45:21,814 - DEBUG - Vehicle vehicle_2 has no bike and no available misplaced bikes with valid routes.
2026-03-15 02:45:21,828 - DEBUG - Vehicle vehicle_2 assigned to reposition to parking parking_2 (travel time: 74.00s).
2026-03-15 02:45:21,828 - DEBUG - Attempting to activate bikes at 1820s.
2026-03-15 02:45:21,830 - DEBUG - all_bikes_state at 1820s: {'bike_0': 'at_parking', 'bike_1': 'at_parking', 'bike_2': 'at_parking', 'bike_3': 'at_parking', 'bike_4': 'at_parking', 'bike_5': 'at_parking', 'bike_6': 'at_parking', 'bike_7': 'at_parking', 'bike_8': 'at_parking', 'bike_9': 'at_parking', 'bike_10': 'at_parking', 'bike_11': 'at_parking', 'bike_12': 'at_parking', 'bike_13': 'at_parking', 'bike_14': 'at_parking', 'bike_15': 'at_parking', 'bike_16': 'at_parking', 'bike_17': 'at_parking', 'bike_18': 'at_parking', 'bike_19': 'at_parking'}
2026-03-15 02:45:21,830 - DEBUG - Found 0 inactive bikes: []
2026-03-15 02:45:21,848 - DEBUG - Vehicle vehicle_1 has no bike and no available misplaced bikes with valid routes.
2026-03-15 02:45:21,862 - DEBUG - Vehicle vehicle_1 assigned to reposition to parking parking_2 (travel time: 74.00s).
2026-03-15 02:45:21,862 - DEBUG - Attempting to activate bikes at 1825s.
2026-03-15 02:45:21,862 - DEBUG - all_bikes_state at 1825s: {'bike_0': 'at_parking', 'bike_1': 'at_parking', 'bike_2': 'at_parking', 'bike_3': 'at_parking', 'bike_4': 'at_parking', 'bike_5': 'at_parking', 'bike_6': 'at_parking', 'bike_7': 'at_parking', 'bike_8': 'at_parking', 'bike_9': 'at_parking', 'bike_10': 'at_parking', 'bike_11': 'at_parking', 'bike_12': 'at_parking', 'bike_13': 'at_parking', 'bike_14': 'at_parking', 'bike_15': 'at_parking', 'bike_16': 'at_parking', 'bike_17': 'at_parking', 'bike_18': 'at_parking', 'bike_19': 'at_parking'}
2026-03-15 02:45:21,862 - DEBUG - Found 0 inactive bikes: []
2026-03-15 02:45:21,864 - DEBUG - Attempting to activate bikes at 1830s.
2026-03-15 02:45:21,864 - DEBUG - all_bikes_state at 1830s: {'bike_0': 'at_parking', 'bike_1': 'at_parking', 'bike_2': 'at_parking', 'bike_3': 'at_parking', 'bike_4': 'at_parking', 'bike_5': 'at_parking', 'bike_6': 'at_parking', 'bike_7': 'at_parking', 'bike_8': 'at_parking', 'bike_9': 'at_parking', 'bike_10': 'at_parking', 'bike_11': 'at_parking', 'bike_12': 'at_parking', 'bike_13': 'at_parking', 'bike_14': 'at_parking', 'bike_15': 'at_parking', 'bike_16': 'at_parking', 'bike_17': 'at_parking', 'bike_18': 'at_parking', 'bike_19': 'at_parking'}
2026-03-15 02:45:21,864 - DEBUG - Found 0 inactive bikes: []
2026-03-15 02:45:21,864 - DEBUG - Attempting to activate bikes at 1835s.
2026-03-15 02:45:21,865 - DEBUG - all_bikes_state at 1835s: {'bike_0': 'at_parking', 'bike_1': 'at_parking', 'bike_2': 'at_parking', 'bike_3': 'at_parking', 'bike_4': 'at_parking', 'bike_5': 'at_parking', 'bike_6': 'at_parking', 'bike_7': 'at_parking', 'bike_8': 'at_parking', 'bike_9': 'at_parking', 'bike_10': 'at_parking', 'bike_11': 'at_parking', 'bike_12': 'at_parking', 'bike_13': 'at_parking', 'bike_14': 'at_parking', 'bike_15': 'at_parking', 'bike_16': 'at_parking', 'bike_17': 'at_parking', 'bike_18': 'at_parking', 'bike_19': 'at_parking'}
2026-03-15 02:45:21,865 - DEBUG - Found 0 inactive bikes: []
2026-03-15 02:45:21,865 - DEBUG - Attempting to activate bikes at 1840s.
2026-03-15 02:45:21,865 - DEBUG - all_bikes_state at 1840s: {'bike_0': 'at_parking', 'bike_1': 'at_parking', 'bike_2': 'at_parking', 'bike_3': 'at_parking', 'bike_4': 'at_parking', 'bike_5': 'at_parking', 'bike_6': 'at_parking', 'bike_7': 'at_parking', 'bike_8': 'at_parking', 'bike_9': 'at_parking', 'bike_10': 'at_parking', 'bike_11': 'at_parking', 'bike_12': 'at_parking', 'bike_13': 'at_parking', 'bike_14': 'at_parking', 'bike_15': 'at_parking', 'bike_16': 'at_parking', 'bike_17': 'at_parking', 'bike_18': 'at_parking', 'bike_19': 'at_parking'}
2026-03-15 02:45:21,865 - DEBUG - Found 0 inactive bikes: []
2026-03-15 02:45:21,883 - DEBUG - Vehicle vehicle_0 has no bike and no available misplaced bikes with valid routes.
2026-03-15 02:45:21,895 - DEBUG - Vehicle vehicle_0 assigned to reposition to parking parking_2 (travel time: 74.00s).
2026-03-15 02:45:21,895 - DEBUG - Attempting to activate bikes at 1845s.
2026-03-15 02:45:21,895 - DEBUG - all_bikes_state at 1845s: {'bike_0': 'at_parking', 'bike_1': 'at_parking', 'bike_2': 'at_parking', 'bike_3': 'at_parking', 'bike_4': 'at_parking', 'bike_5': 'at_parking', 'bike_6': 'at_parking', 'bike_7': 'at_parking', 'bike_8': 'at_parking', 'bike_9': 'at_parking', 'bike_10': 'at_parking', 'bike_11': 'at_parking', 'bike_12': 'at_parking', 'bike_13': 'at_parking', 'bike_14': 'at_parking', 'bike_15': 'at_parking', 'bike_16': 'at_parking', 'bike_17': 'at_parking', 'bike_18': 'at_parking', 'bike_19': 'at_parking'}
2026-03-15 02:45:21,895 - DEBUG - Found 0 inactive bikes: []
2026-03-15 02:45:21,897 - DEBUG - Attempting to activate bikes at 1850s.
2026-03-15 02:45:21,897 - DEBUG - all_bikes_state at 1850s: {'bike_0': 'at_parking', 'bike_1': 'at_parking', 'bike_2': 'at_parking', 'bike_3': 'at_parking', 'bike_4': 'at_parking', 'bike_5': 'at_parking', 'bike_6': 'at_parking', 'bike_7': 'at_parking', 'bike_8': 'at_parking', 'bike_9': 'at_parking', 'bike_10': 'at_parking', 'bike_11': 'at_parking', 'bike_12': 'at_parking', 'bike_13': 'at_parking', 'bike_14': 'at_parking', 'bike_15': 'at_parking', 'bike_16': 'at_parking', 'bike_17': 'at_parking', 'bike_18': 'at_parking', 'bike_19': 'at_parking'}
2026-03-15 02:45:21,897 - DEBUG - Found 0 inactive bikes: []
2026-03-15 02:45:21,897 - DEBUG - Attempting to activate bikes at 1855s.
2026-03-15 02:45:21,897 - DEBUG - all_bikes_state at 1855s: {'bike_0': 'at_parking', 'bike_1': 'at_parking', 'bike_2': 'at_parking', 'bike_3': 'at_parking', 'bike_4': 'at_parking', 'bike_5': 'at_parking', 'bike_6': 'at_parking', 'bike_7': 'at_parking', 'bike_8': 'at_parking', 'bike_9': 'at_parking', 'bike_10': 'at_parking', 'bike_11': 'at_parking', 'bike_12': 'at_parking', 'bike_13': 'at_parking', 'bike_14': 'at_parking', 'bike_15': 'at_parking', 'bike_16': 'at_parking', 'bike_17': 'at_parking', 'bike_18': 'at_parking', 'bike_19': 'at_parking'}
2026-03-15 02:45:21,897 - DEBUG - Found 0 inactive bikes: []
2026-03-15 02:45:21,899 - DEBUG - Attempting to activate bikes at 1860s.
2026-03-15 02:45:21,899 - DEBUG - all_bikes_state at 1860s: {'bike_0': 'at_parking', 'bike_1': 'at_parking', 'bike_2': 'at_parking', 'bike_3': 'at_parking', 'bike_4': 'at_parking', 'bike_5': 'at_parking', 'bike_6': 'at_parking', 'bike_7': 'at_parking', 'bike_8': 'at_parking', 'bike_9': 'at_parking', 'bike_10': 'at_parking', 'bike_11': 'at_parking', 'bike_12': 'at_parking', 'bike_13': 'at_parking', 'bike_14': 'at_parking', 'bike_15': 'at_parking', 'bike_16': 'at_parking', 'bike_17': 'at_parking', 'bike_18': 'at_parking', 'bike_19': 'at_parking'}
2026-03-15 02:45:21,899 - DEBUG - Found 0 inactive bikes: []
2026-03-15 02:45:21,899 - DEBUG - Attempting to activate bikes at 1865s.
2026-03-15 02:45:21,900 - DEBUG - all_bikes_state at 1865s: {'bike_0': 'at_parking', 'bike_1': 'at_parking', 'bike_2': 'at_parking', 'bike_3': 'at_parking', 'bike_4': 'at_parking', 'bike_5': 'at_parking', 'bike_6': 'at_parking', 'bike_7': 'at_parking', 'bike_8': 'at_parking', 'bike_9': 'at_parking', 'bike_10': 'at_parking', 'bike_11': 'at_parking', 'bike_12': 'at_parking', 'bike_13': 'at_parking', 'bike_14': 'at_parking', 'bike_15': 'at_parking', 'bike_16': 'at_parking', 'bike_17': 'at_parking', 'bike_18': 'at_parking', 'bike_19': 'at_parking'}
2026-03-15 02:45:21,900 - DEBUG - Found 0 inactive bikes: []
2026-03-15 02:45:21,900 - DEBUG - Attempting to activate bikes at 1870s.
2026-03-15 02:45:21,900 - DEBUG - all_bikes_state at 1870s: {'bike_0': 'at_parking', 'bike_1': 'at_parking', 'bike_2': 'at_parking', 'bike_3': 'at_parking', 'bike_4': 'at_parking', 'bike_5': 'at_parking', 'bike_6': 'at_parking', 'bike_7': 'at_parking', 'bike_8': 'at_parking', 'bike_9': 'at_parking', 'bike_10': 'at_parking', 'bike_11': 'at_parking', 'bike_12': 'at_parking', 'bike_13': 'at_parking', 'bike_14': 'at_parking', 'bike_15': 'at_parking', 'bike_16': 'at_parking', 'bike_17': 'at_parking', 'bike_18': 'at_parking', 'bike_19': 'at_parking'}
2026-03-15 02:45:21,900 - DEBUG - Found 0 inactive bikes: []
2026-03-15 02:45:21,900 - DEBUG - Attempting to activate bikes at 1875s.
2026-03-15 02:45:21,900 - DEBUG - all_bikes_state at 1875s: {'bike_0': 'at_parking', 'bike_1': 'at_parking', 'bike_2': 'at_parking', 'bike_3': 'at_parking', 'bike_4': 'at_parking', 'bike_5': 'at_parking', 'bike_6': 'at_parking', 'bike_7': 'at_parking', 'bike_8': 'at_parking', 'bike_9': 'at_parking', 'bike_10': 'at_parking', 'bike_11': 'at_parking', 'bike_12': 'at_parking', 'bike_13': 'at_parking', 'bike_14': 'at_parking', 'bike_15': 'at_parking', 'bike_16': 'at_parking', 'bike_17': 'at_parking', 'bike_18': 'at_parking', 'bike_19': 'at_parking'}
2026-03-15 02:45:21,900 - DEBUG - Found 0 inactive bikes: []
2026-03-15 02:45:21,900 - DEBUG - Attempting to activate bikes at 1880s.
2026-03-15 02:45:21,902 - DEBUG - all_bikes_state at 1880s: {'bike_0': 'at_parking', 'bike_1': 'at_parking', 'bike_2': 'at_parking', 'bike_3': 'at_parking', 'bike_4': 'at_parking', 'bike_5': 'at_parking', 'bike_6': 'at_parking', 'bike_7': 'at_parking', 'bike_8': 'at_parking', 'bike_9': 'at_parking', 'bike_10': 'at_parking', 'bike_11': 'at_parking', 'bike_12': 'at_parking', 'bike_13': 'at_parking', 'bike_14': 'at_parking', 'bike_15': 'at_parking', 'bike_16': 'at_parking', 'bike_17': 'at_parking', 'bike_18': 'at_parking', 'bike_19': 'at_parking'}
2026-03-15 02:45:21,902 - DEBUG - Found 0 inactive bikes: []
2026-03-15 02:45:21,902 - DEBUG - Attempting to activate bikes at 1885s.
2026-03-15 02:45:21,902 - DEBUG - all_bikes_state at 1885s: {'bike_0': 'at_parking', 'bike_1': 'at_parking', 'bike_2': 'at_parking', 'bike_3': 'at_parking', 'bike_4': 'at_parking', 'bike_5': 'at_parking', 'bike_6': 'at_parking', 'bike_7': 'at_parking', 'bike_8': 'at_parking', 'bike_9': 'at_parking', 'bike_10': 'at_parking', 'bike_11': 'at_parking', 'bike_12': 'at_parking', 'bike_13': 'at_parking', 'bike_14': 'at_parking', 'bike_15': 'at_parking', 'bike_16': 'at_parking', 'bike_17': 'at_parking', 'bike_18': 'at_parking', 'bike_19': 'at_parking'}
2026-03-15 02:45:21,902 - DEBUG - Found 0 inactive bikes: []
2026-03-15 02:45:21,902 - DEBUG - Attempting to activate bikes at 1890s.
2026-03-15 02:45:21,902 - DEBUG - all_bikes_state at 1890s: {'bike_0': 'at_parking', 'bike_1': 'at_parking', 'bike_2': 'at_parking', 'bike_3': 'at_parking', 'bike_4': 'at_parking', 'bike_5': 'at_parking', 'bike_6': 'at_parking', 'bike_7': 'at_parking', 'bike_8': 'at_parking', 'bike_9': 'at_parking', 'bike_10': 'at_parking', 'bike_11': 'at_parking', 'bike_12': 'at_parking', 'bike_13': 'at_parking', 'bike_14': 'at_parking', 'bike_15': 'at_parking', 'bike_16': 'at_parking', 'bike_17': 'at_parking', 'bike_18': 'at_parking', 'bike_19': 'at_parking'}
2026-03-15 02:45:21,903 - DEBUG - Found 0 inactive bikes: []
2026-03-15 02:45:21,921 - DEBUG - Vehicle vehicle_2 has no bike and no available misplaced bikes with valid routes.
2026-03-15 02:45:21,933 - DEBUG - Vehicle vehicle_2 assigned to reposition to parking parking_2 (travel time: 74.00s).
2026-03-15 02:45:21,934 - DEBUG - Attempting to activate bikes at 1895s.
2026-03-15 02:45:21,934 - DEBUG - all_bikes_state at 1895s: {'bike_0': 'at_parking', 'bike_1': 'at_parking', 'bike_2': 'at_parking', 'bike_3': 'at_parking', 'bike_4': 'at_parking', 'bike_5': 'at_parking', 'bike_6': 'at_parking', 'bike_7': 'at_parking', 'bike_8': 'at_parking', 'bike_9': 'at_parking', 'bike_10': 'at_parking', 'bike_11': 'at_parking', 'bike_12': 'at_parking', 'bike_13': 'at_parking', 'bike_14': 'at_parking', 'bike_15': 'at_parking', 'bike_16': 'at_parking', 'bike_17': 'at_parking', 'bike_18': 'at_parking', 'bike_19': 'at_parking'}
2026-03-15 02:45:21,934 - DEBUG - Found 0 inactive bikes: []
2026-03-15 02:45:21,952 - DEBUG - Vehicle vehicle_1 has no bike and no available misplaced bikes with valid routes.
2026-03-15 02:45:21,970 - DEBUG - Vehicle vehicle_1 assigned to reposition to parking parking_0 (travel time: 80.00s).
2026-03-15 02:45:21,972 - DEBUG - Attempting to activate bikes at 1900s.
2026-03-15 02:45:21,972 - DEBUG - all_bikes_state at 1900s: {'bike_0': 'at_parking', 'bike_1': 'at_parking', 'bike_2': 'at_parking', 'bike_3': 'at_parking', 'bike_4': 'at_parking', 'bike_5': 'at_parking', 'bike_6': 'at_parking', 'bike_7': 'at_parking', 'bike_8': 'at_parking', 'bike_9': 'at_parking', 'bike_10': 'at_parking', 'bike_11': 'at_parking', 'bike_12': 'at_parking', 'bike_13': 'at_parking', 'bike_14': 'at_parking', 'bike_15': 'at_parking', 'bike_16': 'at_parking', 'bike_17': 'at_parking', 'bike_18': 'at_parking', 'bike_19': 'at_parking'}
2026-03-15 02:45:21,972 - DEBUG - Found 0 inactive bikes: []
2026-03-15 02:45:21,972 - DEBUG - Attempting to activate bikes at 1905s.
2026-03-15 02:45:21,972 - DEBUG - all_bikes_state at 1905s: {'bike_0': 'at_parking', 'bike_1': 'at_parking', 'bike_2': 'at_parking', 'bike_3': 'at_parking', 'bike_4': 'at_parking', 'bike_5': 'at_parking', 'bike_6': 'at_parking', 'bike_7': 'at_parking', 'bike_8': 'at_parking', 'bike_9': 'at_parking', 'bike_10': 'at_parking', 'bike_11': 'at_parking', 'bike_12': 'at_parking', 'bike_13': 'at_parking', 'bike_14': 'at_parking', 'bike_15': 'at_parking', 'bike_16': 'at_parking', 'bike_17': 'at_parking', 'bike_18': 'at_parking', 'bike_19': 'at_parking'}
2026-03-15 02:45:21,974 - DEBUG - Found 0 inactive bikes: []
2026-03-15 02:45:21,974 - DEBUG - Attempting to activate bikes at 1910s.
2026-03-15 02:45:21,974 - DEBUG - all_bikes_state at 1910s: {'bike_0': 'at_parking', 'bike_1': 'at_parking', 'bike_2': 'at_parking', 'bike_3': 'at_parking', 'bike_4': 'at_parking', 'bike_5': 'at_parking', 'bike_6': 'at_parking', 'bike_7': 'at_parking', 'bike_8': 'at_parking', 'bike_9': 'at_parking', 'bike_10': 'at_parking', 'bike_11': 'at_parking', 'bike_12': 'at_parking', 'bike_13': 'at_parking', 'bike_14': 'at_parking', 'bike_15': 'at_parking', 'bike_16': 'at_parking', 'bike_17': 'at_parking', 'bike_18': 'at_parking', 'bike_19': 'at_parking'}
2026-03-15 02:45:21,974 - DEBUG - Found 0 inactive bikes: []
2026-03-15 02:45:21,974 - DEBUG - Attempting to activate bikes at 1915s.
2026-03-15 02:45:21,974 - DEBUG - all_bikes_state at 1915s: {'bike_0': 'at_parking', 'bike_1': 'at_parking', 'bike_2': 'at_parking', 'bike_3': 'at_parking', 'bike_4': 'at_parking', 'bike_5': 'at_parking', 'bike_6': 'at_parking', 'bike_7': 'at_parking', 'bike_8': 'at_parking', 'bike_9': 'at_parking', 'bike_10': 'at_parking', 'bike_11': 'at_parking', 'bike_12': 'at_parking', 'bike_13': 'at_parking', 'bike_14': 'at_parking', 'bike_15': 'at_parking', 'bike_16': 'at_parking', 'bike_17': 'at_parking', 'bike_18': 'at_parking', 'bike_19': 'at_parking'}
2026-03-15 02:45:21,974 - DEBUG - Found 0 inactive bikes: []
2026-03-15 02:45:22,063 - DEBUG - Vehicle vehicle_0 has no bike and no available misplaced bikes with valid routes.
2026-03-15 02:45:22,072 - DEBUG - Vehicle vehicle_0 assigned to reposition to parking parking_1 (travel time: 51.00s).
2026-03-15 02:45:22,074 - DEBUG - Attempting to activate bikes at 1920s.
2026-03-15 02:45:22,074 - DEBUG - all_bikes_state at 1920s: {'bike_0': 'at_parking', 'bike_1': 'at_parking', 'bike_2': 'at_parking', 'bike_3': 'at_parking', 'bike_4': 'at_parking', 'bike_5': 'at_parking', 'bike_6': 'at_parking', 'bike_7': 'at_parking', 'bike_8': 'at_parking', 'bike_9': 'at_parking', 'bike_10': 'at_parking', 'bike_11': 'at_parking', 'bike_12': 'at_parking', 'bike_13': 'at_parking', 'bike_14': 'at_parking', 'bike_15': 'at_parking', 'bike_16': 'at_parking', 'bike_17': 'at_parking', 'bike_18': 'at_parking', 'bike_19': 'at_parking'}
2026-03-15 02:45:22,074 - DEBUG - Found 0 inactive bikes: []
2026-03-15 02:45:22,076 - DEBUG - Attempting to activate bikes at 1925s.
2026-03-15 02:45:22,076 - DEBUG - all_bikes_state at 1925s: {'bike_0': 'at_parking', 'bike_1': 'at_parking', 'bike_2': 'at_parking', 'bike_3': 'at_parking', 'bike_4': 'at_parking', 'bike_5': 'at_parking', 'bike_6': 'at_parking', 'bike_7': 'at_parking', 'bike_8': 'at_parking', 'bike_9': 'at_parking', 'bike_10': 'at_parking', 'bike_11': 'at_parking', 'bike_12': 'at_parking', 'bike_13': 'at_parking', 'bike_14': 'at_parking', 'bike_15': 'at_parking', 'bike_16': 'at_parking', 'bike_17': 'at_parking', 'bike_18': 'at_parking', 'bike_19': 'at_parking'}
2026-03-15 02:45:22,076 - DEBUG - Found 0 inactive bikes: []
2026-03-15 02:45:22,076 - DEBUG - Attempting to activate bikes at 1930s.
2026-03-15 02:45:22,076 - DEBUG - all_bikes_state at 1930s: {'bike_0': 'at_parking', 'bike_1': 'at_parking', 'bike_2': 'at_parking', 'bike_3': 'at_parking', 'bike_4': 'at_parking', 'bike_5': 'at_parking', 'bike_6': 'at_parking', 'bike_7': 'at_parking', 'bike_8': 'at_parking', 'bike_9': 'at_parking', 'bike_10': 'at_parking', 'bike_11': 'at_parking', 'bike_12': 'at_parking', 'bike_13': 'at_parking', 'bike_14': 'at_parking', 'bike_15': 'at_parking', 'bike_16': 'at_parking', 'bike_17': 'at_parking', 'bike_18': 'at_parking', 'bike_19': 'at_parking'}
2026-03-15 02:45:22,077 - DEBUG - Found 0 inactive bikes: []
2026-03-15 02:45:22,077 - DEBUG - Attempting to activate bikes at 1935s.
2026-03-15 02:45:22,077 - DEBUG - all_bikes_state at 1935s: {'bike_0': 'at_parking', 'bike_1': 'at_parking', 'bike_2': 'at_parking', 'bike_3': 'at_parking', 'bike_4': 'at_parking', 'bike_5': 'at_parking', 'bike_6': 'at_parking', 'bike_7': 'at_parking', 'bike_8': 'at_parking', 'bike_9': 'at_parking', 'bike_10': 'at_parking', 'bike_11': 'at_parking', 'bike_12': 'at_parking', 'bike_13': 'at_parking', 'bike_14': 'at_parking', 'bike_15': 'at_parking', 'bike_16': 'at_parking', 'bike_17': 'at_parking', 'bike_18': 'at_parking', 'bike_19': 'at_parking'}
2026-03-15 02:45:22,077 - DEBUG - Found 0 inactive bikes: []
2026-03-15 02:45:22,079 - DEBUG - Attempting to activate bikes at 1940s.
2026-03-15 02:45:22,079 - DEBUG - all_bikes_state at 1940s: {'bike_0': 'at_parking', 'bike_1': 'at_parking', 'bike_2': 'at_parking', 'bike_3': 'at_parking', 'bike_4': 'at_parking', 'bike_5': 'at_parking', 'bike_6': 'at_parking', 'bike_7': 'at_parking', 'bike_8': 'at_parking', 'bike_9': 'at_parking', 'bike_10': 'at_parking', 'bike_11': 'at_parking', 'bike_12': 'at_parking', 'bike_13': 'at_parking', 'bike_14': 'at_parking', 'bike_15': 'at_parking', 'bike_16': 'at_parking', 'bike_17': 'at_parking', 'bike_18': 'at_parking', 'bike_19': 'at_parking'}
2026-03-15 02:45:22,079 - DEBUG - Found 0 inactive bikes: []
2026-03-15 02:45:22,079 - DEBUG - Attempting to activate bikes at 1945s.
2026-03-15 02:45:22,080 - DEBUG - all_bikes_state at 1945s: {'bike_0': 'at_parking', 'bike_1': 'at_parking', 'bike_2': 'at_parking', 'bike_3': 'at_parking', 'bike_4': 'at_parking', 'bike_5': 'at_parking', 'bike_6': 'at_parking', 'bike_7': 'at_parking', 'bike_8': 'at_parking', 'bike_9': 'at_parking', 'bike_10': 'at_parking', 'bike_11': 'at_parking', 'bike_12': 'at_parking', 'bike_13': 'at_parking', 'bike_14': 'at_parking', 'bike_15': 'at_parking', 'bike_16': 'at_parking', 'bike_17': 'at_parking', 'bike_18': 'at_parking', 'bike_19': 'at_parking'}
2026-03-15 02:45:22,080 - DEBUG - Found 0 inactive bikes: []
2026-03-15 02:45:22,080 - DEBUG - Attempting to activate bikes at 1950s.
2026-03-15 02:45:22,080 - DEBUG - all_bikes_state at 1950s: {'bike_0': 'at_parking', 'bike_1': 'at_parking', 'bike_2': 'at_parking', 'bike_3': 'at_parking', 'bike_4': 'at_parking', 'bike_5': 'at_parking', 'bike_6': 'at_parking', 'bike_7': 'at_parking', 'bike_8': 'at_parking', 'bike_9': 'at_parking', 'bike_10': 'at_parking', 'bike_11': 'at_parking', 'bike_12': 'at_parking', 'bike_13': 'at_parking', 'bike_14': 'at_parking', 'bike_15': 'at_parking', 'bike_16': 'at_parking', 'bike_17': 'at_parking', 'bike_18': 'at_parking', 'bike_19': 'at_parking'}
2026-03-15 02:45:22,082 - DEBUG - Found 0 inactive bikes: []
2026-03-15 02:45:22,082 - DEBUG - Attempting to activate bikes at 1955s.
2026-03-15 02:45:22,082 - DEBUG - all_bikes_state at 1955s: {'bike_0': 'at_parking', 'bike_1': 'at_parking', 'bike_2': 'at_parking', 'bike_3': 'at_parking', 'bike_4': 'at_parking', 'bike_5': 'at_parking', 'bike_6': 'at_parking', 'bike_7': 'at_parking', 'bike_8': 'at_parking', 'bike_9': 'at_parking', 'bike_10': 'at_parking', 'bike_11': 'at_parking', 'bike_12': 'at_parking', 'bike_13': 'at_parking', 'bike_14': 'at_parking', 'bike_15': 'at_parking', 'bike_16': 'at_parking', 'bike_17': 'at_parking', 'bike_18': 'at_parking', 'bike_19': 'at_parking'}
2026-03-15 02:45:22,082 - DEBUG - Found 0 inactive bikes: []
2026-03-15 02:45:22,082 - DEBUG - Attempting to activate bikes at 1960s.
2026-03-15 02:45:22,084 - DEBUG - all_bikes_state at 1960s: {'bike_0': 'at_parking', 'bike_1': 'at_parking', 'bike_2': 'at_parking', 'bike_3': 'at_parking', 'bike_4': 'at_parking', 'bike_5': 'at_parking', 'bike_6': 'at_parking', 'bike_7': 'at_parking', 'bike_8': 'at_parking', 'bike_9': 'at_parking', 'bike_10': 'at_parking', 'bike_11': 'at_parking', 'bike_12': 'at_parking', 'bike_13': 'at_parking', 'bike_14': 'at_parking', 'bike_15': 'at_parking', 'bike_16': 'at_parking', 'bike_17': 'at_parking', 'bike_18': 'at_parking', 'bike_19': 'at_parking'}
2026-03-15 02:45:22,084 - DEBUG - Found 0 inactive bikes: []
2026-03-15 02:45:22,084 - DEBUG - Attempting to activate bikes at 1965s.
2026-03-15 02:45:22,084 - DEBUG - all_bikes_state at 1965s: {'bike_0': 'at_parking', 'bike_1': 'at_parking', 'bike_2': 'at_parking', 'bike_3': 'at_parking', 'bike_4': 'at_parking', 'bike_5': 'at_parking', 'bike_6': 'at_parking', 'bike_7': 'at_parking', 'bike_8': 'at_parking', 'bike_9': 'at_parking', 'bike_10': 'at_parking', 'bike_11': 'at_parking', 'bike_12': 'at_parking', 'bike_13': 'at_parking', 'bike_14': 'at_parking', 'bike_15': 'at_parking', 'bike_16': 'at_parking', 'bike_17': 'at_parking', 'bike_18': 'at_parking', 'bike_19': 'at_parking'}
2026-03-15 02:45:22,084 - DEBUG - Found 0 inactive bikes: []
2026-03-15 02:45:22,103 - DEBUG - Vehicle vehicle_2 has no bike and no available misplaced bikes with valid routes.
2026-03-15 02:45:22,121 - DEBUG - Vehicle vehicle_2 assigned to reposition to parking parking_0 (travel time: 80.00s).
2026-03-15 02:45:22,123 - DEBUG - Attempting to activate bikes at 1970s.
2026-03-15 02:45:22,123 - DEBUG - all_bikes_state at 1970s: {'bike_0': 'at_parking', 'bike_1': 'at_parking', 'bike_2': 'at_parking', 'bike_3': 'at_parking', 'bike_4': 'at_parking', 'bike_5': 'at_parking', 'bike_6': 'at_parking', 'bike_7': 'at_parking', 'bike_8': 'at_parking', 'bike_9': 'at_parking', 'bike_10': 'at_parking', 'bike_11': 'at_parking', 'bike_12': 'at_parking', 'bike_13': 'at_parking', 'bike_14': 'at_parking', 'bike_15': 'at_parking', 'bike_16': 'at_parking', 'bike_17': 'at_parking', 'bike_18': 'at_parking', 'bike_19': 'at_parking'}
2026-03-15 02:45:22,123 - DEBUG - Found 0 inactive bikes: []
2026-03-15 02:45:22,140 - DEBUG - Vehicle vehicle_0 has no bike and no available misplaced bikes with valid routes.
2026-03-15 02:45:22,152 - DEBUG - Vehicle vehicle_0 assigned to reposition to parking parking_1 (travel time: 51.00s).
2026-03-15 02:45:22,153 - DEBUG - Attempting to activate bikes at 1975s.
2026-03-15 02:45:22,153 - DEBUG - all_bikes_state at 1975s: {'bike_0': 'at_parking', 'bike_1': 'at_parking', 'bike_2': 'at_parking', 'bike_3': 'at_parking', 'bike_4': 'at_parking', 'bike_5': 'at_parking', 'bike_6': 'at_parking', 'bike_7': 'at_parking', 'bike_8': 'at_parking', 'bike_9': 'at_parking', 'bike_10': 'at_parking', 'bike_11': 'at_parking', 'bike_12': 'at_parking', 'bike_13': 'at_parking', 'bike_14': 'at_parking', 'bike_15': 'at_parking', 'bike_16': 'at_parking', 'bike_17': 'at_parking', 'bike_18': 'at_parking', 'bike_19': 'at_parking'}
2026-03-15 02:45:22,153 - DEBUG - Found 0 inactive bikes: []
2026-03-15 02:45:22,174 - DEBUG - Vehicle vehicle_1 has no bike and no available misplaced bikes with valid routes.
2026-03-15 02:45:22,187 - DEBUG - Vehicle vehicle_1 assigned to reposition to parking parking_2 (travel time: 74.00s).
2026-03-15 02:45:22,187 - DEBUG - Attempting to activate bikes at 1980s.
2026-03-15 02:45:22,187 - DEBUG - all_bikes_state at 1980s: {'bike_0': 'at_parking', 'bike_1': 'at_parking', 'bike_2': 'at_parking', 'bike_3': 'at_parking', 'bike_4': 'at_parking', 'bike_5': 'at_parking', 'bike_6': 'at_parking', 'bike_7': 'at_parking', 'bike_8': 'at_parking', 'bike_9': 'at_parking', 'bike_10': 'at_parking', 'bike_11': 'at_parking', 'bike_12': 'at_parking', 'bike_13': 'at_parking', 'bike_14': 'at_parking', 'bike_15': 'at_parking', 'bike_16': 'at_parking', 'bike_17': 'at_parking', 'bike_18': 'at_parking', 'bike_19': 'at_parking'}
2026-03-15 02:45:22,187 - DEBUG - Found 0 inactive bikes: []
2026-03-15 02:45:22,187 - DEBUG - Attempting to activate bikes at 1985s.
2026-03-15 02:45:22,189 - DEBUG - all_bikes_state at 1985s: {'bike_0': 'at_parking', 'bike_1': 'at_parking', 'bike_2': 'at_parking', 'bike_3': 'at_parking', 'bike_4': 'at_parking', 'bike_5': 'at_parking', 'bike_6': 'at_parking', 'bike_7': 'at_parking', 'bike_8': 'at_parking', 'bike_9': 'at_parking', 'bike_10': 'at_parking', 'bike_11': 'at_parking', 'bike_12': 'at_parking', 'bike_13': 'at_parking', 'bike_14': 'at_parking', 'bike_15': 'at_parking', 'bike_16': 'at_parking', 'bike_17': 'at_parking', 'bike_18': 'at_parking', 'bike_19': 'at_parking'}
2026-03-15 02:45:22,189 - DEBUG - Found 0 inactive bikes: []
2026-03-15 02:45:22,189 - DEBUG - Attempting to activate bikes at 1990s.
2026-03-15 02:45:22,189 - DEBUG - all_bikes_state at 1990s: {'bike_0': 'at_parking', 'bike_1': 'at_parking', 'bike_2': 'at_parking', 'bike_3': 'at_parking', 'bike_4': 'at_parking', 'bike_5': 'at_parking', 'bike_6': 'at_parking', 'bike_7': 'at_parking', 'bike_8': 'at_parking', 'bike_9': 'at_parking', 'bike_10': 'at_parking', 'bike_11': 'at_parking', 'bike_12': 'at_parking', 'bike_13': 'at_parking', 'bike_14': 'at_parking', 'bike_15': 'at_parking', 'bike_16': 'at_parking', 'bike_17': 'at_parking', 'bike_18': 'at_parking', 'bike_19': 'at_parking'}
2026-03-15 02:45:22,189 - DEBUG - Found 0 inactive bikes: []
2026-03-15 02:45:22,189 - DEBUG - Attempting to activate bikes at 1995s.
2026-03-15 02:45:22,189 - DEBUG - all_bikes_state at 1995s: {'bike_0': 'at_parking', 'bike_1': 'at_parking', 'bike_2': 'at_parking', 'bike_3': 'at_parking', 'bike_4': 'at_parking', 'bike_5': 'at_parking', 'bike_6': 'at_parking', 'bike_7': 'at_parking', 'bike_8': 'at_parking', 'bike_9': 'at_parking', 'bike_10': 'at_parking', 'bike_11': 'at_parking', 'bike_12': 'at_parking', 'bike_13': 'at_parking', 'bike_14': 'at_parking', 'bike_15': 'at_parking', 'bike_16': 'at_parking', 'bike_17': 'at_parking', 'bike_18': 'at_parking', 'bike_19': 'at_parking'}
2026-03-15 02:45:22,189 - DEBUG - Found 0 inactive bikes: []
2026-03-15 02:45:22,190 - DEBUG - Attempting to activate bikes at 2000s.
2026-03-15 02:45:22,190 - DEBUG - all_bikes_state at 2000s: {'bike_0': 'at_parking', 'bike_1': 'at_parking', 'bike_2': 'at_parking', 'bike_3': 'at_parking', 'bike_4': 'at_parking', 'bike_5': 'at_parking', 'bike_6': 'at_parking', 'bike_7': 'at_parking', 'bike_8': 'at_parking', 'bike_9': 'at_parking', 'bike_10': 'at_parking', 'bike_11': 'at_parking', 'bike_12': 'at_parking', 'bike_13': 'at_parking', 'bike_14': 'at_parking', 'bike_15': 'at_parking', 'bike_16': 'at_parking', 'bike_17': 'at_parking', 'bike_18': 'at_parking', 'bike_19': 'at_parking'}
2026-03-15 02:45:22,190 - DEBUG - Found 0 inactive bikes: []
2026-03-15 02:45:22,190 - DEBUG - Attempting to activate bikes at 2005s.
2026-03-15 02:45:22,190 - DEBUG - all_bikes_state at 2005s: {'bike_0': 'at_parking', 'bike_1': 'at_parking', 'bike_2': 'at_parking', 'bike_3': 'at_parking', 'bike_4': 'at_parking', 'bike_5': 'at_parking', 'bike_6': 'at_parking', 'bike_7': 'at_parking', 'bike_8': 'at_parking', 'bike_9': 'at_parking', 'bike_10': 'at_parking', 'bike_11': 'at_parking', 'bike_12': 'at_parking', 'bike_13': 'at_parking', 'bike_14': 'at_parking', 'bike_15': 'at_parking', 'bike_16': 'at_parking', 'bike_17': 'at_parking', 'bike_18': 'at_parking', 'bike_19': 'at_parking'}
2026-03-15 02:45:22,190 - DEBUG - Found 0 inactive bikes: []
2026-03-15 02:45:22,190 - DEBUG - Attempting to activate bikes at 2010s.
2026-03-15 02:45:22,192 - DEBUG - all_bikes_state at 2010s: {'bike_0': 'at_parking', 'bike_1': 'at_parking', 'bike_2': 'at_parking', 'bike_3': 'at_parking', 'bike_4': 'at_parking', 'bike_5': 'at_parking', 'bike_6': 'at_parking', 'bike_7': 'at_parking', 'bike_8': 'at_parking', 'bike_9': 'at_parking', 'bike_10': 'at_parking', 'bike_11': 'at_parking', 'bike_12': 'at_parking', 'bike_13': 'at_parking', 'bike_14': 'at_parking', 'bike_15': 'at_parking', 'bike_16': 'at_parking', 'bike_17': 'at_parking', 'bike_18': 'at_parking', 'bike_19': 'at_parking'}
2026-03-15 02:45:22,192 - DEBUG - Found 0 inactive bikes: []
2026-03-15 02:45:22,192 - DEBUG - Attempting to activate bikes at 2015s.
2026-03-15 02:45:22,192 - DEBUG - all_bikes_state at 2015s: {'bike_0': 'at_parking', 'bike_1': 'at_parking', 'bike_2': 'at_parking', 'bike_3': 'at_parking', 'bike_4': 'at_parking', 'bike_5': 'at_parking', 'bike_6': 'at_parking', 'bike_7': 'at_parking', 'bike_8': 'at_parking', 'bike_9': 'at_parking', 'bike_10': 'at_parking', 'bike_11': 'at_parking', 'bike_12': 'at_parking', 'bike_13': 'at_parking', 'bike_14': 'at_parking', 'bike_15': 'at_parking', 'bike_16': 'at_parking', 'bike_17': 'at_parking', 'bike_18': 'at_parking', 'bike_19': 'at_parking'}
2026-03-15 02:45:22,193 - DEBUG - Found 0 inactive bikes: []
2026-03-15 02:45:22,193 - DEBUG - Attempting to activate bikes at 2020s.
2026-03-15 02:45:22,193 - DEBUG - all_bikes_state at 2020s: {'bike_0': 'at_parking', 'bike_1': 'at_parking', 'bike_2': 'at_parking', 'bike_3': 'at_parking', 'bike_4': 'at_parking', 'bike_5': 'at_parking', 'bike_6': 'at_parking', 'bike_7': 'at_parking', 'bike_8': 'at_parking', 'bike_9': 'at_parking', 'bike_10': 'at_parking', 'bike_11': 'at_parking', 'bike_12': 'at_parking', 'bike_13': 'at_parking', 'bike_14': 'at_parking', 'bike_15': 'at_parking', 'bike_16': 'at_parking', 'bike_17': 'at_parking', 'bike_18': 'at_parking', 'bike_19': 'at_parking'}
2026-03-15 02:45:22,193 - DEBUG - Found 0 inactive bikes: []
2026-03-15 02:45:22,195 - DEBUG - Attempting to activate bikes at 2025s.
2026-03-15 02:45:22,195 - DEBUG - all_bikes_state at 2025s: {'bike_0': 'at_parking', 'bike_1': 'at_parking', 'bike_2': 'at_parking', 'bike_3': 'at_parking', 'bike_4': 'at_parking', 'bike_5': 'at_parking', 'bike_6': 'at_parking', 'bike_7': 'at_parking', 'bike_8': 'at_parking', 'bike_9': 'at_parking', 'bike_10': 'at_parking', 'bike_11': 'at_parking', 'bike_12': 'at_parking', 'bike_13': 'at_parking', 'bike_14': 'at_parking', 'bike_15': 'at_parking', 'bike_16': 'at_parking', 'bike_17': 'at_parking', 'bike_18': 'at_parking', 'bike_19': 'at_parking'}
2026-03-15 02:45:22,195 - DEBUG - Found 0 inactive bikes: []
2026-03-15 02:45:22,213 - DEBUG - Vehicle vehicle_0 has no bike and no available misplaced bikes with valid routes.
2026-03-15 02:45:22,225 - DEBUG - Vehicle vehicle_0 assigned to reposition to parking parking_1 (travel time: 51.00s).
2026-03-15 02:45:22,226 - DEBUG - Attempting to activate bikes at 2030s.
2026-03-15 02:45:22,226 - DEBUG - all_bikes_state at 2030s: {'bike_0': 'at_parking', 'bike_1': 'at_parking', 'bike_2': 'at_parking', 'bike_3': 'at_parking', 'bike_4': 'at_parking', 'bike_5': 'at_parking', 'bike_6': 'at_parking', 'bike_7': 'at_parking', 'bike_8': 'at_parking', 'bike_9': 'at_parking', 'bike_10': 'at_parking', 'bike_11': 'at_parking', 'bike_12': 'at_parking', 'bike_13': 'at_parking', 'bike_14': 'at_parking', 'bike_15': 'at_parking', 'bike_16': 'at_parking', 'bike_17': 'at_parking', 'bike_18': 'at_parking', 'bike_19': 'at_parking'}
2026-03-15 02:45:22,226 - DEBUG - Found 0 inactive bikes: []
2026-03-15 02:45:22,226 - DEBUG - Attempting to activate bikes at 2035s.
2026-03-15 02:45:22,226 - DEBUG - all_bikes_state at 2035s: {'bike_0': 'at_parking', 'bike_1': 'at_parking', 'bike_2': 'at_parking', 'bike_3': 'at_parking', 'bike_4': 'at_parking', 'bike_5': 'at_parking', 'bike_6': 'at_parking', 'bike_7': 'at_parking', 'bike_8': 'at_parking', 'bike_9': 'at_parking', 'bike_10': 'at_parking', 'bike_11': 'at_parking', 'bike_12': 'at_parking', 'bike_13': 'at_parking', 'bike_14': 'at_parking', 'bike_15': 'at_parking', 'bike_16': 'at_parking', 'bike_17': 'at_parking', 'bike_18': 'at_parking', 'bike_19': 'at_parking'}
2026-03-15 02:45:22,228 - DEBUG - Found 0 inactive bikes: []
2026-03-15 02:45:22,228 - DEBUG - Attempting to activate bikes at 2040s.
2026-03-15 02:45:22,228 - DEBUG - all_bikes_state at 2040s: {'bike_0': 'at_parking', 'bike_1': 'at_parking', 'bike_2': 'at_parking', 'bike_3': 'at_parking', 'bike_4': 'at_parking', 'bike_5': 'at_parking', 'bike_6': 'at_parking', 'bike_7': 'at_parking', 'bike_8': 'at_parking', 'bike_9': 'at_parking', 'bike_10': 'at_parking', 'bike_11': 'at_parking', 'bike_12': 'at_parking', 'bike_13': 'at_parking', 'bike_14': 'at_parking', 'bike_15': 'at_parking', 'bike_16': 'at_parking', 'bike_17': 'at_parking', 'bike_18': 'at_parking', 'bike_19': 'at_parking'}
2026-03-15 02:45:22,228 - DEBUG - Found 0 inactive bikes: []
2026-03-15 02:45:22,228 - DEBUG - Attempting to activate bikes at 2045s.
2026-03-15 02:45:22,228 - DEBUG - all_bikes_state at 2045s: {'bike_0': 'at_parking', 'bike_1': 'at_parking', 'bike_2': 'at_parking', 'bike_3': 'at_parking', 'bike_4': 'at_parking', 'bike_5': 'at_parking', 'bike_6': 'at_parking', 'bike_7': 'at_parking', 'bike_8': 'at_parking', 'bike_9': 'at_parking', 'bike_10': 'at_parking', 'bike_11': 'at_parking', 'bike_12': 'at_parking', 'bike_13': 'at_parking', 'bike_14': 'at_parking', 'bike_15': 'at_parking', 'bike_16': 'at_parking', 'bike_17': 'at_parking', 'bike_18': 'at_parking', 'bike_19': 'at_parking'}
2026-03-15 02:45:22,230 - DEBUG - Found 0 inactive bikes: []
2026-03-15 02:45:22,247 - DEBUG - Vehicle vehicle_2 has no bike and no available misplaced bikes with valid routes.
2026-03-15 02:45:22,267 - DEBUG - Vehicle vehicle_2 assigned to reposition to parking parking_0 (travel time: 80.00s).
2026-03-15 02:45:22,268 - DEBUG - Attempting to activate bikes at 2050s.
2026-03-15 02:45:22,268 - DEBUG - all_bikes_state at 2050s: {'bike_0': 'at_parking', 'bike_1': 'at_parking', 'bike_2': 'at_parking', 'bike_3': 'at_parking', 'bike_4': 'at_parking', 'bike_5': 'at_parking', 'bike_6': 'at_parking', 'bike_7': 'at_parking', 'bike_8': 'at_parking', 'bike_9': 'at_parking', 'bike_10': 'at_parking', 'bike_11': 'at_parking', 'bike_12': 'at_parking', 'bike_13': 'at_parking', 'bike_14': 'at_parking', 'bike_15': 'at_parking', 'bike_16': 'at_parking', 'bike_17': 'at_parking', 'bike_18': 'at_parking', 'bike_19': 'at_parking'}
2026-03-15 02:45:22,268 - DEBUG - Found 0 inactive bikes: []
2026-03-15 02:45:22,285 - DEBUG - Vehicle vehicle_1 has no bike and no available misplaced bikes with valid routes.
2026-03-15 02:45:22,298 - DEBUG - Vehicle vehicle_1 assigned to reposition to parking parking_2 (travel time: 74.00s).
2026-03-15 02:45:22,300 - DEBUG - Attempting to activate bikes at 2055s.
2026-03-15 02:45:22,300 - DEBUG - all_bikes_state at 2055s: {'bike_0': 'at_parking', 'bike_1': 'at_parking', 'bike_2': 'at_parking', 'bike_3': 'at_parking', 'bike_4': 'at_parking', 'bike_5': 'at_parking', 'bike_6': 'at_parking', 'bike_7': 'at_parking', 'bike_8': 'at_parking', 'bike_9': 'at_parking', 'bike_10': 'at_parking', 'bike_11': 'at_parking', 'bike_12': 'at_parking', 'bike_13': 'at_parking', 'bike_14': 'at_parking', 'bike_15': 'at_parking', 'bike_16': 'at_parking', 'bike_17': 'at_parking', 'bike_18': 'at_parking', 'bike_19': 'at_parking'}
2026-03-15 02:45:22,300 - DEBUG - Found 0 inactive bikes: []
2026-03-15 02:45:22,301 - DEBUG - Attempting to activate bikes at 2060s.
2026-03-15 02:45:22,301 - DEBUG - all_bikes_state at 2060s: {'bike_0': 'at_parking', 'bike_1': 'at_parking', 'bike_2': 'at_parking', 'bike_3': 'at_parking', 'bike_4': 'at_parking', 'bike_5': 'at_parking', 'bike_6': 'at_parking', 'bike_7': 'at_parking', 'bike_8': 'at_parking', 'bike_9': 'at_parking', 'bike_10': 'at_parking', 'bike_11': 'at_parking', 'bike_12': 'at_parking', 'bike_13': 'at_parking', 'bike_14': 'at_parking', 'bike_15': 'at_parking', 'bike_16': 'at_parking', 'bike_17': 'at_parking', 'bike_18': 'at_parking', 'bike_19': 'at_parking'}
2026-03-15 02:45:22,301 - DEBUG - Found 0 inactive bikes: []
2026-03-15 02:45:22,301 - DEBUG - Attempting to activate bikes at 2065s.
2026-03-15 02:45:22,301 - DEBUG - all_bikes_state at 2065s: {'bike_0': 'at_parking', 'bike_1': 'at_parking', 'bike_2': 'at_parking', 'bike_3': 'at_parking', 'bike_4': 'at_parking', 'bike_5': 'at_parking', 'bike_6': 'at_parking', 'bike_7': 'at_parking', 'bike_8': 'at_parking', 'bike_9': 'at_parking', 'bike_10': 'at_parking', 'bike_11': 'at_parking', 'bike_12': 'at_parking', 'bike_13': 'at_parking', 'bike_14': 'at_parking', 'bike_15': 'at_parking', 'bike_16': 'at_parking', 'bike_17': 'at_parking', 'bike_18': 'at_parking', 'bike_19': 'at_parking'}
2026-03-15 02:45:22,301 - DEBUG - Found 0 inactive bikes: []
2026-03-15 02:45:22,302 - DEBUG - Attempting to activate bikes at 2070s.
2026-03-15 02:45:22,303 - DEBUG - all_bikes_state at 2070s: {'bike_0': 'at_parking', 'bike_1': 'at_parking', 'bike_2': 'at_parking', 'bike_3': 'at_parking', 'bike_4': 'at_parking', 'bike_5': 'at_parking', 'bike_6': 'at_parking', 'bike_7': 'at_parking', 'bike_8': 'at_parking', 'bike_9': 'at_parking', 'bike_10': 'at_parking', 'bike_11': 'at_parking', 'bike_12': 'at_parking', 'bike_13': 'at_parking', 'bike_14': 'at_parking', 'bike_15': 'at_parking', 'bike_16': 'at_parking', 'bike_17': 'at_parking', 'bike_18': 'at_parking', 'bike_19': 'at_parking'}
2026-03-15 02:45:22,303 - DEBUG - Found 0 inactive bikes: []
2026-03-15 02:45:22,304 - DEBUG - Attempting to activate bikes at 2075s.
2026-03-15 02:45:22,304 - DEBUG - all_bikes_state at 2075s: {'bike_0': 'at_parking', 'bike_1': 'at_parking', 'bike_2': 'at_parking', 'bike_3': 'at_parking', 'bike_4': 'at_parking', 'bike_5': 'at_parking', 'bike_6': 'at_parking', 'bike_7': 'at_parking', 'bike_8': 'at_parking', 'bike_9': 'at_parking', 'bike_10': 'at_parking', 'bike_11': 'at_parking', 'bike_12': 'at_parking', 'bike_13': 'at_parking', 'bike_14': 'at_parking', 'bike_15': 'at_parking', 'bike_16': 'at_parking', 'bike_17': 'at_parking', 'bike_18': 'at_parking', 'bike_19': 'at_parking'}
2026-03-15 02:45:22,304 - DEBUG - Found 0 inactive bikes: []
2026-03-15 02:45:22,304 - DEBUG - Attempting to activate bikes at 2080s.
2026-03-15 02:45:22,304 - DEBUG - all_bikes_state at 2080s: {'bike_0': 'at_parking', 'bike_1': 'at_parking', 'bike_2': 'at_parking', 'bike_3': 'at_parking', 'bike_4': 'at_parking', 'bike_5': 'at_parking', 'bike_6': 'at_parking', 'bike_7': 'at_parking', 'bike_8': 'at_parking', 'bike_9': 'at_parking', 'bike_10': 'at_parking', 'bike_11': 'at_parking', 'bike_12': 'at_parking', 'bike_13': 'at_parking', 'bike_14': 'at_parking', 'bike_15': 'at_parking', 'bike_16': 'at_parking', 'bike_17': 'at_parking', 'bike_18': 'at_parking', 'bike_19': 'at_parking'}
2026-03-15 02:45:22,304 - DEBUG - Found 0 inactive bikes: []
2026-03-15 02:45:22,393 - DEBUG - Vehicle vehicle_0 has no bike and no available misplaced bikes with valid routes.
2026-03-15 02:45:22,403 - DEBUG - Vehicle vehicle_0 assigned to reposition to parking parking_1 (travel time: 51.00s).
2026-03-15 02:45:22,403 - DEBUG - Attempting to activate bikes at 2085s.
2026-03-15 02:45:22,404 - DEBUG - all_bikes_state at 2085s: {'bike_0': 'at_parking', 'bike_1': 'at_parking', 'bike_2': 'at_parking', 'bike_3': 'at_parking', 'bike_4': 'at_parking', 'bike_5': 'at_parking', 'bike_6': 'at_parking', 'bike_7': 'at_parking', 'bike_8': 'at_parking', 'bike_9': 'at_parking', 'bike_10': 'at_parking', 'bike_11': 'at_parking', 'bike_12': 'at_parking', 'bike_13': 'at_parking', 'bike_14': 'at_parking', 'bike_15': 'at_parking', 'bike_16': 'at_parking', 'bike_17': 'at_parking', 'bike_18': 'at_parking', 'bike_19': 'at_parking'}
2026-03-15 02:45:22,404 - DEBUG - Found 0 inactive bikes: []
2026-03-15 02:45:22,404 - DEBUG - Attempting to activate bikes at 2090s.
2026-03-15 02:45:22,406 - DEBUG - all_bikes_state at 2090s: {'bike_0': 'at_parking', 'bike_1': 'at_parking', 'bike_2': 'at_parking', 'bike_3': 'at_parking', 'bike_4': 'at_parking', 'bike_5': 'at_parking', 'bike_6': 'at_parking', 'bike_7': 'at_parking', 'bike_8': 'at_parking', 'bike_9': 'at_parking', 'bike_10': 'at_parking', 'bike_11': 'at_parking', 'bike_12': 'at_parking', 'bike_13': 'at_parking', 'bike_14': 'at_parking', 'bike_15': 'at_parking', 'bike_16': 'at_parking', 'bike_17': 'at_parking', 'bike_18': 'at_parking', 'bike_19': 'at_parking'}
2026-03-15 02:45:22,406 - DEBUG - Found 0 inactive bikes: []
2026-03-15 02:45:22,406 - DEBUG - Attempting to activate bikes at 2095s.
2026-03-15 02:45:22,406 - DEBUG - all_bikes_state at 2095s: {'bike_0': 'at_parking', 'bike_1': 'at_parking', 'bike_2': 'at_parking', 'bike_3': 'at_parking', 'bike_4': 'at_parking', 'bike_5': 'at_parking', 'bike_6': 'at_parking', 'bike_7': 'at_parking', 'bike_8': 'at_parking', 'bike_9': 'at_parking', 'bike_10': 'at_parking', 'bike_11': 'at_parking', 'bike_12': 'at_parking', 'bike_13': 'at_parking', 'bike_14': 'at_parking', 'bike_15': 'at_parking', 'bike_16': 'at_parking', 'bike_17': 'at_parking', 'bike_18': 'at_parking', 'bike_19': 'at_parking'}
2026-03-15 02:45:22,406 - DEBUG - Found 0 inactive bikes: []
2026-03-15 02:45:22,406 - DEBUG - Attempting to activate bikes at 2100s.
2026-03-15 02:45:22,407 - DEBUG - all_bikes_state at 2100s: {'bike_0': 'at_parking', 'bike_1': 'at_parking', 'bike_2': 'at_parking', 'bike_3': 'at_parking', 'bike_4': 'at_parking', 'bike_5': 'at_parking', 'bike_6': 'at_parking', 'bike_7': 'at_parking', 'bike_8': 'at_parking', 'bike_9': 'at_parking', 'bike_10': 'at_parking', 'bike_11': 'at_parking', 'bike_12': 'at_parking', 'bike_13': 'at_parking', 'bike_14': 'at_parking', 'bike_15': 'at_parking', 'bike_16': 'at_parking', 'bike_17': 'at_parking', 'bike_18': 'at_parking', 'bike_19': 'at_parking'}
2026-03-15 02:45:22,407 - DEBUG - Found 0 inactive bikes: []
2026-03-15 02:45:22,408 - DEBUG - Attempting to activate bikes at 2105s.
2026-03-15 02:45:22,408 - DEBUG - all_bikes_state at 2105s: {'bike_0': 'at_parking', 'bike_1': 'at_parking', 'bike_2': 'at_parking', 'bike_3': 'at_parking', 'bike_4': 'at_parking', 'bike_5': 'at_parking', 'bike_6': 'at_parking', 'bike_7': 'at_parking', 'bike_8': 'at_parking', 'bike_9': 'at_parking', 'bike_10': 'at_parking', 'bike_11': 'at_parking', 'bike_12': 'at_parking', 'bike_13': 'at_parking', 'bike_14': 'at_parking', 'bike_15': 'at_parking', 'bike_16': 'at_parking', 'bike_17': 'at_parking', 'bike_18': 'at_parking', 'bike_19': 'at_parking'}
2026-03-15 02:45:22,408 - DEBUG - Found 0 inactive bikes: []
2026-03-15 02:45:22,408 - DEBUG - Attempting to activate bikes at 2110s.
2026-03-15 02:45:22,409 - DEBUG - all_bikes_state at 2110s: {'bike_0': 'at_parking', 'bike_1': 'at_parking', 'bike_2': 'at_parking', 'bike_3': 'at_parking', 'bike_4': 'at_parking', 'bike_5': 'at_parking', 'bike_6': 'at_parking', 'bike_7': 'at_parking', 'bike_8': 'at_parking', 'bike_9': 'at_parking', 'bike_10': 'at_parking', 'bike_11': 'at_parking', 'bike_12': 'at_parking', 'bike_13': 'at_parking', 'bike_14': 'at_parking', 'bike_15': 'at_parking', 'bike_16': 'at_parking', 'bike_17': 'at_parking', 'bike_18': 'at_parking', 'bike_19': 'at_parking'}
2026-03-15 02:45:22,409 - DEBUG - Found 0 inactive bikes: []
2026-03-15 02:45:22,409 - DEBUG - Attempting to activate bikes at 2115s.
2026-03-15 02:45:22,409 - DEBUG - all_bikes_state at 2115s: {'bike_0': 'at_parking', 'bike_1': 'at_parking', 'bike_2': 'at_parking', 'bike_3': 'at_parking', 'bike_4': 'at_parking', 'bike_5': 'at_parking', 'bike_6': 'at_parking', 'bike_7': 'at_parking', 'bike_8': 'at_parking', 'bike_9': 'at_parking', 'bike_10': 'at_parking', 'bike_11': 'at_parking', 'bike_12': 'at_parking', 'bike_13': 'at_parking', 'bike_14': 'at_parking', 'bike_15': 'at_parking', 'bike_16': 'at_parking', 'bike_17': 'at_parking', 'bike_18': 'at_parking', 'bike_19': 'at_parking'}
2026-03-15 02:45:22,409 - DEBUG - Found 0 inactive bikes: []
2026-03-15 02:45:22,409 - DEBUG - Attempting to activate bikes at 2120s.
2026-03-15 02:45:22,411 - DEBUG - all_bikes_state at 2120s: {'bike_0': 'at_parking', 'bike_1': 'at_parking', 'bike_2': 'at_parking', 'bike_3': 'at_parking', 'bike_4': 'at_parking', 'bike_5': 'at_parking', 'bike_6': 'at_parking', 'bike_7': 'at_parking', 'bike_8': 'at_parking', 'bike_9': 'at_parking', 'bike_10': 'at_parking', 'bike_11': 'at_parking', 'bike_12': 'at_parking', 'bike_13': 'at_parking', 'bike_14': 'at_parking', 'bike_15': 'at_parking', 'bike_16': 'at_parking', 'bike_17': 'at_parking', 'bike_18': 'at_parking', 'bike_19': 'at_parking'}
2026-03-15 02:45:22,411 - DEBUG - Found 0 inactive bikes: []
2026-03-15 02:45:22,411 - DEBUG - Attempting to activate bikes at 2125s.
2026-03-15 02:45:22,411 - DEBUG - all_bikes_state at 2125s: {'bike_0': 'at_parking', 'bike_1': 'at_parking', 'bike_2': 'at_parking', 'bike_3': 'at_parking', 'bike_4': 'at_parking', 'bike_5': 'at_parking', 'bike_6': 'at_parking', 'bike_7': 'at_parking', 'bike_8': 'at_parking', 'bike_9': 'at_parking', 'bike_10': 'at_parking', 'bike_11': 'at_parking', 'bike_12': 'at_parking', 'bike_13': 'at_parking', 'bike_14': 'at_parking', 'bike_15': 'at_parking', 'bike_16': 'at_parking', 'bike_17': 'at_parking', 'bike_18': 'at_parking', 'bike_19': 'at_parking'}
2026-03-15 02:45:22,411 - DEBUG - Found 0 inactive bikes: []
2026-03-15 02:45:22,429 - DEBUG - Vehicle vehicle_1 has no bike and no available misplaced bikes with valid routes.
2026-03-15 02:45:22,442 - DEBUG - Vehicle vehicle_1 assigned to reposition to parking parking_2 (travel time: 74.00s).
2026-03-15 02:45:22,461 - DEBUG - Vehicle vehicle_2 has no bike and no available misplaced bikes with valid routes.
2026-03-15 02:45:22,474 - DEBUG - Vehicle vehicle_2 assigned to reposition to parking parking_2 (travel time: 74.00s).
2026-03-15 02:45:22,474 - DEBUG - Attempting to activate bikes at 2130s.
2026-03-15 02:45:22,476 - DEBUG - all_bikes_state at 2130s: {'bike_0': 'at_parking', 'bike_1': 'at_parking', 'bike_2': 'at_parking', 'bike_3': 'at_parking', 'bike_4': 'at_parking', 'bike_5': 'at_parking', 'bike_6': 'at_parking', 'bike_7': 'at_parking', 'bike_8': 'at_parking', 'bike_9': 'at_parking', 'bike_10': 'at_parking', 'bike_11': 'at_parking', 'bike_12': 'at_parking', 'bike_13': 'at_parking', 'bike_14': 'at_parking', 'bike_15': 'at_parking', 'bike_16': 'at_parking', 'bike_17': 'at_parking', 'bike_18': 'at_parking', 'bike_19': 'at_parking'}
2026-03-15 02:45:22,476 - DEBUG - Found 0 inactive bikes: []
2026-03-15 02:45:22,476 - DEBUG - Attempting to activate bikes at 2135s.
2026-03-15 02:45:22,476 - DEBUG - all_bikes_state at 2135s: {'bike_0': 'at_parking', 'bike_1': 'at_parking', 'bike_2': 'at_parking', 'bike_3': 'at_parking', 'bike_4': 'at_parking', 'bike_5': 'at_parking', 'bike_6': 'at_parking', 'bike_7': 'at_parking', 'bike_8': 'at_parking', 'bike_9': 'at_parking', 'bike_10': 'at_parking', 'bike_11': 'at_parking', 'bike_12': 'at_parking', 'bike_13': 'at_parking', 'bike_14': 'at_parking', 'bike_15': 'at_parking', 'bike_16': 'at_parking', 'bike_17': 'at_parking', 'bike_18': 'at_parking', 'bike_19': 'at_parking'}
2026-03-15 02:45:22,478 - DEBUG - Found 0 inactive bikes: []
2026-03-15 02:45:22,496 - DEBUG - Vehicle vehicle_0 has no bike and no available misplaced bikes with valid routes.
2026-03-15 02:45:22,516 - DEBUG - Vehicle vehicle_0 assigned to reposition to parking parking_0 (travel time: 80.00s).
2026-03-15 02:45:22,518 - DEBUG - Attempting to activate bikes at 2140s.
2026-03-15 02:45:22,518 - DEBUG - all_bikes_state at 2140s: {'bike_0': 'at_parking', 'bike_1': 'at_parking', 'bike_2': 'at_parking', 'bike_3': 'at_parking', 'bike_4': 'at_parking', 'bike_5': 'at_parking', 'bike_6': 'at_parking', 'bike_7': 'at_parking', 'bike_8': 'at_parking', 'bike_9': 'at_parking', 'bike_10': 'at_parking', 'bike_11': 'at_parking', 'bike_12': 'at_parking', 'bike_13': 'at_parking', 'bike_14': 'at_parking', 'bike_15': 'at_parking', 'bike_16': 'at_parking', 'bike_17': 'at_parking', 'bike_18': 'at_parking', 'bike_19': 'at_parking'}
2026-03-15 02:45:22,518 - DEBUG - Found 0 inactive bikes: []
2026-03-15 02:45:22,518 - DEBUG - Attempting to activate bikes at 2145s.
2026-03-15 02:45:22,519 - DEBUG - all_bikes_state at 2145s: {'bike_0': 'at_parking', 'bike_1': 'at_parking', 'bike_2': 'at_parking', 'bike_3': 'at_parking', 'bike_4': 'at_parking', 'bike_5': 'at_parking', 'bike_6': 'at_parking', 'bike_7': 'at_parking', 'bike_8': 'at_parking', 'bike_9': 'at_parking', 'bike_10': 'at_parking', 'bike_11': 'at_parking', 'bike_12': 'at_parking', 'bike_13': 'at_parking', 'bike_14': 'at_parking', 'bike_15': 'at_parking', 'bike_16': 'at_parking', 'bike_17': 'at_parking', 'bike_18': 'at_parking', 'bike_19': 'at_parking'}
2026-03-15 02:45:22,519 - DEBUG - Found 0 inactive bikes: []
2026-03-15 02:45:22,519 - DEBUG - Attempting to activate bikes at 2150s.
2026-03-15 02:45:22,519 - DEBUG - all_bikes_state at 2150s: {'bike_0': 'at_parking', 'bike_1': 'at_parking', 'bike_2': 'at_parking', 'bike_3': 'at_parking', 'bike_4': 'at_parking', 'bike_5': 'at_parking', 'bike_6': 'at_parking', 'bike_7': 'at_parking', 'bike_8': 'at_parking', 'bike_9': 'at_parking', 'bike_10': 'at_parking', 'bike_11': 'at_parking', 'bike_12': 'at_parking', 'bike_13': 'at_parking', 'bike_14': 'at_parking', 'bike_15': 'at_parking', 'bike_16': 'at_parking', 'bike_17': 'at_parking', 'bike_18': 'at_parking', 'bike_19': 'at_parking'}
2026-03-15 02:45:22,519 - DEBUG - Found 0 inactive bikes: []
2026-03-15 02:45:22,521 - DEBUG - Attempting to activate bikes at 2155s.
2026-03-15 02:45:22,521 - DEBUG - all_bikes_state at 2155s: {'bike_0': 'at_parking', 'bike_1': 'at_parking', 'bike_2': 'at_parking', 'bike_3': 'at_parking', 'bike_4': 'at_parking', 'bike_5': 'at_parking', 'bike_6': 'at_parking', 'bike_7': 'at_parking', 'bike_8': 'at_parking', 'bike_9': 'at_parking', 'bike_10': 'at_parking', 'bike_11': 'at_parking', 'bike_12': 'at_parking', 'bike_13': 'at_parking', 'bike_14': 'at_parking', 'bike_15': 'at_parking', 'bike_16': 'at_parking', 'bike_17': 'at_parking', 'bike_18': 'at_parking', 'bike_19': 'at_parking'}
2026-03-15 02:45:22,521 - DEBUG - Found 0 inactive bikes: []
2026-03-15 02:45:22,521 - DEBUG - Attempting to activate bikes at 2160s.
2026-03-15 02:45:22,522 - DEBUG - all_bikes_state at 2160s: {'bike_0': 'at_parking', 'bike_1': 'at_parking', 'bike_2': 'at_parking', 'bike_3': 'at_parking', 'bike_4': 'at_parking', 'bike_5': 'at_parking', 'bike_6': 'at_parking', 'bike_7': 'at_parking', 'bike_8': 'at_parking', 'bike_9': 'at_parking', 'bike_10': 'at_parking', 'bike_11': 'at_parking', 'bike_12': 'at_parking', 'bike_13': 'at_parking', 'bike_14': 'at_parking', 'bike_15': 'at_parking', 'bike_16': 'at_parking', 'bike_17': 'at_parking', 'bike_18': 'at_parking', 'bike_19': 'at_parking'}
2026-03-15 02:45:22,522 - DEBUG - Found 0 inactive bikes: []
2026-03-15 02:45:22,524 - DEBUG - Attempting to activate bikes at 2165s.
2026-03-15 02:45:22,524 - DEBUG - all_bikes_state at 2165s: {'bike_0': 'at_parking', 'bike_1': 'at_parking', 'bike_2': 'at_parking', 'bike_3': 'at_parking', 'bike_4': 'at_parking', 'bike_5': 'at_parking', 'bike_6': 'at_parking', 'bike_7': 'at_parking', 'bike_8': 'at_parking', 'bike_9': 'at_parking', 'bike_10': 'at_parking', 'bike_11': 'at_parking', 'bike_12': 'at_parking', 'bike_13': 'at_parking', 'bike_14': 'at_parking', 'bike_15': 'at_parking', 'bike_16': 'at_parking', 'bike_17': 'at_parking', 'bike_18': 'at_parking', 'bike_19': 'at_parking'}
2026-03-15 02:45:22,524 - DEBUG - Found 0 inactive bikes: []
2026-03-15 02:45:22,526 - DEBUG - Attempting to activate bikes at 2170s.
2026-03-15 02:45:22,526 - DEBUG - all_bikes_state at 2170s: {'bike_0': 'at_parking', 'bike_1': 'at_parking', 'bike_2': 'at_parking', 'bike_3': 'at_parking', 'bike_4': 'at_parking', 'bike_5': 'at_parking', 'bike_6': 'at_parking', 'bike_7': 'at_parking', 'bike_8': 'at_parking', 'bike_9': 'at_parking', 'bike_10': 'at_parking', 'bike_11': 'at_parking', 'bike_12': 'at_parking', 'bike_13': 'at_parking', 'bike_14': 'at_parking', 'bike_15': 'at_parking', 'bike_16': 'at_parking', 'bike_17': 'at_parking', 'bike_18': 'at_parking', 'bike_19': 'at_parking'}
2026-03-15 02:45:22,526 - DEBUG - Found 0 inactive bikes: []
2026-03-15 02:45:22,527 - DEBUG - Attempting to activate bikes at 2175s.
2026-03-15 02:45:22,527 - DEBUG - all_bikes_state at 2175s: {'bike_0': 'at_parking', 'bike_1': 'at_parking', 'bike_2': 'at_parking', 'bike_3': 'at_parking', 'bike_4': 'at_parking', 'bike_5': 'at_parking', 'bike_6': 'at_parking', 'bike_7': 'at_parking', 'bike_8': 'at_parking', 'bike_9': 'at_parking', 'bike_10': 'at_parking', 'bike_11': 'at_parking', 'bike_12': 'at_parking', 'bike_13': 'at_parking', 'bike_14': 'at_parking', 'bike_15': 'at_parking', 'bike_16': 'at_parking', 'bike_17': 'at_parking', 'bike_18': 'at_parking', 'bike_19': 'at_parking'}
2026-03-15 02:45:22,527 - DEBUG - Found 0 inactive bikes: []
2026-03-15 02:45:22,529 - DEBUG - Attempting to activate bikes at 2180s.
2026-03-15 02:45:22,529 - DEBUG - all_bikes_state at 2180s: {'bike_0': 'at_parking', 'bike_1': 'at_parking', 'bike_2': 'at_parking', 'bike_3': 'at_parking', 'bike_4': 'at_parking', 'bike_5': 'at_parking', 'bike_6': 'at_parking', 'bike_7': 'at_parking', 'bike_8': 'at_parking', 'bike_9': 'at_parking', 'bike_10': 'at_parking', 'bike_11': 'at_parking', 'bike_12': 'at_parking', 'bike_13': 'at_parking', 'bike_14': 'at_parking', 'bike_15': 'at_parking', 'bike_16': 'at_parking', 'bike_17': 'at_parking', 'bike_18': 'at_parking', 'bike_19': 'at_parking'}
2026-03-15 02:45:22,531 - DEBUG - Found 0 inactive bikes: []
2026-03-15 02:45:22,531 - DEBUG - Attempting to activate bikes at 2185s.
2026-03-15 02:45:22,531 - DEBUG - all_bikes_state at 2185s: {'bike_0': 'at_parking', 'bike_1': 'at_parking', 'bike_2': 'at_parking', 'bike_3': 'at_parking', 'bike_4': 'at_parking', 'bike_5': 'at_parking', 'bike_6': 'at_parking', 'bike_7': 'at_parking', 'bike_8': 'at_parking', 'bike_9': 'at_parking', 'bike_10': 'at_parking', 'bike_11': 'at_parking', 'bike_12': 'at_parking', 'bike_13': 'at_parking', 'bike_14': 'at_parking', 'bike_15': 'at_parking', 'bike_16': 'at_parking', 'bike_17': 'at_parking', 'bike_18': 'at_parking', 'bike_19': 'at_parking'}
2026-03-15 02:45:22,531 - DEBUG - Found 0 inactive bikes: []
2026-03-15 02:45:22,532 - DEBUG - Attempting to activate bikes at 2190s.
2026-03-15 02:45:22,532 - DEBUG - all_bikes_state at 2190s: {'bike_0': 'at_parking', 'bike_1': 'at_parking', 'bike_2': 'at_parking', 'bike_3': 'at_parking', 'bike_4': 'at_parking', 'bike_5': 'at_parking', 'bike_6': 'at_parking', 'bike_7': 'at_parking', 'bike_8': 'at_parking', 'bike_9': 'at_parking', 'bike_10': 'at_parking', 'bike_11': 'at_parking', 'bike_12': 'at_parking', 'bike_13': 'at_parking', 'bike_14': 'at_parking', 'bike_15': 'at_parking', 'bike_16': 'at_parking', 'bike_17': 'at_parking', 'bike_18': 'at_parking', 'bike_19': 'at_parking'}
2026-03-15 02:45:22,532 - DEBUG - Found 0 inactive bikes: []
2026-03-15 02:45:22,532 - DEBUG - Attempting to activate bikes at 2195s.
2026-03-15 02:45:22,532 - DEBUG - all_bikes_state at 2195s: {'bike_0': 'at_parking', 'bike_1': 'at_parking', 'bike_2': 'at_parking', 'bike_3': 'at_parking', 'bike_4': 'at_parking', 'bike_5': 'at_parking', 'bike_6': 'at_parking', 'bike_7': 'at_parking', 'bike_8': 'at_parking', 'bike_9': 'at_parking', 'bike_10': 'at_parking', 'bike_11': 'at_parking', 'bike_12': 'at_parking', 'bike_13': 'at_parking', 'bike_14': 'at_parking', 'bike_15': 'at_parking', 'bike_16': 'at_parking', 'bike_17': 'at_parking', 'bike_18': 'at_parking', 'bike_19': 'at_parking'}
2026-03-15 02:45:22,534 - DEBUG - Found 0 inactive bikes: []
2026-03-15 02:45:22,534 - DEBUG - Attempting to activate bikes at 2200s.
2026-03-15 02:45:22,534 - DEBUG - all_bikes_state at 2200s: {'bike_0': 'at_parking', 'bike_1': 'at_parking', 'bike_2': 'at_parking', 'bike_3': 'at_parking', 'bike_4': 'at_parking', 'bike_5': 'at_parking', 'bike_6': 'at_parking', 'bike_7': 'at_parking', 'bike_8': 'at_parking', 'bike_9': 'at_parking', 'bike_10': 'at_parking', 'bike_11': 'at_parking', 'bike_12': 'at_parking', 'bike_13': 'at_parking', 'bike_14': 'at_parking', 'bike_15': 'at_parking', 'bike_16': 'at_parking', 'bike_17': 'at_parking', 'bike_18': 'at_parking', 'bike_19': 'at_parking'}
2026-03-15 02:45:22,535 - DEBUG - Found 0 inactive bikes: []
2026-03-15 02:45:22,554 - DEBUG - Vehicle vehicle_1 has no bike and no available misplaced bikes with valid routes.
2026-03-15 02:45:22,567 - DEBUG - Vehicle vehicle_1 assigned to reposition to parking parking_1 (travel time: 51.00s).
2026-03-15 02:45:22,590 - DEBUG - Vehicle vehicle_2 has no bike and no available misplaced bikes with valid routes.
2026-03-15 02:45:22,603 - DEBUG - Vehicle vehicle_2 assigned to reposition to parking parking_1 (travel time: 51.00s).
2026-03-15 02:45:22,603 - DEBUG - Attempting to activate bikes at 2205s.
2026-03-15 02:45:22,605 - DEBUG - all_bikes_state at 2205s: {'bike_0': 'at_parking', 'bike_1': 'at_parking', 'bike_2': 'at_parking', 'bike_3': 'at_parking', 'bike_4': 'at_parking', 'bike_5': 'at_parking', 'bike_6': 'at_parking', 'bike_7': 'at_parking', 'bike_8': 'at_parking', 'bike_9': 'at_parking', 'bike_10': 'at_parking', 'bike_11': 'at_parking', 'bike_12': 'at_parking', 'bike_13': 'at_parking', 'bike_14': 'at_parking', 'bike_15': 'at_parking', 'bike_16': 'at_parking', 'bike_17': 'at_parking', 'bike_18': 'at_parking', 'bike_19': 'at_parking'}
2026-03-15 02:45:22,605 - DEBUG - Found 0 inactive bikes: []
2026-03-15 02:45:22,605 - DEBUG - Attempting to activate bikes at 2210s.
2026-03-15 02:45:22,606 - DEBUG - all_bikes_state at 2210s: {'bike_0': 'at_parking', 'bike_1': 'at_parking', 'bike_2': 'at_parking', 'bike_3': 'at_parking', 'bike_4': 'at_parking', 'bike_5': 'at_parking', 'bike_6': 'at_parking', 'bike_7': 'at_parking', 'bike_8': 'at_parking', 'bike_9': 'at_parking', 'bike_10': 'at_parking', 'bike_11': 'at_parking', 'bike_12': 'at_parking', 'bike_13': 'at_parking', 'bike_14': 'at_parking', 'bike_15': 'at_parking', 'bike_16': 'at_parking', 'bike_17': 'at_parking', 'bike_18': 'at_parking', 'bike_19': 'at_parking'}
2026-03-15 02:45:22,606 - DEBUG - Found 0 inactive bikes: []
2026-03-15 02:45:22,607 - DEBUG - Attempting to activate bikes at 2215s.
2026-03-15 02:45:22,608 - DEBUG - all_bikes_state at 2215s: {'bike_0': 'at_parking', 'bike_1': 'at_parking', 'bike_2': 'at_parking', 'bike_3': 'at_parking', 'bike_4': 'at_parking', 'bike_5': 'at_parking', 'bike_6': 'at_parking', 'bike_7': 'at_parking', 'bike_8': 'at_parking', 'bike_9': 'at_parking', 'bike_10': 'at_parking', 'bike_11': 'at_parking', 'bike_12': 'at_parking', 'bike_13': 'at_parking', 'bike_14': 'at_parking', 'bike_15': 'at_parking', 'bike_16': 'at_parking', 'bike_17': 'at_parking', 'bike_18': 'at_parking', 'bike_19': 'at_parking'}
2026-03-15 02:45:22,609 - DEBUG - Found 0 inactive bikes: []
2026-03-15 02:45:22,633 - DEBUG - Vehicle vehicle_0 has no bike and no available misplaced bikes with valid routes.
2026-03-15 02:45:22,645 - DEBUG - Vehicle vehicle_0 assigned to reposition to parking parking_1 (travel time: 51.00s).
2026-03-15 02:45:22,646 - DEBUG - Attempting to activate bikes at 2220s.
2026-03-15 02:45:22,646 - DEBUG - all_bikes_state at 2220s: {'bike_0': 'at_parking', 'bike_1': 'at_parking', 'bike_2': 'at_parking', 'bike_3': 'at_parking', 'bike_4': 'at_parking', 'bike_5': 'at_parking', 'bike_6': 'at_parking', 'bike_7': 'at_parking', 'bike_8': 'at_parking', 'bike_9': 'at_parking', 'bike_10': 'at_parking', 'bike_11': 'at_parking', 'bike_12': 'at_parking', 'bike_13': 'at_parking', 'bike_14': 'at_parking', 'bike_15': 'at_parking', 'bike_16': 'at_parking', 'bike_17': 'at_parking', 'bike_18': 'at_parking', 'bike_19': 'at_parking'}
2026-03-15 02:45:22,646 - DEBUG - Found 0 inactive bikes: []
2026-03-15 02:45:22,646 - DEBUG - Attempting to activate bikes at 2225s.
2026-03-15 02:45:22,648 - DEBUG - all_bikes_state at 2225s: {'bike_0': 'at_parking', 'bike_1': 'at_parking', 'bike_2': 'at_parking', 'bike_3': 'at_parking', 'bike_4': 'at_parking', 'bike_5': 'at_parking', 'bike_6': 'at_parking', 'bike_7': 'at_parking', 'bike_8': 'at_parking', 'bike_9': 'at_parking', 'bike_10': 'at_parking', 'bike_11': 'at_parking', 'bike_12': 'at_parking', 'bike_13': 'at_parking', 'bike_14': 'at_parking', 'bike_15': 'at_parking', 'bike_16': 'at_parking', 'bike_17': 'at_parking', 'bike_18': 'at_parking', 'bike_19': 'at_parking'}
2026-03-15 02:45:22,648 - DEBUG - Found 0 inactive bikes: []
2026-03-15 02:45:22,648 - DEBUG - Attempting to activate bikes at 2230s.
2026-03-15 02:45:22,648 - DEBUG - all_bikes_state at 2230s: {'bike_0': 'at_parking', 'bike_1': 'at_parking', 'bike_2': 'at_parking', 'bike_3': 'at_parking', 'bike_4': 'at_parking', 'bike_5': 'at_parking', 'bike_6': 'at_parking', 'bike_7': 'at_parking', 'bike_8': 'at_parking', 'bike_9': 'at_parking', 'bike_10': 'at_parking', 'bike_11': 'at_parking', 'bike_12': 'at_parking', 'bike_13': 'at_parking', 'bike_14': 'at_parking', 'bike_15': 'at_parking', 'bike_16': 'at_parking', 'bike_17': 'at_parking', 'bike_18': 'at_parking', 'bike_19': 'at_parking'}
2026-03-15 02:45:22,648 - DEBUG - Found 0 inactive bikes: []
2026-03-15 02:45:22,649 - DEBUG - Attempting to activate bikes at 2235s.
2026-03-15 02:45:22,649 - DEBUG - all_bikes_state at 2235s: {'bike_0': 'at_parking', 'bike_1': 'at_parking', 'bike_2': 'at_parking', 'bike_3': 'at_parking', 'bike_4': 'at_parking', 'bike_5': 'at_parking', 'bike_6': 'at_parking', 'bike_7': 'at_parking', 'bike_8': 'at_parking', 'bike_9': 'at_parking', 'bike_10': 'at_parking', 'bike_11': 'at_parking', 'bike_12': 'at_parking', 'bike_13': 'at_parking', 'bike_14': 'at_parking', 'bike_15': 'at_parking', 'bike_16': 'at_parking', 'bike_17': 'at_parking', 'bike_18': 'at_parking', 'bike_19': 'at_parking'}
2026-03-15 02:45:22,649 - DEBUG - Found 0 inactive bikes: []
2026-03-15 02:45:22,649 - DEBUG - Attempting to activate bikes at 2240s.
2026-03-15 02:45:22,649 - DEBUG - all_bikes_state at 2240s: {'bike_0': 'at_parking', 'bike_1': 'at_parking', 'bike_2': 'at_parking', 'bike_3': 'at_parking', 'bike_4': 'at_parking', 'bike_5': 'at_parking', 'bike_6': 'at_parking', 'bike_7': 'at_parking', 'bike_8': 'at_parking', 'bike_9': 'at_parking', 'bike_10': 'at_parking', 'bike_11': 'at_parking', 'bike_12': 'at_parking', 'bike_13': 'at_parking', 'bike_14': 'at_parking', 'bike_15': 'at_parking', 'bike_16': 'at_parking', 'bike_17': 'at_parking', 'bike_18': 'at_parking', 'bike_19': 'at_parking'}
2026-03-15 02:45:22,651 - DEBUG - Found 0 inactive bikes: []
2026-03-15 02:45:22,651 - DEBUG - Attempting to activate bikes at 2245s.
2026-03-15 02:45:22,651 - DEBUG - all_bikes_state at 2245s: {'bike_0': 'at_parking', 'bike_1': 'at_parking', 'bike_2': 'at_parking', 'bike_3': 'at_parking', 'bike_4': 'at_parking', 'bike_5': 'at_parking', 'bike_6': 'at_parking', 'bike_7': 'at_parking', 'bike_8': 'at_parking', 'bike_9': 'at_parking', 'bike_10': 'at_parking', 'bike_11': 'at_parking', 'bike_12': 'at_parking', 'bike_13': 'at_parking', 'bike_14': 'at_parking', 'bike_15': 'at_parking', 'bike_16': 'at_parking', 'bike_17': 'at_parking', 'bike_18': 'at_parking', 'bike_19': 'at_parking'}
2026-03-15 02:45:22,651 - DEBUG - Found 0 inactive bikes: []
2026-03-15 02:45:22,653 - DEBUG - Attempting to activate bikes at 2250s.
2026-03-15 02:45:22,653 - DEBUG - all_bikes_state at 2250s: {'bike_0': 'at_parking', 'bike_1': 'at_parking', 'bike_2': 'at_parking', 'bike_3': 'at_parking', 'bike_4': 'at_parking', 'bike_5': 'at_parking', 'bike_6': 'at_parking', 'bike_7': 'at_parking', 'bike_8': 'at_parking', 'bike_9': 'at_parking', 'bike_10': 'at_parking', 'bike_11': 'at_parking', 'bike_12': 'at_parking', 'bike_13': 'at_parking', 'bike_14': 'at_parking', 'bike_15': 'at_parking', 'bike_16': 'at_parking', 'bike_17': 'at_parking', 'bike_18': 'at_parking', 'bike_19': 'at_parking'}
2026-03-15 02:45:22,653 - DEBUG - Found 0 inactive bikes: []
2026-03-15 02:45:22,654 - DEBUG - Attempting to activate bikes at 2255s.
2026-03-15 02:45:22,654 - DEBUG - all_bikes_state at 2255s: {'bike_0': 'at_parking', 'bike_1': 'at_parking', 'bike_2': 'at_parking', 'bike_3': 'at_parking', 'bike_4': 'at_parking', 'bike_5': 'at_parking', 'bike_6': 'at_parking', 'bike_7': 'at_parking', 'bike_8': 'at_parking', 'bike_9': 'at_parking', 'bike_10': 'at_parking', 'bike_11': 'at_parking', 'bike_12': 'at_parking', 'bike_13': 'at_parking', 'bike_14': 'at_parking', 'bike_15': 'at_parking', 'bike_16': 'at_parking', 'bike_17': 'at_parking', 'bike_18': 'at_parking', 'bike_19': 'at_parking'}
2026-03-15 02:45:22,654 - DEBUG - Found 0 inactive bikes: []
2026-03-15 02:45:22,768 - DEBUG - Vehicle vehicle_1 has no bike and no available misplaced bikes with valid routes.
2026-03-15 02:45:22,777 - DEBUG - Vehicle vehicle_1 assigned to reposition to parking parking_1 (travel time: 51.00s).
2026-03-15 02:45:22,796 - DEBUG - Vehicle vehicle_2 has no bike and no available misplaced bikes with valid routes.
2026-03-15 02:45:22,805 - DEBUG - Vehicle vehicle_2 assigned to reposition to parking parking_1 (travel time: 51.00s).
2026-03-15 02:45:22,807 - DEBUG - Attempting to activate bikes at 2260s.
2026-03-15 02:45:22,807 - DEBUG - all_bikes_state at 2260s: {'bike_0': 'at_parking', 'bike_1': 'at_parking', 'bike_2': 'at_parking', 'bike_3': 'at_parking', 'bike_4': 'at_parking', 'bike_5': 'at_parking', 'bike_6': 'at_parking', 'bike_7': 'at_parking', 'bike_8': 'at_parking', 'bike_9': 'at_parking', 'bike_10': 'at_parking', 'bike_11': 'at_parking', 'bike_12': 'at_parking', 'bike_13': 'at_parking', 'bike_14': 'at_parking', 'bike_15': 'at_parking', 'bike_16': 'at_parking', 'bike_17': 'at_parking', 'bike_18': 'at_parking', 'bike_19': 'at_parking'}
2026-03-15 02:45:22,807 - DEBUG - Found 0 inactive bikes: []
2026-03-15 02:45:22,807 - DEBUG - Attempting to activate bikes at 2265s.
2026-03-15 02:45:22,808 - DEBUG - all_bikes_state at 2265s: {'bike_0': 'at_parking', 'bike_1': 'at_parking', 'bike_2': 'at_parking', 'bike_3': 'at_parking', 'bike_4': 'at_parking', 'bike_5': 'at_parking', 'bike_6': 'at_parking', 'bike_7': 'at_parking', 'bike_8': 'at_parking', 'bike_9': 'at_parking', 'bike_10': 'at_parking', 'bike_11': 'at_parking', 'bike_12': 'at_parking', 'bike_13': 'at_parking', 'bike_14': 'at_parking', 'bike_15': 'at_parking', 'bike_16': 'at_parking', 'bike_17': 'at_parking', 'bike_18': 'at_parking', 'bike_19': 'at_parking'}
2026-03-15 02:45:22,808 - DEBUG - Found 0 inactive bikes: []
2026-03-15 02:45:22,808 - DEBUG - Attempting to activate bikes at 2270s.
2026-03-15 02:45:22,809 - DEBUG - all_bikes_state at 2270s: {'bike_0': 'at_parking', 'bike_1': 'at_parking', 'bike_2': 'at_parking', 'bike_3': 'at_parking', 'bike_4': 'at_parking', 'bike_5': 'at_parking', 'bike_6': 'at_parking', 'bike_7': 'at_parking', 'bike_8': 'at_parking', 'bike_9': 'at_parking', 'bike_10': 'at_parking', 'bike_11': 'at_parking', 'bike_12': 'at_parking', 'bike_13': 'at_parking', 'bike_14': 'at_parking', 'bike_15': 'at_parking', 'bike_16': 'at_parking', 'bike_17': 'at_parking', 'bike_18': 'at_parking', 'bike_19': 'at_parking'}
2026-03-15 02:45:22,809 - DEBUG - Found 0 inactive bikes: []
2026-03-15 02:45:22,828 - DEBUG - Vehicle vehicle_0 has no bike and no available misplaced bikes with valid routes.
2026-03-15 02:45:22,848 - DEBUG - Vehicle vehicle_0 assigned to reposition to parking parking_0 (travel time: 80.00s).
2026-03-15 02:45:22,848 - DEBUG - Attempting to activate bikes at 2275s.
2026-03-15 02:45:22,848 - DEBUG - all_bikes_state at 2275s: {'bike_0': 'at_parking', 'bike_1': 'at_parking', 'bike_2': 'at_parking', 'bike_3': 'at_parking', 'bike_4': 'at_parking', 'bike_5': 'at_parking', 'bike_6': 'at_parking', 'bike_7': 'at_parking', 'bike_8': 'at_parking', 'bike_9': 'at_parking', 'bike_10': 'at_parking', 'bike_11': 'at_parking', 'bike_12': 'at_parking', 'bike_13': 'at_parking', 'bike_14': 'at_parking', 'bike_15': 'at_parking', 'bike_16': 'at_parking', 'bike_17': 'at_parking', 'bike_18': 'at_parking', 'bike_19': 'at_parking'}
2026-03-15 02:45:22,848 - DEBUG - Found 0 inactive bikes: []
2026-03-15 02:45:22,848 - DEBUG - Attempting to activate bikes at 2280s.
2026-03-15 02:45:22,848 - DEBUG - all_bikes_state at 2280s: {'bike_0': 'at_parking', 'bike_1': 'at_parking', 'bike_2': 'at_parking', 'bike_3': 'at_parking', 'bike_4': 'at_parking', 'bike_5': 'at_parking', 'bike_6': 'at_parking', 'bike_7': 'at_parking', 'bike_8': 'at_parking', 'bike_9': 'at_parking', 'bike_10': 'at_parking', 'bike_11': 'at_parking', 'bike_12': 'at_parking', 'bike_13': 'at_parking', 'bike_14': 'at_parking', 'bike_15': 'at_parking', 'bike_16': 'at_parking', 'bike_17': 'at_parking', 'bike_18': 'at_parking', 'bike_19': 'at_parking'}
2026-03-15 02:45:22,848 - DEBUG - Found 0 inactive bikes: []
2026-03-15 02:45:22,850 - DEBUG - Attempting to activate bikes at 2285s.
2026-03-15 02:45:22,850 - DEBUG - all_bikes_state at 2285s: {'bike_0': 'at_parking', 'bike_1': 'at_parking', 'bike_2': 'at_parking', 'bike_3': 'at_parking', 'bike_4': 'at_parking', 'bike_5': 'at_parking', 'bike_6': 'at_parking', 'bike_7': 'at_parking', 'bike_8': 'at_parking', 'bike_9': 'at_parking', 'bike_10': 'at_parking', 'bike_11': 'at_parking', 'bike_12': 'at_parking', 'bike_13': 'at_parking', 'bike_14': 'at_parking', 'bike_15': 'at_parking', 'bike_16': 'at_parking', 'bike_17': 'at_parking', 'bike_18': 'at_parking', 'bike_19': 'at_parking'}
2026-03-15 02:45:22,850 - DEBUG - Found 0 inactive bikes: []
2026-03-15 02:45:22,850 - DEBUG - Attempting to activate bikes at 2290s.
2026-03-15 02:45:22,850 - DEBUG - all_bikes_state at 2290s: {'bike_0': 'at_parking', 'bike_1': 'at_parking', 'bike_2': 'at_parking', 'bike_3': 'at_parking', 'bike_4': 'at_parking', 'bike_5': 'at_parking', 'bike_6': 'at_parking', 'bike_7': 'at_parking', 'bike_8': 'at_parking', 'bike_9': 'at_parking', 'bike_10': 'at_parking', 'bike_11': 'at_parking', 'bike_12': 'at_parking', 'bike_13': 'at_parking', 'bike_14': 'at_parking', 'bike_15': 'at_parking', 'bike_16': 'at_parking', 'bike_17': 'at_parking', 'bike_18': 'at_parking', 'bike_19': 'at_parking'}
2026-03-15 02:45:22,850 - DEBUG - Found 0 inactive bikes: []
2026-03-15 02:45:22,851 - DEBUG - Attempting to activate bikes at 2295s.
2026-03-15 02:45:22,851 - DEBUG - all_bikes_state at 2295s: {'bike_0': 'at_parking', 'bike_1': 'at_parking', 'bike_2': 'at_parking', 'bike_3': 'at_parking', 'bike_4': 'at_parking', 'bike_5': 'at_parking', 'bike_6': 'at_parking', 'bike_7': 'at_parking', 'bike_8': 'at_parking', 'bike_9': 'at_parking', 'bike_10': 'at_parking', 'bike_11': 'at_parking', 'bike_12': 'at_parking', 'bike_13': 'at_parking', 'bike_14': 'at_parking', 'bike_15': 'at_parking', 'bike_16': 'at_parking', 'bike_17': 'at_parking', 'bike_18': 'at_parking', 'bike_19': 'at_parking'}
2026-03-15 02:45:22,851 - DEBUG - Found 0 inactive bikes: []
2026-03-15 02:45:22,851 - DEBUG - Attempting to activate bikes at 2300s.
2026-03-15 02:45:22,851 - DEBUG - all_bikes_state at 2300s: {'bike_0': 'at_parking', 'bike_1': 'at_parking', 'bike_2': 'at_parking', 'bike_3': 'at_parking', 'bike_4': 'at_parking', 'bike_5': 'at_parking', 'bike_6': 'at_parking', 'bike_7': 'at_parking', 'bike_8': 'at_parking', 'bike_9': 'at_parking', 'bike_10': 'at_parking', 'bike_11': 'at_parking', 'bike_12': 'at_parking', 'bike_13': 'at_parking', 'bike_14': 'at_parking', 'bike_15': 'at_parking', 'bike_16': 'at_parking', 'bike_17': 'at_parking', 'bike_18': 'at_parking', 'bike_19': 'at_parking'}
2026-03-15 02:45:22,851 - DEBUG - Found 0 inactive bikes: []
2026-03-15 02:45:22,851 - DEBUG - Attempting to activate bikes at 2305s.
2026-03-15 02:45:22,853 - DEBUG - all_bikes_state at 2305s: {'bike_0': 'at_parking', 'bike_1': 'at_parking', 'bike_2': 'at_parking', 'bike_3': 'at_parking', 'bike_4': 'at_parking', 'bike_5': 'at_parking', 'bike_6': 'at_parking', 'bike_7': 'at_parking', 'bike_8': 'at_parking', 'bike_9': 'at_parking', 'bike_10': 'at_parking', 'bike_11': 'at_parking', 'bike_12': 'at_parking', 'bike_13': 'at_parking', 'bike_14': 'at_parking', 'bike_15': 'at_parking', 'bike_16': 'at_parking', 'bike_17': 'at_parking', 'bike_18': 'at_parking', 'bike_19': 'at_parking'}
2026-03-15 02:45:22,853 - DEBUG - Found 0 inactive bikes: []
2026-03-15 02:45:22,853 - DEBUG - Attempting to activate bikes at 2310s.
2026-03-15 02:45:22,853 - DEBUG - all_bikes_state at 2310s: {'bike_0': 'at_parking', 'bike_1': 'at_parking', 'bike_2': 'at_parking', 'bike_3': 'at_parking', 'bike_4': 'at_parking', 'bike_5': 'at_parking', 'bike_6': 'at_parking', 'bike_7': 'at_parking', 'bike_8': 'at_parking', 'bike_9': 'at_parking', 'bike_10': 'at_parking', 'bike_11': 'at_parking', 'bike_12': 'at_parking', 'bike_13': 'at_parking', 'bike_14': 'at_parking', 'bike_15': 'at_parking', 'bike_16': 'at_parking', 'bike_17': 'at_parking', 'bike_18': 'at_parking', 'bike_19': 'at_parking'}
2026-03-15 02:45:22,853 - DEBUG - Found 0 inactive bikes: []
2026-03-15 02:45:22,872 - DEBUG - Vehicle vehicle_1 has no bike and no available misplaced bikes with valid routes.
2026-03-15 02:45:22,885 - DEBUG - Vehicle vehicle_1 assigned to reposition to parking parking_2 (travel time: 74.00s).
2026-03-15 02:45:22,904 - DEBUG - Vehicle vehicle_2 has no bike and no available misplaced bikes with valid routes.
2026-03-15 02:45:22,914 - DEBUG - Vehicle vehicle_2 assigned to reposition to parking parking_1 (travel time: 51.00s).
2026-03-15 02:45:22,915 - DEBUG - Attempting to activate bikes at 2315s.
2026-03-15 02:45:22,915 - DEBUG - all_bikes_state at 2315s: {'bike_0': 'at_parking', 'bike_1': 'at_parking', 'bike_2': 'at_parking', 'bike_3': 'at_parking', 'bike_4': 'at_parking', 'bike_5': 'at_parking', 'bike_6': 'at_parking', 'bike_7': 'at_parking', 'bike_8': 'at_parking', 'bike_9': 'at_parking', 'bike_10': 'at_parking', 'bike_11': 'at_parking', 'bike_12': 'at_parking', 'bike_13': 'at_parking', 'bike_14': 'at_parking', 'bike_15': 'at_parking', 'bike_16': 'at_parking', 'bike_17': 'at_parking', 'bike_18': 'at_parking', 'bike_19': 'at_parking'}
2026-03-15 02:45:22,915 - DEBUG - Found 0 inactive bikes: []
2026-03-15 02:45:22,915 - DEBUG - Attempting to activate bikes at 2320s.
2026-03-15 02:45:22,917 - DEBUG - all_bikes_state at 2320s: {'bike_0': 'at_parking', 'bike_1': 'at_parking', 'bike_2': 'at_parking', 'bike_3': 'at_parking', 'bike_4': 'at_parking', 'bike_5': 'at_parking', 'bike_6': 'at_parking', 'bike_7': 'at_parking', 'bike_8': 'at_parking', 'bike_9': 'at_parking', 'bike_10': 'at_parking', 'bike_11': 'at_parking', 'bike_12': 'at_parking', 'bike_13': 'at_parking', 'bike_14': 'at_parking', 'bike_15': 'at_parking', 'bike_16': 'at_parking', 'bike_17': 'at_parking', 'bike_18': 'at_parking', 'bike_19': 'at_parking'}
2026-03-15 02:45:22,917 - DEBUG - Found 0 inactive bikes: []
2026-03-15 02:45:22,917 - DEBUG - Attempting to activate bikes at 2325s.
2026-03-15 02:45:22,917 - DEBUG - all_bikes_state at 2325s: {'bike_0': 'at_parking', 'bike_1': 'at_parking', 'bike_2': 'at_parking', 'bike_3': 'at_parking', 'bike_4': 'at_parking', 'bike_5': 'at_parking', 'bike_6': 'at_parking', 'bike_7': 'at_parking', 'bike_8': 'at_parking', 'bike_9': 'at_parking', 'bike_10': 'at_parking', 'bike_11': 'at_parking', 'bike_12': 'at_parking', 'bike_13': 'at_parking', 'bike_14': 'at_parking', 'bike_15': 'at_parking', 'bike_16': 'at_parking', 'bike_17': 'at_parking', 'bike_18': 'at_parking', 'bike_19': 'at_parking'}
2026-03-15 02:45:22,917 - DEBUG - Found 0 inactive bikes: []
2026-03-15 02:45:22,919 - DEBUG - Attempting to activate bikes at 2330s.
2026-03-15 02:45:22,919 - DEBUG - all_bikes_state at 2330s: {'bike_0': 'at_parking', 'bike_1': 'at_parking', 'bike_2': 'at_parking', 'bike_3': 'at_parking', 'bike_4': 'at_parking', 'bike_5': 'at_parking', 'bike_6': 'at_parking', 'bike_7': 'at_parking', 'bike_8': 'at_parking', 'bike_9': 'at_parking', 'bike_10': 'at_parking', 'bike_11': 'at_parking', 'bike_12': 'at_parking', 'bike_13': 'at_parking', 'bike_14': 'at_parking', 'bike_15': 'at_parking', 'bike_16': 'at_parking', 'bike_17': 'at_parking', 'bike_18': 'at_parking', 'bike_19': 'at_parking'}
2026-03-15 02:45:22,919 - DEBUG - Found 0 inactive bikes: []
2026-03-15 02:45:22,919 - DEBUG - Attempting to activate bikes at 2335s.
2026-03-15 02:45:22,919 - DEBUG - all_bikes_state at 2335s: {'bike_0': 'at_parking', 'bike_1': 'at_parking', 'bike_2': 'at_parking', 'bike_3': 'at_parking', 'bike_4': 'at_parking', 'bike_5': 'at_parking', 'bike_6': 'at_parking', 'bike_7': 'at_parking', 'bike_8': 'at_parking', 'bike_9': 'at_parking', 'bike_10': 'at_parking', 'bike_11': 'at_parking', 'bike_12': 'at_parking', 'bike_13': 'at_parking', 'bike_14': 'at_parking', 'bike_15': 'at_parking', 'bike_16': 'at_parking', 'bike_17': 'at_parking', 'bike_18': 'at_parking', 'bike_19': 'at_parking'}
2026-03-15 02:45:22,919 - DEBUG - Found 0 inactive bikes: []
2026-03-15 02:45:22,919 - DEBUG - Attempting to activate bikes at 2340s.
2026-03-15 02:45:22,920 - DEBUG - all_bikes_state at 2340s: {'bike_0': 'at_parking', 'bike_1': 'at_parking', 'bike_2': 'at_parking', 'bike_3': 'at_parking', 'bike_4': 'at_parking', 'bike_5': 'at_parking', 'bike_6': 'at_parking', 'bike_7': 'at_parking', 'bike_8': 'at_parking', 'bike_9': 'at_parking', 'bike_10': 'at_parking', 'bike_11': 'at_parking', 'bike_12': 'at_parking', 'bike_13': 'at_parking', 'bike_14': 'at_parking', 'bike_15': 'at_parking', 'bike_16': 'at_parking', 'bike_17': 'at_parking', 'bike_18': 'at_parking', 'bike_19': 'at_parking'}
2026-03-15 02:45:22,920 - DEBUG - Found 0 inactive bikes: []
2026-03-15 02:45:22,920 - DEBUG - Attempting to activate bikes at 2345s.
2026-03-15 02:45:22,920 - DEBUG - all_bikes_state at 2345s: {'bike_0': 'at_parking', 'bike_1': 'at_parking', 'bike_2': 'at_parking', 'bike_3': 'at_parking', 'bike_4': 'at_parking', 'bike_5': 'at_parking', 'bike_6': 'at_parking', 'bike_7': 'at_parking', 'bike_8': 'at_parking', 'bike_9': 'at_parking', 'bike_10': 'at_parking', 'bike_11': 'at_parking', 'bike_12': 'at_parking', 'bike_13': 'at_parking', 'bike_14': 'at_parking', 'bike_15': 'at_parking', 'bike_16': 'at_parking', 'bike_17': 'at_parking', 'bike_18': 'at_parking', 'bike_19': 'at_parking'}
2026-03-15 02:45:22,920 - DEBUG - Found 0 inactive bikes: []
2026-03-15 02:45:22,920 - DEBUG - Attempting to activate bikes at 2350s.
2026-03-15 02:45:22,922 - DEBUG - all_bikes_state at 2350s: {'bike_0': 'at_parking', 'bike_1': 'at_parking', 'bike_2': 'at_parking', 'bike_3': 'at_parking', 'bike_4': 'at_parking', 'bike_5': 'at_parking', 'bike_6': 'at_parking', 'bike_7': 'at_parking', 'bike_8': 'at_parking', 'bike_9': 'at_parking', 'bike_10': 'at_parking', 'bike_11': 'at_parking', 'bike_12': 'at_parking', 'bike_13': 'at_parking', 'bike_14': 'at_parking', 'bike_15': 'at_parking', 'bike_16': 'at_parking', 'bike_17': 'at_parking', 'bike_18': 'at_parking', 'bike_19': 'at_parking'}
2026-03-15 02:45:22,922 - DEBUG - Found 0 inactive bikes: []
2026-03-15 02:45:22,941 - DEBUG - Vehicle vehicle_0 has no bike and no available misplaced bikes with valid routes.
2026-03-15 02:45:22,954 - DEBUG - Vehicle vehicle_0 assigned to reposition to parking parking_2 (travel time: 74.00s).
2026-03-15 02:45:22,954 - DEBUG - Attempting to activate bikes at 2355s.
2026-03-15 02:45:22,954 - DEBUG - all_bikes_state at 2355s: {'bike_0': 'at_parking', 'bike_1': 'at_parking', 'bike_2': 'at_parking', 'bike_3': 'at_parking', 'bike_4': 'at_parking', 'bike_5': 'at_parking', 'bike_6': 'at_parking', 'bike_7': 'at_parking', 'bike_8': 'at_parking', 'bike_9': 'at_parking', 'bike_10': 'at_parking', 'bike_11': 'at_parking', 'bike_12': 'at_parking', 'bike_13': 'at_parking', 'bike_14': 'at_parking', 'bike_15': 'at_parking', 'bike_16': 'at_parking', 'bike_17': 'at_parking', 'bike_18': 'at_parking', 'bike_19': 'at_parking'}
2026-03-15 02:45:22,955 - DEBUG - Found 0 inactive bikes: []
2026-03-15 02:45:22,955 - DEBUG - Attempting to activate bikes at 2360s.
2026-03-15 02:45:22,955 - DEBUG - all_bikes_state at 2360s: {'bike_0': 'at_parking', 'bike_1': 'at_parking', 'bike_2': 'at_parking', 'bike_3': 'at_parking', 'bike_4': 'at_parking', 'bike_5': 'at_parking', 'bike_6': 'at_parking', 'bike_7': 'at_parking', 'bike_8': 'at_parking', 'bike_9': 'at_parking', 'bike_10': 'at_parking', 'bike_11': 'at_parking', 'bike_12': 'at_parking', 'bike_13': 'at_parking', 'bike_14': 'at_parking', 'bike_15': 'at_parking', 'bike_16': 'at_parking', 'bike_17': 'at_parking', 'bike_18': 'at_parking', 'bike_19': 'at_parking'}
2026-03-15 02:45:22,955 - DEBUG - Found 0 inactive bikes: []
2026-03-15 02:45:22,957 - DEBUG - Attempting to activate bikes at 2365s.
2026-03-15 02:45:22,957 - DEBUG - all_bikes_state at 2365s: {'bike_0': 'at_parking', 'bike_1': 'at_parking', 'bike_2': 'at_parking', 'bike_3': 'at_parking', 'bike_4': 'at_parking', 'bike_5': 'at_parking', 'bike_6': 'at_parking', 'bike_7': 'at_parking', 'bike_8': 'at_parking', 'bike_9': 'at_parking', 'bike_10': 'at_parking', 'bike_11': 'at_parking', 'bike_12': 'at_parking', 'bike_13': 'at_parking', 'bike_14': 'at_parking', 'bike_15': 'at_parking', 'bike_16': 'at_parking', 'bike_17': 'at_parking', 'bike_18': 'at_parking', 'bike_19': 'at_parking'}
2026-03-15 02:45:22,957 - DEBUG - Found 0 inactive bikes: []
2026-03-15 02:45:22,976 - DEBUG - Vehicle vehicle_2 has no bike and no available misplaced bikes with valid routes.
2026-03-15 02:45:22,994 - DEBUG - Vehicle vehicle_2 assigned to reposition to parking parking_0 (travel time: 80.00s).
2026-03-15 02:45:22,994 - DEBUG - Attempting to activate bikes at 2370s.
2026-03-15 02:45:22,994 - DEBUG - all_bikes_state at 2370s: {'bike_0': 'at_parking', 'bike_1': 'at_parking', 'bike_2': 'at_parking', 'bike_3': 'at_parking', 'bike_4': 'at_parking', 'bike_5': 'at_parking', 'bike_6': 'at_parking', 'bike_7': 'at_parking', 'bike_8': 'at_parking', 'bike_9': 'at_parking', 'bike_10': 'at_parking', 'bike_11': 'at_parking', 'bike_12': 'at_parking', 'bike_13': 'at_parking', 'bike_14': 'at_parking', 'bike_15': 'at_parking', 'bike_16': 'at_parking', 'bike_17': 'at_parking', 'bike_18': 'at_parking', 'bike_19': 'at_parking'}
2026-03-15 02:45:22,994 - DEBUG - Found 0 inactive bikes: []
2026-03-15 02:45:22,996 - DEBUG - Attempting to activate bikes at 2375s.
2026-03-15 02:45:22,996 - DEBUG - all_bikes_state at 2375s: {'bike_0': 'at_parking', 'bike_1': 'at_parking', 'bike_2': 'at_parking', 'bike_3': 'at_parking', 'bike_4': 'at_parking', 'bike_5': 'at_parking', 'bike_6': 'at_parking', 'bike_7': 'at_parking', 'bike_8': 'at_parking', 'bike_9': 'at_parking', 'bike_10': 'at_parking', 'bike_11': 'at_parking', 'bike_12': 'at_parking', 'bike_13': 'at_parking', 'bike_14': 'at_parking', 'bike_15': 'at_parking', 'bike_16': 'at_parking', 'bike_17': 'at_parking', 'bike_18': 'at_parking', 'bike_19': 'at_parking'}
2026-03-15 02:45:22,996 - DEBUG - Found 0 inactive bikes: []
2026-03-15 02:45:22,996 - DEBUG - Attempting to activate bikes at 2380s.
2026-03-15 02:45:22,997 - DEBUG - all_bikes_state at 2380s: {'bike_0': 'at_parking', 'bike_1': 'at_parking', 'bike_2': 'at_parking', 'bike_3': 'at_parking', 'bike_4': 'at_parking', 'bike_5': 'at_parking', 'bike_6': 'at_parking', 'bike_7': 'at_parking', 'bike_8': 'at_parking', 'bike_9': 'at_parking', 'bike_10': 'at_parking', 'bike_11': 'at_parking', 'bike_12': 'at_parking', 'bike_13': 'at_parking', 'bike_14': 'at_parking', 'bike_15': 'at_parking', 'bike_16': 'at_parking', 'bike_17': 'at_parking', 'bike_18': 'at_parking', 'bike_19': 'at_parking'}
2026-03-15 02:45:22,997 - DEBUG - Found 0 inactive bikes: []
2026-03-15 02:45:22,997 - DEBUG - Attempting to activate bikes at 2385s.
2026-03-15 02:45:22,997 - DEBUG - all_bikes_state at 2385s: {'bike_0': 'at_parking', 'bike_1': 'at_parking', 'bike_2': 'at_parking', 'bike_3': 'at_parking', 'bike_4': 'at_parking', 'bike_5': 'at_parking', 'bike_6': 'at_parking', 'bike_7': 'at_parking', 'bike_8': 'at_parking', 'bike_9': 'at_parking', 'bike_10': 'at_parking', 'bike_11': 'at_parking', 'bike_12': 'at_parking', 'bike_13': 'at_parking', 'bike_14': 'at_parking', 'bike_15': 'at_parking', 'bike_16': 'at_parking', 'bike_17': 'at_parking', 'bike_18': 'at_parking', 'bike_19': 'at_parking'}
2026-03-15 02:45:22,997 - DEBUG - Found 0 inactive bikes: []
2026-03-15 02:45:23,123 - DEBUG - Vehicle vehicle_1 has no bike and no available misplaced bikes with valid routes.
2026-03-15 02:45:23,139 - DEBUG - Vehicle vehicle_1 assigned to reposition to parking parking_2 (travel time: 74.00s).
2026-03-15 02:45:23,139 - DEBUG - Attempting to activate bikes at 2390s.
2026-03-15 02:45:23,141 - DEBUG - all_bikes_state at 2390s: {'bike_0': 'at_parking', 'bike_1': 'at_parking', 'bike_2': 'at_parking', 'bike_3': 'at_parking', 'bike_4': 'at_parking', 'bike_5': 'at_parking', 'bike_6': 'at_parking', 'bike_7': 'at_parking', 'bike_8': 'at_parking', 'bike_9': 'at_parking', 'bike_10': 'at_parking', 'bike_11': 'at_parking', 'bike_12': 'at_parking', 'bike_13': 'at_parking', 'bike_14': 'at_parking', 'bike_15': 'at_parking', 'bike_16': 'at_parking', 'bike_17': 'at_parking', 'bike_18': 'at_parking', 'bike_19': 'at_parking'}
2026-03-15 02:45:23,141 - DEBUG - Found 0 inactive bikes: []
2026-03-15 02:45:23,141 - DEBUG - Attempting to activate bikes at 2395s.
2026-03-15 02:45:23,141 - DEBUG - all_bikes_state at 2395s: {'bike_0': 'at_parking', 'bike_1': 'at_parking', 'bike_2': 'at_parking', 'bike_3': 'at_parking', 'bike_4': 'at_parking', 'bike_5': 'at_parking', 'bike_6': 'at_parking', 'bike_7': 'at_parking', 'bike_8': 'at_parking', 'bike_9': 'at_parking', 'bike_10': 'at_parking', 'bike_11': 'at_parking', 'bike_12': 'at_parking', 'bike_13': 'at_parking', 'bike_14': 'at_parking', 'bike_15': 'at_parking', 'bike_16': 'at_parking', 'bike_17': 'at_parking', 'bike_18': 'at_parking', 'bike_19': 'at_parking'}
2026-03-15 02:45:23,142 - DEBUG - Found 0 inactive bikes: []
2026-03-15 02:45:23,142 - DEBUG - Attempting to activate bikes at 2400s.
2026-03-15 02:45:23,142 - DEBUG - all_bikes_state at 2400s: {'bike_0': 'at_parking', 'bike_1': 'at_parking', 'bike_2': 'at_parking', 'bike_3': 'at_parking', 'bike_4': 'at_parking', 'bike_5': 'at_parking', 'bike_6': 'at_parking', 'bike_7': 'at_parking', 'bike_8': 'at_parking', 'bike_9': 'at_parking', 'bike_10': 'at_parking', 'bike_11': 'at_parking', 'bike_12': 'at_parking', 'bike_13': 'at_parking', 'bike_14': 'at_parking', 'bike_15': 'at_parking', 'bike_16': 'at_parking', 'bike_17': 'at_parking', 'bike_18': 'at_parking', 'bike_19': 'at_parking'}
2026-03-15 02:45:23,142 - DEBUG - Found 0 inactive bikes: []
2026-03-15 02:45:23,142 - DEBUG - Attempting to activate bikes at 2405s.
2026-03-15 02:45:23,144 - DEBUG - all_bikes_state at 2405s: {'bike_0': 'at_parking', 'bike_1': 'at_parking', 'bike_2': 'at_parking', 'bike_3': 'at_parking', 'bike_4': 'at_parking', 'bike_5': 'at_parking', 'bike_6': 'at_parking', 'bike_7': 'at_parking', 'bike_8': 'at_parking', 'bike_9': 'at_parking', 'bike_10': 'at_parking', 'bike_11': 'at_parking', 'bike_12': 'at_parking', 'bike_13': 'at_parking', 'bike_14': 'at_parking', 'bike_15': 'at_parking', 'bike_16': 'at_parking', 'bike_17': 'at_parking', 'bike_18': 'at_parking', 'bike_19': 'at_parking'}
2026-03-15 02:45:23,144 - DEBUG - Found 0 inactive bikes: []
2026-03-15 02:45:23,144 - DEBUG - Attempting to activate bikes at 2410s.
2026-03-15 02:45:23,144 - DEBUG - all_bikes_state at 2410s: {'bike_0': 'at_parking', 'bike_1': 'at_parking', 'bike_2': 'at_parking', 'bike_3': 'at_parking', 'bike_4': 'at_parking', 'bike_5': 'at_parking', 'bike_6': 'at_parking', 'bike_7': 'at_parking', 'bike_8': 'at_parking', 'bike_9': 'at_parking', 'bike_10': 'at_parking', 'bike_11': 'at_parking', 'bike_12': 'at_parking', 'bike_13': 'at_parking', 'bike_14': 'at_parking', 'bike_15': 'at_parking', 'bike_16': 'at_parking', 'bike_17': 'at_parking', 'bike_18': 'at_parking', 'bike_19': 'at_parking'}
2026-03-15 02:45:23,146 - DEBUG - Found 0 inactive bikes: []
2026-03-15 02:45:23,146 - DEBUG - Attempting to activate bikes at 2415s.
2026-03-15 02:45:23,146 - DEBUG - all_bikes_state at 2415s: {'bike_0': 'at_parking', 'bike_1': 'at_parking', 'bike_2': 'at_parking', 'bike_3': 'at_parking', 'bike_4': 'at_parking', 'bike_5': 'at_parking', 'bike_6': 'at_parking', 'bike_7': 'at_parking', 'bike_8': 'at_parking', 'bike_9': 'at_parking', 'bike_10': 'at_parking', 'bike_11': 'at_parking', 'bike_12': 'at_parking', 'bike_13': 'at_parking', 'bike_14': 'at_parking', 'bike_15': 'at_parking', 'bike_16': 'at_parking', 'bike_17': 'at_parking', 'bike_18': 'at_parking', 'bike_19': 'at_parking'}
2026-03-15 02:45:23,146 - DEBUG - Found 0 inactive bikes: []
2026-03-15 02:45:23,147 - DEBUG - Attempting to activate bikes at 2420s.
2026-03-15 02:45:23,147 - DEBUG - all_bikes_state at 2420s: {'bike_0': 'at_parking', 'bike_1': 'at_parking', 'bike_2': 'at_parking', 'bike_3': 'at_parking', 'bike_4': 'at_parking', 'bike_5': 'at_parking', 'bike_6': 'at_parking', 'bike_7': 'at_parking', 'bike_8': 'at_parking', 'bike_9': 'at_parking', 'bike_10': 'at_parking', 'bike_11': 'at_parking', 'bike_12': 'at_parking', 'bike_13': 'at_parking', 'bike_14': 'at_parking', 'bike_15': 'at_parking', 'bike_16': 'at_parking', 'bike_17': 'at_parking', 'bike_18': 'at_parking', 'bike_19': 'at_parking'}
2026-03-15 02:45:23,147 - DEBUG - Found 0 inactive bikes: []
2026-03-15 02:45:23,147 - DEBUG - Attempting to activate bikes at 2425s.
2026-03-15 02:45:23,147 - DEBUG - all_bikes_state at 2425s: {'bike_0': 'at_parking', 'bike_1': 'at_parking', 'bike_2': 'at_parking', 'bike_3': 'at_parking', 'bike_4': 'at_parking', 'bike_5': 'at_parking', 'bike_6': 'at_parking', 'bike_7': 'at_parking', 'bike_8': 'at_parking', 'bike_9': 'at_parking', 'bike_10': 'at_parking', 'bike_11': 'at_parking', 'bike_12': 'at_parking', 'bike_13': 'at_parking', 'bike_14': 'at_parking', 'bike_15': 'at_parking', 'bike_16': 'at_parking', 'bike_17': 'at_parking', 'bike_18': 'at_parking', 'bike_19': 'at_parking'}
2026-03-15 02:45:23,149 - DEBUG - Found 0 inactive bikes: []
2026-03-15 02:45:23,175 - DEBUG - Vehicle vehicle_0 has no bike and no available misplaced bikes with valid routes.
2026-03-15 02:45:23,207 - DEBUG - Vehicle vehicle_0 assigned to reposition to parking parking_1 (travel time: 51.00s).
2026-03-15 02:45:23,215 - DEBUG - Attempting to activate bikes at 2430s.
2026-03-15 02:45:23,220 - DEBUG - all_bikes_state at 2430s: {'bike_0': 'at_parking', 'bike_1': 'at_parking', 'bike_2': 'at_parking', 'bike_3': 'at_parking', 'bike_4': 'at_parking', 'bike_5': 'at_parking', 'bike_6': 'at_parking', 'bike_7': 'at_parking', 'bike_8': 'at_parking', 'bike_9': 'at_parking', 'bike_10': 'at_parking', 'bike_11': 'at_parking', 'bike_12': 'at_parking', 'bike_13': 'at_parking', 'bike_14': 'at_parking', 'bike_15': 'at_parking', 'bike_16': 'at_parking', 'bike_17': 'at_parking', 'bike_18': 'at_parking', 'bike_19': 'at_parking'}
2026-03-15 02:45:23,220 - DEBUG - Found 0 inactive bikes: []
2026-03-15 02:45:23,221 - DEBUG - Attempting to activate bikes at 2435s.
2026-03-15 02:45:23,223 - DEBUG - all_bikes_state at 2435s: {'bike_0': 'at_parking', 'bike_1': 'at_parking', 'bike_2': 'at_parking', 'bike_3': 'at_parking', 'bike_4': 'at_parking', 'bike_5': 'at_parking', 'bike_6': 'at_parking', 'bike_7': 'at_parking', 'bike_8': 'at_parking', 'bike_9': 'at_parking', 'bike_10': 'at_parking', 'bike_11': 'at_parking', 'bike_12': 'at_parking', 'bike_13': 'at_parking', 'bike_14': 'at_parking', 'bike_15': 'at_parking', 'bike_16': 'at_parking', 'bike_17': 'at_parking', 'bike_18': 'at_parking', 'bike_19': 'at_parking'}
2026-03-15 02:45:23,223 - DEBUG - Found 0 inactive bikes: []
2026-03-15 02:45:23,225 - DEBUG - Attempting to activate bikes at 2440s.
2026-03-15 02:45:23,225 - DEBUG - all_bikes_state at 2440s: {'bike_0': 'at_parking', 'bike_1': 'at_parking', 'bike_2': 'at_parking', 'bike_3': 'at_parking', 'bike_4': 'at_parking', 'bike_5': 'at_parking', 'bike_6': 'at_parking', 'bike_7': 'at_parking', 'bike_8': 'at_parking', 'bike_9': 'at_parking', 'bike_10': 'at_parking', 'bike_11': 'at_parking', 'bike_12': 'at_parking', 'bike_13': 'at_parking', 'bike_14': 'at_parking', 'bike_15': 'at_parking', 'bike_16': 'at_parking', 'bike_17': 'at_parking', 'bike_18': 'at_parking', 'bike_19': 'at_parking'}
2026-03-15 02:45:23,226 - DEBUG - Found 0 inactive bikes: []
2026-03-15 02:45:23,228 - DEBUG - Attempting to activate bikes at 2445s.
2026-03-15 02:45:23,232 - DEBUG - all_bikes_state at 2445s: {'bike_0': 'at_parking', 'bike_1': 'at_parking', 'bike_2': 'at_parking', 'bike_3': 'at_parking', 'bike_4': 'at_parking', 'bike_5': 'at_parking', 'bike_6': 'at_parking', 'bike_7': 'at_parking', 'bike_8': 'at_parking', 'bike_9': 'at_parking', 'bike_10': 'at_parking', 'bike_11': 'at_parking', 'bike_12': 'at_parking', 'bike_13': 'at_parking', 'bike_14': 'at_parking', 'bike_15': 'at_parking', 'bike_16': 'at_parking', 'bike_17': 'at_parking', 'bike_18': 'at_parking', 'bike_19': 'at_parking'}
2026-03-15 02:45:23,235 - DEBUG - Found 0 inactive bikes: []
2026-03-15 02:45:23,279 - DEBUG - Vehicle vehicle_2 has no bike and no available misplaced bikes with valid routes.
2026-03-15 02:45:23,305 - DEBUG - Vehicle vehicle_2 assigned to reposition to parking parking_1 (travel time: 51.00s).
2026-03-15 02:45:23,306 - DEBUG - Attempting to activate bikes at 2450s.
2026-03-15 02:45:23,306 - DEBUG - all_bikes_state at 2450s: {'bike_0': 'at_parking', 'bike_1': 'at_parking', 'bike_2': 'at_parking', 'bike_3': 'at_parking', 'bike_4': 'at_parking', 'bike_5': 'at_parking', 'bike_6': 'at_parking', 'bike_7': 'at_parking', 'bike_8': 'at_parking', 'bike_9': 'at_parking', 'bike_10': 'at_parking', 'bike_11': 'at_parking', 'bike_12': 'at_parking', 'bike_13': 'at_parking', 'bike_14': 'at_parking', 'bike_15': 'at_parking', 'bike_16': 'at_parking', 'bike_17': 'at_parking', 'bike_18': 'at_parking', 'bike_19': 'at_parking'}
2026-03-15 02:45:23,307 - DEBUG - Found 0 inactive bikes: []
2026-03-15 02:45:23,307 - DEBUG - Attempting to activate bikes at 2455s.
2026-03-15 02:45:23,308 - DEBUG - all_bikes_state at 2455s: {'bike_0': 'at_parking', 'bike_1': 'at_parking', 'bike_2': 'at_parking', 'bike_3': 'at_parking', 'bike_4': 'at_parking', 'bike_5': 'at_parking', 'bike_6': 'at_parking', 'bike_7': 'at_parking', 'bike_8': 'at_parking', 'bike_9': 'at_parking', 'bike_10': 'at_parking', 'bike_11': 'at_parking', 'bike_12': 'at_parking', 'bike_13': 'at_parking', 'bike_14': 'at_parking', 'bike_15': 'at_parking', 'bike_16': 'at_parking', 'bike_17': 'at_parking', 'bike_18': 'at_parking', 'bike_19': 'at_parking'}
2026-03-15 02:45:23,308 - DEBUG - Found 0 inactive bikes: []
2026-03-15 02:45:23,310 - DEBUG - Attempting to activate bikes at 2460s.
2026-03-15 02:45:23,310 - DEBUG - all_bikes_state at 2460s: {'bike_0': 'at_parking', 'bike_1': 'at_parking', 'bike_2': 'at_parking', 'bike_3': 'at_parking', 'bike_4': 'at_parking', 'bike_5': 'at_parking', 'bike_6': 'at_parking', 'bike_7': 'at_parking', 'bike_8': 'at_parking', 'bike_9': 'at_parking', 'bike_10': 'at_parking', 'bike_11': 'at_parking', 'bike_12': 'at_parking', 'bike_13': 'at_parking', 'bike_14': 'at_parking', 'bike_15': 'at_parking', 'bike_16': 'at_parking', 'bike_17': 'at_parking', 'bike_18': 'at_parking', 'bike_19': 'at_parking'}
2026-03-15 02:45:23,310 - DEBUG - Found 0 inactive bikes: []
2026-03-15 02:45:23,343 - DEBUG - Vehicle vehicle_1 has no bike and no available misplaced bikes with valid routes.
2026-03-15 02:45:23,364 - DEBUG - Vehicle vehicle_1 assigned to reposition to parking parking_2 (travel time: 74.00s).
2026-03-15 02:45:23,365 - DEBUG - Attempting to activate bikes at 2465s.
2026-03-15 02:45:23,365 - DEBUG - all_bikes_state at 2465s: {'bike_0': 'at_parking', 'bike_1': 'at_parking', 'bike_2': 'at_parking', 'bike_3': 'at_parking', 'bike_4': 'at_parking', 'bike_5': 'at_parking', 'bike_6': 'at_parking', 'bike_7': 'at_parking', 'bike_8': 'at_parking', 'bike_9': 'at_parking', 'bike_10': 'at_parking', 'bike_11': 'at_parking', 'bike_12': 'at_parking', 'bike_13': 'at_parking', 'bike_14': 'at_parking', 'bike_15': 'at_parking', 'bike_16': 'at_parking', 'bike_17': 'at_parking', 'bike_18': 'at_parking', 'bike_19': 'at_parking'}
2026-03-15 02:45:23,369 - DEBUG - Found 0 inactive bikes: []
2026-03-15 02:45:23,369 - DEBUG - Attempting to activate bikes at 2470s.
2026-03-15 02:45:23,369 - DEBUG - all_bikes_state at 2470s: {'bike_0': 'at_parking', 'bike_1': 'at_parking', 'bike_2': 'at_parking', 'bike_3': 'at_parking', 'bike_4': 'at_parking', 'bike_5': 'at_parking', 'bike_6': 'at_parking', 'bike_7': 'at_parking', 'bike_8': 'at_parking', 'bike_9': 'at_parking', 'bike_10': 'at_parking', 'bike_11': 'at_parking', 'bike_12': 'at_parking', 'bike_13': 'at_parking', 'bike_14': 'at_parking', 'bike_15': 'at_parking', 'bike_16': 'at_parking', 'bike_17': 'at_parking', 'bike_18': 'at_parking', 'bike_19': 'at_parking'}
2026-03-15 02:45:23,370 - DEBUG - Found 0 inactive bikes: []
2026-03-15 02:45:23,370 - DEBUG - Attempting to activate bikes at 2475s.
2026-03-15 02:45:23,372 - DEBUG - all_bikes_state at 2475s: {'bike_0': 'at_parking', 'bike_1': 'at_parking', 'bike_2': 'at_parking', 'bike_3': 'at_parking', 'bike_4': 'at_parking', 'bike_5': 'at_parking', 'bike_6': 'at_parking', 'bike_7': 'at_parking', 'bike_8': 'at_parking', 'bike_9': 'at_parking', 'bike_10': 'at_parking', 'bike_11': 'at_parking', 'bike_12': 'at_parking', 'bike_13': 'at_parking', 'bike_14': 'at_parking', 'bike_15': 'at_parking', 'bike_16': 'at_parking', 'bike_17': 'at_parking', 'bike_18': 'at_parking', 'bike_19': 'at_parking'}
2026-03-15 02:45:23,372 - DEBUG - Found 0 inactive bikes: []
2026-03-15 02:45:23,374 - DEBUG - Attempting to activate bikes at 2480s.
2026-03-15 02:45:23,374 - DEBUG - all_bikes_state at 2480s: {'bike_0': 'at_parking', 'bike_1': 'at_parking', 'bike_2': 'at_parking', 'bike_3': 'at_parking', 'bike_4': 'at_parking', 'bike_5': 'at_parking', 'bike_6': 'at_parking', 'bike_7': 'at_parking', 'bike_8': 'at_parking', 'bike_9': 'at_parking', 'bike_10': 'at_parking', 'bike_11': 'at_parking', 'bike_12': 'at_parking', 'bike_13': 'at_parking', 'bike_14': 'at_parking', 'bike_15': 'at_parking', 'bike_16': 'at_parking', 'bike_17': 'at_parking', 'bike_18': 'at_parking', 'bike_19': 'at_parking'}
2026-03-15 02:45:23,374 - DEBUG - Found 0 inactive bikes: []
2026-03-15 02:45:23,400 - DEBUG - Vehicle vehicle_0 has no bike and no available misplaced bikes with valid routes.
2026-03-15 02:45:23,416 - DEBUG - Vehicle vehicle_0 assigned to reposition to parking parking_2 (travel time: 74.00s).
2026-03-15 02:45:23,416 - DEBUG - Attempting to activate bikes at 2485s.
2026-03-15 02:45:23,416 - DEBUG - all_bikes_state at 2485s: {'bike_0': 'at_parking', 'bike_1': 'at_parking', 'bike_2': 'at_parking', 'bike_3': 'at_parking', 'bike_4': 'at_parking', 'bike_5': 'at_parking', 'bike_6': 'at_parking', 'bike_7': 'at_parking', 'bike_8': 'at_parking', 'bike_9': 'at_parking', 'bike_10': 'at_parking', 'bike_11': 'at_parking', 'bike_12': 'at_parking', 'bike_13': 'at_parking', 'bike_14': 'at_parking', 'bike_15': 'at_parking', 'bike_16': 'at_parking', 'bike_17': 'at_parking', 'bike_18': 'at_parking', 'bike_19': 'at_parking'}
2026-03-15 02:45:23,416 - DEBUG - Found 0 inactive bikes: []
2026-03-15 02:45:23,417 - DEBUG - Attempting to activate bikes at 2490s.
2026-03-15 02:45:23,417 - DEBUG - all_bikes_state at 2490s: {'bike_0': 'at_parking', 'bike_1': 'at_parking', 'bike_2': 'at_parking', 'bike_3': 'at_parking', 'bike_4': 'at_parking', 'bike_5': 'at_parking', 'bike_6': 'at_parking', 'bike_7': 'at_parking', 'bike_8': 'at_parking', 'bike_9': 'at_parking', 'bike_10': 'at_parking', 'bike_11': 'at_parking', 'bike_12': 'at_parking', 'bike_13': 'at_parking', 'bike_14': 'at_parking', 'bike_15': 'at_parking', 'bike_16': 'at_parking', 'bike_17': 'at_parking', 'bike_18': 'at_parking', 'bike_19': 'at_parking'}
2026-03-15 02:45:23,417 - DEBUG - Found 0 inactive bikes: []
2026-03-15 02:45:23,417 - DEBUG - Attempting to activate bikes at 2495s.
2026-03-15 02:45:23,417 - DEBUG - all_bikes_state at 2495s: {'bike_0': 'at_parking', 'bike_1': 'at_parking', 'bike_2': 'at_parking', 'bike_3': 'at_parking', 'bike_4': 'at_parking', 'bike_5': 'at_parking', 'bike_6': 'at_parking', 'bike_7': 'at_parking', 'bike_8': 'at_parking', 'bike_9': 'at_parking', 'bike_10': 'at_parking', 'bike_11': 'at_parking', 'bike_12': 'at_parking', 'bike_13': 'at_parking', 'bike_14': 'at_parking', 'bike_15': 'at_parking', 'bike_16': 'at_parking', 'bike_17': 'at_parking', 'bike_18': 'at_parking', 'bike_19': 'at_parking'}
2026-03-15 02:45:23,419 - DEBUG - Found 0 inactive bikes: []
2026-03-15 02:45:23,419 - DEBUG - Attempting to activate bikes at 2500s.
2026-03-15 02:45:23,419 - DEBUG - all_bikes_state at 2500s: {'bike_0': 'at_parking', 'bike_1': 'at_parking', 'bike_2': 'at_parking', 'bike_3': 'at_parking', 'bike_4': 'at_parking', 'bike_5': 'at_parking', 'bike_6': 'at_parking', 'bike_7': 'at_parking', 'bike_8': 'at_parking', 'bike_9': 'at_parking', 'bike_10': 'at_parking', 'bike_11': 'at_parking', 'bike_12': 'at_parking', 'bike_13': 'at_parking', 'bike_14': 'at_parking', 'bike_15': 'at_parking', 'bike_16': 'at_parking', 'bike_17': 'at_parking', 'bike_18': 'at_parking', 'bike_19': 'at_parking'}
2026-03-15 02:45:23,419 - DEBUG - Found 0 inactive bikes: []
2026-03-15 02:45:23,439 - DEBUG - Vehicle vehicle_2 has no bike and no available misplaced bikes with valid routes.
2026-03-15 02:45:23,451 - DEBUG - Vehicle vehicle_2 assigned to reposition to parking parking_2 (travel time: 74.00s).
2026-03-15 02:45:23,451 - DEBUG - Attempting to activate bikes at 2505s.
2026-03-15 02:45:23,451 - DEBUG - all_bikes_state at 2505s: {'bike_0': 'at_parking', 'bike_1': 'at_parking', 'bike_2': 'at_parking', 'bike_3': 'at_parking', 'bike_4': 'at_parking', 'bike_5': 'at_parking', 'bike_6': 'at_parking', 'bike_7': 'at_parking', 'bike_8': 'at_parking', 'bike_9': 'at_parking', 'bike_10': 'at_parking', 'bike_11': 'at_parking', 'bike_12': 'at_parking', 'bike_13': 'at_parking', 'bike_14': 'at_parking', 'bike_15': 'at_parking', 'bike_16': 'at_parking', 'bike_17': 'at_parking', 'bike_18': 'at_parking', 'bike_19': 'at_parking'}
2026-03-15 02:45:23,451 - DEBUG - Found 0 inactive bikes: []
2026-03-15 02:45:23,451 - DEBUG - Attempting to activate bikes at 2510s.
2026-03-15 02:45:23,453 - DEBUG - all_bikes_state at 2510s: {'bike_0': 'at_parking', 'bike_1': 'at_parking', 'bike_2': 'at_parking', 'bike_3': 'at_parking', 'bike_4': 'at_parking', 'bike_5': 'at_parking', 'bike_6': 'at_parking', 'bike_7': 'at_parking', 'bike_8': 'at_parking', 'bike_9': 'at_parking', 'bike_10': 'at_parking', 'bike_11': 'at_parking', 'bike_12': 'at_parking', 'bike_13': 'at_parking', 'bike_14': 'at_parking', 'bike_15': 'at_parking', 'bike_16': 'at_parking', 'bike_17': 'at_parking', 'bike_18': 'at_parking', 'bike_19': 'at_parking'}
2026-03-15 02:45:23,453 - DEBUG - Found 0 inactive bikes: []
2026-03-15 02:45:23,453 - DEBUG - Attempting to activate bikes at 2515s.
2026-03-15 02:45:23,453 - DEBUG - all_bikes_state at 2515s: {'bike_0': 'at_parking', 'bike_1': 'at_parking', 'bike_2': 'at_parking', 'bike_3': 'at_parking', 'bike_4': 'at_parking', 'bike_5': 'at_parking', 'bike_6': 'at_parking', 'bike_7': 'at_parking', 'bike_8': 'at_parking', 'bike_9': 'at_parking', 'bike_10': 'at_parking', 'bike_11': 'at_parking', 'bike_12': 'at_parking', 'bike_13': 'at_parking', 'bike_14': 'at_parking', 'bike_15': 'at_parking', 'bike_16': 'at_parking', 'bike_17': 'at_parking', 'bike_18': 'at_parking', 'bike_19': 'at_parking'}
2026-03-15 02:45:23,453 - DEBUG - Found 0 inactive bikes: []
2026-03-15 02:45:23,453 - DEBUG - Attempting to activate bikes at 2520s.
2026-03-15 02:45:23,454 - DEBUG - all_bikes_state at 2520s: {'bike_0': 'at_parking', 'bike_1': 'at_parking', 'bike_2': 'at_parking', 'bike_3': 'at_parking', 'bike_4': 'at_parking', 'bike_5': 'at_parking', 'bike_6': 'at_parking', 'bike_7': 'at_parking', 'bike_8': 'at_parking', 'bike_9': 'at_parking', 'bike_10': 'at_parking', 'bike_11': 'at_parking', 'bike_12': 'at_parking', 'bike_13': 'at_parking', 'bike_14': 'at_parking', 'bike_15': 'at_parking', 'bike_16': 'at_parking', 'bike_17': 'at_parking', 'bike_18': 'at_parking', 'bike_19': 'at_parking'}
2026-03-15 02:45:23,454 - DEBUG - Found 0 inactive bikes: []
2026-03-15 02:45:23,454 - DEBUG - Attempting to activate bikes at 2525s.
2026-03-15 02:45:23,454 - DEBUG - all_bikes_state at 2525s: {'bike_0': 'at_parking', 'bike_1': 'at_parking', 'bike_2': 'at_parking', 'bike_3': 'at_parking', 'bike_4': 'at_parking', 'bike_5': 'at_parking', 'bike_6': 'at_parking', 'bike_7': 'at_parking', 'bike_8': 'at_parking', 'bike_9': 'at_parking', 'bike_10': 'at_parking', 'bike_11': 'at_parking', 'bike_12': 'at_parking', 'bike_13': 'at_parking', 'bike_14': 'at_parking', 'bike_15': 'at_parking', 'bike_16': 'at_parking', 'bike_17': 'at_parking', 'bike_18': 'at_parking', 'bike_19': 'at_parking'}
2026-03-15 02:45:23,454 - DEBUG - Found 0 inactive bikes: []
2026-03-15 02:45:23,454 - DEBUG - Attempting to activate bikes at 2530s.
2026-03-15 02:45:23,454 - DEBUG - all_bikes_state at 2530s: {'bike_0': 'at_parking', 'bike_1': 'at_parking', 'bike_2': 'at_parking', 'bike_3': 'at_parking', 'bike_4': 'at_parking', 'bike_5': 'at_parking', 'bike_6': 'at_parking', 'bike_7': 'at_parking', 'bike_8': 'at_parking', 'bike_9': 'at_parking', 'bike_10': 'at_parking', 'bike_11': 'at_parking', 'bike_12': 'at_parking', 'bike_13': 'at_parking', 'bike_14': 'at_parking', 'bike_15': 'at_parking', 'bike_16': 'at_parking', 'bike_17': 'at_parking', 'bike_18': 'at_parking', 'bike_19': 'at_parking'}
2026-03-15 02:45:23,456 - DEBUG - Found 0 inactive bikes: []
2026-03-15 02:45:23,456 - DEBUG - Attempting to activate bikes at 2535s.
2026-03-15 02:45:23,456 - DEBUG - all_bikes_state at 2535s: {'bike_0': 'at_parking', 'bike_1': 'at_parking', 'bike_2': 'at_parking', 'bike_3': 'at_parking', 'bike_4': 'at_parking', 'bike_5': 'at_parking', 'bike_6': 'at_parking', 'bike_7': 'at_parking', 'bike_8': 'at_parking', 'bike_9': 'at_parking', 'bike_10': 'at_parking', 'bike_11': 'at_parking', 'bike_12': 'at_parking', 'bike_13': 'at_parking', 'bike_14': 'at_parking', 'bike_15': 'at_parking', 'bike_16': 'at_parking', 'bike_17': 'at_parking', 'bike_18': 'at_parking', 'bike_19': 'at_parking'}
2026-03-15 02:45:23,456 - DEBUG - Found 0 inactive bikes: []
2026-03-15 02:45:23,475 - DEBUG - Vehicle vehicle_1 has no bike and no available misplaced bikes with valid routes.
2026-03-15 02:45:23,486 - DEBUG - Vehicle vehicle_1 assigned to reposition to parking parking_1 (travel time: 51.00s).
2026-03-15 02:45:23,486 - DEBUG - Attempting to activate bikes at 2540s.
2026-03-15 02:45:23,486 - DEBUG - all_bikes_state at 2540s: {'bike_0': 'at_parking', 'bike_1': 'at_parking', 'bike_2': 'at_parking', 'bike_3': 'at_parking', 'bike_4': 'at_parking', 'bike_5': 'at_parking', 'bike_6': 'at_parking', 'bike_7': 'at_parking', 'bike_8': 'at_parking', 'bike_9': 'at_parking', 'bike_10': 'at_parking', 'bike_11': 'at_parking', 'bike_12': 'at_parking', 'bike_13': 'at_parking', 'bike_14': 'at_parking', 'bike_15': 'at_parking', 'bike_16': 'at_parking', 'bike_17': 'at_parking', 'bike_18': 'at_parking', 'bike_19': 'at_parking'}
2026-03-15 02:45:23,486 - DEBUG - Found 0 inactive bikes: []
2026-03-15 02:45:23,487 - DEBUG - Attempting to activate bikes at 2545s.
2026-03-15 02:45:23,487 - DEBUG - all_bikes_state at 2545s: {'bike_0': 'at_parking', 'bike_1': 'at_parking', 'bike_2': 'at_parking', 'bike_3': 'at_parking', 'bike_4': 'at_parking', 'bike_5': 'at_parking', 'bike_6': 'at_parking', 'bike_7': 'at_parking', 'bike_8': 'at_parking', 'bike_9': 'at_parking', 'bike_10': 'at_parking', 'bike_11': 'at_parking', 'bike_12': 'at_parking', 'bike_13': 'at_parking', 'bike_14': 'at_parking', 'bike_15': 'at_parking', 'bike_16': 'at_parking', 'bike_17': 'at_parking', 'bike_18': 'at_parking', 'bike_19': 'at_parking'}
2026-03-15 02:45:23,487 - DEBUG - Found 0 inactive bikes: []
2026-03-15 02:45:23,487 - DEBUG - Attempting to activate bikes at 2550s.
2026-03-15 02:45:23,489 - DEBUG - all_bikes_state at 2550s: {'bike_0': 'at_parking', 'bike_1': 'at_parking', 'bike_2': 'at_parking', 'bike_3': 'at_parking', 'bike_4': 'at_parking', 'bike_5': 'at_parking', 'bike_6': 'at_parking', 'bike_7': 'at_parking', 'bike_8': 'at_parking', 'bike_9': 'at_parking', 'bike_10': 'at_parking', 'bike_11': 'at_parking', 'bike_12': 'at_parking', 'bike_13': 'at_parking', 'bike_14': 'at_parking', 'bike_15': 'at_parking', 'bike_16': 'at_parking', 'bike_17': 'at_parking', 'bike_18': 'at_parking', 'bike_19': 'at_parking'}
2026-03-15 02:45:23,489 - DEBUG - Found 0 inactive bikes: []
2026-03-15 02:45:23,489 - DEBUG - Attempting to activate bikes at 2555s.
2026-03-15 02:45:23,489 - DEBUG - all_bikes_state at 2555s: {'bike_0': 'at_parking', 'bike_1': 'at_parking', 'bike_2': 'at_parking', 'bike_3': 'at_parking', 'bike_4': 'at_parking', 'bike_5': 'at_parking', 'bike_6': 'at_parking', 'bike_7': 'at_parking', 'bike_8': 'at_parking', 'bike_9': 'at_parking', 'bike_10': 'at_parking', 'bike_11': 'at_parking', 'bike_12': 'at_parking', 'bike_13': 'at_parking', 'bike_14': 'at_parking', 'bike_15': 'at_parking', 'bike_16': 'at_parking', 'bike_17': 'at_parking', 'bike_18': 'at_parking', 'bike_19': 'at_parking'}
2026-03-15 02:45:23,489 - DEBUG - Found 0 inactive bikes: []
2026-03-15 02:45:23,580 - DEBUG - Vehicle vehicle_0 has no bike and no available misplaced bikes with valid routes.
2026-03-15 02:45:23,593 - DEBUG - Vehicle vehicle_0 assigned to reposition to parking parking_2 (travel time: 74.00s).
2026-03-15 02:45:23,593 - DEBUG - Attempting to activate bikes at 2560s.
2026-03-15 02:45:23,593 - DEBUG - all_bikes_state at 2560s: {'bike_0': 'at_parking', 'bike_1': 'at_parking', 'bike_2': 'at_parking', 'bike_3': 'at_parking', 'bike_4': 'at_parking', 'bike_5': 'at_parking', 'bike_6': 'at_parking', 'bike_7': 'at_parking', 'bike_8': 'at_parking', 'bike_9': 'at_parking', 'bike_10': 'at_parking', 'bike_11': 'at_parking', 'bike_12': 'at_parking', 'bike_13': 'at_parking', 'bike_14': 'at_parking', 'bike_15': 'at_parking', 'bike_16': 'at_parking', 'bike_17': 'at_parking', 'bike_18': 'at_parking', 'bike_19': 'at_parking'}
2026-03-15 02:45:23,595 - DEBUG - Found 0 inactive bikes: []
2026-03-15 02:45:23,595 - DEBUG - Attempting to activate bikes at 2565s.
2026-03-15 02:45:23,595 - DEBUG - all_bikes_state at 2565s: {'bike_0': 'at_parking', 'bike_1': 'at_parking', 'bike_2': 'at_parking', 'bike_3': 'at_parking', 'bike_4': 'at_parking', 'bike_5': 'at_parking', 'bike_6': 'at_parking', 'bike_7': 'at_parking', 'bike_8': 'at_parking', 'bike_9': 'at_parking', 'bike_10': 'at_parking', 'bike_11': 'at_parking', 'bike_12': 'at_parking', 'bike_13': 'at_parking', 'bike_14': 'at_parking', 'bike_15': 'at_parking', 'bike_16': 'at_parking', 'bike_17': 'at_parking', 'bike_18': 'at_parking', 'bike_19': 'at_parking'}
2026-03-15 02:45:23,595 - DEBUG - Found 0 inactive bikes: []
2026-03-15 02:45:23,596 - DEBUG - Attempting to activate bikes at 2570s.
2026-03-15 02:45:23,596 - DEBUG - all_bikes_state at 2570s: {'bike_0': 'at_parking', 'bike_1': 'at_parking', 'bike_2': 'at_parking', 'bike_3': 'at_parking', 'bike_4': 'at_parking', 'bike_5': 'at_parking', 'bike_6': 'at_parking', 'bike_7': 'at_parking', 'bike_8': 'at_parking', 'bike_9': 'at_parking', 'bike_10': 'at_parking', 'bike_11': 'at_parking', 'bike_12': 'at_parking', 'bike_13': 'at_parking', 'bike_14': 'at_parking', 'bike_15': 'at_parking', 'bike_16': 'at_parking', 'bike_17': 'at_parking', 'bike_18': 'at_parking', 'bike_19': 'at_parking'}
2026-03-15 02:45:23,596 - DEBUG - Found 0 inactive bikes: []
2026-03-15 02:45:23,596 - DEBUG - Attempting to activate bikes at 2575s.
2026-03-15 02:45:23,598 - DEBUG - all_bikes_state at 2575s: {'bike_0': 'at_parking', 'bike_1': 'at_parking', 'bike_2': 'at_parking', 'bike_3': 'at_parking', 'bike_4': 'at_parking', 'bike_5': 'at_parking', 'bike_6': 'at_parking', 'bike_7': 'at_parking', 'bike_8': 'at_parking', 'bike_9': 'at_parking', 'bike_10': 'at_parking', 'bike_11': 'at_parking', 'bike_12': 'at_parking', 'bike_13': 'at_parking', 'bike_14': 'at_parking', 'bike_15': 'at_parking', 'bike_16': 'at_parking', 'bike_17': 'at_parking', 'bike_18': 'at_parking', 'bike_19': 'at_parking'}
2026-03-15 02:45:23,598 - DEBUG - Found 0 inactive bikes: []
2026-03-15 02:45:23,616 - DEBUG - Vehicle vehicle_2 has no bike and no available misplaced bikes with valid routes.
2026-03-15 02:45:23,628 - DEBUG - Vehicle vehicle_2 assigned to reposition to parking parking_2 (travel time: 74.00s).
2026-03-15 02:45:23,628 - DEBUG - Attempting to activate bikes at 2580s.
2026-03-15 02:45:23,630 - DEBUG - all_bikes_state at 2580s: {'bike_0': 'at_parking', 'bike_1': 'at_parking', 'bike_2': 'at_parking', 'bike_3': 'at_parking', 'bike_4': 'at_parking', 'bike_5': 'at_parking', 'bike_6': 'at_parking', 'bike_7': 'at_parking', 'bike_8': 'at_parking', 'bike_9': 'at_parking', 'bike_10': 'at_parking', 'bike_11': 'at_parking', 'bike_12': 'at_parking', 'bike_13': 'at_parking', 'bike_14': 'at_parking', 'bike_15': 'at_parking', 'bike_16': 'at_parking', 'bike_17': 'at_parking', 'bike_18': 'at_parking', 'bike_19': 'at_parking'}
2026-03-15 02:45:23,630 - DEBUG - Found 0 inactive bikes: []
2026-03-15 02:45:23,630 - DEBUG - Attempting to activate bikes at 2585s.
2026-03-15 02:45:23,630 - DEBUG - all_bikes_state at 2585s: {'bike_0': 'at_parking', 'bike_1': 'at_parking', 'bike_2': 'at_parking', 'bike_3': 'at_parking', 'bike_4': 'at_parking', 'bike_5': 'at_parking', 'bike_6': 'at_parking', 'bike_7': 'at_parking', 'bike_8': 'at_parking', 'bike_9': 'at_parking', 'bike_10': 'at_parking', 'bike_11': 'at_parking', 'bike_12': 'at_parking', 'bike_13': 'at_parking', 'bike_14': 'at_parking', 'bike_15': 'at_parking', 'bike_16': 'at_parking', 'bike_17': 'at_parking', 'bike_18': 'at_parking', 'bike_19': 'at_parking'}
2026-03-15 02:45:23,630 - DEBUG - Found 0 inactive bikes: []
2026-03-15 02:45:23,630 - DEBUG - Attempting to activate bikes at 2590s.
2026-03-15 02:45:23,631 - DEBUG - all_bikes_state at 2590s: {'bike_0': 'at_parking', 'bike_1': 'at_parking', 'bike_2': 'at_parking', 'bike_3': 'at_parking', 'bike_4': 'at_parking', 'bike_5': 'at_parking', 'bike_6': 'at_parking', 'bike_7': 'at_parking', 'bike_8': 'at_parking', 'bike_9': 'at_parking', 'bike_10': 'at_parking', 'bike_11': 'at_parking', 'bike_12': 'at_parking', 'bike_13': 'at_parking', 'bike_14': 'at_parking', 'bike_15': 'at_parking', 'bike_16': 'at_parking', 'bike_17': 'at_parking', 'bike_18': 'at_parking', 'bike_19': 'at_parking'}
2026-03-15 02:45:23,631 - DEBUG - Found 0 inactive bikes: []
2026-03-15 02:45:23,649 - DEBUG - Vehicle vehicle_1 has no bike and no available misplaced bikes with valid routes.
2026-03-15 02:45:23,668 - DEBUG - Vehicle vehicle_1 assigned to reposition to parking parking_0 (travel time: 80.00s).
2026-03-15 02:45:23,670 - DEBUG - Attempting to activate bikes at 2595s.
2026-03-15 02:45:23,670 - DEBUG - all_bikes_state at 2595s: {'bike_0': 'at_parking', 'bike_1': 'at_parking', 'bike_2': 'at_parking', 'bike_3': 'at_parking', 'bike_4': 'at_parking', 'bike_5': 'at_parking', 'bike_6': 'at_parking', 'bike_7': 'at_parking', 'bike_8': 'at_parking', 'bike_9': 'at_parking', 'bike_10': 'at_parking', 'bike_11': 'at_parking', 'bike_12': 'at_parking', 'bike_13': 'at_parking', 'bike_14': 'at_parking', 'bike_15': 'at_parking', 'bike_16': 'at_parking', 'bike_17': 'at_parking', 'bike_18': 'at_parking', 'bike_19': 'at_parking'}
2026-03-15 02:45:23,670 - DEBUG - Found 0 inactive bikes: []
2026-03-15 02:45:23,670 - DEBUG - Attempting to activate bikes at 2600s.
2026-03-15 02:45:23,672 - DEBUG - all_bikes_state at 2600s: {'bike_0': 'at_parking', 'bike_1': 'at_parking', 'bike_2': 'at_parking', 'bike_3': 'at_parking', 'bike_4': 'at_parking', 'bike_5': 'at_parking', 'bike_6': 'at_parking', 'bike_7': 'at_parking', 'bike_8': 'at_parking', 'bike_9': 'at_parking', 'bike_10': 'at_parking', 'bike_11': 'at_parking', 'bike_12': 'at_parking', 'bike_13': 'at_parking', 'bike_14': 'at_parking', 'bike_15': 'at_parking', 'bike_16': 'at_parking', 'bike_17': 'at_parking', 'bike_18': 'at_parking', 'bike_19': 'at_parking'}
2026-03-15 02:45:23,672 - DEBUG - Found 0 inactive bikes: []
2026-03-15 02:45:23,672 - DEBUG - Attempting to activate bikes at 2605s.
2026-03-15 02:45:23,672 - DEBUG - all_bikes_state at 2605s: {'bike_0': 'at_parking', 'bike_1': 'at_parking', 'bike_2': 'at_parking', 'bike_3': 'at_parking', 'bike_4': 'at_parking', 'bike_5': 'at_parking', 'bike_6': 'at_parking', 'bike_7': 'at_parking', 'bike_8': 'at_parking', 'bike_9': 'at_parking', 'bike_10': 'at_parking', 'bike_11': 'at_parking', 'bike_12': 'at_parking', 'bike_13': 'at_parking', 'bike_14': 'at_parking', 'bike_15': 'at_parking', 'bike_16': 'at_parking', 'bike_17': 'at_parking', 'bike_18': 'at_parking', 'bike_19': 'at_parking'}
2026-03-15 02:45:23,672 - DEBUG - Found 0 inactive bikes: []
2026-03-15 02:45:23,673 - DEBUG - Attempting to activate bikes at 2610s.
2026-03-15 02:45:23,673 - DEBUG - all_bikes_state at 2610s: {'bike_0': 'at_parking', 'bike_1': 'at_parking', 'bike_2': 'at_parking', 'bike_3': 'at_parking', 'bike_4': 'at_parking', 'bike_5': 'at_parking', 'bike_6': 'at_parking', 'bike_7': 'at_parking', 'bike_8': 'at_parking', 'bike_9': 'at_parking', 'bike_10': 'at_parking', 'bike_11': 'at_parking', 'bike_12': 'at_parking', 'bike_13': 'at_parking', 'bike_14': 'at_parking', 'bike_15': 'at_parking', 'bike_16': 'at_parking', 'bike_17': 'at_parking', 'bike_18': 'at_parking', 'bike_19': 'at_parking'}
2026-03-15 02:45:23,673 - DEBUG - Found 0 inactive bikes: []
2026-03-15 02:45:23,675 - DEBUG - Attempting to activate bikes at 2615s.
2026-03-15 02:45:23,675 - DEBUG - all_bikes_state at 2615s: {'bike_0': 'at_parking', 'bike_1': 'at_parking', 'bike_2': 'at_parking', 'bike_3': 'at_parking', 'bike_4': 'at_parking', 'bike_5': 'at_parking', 'bike_6': 'at_parking', 'bike_7': 'at_parking', 'bike_8': 'at_parking', 'bike_9': 'at_parking', 'bike_10': 'at_parking', 'bike_11': 'at_parking', 'bike_12': 'at_parking', 'bike_13': 'at_parking', 'bike_14': 'at_parking', 'bike_15': 'at_parking', 'bike_16': 'at_parking', 'bike_17': 'at_parking', 'bike_18': 'at_parking', 'bike_19': 'at_parking'}
2026-03-15 02:45:23,675 - DEBUG - Found 0 inactive bikes: []
2026-03-15 02:45:23,675 - DEBUG - Attempting to activate bikes at 2620s.
2026-03-15 02:45:23,675 - DEBUG - all_bikes_state at 2620s: {'bike_0': 'at_parking', 'bike_1': 'at_parking', 'bike_2': 'at_parking', 'bike_3': 'at_parking', 'bike_4': 'at_parking', 'bike_5': 'at_parking', 'bike_6': 'at_parking', 'bike_7': 'at_parking', 'bike_8': 'at_parking', 'bike_9': 'at_parking', 'bike_10': 'at_parking', 'bike_11': 'at_parking', 'bike_12': 'at_parking', 'bike_13': 'at_parking', 'bike_14': 'at_parking', 'bike_15': 'at_parking', 'bike_16': 'at_parking', 'bike_17': 'at_parking', 'bike_18': 'at_parking', 'bike_19': 'at_parking'}
2026-03-15 02:45:23,677 - DEBUG - Found 0 inactive bikes: []
2026-03-15 02:45:23,677 - DEBUG - Attempting to activate bikes at 2625s.
2026-03-15 02:45:23,677 - DEBUG - all_bikes_state at 2625s: {'bike_0': 'at_parking', 'bike_1': 'at_parking', 'bike_2': 'at_parking', 'bike_3': 'at_parking', 'bike_4': 'at_parking', 'bike_5': 'at_parking', 'bike_6': 'at_parking', 'bike_7': 'at_parking', 'bike_8': 'at_parking', 'bike_9': 'at_parking', 'bike_10': 'at_parking', 'bike_11': 'at_parking', 'bike_12': 'at_parking', 'bike_13': 'at_parking', 'bike_14': 'at_parking', 'bike_15': 'at_parking', 'bike_16': 'at_parking', 'bike_17': 'at_parking', 'bike_18': 'at_parking', 'bike_19': 'at_parking'}
2026-03-15 02:45:23,677 - DEBUG - Found 0 inactive bikes: []
2026-03-15 02:45:23,677 - DEBUG - Attempting to activate bikes at 2630s.
2026-03-15 02:45:23,678 - DEBUG - all_bikes_state at 2630s: {'bike_0': 'at_parking', 'bike_1': 'at_parking', 'bike_2': 'at_parking', 'bike_3': 'at_parking', 'bike_4': 'at_parking', 'bike_5': 'at_parking', 'bike_6': 'at_parking', 'bike_7': 'at_parking', 'bike_8': 'at_parking', 'bike_9': 'at_parking', 'bike_10': 'at_parking', 'bike_11': 'at_parking', 'bike_12': 'at_parking', 'bike_13': 'at_parking', 'bike_14': 'at_parking', 'bike_15': 'at_parking', 'bike_16': 'at_parking', 'bike_17': 'at_parking', 'bike_18': 'at_parking', 'bike_19': 'at_parking'}
2026-03-15 02:45:23,678 - DEBUG - Found 0 inactive bikes: []
2026-03-15 02:45:23,696 - DEBUG - Vehicle vehicle_0 has no bike and no available misplaced bikes with valid routes.
2026-03-15 02:45:23,714 - DEBUG - Vehicle vehicle_0 assigned to reposition to parking parking_0 (travel time: 80.00s).
2026-03-15 02:45:23,716 - DEBUG - Attempting to activate bikes at 2635s.
2026-03-15 02:45:23,716 - DEBUG - all_bikes_state at 2635s: {'bike_0': 'at_parking', 'bike_1': 'at_parking', 'bike_2': 'at_parking', 'bike_3': 'at_parking', 'bike_4': 'at_parking', 'bike_5': 'at_parking', 'bike_6': 'at_parking', 'bike_7': 'at_parking', 'bike_8': 'at_parking', 'bike_9': 'at_parking', 'bike_10': 'at_parking', 'bike_11': 'at_parking', 'bike_12': 'at_parking', 'bike_13': 'at_parking', 'bike_14': 'at_parking', 'bike_15': 'at_parking', 'bike_16': 'at_parking', 'bike_17': 'at_parking', 'bike_18': 'at_parking', 'bike_19': 'at_parking'}
2026-03-15 02:45:23,716 - DEBUG - Found 0 inactive bikes: []
2026-03-15 02:45:23,717 - DEBUG - Attempting to activate bikes at 2640s.
2026-03-15 02:45:23,717 - DEBUG - all_bikes_state at 2640s: {'bike_0': 'at_parking', 'bike_1': 'at_parking', 'bike_2': 'at_parking', 'bike_3': 'at_parking', 'bike_4': 'at_parking', 'bike_5': 'at_parking', 'bike_6': 'at_parking', 'bike_7': 'at_parking', 'bike_8': 'at_parking', 'bike_9': 'at_parking', 'bike_10': 'at_parking', 'bike_11': 'at_parking', 'bike_12': 'at_parking', 'bike_13': 'at_parking', 'bike_14': 'at_parking', 'bike_15': 'at_parking', 'bike_16': 'at_parking', 'bike_17': 'at_parking', 'bike_18': 'at_parking', 'bike_19': 'at_parking'}
2026-03-15 02:45:23,717 - DEBUG - Found 0 inactive bikes: []
2026-03-15 02:45:23,717 - DEBUG - Attempting to activate bikes at 2645s.
2026-03-15 02:45:23,717 - DEBUG - all_bikes_state at 2645s: {'bike_0': 'at_parking', 'bike_1': 'at_parking', 'bike_2': 'at_parking', 'bike_3': 'at_parking', 'bike_4': 'at_parking', 'bike_5': 'at_parking', 'bike_6': 'at_parking', 'bike_7': 'at_parking', 'bike_8': 'at_parking', 'bike_9': 'at_parking', 'bike_10': 'at_parking', 'bike_11': 'at_parking', 'bike_12': 'at_parking', 'bike_13': 'at_parking', 'bike_14': 'at_parking', 'bike_15': 'at_parking', 'bike_16': 'at_parking', 'bike_17': 'at_parking', 'bike_18': 'at_parking', 'bike_19': 'at_parking'}
2026-03-15 02:45:23,717 - DEBUG - Found 0 inactive bikes: []
2026-03-15 02:45:23,719 - DEBUG - Attempting to activate bikes at 2650s.
2026-03-15 02:45:23,719 - DEBUG - all_bikes_state at 2650s: {'bike_0': 'at_parking', 'bike_1': 'at_parking', 'bike_2': 'at_parking', 'bike_3': 'at_parking', 'bike_4': 'at_parking', 'bike_5': 'at_parking', 'bike_6': 'at_parking', 'bike_7': 'at_parking', 'bike_8': 'at_parking', 'bike_9': 'at_parking', 'bike_10': 'at_parking', 'bike_11': 'at_parking', 'bike_12': 'at_parking', 'bike_13': 'at_parking', 'bike_14': 'at_parking', 'bike_15': 'at_parking', 'bike_16': 'at_parking', 'bike_17': 'at_parking', 'bike_18': 'at_parking', 'bike_19': 'at_parking'}
2026-03-15 02:45:23,719 - DEBUG - Found 0 inactive bikes: []
2026-03-15 02:45:23,737 - DEBUG - Vehicle vehicle_2 has no bike and no available misplaced bikes with valid routes.
2026-03-15 02:45:23,751 - DEBUG - Vehicle vehicle_2 assigned to reposition to parking parking_2 (travel time: 74.00s).
2026-03-15 02:45:23,753 - DEBUG - Attempting to activate bikes at 2655s.
2026-03-15 02:45:23,753 - DEBUG - all_bikes_state at 2655s: {'bike_0': 'at_parking', 'bike_1': 'at_parking', 'bike_2': 'at_parking', 'bike_3': 'at_parking', 'bike_4': 'at_parking', 'bike_5': 'at_parking', 'bike_6': 'at_parking', 'bike_7': 'at_parking', 'bike_8': 'at_parking', 'bike_9': 'at_parking', 'bike_10': 'at_parking', 'bike_11': 'at_parking', 'bike_12': 'at_parking', 'bike_13': 'at_parking', 'bike_14': 'at_parking', 'bike_15': 'at_parking', 'bike_16': 'at_parking', 'bike_17': 'at_parking', 'bike_18': 'at_parking', 'bike_19': 'at_parking'}
2026-03-15 02:45:23,753 - DEBUG - Found 0 inactive bikes: []
2026-03-15 02:45:23,754 - DEBUG - Attempting to activate bikes at 2660s.
2026-03-15 02:45:23,754 - DEBUG - all_bikes_state at 2660s: {'bike_0': 'at_parking', 'bike_1': 'at_parking', 'bike_2': 'at_parking', 'bike_3': 'at_parking', 'bike_4': 'at_parking', 'bike_5': 'at_parking', 'bike_6': 'at_parking', 'bike_7': 'at_parking', 'bike_8': 'at_parking', 'bike_9': 'at_parking', 'bike_10': 'at_parking', 'bike_11': 'at_parking', 'bike_12': 'at_parking', 'bike_13': 'at_parking', 'bike_14': 'at_parking', 'bike_15': 'at_parking', 'bike_16': 'at_parking', 'bike_17': 'at_parking', 'bike_18': 'at_parking', 'bike_19': 'at_parking'}
2026-03-15 02:45:23,754 - DEBUG - Found 0 inactive bikes: []
2026-03-15 02:45:23,754 - DEBUG - Attempting to activate bikes at 2665s.
2026-03-15 02:45:23,754 - DEBUG - all_bikes_state at 2665s: {'bike_0': 'at_parking', 'bike_1': 'at_parking', 'bike_2': 'at_parking', 'bike_3': 'at_parking', 'bike_4': 'at_parking', 'bike_5': 'at_parking', 'bike_6': 'at_parking', 'bike_7': 'at_parking', 'bike_8': 'at_parking', 'bike_9': 'at_parking', 'bike_10': 'at_parking', 'bike_11': 'at_parking', 'bike_12': 'at_parking', 'bike_13': 'at_parking', 'bike_14': 'at_parking', 'bike_15': 'at_parking', 'bike_16': 'at_parking', 'bike_17': 'at_parking', 'bike_18': 'at_parking', 'bike_19': 'at_parking'}
2026-03-15 02:45:23,756 - DEBUG - Found 0 inactive bikes: []
2026-03-15 02:45:23,756 - DEBUG - Attempting to activate bikes at 2670s.
2026-03-15 02:45:23,756 - DEBUG - all_bikes_state at 2670s: {'bike_0': 'at_parking', 'bike_1': 'at_parking', 'bike_2': 'at_parking', 'bike_3': 'at_parking', 'bike_4': 'at_parking', 'bike_5': 'at_parking', 'bike_6': 'at_parking', 'bike_7': 'at_parking', 'bike_8': 'at_parking', 'bike_9': 'at_parking', 'bike_10': 'at_parking', 'bike_11': 'at_parking', 'bike_12': 'at_parking', 'bike_13': 'at_parking', 'bike_14': 'at_parking', 'bike_15': 'at_parking', 'bike_16': 'at_parking', 'bike_17': 'at_parking', 'bike_18': 'at_parking', 'bike_19': 'at_parking'}
2026-03-15 02:45:23,756 - DEBUG - Found 0 inactive bikes: []
2026-03-15 02:45:23,776 - DEBUG - Vehicle vehicle_1 has no bike and no available misplaced bikes with valid routes.
2026-03-15 02:45:23,795 - DEBUG - Vehicle vehicle_1 assigned to reposition to parking parking_0 (travel time: 80.00s).
2026-03-15 02:45:23,795 - DEBUG - Attempting to activate bikes at 2675s.
2026-03-15 02:45:23,795 - DEBUG - all_bikes_state at 2675s: {'bike_0': 'at_parking', 'bike_1': 'at_parking', 'bike_2': 'at_parking', 'bike_3': 'at_parking', 'bike_4': 'at_parking', 'bike_5': 'at_parking', 'bike_6': 'at_parking', 'bike_7': 'at_parking', 'bike_8': 'at_parking', 'bike_9': 'at_parking', 'bike_10': 'at_parking', 'bike_11': 'at_parking', 'bike_12': 'at_parking', 'bike_13': 'at_parking', 'bike_14': 'at_parking', 'bike_15': 'at_parking', 'bike_16': 'at_parking', 'bike_17': 'at_parking', 'bike_18': 'at_parking', 'bike_19': 'at_parking'}
2026-03-15 02:45:23,795 - DEBUG - Found 0 inactive bikes: []
2026-03-15 02:45:23,797 - DEBUG - Attempting to activate bikes at 2680s.
2026-03-15 02:45:23,797 - DEBUG - all_bikes_state at 2680s: {'bike_0': 'at_parking', 'bike_1': 'at_parking', 'bike_2': 'at_parking', 'bike_3': 'at_parking', 'bike_4': 'at_parking', 'bike_5': 'at_parking', 'bike_6': 'at_parking', 'bike_7': 'at_parking', 'bike_8': 'at_parking', 'bike_9': 'at_parking', 'bike_10': 'at_parking', 'bike_11': 'at_parking', 'bike_12': 'at_parking', 'bike_13': 'at_parking', 'bike_14': 'at_parking', 'bike_15': 'at_parking', 'bike_16': 'at_parking', 'bike_17': 'at_parking', 'bike_18': 'at_parking', 'bike_19': 'at_parking'}
2026-03-15 02:45:23,797 - DEBUG - Found 0 inactive bikes: []
2026-03-15 02:45:23,797 - DEBUG - Attempting to activate bikes at 2685s.
2026-03-15 02:45:23,799 - DEBUG - all_bikes_state at 2685s: {'bike_0': 'at_parking', 'bike_1': 'at_parking', 'bike_2': 'at_parking', 'bike_3': 'at_parking', 'bike_4': 'at_parking', 'bike_5': 'at_parking', 'bike_6': 'at_parking', 'bike_7': 'at_parking', 'bike_8': 'at_parking', 'bike_9': 'at_parking', 'bike_10': 'at_parking', 'bike_11': 'at_parking', 'bike_12': 'at_parking', 'bike_13': 'at_parking', 'bike_14': 'at_parking', 'bike_15': 'at_parking', 'bike_16': 'at_parking', 'bike_17': 'at_parking', 'bike_18': 'at_parking', 'bike_19': 'at_parking'}
2026-03-15 02:45:23,799 - DEBUG - Found 0 inactive bikes: []
2026-03-15 02:45:23,799 - DEBUG - Attempting to activate bikes at 2690s.
2026-03-15 02:45:23,799 - DEBUG - all_bikes_state at 2690s: {'bike_0': 'at_parking', 'bike_1': 'at_parking', 'bike_2': 'at_parking', 'bike_3': 'at_parking', 'bike_4': 'at_parking', 'bike_5': 'at_parking', 'bike_6': 'at_parking', 'bike_7': 'at_parking', 'bike_8': 'at_parking', 'bike_9': 'at_parking', 'bike_10': 'at_parking', 'bike_11': 'at_parking', 'bike_12': 'at_parking', 'bike_13': 'at_parking', 'bike_14': 'at_parking', 'bike_15': 'at_parking', 'bike_16': 'at_parking', 'bike_17': 'at_parking', 'bike_18': 'at_parking', 'bike_19': 'at_parking'}
2026-03-15 02:45:23,799 - DEBUG - Found 0 inactive bikes: []
2026-03-15 02:45:23,800 - DEBUG - Attempting to activate bikes at 2695s.
2026-03-15 02:45:23,800 - DEBUG - all_bikes_state at 2695s: {'bike_0': 'at_parking', 'bike_1': 'at_parking', 'bike_2': 'at_parking', 'bike_3': 'at_parking', 'bike_4': 'at_parking', 'bike_5': 'at_parking', 'bike_6': 'at_parking', 'bike_7': 'at_parking', 'bike_8': 'at_parking', 'bike_9': 'at_parking', 'bike_10': 'at_parking', 'bike_11': 'at_parking', 'bike_12': 'at_parking', 'bike_13': 'at_parking', 'bike_14': 'at_parking', 'bike_15': 'at_parking', 'bike_16': 'at_parking', 'bike_17': 'at_parking', 'bike_18': 'at_parking', 'bike_19': 'at_parking'}
2026-03-15 02:45:23,800 - DEBUG - Found 0 inactive bikes: []
2026-03-15 02:45:23,800 - DEBUG - Attempting to activate bikes at 2700s.
2026-03-15 02:45:23,800 - DEBUG - all_bikes_state at 2700s: {'bike_0': 'at_parking', 'bike_1': 'at_parking', 'bike_2': 'at_parking', 'bike_3': 'at_parking', 'bike_4': 'at_parking', 'bike_5': 'at_parking', 'bike_6': 'at_parking', 'bike_7': 'at_parking', 'bike_8': 'at_parking', 'bike_9': 'at_parking', 'bike_10': 'at_parking', 'bike_11': 'at_parking', 'bike_12': 'at_parking', 'bike_13': 'at_parking', 'bike_14': 'at_parking', 'bike_15': 'at_parking', 'bike_16': 'at_parking', 'bike_17': 'at_parking', 'bike_18': 'at_parking', 'bike_19': 'at_parking'}
2026-03-15 02:45:23,802 - DEBUG - Found 0 inactive bikes: []
2026-03-15 02:45:23,802 - DEBUG - Attempting to activate bikes at 2705s.
2026-03-15 02:45:23,802 - DEBUG - all_bikes_state at 2705s: {'bike_0': 'at_parking', 'bike_1': 'at_parking', 'bike_2': 'at_parking', 'bike_3': 'at_parking', 'bike_4': 'at_parking', 'bike_5': 'at_parking', 'bike_6': 'at_parking', 'bike_7': 'at_parking', 'bike_8': 'at_parking', 'bike_9': 'at_parking', 'bike_10': 'at_parking', 'bike_11': 'at_parking', 'bike_12': 'at_parking', 'bike_13': 'at_parking', 'bike_14': 'at_parking', 'bike_15': 'at_parking', 'bike_16': 'at_parking', 'bike_17': 'at_parking', 'bike_18': 'at_parking', 'bike_19': 'at_parking'}
2026-03-15 02:45:23,802 - DEBUG - Found 0 inactive bikes: []
2026-03-15 02:45:23,802 - DEBUG - Attempting to activate bikes at 2710s.
2026-03-15 02:45:23,802 - DEBUG - all_bikes_state at 2710s: {'bike_0': 'at_parking', 'bike_1': 'at_parking', 'bike_2': 'at_parking', 'bike_3': 'at_parking', 'bike_4': 'at_parking', 'bike_5': 'at_parking', 'bike_6': 'at_parking', 'bike_7': 'at_parking', 'bike_8': 'at_parking', 'bike_9': 'at_parking', 'bike_10': 'at_parking', 'bike_11': 'at_parking', 'bike_12': 'at_parking', 'bike_13': 'at_parking', 'bike_14': 'at_parking', 'bike_15': 'at_parking', 'bike_16': 'at_parking', 'bike_17': 'at_parking', 'bike_18': 'at_parking', 'bike_19': 'at_parking'}
2026-03-15 02:45:23,804 - DEBUG - Found 0 inactive bikes: []
2026-03-15 02:45:23,893 - DEBUG - Vehicle vehicle_0 has no bike and no available misplaced bikes with valid routes.
2026-03-15 02:45:23,905 - DEBUG - Vehicle vehicle_0 assigned to reposition to parking parking_1 (travel time: 51.00s).
2026-03-15 02:45:23,905 - DEBUG - Attempting to activate bikes at 2715s.
2026-03-15 02:45:23,905 - DEBUG - all_bikes_state at 2715s: {'bike_0': 'at_parking', 'bike_1': 'at_parking', 'bike_2': 'at_parking', 'bike_3': 'at_parking', 'bike_4': 'at_parking', 'bike_5': 'at_parking', 'bike_6': 'at_parking', 'bike_7': 'at_parking', 'bike_8': 'at_parking', 'bike_9': 'at_parking', 'bike_10': 'at_parking', 'bike_11': 'at_parking', 'bike_12': 'at_parking', 'bike_13': 'at_parking', 'bike_14': 'at_parking', 'bike_15': 'at_parking', 'bike_16': 'at_parking', 'bike_17': 'at_parking', 'bike_18': 'at_parking', 'bike_19': 'at_parking'}
2026-03-15 02:45:23,906 - DEBUG - Found 0 inactive bikes: []
2026-03-15 02:45:23,907 - DEBUG - Attempting to activate bikes at 2720s.
2026-03-15 02:45:23,907 - DEBUG - all_bikes_state at 2720s: {'bike_0': 'at_parking', 'bike_1': 'at_parking', 'bike_2': 'at_parking', 'bike_3': 'at_parking', 'bike_4': 'at_parking', 'bike_5': 'at_parking', 'bike_6': 'at_parking', 'bike_7': 'at_parking', 'bike_8': 'at_parking', 'bike_9': 'at_parking', 'bike_10': 'at_parking', 'bike_11': 'at_parking', 'bike_12': 'at_parking', 'bike_13': 'at_parking', 'bike_14': 'at_parking', 'bike_15': 'at_parking', 'bike_16': 'at_parking', 'bike_17': 'at_parking', 'bike_18': 'at_parking', 'bike_19': 'at_parking'}
2026-03-15 02:45:23,907 - DEBUG - Found 0 inactive bikes: []
2026-03-15 02:45:23,907 - DEBUG - Attempting to activate bikes at 2725s.
2026-03-15 02:45:23,908 - DEBUG - all_bikes_state at 2725s: {'bike_0': 'at_parking', 'bike_1': 'at_parking', 'bike_2': 'at_parking', 'bike_3': 'at_parking', 'bike_4': 'at_parking', 'bike_5': 'at_parking', 'bike_6': 'at_parking', 'bike_7': 'at_parking', 'bike_8': 'at_parking', 'bike_9': 'at_parking', 'bike_10': 'at_parking', 'bike_11': 'at_parking', 'bike_12': 'at_parking', 'bike_13': 'at_parking', 'bike_14': 'at_parking', 'bike_15': 'at_parking', 'bike_16': 'at_parking', 'bike_17': 'at_parking', 'bike_18': 'at_parking', 'bike_19': 'at_parking'}
2026-03-15 02:45:23,908 - DEBUG - Found 0 inactive bikes: []
2026-03-15 02:45:23,925 - DEBUG - Vehicle vehicle_2 has no bike and no available misplaced bikes with valid routes.
2026-03-15 02:45:23,945 - DEBUG - Vehicle vehicle_2 assigned to reposition to parking parking_0 (travel time: 80.00s).
2026-03-15 02:45:23,947 - DEBUG - Attempting to activate bikes at 2730s.
2026-03-15 02:45:23,947 - DEBUG - all_bikes_state at 2730s: {'bike_0': 'at_parking', 'bike_1': 'at_parking', 'bike_2': 'at_parking', 'bike_3': 'at_parking', 'bike_4': 'at_parking', 'bike_5': 'at_parking', 'bike_6': 'at_parking', 'bike_7': 'at_parking', 'bike_8': 'at_parking', 'bike_9': 'at_parking', 'bike_10': 'at_parking', 'bike_11': 'at_parking', 'bike_12': 'at_parking', 'bike_13': 'at_parking', 'bike_14': 'at_parking', 'bike_15': 'at_parking', 'bike_16': 'at_parking', 'bike_17': 'at_parking', 'bike_18': 'at_parking', 'bike_19': 'at_parking'}
2026-03-15 02:45:23,947 - DEBUG - Found 0 inactive bikes: []
2026-03-15 02:45:23,947 - DEBUG - Attempting to activate bikes at 2735s.
2026-03-15 02:45:23,948 - DEBUG - all_bikes_state at 2735s: {'bike_0': 'at_parking', 'bike_1': 'at_parking', 'bike_2': 'at_parking', 'bike_3': 'at_parking', 'bike_4': 'at_parking', 'bike_5': 'at_parking', 'bike_6': 'at_parking', 'bike_7': 'at_parking', 'bike_8': 'at_parking', 'bike_9': 'at_parking', 'bike_10': 'at_parking', 'bike_11': 'at_parking', 'bike_12': 'at_parking', 'bike_13': 'at_parking', 'bike_14': 'at_parking', 'bike_15': 'at_parking', 'bike_16': 'at_parking', 'bike_17': 'at_parking', 'bike_18': 'at_parking', 'bike_19': 'at_parking'}
2026-03-15 02:45:23,948 - DEBUG - Found 0 inactive bikes: []
2026-03-15 02:45:23,948 - DEBUG - Attempting to activate bikes at 2740s.
2026-03-15 02:45:23,948 - DEBUG - all_bikes_state at 2740s: {'bike_0': 'at_parking', 'bike_1': 'at_parking', 'bike_2': 'at_parking', 'bike_3': 'at_parking', 'bike_4': 'at_parking', 'bike_5': 'at_parking', 'bike_6': 'at_parking', 'bike_7': 'at_parking', 'bike_8': 'at_parking', 'bike_9': 'at_parking', 'bike_10': 'at_parking', 'bike_11': 'at_parking', 'bike_12': 'at_parking', 'bike_13': 'at_parking', 'bike_14': 'at_parking', 'bike_15': 'at_parking', 'bike_16': 'at_parking', 'bike_17': 'at_parking', 'bike_18': 'at_parking', 'bike_19': 'at_parking'}
2026-03-15 02:45:23,948 - DEBUG - Found 0 inactive bikes: []
2026-03-15 02:45:23,950 - DEBUG - Attempting to activate bikes at 2745s.
2026-03-15 02:45:23,950 - DEBUG - all_bikes_state at 2745s: {'bike_0': 'at_parking', 'bike_1': 'at_parking', 'bike_2': 'at_parking', 'bike_3': 'at_parking', 'bike_4': 'at_parking', 'bike_5': 'at_parking', 'bike_6': 'at_parking', 'bike_7': 'at_parking', 'bike_8': 'at_parking', 'bike_9': 'at_parking', 'bike_10': 'at_parking', 'bike_11': 'at_parking', 'bike_12': 'at_parking', 'bike_13': 'at_parking', 'bike_14': 'at_parking', 'bike_15': 'at_parking', 'bike_16': 'at_parking', 'bike_17': 'at_parking', 'bike_18': 'at_parking', 'bike_19': 'at_parking'}
2026-03-15 02:45:23,950 - DEBUG - Found 0 inactive bikes: []
2026-03-15 02:45:23,950 - DEBUG - Attempting to activate bikes at 2750s.
2026-03-15 02:45:23,950 - DEBUG - all_bikes_state at 2750s: {'bike_0': 'at_parking', 'bike_1': 'at_parking', 'bike_2': 'at_parking', 'bike_3': 'at_parking', 'bike_4': 'at_parking', 'bike_5': 'at_parking', 'bike_6': 'at_parking', 'bike_7': 'at_parking', 'bike_8': 'at_parking', 'bike_9': 'at_parking', 'bike_10': 'at_parking', 'bike_11': 'at_parking', 'bike_12': 'at_parking', 'bike_13': 'at_parking', 'bike_14': 'at_parking', 'bike_15': 'at_parking', 'bike_16': 'at_parking', 'bike_17': 'at_parking', 'bike_18': 'at_parking', 'bike_19': 'at_parking'}
2026-03-15 02:45:23,950 - DEBUG - Found 0 inactive bikes: []
2026-03-15 02:45:23,969 - DEBUG - Vehicle vehicle_1 has no bike and no available misplaced bikes with valid routes.
2026-03-15 02:45:23,980 - DEBUG - Vehicle vehicle_1 assigned to reposition to parking parking_2 (travel time: 74.00s).
2026-03-15 02:45:23,982 - DEBUG - Attempting to activate bikes at 2755s.
2026-03-15 02:45:23,982 - DEBUG - all_bikes_state at 2755s: {'bike_0': 'at_parking', 'bike_1': 'at_parking', 'bike_2': 'at_parking', 'bike_3': 'at_parking', 'bike_4': 'at_parking', 'bike_5': 'at_parking', 'bike_6': 'at_parking', 'bike_7': 'at_parking', 'bike_8': 'at_parking', 'bike_9': 'at_parking', 'bike_10': 'at_parking', 'bike_11': 'at_parking', 'bike_12': 'at_parking', 'bike_13': 'at_parking', 'bike_14': 'at_parking', 'bike_15': 'at_parking', 'bike_16': 'at_parking', 'bike_17': 'at_parking', 'bike_18': 'at_parking', 'bike_19': 'at_parking'}
2026-03-15 02:45:23,982 - DEBUG - Found 0 inactive bikes: []
2026-03-15 02:45:23,982 - DEBUG - Attempting to activate bikes at 2760s.
2026-03-15 02:45:23,983 - DEBUG - all_bikes_state at 2760s: {'bike_0': 'at_parking', 'bike_1': 'at_parking', 'bike_2': 'at_parking', 'bike_3': 'at_parking', 'bike_4': 'at_parking', 'bike_5': 'at_parking', 'bike_6': 'at_parking', 'bike_7': 'at_parking', 'bike_8': 'at_parking', 'bike_9': 'at_parking', 'bike_10': 'at_parking', 'bike_11': 'at_parking', 'bike_12': 'at_parking', 'bike_13': 'at_parking', 'bike_14': 'at_parking', 'bike_15': 'at_parking', 'bike_16': 'at_parking', 'bike_17': 'at_parking', 'bike_18': 'at_parking', 'bike_19': 'at_parking'}
2026-03-15 02:45:23,983 - DEBUG - Found 0 inactive bikes: []
2026-03-15 02:45:23,983 - DEBUG - Attempting to activate bikes at 2765s.
2026-03-15 02:45:23,983 - DEBUG - all_bikes_state at 2765s: {'bike_0': 'at_parking', 'bike_1': 'at_parking', 'bike_2': 'at_parking', 'bike_3': 'at_parking', 'bike_4': 'at_parking', 'bike_5': 'at_parking', 'bike_6': 'at_parking', 'bike_7': 'at_parking', 'bike_8': 'at_parking', 'bike_9': 'at_parking', 'bike_10': 'at_parking', 'bike_11': 'at_parking', 'bike_12': 'at_parking', 'bike_13': 'at_parking', 'bike_14': 'at_parking', 'bike_15': 'at_parking', 'bike_16': 'at_parking', 'bike_17': 'at_parking', 'bike_18': 'at_parking', 'bike_19': 'at_parking'}
2026-03-15 02:45:23,983 - DEBUG - Found 0 inactive bikes: []
2026-03-15 02:45:24,003 - DEBUG - Vehicle vehicle_0 has no bike and no available misplaced bikes with valid routes.
2026-03-15 02:45:24,013 - DEBUG - Vehicle vehicle_0 assigned to reposition to parking parking_1 (travel time: 51.00s).
2026-03-15 02:45:24,013 - DEBUG - Attempting to activate bikes at 2770s.
2026-03-15 02:45:24,014 - DEBUG - all_bikes_state at 2770s: {'bike_0': 'at_parking', 'bike_1': 'at_parking', 'bike_2': 'at_parking', 'bike_3': 'at_parking', 'bike_4': 'at_parking', 'bike_5': 'at_parking', 'bike_6': 'at_parking', 'bike_7': 'at_parking', 'bike_8': 'at_parking', 'bike_9': 'at_parking', 'bike_10': 'at_parking', 'bike_11': 'at_parking', 'bike_12': 'at_parking', 'bike_13': 'at_parking', 'bike_14': 'at_parking', 'bike_15': 'at_parking', 'bike_16': 'at_parking', 'bike_17': 'at_parking', 'bike_18': 'at_parking', 'bike_19': 'at_parking'}
2026-03-15 02:45:24,014 - DEBUG - Found 0 inactive bikes: []
2026-03-15 02:45:24,014 - DEBUG - Attempting to activate bikes at 2775s.
2026-03-15 02:45:24,014 - DEBUG - all_bikes_state at 2775s: {'bike_0': 'at_parking', 'bike_1': 'at_parking', 'bike_2': 'at_parking', 'bike_3': 'at_parking', 'bike_4': 'at_parking', 'bike_5': 'at_parking', 'bike_6': 'at_parking', 'bike_7': 'at_parking', 'bike_8': 'at_parking', 'bike_9': 'at_parking', 'bike_10': 'at_parking', 'bike_11': 'at_parking', 'bike_12': 'at_parking', 'bike_13': 'at_parking', 'bike_14': 'at_parking', 'bike_15': 'at_parking', 'bike_16': 'at_parking', 'bike_17': 'at_parking', 'bike_18': 'at_parking', 'bike_19': 'at_parking'}
2026-03-15 02:45:24,014 - DEBUG - Found 0 inactive bikes: []
2026-03-15 02:45:24,016 - DEBUG - Attempting to activate bikes at 2780s.
2026-03-15 02:45:24,016 - DEBUG - all_bikes_state at 2780s: {'bike_0': 'at_parking', 'bike_1': 'at_parking', 'bike_2': 'at_parking', 'bike_3': 'at_parking', 'bike_4': 'at_parking', 'bike_5': 'at_parking', 'bike_6': 'at_parking', 'bike_7': 'at_parking', 'bike_8': 'at_parking', 'bike_9': 'at_parking', 'bike_10': 'at_parking', 'bike_11': 'at_parking', 'bike_12': 'at_parking', 'bike_13': 'at_parking', 'bike_14': 'at_parking', 'bike_15': 'at_parking', 'bike_16': 'at_parking', 'bike_17': 'at_parking', 'bike_18': 'at_parking', 'bike_19': 'at_parking'}
2026-03-15 02:45:24,016 - DEBUG - Found 0 inactive bikes: []
2026-03-15 02:45:24,016 - DEBUG - Attempting to activate bikes at 2785s.
2026-03-15 02:45:24,016 - DEBUG - all_bikes_state at 2785s: {'bike_0': 'at_parking', 'bike_1': 'at_parking', 'bike_2': 'at_parking', 'bike_3': 'at_parking', 'bike_4': 'at_parking', 'bike_5': 'at_parking', 'bike_6': 'at_parking', 'bike_7': 'at_parking', 'bike_8': 'at_parking', 'bike_9': 'at_parking', 'bike_10': 'at_parking', 'bike_11': 'at_parking', 'bike_12': 'at_parking', 'bike_13': 'at_parking', 'bike_14': 'at_parking', 'bike_15': 'at_parking', 'bike_16': 'at_parking', 'bike_17': 'at_parking', 'bike_18': 'at_parking', 'bike_19': 'at_parking'}
2026-03-15 02:45:24,016 - DEBUG - Found 0 inactive bikes: []
2026-03-15 02:45:24,016 - DEBUG - Attempting to activate bikes at 2790s.
2026-03-15 02:45:24,017 - DEBUG - all_bikes_state at 2790s: {'bike_0': 'at_parking', 'bike_1': 'at_parking', 'bike_2': 'at_parking', 'bike_3': 'at_parking', 'bike_4': 'at_parking', 'bike_5': 'at_parking', 'bike_6': 'at_parking', 'bike_7': 'at_parking', 'bike_8': 'at_parking', 'bike_9': 'at_parking', 'bike_10': 'at_parking', 'bike_11': 'at_parking', 'bike_12': 'at_parking', 'bike_13': 'at_parking', 'bike_14': 'at_parking', 'bike_15': 'at_parking', 'bike_16': 'at_parking', 'bike_17': 'at_parking', 'bike_18': 'at_parking', 'bike_19': 'at_parking'}
2026-03-15 02:45:24,017 - DEBUG - Found 0 inactive bikes: []
2026-03-15 02:45:24,017 - DEBUG - Attempting to activate bikes at 2795s.
2026-03-15 02:45:24,017 - DEBUG - all_bikes_state at 2795s: {'bike_0': 'at_parking', 'bike_1': 'at_parking', 'bike_2': 'at_parking', 'bike_3': 'at_parking', 'bike_4': 'at_parking', 'bike_5': 'at_parking', 'bike_6': 'at_parking', 'bike_7': 'at_parking', 'bike_8': 'at_parking', 'bike_9': 'at_parking', 'bike_10': 'at_parking', 'bike_11': 'at_parking', 'bike_12': 'at_parking', 'bike_13': 'at_parking', 'bike_14': 'at_parking', 'bike_15': 'at_parking', 'bike_16': 'at_parking', 'bike_17': 'at_parking', 'bike_18': 'at_parking', 'bike_19': 'at_parking'}
2026-03-15 02:45:24,017 - DEBUG - Found 0 inactive bikes: []
2026-03-15 02:45:24,019 - DEBUG - Attempting to activate bikes at 2800s.
2026-03-15 02:45:24,019 - DEBUG - all_bikes_state at 2800s: {'bike_0': 'at_parking', 'bike_1': 'at_parking', 'bike_2': 'at_parking', 'bike_3': 'at_parking', 'bike_4': 'at_parking', 'bike_5': 'at_parking', 'bike_6': 'at_parking', 'bike_7': 'at_parking', 'bike_8': 'at_parking', 'bike_9': 'at_parking', 'bike_10': 'at_parking', 'bike_11': 'at_parking', 'bike_12': 'at_parking', 'bike_13': 'at_parking', 'bike_14': 'at_parking', 'bike_15': 'at_parking', 'bike_16': 'at_parking', 'bike_17': 'at_parking', 'bike_18': 'at_parking', 'bike_19': 'at_parking'}
2026-03-15 02:45:24,019 - DEBUG - Found 0 inactive bikes: []
2026-03-15 02:45:24,019 - DEBUG - Attempting to activate bikes at 2805s.
2026-03-15 02:45:24,019 - DEBUG - all_bikes_state at 2805s: {'bike_0': 'at_parking', 'bike_1': 'at_parking', 'bike_2': 'at_parking', 'bike_3': 'at_parking', 'bike_4': 'at_parking', 'bike_5': 'at_parking', 'bike_6': 'at_parking', 'bike_7': 'at_parking', 'bike_8': 'at_parking', 'bike_9': 'at_parking', 'bike_10': 'at_parking', 'bike_11': 'at_parking', 'bike_12': 'at_parking', 'bike_13': 'at_parking', 'bike_14': 'at_parking', 'bike_15': 'at_parking', 'bike_16': 'at_parking', 'bike_17': 'at_parking', 'bike_18': 'at_parking', 'bike_19': 'at_parking'}
2026-03-15 02:45:24,021 - DEBUG - Found 0 inactive bikes: []
2026-03-15 02:45:24,038 - DEBUG - Vehicle vehicle_2 has no bike and no available misplaced bikes with valid routes.
2026-03-15 02:45:24,047 - DEBUG - Vehicle vehicle_2 assigned to reposition to parking parking_1 (travel time: 51.00s).
2026-03-15 02:45:24,047 - DEBUG - Attempting to activate bikes at 2810s.
2026-03-15 02:45:24,049 - DEBUG - all_bikes_state at 2810s: {'bike_0': 'at_parking', 'bike_1': 'at_parking', 'bike_2': 'at_parking', 'bike_3': 'at_parking', 'bike_4': 'at_parking', 'bike_5': 'at_parking', 'bike_6': 'at_parking', 'bike_7': 'at_parking', 'bike_8': 'at_parking', 'bike_9': 'at_parking', 'bike_10': 'at_parking', 'bike_11': 'at_parking', 'bike_12': 'at_parking', 'bike_13': 'at_parking', 'bike_14': 'at_parking', 'bike_15': 'at_parking', 'bike_16': 'at_parking', 'bike_17': 'at_parking', 'bike_18': 'at_parking', 'bike_19': 'at_parking'}
2026-03-15 02:45:24,049 - DEBUG - Found 0 inactive bikes: []
2026-03-15 02:45:24,049 - DEBUG - Attempting to activate bikes at 2815s.
2026-03-15 02:45:24,051 - DEBUG - all_bikes_state at 2815s: {'bike_0': 'at_parking', 'bike_1': 'at_parking', 'bike_2': 'at_parking', 'bike_3': 'at_parking', 'bike_4': 'at_parking', 'bike_5': 'at_parking', 'bike_6': 'at_parking', 'bike_7': 'at_parking', 'bike_8': 'at_parking', 'bike_9': 'at_parking', 'bike_10': 'at_parking', 'bike_11': 'at_parking', 'bike_12': 'at_parking', 'bike_13': 'at_parking', 'bike_14': 'at_parking', 'bike_15': 'at_parking', 'bike_16': 'at_parking', 'bike_17': 'at_parking', 'bike_18': 'at_parking', 'bike_19': 'at_parking'}
2026-03-15 02:45:24,051 - DEBUG - Found 0 inactive bikes: []
2026-03-15 02:45:24,051 - DEBUG - Attempting to activate bikes at 2820s.
2026-03-15 02:45:24,051 - DEBUG - all_bikes_state at 2820s: {'bike_0': 'at_parking', 'bike_1': 'at_parking', 'bike_2': 'at_parking', 'bike_3': 'at_parking', 'bike_4': 'at_parking', 'bike_5': 'at_parking', 'bike_6': 'at_parking', 'bike_7': 'at_parking', 'bike_8': 'at_parking', 'bike_9': 'at_parking', 'bike_10': 'at_parking', 'bike_11': 'at_parking', 'bike_12': 'at_parking', 'bike_13': 'at_parking', 'bike_14': 'at_parking', 'bike_15': 'at_parking', 'bike_16': 'at_parking', 'bike_17': 'at_parking', 'bike_18': 'at_parking', 'bike_19': 'at_parking'}
2026-03-15 02:45:24,051 - DEBUG - Found 0 inactive bikes: []
2026-03-15 02:45:24,070 - DEBUG - Vehicle vehicle_0 has no bike and no available misplaced bikes with valid routes.
2026-03-15 02:45:24,089 - DEBUG - Vehicle vehicle_0 assigned to reposition to parking parking_0 (travel time: 80.00s).
2026-03-15 02:45:24,091 - DEBUG - Attempting to activate bikes at 2825s.
2026-03-15 02:45:24,091 - DEBUG - all_bikes_state at 2825s: {'bike_0': 'at_parking', 'bike_1': 'at_parking', 'bike_2': 'at_parking', 'bike_3': 'at_parking', 'bike_4': 'at_parking', 'bike_5': 'at_parking', 'bike_6': 'at_parking', 'bike_7': 'at_parking', 'bike_8': 'at_parking', 'bike_9': 'at_parking', 'bike_10': 'at_parking', 'bike_11': 'at_parking', 'bike_12': 'at_parking', 'bike_13': 'at_parking', 'bike_14': 'at_parking', 'bike_15': 'at_parking', 'bike_16': 'at_parking', 'bike_17': 'at_parking', 'bike_18': 'at_parking', 'bike_19': 'at_parking'}
2026-03-15 02:45:24,091 - DEBUG - Found 0 inactive bikes: []
2026-03-15 02:45:24,110 - DEBUG - Vehicle vehicle_1 has no bike and no available misplaced bikes with valid routes.
2026-03-15 02:45:24,130 - DEBUG - Vehicle vehicle_1 assigned to reposition to parking parking_0 (travel time: 80.00s).
2026-03-15 02:45:24,130 - DEBUG - Attempting to activate bikes at 2830s.
2026-03-15 02:45:24,132 - DEBUG - all_bikes_state at 2830s: {'bike_0': 'at_parking', 'bike_1': 'at_parking', 'bike_2': 'at_parking', 'bike_3': 'at_parking', 'bike_4': 'at_parking', 'bike_5': 'at_parking', 'bike_6': 'at_parking', 'bike_7': 'at_parking', 'bike_8': 'at_parking', 'bike_9': 'at_parking', 'bike_10': 'at_parking', 'bike_11': 'at_parking', 'bike_12': 'at_parking', 'bike_13': 'at_parking', 'bike_14': 'at_parking', 'bike_15': 'at_parking', 'bike_16': 'at_parking', 'bike_17': 'at_parking', 'bike_18': 'at_parking', 'bike_19': 'at_parking'}
2026-03-15 02:45:24,132 - DEBUG - Found 0 inactive bikes: []
2026-03-15 02:45:24,132 - DEBUG - Attempting to activate bikes at 2835s.
2026-03-15 02:45:24,132 - DEBUG - all_bikes_state at 2835s: {'bike_0': 'at_parking', 'bike_1': 'at_parking', 'bike_2': 'at_parking', 'bike_3': 'at_parking', 'bike_4': 'at_parking', 'bike_5': 'at_parking', 'bike_6': 'at_parking', 'bike_7': 'at_parking', 'bike_8': 'at_parking', 'bike_9': 'at_parking', 'bike_10': 'at_parking', 'bike_11': 'at_parking', 'bike_12': 'at_parking', 'bike_13': 'at_parking', 'bike_14': 'at_parking', 'bike_15': 'at_parking', 'bike_16': 'at_parking', 'bike_17': 'at_parking', 'bike_18': 'at_parking', 'bike_19': 'at_parking'}
2026-03-15 02:45:24,132 - DEBUG - Found 0 inactive bikes: []
2026-03-15 02:45:24,134 - DEBUG - Attempting to activate bikes at 2840s.
2026-03-15 02:45:24,134 - DEBUG - all_bikes_state at 2840s: {'bike_0': 'at_parking', 'bike_1': 'at_parking', 'bike_2': 'at_parking', 'bike_3': 'at_parking', 'bike_4': 'at_parking', 'bike_5': 'at_parking', 'bike_6': 'at_parking', 'bike_7': 'at_parking', 'bike_8': 'at_parking', 'bike_9': 'at_parking', 'bike_10': 'at_parking', 'bike_11': 'at_parking', 'bike_12': 'at_parking', 'bike_13': 'at_parking', 'bike_14': 'at_parking', 'bike_15': 'at_parking', 'bike_16': 'at_parking', 'bike_17': 'at_parking', 'bike_18': 'at_parking', 'bike_19': 'at_parking'}
2026-03-15 02:45:24,134 - DEBUG - Found 0 inactive bikes: []
2026-03-15 02:45:24,134 - DEBUG - Attempting to activate bikes at 2845s.
2026-03-15 02:45:24,134 - DEBUG - all_bikes_state at 2845s: {'bike_0': 'at_parking', 'bike_1': 'at_parking', 'bike_2': 'at_parking', 'bike_3': 'at_parking', 'bike_4': 'at_parking', 'bike_5': 'at_parking', 'bike_6': 'at_parking', 'bike_7': 'at_parking', 'bike_8': 'at_parking', 'bike_9': 'at_parking', 'bike_10': 'at_parking', 'bike_11': 'at_parking', 'bike_12': 'at_parking', 'bike_13': 'at_parking', 'bike_14': 'at_parking', 'bike_15': 'at_parking', 'bike_16': 'at_parking', 'bike_17': 'at_parking', 'bike_18': 'at_parking', 'bike_19': 'at_parking'}
2026-03-15 02:45:24,134 - DEBUG - Found 0 inactive bikes: []
2026-03-15 02:45:24,135 - DEBUG - Attempting to activate bikes at 2850s.
2026-03-15 02:45:24,135 - DEBUG - all_bikes_state at 2850s: {'bike_0': 'at_parking', 'bike_1': 'at_parking', 'bike_2': 'at_parking', 'bike_3': 'at_parking', 'bike_4': 'at_parking', 'bike_5': 'at_parking', 'bike_6': 'at_parking', 'bike_7': 'at_parking', 'bike_8': 'at_parking', 'bike_9': 'at_parking', 'bike_10': 'at_parking', 'bike_11': 'at_parking', 'bike_12': 'at_parking', 'bike_13': 'at_parking', 'bike_14': 'at_parking', 'bike_15': 'at_parking', 'bike_16': 'at_parking', 'bike_17': 'at_parking', 'bike_18': 'at_parking', 'bike_19': 'at_parking'}
2026-03-15 02:45:24,135 - DEBUG - Found 0 inactive bikes: []
2026-03-15 02:45:24,135 - DEBUG - Attempting to activate bikes at 2855s.
2026-03-15 02:45:24,135 - DEBUG - all_bikes_state at 2855s: {'bike_0': 'at_parking', 'bike_1': 'at_parking', 'bike_2': 'at_parking', 'bike_3': 'at_parking', 'bike_4': 'at_parking', 'bike_5': 'at_parking', 'bike_6': 'at_parking', 'bike_7': 'at_parking', 'bike_8': 'at_parking', 'bike_9': 'at_parking', 'bike_10': 'at_parking', 'bike_11': 'at_parking', 'bike_12': 'at_parking', 'bike_13': 'at_parking', 'bike_14': 'at_parking', 'bike_15': 'at_parking', 'bike_16': 'at_parking', 'bike_17': 'at_parking', 'bike_18': 'at_parking', 'bike_19': 'at_parking'}
2026-03-15 02:45:24,137 - DEBUG - Found 0 inactive bikes: []
2026-03-15 02:45:24,137 - DEBUG - Attempting to activate bikes at 2860s.
2026-03-15 02:45:24,137 - DEBUG - all_bikes_state at 2860s: {'bike_0': 'at_parking', 'bike_1': 'at_parking', 'bike_2': 'at_parking', 'bike_3': 'at_parking', 'bike_4': 'at_parking', 'bike_5': 'at_parking', 'bike_6': 'at_parking', 'bike_7': 'at_parking', 'bike_8': 'at_parking', 'bike_9': 'at_parking', 'bike_10': 'at_parking', 'bike_11': 'at_parking', 'bike_12': 'at_parking', 'bike_13': 'at_parking', 'bike_14': 'at_parking', 'bike_15': 'at_parking', 'bike_16': 'at_parking', 'bike_17': 'at_parking', 'bike_18': 'at_parking', 'bike_19': 'at_parking'}
2026-03-15 02:45:24,137 - DEBUG - Found 0 inactive bikes: []
2026-03-15 02:45:24,226 - DEBUG - Vehicle vehicle_2 has no bike and no available misplaced bikes with valid routes.
2026-03-15 02:45:24,245 - DEBUG - Vehicle vehicle_2 assigned to reposition to parking parking_0 (travel time: 80.00s).
2026-03-15 02:45:24,247 - DEBUG - Attempting to activate bikes at 2865s.
2026-03-15 02:45:24,247 - DEBUG - all_bikes_state at 2865s: {'bike_0': 'at_parking', 'bike_1': 'at_parking', 'bike_2': 'at_parking', 'bike_3': 'at_parking', 'bike_4': 'at_parking', 'bike_5': 'at_parking', 'bike_6': 'at_parking', 'bike_7': 'at_parking', 'bike_8': 'at_parking', 'bike_9': 'at_parking', 'bike_10': 'at_parking', 'bike_11': 'at_parking', 'bike_12': 'at_parking', 'bike_13': 'at_parking', 'bike_14': 'at_parking', 'bike_15': 'at_parking', 'bike_16': 'at_parking', 'bike_17': 'at_parking', 'bike_18': 'at_parking', 'bike_19': 'at_parking'}
2026-03-15 02:45:24,247 - DEBUG - Found 0 inactive bikes: []
2026-03-15 02:45:24,247 - DEBUG - Attempting to activate bikes at 2870s.
2026-03-15 02:45:24,247 - DEBUG - all_bikes_state at 2870s: {'bike_0': 'at_parking', 'bike_1': 'at_parking', 'bike_2': 'at_parking', 'bike_3': 'at_parking', 'bike_4': 'at_parking', 'bike_5': 'at_parking', 'bike_6': 'at_parking', 'bike_7': 'at_parking', 'bike_8': 'at_parking', 'bike_9': 'at_parking', 'bike_10': 'at_parking', 'bike_11': 'at_parking', 'bike_12': 'at_parking', 'bike_13': 'at_parking', 'bike_14': 'at_parking', 'bike_15': 'at_parking', 'bike_16': 'at_parking', 'bike_17': 'at_parking', 'bike_18': 'at_parking', 'bike_19': 'at_parking'}
2026-03-15 02:45:24,247 - DEBUG - Found 0 inactive bikes: []
2026-03-15 02:45:24,248 - DEBUG - Attempting to activate bikes at 2875s.
2026-03-15 02:45:24,248 - DEBUG - all_bikes_state at 2875s: {'bike_0': 'at_parking', 'bike_1': 'at_parking', 'bike_2': 'at_parking', 'bike_3': 'at_parking', 'bike_4': 'at_parking', 'bike_5': 'at_parking', 'bike_6': 'at_parking', 'bike_7': 'at_parking', 'bike_8': 'at_parking', 'bike_9': 'at_parking', 'bike_10': 'at_parking', 'bike_11': 'at_parking', 'bike_12': 'at_parking', 'bike_13': 'at_parking', 'bike_14': 'at_parking', 'bike_15': 'at_parking', 'bike_16': 'at_parking', 'bike_17': 'at_parking', 'bike_18': 'at_parking', 'bike_19': 'at_parking'}
2026-03-15 02:45:24,248 - DEBUG - Found 0 inactive bikes: []
2026-03-15 02:45:24,248 - DEBUG - Attempting to activate bikes at 2880s.
2026-03-15 02:45:24,248 - DEBUG - all_bikes_state at 2880s: {'bike_0': 'at_parking', 'bike_1': 'at_parking', 'bike_2': 'at_parking', 'bike_3': 'at_parking', 'bike_4': 'at_parking', 'bike_5': 'at_parking', 'bike_6': 'at_parking', 'bike_7': 'at_parking', 'bike_8': 'at_parking', 'bike_9': 'at_parking', 'bike_10': 'at_parking', 'bike_11': 'at_parking', 'bike_12': 'at_parking', 'bike_13': 'at_parking', 'bike_14': 'at_parking', 'bike_15': 'at_parking', 'bike_16': 'at_parking', 'bike_17': 'at_parking', 'bike_18': 'at_parking', 'bike_19': 'at_parking'}
2026-03-15 02:45:24,248 - DEBUG - Found 0 inactive bikes: []
2026-03-15 02:45:24,250 - DEBUG - Attempting to activate bikes at 2885s.
2026-03-15 02:45:24,250 - DEBUG - all_bikes_state at 2885s: {'bike_0': 'at_parking', 'bike_1': 'at_parking', 'bike_2': 'at_parking', 'bike_3': 'at_parking', 'bike_4': 'at_parking', 'bike_5': 'at_parking', 'bike_6': 'at_parking', 'bike_7': 'at_parking', 'bike_8': 'at_parking', 'bike_9': 'at_parking', 'bike_10': 'at_parking', 'bike_11': 'at_parking', 'bike_12': 'at_parking', 'bike_13': 'at_parking', 'bike_14': 'at_parking', 'bike_15': 'at_parking', 'bike_16': 'at_parking', 'bike_17': 'at_parking', 'bike_18': 'at_parking', 'bike_19': 'at_parking'}
2026-03-15 02:45:24,250 - DEBUG - Found 0 inactive bikes: []
2026-03-15 02:45:24,250 - DEBUG - Attempting to activate bikes at 2890s.
2026-03-15 02:45:24,250 - DEBUG - all_bikes_state at 2890s: {'bike_0': 'at_parking', 'bike_1': 'at_parking', 'bike_2': 'at_parking', 'bike_3': 'at_parking', 'bike_4': 'at_parking', 'bike_5': 'at_parking', 'bike_6': 'at_parking', 'bike_7': 'at_parking', 'bike_8': 'at_parking', 'bike_9': 'at_parking', 'bike_10': 'at_parking', 'bike_11': 'at_parking', 'bike_12': 'at_parking', 'bike_13': 'at_parking', 'bike_14': 'at_parking', 'bike_15': 'at_parking', 'bike_16': 'at_parking', 'bike_17': 'at_parking', 'bike_18': 'at_parking', 'bike_19': 'at_parking'}
2026-03-15 02:45:24,250 - DEBUG - Found 0 inactive bikes: []
2026-03-15 02:45:24,251 - DEBUG - Attempting to activate bikes at 2895s.
2026-03-15 02:45:24,251 - DEBUG - all_bikes_state at 2895s: {'bike_0': 'at_parking', 'bike_1': 'at_parking', 'bike_2': 'at_parking', 'bike_3': 'at_parking', 'bike_4': 'at_parking', 'bike_5': 'at_parking', 'bike_6': 'at_parking', 'bike_7': 'at_parking', 'bike_8': 'at_parking', 'bike_9': 'at_parking', 'bike_10': 'at_parking', 'bike_11': 'at_parking', 'bike_12': 'at_parking', 'bike_13': 'at_parking', 'bike_14': 'at_parking', 'bike_15': 'at_parking', 'bike_16': 'at_parking', 'bike_17': 'at_parking', 'bike_18': 'at_parking', 'bike_19': 'at_parking'}
2026-03-15 02:45:24,251 - DEBUG - Found 0 inactive bikes: []
2026-03-15 02:45:24,251 - DEBUG - Attempting to activate bikes at 2900s.
2026-03-15 02:45:24,251 - DEBUG - all_bikes_state at 2900s: {'bike_0': 'at_parking', 'bike_1': 'at_parking', 'bike_2': 'at_parking', 'bike_3': 'at_parking', 'bike_4': 'at_parking', 'bike_5': 'at_parking', 'bike_6': 'at_parking', 'bike_7': 'at_parking', 'bike_8': 'at_parking', 'bike_9': 'at_parking', 'bike_10': 'at_parking', 'bike_11': 'at_parking', 'bike_12': 'at_parking', 'bike_13': 'at_parking', 'bike_14': 'at_parking', 'bike_15': 'at_parking', 'bike_16': 'at_parking', 'bike_17': 'at_parking', 'bike_18': 'at_parking', 'bike_19': 'at_parking'}
2026-03-15 02:45:24,253 - DEBUG - Found 0 inactive bikes: []
2026-03-15 02:45:24,270 - DEBUG - Vehicle vehicle_0 has no bike and no available misplaced bikes with valid routes.
2026-03-15 02:45:24,283 - DEBUG - Vehicle vehicle_0 assigned to reposition to parking parking_2 (travel time: 74.00s).
2026-03-15 02:45:24,285 - DEBUG - Attempting to activate bikes at 2905s.
2026-03-15 02:45:24,285 - DEBUG - all_bikes_state at 2905s: {'bike_0': 'at_parking', 'bike_1': 'at_parking', 'bike_2': 'at_parking', 'bike_3': 'at_parking', 'bike_4': 'at_parking', 'bike_5': 'at_parking', 'bike_6': 'at_parking', 'bike_7': 'at_parking', 'bike_8': 'at_parking', 'bike_9': 'at_parking', 'bike_10': 'at_parking', 'bike_11': 'at_parking', 'bike_12': 'at_parking', 'bike_13': 'at_parking', 'bike_14': 'at_parking', 'bike_15': 'at_parking', 'bike_16': 'at_parking', 'bike_17': 'at_parking', 'bike_18': 'at_parking', 'bike_19': 'at_parking'}
2026-03-15 02:45:24,285 - DEBUG - Found 0 inactive bikes: []
2026-03-15 02:45:24,304 - DEBUG - Vehicle vehicle_1 has no bike and no available misplaced bikes with valid routes.
2026-03-15 02:45:24,315 - DEBUG - Vehicle vehicle_1 assigned to reposition to parking parking_1 (travel time: 51.00s).
2026-03-15 02:45:24,315 - DEBUG - Attempting to activate bikes at 2910s.
2026-03-15 02:45:24,317 - DEBUG - all_bikes_state at 2910s: {'bike_0': 'at_parking', 'bike_1': 'at_parking', 'bike_2': 'at_parking', 'bike_3': 'at_parking', 'bike_4': 'at_parking', 'bike_5': 'at_parking', 'bike_6': 'at_parking', 'bike_7': 'at_parking', 'bike_8': 'at_parking', 'bike_9': 'at_parking', 'bike_10': 'at_parking', 'bike_11': 'at_parking', 'bike_12': 'at_parking', 'bike_13': 'at_parking', 'bike_14': 'at_parking', 'bike_15': 'at_parking', 'bike_16': 'at_parking', 'bike_17': 'at_parking', 'bike_18': 'at_parking', 'bike_19': 'at_parking'}
2026-03-15 02:45:24,317 - DEBUG - Found 0 inactive bikes: []
2026-03-15 02:45:24,317 - DEBUG - Attempting to activate bikes at 2915s.
2026-03-15 02:45:24,317 - DEBUG - all_bikes_state at 2915s: {'bike_0': 'at_parking', 'bike_1': 'at_parking', 'bike_2': 'at_parking', 'bike_3': 'at_parking', 'bike_4': 'at_parking', 'bike_5': 'at_parking', 'bike_6': 'at_parking', 'bike_7': 'at_parking', 'bike_8': 'at_parking', 'bike_9': 'at_parking', 'bike_10': 'at_parking', 'bike_11': 'at_parking', 'bike_12': 'at_parking', 'bike_13': 'at_parking', 'bike_14': 'at_parking', 'bike_15': 'at_parking', 'bike_16': 'at_parking', 'bike_17': 'at_parking', 'bike_18': 'at_parking', 'bike_19': 'at_parking'}
2026-03-15 02:45:24,317 - DEBUG - Found 0 inactive bikes: []
2026-03-15 02:45:24,319 - DEBUG - Attempting to activate bikes at 2920s.
2026-03-15 02:45:24,319 - DEBUG - all_bikes_state at 2920s: {'bike_0': 'at_parking', 'bike_1': 'at_parking', 'bike_2': 'at_parking', 'bike_3': 'at_parking', 'bike_4': 'at_parking', 'bike_5': 'at_parking', 'bike_6': 'at_parking', 'bike_7': 'at_parking', 'bike_8': 'at_parking', 'bike_9': 'at_parking', 'bike_10': 'at_parking', 'bike_11': 'at_parking', 'bike_12': 'at_parking', 'bike_13': 'at_parking', 'bike_14': 'at_parking', 'bike_15': 'at_parking', 'bike_16': 'at_parking', 'bike_17': 'at_parking', 'bike_18': 'at_parking', 'bike_19': 'at_parking'}
2026-03-15 02:45:24,319 - DEBUG - Found 0 inactive bikes: []
2026-03-15 02:45:24,319 - DEBUG - Attempting to activate bikes at 2925s.
2026-03-15 02:45:24,319 - DEBUG - all_bikes_state at 2925s: {'bike_0': 'at_parking', 'bike_1': 'at_parking', 'bike_2': 'at_parking', 'bike_3': 'at_parking', 'bike_4': 'at_parking', 'bike_5': 'at_parking', 'bike_6': 'at_parking', 'bike_7': 'at_parking', 'bike_8': 'at_parking', 'bike_9': 'at_parking', 'bike_10': 'at_parking', 'bike_11': 'at_parking', 'bike_12': 'at_parking', 'bike_13': 'at_parking', 'bike_14': 'at_parking', 'bike_15': 'at_parking', 'bike_16': 'at_parking', 'bike_17': 'at_parking', 'bike_18': 'at_parking', 'bike_19': 'at_parking'}
2026-03-15 02:45:24,320 - DEBUG - Found 0 inactive bikes: []
2026-03-15 02:45:24,320 - DEBUG - Attempting to activate bikes at 2930s.
2026-03-15 02:45:24,320 - DEBUG - all_bikes_state at 2930s: {'bike_0': 'at_parking', 'bike_1': 'at_parking', 'bike_2': 'at_parking', 'bike_3': 'at_parking', 'bike_4': 'at_parking', 'bike_5': 'at_parking', 'bike_6': 'at_parking', 'bike_7': 'at_parking', 'bike_8': 'at_parking', 'bike_9': 'at_parking', 'bike_10': 'at_parking', 'bike_11': 'at_parking', 'bike_12': 'at_parking', 'bike_13': 'at_parking', 'bike_14': 'at_parking', 'bike_15': 'at_parking', 'bike_16': 'at_parking', 'bike_17': 'at_parking', 'bike_18': 'at_parking', 'bike_19': 'at_parking'}
2026-03-15 02:45:24,320 - DEBUG - Found 0 inactive bikes: []
2026-03-15 02:45:24,320 - DEBUG - Attempting to activate bikes at 2935s.
2026-03-15 02:45:24,320 - DEBUG - all_bikes_state at 2935s: {'bike_0': 'at_parking', 'bike_1': 'at_parking', 'bike_2': 'at_parking', 'bike_3': 'at_parking', 'bike_4': 'at_parking', 'bike_5': 'at_parking', 'bike_6': 'at_parking', 'bike_7': 'at_parking', 'bike_8': 'at_parking', 'bike_9': 'at_parking', 'bike_10': 'at_parking', 'bike_11': 'at_parking', 'bike_12': 'at_parking', 'bike_13': 'at_parking', 'bike_14': 'at_parking', 'bike_15': 'at_parking', 'bike_16': 'at_parking', 'bike_17': 'at_parking', 'bike_18': 'at_parking', 'bike_19': 'at_parking'}
2026-03-15 02:45:24,322 - DEBUG - Found 0 inactive bikes: []
2026-03-15 02:45:24,322 - DEBUG - Attempting to activate bikes at 2940s.
2026-03-15 02:45:24,322 - DEBUG - all_bikes_state at 2940s: {'bike_0': 'at_parking', 'bike_1': 'at_parking', 'bike_2': 'at_parking', 'bike_3': 'at_parking', 'bike_4': 'at_parking', 'bike_5': 'at_parking', 'bike_6': 'at_parking', 'bike_7': 'at_parking', 'bike_8': 'at_parking', 'bike_9': 'at_parking', 'bike_10': 'at_parking', 'bike_11': 'at_parking', 'bike_12': 'at_parking', 'bike_13': 'at_parking', 'bike_14': 'at_parking', 'bike_15': 'at_parking', 'bike_16': 'at_parking', 'bike_17': 'at_parking', 'bike_18': 'at_parking', 'bike_19': 'at_parking'}
2026-03-15 02:45:24,322 - DEBUG - Found 0 inactive bikes: []
2026-03-15 02:45:24,341 - DEBUG - Vehicle vehicle_2 has no bike and no available misplaced bikes with valid routes.
2026-03-15 02:45:24,360 - DEBUG - Vehicle vehicle_2 assigned to reposition to parking parking_0 (travel time: 80.00s).
2026-03-15 02:45:24,360 - DEBUG - Attempting to activate bikes at 2945s.
2026-03-15 02:45:24,360 - DEBUG - all_bikes_state at 2945s: {'bike_0': 'at_parking', 'bike_1': 'at_parking', 'bike_2': 'at_parking', 'bike_3': 'at_parking', 'bike_4': 'at_parking', 'bike_5': 'at_parking', 'bike_6': 'at_parking', 'bike_7': 'at_parking', 'bike_8': 'at_parking', 'bike_9': 'at_parking', 'bike_10': 'at_parking', 'bike_11': 'at_parking', 'bike_12': 'at_parking', 'bike_13': 'at_parking', 'bike_14': 'at_parking', 'bike_15': 'at_parking', 'bike_16': 'at_parking', 'bike_17': 'at_parking', 'bike_18': 'at_parking', 'bike_19': 'at_parking'}
2026-03-15 02:45:24,360 - DEBUG - Found 0 inactive bikes: []
2026-03-15 02:45:24,361 - DEBUG - Attempting to activate bikes at 2950s.
2026-03-15 02:45:24,361 - DEBUG - all_bikes_state at 2950s: {'bike_0': 'at_parking', 'bike_1': 'at_parking', 'bike_2': 'at_parking', 'bike_3': 'at_parking', 'bike_4': 'at_parking', 'bike_5': 'at_parking', 'bike_6': 'at_parking', 'bike_7': 'at_parking', 'bike_8': 'at_parking', 'bike_9': 'at_parking', 'bike_10': 'at_parking', 'bike_11': 'at_parking', 'bike_12': 'at_parking', 'bike_13': 'at_parking', 'bike_14': 'at_parking', 'bike_15': 'at_parking', 'bike_16': 'at_parking', 'bike_17': 'at_parking', 'bike_18': 'at_parking', 'bike_19': 'at_parking'}
2026-03-15 02:45:24,361 - DEBUG - Found 0 inactive bikes: []
2026-03-15 02:45:24,363 - DEBUG - Attempting to activate bikes at 2955s.
2026-03-15 02:45:24,363 - DEBUG - all_bikes_state at 2955s: {'bike_0': 'at_parking', 'bike_1': 'at_parking', 'bike_2': 'at_parking', 'bike_3': 'at_parking', 'bike_4': 'at_parking', 'bike_5': 'at_parking', 'bike_6': 'at_parking', 'bike_7': 'at_parking', 'bike_8': 'at_parking', 'bike_9': 'at_parking', 'bike_10': 'at_parking', 'bike_11': 'at_parking', 'bike_12': 'at_parking', 'bike_13': 'at_parking', 'bike_14': 'at_parking', 'bike_15': 'at_parking', 'bike_16': 'at_parking', 'bike_17': 'at_parking', 'bike_18': 'at_parking', 'bike_19': 'at_parking'}
2026-03-15 02:45:24,363 - DEBUG - Found 0 inactive bikes: []
2026-03-15 02:45:24,363 - DEBUG - Attempting to activate bikes at 2960s.
2026-03-15 02:45:24,363 - DEBUG - all_bikes_state at 2960s: {'bike_0': 'at_parking', 'bike_1': 'at_parking', 'bike_2': 'at_parking', 'bike_3': 'at_parking', 'bike_4': 'at_parking', 'bike_5': 'at_parking', 'bike_6': 'at_parking', 'bike_7': 'at_parking', 'bike_8': 'at_parking', 'bike_9': 'at_parking', 'bike_10': 'at_parking', 'bike_11': 'at_parking', 'bike_12': 'at_parking', 'bike_13': 'at_parking', 'bike_14': 'at_parking', 'bike_15': 'at_parking', 'bike_16': 'at_parking', 'bike_17': 'at_parking', 'bike_18': 'at_parking', 'bike_19': 'at_parking'}
2026-03-15 02:45:24,364 - DEBUG - Found 0 inactive bikes: []
2026-03-15 02:45:24,383 - DEBUG - Vehicle vehicle_1 has no bike and no available misplaced bikes with valid routes.
2026-03-15 02:45:24,393 - DEBUG - Vehicle vehicle_1 assigned to reposition to parking parking_1 (travel time: 51.00s).
2026-03-15 02:45:24,393 - DEBUG - Attempting to activate bikes at 2965s.
2026-03-15 02:45:24,395 - DEBUG - all_bikes_state at 2965s: {'bike_0': 'at_parking', 'bike_1': 'at_parking', 'bike_2': 'at_parking', 'bike_3': 'at_parking', 'bike_4': 'at_parking', 'bike_5': 'at_parking', 'bike_6': 'at_parking', 'bike_7': 'at_parking', 'bike_8': 'at_parking', 'bike_9': 'at_parking', 'bike_10': 'at_parking', 'bike_11': 'at_parking', 'bike_12': 'at_parking', 'bike_13': 'at_parking', 'bike_14': 'at_parking', 'bike_15': 'at_parking', 'bike_16': 'at_parking', 'bike_17': 'at_parking', 'bike_18': 'at_parking', 'bike_19': 'at_parking'}
2026-03-15 02:45:24,395 - DEBUG - Found 0 inactive bikes: []
2026-03-15 02:45:24,395 - DEBUG - Attempting to activate bikes at 2970s.
2026-03-15 02:45:24,395 - DEBUG - all_bikes_state at 2970s: {'bike_0': 'at_parking', 'bike_1': 'at_parking', 'bike_2': 'at_parking', 'bike_3': 'at_parking', 'bike_4': 'at_parking', 'bike_5': 'at_parking', 'bike_6': 'at_parking', 'bike_7': 'at_parking', 'bike_8': 'at_parking', 'bike_9': 'at_parking', 'bike_10': 'at_parking', 'bike_11': 'at_parking', 'bike_12': 'at_parking', 'bike_13': 'at_parking', 'bike_14': 'at_parking', 'bike_15': 'at_parking', 'bike_16': 'at_parking', 'bike_17': 'at_parking', 'bike_18': 'at_parking', 'bike_19': 'at_parking'}
2026-03-15 02:45:24,396 - DEBUG - Found 0 inactive bikes: []
2026-03-15 02:45:24,396 - DEBUG - Attempting to activate bikes at 2975s.
2026-03-15 02:45:24,396 - DEBUG - all_bikes_state at 2975s: {'bike_0': 'at_parking', 'bike_1': 'at_parking', 'bike_2': 'at_parking', 'bike_3': 'at_parking', 'bike_4': 'at_parking', 'bike_5': 'at_parking', 'bike_6': 'at_parking', 'bike_7': 'at_parking', 'bike_8': 'at_parking', 'bike_9': 'at_parking', 'bike_10': 'at_parking', 'bike_11': 'at_parking', 'bike_12': 'at_parking', 'bike_13': 'at_parking', 'bike_14': 'at_parking', 'bike_15': 'at_parking', 'bike_16': 'at_parking', 'bike_17': 'at_parking', 'bike_18': 'at_parking', 'bike_19': 'at_parking'}
2026-03-15 02:45:24,396 - DEBUG - Found 0 inactive bikes: []
2026-03-15 02:45:24,415 - DEBUG - Vehicle vehicle_0 has no bike and no available misplaced bikes with valid routes.
2026-03-15 02:45:24,426 - DEBUG - Vehicle vehicle_0 assigned to reposition to parking parking_1 (travel time: 51.00s).
2026-03-15 02:45:24,427 - DEBUG - Attempting to activate bikes at 2980s.
2026-03-15 02:45:24,427 - DEBUG - all_bikes_state at 2980s: {'bike_0': 'at_parking', 'bike_1': 'at_parking', 'bike_2': 'at_parking', 'bike_3': 'at_parking', 'bike_4': 'at_parking', 'bike_5': 'at_parking', 'bike_6': 'at_parking', 'bike_7': 'at_parking', 'bike_8': 'at_parking', 'bike_9': 'at_parking', 'bike_10': 'at_parking', 'bike_11': 'at_parking', 'bike_12': 'at_parking', 'bike_13': 'at_parking', 'bike_14': 'at_parking', 'bike_15': 'at_parking', 'bike_16': 'at_parking', 'bike_17': 'at_parking', 'bike_18': 'at_parking', 'bike_19': 'at_parking'}
2026-03-15 02:45:24,427 - DEBUG - Found 0 inactive bikes: []
2026-03-15 02:45:24,427 - DEBUG - Attempting to activate bikes at 2985s.
2026-03-15 02:45:24,427 - DEBUG - all_bikes_state at 2985s: {'bike_0': 'at_parking', 'bike_1': 'at_parking', 'bike_2': 'at_parking', 'bike_3': 'at_parking', 'bike_4': 'at_parking', 'bike_5': 'at_parking', 'bike_6': 'at_parking', 'bike_7': 'at_parking', 'bike_8': 'at_parking', 'bike_9': 'at_parking', 'bike_10': 'at_parking', 'bike_11': 'at_parking', 'bike_12': 'at_parking', 'bike_13': 'at_parking', 'bike_14': 'at_parking', 'bike_15': 'at_parking', 'bike_16': 'at_parking', 'bike_17': 'at_parking', 'bike_18': 'at_parking', 'bike_19': 'at_parking'}
2026-03-15 02:45:24,428 - DEBUG - Found 0 inactive bikes: []
2026-03-15 02:45:24,428 - DEBUG - Attempting to activate bikes at 2990s.
2026-03-15 02:45:24,428 - DEBUG - all_bikes_state at 2990s: {'bike_0': 'at_parking', 'bike_1': 'at_parking', 'bike_2': 'at_parking', 'bike_3': 'at_parking', 'bike_4': 'at_parking', 'bike_5': 'at_parking', 'bike_6': 'at_parking', 'bike_7': 'at_parking', 'bike_8': 'at_parking', 'bike_9': 'at_parking', 'bike_10': 'at_parking', 'bike_11': 'at_parking', 'bike_12': 'at_parking', 'bike_13': 'at_parking', 'bike_14': 'at_parking', 'bike_15': 'at_parking', 'bike_16': 'at_parking', 'bike_17': 'at_parking', 'bike_18': 'at_parking', 'bike_19': 'at_parking'}
2026-03-15 02:45:24,428 - DEBUG - Found 0 inactive bikes: []
2026-03-15 02:45:24,428 - DEBUG - Attempting to activate bikes at 2995s.
2026-03-15 02:45:24,428 - DEBUG - all_bikes_state at 2995s: {'bike_0': 'at_parking', 'bike_1': 'at_parking', 'bike_2': 'at_parking', 'bike_3': 'at_parking', 'bike_4': 'at_parking', 'bike_5': 'at_parking', 'bike_6': 'at_parking', 'bike_7': 'at_parking', 'bike_8': 'at_parking', 'bike_9': 'at_parking', 'bike_10': 'at_parking', 'bike_11': 'at_parking', 'bike_12': 'at_parking', 'bike_13': 'at_parking', 'bike_14': 'at_parking', 'bike_15': 'at_parking', 'bike_16': 'at_parking', 'bike_17': 'at_parking', 'bike_18': 'at_parking', 'bike_19': 'at_parking'}
2026-03-15 02:45:24,430 - DEBUG - Found 0 inactive bikes: []
2026-03-15 02:45:24,431 - DEBUG - Attempting to activate bikes at 3000s.
2026-03-15 02:45:24,431 - DEBUG - all_bikes_state at 3000s: {'bike_0': 'at_parking', 'bike_1': 'at_parking', 'bike_2': 'at_parking', 'bike_3': 'at_parking', 'bike_4': 'at_parking', 'bike_5': 'at_parking', 'bike_6': 'at_parking', 'bike_7': 'at_parking', 'bike_8': 'at_parking', 'bike_9': 'at_parking', 'bike_10': 'at_parking', 'bike_11': 'at_parking', 'bike_12': 'at_parking', 'bike_13': 'at_parking', 'bike_14': 'at_parking', 'bike_15': 'at_parking', 'bike_16': 'at_parking', 'bike_17': 'at_parking', 'bike_18': 'at_parking', 'bike_19': 'at_parking'}
2026-03-15 02:45:24,431 - DEBUG - Found 0 inactive bikes: []
2026-03-15 02:45:24,431 - DEBUG - Attempting to activate bikes at 3005s.
2026-03-15 02:45:24,431 - DEBUG - all_bikes_state at 3005s: {'bike_0': 'at_parking', 'bike_1': 'at_parking', 'bike_2': 'at_parking', 'bike_3': 'at_parking', 'bike_4': 'at_parking', 'bike_5': 'at_parking', 'bike_6': 'at_parking', 'bike_7': 'at_parking', 'bike_8': 'at_parking', 'bike_9': 'at_parking', 'bike_10': 'at_parking', 'bike_11': 'at_parking', 'bike_12': 'at_parking', 'bike_13': 'at_parking', 'bike_14': 'at_parking', 'bike_15': 'at_parking', 'bike_16': 'at_parking', 'bike_17': 'at_parking', 'bike_18': 'at_parking', 'bike_19': 'at_parking'}
2026-03-15 02:45:24,431 - DEBUG - Found 0 inactive bikes: []
2026-03-15 02:45:24,431 - DEBUG - Attempting to activate bikes at 3010s.
2026-03-15 02:45:24,431 - DEBUG - all_bikes_state at 3010s: {'bike_0': 'at_parking', 'bike_1': 'at_parking', 'bike_2': 'at_parking', 'bike_3': 'at_parking', 'bike_4': 'at_parking', 'bike_5': 'at_parking', 'bike_6': 'at_parking', 'bike_7': 'at_parking', 'bike_8': 'at_parking', 'bike_9': 'at_parking', 'bike_10': 'at_parking', 'bike_11': 'at_parking', 'bike_12': 'at_parking', 'bike_13': 'at_parking', 'bike_14': 'at_parking', 'bike_15': 'at_parking', 'bike_16': 'at_parking', 'bike_17': 'at_parking', 'bike_18': 'at_parking', 'bike_19': 'at_parking'}
2026-03-15 02:45:24,431 - DEBUG - Found 0 inactive bikes: []
2026-03-15 02:45:24,433 - DEBUG - Attempting to activate bikes at 3015s.
2026-03-15 02:45:24,433 - DEBUG - all_bikes_state at 3015s: {'bike_0': 'at_parking', 'bike_1': 'at_parking', 'bike_2': 'at_parking', 'bike_3': 'at_parking', 'bike_4': 'at_parking', 'bike_5': 'at_parking', 'bike_6': 'at_parking', 'bike_7': 'at_parking', 'bike_8': 'at_parking', 'bike_9': 'at_parking', 'bike_10': 'at_parking', 'bike_11': 'at_parking', 'bike_12': 'at_parking', 'bike_13': 'at_parking', 'bike_14': 'at_parking', 'bike_15': 'at_parking', 'bike_16': 'at_parking', 'bike_17': 'at_parking', 'bike_18': 'at_parking', 'bike_19': 'at_parking'}
2026-03-15 02:45:24,433 - DEBUG - Found 0 inactive bikes: []
2026-03-15 02:45:24,452 - DEBUG - Vehicle vehicle_1 has no bike and no available misplaced bikes with valid routes.
2026-03-15 02:45:24,465 - DEBUG - Vehicle vehicle_1 assigned to reposition to parking parking_2 (travel time: 74.00s).
2026-03-15 02:45:24,465 - DEBUG - Attempting to activate bikes at 3020s.
2026-03-15 02:45:24,466 - DEBUG - all_bikes_state at 3020s: {'bike_0': 'at_parking', 'bike_1': 'at_parking', 'bike_2': 'at_parking', 'bike_3': 'at_parking', 'bike_4': 'at_parking', 'bike_5': 'at_parking', 'bike_6': 'at_parking', 'bike_7': 'at_parking', 'bike_8': 'at_parking', 'bike_9': 'at_parking', 'bike_10': 'at_parking', 'bike_11': 'at_parking', 'bike_12': 'at_parking', 'bike_13': 'at_parking', 'bike_14': 'at_parking', 'bike_15': 'at_parking', 'bike_16': 'at_parking', 'bike_17': 'at_parking', 'bike_18': 'at_parking', 'bike_19': 'at_parking'}
2026-03-15 02:45:24,466 - DEBUG - Found 0 inactive bikes: []
2026-03-15 02:45:24,558 - DEBUG - Vehicle vehicle_2 has no bike and no available misplaced bikes with valid routes.
2026-03-15 02:45:24,572 - DEBUG - Vehicle vehicle_2 assigned to reposition to parking parking_2 (travel time: 74.00s).
2026-03-15 02:45:24,572 - DEBUG - Attempting to activate bikes at 3025s.
2026-03-15 02:45:24,572 - DEBUG - all_bikes_state at 3025s: {'bike_0': 'at_parking', 'bike_1': 'at_parking', 'bike_2': 'at_parking', 'bike_3': 'at_parking', 'bike_4': 'at_parking', 'bike_5': 'at_parking', 'bike_6': 'at_parking', 'bike_7': 'at_parking', 'bike_8': 'at_parking', 'bike_9': 'at_parking', 'bike_10': 'at_parking', 'bike_11': 'at_parking', 'bike_12': 'at_parking', 'bike_13': 'at_parking', 'bike_14': 'at_parking', 'bike_15': 'at_parking', 'bike_16': 'at_parking', 'bike_17': 'at_parking', 'bike_18': 'at_parking', 'bike_19': 'at_parking'}
2026-03-15 02:45:24,573 - DEBUG - Found 0 inactive bikes: []
2026-03-15 02:45:24,573 - DEBUG - Attempting to activate bikes at 3030s.
2026-03-15 02:45:24,573 - DEBUG - all_bikes_state at 3030s: {'bike_0': 'at_parking', 'bike_1': 'at_parking', 'bike_2': 'at_parking', 'bike_3': 'at_parking', 'bike_4': 'at_parking', 'bike_5': 'at_parking', 'bike_6': 'at_parking', 'bike_7': 'at_parking', 'bike_8': 'at_parking', 'bike_9': 'at_parking', 'bike_10': 'at_parking', 'bike_11': 'at_parking', 'bike_12': 'at_parking', 'bike_13': 'at_parking', 'bike_14': 'at_parking', 'bike_15': 'at_parking', 'bike_16': 'at_parking', 'bike_17': 'at_parking', 'bike_18': 'at_parking', 'bike_19': 'at_parking'}
2026-03-15 02:45:24,573 - DEBUG - Found 0 inactive bikes: []
2026-03-15 02:45:24,590 - DEBUG - Vehicle vehicle_0 has no bike and no available misplaced bikes with valid routes.
2026-03-15 02:45:24,609 - DEBUG - Vehicle vehicle_0 assigned to reposition to parking parking_0 (travel time: 80.00s).
2026-03-15 02:45:24,611 - DEBUG - Attempting to activate bikes at 3035s.
2026-03-15 02:45:24,611 - DEBUG - all_bikes_state at 3035s: {'bike_0': 'at_parking', 'bike_1': 'at_parking', 'bike_2': 'at_parking', 'bike_3': 'at_parking', 'bike_4': 'at_parking', 'bike_5': 'at_parking', 'bike_6': 'at_parking', 'bike_7': 'at_parking', 'bike_8': 'at_parking', 'bike_9': 'at_parking', 'bike_10': 'at_parking', 'bike_11': 'at_parking', 'bike_12': 'at_parking', 'bike_13': 'at_parking', 'bike_14': 'at_parking', 'bike_15': 'at_parking', 'bike_16': 'at_parking', 'bike_17': 'at_parking', 'bike_18': 'at_parking', 'bike_19': 'at_parking'}
2026-03-15 02:45:24,611 - DEBUG - Found 0 inactive bikes: []
2026-03-15 02:45:24,611 - DEBUG - Attempting to activate bikes at 3040s.
2026-03-15 02:45:24,613 - DEBUG - all_bikes_state at 3040s: {'bike_0': 'at_parking', 'bike_1': 'at_parking', 'bike_2': 'at_parking', 'bike_3': 'at_parking', 'bike_4': 'at_parking', 'bike_5': 'at_parking', 'bike_6': 'at_parking', 'bike_7': 'at_parking', 'bike_8': 'at_parking', 'bike_9': 'at_parking', 'bike_10': 'at_parking', 'bike_11': 'at_parking', 'bike_12': 'at_parking', 'bike_13': 'at_parking', 'bike_14': 'at_parking', 'bike_15': 'at_parking', 'bike_16': 'at_parking', 'bike_17': 'at_parking', 'bike_18': 'at_parking', 'bike_19': 'at_parking'}
2026-03-15 02:45:24,613 - DEBUG - Found 0 inactive bikes: []
2026-03-15 02:45:24,613 - DEBUG - Attempting to activate bikes at 3045s.
2026-03-15 02:45:24,613 - DEBUG - all_bikes_state at 3045s: {'bike_0': 'at_parking', 'bike_1': 'at_parking', 'bike_2': 'at_parking', 'bike_3': 'at_parking', 'bike_4': 'at_parking', 'bike_5': 'at_parking', 'bike_6': 'at_parking', 'bike_7': 'at_parking', 'bike_8': 'at_parking', 'bike_9': 'at_parking', 'bike_10': 'at_parking', 'bike_11': 'at_parking', 'bike_12': 'at_parking', 'bike_13': 'at_parking', 'bike_14': 'at_parking', 'bike_15': 'at_parking', 'bike_16': 'at_parking', 'bike_17': 'at_parking', 'bike_18': 'at_parking', 'bike_19': 'at_parking'}
2026-03-15 02:45:24,613 - DEBUG - Found 0 inactive bikes: []
2026-03-15 02:45:24,613 - DEBUG - Attempting to activate bikes at 3050s.
2026-03-15 02:45:24,614 - DEBUG - all_bikes_state at 3050s: {'bike_0': 'at_parking', 'bike_1': 'at_parking', 'bike_2': 'at_parking', 'bike_3': 'at_parking', 'bike_4': 'at_parking', 'bike_5': 'at_parking', 'bike_6': 'at_parking', 'bike_7': 'at_parking', 'bike_8': 'at_parking', 'bike_9': 'at_parking', 'bike_10': 'at_parking', 'bike_11': 'at_parking', 'bike_12': 'at_parking', 'bike_13': 'at_parking', 'bike_14': 'at_parking', 'bike_15': 'at_parking', 'bike_16': 'at_parking', 'bike_17': 'at_parking', 'bike_18': 'at_parking', 'bike_19': 'at_parking'}
2026-03-15 02:45:24,614 - DEBUG - Found 0 inactive bikes: []
2026-03-15 02:45:24,614 - DEBUG - Attempting to activate bikes at 3055s.
2026-03-15 02:45:24,614 - DEBUG - all_bikes_state at 3055s: {'bike_0': 'at_parking', 'bike_1': 'at_parking', 'bike_2': 'at_parking', 'bike_3': 'at_parking', 'bike_4': 'at_parking', 'bike_5': 'at_parking', 'bike_6': 'at_parking', 'bike_7': 'at_parking', 'bike_8': 'at_parking', 'bike_9': 'at_parking', 'bike_10': 'at_parking', 'bike_11': 'at_parking', 'bike_12': 'at_parking', 'bike_13': 'at_parking', 'bike_14': 'at_parking', 'bike_15': 'at_parking', 'bike_16': 'at_parking', 'bike_17': 'at_parking', 'bike_18': 'at_parking', 'bike_19': 'at_parking'}
2026-03-15 02:45:24,614 - DEBUG - Found 0 inactive bikes: []
2026-03-15 02:45:24,614 - DEBUG - Attempting to activate bikes at 3060s.
2026-03-15 02:45:24,614 - DEBUG - all_bikes_state at 3060s: {'bike_0': 'at_parking', 'bike_1': 'at_parking', 'bike_2': 'at_parking', 'bike_3': 'at_parking', 'bike_4': 'at_parking', 'bike_5': 'at_parking', 'bike_6': 'at_parking', 'bike_7': 'at_parking', 'bike_8': 'at_parking', 'bike_9': 'at_parking', 'bike_10': 'at_parking', 'bike_11': 'at_parking', 'bike_12': 'at_parking', 'bike_13': 'at_parking', 'bike_14': 'at_parking', 'bike_15': 'at_parking', 'bike_16': 'at_parking', 'bike_17': 'at_parking', 'bike_18': 'at_parking', 'bike_19': 'at_parking'}
2026-03-15 02:45:24,616 - DEBUG - Found 0 inactive bikes: []
2026-03-15 02:45:24,616 - DEBUG - Attempting to activate bikes at 3065s.
2026-03-15 02:45:24,616 - DEBUG - all_bikes_state at 3065s: {'bike_0': 'at_parking', 'bike_1': 'at_parking', 'bike_2': 'at_parking', 'bike_3': 'at_parking', 'bike_4': 'at_parking', 'bike_5': 'at_parking', 'bike_6': 'at_parking', 'bike_7': 'at_parking', 'bike_8': 'at_parking', 'bike_9': 'at_parking', 'bike_10': 'at_parking', 'bike_11': 'at_parking', 'bike_12': 'at_parking', 'bike_13': 'at_parking', 'bike_14': 'at_parking', 'bike_15': 'at_parking', 'bike_16': 'at_parking', 'bike_17': 'at_parking', 'bike_18': 'at_parking', 'bike_19': 'at_parking'}
2026-03-15 02:45:24,616 - DEBUG - Found 0 inactive bikes: []
2026-03-15 02:45:24,616 - DEBUG - Attempting to activate bikes at 3070s.
2026-03-15 02:45:24,616 - DEBUG - all_bikes_state at 3070s: {'bike_0': 'at_parking', 'bike_1': 'at_parking', 'bike_2': 'at_parking', 'bike_3': 'at_parking', 'bike_4': 'at_parking', 'bike_5': 'at_parking', 'bike_6': 'at_parking', 'bike_7': 'at_parking', 'bike_8': 'at_parking', 'bike_9': 'at_parking', 'bike_10': 'at_parking', 'bike_11': 'at_parking', 'bike_12': 'at_parking', 'bike_13': 'at_parking', 'bike_14': 'at_parking', 'bike_15': 'at_parking', 'bike_16': 'at_parking', 'bike_17': 'at_parking', 'bike_18': 'at_parking', 'bike_19': 'at_parking'}
2026-03-15 02:45:24,616 - DEBUG - Found 0 inactive bikes: []
2026-03-15 02:45:24,617 - DEBUG - Attempting to activate bikes at 3075s.
2026-03-15 02:45:24,617 - DEBUG - all_bikes_state at 3075s: {'bike_0': 'at_parking', 'bike_1': 'at_parking', 'bike_2': 'at_parking', 'bike_3': 'at_parking', 'bike_4': 'at_parking', 'bike_5': 'at_parking', 'bike_6': 'at_parking', 'bike_7': 'at_parking', 'bike_8': 'at_parking', 'bike_9': 'at_parking', 'bike_10': 'at_parking', 'bike_11': 'at_parking', 'bike_12': 'at_parking', 'bike_13': 'at_parking', 'bike_14': 'at_parking', 'bike_15': 'at_parking', 'bike_16': 'at_parking', 'bike_17': 'at_parking', 'bike_18': 'at_parking', 'bike_19': 'at_parking'}
2026-03-15 02:45:24,617 - DEBUG - Found 0 inactive bikes: []
2026-03-15 02:45:24,619 - DEBUG - Attempting to activate bikes at 3080s.
2026-03-15 02:45:24,619 - DEBUG - all_bikes_state at 3080s: {'bike_0': 'at_parking', 'bike_1': 'at_parking', 'bike_2': 'at_parking', 'bike_3': 'at_parking', 'bike_4': 'at_parking', 'bike_5': 'at_parking', 'bike_6': 'at_parking', 'bike_7': 'at_parking', 'bike_8': 'at_parking', 'bike_9': 'at_parking', 'bike_10': 'at_parking', 'bike_11': 'at_parking', 'bike_12': 'at_parking', 'bike_13': 'at_parking', 'bike_14': 'at_parking', 'bike_15': 'at_parking', 'bike_16': 'at_parking', 'bike_17': 'at_parking', 'bike_18': 'at_parking', 'bike_19': 'at_parking'}
2026-03-15 02:45:24,619 - DEBUG - Found 0 inactive bikes: []
2026-03-15 02:45:24,619 - DEBUG - Attempting to activate bikes at 3085s.
2026-03-15 02:45:24,619 - DEBUG - all_bikes_state at 3085s: {'bike_0': 'at_parking', 'bike_1': 'at_parking', 'bike_2': 'at_parking', 'bike_3': 'at_parking', 'bike_4': 'at_parking', 'bike_5': 'at_parking', 'bike_6': 'at_parking', 'bike_7': 'at_parking', 'bike_8': 'at_parking', 'bike_9': 'at_parking', 'bike_10': 'at_parking', 'bike_11': 'at_parking', 'bike_12': 'at_parking', 'bike_13': 'at_parking', 'bike_14': 'at_parking', 'bike_15': 'at_parking', 'bike_16': 'at_parking', 'bike_17': 'at_parking', 'bike_18': 'at_parking', 'bike_19': 'at_parking'}
2026-03-15 02:45:24,619 - DEBUG - Found 0 inactive bikes: []
2026-03-15 02:45:24,621 - DEBUG - Attempting to activate bikes at 3090s.
2026-03-15 02:45:24,621 - DEBUG - all_bikes_state at 3090s: {'bike_0': 'at_parking', 'bike_1': 'at_parking', 'bike_2': 'at_parking', 'bike_3': 'at_parking', 'bike_4': 'at_parking', 'bike_5': 'at_parking', 'bike_6': 'at_parking', 'bike_7': 'at_parking', 'bike_8': 'at_parking', 'bike_9': 'at_parking', 'bike_10': 'at_parking', 'bike_11': 'at_parking', 'bike_12': 'at_parking', 'bike_13': 'at_parking', 'bike_14': 'at_parking', 'bike_15': 'at_parking', 'bike_16': 'at_parking', 'bike_17': 'at_parking', 'bike_18': 'at_parking', 'bike_19': 'at_parking'}
2026-03-15 02:45:24,621 - DEBUG - Found 0 inactive bikes: []
2026-03-15 02:45:24,642 - DEBUG - Vehicle vehicle_1 has no bike and no available misplaced bikes with valid routes.
2026-03-15 02:45:24,667 - DEBUG - Vehicle vehicle_1 assigned to reposition to parking parking_0 (travel time: 80.00s).
2026-03-15 02:45:24,668 - DEBUG - Attempting to activate bikes at 3095s.
2026-03-15 02:45:24,668 - DEBUG - all_bikes_state at 3095s: {'bike_0': 'at_parking', 'bike_1': 'at_parking', 'bike_2': 'at_parking', 'bike_3': 'at_parking', 'bike_4': 'at_parking', 'bike_5': 'at_parking', 'bike_6': 'at_parking', 'bike_7': 'at_parking', 'bike_8': 'at_parking', 'bike_9': 'at_parking', 'bike_10': 'at_parking', 'bike_11': 'at_parking', 'bike_12': 'at_parking', 'bike_13': 'at_parking', 'bike_14': 'at_parking', 'bike_15': 'at_parking', 'bike_16': 'at_parking', 'bike_17': 'at_parking', 'bike_18': 'at_parking', 'bike_19': 'at_parking'}
2026-03-15 02:45:24,668 - DEBUG - Found 0 inactive bikes: []
2026-03-15 02:45:24,699 - DEBUG - Vehicle vehicle_2 has no bike and no available misplaced bikes with valid routes.
2026-03-15 02:45:24,721 - DEBUG - Vehicle vehicle_2 assigned to reposition to parking parking_2 (travel time: 74.00s).
2026-03-15 02:45:24,721 - DEBUG - Attempting to activate bikes at 3100s.
2026-03-15 02:45:24,722 - DEBUG - all_bikes_state at 3100s: {'bike_0': 'at_parking', 'bike_1': 'at_parking', 'bike_2': 'at_parking', 'bike_3': 'at_parking', 'bike_4': 'at_parking', 'bike_5': 'at_parking', 'bike_6': 'at_parking', 'bike_7': 'at_parking', 'bike_8': 'at_parking', 'bike_9': 'at_parking', 'bike_10': 'at_parking', 'bike_11': 'at_parking', 'bike_12': 'at_parking', 'bike_13': 'at_parking', 'bike_14': 'at_parking', 'bike_15': 'at_parking', 'bike_16': 'at_parking', 'bike_17': 'at_parking', 'bike_18': 'at_parking', 'bike_19': 'at_parking'}
2026-03-15 02:45:24,723 - DEBUG - Found 0 inactive bikes: []
2026-03-15 02:45:24,723 - DEBUG - Attempting to activate bikes at 3105s.
2026-03-15 02:45:24,723 - DEBUG - all_bikes_state at 3105s: {'bike_0': 'at_parking', 'bike_1': 'at_parking', 'bike_2': 'at_parking', 'bike_3': 'at_parking', 'bike_4': 'at_parking', 'bike_5': 'at_parking', 'bike_6': 'at_parking', 'bike_7': 'at_parking', 'bike_8': 'at_parking', 'bike_9': 'at_parking', 'bike_10': 'at_parking', 'bike_11': 'at_parking', 'bike_12': 'at_parking', 'bike_13': 'at_parking', 'bike_14': 'at_parking', 'bike_15': 'at_parking', 'bike_16': 'at_parking', 'bike_17': 'at_parking', 'bike_18': 'at_parking', 'bike_19': 'at_parking'}
2026-03-15 02:45:24,723 - DEBUG - Found 0 inactive bikes: []
2026-03-15 02:45:24,724 - DEBUG - Attempting to activate bikes at 3110s.
2026-03-15 02:45:24,724 - DEBUG - all_bikes_state at 3110s: {'bike_0': 'at_parking', 'bike_1': 'at_parking', 'bike_2': 'at_parking', 'bike_3': 'at_parking', 'bike_4': 'at_parking', 'bike_5': 'at_parking', 'bike_6': 'at_parking', 'bike_7': 'at_parking', 'bike_8': 'at_parking', 'bike_9': 'at_parking', 'bike_10': 'at_parking', 'bike_11': 'at_parking', 'bike_12': 'at_parking', 'bike_13': 'at_parking', 'bike_14': 'at_parking', 'bike_15': 'at_parking', 'bike_16': 'at_parking', 'bike_17': 'at_parking', 'bike_18': 'at_parking', 'bike_19': 'at_parking'}
2026-03-15 02:45:24,724 - DEBUG - Found 0 inactive bikes: []
2026-03-15 02:45:24,745 - DEBUG - Vehicle vehicle_0 has no bike and no available misplaced bikes with valid routes.
2026-03-15 02:45:24,759 - DEBUG - Vehicle vehicle_0 assigned to reposition to parking parking_2 (travel time: 74.00s).
2026-03-15 02:45:24,759 - DEBUG - Attempting to activate bikes at 3115s.
2026-03-15 02:45:24,761 - DEBUG - all_bikes_state at 3115s: {'bike_0': 'at_parking', 'bike_1': 'at_parking', 'bike_2': 'at_parking', 'bike_3': 'at_parking', 'bike_4': 'at_parking', 'bike_5': 'at_parking', 'bike_6': 'at_parking', 'bike_7': 'at_parking', 'bike_8': 'at_parking', 'bike_9': 'at_parking', 'bike_10': 'at_parking', 'bike_11': 'at_parking', 'bike_12': 'at_parking', 'bike_13': 'at_parking', 'bike_14': 'at_parking', 'bike_15': 'at_parking', 'bike_16': 'at_parking', 'bike_17': 'at_parking', 'bike_18': 'at_parking', 'bike_19': 'at_parking'}
2026-03-15 02:45:24,761 - DEBUG - Found 0 inactive bikes: []
2026-03-15 02:45:24,761 - DEBUG - Attempting to activate bikes at 3120s.
2026-03-15 02:45:24,761 - DEBUG - all_bikes_state at 3120s: {'bike_0': 'at_parking', 'bike_1': 'at_parking', 'bike_2': 'at_parking', 'bike_3': 'at_parking', 'bike_4': 'at_parking', 'bike_5': 'at_parking', 'bike_6': 'at_parking', 'bike_7': 'at_parking', 'bike_8': 'at_parking', 'bike_9': 'at_parking', 'bike_10': 'at_parking', 'bike_11': 'at_parking', 'bike_12': 'at_parking', 'bike_13': 'at_parking', 'bike_14': 'at_parking', 'bike_15': 'at_parking', 'bike_16': 'at_parking', 'bike_17': 'at_parking', 'bike_18': 'at_parking', 'bike_19': 'at_parking'}
2026-03-15 02:45:24,761 - DEBUG - Found 0 inactive bikes: []
2026-03-15 02:45:24,761 - DEBUG - Attempting to activate bikes at 3125s.
2026-03-15 02:45:24,762 - DEBUG - all_bikes_state at 3125s: {'bike_0': 'at_parking', 'bike_1': 'at_parking', 'bike_2': 'at_parking', 'bike_3': 'at_parking', 'bike_4': 'at_parking', 'bike_5': 'at_parking', 'bike_6': 'at_parking', 'bike_7': 'at_parking', 'bike_8': 'at_parking', 'bike_9': 'at_parking', 'bike_10': 'at_parking', 'bike_11': 'at_parking', 'bike_12': 'at_parking', 'bike_13': 'at_parking', 'bike_14': 'at_parking', 'bike_15': 'at_parking', 'bike_16': 'at_parking', 'bike_17': 'at_parking', 'bike_18': 'at_parking', 'bike_19': 'at_parking'}
2026-03-15 02:45:24,762 - DEBUG - Found 0 inactive bikes: []
2026-03-15 02:45:24,762 - DEBUG - Attempting to activate bikes at 3130s.
2026-03-15 02:45:24,762 - DEBUG - all_bikes_state at 3130s: {'bike_0': 'at_parking', 'bike_1': 'at_parking', 'bike_2': 'at_parking', 'bike_3': 'at_parking', 'bike_4': 'at_parking', 'bike_5': 'at_parking', 'bike_6': 'at_parking', 'bike_7': 'at_parking', 'bike_8': 'at_parking', 'bike_9': 'at_parking', 'bike_10': 'at_parking', 'bike_11': 'at_parking', 'bike_12': 'at_parking', 'bike_13': 'at_parking', 'bike_14': 'at_parking', 'bike_15': 'at_parking', 'bike_16': 'at_parking', 'bike_17': 'at_parking', 'bike_18': 'at_parking', 'bike_19': 'at_parking'}
2026-03-15 02:45:24,762 - DEBUG - Found 0 inactive bikes: []
2026-03-15 02:45:24,764 - DEBUG - Attempting to activate bikes at 3135s.
2026-03-15 02:45:24,764 - DEBUG - all_bikes_state at 3135s: {'bike_0': 'at_parking', 'bike_1': 'at_parking', 'bike_2': 'at_parking', 'bike_3': 'at_parking', 'bike_4': 'at_parking', 'bike_5': 'at_parking', 'bike_6': 'at_parking', 'bike_7': 'at_parking', 'bike_8': 'at_parking', 'bike_9': 'at_parking', 'bike_10': 'at_parking', 'bike_11': 'at_parking', 'bike_12': 'at_parking', 'bike_13': 'at_parking', 'bike_14': 'at_parking', 'bike_15': 'at_parking', 'bike_16': 'at_parking', 'bike_17': 'at_parking', 'bike_18': 'at_parking', 'bike_19': 'at_parking'}
2026-03-15 02:45:24,764 - DEBUG - Found 0 inactive bikes: []
2026-03-15 02:45:24,764 - DEBUG - Attempting to activate bikes at 3140s.
2026-03-15 02:45:24,764 - DEBUG - all_bikes_state at 3140s: {'bike_0': 'at_parking', 'bike_1': 'at_parking', 'bike_2': 'at_parking', 'bike_3': 'at_parking', 'bike_4': 'at_parking', 'bike_5': 'at_parking', 'bike_6': 'at_parking', 'bike_7': 'at_parking', 'bike_8': 'at_parking', 'bike_9': 'at_parking', 'bike_10': 'at_parking', 'bike_11': 'at_parking', 'bike_12': 'at_parking', 'bike_13': 'at_parking', 'bike_14': 'at_parking', 'bike_15': 'at_parking', 'bike_16': 'at_parking', 'bike_17': 'at_parking', 'bike_18': 'at_parking', 'bike_19': 'at_parking'}
2026-03-15 02:45:24,766 - DEBUG - Found 0 inactive bikes: []
2026-03-15 02:45:24,766 - DEBUG - Attempting to activate bikes at 3145s.
2026-03-15 02:45:24,766 - DEBUG - all_bikes_state at 3145s: {'bike_0': 'at_parking', 'bike_1': 'at_parking', 'bike_2': 'at_parking', 'bike_3': 'at_parking', 'bike_4': 'at_parking', 'bike_5': 'at_parking', 'bike_6': 'at_parking', 'bike_7': 'at_parking', 'bike_8': 'at_parking', 'bike_9': 'at_parking', 'bike_10': 'at_parking', 'bike_11': 'at_parking', 'bike_12': 'at_parking', 'bike_13': 'at_parking', 'bike_14': 'at_parking', 'bike_15': 'at_parking', 'bike_16': 'at_parking', 'bike_17': 'at_parking', 'bike_18': 'at_parking', 'bike_19': 'at_parking'}
2026-03-15 02:45:24,766 - DEBUG - Found 0 inactive bikes: []
2026-03-15 02:45:24,766 - DEBUG - Attempting to activate bikes at 3150s.
2026-03-15 02:45:24,767 - DEBUG - all_bikes_state at 3150s: {'bike_0': 'at_parking', 'bike_1': 'at_parking', 'bike_2': 'at_parking', 'bike_3': 'at_parking', 'bike_4': 'at_parking', 'bike_5': 'at_parking', 'bike_6': 'at_parking', 'bike_7': 'at_parking', 'bike_8': 'at_parking', 'bike_9': 'at_parking', 'bike_10': 'at_parking', 'bike_11': 'at_parking', 'bike_12': 'at_parking', 'bike_13': 'at_parking', 'bike_14': 'at_parking', 'bike_15': 'at_parking', 'bike_16': 'at_parking', 'bike_17': 'at_parking', 'bike_18': 'at_parking', 'bike_19': 'at_parking'}
2026-03-15 02:45:24,767 - DEBUG - Found 0 inactive bikes: []
2026-03-15 02:45:24,767 - DEBUG - Attempting to activate bikes at 3155s.
2026-03-15 02:45:24,767 - DEBUG - all_bikes_state at 3155s: {'bike_0': 'at_parking', 'bike_1': 'at_parking', 'bike_2': 'at_parking', 'bike_3': 'at_parking', 'bike_4': 'at_parking', 'bike_5': 'at_parking', 'bike_6': 'at_parking', 'bike_7': 'at_parking', 'bike_8': 'at_parking', 'bike_9': 'at_parking', 'bike_10': 'at_parking', 'bike_11': 'at_parking', 'bike_12': 'at_parking', 'bike_13': 'at_parking', 'bike_14': 'at_parking', 'bike_15': 'at_parking', 'bike_16': 'at_parking', 'bike_17': 'at_parking', 'bike_18': 'at_parking', 'bike_19': 'at_parking'}
2026-03-15 02:45:24,767 - DEBUG - Found 0 inactive bikes: []
2026-03-15 02:45:24,767 - DEBUG - Attempting to activate bikes at 3160s.
2026-03-15 02:45:24,767 - DEBUG - all_bikes_state at 3160s: {'bike_0': 'at_parking', 'bike_1': 'at_parking', 'bike_2': 'at_parking', 'bike_3': 'at_parking', 'bike_4': 'at_parking', 'bike_5': 'at_parking', 'bike_6': 'at_parking', 'bike_7': 'at_parking', 'bike_8': 'at_parking', 'bike_9': 'at_parking', 'bike_10': 'at_parking', 'bike_11': 'at_parking', 'bike_12': 'at_parking', 'bike_13': 'at_parking', 'bike_14': 'at_parking', 'bike_15': 'at_parking', 'bike_16': 'at_parking', 'bike_17': 'at_parking', 'bike_18': 'at_parking', 'bike_19': 'at_parking'}
2026-03-15 02:45:24,769 - DEBUG - Found 0 inactive bikes: []
2026-03-15 02:45:24,769 - DEBUG - Attempting to activate bikes at 3165s.
2026-03-15 02:45:24,769 - DEBUG - all_bikes_state at 3165s: {'bike_0': 'at_parking', 'bike_1': 'at_parking', 'bike_2': 'at_parking', 'bike_3': 'at_parking', 'bike_4': 'at_parking', 'bike_5': 'at_parking', 'bike_6': 'at_parking', 'bike_7': 'at_parking', 'bike_8': 'at_parking', 'bike_9': 'at_parking', 'bike_10': 'at_parking', 'bike_11': 'at_parking', 'bike_12': 'at_parking', 'bike_13': 'at_parking', 'bike_14': 'at_parking', 'bike_15': 'at_parking', 'bike_16': 'at_parking', 'bike_17': 'at_parking', 'bike_18': 'at_parking', 'bike_19': 'at_parking'}
2026-03-15 02:45:24,769 - DEBUG - Found 0 inactive bikes: []
2026-03-15 02:45:24,769 - DEBUG - Attempting to activate bikes at 3170s.
2026-03-15 02:45:24,769 - DEBUG - all_bikes_state at 3170s: {'bike_0': 'at_parking', 'bike_1': 'at_parking', 'bike_2': 'at_parking', 'bike_3': 'at_parking', 'bike_4': 'at_parking', 'bike_5': 'at_parking', 'bike_6': 'at_parking', 'bike_7': 'at_parking', 'bike_8': 'at_parking', 'bike_9': 'at_parking', 'bike_10': 'at_parking', 'bike_11': 'at_parking', 'bike_12': 'at_parking', 'bike_13': 'at_parking', 'bike_14': 'at_parking', 'bike_15': 'at_parking', 'bike_16': 'at_parking', 'bike_17': 'at_parking', 'bike_18': 'at_parking', 'bike_19': 'at_parking'}
2026-03-15 02:45:24,770 - DEBUG - Found 0 inactive bikes: []
2026-03-15 02:45:24,787 - DEBUG - Vehicle vehicle_1 has no bike and no available misplaced bikes with valid routes.
2026-03-15 02:45:24,799 - DEBUG - Vehicle vehicle_1 assigned to reposition to parking parking_1 (travel time: 51.00s).
2026-03-15 02:45:24,816 - DEBUG - Vehicle vehicle_2 has no bike and no available misplaced bikes with valid routes.
2026-03-15 02:45:24,829 - DEBUG - Vehicle vehicle_2 assigned to reposition to parking parking_2 (travel time: 74.00s).
2026-03-15 02:45:24,831 - DEBUG - Attempting to activate bikes at 3175s.
2026-03-15 02:45:24,831 - DEBUG - all_bikes_state at 3175s: {'bike_0': 'at_parking', 'bike_1': 'at_parking', 'bike_2': 'at_parking', 'bike_3': 'at_parking', 'bike_4': 'at_parking', 'bike_5': 'at_parking', 'bike_6': 'at_parking', 'bike_7': 'at_parking', 'bike_8': 'at_parking', 'bike_9': 'at_parking', 'bike_10': 'at_parking', 'bike_11': 'at_parking', 'bike_12': 'at_parking', 'bike_13': 'at_parking', 'bike_14': 'at_parking', 'bike_15': 'at_parking', 'bike_16': 'at_parking', 'bike_17': 'at_parking', 'bike_18': 'at_parking', 'bike_19': 'at_parking'}
2026-03-15 02:45:24,831 - DEBUG - Found 0 inactive bikes: []
2026-03-15 02:45:24,831 - DEBUG - Attempting to activate bikes at 3180s.
2026-03-15 02:45:24,833 - DEBUG - all_bikes_state at 3180s: {'bike_0': 'at_parking', 'bike_1': 'at_parking', 'bike_2': 'at_parking', 'bike_3': 'at_parking', 'bike_4': 'at_parking', 'bike_5': 'at_parking', 'bike_6': 'at_parking', 'bike_7': 'at_parking', 'bike_8': 'at_parking', 'bike_9': 'at_parking', 'bike_10': 'at_parking', 'bike_11': 'at_parking', 'bike_12': 'at_parking', 'bike_13': 'at_parking', 'bike_14': 'at_parking', 'bike_15': 'at_parking', 'bike_16': 'at_parking', 'bike_17': 'at_parking', 'bike_18': 'at_parking', 'bike_19': 'at_parking'}
2026-03-15 02:45:24,833 - DEBUG - Found 0 inactive bikes: []
2026-03-15 02:45:24,833 - DEBUG - Attempting to activate bikes at 3185s.
2026-03-15 02:45:24,833 - DEBUG - all_bikes_state at 3185s: {'bike_0': 'at_parking', 'bike_1': 'at_parking', 'bike_2': 'at_parking', 'bike_3': 'at_parking', 'bike_4': 'at_parking', 'bike_5': 'at_parking', 'bike_6': 'at_parking', 'bike_7': 'at_parking', 'bike_8': 'at_parking', 'bike_9': 'at_parking', 'bike_10': 'at_parking', 'bike_11': 'at_parking', 'bike_12': 'at_parking', 'bike_13': 'at_parking', 'bike_14': 'at_parking', 'bike_15': 'at_parking', 'bike_16': 'at_parking', 'bike_17': 'at_parking', 'bike_18': 'at_parking', 'bike_19': 'at_parking'}
2026-03-15 02:45:24,833 - DEBUG - Found 0 inactive bikes: []
2026-03-15 02:45:24,925 - DEBUG - Vehicle vehicle_0 has no bike and no available misplaced bikes with valid routes.
2026-03-15 02:45:24,935 - DEBUG - Vehicle vehicle_0 assigned to reposition to parking parking_1 (travel time: 51.00s).
2026-03-15 02:45:24,937 - DEBUG - Attempting to activate bikes at 3190s.
2026-03-15 02:45:24,937 - DEBUG - all_bikes_state at 3190s: {'bike_0': 'at_parking', 'bike_1': 'at_parking', 'bike_2': 'at_parking', 'bike_3': 'at_parking', 'bike_4': 'at_parking', 'bike_5': 'at_parking', 'bike_6': 'at_parking', 'bike_7': 'at_parking', 'bike_8': 'at_parking', 'bike_9': 'at_parking', 'bike_10': 'at_parking', 'bike_11': 'at_parking', 'bike_12': 'at_parking', 'bike_13': 'at_parking', 'bike_14': 'at_parking', 'bike_15': 'at_parking', 'bike_16': 'at_parking', 'bike_17': 'at_parking', 'bike_18': 'at_parking', 'bike_19': 'at_parking'}
2026-03-15 02:45:24,937 - DEBUG - Found 0 inactive bikes: []
2026-03-15 02:45:24,937 - DEBUG - Attempting to activate bikes at 3195s.
2026-03-15 02:45:24,937 - DEBUG - all_bikes_state at 3195s: {'bike_0': 'at_parking', 'bike_1': 'at_parking', 'bike_2': 'at_parking', 'bike_3': 'at_parking', 'bike_4': 'at_parking', 'bike_5': 'at_parking', 'bike_6': 'at_parking', 'bike_7': 'at_parking', 'bike_8': 'at_parking', 'bike_9': 'at_parking', 'bike_10': 'at_parking', 'bike_11': 'at_parking', 'bike_12': 'at_parking', 'bike_13': 'at_parking', 'bike_14': 'at_parking', 'bike_15': 'at_parking', 'bike_16': 'at_parking', 'bike_17': 'at_parking', 'bike_18': 'at_parking', 'bike_19': 'at_parking'}
2026-03-15 02:45:24,937 - DEBUG - Found 0 inactive bikes: []
2026-03-15 02:45:24,939 - DEBUG - Attempting to activate bikes at 3200s.
2026-03-15 02:45:24,939 - DEBUG - all_bikes_state at 3200s: {'bike_0': 'at_parking', 'bike_1': 'at_parking', 'bike_2': 'at_parking', 'bike_3': 'at_parking', 'bike_4': 'at_parking', 'bike_5': 'at_parking', 'bike_6': 'at_parking', 'bike_7': 'at_parking', 'bike_8': 'at_parking', 'bike_9': 'at_parking', 'bike_10': 'at_parking', 'bike_11': 'at_parking', 'bike_12': 'at_parking', 'bike_13': 'at_parking', 'bike_14': 'at_parking', 'bike_15': 'at_parking', 'bike_16': 'at_parking', 'bike_17': 'at_parking', 'bike_18': 'at_parking', 'bike_19': 'at_parking'}
2026-03-15 02:45:24,939 - DEBUG - Found 0 inactive bikes: []
2026-03-15 02:45:24,939 - DEBUG - Attempting to activate bikes at 3205s.
2026-03-15 02:45:24,939 - DEBUG - all_bikes_state at 3205s: {'bike_0': 'at_parking', 'bike_1': 'at_parking', 'bike_2': 'at_parking', 'bike_3': 'at_parking', 'bike_4': 'at_parking', 'bike_5': 'at_parking', 'bike_6': 'at_parking', 'bike_7': 'at_parking', 'bike_8': 'at_parking', 'bike_9': 'at_parking', 'bike_10': 'at_parking', 'bike_11': 'at_parking', 'bike_12': 'at_parking', 'bike_13': 'at_parking', 'bike_14': 'at_parking', 'bike_15': 'at_parking', 'bike_16': 'at_parking', 'bike_17': 'at_parking', 'bike_18': 'at_parking', 'bike_19': 'at_parking'}
2026-03-15 02:45:24,940 - DEBUG - Found 0 inactive bikes: []
2026-03-15 02:45:24,940 - DEBUG - Attempting to activate bikes at 3210s.
2026-03-15 02:45:24,940 - DEBUG - all_bikes_state at 3210s: {'bike_0': 'at_parking', 'bike_1': 'at_parking', 'bike_2': 'at_parking', 'bike_3': 'at_parking', 'bike_4': 'at_parking', 'bike_5': 'at_parking', 'bike_6': 'at_parking', 'bike_7': 'at_parking', 'bike_8': 'at_parking', 'bike_9': 'at_parking', 'bike_10': 'at_parking', 'bike_11': 'at_parking', 'bike_12': 'at_parking', 'bike_13': 'at_parking', 'bike_14': 'at_parking', 'bike_15': 'at_parking', 'bike_16': 'at_parking', 'bike_17': 'at_parking', 'bike_18': 'at_parking', 'bike_19': 'at_parking'}
2026-03-15 02:45:24,940 - DEBUG - Found 0 inactive bikes: []
2026-03-15 02:45:24,940 - DEBUG - Attempting to activate bikes at 3215s.
2026-03-15 02:45:24,942 - DEBUG - all_bikes_state at 3215s: {'bike_0': 'at_parking', 'bike_1': 'at_parking', 'bike_2': 'at_parking', 'bike_3': 'at_parking', 'bike_4': 'at_parking', 'bike_5': 'at_parking', 'bike_6': 'at_parking', 'bike_7': 'at_parking', 'bike_8': 'at_parking', 'bike_9': 'at_parking', 'bike_10': 'at_parking', 'bike_11': 'at_parking', 'bike_12': 'at_parking', 'bike_13': 'at_parking', 'bike_14': 'at_parking', 'bike_15': 'at_parking', 'bike_16': 'at_parking', 'bike_17': 'at_parking', 'bike_18': 'at_parking', 'bike_19': 'at_parking'}
2026-03-15 02:45:24,942 - DEBUG - Found 0 inactive bikes: []
2026-03-15 02:45:24,942 - DEBUG - Attempting to activate bikes at 3220s.
2026-03-15 02:45:24,942 - DEBUG - all_bikes_state at 3220s: {'bike_0': 'at_parking', 'bike_1': 'at_parking', 'bike_2': 'at_parking', 'bike_3': 'at_parking', 'bike_4': 'at_parking', 'bike_5': 'at_parking', 'bike_6': 'at_parking', 'bike_7': 'at_parking', 'bike_8': 'at_parking', 'bike_9': 'at_parking', 'bike_10': 'at_parking', 'bike_11': 'at_parking', 'bike_12': 'at_parking', 'bike_13': 'at_parking', 'bike_14': 'at_parking', 'bike_15': 'at_parking', 'bike_16': 'at_parking', 'bike_17': 'at_parking', 'bike_18': 'at_parking', 'bike_19': 'at_parking'}
2026-03-15 02:45:24,942 - DEBUG - Found 0 inactive bikes: []
2026-03-15 02:45:24,943 - DEBUG - Attempting to activate bikes at 3225s.
2026-03-15 02:45:24,943 - DEBUG - all_bikes_state at 3225s: {'bike_0': 'at_parking', 'bike_1': 'at_parking', 'bike_2': 'at_parking', 'bike_3': 'at_parking', 'bike_4': 'at_parking', 'bike_5': 'at_parking', 'bike_6': 'at_parking', 'bike_7': 'at_parking', 'bike_8': 'at_parking', 'bike_9': 'at_parking', 'bike_10': 'at_parking', 'bike_11': 'at_parking', 'bike_12': 'at_parking', 'bike_13': 'at_parking', 'bike_14': 'at_parking', 'bike_15': 'at_parking', 'bike_16': 'at_parking', 'bike_17': 'at_parking', 'bike_18': 'at_parking', 'bike_19': 'at_parking'}
2026-03-15 02:45:24,943 - DEBUG - Found 0 inactive bikes: []
2026-03-15 02:45:24,961 - DEBUG - Vehicle vehicle_1 has no bike and no available misplaced bikes with valid routes.
2026-03-15 02:45:24,975 - DEBUG - Vehicle vehicle_1 assigned to reposition to parking parking_2 (travel time: 74.00s).
2026-03-15 02:45:24,975 - DEBUG - Attempting to activate bikes at 3230s.
2026-03-15 02:45:24,976 - DEBUG - all_bikes_state at 3230s: {'bike_0': 'at_parking', 'bike_1': 'at_parking', 'bike_2': 'at_parking', 'bike_3': 'at_parking', 'bike_4': 'at_parking', 'bike_5': 'at_parking', 'bike_6': 'at_parking', 'bike_7': 'at_parking', 'bike_8': 'at_parking', 'bike_9': 'at_parking', 'bike_10': 'at_parking', 'bike_11': 'at_parking', 'bike_12': 'at_parking', 'bike_13': 'at_parking', 'bike_14': 'at_parking', 'bike_15': 'at_parking', 'bike_16': 'at_parking', 'bike_17': 'at_parking', 'bike_18': 'at_parking', 'bike_19': 'at_parking'}
2026-03-15 02:45:24,976 - DEBUG - Found 0 inactive bikes: []
2026-03-15 02:45:24,976 - DEBUG - Attempting to activate bikes at 3235s.
2026-03-15 02:45:24,976 - DEBUG - all_bikes_state at 3235s: {'bike_0': 'at_parking', 'bike_1': 'at_parking', 'bike_2': 'at_parking', 'bike_3': 'at_parking', 'bike_4': 'at_parking', 'bike_5': 'at_parking', 'bike_6': 'at_parking', 'bike_7': 'at_parking', 'bike_8': 'at_parking', 'bike_9': 'at_parking', 'bike_10': 'at_parking', 'bike_11': 'at_parking', 'bike_12': 'at_parking', 'bike_13': 'at_parking', 'bike_14': 'at_parking', 'bike_15': 'at_parking', 'bike_16': 'at_parking', 'bike_17': 'at_parking', 'bike_18': 'at_parking', 'bike_19': 'at_parking'}
2026-03-15 02:45:24,978 - DEBUG - Found 0 inactive bikes: []
2026-03-15 02:45:24,978 - DEBUG - Attempting to activate bikes at 3240s.
2026-03-15 02:45:24,978 - DEBUG - all_bikes_state at 3240s: {'bike_0': 'at_parking', 'bike_1': 'at_parking', 'bike_2': 'at_parking', 'bike_3': 'at_parking', 'bike_4': 'at_parking', 'bike_5': 'at_parking', 'bike_6': 'at_parking', 'bike_7': 'at_parking', 'bike_8': 'at_parking', 'bike_9': 'at_parking', 'bike_10': 'at_parking', 'bike_11': 'at_parking', 'bike_12': 'at_parking', 'bike_13': 'at_parking', 'bike_14': 'at_parking', 'bike_15': 'at_parking', 'bike_16': 'at_parking', 'bike_17': 'at_parking', 'bike_18': 'at_parking', 'bike_19': 'at_parking'}
2026-03-15 02:45:24,978 - DEBUG - Found 0 inactive bikes: []
2026-03-15 02:45:24,996 - DEBUG - Vehicle vehicle_0 has no bike and no available misplaced bikes with valid routes.
2026-03-15 02:45:25,006 - DEBUG - Vehicle vehicle_0 assigned to reposition to parking parking_1 (travel time: 51.00s).
2026-03-15 02:45:25,006 - DEBUG - Attempting to activate bikes at 3245s.
2026-03-15 02:45:25,008 - DEBUG - all_bikes_state at 3245s: {'bike_0': 'at_parking', 'bike_1': 'at_parking', 'bike_2': 'at_parking', 'bike_3': 'at_parking', 'bike_4': 'at_parking', 'bike_5': 'at_parking', 'bike_6': 'at_parking', 'bike_7': 'at_parking', 'bike_8': 'at_parking', 'bike_9': 'at_parking', 'bike_10': 'at_parking', 'bike_11': 'at_parking', 'bike_12': 'at_parking', 'bike_13': 'at_parking', 'bike_14': 'at_parking', 'bike_15': 'at_parking', 'bike_16': 'at_parking', 'bike_17': 'at_parking', 'bike_18': 'at_parking', 'bike_19': 'at_parking'}
2026-03-15 02:45:25,008 - DEBUG - Found 0 inactive bikes: []
2026-03-15 02:45:25,025 - DEBUG - Vehicle vehicle_2 has no bike and no available misplaced bikes with valid routes.
2026-03-15 02:45:25,036 - DEBUG - Vehicle vehicle_2 assigned to reposition to parking parking_1 (travel time: 51.00s).
2026-03-15 02:45:25,036 - DEBUG - Attempting to activate bikes at 3250s.
2026-03-15 02:45:25,038 - DEBUG - all_bikes_state at 3250s: {'bike_0': 'at_parking', 'bike_1': 'at_parking', 'bike_2': 'at_parking', 'bike_3': 'at_parking', 'bike_4': 'at_parking', 'bike_5': 'at_parking', 'bike_6': 'at_parking', 'bike_7': 'at_parking', 'bike_8': 'at_parking', 'bike_9': 'at_parking', 'bike_10': 'at_parking', 'bike_11': 'at_parking', 'bike_12': 'at_parking', 'bike_13': 'at_parking', 'bike_14': 'at_parking', 'bike_15': 'at_parking', 'bike_16': 'at_parking', 'bike_17': 'at_parking', 'bike_18': 'at_parking', 'bike_19': 'at_parking'}
2026-03-15 02:45:25,038 - DEBUG - Found 0 inactive bikes: []
2026-03-15 02:45:25,038 - DEBUG - Attempting to activate bikes at 3255s.
2026-03-15 02:45:25,038 - DEBUG - all_bikes_state at 3255s: {'bike_0': 'at_parking', 'bike_1': 'at_parking', 'bike_2': 'at_parking', 'bike_3': 'at_parking', 'bike_4': 'at_parking', 'bike_5': 'at_parking', 'bike_6': 'at_parking', 'bike_7': 'at_parking', 'bike_8': 'at_parking', 'bike_9': 'at_parking', 'bike_10': 'at_parking', 'bike_11': 'at_parking', 'bike_12': 'at_parking', 'bike_13': 'at_parking', 'bike_14': 'at_parking', 'bike_15': 'at_parking', 'bike_16': 'at_parking', 'bike_17': 'at_parking', 'bike_18': 'at_parking', 'bike_19': 'at_parking'}
2026-03-15 02:45:25,039 - DEBUG - Found 0 inactive bikes: []
2026-03-15 02:45:25,039 - DEBUG - Attempting to activate bikes at 3260s.
2026-03-15 02:45:25,039 - DEBUG - all_bikes_state at 3260s: {'bike_0': 'at_parking', 'bike_1': 'at_parking', 'bike_2': 'at_parking', 'bike_3': 'at_parking', 'bike_4': 'at_parking', 'bike_5': 'at_parking', 'bike_6': 'at_parking', 'bike_7': 'at_parking', 'bike_8': 'at_parking', 'bike_9': 'at_parking', 'bike_10': 'at_parking', 'bike_11': 'at_parking', 'bike_12': 'at_parking', 'bike_13': 'at_parking', 'bike_14': 'at_parking', 'bike_15': 'at_parking', 'bike_16': 'at_parking', 'bike_17': 'at_parking', 'bike_18': 'at_parking', 'bike_19': 'at_parking'}
2026-03-15 02:45:25,039 - DEBUG - Found 0 inactive bikes: []
2026-03-15 02:45:25,039 - DEBUG - Attempting to activate bikes at 3265s.
2026-03-15 02:45:25,039 - DEBUG - all_bikes_state at 3265s: {'bike_0': 'at_parking', 'bike_1': 'at_parking', 'bike_2': 'at_parking', 'bike_3': 'at_parking', 'bike_4': 'at_parking', 'bike_5': 'at_parking', 'bike_6': 'at_parking', 'bike_7': 'at_parking', 'bike_8': 'at_parking', 'bike_9': 'at_parking', 'bike_10': 'at_parking', 'bike_11': 'at_parking', 'bike_12': 'at_parking', 'bike_13': 'at_parking', 'bike_14': 'at_parking', 'bike_15': 'at_parking', 'bike_16': 'at_parking', 'bike_17': 'at_parking', 'bike_18': 'at_parking', 'bike_19': 'at_parking'}
2026-03-15 02:45:25,041 - DEBUG - Found 0 inactive bikes: []
2026-03-15 02:45:25,041 - DEBUG - Attempting to activate bikes at 3270s.
2026-03-15 02:45:25,041 - DEBUG - all_bikes_state at 3270s: {'bike_0': 'at_parking', 'bike_1': 'at_parking', 'bike_2': 'at_parking', 'bike_3': 'at_parking', 'bike_4': 'at_parking', 'bike_5': 'at_parking', 'bike_6': 'at_parking', 'bike_7': 'at_parking', 'bike_8': 'at_parking', 'bike_9': 'at_parking', 'bike_10': 'at_parking', 'bike_11': 'at_parking', 'bike_12': 'at_parking', 'bike_13': 'at_parking', 'bike_14': 'at_parking', 'bike_15': 'at_parking', 'bike_16': 'at_parking', 'bike_17': 'at_parking', 'bike_18': 'at_parking', 'bike_19': 'at_parking'}
2026-03-15 02:45:25,041 - DEBUG - Found 0 inactive bikes: []
2026-03-15 02:45:25,041 - DEBUG - Attempting to activate bikes at 3275s.
2026-03-15 02:45:25,041 - DEBUG - all_bikes_state at 3275s: {'bike_0': 'at_parking', 'bike_1': 'at_parking', 'bike_2': 'at_parking', 'bike_3': 'at_parking', 'bike_4': 'at_parking', 'bike_5': 'at_parking', 'bike_6': 'at_parking', 'bike_7': 'at_parking', 'bike_8': 'at_parking', 'bike_9': 'at_parking', 'bike_10': 'at_parking', 'bike_11': 'at_parking', 'bike_12': 'at_parking', 'bike_13': 'at_parking', 'bike_14': 'at_parking', 'bike_15': 'at_parking', 'bike_16': 'at_parking', 'bike_17': 'at_parking', 'bike_18': 'at_parking', 'bike_19': 'at_parking'}
2026-03-15 02:45:25,042 - DEBUG - Found 0 inactive bikes: []
2026-03-15 02:45:25,042 - DEBUG - Attempting to activate bikes at 3280s.
2026-03-15 02:45:25,042 - DEBUG - all_bikes_state at 3280s: {'bike_0': 'at_parking', 'bike_1': 'at_parking', 'bike_2': 'at_parking', 'bike_3': 'at_parking', 'bike_4': 'at_parking', 'bike_5': 'at_parking', 'bike_6': 'at_parking', 'bike_7': 'at_parking', 'bike_8': 'at_parking', 'bike_9': 'at_parking', 'bike_10': 'at_parking', 'bike_11': 'at_parking', 'bike_12': 'at_parking', 'bike_13': 'at_parking', 'bike_14': 'at_parking', 'bike_15': 'at_parking', 'bike_16': 'at_parking', 'bike_17': 'at_parking', 'bike_18': 'at_parking', 'bike_19': 'at_parking'}
2026-03-15 02:45:25,044 - DEBUG - Found 0 inactive bikes: []
2026-03-15 02:45:25,044 - DEBUG - Attempting to activate bikes at 3285s.
2026-03-15 02:45:25,044 - DEBUG - all_bikes_state at 3285s: {'bike_0': 'at_parking', 'bike_1': 'at_parking', 'bike_2': 'at_parking', 'bike_3': 'at_parking', 'bike_4': 'at_parking', 'bike_5': 'at_parking', 'bike_6': 'at_parking', 'bike_7': 'at_parking', 'bike_8': 'at_parking', 'bike_9': 'at_parking', 'bike_10': 'at_parking', 'bike_11': 'at_parking', 'bike_12': 'at_parking', 'bike_13': 'at_parking', 'bike_14': 'at_parking', 'bike_15': 'at_parking', 'bike_16': 'at_parking', 'bike_17': 'at_parking', 'bike_18': 'at_parking', 'bike_19': 'at_parking'}
2026-03-15 02:45:25,044 - DEBUG - Found 0 inactive bikes: []
2026-03-15 02:45:25,044 - DEBUG - Attempting to activate bikes at 3290s.
2026-03-15 02:45:25,046 - DEBUG - all_bikes_state at 3290s: {'bike_0': 'at_parking', 'bike_1': 'at_parking', 'bike_2': 'at_parking', 'bike_3': 'at_parking', 'bike_4': 'at_parking', 'bike_5': 'at_parking', 'bike_6': 'at_parking', 'bike_7': 'at_parking', 'bike_8': 'at_parking', 'bike_9': 'at_parking', 'bike_10': 'at_parking', 'bike_11': 'at_parking', 'bike_12': 'at_parking', 'bike_13': 'at_parking', 'bike_14': 'at_parking', 'bike_15': 'at_parking', 'bike_16': 'at_parking', 'bike_17': 'at_parking', 'bike_18': 'at_parking', 'bike_19': 'at_parking'}
2026-03-15 02:45:25,046 - DEBUG - Found 0 inactive bikes: []
2026-03-15 02:45:25,046 - DEBUG - Attempting to activate bikes at 3295s.
2026-03-15 02:45:25,046 - DEBUG - all_bikes_state at 3295s: {'bike_0': 'at_parking', 'bike_1': 'at_parking', 'bike_2': 'at_parking', 'bike_3': 'at_parking', 'bike_4': 'at_parking', 'bike_5': 'at_parking', 'bike_6': 'at_parking', 'bike_7': 'at_parking', 'bike_8': 'at_parking', 'bike_9': 'at_parking', 'bike_10': 'at_parking', 'bike_11': 'at_parking', 'bike_12': 'at_parking', 'bike_13': 'at_parking', 'bike_14': 'at_parking', 'bike_15': 'at_parking', 'bike_16': 'at_parking', 'bike_17': 'at_parking', 'bike_18': 'at_parking', 'bike_19': 'at_parking'}
2026-03-15 02:45:25,046 - DEBUG - Found 0 inactive bikes: []
2026-03-15 02:45:25,063 - DEBUG - Vehicle vehicle_0 has no bike and no available misplaced bikes with valid routes.
2026-03-15 02:45:25,082 - DEBUG - Vehicle vehicle_0 assigned to reposition to parking parking_0 (travel time: 80.00s).
2026-03-15 02:45:25,082 - DEBUG - Attempting to activate bikes at 3300s.
2026-03-15 02:45:25,084 - DEBUG - all_bikes_state at 3300s: {'bike_0': 'at_parking', 'bike_1': 'at_parking', 'bike_2': 'at_parking', 'bike_3': 'at_parking', 'bike_4': 'at_parking', 'bike_5': 'at_parking', 'bike_6': 'at_parking', 'bike_7': 'at_parking', 'bike_8': 'at_parking', 'bike_9': 'at_parking', 'bike_10': 'at_parking', 'bike_11': 'at_parking', 'bike_12': 'at_parking', 'bike_13': 'at_parking', 'bike_14': 'at_parking', 'bike_15': 'at_parking', 'bike_16': 'at_parking', 'bike_17': 'at_parking', 'bike_18': 'at_parking', 'bike_19': 'at_parking'}
2026-03-15 02:45:25,084 - DEBUG - Found 0 inactive bikes: []
2026-03-15 02:45:25,101 - DEBUG - Vehicle vehicle_1 has no bike and no available misplaced bikes with valid routes.
2026-03-15 02:45:25,115 - DEBUG - Vehicle vehicle_1 assigned to reposition to parking parking_1 (travel time: 51.00s).
2026-03-15 02:45:25,133 - DEBUG - Vehicle vehicle_2 has no bike and no available misplaced bikes with valid routes.
2026-03-15 02:45:25,152 - DEBUG - Vehicle vehicle_2 assigned to reposition to parking parking_0 (travel time: 80.00s).
2026-03-15 02:45:25,152 - DEBUG - Attempting to activate bikes at 3305s.
2026-03-15 02:45:25,154 - DEBUG - all_bikes_state at 3305s: {'bike_0': 'at_parking', 'bike_1': 'at_parking', 'bike_2': 'at_parking', 'bike_3': 'at_parking', 'bike_4': 'at_parking', 'bike_5': 'at_parking', 'bike_6': 'at_parking', 'bike_7': 'at_parking', 'bike_8': 'at_parking', 'bike_9': 'at_parking', 'bike_10': 'at_parking', 'bike_11': 'at_parking', 'bike_12': 'at_parking', 'bike_13': 'at_parking', 'bike_14': 'at_parking', 'bike_15': 'at_parking', 'bike_16': 'at_parking', 'bike_17': 'at_parking', 'bike_18': 'at_parking', 'bike_19': 'at_parking'}
2026-03-15 02:45:25,154 - DEBUG - Found 0 inactive bikes: []
2026-03-15 02:45:25,154 - DEBUG - Attempting to activate bikes at 3310s.
2026-03-15 02:45:25,154 - DEBUG - all_bikes_state at 3310s: {'bike_0': 'at_parking', 'bike_1': 'at_parking', 'bike_2': 'at_parking', 'bike_3': 'at_parking', 'bike_4': 'at_parking', 'bike_5': 'at_parking', 'bike_6': 'at_parking', 'bike_7': 'at_parking', 'bike_8': 'at_parking', 'bike_9': 'at_parking', 'bike_10': 'at_parking', 'bike_11': 'at_parking', 'bike_12': 'at_parking', 'bike_13': 'at_parking', 'bike_14': 'at_parking', 'bike_15': 'at_parking', 'bike_16': 'at_parking', 'bike_17': 'at_parking', 'bike_18': 'at_parking', 'bike_19': 'at_parking'}
2026-03-15 02:45:25,155 - DEBUG - Found 0 inactive bikes: []
2026-03-15 02:45:25,155 - DEBUG - Attempting to activate bikes at 3315s.
2026-03-15 02:45:25,155 - DEBUG - all_bikes_state at 3315s: {'bike_0': 'at_parking', 'bike_1': 'at_parking', 'bike_2': 'at_parking', 'bike_3': 'at_parking', 'bike_4': 'at_parking', 'bike_5': 'at_parking', 'bike_6': 'at_parking', 'bike_7': 'at_parking', 'bike_8': 'at_parking', 'bike_9': 'at_parking', 'bike_10': 'at_parking', 'bike_11': 'at_parking', 'bike_12': 'at_parking', 'bike_13': 'at_parking', 'bike_14': 'at_parking', 'bike_15': 'at_parking', 'bike_16': 'at_parking', 'bike_17': 'at_parking', 'bike_18': 'at_parking', 'bike_19': 'at_parking'}
2026-03-15 02:45:25,155 - DEBUG - Found 0 inactive bikes: []
2026-03-15 02:45:25,155 - DEBUG - Attempting to activate bikes at 3320s.
2026-03-15 02:45:25,155 - DEBUG - all_bikes_state at 3320s: {'bike_0': 'at_parking', 'bike_1': 'at_parking', 'bike_2': 'at_parking', 'bike_3': 'at_parking', 'bike_4': 'at_parking', 'bike_5': 'at_parking', 'bike_6': 'at_parking', 'bike_7': 'at_parking', 'bike_8': 'at_parking', 'bike_9': 'at_parking', 'bike_10': 'at_parking', 'bike_11': 'at_parking', 'bike_12': 'at_parking', 'bike_13': 'at_parking', 'bike_14': 'at_parking', 'bike_15': 'at_parking', 'bike_16': 'at_parking', 'bike_17': 'at_parking', 'bike_18': 'at_parking', 'bike_19': 'at_parking'}
2026-03-15 02:45:25,157 - DEBUG - Found 0 inactive bikes: []
2026-03-15 02:45:25,157 - DEBUG - Attempting to activate bikes at 3325s.
2026-03-15 02:45:25,157 - DEBUG - all_bikes_state at 3325s: {'bike_0': 'at_parking', 'bike_1': 'at_parking', 'bike_2': 'at_parking', 'bike_3': 'at_parking', 'bike_4': 'at_parking', 'bike_5': 'at_parking', 'bike_6': 'at_parking', 'bike_7': 'at_parking', 'bike_8': 'at_parking', 'bike_9': 'at_parking', 'bike_10': 'at_parking', 'bike_11': 'at_parking', 'bike_12': 'at_parking', 'bike_13': 'at_parking', 'bike_14': 'at_parking', 'bike_15': 'at_parking', 'bike_16': 'at_parking', 'bike_17': 'at_parking', 'bike_18': 'at_parking', 'bike_19': 'at_parking'}
2026-03-15 02:45:25,157 - DEBUG - Found 0 inactive bikes: []
2026-03-15 02:45:25,157 - DEBUG - Attempting to activate bikes at 3330s.
2026-03-15 02:45:25,157 - DEBUG - all_bikes_state at 3330s: {'bike_0': 'at_parking', 'bike_1': 'at_parking', 'bike_2': 'at_parking', 'bike_3': 'at_parking', 'bike_4': 'at_parking', 'bike_5': 'at_parking', 'bike_6': 'at_parking', 'bike_7': 'at_parking', 'bike_8': 'at_parking', 'bike_9': 'at_parking', 'bike_10': 'at_parking', 'bike_11': 'at_parking', 'bike_12': 'at_parking', 'bike_13': 'at_parking', 'bike_14': 'at_parking', 'bike_15': 'at_parking', 'bike_16': 'at_parking', 'bike_17': 'at_parking', 'bike_18': 'at_parking', 'bike_19': 'at_parking'}
2026-03-15 02:45:25,157 - DEBUG - Found 0 inactive bikes: []
2026-03-15 02:45:25,158 - DEBUG - Attempting to activate bikes at 3335s.
2026-03-15 02:45:25,158 - DEBUG - all_bikes_state at 3335s: {'bike_0': 'at_parking', 'bike_1': 'at_parking', 'bike_2': 'at_parking', 'bike_3': 'at_parking', 'bike_4': 'at_parking', 'bike_5': 'at_parking', 'bike_6': 'at_parking', 'bike_7': 'at_parking', 'bike_8': 'at_parking', 'bike_9': 'at_parking', 'bike_10': 'at_parking', 'bike_11': 'at_parking', 'bike_12': 'at_parking', 'bike_13': 'at_parking', 'bike_14': 'at_parking', 'bike_15': 'at_parking', 'bike_16': 'at_parking', 'bike_17': 'at_parking', 'bike_18': 'at_parking', 'bike_19': 'at_parking'}
2026-03-15 02:45:25,158 - DEBUG - Found 0 inactive bikes: []
2026-03-15 02:45:25,158 - DEBUG - Attempting to activate bikes at 3340s.
2026-03-15 02:45:25,158 - DEBUG - all_bikes_state at 3340s: {'bike_0': 'at_parking', 'bike_1': 'at_parking', 'bike_2': 'at_parking', 'bike_3': 'at_parking', 'bike_4': 'at_parking', 'bike_5': 'at_parking', 'bike_6': 'at_parking', 'bike_7': 'at_parking', 'bike_8': 'at_parking', 'bike_9': 'at_parking', 'bike_10': 'at_parking', 'bike_11': 'at_parking', 'bike_12': 'at_parking', 'bike_13': 'at_parking', 'bike_14': 'at_parking', 'bike_15': 'at_parking', 'bike_16': 'at_parking', 'bike_17': 'at_parking', 'bike_18': 'at_parking', 'bike_19': 'at_parking'}
2026-03-15 02:45:25,158 - DEBUG - Found 0 inactive bikes: []
2026-03-15 02:45:25,160 - DEBUG - Attempting to activate bikes at 3345s.
2026-03-15 02:45:25,160 - DEBUG - all_bikes_state at 3345s: {'bike_0': 'at_parking', 'bike_1': 'at_parking', 'bike_2': 'at_parking', 'bike_3': 'at_parking', 'bike_4': 'at_parking', 'bike_5': 'at_parking', 'bike_6': 'at_parking', 'bike_7': 'at_parking', 'bike_8': 'at_parking', 'bike_9': 'at_parking', 'bike_10': 'at_parking', 'bike_11': 'at_parking', 'bike_12': 'at_parking', 'bike_13': 'at_parking', 'bike_14': 'at_parking', 'bike_15': 'at_parking', 'bike_16': 'at_parking', 'bike_17': 'at_parking', 'bike_18': 'at_parking', 'bike_19': 'at_parking'}
2026-03-15 02:45:25,160 - DEBUG - Found 0 inactive bikes: []
2026-03-15 02:45:25,160 - DEBUG - Attempting to activate bikes at 3350s.
2026-03-15 02:45:25,160 - DEBUG - all_bikes_state at 3350s: {'bike_0': 'at_parking', 'bike_1': 'at_parking', 'bike_2': 'at_parking', 'bike_3': 'at_parking', 'bike_4': 'at_parking', 'bike_5': 'at_parking', 'bike_6': 'at_parking', 'bike_7': 'at_parking', 'bike_8': 'at_parking', 'bike_9': 'at_parking', 'bike_10': 'at_parking', 'bike_11': 'at_parking', 'bike_12': 'at_parking', 'bike_13': 'at_parking', 'bike_14': 'at_parking', 'bike_15': 'at_parking', 'bike_16': 'at_parking', 'bike_17': 'at_parking', 'bike_18': 'at_parking', 'bike_19': 'at_parking'}
2026-03-15 02:45:25,160 - DEBUG - Found 0 inactive bikes: []
2026-03-15 02:45:25,162 - DEBUG - Attempting to activate bikes at 3355s.
2026-03-15 02:45:25,162 - DEBUG - all_bikes_state at 3355s: {'bike_0': 'at_parking', 'bike_1': 'at_parking', 'bike_2': 'at_parking', 'bike_3': 'at_parking', 'bike_4': 'at_parking', 'bike_5': 'at_parking', 'bike_6': 'at_parking', 'bike_7': 'at_parking', 'bike_8': 'at_parking', 'bike_9': 'at_parking', 'bike_10': 'at_parking', 'bike_11': 'at_parking', 'bike_12': 'at_parking', 'bike_13': 'at_parking', 'bike_14': 'at_parking', 'bike_15': 'at_parking', 'bike_16': 'at_parking', 'bike_17': 'at_parking', 'bike_18': 'at_parking', 'bike_19': 'at_parking'}
2026-03-15 02:45:25,162 - DEBUG - Found 0 inactive bikes: []
2026-03-15 02:45:25,252 - DEBUG - Vehicle vehicle_1 has no bike and no available misplaced bikes with valid routes.
2026-03-15 02:45:25,265 - DEBUG - Vehicle vehicle_1 assigned to reposition to parking parking_2 (travel time: 74.00s).
2026-03-15 02:45:25,266 - DEBUG - Attempting to activate bikes at 3360s.
2026-03-15 02:45:25,266 - DEBUG - all_bikes_state at 3360s: {'bike_0': 'at_parking', 'bike_1': 'at_parking', 'bike_2': 'at_parking', 'bike_3': 'at_parking', 'bike_4': 'at_parking', 'bike_5': 'at_parking', 'bike_6': 'at_parking', 'bike_7': 'at_parking', 'bike_8': 'at_parking', 'bike_9': 'at_parking', 'bike_10': 'at_parking', 'bike_11': 'at_parking', 'bike_12': 'at_parking', 'bike_13': 'at_parking', 'bike_14': 'at_parking', 'bike_15': 'at_parking', 'bike_16': 'at_parking', 'bike_17': 'at_parking', 'bike_18': 'at_parking', 'bike_19': 'at_parking'}
2026-03-15 02:45:25,266 - DEBUG - Found 0 inactive bikes: []
2026-03-15 02:45:25,266 - DEBUG - Attempting to activate bikes at 3365s.
2026-03-15 02:45:25,266 - DEBUG - all_bikes_state at 3365s: {'bike_0': 'at_parking', 'bike_1': 'at_parking', 'bike_2': 'at_parking', 'bike_3': 'at_parking', 'bike_4': 'at_parking', 'bike_5': 'at_parking', 'bike_6': 'at_parking', 'bike_7': 'at_parking', 'bike_8': 'at_parking', 'bike_9': 'at_parking', 'bike_10': 'at_parking', 'bike_11': 'at_parking', 'bike_12': 'at_parking', 'bike_13': 'at_parking', 'bike_14': 'at_parking', 'bike_15': 'at_parking', 'bike_16': 'at_parking', 'bike_17': 'at_parking', 'bike_18': 'at_parking', 'bike_19': 'at_parking'}
2026-03-15 02:45:25,268 - DEBUG - Found 0 inactive bikes: []
2026-03-15 02:45:25,268 - DEBUG - Attempting to activate bikes at 3370s.
2026-03-15 02:45:25,268 - DEBUG - all_bikes_state at 3370s: {'bike_0': 'at_parking', 'bike_1': 'at_parking', 'bike_2': 'at_parking', 'bike_3': 'at_parking', 'bike_4': 'at_parking', 'bike_5': 'at_parking', 'bike_6': 'at_parking', 'bike_7': 'at_parking', 'bike_8': 'at_parking', 'bike_9': 'at_parking', 'bike_10': 'at_parking', 'bike_11': 'at_parking', 'bike_12': 'at_parking', 'bike_13': 'at_parking', 'bike_14': 'at_parking', 'bike_15': 'at_parking', 'bike_16': 'at_parking', 'bike_17': 'at_parking', 'bike_18': 'at_parking', 'bike_19': 'at_parking'}
2026-03-15 02:45:25,268 - DEBUG - Found 0 inactive bikes: []
2026-03-15 02:45:25,268 - DEBUG - Attempting to activate bikes at 3375s.
2026-03-15 02:45:25,268 - DEBUG - all_bikes_state at 3375s: {'bike_0': 'at_parking', 'bike_1': 'at_parking', 'bike_2': 'at_parking', 'bike_3': 'at_parking', 'bike_4': 'at_parking', 'bike_5': 'at_parking', 'bike_6': 'at_parking', 'bike_7': 'at_parking', 'bike_8': 'at_parking', 'bike_9': 'at_parking', 'bike_10': 'at_parking', 'bike_11': 'at_parking', 'bike_12': 'at_parking', 'bike_13': 'at_parking', 'bike_14': 'at_parking', 'bike_15': 'at_parking', 'bike_16': 'at_parking', 'bike_17': 'at_parking', 'bike_18': 'at_parking', 'bike_19': 'at_parking'}
2026-03-15 02:45:25,269 - DEBUG - Found 0 inactive bikes: []
2026-03-15 02:45:25,287 - DEBUG - Vehicle vehicle_0 has no bike and no available misplaced bikes with valid routes.
2026-03-15 02:45:25,296 - DEBUG - Vehicle vehicle_0 assigned to reposition to parking parking_1 (travel time: 51.00s).
2026-03-15 02:45:25,298 - DEBUG - Attempting to activate bikes at 3380s.
2026-03-15 02:45:25,298 - DEBUG - all_bikes_state at 3380s: {'bike_0': 'at_parking', 'bike_1': 'at_parking', 'bike_2': 'at_parking', 'bike_3': 'at_parking', 'bike_4': 'at_parking', 'bike_5': 'at_parking', 'bike_6': 'at_parking', 'bike_7': 'at_parking', 'bike_8': 'at_parking', 'bike_9': 'at_parking', 'bike_10': 'at_parking', 'bike_11': 'at_parking', 'bike_12': 'at_parking', 'bike_13': 'at_parking', 'bike_14': 'at_parking', 'bike_15': 'at_parking', 'bike_16': 'at_parking', 'bike_17': 'at_parking', 'bike_18': 'at_parking', 'bike_19': 'at_parking'}
2026-03-15 02:45:25,298 - DEBUG - Found 0 inactive bikes: []
2026-03-15 02:45:25,316 - DEBUG - Vehicle vehicle_2 has no bike and no available misplaced bikes with valid routes.
2026-03-15 02:45:25,334 - DEBUG - Vehicle vehicle_2 assigned to reposition to parking parking_0 (travel time: 80.00s).
2026-03-15 02:45:25,334 - DEBUG - Attempting to activate bikes at 3385s.
2026-03-15 02:45:25,335 - DEBUG - all_bikes_state at 3385s: {'bike_0': 'at_parking', 'bike_1': 'at_parking', 'bike_2': 'at_parking', 'bike_3': 'at_parking', 'bike_4': 'at_parking', 'bike_5': 'at_parking', 'bike_6': 'at_parking', 'bike_7': 'at_parking', 'bike_8': 'at_parking', 'bike_9': 'at_parking', 'bike_10': 'at_parking', 'bike_11': 'at_parking', 'bike_12': 'at_parking', 'bike_13': 'at_parking', 'bike_14': 'at_parking', 'bike_15': 'at_parking', 'bike_16': 'at_parking', 'bike_17': 'at_parking', 'bike_18': 'at_parking', 'bike_19': 'at_parking'}
2026-03-15 02:45:25,335 - DEBUG - Found 0 inactive bikes: []
2026-03-15 02:45:25,335 - DEBUG - Attempting to activate bikes at 3390s.
2026-03-15 02:45:25,335 - DEBUG - all_bikes_state at 3390s: {'bike_0': 'at_parking', 'bike_1': 'at_parking', 'bike_2': 'at_parking', 'bike_3': 'at_parking', 'bike_4': 'at_parking', 'bike_5': 'at_parking', 'bike_6': 'at_parking', 'bike_7': 'at_parking', 'bike_8': 'at_parking', 'bike_9': 'at_parking', 'bike_10': 'at_parking', 'bike_11': 'at_parking', 'bike_12': 'at_parking', 'bike_13': 'at_parking', 'bike_14': 'at_parking', 'bike_15': 'at_parking', 'bike_16': 'at_parking', 'bike_17': 'at_parking', 'bike_18': 'at_parking', 'bike_19': 'at_parking'}
2026-03-15 02:45:25,335 - DEBUG - Found 0 inactive bikes: []
2026-03-15 02:45:25,337 - DEBUG - Attempting to activate bikes at 3395s.
2026-03-15 02:45:25,337 - DEBUG - all_bikes_state at 3395s: {'bike_0': 'at_parking', 'bike_1': 'at_parking', 'bike_2': 'at_parking', 'bike_3': 'at_parking', 'bike_4': 'at_parking', 'bike_5': 'at_parking', 'bike_6': 'at_parking', 'bike_7': 'at_parking', 'bike_8': 'at_parking', 'bike_9': 'at_parking', 'bike_10': 'at_parking', 'bike_11': 'at_parking', 'bike_12': 'at_parking', 'bike_13': 'at_parking', 'bike_14': 'at_parking', 'bike_15': 'at_parking', 'bike_16': 'at_parking', 'bike_17': 'at_parking', 'bike_18': 'at_parking', 'bike_19': 'at_parking'}
2026-03-15 02:45:25,337 - DEBUG - Found 0 inactive bikes: []
2026-03-15 02:45:25,337 - DEBUG - Attempting to activate bikes at 3400s.
2026-03-15 02:45:25,337 - DEBUG - all_bikes_state at 3400s: {'bike_0': 'at_parking', 'bike_1': 'at_parking', 'bike_2': 'at_parking', 'bike_3': 'at_parking', 'bike_4': 'at_parking', 'bike_5': 'at_parking', 'bike_6': 'at_parking', 'bike_7': 'at_parking', 'bike_8': 'at_parking', 'bike_9': 'at_parking', 'bike_10': 'at_parking', 'bike_11': 'at_parking', 'bike_12': 'at_parking', 'bike_13': 'at_parking', 'bike_14': 'at_parking', 'bike_15': 'at_parking', 'bike_16': 'at_parking', 'bike_17': 'at_parking', 'bike_18': 'at_parking', 'bike_19': 'at_parking'}
2026-03-15 02:45:25,337 - DEBUG - Found 0 inactive bikes: []
2026-03-15 02:45:25,339 - DEBUG - Attempting to activate bikes at 3405s.
2026-03-15 02:45:25,339 - DEBUG - all_bikes_state at 3405s: {'bike_0': 'at_parking', 'bike_1': 'at_parking', 'bike_2': 'at_parking', 'bike_3': 'at_parking', 'bike_4': 'at_parking', 'bike_5': 'at_parking', 'bike_6': 'at_parking', 'bike_7': 'at_parking', 'bike_8': 'at_parking', 'bike_9': 'at_parking', 'bike_10': 'at_parking', 'bike_11': 'at_parking', 'bike_12': 'at_parking', 'bike_13': 'at_parking', 'bike_14': 'at_parking', 'bike_15': 'at_parking', 'bike_16': 'at_parking', 'bike_17': 'at_parking', 'bike_18': 'at_parking', 'bike_19': 'at_parking'}
2026-03-15 02:45:25,339 - DEBUG - Found 0 inactive bikes: []
2026-03-15 02:45:25,339 - DEBUG - Attempting to activate bikes at 3410s.
2026-03-15 02:45:25,339 - DEBUG - all_bikes_state at 3410s: {'bike_0': 'at_parking', 'bike_1': 'at_parking', 'bike_2': 'at_parking', 'bike_3': 'at_parking', 'bike_4': 'at_parking', 'bike_5': 'at_parking', 'bike_6': 'at_parking', 'bike_7': 'at_parking', 'bike_8': 'at_parking', 'bike_9': 'at_parking', 'bike_10': 'at_parking', 'bike_11': 'at_parking', 'bike_12': 'at_parking', 'bike_13': 'at_parking', 'bike_14': 'at_parking', 'bike_15': 'at_parking', 'bike_16': 'at_parking', 'bike_17': 'at_parking', 'bike_18': 'at_parking', 'bike_19': 'at_parking'}
2026-03-15 02:45:25,339 - DEBUG - Found 0 inactive bikes: []
2026-03-15 02:45:25,339 - DEBUG - Attempting to activate bikes at 3415s.
2026-03-15 02:45:25,340 - DEBUG - all_bikes_state at 3415s: {'bike_0': 'at_parking', 'bike_1': 'at_parking', 'bike_2': 'at_parking', 'bike_3': 'at_parking', 'bike_4': 'at_parking', 'bike_5': 'at_parking', 'bike_6': 'at_parking', 'bike_7': 'at_parking', 'bike_8': 'at_parking', 'bike_9': 'at_parking', 'bike_10': 'at_parking', 'bike_11': 'at_parking', 'bike_12': 'at_parking', 'bike_13': 'at_parking', 'bike_14': 'at_parking', 'bike_15': 'at_parking', 'bike_16': 'at_parking', 'bike_17': 'at_parking', 'bike_18': 'at_parking', 'bike_19': 'at_parking'}
2026-03-15 02:45:25,340 - DEBUG - Found 0 inactive bikes: []
2026-03-15 02:45:25,340 - DEBUG - Attempting to activate bikes at 3420s.
2026-03-15 02:45:25,340 - DEBUG - all_bikes_state at 3420s: {'bike_0': 'at_parking', 'bike_1': 'at_parking', 'bike_2': 'at_parking', 'bike_3': 'at_parking', 'bike_4': 'at_parking', 'bike_5': 'at_parking', 'bike_6': 'at_parking', 'bike_7': 'at_parking', 'bike_8': 'at_parking', 'bike_9': 'at_parking', 'bike_10': 'at_parking', 'bike_11': 'at_parking', 'bike_12': 'at_parking', 'bike_13': 'at_parking', 'bike_14': 'at_parking', 'bike_15': 'at_parking', 'bike_16': 'at_parking', 'bike_17': 'at_parking', 'bike_18': 'at_parking', 'bike_19': 'at_parking'}
2026-03-15 02:45:25,340 - DEBUG - Found 0 inactive bikes: []
2026-03-15 02:45:25,342 - DEBUG - Attempting to activate bikes at 3425s.
2026-03-15 02:45:25,342 - DEBUG - all_bikes_state at 3425s: {'bike_0': 'at_parking', 'bike_1': 'at_parking', 'bike_2': 'at_parking', 'bike_3': 'at_parking', 'bike_4': 'at_parking', 'bike_5': 'at_parking', 'bike_6': 'at_parking', 'bike_7': 'at_parking', 'bike_8': 'at_parking', 'bike_9': 'at_parking', 'bike_10': 'at_parking', 'bike_11': 'at_parking', 'bike_12': 'at_parking', 'bike_13': 'at_parking', 'bike_14': 'at_parking', 'bike_15': 'at_parking', 'bike_16': 'at_parking', 'bike_17': 'at_parking', 'bike_18': 'at_parking', 'bike_19': 'at_parking'}
2026-03-15 02:45:25,342 - DEBUG - Found 0 inactive bikes: []
2026-03-15 02:45:25,342 - DEBUG - Attempting to activate bikes at 3430s.
2026-03-15 02:45:25,342 - DEBUG - all_bikes_state at 3430s: {'bike_0': 'at_parking', 'bike_1': 'at_parking', 'bike_2': 'at_parking', 'bike_3': 'at_parking', 'bike_4': 'at_parking', 'bike_5': 'at_parking', 'bike_6': 'at_parking', 'bike_7': 'at_parking', 'bike_8': 'at_parking', 'bike_9': 'at_parking', 'bike_10': 'at_parking', 'bike_11': 'at_parking', 'bike_12': 'at_parking', 'bike_13': 'at_parking', 'bike_14': 'at_parking', 'bike_15': 'at_parking', 'bike_16': 'at_parking', 'bike_17': 'at_parking', 'bike_18': 'at_parking', 'bike_19': 'at_parking'}
2026-03-15 02:45:25,343 - DEBUG - Found 0 inactive bikes: []
2026-03-15 02:45:25,363 - DEBUG - Vehicle vehicle_0 has no bike and no available misplaced bikes with valid routes.
2026-03-15 02:45:25,375 - DEBUG - Vehicle vehicle_0 assigned to reposition to parking parking_2 (travel time: 74.00s).
2026-03-15 02:45:25,394 - DEBUG - Vehicle vehicle_1 has no bike and no available misplaced bikes with valid routes.
2026-03-15 02:45:25,414 - DEBUG - Vehicle vehicle_1 assigned to reposition to parking parking_0 (travel time: 80.00s).
2026-03-15 02:45:25,414 - DEBUG - Attempting to activate bikes at 3435s.
2026-03-15 02:45:25,414 - DEBUG - all_bikes_state at 3435s: {'bike_0': 'at_parking', 'bike_1': 'at_parking', 'bike_2': 'at_parking', 'bike_3': 'at_parking', 'bike_4': 'at_parking', 'bike_5': 'at_parking', 'bike_6': 'at_parking', 'bike_7': 'at_parking', 'bike_8': 'at_parking', 'bike_9': 'at_parking', 'bike_10': 'at_parking', 'bike_11': 'at_parking', 'bike_12': 'at_parking', 'bike_13': 'at_parking', 'bike_14': 'at_parking', 'bike_15': 'at_parking', 'bike_16': 'at_parking', 'bike_17': 'at_parking', 'bike_18': 'at_parking', 'bike_19': 'at_parking'}
2026-03-15 02:45:25,414 - DEBUG - Found 0 inactive bikes: []
2026-03-15 02:45:25,414 - DEBUG - Attempting to activate bikes at 3440s.
2026-03-15 02:45:25,414 - DEBUG - all_bikes_state at 3440s: {'bike_0': 'at_parking', 'bike_1': 'at_parking', 'bike_2': 'at_parking', 'bike_3': 'at_parking', 'bike_4': 'at_parking', 'bike_5': 'at_parking', 'bike_6': 'at_parking', 'bike_7': 'at_parking', 'bike_8': 'at_parking', 'bike_9': 'at_parking', 'bike_10': 'at_parking', 'bike_11': 'at_parking', 'bike_12': 'at_parking', 'bike_13': 'at_parking', 'bike_14': 'at_parking', 'bike_15': 'at_parking', 'bike_16': 'at_parking', 'bike_17': 'at_parking', 'bike_18': 'at_parking', 'bike_19': 'at_parking'}
2026-03-15 02:45:25,416 - DEBUG - Found 0 inactive bikes: []
2026-03-15 02:45:25,416 - DEBUG - Attempting to activate bikes at 3445s.
2026-03-15 02:45:25,417 - DEBUG - all_bikes_state at 3445s: {'bike_0': 'at_parking', 'bike_1': 'at_parking', 'bike_2': 'at_parking', 'bike_3': 'at_parking', 'bike_4': 'at_parking', 'bike_5': 'at_parking', 'bike_6': 'at_parking', 'bike_7': 'at_parking', 'bike_8': 'at_parking', 'bike_9': 'at_parking', 'bike_10': 'at_parking', 'bike_11': 'at_parking', 'bike_12': 'at_parking', 'bike_13': 'at_parking', 'bike_14': 'at_parking', 'bike_15': 'at_parking', 'bike_16': 'at_parking', 'bike_17': 'at_parking', 'bike_18': 'at_parking', 'bike_19': 'at_parking'}
2026-03-15 02:45:25,417 - DEBUG - Found 0 inactive bikes: []
2026-03-15 02:45:25,417 - DEBUG - Attempting to activate bikes at 3450s.
2026-03-15 02:45:25,417 - DEBUG - all_bikes_state at 3450s: {'bike_0': 'at_parking', 'bike_1': 'at_parking', 'bike_2': 'at_parking', 'bike_3': 'at_parking', 'bike_4': 'at_parking', 'bike_5': 'at_parking', 'bike_6': 'at_parking', 'bike_7': 'at_parking', 'bike_8': 'at_parking', 'bike_9': 'at_parking', 'bike_10': 'at_parking', 'bike_11': 'at_parking', 'bike_12': 'at_parking', 'bike_13': 'at_parking', 'bike_14': 'at_parking', 'bike_15': 'at_parking', 'bike_16': 'at_parking', 'bike_17': 'at_parking', 'bike_18': 'at_parking', 'bike_19': 'at_parking'}
2026-03-15 02:45:25,417 - DEBUG - Found 0 inactive bikes: []
2026-03-15 02:45:25,417 - DEBUG - Attempting to activate bikes at 3455s.
2026-03-15 02:45:25,417 - DEBUG - all_bikes_state at 3455s: {'bike_0': 'at_parking', 'bike_1': 'at_parking', 'bike_2': 'at_parking', 'bike_3': 'at_parking', 'bike_4': 'at_parking', 'bike_5': 'at_parking', 'bike_6': 'at_parking', 'bike_7': 'at_parking', 'bike_8': 'at_parking', 'bike_9': 'at_parking', 'bike_10': 'at_parking', 'bike_11': 'at_parking', 'bike_12': 'at_parking', 'bike_13': 'at_parking', 'bike_14': 'at_parking', 'bike_15': 'at_parking', 'bike_16': 'at_parking', 'bike_17': 'at_parking', 'bike_18': 'at_parking', 'bike_19': 'at_parking'}
2026-03-15 02:45:25,419 - DEBUG - Found 0 inactive bikes: []
2026-03-15 02:45:25,419 - DEBUG - Attempting to activate bikes at 3460s.
2026-03-15 02:45:25,419 - DEBUG - all_bikes_state at 3460s: {'bike_0': 'at_parking', 'bike_1': 'at_parking', 'bike_2': 'at_parking', 'bike_3': 'at_parking', 'bike_4': 'at_parking', 'bike_5': 'at_parking', 'bike_6': 'at_parking', 'bike_7': 'at_parking', 'bike_8': 'at_parking', 'bike_9': 'at_parking', 'bike_10': 'at_parking', 'bike_11': 'at_parking', 'bike_12': 'at_parking', 'bike_13': 'at_parking', 'bike_14': 'at_parking', 'bike_15': 'at_parking', 'bike_16': 'at_parking', 'bike_17': 'at_parking', 'bike_18': 'at_parking', 'bike_19': 'at_parking'}
2026-03-15 02:45:25,419 - DEBUG - Found 0 inactive bikes: []
2026-03-15 02:45:25,438 - DEBUG - Vehicle vehicle_2 has no bike and no available misplaced bikes with valid routes.
2026-03-15 02:45:25,457 - DEBUG - Vehicle vehicle_2 assigned to reposition to parking parking_0 (travel time: 80.00s).
2026-03-15 02:45:25,457 - DEBUG - Attempting to activate bikes at 3465s.
2026-03-15 02:45:25,458 - DEBUG - all_bikes_state at 3465s: {'bike_0': 'at_parking', 'bike_1': 'at_parking', 'bike_2': 'at_parking', 'bike_3': 'at_parking', 'bike_4': 'at_parking', 'bike_5': 'at_parking', 'bike_6': 'at_parking', 'bike_7': 'at_parking', 'bike_8': 'at_parking', 'bike_9': 'at_parking', 'bike_10': 'at_parking', 'bike_11': 'at_parking', 'bike_12': 'at_parking', 'bike_13': 'at_parking', 'bike_14': 'at_parking', 'bike_15': 'at_parking', 'bike_16': 'at_parking', 'bike_17': 'at_parking', 'bike_18': 'at_parking', 'bike_19': 'at_parking'}
2026-03-15 02:45:25,458 - DEBUG - Found 0 inactive bikes: []
2026-03-15 02:45:25,458 - DEBUG - Attempting to activate bikes at 3470s.
2026-03-15 02:45:25,458 - DEBUG - all_bikes_state at 3470s: {'bike_0': 'at_parking', 'bike_1': 'at_parking', 'bike_2': 'at_parking', 'bike_3': 'at_parking', 'bike_4': 'at_parking', 'bike_5': 'at_parking', 'bike_6': 'at_parking', 'bike_7': 'at_parking', 'bike_8': 'at_parking', 'bike_9': 'at_parking', 'bike_10': 'at_parking', 'bike_11': 'at_parking', 'bike_12': 'at_parking', 'bike_13': 'at_parking', 'bike_14': 'at_parking', 'bike_15': 'at_parking', 'bike_16': 'at_parking', 'bike_17': 'at_parking', 'bike_18': 'at_parking', 'bike_19': 'at_parking'}
2026-03-15 02:45:25,459 - DEBUG - Found 0 inactive bikes: []
2026-03-15 02:45:25,459 - DEBUG - Attempting to activate bikes at 3475s.
2026-03-15 02:45:25,459 - DEBUG - all_bikes_state at 3475s: {'bike_0': 'at_parking', 'bike_1': 'at_parking', 'bike_2': 'at_parking', 'bike_3': 'at_parking', 'bike_4': 'at_parking', 'bike_5': 'at_parking', 'bike_6': 'at_parking', 'bike_7': 'at_parking', 'bike_8': 'at_parking', 'bike_9': 'at_parking', 'bike_10': 'at_parking', 'bike_11': 'at_parking', 'bike_12': 'at_parking', 'bike_13': 'at_parking', 'bike_14': 'at_parking', 'bike_15': 'at_parking', 'bike_16': 'at_parking', 'bike_17': 'at_parking', 'bike_18': 'at_parking', 'bike_19': 'at_parking'}
2026-03-15 02:45:25,459 - DEBUG - Found 0 inactive bikes: []
2026-03-15 02:45:25,459 - DEBUG - Attempting to activate bikes at 3480s.
2026-03-15 02:45:25,459 - DEBUG - all_bikes_state at 3480s: {'bike_0': 'at_parking', 'bike_1': 'at_parking', 'bike_2': 'at_parking', 'bike_3': 'at_parking', 'bike_4': 'at_parking', 'bike_5': 'at_parking', 'bike_6': 'at_parking', 'bike_7': 'at_parking', 'bike_8': 'at_parking', 'bike_9': 'at_parking', 'bike_10': 'at_parking', 'bike_11': 'at_parking', 'bike_12': 'at_parking', 'bike_13': 'at_parking', 'bike_14': 'at_parking', 'bike_15': 'at_parking', 'bike_16': 'at_parking', 'bike_17': 'at_parking', 'bike_18': 'at_parking', 'bike_19': 'at_parking'}
2026-03-15 02:45:25,461 - DEBUG - Found 0 inactive bikes: []
2026-03-15 02:45:25,461 - DEBUG - Attempting to activate bikes at 3485s.
2026-03-15 02:45:25,461 - DEBUG - all_bikes_state at 3485s: {'bike_0': 'at_parking', 'bike_1': 'at_parking', 'bike_2': 'at_parking', 'bike_3': 'at_parking', 'bike_4': 'at_parking', 'bike_5': 'at_parking', 'bike_6': 'at_parking', 'bike_7': 'at_parking', 'bike_8': 'at_parking', 'bike_9': 'at_parking', 'bike_10': 'at_parking', 'bike_11': 'at_parking', 'bike_12': 'at_parking', 'bike_13': 'at_parking', 'bike_14': 'at_parking', 'bike_15': 'at_parking', 'bike_16': 'at_parking', 'bike_17': 'at_parking', 'bike_18': 'at_parking', 'bike_19': 'at_parking'}
2026-03-15 02:45:25,463 - DEBUG - Found 0 inactive bikes: []
2026-03-15 02:45:25,463 - DEBUG - Attempting to activate bikes at 3490s.
2026-03-15 02:45:25,463 - DEBUG - all_bikes_state at 3490s: {'bike_0': 'at_parking', 'bike_1': 'at_parking', 'bike_2': 'at_parking', 'bike_3': 'at_parking', 'bike_4': 'at_parking', 'bike_5': 'at_parking', 'bike_6': 'at_parking', 'bike_7': 'at_parking', 'bike_8': 'at_parking', 'bike_9': 'at_parking', 'bike_10': 'at_parking', 'bike_11': 'at_parking', 'bike_12': 'at_parking', 'bike_13': 'at_parking', 'bike_14': 'at_parking', 'bike_15': 'at_parking', 'bike_16': 'at_parking', 'bike_17': 'at_parking', 'bike_18': 'at_parking', 'bike_19': 'at_parking'}
2026-03-15 02:45:25,464 - DEBUG - Found 0 inactive bikes: []
2026-03-15 02:45:25,464 - DEBUG - Attempting to activate bikes at 3495s.
2026-03-15 02:45:25,464 - DEBUG - all_bikes_state at 3495s: {'bike_0': 'at_parking', 'bike_1': 'at_parking', 'bike_2': 'at_parking', 'bike_3': 'at_parking', 'bike_4': 'at_parking', 'bike_5': 'at_parking', 'bike_6': 'at_parking', 'bike_7': 'at_parking', 'bike_8': 'at_parking', 'bike_9': 'at_parking', 'bike_10': 'at_parking', 'bike_11': 'at_parking', 'bike_12': 'at_parking', 'bike_13': 'at_parking', 'bike_14': 'at_parking', 'bike_15': 'at_parking', 'bike_16': 'at_parking', 'bike_17': 'at_parking', 'bike_18': 'at_parking', 'bike_19': 'at_parking'}
2026-03-15 02:45:25,464 - DEBUG - Found 0 inactive bikes: []
2026-03-15 02:45:25,466 - DEBUG - Attempting to activate bikes at 3500s.
2026-03-15 02:45:25,466 - DEBUG - all_bikes_state at 3500s: {'bike_0': 'at_parking', 'bike_1': 'at_parking', 'bike_2': 'at_parking', 'bike_3': 'at_parking', 'bike_4': 'at_parking', 'bike_5': 'at_parking', 'bike_6': 'at_parking', 'bike_7': 'at_parking', 'bike_8': 'at_parking', 'bike_9': 'at_parking', 'bike_10': 'at_parking', 'bike_11': 'at_parking', 'bike_12': 'at_parking', 'bike_13': 'at_parking', 'bike_14': 'at_parking', 'bike_15': 'at_parking', 'bike_16': 'at_parking', 'bike_17': 'at_parking', 'bike_18': 'at_parking', 'bike_19': 'at_parking'}
2026-03-15 02:45:25,466 - DEBUG - Found 0 inactive bikes: []
2026-03-15 02:45:25,467 - DEBUG - Attempting to activate bikes at 3505s.
2026-03-15 02:45:25,467 - DEBUG - all_bikes_state at 3505s: {'bike_0': 'at_parking', 'bike_1': 'at_parking', 'bike_2': 'at_parking', 'bike_3': 'at_parking', 'bike_4': 'at_parking', 'bike_5': 'at_parking', 'bike_6': 'at_parking', 'bike_7': 'at_parking', 'bike_8': 'at_parking', 'bike_9': 'at_parking', 'bike_10': 'at_parking', 'bike_11': 'at_parking', 'bike_12': 'at_parking', 'bike_13': 'at_parking', 'bike_14': 'at_parking', 'bike_15': 'at_parking', 'bike_16': 'at_parking', 'bike_17': 'at_parking', 'bike_18': 'at_parking', 'bike_19': 'at_parking'}
2026-03-15 02:45:25,467 - DEBUG - Found 0 inactive bikes: []
2026-03-15 02:45:25,485 - DEBUG - Vehicle vehicle_0 has no bike and no available misplaced bikes with valid routes.
2026-03-15 02:45:25,588 - DEBUG - Vehicle vehicle_0 assigned to reposition to parking parking_0 (travel time: 80.00s).
2026-03-15 02:45:25,589 - DEBUG - Attempting to activate bikes at 3510s.
2026-03-15 02:45:25,590 - DEBUG - all_bikes_state at 3510s: {'bike_0': 'at_parking', 'bike_1': 'at_parking', 'bike_2': 'at_parking', 'bike_3': 'at_parking', 'bike_4': 'at_parking', 'bike_5': 'at_parking', 'bike_6': 'at_parking', 'bike_7': 'at_parking', 'bike_8': 'at_parking', 'bike_9': 'at_parking', 'bike_10': 'at_parking', 'bike_11': 'at_parking', 'bike_12': 'at_parking', 'bike_13': 'at_parking', 'bike_14': 'at_parking', 'bike_15': 'at_parking', 'bike_16': 'at_parking', 'bike_17': 'at_parking', 'bike_18': 'at_parking', 'bike_19': 'at_parking'}
2026-03-15 02:45:25,590 - DEBUG - Found 0 inactive bikes: []
2026-03-15 02:45:25,613 - DEBUG - Vehicle vehicle_1 has no bike and no available misplaced bikes with valid routes.
2026-03-15 02:45:25,637 - DEBUG - Vehicle vehicle_1 assigned to reposition to parking parking_0 (travel time: 80.00s).
2026-03-15 02:45:25,638 - DEBUG - Attempting to activate bikes at 3515s.
2026-03-15 02:45:25,639 - DEBUG - all_bikes_state at 3515s: {'bike_0': 'at_parking', 'bike_1': 'at_parking', 'bike_2': 'at_parking', 'bike_3': 'at_parking', 'bike_4': 'at_parking', 'bike_5': 'at_parking', 'bike_6': 'at_parking', 'bike_7': 'at_parking', 'bike_8': 'at_parking', 'bike_9': 'at_parking', 'bike_10': 'at_parking', 'bike_11': 'at_parking', 'bike_12': 'at_parking', 'bike_13': 'at_parking', 'bike_14': 'at_parking', 'bike_15': 'at_parking', 'bike_16': 'at_parking', 'bike_17': 'at_parking', 'bike_18': 'at_parking', 'bike_19': 'at_parking'}
2026-03-15 02:45:25,639 - DEBUG - Found 0 inactive bikes: []
2026-03-15 02:45:25,640 - DEBUG - Attempting to activate bikes at 3520s.
2026-03-15 02:45:25,640 - DEBUG - all_bikes_state at 3520s: {'bike_0': 'at_parking', 'bike_1': 'at_parking', 'bike_2': 'at_parking', 'bike_3': 'at_parking', 'bike_4': 'at_parking', 'bike_5': 'at_parking', 'bike_6': 'at_parking', 'bike_7': 'at_parking', 'bike_8': 'at_parking', 'bike_9': 'at_parking', 'bike_10': 'at_parking', 'bike_11': 'at_parking', 'bike_12': 'at_parking', 'bike_13': 'at_parking', 'bike_14': 'at_parking', 'bike_15': 'at_parking', 'bike_16': 'at_parking', 'bike_17': 'at_parking', 'bike_18': 'at_parking', 'bike_19': 'at_parking'}
2026-03-15 02:45:25,640 - DEBUG - Found 0 inactive bikes: []
2026-03-15 02:45:25,640 - DEBUG - Attempting to activate bikes at 3525s.
2026-03-15 02:45:25,641 - DEBUG - all_bikes_state at 3525s: {'bike_0': 'at_parking', 'bike_1': 'at_parking', 'bike_2': 'at_parking', 'bike_3': 'at_parking', 'bike_4': 'at_parking', 'bike_5': 'at_parking', 'bike_6': 'at_parking', 'bike_7': 'at_parking', 'bike_8': 'at_parking', 'bike_9': 'at_parking', 'bike_10': 'at_parking', 'bike_11': 'at_parking', 'bike_12': 'at_parking', 'bike_13': 'at_parking', 'bike_14': 'at_parking', 'bike_15': 'at_parking', 'bike_16': 'at_parking', 'bike_17': 'at_parking', 'bike_18': 'at_parking', 'bike_19': 'at_parking'}
2026-03-15 02:45:25,642 - DEBUG - Found 0 inactive bikes: []
2026-03-15 02:45:25,643 - DEBUG - Attempting to activate bikes at 3530s.
2026-03-15 02:45:25,643 - DEBUG - all_bikes_state at 3530s: {'bike_0': 'at_parking', 'bike_1': 'at_parking', 'bike_2': 'at_parking', 'bike_3': 'at_parking', 'bike_4': 'at_parking', 'bike_5': 'at_parking', 'bike_6': 'at_parking', 'bike_7': 'at_parking', 'bike_8': 'at_parking', 'bike_9': 'at_parking', 'bike_10': 'at_parking', 'bike_11': 'at_parking', 'bike_12': 'at_parking', 'bike_13': 'at_parking', 'bike_14': 'at_parking', 'bike_15': 'at_parking', 'bike_16': 'at_parking', 'bike_17': 'at_parking', 'bike_18': 'at_parking', 'bike_19': 'at_parking'}
2026-03-15 02:45:25,643 - DEBUG - Found 0 inactive bikes: []
2026-03-15 02:45:25,645 - DEBUG - Attempting to activate bikes at 3535s.
2026-03-15 02:45:25,645 - DEBUG - all_bikes_state at 3535s: {'bike_0': 'at_parking', 'bike_1': 'at_parking', 'bike_2': 'at_parking', 'bike_3': 'at_parking', 'bike_4': 'at_parking', 'bike_5': 'at_parking', 'bike_6': 'at_parking', 'bike_7': 'at_parking', 'bike_8': 'at_parking', 'bike_9': 'at_parking', 'bike_10': 'at_parking', 'bike_11': 'at_parking', 'bike_12': 'at_parking', 'bike_13': 'at_parking', 'bike_14': 'at_parking', 'bike_15': 'at_parking', 'bike_16': 'at_parking', 'bike_17': 'at_parking', 'bike_18': 'at_parking', 'bike_19': 'at_parking'}
2026-03-15 02:45:25,646 - DEBUG - Found 0 inactive bikes: []
2026-03-15 02:45:25,646 - DEBUG - Attempting to activate bikes at 3540s.
2026-03-15 02:45:25,646 - DEBUG - all_bikes_state at 3540s: {'bike_0': 'at_parking', 'bike_1': 'at_parking', 'bike_2': 'at_parking', 'bike_3': 'at_parking', 'bike_4': 'at_parking', 'bike_5': 'at_parking', 'bike_6': 'at_parking', 'bike_7': 'at_parking', 'bike_8': 'at_parking', 'bike_9': 'at_parking', 'bike_10': 'at_parking', 'bike_11': 'at_parking', 'bike_12': 'at_parking', 'bike_13': 'at_parking', 'bike_14': 'at_parking', 'bike_15': 'at_parking', 'bike_16': 'at_parking', 'bike_17': 'at_parking', 'bike_18': 'at_parking', 'bike_19': 'at_parking'}
2026-03-15 02:45:25,646 - DEBUG - Found 0 inactive bikes: []
2026-03-15 02:45:25,674 - DEBUG - Vehicle vehicle_2 has no bike and no available misplaced bikes with valid routes.
2026-03-15 02:45:25,709 - DEBUG - Vehicle vehicle_2 assigned to reposition to parking parking_0 (travel time: 80.00s).
2026-03-15 02:45:25,710 - DEBUG - Attempting to activate bikes at 3545s.
2026-03-15 02:45:25,711 - DEBUG - all_bikes_state at 3545s: {'bike_0': 'at_parking', 'bike_1': 'at_parking', 'bike_2': 'at_parking', 'bike_3': 'at_parking', 'bike_4': 'at_parking', 'bike_5': 'at_parking', 'bike_6': 'at_parking', 'bike_7': 'at_parking', 'bike_8': 'at_parking', 'bike_9': 'at_parking', 'bike_10': 'at_parking', 'bike_11': 'at_parking', 'bike_12': 'at_parking', 'bike_13': 'at_parking', 'bike_14': 'at_parking', 'bike_15': 'at_parking', 'bike_16': 'at_parking', 'bike_17': 'at_parking', 'bike_18': 'at_parking', 'bike_19': 'at_parking'}
2026-03-15 02:45:25,712 - DEBUG - Found 0 inactive bikes: []
2026-03-15 02:45:25,712 - DEBUG - Attempting to activate bikes at 3550s.
2026-03-15 02:45:25,713 - DEBUG - all_bikes_state at 3550s: {'bike_0': 'at_parking', 'bike_1': 'at_parking', 'bike_2': 'at_parking', 'bike_3': 'at_parking', 'bike_4': 'at_parking', 'bike_5': 'at_parking', 'bike_6': 'at_parking', 'bike_7': 'at_parking', 'bike_8': 'at_parking', 'bike_9': 'at_parking', 'bike_10': 'at_parking', 'bike_11': 'at_parking', 'bike_12': 'at_parking', 'bike_13': 'at_parking', 'bike_14': 'at_parking', 'bike_15': 'at_parking', 'bike_16': 'at_parking', 'bike_17': 'at_parking', 'bike_18': 'at_parking', 'bike_19': 'at_parking'}
2026-03-15 02:45:25,714 - DEBUG - Found 0 inactive bikes: []
2026-03-15 02:45:25,715 - DEBUG - Attempting to activate bikes at 3555s.
2026-03-15 02:45:25,715 - DEBUG - all_bikes_state at 3555s: {'bike_0': 'at_parking', 'bike_1': 'at_parking', 'bike_2': 'at_parking', 'bike_3': 'at_parking', 'bike_4': 'at_parking', 'bike_5': 'at_parking', 'bike_6': 'at_parking', 'bike_7': 'at_parking', 'bike_8': 'at_parking', 'bike_9': 'at_parking', 'bike_10': 'at_parking', 'bike_11': 'at_parking', 'bike_12': 'at_parking', 'bike_13': 'at_parking', 'bike_14': 'at_parking', 'bike_15': 'at_parking', 'bike_16': 'at_parking', 'bike_17': 'at_parking', 'bike_18': 'at_parking', 'bike_19': 'at_parking'}
2026-03-15 02:45:25,716 - DEBUG - Found 0 inactive bikes: []
2026-03-15 02:45:25,718 - DEBUG - Attempting to activate bikes at 3560s.
2026-03-15 02:45:25,719 - DEBUG - all_bikes_state at 3560s: {'bike_0': 'at_parking', 'bike_1': 'at_parking', 'bike_2': 'at_parking', 'bike_3': 'at_parking', 'bike_4': 'at_parking', 'bike_5': 'at_parking', 'bike_6': 'at_parking', 'bike_7': 'at_parking', 'bike_8': 'at_parking', 'bike_9': 'at_parking', 'bike_10': 'at_parking', 'bike_11': 'at_parking', 'bike_12': 'at_parking', 'bike_13': 'at_parking', 'bike_14': 'at_parking', 'bike_15': 'at_parking', 'bike_16': 'at_parking', 'bike_17': 'at_parking', 'bike_18': 'at_parking', 'bike_19': 'at_parking'}
2026-03-15 02:45:25,720 - DEBUG - Found 0 inactive bikes: []
2026-03-15 02:45:25,721 - DEBUG - Attempting to activate bikes at 3565s.
2026-03-15 02:45:25,722 - DEBUG - all_bikes_state at 3565s: {'bike_0': 'at_parking', 'bike_1': 'at_parking', 'bike_2': 'at_parking', 'bike_3': 'at_parking', 'bike_4': 'at_parking', 'bike_5': 'at_parking', 'bike_6': 'at_parking', 'bike_7': 'at_parking', 'bike_8': 'at_parking', 'bike_9': 'at_parking', 'bike_10': 'at_parking', 'bike_11': 'at_parking', 'bike_12': 'at_parking', 'bike_13': 'at_parking', 'bike_14': 'at_parking', 'bike_15': 'at_parking', 'bike_16': 'at_parking', 'bike_17': 'at_parking', 'bike_18': 'at_parking', 'bike_19': 'at_parking'}
2026-03-15 02:45:25,722 - DEBUG - Found 0 inactive bikes: []
2026-03-15 02:45:25,724 - DEBUG - Attempting to activate bikes at 3570s.
2026-03-15 02:45:25,724 - DEBUG - all_bikes_state at 3570s: {'bike_0': 'at_parking', 'bike_1': 'at_parking', 'bike_2': 'at_parking', 'bike_3': 'at_parking', 'bike_4': 'at_parking', 'bike_5': 'at_parking', 'bike_6': 'at_parking', 'bike_7': 'at_parking', 'bike_8': 'at_parking', 'bike_9': 'at_parking', 'bike_10': 'at_parking', 'bike_11': 'at_parking', 'bike_12': 'at_parking', 'bike_13': 'at_parking', 'bike_14': 'at_parking', 'bike_15': 'at_parking', 'bike_16': 'at_parking', 'bike_17': 'at_parking', 'bike_18': 'at_parking', 'bike_19': 'at_parking'}
2026-03-15 02:45:25,724 - DEBUG - Found 0 inactive bikes: []
2026-03-15 02:45:25,725 - DEBUG - Attempting to activate bikes at 3575s.
2026-03-15 02:45:25,725 - DEBUG - all_bikes_state at 3575s: {'bike_0': 'at_parking', 'bike_1': 'at_parking', 'bike_2': 'at_parking', 'bike_3': 'at_parking', 'bike_4': 'at_parking', 'bike_5': 'at_parking', 'bike_6': 'at_parking', 'bike_7': 'at_parking', 'bike_8': 'at_parking', 'bike_9': 'at_parking', 'bike_10': 'at_parking', 'bike_11': 'at_parking', 'bike_12': 'at_parking', 'bike_13': 'at_parking', 'bike_14': 'at_parking', 'bike_15': 'at_parking', 'bike_16': 'at_parking', 'bike_17': 'at_parking', 'bike_18': 'at_parking', 'bike_19': 'at_parking'}
2026-03-15 02:45:25,727 - DEBUG - Found 0 inactive bikes: []
2026-03-15 02:45:25,727 - DEBUG - Attempting to activate bikes at 3580s.
2026-03-15 02:45:25,728 - DEBUG - all_bikes_state at 3580s: {'bike_0': 'at_parking', 'bike_1': 'at_parking', 'bike_2': 'at_parking', 'bike_3': 'at_parking', 'bike_4': 'at_parking', 'bike_5': 'at_parking', 'bike_6': 'at_parking', 'bike_7': 'at_parking', 'bike_8': 'at_parking', 'bike_9': 'at_parking', 'bike_10': 'at_parking', 'bike_11': 'at_parking', 'bike_12': 'at_parking', 'bike_13': 'at_parking', 'bike_14': 'at_parking', 'bike_15': 'at_parking', 'bike_16': 'at_parking', 'bike_17': 'at_parking', 'bike_18': 'at_parking', 'bike_19': 'at_parking'}
2026-03-15 02:45:25,728 - DEBUG - Found 0 inactive bikes: []
2026-03-15 02:45:25,730 - DEBUG - Attempting to activate bikes at 3585s.
2026-03-15 02:45:25,730 - DEBUG - all_bikes_state at 3585s: {'bike_0': 'at_parking', 'bike_1': 'at_parking', 'bike_2': 'at_parking', 'bike_3': 'at_parking', 'bike_4': 'at_parking', 'bike_5': 'at_parking', 'bike_6': 'at_parking', 'bike_7': 'at_parking', 'bike_8': 'at_parking', 'bike_9': 'at_parking', 'bike_10': 'at_parking', 'bike_11': 'at_parking', 'bike_12': 'at_parking', 'bike_13': 'at_parking', 'bike_14': 'at_parking', 'bike_15': 'at_parking', 'bike_16': 'at_parking', 'bike_17': 'at_parking', 'bike_18': 'at_parking', 'bike_19': 'at_parking'}
2026-03-15 02:45:25,731 - DEBUG - Found 0 inactive bikes: []
2026-03-15 02:45:25,764 - DEBUG - Vehicle vehicle_0 has no bike and no available misplaced bikes with valid routes.
2026-03-15 02:45:25,801 - DEBUG - Vehicle vehicle_0 assigned to reposition to parking parking_0 (travel time: 80.00s).
2026-03-15 02:45:25,803 - DEBUG - Attempting to activate bikes at 3590s.
2026-03-15 02:45:25,803 - DEBUG - all_bikes_state at 3590s: {'bike_0': 'at_parking', 'bike_1': 'at_parking', 'bike_2': 'at_parking', 'bike_3': 'at_parking', 'bike_4': 'at_parking', 'bike_5': 'at_parking', 'bike_6': 'at_parking', 'bike_7': 'at_parking', 'bike_8': 'at_parking', 'bike_9': 'at_parking', 'bike_10': 'at_parking', 'bike_11': 'at_parking', 'bike_12': 'at_parking', 'bike_13': 'at_parking', 'bike_14': 'at_parking', 'bike_15': 'at_parking', 'bike_16': 'at_parking', 'bike_17': 'at_parking', 'bike_18': 'at_parking', 'bike_19': 'at_parking'}
2026-03-15 02:45:25,804 - DEBUG - Found 0 inactive bikes: []
2026-03-15 02:45:25,831 - DEBUG - Vehicle vehicle_1 has no bike and no available misplaced bikes with valid routes.
2026-03-15 02:45:25,847 - DEBUG - Vehicle vehicle_1 assigned to reposition to parking parking_2 (travel time: 74.00s).
2026-03-15 02:45:25,848 - DEBUG - Attempting to activate bikes at 3595s.
2026-03-15 02:45:25,848 - DEBUG - all_bikes_state at 3595s: {'bike_0': 'at_parking', 'bike_1': 'at_parking', 'bike_2': 'at_parking', 'bike_3': 'at_parking', 'bike_4': 'at_parking', 'bike_5': 'at_parking', 'bike_6': 'at_parking', 'bike_7': 'at_parking', 'bike_8': 'at_parking', 'bike_9': 'at_parking', 'bike_10': 'at_parking', 'bike_11': 'at_parking', 'bike_12': 'at_parking', 'bike_13': 'at_parking', 'bike_14': 'at_parking', 'bike_15': 'at_parking', 'bike_16': 'at_parking', 'bike_17': 'at_parking', 'bike_18': 'at_parking', 'bike_19': 'at_parking'}
2026-03-15 02:45:25,848 - DEBUG - Found 0 inactive bikes: []
2026-03-15 02:45:25,849 - DEBUG - Attempting to activate bikes at 3600s.
2026-03-15 02:45:25,849 - DEBUG - all_bikes_state at 3600s: {'bike_0': 'at_parking', 'bike_1': 'at_parking', 'bike_2': 'at_parking', 'bike_3': 'at_parking', 'bike_4': 'at_parking', 'bike_5': 'at_parking', 'bike_6': 'at_parking', 'bike_7': 'at_parking', 'bike_8': 'at_parking', 'bike_9': 'at_parking', 'bike_10': 'at_parking', 'bike_11': 'at_parking', 'bike_12': 'at_parking', 'bike_13': 'at_parking', 'bike_14': 'at_parking', 'bike_15': 'at_parking', 'bike_16': 'at_parking', 'bike_17': 'at_parking', 'bike_18': 'at_parking', 'bike_19': 'at_parking'}
2026-03-15 02:45:25,849 - DEBUG - Found 0 inactive bikes: []
2026-03-15 02:45:26,189 - INFO - Simulation data generated and saved to e:\Sharing bike\FleetPy-main\FleetPy-main\simulation_data.json
