operator_id,vehicle_id,vehicle_type,status,locked,start_time,end_time,start_pos,end_pos,driven_distance,start_soc,end_soc,charging_power,charging_unit,toll,rq_on_board,occupancy,rq_boarding,rq_alighting,route,trajectory
0,0,low_range_vehtype,waiting,False,-60,-1,2980;-1;-1,2980;-1;-1,0.0,1.0,1.0,0.0,,0,,0,,,,
0,1,low_range_vehtype,route,True,180,409.9869602780313,2981;-1;-1,2966;-1;-1,2071.863435442099,0.8575946831862098,0.650408339642,0.0,,0,,0,,,2981;6320;3549;6384;4032;1804;4811;5237;608;459;2416;4011;5246;363;366;2314;2877;1748;2880;906;984;2268;1857;1806;1371;938;5442;4054;2205;1369;2047;1337;1873;1939;665;666;1885;668;1415;1041;1623;1383;2333;2966,2981:180;6320:183.37311885414516;3549:189.01035885414515;6384:189.27219885414516;4032:192.49383885414517;1804:193.40975085414516;4811:195.09239085414515;5237:199.83287085414514;608:208.69895085414515;459:209.02871085414515;2416:211.24235085414514;4011:211.90647885414515;5246:217.83164685414516;363:224.74033485414517;366:226.14541485414517;2314:227.29028685414517;2877:240.46139085414518;1748:241.57991085414517;2880:242.74170285414516;906:254.96701485414516;984:257.73671085414514;2268:258.48457485414514;1857:258.87049485414514;1806:259.53267885414516;1371:260.2028548541452;938:262.78398285414517;5442:272.50463085414515;4054:280.14462285414515;2205:285.89706285414513;1369:292.34322285414515;2047:293.28627885414517;1337:294.24762285414516;1873:310.72503885414517;1939:311.0660308541452;665:311.5881028541452;666:312.45721485414515;1885:313.44303885414513;668:326.81343885414515;1415:327.4425028541452;1041:344.12901713985946;1623:348.5122742827166;1383:359.59770285414515;2333:399.75158856843086;2966:409.9869602780313
0,2,low_range_vehtype,boarding,True,360,390.0,2982;-1;-1,2982;-1;-1,0.0,0.7724415914984484,0.7724415914984484,0.0,,0,3,1,3,,,
0,3,low_range_vehtype,boarding,True,360,390.0,2977;-1;-1,2977;-1;-1,0.0,0.8229470565333281,0.8229470565333281,0.0,,0,4,1,4,,,
0,3,low_range_vehtype,route,False,390,403.47694671413734,2977;-1;-1,2983;-1;-1,112.30788928447757,0.8229470565333281,0.8117162676048804,0.0,,0,4,1,,,2977;6202;7315;2983,2977:390;6202:393.8930921031118;7315:400.78841210311185;2983:403.47694671413734
0,1,low_range_vehtype,boarding,True,409.9869602780313,439.9869602780313,2966;-1;-1,2966;-1;-1,0.0,0.650408339642,0.650408339642,0,,0,1;0,2,1;0,,,
0,3,low_range_vehtype,boarding,True,403.47694671413734,433.47694671413734,2983;-1;-1,2983;-1;-1,0.0,0.8117162676048804,0.8117162676048804,0,,0,4,1,,4,,
0,4,low_range_vehtype,route,False,300,525.0145605330423,2978;-1;-1,2970;-1;-1,1875.1213377753527,0.9458865003910399,0.7583743666135047,0.0,,0,,0,,,2978;4103;4326;7286;4302;5102;7160;7294;2701;3076;4023;7300;3914;5398;5400;4040;4041;5374;5418;5424;5403;6546;1200;7312;4332;799;3653;3825;7127;3766;3988;553;7132;7191;3566;4337;7134;6667;6711;1807;1653;6829;4349;4937;669;5061;7265;3848;534;2839;3560;2970,2978:300;4103:302.6189566950277;4326:307.9101166950277;7286:308.8270366950277;4302:310.2388366950277;5102:321.3473566950277;7160:322.8025966950277;7294:331.5210766950277;2701:337.3231966950277;3076:338.1725566950277;4023:346.0455166950277;7300:347.1876766950277;3914:348.37135669502766;5398:349.5481966950277;5400:350.87479669502767;4040:360.17959669502767;4041:363.1239166950277;5374:367.3764766950277;5418:368.4137566950277;5424:368.5570366950277;5403:369.6623566950277;6546:373.8892366950277;1200:378.4983166950277;7312:379.9920766950277;4332:380.8077166950277;799:381.9886366950277;3653:386.58487669502773;3825:387.83347669502774;7127:431.3935966950277;3766:432.33079669502774;3988:436.0663966950277;553:436.5246766950277;7132:446.4035566950277;7191:454.3607566950277;3566:456.1899166950277;4337:460.6881166950277;7134:461.7881566950277;6667:469.7202766950277;6711:485.57983669502767;1807:487.5070366950277;1653:493.3109566950277;6829:494.0838766950277;4349:494.6327566950277;4937:499.0023166950277;669:509.30971669502765;5061:515.1180766950276;7265:515.9013166950276;3848:516.8759566950276;534:520.9209166950276;2839:522.2795566950276;3560:523.3551166950276;2970:525.0145605330423
0,2,low_range_vehtype,route,False,390.0,548.1393886097674,2982;-1;-1,2980;-1;-1,1274.3900625592087,0.7724415914984484,0.6450025852425275,0.0,,0,3,1,,,2982;2809;4365;7288;1182;1001;6296;1434;3820;3877;2787;4993;6537;7281;2307;3549;6384;4032;1804;4811;5237;608;459;2416;4011;5246;363;366;2314;2877;1748;1743;1157;2058;2092;915;2980,2982:390;2809:395.7009673454251;4365:403.2820873454251;7288:404.4052873454251;1182:405.3222073454251;1001:410.6133673454251;6296:412.97268734542513;1434:418.9317673454251;3820:424.0404073454251;3877:425.94828734542506;2787:434.7408073454251;4993:435.7898473454251;6537:441.5896873454251;7281:447.4248073454251;2307:450.9435673454251;3549:456.5808073454251;6384:456.8426473454251;4032:460.0642873454251;1804:460.9801993454251;4811:462.6628393454251;5237:467.4033193454251;608:476.2693993454251;459:476.5991593454251;2416:478.8127993454251;4011:479.4769273454251;5246:485.4020953454251;363:492.3107833454251;366:493.7158633454251;2314:494.8607353454251;2877:508.0318393454251;1748:509.1503593454251;1743:516.9047593454251;1157:521.6439022025679;2058:527.4337307739964;2092:530.8228736311393;915:535.9410450597106;2980:548.1393886097674
0,2,low_range_vehtype,boarding,True,548.1393886097674,578.1393886097674,2980;-1;-1,2980;-1;-1,0.0,0.6450025852425275,0.6450025852425275,0.0,,0,3,1,,3,,
0,4,low_range_vehtype,boarding,True,525.0145605330423,555.0145605330423,2970;-1;-1,2970;-1;-1,0.0,0.7583743666135047,0.7583743666135047,0.0,,0,2,1,2,,,
0,1,low_range_vehtype,route,True,439.9869602780313,718.9007892683087,2966;-1;-1,2988;-1;-1,2634.732771078846,0.650408339642,0.38693506253411536,0.0,,0,1;0,2,,,2966;2743;2631;2150;735;738;1096;3736;81;831;2413;1146;832;1880;1340;3638;3641;7177;5275;5297;5072;1464;2847;5825;4587;5794;3202;2065;2023;4203;4198;1071;1070;1069;1067;1504;4396;710;2281;4664;6260;3300;1832;708;6180;2405;6169;2744;2567;2576;3077;3241;88;2758;2742;2448;2353;6140;7386;3742;7100;6318;737;6639;2446;2301;1992;1990;1988;1985;3729;5498;5496;5699;5494;6307;374;7114;3246;5330;661;445;6080;7381;364;3029;69;30;3346;2832;2207;2988,2966:439.9869602780313;2743:447.8307885684309;2631:451.84221713985943;2150:468.77250285414516;735:479.25467428271656;738:485.42250285414514;1096:494.96147428271655;3736:495.22449028271654;81:499.07339428271655;831:509.91997828271656;2413:510.9076742827166;1146:511.72105828271657;832:512.5294742827166;1880:515.1271622827165;1340:526.6599782827166;3638:527.6464502827166;3641:528.7100342827166;7177:532.2884342827166;5275:536.7977222827166;5297:540.1765382827166;5072:540.4067942827166;1464:547.3473062827167;2847:548.4180182827166;5825:551.3166662827166;4587:553.5969782827166;5794:555.2171222827166;3202:559.3384742827166;2065:564.4827302827166;2023:570.0410582827166;4203:570.8418422827166;4198:571.8234902827165;1071:572.8260182827165;1070:587.2893062827166;1069:588.0275942827166;1067:590.6896502827166;1504:595.1434262827165;4396:595.3697222827166;710:595.9203782827166;2281:596.9260742827165;4664:600.8040662827165;6260:601.2499622827164;3300:601.8490742827164;1832:604.6392902827164;708:605.1783542827164;6180:605.6017862827165;2405:607.8241862827165;6169:611.3013062827165;2744:615.9018662827165;2567:617.7448262827164;2576:626.2333862827164;3077:628.3660262827165;3241:631.4949062827164;88:633.4217462827164;2758:635.3851862827164;2742:635.7916262827164;2448:638.9772662827164;2353:645.1781462827164;6140:650.3491862827163;7386:651.6916262827164;3742:659.3506262827163;7100:659.8902662827163;6318:660.3683462827163;737:661.2840662827163;6639:663.1332662827162;2446:664.7045462827163;2301:667.0015862827163;1992:668.0266262827163;1990:669.7235462827163;1988:672.1775462827162;1985:675.6993062827162;3729:678.0467462827162;5498:679.4441462827161;5496:682.3513862827161;5699:683.0488262827162;5494:684.1525862827161;6307:684.3694262827162;374:692.6704262827162;7114:694.8854342827162;3246:696.0232502827163;5330:696.7708262827163;661:697.7622662827163;445:700.7919542827162;6080:703.6153622827162;7381:704.0242502827163;364:704.4596342827163;3029:706.4838422827163;69:710.616127997002;30:714.7484137112876;3346:716.7726217112877;2832:717.2080057112877;2207:717.6168937112877;2988:718.9007892683087
0,3,low_range_vehtype,boarding,True,660.0,690.0,2983;-1;-1,2983;-1;-1,0.0,0.8117162676048804,0.8117162676048804,0.0,,0,5,1,5,,,
0,1,low_range_vehtype,boarding,True,718.9007892683087,748.9007892683087,2988;-1;-1,2988;-1;-1,0.0,0.38693506253411536,0.38693506253411536,0.0,,0,1;0,2,,0,,
0,3,low_range_vehtype,route,False,690.0,767.7585747541395,2983;-1;-1,2985;-1;-1,660.4731749798569,0.8117162676048804,0.7456689501068947,0.0,,0,5,1,,,2983;7527;2803;7558;2806;4344;2996;3013;7322;2804;3061;1173;3425;4304;793;118;3979;2985,2983:690;7527:694.5269453889745;2803:702.0819053889745;7558:709.4769053889745;2806:717.3107453889745;4344:718.5137453889745;2996:720.5572253889745;3013:725.3423453889745;7322:729.3529853889745;2804:732.6797453889745;3061:739.3477853889746;1173:744.9461453889745;3425:746.1291053889745;4304:747.5314253889745;793:759.6469853889745;118:765.5112653889745;3979:767.3618093889745;2985:767.7585747541395
0,4,low_range_vehtype,route,False,555.0145605330423,726.6510436653198,2970;-1;-1,2987;-1;-1,1834.4631759372726,0.7583743666135047,0.5749280490197773,0.0,,0,2,1,,,2970;671;662;7398;3491;6933;7394;6989;7392;5704;7389;3806;2573;885;316;2042;1982;6306;374;7114;3246;5330;661;445;6080;7381;364;3029;3886;5711;6045;2157;4817;456;5901;7605;2830;1420;1084;7357;2826;2827;4225;2987,2970:555.0145605330423;671:556.0446766950276;662:578.4943966950276;7398:582.0136366950276;3491:588.3383566950275;6933:589.2501166950275;7394:594.6117166950274;6989:595.2060766950275;7392:604.4171566950275;5704:606.7822366950276;7389:621.3204766950275;3806:625.3848766950275;2573:626.4528766950275;885:627.0562366950275;316:633.8833966950275;2042:644.6218366950275;1982:645.3845566950274;6306:645.6013966950275;374:653.9023966950275;7114:656.1174046950275;3246:657.2552206950276;5330:658.0027966950275;661:658.9942366950276;445:662.0239246950275;6080:664.8473326950275;7381:665.2562206950275;364:665.6916046950275;3029:667.7158126950276;3886:668.2138366950276;5711:670.7534206950276;6045:672.1477006950275;2157:676.3362286950276;4817:676.8130126950275;456:677.4278926950275;5901:678.1834606950275;7605:681.6551566950275;2830:681.8845486950274;1420:693.5896606950274;1084:697.1246446950274;7357:701.7091726950274;2826:710.9184766950274;2827:720.1277806950274;4225:724.7123086950273;2987:726.6510436653198
0,4,low_range_vehtype,boarding,True,726.6510436653198,756.6510436653198,2987;-1;-1,2987;-1;-1,0.0,0.5749280490197773,0.5749280490197773,0.0,,0,2,1,,2,,
0,1,low_range_vehtype,route,True,748.9007892683087,786.328382400624,2988;-1;-1,2973;-1;-1,519.8276823932699,0.38693506253411536,0.3349522942947884,0.0,,0,1,1,,,2988;3447;6082;7383;364;3029;3886;5711;6045;2157;4817;456;5901;7605;2830;1420;1084;2973,2988:748.9007892683087;3447:750.4403017112877;6082:753.2637097112877;7383:753.6725977112877;364:754.1079817112877;3029:756.1321897112878;3886:756.6302137112878;5711:759.1697977112877;6045:760.5640777112877;2157:764.7526057112877;4817:765.2293897112877;456:765.8442697112877;5901:766.5998377112877;7605:770.0715337112877;2830:770.3009257112876;1420:782.0060377112876;1084:785.5410217112876;2973:786.328382400624
0,1,low_range_vehtype,boarding,True,786.328382400624,816.328382400624,2973;-1;-1,2973;-1;-1,0.0,0.3349522942947884,0.3349522942947884,0.0,,0,1,1,,1,,
0,1,low_range_vehtype,waiting,False,816.328382400624,816.3283824006245,2973;-1;-1,2973;-1;-1,0.0,0.3349522942947884,0.3349522942947884,0.0,,0,,0,,,,
0,3,low_range_vehtype,boarding,True,767.7585747541395,797.7585747541395,2985;-1;-1,2985;-1;-1,0.0,0.7456689501068947,0.7456689501068947,0.0,,0,5,1,,5,,
0,3,low_range_vehtype,route,False,900,960,2985;-1;-1,7562;7316;0.180,514.6469479713056,0.7456689501068947,0.6942042553097642,0.0,,0,,0,,,2985;1140;880;3109;3874;4306;429;4313;68;7318;7325;3011;4;4345;7330;7562,2985:900;1140:900.194570634835;880:900.785906634835;3109:902.636450634835;3874:908.500730634835;4306:920.616290634835;429:922.018610634835;4313:923.201570634835;68:928.7999306348349;7318:935.467970634835;7325:938.794730634835;3011:942.805370634835;4:947.590490634835;4345:949.633970634835;7330:950.836970634835;7562:958.670810634835
0,3,low_range_vehtype,route,True,960.0,983.8384785317231,7562;7316;0.180,2977;-1;-1,198.65398776435978,0.6942042553097642,0.6743388565333281,0.0,,0,,0,,,7562;7316;7531;2802;2977,7562:960;7316:966.065810634835;7531:973.620770634835;2802:980.836250634835;2977:983.8384785317231
0,3,low_range_vehtype,boarding,True,983.8384785317231,1013.8384785317231,2977;-1;-1,2977;-1;-1,0.0,0.6743388565333281,0.6743388565333281,0.0,,0,10;8,2,10;8,,,
0,1,low_range_vehtype,to_charge,True,816.3283824006245,1047.2375537293865,2973;-1;-1,2993;-1;-1,2741.879157343921,0.3349522942947884,0.0607643785603962,0.0,,0,,0,,,2973;7354;4225;4614;7369;7607;5900;3459;4818;5992;6047;5708;3884;3030;3347;7376;2207;3446;3720;5332;251;2711;3358;2296;5495;5697;5497;5500;670;5502;5512;5520;5531;6313;6632;6644;3793;6319;7102;3741;7384;6414;5446;2447;2571;42;2577;2566;3033;3036;2469;2404;2235;3762;5287;310;2280;1447;6261;3764;4397;4745;4182;4187;4191;4195;4202;4208;537;18;5629;1068;2559;6740;1717;2067;2063;1937;6789;3895;5465;7450;2993,2973:816.3283824006245;7354:820.125549711288;4225:824.710077711288;4614:828.245061711288;7369:839.950173711288;7607:840.179565711288;5900:843.6512617112879;3459:844.406829711288;4818:845.0217097112879;5992:845.4984937112879;6047:849.6870217112879;5708:851.0813017112879;3884:853.6208857112879;3030:854.1189097112879;3347:856.1431177112879;7376:856.5785017112879;2207:856.987389711288;3446:859.8107977112879;3720:862.8404857112879;5332:863.8319257112879;251:864.5795017112879;2711:865.7173177112879;3358:867.932325711288;2296:876.233325711288;5495:876.450165711288;5697:877.553925711288;5497:878.251365711288;5500:881.158605711288;670:882.556005711288;5502:884.903445711288;5512:888.425205711288;5520:890.8792057112879;5531:892.5761257112879;6313:893.6011657112879;6632:895.8982057112879;6644:897.4694857112879;3793:899.3186857112879;6319:900.2344057112879;7102:900.7124857112879;3741:901.2521257112878;7384:908.9111257112878;6414:914.1182857112879;5446:916.3860457112878;2447:920.3221657112878;2571:927.9110857112878;42:932.5790857112878;2577:933.2515657112878;2566:941.8506457112877;3033:942.4816057112877;3036:944.7511657112876;2469:948.3434857112876;2404:951.6670057112876;2235:952.9504057112877;3762:953.3738377112877;5287:953.9129017112878;310:956.7031177112877;2280:957.3022297112877;1447:957.7481257112877;6261:961.6261177112876;3764:962.6318137112876;4397:963.1824697112876;4745:963.4087657112876;4182:967.8625417112876;4187:970.5245977112876;4191:971.2628857112876;4195:985.7261737112876;4202:986.7287017112876;4208:987.7103497112876;537:988.6643497112875;18:994.5319177112875;5629:1000.3813417112875;1068:1002.9337417112876;2559:1009.9843417112876;6740:1014.4549657112876;1717:1020.2886937112876;2067:1021.0264777112876;2063:1021.7427337112877;1937:1025.0126857112878;6789:1035.5490937112877;3895:1036.8160777112878;5465:1044.3479977112877;7450:1045.3322377112877;2993:1047.2375537293865
0,1,low_range_vehtype,waiting,False,1047.2375537293865,1047.237553729387,2993;-1;-1,2993;-1;-1,0.0,0.0607643785603962,0.0607643785603962,0.0,,0,,0,,,,
0,4,low_range_vehtype,route,True,840.0,1060.5887410478058,2987;-1;-1,2993;-1;-1,2598.5398478861994,0.5749280490197773,0.3150740642311574,0.0,,0,,0,,,2987;4613;7368;7606;5900;3459;4818;5992;6047;5708;3884;3030;3347;7376;2207;3446;3720;5332;251;2711;3358;2296;5495;5697;5497;5500;670;5502;5512;5520;5531;6313;6632;6644;3793;6319;7102;3741;7384;6414;5446;2447;2571;42;2577;2566;3033;3036;2469;2404;2235;3762;5287;310;2280;1447;6261;3764;4397;4745;4182;4187;4191;4195;4202;4208;537;18;5629;1068;2559;6740;1717;2067;2063;1937;6789;3895;5465;7450;2993,2987:840;4613:841.5962490297076;7368:853.3013610297076;7606:853.5307530297075;5900:857.0024490297075;3459:857.7580170297075;4818:858.3728970297075;5992:858.8496810297074;6047:863.0382090297074;5708:864.4324890297074;3884:866.9720730297074;3030:867.4700970297074;3347:869.4943050297074;7376:869.9296890297074;2207:870.3385770297075;3446:873.1619850297075;3720:876.1916730297074;5332:877.1831130297074;251:877.9306890297074;2711:879.0685050297075;3358:881.2835130297075;2296:889.5845130297075;5495:889.8013530297076;5697:890.9051130297075;5497:891.6025530297076;5500:894.5097930297076;670:895.9071930297075;5502:898.2546330297075;5512:901.7763930297075;5520:904.2303930297074;5531:905.9273130297074;6313:906.9523530297074;6632:909.2493930297074;6644:910.8206730297075;3793:912.6698730297074;6319:913.5855930297074;7102:914.0636730297074;3741:914.6033130297074;7384:922.2623130297073;6414:927.4694730297074;5446:929.7372330297073;2447:933.6733530297073;2571:941.2622730297073;42:945.9302730297073;2577:946.6027530297073;2566:955.2018330297072;3033:955.8327930297072;3036:958.1023530297072;2469:961.6946730297071;2404:965.0181930297072;2235:966.3015930297072;3762:966.7250250297072;5287:967.2640890297073;310:970.0543050297073;2280:970.6534170297073;1447:971.0993130297072;6261:974.9773050297072;3764:975.9830010297071;4397:976.5336570297071;4745:976.7599530297072;4182:981.2137290297071;4187:983.8757850297071;4191:984.6140730297071;4195:999.0773610297072;4202:1000.0798890297071;4208:1001.0615370297071;537:1002.015537029707;18:1007.883105029707;5629:1013.732529029707;1068:1016.2849290297071;2559:1023.3355290297071;6740:1027.806153029707;1717:1033.639881029707;2067:1034.377665029707;2063:1035.093921029707;1937:1038.363873029707;6789:1048.900281029707;3895:1050.167265029707;5465:1057.699185029707;7450:1058.683425029707;2993:1060.5887410478058
0,2,low_range_vehtype,route,True,840.0,1120.0016795881152,2980;-1;-1,2966;-1;-1,1989.2821103102237,0.6450025852425275,0.4460743742115051,0.0,,0,,0,,,2980;914;2135;1730;2664;2579;2961;2407;2581;370;361;2874;1887;1805;363;366;2314;2877;1748;2880;906;984;2268;1857;1806;1371;938;5442;4054;2205;1369;2047;1337;1873;1939;665;666;1885;668;1415;1041;1623;1383;2333;2966,2980:840;914:855.8821707356576;2135:863.8330278785147;1730:879.2893707356576;2664:881.1114850213719;2579:885.9874278785147;2961:902.7582850213719;2407:908.0070850213718;2581:916.494342164229;370:918.077190164229;361:920.5742941642291;2874:921.160302164229;1887:926.8156861642291;1805:927.846366164229;363:934.755054164229;366:936.160134164229;2314:937.305006164229;2877:950.476110164229;1748:951.594630164229;2880:952.756422164229;906:964.981734164229;984:967.751430164229;2268:968.499294164229;1857:968.8852141642291;1806:969.5473981642291;1371:970.2175741642291;938:972.7987021642291;5442:982.5193501642291;4054:990.1593421642291;2205:995.9117821642291;1369:1002.357942164229;2047:1003.300998164229;1337:1004.262342164229;1873:1020.739758164229;1939:1021.080750164229;665:1021.602822164229;666:1022.471934164229;1885:1023.457758164229;668:1036.8281581642289;1415:1037.4572221642288;1041:1054.1437364499432;1623:1058.5269935928004;1383:1069.612422164229;2333:1109.7663078785147;2966:1120.0016795881152
0,3,low_range_vehtype,route,True,1013.8384785317231,1125.7830380172325,2977;-1;-1,2986;-1;-1,1060.4065922814566,0.6743388565333281,0.5682981973051825,0.0,,0,10;8,2,,,2977;6202;7315;7530;2803;7558;2806;4344;2996;3013;7322;2804;3061;1173;3425;4304;793;118;3979;4275;103;6480;7360;2986,2977:1013.8384785317231;6202:1017.731570634835;7315:1024.626890634835;7530:1031.842370634835;2803:1039.397330634835;7558:1046.792330634835;2806:1054.626170634835;4344:1055.829170634835;2996:1057.872650634835;3013:1062.657770634835;7322:1066.668410634835;2804:1069.995170634835;3061:1076.663210634835;1173:1082.261570634835;3425:1083.444530634835;4304:1084.846850634835;793:1096.962410634835;118:1102.826690634835;3979:1104.6772346348348;4275:1105.2685706348348;103:1106.4114986348347;6480:1119.7332266348346;7360:1125.2351066348347;2986:1125.7830380172325
0,4,low_range_vehtype,boarding,True,1060.5887410478058,1090.5887410478058,2993;-1;-1,2993;-1;-1,0.0,0.3150740642311574,0.3150740642311574,0.0,,0,6,1,6,,,
0,2,low_range_vehtype,boarding,True,1120.0016795881152,1150.0016795881152,2966;-1;-1,2966;-1;-1,0.0,0.4460743742115051,0.4460743742115051,0,,0,7,1,7,,,
0,3,low_range_vehtype,boarding,True,1125.7830380172325,1155.7830380172325,2986;-1;-1,2986;-1;-1,0.0,0.5682981973051825,0.5682981973051825,0,,0,10;8,2,,8,,
0,2,low_range_vehtype,route,True,1150.0016795881152,1253.091859729454,2966;-1;-1,2967;-1;-1,889.10574341502,0.4460743742115051,0.3571637998700031,0.0,,0,7,1,,,2966;2743;2631;2150;735;738;2470;734;1815;739;1724;1962;1910;164;1354;197;1311;7;1963;1308;482;7613;2611;1307;2876;1960;2967,2966:1150.0016795881152;2743:1157.8455078785148;2631:1161.8569364499433;2150:1178.787222164229;735:1189.2693935928005;738:1195.437222164229;2470:1196.386902164229;734:1196.595774164229;1815:1197.603990164229;739:1198.4445181642288;1724:1214.9022061642288;1962:1215.9590221642288;1910:1216.7812621642288;164:1217.7324541642288;1354:1218.6889741642287;197:1220.8982221642286;1311:1232.4329821642286;7:1236.1279501642287;1963:1236.5364061642285;1308:1236.8976301642285;482:1241.4522781642286;7613:1242.7764301642285;2611:1246.6727821642285;1307:1247.9885101642285;2876:1250.6552461642284;1960:1251.6394861642284;2967:1253.091859729454
0,2,low_range_vehtype,boarding,True,1253.091859729454,1283.091859729454,2967;-1;-1,2967;-1;-1,0.0,0.3571637998700031,0.3571637998700031,0.0,,0,7,1,,7,,
0,2,low_range_vehtype,waiting,False,1283.091859729454,1283.0918597294544,2967;-1;-1,2967;-1;-1,0.0,0.3571637998700031,0.3571637998700031,0.0,,0,,0,,,,
0,4,low_range_vehtype,route,True,1090.5887410478058,1299.3130360152993,2993;-1;-1,2988;-1;-1,2316.5181602628086,0.3150740642311574,0.08342224820487656,0.0,,0,6,1,,,2993;4483;7446;1960;816;6786;5444;1716;2720;4210;1711;98;2497;7434;2760;542;1074;1071;1070;1069;1067;1504;4396;710;2281;4664;6260;3300;1832;708;6180;2405;6169;2744;2567;2576;3077;3241;88;2758;2742;2448;2353;6140;7386;3742;7100;6318;737;6639;2446;2301;1992;1990;1988;1985;3729;5498;5496;5699;5494;6307;374;7114;3246;5330;661;445;6080;7381;364;3029;69;30;3346;2832;2207;2988,2993:1090.5887410478058;4483:1091.350161029707;7446:1094.0168970297068;1960:1095.0011370297068;816:1102.5330570297067;6786:1103.8000410297068;5444:1114.3364490297067;1716:1117.1268090297067;2720:1117.8734490297068;4210:1118.7717210297067;1711:1119.9014010297067;98:1128.5172090297067;2497:1130.0278410297067;7434:1137.2356890297067;2760:1143.7742250297067;542:1151.3023290297067;1074:1152.2357370297068;1071:1153.2382650297068;1070:1167.7015530297067;1069:1168.4398410297067;1067:1171.1018970297066;1504:1175.5556730297067;4396:1175.7819690297067;710:1176.3326250297066;2281:1177.3383210297065;4664:1181.2163130297065;6260:1181.6622090297064;3300:1182.2613210297066;1832:1185.0515370297067;708:1185.5906010297067;6180:1186.0140330297068;2405:1188.2364330297069;6169:1191.7135530297069;2744:1196.314113029707;2567:1198.157073029707;2576:1206.645633029707;3077:1208.778273029707;3241:1211.907153029707;88:1213.833993029707;2758:1215.797433029707;2742:1216.203873029707;2448:1219.389513029707;2353:1225.590393029707;6140:1230.761433029707;7386:1232.1038730297068;3742:1239.762873029707;7100:1240.302513029707;6318:1240.780593029707;737:1241.696313029707;6639:1243.545513029707;2446:1245.116793029707;2301:1247.413833029707;1992:1248.4388730297069;1990:1250.135793029707;1988:1252.589793029707;1985:1256.111553029707;3729:1258.458993029707;5498:1259.856393029707;5496:1262.763633029707;5699:1263.461073029707;5494:1264.564833029707;6307:1264.781673029707;374:1273.082673029707;7114:1275.2976810297068;3246:1276.4354970297068;5330:1277.1830730297067;661:1278.1745130297068;445:1281.2042010297068;6080:1284.0276090297068;7381:1284.4364970297067;364:1284.8718810297069;3029:1286.896089029707;69:1291.0283747439926;30:1295.1606604582782;3346:1297.1848684582783;2832:1297.6202524582784;2207:1298.0291404582783;2988:1299.3130360152993
0,3,low_range_vehtype,route,True,1155.7830380172325,1345.299165704207,2986;-1;-1,2991;-1;-1,2166.975773430211,0.5682981973051825,0.35160061996216135,0.0,,0,10,1,,,2986;3155;6029;5745;6035;5743;6038;6041;7365;6050;6068;6077;3629;4502;6912;2108;7370;7608;5900;3459;4818;5992;6047;5708;3884;3030;3347;7376;2207;3446;3720;5332;251;2711;3358;2296;5495;5697;5497;5500;670;5502;5512;5520;5531;6313;6632;6644;3793;6319;7102;3741;7384;6414;5446;2447;2571;42;2577;2566;3033;3036;2469;2404;2235;3762;5287;310;2280;1447;6261;3764;4397;4745;4182;4187;4191;4195;4202;4208;537;2991,2986:1155.7830380172325;3155:1156.3269146348346;6029:1157.2880426348345;5745:1158.7796666348345;6035:1160.7030746348346;5743:1162.0725146348345;6038:1164.0879386348345;6041:1165.3642106348345;7365:1172.0273786348346;6050:1174.3009226348345;6068:1178.5272506348344;6077:1179.1729466348345;3629:1180.7302346348345;4502:1181.1931226348345;6912:1186.3415546348344;2108:1188.2379626348345;7370:1194.7646906348346;7608:1194.9940826348345;5900:1198.4657786348346;3459:1199.2213466348346;4818:1199.8362266348347;5992:1200.3130106348347;6047:1204.5015386348346;5708:1205.8958186348345;3884:1208.4354026348346;3030:1208.9334266348346;3347:1210.9576346348347;7376:1211.3930186348348;2207:1211.8019066348347;3446:1214.6253146348347;3720:1217.6550026348348;5332:1218.6464426348348;251:1219.3940186348348;2711:1220.5318346348347;3358:1222.7468426348346;2296:1231.0478426348345;5495:1231.2646826348346;5697:1232.3684426348345;5497:1233.0658826348345;5500:1235.9731226348345;670:1237.3705226348345;5502:1239.7179626348345;5512:1243.2397226348346;5520:1245.6937226348346;5531:1247.3906426348346;6313:1248.4156826348346;6632:1250.7127226348346;6644:1252.2840026348345;3793:1254.1332026348346;6319:1255.0489226348345;7102:1255.5270026348346;3741:1256.0666426348346;7384:1263.7256426348347;6414:1268.9328026348346;5446:1271.2005626348346;2447:1275.1366826348346;2571:1282.7256026348346;42:1287.3936026348345;2577:1288.0660826348344;2566:1296.6651626348344;3033:1297.2961226348343;3036:1299.5656826348343;2469:1303.1580026348342;2404:1306.4815226348342;2235:1307.7649226348342;3762:1308.1883546348342;5287:1308.7274186348343;310:1311.5176346348344;2280:1312.1167466348345;1447:1312.5626426348344;6261:1316.4406346348344;3764:1317.4463306348343;4397:1317.9969866348342;4745:1318.2232826348343;4182:1322.6770586348343;4187:1325.3391146348342;4191:1326.0774026348342;4195:1340.5406906348342;4202:1341.5432186348341;4208:1342.524866634834;537:1343.478866634834;2991:1345.299165704207
0,3,low_range_vehtype,boarding,True,1345.299165704207,1375.299165704207,2991;-1;-1,2991;-1;-1,0.0,0.35160061996216135,0.35160061996216135,0.0,,0,10,1,,10,,
0,4,low_range_vehtype,boarding,True,1299.3130360152993,1329.3130360152993,2988;-1;-1,2988;-1;-1,0.0,0.08342224820487656,0.08342224820487656,0.0,,0,6,1,,6,,
0,2,low_range_vehtype,to_charge,True,1283.0918597294544,1437.1270613023999,2967;-1;-1,2966;-1;-1,1352.74125658498,0.3571637998700031,0.22188967421150507,0.0,,0,,0,,,2967;3896;5466;7451;4482;6930;7615;3488;4485;5469;2998;901;1083;1355;1961;1962;1033;1559;1958;2907;636;1954;1949;186;333;2164;695;694;1041;1623;1383;2333;2966,2967:1283.0918597294544;3896:1289.171406164229;5466:1296.7033261642289;7451:1297.6875661642289;4482:1300.3543021642288;6930:1301.6700301642288;7615:1305.5663821642288;3488:1306.8905341642287;4485:1311.4451821642288;5469:1311.8064061642287;2998:1312.2148621642286;901:1313.4603901642286;1083:1316.2508221642286;1355:1329.9401101642286;1961:1330.9228381642286;1962:1331.8617181642285;1033:1333.0711741642285;1559:1339.4552701642285;1958:1346.8022941642284;2907:1347.4259581642284;636:1350.2410861642284;1954:1350.8517901642283;1949:1359.7519261642283;186:1361.3180701642282;333:1361.957790164228;2164:1362.574182164228;695:1367.281470164228;694:1370.450190164228;1041:1371.2691181642278;1623:1375.652375307085;1383:1386.7378038785137;2333:1426.8916895927994;2966:1437.1270613023999
0,2,low_range_vehtype,waiting,False,1437.1270613023999,1437.1270613024008,2966;-1;-1,2966;-1;-1,0.0,0.22188967421150507,0.22188967421150507,0.0,,0,,0,,,,
0,4,low_range_vehtype,waiting,False,1329.3130360152993,1656.3285321145634,2988;-1;-1,2988;-1;-1,0.0,0.08342224820487656,0.08342224820487656,0.0,,0,,0,,,,
0,1,low_range_vehtype,charging,True,1047.237553729387,1845.2948005756411,2993;-1;-1,2993;-1;-1,0.0,0.0607643785603962,0.7258120842656082,15.0,2-2,0,,0,,,,
0,1,low_range_vehtype,route,True,1845.2948005756411,1851.1595701227677,2993;-1;-1,2967;-1;-1,81.45513259898192,0.7258120842656082,0.71766657100571,0.0,,0,,0,,,2993;4483;7446;1960;2967,2993:1845.2948005756411;4483:1846.0562205575422;7446:1848.7229565575421;1960:1849.7071965575421;2967:1851.1595701227677
0,4,low_range_vehtype,to_charge,True,1656.3285321145634,1845.2948005756405,2988;-1;-1,2993;-1;-1,2159.3388397371914,0.08342224820487656,-0.13251163576884262,0.0,,0,,0,,,2988;3447;3721;5333;251;2711;3358;2296;5495;5697;5497;5500;670;5502;5512;5520;5531;6313;6632;6644;3793;6319;7102;3741;7384;6414;5446;2447;2571;42;2577;2566;3033;3036;2469;2404;2235;3762;5287;310;2280;1447;6261;3764;4397;4745;4182;4187;4191;4195;4202;4208;537;18;5629;1068;2559;6740;1717;2067;2063;1937;6789;3895;5465;7450;2993,2988:1656.3285321145634;3447:1657.8680445575424;3721:1660.8977325575424;5333:1661.8891725575425;251:1662.6367485575424;2711:1663.7745645575424;3358:1665.9895725575423;2296:1674.2905725575422;5495:1674.5074125575422;5697:1675.6111725575422;5497:1676.3086125575421;5500:1679.2158525575421;670:1680.6132525575422;5502:1682.9606925575422;5512:1686.4824525575423;5520:1688.9364525575422;5531:1690.6333725575423;6313:1691.6584125575423;6632:1693.9554525575422;6644:1695.5267325575421;3793:1697.3759325575422;6319:1698.2916525575422;7102:1698.7697325575423;3741:1699.3093725575422;7384:1706.9683725575424;6414:1712.1755325575423;5446:1714.4432925575422;2447:1718.3794125575423;2571:1725.9683325575422;42:1730.6363325575421;2577:1731.308812557542;2566:1739.907892557542;3033:1740.538852557542;3036:1742.808412557542;2469:1746.400732557542;2404:1749.7242525575418;2235:1751.0076525575419;3762:1751.431084557542;5287:1751.970148557542;310:1754.760364557542;2280:1755.3594765575422;1447:1755.8053725575421;6261:1759.683364557542;3764:1760.689060557542;4397:1761.239716557542;4745:1761.466012557542;4182:1765.919788557542;4187:1768.581844557542;4191:1769.320132557542;4195:1783.7834205575418;4202:1784.7859485575418;4208:1785.7675965575418;537:1786.7215965575417;18:1792.5891645575416;5629:1798.4385885575416;1068:1800.9909885575416;2559:1808.0415885575417;6740:1812.5122125575417;1717:1818.3459405575418;2067:1819.0837245575417;2063:1819.7999805575416;1937:1823.0699325575417;6789:1833.6063405575417;3895:1834.8733245575418;5465:1842.4052445575417;7450:1843.3894845575417;2993:1845.2948005756405
0,4,low_range_vehtype,waiting,False,1845.2948005756405,1845.2948005756411,2993;-1;-1,2993;-1;-1,0.0,-0.13251163576884262,-0.13251163576884262,0.0,,0,,0,,,,
0,1,low_range_vehtype,boarding,True,1851.1595701227677,1881.1595701227677,2967;-1;-1,2967;-1;-1,0.0,0.71766657100571,0.71766657100571,0,,0,23,1,23,,,
0,1,low_range_vehtype,route,True,1881.1595701227677,1939.091241605596,2967;-1;-1,2969;-1;-1,804.6065483726128,0.71766657100571,0.6372059161684487,0.0,,0,23,1,,,2967;3896;6788;5444;1716;2720;4210;1711;98;2497;7434;2760;542;1074;336;2969,2967:1881.1595701227677;3896:1887.2391165575423;6788:1888.5061005575424;5444:1899.0425085575423;1716:1901.8328685575423;2720:1902.5795085575423;4210:1903.4777805575422;1711:1904.6074605575423;98:1913.2232685575423;2497:1914.7339005575423;7434:1921.9417485575423;2760:1928.4802845575423;542:1936.0083885575423;1074:1936.9417965575424;336:1937.9649165575424;2969:1939.091241605596
0,1,low_range_vehtype,boarding,True,1939.091241605596,1969.091241605596,2969;-1;-1,2969;-1;-1,0.0,0.6372059161684487,0.6372059161684487,0.0,,0,23;24,2,24,,,
0,3,low_range_vehtype,waiting,False,1375.299165704207,2014.2434173895986,2991;-1;-1,2991;-1;-1,0.0,0.35160061996216135,0.35160061996216135,0.0,,0,,0,,,,
0,1,low_range_vehtype,route,True,1969.091241605596,2048.723624436459,2969;-1;-1,2990;-1;-1,728.142628879116,0.6372059161684487,0.5643916532805371,0.0,,0,23;24,2,,,2969;7192;1664;1659;538;4990;4939;5252;3070;1657;4439;4842;1272;3423;4282;4975;6830;4349;4937;669;5061;7265;3848;534;2839;5449;2990,2969:1969.091241605596;7192:1972.6948845575423;1664:1975.9487805575422;1659:1980.7083405575422;538:1981.8593805575422;4990:1985.556460557542;4939:1986.9470205575421;5252:1992.3717405575421;3070:1993.4081805575422;1657:2000.9249805575423;4439:2006.5551405575422;4842:2010.9397005575422;1272:2011.1246205575421;3423:2012.3411805575422;4282:2016.1186605575422;4975:2017.1684205575423;6830:2017.9413405575424;4349:2018.4902205575424;4937:2022.8597805575425;669:2033.1671805575425;5061:2038.9755405575424;7265:2039.7587805575424;3848:2040.7334205575423;534:2044.7783805575423;2839:2046.1370205575422;5449:2047.3360605575422;2990:2048.723624436459
0,1,low_range_vehtype,boarding,True,2048.723624436459,2078.723624436459,2990;-1;-1,2990;-1;-1,0.0,0.5643916532805371,0.5643916532805371,0.0,,0,23;24,2,,23,,
0,2,low_range_vehtype,charging,True,1437.1270613024008,2208.5305014583973,2966;-1;-1,2966;-1;-1,0.0,0.22188967421150507,0.8647258743415025,15.0,0-0,0,,0,,,,
0,3,low_range_vehtype,to_charge,True,2014.2434173895986,2208.530501458399,2991;-1;-1,2966;-1;-1,1911.7951801384872,0.35160061996216135,0.16042110194831263,0.0,,0,,0,,,2991;3010;5631;1068;2559;6740;1717;2067;2063;1937;6789;3895;5465;7450;4482;6930;7615;3488;4485;5469;2998;901;1083;1355;1961;1962;1033;1559;1958;2907;636;1954;1949;186;333;2164;695;694;1041;1623;1383;2333;2966,2991:2014.2434173895986;3010:2018.2906863202256;5631:2024.1401103202256;1068:2026.6925103202257;2559:2033.7431103202257;6740:2038.2137343202257;1717:2044.0474623202258;2067:2044.7852463202257;2063:2045.5015023202257;1937:2048.7714543202255;6789:2059.3078623202255;3895:2060.5748463202253;5465:2068.1067663202252;7450:2069.0910063202255;4482:2071.7577423202256;6930:2073.0734703202256;7615:2076.969822320226;3488:2078.293974320226;4485:2082.848622320226;5469:2083.209846320226;2998:2083.618302320226;901:2084.863830320226;1083:2087.654262320226;1355:2101.343550320226;1961:2102.326278320226;1962:2103.265158320226;1033:2104.474614320226;1559:2110.8587103202262;1958:2118.2057343202264;2907:2118.8293983202266;636:2121.6445263202268;1954:2122.255230320227;1949:2131.155366320227;186:2132.721510320227;333:2133.361230320227;2164:2133.977622320227;695:2138.684910320227;694:2141.8536303202272;1041:2142.6725583202274;1623:2147.0558154630844;1383:2158.141244034513;2333:2198.295129748799;2966:2208.530501458399
0,2,low_range_vehtype,out_of_service,True,2208.5305014583973,2220.0,2966;-1;-1,2966;-1;-1,0.0,0.8647258743415025,0.8647258743415025,0.0,,0,,0,,,,
0,1,low_range_vehtype,route,True,2078.723624436459,2324.589888454429,2990;-1;-1,2977;-1;-1,2048.885533483096,0.5643916532805371,0.3595030999322275,0.0,,0,24,1,,,2990;2552;1946;7401;3551;3849;7263;5060;3728;4936;1207;2554;4974;5249;6709;2464;7135;1193;552;2755;7131;3567;888;712;2718;754;611;1812;1186;7311;3767;4527;3089;3131;5447;7352;414;122;3426;4314;68;7318;7325;3011;4;4345;7330;7562;7316;7531;2802;2977,2990:2078.723624436459;2552:2081.5893405575425;1946:2085.8426205575424;7401:2087.0416605575424;3551:2088.4003005575423;3849:2092.4452605575425;7263:2093.4199005575424;5060:2094.2031405575426;3728:2100.0115005575426;4936:2110.3189005575427;1207:2114.688460557543;2554:2115.2373405575427;4974:2116.0102605575426;5249:2121.8141805575424;6709:2123.7413805575425;2464:2139.6009405575423;7135:2147.5330605575423;1193:2148.633100557542;552:2153.131300557542;2755:2154.960460557542;7131:2162.9176605575417;3567:2172.796540557542;888:2173.2548205575417;712:2176.9904205575417;2718:2177.9276205575416;754:2221.4877405575417;611:2222.7363405575416;1812:2227.3075005575415;1186:2228.4847005575416;7311:2229.3003405575414;3767:2231.3067405575416;4527:2234.1035805575416;3089:2242.5131805575415;3131:2242.9934205575414;5447:2245.3810605575413;7352:2246.6924205575415;414:2249.1621405575415;122:2261.5165005575413;3426:2262.7700205575416;4314:2263.9529805575417;68:2269.5513405575416;7318:2276.2193805575416;7325:2279.5461405575415;3011:2283.5567805575415;4:2288.3419005575415;4345:2290.3853805575413;7330:2291.5883805575413;7562:2299.422220557541;7316:2306.817220557541;7531:2314.372180557541;2802:2321.587660557541;2977:2324.589888454429
0,1,low_range_vehtype,boarding,True,2324.589888454429,2354.589888454429,2977;-1;-1,2977;-1;-1,0.0,0.3595030999322275,0.3595030999322275,0,,0,24,1,,24,,
0,1,low_range_vehtype,to_depot,True,2354.589888454429,2543.141881821883,2977;-1;-1,2980;-1;-1,1527.828435539931,0.3595030999322275,0.20672025637823438,0.0,,0,,0,,,2977;6202;7516;7037;7512;3274;2902;3901;7011;7336;4365;7288;1182;1001;6296;1434;3820;3877;2787;4993;6537;7281;2307;3549;6384;4032;1804;4811;5237;608;459;2416;4011;5246;363;366;2314;2877;1748;1743;1157;2058;2092;915;2980,2977:2354.589888454429;6202:2358.482980557541;7516:2359.344100557541;7037:2366.656060557541;7512:2373.889420557541;3274:2385.235420557541;2902:2385.3470205575413;3901:2385.815020557541;7011:2387.795980557541;7336:2390.703460557541;4365:2398.2845805575407;7288:2399.4077805575407;1182:2400.324700557541;1001:2405.615860557541;6296:2407.975180557541;1434:2413.934260557541;3820:2419.042900557541;3877:2420.9507805575413;2787:2429.7433005575413;4993:2430.792340557541;6537:2436.5921805575413;7281:2442.4273005575415;2307:2445.9460605575414;3549:2451.5833005575414;6384:2451.8451405575415;4032:2455.0667805575417;1804:2455.9826925575417;4811:2457.6653325575417;5237:2462.4058125575416;608:2471.2718925575414;459:2471.6016525575415;2416:2473.8152925575414;4011:2474.4794205575413;5246:2480.4045885575415;363:2487.3132765575415;366:2488.7183565575415;2314:2489.8632285575413;2877:2503.0343325575413;1748:2504.1528525575413;1743:2511.907252557541;1157:2516.646395414684;2058:2522.4362239861125;2092:2525.8253668432553;915:2530.9435382718266;2980:2543.141881821883
0,1,low_range_vehtype,out_of_service,True,2543.141881821883,2580.0,2980;-1;-1,2980;-1;-1,0.0,0.20672025637823438,0.20672025637823438,0.0,,0,,0,,,,
0,3,low_range_vehtype,charging,True,2208.530501458399,3216.025179120424,2966;-1;-1,2966;-1;-1,0.0,0.16042110194831263,1.0,15.0,0-0,0,,0,,,,
0,4,low_range_vehtype,charging,True,1845.2948005756411,3204.308763498252,2993;-1;-1,2993;-1;-1,0.0,-0.13251163576884262,1.0,15.0,2-2,0,,0,,,,
0,2,low_range_vehtype,out_of_service,True,2220.0,3216.0251791204237,2966;-1;-1,2966;-1;-1,0.0,0.8647258743415025,0.8647258743415025,0.0,,0,,0,,,,
0,4,low_range_vehtype,route,False,3204.308763498252,3240.0,2993;-1;-1,1711;98;0.740,495.7116180798329,1.0,0.9504288381920167,0.0,,0,,0,,,2993;4483;7446;1960;816;6786;5444;1716;2720;4210;1711,2993:3204.308763498252;4483:3205.0701834801534;7446:3207.7369194801536;1960:3208.721159480154;816:3216.2530794801537;6786:3217.5200634801536;5444:3228.0564714801535;1716:3230.8468314801535;2720:3231.5934714801533;4210:3232.491743480153;1711:3233.621423480153
0,4,low_range_vehtype,route,True,3240.0,3315.088667318168,1711;98;0.740,2970;-1;-1,846.4183580966945,0.9504288381920167,0.8657870023823473,0.0,,0,,0,,,1711;98;2497;7434;2760;542;1074;336;2759;1664;1659;4844;3270;4850;6823;1946;7401;3560;2970,1711:3240;98:3242.2372314801532;2497:3243.7478634801532;7434:3250.9557114801532;2760:3257.4942474801533;542:3265.0223514801532;1074:3265.955759480153;336:3266.978879480153;2759:3271.708847480153;1664:3274.962743480153;1659:3279.722303480153;4844:3291.994823480153;3270:3293.867903480153;4850:3299.421023480153;6823:3306.901343480153;1946:3311.154623480153;7401:3312.353663480153;3560:3313.4292234801533;2970:3315.088667318168
0,4,low_range_vehtype,boarding,True,3315.088667318168,3345.088667318168,2970;-1;-1,2970;-1;-1,0.0,0.8657870023823473,0.8657870023823473,0.0,,0,37,1,37,,,
0,2,low_range_vehtype,charging,True,3216.0251791204237,3378.3541299106205,2966;-1;-1,2966;-1;-1,0.0,0.8647258743415025,1.0,15,0-0,0,,0,,,,
0,4,low_range_vehtype,route,True,3345.088667318168,3453.5425838685883,2970;-1;-1,2972;-1;-1,956.9275289670156,0.8657870023823473,0.7700942494856458,0.0,,0,37,1,,,2970;671;662;7398;3491;6933;7394;6989;7392;5704;7389;3806;2573;885;316;2042;1982;6306;374;7114;3246;5330;661;445;2972,2970:3345.088667318168;671:3346.1187834801535;662:3368.5685034801536;7398:3372.0877434801537;3491:3378.4124634801537;6933:3379.3242234801537;7394:3384.685823480154;6989:3385.280183480154;7392:3394.491263480154;5704:3396.856343480154;7389:3411.394583480154;3806:3415.458983480154;2573:3416.5269834801543;885:3417.1303434801544;316:3423.957503480154;2042:3434.6959434801543;1982:3435.4586634801544;6306:3435.6755034801545;374:3443.9765034801544;7114:3446.1915114801545;3246:3447.3293274801545;5330:3448.0769034801547;661:3449.0683434801545;445:3452.0980314801545;2972:3453.5425838685883
0,4,low_range_vehtype,boarding,True,3453.5425838685883,3483.5425838685883,2972;-1;-1,2972;-1;-1,0.0,0.7700942494856458,0.7700942494856458,0,,0,37,1,,37,,
0,4,low_range_vehtype,route,True,3483.5425838685883,3596.0298142911233,2972;-1;-1,2986;-1;-1,1394.3769304717202,0.7700942494856458,0.6306565564384737,0.0,,0,,0,,,2972;6079;7380;364;3029;3886;5711;6045;2157;4817;456;5901;7605;2830;5852;6913;1321;597;2204;6066;6049;7367;2188;2186;5744;6033;5746;6031;146;2828;2376;3091;4274;3068;70;73;4273;103;6480;7360;2986,2972:3483.5425838685883;6079:3484.9214394801543;7380:3485.330327480154;364:3485.765711480154;3029:3487.789919480154;3886:3488.287943480154;5711:3490.827527480154;6045:3492.221807480154;2157:3496.410335480154;4817:3496.887119480154;456:3497.501999480154;5901:3498.257567480154;7605:3501.7292634801543;2830:3501.9586554801544;5852:3508.4853834801543;6913:3510.3817914801543;1321:3515.5302234801543;597:3515.9931114801543;2204:3517.5503994801543;6066:3518.1960954801543;6049:3522.4224234801545;7367:3524.6959674801546;2188:3531.3591354801547;2186:3532.6354074801548;5744:3534.650831480155;6033:3536.020271480155;5746:3537.943679480155;6031:3539.4353034801547;146:3540.3964314801547;2828:3541.488239480155;2376:3546.9901194801546;3091:3560.3118474801545;4274:3561.4547754801547;3068:3566.19906119444;70:3568.4850611944403;73:3570.7710611944403;4273:3575.515346908726;103:3576.658274908726;6480:3589.980002908726;7360:3595.4818829087258;2986:3596.0298142911233
0,2,low_range_vehtype,out_of_service,True,3378.3541299106205,3600.0,2966;-1;-1,2966;-1;-1,0.0,1.0,1.0,0.0,,0,,0,,,,
0,0,low_range_vehtype,out_of_service,True,-1.0,3600.0,2980;-1;-1,2980;-1;-1,0.0,1.0,1.0,0.0,,0,,0,,,,
0,3,low_range_vehtype,out_of_service,True,3216.025179120424,3600.0,2966;-1;-1,2966;-1;-1,0.0,1.0,1.0,0.0,,0,,0,,,,
0,4,low_range_vehtype,boarding,True,3596.0298142911233,3626.0298142911233,2986;-1;-1,2986;-1;-1,0.0,0.6306565564384737,0.6306565564384737,0,,0,42,1,42,,,
0,4,low_range_vehtype,route,True,3626.0298142911233,3834.6050856038846,2986;-1;-1,2970;-1;-1,2037.389540561264,0.6306565564384737,0.4269176023823474,0.0,,0,42,1,,,2986;3155;6029;5745;6035;5743;6038;6041;7365;6050;6068;6077;3629;4502;6912;2108;7370;7608;5900;3459;4818;5992;6047;5708;3884;3030;3347;7376;2207;3446;3720;5332;251;2711;3358;2296;5495;5696;3307;3987;6878;746;2834;2045;2835;2641;7396;2616;486;2838;3722;3732;544;7400;5449;6824;4848;1631;1593;6821;1946;7401;3560;2970,2986:3626.0298142911233;3155:3626.5736909087254;6029:3627.5348189087254;5745:3629.026442908725;6035:3630.9498509087252;5743:3632.319290908725;6038:3634.3347149087253;6041:3635.6109869087254;7365:3642.2741549087254;6050:3644.5476989087256;6068:3648.774026908726;6077:3649.419722908726;3629:3650.977010908726;4502:3651.439898908726;6912:3656.5883309087258;2108:3658.484738908726;7370:3665.0114669087257;7608:3665.240858908726;5900:3668.712554908726;3459:3669.468122908726;4818:3670.083002908726;5992:3670.559786908726;6047:3674.748314908726;5708:3676.142594908726;3884:3678.682178908726;3030:3679.180202908726;3347:3681.204410908726;7376:3681.639794908726;2207:3682.048682908726;3446:3684.872090908726;3720:3687.901778908726;5332:3688.893218908726;251:3689.640794908726;2711:3690.778610908726;3358:3692.993618908726;2296:3701.294618908726;5495:3701.511458908726;5696:3702.2741789087263;3307:3713.0126189087264;3987:3719.839778908726;6878:3720.4431389087263;746:3721.5111389087265;2834:3725.5755389087267;2045:3740.1137789087265;2835:3742.4788589087266;2641:3751.6899389087266;7396:3752.2842989087267;2616:3757.645898908727;486:3758.557658908727;2838:3764.882378908727;3722:3768.401618908727;3732:3790.851338908727;544:3793.540898908727;7400:3794.616458908727;5449:3795.815498908727;6824:3800.068778908727;4848:3807.549098908727;1631:3813.2432703372983;1593:3818.9374417658696;6821:3826.4177617658697;1946:3830.6710417658696;7401:3831.8700817658696;3560:3832.94564176587;2970:3834.6050856038846
0,3,low_range_vehtype,boarding,True,3840.0,3870.0,2966;-1;-1,2966;-1;-1,0.0,1.0,1.0,0,,0,51,1,51,,,
0,4,low_range_vehtype,boarding,True,3834.6050856038846,3864.6050856038846,2970;-1;-1,2970;-1;-1,0.0,0.4269176023823474,0.4269176023823474,0,,0,42,1,,42,,
0,0,low_range_vehtype,route,False,3720.0,3981.150942116477,2980;-1;-1,2974;-1;-1,1919.4675217989563,1.0,0.8080532478201043,0.0,,0,,0,,,2980;914;2135;1730;2664;2579;2961;2407;2581;370;361;2874;1887;4059;910;6541;3462;3648;2851;2850;1801;1560;5242;4277;5239;6501;3911;5389;7301;3914;5398;5400;4040;4041;5374;5418;5424;5403;6546;1200;7312;3767;4527;3089;3131;5447;7352;414;122;3426;4305;793;118;3979;4275;103;6480;7360;3154;6028;2181;2180;146;2828;2974,2980:3720;914:3735.8821707356574;2135:3743.8330278785147;1730:3759.2893707356575;2664:3761.1114850213717;2579:3765.9874278785146;2961:3782.7582850213716;2407:3788.0070850213715;2581:3796.494342164229;370:3798.077190164229;361:3800.574294164229;2874:3801.160302164229;1887:3806.815686164229;4059:3808.734990164229;910:3813.2511901642292;6541:3813.915318164229;3462:3816.128958164229;3648:3816.458718164229;2851:3821.132958164229;2850:3822.066318164229;1801:3825.361998164229;1560:3830.102478164229;5242:3831.785118164229;4277:3833.373198164229;5239:3838.877838164229;6501:3844.840398164229;3911:3854.195238164229;5389:3855.2610781642293;7301:3855.5149981642294;3914:3856.6986781642295;5398:3857.8755181642296;5400:3859.2021181642294;4040:3868.5069181642293;4041:3871.4512381642294;5374:3875.7037981642293;5418:3876.7410781642293;5424:3876.884358164229;5403:3877.989678164229;6546:3882.2165581642294;1200:3886.8256381642295;7312:3888.3193981642294;3767:3890.3257981642296;4527:3893.1226381642296;3089:3901.5322381642295;3131:3902.0124781642294;5447:3904.4001181642293;7352:3905.7114781642294;414:3908.1811981642295;122:3920.5355581642293;3426:3921.7890781642295;4305:3923.1913981642297;793:3935.30695816423;118:3941.1712381642296;3979:3943.0217821642295;4275:3943.6131181642295;103:3944.7560461642297;6480:3958.0777741642296;7360:3963.5796541642294;3154:3964.6714621642295;6028:3965.6325901642294;2181:3969.8646473070867;2180:3974.096704449944;146:3975.057832449944;2828:3976.149640449944;2974:3981.150942116477
0,0,low_range_vehtype,boarding,True,3981.150942116477,4011.150942116477,2974;-1;-1,2974;-1;-1,0.0,0.8080532478201043,0.8080532478201043,0.0,,0,50,1,50,,,
0,2,low_range_vehtype,route,False,3840.0,3973.985975052738,2966;-1;-1,2969;-1;-1,1204.2762917876328,1.0,0.8795723708212367,0.0,,0,,0,,,2966;2743;2631;2150;735;738;1096;3736;81;831;2413;1146;832;1880;1340;3638;3641;7177;5275;5297;5072;1464;2847;5825;4587;5794;3202;2065;2023;4203;4198;336;2969,2966:3840;2743:3847.8438282903994;2631:3851.855256861828;2150:3868.7855425761136;735:3879.267714004685;738:3885.435542576113;1096:3894.974514004685;3736:3895.2375300046847;81:3899.0864340046846;831:3909.9330180046845;2413:3910.9207140046847;1146:3911.7340980046847;832:3912.5425140046846;1880:3915.1402020046844;1340:3926.6730180046843;3638:3927.6594900046844;3641:3928.7230740046843;7177:3932.301474004684;5275:3936.8107620046844;5297:3940.1895780046843;5072:3940.419834004684;1464:3947.3603460046843;2847:3948.4310580046845;5825:3951.3297060046843;4587:3953.610018004684;5794:3955.230162004684;3202:3959.3515140046843;2065:3964.4957700046843;2023:3970.0540980046844;4203:3970.8548820046844;4198:3971.8365300046844;336:3972.859650004684;2969:3973.985975052738
0,2,low_range_vehtype,boarding,True,3973.985975052738,4003.985975052738,2969;-1;-1,2969;-1;-1,0.0,0.8795723708212367,0.8795723708212367,0.0,,0,52,1,52,,,
0,4,low_range_vehtype,to_charge,True,3864.6050856038846,3975.1025177839692,2970;-1;-1,2993;-1;-1,1326.7610238234724,0.4269176023823474,0.2942415000000001,0.0,,0,,0,,,2970;671;544;7400;5449;6824;4848;3271;4846;4989;5000;337;1075;537;18;5629;1068;2559;6740;1717;2067;2063;1937;6789;3895;5465;7450;2993,2970:3864.6050856038846;671:3865.63520176587;544:3868.32476176587;7400:3869.40032176587;5449:3870.59936176587;6824:3874.85264176587;4848:3882.33296176587;3271:3887.88608176587;4846:3889.75916176587;4989:3902.03168176587;5000:3906.79124176587;337:3914.55147376587;1075:3915.57531376587;537:3916.52931376587;18:3922.39688176587;5629:3928.24630576587;1068:3930.79870576587;2559:3937.84930576587;6740:3942.3199297658703;1717:3948.1536577658703;2067:3948.8914417658702;2063:3949.6076977658704;1937:3952.8776497658705;6789:3963.4140577658704;3895:3964.6810417658703;5465:3972.21296176587;7450:3973.1972017658704;2993:3975.1025177839692
0,2,low_range_vehtype,route,False,4003.985975052738,4058.2640824697396,2969;-1;-1,2992;-1;-1,753.8626030139021,0.8795723708212367,0.8041861105198465,0.0,,0,52,1,,,2969;7192;1664;337;1075;537;18;5629;1068;2559;6740;1717;2067;2063;1937;2992,2969:4003.985975052738;7192:4007.5896180046843;1664:4010.8435140046845;337:4018.6037460046846;1075:4019.6275860046844;537:4020.5815860046846;18:4026.4491540046847;5629:4032.2985780046847;1068:4034.8509780046847;2559:4041.901578004685;6740:4046.372202004685;1717:4052.205930004685;2067:4052.943714004685;2063:4053.659970004685;1937:4056.929922004685;2992:4058.2640824697396
0,2,low_range_vehtype,boarding,True,4058.2640824697396,4088.2640824697396,2992;-1;-1,2992;-1;-1,0.0,0.8041861105198465,0.8041861105198465,0,,0,52,1,,52,,
0,3,low_range_vehtype,route,False,3870.0,4148.913828990278,2966;-1;-1,2988;-1;-1,2634.7327710788463,1.0,0.7365267228921153,0.0,,0,51,1,,,2966;2743;2631;2150;735;738;1096;3736;81;831;2413;1146;832;1880;1340;3638;3641;7177;5275;5297;5072;1464;2847;5825;4587;5794;3202;2065;2023;4203;4198;1071;1070;1069;1067;1504;4396;710;2281;4664;6260;3300;1832;708;6180;2405;6169;2744;2567;2576;3077;3241;88;2758;2742;2448;2353;6140;7386;3742;7100;6318;737;6639;2446;2301;1992;1990;1988;1985;3729;5498;5496;5699;5494;6307;374;7114;3246;5330;661;445;6080;7381;364;3029;69;30;3346;2832;2207;2988,2966:3870;2743:3877.8438282903994;2631:3881.855256861828;2150:3898.7855425761136;735:3909.267714004685;738:3915.435542576113;1096:3924.974514004685;3736:3925.2375300046847;81:3929.0864340046846;831:3939.9330180046845;2413:3940.9207140046847;1146:3941.7340980046847;832:3942.5425140046846;1880:3945.1402020046844;1340:3956.6730180046843;3638:3957.6594900046844;3641:3958.7230740046843;7177:3962.301474004684;5275:3966.8107620046844;5297:3970.1895780046843;5072:3970.419834004684;1464:3977.3603460046843;2847:3978.4310580046845;5825:3981.3297060046843;4587:3983.610018004684;5794:3985.230162004684;3202:3989.3515140046843;2065:3994.4957700046843;2023:4000.0540980046844;4203:4000.8548820046844;4198:4001.8365300046844;1071:4002.8390580046844;1070:4017.3023460046843;1069:4018.0406340046843;1067:4020.7026900046844;1504:4025.1564660046843;4396:4025.382762004684;710:4025.933418004684;2281:4026.939114004684;4664:4030.8171060046843;6260:4031.2630020046845;3300:4031.8621140046844;1832:4034.6523300046842;708:4035.1913940046843;6180:4035.6148260046843;2405:4037.8372260046845;6169:4041.3143460046845;2744:4045.9149060046843;2567:4047.7578660046843;2576:4056.246426004684;3077:4058.379066004684;3241:4061.507946004684;88:4063.434786004684;2758:4065.398226004684;2742:4065.8046660046843;2448:4068.9903060046845;2353:4075.1911860046844;6140:4080.3622260046845;7386:4081.7046660046844;3742:4089.3636660046845;7100:4089.9033060046845;6318:4090.3813860046844;737:4091.2971060046843;6639:4093.1463060046844;2446:4094.7175860046846;2301:4097.014626004685;1992:4098.039666004685;1990:4099.736586004686;1988:4102.190586004685;1985:4105.712346004685;3729:4108.059786004685;5498:4109.457186004684;5496:4112.364426004684;5699:4113.061866004684;5494:4114.165626004684;6307:4114.382466004684;374:4122.683466004684;7114:4124.898474004684;3246:4126.036290004685;5330:4126.783866004685;661:4127.775306004684;445:4130.804994004684;6080:4133.628402004684;7381:4134.037290004684;364:4134.472674004684;3029:4136.496882004684;69:4140.62916771897;30:4144.761453433256;3346:4146.785661433256;2832:4147.221045433256;2207:4147.629933433256;2988:4148.913828990278
0,3,low_range_vehtype,boarding,True,4148.913828990278,4178.913828990278,2988;-1;-1,2988;-1;-1,0.0,0.7365267228921153,0.7365267228921153,0.0,,0,51,1,,51,,
0,0,low_range_vehtype,route,False,4011.150942116477,4226.276603145101,2974;-1;-1,2970;-1;-1,2128.367175503833,0.8080532478201043,0.595216530269721,0.0,,0,50,1,,,2974;6479;7359;3154;6028;5745;6035;5743;6038;6041;7365;6050;6068;6077;3629;4502;6912;2108;7370;7608;5900;3459;4818;5992;6047;5708;3884;3030;3347;7376;2207;3446;3720;5332;251;2711;3358;2296;5495;5696;3307;3987;6878;746;2834;2045;2835;2641;7396;2616;486;2838;3722;3732;544;7400;5449;6824;4848;1631;1593;6821;1946;7401;3560;2970,2974:4011.150942116477;6479:4011.651520449944;7359:4017.153400449944;3154:4018.245208449944;6028:4019.206336449944;5745:4020.697960449944;6035:4022.621368449944;5743:4023.990808449944;6038:4026.006232449944;6041:4027.282504449944;7365:4033.945672449944;6050:4036.2192164499443;6068:4040.4455444499445;6077:4041.0912404499445;3629:4042.6485284499445;4502:4043.1114164499445;6912:4048.2598484499445;2108:4050.1562564499445;7370:4056.6829844499443;7608:4056.9123764499445;5900:4060.3840724499446;3459:4061.1396404499446;4818:4061.7545204499447;5992:4062.2313044499447;6047:4066.419832449945;5708:4067.814112449945;3884:4070.353696449945;3030:4070.851720449945;3347:4072.8759284499447;7376:4073.3113124499446;2207:4073.7202004499445;3446:4076.5436084499447;3720:4079.573296449945;5332:4080.5647364499446;251:4081.312312449945;2711:4082.4501284499447;3358:4084.665136449945;2296:4092.9661364499448;5495:4093.182976449945;5696:4093.945696449945;3307:4104.684136449945;3987:4111.511296449945;6878:4112.114656449945;746:4113.182656449945;2834:4117.247056449945;2045:4131.785296449945;2835:4134.150376449945;2641:4143.361456449945;7396:4143.955816449945;2616:4149.317416449945;486:4150.229176449945;2838:4156.553896449945;3722:4160.073136449944;3732:4182.522856449944;544:4185.212416449944;7400:4186.287976449944;5449:4187.487016449944;6824:4191.740296449944;4848:4199.220616449944;1631:4204.914787878515;1593:4210.6089593070865;6821:4218.089279307086;1946:4222.342559307086;7401:4223.5415993070865;3560:4224.617159307087;2970:4226.276603145101
0,0,low_range_vehtype,boarding,True,4226.276603145101,4256.276603145101,2970;-1;-1,2970;-1;-1,0.0,0.595216530269721,0.595216530269721,0.0,,0,50,1,,50,,
0,0,low_range_vehtype,route,True,4320,4428.453916550418,2970;-1;-1,2972;-1;-1,956.9275289670156,0.595216530269721,0.4995237773730194,0.0,,0,,0,,,2970;671;662;7398;3491;6933;7394;6989;7392;5704;7389;3806;2573;885;316;2042;1982;6306;374;7114;3246;5330;661;445;2972,2970:4320;671:4321.0301161619855;662:4343.479836161985;7398:4346.999076161985;3491:4353.323796161984;6933:4354.235556161984;7394:4359.5971561619845;6989:4360.1915161619845;7392:4369.402596161985;5704:4371.767676161984;7389:4386.305916161984;3806:4390.370316161984;2573:4391.438316161984;885:4392.0416761619845;316:4398.868836161984;2042:4409.607276161984;1982:4410.369996161984;6306:4410.586836161984;374:4418.8878361619845;7114:4421.102844161985;3246:4422.240660161985;5330:4422.988236161985;661:4423.979676161985;445:4427.009364161984;2972:4428.453916550418
0,3,low_range_vehtype,route,True,4260,4424.540164339868,2988;-1;-1,2977;-1;-1,1834.1576830709987,0.7365267228921153,0.5531109545850155,0.0,,0,,0,,,2988;3447;6082;7383;364;3029;3886;5711;6045;2157;4817;456;5901;7605;2830;5852;6913;1321;597;2204;6066;6049;7367;2188;2186;5744;6033;5746;6031;146;2828;2376;3091;4274;880;3109;3874;4306;429;4313;68;7318;7325;3011;4;4345;7330;7562;7316;7531;2802;2977,2988:4260;3447:4261.539512442979;6082:4264.362920442979;7383:4264.771808442979;364:4265.207192442979;3029:4267.231400442979;3886:4267.7294244429795;5711:4270.26900844298;6045:4271.66328844298;2157:4275.85181644298;4817:4276.32860044298;456:4276.94348044298;5901:4277.69904844298;7605:4281.170744442979;2830:4281.40013644298;5852:4287.926864442979;6913:4289.823272442979;1321:4294.971704442979;597:4295.434592442979;2204:4296.991880442979;6066:4297.637576442979;6049:4301.863904442978;7367:4304.137448442978;2188:4310.800616442978;2186:4312.076888442978;5744:4314.092312442978;6033:4315.461752442979;5746:4317.385160442978;6031:4318.8767844429785;146:4319.837912442978;2828:4320.929720442979;2376:4326.431600442978;3091:4339.753328442978;4274:4340.8962564429785;880:4341.487592442979;3109:4343.338136442979;3874:4349.202416442979;4306:4361.317976442979;429:4362.720296442979;4313:4363.903256442979;68:4369.501616442979;7318:4376.1696564429785;7325:4379.496416442978;3011:4383.507056442979;4:4388.292176442978;4345:4390.335656442979;7330:4391.538656442979;7562:4399.372496442979;7316:4406.76749644298;7531:4414.32245644298;2802:4421.53793644298;2977:4424.540164339868
0,1,low_range_vehtype,charging,True,2580.0,4483.871384692237,2980;-1;-1,2980;-1;-1,0.0,0.20672025637823438,1.0,7.5,1-0,0,,0,,,,
0,0,low_range_vehtype,boarding,True,4428.453916550418,4458.453916550418,2972;-1;-1,2972;-1;-1,0.0,0.4995237773730194,0.4995237773730194,0.0,,0,55,1,55,,,
0,3,low_range_vehtype,boarding,True,4424.540164339868,4454.540164339868,2977;-1;-1,2977;-1;-1,0.0,0.5531109545850155,0.5531109545850155,0.0,,0,54,1,54,,,
0,0,low_range_vehtype,route,True,4458.453916550418,4593.330031231355,2972;-1;-1,2991;-1;-1,1408.0867039019315,0.4995237773730194,0.3587151069828262,0.0,,0,55,1,,,2972;6079;3446;3720;5332;251;2711;3358;2296;5495;5697;5497;5500;670;5502;5512;5520;5531;6313;6632;6644;3793;6319;7102;3741;7384;6414;5446;2447;2571;42;2577;2566;3033;3036;2469;2404;2235;3762;5287;310;2280;1447;6261;3764;4397;4745;4182;4187;4191;4195;4202;4208;537;2991,2972:4458.453916550418;6079:4459.832772161984;3446:4462.656180161985;3720:4465.685868161984;5332:4466.677308161984;251:4467.424884161984;2711:4468.562700161984;3358:4470.777708161984;2296:4479.078708161985;5495:4479.295548161985;5697:4480.399308161985;5497:4481.096748161985;5500:4484.003988161984;670:4485.401388161984;5502:4487.7488281619835;5512:4491.270588161983;5520:4493.724588161983;5531:4495.421508161983;6313:4496.446548161984;6632:4498.743588161984;6644:4500.314868161984;3793:4502.164068161984;6319:4503.079788161984;7102:4503.557868161984;3741:4504.097508161984;7384:4511.756508161983;6414:4516.963668161983;5446:4519.231428161983;2447:4523.167548161983;2571:4530.756468161983;42:4535.424468161983;2577:4536.096948161983;2566:4544.696028161983;3033:4545.3269881619835;3036:4547.596548161983;2469:4551.188868161983;2404:4554.512388161983;2235:4555.795788161983;3762:4556.219220161983;5287:4556.758284161982;310:4559.548500161983;2280:4560.147612161983;1447:4560.593508161983;6261:4564.4715001619825;3764:4565.477196161983;4397:4566.027852161983;4745:4566.254148161983;4182:4570.707924161983;4187:4573.369980161983;4191:4574.108268161983;4195:4588.571556161983;4202:4589.574084161983;4208:4590.555732161983;537:4591.509732161982;2991:4593.330031231355
0,1,low_range_vehtype,route,False,4483.871384692237,4602.3200160023225,2980;-1;-1,2981;-1;-1,632.2576748681245,1.0,0.9367742325131876,0.0,,0,,0,,,2980;914;2135;1730;2664;2579;2961;2407;2581;370;361;2874;1887;4059;910;6541;3462;3648;2851;2850;1801;1560;5242;922;6385;3550;2981,2980:4483.871384692237;914:4499.753555427895;2135:4507.704412570752;1730:4523.160755427894;2664:4524.982869713609;2579:4529.858812570752;2961:4546.6296697136095;2407:4551.87846971361;2581:4560.365726856467;370:4561.948574856467;361:4564.445678856467;2874:4565.031686856467;1887:4570.687070856467;4059:4572.606374856467;910:4577.122574856467;6541:4577.786702856467;3462:4580.000342856467;3648:4580.3301028564665;2851:4585.004342856467;2850:4585.937702856467;1801:4589.233382856467;1560:4593.973862856467;5242:4595.656502856467;922:4596.572414856468;6385:4599.7940548564675;3550:4600.055894856468;2981:4602.3200160023225
0,2,low_range_vehtype,route,True,4320.0,4578.4137531130045,2992;-1;-1,2979;-1;-1,3163.541197167586,0.8041861105198465,0.48783199080308787,0.0,,0,,0,,,2992;2526;5444;1716;2720;4210;1711;98;2497;7434;2760;542;1074;4204;5649;5760;205;5793;1407;5826;7411;4686;5074;5295;5274;7181;604;603;602;3851;4573;1400;971;598;1368;591;585;940;1370;939;1903;983;3921;840;2881;5099;2878;1735;2581;370;361;2874;1887;4059;910;6541;3462;3648;2851;2850;1801;1560;5242;922;6385;3550;6322;7280;2411;6281;2286;2287;6538;2979,2992:4320;2526:4329.202247534946;5444:4339.738655534946;1716:4342.529015534946;2720:4343.275655534946;4210:4344.173927534946;1711:4345.303607534946;98:4353.919415534946;2497:4355.430047534946;7434:4362.637895534946;2760:4369.1764315349465;542:4376.704535534946;1074:4377.637943534946;4204:4378.619591534946;5649:4379.420375534946;5760:4384.978703534946;205:4390.122959534946;5793:4394.244311534946;1407:4395.8644555349465;5826:4398.144767534946;7411:4401.043415534947;4686:4402.114127534946;5074:4409.054639534947;5295:4409.284895534946;5274:4412.663711534947;7181:4417.172999534947;604:4420.751399534947;603:4421.814983534948;602:4422.6681115349475;3851:4423.671503534947;4573:4427.977823534947;1400:4429.710503534947;971:4433.508935534946;598:4434.576191534947;1368:4435.536527534947;591:4441.407479534947;585:4454.578727534947;940:4461.158591534947;1370:4468.185215534947;939:4468.881887534947;1903:4469.703479534947;983:4470.685991534947;3921:4474.484135534947;840:4479.044975534947;2881:4485.675599534948;5099:4486.828463534947;2878:4487.956487534947;1735:4498.9408075349465;2581:4500.280223534946;370:4501.863071534946;361:4504.360175534946;2874:4504.946183534947;1887:4510.601567534946;4059:4512.520871534946;910:4517.037071534946;6541:4517.701199534947;3462:4519.914839534947;3648:4520.244599534946;2851:4524.9188395349465;2850:4525.8521995349465;1801:4529.147879534947;1560:4533.888359534947;5242:4535.570999534947;922:4536.4869115349475;6385:4539.708551534947;3550:4539.970391534947;6322:4545.607631534947;7280:4549.126391534947;2411:4554.961511534947;6281:4560.005625820661;2286:4564.772540106375;2287:4569.539454392089;6538:4574.583568677804;2979:4578.4137531130045
0,2,low_range_vehtype,boarding,True,4578.4137531130045,4608.4137531130045,2979;-1;-1,2979;-1;-1,0.0,0.48783199080308787,0.48783199080308787,0.0,,0,56,1,56,,,
0,0,low_range_vehtype,boarding,True,4593.330031231355,4623.330031231355,2991;-1;-1,2991;-1;-1,0.0,0.3587151069828262,0.3587151069828262,0.0,,0,55,1,,55,,
0,0,low_range_vehtype,waiting,False,4623.330031231355,4623.330031231359,2991;-1;-1,2991;-1;-1,0.0,0.3587151069828262,0.3587151069828262,0.0,,0,,0,,,,
0,1,low_range_vehtype,boarding,True,4602.3200160023225,4632.3200160023225,2981;-1;-1,2981;-1;-1,0.0,0.9367742325131876,0.9367742325131876,0.0,,0,58,1,58,,,
0,2,low_range_vehtype,route,True,4608.4137531130045,4760.17349936229,2979;-1;-1,2975;-1;-1,1224.9515235059305,0.48783199080308787,0.36533683845249476,0.0,,0,56,1,,,2979;2786;2307;3549;6384;4032;1804;4277;5239;6501;3911;5389;7301;3914;5398;5400;4040;4041;5374;5418;5424;5403;6546;1200;7312;3767;4527;3089;3131;5447;7352;414;122;3426;4305;793;118;3979;4275;3068;70;73;4273;880;3109;3874;2975,2979:4608.4137531130045;2786:4610.418688677803;2307:4613.937448677803;3549:4619.574688677803;6384:4619.8365286778035;4032:4623.058168677803;1804:4623.974080677804;4277:4625.562160677804;5239:4631.066800677804;6501:4637.029360677804;3911:4646.384200677804;5389:4647.450040677804;7301:4647.703960677804;3914:4648.8876406778045;5398:4650.064480677805;5400:4651.391080677805;4040:4660.695880677805;4041:4663.640200677804;5374:4667.892760677804;5418:4668.930040677804;5424:4669.073320677804;5403:4670.178640677804;6546:4674.405520677804;1200:4679.014600677804;7312:4680.508360677804;3767:4682.514760677805;4527:4685.311600677805;3089:4693.7212006778045;3131:4694.201440677804;5447:4696.589080677804;7352:4697.900440677804;414:4700.370160677804;122:4712.724520677804;3426:4713.9780406778045;4305:4715.380360677805;793:4727.495920677805;118:4733.360200677805;3979:4735.2107446778045;4275:4735.802080677805;3068:4740.546366392091;70:4742.832366392091;73:4745.118366392091;4273:4749.862652106377;880:4750.453988106377;3109:4752.304532106377;3874:4758.168812106377;2975:4760.17349936229
0,2,low_range_vehtype,boarding,True,4760.17349936229,4790.17349936229,2975;-1;-1,2975;-1;-1,0.0,0.36533683845249476,0.36533683845249476,0.0,,0,56,1,,56,,
0,3,low_range_vehtype,route,True,4454.540164339868,4745.230112908032,2977;-1;-1,2992;-1;-1,2881.77744065169,0.5531109545850155,0.2649332105198465,0.0,,0,54,1,,,2977;6202;7315;7530;2803;7558;2806;4344;2996;3013;7322;2804;3061;1173;3425;3125;3406;2825;1944;130;99;4526;714;2800;4332;799;3653;3825;7127;1836;4248;5046;7138;6879;1367;3637;3640;3643;7179;5275;5297;5072;1464;2847;5825;4587;5794;3202;2065;2023;4203;537;18;5629;1068;2559;6740;1717;2067;2063;1937;2992,2977:4454.540164339868;6202:4458.43325644298;7315:4465.328576442979;7530:4472.544056442979;2803:4480.0990164429795;7558:4487.49401644298;2806:4495.32785644298;4344:4496.530856442981;2996:4498.574336442981;3013:4503.35945644298;7322:4507.370096442981;2804:4510.696856442981;3061:4517.36489644298;1173:4522.96325644298;3425:4524.14621644298;3125:4525.399736442981;3406:4537.754096442981;2825:4540.223816442981;1944:4541.535176442981;130:4543.922816442981;99:4544.40305644298;4526:4552.81265644298;714:4555.60949644298;2800:4557.615896442981;4332:4558.43153644298;799:4559.61245644298;3653:4564.20869644298;3825:4565.45729644298;7127:4609.01741644298;1836:4610.36837644298;4248:4624.913576442979;5046:4641.254096442979;7138:4642.892696442979;6879:4649.15909644298;1367:4660.6519764429795;3637:4662.545096442979;3640:4663.398224442979;3643:4664.461808442979;7179:4668.04020844298;5275:4672.54949644298;5297:4675.92831244298;5072:4676.15856844298;1464:4683.09908044298;2847:4684.16979244298;5825:4687.06844044298;4587:4689.34875244298;5794:4690.968896442981;3202:4695.090248442981;2065:4700.23450444298;2023:4705.79283244298;4203:4706.59361644298;537:4707.54761644298;18:4713.41518444298;5629:4719.26460844298;1068:4721.817008442979;2559:4728.867608442979;6740:4733.338232442979;1717:4739.171960442978;2067:4739.909744442978;2063:4740.626000442978;1937:4743.895952442977;2992:4745.230112908032
0,3,low_range_vehtype,boarding,True,4745.230112908032,4775.230112908032,2992;-1;-1,2992;-1;-1,0.0,0.2649332105198465,0.2649332105198465,0.0,,0,54,1,,54,,
0,4,low_range_vehtype,charging,True,3975.1025177839692,4822.0127177839695,2993;-1;-1,2993;-1;-1,0.0,0.2942415000000001,1.0,15.0,2-2,0,,0,,,,
0,0,low_range_vehtype,to_charge,True,4623.330031231359,4817.617115300153,2991;-1;-1,2966;-1;-1,1911.7951801384868,0.3587151069828262,0.16753558896897752,0.0,,0,,0,,,2991;3010;5631;1068;2559;6740;1717;2067;2063;1937;6789;3895;5465;7450;4482;6930;7615;3488;4485;5469;2998;901;1083;1355;1961;1962;1033;1559;1958;2907;636;1954;1949;186;333;2164;695;694;1041;1623;1383;2333;2966,2991:4623.330031231359;3010:4627.377300161986;5631:4633.226724161986;1068:4635.779124161985;2559:4642.829724161985;6740:4647.300348161984;1717:4653.134076161984;2067:4653.871860161984;2063:4654.588116161984;1937:4657.858068161983;6789:4668.394476161983;3895:4669.661460161983;5465:4677.193380161983;7450:4678.177620161983;4482:4680.844356161983;6930:4682.160084161983;7615:4686.056436161983;3488:4687.380588161983;4485:4691.935236161983;5469:4692.296460161983;2998:4692.704916161983;901:4693.950444161984;1083:4696.740876161984;1355:4710.430164161983;1961:4711.412892161983;1962:4712.351772161983;1033:4713.561228161982;1559:4719.945324161982;1958:4727.292348161982;2907:4727.916012161982;636:4730.731140161982;1954:4731.3418441619815;1949:4740.241980161982;186:4741.808124161982;333:4742.447844161982;2164:4743.064236161982;695:4747.771524161982;694:4750.940244161981;1041:4751.759172161981;1623:4756.1424293048385;1383:4767.227857876267;2333:4807.381743590553;2966:4817.617115300153
0,0,low_range_vehtype,waiting,False,4817.617115300153,4817.617115300158,2966;-1;-1,2966;-1;-1,0.0,0.16753558896897752,0.16753558896897752,0.0,,0,,0,,,,
0,1,low_range_vehtype,route,True,4632.3200160023225,4805.900025925841,2981;-1;-1,2991;-1;-1,2274.3812553036123,0.9367742325131876,0.7093361069828265,0.0,,0,58,1,,,2981;6320;3549;6384;4032;1804;4811;5237;608;459;2416;4011;5246;363;366;2314;2877;1748;2880;906;984;2268;1857;1806;1371;938;5442;4054;2205;1369;2047;3631;4079;4572;4577;778;3636;3639;3642;7178;5275;5297;5072;1464;2847;5825;4587;5794;3202;2065;2023;4203;537;2991,2981:4632.3200160023225;6320:4635.693134856468;3549:4641.330374856468;6384:4641.592214856468;4032:4644.8138548564675;1804:4645.729766856468;4811:4647.412406856468;5237:4652.152886856468;608:4661.018966856468;459:4661.348726856468;2416:4663.562366856468;4011:4664.226494856468;5246:4670.151662856468;363:4677.060350856468;366:4678.465430856469;2314:4679.6103028564685;2877:4692.7814068564685;1748:4693.8999268564685;2880:4695.061718856468;906:4707.287030856468;984:4710.056726856468;2268:4710.804590856468;1857:4711.190510856468;1806:4711.852694856468;1371:4712.522870856467;938:4715.103998856467;5442:4724.824646856468;4054:4732.464638856468;2205:4738.217078856468;1369:4744.6632388564685;2047:4745.606294856469;3631:4747.169126856468;4079:4748.2363828564685;4572:4752.034814856468;4577:4753.767494856468;778:4758.073814856468;3636:4759.0772068564675;3639:4759.930334856467;3642:4760.993918856468;7178:4764.572318856468;5275:4769.081606856468;5297:4772.4604228564685;5072:4772.690678856468;1464:4779.6311908564685;2847:4780.701902856468;5825:4783.6005508564685;4587:4785.880862856468;5794:4787.501006856469;3202:4791.622358856469;2065:4796.766614856469;2023:4802.324942856469;4203:4803.125726856469;537:4804.079726856468;2991:4805.900025925841
0,1,low_range_vehtype,boarding,True,4805.900025925841,4835.900025925841,2991;-1;-1,2991;-1;-1,0.0,0.7093361069828265,0.7093361069828265,0.0,,0,58;62,2,62,,,
0,3,low_range_vehtype,waiting,False,4775.230112908032,4801.122010230925,2992;-1;-1,2992;-1;-1,0.0,0.2649332105198465,0.2649332105198465,0.0,,0,,0,,,,
0,3,low_range_vehtype,to_charge,True,4801.122010230925,4822.01271778397,2992;-1;-1,2993;-1;-1,290.1487160145031,0.2649332105198465,0.23591833891839617,0.0,,0,,0,,,2992;2526;3895;5465;7450;2993,2992:4801.122010230925;2526:4810.324257765871;3895:4811.591241765871;5465:4819.123161765871;7450:4820.107401765871;2993:4822.01271778397
0,1,low_range_vehtype,route,True,4835.900025925841,4982.350331588308,2991;-1;-1,2971;-1;-1,1454.2524412462765,0.7093361069828265,0.5639108628581988,0.0,,0,58;62,2,,,2991;3010;5631;1068;2867;2760;542;1074;336;2759;1664;1659;4844;3270;4850;6823;1946;7401;3560;3731;662;7398;3491;6933;7394;6989;7392;5704;7389;2971,2991:4835.900025925841;3010:4839.947294856468;5631:4845.796718856468;1068:4848.349118856468;2867:4849.223414856468;2760:4855.761950856468;542:4863.290054856468;1074:4864.223462856467;336:4865.246582856467;2759:4869.976550856467;1664:4873.230446856467;1659:4877.9900068564675;4844:4890.262526856468;3270:4892.135606856468;4850:4897.688726856468;6823:4905.1690468564675;1946:4909.422326856467;7401:4910.621366856468;3560:4911.696926856468;3731:4914.386486856468;662:4936.8362068564675;7398:4940.355446856467;3491:4946.680166856467;6933:4947.591926856467;7394:4952.953526856467;6989:4953.547886856467;7392:4962.758966856467;5704:4965.1240468564665;7389:4979.662286856466;2971:4982.350331588308
0,1,low_range_vehtype,boarding,True,4982.350331588308,5012.350331588308,2971;-1;-1,2971;-1;-1,0.0,0.5639108628581988,0.5639108628581988,0.0,,0,58;62,2,,58,,
0,4,low_range_vehtype,route,False,4822.0127177839695,5063.9700273439275,2993;-1;-1,2979;-1;-1,2934.9794811530824,1.0,0.7065020518846917,0.0,,0,,0,,,2993;4483;6931;7616;3488;4485;5469;2998;901;1083;1355;1961;1721;2672;2790;5440;162;683;1096;3736;81;831;2413;1146;832;1880;1340;3638;602;3851;4573;1400;971;598;1368;591;585;940;1370;939;1903;983;3921;840;2881;5099;2878;1735;2581;370;361;2874;1887;4059;910;6541;3462;3648;2851;2850;1801;1560;5242;922;6385;3550;6322;7280;2411;6281;2286;2287;6538;2979,2993:4822.0127177839695;4483:4822.77413776587;6931:4824.08986576587;7616:4827.98621776587;3488:4829.31036976587;4485:4833.86501776587;5469:4834.22624176587;2998:4834.63469776587;901:4835.880225765871;1083:4838.670657765871;1355:4852.35994576587;1961:4853.34267376587;1721:4854.40272976587;2672:4860.5410177658705;2790:4862.985849765871;5440:4866.400449765871;162:4870.553121765871;683:4871.124081765871;1096:4874.686281765871;3736:4874.949297765871;81:4878.798201765871;831:4889.644785765871;2413:4890.6324817658715;1146:4891.4458657658715;832:4892.254281765871;1880:4894.851969765871;1340:4906.384785765871;3638:4907.371257765871;602:4908.2243857658705;3851:4909.22777776587;4573:4913.53409776587;1400:4915.26677776587;971:4919.065209765869;598:4920.13246576587;1368:4921.09280176587;591:4926.96375376587;585:4940.13500176587;940:4946.71486576587;1370:4953.74148976587;939:4954.43816176587;1903:4955.25975376587;983:4956.24226576587;3921:4960.04040976587;840:4964.60124976587;2881:4971.231873765871;5099:4972.38473776587;2878:4973.51276176587;1735:4984.49708176587;2581:4985.836497765869;370:4987.419345765869;361:4989.916449765869;2874:4990.50245776587;1887:4996.157841765869;4059:4998.077145765869;910:5002.593345765869;6541:5003.25747376587;3462:5005.47111376587;3648:5005.800873765869;2851:5010.4751137658695;2850:5011.4084737658695;1801:5014.70415376587;1560:5019.44463376587;5242:5021.12727376587;922:5022.0431857658705;6385:5025.26482576587;3550:5025.52666576587;6322:5031.16390576587;7280:5034.68266576587;2411:5040.51778576587;6281:5045.561900051584;2286:5050.328814337298;2287:5055.095728623012;6538:5060.139842908727;2979:5063.9700273439275
0,4,low_range_vehtype,boarding,True,5063.9700273439275,5093.9700273439275,2979;-1;-1,2979;-1;-1,0.0,0.7065020518846917,0.7065020518846917,0.0,,0,61,1,61,,,
0,1,low_range_vehtype,route,True,5012.350331588308,5114.9928538267595,2971;-1;-1,2987;-1;-1,1259.5135018220485,0.5639108628581988,0.4379595126759939,0.0,,0,62,1,,,2971;3807;6875;885;316;2042;1982;6306;374;7114;3246;5330;661;445;6080;7381;364;3029;3886;5711;6045;2157;4817;456;5901;7605;2830;1420;1084;7357;2826;2827;4225;2987,2971:5012.350331588308;3807:5013.726686856467;6875:5014.794686856467;885:5015.398046856467;316:5022.225206856467;2042:5032.963646856467;1982:5033.7263668564665;6306:5033.9432068564665;374:5042.244206856467;7114:5044.459214856467;3246:5045.597030856467;5330:5046.344606856467;661:5047.336046856467;445:5050.365734856467;6080:5053.189142856467;7381:5053.598030856467;364:5054.033414856467;3029:5056.057622856467;3886:5056.555646856467;5711:5059.095230856467;6045:5060.489510856468;2157:5064.6780388564675;4817:5065.154822856468;456:5065.769702856468;5901:5066.525270856468;7605:5069.996966856467;2830:5070.226358856467;1420:5081.931470856467;1084:5085.466454856467;7357:5090.050982856467;2826:5099.260286856467;2827:5108.469590856467;4225:5113.0541188564675;2987:5114.9928538267595
0,1,low_range_vehtype,boarding,True,5114.9928538267595,5144.9928538267595,2987;-1;-1,2987;-1;-1,0.0,0.4379595126759939,0.4379595126759939,0.0,,0,62,1,,62,,
0,4,low_range_vehtype,route,False,5093.9700273439275,5160.0,2979;-1;-1,276;2915;0.602,550.2497721339564,0.7065020518846917,0.651477074671296,0.0,,0,61,1,,,2979;2786;2411;1661;7283;796;751;4635;6299;4102;4325;7285;1218;7334;7010;820;7498;276,2979:5093.9700273439275;2786:5095.974962908726;2411:5101.810082908726;1661:5107.609922908726;7283:5108.658962908726;796:5117.451482908726;751:5119.359362908725;4635:5124.468002908726;6299:5130.427082908725;4102:5132.786402908725;4325:5138.077562908725;7285:5138.994482908724;1218:5140.117682908724;7334:5147.698802908724;7010:5150.606282908724;820:5152.587242908724;7498:5153.055242908724;276:5153.166842908724
0,4,low_range_vehtype,route,True,5160.0,5189.503137519749,276;2915;0.602,2983;-1;-1,245.85947933124567,0.651477074671296,0.6268911267381715,0.0,,0,61,1,,,276;2915;2661;7517;6201;7314;2983,276:5160;2915:5164.5128429087235;2661:5171.746202908724;7517:5179.058162908724;6201:5179.919282908723;7314:5186.814602908723;2983:5189.503137519749
0,4,low_range_vehtype,boarding,True,5189.503137519749,5219.503137519749,2983;-1;-1,2983;-1;-1,0.0,0.6268911267381715,0.6268911267381715,0.0,,0,61,1,,61,,
0,2,low_range_vehtype,waiting,False,4790.17349936229,5308.425968752793,2975;-1;-1,2975;-1;-1,0.0,0.36533683845249476,0.36533683845249476,0.0,,0,,0,,,,
0,4,low_range_vehtype,route,True,5219.503137519749,5412.79155801475,2983;-1;-1,2989;-1;-1,2110.2932374583406,0.6268911267381715,0.4158618029923374,0.0,,0,,0,,,2983;7527;2803;7558;2806;4344;2996;3013;7322;2804;3061;1173;3425;4304;793;118;3979;4275;103;6480;7360;3154;6028;5745;6035;5743;6038;6041;7365;6050;6068;6077;3629;4502;6912;2108;7370;7608;5900;3459;4818;5992;6047;5708;3884;3030;3347;7376;2207;3446;3720;5332;251;2711;3358;2296;5495;5696;3307;3987;6878;2989,2983:5219.503137519749;7527:5224.030082908723;2803:5231.585042908723;7558:5238.980042908724;2806:5246.813882908724;4344:5248.016882908724;2996:5250.0603629087245;3013:5254.845482908724;7322:5258.8561229087245;2804:5262.182882908724;3061:5268.850922908724;1173:5274.449282908724;3425:5275.632242908724;4304:5277.034562908724;793:5289.150122908724;118:5295.014402908724;3979:5296.864946908724;4275:5297.4562829087245;103:5298.599210908725;6480:5311.920938908725;7360:5317.422818908724;3154:5318.5146269087245;6028:5319.475754908724;5745:5320.967378908725;6035:5322.890786908724;5743:5324.260226908725;6038:5326.275650908725;6041:5327.551922908725;7365:5334.215090908725;6050:5336.488634908725;6068:5340.714962908724;6077:5341.360658908724;3629:5342.917946908724;4502:5343.380834908724;6912:5348.529266908724;2108:5350.4256749087235;7370:5356.952402908723;7608:5357.1817949087235;5900:5360.653490908723;3459:5361.409058908723;4818:5362.023938908723;5992:5362.500722908723;6047:5366.689250908723;5708:5368.083530908723;3884:5370.623114908723;3030:5371.121138908724;3347:5373.145346908724;7376:5373.580730908724;2207:5373.989618908724;3446:5376.813026908724;3720:5379.842714908724;5332:5380.834154908724;251:5381.581730908723;2711:5382.719546908724;3358:5384.934554908724;2296:5393.235554908724;5495:5393.452394908724;5696:5394.215114908724;3307:5404.953554908724;3987:5411.780714908724;6878:5412.384074908724;2989:5412.79155801475
0,4,low_range_vehtype,boarding,True,5412.79155801475,5442.79155801475,2989;-1;-1,2989;-1;-1,0.0,0.4158618029923374,0.4158618029923374,0.0,,0,70,1,70,,,
0,1,low_range_vehtype,waiting,False,5144.9928538267595,5483.504124112347,2987;-1;-1,2987;-1;-1,0.0,0.4379595126759939,0.4379595126759939,0.0,,0,,0,,,,
0,0,low_range_vehtype,charging,True,4817.617115300158,5587.158986920766,2966;-1;-1,2966;-1;-1,0.0,0.16753558896897752,0.8088204819861516,15.0,0-0,0,,0,,,,
0,2,low_range_vehtype,to_charge,True,5308.425968752793,5587.158986920766,2975;-1;-1,2966;-1;-1,2052.4993845249487,0.36533683845249476,0.1600868999999999,0.0,,0,,0,,,2975;1166;429;3125;3406;2825;1944;130;99;4526;714;2800;4332;799;3653;3825;7127;1836;4248;5046;7138;6879;1367;3637;1339;1395;1399;835;1147;1093;2607;911;1150;665;666;1885;668;1415;1041;1623;1383;2333;2966,2975:5308.425968752793;1166:5318.53684149688;429:5319.93916149688;3125:5321.19268149688;3406:5333.54704149688;2825:5336.0167614968805;1944:5337.32812149688;130:5339.71576149688;99:5340.19600149688;4526:5348.60560149688;714:5351.40244149688;2800:5353.40884149688;4332:5354.22448149688;799:5355.40540149688;3653:5360.0016414968795;3825:5361.250241496879;7127:5404.8103614968795;1836:5406.161321496879;4248:5420.706521496879;5046:5437.047041496879;7138:5438.685641496879;6879:5444.952041496879;1367:5456.444921496879;3637:5458.338041496879;1339:5459.330417496879;1395:5467.867745496879;1399:5470.00844949688;835:5473.58540949688;1147:5474.37798549688;1093:5475.63726549688;2607:5483.69593749688;911:5486.54980149688;1150:5487.31026549688;665:5488.76012949688;666:5489.62924149688;1885:5490.615065496881;668:5503.98546549688;1415:5504.61452949688;1041:5521.301043782594;1623:5525.684300925452;1383:5536.76972949688;2333:5576.923615211166;2966:5587.158986920766
0,0,low_range_vehtype,route,True,5587.158986920766,5690.2491670621075,2966;-1;-1,2967;-1;-1,889.1057434150201,0.8088204819861516,0.7199099076446497,0.0,,0,,0,,,2966;2743;2631;2150;735;738;2470;734;1815;739;1724;1962;1910;164;1354;197;1311;7;1963;1308;482;7613;2611;1307;2876;1960;2967,2966:5587.158986920766;2743:5595.002815211166;2631:5599.014243782595;2150:5615.944529496881;735:5626.426700925453;738:5632.5945294968815;2470:5633.544209496881;734:5633.753081496881;1815:5634.7612974968815;739:5635.601825496881;1724:5652.059513496882;1962:5653.116329496882;1910:5653.938569496882;164:5654.889761496883;1354:5655.8462814968825;197:5658.055529496883;1311:5669.590289496882;7:5673.285257496882;1963:5673.693713496882;1308:5674.054937496882;482:5678.609585496883;7613:5679.933737496883;2611:5683.8300894968825;1307:5685.145817496882;2876:5687.812553496882;1960:5688.796793496882;2967:5690.2491670621075
0,4,low_range_vehtype,route,True,5442.79155801475,5643.091774805613,2989;-1;-1,2977;-1;-1,2168.724873257181,0.4158618029923374,0.19898931566661923,0.0,,0,70,1,,,2989;3808;6876;885;316;2042;1982;6306;374;7114;3246;5330;661;445;6080;7381;364;3029;3886;5711;6045;2157;4817;456;5901;7605;2830;5852;6913;1321;597;2204;6066;6049;7367;2188;2186;5744;6033;5746;6031;146;2828;2376;3091;4274;880;3109;3874;4306;429;4313;68;7318;7325;3011;4;4345;7330;7562;7316;7531;2802;2977,2989:5442.79155801475;3808:5443.452074908723;6876:5444.5200749087235;885:5445.1234349087235;316:5451.950594908723;2042:5462.689034908723;1982:5463.451754908723;6306:5463.668594908723;374:5471.969594908724;7114:5474.184602908724;3246:5475.322418908724;5330:5476.069994908724;661:5477.061434908724;445:5480.091122908723;6080:5482.9145309087235;7381:5483.323418908723;364:5483.758802908724;3029:5485.783010908724;3886:5486.281034908724;5711:5488.820618908724;6045:5490.2148989087245;2157:5494.403426908724;4817:5494.880210908725;456:5495.495090908725;5901:5496.250658908724;7605:5499.722354908724;2830:5499.951746908724;5852:5506.478474908724;6913:5508.3748829087235;1321:5513.5233149087235;597:5513.9862029087235;2204:5515.5434909087235;6066:5516.189186908723;6049:5520.415514908723;7367:5522.6890589087225;2188:5529.3522269087225;2186:5530.628498908723;5744:5532.643922908723;6033:5534.013362908723;5746:5535.936770908723;6031:5537.428394908723;146:5538.389522908723;2828:5539.481330908723;2376:5544.983210908723;3091:5558.304938908723;4274:5559.447866908723;880:5560.039202908723;3109:5561.889746908723;3874:5567.754026908723;4306:5579.869586908723;429:5581.271906908723;4313:5582.4548669087235;68:5588.053226908723;7318:5594.721266908723;7325:5598.048026908723;3011:5602.058666908723;4:5606.843786908723;4345:5608.887266908723;7330:5610.090266908724;7562:5617.924106908724;7316:5625.319106908724;7531:5632.874066908725;2802:5640.0895469087245;2977:5643.091774805613
0,4,low_range_vehtype,boarding,True,5643.091774805613,5673.091774805613,2977;-1;-1,2977;-1;-1,0.0,0.19898931566661923,0.19898931566661923,0.0,,0,70,1,,70,,
0,3,low_range_vehtype,charging,True,4822.01271778397,5704.092865160153,2993;-1;-1,2993;-1;-1,0.0,0.23591833891839617,0.970985128398549,15.0,2-2,0,,0,,,,
0,0,low_range_vehtype,boarding,True,5690.2491670621075,5720.2491670621075,2967;-1;-1,2967;-1;-1,0.0,0.7199099076446497,0.7199099076446497,0.0,,0,72,1,72,,,
0,1,low_range_vehtype,to_charge,True,5483.504124112347,5704.09286516015,2987;-1;-1,2993;-1;-1,2598.5398478862,0.4379595126759939,0.1781055278873739,0.0,,0,,0,,,2987;4613;7368;7606;5900;3459;4818;5992;6047;5708;3884;3030;3347;7376;2207;3446;3720;5332;251;2711;3358;2296;5495;5697;5497;5500;670;5502;5512;5520;5531;6313;6632;6644;3793;6319;7102;3741;7384;6414;5446;2447;2571;42;2577;2566;3033;3036;2469;2404;2235;3762;5287;310;2280;1447;6261;3764;4397;4745;4182;4187;4191;4195;4202;4208;537;18;5629;1068;2559;6740;1717;2067;2063;1937;6789;3895;5465;7450;2993,2987:5483.504124112347;4613:5485.100373142055;7368:5496.805485142055;7606:5497.034877142055;5900:5500.506573142055;3459:5501.262141142054;4818:5501.877021142054;5992:5502.353805142055;6047:5506.542333142054;5708:5507.936613142055;3884:5510.476197142055;3030:5510.974221142055;3347:5512.998429142055;7376:5513.433813142055;2207:5513.842701142055;3446:5516.666109142056;3720:5519.695797142055;5332:5520.687237142055;251:5521.434813142055;2711:5522.572629142055;3358:5524.787637142055;2296:5533.088637142056;5495:5533.305477142056;5697:5534.409237142056;5497:5535.106677142056;5500:5538.013917142055;670:5539.411317142055;5502:5541.7587571420545;5512:5545.280517142054;5520:5547.734517142054;5531:5549.431437142054;6313:5550.456477142055;6632:5552.753517142055;6644:5554.324797142055;3793:5556.173997142055;6319:5557.089717142055;7102:5557.567797142055;3741:5558.107437142055;7384:5565.766437142054;6414:5570.973597142054;5446:5573.241357142054;2447:5577.177477142054;2571:5584.766397142054;42:5589.434397142054;2577:5590.106877142054;2566:5598.705957142054;3033:5599.3369171420545;3036:5601.606477142054;2469:5605.198797142054;2404:5608.522317142054;2235:5609.805717142054;3762:5610.229149142054;5287:5610.768213142053;310:5613.558429142054;2280:5614.157541142054;1447:5614.603437142054;6261:5618.4814291420535;3764:5619.487125142054;4397:5620.037781142054;4745:5620.264077142054;4182:5624.717853142054;4187:5627.379909142054;4191:5628.118197142054;4195:5642.581485142054;4202:5643.584013142054;4208:5644.565661142054;537:5645.519661142053;18:5651.387229142053;5629:5657.236653142053;1068:5659.789053142053;2559:5666.839653142052;6740:5671.310277142052;1717:5677.144005142051;2067:5677.881789142051;2063:5678.598045142051;1937:5681.867997142051;6789:5692.404405142051;3895:5693.67138914205;5465:5701.203309142051;7450:5702.187549142051;2993:5704.09286516015
0,1,low_range_vehtype,waiting,False,5704.09286516015,5704.092865160153,2993;-1;-1,2993;-1;-1,0.0,0.1781055278873739,0.1781055278873739,0.0,,0,,0,,,,
0,3,low_range_vehtype,route,False,5704.092865160153,5814.87276898007,2993;-1;-1,2970;-1;-1,1342.1299761765274,0.970985128398549,0.8367721307808963,0.0,,0,,0,,,2993;4483;7446;1960;816;6786;5444;1716;2720;4210;1711;98;2497;7434;2760;542;1074;336;2759;1664;1659;4844;3270;4850;6823;1946;7401;3560;2970,2993:5704.092865160153;4483:5704.854285142054;7446:5707.521021142054;1960:5708.505261142054;816:5716.037181142055;6786:5717.304165142054;5444:5727.840573142054;1716:5730.630933142054;2720:5731.377573142055;4210:5732.275845142055;1711:5733.405525142055;98:5742.021333142055;2497:5743.531965142055;7434:5750.739813142055;2760:5757.278349142055;542:5764.806453142055;1074:5765.739861142055;336:5766.762981142055;2759:5771.492949142054;1664:5774.746845142055;1659:5779.506405142055;4844:5791.778925142055;3270:5793.652005142056;4850:5799.205125142055;6823:5806.685445142055;1946:5810.938725142055;7401:5812.137765142055;3560:5813.2133251420555;2970:5814.87276898007
0,3,low_range_vehtype,boarding,True,5814.87276898007,5844.87276898007,2970;-1;-1,2970;-1;-1,0.0,0.8367721307808963,0.8367721307808963,0,,0,78,1,78,,,
0,0,low_range_vehtype,route,True,5720.2491670621075,5940.627962642739,2967;-1;-1,2981;-1;-1,2961.6368211428808,0.7199099076446497,0.4237462255303616,0.0,,0,72,1,,,2967;3896;6788;5444;1716;2720;4210;1711;98;2497;7434;2760;542;1074;4204;5649;5760;205;5793;1407;5826;7411;4686;5074;5295;5274;7181;604;603;602;3851;4573;1400;971;598;1368;591;585;940;1370;939;1903;983;3921;840;2881;5099;2878;1735;2581;370;361;2874;1887;4059;910;6541;3462;3648;2851;2850;1801;1560;5242;922;6385;3550;2981,2967:5720.2491670621075;3896:5726.328713496882;6788:5727.595697496882;5444:5738.132105496882;1716:5740.922465496882;2720:5741.669105496882;4210:5742.567377496883;1711:5743.697057496883;98:5752.312865496882;2497:5753.823497496883;7434:5761.031345496883;2760:5767.569881496883;542:5775.097985496883;1074:5776.031393496883;4204:5777.013041496883;5649:5777.813825496883;5760:5783.372153496883;205:5788.516409496882;5793:5792.637761496882;1407:5794.257905496883;5826:5796.538217496883;7411:5799.436865496883;4686:5800.507577496883;5074:5807.448089496883;5295:5807.678345496883;5274:5811.057161496883;7181:5815.566449496883;604:5819.144849496884;603:5820.208433496884;602:5821.061561496884;3851:5822.064953496883;4573:5826.371273496883;1400:5828.103953496883;971:5831.902385496883;598:5832.969641496883;1368:5833.929977496883;591:5839.800929496883;585:5852.972177496883;940:5859.552041496883;1370:5866.578665496883;939:5867.275337496883;1903:5868.096929496884;983:5869.079441496883;3921:5872.8775854968835;840:5877.438425496884;2881:5884.069049496884;5099:5885.221913496884;2878:5886.349937496883;1735:5897.334257496883;2581:5898.673673496883;370:5900.256521496883;361:5902.753625496883;2874:5903.339633496883;1887:5908.995017496883;4059:5910.914321496883;910:5915.430521496883;6541:5916.094649496883;3462:5918.308289496883;3648:5918.638049496883;2851:5923.312289496883;2850:5924.245649496883;1801:5927.541329496883;1560:5932.281809496883;5242:5933.964449496883;922:5934.880361496884;6385:5938.1020014968835;3550:5938.363841496884;2981:5940.627962642739
0,0,low_range_vehtype,boarding,True,5940.627962642739,5970.627962642739,2981;-1;-1,2981;-1;-1,0.0,0.4237462255303616,0.4237462255303616,0.0,,0,72,1,,72,,
0,3,low_range_vehtype,route,False,5844.87276898007,6035.286498406399,2970;-1;-1,2980;-1;-1,2063.6293026972107,0.8367721307808963,0.6304092005111752,0.0,,0,78,1,,,2970;671;544;7400;5449;6824;4848;3271;4846;4989;5000;337;1075;5648;5759;205;5793;1407;5826;7411;4686;5074;5295;5274;7181;604;603;602;3851;4573;1400;971;598;1368;591;585;940;1370;939;1903;983;3921;840;2881;5099;1157;2058;2092;915;2980,2970:5844.87276898007;671:5845.902885142055;544:5848.592445142055;7400:5849.668005142055;5449:5850.867045142056;6824:5855.120325142056;4848:5862.600645142055;3271:5868.153765142055;4846:5870.026845142055;4989:5882.299365142056;5000:5887.058925142056;337:5894.819157142056;1075:5895.8429971420555;5648:5896.643781142056;5759:5902.202109142056;205:5907.346365142055;5793:5911.467717142055;1407:5913.087861142056;5826:5915.368173142056;7411:5918.266821142056;4686:5919.337533142056;5074:5926.278045142056;5295:5926.508301142056;5274:5929.887117142056;7181:5934.396405142056;604:5937.9748051420565;603:5939.038389142057;602:5939.891517142057;3851:5940.894909142056;4573:5945.201229142056;1400:5946.933909142056;971:5950.732341142056;598:5951.799597142056;1368:5952.759933142056;591:5958.630885142056;585:5971.802133142056;940:5978.381997142056;1370:5985.408621142056;939:5986.105293142056;1903:5986.926885142057;983:5987.909397142056;3921:5991.7075411420565;840:5996.268381142057;2881:6002.899005142057;5099:6004.051869142057;1157:6008.791011999199;2058:6014.5808405706275;2092:6017.969983427771;915:6023.088154856342;2980:6035.286498406399
0,4,low_range_vehtype,waiting,False,5673.091774805613,6030.784767250775,2977;-1;-1,2977;-1;-1,0.0,0.19898931566661923,0.19898931566661923,0.0,,0,,0,,,,
0,0,low_range_vehtype,to_depot,True,5970.627962642739,6071.196902761227,2981;-1;-1,2980;-1;-1,794.6363251318755,0.4237462255303616,0.34428259301717407,0.0,,0,,0,,,2981;6320;3549;6384;4032;1804;4811;5237;608;459;2416;4011;5246;363;366;2314;2877;1748;1743;1157;2058;2092;915;2980,2981:5970.627962642739;6320:5974.001081496884;3549:5979.638321496884;6384:5979.900161496884;4032:5983.121801496884;1804:5984.037713496884;4811:5985.720353496884;5237:5990.460833496884;608:5999.326913496884;459:5999.656673496884;2416:6001.870313496884;4011:6002.534441496884;5246:6008.459609496884;363:6015.368297496884;366:6016.773377496885;2314:6017.9182494968845;2877:6031.0893534968845;1748:6032.2078734968845;1743:6039.962273496884;1157:6044.701416354027;2058:6050.491244925455;2092:6053.8803877825985;915:6058.99855921117;2980:6071.196902761227
0,3,low_range_vehtype,boarding,True,6035.286498406399,6065.286498406399,2980;-1;-1,2980;-1;-1,0.0,0.6304092005111752,0.6304092005111752,0.0,,0,78,1,,78,,
0,0,low_range_vehtype,out_of_service,True,6071.196902761227,6120.0,2980;-1;-1,2980;-1;-1,0.0,0.34428259301717407,0.34428259301717407,0.0,,0,,0,,,,
0,3,low_range_vehtype,route,True,6065.286498406399,6242.751259875602,2980;-1;-1,2978;-1;-1,1101.0723595274367,0.6304092005111752,0.5203019645584315,0.0,,0,,0,,,2980;914;2135;1730;2664;2579;2961;2407;2581;370;361;2874;1887;4059;910;6541;3462;3648;2851;2850;1801;1560;5242;4277;5239;6501;3911;5389;7301;918;3075;7097;7290;2736;1744;1164;2789;1182;2978,2980:6065.286498406399;914:6081.168669142056;2135:6089.119526284913;1730:6104.575869142056;2664:6106.397983427771;2579:6111.273926284914;2961:6128.044783427771;2407:6133.293583427771;2581:6141.780840570628;370:6143.363688570628;361:6145.860792570628;2874:6146.4468005706285;1887:6152.102184570628;4059:6154.021488570628;910:6158.537688570628;6541:6159.201816570629;3462:6161.4154565706285;3648:6161.745216570628;2851:6166.419456570628;2850:6167.352816570628;1801:6170.648496570629;1560:6175.388976570629;5242:6177.071616570629;4277:6178.659696570629;5239:6184.1643365706295;6501:6190.1268965706295;3911:6199.481736570629;5389:6200.54757657063;7301:6200.80149657063;918:6201.94365657063;3075:6209.81661657063;7097:6210.66597657063;7290:6216.46809657063;2736:6225.18657657063;1744:6226.64181657063;1164:6237.75033657063;2789:6239.16213657063;1182:6240.079056570629;2978:6242.751259875602
0,3,low_range_vehtype,boarding,True,6242.751259875602,6272.751259875602,2978;-1;-1,2978;-1;-1,0.0,0.5203019645584315,0.5203019645584315,0.0,,0,87,1,87,,,
0,2,low_range_vehtype,charging,True,5587.158986920766,6348.754780777773,2966;-1;-1,2966;-1;-1,0.0,0.1600868999999999,0.7947500615475054,15.0,0-0,0,,0,,,,
0,3,low_range_vehtype,route,True,6272.751259875602,6341.729320573626,2978;-1;-1,2981;-1;-1,459.00231534068763,0.5203019645584315,0.4744017330243627,0.0,,0,87,1,,,2978;4103;6297;1434;3820;3877;2787;4993;6537;7281;2307;3549;3552;536;535;533;2981,2978:6272.751259875602;4103:6275.37021657063;6297:6277.7295365706295;1434:6283.688616570629;3820:6288.7972565706295;3877:6290.705136570629;2787:6299.497656570629;4993:6300.546696570629;6537:6306.346536570629;7281:6312.181656570629;2307:6315.7004165706285;3549:6321.3376565706285;3552:6326.5669137134855;536:6330.4014279992;535:6334.235942284914;533:6339.465199427771;2981:6341.729320573626
0,4,low_range_vehtype,to_charge,True,6030.784767250775,6348.754780777771,2977;-1;-1,2966;-1;-1,2805.0555458501544,0.19898931566661923,-0.08151623891839627,0.0,,0,,0,,,2977;6202;7516;7037;7512;3274;2902;3901;7011;7336;4365;7288;1182;1001;6296;1434;3820;3877;2787;4993;6537;7281;2307;3549;6384;4032;1804;4811;5237;608;459;2416;4011;5246;363;366;2314;2877;1748;2880;906;984;2268;1857;1806;1371;938;5442;4054;2205;1369;2047;1337;1873;1939;665;666;1885;668;1415;1041;1623;1383;2333;2966,2977:6030.784767250775;6202:6034.677859353887;7516:6035.538979353886;7037:6042.850939353886;7512:6050.084299353886;3274:6061.430299353886;2902:6061.541899353886;3901:6062.009899353886;7011:6063.990859353886;7336:6066.898339353886;4365:6074.479459353885;7288:6075.602659353885;1182:6076.519579353885;1001:6081.810739353885;6296:6084.170059353884;1434:6090.129139353884;3820:6095.237779353884;3877:6097.145659353884;2787:6105.938179353884;4993:6106.987219353884;6537:6112.787059353884;7281:6118.622179353883;2307:6122.140939353883;3549:6127.778179353883;6384:6128.0400193538835;4032:6131.261659353883;1804:6132.177571353884;4811:6133.860211353884;5237:6138.600691353884;608:6147.466771353884;459:6147.796531353883;2416:6150.010171353883;4011:6150.674299353884;5246:6156.5994673538835;363:6163.508155353884;366:6164.913235353884;2314:6166.058107353884;2877:6179.229211353884;1748:6180.347731353884;2880:6181.509523353884;906:6193.734835353884;984:6196.504531353884;2268:6197.252395353884;1857:6197.638315353884;1806:6198.300499353883;1371:6198.970675353883;938:6201.551803353883;5442:6211.272451353883;4054:6218.912443353884;2205:6224.664883353884;1369:6231.111043353884;2047:6232.054099353884;1337:6233.015443353885;1873:6249.492859353884;1939:6249.833851353885;665:6250.3559233538845;666:6251.225035353885;1885:6252.210859353885;668:6265.581259353885;1415:6266.210323353885;1041:6282.896837639599;1623:6287.280094782456;1383:6298.365523353885;2333:6338.519409068171;2966:6348.754780777771
0,4,low_range_vehtype,waiting,False,6348.754780777771,6348.754780777773,2966;-1;-1,2966;-1;-1,0.0,-0.08151623891839627,-0.08151623891839627,0.0,,0,,0,,,,
0,3,low_range_vehtype,boarding,True,6341.729320573626,6371.729320573626,2981;-1;-1,2981;-1;-1,0.0,0.4744017330243627,0.4744017330243627,0,,0,87,1,,87,,
0,3,low_range_vehtype,waiting,False,6371.729320573626,6460.033316823061,2981;-1;-1,2981;-1;-1,0.0,0.4744017330243627,0.4744017330243627,0.0,,0,,0,,,,
0,2,low_range_vehtype,route,True,6420.0,6551.629335041171,2966;-1;-1,2992;-1;-1,1285.4828948015352,0.7947500615475054,0.6662017720673519,0.0,,0,,0,,,2966;2743;2631;2150;735;738;2470;734;1815;739;1724;1962;1910;164;1354;197;1311;7;1963;1308;482;7613;2611;1307;2876;1960;816;6786;5444;1716;2720;4210;2067;2063;1937;2992,2966:6420;2743:6427.8438282904;2631:6431.855256861829;2150:6448.7855425761145;735:6459.267714004686;738:6465.435542576115;2470:6466.385222576115;734:6466.594094576115;1815:6467.602310576115;739:6468.442838576115;1724:6484.900526576115;1962:6485.9573425761155;1910:6486.779582576116;164:6487.730774576116;1354:6488.687294576116;197:6490.896542576116;1311:6502.431302576116;7:6506.1262705761155;1963:6506.534726576116;1308:6506.895950576116;482:6511.450598576116;7613:6512.774750576116;2611:6516.671102576116;1307:6517.986830576116;2876:6520.653566576116;1960:6521.6378065761155;816:6529.169726576116;6786:6530.436710576116;5444:6540.973118576116;1716:6543.763478576116;2720:6544.510118576116;4210:6545.408390576116;2067:6546.308966576116;2063:6547.025222576116;1937:6550.295174576116;2992:6551.629335041171
0,2,low_range_vehtype,boarding,True,6551.629335041171,6581.629335041171,2992;-1;-1,2992;-1;-1,0.0,0.6662017720673519,0.6662017720673519,0.0,,0,89,1,89,,,
0,1,low_range_vehtype,charging,True,5704.092865160153,6690.366231695305,2993;-1;-1,2993;-1;-1,0.0,0.1781055278873739,1.0,15.0,2-2,0,,0,,,,
0,3,low_range_vehtype,to_charge,True,6460.033316823061,6690.366231695303,2981;-1;-1,2993;-1;-1,3062.616046258138,0.4744017330243627,0.16814012839854897,0.0,,0,,0,,,2981;6320;3549;6384;4032;1804;4811;5237;608;459;2416;4011;5246;363;366;2314;2877;1748;2880;906;984;2268;1857;1806;1371;938;5442;4054;2205;1369;2047;3631;4079;4572;4577;778;3636;3639;3642;7178;5275;5297;5072;1464;2847;5825;4587;5794;3202;2065;2023;4203;537;18;5629;1068;2559;6740;1717;2067;2063;1937;6789;3895;5465;7450;2993,2981:6460.033316823061;6320:6463.406435677206;3549:6469.043675677206;6384:6469.305515677206;4032:6472.527155677206;1804:6473.443067677206;4811:6475.125707677206;5237:6479.866187677207;608:6488.732267677206;459:6489.062027677206;2416:6491.275667677206;4011:6491.939795677206;5246:6497.864963677206;363:6504.7736516772065;366:6506.178731677207;2314:6507.323603677207;2877:6520.494707677207;1748:6521.613227677207;2880:6522.775019677207;906:6535.000331677206;984:6537.770027677207;2268:6538.5178916772065;1857:6538.903811677206;1806:6539.565995677206;1371:6540.236171677206;938:6542.8172996772055;5442:6552.537947677206;4054:6560.177939677206;2205:6565.9303796772065;1369:6572.376539677207;2047:6573.319595677207;3631:6574.882427677207;4079:6575.949683677207;4572:6579.748115677206;4577:6581.4807956772065;778:6585.787115677206;3636:6586.790507677206;3639:6587.643635677206;3642:6588.707219677206;7178:6592.285619677206;5275:6596.7949076772065;5297:6600.173723677207;5072:6600.403979677207;1464:6607.344491677207;2847:6608.415203677207;5825:6611.313851677207;4587:6613.594163677207;5794:6615.214307677207;3202:6619.335659677207;2065:6624.479915677207;2023:6630.038243677207;4203:6630.839027677207;537:6631.793027677207;18:6637.660595677206;5629:6643.510019677206;1068:6646.062419677206;2559:6653.113019677206;6740:6657.583643677205;1717:6663.417371677205;2067:6664.155155677205;2063:6664.871411677204;1937:6668.141363677204;6789:6678.677771677204;3895:6679.944755677204;5465:6687.476675677204;7450:6688.460915677204;2993:6690.366231695303
0,3,low_range_vehtype,waiting,False,6690.366231695303,6690.366231695305,2993;-1;-1,2993;-1;-1,0.0,0.16814012839854897,0.16814012839854897,0.0,,0,,0,,,,
0,2,low_range_vehtype,route,True,6581.629335041171,6779.69242784046,2992;-1;-1,2980;-1;-1,2377.795994888241,0.6662017720673519,0.4284221725785278,0.0,,0,89,1,,,2992;2526;5444;1716;2720;4210;1711;98;2497;7434;2760;542;1074;4204;5649;5760;205;5793;1407;5826;7411;4686;5074;5295;5274;7181;604;603;602;3851;4573;1400;971;598;1368;591;585;940;1370;939;1903;983;3921;840;2881;5099;1157;2058;2092;915;2980,2992:6581.629335041171;2526:6590.8315825761165;5444:6601.367990576116;1716:6604.158350576116;2720:6604.904990576117;4210:6605.803262576117;1711:6606.932942576117;98:6615.548750576117;2497:6617.059382576117;7434:6624.267230576117;2760:6630.805766576117;542:6638.333870576117;1074:6639.267278576117;4204:6640.248926576117;5649:6641.049710576117;5760:6646.608038576117;205:6651.752294576117;5793:6655.873646576117;1407:6657.493790576117;5826:6659.774102576117;7411:6662.672750576117;4686:6663.743462576117;5074:6670.683974576117;5295:6670.914230576117;5274:6674.293046576117;7181:6678.802334576118;604:6682.380734576118;603:6683.444318576118;602:6684.297446576118;3851:6685.300838576118;4573:6689.607158576117;1400:6691.3398385761175;971:6695.138270576117;598:6696.205526576117;1368:6697.165862576117;591:6703.036814576118;585:6716.208062576117;940:6722.787926576118;1370:6729.814550576118;939:6730.511222576118;1903:6731.332814576118;983:6732.3153265761175;3921:6736.113470576118;840:6740.674310576118;2881:6747.304934576118;5099:6748.457798576118;1157:6753.196941433261;2058:6758.986770004689;2092:6762.375912861832;915:6767.494084290403;2980:6779.69242784046
0,1,low_range_vehtype,to_depot,True,6690.366231695305,6827.900410815376,2993;-1;-1,2966;-1;-1,1123.560389183962,1.0,0.8876439610816038,0.0,,0,,0,,,2993;4483;6931;7616;3488;4485;5469;2998;901;1083;1355;1961;1962;1033;1559;1958;2907;636;1954;1949;186;333;2164;695;694;1041;1623;1383;2333;2966,2993:6690.366231695305;4483:6691.127651677206;6931:6692.4433796772055;7616:6696.339731677205;3488:6697.663883677205;4485:6702.218531677206;5469:6702.579755677206;2998:6702.988211677206;901:6704.233739677206;1083:6707.024171677206;1355:6720.713459677206;1961:6721.696187677206;1962:6722.635067677205;1033:6723.844523677205;1559:6730.228619677205;1958:6737.575643677204;2907:6738.199307677204;636:6741.014435677204;1954:6741.625139677204;1949:6750.525275677204;186:6752.091419677205;333:6752.731139677205;2164:6753.347531677205;695:6758.054819677204;694:6761.223539677204;1041:6762.042467677204;1623:6766.425724820061;1383:6777.51115339149;2333:6817.665039105776;2966:6827.900410815376
0,2,low_range_vehtype,boarding,True,6779.69242784046,6809.69242784046,2980;-1;-1,2980;-1;-1,0.0,0.4284221725785278,0.4284221725785278,0.0,,0,89,1,,89,,
0,1,low_range_vehtype,out_of_service,True,6827.900410815376,6840.0,2966;-1;-1,2966;-1;-1,0.0,0.8876439610816038,0.8876439610816038,0.0,,0,,0,,,,
0,2,low_range_vehtype,waiting,False,6809.69242784046,7040.736517883742,2980;-1;-1,2980;-1;-1,0.0,0.4284221725785278,0.4284221725785278,0.0,,0,,0,,,,
0,1,low_range_vehtype,out_of_service,True,6840.0,7200.0,2966;-1;-1,2966;-1;-1,0.0,0.8876439610816038,0.8876439610816038,0.0,,0,,0,,,,
0,3,low_range_vehtype,charging,True,6690.366231695305,7321.08415206607,2993;-1;-1,2993;-1;-1,0.0,0.16814012839854897,0.6937383953741862,15.0,2-2,0,,0,,,,
0,2,low_range_vehtype,to_charge,True,7040.736517883742,7321.084152066068,2980;-1;-1,2993;-1;-1,2980.034721126262,0.4284221725785278,0.13041870046590162,0.0,,0,,0,,,2980;914;2135;1730;2664;2579;2961;2407;2581;370;361;2874;1887;1805;363;366;2314;2877;1748;2880;906;984;2268;1857;1806;1371;938;5442;4054;2205;1369;2047;3631;4079;4572;4577;778;3636;3639;3642;7178;5275;5297;5072;1464;2847;5825;4587;5794;3202;2065;2023;4203;537;18;5629;1068;2559;6740;1717;2067;2063;1937;6789;3895;5465;7450;2993,2980:7040.736517883742;914:7056.618688619399;2135:7064.569545762256;1730:7080.025888619399;2664:7081.848002905113;2579:7086.723945762256;2961:7103.494802905114;2407:7108.743602905114;2581:7117.230860047971;370:7118.813708047971;361:7121.310812047971;2874:7121.896820047971;1887:7127.552204047971;1805:7128.582884047971;363:7135.491572047971;366:7136.896652047972;2314:7138.0415240479715;2877:7151.2126280479715;1748:7152.3311480479715;2880:7153.492940047971;906:7165.718252047971;984:7168.487948047971;2268:7169.235812047971;1857:7169.621732047971;1806:7170.283916047971;1371:7170.95409204797;938:7173.53522004797;5442:7183.255868047971;4054:7190.895860047971;2205:7196.648300047971;1369:7203.094460047972;2047:7204.037516047972;3631:7205.600348047971;4079:7206.6676040479715;4572:7210.466036047971;4577:7212.198716047971;778:7216.505036047971;3636:7217.5084280479705;3639:7218.36155604797;3642:7219.425140047971;7178:7223.003540047971;5275:7227.512828047971;5297:7230.891644047972;5072:7231.121900047971;1464:7238.0624120479715;2847:7239.133124047971;5825:7242.031772047972;4587:7244.312084047971;5794:7245.932228047972;3202:7250.053580047972;2065:7255.197836047972;2023:7260.756164047972;4203:7261.556948047972;537:7262.510948047971;18:7268.378516047971;5629:7274.227940047971;1068:7276.780340047971;2559:7283.83094004797;6740:7288.30156404797;1717:7294.135292047969;2067:7294.873076047969;2063:7295.589332047969;1937:7298.859284047969;6789:7309.395692047969;3895:7310.6626760479685;5465:7318.194596047969;7450:7319.178836047969;2993:7321.084152066068
0,2,low_range_vehtype,waiting,False,7321.084152066068,7321.08415206607,2993;-1;-1,2993;-1;-1,0.0,0.13041870046590162,0.13041870046590162,0.0,,0,,0,,,,
0,4,low_range_vehtype,charging,True,6348.754780777773,7646.5742674798485,2966;-1;-1,2966;-1;-1,0.0,-0.08151623891839627,1.0,15.0,0-0,0,,0,,,,
0,0,low_range_vehtype,charging,True,6120.0,7693.721776758783,2980;-1;-1,2980;-1;-1,0.0,0.34428259301717407,1.0,7.5,1-0,0,,0,,,,
0,0,low_range_vehtype,out_of_service,True,7693.721776758783,7740.0,2980;-1;-1,2980;-1;-1,0.0,1.0,1.0,0.0,,0,,0,,,,
0,2,low_range_vehtype,charging,True,7321.08415206607,8364.581711506988,2993;-1;-1,2993;-1;-1,0.0,0.13041870046590162,1.0,15.0,2-2,0,,0,,,,
