operator_id,vehicle_id,vehicle_type,status,locked,start_time,end_time,start_pos,end_pos,driven_distance,start_soc,end_soc,charging_power,charging_unit,toll,rq_on_board,occupancy,rq_boarding,rq_alighting,route,trajectory
0,5,default_vehtype,route,False,60,117.93167148282812,2967;-1;-1,2969;-1;-1,804.6065483726129,0.5435646498507704,0.5434841891959331,0.0,,0,,0,,,2967;3896;6788;5444;1716;2720;4210;1711;98;2497;7434;2760;542;1074;336;2969,2967:60;3896:66.0795464347745;6788:67.3465304347745;5444:77.88293843477449;1716:80.6732984347745;2720:81.4199384347745;4210:82.3182104347745;1711:83.4478904347745;98:92.0636984347745;2497:93.5743304347745;7434:100.7821784347745;2760:107.32071443477449;542:114.84881843477449;1074:115.78222643477449;336:116.80534643477449;2969:117.93167148282812
0,6,default_vehtype,boarding,True,60,90.0,2988;-1;-1,2988;-1;-1,0.0,0.7644474598764522,0.7644474598764522,0.0,,0,2,1,2,,,
0,1,default_vehtype,route,False,120.0,156.1792404322035,2981;-1;-1,2979;-1;-1,176.13052741122,0.8575946831862098,0.8575770701334686,0.0,,0,,0,,,2981;6320;7278;2411;6281;2286;2287;6538;2979,2981:120;6320:123.37311885414516;7278:126.89187885414516;2411:132.72699885414517;6281:137.77111313985944;2286:142.53802742557372;2287:147.304941711288;6538:152.34905599700227;2979:156.1792404322035
0,5,default_vehtype,boarding,True,117.93167148282812,147.9316714828281,2969;-1;-1,2969;-1;-1,0.0,0.5434841891959331,0.5434841891959331,0.0,,0,1,1,1,,,
0,5,default_vehtype,route,False,147.9316714828281,180.0,2969;-1;-1,1657;4439;0.042,331.77550959835696,0.5434841891959331,0.5434510116449732,0.0,,0,1,1,,,2969;7192;1664;1659;538;4990;4939;5252;3070;1657,2969:147.9316714828281;7192:151.53531443477448;1664:154.78921043477447;1659:159.54877043477447;538:160.69981043477446;4990:164.39689043477446;4939:165.78745043477446;5252:171.21217043477446;3070:172.24861043477446;1657:179.76541043477445
0,1,default_vehtype,boarding,True,156.1792404322035,186.1792404322035,2979;-1;-1,2979;-1;-1,0.0,0.8575770701334686,0.8575770701334686,0.0,,0,3,1,3,,,
0,2,default_vehtype,boarding,True,180.0,210.0,2981;-1;-1,2981;-1;-1,0.0,0.9627983191463305,0.9627983191463305,0.0,,0,5,1,5,,,
0,4,default_vehtype,route,False,60.0,226.95366879244827,2977;-1;-1,2973;-1;-1,1824.4219993222712,0.8229470565333281,0.8227646143333959,0.0,,0,,0,,,2977;6202;7315;7530;2803;7558;2806;4344;2996;3013;7322;2804;3061;1173;3425;4304;793;118;3979;4275;103;6480;7360;3154;6028;5745;6035;5743;6038;6041;7365;6050;6068;6077;3629;4502;6912;2108;7370;1420;1084;2973,2977:60;6202:63.89309210311182;7315:70.78841210311182;7530:78.00389210311182;2803:85.55885210311182;7558:92.95385210311181;2806:100.78769210311181;4344:101.99069210311181;2996:104.03417210311181;3013:108.81929210311182;7322:112.82993210311182;2804:116.15669210311182;3061:122.82473210311183;1173:128.42309210311183;3425:129.60605210311184;4304:131.00837210311184;793:143.12393210311183;118:148.98821210311183;3979:150.83875610311185;4275:151.43009210311186;103:152.57302010311187;6480:165.89474810311188;7360:171.39662810311188;3154:172.48843610311187;6028:173.44956410311187;5745:174.94118810311187;6035:176.86459610311186;5743:178.23403610311186;6038:180.24946010311186;6041:181.52573210311186;7365:188.18890010311188;6050:190.46244410311186;6068:194.68877210311186;6077:195.33446810311185;3629:196.89175610311185;4502:197.35464410311184;6912:202.50307610311182;2108:204.39948410311183;7370:210.92621210311182;1420:222.6313241031118;1084:226.16630810311182;2973:226.95366879244827
0,5,default_vehtype,route,False,180.0,227.71245427278907,1657;4439;0.042,2970;-1;-1,397.6037856065758,0.5434510116449732,0.5434112512664125,0.0,,0,1,1,,,1657;4439;4842;1272;3423;4282;4975;6830;4349;4937;669;5061;7265;3848;534;2839;3560;2970,1657:180;4439:185.39557043477444;4842:189.78013043477443;1272:189.96505043477444;3423:191.18161043477443;4282:194.95909043477442;4975:196.00885043477442;6830:196.78177043477442;4349:197.3306504347744;4937:201.70021043477442;669:212.00761043477442;5061:217.8159704347744;7265:218.59921043477442;3848:219.5738504347744;534:223.61881043477442;2839:224.97745043477443;3560:226.05301043477442;2970:227.71245427278907
0,6,default_vehtype,route,False,90.0,224.3821430723187,2988;-1;-1,2976;-1;-1,1582.8408391747612,0.7644474598764522,0.7642891757925347,0.0,,0,2,1,,,2988;3447;6082;7383;364;3029;3886;5711;6045;2157;4817;456;5901;7605;2830;5852;6913;1321;597;2204;6066;6049;7367;2188;2186;5744;6033;5746;6031;146;2828;2376;3091;4274;880;3109;3874;4306;429;4313;68;7318;7325;3011;4;4345;7330;2976,2988:90;3447:91.53951244297899;6082:94.36292044297899;7383:94.771808442979;364:95.207192442979;3029:97.231400442979;3886:97.729424442979;5711:100.269008442979;6045:101.663288442979;2157:105.851816442979;4817:106.328600442979;456:106.943480442979;5901:107.69904844297899;7605:111.17074444297899;2830:111.40013644297899;5852:117.926864442979;6913:119.82327244297899;1321:124.97170444297899;597:125.434592442979;2204:126.991880442979;6066:127.637576442979;6049:131.863904442979;7367:134.13744844297898;2188:140.800616442979;2186:142.076888442979;5744:144.092312442979;6033:145.461752442979;5746:147.385160442979;6031:148.876784442979;146:149.837912442979;2828:150.92972044297898;2376:156.43160044297898;3091:169.75332844297898;4274:170.896256442979;880:171.487592442979;3109:173.33813644297902;3874:179.20241644297903;4306:191.31797644297902;429:192.72029644297902;4313:193.90325644297903;68:199.501616442979;7318:206.169656442979;7325:209.496416442979;3011:213.507056442979;4:218.292176442979;4345:220.335656442979;7330:221.538656442979;2976:224.3821430723187
0,7,default_vehtype,route,False,120.0,200.35498666799225,2982;-1;-1,2984;-1;-1,669.6248888999352,0.7724415914984484,0.7723746290095583,0.0,,0,,0,,,2982;2809;7010;820;7498;276;2915;2661;7517;6201;7314;7529;2803;7558;2806;4344;2996;2984,2982:120;2809:125.70096734542513;7010:128.60844734542513;820:130.58940734542514;7498:131.05740734542513;276:131.16900734542514;2915:142.51500734542515;2661:149.74836734542515;7517:157.06032734542515;6201:157.92144734542515;7314:164.81676734542515;7529:172.03224734542516;2803:179.58720734542516;7558:186.98220734542517;2806:194.81604734542518;4344:196.01904734542518;2996:198.06252734542517;2984:200.35498666799225
0,7,default_vehtype,boarding,True,200.35498666799225,230.35498666799225,2984;-1;-1,2984;-1;-1,0.0,0.7723746290095583,0.7723746290095583,0.0,,0,4,1,4,,,
0,3,default_vehtype,route,False,180.0,241.39389060431841,2992;-1;-1,2991;-1;-1,852.6929250599779,0.6917207594128889,0.691635490120383,0.0,,0,,0,,,2992;2526;5444;1716;2720;4210;1711;98;2497;7434;2760;542;1074;4204;537;2991,2992:180;2526:189.20224753494543;5444:199.73865553494542;1716:202.52901553494542;2720:203.27565553494543;4210:204.17392753494542;1711:205.30360753494543;98:213.91941553494541;2497:215.4300475349454;7434:222.63789553494541;2760:229.1764315349454;542:236.70453553494542;1074:237.6379435349454;4204:238.6195915349454;537:239.57359153494542;2991:241.39389060431841
0,3,default_vehtype,boarding,True,241.39389060431841,271.3938906043184,2991;-1;-1,2991;-1;-1,0.0,0.691635490120383,0.691635490120383,0.0,,0,7,1,7,,,
0,4,default_vehtype,boarding,True,226.95366879244827,256.9536687924483,2973;-1;-1,2973;-1;-1,0.0,0.8227646143333959,0.8227646143333959,0.0,,0,0,1,0,,,
0,5,default_vehtype,boarding,True,227.71245427278907,257.71245427278905,2970;-1;-1,2970;-1;-1,0.0,0.5434112512664125,0.5434112512664125,0.0,,0,1;6,2,6,,,
0,6,default_vehtype,boarding,True,224.3821430723187,254.3821430723187,2976;-1;-1,2976;-1;-1,0.0,0.7642891757925347,0.7642891757925347,0.0,,0,2,1,,2,,
0,0,default_vehtype,route,False,300.0,337.42546113022894,2978;-1;-1,2979;-1;-1,311.87884275190765,0.9458865003910399,0.9458553125067648,0.0,,0,,0,,,2978;4103;6297;1434;3820;3877;2787;4993;6537;2979,2978:300;4103:302.6189566950277;6297:304.9782766950277;1434:310.9373566950277;3820:316.04599669502767;3877:317.95387669502765;2787:326.74639669502767;4993:327.79543669502766;6537:333.5952766950277;2979:337.42546113022894
0,2,default_vehtype,route,False,210.0,355.75221823654294,2981;-1;-1,2986;-1;-1,1365.123481873401,0.9627983191463305,0.9626618067981433,0.0,,0,5,1,,,2981;6320;3549;6384;4032;1804;4277;5239;6501;3911;5389;7301;3914;5398;5400;4040;4041;5374;5418;5424;5403;6546;1200;7312;3767;4527;3089;3131;5447;7352;414;122;3426;4305;793;118;3979;4275;103;6480;7360;2986,2981:210;6320:213.37311885414516;3549:219.01035885414515;6384:219.27219885414516;4032:222.49383885414517;1804:223.40975085414516;4277:224.99783085414515;5239:230.50247085414514;6501:236.46503085414514;3911:245.81987085414514;5389:246.88571085414515;7301:247.13963085414514;3914:248.32331085414515;5398:249.50015085414515;5400:250.82675085414516;4040:260.1315508541452;4041:263.0758708541452;5374:267.3284308541452;5418:268.3657108541452;5424:268.5089908541452;5403:269.61431085414523;6546:273.8411908541452;1200:278.45027085414523;7312:279.94403085414524;3767:281.9504308541452;4527:284.7472708541452;3089:293.1568708541452;3131:293.6371108541452;5447:296.02475085414517;7352:297.33611085414515;414:299.80583085414514;122:312.1601908541451;3426:313.4137108541451;4305:314.8160308541451;793:326.9315908541451;118:332.7958708541451;3979:334.6464148541451;4275:335.23775085414513;103:336.3806788541451;6480:349.7024068541451;7360:355.20428685414515;2986:355.75221823654294
0,3,default_vehtype,route,False,271.3938906043184,307.2560879999999,2991;-1;-1,2992;-1;-1,498.08607494002206,0.691635490120383,0.691585681512889,0.0,,0,7,1,,,2991;3010;5631;1068;2559;6740;1717;2067;2063;1937;2992,2991:271.3938906043184;3010:275.4411595349454;5631:281.2905835349454;1068:283.8429835349454;2559:290.8935835349454;6740:295.36420753494536;1717:301.1979355349454;2067:301.93571953494535;2063:302.65197553494534;1937:305.9219275349453;2992:307.2560879999999
0,3,default_vehtype,boarding,True,307.2560879999999,337.2560879999999,2992;-1;-1,2992;-1;-1,0.0,0.691585681512889,0.691585681512889,0.0,,0,7,1,,7,,
0,6,default_vehtype,route,False,300.0,318.3631326932274,2976;-1;-1,2984;-1;-1,153.0261057768949,0.7642891757925347,0.764273873181957,0.0,,0,,0,,,2976;7557;2806;4344;2996;2984,2976:300;7557:304.99035337066033;2806:312.82419337066034;4344:314.0271933706603;2996:316.0706733706603;2984:318.3631326932274
0,6,default_vehtype,boarding,True,318.3631326932274,348.3631326932274,2984;-1;-1,2984;-1;-1,0.0,0.764273873181957,0.764273873181957,0.0,,0,11,1,11,,,
0,0,default_vehtype,boarding,True,337.42546113022894,367.42546113022894,2979;-1;-1,2979;-1;-1,0.0,0.9458553125067648,0.9458553125067648,0.0,,0,10,1,10,,,
0,0,default_vehtype,route,False,367.42546113022894,415.4532693496026,2979;-1;-1,2982;-1;-1,400.231735161447,0.9458553125067648,0.9458152893332487,0.0,,0,10,1,,,2979;2786;2411;1661;7283;796;751;4635;6299;4102;4325;7285;1218;2982,2979:367.42546113022894;2786:369.4303966950277;2411:375.2655166950277;1661:381.06535669502773;7283:382.1143966950277;796:390.90691669502775;751:392.8147966950277;4635:397.9234366950277;6299:403.8825166950277;4102:406.2418366950277;4325:411.5329966950277;7285:412.4499166950277;1218:413.5731166950277;2982:415.4532693496026
0,2,default_vehtype,boarding,True,355.75221823654294,385.75221823654294,2986;-1;-1,2986;-1;-1,0.0,0.9626618067981433,0.9626618067981433,0.0,,0,5,1,,5,,
0,2,default_vehtype,route,False,385.75221823654294,392.38920452067794,2986;-1;-1,2974;-1;-1,92.18036505743055,0.9626618067981433,0.9626525887616375,0.0,,0,,0,,,2986;3155;7358;2974,2986:385.75221823654294;3155:386.29609485414517;7358:387.3879028541452;2974:392.38920452067794
0,0,default_vehtype,boarding,True,415.4532693496026,445.4532693496026,2982;-1;-1,2982;-1;-1,0.0,0.9458152893332487,0.9458152893332487,0.0,,0,10,1,,10,,
0,1,default_vehtype,route,False,186.1792404322035,434.6648918140075,2979;-1;-1,2972;-1;-1,2598.7980239904605,0.8575770701334686,0.8573171903310697,0.0,,0,3,1,,,2979;2786;2307;3549;6384;4032;1804;4277;5239;6501;3911;5389;7301;3914;5398;5400;4040;4041;5374;5418;5424;5403;6546;1200;7312;3767;4527;3089;3131;5447;7352;414;122;3426;4305;793;118;3979;4275;103;6480;7360;3154;6028;5745;6035;5743;6038;6041;7365;6050;6068;6077;3629;4502;6912;2108;7370;7608;5900;3459;4818;5992;6047;5708;3884;3030;3347;7376;2207;3446;3720;5332;251;2711;3358;2296;5681;2294;2035;6308;374;7114;3246;5330;661;445;2972,2979:186.1792404322035;2786:188.18417599700226;2307:191.70293599700224;3549:197.34017599700223;6384:197.60201599700224;4032:200.82365599700225;1804:201.73956799700224;4277:203.32764799700223;5239:208.83228799700223;6501:214.79484799700222;3911:224.14968799700222;5389:225.21552799700223;7301:225.46944799700222;3914:226.65312799700223;5398:227.82996799700223;5400:229.15656799700224;4040:238.46136799700224;4041:241.40568799700225;5374:245.65824799700223;5418:246.69552799700224;5424:246.83880799700225;5403:247.94412799700225;6546:252.17100799700225;1200:256.7800879970022;7312:258.27384799700224;3767:260.2802479970022;4527:263.0770879970022;3089:271.4866879970022;3131:271.9669279970022;5447:274.35456799700216;7352:275.66592799700214;414:278.13564799700214;122:290.4900079970021;3426:291.7435279970021;4305:293.1458479970021;793:305.2614079970021;118:311.1256879970021;3979:312.9762319970021;4275:313.56756799700213;103:314.7104959970021;6480:328.0322239970021;7360:333.53410399700215;3154:334.62591199700216;6028:335.58703999700214;5745:337.07866399700214;6035:339.00207199700213;5743:340.37151199700213;6038:342.3869359970021;6041:343.66320799700213;7365:350.3263759970021;6050:352.59991999700213;6068:356.82624799700216;6077:357.47194399700214;3629:359.02923199700217;4502:359.4921199970022;6912:364.6405519970022;2108:366.5369599970022;7370:373.0636879970022;7608:373.2930799970022;5900:376.76477599700223;3459:377.5203439970022;4818:378.13522399700224;5992:378.61200799700225;6047:382.80053599700227;5708:384.19481599700225;3884:386.73439999700224;3030:387.23242399700223;3347:389.2566319970022;7376:389.6920159970022;2207:390.1009039970022;3446:392.9243119970022;3720:395.9539999970022;5332:396.9454399970022;251:397.6930159970022;2711:398.8308319970022;3358:401.0458399970022;2296:409.3468399970022;5681:411.7408399970022;2294:413.0723257112879;2035:414.40381142557356;6308:416.79781142557357;374:425.09881142557356;7114:427.31381942557357;3246:428.45163542557356;5330:429.19921142557354;661:430.19065142557355;445:433.22033942557357;2972:434.6648918140075
0,1,default_vehtype,boarding,True,434.6648918140075,464.6648918140075,2972;-1;-1,2972;-1;-1,0.0,0.8573171903310697,0.8573171903310697,0.0,,0,3;8,2,8,3,,
0,2,default_vehtype,boarding,True,392.38920452067794,422.38920452067794,2974;-1;-1,2974;-1;-1,0.0,0.9626525887616375,0.9626525887616375,0.0,,0,9,1,9,,,
0,4,default_vehtype,route,False,256.9536687924483,467.2892716261909,2973;-1;-1,2968;-1;-1,2456.135150468651,0.8227646143333959,0.822519000818349,0.0,,0,0,1,,,2973;7354;4225;4614;7369;7607;5900;3459;4818;5992;6047;5708;3884;3030;3347;7376;2207;3446;3720;5332;251;2711;3358;2296;5495;5697;5497;5500;670;5502;5512;5520;5531;6313;6632;6644;3793;6319;7102;3741;7384;6414;5446;2447;2571;42;2577;2566;3033;3036;2469;2404;2235;3762;5287;310;2280;1447;6261;3764;4397;4745;4182;4187;4191;4195;4202;4208;537;18;5629;1068;2559;6740;1717;2067;2720;4210;1711;2968,2973:256.9536687924483;7354:260.75083610311185;4225:265.33536410311183;4614:268.87034810311184;7369:280.5754601031118;7607:280.80485210311184;5900:284.27654810311185;3459:285.03211610311183;4818:285.64699610311186;5992:286.12378010311187;6047:290.3123081031119;5708:291.70658810311187;3884:294.24617210311186;3030:294.74419610311185;3347:296.76840410311183;7376:297.20378810311183;2207:297.6126761031118;3446:300.4360841031118;3720:303.4657721031118;5332:304.45721210311183;251:305.2047881031118;2711:306.3426041031118;3358:308.5576121031118;2296:316.8586121031118;5495:317.0754521031118;5697:318.1792121031118;5497:318.8766521031118;5500:321.7838921031118;670:323.1812921031118;5502:325.5287321031118;5512:329.05049210311176;5520:331.5044921031118;5531:333.20141210311175;6313:334.22645210311174;6632:336.5234921031117;6644:338.0947721031117;3793:339.9439721031117;6319:340.85969210311174;7102:341.3377721031117;3741:341.87741210311174;7384:349.53641210311173;6414:354.7435721031117;5446:357.0113321031117;2447:360.94745210311174;2571:368.5363721031117;42:373.2043721031117;2577:373.87685210311173;2566:382.47593210311175;3033:383.10689210311176;3036:385.3764521031118;2469:388.96877210311175;2404:392.2922921031117;2235:393.5756921031117;3762:393.9991241031117;5287:394.5381881031117;310:397.32840410311167;2280:397.92751610311166;1447:398.37341210311166;6261:402.25140410311167;3764:403.25710010311167;4397:403.80775610311167;4745:404.03405210311166;4182:408.48782810311167;4187:411.1498841031117;4191:411.8881721031117;4195:426.35146010311166;4202:427.35398810311165;4208:428.33563610311165;537:429.28963610311166;18:435.15720410311167;5629:441.00662810311167;1068:443.55902810311164;2559:450.6096281031116;6740:455.0802521031116;1717:460.9139801031116;2067:461.6517641031116;2720:462.4151801031116;4210:463.3134521031116;1711:464.4431321031116;2968:467.2892716261909
0,5,default_vehtype,route,False,257.71245427278905,429.11332810130716,2970;-1;-1,2974;-1;-1,1831.1908244961667,0.5434112512664125,0.5432281321839629,0.0,,0,1;6,2,,,2970;671;662;7398;3491;6933;7394;6989;7392;5704;7389;3806;2573;885;316;2042;1982;6306;374;7114;3246;5330;661;445;6080;7381;364;3029;3886;5711;6045;2157;4817;456;5901;7605;2830;5852;6913;1321;597;2204;6066;6049;7367;2188;2186;5744;6033;5746;6031;146;2828;2974,2970:257.71245427278905;671:258.7425704347744;662:281.1922904347744;7398:284.71153043477443;3491:291.03625043477444;6933:291.94801043477446;7394:297.30961043477447;6989:297.90397043477446;7392:307.11505043477445;5704:309.4801304347744;7389:324.0183704347744;3806:328.0827704347744;2573:329.15077043477436;885:329.75413043477437;316:336.58129043477436;2042:347.3197304347744;1982:348.0824504347744;6306:348.2992904347744;374:356.60029043477437;7114:358.8152984347744;3246:359.95311443477436;5330:360.70069043477434;661:361.69213043477436;445:364.7218184347744;6080:367.54522643477435;7381:367.95411443477434;364:368.38949843477434;3029:370.4137064347743;3886:370.9117304347743;5711:373.4513144347743;6045:374.8455944347743;2157:379.0341224347743;4817:379.5109064347743;456:380.12578643477434;5901:380.8813544347743;7605:384.35305043477433;2830:384.58244243477435;5852:391.10917043477434;6913:393.00557843477435;1321:398.15401043477436;597:398.6168984347744;2204:400.1741864347744;6066:400.8198824347744;6049:405.0462104347744;7367:407.31975443477444;2188:413.9829224347744;2186:415.25919443477443;5744:417.2746184347744;6033:418.6440584347744;5746:420.5674664347744;6031:422.0590904347744;146:423.0202184347744;2828:424.1120264347744;2974:429.11332810130716
0,5,default_vehtype,boarding,True,429.11332810130716,459.11332810130716,2974;-1;-1,2974;-1;-1,0.0,0.5432281321839629,0.5432281321839629,0.0,,0,1;6,2,,6,,
0,5,default_vehtype,route,False,459.11332810130716,465.66371781717214,2974;-1;-1,2986;-1;-1,90.97763494256945,0.5432281321839629,0.5432190344204687,0.0,,0,1,1,,,2974;6479;7359;2986,2974:459.11332810130716;6479:459.6139064347744;7359:465.11578643477435;2986:465.66371781717214
0,6,default_vehtype,route,False,348.3631326932274,477.72137780586166,2984;-1;-1,2979;-1;-1,1077.9853759386178,0.764273873181957,0.7641660746443631,0.0,,0,11,1,,,2984;3012;4;4345;7330;7562;7316;7531;2802;2251;7515;7037;7512;3274;2902;3901;7011;7336;4365;7288;1182;1001;6296;1434;3820;3877;2787;4993;6537;2979,2984:348.3631326932274;3012:350.8557933706603;4:355.6409133706603;4345:357.6843933706603;7330:358.8873933706603;7562:366.7212333706603;7316:374.11623337066027;7531:381.67119337066026;2802:388.8866733706603;2251:395.7819933706603;7515:396.64311337066033;7037:403.95507337066033;7512:411.18843337066033;3274:422.53443337066034;2902:422.64603337066035;3901:423.11403337066037;7011:425.09499337066035;7336:428.00247337066037;4365:435.58359337066037;7288:436.70679337066036;1182:437.62371337066037;1001:442.91487337066036;6296:445.2741933706604;1434:451.2332733706604;3820:456.3419133706604;3877:458.24979337066037;2787:467.0423133706604;4993:468.0913533706604;6537:473.8911933706604;2979:477.72137780586166
0,7,default_vehtype,route,False,230.35498666799225,474.7183038104796,2984;-1;-1,2992;-1;-1,2495.7221787710323,0.7723746290095583,0.7721250567916813,0.0,,0,4,1,,,2984;3012;7321;2804;3061;1173;3425;3125;3406;2825;1944;130;99;4526;714;2800;4332;799;3653;3825;7127;1836;4248;5046;7138;6879;1367;3637;3640;3643;7179;5275;5297;5072;1464;2847;5825;4587;5794;3202;2065;2023;4203;537;18;5629;1068;2559;6740;1717;2067;2063;1937;2992,2984:230.35498666799225;3012:232.84764734542517;7321:236.85828734542517;2804:240.18504734542518;3061:246.85308734542517;1173:252.45144734542515;3425:253.63440734542516;3125:254.88792734542517;3406:267.24228734542515;2825:269.71200734542515;1944:271.02336734542513;130:273.4110073454251;99:273.8912473454251;4526:282.3008473454251;714:285.0976873454251;2800:287.10408734542506;4332:287.91972734542503;799:289.10064734542505;3653:293.69688734542507;3825:294.9454873454251;7127:338.50560734542506;1836:339.85656734542505;4248:354.40176734542507;5046:370.7422873454251;7138:372.3808873454251;6879:378.64728734542507;1367:390.1401673454251;3637:392.0332873454251;3640:392.8864153454251;3643:393.9499993454251;7179:397.5283993454251;5275:402.0376873454251;5297:405.4165033454251;5072:405.6467593454251;1464:412.5872713454251;2847:413.6579833454251;5825:416.5566313454251;4587:418.8369433454251;5794:420.45708734542507;3202:424.57843934542507;2065:429.72269534542505;2023:435.28102334542507;4203:436.0818073454251;537:437.0358073454251;18:442.9033753454251;5629:448.7527993454251;1068:451.3051993454251;2559:458.35579934542505;6740:462.82642334542504;1717:468.66015134542505;2067:469.397935345425;2063:470.114191345425;1937:473.384143345425;2992:474.7183038104796
0,1,default_vehtype,route,False,464.6648918140075,499.10842011491,2972;-1;-1,2973;-1;-1,478.3823375125352,0.8573171903310697,0.8572693520973184,0.0,,0,8,1,,,2972;6079;7380;364;3029;3886;5711;6045;2157;4817;456;5901;7605;2830;1420;1084;2973,2972:464.6648918140075;6079:466.0437474255736;7380:466.4526354255736;364:466.8880194255736;3029:468.9122274255736;3886:469.41025142557356;5711:471.94983542557355;6045:473.34411542557353;2157:477.53264342557355;4817:478.00942742557356;456:478.6243074255736;5901:479.3798754255736;7605:482.8515714255736;2830:483.0809634255736;1420:494.7860754255736;1084:498.3210594255736;2973:499.10842011491
0,1,default_vehtype,boarding,True,499.10842011491,529.10842011491,2973;-1;-1,2973;-1;-1,0.0,0.8572693520973184,0.8572693520973184,0.0,,0,8;14,2,14,,,
0,2,default_vehtype,route,False,422.38920452067794,499.110463890998,2974;-1;-1,2984;-1;-1,685.0623045417705,0.9626525887616375,0.9625840825311833,0.0,,0,9,1,,,2974;6479;3091;4274;880;3109;3874;4306;429;4313;68;7318;7325;3011;4;4345;1199;1204;2996;2984,2974:422.38920452067794;6479:422.88978285414515;3091:436.21151085414516;4274:437.35443885414514;880:437.94577485414516;3109:439.79631885414517;3874:445.6605988541452;4306:457.7761588541452;429:459.17847885414517;4313:460.36143885414515;68:465.95979885414516;7318:472.6278388541452;7325:475.95459885414516;3011:479.9652388541452;4:484.7503588541452;4345:486.7938388541452;1199:490.78418171128806;1204:494.77452456843093;2996:496.8180045684309;2984:499.110463890998
0,2,default_vehtype,boarding,True,499.110463890998,529.1104638909981,2984;-1;-1,2984;-1;-1,0.0,0.9625840825311833,0.9625840825311833,0.0,,0,9,1,,9,,
0,3,default_vehtype,route,False,360.0,535.7648122667871,2992;-1;-1,2971;-1;-1,1861.3983663062545,0.691585681512889,0.6913995416762584,0.0,,0,,0,,,2992;2526;5444;1716;2720;4210;1711;98;2497;7434;2760;542;1074;336;2759;1664;1659;4844;3270;4850;6823;1946;7401;3560;3731;662;7398;3491;6933;7394;6989;7392;5704;7389;2971,2992:360;2526:369.2022475349454;5444:379.7386555349454;1716:382.5290155349454;2720:383.27565553494543;4210:384.17392753494545;1711:385.30360753494546;98:393.9194155349455;2497:395.43004753494546;7434:402.63789553494547;2760:409.1764315349455;542:416.7045355349455;1074:417.63794353494546;336:418.66106353494547;2759:423.39103153494545;1664:426.64492753494545;1659:431.4044875349455;4844:443.67700753494546;3270:445.5500875349455;4850:451.10320753494545;6823:458.58352753494546;1946:462.8368075349455;7401:464.0358475349455;3560:465.1114075349455;3731:467.80096753494547;662:490.2506875349455;7398:493.7699275349455;3491:500.0946475349455;6933:501.00640753494554;7394:506.36800753494555;6989:506.96236753494554;7392:516.1734475349456;5704:518.5385275349456;7389:533.0767675349456;2971:535.7648122667871
0,4,default_vehtype,boarding,True,467.2892716261909,497.2892716261909,2968;-1;-1,2968;-1;-1,0.0,0.822519000818349,0.822519000818349,0.0,,0,0,1,,0,,
0,4,default_vehtype,route,False,497.2892716261909,528.9269131511652,2968;-1;-1,2969;-1;-1,439.4116878468658,0.822519000818349,0.8224750596495644,0.0,,0,,0,,,2968;98;2497;7434;2760;542;1074;336;2969,2968:497.2892716261909;98:503.0589401031116;2497:504.56957210311157;7434:511.7774201031116;2760:518.3159561031116;542:525.8440601031116;1074:526.7774681031116;336:527.8005881031115;2969:528.9269131511652
0,5,default_vehtype,boarding,True,465.66371781717214,495.66371781717214,2986;-1;-1,2986;-1;-1,0.0,0.5432190344204687,0.5432190344204687,0.0,,0,1,1,,1,,
0,6,default_vehtype,boarding,True,477.72137780586166,507.72137780586166,2979;-1;-1,2979;-1;-1,0.0,0.7641660746443631,0.7641660746443631,0.0,,0,11,1,,11,,
0,7,default_vehtype,boarding,True,474.7183038104796,504.7183038104796,2992;-1;-1,2992;-1;-1,0.0,0.7721250567916813,0.7721250567916813,0.0,,0,4,1,,4,,
0,2,default_vehtype,route,False,540.0,584.9088900425979,2984;-1;-1,2985;-1;-1,386.725802383677,0.9625840825311833,0.962545409950945,0.0,,0,,0,,,2984;3012;7321;2804;3061;1173;3425;4304;793;118;3979;2985,2984:540;3012:542.4926606774329;7321:546.5033006774329;2804:549.8300606774329;3061:556.498100677433;1173:562.0964606774329;3425:563.2794206774329;4304:564.6817406774329;793:576.7973006774329;118:582.6615806774329;3979:584.5121246774329;2985:584.9088900425979
0,3,default_vehtype,boarding,True,535.7648122667871,565.7648122667871,2971;-1;-1,2971;-1;-1,0.0,0.6913995416762584,0.6913995416762584,0.0,,0,13,1,13,,,
0,4,default_vehtype,boarding,True,528.9269131511652,558.9269131511652,2969;-1;-1,2969;-1;-1,0.0,0.8224750596495644,0.8224750596495644,0.0,,0,15,1,15,,,
0,8,default_vehtype,route,False,360.0,563.129493883602,2966;-1;-1,2990;-1;-1,1523.102920666749,0.916309922773969,0.9161576124819023,0.0,,0,,0,,,2966;2743;2631;2150;735;738;1096;3736;81;831;2413;1146;832;1880;1340;3638;1365;2574;7139;711;91;913;3564;4948;592;557;3881;4091;5064;991;990;4272;2724;6667;6711;1807;1653;6829;4349;4937;669;5061;7265;3848;534;2839;5449;2990,2966:360;2743:367.8438282903996;2631:371.85525686182814;2150:388.78554257611387;735:399.2677140046853;738:405.43554257611385;1096:414.97451400468526;3736:415.23753000468525;81:419.08643400468526;831:429.93301800468527;2413:430.9207140046853;1146:431.7340980046853;832:432.5425140046853;1880:435.1402020046853;1340:446.67301800468533;3638:447.6594900046853;1365:449.6012100046853;2574:461.1090900046853;7139:467.3754900046853;711:468.5610900046853;91:469.6431300046853;913:471.6588900046853;3564:477.5453700046853;4948:482.46129000468534;592:484.08789000468533;557:489.6836100046853;3881:490.6467300046853;4091:491.7455700046853;5064:493.3034100046853;991:493.7750100046853;990:495.88785000468533;4272:499.0570500046853;2724:500.0514900046853;6667:507.9836100046853;6711:523.8431700046854;1807:525.7703700046853;1653:531.5742900046853;6829:532.3472100046853;4349:532.8960900046853;4937:537.2656500046853;669:547.5730500046853;5061:553.3814100046853;7265:554.1646500046853;3848:555.1392900046853;534:559.1842500046853;2839:560.5428900046853;5449:561.7419300046853;2990:563.129493883602
0,8,default_vehtype,boarding,True,563.129493883602,593.129493883602,2990;-1;-1,2990;-1;-1,0.0,0.9161576124819023,0.9161576124819023,0.0,,0,12,1,12,,,
0,4,default_vehtype,route,False,558.9269131511652,600.0,2969;-1;-1,710;2281;0.351,570.4595395671499,0.8224750596495644,0.8224180136956076,0.0,,0,15,1,,,2969;7192;1664;337;1075;4198;1071;1070;1069;1067;1504;4396;710,2969:558.9269131511652;7192:562.5305561031116;1664:565.7844521031117;337:573.5446841031116;1075:574.5685241031116;4198:575.5501721031115;1071:576.5527001031115;1070:591.0159881031116;1069:591.7542761031116;1067:594.4163321031116;1504:598.8701081031115;4396:599.0964041031116;710:599.6470601031116
0,0,default_vehtype,route,False,540.0,600.0,2982;-1;-1,7281;2307;0.732,499.9999999999998,0.9458152893332487,0.9457652893332487,0.0,,0,,0,,,2982;2809;4365;7288;1182;1001;6296;1434;3820;3877;2787;4993;6537;7281,2982:540;2809:545.7009673454252;4365:553.2820873454252;7288:554.4052873454252;1182:555.3222073454252;1001:560.6133673454252;6296:562.9726873454252;1434:568.9317673454252;3820:574.0404073454253;3877:575.9482873454252;2787:584.7408073454252;4993:585.7898473454252;6537:591.5896873454252;7281:597.4248073454252
0,0,default_vehtype,route,False,600.0,626.9724713484228,7281;2307;0.732,2981;-1;-1,108.95573742733336,0.9457652893332487,0.9457543937595059,0.0,,0,,0,,,7281;2307;3549;3552;536;535;533;2981,7281:600;2307:600.9435673454252;3549:606.5808073454252;3552:611.8100644882824;536:615.6445787739966;535:619.4790930597109;533:624.708350202568;2981:626.9724713484228
0,0,default_vehtype,boarding,True,626.9724713484228,656.9724713484228,2981;-1;-1,2981;-1;-1,0.0,0.9457543937595059,0.9457543937595059,0.0,,0,19,1,19,,,
0,2,default_vehtype,boarding,True,584.9088900425979,614.9088900425979,2985;-1;-1,2985;-1;-1,0.0,0.962545409950945,0.962545409950945,0.0,,0,18,1,18,,,
0,6,default_vehtype,route,False,540.0,642.7195168291412,2979;-1;-1,2980;-1;-1,812.5577977206555,0.7641660746443631,0.7640848188645911,0.0,,0,,0,,,2979;2786;2307;3549;6384;4032;1804;4811;5237;608;459;2416;4011;5246;363;366;2314;2877;1748;1743;1157;2058;2092;915;2980,2979:540;2786:542.0049355647988;2307:545.5236955647988;3549:551.1609355647988;6384:551.4227755647988;4032:554.6444155647988;1804:555.5603275647989;4811:557.2429675647988;5237:561.9834475647989;608:570.8495275647989;459:571.1792875647989;2416:573.3929275647989;4011:574.0570555647989;5246:579.9822235647989;363:586.8909115647989;366:588.2959915647989;2314:589.4408635647989;2877:602.6119675647989;1748:603.7304875647989;1743:611.4848875647989;1157:616.2240304219417;2058:622.0138589933703;2092:625.4030018505131;915:630.5211732790845;2980:642.7195168291412
0,1,default_vehtype,route,False,529.10842011491,718.3217080801484,2973;-1;-1,2982;-1;-1,1922.294373658451,0.8572693520973184,0.8570771226599525,0.0,,0,8;14,2,,,2973;7354;3525;6025;3063;6027;7362;2188;2186;5744;6033;5746;6031;146;2828;2376;3091;4274;880;3109;3874;4306;429;3125;3406;2825;1944;130;99;4526;714;2800;4339;2419;5404;5421;1925;1883;926;925;5399;1905;830;2795;918;3075;7097;7290;2736;1744;1164;2789;1218;2982,2973:529.10842011491;7354:532.9055874255736;3525:543.7844274255735;6025:545.5258914255735;3063:546.7905714255735;6027:548.0925474255735;7362:552.1007874255735;2188:558.7639554255735;2186:560.0402274255734;5744:562.0556514255735;6033:563.4250914255736;5746:565.3484994255736;6031:566.8401234255736;146:567.8012514255736;2828:568.8930594255736;2376:574.3949394255736;3091:587.7166674255736;4274:588.8595954255736;880:589.4509314255736;3109:591.3014754255736;3874:597.1657554255736;4306:609.2813154255736;429:610.6836354255736;3125:611.9371554255736;3406:624.2915154255736;2825:626.7612354255737;1944:628.0725954255737;130:630.4602354255737;99:630.9404754255737;4526:639.3500754255737;714:642.1469154255736;2800:644.1533154255736;4339:645.6470754255736;2419:650.2561554255735;5404:654.4830354255736;5421:655.5883554255736;1925:655.7316354255736;1883:656.7689154255736;926:661.0214754255736;925:663.9657954255736;5399:673.2705954255736;1905:674.5971954255735;830:675.7740354255735;2795:676.9577154255735;918:678.0998754255735;3075:685.9728354255735;7097:686.8221954255736;7290:692.6243154255735;2736:701.3427954255735;1744:702.7980354255735;1164:713.9065554255735;2789:715.3183554255735;1218:716.4415554255735;2982:718.3217080801484
0,4,default_vehtype,route,False,600.0,707.2184312091375,710;2281;0.351,2989;-1;-1,945.311749537881,0.8224180136956076,0.8223234825206538,0.0,,0,15,1,,,710;2281;4664;6260;3300;1832;708;6180;2405;6169;2744;2567;2576;3077;3241;88;2758;2742;2448;2353;6140;7386;3742;7100;6318;737;6639;2446;2301;1992;1990;1988;1985;3729;5498;5496;5699;5494;5695;3307;3987;6878;2989,710:600;2281:600.6527561031115;4664:604.5307481031115;6260:604.9766441031114;3300:605.5757561031114;1832:608.3659721031114;708:608.9050361031115;6180:609.3284681031115;2405:611.5508681031115;6169:615.0279881031115;2744:619.6285481031115;2567:621.4715081031114;2576:629.9600681031114;3077:632.0927081031115;3241:635.2215881031115;88:637.1484281031114;2758:639.1118681031114;2742:639.5183081031114;2448:642.7039481031114;2353:648.9048281031114;6140:654.0758681031114;7386:655.4183081031114;3742:663.0773081031114;7100:663.6169481031113;6318:664.0950281031113;737:665.0107481031113;6639:666.8599481031113;2446:668.4312281031113;2301:670.7282681031113;1992:671.7533081031113;1990:673.4502281031113;1988:675.9042281031112;1985:679.4259881031112;3729:681.7734281031112;5498:683.1708281031111;5496:686.0780681031111;5699:686.7755081031112;5494:687.8792681031111;5695:688.6419881031111;3307:699.3804281031111;3987:706.2075881031111;6878:706.8109481031111;2989:707.2184312091375
0,5,default_vehtype,route,False,660.0,691.9130678735152,2986;-1;-1,2975;-1;-1,399.5205690437494,0.5432190344204687,0.5431790823635644,0.0,,0,,0,,,2986;3155;7358;2376;3091;4274;880;3109;3874;2975,2986:660;3155:660.5438766176022;7358:661.6356846176022;2376:667.1375646176023;3091:680.4592926176023;4274:681.6022206176023;880:682.1935566176022;3109:684.0441006176022;3874:689.9083806176022;2975:691.9130678735152
0,6,default_vehtype,boarding,True,642.7195168291412,672.7195168291412,2980;-1;-1,2980;-1;-1,0.0,0.7640848188645911,0.7640848188645911,0.0,,0,17,1,17,,,
0,7,default_vehtype,route,False,660.0,719.787388582999,2992;-1;-1,2969;-1;-1,830.3803969860979,0.7721250567916813,0.7720420187519828,0.0,,0,,0,,,2992;2526;5444;1716;2720;4210;1711;98;2497;7434;2760;542;1074;336;2969,2992:660;2526:669.2022475349454;5444:679.7386555349455;1716:682.5290155349454;2720:683.2756555349454;4210:684.1739275349454;1711:685.3036075349454;98:693.9194155349454;2497:695.4300475349454;7434:702.6378955349454;2760:709.1764315349454;542:716.7045355349454;1074:717.6379435349454;336:718.6610635349454;2969:719.787388582999
0,1,default_vehtype,boarding,True,718.3217080801484,748.3217080801484,2982;-1;-1,2982;-1;-1,0.0,0.8570771226599525,0.8570771226599525,0.0,,0,8;14,2,,8,,
0,2,default_vehtype,route,False,614.9088900425979,733.5949738232877,2985;-1;-1,2981;-1;-1,1026.684046143721,0.962545409950945,0.9624427415463306,0.0,,0,18,1,,,2985;1140;880;3109;3874;4306;429;3125;3406;2825;1944;130;99;4526;714;2800;4339;2419;5404;5421;1925;1883;926;925;5399;1905;830;2795;1891;827;6499;1803;1141;5241;922;6385;3550;2981,2985:614.9088900425979;1140:615.103460677433;880:615.6947966774329;3109:617.5453406774329;3874:623.4096206774329;4306:635.5251806774329;429:636.9275006774329;3125:638.1810206774329;3406:650.535380677433;2825:653.005100677433;1944:654.316460677433;130:656.7041006774331;99:657.184340677433;4526:665.593940677433;714:668.390780677433;2800:670.397180677433;4339:671.8909406774329;2419:676.5000206774329;5404:680.7269006774329;5421:681.8322206774329;1925:681.9755006774329;1883:683.0127806774329;926:687.265340677433;925:690.2096606774329;5399:699.5144606774329;1905:700.8410606774329;830:702.0179006774329;2795:703.2015806774328;1891:703.4555006774328;827:704.5213406774328;6499:713.8761806774328;1803:719.8387406774328;1141:725.3433806774328;5241:726.9314606774328;922:727.8473726774329;6385:731.0690126774329;3550:731.3308526774329;2981:733.5949738232877
0,2,default_vehtype,boarding,True,733.5949738232877,763.5949738232877,2981;-1;-1,2981;-1;-1,0.0,0.9624427415463306,0.9624427415463306,0.0,,0,18,1,,18,,
0,4,default_vehtype,boarding,True,707.2184312091375,737.2184312091375,2989;-1;-1,2989;-1;-1,0.0,0.8223234825206538,0.8223234825206538,0.0,,0,15;20;21;24,4,20;21;24,,,
0,5,default_vehtype,boarding,True,691.9130678735152,721.9130678735152,2975;-1;-1,2975;-1;-1,0.0,0.5431790823635644,0.5431790823635644,0.0,,0,25,1,25,,,
0,7,default_vehtype,boarding,True,719.787388582999,749.787388582999,2969;-1;-1,2969;-1;-1,0.0,0.7720420187519828,0.7720420187519828,0.0,,0,23,1,23,,,
0,8,default_vehtype,route,False,593.129493883602,776.1613832690275,2990;-1;-1,2980;-1;-1,2002.113969023027,0.9161576124819023,0.9159574010849999,0.0,,0,12,1,,,2990;2552;4848;3271;4846;4989;5000;337;1075;5648;5759;205;5793;1407;5826;7411;4686;5074;5295;5274;7181;604;603;602;3851;4573;1400;971;598;1368;591;585;940;1370;939;1903;983;3921;840;2881;5099;1157;2058;2092;915;2980,2990:593.129493883602;2552:595.9952100046853;4848:603.4755300046853;3271:609.0286500046853;4846:610.9017300046853;4989:623.1742500046853;5000:627.9338100046853;337:635.6940420046852;1075:636.7178820046852;5648:637.5186660046852;5759:643.0769940046852;205:648.2212500046852;5793:652.3426020046852;1407:653.9627460046852;5826:656.2430580046852;7411:659.1417060046851;4686:660.2124180046851;5074:667.1529300046851;5295:667.3831860046852;5274:670.7620020046852;7181:675.2712900046852;604:678.8496900046852;603:679.9132740046851;602:680.7664020046851;3851:681.7697940046851;4573:686.0761140046851;1400:687.8087940046851;971:691.6072260046851;598:692.6744820046852;1368:693.6348180046851;591:699.5057700046851;585:712.6770180046851;940:719.2568820046852;1370:726.2835060046851;939:726.9801780046852;1903:727.8017700046852;983:728.7842820046852;3921:732.5824260046852;840:737.1432660046852;2881:743.7738900046852;5099:744.9267540046852;1157:749.6658968618281;2058:755.4557254332566;2092:758.8448682903994;915:763.9630397189708;2980:776.1613832690275
0,0,default_vehtype,route,False,656.9724713484228,819.748046154815,2981;-1;-1,2974;-1;-1,1500.4598469308316,0.9457543937595059,0.945604347774813,0.0,,0,19,1,,,2981;6320;3549;6384;4032;1804;4277;5239;6501;3911;5389;7301;3914;5398;5400;4040;4041;5374;5418;5424;5403;6546;1200;7312;3767;4527;3089;3131;5447;7352;414;122;3426;4305;793;118;3979;4275;103;6480;7360;3154;6028;2181;2180;146;2828;2974,2981:656.9724713484228;6320:660.345590202568;3549:665.982830202568;6384:666.244670202568;4032:669.466310202568;1804:670.3822222025681;4277:671.9703022025681;5239:677.4749422025681;6501:683.4375022025681;3911:692.7923422025681;5389:693.8581822025681;7301:694.112102202568;3914:695.295782202568;5398:696.472622202568;5400:697.799222202568;4040:707.104022202568;4041:710.0483422025679;5374:714.300902202568;5418:715.338182202568;5424:715.481462202568;5403:716.586782202568;6546:720.813662202568;1200:725.422742202568;7312:726.9165022025679;3767:728.9229022025679;4527:731.7197422025679;3089:740.1293422025678;3131:740.6095822025678;5447:742.9972222025679;7352:744.3085822025679;414:746.7783022025679;122:759.132662202568;3426:760.386182202568;4305:761.788502202568;793:773.904062202568;118:779.768342202568;3979:781.618886202568;4275:782.2102222025679;103:783.3531502025679;6480:796.6748782025679;7360:802.176758202568;3154:803.268566202568;6028:804.229694202568;2181:808.4617513454251;2180:812.6938084882822;146:813.6549364882823;2828:814.7467444882823;2974:819.748046154815
0,1,default_vehtype,route,False,748.3217080801484,803.7415798607748,2982;-1;-1,2979;-1;-1,461.8322648385531,0.8570771226599525,0.8570309394334686,0.0,,0,14,1,,,2982;2809;4365;7288;1182;1001;6296;1434;3820;3877;2787;4993;6537;2979,2982:748.3217080801484;2809:754.0226754255735;4365:761.6037954255736;7288:762.7269954255736;1182:763.6439154255736;1001:768.9350754255736;6296:771.2943954255736;1434:777.2534754255736;3820:782.3621154255736;3877:784.2699954255736;2787:793.0625154255736;4993:794.1115554255736;6537:799.9113954255736;2979:803.7415798607748
0,1,default_vehtype,boarding,True,803.7415798607748,833.7415798607748,2979;-1;-1,2979;-1;-1,0.0,0.8570309394334686,0.8570309394334686,0.0,,0,14;26,2,26,14,,
0,8,default_vehtype,boarding,True,776.1613832690275,806.1613832690275,2980;-1;-1,2980;-1;-1,0.0,0.9159574010849999,0.9159574010849999,0.0,,0,12;16,2,16,12,,
0,0,default_vehtype,boarding,True,819.748046154815,849.748046154815,2974;-1;-1,2974;-1;-1,0.0,0.945604347774813,0.945604347774813,0.0,,0,19,1,,19,,
0,2,default_vehtype,route,False,763.5949738232877,864.0150272884582,2981;-1;-1,2983;-1;-1,836.8337788764221,0.9624427415463306,0.9623590581684429,0.0,,0,,0,,,2981;6320;7278;2411;1661;7283;796;751;4635;6299;4102;4325;7285;1218;7334;7010;820;7498;276;2915;2661;7517;6201;7314;2983,2981:763.5949738232877;6320:766.9680926774329;7278:770.4868526774329;2411:776.3219726774329;1661:782.1218126774329;7283:783.1708526774329;796:791.9633726774329;751:793.8712526774328;4635:798.9798926774329;6299:804.9389726774328;4102:807.2982926774329;4325:812.5894526774329;7285:813.5063726774329;1218:814.6295726774329;7334:822.2106926774329;7010:825.1181726774329;820:827.0991326774329;7498:827.5671326774328;276:827.6787326774328;2915:839.0247326774328;2661:846.2580926774327;7517:853.5700526774327;6201:854.4311726774328;7314:861.3264926774327;2983:864.0150272884582
0,2,default_vehtype,boarding,True,864.0150272884582,894.0150272884582,2983;-1;-1,2983;-1;-1,0.0,0.9623590581684429,0.9623590581684429,0.0,,0,22,1,22,,,
0,3,default_vehtype,route,False,565.7648122667871,859.2909449588315,2971;-1;-1,2966;-1;-1,2495.7317388922106,0.6913995416762584,0.6911499685023692,0.0,,0,13,1,,,2971;3807;7387;2045;2835;2641;7396;2616;486;2838;3722;3732;544;7400;5449;6824;4848;3271;4846;4989;5000;337;1075;5648;5759;205;5793;1407;5826;7411;4686;5074;5295;5274;7181;604;603;602;1339;1395;1399;835;1147;1093;2607;911;1150;665;666;1885;668;1415;1041;1623;1383;2333;2966,2971:565.7648122667871;3807:567.1411675349456;7387:571.2055675349455;2045:585.7438075349455;2835:588.1088875349456;2641:597.3199675349456;7396:597.9143275349456;2616:603.2759275349456;486:604.1876875349456;2838:610.5124075349455;3722:614.0316475349455;3732:636.4813675349454;544:639.1709275349455;7400:640.2464875349455;5449:641.4455275349454;6824:645.6988075349454;4848:653.1791275349455;3271:658.7322475349455;4846:660.6053275349454;4989:672.8778475349454;5000:677.6374075349454;337:685.3976395349454;1075:686.4214795349453;5648:687.2222635349453;5759:692.7805915349453;205:697.9248475349453;5793:702.0461995349453;1407:703.6663435349453;5826:705.9466555349453;7411:708.8453035349453;4686:709.9160155349452;5074:716.8565275349453;5295:717.0867835349453;5274:720.4655995349453;7181:724.9748875349453;604:728.5532875349453;603:729.6168715349453;602:730.4699995349453;1339:731.4623755349453;1395:739.9997035349453;1399:742.1404075349453;835:745.7173675349453;1147:746.5099435349454;1093:747.7692235349454;2607:755.8278955349454;911:758.6817595349454;1150:759.4422235349454;665:760.8920875349454;666:761.7611995349454;1885:762.7470235349454;668:776.1174235349454;1415:776.7464875349453;1041:793.4330018206597;1623:797.8162589635168;1383:808.9016875349454;2333:849.0555732492311;2966:859.2909449588315
0,3,default_vehtype,boarding,True,859.2909449588315,889.2909449588315,2966;-1;-1,2966;-1;-1,0.0,0.6911499685023692,0.6911499685023692,0.0,,0,13,1,,13,,
0,4,default_vehtype,route,False,737.2184312091375,864.1855873590241,2989;-1;-1,2975;-1;-1,1557.6160345823873,0.8223234825206538,0.8221677209171956,0.0,,0,15;20;21;24,4,,,2989;3808;6876;885;316;2042;1982;6306;374;7114;3246;5330;661;445;6080;7381;364;3029;3886;5711;6045;2157;4817;456;5901;7605;2830;5852;6913;1321;597;2204;6066;6049;7367;2188;2186;5744;6033;5746;6031;146;2828;2376;3091;4274;880;3109;3874;2975,2989:737.2184312091375;3808:737.8789481031112;6876:738.9469481031111;885:739.5503081031111;316:746.3774681031111;2042:757.1159081031111;1982:757.878628103111;6306:758.0954681031111;374:766.3964681031111;7114:768.6114761031112;3246:769.7492921031112;5330:770.4968681031112;661:771.4883081031112;445:774.5179961031112;6080:777.3414041031111;7381:777.7502921031112;364:778.1856761031112;3029:780.2098841031112;3886:780.7079081031112;5711:783.2474921031112;6045:784.6417721031112;2157:788.8303001031112;4817:789.3070841031112;456:789.9219641031111;5901:790.6775321031112;7605:794.1492281031111;2830:794.3786201031111;5852:800.9053481031111;6913:802.8017561031111;1321:807.950188103111;597:808.413076103111;2204:809.970364103111;6066:810.6160601031111;6049:814.842388103111;7367:817.115932103111;2188:823.7791001031111;2186:825.055372103111;5744:827.0707961031111;6033:828.4402361031111;5746:830.3636441031111;6031:831.8552681031111;146:832.8163961031112;2828:833.9082041031112;2376:839.4100841031112;3091:852.7318121031112;4274:853.8747401031112;880:854.4660761031112;3109:856.3166201031112;3874:862.1809001031112;2975:864.1855873590241
0,4,default_vehtype,boarding,True,864.1855873590241,894.1855873590241,2975;-1;-1,2975;-1;-1,0.0,0.8221677209171956,0.8221677209171956,0.0,,0,15;20;21;24,4,,15;20,,
0,0,default_vehtype,route,False,849.748046154815,911.3075451776189,2974;-1;-1,2973;-1;-1,854.9930419833843,0.945604347774813,0.9455188484706146,0.0,,0,,0,,,2974;6479;7359;3154;6028;5745;6035;5743;6038;6041;7365;6050;6068;6077;3629;4502;6912;2108;7370;1420;1084;2973,2974:849.748046154815;6479:850.2486244882823;7359:855.7505044882823;3154:856.8423124882823;6028:857.8034404882824;5745:859.2950644882824;6035:861.2184724882824;5743:862.5879124882824;6038:864.6033364882825;6041:865.8796084882824;7365:872.5427764882825;6050:874.8163204882825;6068:879.0426484882825;6077:879.6883444882825;3629:881.2456324882825;4502:881.7085204882825;6912:886.8569524882824;2108:888.7533604882824;7370:895.2800884882824;1420:906.9852004882824;1084:910.5201844882824;2973:911.3075451776189
0,0,default_vehtype,boarding,True,911.3075451776189,941.3075451776189,2973;-1;-1,2973;-1;-1,0.0,0.9455188484706146,0.9455188484706146,0.0,,0,27,1,27,,,
0,2,default_vehtype,route,False,894.0150272884582,934.5559450210582,2983;-1;-1,2976;-1;-1,286.85326681928507,0.9623590581684429,0.9623303728417609,0.0,,0,22,1,,,2983;7527;2803;7558;2806;4344;1199;1204;7329;2976,2983:894.0150272884582;7527:898.5419726774327;2803:906.0969326774327;7558:913.4919326774327;2806:921.3257726774327;4344:922.5287726774327;1199:926.5191155345756;1204:930.5094583917185;7329:931.7124583917184;2976:934.5559450210582
0,5,default_vehtype,route,False,721.9130678735152,916.885857349444,2975;-1;-1,2971;-1;-1,2124.329645632739,0.5431790823635644,0.5429666493990011,0.0,,0,25,1,,,2975;1166;793;118;3979;4275;103;6480;7360;3154;6028;5745;6035;5743;6038;6041;7365;6050;6068;6077;3629;4502;6912;2108;7370;7608;5900;3459;4818;5992;6047;5708;3884;3030;3347;7376;2207;3446;3720;5332;251;2711;3358;2296;5495;5696;3307;3987;2396;886;808;1372;807;1375;108;1376;1380;373;2390;7391;5704;7389;2971,2975:721.9130678735152;1166:732.0239406176023;793:744.1395006176023;118:750.0037806176023;3979:751.8543246176023;4275:752.4456606176022;103:753.5885886176022;6480:766.9103166176022;7360:772.4121966176023;3154:773.5040046176023;6028:774.4651326176023;5745:775.9567566176023;6035:777.8801646176023;5743:779.2496046176024;6038:781.2650286176024;6041:782.5413006176024;7365:789.2044686176024;6050:791.4780126176024;6068:795.7043406176024;6077:796.3500366176024;3629:797.9073246176024;4502:798.3702126176024;6912:803.5186446176024;2108:805.4150526176023;7370:811.9417806176024;7608:812.1711726176023;5900:815.6428686176023;3459:816.3984366176023;4818:817.0133166176023;5992:817.4901006176023;6047:821.6786286176023;5708:823.0729086176023;3884:825.6124926176022;3030:826.1105166176022;3347:828.1347246176023;7376:828.5701086176023;2207:828.9789966176023;3446:831.8024046176023;3720:834.8320926176023;5332:835.8235326176023;251:836.5711086176022;2711:837.7089246176023;3358:839.9239326176023;2296:848.2249326176023;5495:848.4417726176024;5696:849.2044926176023;3307:859.9429326176023;3987:866.7700926176024;2396:868.0760526176024;886:873.7136526176024;808:874.1798526176024;1372:875.0427726176024;807:876.1466526176024;1375:877.8308526176024;108:879.9712926176024;1376:881.7715326176025;1380:883.7881326176025;373:893.3491326176025;2390:895.8938526176025;7391:897.2944926176025;5704:899.6595726176025;7389:914.1978126176025;2971:916.885857349444
0,5,default_vehtype,boarding,True,916.885857349444,946.885857349444,2971;-1;-1,2971;-1;-1,0.0,0.5429666493990011,0.5429666493990011,0.0,,0,25,1,,25,,
0,0,default_vehtype,route,False,941.3075451776189,1011.3695677441954,2973;-1;-1,2975;-1;-1,929.3671620029345,0.9455188484706146,0.9454259117544143,0.0,,0,27,1,,,2973;7354;3525;6025;3063;6027;7362;2188;2186;5744;6033;5746;6031;146;2828;2376;3091;4274;880;3109;3874;2975,2973:941.3075451776189;7354:945.1047124882824;3525:955.9835524882824;6025:957.7250164882823;3063:958.9896964882823;6027:960.2916724882823;7362:964.2999124882823;2188:970.9630804882823;2186:972.2393524882823;5744:974.2547764882823;6033:975.6242164882824;5746:977.5476244882824;6031:979.0392484882824;146:980.0003764882824;2828:981.0921844882824;2376:986.5940644882825;3091:999.9157924882825;4274:1001.0587204882825;880:1001.6500564882824;3109:1003.5006004882824;3874:1009.3648804882824;2975:1011.3695677441954
0,1,default_vehtype,route,False,833.7415798607748,1009.8289604736271,2979;-1;-1,2969;-1;-1,2297.258199818512,0.8570309394334686,0.8568012136134868,0.0,,0,26,1,,,2979;2786;2307;3549;6384;4032;1804;4811;5237;608;459;2416;4011;5246;363;366;2314;2877;1748;2880;906;984;2268;1857;1806;1371;938;5442;4054;2205;1369;2047;3631;4079;4572;4577;778;3636;3639;3642;7178;5275;5297;5072;1464;2847;5825;4587;5794;3202;2065;2023;4203;4198;336;2969,2979:833.7415798607748;2786:835.7465154255735;2307:839.2652754255736;3549:844.9025154255736;6384:845.1643554255736;4032:848.3859954255736;1804:849.3019074255736;4811:850.9845474255736;5237:855.7250274255737;608:864.5911074255737;459:864.9208674255736;2416:867.1345074255737;4011:867.7986354255737;5246:873.7238034255737;363:880.6324914255737;366:882.0375714255737;2314:883.1824434255736;2877:896.3535474255737;1748:897.4720674255736;2880:898.6338594255736;906:910.8591714255737;984:913.6288674255736;2268:914.3767314255737;1857:914.7626514255737;1806:915.4248354255737;1371:916.0950114255737;938:918.6761394255738;5442:928.3967874255737;4054:936.0367794255737;2205:941.7892194255737;1369:948.2353794255737;2047:949.1784354255736;3631:950.7412674255736;4079:951.8085234255736;4572:955.6069554255737;4577:957.3396354255736;778:961.6459554255737;3636:962.6493474255736;3639:963.5024754255736;3642:964.5660594255736;7178:968.1444594255736;5275:972.6537474255736;5297:976.0325634255736;5072:976.2628194255736;1464:983.2033314255737;2847:984.2740434255736;5825:987.1726914255736;4587:989.4530034255736;5794:991.0731474255736;3202:995.1944994255736;2065:1000.3387554255736;2023:1005.8970834255736;4203:1006.6978674255736;4198:1007.6795154255735;336:1008.7026354255735;2969:1009.8289604736271
0,2,default_vehtype,boarding,True,934.5559450210582,964.5559450210582,2976;-1;-1,2976;-1;-1,0.0,0.9623303728417609,0.9623303728417609,0.0,,0,22,1,,22,,
0,4,default_vehtype,route,False,894.1855873590241,996.128348999851,2975;-1;-1,2983;-1;-1,763.8447279592716,0.8221677209171956,0.8220913364443997,0.0,,0,21;24,2,,,2975;1166;429;4313;68;7318;7325;3011;4;4345;7330;7562;7316;7531;2802;2251;7515;4311;2918;1172;2919;6201;7314;2983,2975:894.1855873590241;1166:904.2964601031113;429:905.6987801031113;4313:906.8817401031113;68:912.4801001031112;7318:919.1481401031112;7325:922.4749001031113;3011:926.4855401031112;4:931.2706601031113;4345:933.3141401031113;7330:934.5171401031113;7562:942.3509801031113;7316:949.7459801031113;7531:957.3009401031113;2802:964.5164201031113;2251:971.4117401031112;7515:972.2728601031113;4311:977.0228029602541;2918:978.9781172459684;1172:980.9334315316827;2919:985.6833743888255;6201:986.5444943888256;7314:993.4398143888255;2983:996.128348999851
0,6,default_vehtype,route,False,672.7195168291412,965.8145588722871,2980;-1;-1,2990;-1;-1,2515.582030976973,0.7640848188645911,0.7638332606614935,0.0,,0,17,1,,,2980;914;2135;1730;2664;2579;2961;2407;2581;370;361;2874;1887;1805;363;366;2314;2877;1748;2880;906;984;2268;1857;1806;1371;938;5442;4054;2205;1369;2047;3631;4079;4572;4577;778;3636;3639;1365;2574;7139;711;91;913;3564;4948;592;557;3881;4091;5064;991;990;4272;2724;6667;6711;1807;1653;6829;4349;4937;669;5061;7265;3848;534;2839;5449;2990,2980:672.7195168291412;914:688.6016875647988;2135:696.5525447076559;1730:712.0088875647988;2664:713.8310018505131;2579:718.7069447076559;2961:735.4778018505131;2407:740.726601850513;2581:749.2138589933702;370:750.7967069933702;361:753.2938109933702;2874:753.8798189933702;1887:759.5352029933703;1805:760.5658829933702;363:767.4745709933702;366:768.8796509933702;2314:770.0245229933702;2877:783.1956269933702;1748:784.3141469933702;2880:785.4759389933702;906:797.7012509933702;984:800.4709469933701;2268:801.2188109933702;1857:801.6047309933703;1806:802.2669149933703;1371:802.9370909933702;938:805.5182189933703;5442:815.2388669933703;4054:822.8788589933703;2205:828.6312989933703;1369:835.0774589933702;2047:836.0205149933702;3631:837.5833469933701;4079:838.6506029933702;4572:842.4490349933702;4577:844.1817149933702;778:848.4880349933702;3636:849.4914269933702;3639:850.3445549933701;1365:852.2862749933702;2574:863.7941549933702;7139:870.0605549933701;711:871.2461549933702;91:872.3281949933702;913:874.3439549933702;3564:880.2304349933702;4948:885.1463549933702;592:886.7729549933703;557:892.3686749933703;3881:893.3317949933703;4091:894.4306349933703;5064:895.9884749933703;991:896.4600749933703;990:898.5729149933703;4272:901.7421149933704;2724:902.7365549933704;6667:910.6686749933705;6711:926.5282349933705;1807:928.4554349933704;1653:934.2593549933704;6829:935.0322749933704;4349:935.5811549933704;4937:939.9507149933704;669:950.2581149933704;5061:956.0664749933704;7265:956.8497149933704;3848:957.8243549933704;534:961.8693149933704;2839:963.2279549933704;5449:964.4269949933704;2990:965.8145588722871
0,6,default_vehtype,boarding,True,965.8145588722871,995.8145588722871,2990;-1;-1,2990;-1;-1,0.0,0.7638332606614935,0.7638332606614935,0.0,,0,17,1,,17,,
0,2,default_vehtype,route,False,964.5559450210582,1020.0,2976;-1;-1,793;118;0.048,462.03379149118234,0.9623303728417609,0.9622841694626119,0.0,,0,,0,,,2976;7557;2806;4344;2996;3013;7322;2804;3061;1173;3425;4304;793,2976:964.5559450210582;7557:969.5462983917184;2806:977.3801383917184;4344:978.5831383917184;2996:980.6266183917185;3013:985.4117383917185;7322:989.4223783917184;2804:992.7491383917185;3061:999.4171783917185;1173:1005.0155383917185;3425:1006.1984983917184;4304:1007.6008183917185;793:1019.7163783917184
0,0,default_vehtype,boarding,True,1011.3695677441954,1041.3695677441954,2975;-1;-1,2975;-1;-1,0.0,0.9454259117544143,0.9454259117544143,0.0,,0,27;29,2,29,,,
0,1,default_vehtype,boarding,True,1009.8289604736271,1039.8289604736271,2969;-1;-1,2969;-1;-1,0.0,0.8568012136134868,0.8568012136134868,0.0,,0,26,1,,26,,
0,2,default_vehtype,route,False,1020.0,1048.5370057741159,793;118;0.048,2986;-1;-1,365.3436446865116,0.9622841694626119,0.9622476350981433,0.0,,0,,0,,,793;118;3979;4275;103;6480;7360;2986,793:1020;118:1025.5806583917183;3979:1027.4312023917182;4275:1028.0225383917182;103:1029.1654663917182;6480:1042.487194391718;7360:1047.989074391718;2986:1048.5370057741159
0,2,default_vehtype,boarding,True,1048.5370057741159,1078.5370057741159,2986;-1;-1,2986;-1;-1,0.0,0.9622476350981433,0.9622476350981433,0.0,,0,31,1,31,,,
0,4,default_vehtype,boarding,True,996.128348999851,1026.128348999851,2983;-1;-1,2983;-1;-1,0.0,0.8220913364443997,0.8220913364443997,0.0,,0,21;24,2,,21,,
0,7,default_vehtype,route,False,749.787388582999,1029.4639741459712,2969;-1;-1,2983;-1;-1,3227.32805164669,0.7720420187519828,0.7717192859468182,0.0,,0,23,1,,,2969;7192;1664;337;1075;5648;5759;205;5793;1407;5826;7411;4686;5074;5295;5274;7181;604;603;602;3851;4573;1400;971;598;1368;591;585;940;1370;939;1903;983;3921;840;2881;5099;2878;1735;2581;370;361;2874;1887;4059;910;6541;3462;3648;2851;2850;1801;1560;5242;922;6385;3550;6322;7280;2411;1661;7283;796;751;4635;6299;4102;4325;7285;1218;7334;7010;820;7498;276;2915;2661;7517;6201;7314;2983,2969:749.787388582999;7192:753.3910315349455;1664:756.6449275349455;337:764.4051595349455;1075:765.4289995349454;5648:766.2297835349455;5759:771.7881115349454;205:776.9323675349455;5793:781.0537195349455;1407:782.6738635349454;5826:784.9541755349454;7411:787.8528235349454;4686:788.9235355349454;5074:795.8640475349454;5295:796.0943035349454;5274:799.4731195349455;7181:803.9824075349454;604:807.5608075349454;603:808.6243915349454;602:809.4775195349454;3851:810.4809115349453;4573:814.7872315349454;1400:816.5199115349453;971:820.3183435349454;598:821.3855995349454;1368:822.3459355349454;591:828.2168875349454;585:841.3881355349454;940:847.9679995349454;1370:854.9946235349454;939:855.6912955349454;1903:856.5128875349454;983:857.4953995349455;3921:861.2935435349455;840:865.8543835349454;2881:872.4850075349455;5099:873.6378715349455;2878:874.7658955349455;1735:885.7502155349455;2581:887.0896315349455;370:888.6724795349455;361:891.1695835349456;2874:891.7555915349456;1887:897.4109755349456;4059:899.3302795349456;910:903.8464795349456;6541:904.5106075349456;3462:906.7242475349457;3648:907.0540075349456;2851:911.7282475349457;2850:912.6616075349457;1801:915.9572875349456;1560:920.6977675349457;5242:922.3804075349457;922:923.2963195349457;6385:926.5179595349457;3550:926.7797995349457;6322:932.4170395349457;7280:935.9357995349458;2411:941.7709195349457;1661:947.5707595349458;7283:948.6197995349457;796:957.4123195349457;751:959.3201995349457;4635:964.4288395349457;6299:970.3879195349457;4102:972.7472395349457;4325:978.0383995349457;7285:978.9553195349457;1218:980.0785195349457;7334:987.6596395349458;7010:990.5671195349457;820:992.5480795349457;7498:993.0160795349457;276:993.1276795349456;2915:1004.4736795349456;2661:1011.7070395349456;7517:1019.0189995349456;6201:1019.8801195349456;7314:1026.7754395349457;2983:1029.4639741459712
0,7,default_vehtype,boarding,True,1029.4639741459712,1059.4639741459712,2983;-1;-1,2983;-1;-1,0.0,0.7717192859468182,0.7717192859468182,0.0,,0,23,1,,23,,
0,0,default_vehtype,route,False,1041.3695677441954,1084.544607117622,2975;-1;-1,2976;-1;-1,359.7919947785567,0.9454259117544143,0.9453899325549364,0.0,,0,27;29,2,,,2975;1166;429;4313;68;7318;7325;3011;4;4345;7330;2976,2975:1041.3695677441954;1166:1051.4804404882825;429:1052.8827604882824;4313:1054.0657204882825;68:1059.6640804882825;7318:1066.3321204882825;7325:1069.6588804882824;3011:1073.6695204882824;4:1078.4546404882824;4345:1080.4981204882824;7330:1081.7011204882824;2976:1084.544607117622
0,0,default_vehtype,boarding,True,1084.544607117622,1114.544607117622,2976;-1;-1,2976;-1;-1,0.0,0.9453899325549364,0.9453899325549364,0.0,,0,27;29,2,,29,,
0,4,default_vehtype,route,False,1026.128348999851,1126.705478824027,2983;-1;-1,2979;-1;-1,838.1427485347979,0.8220913364443997,0.8220075221695462,0.0,,0,24,1,,,2983;7527;2802;2251;7515;7037;7512;3274;2902;3901;7011;7336;4365;7288;1182;1001;6296;1434;3820;3877;2787;4993;6537;2979,2983:1026.128348999851;7527:1030.6552943888255;2802:1037.8707743888256;2251:1044.7660943888256;7515:1045.6272143888257;7037:1052.9391743888257;7512:1060.1725343888256;3274:1071.5185343888256;2902:1071.6301343888256;3901:1072.0981343888257;7011:1074.0790943888258;7336:1076.9865743888258;4365:1084.5676943888259;7288:1085.6908943888259;1182:1086.6078143888258;1001:1091.8989743888258;6296:1094.2582943888258;1434:1100.2173743888259;3820:1105.3260143888258;3877:1107.2338943888258;2787:1116.0264143888257;4993:1117.0754543888258;6537:1122.8752943888258;2979:1126.705478824027
0,7,default_vehtype,route,False,1059.4639741459712,1137.2225489001105,2983;-1;-1,2985;-1;-1,660.4731749798569,0.7717192859468182,0.7716532386293202,0.0,,0,,0,,,2983;7527;2803;7558;2806;4344;2996;3013;7322;2804;3061;1173;3425;4304;793;118;3979;2985,2983:1059.4639741459712;7527:1063.9909195349458;2803:1071.5458795349457;7558:1078.9408795349457;2806:1086.7747195349457;4344:1087.9777195349457;2996:1090.0211995349457;3013:1094.8063195349457;7322:1098.8169595349457;2804:1102.1437195349456;3061:1108.8117595349456;1173:1114.4101195349456;3425:1115.5930795349457;4304:1116.9953995349456;793:1129.1109595349456;118:1134.9752395349456;3979:1136.8257835349455;2985:1137.2225489001105
0,8,default_vehtype,route,False,806.1613832690275,1086.5090174513552,2980;-1;-1,2993;-1;-1,2980.034721126262,0.9159574010849999,0.9156593976128873,0.0,,0,16,1,,,2980;914;2135;1730;2664;2579;2961;2407;2581;370;361;2874;1887;1805;363;366;2314;2877;1748;2880;906;984;2268;1857;1806;1371;938;5442;4054;2205;1369;2047;3631;4079;4572;4577;778;3636;3639;3642;7178;5275;5297;5072;1464;2847;5825;4587;5794;3202;2065;2023;4203;537;18;5629;1068;2559;6740;1717;2067;2063;1937;6789;3895;5465;7450;2993,2980:806.1613832690275;914:822.0435540046851;2135:829.9944111475422;1730:845.4507540046851;2664:847.2728682903994;2579:852.1488111475422;2961:868.9196682903994;2407:874.1684682903993;2581:882.6557254332565;370:884.2385734332565;361:886.7356774332566;2874:887.3216854332566;1887:892.9770694332566;1805:894.0077494332565;363:900.9164374332565;366:902.3215174332565;2314:903.4663894332565;2877:916.6374934332565;1748:917.7560134332565;2880:918.9178054332565;906:931.1431174332565;984:933.9128134332565;2268:934.6606774332565;1857:935.0465974332566;1806:935.7087814332566;1371:936.3789574332566;938:938.9600854332566;5442:948.6807334332566;4054:956.3207254332566;2205:962.0731654332566;1369:968.5193254332565;2047:969.4623814332565;3631:971.0252134332565;4079:972.0924694332565;4572:975.8909014332565;4577:977.6235814332565;778:981.9299014332565;3636:982.9332934332565;3639:983.7864214332565;3642:984.8500054332565;7178:988.4284054332564;5275:992.9376934332564;5297:996.3165094332564;5072:996.5467654332565;1464:1003.4872774332565;2847:1004.5579894332565;5825:1007.4566374332564;4587:1009.7369494332564;5794:1011.3570934332564;3202:1015.4784454332564;2065:1020.6227014332565;2023:1026.1810294332565;4203:1026.9818134332565;537:1027.9358134332565;18:1033.8033814332564;5629:1039.6528054332564;1068:1042.2052054332564;2559:1049.2558054332565;6740:1053.7264294332565;1717:1059.5601574332566;2067:1060.2979414332565;2063:1061.0141974332564;1937:1064.2841494332565;6789:1074.8205574332565;3895:1076.0875414332565;5465:1083.6194614332564;7450:1084.6037014332564;2993:1086.5090174513552
0,8,default_vehtype,boarding,True,1086.5090174513552,1116.5090174513552,2993;-1;-1,2993;-1;-1,0.0,0.9156593976128873,0.9156593976128873,0.0,,0,16,1,,16,,
0,0,default_vehtype,route,False,1114.544607117622,1144.7026283851706,2976;-1;-1,2977;-1;-1,251.31684389623734,0.9453899325549364,0.9453648008705468,0.0,,0,27,1,,,2976;7557;7316;7531;2802;2977,2976:1114.544607117622;7557:1119.5349604882824;7316:1126.9299604882824;7531:1134.4849204882823;2802:1141.7004004882824;2977:1144.7026283851706
0,0,default_vehtype,boarding,True,1144.7026283851706,1174.7026283851706,2977;-1;-1,2977;-1;-1,0.0,0.9453648008705468,0.9453648008705468,0.0,,0,27,1,,27,,
0,1,default_vehtype,route,False,1080.0,1171.2954359457435,2969;-1;-1,2967;-1;-1,1125.588451627387,0.8568012136134868,0.8566886547683241,0.0,,0,,0,,,2969;7192;1664;337;1075;537;18;5629;1068;2559;6740;1717;2067;2063;1937;6789;3895;5465;7450;1719;3469;470;469;5079;7447;1960;2967,2969:1080;7192:1083.6036429519463;1664:1086.8575389519463;337:1094.6177709519463;1075:1095.6416109519464;537:1096.5956109519464;18:1102.4631789519462;5629:1108.3126029519462;1068:1110.8650029519463;2559:1117.9156029519463;6740:1122.3862269519464;1717:1128.2199549519464;2067:1128.9577389519463;2063:1129.6739949519463;1937:1132.9439469519464;6789:1143.4803549519463;3895:1144.7473389519464;5465:1152.2792589519463;7450:1153.2634989519463;1719:1154.0801229519464;3469:1155.1000749519465;470:1161.0611606662321;469:1167.0222463805178;5079:1168.042198380518;7447:1168.858822380518;1960:1169.843062380518;2967:1171.2954359457435
0,4,default_vehtype,boarding,True,1126.705478824027,1156.705478824027,2979;-1;-1,2979;-1;-1,0.0,0.8220075221695462,0.8220075221695462,0.0,,0,24,1,,24,,
0,4,default_vehtype,route,False,1156.705478824027,1188.2580783918238,2979;-1;-1,2981;-1;-1,147.12347258878,0.8220075221695462,0.8219928098222873,0.0,,0,,0,,,2979;2786;2307;3549;3552;536;535;533;2981,2979:1156.705478824027;2786:1158.710414388826;2307:1162.2291743888259;3549:1167.866414388826;3552:1173.0956715316831;536:1176.9301858173974;535:1180.7647001031116;533:1185.9939572459689;2981:1188.2580783918238
0,7,default_vehtype,boarding,True,1137.2225489001105,1167.2225489001105,2985;-1;-1,2985;-1;-1,0.0,0.7716532386293202,0.7716532386293202,0.0,,0,28,1,28,,,
0,8,default_vehtype,route,False,1116.5090174513552,1148.6678169563354,2993;-1;-1,2968;-1;-1,446.6499931247289,0.9156593976128873,0.9156147326135748,0.0,,0,,0,,,2993;4483;7446;1960;816;6786;5444;1716;2720;4210;1711;2968,2993:1116.5090174513552;4483:1117.2704374332563;7446:1119.9371734332562;1960:1120.9214134332562;816:1128.4533334332561;6786:1129.7203174332562;5444:1140.2567254332562;1716:1143.0470854332561;2720:1143.7937254332562;4210:1144.6919974332561;1711:1145.8216774332561;2968:1148.6678169563354
0,8,default_vehtype,boarding,True,1148.6678169563354,1178.6678169563354,2968;-1;-1,2968;-1;-1,0.0,0.9156147326135748,0.9156147326135748,0.0,,0,32,1,32,,,
0,1,default_vehtype,boarding,True,1171.2954359457435,1201.2954359457435,2967;-1;-1,2967;-1;-1,0.0,0.8566886547683241,0.8566886547683241,0.0,,0,33;34,2,33;34,,,
0,2,default_vehtype,route,False,1078.5370057741159,1212.392835288458,2986;-1;-1,2983;-1;-1,1163.365297003021,0.9622476350981433,0.9621312985684429,0.0,,0,31,1,,,2986;3155;7358;2376;3091;4274;880;3109;3874;4306;429;4313;68;7318;7325;3011;4;4345;7330;7562;7316;7531;2802;2251;7515;4311;2918;1172;2919;6201;7314;2983,2986:1078.5370057741159;3155:1079.080882391718;7358:1080.1726903917179;2376:1085.674570391718;3091:1098.9962983917178;4274:1100.1392263917178;880:1100.7305623917177;3109:1102.5811063917176;3874:1108.4453863917176;4306:1120.5609463917176;429:1121.9632663917175;4313:1123.1462263917176;68:1128.7445863917176;7318:1135.4126263917176;7325:1138.7393863917175;3011:1142.7500263917175;4:1147.5351463917175;4345:1149.5786263917175;7330:1150.7816263917175;7562:1158.6154663917175;7316:1166.0104663917175;7531:1173.5654263917174;2802:1180.7809063917175;2251:1187.6762263917176;7515:1188.5373463917176;4311:1193.2872892488606;2918:1195.242603534575;1172:1197.1979178202894;2919:1201.9478606774323;6201:1202.8089806774324;7314:1209.7043006774325;2983:1212.392835288458
0,2,default_vehtype,boarding,True,1212.392835288458,1242.392835288458,2983;-1;-1,2983;-1;-1,0.0,0.9621312985684429,0.9621312985684429,0.0,,0,31,1,,31,,
0,4,default_vehtype,boarding,True,1188.2580783918238,1218.2580783918238,2981;-1;-1,2981;-1;-1,0.0,0.8219928098222873,0.8219928098222873,0.0,,0,30,1,30,,,
0,6,default_vehtype,route,False,1200.0,1246.3626871904564,2990;-1;-1,2991;-1;-1,477.01089919476397,0.7638332606614935,0.763785559571574,0.0,,0,,0,,,2990;2552;4848;3271;4846;4989;5000;337;1075;537;2991,2990:1200;2552:1202.8657161210833;4848:1210.3460361210832;3271:1215.8991561210833;4846:1217.7722361210833;4989:1230.0447561210833;5000:1234.8043161210833;337:1242.5645481210834;1075:1243.5883881210834;537:1244.5423881210834;2991:1246.3626871904564
0,0,default_vehtype,route,False,1174.7026283851706,1290.5041391727664,2977;-1;-1,2975;-1;-1,902.3131613252059,0.9453648008705468,0.9452745695544142,0.0,,0,,0,,,2977;6202;7315;7530;2803;7558;2806;4344;2996;3013;7322;2804;3061;1173;3425;4304;793;118;3979;4275;3068;70;73;4273;880;3109;3874;2975,2977:1174.7026283851706;6202:1178.5957204882823;7315:1185.4910404882824;7530:1192.7065204882824;2803:1200.2614804882824;7558:1207.6564804882823;2806:1215.4903204882824;4344:1216.6933204882823;2996:1218.7368004882824;3013:1223.5219204882824;7322:1227.5325604882823;2804:1230.8593204882823;3061:1237.5273604882823;1173:1243.1257204882822;3425:1244.3086804882823;4304:1245.7110004882823;793:1257.8265604882822;118:1263.6908404882822;3979:1265.5413844882821;4275:1266.132720488282;3068:1270.8770062025678;70:1273.1630062025679;73:1275.449006202568;4273:1280.1932919168537;880:1280.7846279168537;3109:1282.6351719168536;3874:1288.4994519168536;2975:1290.5041391727664
0,6,default_vehtype,boarding,True,1246.3626871904564,1276.3626871904564,2991;-1;-1,2991;-1;-1,0.0,0.763785559571574,0.763785559571574,0.0,,0,36,1,36,,,
0,7,default_vehtype,route,False,1167.2225489001105,1288.5144433519504,2985;-1;-1,2972;-1;-1,1503.3785975454016,0.7716532386293202,0.7715029007695657,0.0,,0,28,1,,,2985;1140;103;6480;7360;3154;6028;5745;6035;5743;6038;6041;7365;6050;6068;6077;3629;4502;6912;2108;7370;7608;5900;3459;4818;5992;6047;5708;3884;3030;3347;7376;2207;3446;3720;5332;251;2711;3358;2296;5681;2294;2035;6308;374;7114;3246;5330;661;445;2972,2985:1167.2225489001105;1140:1167.4171195349454;103:1168.5600475349454;6480:1181.8817755349453;7360:1187.3836555349453;3154:1188.4754635349452;6028:1189.4365915349451;5745:1190.9282155349451;6035:1192.8516235349452;5743:1194.2210635349452;6038:1196.2364875349451;6041:1197.5127595349452;7365:1204.1759275349452;6050:1206.4494715349451;6068:1210.675799534945;6077:1211.3214955349451;3629:1212.8787835349451;4502:1213.3416715349451;6912:1218.490103534945;2108:1220.3865115349452;7370:1226.9132395349452;7608:1227.1426315349452;5900:1230.6143275349452;3459:1231.3698955349453;4818:1231.9847755349454;5992:1232.4615595349453;6047:1236.6500875349452;5708:1238.0443675349452;3884:1240.5839515349453;3030:1241.0819755349453;3347:1243.1061835349453;7376:1243.5415675349454;2207:1243.9504555349454;3446:1246.7738635349453;3720:1249.8035515349454;5332:1250.7949915349454;251:1251.5425675349454;2711:1252.6803835349453;3358:1254.8953915349452;2296:1263.1963915349452;5681:1265.5903915349452;2294:1266.9218772492309;2035:1268.2533629635166;6308:1270.6473629635166;374:1278.9483629635165;7114:1281.1633709635164;3246:1282.3011869635163;5330:1283.0487629635163;661:1284.0402029635163;445:1287.0698909635164;2972:1288.5144433519504
0,7,default_vehtype,boarding,True,1288.5144433519504,1318.5144433519504,2972;-1;-1,2972;-1;-1,0.0,0.7715029007695657,0.7715029007695657,0.0,,0,28,1,,28,,
0,2,default_vehtype,route,False,1242.392835288458,1320.0,2983;-1;-1,1434;3820;0.689,646.7263725961801,0.9621312985684429,0.9620666259311833,0.0,,0,,0,,,2983;7527;2802;2251;7515;7037;7512;3274;2902;3901;7011;7336;4365;7288;1182;1001;6296;1434,2983:1242.392835288458;7527:1246.9197806774325;2802:1254.1352606774326;2251:1261.0305806774327;7515:1261.8917006774327;7037:1269.2036606774327;7512:1276.4370206774327;3274:1287.7830206774327;2902:1287.8946206774326;3901:1288.3626206774327;7011:1290.3435806774328;7336:1293.2510606774329;4365:1300.832180677433;7288:1301.955380677433;1182:1302.8723006774328;1001:1308.1634606774328;6296:1310.5227806774328;1434:1316.481860677433
0,0,default_vehtype,boarding,True,1290.5041391727664,1320.5041391727664,2975;-1;-1,2975;-1;-1,0.0,0.9452745695544142,0.9452745695544142,0.0,,0,35,1,35,,,
0,1,default_vehtype,route,False,1201.2954359457435,1380.0,2967;-1;-1,7129;754;0.577,2044.5339584231065,0.8566886547683241,0.8564842013724818,0.0,,0,33;34,2,,,2967;3896;6788;5444;1716;2720;4210;1711;98;2497;7434;2760;542;1074;4204;5649;5760;205;5793;1407;5826;7411;4686;5074;5295;5274;7181;604;603;1365;2574;7139;1693;1114;5299;7129,2967:1201.2954359457435;3896:1207.374982380518;6788:1208.6419663805182;5444:1219.178374380518;1716:1221.968734380518;2720:1222.7153743805181;4210:1223.613646380518;1711:1224.743326380518;98:1233.359134380518;2497:1234.869766380518;7434:1242.077614380518;2760:1248.616150380518;542:1256.144254380518;1074:1257.0776623805182;4204:1258.0593103805181;5649:1258.8600943805181;5760:1264.4184223805182;205:1269.5626783805183;5793:1273.6840303805182;1407:1275.3041743805181;5826:1277.5844863805182;7411:1280.4831343805183;4686:1281.5538463805183;5074:1288.4943583805182;5295:1288.7246143805182;5274:1292.1034303805181;7181:1296.6127183805181;604:1300.1911183805182;603:1301.2547023805182;1365:1303.1964223805182;2574:1314.7043023805181;7139:1320.970702380518;1693:1322.609302380518;1114:1338.949822380518;5299:1353.495022380518;7129:1354.845982380518
0,3,default_vehtype,route,False,1260.0,1389.3842100991924,2966;-1;-1,2968;-1;-1,1254.300603940767,0.6911499685023692,0.6910245384419752,0.0,,0,,0,,,2966;2743;2631;2150;735;738;2470;734;1815;739;1724;1962;1910;164;1354;197;1311;7;1963;1308;482;7613;2611;1307;2876;1960;816;6786;5444;1716;2720;4210;1711;2968,2966:1260;2743:1267.8438282903996;2631:1271.8552568618281;2150:1288.7855425761138;735:1299.2677140046853;738:1305.435542576114;2470:1306.3852225761138;734:1306.5940945761138;1815:1307.6023105761137;739:1308.4428385761137;1724:1324.9005265761136;1962:1325.9573425761137;1910:1326.7795825761136;164:1327.7307745761136;1354:1328.6872945761136;197:1330.8965425761135;1311:1342.4313025761135;7:1346.1262705761135;1963:1346.5347265761134;1308:1346.8959505761134;482:1351.4505985761134;7613:1352.7747505761133;2611:1356.6711025761133;1307:1357.9868305761133;2876:1360.6535665761132;1960:1361.6378065761132;816:1369.1697265761131;6786:1370.4367105761132;5444:1380.9731185761132;1716:1383.7634785761131;2720:1384.5101185761132;4210:1385.408390576113;1711:1386.5380705761131;2968:1389.3842100991924
0,3,default_vehtype,boarding,True,1389.3842100991924,1419.3842100991924,2968;-1;-1,2968;-1;-1,0.0,0.6910245384419752,0.6910245384419752,0.0,,0,38;41,2,38;41,,,
0,4,default_vehtype,route,False,1218.2580783918238,1419.0194059353048,2981;-1;-1,2973;-1;-1,2129.1388889142154,0.8219928098222873,0.821779895933396,0.0,,0,30,1,,,2981;6320;3549;6384;4032;1804;4277;5239;6501;3911;5389;7301;3914;5398;5400;4040;4041;5374;5418;5424;5403;6546;1200;7312;3767;4527;3089;3131;5447;7352;414;122;3426;4305;793;118;3979;4275;103;6480;7360;3154;6028;5745;6035;5743;6038;6041;7365;6050;6068;6077;3629;4502;6912;2108;7370;1420;1084;2973,2981:1218.2580783918238;6320:1221.631197245969;3549:1227.268437245969;6384:1227.5302772459688;4032:1230.7519172459688;1804:1231.6678292459687;4277:1233.2559092459687;5239:1238.7605492459688;6501:1244.7231092459688;3911:1254.0779492459687;5389:1255.1437892459687;7301:1255.3977092459688;3914:1256.581389245969;5398:1257.758229245969;5400:1259.084829245969;4040:1268.389629245969;4041:1271.333949245969;5374:1275.586509245969;5418:1276.623789245969;5424:1276.767069245969;5403:1277.8723892459689;6546:1282.0992692459688;1200:1286.7083492459687;7312:1288.2021092459688;3767:1290.2085092459688;4527:1293.0053492459688;3089:1301.4149492459687;3131:1301.8951892459688;5447:1304.2828292459687;7352:1305.5941892459687;414:1308.0639092459687;122:1320.4182692459688;3426:1321.6717892459687;4305:1323.0741092459687;793:1335.1896692459686;118:1341.0539492459686;3979:1342.9044932459685;4275:1343.4958292459685;103:1344.6387572459685;6480:1357.9604852459684;7360:1363.4623652459684;3154:1364.5541732459683;6028:1365.5153012459682;5745:1367.0069252459682;6035:1368.9303332459683;5743:1370.2997732459683;6038:1372.3151972459682;6041:1373.5914692459683;7365:1380.2546372459683;6050:1382.5281812459682;6068:1386.7545092459682;6077:1387.4002052459682;3629:1388.9574932459682;4502:1389.4203812459682;6912:1394.5688132459682;2108:1396.4652212459682;7370:1402.9919492459683;1420:1414.6970612459684;1084:1418.2320452459683;2973:1419.0194059353048
0,5,default_vehtype,route,False,1320.0,1434.470301963316,2971;-1;-1,2970;-1;-1,881.1603258847763,0.5429666493990011,0.5428785333664126,0.0,,0,,0,,,2971;3807;7387;2045;2835;2641;7396;2616;486;2838;3722;3732;544;7400;5449;6824;4848;1631;1593;6821;1946;7401;3560;2970,2971:1320;3807:1321.3763552681585;7387:1325.4407552681585;2045:1339.9789952681585;2835:1342.3440752681586;2641:1351.5551552681586;7396:1352.1495152681587;2616:1357.5111152681586;486:1358.4228752681586;2838:1364.7475952681586;3722:1368.2668352681587;3732:1390.7165552681588;544:1393.4061152681588;7400:1394.4816752681588;5449:1395.6807152681588;6824:1399.9339952681587;4848:1407.4143152681586;1631:1413.10848669673;1593:1418.8026581253016;6821:1426.2829781253015;1946:1430.5362581253014;7401:1431.7352981253014;3560:1432.8108581253014;2970:1434.470301963316
0,8,default_vehtype,route,False,1178.6678169563354,1408.9318230113154,2968;-1;-1,2979;-1;-1,2772.5724880283537,0.9156147326135748,0.9153374753647721,0.0,,0,32,1,,,2968;98;2497;7434;2760;542;1074;4204;5649;5760;205;5793;1407;5826;7411;4686;5074;5295;5274;7181;604;603;602;3851;4573;1400;971;598;1368;591;585;940;1370;939;1903;983;3921;840;2881;5099;2878;1735;2581;370;361;2874;1887;4059;910;6541;3462;3648;2851;2850;1801;1560;5242;922;6385;3550;6322;7280;2411;6281;2286;2287;6538;2979,2968:1178.6678169563354;98:1184.4374854332561;2497:1185.9481174332561;7434:1193.1559654332561;2760:1199.6945014332562;542:1207.2226054332561;1074:1208.1560134332562;4204:1209.1376614332562;5649:1209.9384454332562;5760:1215.4967734332563;205:1220.6410294332563;5793:1224.7623814332562;1407:1226.3825254332562;5826:1228.6628374332563;7411:1231.5614854332564;4686:1232.6321974332564;5074:1239.5727094332563;5295:1239.8029654332563;5274:1243.1817814332562;7181:1247.6910694332562;604:1251.2694694332563;603:1252.3330534332563;602:1253.1861814332563;3851:1254.1895734332563;4573:1258.4958934332562;1400:1260.2285734332563;971:1264.0270054332564;598:1265.0942614332564;1368:1266.0545974332565;591:1271.9255494332565;585:1285.0967974332566;940:1291.6766614332566;1370:1298.7032854332567;939:1299.3999574332568;1903:1300.2215494332568;983:1301.2040614332568;3921:1305.002205433257;840:1309.563045433257;2881:1316.193669433257;5099:1317.3465334332568;2878:1318.474557433257;1735:1329.458877433257;2581:1330.798293433257;370:1332.381141433257;361:1334.878245433257;2874:1335.464253433257;1887:1341.119637433257;4059:1343.038941433257;910:1347.555141433257;6541:1348.2192694332568;3462:1350.4329094332568;3648:1350.7626694332569;2851:1355.436909433257;2850:1356.370269433257;1801:1359.6659494332569;1560:1364.4064294332568;5242:1366.0890694332568;922:1367.0049814332567;6385:1370.2266214332567;3550:1370.4884614332566;6322:1376.1257014332566;7280:1379.6444614332565;2411:1385.4795814332565;6281:1390.5236957189709;2286:1395.2906100046853;2287:1400.0575242903997;6538:1405.101638576114;2979:1408.9318230113154
0,8,default_vehtype,boarding,True,1408.9318230113154,1438.9318230113154,2979;-1;-1,2979;-1;-1,0.0,0.9153374753647721,0.9153374753647721,0.0,,0,32;37,2,37,32,,
0,1,default_vehtype,route,False,1380.0,1479.620367417371,7129;754;0.577,2984;-1;-1,779.1820141923763,0.8564842013724818,0.8564062831710626,0.0,,0,33;34,2,,,7129;754;611;1812;1186;7311;3767;4527;3089;3131;5447;7352;414;122;3426;4314;68;7318;7325;3011;4;4345;1199;1204;2996;2984,7129:1380;754:1398.4061023805182;611:1399.654702380518;1812:1404.225862380518;1186:1405.4030623805181;7311:1406.2187023805182;3767:1408.2251023805181;4527:1411.021942380518;3089:1419.431542380518;3131:1419.9117823805182;5447:1422.299422380518;7352:1423.610782380518;414:1426.080502380518;122:1438.434862380518;3426:1439.688382380518;4314:1440.8713423805182;68:1446.4697023805181;7318:1453.1377423805181;7325:1456.464502380518;3011:1460.475142380518;4:1465.260262380518;4345:1467.303742380518;1199:1471.294085237661;1204:1475.2844280948038;2996:1477.327908094804;2984:1479.620367417371
0,2,default_vehtype,route,False,1320.0,1478.6214885743216,1434;3820;0.689,2977;-1;-1,1085.1757381193422,0.9620666259311833,0.9619581083573713,0.0,,0,,0,,,1434;3820;3877;2787;4993;6537;6281;2286;2287;6538;1661;7283;796;751;4635;6299;4102;4325;7285;1218;7334;7010;820;7498;276;2915;2661;7517;6201;7314;7529;7535;2931;2929;2927;2802;2977,1434:1320;3820:1321.5905006774328;3877:1323.4983806774328;2787:1332.2909006774328;4993:1333.3399406774329;6537:1339.1397806774328;6281:1344.1838949631472;2286:1348.9508092488616;2287:1353.717723534576;6538:1358.7618378202903;1661:1364.5616778202902;7283:1365.6107178202903;796:1374.4032378202903;751:1376.3111178202903;4635:1381.4197578202902;6299:1387.3788378202903;4102:1389.7381578202903;4325:1395.0293178202903;7285:1395.9462378202902;1218:1397.0694378202902;7334:1404.6505578202903;7010:1407.5580378202903;820:1409.5389978202904;7498:1410.0069978202905;276:1410.1185978202905;2915:1421.4645978202905;2661:1428.6979578202904;7517:1436.0099178202904;6201:1436.8710378202904;7314:1443.7663578202905;7529:1450.9818378202906;7535:1456.0413806774334;2931:1459.692809248862;2929:1463.3442378202906;2927:1468.4037806774334;2802:1475.6192606774334;2977:1478.6214885743216
0,3,default_vehtype,route,False,1419.3842100991924,1451.0218516241669,2968;-1;-1,2969;-1;-1,439.4116878468658,0.6910245384419752,0.6909805972731905,0.0,,0,38;41,2,,,2968;98;2497;7434;2760;542;1074;336;2969,2968:1419.3842100991924;98:1425.1538785761131;2497:1426.6645105761131;7434:1433.8723585761131;2760:1440.4108945761132;542:1447.9389985761131;1074:1448.8724065761132;336:1449.8955265761133;2969:1451.0218516241669
0,3,default_vehtype,boarding,True,1451.0218516241669,1481.0218516241669,2969;-1;-1,2969;-1;-1,0.0,0.6909805972731905,0.6909805972731905,0.0,,0,38;41,2,,41,,
0,4,default_vehtype,boarding,True,1419.0194059353048,1449.0194059353048,2973;-1;-1,2973;-1;-1,0.0,0.821779895933396,0.821779895933396,0.0,,0,30,1,,30,,
0,5,default_vehtype,boarding,True,1434.470301963316,1464.470301963316,2970;-1;-1,2970;-1;-1,0.0,0.5428785333664126,0.5428785333664126,0.0,,0,40,1,40,,,
0,7,default_vehtype,route,False,1320.0,1490.7383120766199,2972;-1;-1,2992;-1;-1,1906.1727788419535,0.7715029007695657,0.7713122834916816,0.0,,0,,0,,,2972;6079;3446;3720;5332;251;2711;3358;2296;5495;5697;5497;5500;670;5502;5512;5520;5531;6313;6632;6644;3793;6319;7102;3741;7384;6414;5446;2447;2571;42;2577;2566;3033;3036;2469;2404;2235;3762;5287;310;2280;1447;6261;3764;4397;4745;4182;4187;4191;4195;4202;4208;537;18;5629;1068;2559;6740;1717;2067;2063;1937;2992,2972:1320;6079:1321.378855611566;3446:1324.202263611566;3720:1327.231951611566;5332:1328.223391611566;251:1328.970967611566;2711:1330.108783611566;3358:1332.3237916115659;2296:1340.6247916115658;5495:1340.8416316115658;5697:1341.9453916115658;5497:1342.6428316115657;5500:1345.5500716115657;670:1346.9474716115658;5502:1349.2949116115658;5512:1352.8166716115659;5520:1355.2706716115658;5531:1356.967591611566;6313:1357.992631611566;6632:1360.2896716115658;6644:1361.8609516115657;3793:1363.7101516115658;6319:1364.6258716115658;7102:1365.103951611566;3741:1365.6435916115659;7384:1373.302591611566;6414:1378.509751611566;5446:1380.7775116115658;2447:1384.713631611566;2571:1392.3025516115658;42:1396.9705516115657;2577:1397.6430316115657;2566:1406.2421116115656;3033:1406.8730716115656;3036:1409.1426316115655;2469:1412.7349516115655;2404:1416.0584716115654;2235:1417.3418716115655;3762:1417.7653036115655;5287:1418.3043676115656;310:1421.0945836115657;2280:1421.6936956115658;1447:1422.1395916115657;6261:1426.0175836115657;3764:1427.0232796115656;4397:1427.5739356115655;4745:1427.8002316115656;4182:1432.2540076115656;4187:1434.9160636115655;4191:1435.6543516115655;4195:1450.1176396115654;4202:1451.1201676115654;4208:1452.1018156115654;537:1453.0558156115653;18:1458.9233836115652;5629:1464.7728076115652;1068:1467.3252076115652;2559:1474.3758076115653;6740:1478.8464316115653;1717:1484.6801596115654;2067:1485.4179436115653;2063:1486.1341996115652;1937:1489.4041516115653;2992:1490.7383120766199
0,0,default_vehtype,route,False,1320.5041391727664,1517.2390309862265,2975;-1;-1,2991;-1;-1,1899.5842043864618,0.9452745695544142,0.9450846111339757,0.0,,0,35,1,,,2975;1166;429;3125;3406;2825;1944;130;99;4526;714;2800;4332;799;3653;3825;7127;1836;4248;5046;7138;6879;1367;3637;3640;3643;7179;5275;5297;5072;1464;2847;5825;4587;5794;3202;2065;2023;4203;537;2991,2975:1320.5041391727664;1166:1330.6150119168535;429:1332.0173319168534;3125:1333.2708519168534;3406:1345.6252119168535;2825:1348.0949319168535;1944:1349.4062919168534;130:1351.7939319168534;99:1352.2741719168534;4526:1360.6837719168534;714:1363.4806119168534;2800:1365.4870119168534;4332:1366.3026519168534;799:1367.4835719168534;3653:1372.0798119168535;3825:1373.3284119168534;7127:1416.8885319168535;1836:1418.2394919168535;4248:1432.7846919168535;5046:1449.1252119168535;7138:1450.7638119168535;6879:1457.0302119168534;1367:1468.5230919168534;3637:1470.4162119168534;3640:1471.2693399168534;3643:1472.3329239168534;7179:1475.9113239168535;5275:1480.4206119168534;5297:1483.7994279168533;5072:1484.0296839168534;1464:1490.9701959168533;2847:1492.0409079168533;5825:1494.9395559168534;4587:1497.2198679168534;5794:1498.8400119168534;3202:1502.9613639168533;2065:1508.1056199168534;2023:1513.6639479168534;4203:1514.4647319168535;537:1515.4187319168534;2991:1517.2390309862265
0,0,default_vehtype,boarding,True,1517.2390309862265,1547.2390309862265,2991;-1;-1,2991;-1;-1,0.0,0.9450846111339757,0.9450846111339757,0.0,,0,35;46,2,46,35,,
0,1,default_vehtype,boarding,True,1479.620367417371,1509.620367417371,2984;-1;-1,2984;-1;-1,0.0,0.8564062831710626,0.8564062831710626,0.0,,0,33;34,2,,34,,
0,1,default_vehtype,route,False,1509.620367417371,1554.5292574599687,2984;-1;-1,2985;-1;-1,386.725802383677,0.8564062831710626,0.8563676105908242,0.0,,0,33,1,,,2984;3012;7321;2804;3061;1173;3425;4304;793;118;3979;2985,2984:1509.620367417371;3012:1512.113028094804;7321:1516.1236680948039;2804:1519.4504280948038;3061:1526.1184680948038;1173:1531.7168280948038;3425:1532.8997880948039;4304:1534.3021080948038;793:1546.4176680948037;118:1552.2819480948037;3979:1554.1324920948036;2985:1554.5292574599687
0,2,default_vehtype,boarding,True,1478.6214885743216,1508.6214885743216,2977;-1;-1,2977;-1;-1,0.0,0.9619581083573713,0.9619581083573713,0.0,,0,42,1,42,,,
0,2,default_vehtype,route,False,1508.6214885743216,1554.9481200000005,2977;-1;-1,2984;-1;-1,386.0552618806575,0.9619581083573713,0.9619195028311832,0.0,,0,42,1,,,2977;6202;7315;7530;2803;7558;2806;4344;2996;2984,2977:1508.6214885743216;6202:1512.5145806774333;7315:1519.4099006774334;7530:1526.6253806774334;2803:1534.1803406774334;7558:1541.5753406774334;2806:1549.4091806774334;4344:1550.6121806774333;2996:1552.6556606774334;2984:1554.9481200000005
0,5,default_vehtype,route,False,1464.470301963316,1533.4642628571432,2970;-1;-1,2971;-1;-1,574.9496741152238,0.5428785333664126,0.542821038399001,0.0,,0,40,1,,,2970;671;662;7398;3491;6933;7394;6989;7392;5704;7389;2971,2970:1464.470301963316;671:1465.5004181253014;662:1487.9501381253015;7398:1491.4693781253015;3491:1497.7940981253016;6933:1498.7058581253016;7394:1504.0674581253015;6989:1504.6618181253016;7392:1513.8728981253016;5704:1516.2379781253017;7389:1530.7762181253017;2971:1533.4642628571432
0,6,default_vehtype,route,False,1276.3626871904564,1523.3221793769962,2991;-1;-1,2975;-1;-1,2902.561795613538,0.763785559571574,0.7634953033920128,0.0,,0,36,1,,,2991;3010;5631;1068;2867;2760;542;1074;1071;1070;1069;1067;1504;4396;710;2281;4664;6260;3300;1832;708;6180;2405;6169;2744;2567;2576;3077;3241;88;2758;2742;2448;2353;6140;7386;3742;7100;6318;737;6639;2446;2301;1992;1990;1988;1985;3729;5498;5496;5699;5494;6307;374;7114;3246;5330;661;445;6080;7381;364;3029;3886;5711;6045;2157;4817;456;5901;7605;2830;5852;6913;1321;597;2204;6066;6049;7367;2188;2186;5744;6033;5746;6031;146;2828;2376;3091;4274;880;3109;3874;2975,2991:1276.3626871904564;3010:1280.4099561210835;5631:1286.2593801210835;1068:1288.8117801210835;2867:1289.6860761210835;2760:1296.2246121210835;542:1303.7527161210835;1074:1304.6861241210836;1071:1305.6886521210836;1070:1320.1519401210835;1069:1320.8902281210835;1067:1323.5522841210834;1504:1328.0060601210835;4396:1328.2323561210835;710:1328.7830121210834;2281:1329.7887081210833;4664:1333.6667001210833;6260:1334.1125961210832;3300:1334.7117081210833;1832:1337.5019241210834;708:1338.0409881210835;6180:1338.4644201210835;2405:1340.6868201210837;6169:1344.1639401210837;2744:1348.7645001210838;2567:1350.6074601210837;2576:1359.0960201210837;3077:1361.2286601210837;3241:1364.3575401210837;88:1366.2843801210838;2758:1368.2478201210838;2742:1368.6542601210838;2448:1371.8399001210837;2353:1378.0407801210838;6140:1383.2118201210837;7386:1384.5542601210836;3742:1392.2132601210837;7100:1392.7529001210837;6318:1393.2309801210838;737:1394.1467001210838;6639:1395.9959001210839;2446:1397.5671801210838;2301:1399.8642201210837;1992:1400.8892601210837;1990:1402.5861801210838;1988:1405.0401801210837;1985:1408.5619401210838;3729:1410.9093801210838;5498:1412.3067801210839;5496:1415.2140201210839;5699:1415.9114601210838;5494:1417.0152201210838;6307:1417.2320601210838;374:1425.5330601210837;7114:1427.7480681210836;3246:1428.8858841210836;5330:1429.6334601210835;661:1430.6249001210836;445:1433.6545881210836;6080:1436.4779961210836;7381:1436.8868841210835;364:1437.3222681210837;3029:1439.3464761210837;3886:1439.8445001210837;5711:1442.3840841210838;6045:1443.7783641210838;2157:1447.9668921210837;4817:1448.4436761210836;456:1449.0585561210837;5901:1449.8141241210838;7605:1453.2858201210838;2830:1453.5152121210838;5852:1460.0419401210838;6913:1461.938348121084;1321:1467.0867801210838;597:1467.5496681210839;2204:1469.1069561210838;6066:1469.7526521210839;6049:1473.9789801210839;7367:1476.2525241210838;2188:1482.9156921210838;2186:1484.1919641210839;5744:1486.2073881210838;6033:1487.5768281210837;5746:1489.5002361210838;6031:1490.9918601210838;146:1491.9529881210838;2828:1493.0447961210837;2376:1498.5466761210837;3091:1511.8684041210836;4274:1513.0113321210836;880:1513.6026681210835;3109:1515.4532121210834;3874:1521.3174921210834;2975:1523.3221793769962
0,6,default_vehtype,boarding,True,1523.3221793769962,1553.3221793769962,2975;-1;-1,2975;-1;-1,0.0,0.7634953033920128,0.7634953033920128,0.0,,0,36,1,,36,,
0,7,default_vehtype,boarding,True,1490.7383120766199,1520.7383120766199,2992;-1;-1,2992;-1;-1,0.0,0.7713122834916816,0.7713122834916816,0.0,,0,39,1,39,,,
0,7,default_vehtype,route,False,1520.7383120766199,1560.0,2992;-1;-1,2497;7434;0.532,545.3012211580591,0.7713122834916816,0.7712577533695658,0.0,,0,39,1,,,2992;2526;5444;1716;2720;4210;1711;98;2497,2992:1520.7383120766199;2526:1529.9405596115653;5444:1540.4769676115652;1716:1543.2673276115652;2720:1544.0139676115652;4210:1544.9122396115652;1711:1546.0419196115652;98:1554.6577276115652;2497:1556.1683596115652
0,1,default_vehtype,boarding,True,1554.5292574599687,1584.5292574599687,2985;-1;-1,2985;-1;-1,0.0,0.8563676105908242,0.8563676105908242,0.0,,0,33;44;49,3,44;49,33,,
0,2,default_vehtype,boarding,True,1554.9481200000005,1584.9481200000005,2984;-1;-1,2984;-1;-1,0.0,0.9619195028311832,0.9619195028311832,0.0,,0,42,1,,42,,
0,2,default_vehtype,boarding,True,1584.9481200000005,1614.9481200000005,2984;-1;-1,2984;-1;-1,0.0,0.9619195028311832,0.9619195028311832,0.0,,0,51,1,51,,,
0,5,default_vehtype,boarding,True,1533.4642628571432,1563.4642628571432,2971;-1;-1,2971;-1;-1,0.0,0.542821038399001,0.542821038399001,0.0,,0,40;43,2,43,,,
0,5,default_vehtype,route,False,1563.4642628571432,1619.5885011108942,2971;-1;-1,2988;-1;-1,514.7105099710569,0.542821038399001,0.5427695673480039,0.0,,0,40;43,2,,,2971;3807;6875;885;316;2042;1982;6306;374;7114;3246;5330;661;445;6080;7381;364;3029;69;30;3346;2832;2207;2988,2971:1563.4642628571432;3807:1564.8406181253017;6875:1565.9086181253017;885:1566.5119781253018;316:1573.3391381253018;2042:1584.077578125302;1982:1584.8402981253018;6306:1585.057138125302;374:1593.3581381253018;7114:1595.5731461253017;3246:1596.7109621253016;5330:1597.4585381253016;661:1598.4499781253016;445:1601.4796661253017;6080:1604.3030741253017;7381:1604.7119621253016;364:1605.1473461253017;3029:1607.1715541253018;69:1611.3038398395875;30:1615.4361255538731;3346:1617.4603335538732;2832:1617.8957175538733;2207:1618.3046055538732;2988:1619.5885011108942
0,7,default_vehtype,route,False,1560.0,1587.9807471346444,2497;7434;0.532,2968;-1;-1,388.621487981173,0.7712577533695658,0.7712188912207677,0.0,,0,39,1,,,2497;7434;4184;2559;6740;1717;2067;2720;4210;1711;2968,2497:1560;7434:1563.3762076115652;4184:1564.2505036115651;2559:1571.3011036115652;6740:1575.7717276115652;1717:1581.6054556115653;2067:1582.3432396115652;2720:1583.1066556115652;4210:1584.004927611565;1711:1585.1346076115651;2968:1587.9807471346444
0,7,default_vehtype,boarding,True,1587.9807471346444,1617.9807471346444,2968;-1;-1,2968;-1;-1,0.0,0.7712188912207677,0.7712188912207677,0.0,,0,39;50,2,50,,,
0,0,default_vehtype,route,False,1547.2390309862265,1624.695375754868,2991;-1;-1,2970;-1;-1,879.3027671310526,0.9450846111339757,0.9449966808572625,0.0,,0,46,1,,,2991;3010;5631;1068;2867;2760;542;1074;336;2759;1664;1659;4844;3270;4850;6823;1946;7401;3560;2970,2991:1547.2390309862265;3010:1551.2862999168535;5631:1557.1357239168535;1068:1559.6881239168536;2867:1560.5624199168535;2760:1567.1009559168535;542:1574.6290599168535;1074:1575.5624679168536;336:1576.5855879168537;2759:1581.3155559168538;1664:1584.5694519168537;1659:1589.3290119168537;4844:1601.6015319168537;3270:1603.4746119168537;4850:1609.0277319168538;6823:1616.5080519168537;1946:1620.7613319168536;7401:1621.9603719168535;3560:1623.0359319168535;2970:1624.695375754868
0,0,default_vehtype,boarding,True,1624.695375754868,1654.695375754868,2970;-1;-1,2970;-1;-1,0.0,0.9449966808572625,0.9449966808572625,0.0,,0,46;48,2,48,,,
0,1,default_vehtype,route,False,1584.5292574599687,1660.24740478414,2985;-1;-1,2973;-1;-1,1051.6409350579365,0.8563676105908242,0.8562624464973184,0.0,,0,44;49,2,,,2985;1140;103;6480;7360;3154;6028;5745;6035;5743;6038;6041;7365;6050;6068;6077;3629;4502;6912;2108;7370;1420;1084;2973,2985:1584.5292574599687;1140:1584.7238280948036;103:1585.8667560948036;6480:1599.1884840948035;7360:1604.6903640948035;3154:1605.7821720948034;6028:1606.7433000948033;5745:1608.2349240948033;6035:1610.1583320948034;5743:1611.5277720948034;6038:1613.5431960948033;6041:1614.8194680948034;7365:1621.4826360948034;6050:1623.7561800948033;6068:1627.9825080948033;6077:1628.6282040948033;3629:1630.1854920948033;4502:1630.6483800948033;6912:1635.7968120948033;2108:1637.6932200948033;7370:1644.2199480948034;1420:1655.9250600948035;1084:1659.4600440948034;2973:1660.24740478414
0,2,default_vehtype,route,False,1614.9481200000005,1628.315867306773,2984;-1;-1,2976;-1;-1,111.3978942231051,0.9619195028311832,0.9619083630417609,0.0,,0,51,1,,,2984;3012;4;4345;7330;2976,2984:1614.9481200000005;3012:1617.4407806774334;4:1622.2259006774334;4345:1624.2693806774334;7330:1625.4723806774334;2976:1628.315867306773
0,2,default_vehtype,boarding,True,1628.315867306773,1658.315867306773,2976;-1;-1,2976;-1;-1,0.0,0.9619083630417609,0.9619083630417609,0.0,,0,51;45,2,45,,,
0,3,default_vehtype,route,False,1481.0218516241669,1636.1069638404565,2969;-1;-1,2980;-1;-1,1780.8795979021434,0.6909805972731905,0.6908025093134003,0.0,,0,38,1,,,2969;7192;1664;337;1075;5648;5759;205;5793;1407;5826;7411;4686;5074;5295;5274;7181;604;603;602;3851;4573;1400;971;598;1368;591;585;940;1370;939;1903;983;3921;840;2881;5099;1157;2058;2092;915;2980,2969:1481.0218516241669;7192:1484.6254945761132;1664:1487.879390576113;337:1495.6396225761132;1075:1496.6634625761133;5648:1497.4642465761133;5759:1503.0225745761134;205:1508.1668305761134;5793:1512.2881825761133;1407:1513.9083265761133;5826:1516.1886385761134;7411:1519.0872865761135;4686:1520.1579985761134;5074:1527.0985105761133;5295:1527.3287665761134;5274:1530.7075825761133;7181:1535.2168705761133;604:1538.7952705761134;603:1539.8588545761133;602:1540.7119825761133;3851:1541.7153745761134;4573:1546.0216945761133;1400:1547.7543745761134;971:1551.5528065761134;598:1552.6200625761135;1368:1553.5803985761136;591:1559.4513505761136;585:1572.6225985761137;940:1579.2024625761137;1370:1586.2290865761138;939:1586.9257585761138;1903:1587.7473505761138;983:1588.7298625761139;3921:1592.528006576114;840:1597.088846576114;2881:1603.719470576114;5099:1604.8723345761139;1157:1609.6114774332568;2058:1615.4013060046855;2092:1618.7904488618283;915:1623.9086202903998;2980:1636.1069638404565
0,3,default_vehtype,boarding,True,1636.1069638404565,1666.1069638404565,2980;-1;-1,2980;-1;-1,0.0,0.6908025093134003,0.6908025093134003,0.0,,0,38,1,,38,,
0,4,default_vehtype,route,False,1560.0,1673.2370619400026,2973;-1;-1,2976;-1;-1,1289.1591567814912,0.821779895933396,0.8216509800177179,0.0,,0,,0,,,2973;7354;3525;6025;3063;6027;7362;2188;2186;5744;6033;5746;6031;146;2828;2376;3091;4274;880;3109;3874;4306;429;4313;68;7318;7325;3011;4;4345;7330;2976,2973:1560;7354:1563.7971673106636;3525:1574.6760073106636;6025:1576.4174713106636;3063:1577.6821513106636;6027:1578.9841273106636;7362:1582.9923673106634;2188:1589.6555353106635;2186:1590.9318073106635;5744:1592.9472313106635;6033:1594.3166713106634;5746:1596.2400793106635;6031:1597.7317033106635;146:1598.6928313106635;2828:1599.7846393106634;2376:1605.2865193106634;3091:1618.6082473106633;4274:1619.7511753106633;880:1620.3425113106632;3109:1622.193055310663;3874:1628.0573353106631;4306:1640.172895310663;429:1641.575215310663;4313:1642.758175310663;68:1648.356535310663;7318:1655.024575310663;7325:1658.351335310663;3011:1662.361975310663;4:1667.147095310663;4345:1669.190575310663;7330:1670.393575310663;2976:1673.2370619400026
0,5,default_vehtype,boarding,True,1619.5885011108942,1649.5885011108942,2988;-1;-1,2988;-1;-1,0.0,0.5427695673480039,0.5427695673480039,0.0,,0,40;43,2,,40;43,,
0,8,default_vehtype,route,False,1438.9318230113154,1655.900514455031,2979;-1;-1,2990;-1;-1,1831.058828697628,0.9153374753647721,0.9151543694819023,0.0,,0,37,1,,,2979;2786;2307;3549;6384;4032;1804;4277;5239;6501;3911;5389;7301;3914;5398;5400;4040;4041;5374;5418;5424;5403;6546;1200;7312;4332;799;3653;3825;7127;3766;3988;553;7132;7191;3566;4337;7134;6667;6711;1807;1653;6829;4349;4937;669;5061;7265;3848;534;2839;5449;2990,2979:1438.9318230113154;2786:1440.9367585761142;2307:1444.4555185761142;3549:1450.0927585761142;6384:1450.354598576114;4032:1453.576238576114;1804:1454.492150576114;4277:1456.080230576114;5239:1461.584870576114;6501:1467.547430576114;3911:1476.902270576114;5389:1477.968110576114;7301:1478.222030576114;3914:1479.4057105761142;5398:1480.5825505761143;5400:1481.9091505761144;4040:1491.2139505761143;4041:1494.1582705761143;5374:1498.4108305761142;5418:1499.4481105761142;5424:1499.5913905761142;5403:1500.6967105761141;6546:1504.923590576114;1200:1509.532670576114;7312:1511.026430576114;4332:1511.842070576114;799:1513.0229905761141;3653:1517.6192305761142;3825:1518.867830576114;7127:1562.4279505761142;3766:1563.3651505761143;3988:1567.1007505761143;553:1567.5590305761143;7132:1577.4379105761143;7191:1585.3951105761143;3566:1587.2242705761143;4337:1591.7224705761143;7134:1592.8225105761144;6667:1600.7546305761143;6711:1616.6141905761144;1807:1618.5413905761145;1653:1624.3453105761146;6829:1625.1182305761147;4349:1625.6671105761147;4937:1630.0366705761148;669:1640.3440705761147;5061:1646.1524305761147;7265:1646.9356705761147;3848:1647.9103105761146;534:1651.9552705761146;2839:1653.3139105761145;5449:1654.5129505761145;2990:1655.900514455031
0,1,default_vehtype,boarding,True,1660.24740478414,1690.24740478414,2973;-1;-1,2973;-1;-1,0.0,0.8562624464973184,0.8562624464973184,0.0,,0,44;49,2,,44,,
0,4,default_vehtype,boarding,True,1673.2370619400026,1703.2370619400026,2976;-1;-1,2976;-1;-1,0.0,0.8216509800177179,0.8216509800177179,0.0,,0,52,1,52,,,
0,4,default_vehtype,route,False,1703.2370619400026,1733.3950832075511,2976;-1;-1,2977;-1;-1,251.31684389623734,0.8216509800177179,0.8216258483333282,0.0,,0,52,1,,,2976;7557;7316;7531;2802;2977,2976:1703.2370619400026;7557:1708.227415310663;7316:1715.622415310663;7531:1723.177375310663;2802:1730.392855310663;2977:1733.3950832075511
0,6,default_vehtype,route,False,1553.3221793769962,1697.682085699142,2975;-1;-1,2979;-1;-1,1100.6224764940696,0.7634953033920128,0.7633852411443633,0.0,,0,,0,,,2975;1166;429;3125;3406;2825;1944;130;99;4526;714;2800;4339;2419;5404;5421;1925;1883;926;925;5399;1905;830;2795;1891;827;6499;1803;1141;5241;922;6385;3550;6322;7280;2411;6281;2286;2287;6538;2979,2975:1553.3221793769962;1166:1563.4330521210834;429:1564.8353721210833;3125:1566.0888921210833;3406:1578.4432521210833;2825:1580.9129721210834;1944:1582.2243321210833;130:1584.6119721210832;99:1585.0922121210833;4526:1593.5018121210833;714:1596.2986521210833;2800:1598.3050521210832;4339:1599.7988121210833;2419:1604.4078921210833;5404:1608.6347721210832;5421:1609.740092121083;1925:1609.883372121083;1883:1610.920652121083;926:1615.173212121083;925:1618.117532121083;5399:1627.422332121083;1905:1628.748932121083;830:1629.9257721210831;2795:1631.1094521210832;1891:1631.3633721210833;827:1632.4292121210833;6499:1641.7840521210833;1803:1647.7466121210832;1141:1653.2512521210833;5241:1654.8393321210833;922:1655.7552441210833;6385:1658.9768841210832;3550:1659.2387241210831;6322:1664.8759641210831;7280:1668.394724121083;2411:1674.229844121083;6281:1679.2739584067974;2286:1684.0408726925118;2287:1688.8077869782262;6538:1693.8519012639406;2979:1697.682085699142
0,6,default_vehtype,boarding,True,1697.682085699142,1727.682085699142,2979;-1;-1,2979;-1;-1,0.0,0.7633852411443633,0.7633852411443633,0.0,,0,47,1,47,,,
0,8,default_vehtype,boarding,True,1655.900514455031,1685.900514455031,2990;-1;-1,2990;-1;-1,0.0,0.9151543694819023,0.9151543694819023,0.0,,0,37,1,,37,,
0,8,default_vehtype,route,False,1685.900514455031,1696.9535544141288,2990;-1;-1,2970;-1;-1,92.10866632581656,0.9151543694819023,0.9151451586152697,0.0,,0,,0,,,2990;2552;1946;7401;3560;2970,2990:1685.900514455031;2552:1688.7662305761144;1946:1693.0195105761143;7401:1694.2185505761142;3560:1695.2941105761142;2970:1696.9535544141288
0,8,default_vehtype,boarding,True,1696.9535544141288,1726.9535544141288,2970;-1;-1,2970;-1;-1,0.0,0.9151451586152697,0.9151451586152697,0.0,,0,53,1,53,,,
0,3,default_vehtype,route,False,1666.1069638404565,1784.5555951505398,2980;-1;-1,2981;-1;-1,632.2576748681245,0.6908025093134003,0.6907392835459134,0.0,,0,,0,,,2980;914;2135;1730;2664;2579;2961;2407;2581;370;361;2874;1887;4059;910;6541;3462;3648;2851;2850;1801;1560;5242;922;6385;3550;2981,2980:1666.1069638404565;914:1681.989134576114;2135:1689.9399917189712;1730:1705.396334576114;2664:1707.2184488618282;2579:1712.094391718971;2961:1728.8652488618281;2407:1734.1140488618282;2581:1742.6013060046853;370:1744.1841540046853;361:1746.6812580046853;2874:1747.2672660046853;1887:1752.9226500046852;4059:1754.8419540046852;910:1759.3581540046853;6541:1760.0222820046852;3462:1762.235922004685;3648:1762.5656820046852;2851:1767.2399220046852;2850:1768.1732820046852;1801:1771.4689620046852;1560:1776.2094420046851;5242:1777.892082004685;922:1778.807994004685;6385:1782.029634004685;3550:1782.291474004685;2981:1784.5555951505398
0,4,default_vehtype,boarding,True,1733.3950832075511,1763.3950832075511,2977;-1;-1,2977;-1;-1,0.0,0.8216258483333282,0.8216258483333282,0.0,,0,52;56,2,56,,,
0,5,default_vehtype,route,False,1680.0,1795.4712952539483,2988;-1;-1,2986;-1;-1,1435.822275352455,0.5427695673480039,0.5426259851204687,0.0,,0,,0,,,2988;3447;6082;7383;364;3029;3886;5711;6045;2157;4817;456;5901;7605;2830;5852;6913;1321;597;2204;6066;6049;7367;2188;2186;5744;6033;5746;6031;146;2828;2376;3091;4274;3068;70;73;4273;103;6480;7360;2986,2988:1680;3447:1681.539512442979;6082:1684.362920442979;7383:1684.771808442979;364:1685.207192442979;3029:1687.231400442979;3886:1687.729424442979;5711:1690.2690084429792;6045:1691.6632884429791;2157:1695.851816442979;4817:1696.328600442979;456:1696.943480442979;5901:1697.6990484429791;7605:1701.1707444429792;2830:1701.4001364429791;5852:1707.9268644429792;6913:1709.8232724429793;1321:1714.9717044429792;597:1715.4345924429792;2204:1716.9918804429792;6066:1717.6375764429793;6049:1721.8639044429792;7367:1724.1374484429791;2188:1730.8006164429792;2186:1732.0768884429792;5744:1734.0923124429792;6033:1735.461752442979;5746:1737.3851604429792;6031:1738.8767844429792;146:1739.8379124429791;2828:1740.929720442979;2376:1746.431600442979;3091:1759.753328442979;4274:1760.896256442979;3068:1765.6405421572647;70:1767.9265421572647;73:1770.2125421572648;4273:1774.9568278715506;103:1776.0997558715505;6480:1789.4214838715504;7360:1794.9233638715505;2986:1795.4712952539483
0,7,default_vehtype,route,False,1617.9807471346444,1777.8819599999993,2968;-1;-1,2972;-1;-1,1737.135512018814,0.7712188912207677,0.7710451776695658,0.0,,0,39;50,2,,,2968;98;2497;7434;2760;542;1074;1071;1070;1069;1067;1504;4396;710;2281;4664;6260;3300;1832;708;6180;2405;6169;2744;2567;2576;3077;3241;88;2758;2742;2448;2353;6140;7386;3742;7100;6318;737;6639;2446;2301;1992;1990;1988;1985;3729;5498;5496;5699;5494;6307;374;7114;3246;5330;661;445;2972,2968:1617.9807471346444;98:1623.7504156115651;2497:1625.2610476115651;7434:1632.4688956115651;2760:1639.0074316115652;542:1646.5355356115651;1074:1647.4689436115652;1071:1648.4714716115652;1070:1662.9347596115651;1069:1663.6730476115652;1067:1666.335103611565;1504:1670.788879611565;4396:1671.0151756115652;710:1671.565831611565;2281:1672.571527611565;4664:1676.449519611565;6260:1676.8954156115649;3300:1677.494527611565;1832:1680.284743611565;708:1680.8238076115651;6180:1681.2472396115652;2405:1683.4696396115653;6169:1686.9467596115653;2744:1691.5473196115654;2567:1693.3902796115653;2576:1701.8788396115654;3077:1704.0114796115654;3241:1707.1403596115654;88:1709.0671996115655;2758:1711.0306396115654;2742:1711.4370796115654;2448:1714.6227196115653;2353:1720.8235996115654;6140:1725.9946396115654;7386:1727.3370796115653;3742:1734.9960796115654;7100:1735.5357196115654;6318:1736.0137996115654;737:1736.9295196115654;6639:1738.7787196115655;2446:1740.3499996115654;2301:1742.6470396115653;1992:1743.6720796115653;1990:1745.3689996115654;1988:1747.8229996115654;1985:1751.3447596115655;3729:1753.6921996115655;5498:1755.0895996115655;5496:1757.9968396115655;5699:1758.6942796115654;5494:1759.7980396115654;6307:1760.0148796115654;374:1768.3158796115654;7114:1770.5308876115653;3246:1771.6687036115652;5330:1772.4162796115652;661:1773.4077196115652;445:1776.4374076115653;2972:1777.8819599999993
0,1,default_vehtype,route,False,1690.24740478414,1818.813272826645,2973;-1;-1,2971;-1;-1,1358.0708076356732,0.8562624464973184,0.8561266394165549,0.0,,0,49,1,,,2973;7354;4225;4614;7369;7607;5900;3459;4818;5992;6047;5708;3884;3030;3347;7376;2207;3446;3720;5332;251;2711;3358;2296;5495;5696;3307;3987;2396;886;808;1372;807;1375;108;1376;1380;373;2390;7391;5704;7389;2971,2973:1690.24740478414;7354:1694.0445720948035;4225:1698.6291000948036;4614:1702.1640840948035;7369:1713.8691960948036;7607:1714.0985880948035;5900:1717.5702840948036;3459:1718.3258520948036;4818:1718.9407320948037;5992:1719.4175160948037;6047:1723.6060440948036;5708:1725.0003240948035;3884:1727.5399080948036;3030:1728.0379320948036;3347:1730.0621400948037;7376:1730.4975240948038;2207:1730.9064120948037;3446:1733.7298200948037;3720:1736.7595080948038;5332:1737.7509480948038;251:1738.4985240948038;2711:1739.6363400948037;3358:1741.8513480948036;2296:1750.1523480948035;5495:1750.3691880948036;5696:1751.1319080948035;3307:1761.8703480948036;3987:1768.6975080948037;2396:1770.0034680948036;886:1775.6410680948036;808:1776.1072680948037;1372:1776.9701880948037;807:1778.0740680948036;1375:1779.7582680948035;108:1781.8987080948034;1376:1783.6989480948034;1380:1785.7155480948034;373:1795.2765480948033;2390:1797.8212680948034;7391:1799.2219080948034;5704:1801.5869880948035;7389:1816.1252280948036;2971:1818.813272826645
0,1,default_vehtype,boarding,True,1818.813272826645,1848.813272826645,2971;-1;-1,2971;-1;-1,0.0,0.8561266394165549,0.8561266394165549,0.0,,0,49,1,,49,,
0,3,default_vehtype,boarding,True,1784.5555951505398,1814.5555951505398,2981;-1;-1,2981;-1;-1,0.0,0.6907392835459134,0.6907392835459134,0.0,,0,55,1,55,,,
0,5,default_vehtype,boarding,True,1795.4712952539483,1825.4712952539483,2986;-1;-1,2986;-1;-1,0.0,0.5426259851204687,0.5426259851204687,0.0,,0,57,1,57,,,
0,7,default_vehtype,boarding,True,1777.8819599999993,1807.8819599999993,2972;-1;-1,2972;-1;-1,0.0,0.7710451776695658,0.7710451776695658,0.0,,0,39;50,2,,39,,
0,0,default_vehtype,route,False,1654.695375754868,1866.8808185461935,2970;-1;-1,2976;-1;-1,1768.212023261042,0.9449966808572625,0.9448198596549364,0.0,,0,46;48,2,,,2970;671;544;7400;3551;3849;7263;5060;3728;4936;1207;2554;4974;5249;6709;2464;7135;1193;552;2755;7131;3567;888;712;2718;754;611;1812;1186;7311;3767;4527;3089;3131;5447;7352;414;122;3426;4314;68;7318;7325;3011;4;4345;7330;2976,2970:1654.695375754868;671:1655.7254919168536;544:1658.4150519168536;7400:1659.4906119168536;3551:1660.8492519168535;3849:1664.8942119168535;7263:1665.8688519168534;5060:1666.6520919168534;3728:1672.4604519168533;4936:1682.7678519168533;1207:1687.1374119168534;2554:1687.6862919168534;4974:1688.4592119168535;5249:1694.2631319168536;6709:1696.1903319168537;2464:1712.0498919168538;7135:1719.9820119168537;1193:1721.0820519168537;552:1725.5802519168537;2755:1727.4094119168537;7131:1735.3666119168538;3567:1745.2454919168538;888:1745.7037719168538;712:1749.4393719168538;2718:1750.376571916854;754:1793.936691916854;611:1795.1852919168539;1812:1799.7564519168538;1186:1800.933651916854;7311:1801.749291916854;3767:1803.755691916854;4527:1806.552531916854;3089:1814.9621319168539;3131:1815.442371916854;5447:1817.830011916854;7352:1819.1413719168538;414:1821.6110919168539;122:1833.965451916854;3426:1835.218971916854;4314:1836.401931916854;68:1842.000291916854;7318:1848.668331916854;7325:1851.9950919168539;3011:1856.0057319168538;4:1860.7908519168539;4345:1862.834331916854;7330:1864.0373319168539;2976:1866.8808185461935
0,0,default_vehtype,boarding,True,1866.8808185461935,1896.8808185461935,2976;-1;-1,2976;-1;-1,0.0,0.9448198596549364,0.9448198596549364,0.0,,0,46;48,2,,46,,
0,0,default_vehtype,route,False,1896.8808185461935,1915.243951239421,2976;-1;-1,2984;-1;-1,153.0261057768949,0.9448198596549364,0.9448045570443587,0.0,,0,48,1,,,2976;7557;2806;4344;2996;2984,2976:1896.8808185461935;7557:1901.8711719168539;2806:1909.705011916854;4344:1910.9080119168539;2996:1912.951491916854;2984:1915.243951239421
0,2,default_vehtype,route,False,1658.315867306773,1878.3021845563503,2976;-1;-1,2990;-1;-1,1833.2193104131413,0.9619083630417609,0.9617250411107197,0.0,,0,51;45,2,,,2976;7557;2806;4344;2996;3013;7322;2804;3061;1173;3425;3125;3406;2825;1944;130;99;4526;714;2800;4332;799;3653;3825;7127;3766;3988;553;7132;7191;3566;4337;7134;6667;6711;1807;1653;6829;4349;4937;669;5061;7265;3848;534;2839;5449;2990,2976:1658.315867306773;7557:1663.3062206774334;2806:1671.1400606774334;4344:1672.3430606774334;2996:1674.3865406774335;3013:1679.1716606774335;7322:1683.1823006774334;2804:1686.5090606774334;3061:1693.1771006774334;1173:1698.7754606774333;3425:1699.9584206774334;3125:1701.2119406774334;3406:1713.5663006774334;2825:1716.0360206774335;1944:1717.3473806774334;130:1719.7350206774333;99:1720.2152606774334;4526:1728.6248606774334;714:1731.4217006774334;2800:1733.4281006774333;4332:1734.2437406774334;799:1735.4246606774334;3653:1740.0209006774335;3825:1741.2695006774334;7127:1784.8296206774335;3766:1785.7668206774335;3988:1789.5024206774335;553:1789.9607006774336;7132:1799.8395806774336;7191:1807.7967806774336;3566:1809.6259406774336;4337:1814.1241406774336;7134:1815.2241806774337;6667:1823.1563006774336;6711:1839.0158606774337;1807:1840.9430606774338;1653:1846.7469806774338;6829:1847.519900677434;4349:1848.068780677434;4937:1852.438340677434;669:1862.745740677434;5061:1868.554100677434;7265:1869.337340677434;3848:1870.311980677434;534:1874.3569406774338;2839:1875.7155806774338;5449:1876.9146206774337;2990:1878.3021845563503
0,2,default_vehtype,boarding,True,1878.3021845563503,1908.3021845563503,2990;-1;-1,2990;-1;-1,0.0,0.9617250411107197,0.9617250411107197,0.0,,0,51;45;59,3,59,51,,
0,6,default_vehtype,route,False,1727.682085699142,1879.4418319484248,2979;-1;-1,2975;-1;-1,1224.9515235059305,0.7633852411443633,0.7632627459920127,0.0,,0,47,1,,,2979;2786;2307;3549;6384;4032;1804;4277;5239;6501;3911;5389;7301;3914;5398;5400;4040;4041;5374;5418;5424;5403;6546;1200;7312;3767;4527;3089;3131;5447;7352;414;122;3426;4305;793;118;3979;4275;3068;70;73;4273;880;3109;3874;2975,2979:1727.682085699142;2786:1729.6870212639408;2307:1733.2057812639407;3549:1738.8430212639407;6384:1739.1048612639406;4032:1742.3265012639406;1804:1743.2424132639405;4277:1744.8304932639405;5239:1750.3351332639406;6501:1756.2976932639406;3911:1765.6525332639405;5389:1766.7183732639405;7301:1766.9722932639406;3914:1768.1559732639407;5398:1769.3328132639408;5400:1770.659413263941;4040:1779.964213263941;4041:1782.908533263941;5374:1787.161093263941;5418:1788.198373263941;5424:1788.341653263941;5403:1789.446973263941;6546:1793.6738532639408;1200:1798.2829332639408;7312:1799.7766932639408;3767:1801.7830932639408;4527:1804.5799332639408;3089:1812.9895332639408;3131:1813.4697732639409;5447:1815.8574132639408;7352:1817.1687732639407;414:1819.6384932639407;122:1831.9928532639408;3426:1833.2463732639408;4305:1834.6486932639407;793:1846.7642532639406;118:1852.6285332639407;3979:1854.4790772639406;4275:1855.0704132639405;3068:1859.8146989782263;70:1862.1006989782263;73:1864.3866989782264;4273:1869.1309846925121;880:1869.722320692512;3109:1871.572864692512;3874:1877.437144692512;2975:1879.4418319484248
0,6,default_vehtype,boarding,True,1879.4418319484248,1909.4418319484248,2975;-1;-1,2975;-1;-1,0.0,0.7632627459920127,0.7632627459920127,0.0,,0,47,1,,47,,
0,0,default_vehtype,boarding,True,1915.243951239421,1945.243951239421,2984;-1;-1,2984;-1;-1,0.0,0.9448045570443587,0.9448045570443587,0.0,,0,48,1,,48,,
0,0,default_vehtype,boarding,True,1945.243951239421,1975.243951239421,2984;-1;-1,2984;-1;-1,0.0,0.9448045570443587,0.9448045570443587,0.0,,0,66,1,66,,,
0,1,default_vehtype,route,False,1848.813272826645,1925.8815519737204,2971;-1;-1,2990;-1;-1,642.2356595589595,0.8561266394165549,0.856062415850599,0.0,,0,,0,,,2971;3807;7387;2045;2835;2641;7396;2616;486;2838;3722;3732;544;7400;5449;2990,2971:1848.813272826645;3807:1850.1896280948035;7387:1854.2540280948035;2045:1868.7922680948036;2835:1871.1573480948036;2641:1880.3684280948037;7396:1880.9627880948037;2616:1886.3243880948037;486:1887.2361480948036;2838:1893.5608680948037;3722:1897.0801080948038;3732:1919.5298280948039;544:1922.219388094804;7400:1923.2949480948039;5449:1924.4939880948039;2990:1925.8815519737204
0,1,default_vehtype,boarding,True,1925.8815519737204,1955.8815519737204,2990;-1;-1,2990;-1;-1,0.0,0.856062415850599,0.856062415850599,0.0,,0,61,1,61,,,
0,2,default_vehtype,route,False,1908.3021845563503,1955.0216657254873,2990;-1;-1,2969;-1;-1,481.9663711208838,0.9617250411107197,0.9616768444736076,0.0,,0,45;59,2,,,2990;2552;4848;3271;4846;4989;5000;337;1075;4198;336;2969,2990:1908.3021845563503;2552:1911.1679006774336;4848:1918.6482206774335;3271:1924.2013406774336;4846:1926.0744206774336;4989:1938.3469406774336;5000:1943.1065006774336;337:1950.8667326774337;1075:1951.8905726774337;4198:1952.8722206774337;336:1953.8953406774338;2969:1955.0216657254873
0,4,default_vehtype,route,False,1763.3950832075511,1951.9470765750052,2977;-1;-1,2980;-1;-1,1527.828435539931,0.8216258483333282,0.8214730654897742,0.0,,0,52;56,2,,,2977;6202;7516;7037;7512;3274;2902;3901;7011;7336;4365;7288;1182;1001;6296;1434;3820;3877;2787;4993;6537;7281;2307;3549;6384;4032;1804;4811;5237;608;459;2416;4011;5246;363;366;2314;2877;1748;1743;1157;2058;2092;915;2980,2977:1763.3950832075511;6202:1767.2881753106628;7516:1768.1492953106629;7037:1775.4612553106629;7512:1782.6946153106628;3274:1794.0406153106628;2902:1794.1522153106628;3901:1794.6202153106628;7011:1796.601175310663;7336:1799.508655310663;4365:1807.089775310663;7288:1808.212975310663;1182:1809.129895310663;1001:1814.421055310663;6296:1816.780375310663;1434:1822.739455310663;3820:1827.848095310663;3877:1829.755975310663;2787:1838.548495310663;4993:1839.597535310663;6537:1845.397375310663;7281:1851.232495310663;2307:1854.7512553106628;3549:1860.3884953106628;6384:1860.6503353106627;4032:1863.8719753106627;1804:1864.7878873106627;4811:1866.4705273106626;5237:1871.2110073106626;608:1880.0770873106626;459:1880.4068473106627;2416:1882.6204873106626;4011:1883.2846153106625;5246:1889.2097833106625;363:1896.1184713106625;366:1897.5235513106625;2314:1898.6684233106625;2877:1911.8395273106626;1748:1912.9580473106626;1743:1920.7124473106626;1157:1925.4515901678055;2058:1931.2414187392342;2092:1934.630561596377;915:1939.7487330249485;2980:1951.9470765750052
0,7,default_vehtype,route,False,1807.8819599999993,1954.993283833873,2972;-1;-1,2985;-1;-1,1272.6774024545985,0.7710451776695658,0.7709179099293203,0.0,,0,50,1,,,2972;6079;7380;364;3029;3886;5711;6045;2157;4817;456;5901;7605;2830;5852;6913;1321;597;2204;6066;6049;7367;2188;2186;5744;6033;5746;6031;146;2828;2376;3091;4274;880;3109;114;5021;1108;1680;3103;3110;3980;2985,2972:1807.8819599999993;6079:1809.2608156115652;7380:1809.6697036115652;364:1810.1050876115653;3029:1812.1292956115653;3886:1812.6273196115653;5711:1815.1669036115654;6045:1816.5611836115654;2157:1820.7497116115653;4817:1821.2264956115653;456:1821.8413756115654;5901:1822.5969436115654;7605:1826.0686396115655;2830:1826.2980316115654;5852:1832.8247596115655;6913:1834.7211676115655;1321:1839.8695996115655;597:1840.3324876115655;2204:1841.8897756115655;6066:1842.5354716115655;6049:1846.7617996115655;7367:1849.0353436115654;2188:1855.6985116115654;2186:1856.9747836115655;5744:1858.9902076115654;6033:1860.3596476115654;5746:1862.2830556115655;6031:1863.7746796115655;146:1864.7358076115654;2828:1865.8276156115653;2376:1871.3294956115653;3091:1884.6512236115652;4274:1885.7941516115652;880:1886.3854876115652;3109:1888.236031611565;114:1893.0482030401365;5021:1895.421631611565;1108:1920.4910030401365;1680:1945.560374468708;3103:1947.9338030401366;3110:1952.745974468708;3980:1954.596518468708;2985:1954.993283833873
0,8,default_vehtype,route,False,1726.9535544141288,1923.6305098320272,2970;-1;-1,2975;-1;-1,2138.531028482485,0.9151451586152697,0.9149313055124215,0.0,,0,53,1,,,2970;671;662;7398;3491;6933;7394;6989;7392;5704;7389;3806;2573;885;316;2042;1982;6306;374;7114;3246;5330;661;445;6080;7381;364;3029;3886;5711;6045;2157;4817;456;5901;7605;2830;5852;6913;1321;597;2204;6066;6049;7367;2188;2186;5744;6033;5746;6031;146;2828;2376;3091;4274;880;3109;3874;2975,2970:1726.9535544141288;671:1727.9836705761143;662:1750.4333905761143;7398:1753.9526305761144;3491:1760.2773505761145;6933:1761.1891105761144;7394:1766.5507105761144;6989:1767.1450705761144;7392:1776.3561505761145;5704:1778.7212305761145;7389:1793.2594705761146;3806:1797.3238705761146;2573:1798.3918705761146;885:1798.9952305761146;316:1805.8223905761147;2042:1816.5608305761148;1982:1817.3235505761147;6306:1817.5403905761148;374:1825.8413905761147;7114:1828.0563985761146;3246:1829.1942145761145;5330:1829.9417905761145;661:1830.9332305761145;445:1833.9629185761146;6080:1836.7863265761146;7381:1837.1952145761145;364:1837.6305985761146;3029:1839.6548065761147;3886:1840.1528305761146;5711:1842.6924145761147;6045:1844.0866945761147;2157:1848.2752225761146;4817:1848.7520065761146;456:1849.3668865761147;5901:1850.1224545761147;7605:1853.5941505761148;2830:1853.8235425761147;5852:1860.3502705761148;6913:1862.2466785761148;1321:1867.3951105761148;597:1867.8579985761148;2204:1869.4152865761148;6066:1870.0609825761148;6049:1874.2873105761148;7367:1876.5608545761147;2188:1883.2240225761147;2186:1884.5002945761148;5744:1886.5157185761148;6033:1887.8851585761147;5746:1889.8085665761148;6031:1891.3001905761148;146:1892.2613185761147;2828:1893.3531265761146;2376:1898.8550065761146;3091:1912.1767345761145;4274:1913.3196625761145;880:1913.9109985761145;3109:1915.7615425761144;3874:1921.6258225761144;2975:1923.6305098320272
0,8,default_vehtype,boarding,True,1923.6305098320272,1953.6305098320272,2975;-1;-1,2975;-1;-1,0.0,0.9149313055124215,0.9149313055124215,0.0,,0,53,1,,53,,
0,2,default_vehtype,boarding,True,1955.0216657254873,1985.0216657254873,2969;-1;-1,2969;-1;-1,0.0,0.9616768444736076,0.9616768444736076,0.0,,0,45;59,2,,45,,
0,4,default_vehtype,boarding,True,1951.9470765750052,1981.9470765750052,2980;-1;-1,2980;-1;-1,0.0,0.8214730654897742,0.8214730654897742,0.0,,0,52;56;64,3,64,52;56,,
0,6,default_vehtype,route,False,1909.4418319484248,2002.451695662804,2975;-1;-1,2987;-1;-1,1135.744147454787,0.7632627459920127,0.7631491715772672,0.0,,0,,0,,,2975;1166;793;118;3979;4275;103;6480;7360;3154;6028;5745;6035;5743;6038;6041;7365;2179;3064;6023;3524;7356;4225;2987,2975:1909.4418319484248;1166:1919.552704692512;793:1931.668264692512;118:1937.532544692512;3979:1939.3830886925118;4275:1939.9744246925118;103:1941.1173526925118;6480:1954.4390806925117;7360:1959.9409606925117;3154:1961.0327686925116;6028:1961.9938966925115;5745:1963.4855206925115;6035:1965.4089286925116;5743:1966.7783686925115;6038:1968.7937926925115;6041:1970.0700646925116;7365:1976.7332326925116;2179:1980.7414726925115;3064:1982.0434486925114;6023:1983.3081286925114;3524:1985.0495926925114;7356:1995.9284326925115;4225:2000.5129606925116;2987:2002.451695662804
0,6,default_vehtype,boarding,True,2002.451695662804,2032.451695662804,2987;-1;-1,2987;-1;-1,0.0,0.7631491715772672,0.7631491715772672,0.0,,0,58,1,58,,,
0,7,default_vehtype,boarding,True,1954.993283833873,1984.993283833873,2985;-1;-1,2985;-1;-1,0.0,0.7709179099293203,0.7709179099293203,0.0,,0,50,1,,50,,
0,1,default_vehtype,route,False,1955.8815519737204,2075.388508483238,2990;-1;-1,2972;-1;-1,1049.0361952928322,0.856062415850599,0.8559575122310696,0.0,,0,61,1,,,2990;2552;1946;7401;3560;3731;662;7398;3491;6933;7394;6989;7392;5704;7389;3806;2573;885;316;2042;1982;6306;374;7114;3246;5330;661;445;2972,2990:1955.8815519737204;2552:1958.7472680948038;1946:1963.0005480948037;7401:1964.1995880948036;3560:1965.2751480948036;3731:1967.9647080948037;662:1990.4144280948037;7398:1993.9336680948038;3491:2000.2583880948039;6933:2001.1701480948038;7394:2006.5317480948038;6989:2007.1261080948038;7392:2016.3371880948039;5704:2018.702268094804;7389:2033.240508094804;3806:2037.304908094804;2573:2038.372908094804;885:2038.976268094804;316:2045.803428094804;2042:2056.541868094804;1982:2057.3045880948043;6306:2057.5214280948044;374:2065.8224280948043;7114:2068.0374360948044;3246:2069.1752520948044;5330:2069.9228280948046;661:2070.9142680948044;445:2073.9439560948044;2972:2075.388508483238
0,3,default_vehtype,route,False,1814.5555951505398,2044.8885100227837,2981;-1;-1,2993;-1;-1,3062.616046258137,0.6907392835459134,0.6904330219412876,0.0,,0,55,1,,,2981;6320;3549;6384;4032;1804;4811;5237;608;459;2416;4011;5246;363;366;2314;2877;1748;2880;906;984;2268;1857;1806;1371;938;5442;4054;2205;1369;2047;3631;4079;4572;4577;778;3636;3639;3642;7178;5275;5297;5072;1464;2847;5825;4587;5794;3202;2065;2023;4203;537;18;5629;1068;2559;6740;1717;2067;2063;1937;6789;3895;5465;7450;2993,2981:1814.5555951505398;6320:1817.928714004685;3549:1823.565954004685;6384:1823.8277940046848;4032:1827.0494340046848;1804:1827.9653460046848;4811:1829.6479860046848;5237:1834.3884660046847;608:1843.2545460046847;459:1843.5843060046848;2416:1845.7979460046847;4011:1846.4620740046846;5246:1852.3872420046846;363:1859.2959300046846;366:1860.7010100046846;2314:1861.8458820046847;2877:1875.0169860046847;1748:1876.1355060046847;2880:1877.2972980046848;906:1889.5226100046848;984:1892.2923060046849;2268:1893.0401700046848;1857:1893.4260900046847;1806:1894.0882740046848;1371:1894.7584500046848;938:1897.3395780046849;5442:1907.0602260046849;4054:1914.7002180046848;2205:1920.4526580046847;1369:1926.8988180046847;2047:1927.8418740046848;3631:1929.4047060046848;4079:1930.4719620046849;4572:1934.270394004685;4577:1936.003074004685;778:1940.309394004685;3636:1941.312786004685;3639:1942.165914004685;3642:1943.229498004685;7178:1946.807898004685;5275:1951.317186004685;5297:1954.696002004685;5072:1954.926258004685;1464:1961.866770004685;2847:1962.9374820046849;5825:1965.836130004685;4587:1968.116442004685;5794:1969.736586004685;3202:1973.857938004685;2065:1979.002194004685;2023:1984.560522004685;4203:1985.361306004685;537:1986.315306004685;18:1992.182874004685;5629:1998.032298004685;1068:2000.584698004685;2559:2007.635298004685;6740:2012.105922004685;1717:2017.939650004685;2067:2018.677434004685;2063:2019.393690004685;1937:2022.663642004685;6789:2033.200050004685;3895:2034.467034004685;5465:2041.998954004685;7450:2042.983194004685;2993:2044.8885100227837
0,3,default_vehtype,boarding,True,2044.8885100227837,2074.8885100227835,2993;-1;-1,2993;-1;-1,0.0,0.6904330219412876,0.6904330219412876,0.0,,0,55;60,2,60,55,,
0,8,default_vehtype,route,False,1953.6305098320272,2097.9904161541735,2975;-1;-1,2979;-1;-1,1100.6224764940694,0.9149313055124215,0.9148212432647721,0.0,,0,,0,,,2975;1166;429;3125;3406;2825;1944;130;99;4526;714;2800;4339;2419;5404;5421;1925;1883;926;925;5399;1905;830;2795;1891;827;6499;1803;1141;5241;922;6385;3550;6322;7280;2411;6281;2286;2287;6538;2979,2975:1953.6305098320272;1166:1963.7413825761143;429:1965.1437025761143;3125:1966.3972225761142;3406:1978.7515825761143;2825:1981.2213025761143;1944:1982.5326625761143;130:1984.9203025761142;99:1985.4005425761143;4526:1993.8101425761142;714:1996.6069825761142;2800:1998.6133825761142;4339:2000.1071425761143;2419:2004.7162225761142;5404:2008.9431025761141;5421:2010.048422576114;1925:2010.191702576114;1883:2011.228982576114;926:2015.481542576114;925:2018.425862576114;5399:2027.730662576114;1905:2029.057262576114;830:2030.234102576114;2795:2031.4177825761142;1891:2031.6717025761143;827:2032.7375425761143;6499:2042.0923825761142;1803:2048.054942576114;1141:2053.5595825761143;5241:2055.1476625761143;922:2056.063574576114;6385:2059.2852145761144;3550:2059.5470545761145;6322:2065.1842945761146;7280:2068.7030545761145;2411:2074.5381745761147;6281:2079.582288861829;2286:2084.3492031475434;2287:2089.116117433258;6538:2094.160231718972;2979:2097.9904161541735
0,0,default_vehtype,route,False,1975.243951239421,2135.682687022881,2984;-1;-1,2989;-1;-1,1836.5458648621611,0.9448045570443587,0.9446209024578726,0.0,,0,66,1,,,2984;3012;7321;2804;3061;1173;3425;4304;793;118;3979;4275;103;6480;7360;3154;6028;5745;6035;5743;6038;6041;7365;6050;6068;6077;3629;4502;6912;2108;7370;7608;5900;3459;4818;5992;6047;5708;3884;3030;3347;7376;2207;3446;3720;5332;251;2711;3358;2296;5495;5696;3307;3987;6878;2989,2984:1975.243951239421;3012:1977.736611916854;7321:1981.7472519168539;2804:1985.0740119168538;3061:1991.7420519168538;1173:1997.3404119168538;3425:1998.5233719168539;4304:1999.9256919168538;793:2012.0412519168538;118:2017.9055319168538;3979:2019.7560759168537;4275:2020.3474119168536;103:2021.4903399168536;6480:2034.8120679168535;7360:2040.3139479168535;3154:2041.4057559168534;6028:2042.3668839168533;5745:2043.8585079168533;6035:2045.7819159168534;5743:2047.1513559168534;6038:2049.1667799168536;6041:2050.4430519168536;7365:2057.1062199168537;6050:2059.379763916854;6068:2063.606091916854;6077:2064.251787916854;3629:2065.809075916854;4502:2066.271963916854;6912:2071.420395916854;2108:2073.316803916854;7370:2079.843531916854;7608:2080.072923916854;5900:2083.544619916854;3459:2084.300187916854;4818:2084.9150679168542;5992:2085.391851916854;6047:2089.5803799168543;5708:2090.9746599168543;3884:2093.5142439168544;3030:2094.0122679168544;3347:2096.036475916854;7376:2096.471859916854;2207:2096.880747916854;3446:2099.7041559168542;3720:2102.7338439168543;5332:2103.725283916854;251:2104.4728599168543;2711:2105.6106759168542;3358:2107.8256839168544;2296:2116.1266839168543;5495:2116.3435239168543;5696:2117.1062439168545;3307:2127.8446839168546;3987:2134.6718439168544;6878:2135.2752039168545;2989:2135.682687022881
0,1,default_vehtype,boarding,True,2075.388508483238,2105.388508483238,2972;-1;-1,2972;-1;-1,0.0,0.8559575122310696,0.8559575122310696,0.0,,0,61,1,,61,,
0,3,default_vehtype,route,False,2074.8885100227835,2109.2924344697394,2993;-1;-1,2992;-1;-1,477.8322839854968,0.6904330219412876,0.690385238712889,0.0,,0,60,1,,,2993;4483;7446;1960;816;6786;5444;1716;2720;4210;2067;2063;1937;2992,2993:2074.8885100227835;4483:2075.649930004685;7446:2078.316666004685;1960:2079.300906004685;816:2086.832826004685;6786:2088.099810004685;5444:2098.636218004685;1716:2101.426578004685;2720:2102.1732180046847;4210:2103.0714900046846;2067:2103.9720660046846;2063:2104.688322004685;1937:2107.958274004685;2992:2109.2924344697394
0,3,default_vehtype,boarding,True,2109.2924344697394,2139.2924344697394,2992;-1;-1,2992;-1;-1,0.0,0.690385238712889,0.690385238712889,0.0,,0,60;67,2,67,,,
0,5,default_vehtype,route,False,1825.4712952539483,2136.1173812954357,2986;-1;-1,2966;-1;-1,2452.019953568699,0.5426259851204687,0.5423807831251118,0.0,,0,57,1,,,2986;3155;7358;2376;3091;4274;880;3109;3874;4306;429;3125;3406;2825;1944;130;99;4526;714;2800;4332;799;3653;3825;7127;1836;4248;5046;7138;6879;1367;3637;1339;1395;1399;835;1147;1093;2607;911;1150;665;666;1885;668;1415;1041;1623;1383;2333;2966,2986:1825.4712952539483;3155:1826.0151718715504;7358:1827.1069798715503;2376:1832.6088598715503;3091:1845.9305878715502;4274:1847.0735158715502;880:1847.6648518715501;3109:1849.51539587155;3874:1855.37967587155;4306:1867.49523587155;429:1868.89755587155;3125:1870.15107587155;3406:1882.50543587155;2825:1884.97515587155;1944:1886.28651587155;130:1888.6741558715498;99:1889.15439587155;4526:1897.5639958715499;714:1900.3608358715499;2800:1902.3672358715498;4332:1903.1828758715499;799:1904.3637958715499;3653:1908.96003587155;3825:1910.2086358715499;7127:1953.76875587155;1836:1955.11971587155;4248:1969.66491587155;5046:1986.00543587155;7138:1987.64403587155;6879:1993.91043587155;1367:2005.40331587155;3637:2007.2964358715499;1339:2008.2888118715498;1395:2016.8261398715497;1399:2018.9668438715496;835:2022.5438038715497;1147:2023.3363798715498;1093:2024.5956598715497;2607:2032.6543318715496;911:2035.5081958715496;1150:2036.2686598715495;665:2037.7185238715495;666:2038.5876358715495;1885:2039.5734598715496;668:2052.9438598715496;1415:2053.57292387155;1041:2070.259438157264;1623:2074.642695300121;1383:2085.7281238715495;2333:2125.8820095858355;2966:2136.1173812954357
0,7,default_vehtype,route,False,1984.993283833873,2115.23573777368,2985;-1;-1,2978;-1;-1,1100.0007308030333,0.7709179099293203,0.77080790985624,0.0,,0,,0,,,2985;1140;880;3109;3874;4306;429;3125;3406;2825;1944;130;99;4526;714;2800;4339;2419;5404;5421;1925;1883;926;925;5399;1905;830;2795;918;3075;7097;7290;2736;1744;1164;2789;1182;2978,2985:1984.993283833873;1140:1985.1878544687079;880:1985.7791904687078;3109:1987.6297344687077;3874:1993.4940144687077;4306:2005.6095744687077;429:2007.0118944687076;3125:2008.2654144687076;3406:2020.6197744687076;2825:2023.0894944687077;1944:2024.4008544687076;130:2026.7884944687075;99:2027.2687344687076;4526:2035.6783344687076;714:2038.4751744687076;2800:2040.4815744687075;4339:2041.9753344687076;2419:2046.5844144687076;5404:2050.8112944687077;5421:2051.916614468708;1925:2052.0598944687076;1883:2053.0971744687076;926:2057.3497344687075;925:2060.2940544687076;5399:2069.5988544687075;1905:2070.9254544687074;830:2072.1022944687074;2795:2073.2859744687075;918:2074.4281344687074;3075:2082.3010944687076;7097:2083.1504544687077;7290:2088.9525744687076;2736:2097.6710544687076;1744:2099.1262944687073;1164:2110.2348144687076;2789:2111.6466144687074;1182:2112.5635344687075;2978:2115.23573777368
0,7,default_vehtype,boarding,True,2115.23573777368,2145.23573777368,2978;-1;-1,2978;-1;-1,0.0,0.77080790985624,0.77080790985624,0.0,,0,63,1,63,,,
0,8,default_vehtype,boarding,True,2097.9904161541735,2127.9904161541735,2979;-1;-1,2979;-1;-1,0.0,0.9148212432647721,0.9148212432647721,0.0,,0,62,1,62,,,
0,0,default_vehtype,boarding,True,2135.682687022881,2165.682687022881,2989;-1;-1,2989;-1;-1,0.0,0.9446209024578726,0.9446209024578726,0.0,,0,66,1,,66,,
0,3,default_vehtype,route,False,2139.2924344697394,2167.4421815277638,2992;-1;-1,2968;-1;-1,390.9687091392321,0.690385238712889,0.6903461418419751,0.0,,0,60;67,2,,,2992;2526;5444;1716;2720;4210;1711;2968,2992:2139.2924344697394;2526:2148.494682004685;5444:2159.0310900046848;1716:2161.8214500046847;2720:2162.5680900046846;4210:2163.4663620046845;1711:2164.5960420046845;2968:2167.4421815277638
0,3,default_vehtype,boarding,True,2167.4421815277638,2197.4421815277638,2968;-1;-1,2968;-1;-1,0.0,0.6903461418419751,0.6903461418419751,0.0,,0,60;67,2,,67,,
0,5,default_vehtype,boarding,True,2136.1173812954357,2166.1173812954357,2966;-1;-1,2966;-1;-1,0.0,0.5423807831251118,0.5423807831251118,0.0,,0,57;65,2,65,57,,
0,6,default_vehtype,route,False,2032.451695662804,2215.3466753876705,2987;-1;-1,2970;-1;-1,1680.7188240627274,0.7631491715772672,0.7629810996948609,0.0,,0,58,1,,,2987;4613;7368;7606;5900;3459;4818;5992;6047;5708;3884;3030;3347;7376;2207;3446;3720;5332;251;2711;3358;2296;5495;5696;3307;3987;6878;746;2834;2045;2835;2641;7396;2616;486;2838;3722;3732;544;7400;5449;6824;4848;1631;1593;6821;1946;7401;3560;2970,2987:2032.451695662804;4613:2034.0479446925117;7368:2045.7530566925118;7606:2045.9824486925118;5900:2049.454144692512;3459:2050.209712692512;4818:2050.824592692512;5992:2051.301376692512;6047:2055.489904692512;5708:2056.884184692512;3884:2059.423768692512;3030:2059.921792692512;3347:2061.946000692512;7376:2062.381384692512;2207:2062.7902726925117;3446:2065.613680692512;3720:2068.643368692512;5332:2069.634808692512;251:2070.382384692512;2711:2071.520200692512;3358:2073.735208692512;2296:2082.036208692512;5495:2082.253048692512;5696:2083.015768692512;3307:2093.7542086925123;3987:2100.581368692512;6878:2101.184728692512;746:2102.2527286925124;2834:2106.3171286925126;2045:2120.8553686925125;2835:2123.2204486925125;2641:2132.4315286925125;7396:2133.0258886925126;2616:2138.3874886925128;486:2139.2992486925127;2838:2145.623968692513;3722:2149.143208692513;3732:2171.592928692513;544:2174.2824886925127;7400:2175.358048692513;5449:2176.557088692513;6824:2180.810368692513;4848:2188.290688692513;1631:2193.9848601210842;1593:2199.6790315496555;6821:2207.1593515496556;1946:2211.4126315496555;7401:2212.6116715496555;3560:2213.6872315496557;2970:2215.3466753876705
0,1,default_vehtype,route,False,2105.388508483238,2240.264623164178,2972;-1;-1,2991;-1;-1,1408.0867039019317,0.8559575122310696,0.8558167035606795,0.0,,0,,0,,,2972;6079;3446;3720;5332;251;2711;3358;2296;5495;5697;5497;5500;670;5502;5512;5520;5531;6313;6632;6644;3793;6319;7102;3741;7384;6414;5446;2447;2571;42;2577;2566;3033;3036;2469;2404;2235;3762;5287;310;2280;1447;6261;3764;4397;4745;4182;4187;4191;4195;4202;4208;537;2991,2972:2105.388508483238;6079:2106.767364094804;3446:2109.5907720948044;3720:2112.6204600948045;5332:2113.6119000948042;251:2114.3594760948044;2711:2115.4972920948044;3358:2117.7123000948045;2296:2126.0133000948044;5495:2126.2301400948045;5697:2127.3339000948044;5497:2128.0313400948044;5500:2130.9385800948044;670:2132.335980094804;5502:2134.683420094804;5512:2138.2051800948043;5520:2140.6591800948045;5531:2142.3561000948043;6313:2143.3811400948043;6632:2145.6781800948042;6644:2147.2494600948044;3793:2149.0986600948045;6319:2150.0143800948044;7102:2150.4924600948043;3741:2151.0321000948043;7384:2158.6911000948044;6414:2163.8982600948043;5446:2166.1660200948045;2447:2170.1021400948043;2571:2177.6910600948045;42:2182.3590600948046;2577:2183.0315400948048;2566:2191.6306200948047;3033:2192.2615800948047;3036:2194.531140094805;2469:2198.123460094805;2404:2201.446980094805;2235:2202.730380094805;3762:2203.153812094805;5287:2203.692876094805;310:2206.4830920948048;2280:2207.0822040948046;1447:2207.528100094805;6261:2211.406092094805;3764:2212.411788094805;4397:2212.962444094805;4745:2213.188740094805;4182:2217.6425160948047;4187:2220.304572094805;4191:2221.042860094805;4195:2235.5061480948048;4202:2236.5086760948047;4208:2237.4903240948047;537:2238.444324094805;2991:2240.264623164178
0,1,default_vehtype,boarding,True,2240.264623164178,2270.264623164178,2991;-1;-1,2991;-1;-1,0.0,0.8558167035606795,0.8558167035606795,0.0,,0,68,1,68,,,
0,2,default_vehtype,route,False,1985.0216657254873,2241.6784725743205,2969;-1;-1,2977;-1;-1,2203.346162362212,0.9616768444736076,0.9614565098573714,0.0,,0,59,1,,,2969;7192;1664;1659;538;4990;4939;5252;3070;1657;4439;4842;1272;3423;4282;4975;5250;6710;2464;7135;1193;552;2755;7131;3567;888;712;2718;754;611;1812;1186;7311;3767;4527;3089;3131;5447;7352;414;122;3426;4314;68;7318;7325;3011;4;4345;7330;7562;7316;7531;2802;2977,2969:1985.0216657254873;7192:1988.6253086774336;1664:1991.8792046774336;1659:1996.6387646774335;538:1997.7898046774335;4990:2001.4868846774334;4939:2002.8774446774335;5252:2008.3021646774334;3070:2009.3386046774335;1657:2016.8554046774336;4439:2022.4855646774336;4842:2026.8701246774335;1272:2027.0550446774334;3423:2028.2716046774335;4282:2032.0490846774335;4975:2033.0988446774336;5250:2038.9027646774337;6710:2040.8299646774337;2464:2056.689524677434;7135:2064.621644677434;1193:2065.7216846774336;552:2070.2198846774336;2755:2072.0490446774334;7131:2080.006244677433;3567:2089.8851246774334;888:2090.343404677433;712:2094.079004677433;2718:2095.016204677433;754:2138.576324677433;611:2139.824924677433;1812:2144.396084677433;1186:2145.573284677433;7311:2146.388924677433;3767:2148.395324677433;4527:2151.192164677433;3089:2159.601764677433;3131:2160.082004677433;5447:2162.469644677433;7352:2163.781004677433;414:2166.250724677433;122:2178.605084677433;3426:2179.858604677433;4314:2181.041564677433;68:2186.639924677433;7318:2193.307964677433;7325:2196.634724677433;3011:2200.645364677433;4:2205.430484677433;4345:2207.473964677433;7330:2208.676964677433;7562:2216.5108046774326;7316:2223.9058046774326;7531:2231.4607646774325;2802:2238.6762446774324;2977:2241.6784725743205
0,2,default_vehtype,boarding,True,2241.6784725743205,2271.6784725743205,2977;-1;-1,2977;-1;-1,0.0,0.9614565098573714,0.9614565098573714,0.0,,0,59,1,,59,,
0,6,default_vehtype,boarding,True,2215.3466753876705,2245.3466753876705,2970;-1;-1,2970;-1;-1,0.0,0.7629810996948609,0.7629810996948609,0.0,,0,58,1,,58,,
0,1,default_vehtype,route,False,2270.264623164178,2280.0,2991;-1;-1,5658;3008;0.602,103.61296769088833,0.8558167035606795,0.8558063422639104,0.0,,0,68,1,,,2991;3010;5658,2991:2270.264623164178;3010:2274.311892094805;5658:2275.119492094805
0,2,default_vehtype,route,False,2271.6784725743205,2318.005103999999,2977;-1;-1,2984;-1;-1,386.05526188065744,0.9614565098573714,0.9614179043311833,0.0,,0,,0,,,2977;6202;7315;7530;2803;7558;2806;4344;2996;2984,2977:2271.6784725743205;6202:2275.5715646774324;7315:2282.4668846774325;7530:2289.6823646774324;2803:2297.2373246774323;7558:2304.6323246774323;2806:2312.466164677432;4344:2313.669164677432;2996:2315.712644677432;2984:2318.005103999999
0,4,default_vehtype,route,False,1981.9470765750052,2281.0837714285713,2980;-1;-1,2973;-1;-1,2548.1465637823403,0.8214730654897742,0.821218250833396,0.0,,0,64,1,,,2980;914;2135;1730;2664;2579;2961;2407;2581;370;361;2874;1887;4059;910;6541;3462;3648;2851;2850;1801;1560;5242;4277;5239;6501;3911;5389;7301;3914;5398;5400;4040;4041;5374;5418;5424;5403;6546;1200;7312;3767;4527;3089;3131;5447;7352;414;122;3426;4305;793;118;3979;4275;103;6480;7360;3154;6028;5745;6035;5743;6038;6041;7365;6050;6068;6077;3629;4502;6912;2108;7370;1420;1084;2973,2980:1981.9470765750052;914:1997.8292473106628;2135:2005.78010445352;1730:2021.2364473106627;2664:2023.0585615963769;2579:2027.9345044535198;2961:2044.7053615963769;2407:2049.9541615963767;2581:2058.441418739234;370:2060.024266739234;361:2062.521370739234;2874:2063.1073787392343;1887:2068.7627627392344;4059:2070.6820667392344;910:2075.1982667392344;6541:2075.8623947392343;3462:2078.0760347392343;3648:2078.4057947392344;2851:2083.080034739234;2850:2084.013394739234;1801:2087.3090747392343;1560:2092.0495547392343;5242:2093.7321947392343;4277:2095.3202747392343;5239:2100.8249147392344;6501:2106.7874747392343;3911:2116.1423147392343;5389:2117.2081547392345;7301:2117.4620747392346;3914:2118.6457547392347;5398:2119.822594739235;5400:2121.1491947392346;4040:2130.4539947392345;4041:2133.3983147392346;5374:2137.6508747392345;5418:2138.6881547392345;5424:2138.8314347392343;5403:2139.9367547392344;6546:2144.1636347392346;1200:2148.7727147392347;7312:2150.2664747392346;3767:2152.272874739235;4527:2155.0697147392348;3089:2163.4793147392347;3131:2163.9595547392346;5447:2166.3471947392345;7352:2167.6585547392347;414:2170.1282747392347;122:2182.4826347392345;3426:2183.7361547392347;4305:2185.138474739235;793:2197.254034739235;118:2203.118314739235;3979:2204.9688587392347;4275:2205.5601947392347;103:2206.703122739235;6480:2220.024850739235;7360:2225.5267307392346;3154:2226.6185387392347;6028:2227.5796667392347;5745:2229.0712907392344;6035:2230.9946987392345;5743:2232.3641387392345;6038:2234.3795627392346;6041:2235.6558347392347;7365:2242.3190027392347;6050:2244.592546739235;6068:2248.818874739235;6077:2249.464570739235;3629:2251.021858739235;4502:2251.484746739235;6912:2256.633178739235;2108:2258.529586739235;7370:2265.056314739235;1420:2276.761426739235;1084:2280.296410739235;2973:2281.0837714285713
0,4,default_vehtype,boarding,True,2281.0837714285713,2311.0837714285713,2973;-1;-1,2973;-1;-1,0.0,0.821218250833396,0.821218250833396,0.0,,0,64,1,,64,,
0,4,default_vehtype,route,False,2311.0837714285713,2321.404201709527,2973;-1;-1,2987;-1;-1,143.3393094577217,0.821218250833396,0.8212039169024502,0.0,,0,,0,,,2973;7354;4225;2987,2973:2311.0837714285713;7354:2314.880938739235;4225:2319.4654667392347;2987:2321.404201709527
0,5,default_vehtype,route,False,2166.1173812954357,2297.7467163366045,2966;-1;-1,2992;-1;-1,1285.482894801535,0.5423807831251118,0.5422522348356317,0.0,,0,65,1,,,2966;2743;2631;2150;735;738;2470;734;1815;739;1724;1962;1910;164;1354;197;1311;7;1963;1308;482;7613;2611;1307;2876;1960;816;6786;5444;1716;2720;4210;2067;2063;1937;2992,2966:2166.1173812954357;2743:2173.961209585835;2631:2177.9726381572636;2150:2194.9029238715493;735:2205.3850953001206;738:2211.552923871549;2470:2212.502603871549;734:2212.7114758715493;1815:2213.7196918715495;739:2214.5602198715496;1724:2231.0179078715496;1962:2232.0747238715494;1910:2232.8969638715494;164:2233.8481558715494;1354:2234.8046758715495;197:2237.0139238715497;1311:2248.5486838715497;7:2252.2436518715494;1963:2252.6521078715496;1308:2253.01333187155;482:2257.5679798715496;7613:2258.8921318715497;2611:2262.78848387155;1307:2264.10421187155;2876:2266.77094787155;1960:2267.7551878715503;816:2275.2871078715502;6786:2276.55409187155;5444:2287.09049987155;1716:2289.88085987155;2720:2290.62749987155;4210:2291.5257718715498;2067:2292.4263478715498;2063:2293.14260387155;1937:2296.41255587155;2992:2297.7467163366045
0,5,default_vehtype,boarding,True,2297.7467163366045,2327.7467163366045,2992;-1;-1,2992;-1;-1,0.0,0.5422522348356317,0.5422522348356317,0.0,,0,65,1,,65,,
0,0,default_vehtype,route,False,2220.0,2346.967156149887,2989;-1;-1,2975;-1;-1,1557.616034582387,0.9446209024578726,0.9444651408544144,0.0,,0,,0,,,2989;3808;6876;885;316;2042;1982;6306;374;7114;3246;5330;661;445;6080;7381;364;3029;3886;5711;6045;2157;4817;456;5901;7605;2830;5852;6913;1321;597;2204;6066;6049;7367;2188;2186;5744;6033;5746;6031;146;2828;2376;3091;4274;880;3109;3874;2975,2989:2220;3808:2220.6605168939736;6876:2221.728516893974;885:2222.331876893974;316:2229.1590368939737;2042:2239.897476893974;1982:2240.660196893974;6306:2240.877036893974;374:2249.178036893974;7114:2251.393044893974;3246:2252.530860893974;5330:2253.2784368939742;661:2254.269876893974;445:2257.299564893974;6080:2260.1229728939743;7381:2260.531860893974;364:2260.967244893974;3029:2262.991452893974;3886:2263.489476893974;5711:2266.029060893974;6045:2267.423340893974;2157:2271.611868893974;4817:2272.088652893974;456:2272.703532893974;5901:2273.459100893974;7605:2276.9307968939743;2830:2277.1601888939745;5852:2283.6869168939743;6913:2285.5833248939743;1321:2290.7317568939743;597:2291.1946448939743;2204:2292.7519328939743;6066:2293.3976288939743;6049:2297.6239568939745;7367:2299.8975008939747;2188:2306.5606688939747;2186:2307.8369408939748;5744:2309.852364893975;6033:2311.221804893975;5746:2313.145212893975;6031:2314.6368368939748;146:2315.5979648939747;2828:2316.689772893975;2376:2322.1916528939746;3091:2335.5133808939745;4274:2336.6563088939747;880:2337.2476448939747;3109:2339.0981888939746;3874:2344.9624688939743;2975:2346.967156149887
0,0,default_vehtype,boarding,True,2346.967156149887,2376.967156149887,2975;-1;-1,2975;-1;-1,0.0,0.9444651408544144,0.9444651408544144,0.0,,0,71,1,71,,,
0,2,default_vehtype,boarding,True,2318.005103999999,2348.005103999999,2984;-1;-1,2984;-1;-1,0.0,0.9614179043311833,0.9614179043311833,0.0,,0,69,1,69,,,
0,2,default_vehtype,route,False,2348.005103999999,2361.3728513067713,2984;-1;-1,2976;-1;-1,111.3978942231051,0.9614179043311833,0.961406764541761,0.0,,0,69,1,,,2984;3012;4;4345;7330;2976,2984:2348.005103999999;3012:2350.497764677432;4:2355.282884677432;4345:2357.3263646774317;7330:2358.5293646774317;2976:2361.3728513067713
0,2,default_vehtype,boarding,True,2361.3728513067713,2391.3728513067713,2976;-1;-1,2976;-1;-1,0.0,0.961406764541761,0.961406764541761,0.0,,0,69,1,,69,,
0,4,default_vehtype,boarding,True,2321.404201709527,2351.404201709527,2987;-1;-1,2987;-1;-1,0.0,0.8212039169024502,0.8212039169024502,0.0,,0,70,1,70,,,
0,5,default_vehtype,route,False,2340.0,2377.017328528743,2992;-1;-1,2967;-1;-1,371.725848613485,0.5422522348356317,0.5422150622507703,0.0,,0,,0,,,2992;2526;3895;5465;7450;1719;3469;470;469;5079;7447;1960;2967,2992:2340;2526:2349.2022475349454;3895:2350.4692315349453;5465:2358.001151534945;7450:2358.9853915349454;1719:2359.8020155349454;3469:2360.8219675349455;470:2366.783053249231;469:2372.744138963517;5079:2373.764090963517;7447:2374.580714963517;1960:2375.5649549635173;2967:2377.017328528743
0,6,default_vehtype,route,False,2280.0,2388.45391655042,2970;-1;-1,2972;-1;-1,956.9275289670156,0.7629810996948609,0.7628854069419643,0.0,,0,,0,,,2970;671;662;7398;3491;6933;7394;6989;7392;5704;7389;3806;2573;885;316;2042;1982;6306;374;7114;3246;5330;661;445;2972,2970:2280;671:2281.0301161619855;662:2303.4798361619855;7398:2306.9990761619856;3491:2313.3237961619857;6933:2314.2355561619856;7394:2319.597156161986;6989:2320.191516161986;7392:2329.402596161986;5704:2331.767676161986;7389:2346.305916161986;3806:2350.370316161986;2573:2351.438316161986;885:2352.0416761619863;316:2358.868836161986;2042:2369.607276161986;1982:2370.3699961619864;6306:2370.5868361619864;374:2378.8878361619863;7114:2381.1028441619865;3246:2382.2406601619864;5330:2382.9882361619866;661:2383.9796761619864;445:2387.0093641619865;2972:2388.45391655042
0,8,default_vehtype,route,False,2127.9904161541735,2370.7140188250005,2979;-1;-1,2989;-1;-1,2545.2394889235434,0.9148212432647721,0.9145667193158799,0.0,,0,62,1,,,2979;2786;2307;3549;6384;4032;1804;4277;5239;6501;3911;5389;7301;3914;5398;5400;4040;4041;5374;5418;5424;5403;6546;1200;7312;3767;4527;3089;3131;5447;7352;414;122;3426;4305;793;118;3979;4275;103;6480;7360;3154;6028;5745;6035;5743;6038;6041;7365;6050;6068;6077;3629;4502;6912;2108;7370;7608;5900;3459;4818;5992;6047;5708;3884;3030;3347;7376;2207;3446;3720;5332;251;2711;3358;2296;5495;5696;3307;3987;6878;2989,2979:2127.9904161541735;2786:2129.9953517189724;2307:2133.5141117189723;3549:2139.1513517189724;6384:2139.4131917189725;4032:2142.6348317189727;1804:2143.5507437189726;4277:2145.1388237189726;5239:2150.6434637189727;6501:2156.6060237189727;3911:2165.9608637189726;5389:2167.026703718973;7301:2167.280623718973;3914:2168.464303718973;5398:2169.641143718973;5400:2170.967743718973;4040:2180.272543718973;4041:2183.216863718973;5374:2187.469423718973;5418:2188.506703718973;5424:2188.6499837189726;5403:2189.7553037189728;6546:2193.982183718973;1200:2198.591263718973;7312:2200.085023718973;3767:2202.091423718973;4527:2204.888263718973;3089:2213.297863718973;3131:2213.778103718973;5447:2216.165743718973;7352:2217.477103718973;414:2219.946823718973;122:2232.301183718973;3426:2233.554703718973;4305:2234.9570237189732;793:2247.0725837189734;118:2252.936863718973;3979:2254.787407718973;4275:2255.378743718973;103:2256.5216717189733;6480:2269.843399718973;7360:2275.345279718973;3154:2276.437087718973;6028:2277.398215718973;5745:2278.889839718973;6035:2280.813247718973;5743:2282.182687718973;6038:2284.198111718973;6041:2285.474383718973;7365:2292.137551718973;6050:2294.4110957189732;6068:2298.6374237189734;6077:2299.2831197189735;3629:2300.8404077189734;4502:2301.3032957189735;6912:2306.4517277189734;2108:2308.3481357189735;7370:2314.8748637189733;7608:2315.1042557189735;5900:2318.5759517189736;3459:2319.3315197189736;4818:2319.9463997189737;5992:2320.4231837189736;6047:2324.6117117189738;5708:2326.0059917189737;3884:2328.545575718974;3030:2329.043599718974;3347:2331.0678077189737;7376:2331.5031917189735;2207:2331.9120797189735;3446:2334.7354877189737;3720:2337.7651757189738;5332:2338.7566157189735;251:2339.5041917189737;2711:2340.6420077189737;3358:2342.857015718974;2296:2351.1580157189737;5495:2351.374855718974;5696:2352.137575718974;3307:2362.876015718974;3987:2369.703175718974;6878:2370.306535718974;2989:2370.7140188250005
0,1,default_vehtype,route,False,2280.0,2437.9173693591474,5658;3008;0.602,2980;-1;-1,1621.779102137375,0.8558063422639104,0.8556441643536967,0.0,,0,68,1,,,5658;3008;4585;330;4588;5827;7412;4686;5074;5295;5274;7181;604;603;602;3851;4573;1400;971;598;1368;591;585;940;1370;939;1903;983;3921;840;2881;5099;1157;2058;2092;915;2980,5658:2280;3008:2283.222372094805;4585:2305.550652094805;330:2315.146332094805;4588:2315.718732094805;5827:2317.999044094805;7412:2320.897692094805;4686:2321.968404094805;5074:2328.908916094805;5295:2329.139172094805;5274:2332.517988094805;7181:2337.027276094805;604:2340.605676094805;603:2341.669260094805;602:2342.522388094805;3851:2343.525780094805;4573:2347.8321000948054;1400:2349.5647800948054;971:2353.3632120948055;598:2354.4304680948053;1368:2355.3908040948054;591:2361.2617560948056;585:2374.4330040948057;940:2381.0128680948055;1370:2388.0394920948056;939:2388.7361640948056;1903:2389.5577560948054;983:2390.5402680948055;3921:2394.3384120948053;840:2398.8992520948054;2881:2405.5298760948053;5099:2406.6827400948055;1157:2411.421882951948;2058:2417.211711523377;2092:2420.6008543805196;915:2425.719025809091;2980:2437.9173693591474
0,3,default_vehtype,route,False,2197.4421815277638,2445.5664332605975,2968;-1;-1,2975;-1;-1,2918.7390115342832,0.6903461418419751,0.6900542679408216,0.0,,0,60,1,,,2968;98;2497;7434;2760;542;1074;1071;1070;1069;1067;1504;4396;710;2281;4664;6260;3300;1832;708;6180;2405;6169;2744;2567;2576;3077;3241;88;2758;2742;2448;2353;6140;7386;3742;7100;6318;737;6639;2446;2301;1992;1990;1988;1985;3729;5498;5496;5699;5494;6307;374;7114;3246;5330;661;445;6080;7381;364;3029;3886;5711;6045;2157;4817;456;5901;7605;2830;5852;6913;1321;597;2204;6066;6049;7367;2188;2186;5744;6033;5746;6031;146;2828;2376;3091;4274;880;3109;3874;2975,2968:2197.4421815277638;98:2203.2118500046845;2497:2204.7224820046845;7434:2211.9303300046845;2760:2218.4688660046845;542:2225.9969700046845;1074:2226.9303780046844;1071:2227.9329060046844;1070:2242.3961940046843;1069:2243.1344820046843;1067:2245.7965380046844;1504:2250.2503140046842;4396:2250.476610004684;710:2251.027266004684;2281:2252.032962004684;4664:2255.9109540046843;6260:2256.3568500046845;3300:2256.9559620046844;1832:2259.746178004684;708:2260.2852420046843;6180:2260.7086740046843;2405:2262.9310740046844;6169:2266.4081940046844;2744:2271.0087540046843;2567:2272.8517140046843;2576:2281.340274004684;3077:2283.472914004684;3241:2286.601794004684;88:2288.528634004684;2758:2290.492074004684;2742:2290.8985140046843;2448:2294.0841540046845;2353:2300.2850340046843;6140:2305.4560740046845;7386:2306.7985140046844;3742:2314.4575140046845;7100:2314.9971540046845;6318:2315.4752340046844;737:2316.3909540046843;6639:2318.2401540046844;2446:2319.8114340046845;2301:2322.1084740046845;1992:2323.1335140046845;1990:2324.8304340046843;1988:2327.2844340046845;1985:2330.8061940046846;3729:2333.1536340046846;5498:2334.5510340046844;5496:2337.4582740046844;5699:2338.1557140046843;5494:2339.2594740046843;6307:2339.4763140046844;374:2347.7773140046843;7114:2349.9923220046844;3246:2351.1301380046843;5330:2351.8777140046845;661:2352.8691540046843;445:2355.8988420046844;6080:2358.7222500046846;7381:2359.1311380046845;364:2359.5665220046844;3029:2361.5907300046842;3886:2362.0887540046842;5711:2364.6283380046843;6045:2366.0226180046843;2157:2370.2111460046845;4817:2370.6879300046844;456:2371.3028100046845;5901:2372.0583780046845;7605:2375.5300740046846;2830:2375.759466004685;5852:2382.2861940046846;6913:2384.1826020046847;1321:2389.3310340046846;597:2389.7939220046846;2204:2391.3512100046846;6066:2391.9969060046847;6049:2396.223234004685;7367:2398.496778004685;2188:2405.159946004685;2186:2406.436218004685;5744:2408.4516420046853;6033:2409.821082004685;5746:2411.7444900046853;6031:2413.236114004685;146:2414.197242004685;2828:2415.289050004685;2376:2420.790930004685;3091:2434.112658004685;4274:2435.255586004685;880:2435.846922004685;3109:2437.697466004685;3874:2443.5617460046847;2975:2445.5664332605975
0,4,default_vehtype,route,False,2351.404201709527,2420.544717845262,2987;-1;-1,2989;-1;-1,805.5238179628254,0.8212039169024502,0.8211233645206539,0.0,,0,70,1,,,2987;4613;7368;7606;5900;3459;4818;5992;6047;5708;3884;3030;3347;7376;2207;3446;3720;5332;251;2711;3358;2296;5495;5696;3307;3987;6878;2989,2987:2351.404201709527;4613:2353.0004507392346;7368:2364.7055627392347;7606:2364.934954739235;5900:2368.406650739235;3459:2369.162218739235;4818:2369.777098739235;5992:2370.253882739235;6047:2374.442410739235;5708:2375.836690739235;3884:2378.376274739235;3030:2378.874298739235;3347:2380.898506739235;7376:2381.333890739235;2207:2381.742778739235;3446:2384.566186739235;3720:2387.595874739235;5332:2388.587314739235;251:2389.334890739235;2711:2390.472706739235;3358:2392.687714739235;2296:2400.988714739235;5495:2401.205554739235;5696:2401.9682747392353;3307:2412.7067147392354;3987:2419.533874739235;6878:2420.1372347392353;2989:2420.544717845262
0,4,default_vehtype,boarding,True,2420.544717845262,2450.544717845262,2989;-1;-1,2989;-1;-1,0.0,0.8211233645206539,0.8211233645206539,0.0,,0,70,1,,70,,
0,5,default_vehtype,boarding,True,2377.017328528743,2407.017328528743,2967;-1;-1,2967;-1;-1,0.0,0.5422150622507703,0.5422150622507703,0.0,,0,76,1,76,,,
0,5,default_vehtype,route,False,2407.017328528743,2433.311358486596,2967;-1;-1,2968;-1;-1,365.194860525747,0.5422150622507703,0.5421785427647178,0.0,,0,76,1,,,2967;3896;6788;5444;1716;2720;4210;1711;2968,2967:2407.017328528743;3896:2413.096874963517;6788:2414.363858963517;5444:2424.900266963517;1716:2427.690626963517;2720:2428.437266963517;4210:2429.3355389635167;1711:2430.4652189635167;2968:2433.311358486596
0,6,default_vehtype,boarding,True,2388.45391655042,2418.45391655042,2972;-1;-1,2972;-1;-1,0.0,0.7628854069419643,0.7628854069419643,0.0,,0,72;73,2,72;73,,,
0,7,default_vehtype,route,False,2145.23573777368,2439.244259200548,2978;-1;-1,2971;-1;-1,2450.0710118905768,0.77080790985624,0.770562902755051,0.0,,0,63,1,,,2978;4103;4326;7286;4302;5102;7160;7294;2701;3076;4023;7300;3914;5398;5400;4040;4041;5374;5418;5424;5403;6546;1200;7312;4332;799;3653;3825;7127;3766;3988;553;7132;7191;3566;4337;7134;6667;6711;1807;1653;6829;4349;4937;669;5061;7265;3848;534;2839;3560;3731;662;7398;3491;6933;7394;6989;7392;5704;7389;2971,2978:2145.23573777368;4103:2147.8546944687073;4326:2153.1458544687075;7286:2154.0627744687076;4302:2155.4745744687075;5102:2166.5830944687077;7160:2168.0383344687075;7294:2176.7568144687075;2701:2182.5589344687073;3076:2183.4082944687075;4023:2191.2812544687076;7300:2192.4234144687075;3914:2193.6070944687076;5398:2194.7839344687077;5400:2196.1105344687076;4040:2205.4153344687074;4041:2208.3596544687075;5374:2212.6122144687074;5418:2213.6494944687074;5424:2213.792774468707;5403:2214.8980944687073;6546:2219.1249744687075;1200:2223.7340544687077;7312:2225.2278144687075;4332:2226.0434544687073;799:2227.224374468707;3653:2231.820614468707;3825:2233.069214468707;7127:2276.629334468707;3766:2277.566534468707;3988:2281.3021344687068;553:2281.7604144687066;7132:2291.639294468707;7191:2299.5964944687066;3566:2301.4256544687064;4337:2305.9238544687064;7134:2307.023894468706;6667:2314.956014468706;6711:2330.815574468706;1807:2332.742774468706;1653:2338.546694468706;6829:2339.319614468706;4349:2339.8684944687056;4937:2344.2380544687057;669:2354.545454468706;5061:2360.353814468706;7265:2361.137054468706;3848:2362.111694468706;534:2366.156654468706;2839:2367.515294468706;3560:2368.5908544687063;3731:2371.280414468706;662:2393.730134468706;7398:2397.2493744687063;3491:2403.5740944687063;6933:2404.4858544687063;7394:2409.8474544687065;6989:2410.4418144687065;7392:2419.6528944687066;5704:2422.0179744687066;7389:2436.5562144687065;2971:2439.244259200548
0,8,default_vehtype,boarding,True,2370.7140188250005,2400.7140188250005,2989;-1;-1,2989;-1;-1,0.0,0.9145667193158799,0.9145667193158799,0.0,,0,62,1,,62,,
0,1,default_vehtype,boarding,True,2437.9173693591474,2467.9173693591474,2980;-1;-1,2980;-1;-1,0.0,0.8556441643536967,0.8556441643536967,0.0,,0,68;74,2,74,,,
0,2,default_vehtype,route,False,2391.3728513067713,2507.363349112633,2976;-1;-1,2979;-1;-1,966.5874817155128,0.961406764541761,0.9613101057935896,0.0,,0,,0,,,2976;7557;7316;7531;2802;2251;7515;7037;7512;3274;2902;3901;7011;7336;4365;7288;1182;1001;6296;1434;3820;3877;2787;4993;6537;2979,2976:2391.3728513067713;7557:2396.3632046774314;7316:2403.7582046774314;7531:2411.3131646774314;2802:2418.528644677431;2251:2425.4239646774313;7515:2426.2850846774313;7037:2433.5970446774313;7512:2440.8304046774315;3274:2452.1764046774315;2902:2452.2880046774317;3901:2452.7560046774315;7011:2454.7369646774314;7336:2457.6444446774312;4365:2465.225564677431;7288:2466.348764677431;1182:2467.265684677431;1001:2472.5568446774314;6296:2474.9161646774314;1434:2480.8752446774315;3820:2485.9838846774314;3877:2487.8917646774316;2787:2496.6842846774316;4993:2497.7333246774315;6537:2503.5331646774316;2979:2507.363349112633
0,3,default_vehtype,boarding,True,2445.5664332605975,2475.5664332605975,2975;-1;-1,2975;-1;-1,0.0,0.6900542679408216,0.6900542679408216,0.0,,0,60,1,,60,,
0,5,default_vehtype,boarding,True,2433.311358486596,2463.311358486596,2968;-1;-1,2968;-1;-1,0.0,0.5421785427647178,0.5421785427647178,0.0,,0,76,1,,76,,
0,7,default_vehtype,boarding,True,2439.244259200548,2469.244259200548,2971;-1;-1,2971;-1;-1,0.0,0.770562902755051,0.770562902755051,0.0,,0,63,1,,63,,
0,4,default_vehtype,route,False,2450.544717845262,2520.0,2989;-1;-1,3722;3732;0.976,578.7940179561468,0.8211233645206539,0.8210654851188584,0.0,,0,,0,,,2989;3808;7388;2045;2835;2641;7396;2616;486;2838;3722,2989:2450.544717845262;3808:2451.2052347392355;7388:2455.2696347392357;2045:2469.8078747392356;2835:2472.1729547392356;2641:2481.3840347392356;7396:2481.9783947392357;2616:2487.339994739236;486:2488.251754739236;2838:2494.576474739236;3722:2498.095714739236
0,2,default_vehtype,boarding,True,2507.363349112633,2537.363349112633,2979;-1;-1,2979;-1;-1,0.0,0.9613101057935896,0.9613101057935896,0.0,,0,75,1,75,,,
0,3,default_vehtype,boarding,True,2520.0,2550.0,2975;-1;-1,2975;-1;-1,0.0,0.6900542679408216,0.6900542679408216,0.0,,0,83,1,83,,,
0,4,default_vehtype,route,False,2520.0,2573.6166397872894,3722;3732;0.976,2969;-1;-1,539.4426929388225,0.8210654851188584,0.8210115408495645,0.0,,0,,0,,,3722;3732;544;7400;5449;6824;4848;3271;4846;4989;5000;337;1075;4198;336;2969,3722:2520;3732:2520.545434739236;544:2523.234994739236;7400:2524.310554739236;5449:2525.509594739236;6824:2529.762874739236;4848:2537.243194739236;3271:2542.796314739236;4846:2544.669394739236;4989:2556.941914739236;5000:2561.701474739236;337:2569.461706739236;1075:2570.485546739236;4198:2571.4671947392358;336:2572.4903147392356;2969:2573.6166397872894
0,5,default_vehtype,route,False,2463.311358486596,2522.9776149816157,2968;-1;-1,2993;-1;-1,828.698006875271,0.5421785427647178,0.5420956729640303,0.0,,0,,0,,,2968;98;2497;7434;4184;2559;6740;1717;2067;2063;1937;6789;3895;5465;7450;2993,2968:2463.311358486596;98:2469.0810269635167;2497:2470.5916589635167;7434:2477.7995069635167;4184:2478.6738029635167;2559:2485.7244029635167;6740:2490.1950269635167;1717:2496.028754963517;2067:2496.7665389635167;2063:2497.482794963517;1937:2500.752746963517;6789:2511.289154963517;3895:2512.556138963517;5465:2520.0880589635167;7450:2521.072298963517;2993:2522.9776149816157
0,5,default_vehtype,boarding,True,2522.9776149816157,2552.9776149816157,2993;-1;-1,2993;-1;-1,0.0,0.5420956729640303,0.5420956729640303,0.0,,0,79,1,79,,,
0,8,default_vehtype,route,False,2400.7140188250005,2523.785940767028,2989;-1;-1,2969;-1;-1,1118.236710894969,0.9145667193158799,0.9144548956447903,0.0,,0,,0,,,2989;3808;7388;2045;2835;2641;7396;2616;486;2838;3722;3732;544;7400;5449;6824;4848;3271;4846;4989;5000;337;1075;4198;336;2969,2989:2400.7140188250005;3808:2401.374535718974;7388:2405.4389357189743;2045:2419.977175718974;2835:2422.3422557189742;2641:2431.5533357189743;7396:2432.1476957189743;2616:2437.5092957189745;486:2438.4210557189745;2838:2444.7457757189745;3722:2448.2650157189746;3732:2470.7147357189747;544:2473.4042957189745;7400:2474.4798557189747;5449:2475.6788957189747;6824:2479.9321757189746;4848:2487.4124957189747;3271:2492.9656157189747;4846:2494.8386957189746;4989:2507.1112157189746;5000:2511.8707757189745;337:2519.6310077189746;1075:2520.6548477189745;4198:2521.6364957189744;336:2522.6596157189742;2969:2523.785940767028
0,8,default_vehtype,boarding,True,2523.785940767028,2553.785940767028,2969;-1;-1,2969;-1;-1,0.0,0.9144548956447903,0.9144548956447903,0.0,,0,80,1,80,,,
0,4,default_vehtype,boarding,True,2573.6166397872894,2603.6166397872894,2969;-1;-1,2969;-1;-1,0.0,0.8210115408495645,0.8210115408495645,0.0,,0,77,1,77,,,
0,5,default_vehtype,route,False,2552.9776149816157,2618.38055803289,2993;-1;-1,2991;-1;-1,908.3742090454748,0.5420956729640303,0.5420048355431257,0.0,,0,79,1,,,2993;4483;7446;1960;816;6786;5444;1716;2720;4210;1711;98;2497;7434;2760;542;1074;4204;537;2991,2993:2552.9776149816157;4483:2553.739034963517;7446:2556.405770963517;1960:2557.3900109635174;816:2564.9219309635173;6786:2566.188914963517;5444:2576.725322963517;1716:2579.515682963517;2720:2580.262322963517;4210:2581.160594963517;1711:2582.290274963517;98:2590.906082963517;2497:2592.416714963517;7434:2599.624562963517;2760:2606.163098963517;542:2613.691202963517;1074:2614.6246109635167;4204:2615.6062589635167;537:2616.560258963517;2991:2618.38055803289
0,6,default_vehtype,route,False,2418.45391655042,2614.8576213078422,2972;-1;-1,2981;-1;-1,2106.0954485983193,0.7628854069419643,0.7626747973971044,0.0,,0,72;73,2,,,2972;6079;7380;364;3029;3886;5711;6045;2157;4817;456;5901;7605;2830;5852;6913;1321;597;2204;6066;6049;7367;2188;2186;5744;6033;5746;6031;146;2828;2376;3091;4274;880;3109;3874;4306;429;3125;3406;2825;1944;130;99;4526;714;2800;4339;2419;5404;5421;1925;1883;926;925;5399;1905;830;2795;1891;827;6499;1803;1141;5241;922;6385;3550;2981,2972:2418.45391655042;6079:2419.832772161986;7380:2420.241660161986;364:2420.677044161986;3029:2422.701252161986;3886:2423.199276161986;5711:2425.738860161986;6045:2427.133140161986;2157:2431.321668161986;4817:2431.798452161986;456:2432.413332161986;5901:2433.168900161986;7605:2436.640596161986;2830:2436.8699881619864;5852:2443.396716161986;6913:2445.2931241619863;1321:2450.4415561619862;597:2450.9044441619862;2204:2452.461732161986;6066:2453.1074281619863;6049:2457.3337561619865;7367:2459.6073001619866;2188:2466.2704681619866;2186:2467.5467401619867;5744:2469.562164161987;6033:2470.931604161987;5746:2472.855012161987;6031:2474.3466361619867;146:2475.3077641619866;2828:2476.3995721619867;2376:2481.9014521619865;3091:2495.2231801619864;4274:2496.3661081619866;880:2496.9574441619866;3109:2498.8079881619865;3874:2504.6722681619863;4306:2516.7878281619865;429:2518.1901481619866;3125:2519.443668161987;3406:2531.7980281619866;2825:2534.2677481619867;1944:2535.579108161987;130:2537.9667481619867;99:2538.4469881619866;4526:2546.8565881619866;714:2549.6534281619865;2800:2551.6598281619868;4339:2553.1535881619866;2419:2557.7626681619868;5404:2561.989548161987;5421:2563.094868161987;1925:2563.238148161987;1883:2564.275428161987;926:2568.5279881619867;925:2571.472308161987;5399:2580.7771081619867;1905:2582.1037081619866;830:2583.2805481619866;2795:2584.4642281619867;1891:2584.718148161987;827:2585.783988161987;6499:2595.138828161987;1803:2601.101388161987;1141:2606.606028161987;5241:2608.194108161987;922:2609.110020161987;6385:2612.331660161987;3550:2612.5935001619873;2981:2614.8576213078422
0,7,default_vehtype,route,False,2520.0,2593.9034839574956,2971;-1;-1,2973;-1;-1,860.3601923643268,0.770562902755051,0.7704768667358146,0.0,,0,,0,,,2971;3807;6875;885;316;2042;1982;6306;374;7114;3246;5330;661;445;6080;7381;364;3029;3886;5711;6045;2157;4817;456;5901;7605;2830;1420;1084;2973,2971:2520;3807:2521.3763552681585;6875:2522.4443552681587;885:2523.0477152681588;316:2529.8748752681586;2042:2540.6133152681587;1982:2541.376035268159;6306:2541.592875268159;374:2549.893875268159;7114:2552.108883268159;3246:2553.246699268159;5330:2553.994275268159;661:2554.985715268159;445:2558.015403268159;6080:2560.838811268159;7381:2561.247699268159;364:2561.683083268159;3029:2563.7072912681588;3886:2564.2053152681588;5711:2566.744899268159;6045:2568.139179268159;2157:2572.327707268159;4817:2572.804491268159;456:2573.419371268159;5901:2574.174939268159;7605:2577.646635268159;2830:2577.8760272681593;1420:2589.5811392681594;1084:2593.1161232681593;2973:2593.9034839574956
0,7,default_vehtype,boarding,True,2593.9034839574956,2623.9034839574956,2973;-1;-1,2973;-1;-1,0.0,0.7704768667358146,0.7704768667358146,0.0,,0,81,1,81,,,
0,0,default_vehtype,route,False,2376.967156149887,2655.7001743178603,2975;-1;-1,2966;-1;-1,2052.4993845249487,0.9444651408544144,0.944259890915962,0.0,,0,71,1,,,2975;1166;429;3125;3406;2825;1944;130;99;4526;714;2800;4332;799;3653;3825;7127;1836;4248;5046;7138;6879;1367;3637;1339;1395;1399;835;1147;1093;2607;911;1150;665;666;1885;668;1415;1041;1623;1383;2333;2966,2975:2376.967156149887;1166:2387.078028893974;429:2388.480348893974;3125:2389.7338688939744;3406:2402.0882288939742;2825:2404.5579488939743;1944:2405.8693088939744;130:2408.2569488939744;99:2408.7371888939742;4526:2417.146788893974;714:2419.943628893974;2800:2421.9500288939744;4332:2422.765668893974;799:2423.946588893974;3653:2428.542828893974;3825:2429.7914288939737;7127:2473.351548893974;1836:2474.702508893974;4248:2489.247708893974;5046:2505.5882288939742;7138:2507.2268288939745;6879:2513.4932288939744;1367:2524.9861088939742;3637:2526.8792288939744;1339:2527.8716048939746;1395:2536.4089328939745;1399:2538.5496368939744;835:2542.1265968939742;1147:2542.919172893974;1093:2544.1784528939743;2607:2552.2371248939744;911:2555.0909888939746;1150:2555.8514528939745;665:2557.3013168939747;666:2558.1704288939745;1885:2559.1562528939744;668:2572.526652893974;1415:2573.1557168939744;1041:2589.8422311796885;1623:2594.2254883225455;1383:2605.310916893974;2333:2645.46480260826;2966:2655.7001743178603
0,0,default_vehtype,boarding,True,2655.7001743178603,2685.7001743178603,2966;-1;-1,2966;-1;-1,0.0,0.944259890915962,0.944259890915962,0.0,,0,71,1,,71,,
0,1,default_vehtype,route,False,2467.9173693591474,2686.7860541344025,2980;-1;-1,2983;-1;-1,1469.0914537445467,0.8556441643536967,0.8554972552083223,0.0,,0,68;74,2,,,2980;914;2135;1730;2664;2579;2961;2407;2581;370;361;2874;1887;4059;910;6541;3462;3648;2851;2850;1801;1560;5242;922;6385;3550;6322;7280;2411;1661;7283;796;751;4635;6299;4102;4325;7285;1218;7334;7010;820;7498;276;2915;2661;7517;6201;7314;2983,2980:2467.9173693591474;914:2483.799540094805;2135:2491.750397237662;1730:2507.206740094805;2664:2509.028854380519;2579:2513.904797237662;2961:2530.675654380519;2407:2535.924454380519;2581:2544.411711523376;370:2545.994559523376;361:2548.4916635233762;2874:2549.0776715233765;1887:2554.7330555233766;4059:2556.6523595233766;910:2561.1685595233766;6541:2561.8326875233765;3462:2564.0463275233765;3648:2564.3760875233766;2851:2569.0503275233764;2850:2569.9836875233764;1801:2573.2793675233765;1560:2578.0198475233765;5242:2579.7024875233765;922:2580.6183995233764;6385:2583.8400395233766;3550:2584.1018795233767;6322:2589.7391195233768;7280:2593.2578795233767;2411:2599.092999523377;1661:2604.892839523377;7283:2605.941879523377;796:2614.734399523377;751:2616.642279523377;4635:2621.750919523377;6299:2627.709999523377;4102:2630.069319523377;4325:2635.3604795233773;7285:2636.2773995233774;1218:2637.4005995233774;7334:2644.9817195233773;7010:2647.889199523377;820:2649.870159523377;7498:2650.338159523377;276:2650.449759523377;2915:2661.795759523377;2661:2669.029119523377;7517:2676.341079523377;6201:2677.202199523377;7314:2684.0975195233773;2983:2686.7860541344025
0,2,default_vehtype,route,False,2537.363349112633,2664.5571060425973,2979;-1;-1,2985;-1;-1,1095.4194264450591,0.9613101057935896,0.9612005638509451,0.0,,0,75,1,,,2979;2786;2307;3549;6384;4032;1804;4277;5239;6501;3911;5389;7301;3914;5398;5400;4040;4041;5374;5418;5424;5403;6546;1200;7312;3767;4527;3089;3131;5447;7352;414;122;3426;4305;793;118;3979;2985,2979:2537.363349112633;2786:2539.368284677432;2307:2542.8870446774317;3549:2548.5242846774318;6384:2548.786124677432;4032:2552.007764677432;1804:2552.923676677432;4277:2554.511756677432;5239:2560.016396677432;6501:2565.978956677432;3911:2575.333796677432;5389:2576.399636677432;7301:2576.6535566774323;3914:2577.8372366774324;5398:2579.0140766774325;5400:2580.3406766774324;4040:2589.6454766774323;4041:2592.5897966774323;5374:2596.8423566774322;5418:2597.8796366774322;5424:2598.022916677432;5403:2599.128236677432;6546:2603.3551166774323;1200:2607.9641966774325;7312:2609.4579566774323;3767:2611.4643566774325;4527:2614.2611966774325;3089:2622.6707966774325;3131:2623.1510366774323;5447:2625.5386766774322;7352:2626.8500366774324;414:2629.3197566774325;122:2641.6741166774323;3426:2642.9276366774325;4305:2644.3299566774326;793:2656.445516677433;118:2662.3097966774326;3979:2664.1603406774325;2985:2664.5571060425973
0,2,default_vehtype,boarding,True,2664.5571060425973,2694.5571060425973,2985;-1;-1,2985;-1;-1,0.0,0.9612005638509451,0.9612005638509451,0.0,,0,75,1,,75,,
0,5,default_vehtype,boarding,True,2618.38055803289,2648.38055803289,2991;-1;-1,2991;-1;-1,0.0,0.5420048355431257,0.5420048355431257,0.0,,0,79;78,2,78,,,
0,6,default_vehtype,boarding,True,2614.8576213078422,2644.8576213078422,2981;-1;-1,2981;-1;-1,0.0,0.7626747973971044,0.7626747973971044,0.0,,0,72;73,2,,72;73,,
0,6,default_vehtype,route,False,2644.8576213078422,2697.772372816563,2981;-1;-1,2982;-1;-1,440.9562625726669,0.7626747973971044,0.7626307017708471,0.0,,0,,0,,,2981;6320;7278;2411;1661;7283;796;751;4635;6299;4102;4325;7285;1218;2982,2981:2644.8576213078422;6320:2648.2307401619873;7278:2651.7495001619873;2411:2657.5846201619875;1661:2663.3844601619876;7283:2664.4335001619875;796:2673.2260201619874;751:2675.1339001619876;4635:2680.2425401619876;6299:2686.2016201619876;4102:2688.5609401619877;4325:2693.852100161988;7285:2694.769020161988;1218:2695.892220161988;2982:2697.772372816563
0,0,default_vehtype,boarding,True,2700.0,2730.0,2966;-1;-1,2966;-1;-1,0.0,0.944259890915962,0.944259890915962,0.0,,0,88,1,88,,,
0,1,default_vehtype,boarding,True,2686.7860541344025,2716.7860541344025,2983;-1;-1,2983;-1;-1,0.0,0.8554972552083223,0.8554972552083223,0.0,,0,68;74,2,,68,,
0,2,default_vehtype,route,False,2694.5571060425973,2715.26614405983,2985;-1;-1,2986;-1;-1,287.62552801712195,0.9612005638509451,0.9611718012981434,0.0,,0,,0,,,2985;1140;103;6480;7360;2986,2985:2694.5571060425973;1140:2694.7516766774324;103:2695.8946046774327;6480:2709.2163326774325;7360:2714.7182126774323;2986:2715.26614405983
0,2,default_vehtype,boarding,True,2715.26614405983,2745.26614405983,2986;-1;-1,2986;-1;-1,0.0,0.9611718012981434,0.9611718012981434,0.0,,0,84,1,84,,,
0,6,default_vehtype,boarding,True,2697.772372816563,2727.772372816563,2982;-1;-1,2982;-1;-1,0.0,0.7626307017708471,0.7626307017708471,0.0,,0,82,1,82,,,
0,7,default_vehtype,route,False,2623.9034839574956,2737.140545897499,2973;-1;-1,2976;-1;-1,1289.1591567814912,0.7704768667358146,0.7703479508201364,0.0,,0,81,1,,,2973;7354;3525;6025;3063;6027;7362;2188;2186;5744;6033;5746;6031;146;2828;2376;3091;4274;880;3109;3874;4306;429;4313;68;7318;7325;3011;4;4345;7330;2976,2973:2623.9034839574956;7354:2627.700651268159;3525:2638.579491268159;6025:2640.320955268159;3063:2641.5856352681594;6027:2642.8876112681596;7362:2646.8958512681597;2188:2653.55901926816;2186:2654.83529126816;5744:2656.85071526816;6033:2658.22015526816;5746:2660.14356326816;6031:2661.63518726816;146:2662.5963152681597;2828:2663.68812326816;2376:2669.1900032681597;3091:2682.5117312681596;4274:2683.65465926816;880:2684.2459952681597;3109:2686.0965392681596;3874:2691.9608192681594;4306:2704.0763792681596;429:2705.4786992681597;4313:2706.66165926816;68:2712.26001926816;7318:2718.92805926816;7325:2722.2548192681597;3011:2726.2654592681597;4:2731.0505792681597;4345:2733.0940592681595;7330:2734.2970592681595;2976:2737.140545897499
0,8,default_vehtype,route,False,2553.785940767028,2708.871052983317,2969;-1;-1,2980;-1;-1,1780.8795979021434,0.9144548956447903,0.9142768076850002,0.0,,0,80,1,,,2969;7192;1664;337;1075;5648;5759;205;5793;1407;5826;7411;4686;5074;5295;5274;7181;604;603;602;3851;4573;1400;971;598;1368;591;585;940;1370;939;1903;983;3921;840;2881;5099;1157;2058;2092;915;2980,2969:2553.785940767028;7192:2557.3895837189743;1664:2560.6434797189745;337:2568.4037117189746;1075:2569.4275517189744;5648:2570.2283357189744;5759:2575.7866637189745;205:2580.9309197189746;5793:2585.0522717189747;1407:2586.6724157189747;5826:2588.9527277189745;7411:2591.8513757189744;4686:2592.9220877189746;5074:2599.8625997189747;5295:2600.0928557189745;5274:2603.4716717189744;7181:2607.9809597189746;604:2611.5593597189745;603:2612.6229437189745;602:2613.4760717189747;3851:2614.479463718975;4573:2618.785783718975;1400:2620.518463718975;971:2624.316895718975;598:2625.384151718975;1368:2626.344487718975;591:2632.215439718975;585:2645.3866877189753;940:2651.966551718975;1370:2658.993175718975;939:2659.689847718975;1903:2660.511439718975;983:2661.493951718975;3921:2665.292095718975;840:2669.852935718975;2881:2676.483559718975;5099:2677.636423718975;1157:2682.3755665761178;2058:2688.1653951475464;2092:2691.554538004689;915:2696.6727094332605;2980:2708.871052983317
0,8,default_vehtype,boarding,True,2708.871052983317,2738.871052983317,2980;-1;-1,2980;-1;-1,0.0,0.9142768076850002,0.9142768076850002,0.0,,0,80,1,,80,,
0,3,default_vehtype,route,False,2550.0,2760.0,2975;-1;-1,1068;2559;0.116,2083.821818088394,0.6900542679408216,0.6898458857590127,0.0,,0,83,1,,,2975;1166;429;3125;3406;2825;1944;130;99;4526;714;2800;4332;799;3653;3825;7127;1836;4248;5046;7138;6879;1367;3637;3640;3643;7179;5275;5297;5072;1464;2847;5825;4587;5794;3202;2065;2023;4203;537;18;5629;1068,2975:2550;1166:2560.110872744087;429:2561.513192744087;3125:2562.7667127440873;3406:2575.121072744087;2825:2577.590792744087;1944:2578.9021527440873;130:2581.289792744087;99:2581.770032744087;4526:2590.179632744087;714:2592.976472744087;2800:2594.982872744087;4332:2595.798512744087;799:2596.979432744087;3653:2601.5756727440867;3825:2602.8242727440866;7127:2646.3843927440867;1836:2647.735352744087;4248:2662.280552744087;5046:2678.621072744087;7138:2680.2596727440873;6879:2686.5260727440873;1367:2698.018952744087;3637:2699.9120727440873;3640:2700.7652007440875;3643:2701.8287847440874;7179:2705.4071847440873;5275:2709.9164727440875;5297:2713.2952887440874;5072:2713.5255447440873;1464:2720.4660567440874;2847:2721.5367687440876;5825:2724.4354167440874;4587:2726.7157287440873;5794:2728.3358727440873;3202:2732.4572247440874;2065:2737.6014807440874;2023:2743.1598087440875;4203:2743.9605927440875;537:2744.9145927440877;18:2750.782160744088;5629:2756.631584744088;1068:2759.183984744088
0,3,default_vehtype,route,False,2760.0,2782.5970892091427,1068;2559;0.116,2992;-1;-1,313.8484612380895,0.6898458857590127,0.6898145009128889,0.0,,0,83,1,,,1068;2559;6740;1717;2067;2063;1937;2992,1068:2760;2559:2766.234584744088;6740:2770.705208744088;1717:2776.538936744088;2067:2777.276720744088;2063:2777.992976744088;1937:2781.262928744088;2992:2782.5970892091427
0,3,default_vehtype,boarding,True,2782.5970892091427,2812.5970892091427,2992;-1;-1,2992;-1;-1,0.0,0.6898145009128889,0.6898145009128889,0.0,,0,83;92,2,92,,,
0,5,default_vehtype,route,False,2648.38055803289,2808.3722540695435,2991;-1;-1,2989;-1;-1,1678.273761031151,0.5420048355431257,0.5418370081670227,0.0,,0,79;78,2,,,2991;3010;5631;1068;2867;2760;542;1074;1071;1070;1069;1067;1504;4396;710;2281;4664;6260;3300;1832;708;6180;2405;6169;2744;2567;2576;3077;3241;88;2758;2742;2448;2353;6140;7386;3742;7100;6318;737;6639;2446;2301;1992;1990;1988;1985;3729;5498;5496;5699;5494;5695;3307;3987;6878;2989,2991:2648.38055803289;3010:2652.427826963517;5631:2658.277250963517;1068:2660.829650963517;2867:2661.703946963517;2760:2668.242482963517;542:2675.770586963517;1074:2676.703994963517;1071:2677.706522963517;1070:2692.1698109635167;1069:2692.9080989635167;1067:2695.570154963517;1504:2700.0239309635167;4396:2700.2502269635165;710:2700.8008829635164;2281:2701.8065789635166;4664:2705.6845709635168;6260:2706.130466963517;3300:2706.729578963517;1832:2709.5197949635167;708:2710.0588589635167;6180:2710.482290963517;2405:2712.704690963517;6169:2716.181810963517;2744:2720.7823709635168;2567:2722.6253309635167;2576:2731.1138909635165;3077:2733.2465309635163;3241:2736.3754109635165;88:2738.3022509635166;2758:2740.2656909635166;2742:2740.672130963517;2448:2743.857770963517;2353:2750.058650963517;6140:2755.229690963517;7386:2756.572130963517;3742:2764.231130963517;7100:2764.770770963517;6318:2765.248850963517;737:2766.164570963517;6639:2768.013770963517;2446:2769.585050963517;2301:2771.882090963517;1992:2772.907130963517;1990:2774.604050963517;1988:2777.058050963517;1985:2780.579810963517;3729:2782.927250963517;5498:2784.324650963517;5496:2787.231890963517;5699:2787.929330963517;5494:2789.0330909635168;5695:2789.795810963517;3307:2800.534250963517;3987:2807.361410963517;6878:2807.964770963517;2989:2808.3722540695435
0,7,default_vehtype,boarding,True,2737.140545897499,2767.140545897499,2976;-1;-1,2976;-1;-1,0.0,0.7703479508201364,0.7703479508201364,0.0,,0,81;85,2,85,81,,
0,7,default_vehtype,route,False,2767.140545897499,2785.503678590726,2976;-1;-1,2984;-1;-1,153.0261057768949,0.7703479508201364,0.7703326482095587,0.0,,0,85,1,,,2976;7557;2806;4344;2996;2984,2976:2767.140545897499;7557:2772.1308992681593;2806:2779.964739268159;4344:2781.167739268159;2996:2783.211219268159;2984:2785.503678590726
0,7,default_vehtype,boarding,True,2785.503678590726,2815.503678590726,2984;-1;-1,2984;-1;-1,0.0,0.7703326482095587,0.7703326482095587,0.0,,0,85;86,2,86,,,
0,3,default_vehtype,route,False,2812.5970892091427,2833.487796762187,2992;-1;-1,2993;-1;-1,290.14871601450307,0.6898145009128889,0.6897854860412874,0.0,,0,83;92,2,,,2992;2526;3895;5465;7450;2993,2992:2812.5970892091427;2526:2821.799336744088;3895:2823.066320744088;5465:2830.598240744088;7450:2831.582480744088;2993:2833.487796762187
0,3,default_vehtype,boarding,True,2833.487796762187,2863.487796762187,2993;-1;-1,2993;-1;-1,0.0,0.6897854860412874,0.6897854860412874,0.0,,0,83;92,2,,83,,
0,4,default_vehtype,route,False,2603.6166397872894,2860.273446636122,2969;-1;-1,2977;-1;-1,2203.3461623622125,0.8210115408495645,0.8207912062333284,0.0,,0,77,1,,,2969;7192;1664;1659;538;4990;4939;5252;3070;1657;4439;4842;1272;3423;4282;4975;5250;6710;2464;7135;1193;552;2755;7131;3567;888;712;2718;754;611;1812;1186;7311;3767;4527;3089;3131;5447;7352;414;122;3426;4314;68;7318;7325;3011;4;4345;7330;7562;7316;7531;2802;2977,2969:2603.6166397872894;7192:2607.2202827392357;1664:2610.474178739236;1659:2615.233738739236;538:2616.384778739236;4990:2620.081858739236;4939:2621.4724187392358;5252:2626.8971387392357;3070:2627.9335787392356;1657:2635.4503787392355;4439:2641.0805387392356;4842:2645.4650987392356;1272:2645.6500187392357;3423:2646.8665787392356;4282:2650.644058739236;4975:2651.6938187392357;5250:2657.4977387392355;6710:2659.4249387392356;2464:2675.2844987392355;7135:2683.2166187392354;1193:2684.316658739235;552:2688.814858739235;2755:2690.644018739235;7131:2698.601218739235;3567:2708.480098739235;888:2708.938378739235;712:2712.673978739235;2718:2713.6111787392347;754:2757.1712987392348;611:2758.4198987392347;1812:2762.9910587392346;1186:2764.1682587392347;7311:2764.9838987392345;3767:2766.9902987392347;4527:2769.7871387392347;3089:2778.1967387392347;3131:2778.6769787392345;5447:2781.0646187392344;7352:2782.3759787392346;414:2784.8456987392346;122:2797.2000587392345;3426:2798.4535787392347;4314:2799.6365387392348;68:2805.2348987392347;7318:2811.9029387392347;7325:2815.2296987392347;3011:2819.2403387392346;4:2824.0254587392346;4345:2826.0689387392345;7330:2827.2719387392344;7562:2835.105778739234;7316:2842.500778739234;7531:2850.055738739234;2802:2857.271218739234;2977:2860.273446636122
0,5,default_vehtype,boarding,True,2808.3722540695435,2838.3722540695435,2989;-1;-1,2989;-1;-1,0.0,0.5418370081670227,0.5418370081670227,0.0,,0,79;78,2,,79;78,,
0,7,default_vehtype,route,False,2815.503678590726,2860.4125686333236,2984;-1;-1,2985;-1;-1,386.72580238367703,0.7703326482095587,0.7702939756293203,0.0,,0,85;86,2,,,2984;3012;7321;2804;3061;1173;3425;4304;793;118;3979;2985,2984:2815.503678590726;3012:2817.996339268159;7321:2822.006979268159;2804:2825.3337392681588;3061:2832.0017792681588;1173:2837.6001392681587;3425:2838.783099268159;4304:2840.185419268159;793:2852.300979268159;118:2858.165259268159;3979:2860.015803268159;2985:2860.4125686333236
0,8,default_vehtype,route,False,2760.0,2878.4486313100842,2980;-1;-1,2981;-1;-1,632.2576748681246,0.9142768076850002,0.9142135819175135,0.0,,0,,0,,,2980;914;2135;1730;2664;2579;2961;2407;2581;370;361;2874;1887;4059;910;6541;3462;3648;2851;2850;1801;1560;5242;922;6385;3550;2981,2980:2760;914:2775.8821707356574;2135:2783.8330278785147;1730:2799.2893707356575;2664:2801.1114850213717;2579:2805.9874278785146;2961:2822.7582850213716;2407:2828.0070850213715;2581:2836.494342164229;370:2838.077190164229;361:2840.574294164229;2874:2841.160302164229;1887:2846.815686164229;4059:2848.734990164229;910:2853.2511901642292;6541:2853.915318164229;3462:2856.128958164229;3648:2856.458718164229;2851:2861.132958164229;2850:2862.066318164229;1801:2865.361998164229;1560:2870.102478164229;5242:2871.785118164229;922:2872.701030164229;6385:2875.922670164229;3550:2876.1845101642293;2981:2878.4486313100842
0,1,default_vehtype,route,False,2716.7860541344025,2915.8365233403824,2983;-1;-1,2972;-1;-1,2163.8517725252586,0.8554972552083223,0.8552808700310699,0.0,,0,74,1,,,2983;7527;2803;7558;2806;4344;2996;3013;7322;2804;3061;1173;3425;4304;793;118;3979;4275;103;6480;7360;3154;6028;5745;6035;5743;6038;6041;7365;6050;6068;6077;3629;4502;6912;2108;7370;7608;5900;3459;4818;5992;6047;5708;3884;3030;3347;7376;2207;3446;3720;5332;251;2711;3358;2296;5681;2294;2035;6308;374;7114;3246;5330;661;445;2972,2983:2716.7860541344025;7527:2721.312999523377;2803:2728.867959523377;7558:2736.262959523377;2806:2744.096799523377;4344:2745.299799523377;2996:2747.3432795233766;3013:2752.1283995233766;7322:2756.1390395233766;2804:2759.4657995233765;3061:2766.1338395233765;1173:2771.7321995233765;3425:2772.9151595233766;4304:2774.3174795233767;793:2786.433039523377;118:2792.2973195233767;3979:2794.1478635233766;4275:2794.7391995233766;103:2795.8821275233768;6480:2809.2038555233767;7360:2814.7057355233765;3154:2815.7975435233766;6028:2816.7586715233765;5745:2818.2502955233763;6035:2820.1737035233764;5743:2821.5431435233763;6038:2823.5585675233765;6041:2824.8348395233766;7365:2831.4980075233766;6050:2833.7715515233767;6068:2837.997879523377;6077:2838.643575523377;3629:2840.200863523377;4502:2840.663751523377;6912:2845.812183523377;2108:2847.708591523377;7370:2854.235319523377;7608:2854.464711523377;5900:2857.936407523377;3459:2858.691975523377;4818:2859.306855523377;5992:2859.783639523377;6047:2863.9721675233773;5708:2865.3664475233772;3884:2867.9060315233774;3030:2868.4040555233773;3347:2870.428263523377;7376:2870.863647523377;2207:2871.272535523377;3446:2874.095943523377;3720:2877.1256315233773;5332:2878.117071523377;251:2878.8646475233772;2711:2880.002463523377;3358:2882.2174715233773;2296:2890.5184715233772;5681:2892.912471523377;2294:2894.243957237663;2035:2895.575442951949;6308:2897.9694429519486;374:2906.2704429519486;7114:2908.4854509519487;3246:2909.6232669519486;5330:2910.370842951949;661:2911.3622829519486;445:2914.3919709519487;2972:2915.8365233403824
0,2,default_vehtype,route,False,2745.26614405983,2889.1918734092746,2986;-1;-1,2971;-1;-1,1571.402214676488,0.9611718012981434,0.9610146610766758,0.0,,0,84,1,,,2986;3155;6029;5745;6035;5743;6038;6041;7365;6050;6068;6077;3629;4502;6912;2108;7370;7608;5900;3459;4818;5992;6047;5708;3884;3030;3347;7376;2207;3446;3720;5332;251;2711;3358;2296;5495;5696;3307;3987;2396;886;808;1372;807;1375;108;1376;1380;373;2390;7391;5704;7389;2971,2986:2745.26614405983;3155:2745.810020677432;6029:2746.771148677432;5745:2748.2627726774317;6035:2750.186180677432;5743:2751.5556206774318;6038:2753.571044677432;6041:2754.847316677432;7365:2761.510484677432;6050:2763.784028677432;6068:2768.0103566774324;6077:2768.6560526774324;3629:2770.2133406774324;4502:2770.6762286774324;6912:2775.8246606774323;2108:2777.7210686774324;7370:2784.2477966774322;7608:2784.4771886774324;5900:2787.9488846774325;3459:2788.7044526774325;4818:2789.3193326774326;5992:2789.7961166774326;6047:2793.9846446774327;5708:2795.3789246774327;3884:2797.918508677433;3030:2798.4165326774328;3347:2800.4407406774326;7376:2800.8761246774325;2207:2801.2850126774324;3446:2804.1084206774326;3720:2807.1381086774327;5332:2808.1295486774325;251:2808.8771246774327;2711:2810.0149406774326;3358:2812.2299486774327;2296:2820.5309486774327;5495:2820.7477886774327;5696:2821.510508677433;3307:2832.248948677433;3987:2839.076108677433;2396:2840.382068677433;886:2846.019668677433;808:2846.485868677433;1372:2847.348788677433;807:2848.452668677433;1375:2850.136868677433;108:2852.277308677433;1376:2854.0775486774332;1380:2856.094148677433;373:2865.6551486774333;2390:2868.199868677433;7391:2869.600508677433;5704:2871.965588677433;7389:2886.503828677433;2971:2889.1918734092746
0,2,default_vehtype,boarding,True,2889.1918734092746,2919.1918734092746,2971;-1;-1,2971;-1;-1,0.0,0.9610146610766758,0.9610146610766758,0.0,,0,84,1,,84,,
0,4,default_vehtype,boarding,True,2860.273446636122,2890.273446636122,2977;-1;-1,2977;-1;-1,0.0,0.8207912062333284,0.8207912062333284,0.0,,0,77,1,,77,,
0,4,default_vehtype,route,False,2890.273446636122,2936.6000780618006,2977;-1;-1,2984;-1;-1,386.0552618806575,0.8207912062333284,0.8207526007071403,0.0,,0,,0,,,2977;6202;7315;7530;2803;7558;2806;4344;2996;2984,2977:2890.273446636122;6202:2894.166538739234;7315:2901.061858739234;7530:2908.277338739234;2803:2915.832298739234;7558:2923.227298739234;2806:2931.0611387392337;4344:2932.2641387392337;2996:2934.3076187392335;2984:2936.6000780618006
0,7,default_vehtype,boarding,True,2860.4125686333236,2890.4125686333236,2985;-1;-1,2985;-1;-1,0.0,0.7702939756293203,0.7702939756293203,0.0,,0,85;86,2,,86,,
0,8,default_vehtype,boarding,True,2878.4486313100842,2908.4486313100842,2981;-1;-1,2981;-1;-1,0.0,0.9142135819175135,0.9142135819175135,0.0,,0,91,1,91,,,
0,0,default_vehtype,route,False,2730.0,2997.0951493096577,2966;-1;-1,2978;-1;-1,2602.981249217213,0.944259890915962,0.9439995927910403,0.0,,0,88,1,,,2966;2743;2631;2150;735;738;1096;3736;81;831;2413;1146;832;1880;1340;3638;602;3851;4573;1400;971;598;1368;591;585;940;1370;939;1903;983;3921;840;2881;5099;2878;1735;2581;370;361;2874;1887;4059;910;6541;3462;3648;2851;2850;1801;1560;5242;4277;5239;6501;3911;5389;7301;918;3075;7097;7290;2736;1744;1164;2789;1182;2978,2966:2730;2743:2737.8438282903994;2631:2741.855256861828;2150:2758.7855425761136;735:2769.267714004685;738:2775.435542576113;1096:2784.974514004685;3736:2785.2375300046847;81:2789.0864340046846;831:2799.9330180046845;2413:2800.9207140046847;1146:2801.7340980046847;832:2802.5425140046846;1880:2805.1402020046844;1340:2816.6730180046843;3638:2817.6594900046844;602:2818.5126180046846;3851:2819.5160100046846;4573:2823.8223300046848;1400:2825.555010004685;971:2829.353442004685;598:2830.4206980046847;1368:2831.381034004685;591:2837.251986004685;585:2850.423234004685;940:2857.003098004685;1370:2864.029722004685;939:2864.726394004685;1903:2865.547986004685;983:2866.530498004685;3921:2870.3286420046848;840:2874.889482004685;2881:2881.5201060046847;5099:2882.672970004685;2878:2883.800994004685;1735:2894.785314004685;2581:2896.124730004685;370:2897.707578004685;361:2900.204682004685;2874:2900.790690004685;1887:2906.446074004685;4059:2908.365378004685;910:2912.8815780046853;6541:2913.545706004685;3462:2915.759346004685;3648:2916.089106004685;2851:2920.763346004685;2850:2921.696706004685;1801:2924.992386004685;1560:2929.732866004685;5242:2931.415506004685;4277:2933.003586004685;5239:2938.508226004685;6501:2944.470786004685;3911:2953.825626004685;5389:2954.8914660046853;7301:2955.1453860046854;918:2956.2875460046853;3075:2964.1605060046854;7097:2965.0098660046856;7290:2970.8119860046854;2736:2979.5304660046854;1744:2980.985706004685;1164:2992.0942260046854;2789:2993.5060260046853;1182:2994.4229460046854;2978:2997.0951493096577
0,1,default_vehtype,boarding,True,2915.8365233403824,2945.8365233403824,2972;-1;-1,2972;-1;-1,0.0,0.8552808700310699,0.8552808700310699,0.0,,0,74,1,,74,,
0,2,default_vehtype,route,False,2940.0,2988.599849802757,2971;-1;-1,2989;-1;-1,357.3953197848742,0.9610146610766758,0.9609789215446973,0.0,,0,,0,,,2971;3807;6875;885;316;2042;1982;6306;5681;2294;2035;6308;5495;5696;3307;3987;6878;2989,2971:2940;3807:2941.3763552681585;6875:2942.4443552681587;885:2943.0477152681588;316:2949.8748752681586;2042:2960.6133152681587;1982:2961.376035268159;6306:2961.592875268159;5681:2963.9868752681587;2294:2965.3183609824446;2035:2966.6498466967305;6308:2969.0438466967303;5495:2969.2606866967303;5696:2970.0234066967305;3307:2980.7618466967306;3987:2987.5890066967304;6878:2988.1923666967305;2989:2988.599849802757
0,4,default_vehtype,boarding,True,2936.6000780618006,2966.6000780618006,2984;-1;-1,2984;-1;-1,0.0,0.8207526007071403,0.8207526007071403,0.0,,0,90,1,90,,,
0,5,default_vehtype,route,False,2838.3722540695435,2952.1267176586753,2989;-1;-1,2970;-1;-1,875.195006099902,0.5418370081670227,0.5417494886664127,0.0,,0,,0,,,2989;3808;7388;2045;2835;2641;7396;2616;486;2838;3722;3732;544;7400;5449;6824;4848;1631;1593;6821;1946;7401;3560;2970,2989:2838.3722540695435;3808:2839.032770963517;7388:2843.0971709635173;2045:2857.635410963517;2835:2860.000490963517;2641:2869.2115709635173;7396:2869.8059309635173;2616:2875.1675309635175;486:2876.0792909635175;2838:2882.4040109635175;3722:2885.9232509635176;3732:2908.3729709635177;544:2911.0625309635175;7400:2912.1380909635177;5449:2913.3371309635177;6824:2917.5904109635176;4848:2925.0707309635177;1631:2930.764902392089;1593:2936.4590738206603;6821:2943.9393938206604;1946:2948.1926738206603;7401:2949.3917138206602;3560:2950.4672738206605;2970:2952.1267176586753
0,5,default_vehtype,boarding,True,2952.1267176586753,2982.1267176586753,2970;-1;-1,2970;-1;-1,0.0,0.5417494886664127,0.5417494886664127,0.0,,0,87,1,87,,,
0,6,default_vehtype,route,False,2727.772372816563,2995.102167685068,2982;-1;-1,2968;-1;-1,3256.6257768101996,0.7626307017708471,0.7623050391931662,0.0,,0,82,1,,,2982;2809;4365;7288;1182;1001;6296;1434;3820;3877;2787;4993;6537;7281;2307;3549;6384;4032;1804;4811;5237;608;459;2416;4011;5246;363;366;2314;2877;1748;2880;906;984;2268;1857;1806;1371;938;5442;4054;2205;1369;2047;3631;4079;4572;4577;778;3636;3639;3642;7178;5275;5297;5072;1464;2847;5825;4587;5794;3202;2065;2023;4203;537;18;5629;1068;2559;6740;1717;2067;2720;4210;1711;2968,2982:2727.772372816563;2809:2733.473340161988;4365:2741.0544601619877;7288:2742.1776601619877;1182:2743.094580161988;1001:2748.385740161988;6296:2750.745060161988;1434:2756.704140161988;3820:2761.812780161988;3877:2763.7206601619882;2787:2772.513180161988;4993:2773.562220161988;6537:2779.362060161988;7281:2785.1971801619884;2307:2788.7159401619883;3549:2794.3531801619883;6384:2794.6150201619885;4032:2797.8366601619887;1804:2798.7525721619886;4811:2800.4352121619886;5237:2805.1756921619885;608:2814.0417721619883;459:2814.3715321619884;2416:2816.5851721619883;4011:2817.2493001619882;5246:2823.1744681619884;363:2830.0831561619884;366:2831.4882361619884;2314:2832.6331081619883;2877:2845.8042121619883;1748:2846.9227321619883;2880:2848.084524161988;906:2860.309836161988;984:2863.079532161988;2268:2863.827396161988;1857:2864.213316161988;1806:2864.875500161988;1371:2865.545676161988;938:2868.126804161988;5442:2877.847452161988;4054:2885.4874441619877;2205:2891.239884161988;1369:2897.686044161988;2047:2898.629100161988;3631:2900.191932161988;4079:2901.259188161988;4572:2905.057620161988;4577:2906.790300161988;778:2911.096620161988;3636:2912.100012161988;3639:2912.9531401619884;3642:2914.0167241619883;7178:2917.595124161988;5275:2922.1044121619884;5297:2925.4832281619883;5072:2925.713484161988;1464:2932.6539961619883;2847:2933.7247081619885;5825:2936.6233561619883;4587:2938.903668161988;5794:2940.523812161988;3202:2944.6451641619883;2065:2949.7894201619883;2023:2955.3477481619884;4203:2956.1485321619884;537:2957.1025321619886;18:2962.9701001619887;5629:2968.8195241619887;1068:2971.3719241619888;2559:2978.422524161989;6740:2982.893148161989;1717:2988.726876161989;2067:2989.464660161989;2720:2990.2280761619886;4210:2991.1263481619885;1711:2992.2560281619885;2968:2995.102167685068
0,0,default_vehtype,boarding,True,2997.0951493096577,3027.0951493096577,2978;-1;-1,2978;-1;-1,0.0,0.9439995927910403,0.9439995927910403,0.0,,0,88,1,,88,,
0,1,default_vehtype,route,False,2945.8365233403824,3008.783480618482,2972;-1;-1,2974;-1;-1,874.2632955291509,0.8552808700310699,0.855193443701517,0.0,,0,,0,,,2972;6079;7380;364;3029;3886;5711;6045;2157;4817;456;5901;7605;2830;5852;6913;1321;597;2204;6066;6049;7367;2188;2186;5744;6033;5746;6031;146;2828;2974,2972:2945.8365233403824;6079:2947.2153789519484;7380:2947.6242669519484;364:2948.0596509519482;3029:2950.083858951948;3886:2950.581882951948;5711:2953.121466951948;6045:2954.515746951948;2157:2958.7042749519483;4817:2959.181058951948;456:2959.7959389519483;5901:2960.5515069519483;7605:2964.0232029519484;2830:2964.2525949519486;5852:2970.7793229519484;6913:2972.6757309519485;1321:2977.8241629519484;597:2978.2870509519485;2204:2979.8443389519484;6066:2980.4900349519485;6049:2984.7163629519487;7367:2986.989906951949;2188:2993.653074951949;2186:2994.929346951949;5744:2996.944770951949;6033:2998.314210951949;5746:3000.237618951949;6031:3001.729242951949;146:3002.690370951949;2828:3003.782178951949;2974:3008.783480618482
0,1,default_vehtype,boarding,True,3008.783480618482,3038.783480618482,2974;-1;-1,2974;-1;-1,0.0,0.855193443701517,0.855193443701517,0.0,,0,89,1,89,,,
0,2,default_vehtype,boarding,True,2988.599849802757,3018.599849802757,2989;-1;-1,2989;-1;-1,0.0,0.9609789215446973,0.9609789215446973,0.0,,0,94,1,94,,,
0,6,default_vehtype,boarding,True,2995.102167685068,3025.102167685068,2968;-1;-1,2968;-1;-1,0.0,0.7623050391931662,0.7623050391931662,0.0,,0,82,1,,82,,
0,8,default_vehtype,route,False,2908.4486313100842,3033.491811529395,2981;-1;-1,2985;-1;-1,1077.497953856279,0.9142135819175135,0.9141058321221279,0.0,,0,91,1,,,2981;6320;3549;6384;4032;1804;4277;5239;6501;3911;5389;7301;3914;5398;5400;4040;4041;5374;5418;5424;5403;6546;1200;7312;3767;4527;3089;3131;5447;7352;414;122;3426;4305;793;118;3979;2985,2981:2908.4486313100842;6320:2911.8217501642293;3549:2917.4589901642294;6384:2917.7208301642295;4032:2920.9424701642297;1804:2921.8583821642296;4277:2923.4464621642296;5239:2928.9511021642297;6501:2934.9136621642297;3911:2944.2685021642296;5389:2945.33434216423;7301:2945.58826216423;3914:2946.77194216423;5398:2947.94878216423;5400:2949.27538216423;4040:2958.58018216423;4041:2961.52450216423;5374:2965.77706216423;5418:2966.81434216423;5424:2966.9576221642296;5403:2968.0629421642298;6546:2972.28982216423;1200:2976.89890216423;7312:2978.39266216423;3767:2980.39906216423;4527:2983.19590216423;3089:2991.60550216423;3131:2992.08574216423;5447:2994.47338216423;7352:2995.78474216423;414:2998.25446216423;122:3010.60882216423;3426:3011.86234216423;4305:3013.2646621642302;793:3025.3802221642304;118:3031.24450216423;3979:3033.09504616423;2985:3033.491811529395
0,0,default_vehtype,route,False,3027.0951493096577,3118.5974367587155,2978;-1;-1,2977;-1;-1,651.2122049326323,0.9439995927910403,0.943934471570547,0.0,,0,,0,,,2978;4103;4326;7286;1218;7334;7010;820;7498;276;2915;2661;7517;6201;7314;7529;7535;2931;2929;2927;2802;2977,2978:3027.0951493096577;4103:3029.714106004685;4326:3035.0052660046854;7286:3035.9221860046855;1218:3037.0453860046855;7334:3044.6265060046853;7010:3047.533986004685;820:3049.514946004685;7498:3049.982946004685;276:3050.094546004685;2915:3061.440546004685;2661:3068.6739060046853;7517:3075.9858660046852;6201:3076.8469860046853;7314:3083.7423060046854;7529:3090.957786004685;7535:3096.017328861828;2931:3099.6687574332564;2929:3103.3201860046847;2927:3108.3797288618275;2802:3115.5952088618274;2977:3118.5974367587155
0,2,default_vehtype,route,False,3018.599849802757,3094.952290575648,2989;-1;-1,2990;-1;-1,636.2703397740854,0.9609789215446973,0.9609152945107199,0.0,,0,94,1,,,2989;3808;7388;2045;2835;2641;7396;2616;486;2838;3722;3732;544;7400;5449;2990,2989:3018.599849802757;3808:3019.2603666967307;7388:3023.324766696731;2045:3037.8630066967307;2835:3040.2280866967308;2641:3049.439166696731;7396:3050.033526696731;2616:3055.395126696731;486:3056.306886696731;2838:3062.631606696731;3722:3066.150846696731;3732:3088.600566696731;544:3091.290126696731;7400:3092.3656866967312;5449:3093.564726696731;2990:3094.952290575648
0,3,default_vehtype,route,False,2863.487796762187,3108.9094861092535,2993;-1;-1,2985;-1;-1,2531.8799075981415,0.6897854860412874,0.6895322980505275,0.0,,0,92,1,,,2993;4483;6931;7616;3488;4485;5469;2998;901;1083;1355;1961;1721;2672;2790;5440;162;683;1096;3736;81;831;2413;1146;832;1880;1340;3638;1365;2574;7139;1693;1114;5299;7129;754;611;1812;1186;7311;3767;4527;3089;3131;5447;7352;414;122;3426;4305;793;118;3979;2985,2993:2863.487796762187;4483:2864.2492167440882;6931:2865.5649447440883;7616:2869.4612967440885;3488:2870.7854487440886;4485:2875.3400967440884;5469:2875.7013207440887;2998:2876.109776744089;901:2877.3553047440887;1083:2880.1457367440885;1355:2893.8350247440885;1961:2894.8177527440885;1721:2895.8778087440883;2672:2902.0160967440884;2790:2904.4609287440885;5440:2907.8755287440886;162:2912.0282007440887;683:2912.5991607440887;1096:2916.1613607440886;3736:2916.4243767440885;81:2920.2732807440884;831:2931.1198647440883;2413:2932.1075607440885;1146:2932.9209447440885;832:2933.7293607440884;1880:2936.327048744088;1340:2947.859864744088;3638:2948.846336744088;1365:2950.788056744088;2574:2962.295936744088;7139:2968.562336744088;1693:2970.2009367440883;1114:2986.5414567440885;5299:3001.0866567440885;7129:3002.4376167440887;754:3045.997736744089;611:3047.2463367440887;1812:3051.8174967440887;1186:3052.9946967440887;7311:3053.8103367440885;3767:3055.8167367440888;4527:3058.6135767440887;3089:3067.0231767440887;3131:3067.5034167440886;5447:3069.8910567440885;7352:3071.2024167440886;414:3073.6721367440887;122:3086.0264967440885;3426:3087.2800167440887;4305:3088.682336744089;793:3100.797896744089;118:3106.662176744089;3979:3108.5127207440887;2985:3108.9094861092535
0,4,default_vehtype,route,False,2966.6000780618006,3087.22711542857,2984;-1;-1,2973;-1;-1,1438.3667374416136,0.8207526007071403,0.8206087640333961,0.0,,0,90,1,,,2984;3012;7321;2804;3061;1173;3425;4304;793;118;3979;4275;103;6480;7360;3154;6028;5745;6035;5743;6038;6041;7365;6050;6068;6077;3629;4502;6912;2108;7370;1420;1084;2973,2984:2966.6000780618006;3012:2969.0927387392335;7321:2973.1033787392334;2804:2976.4301387392334;3061:2983.0981787392334;1173:2988.6965387392333;3425:2989.8794987392334;4304:2991.2818187392336;793:3003.397378739234;118:3009.2616587392336;3979:3011.1122027392335;4275:3011.7035387392334;103:3012.8464667392336;6480:3026.1681947392335;7360:3031.6700747392333;3154:3032.7618827392334;6028:3033.7230107392334;5745:3035.214634739233;6035:3037.1380427392332;5743:3038.507482739233;6038:3040.5229067392333;6041:3041.7991787392334;7365:3048.4623467392335;6050:3050.7358907392336;6068:3054.962218739234;6077:3055.607914739234;3629:3057.165202739234;4502:3057.628090739234;6912:3062.7765227392338;2108:3064.672930739234;7370:3071.1996587392337;1420:3082.9047707392338;1084:3086.4397547392336;2973:3087.22711542857
0,4,default_vehtype,boarding,True,3087.22711542857,3117.22711542857,2973;-1;-1,2973;-1;-1,0.0,0.8206087640333961,0.8206087640333961,0.0,,0,90,1,,90,,
0,5,default_vehtype,route,False,2982.1267176586753,3090.5806342090955,2970;-1;-1,2972;-1;-1,956.9275289670157,0.5417494886664127,0.541653795913516,0.0,,0,87,1,,,2970;671;662;7398;3491;6933;7394;6989;7392;5704;7389;3806;2573;885;316;2042;1982;6306;374;7114;3246;5330;661;445;2972,2970:2982.1267176586753;671:2983.1568338206607;662:3005.606553820661;7398:3009.125793820661;3491:3015.450513820661;6933:3016.362273820661;7394:3021.723873820661;6989:3022.318233820661;7392:3031.529313820661;5704:3033.894393820661;7389:3048.432633820661;3806:3052.4970338206613;2573:3053.5650338206615;885:3054.1683938206615;316:3060.9955538206614;2042:3071.7339938206615;1982:3072.4967138206616;6306:3072.7135538206617;374:3081.0145538206616;7114:3083.2295618206617;3246:3084.3673778206617;5330:3085.114953820662;661:3086.1063938206617;445:3089.1360818206617;2972:3090.5806342090955
0,6,default_vehtype,boarding,True,3060.0,3090.0,2968;-1;-1,2968;-1;-1,0.0,0.7623050391931662,0.7623050391931662,0.0,,0,96,1,96,,,
0,8,default_vehtype,boarding,True,3033.491811529395,3063.491811529395,2985;-1;-1,2985;-1;-1,0.0,0.9141058321221279,0.9141058321221279,0.0,,0,91,1,,91,,
0,8,default_vehtype,route,False,3063.491811529395,3117.1722687935694,2985;-1;-1,2976;-1;-1,461.98409183942806,0.9141058321221279,0.914059633712944,0.0,,0,,0,,,2985;1140;880;3109;3874;4306;429;4313;68;7318;7325;3011;4;4345;7330;2976,2985:3063.491811529395;1140:3063.68638216423;880:3064.27771816423;3109:3066.12826216423;3874:3071.9925421642297;4306:3084.10810216423;429:3085.51042216423;4313:3086.69338216423;68:3092.29174216423;7318:3098.95978216423;7325:3102.28654216423;3011:3106.29718216423;4:3111.08230216423;4345:3113.12578216423;7330:3114.32878216423;2976:3117.1722687935694
0,0,default_vehtype,boarding,True,3118.5974367587155,3148.5974367587155,2977;-1;-1,2977;-1;-1,0.0,0.943934471570547,0.943934471570547,0.0,,0,93;97,2,93;97,,,
0,2,default_vehtype,boarding,True,3094.952290575648,3124.952290575648,2990;-1;-1,2990;-1;-1,0.0,0.9609152945107199,0.9609152945107199,0.0,,0,94,1,,94,,
0,2,default_vehtype,route,False,3124.952290575648,3136.0053305347465,2990;-1;-1,2970;-1;-1,92.10866632581656,0.9609152945107199,0.9609060836440872,0.0,,0,,0,,,2990;2552;1946;7401;3560;2970,2990:3124.952290575648;2552:3127.8180066967316;1946:3132.0712866967315;7401:3133.2703266967314;3560:3134.3458866967317;2970:3136.0053305347465
0,2,default_vehtype,boarding,True,3136.0053305347465,3166.0053305347465,2970;-1;-1,2970;-1;-1,0.0,0.9609060836440872,0.9609060836440872,0.0,,0,100,1,100,,,
0,3,default_vehtype,boarding,True,3108.9094861092535,3138.9094861092535,2985;-1;-1,2985;-1;-1,0.0,0.6895322980505275,0.6895322980505275,0.0,,0,92;98,2,98,92,,
0,5,default_vehtype,boarding,True,3090.5806342090955,3120.5806342090955,2972;-1;-1,2972;-1;-1,0.0,0.541653795913516,0.541653795913516,0.0,,0,87,1,,87,,
0,7,default_vehtype,route,False,2890.4125686333236,3154.4057832862586,2985;-1;-1,2993;-1;-1,2790.011092401858,0.7702939756293203,0.7700149745200802,0.0,,0,85,1,,,2985;1140;880;3109;3874;4306;429;3125;3406;2825;1944;130;99;4526;714;2800;4332;799;3653;3825;7127;1836;4248;5046;7138;6879;1367;3637;3640;3643;7179;5275;5297;5072;1464;2847;5825;4587;5794;3202;2065;2023;4203;537;18;5629;1068;2559;6740;1717;2067;2063;1937;6789;3895;5465;7450;2993,2985:2890.4125686333236;1140:2890.607139268159;880:2891.1984752681587;3109:2893.0490192681586;3874:2898.9132992681584;4306:2911.0288592681586;429:2912.4311792681588;3125:2913.684699268159;3406:2926.039059268159;2825:2928.508779268159;1944:2929.820139268159;130:2932.207779268159;99:2932.6880192681588;4526:2941.0976192681587;714:2943.8944592681587;2800:2945.900859268159;4332:2946.7164992681587;799:2947.8974192681585;3653:2952.4936592681584;3825:2953.7422592681583;7127:2997.3023792681583;1836:2998.6533392681586;4248:3013.1985392681586;5046:3029.539059268159;7138:3031.177659268159;6879:3037.444059268159;1367:3048.9369392681588;3637:3050.830059268159;3640:3051.683187268159;3643:3052.746771268159;7179:3056.325171268159;5275:3060.834459268159;5297:3064.213275268159;5072:3064.443531268159;1464:3071.384043268159;2847:3072.4547552681593;5825:3075.353403268159;4587:3077.633715268159;5794:3079.253859268159;3202:3083.375211268159;2065:3088.519467268159;2023:3094.077795268159;4203:3094.8785792681592;537:3095.8325792681594;18:3101.7001472681595;5629:3107.5495712681595;1068:3110.1019712681596;2559:3117.1525712681596;6740:3121.6231952681596;1717:3127.4569232681597;2067:3128.1947072681596;2063:3128.91096326816;1937:3132.18091526816;6789:3142.71732326816;3895:3143.9843072681597;5465:3151.5162272681596;7450:3152.50046726816;2993:3154.4057832862586
0,8,default_vehtype,boarding,True,3117.1722687935694,3147.1722687935694,2976;-1;-1,2976;-1;-1,0.0,0.914059633712944,0.914059633712944,0.0,,0,95,1,95,,,
0,1,default_vehtype,route,False,3038.783480618482,3233.2434960000037,2974;-1;-1,2969;-1;-1,2235.640880298901,0.855193443701517,0.854969879613487,0.0,,0,89,1,,,2974;6479;7359;3154;6028;5745;6035;5743;6038;6041;7365;6050;6068;6077;3629;4502;6912;2108;7370;7608;5900;3459;4818;5992;6047;5708;3884;3030;3347;7376;2207;3446;3720;5332;251;2711;3358;2296;5495;5697;5497;5500;670;5502;5512;5520;5531;6313;6632;6644;3793;6319;7102;3741;7384;6414;5446;2447;2571;42;2577;2566;3033;3036;2469;2404;2235;3762;5287;310;2280;1447;6261;3764;4397;4745;4182;4187;4191;4195;4202;336;2969,2974:3038.783480618482;6479:3039.284058951949;7359:3044.785938951949;3154:3045.877746951949;6028:3046.838874951949;5745:3048.330498951949;6035:3050.253906951949;5743:3051.623346951949;6038:3053.638770951949;6041:3054.915042951949;7365:3061.578210951949;6050:3063.8517549519493;6068:3068.0780829519495;6077:3068.7237789519495;3629:3070.2810669519495;4502:3070.7439549519495;6912:3075.8923869519494;2108:3077.7887949519495;7370:3084.3155229519493;7608:3084.5449149519495;5900:3088.0166109519496;3459:3088.7721789519496;4818:3089.3870589519497;5992:3089.8638429519497;6047:3094.05237095195;5708:3095.44665095195;3884:3097.98623495195;3030:3098.48425895195;3347:3100.5084669519497;7376:3100.9438509519496;2207:3101.3527389519495;3446:3104.1761469519497;3720:3107.20583495195;5332:3108.1972749519496;251:3108.94485095195;2711:3110.0826669519497;3358:3112.29767495195;2296:3120.5986749519498;5495:3120.81551495195;5697:3121.91927495195;5497:3122.6167149519497;5500:3125.5239549519497;670:3126.9213549519495;5502:3129.2687949519495;5512:3132.7905549519496;5520:3135.24455495195;5531:3136.9414749519497;6313:3137.9665149519496;6632:3140.2635549519496;6644:3141.8348349519497;3793:3143.68403495195;6319:3144.5997549519498;7102:3145.0778349519496;3741:3145.6174749519496;7384:3153.2764749519497;6414:3158.4836349519496;5446:3160.75139495195;2447:3164.6875149519497;2571:3172.27643495195;42:3176.94443495195;2577:3177.61691495195;2566:3186.21599495195;3033:3186.84695495195;3036:3189.11651495195;2469:3192.7088349519504;2404:3196.0323549519503;2235:3197.31575495195;3762:3197.73918695195;5287:3198.27825095195;310:3201.06846695195;2280:3201.66757895195;1447:3202.11347495195;6261:3205.9914669519503;3764:3206.9971629519505;4397:3207.5478189519504;4745:3207.77411495195;4182:3212.22789095195;4187:3214.88994695195;4191:3215.62823495195;4195:3230.09152295195;4202:3231.09405095195;336:3232.11717095195;2969:3233.2434960000037
0,7,default_vehtype,boarding,True,3154.4057832862586,3184.4057832862586,2993;-1;-1,2993;-1;-1,0.0,0.7700149745200802,0.7700149745200802,0.0,,0,85,1,,85,,
0,7,default_vehtype,route,False,3184.4057832862586,3190.270552833386,2993;-1;-1,2967;-1;-1,81.45513259898192,0.7700149745200802,0.7700068290068203,0.0,,0,,0,,,2993;4483;7446;1960;2967,2993:3184.4057832862586;4483:3185.16720326816;7446:3187.83393926816;1960:3188.8181792681603;2967:3190.270552833386
0,7,default_vehtype,boarding,True,3190.270552833386,3220.270552833386,2967;-1;-1,2967;-1;-1,0.0,0.7700068290068203,0.7700068290068203,0.0,,0,101,1,101,,,
0,7,default_vehtype,route,False,3220.270552833386,3236.771575286259,2967;-1;-1,2993;-1;-1,229.18086740101808,0.7700068290068203,0.7699839109200801,0.0,,0,101,1,,,2967;3896;5466;7451;2993,2967:3220.270552833386;3896:3226.35009926816;5466:3233.88201926816;7451:3234.8662592681603;2993:3236.771575286259
0,1,default_vehtype,boarding,True,3233.2434960000037,3263.2434960000037,2969;-1;-1,2969;-1;-1,0.0,0.854969879613487,0.854969879613487,0.0,,0,89,1,,89,,
0,3,default_vehtype,route,False,3138.9094861092535,3260.2013805610945,2985;-1;-1,2972;-1;-1,1503.3785975454016,0.6895322980505275,0.689381960190773,0.0,,0,98,1,,,2985;1140;103;6480;7360;3154;6028;5745;6035;5743;6038;6041;7365;6050;6068;6077;3629;4502;6912;2108;7370;7608;5900;3459;4818;5992;6047;5708;3884;3030;3347;7376;2207;3446;3720;5332;251;2711;3358;2296;5681;2294;2035;6308;374;7114;3246;5330;661;445;2972,2985:3138.9094861092535;1140:3139.1040567440887;103:3140.246984744089;6480:3153.5687127440888;7360:3159.0705927440886;3154:3160.1624007440887;6028:3161.1235287440886;5745:3162.6151527440884;6035:3164.5385607440885;5743:3165.9080007440884;6038:3167.9234247440886;6041:3169.1996967440887;7365:3175.8628647440887;6050:3178.136408744089;6068:3182.362736744089;6077:3183.008432744089;3629:3184.565720744089;4502:3185.028608744089;6912:3190.177040744089;2108:3192.073448744089;7370:3198.600176744089;7608:3198.829568744089;5900:3202.301264744089;3459:3203.056832744089;4818:3203.6717127440893;5992:3204.1484967440892;6047:3208.3370247440894;5708:3209.7313047440894;3884:3212.2708887440895;3030:3212.7689127440894;3347:3214.7931207440893;7376:3215.228504744089;2207:3215.637392744089;3446:3218.4608007440893;3720:3221.4904887440894;5332:3222.481928744089;251:3223.2295047440894;2711:3224.3673207440893;3358:3226.5823287440894;2296:3234.8833287440893;5681:3237.277328744089;2294:3238.608814458375;2035:3239.940300172661;6308:3242.3343001726607;374:3250.6353001726607;7114:3252.850308172661;3246:3253.9881241726607;5330:3254.735700172661;661:3255.7271401726607;445:3258.756828172661;2972:3260.2013805610945
0,3,default_vehtype,boarding,True,3260.2013805610945,3290.2013805610945,2972;-1;-1,2972;-1;-1,0.0,0.689381960190773,0.689381960190773,0.0,,0,98,1,,98,,
0,5,default_vehtype,route,False,3180.0,3296.533235490484,2972;-1;-1,2990;-1;-1,1039.575804707168,0.541653795913516,0.5415498383330453,0.0,,0,,0,,,2972;6079;3446;3720;5332;251;2711;3358;2296;5495;5696;3307;3987;6878;746;2834;2045;2835;2641;7396;2616;486;2838;3722;3732;544;7400;5449;2990,2972:3180;6079:3181.378855611566;3446:3184.202263611566;3720:3187.2319516115663;5332:3188.223391611566;251:3188.9709676115663;2711:3190.108783611566;3358:3192.3237916115663;2296:3200.6247916115663;5495:3200.8416316115663;5696:3201.6043516115665;3307:3212.3427916115666;3987:3219.1699516115664;6878:3219.7733116115664;746:3220.8413116115667;2834:3224.905711611567;2045:3239.4439516115667;2835:3241.8090316115668;2641:3251.020111611567;7396:3251.614471611567;2616:3256.976071611567;486:3257.887831611567;2838:3264.212551611567;3722:3267.731791611567;3732:3290.181511611567;544:3292.871071611567;7400:3293.946631611567;5449:3295.145671611567;2990:3296.533235490484
0,7,default_vehtype,boarding,True,3236.771575286259,3266.771575286259,2993;-1;-1,2993;-1;-1,0.0,0.7699839109200801,0.7699839109200801,0.0,,0,101,1,,101,,
0,0,default_vehtype,route,False,3148.5974367587155,3302.5047998321197,2977;-1;-1,2987;-1;-1,1643.223308779993,0.943934471570547,0.943770149239669,0.0,,0,93;97,2,,,2977;6202;7315;7530;2803;7558;2806;4344;2996;3013;7322;2804;3061;1173;3425;4304;793;118;3979;4275;103;6480;7360;3154;6028;5745;6035;5743;6038;6041;7365;2179;3064;6023;3524;7356;4225;2987,2977:3148.5974367587155;6202:3152.4905288618274;7315:3159.3858488618275;7530:3166.6013288618274;2803:3174.1562888618273;7558:3181.5512888618273;2806:3189.385128861827;4344:3190.588128861827;2996:3192.631608861827;3013:3197.416728861827;7322:3201.427368861827;2804:3204.7541288618268;3061:3211.422168861827;1173:3217.0205288618267;3425:3218.203488861827;4304:3219.605808861827;793:3231.721368861827;118:3237.585648861827;3979:3239.436192861827;4275:3240.027528861827;103:3241.170456861827;6480:3254.492184861827;7360:3259.9940648618267;3154:3261.085872861827;6028:3262.0470008618267;5745:3263.5386248618265;6035:3265.4620328618266;5743:3266.8314728618266;6038:3268.8468968618267;6041:3270.123168861827;7365:3276.786336861827;2179:3280.794576861827;3064:3282.096552861827;6023:3283.3612328618274;3524:3285.1026968618276;7356:3295.9815368618274;4225:3300.5660648618273;2987:3302.5047998321197
0,0,default_vehtype,boarding,True,3302.5047998321197,3332.5047998321197,2987;-1;-1,2987;-1;-1,0.0,0.943770149239669,0.943770149239669,0.0,,0,93;97,2,,97,,
0,2,default_vehtype,route,False,3166.0053305347465,3308.9027753860696,2970;-1;-1,2973;-1;-1,1435.3098664795507,0.9609060836440872,0.9607625526574393,0.0,,0,100,1,,,2970;671;662;7398;3491;6933;7394;6989;7392;5704;7389;3806;2573;885;316;2042;1982;6306;374;7114;3246;5330;661;445;6080;7381;364;3029;3886;5711;6045;2157;4817;456;5901;7605;2830;1420;1084;2973,2970:3166.0053305347465;671:3167.035446696732;662:3189.485166696732;7398:3193.004406696732;3491:3199.329126696732;6933:3200.240886696732;7394:3205.6024866967323;6989:3206.1968466967323;7392:3215.4079266967324;5704:3217.7730066967324;7389:3232.3112466967323;3806:3236.3756466967325;2573:3237.4436466967327;885:3238.0470066967328;316:3244.8741666967326;2042:3255.6126066967327;1982:3256.375326696733;6306:3256.592166696733;374:3264.893166696733;7114:3267.108174696733;3246:3268.245990696733;5330:3268.993566696733;661:3269.985006696733;445:3273.014694696733;6080:3275.838102696733;7381:3276.246990696733;364:3276.682374696733;3029:3278.7065826967328;3886:3279.2046066967328;5711:3281.744190696733;6045:3283.138470696733;2157:3287.326998696733;4817:3287.803782696733;456:3288.418662696733;5901:3289.174230696733;7605:3292.645926696733;2830:3292.8753186967333;1420:3304.5804306967334;1084:3308.1154146967333;2973:3308.9027753860696
0,2,default_vehtype,boarding,True,3308.9027753860696,3338.9027753860696,2973;-1;-1,2973;-1;-1,0.0,0.9607625526574393,0.9607625526574393,0.0,,0,100,1,,100,,
0,2,default_vehtype,route,False,3338.9027753860696,3349.2232056670255,2973;-1;-1,2987;-1;-1,143.3393094577217,0.9607625526574393,0.9607482187264935,0.0,,0,,0,,,2973;7354;4225;2987,2973:3338.9027753860696;7354:3342.699942696733;4225:3347.284470696733;2987:3349.2232056670255
0,4,default_vehtype,route,False,3120.0,3334.421928888724,2973;-1;-1,2979;-1;-1,2029.989638497004,0.8206087640333961,0.8204057650695463,0.0,,0,,0,,,2973;7354;3525;6025;3063;6027;7362;2188;2186;5744;6033;5746;6031;146;2828;2376;3091;4274;880;3109;3874;4306;429;3125;3406;2825;1944;130;99;4526;714;2800;4339;2419;5404;5421;1925;1883;926;925;5399;1905;830;2795;1891;827;6499;1803;1141;5241;922;6385;3550;6322;7280;2411;6281;2286;2287;6538;2979,2973:3120;7354:3123.7971673106636;3525:3134.6760073106634;6025:3136.4174713106636;3063:3137.682151310664;6027:3138.984127310664;7362:3142.992367310664;2188:3149.655535310664;2186:3150.931807310664;5744:3152.9472313106644;6033:3154.3166713106643;5746:3156.2400793106644;6031:3157.731703310664;146:3158.692831310664;2828:3159.7846393106643;2376:3165.286519310664;3091:3178.608247310664;4274:3179.751175310664;880:3180.342511310664;3109:3182.193055310664;3874:3188.057335310664;4306:3200.172895310664;429:3201.575215310664;3125:3202.8287353106643;3406:3215.183095310664;2825:3217.652815310664;1944:3218.9641753106644;130:3221.3518153106643;99:3221.832055310664;4526:3230.241655310664;714:3233.038495310664;2800:3235.0448953106643;4339:3236.538655310664;2419:3241.1477353106643;5404:3245.3746153106645;5421:3246.4799353106646;1925:3246.6232153106644;1883:3247.6604953106644;926:3251.9130553106643;925:3254.8573753106643;5399:3264.162175310664;1905:3265.488775310664;830:3266.665615310664;2795:3267.8492953106643;1891:3268.1032153106644;827:3269.1690553106646;6499:3278.5238953106646;1803:3284.4864553106645;1141:3289.9910953106646;5241:3291.5791753106646;922:3292.4950873106645;6385:3295.7167273106647;3550:3295.978567310665;6322:3301.615807310665;7280:3305.134567310665;2411:3310.969687310665;6281:3316.0138015963794;2286:3320.780715882094;2287:3325.547630167808;6538:3330.5917444535226;2979:3334.421928888724
0,5,default_vehtype,boarding,True,3296.533235490484,3326.533235490484,2990;-1;-1,2990;-1;-1,0.0,0.5415498383330453,0.5415498383330453,0.0,,0,102,1,102,,,
0,6,default_vehtype,route,False,3090.0,3342.0309015137736,2968;-1;-1,2984;-1;-1,2458.5211120897357,0.7623050391931662,0.7620591870819571,0.0,,0,96,1,,,2968;98;2497;7434;2760;542;1074;4204;5649;5760;205;5793;1407;5826;7411;4686;5074;5295;5274;7181;604;603;1365;2574;7139;1693;1114;5299;7129;754;611;1812;1186;7311;3767;4527;3089;3131;5447;7352;414;122;3426;4314;68;7318;7325;3011;4;4345;1199;1204;2996;2984,2968:3090;98:3095.7696684769207;2497:3097.2803004769207;7434:3104.4881484769207;2760:3111.0266844769208;542:3118.5547884769207;1074:3119.4881964769206;4204:3120.4698444769206;5649:3121.2706284769206;5760:3126.8289564769207;205:3131.9732124769207;5793:3136.094564476921;1407:3137.714708476921;5826:3139.9950204769207;7411:3142.8936684769205;4686:3143.9643804769207;5074:3150.904892476921;5295:3151.1351484769207;5274:3154.5139644769206;7181:3159.023252476921;604:3162.6016524769207;603:3163.6652364769207;1365:3165.6069564769205;2574:3177.1148364769206;7139:3183.3812364769205;1693:3185.019836476921;1114:3201.360356476921;5299:3215.905556476921;7129:3217.256516476921;754:3260.8166364769213;611:3262.065236476921;1812:3266.636396476921;1186:3267.8135964769212;7311:3268.629236476921;3767:3270.6356364769213;4527:3273.4324764769212;3089:3281.842076476921;3131:3282.322316476921;5447:3284.709956476921;7352:3286.021316476921;414:3288.491036476921;122:3300.845396476921;3426:3302.098916476921;4314:3303.2818764769213;68:3308.8802364769213;7318:3315.5482764769213;7325:3318.875036476921;3011:3322.885676476921;4:3327.670796476921;4345:3329.714276476921;1199:3333.704619334064;1204:3337.6949621912067;2996:3339.7384421912066;2984:3342.0309015137736
0,1,default_vehtype,route,False,3263.2434960000037,3418.3286082162927,2969;-1;-1,2980;-1;-1,1780.8795979021431,0.854969879613487,0.8547917916536968,0.0,,0,,0,,,2969;7192;1664;337;1075;5648;5759;205;5793;1407;5826;7411;4686;5074;5295;5274;7181;604;603;602;3851;4573;1400;971;598;1368;591;585;940;1370;939;1903;983;3921;840;2881;5099;1157;2058;2092;915;2980,2969:3263.2434960000037;7192:3266.84713895195;1664:3270.10103495195;337:3277.8612669519503;1075:3278.88510695195;5648:3279.68589095195;5759:3285.24421895195;205:3290.3884749519502;5793:3294.5098269519503;1407:3296.1299709519503;5826:3298.41028295195;7411:3301.30893095195;4686:3302.3796429519502;5074:3309.3201549519504;5295:3309.55041095195;5274:3312.92922695195;7181:3317.4385149519503;604:3321.01691495195;603:3322.08049895195;602:3322.9336269519504;3851:3323.9370189519504;4573:3328.2433389519506;1400:3329.9760189519507;971:3333.7744509519507;598:3334.8417069519505;1368:3335.8020429519506;591:3341.672994951951;585:3354.844242951951;940:3361.4241069519508;1370:3368.450730951951;939:3369.147402951951;1903:3369.9689949519507;983:3370.9515069519507;3921:3374.7496509519506;840:3379.3104909519507;2881:3385.9411149519506;5099:3387.0939789519507;1157:3391.8331218090934;2058:3397.622950380522;2092:3401.012093237665;915:3406.130264666236;2980:3418.3286082162927
0,2,default_vehtype,boarding,True,3349.2232056670255,3379.2232056670255,2987;-1;-1,2987;-1;-1,0.0,0.9607482187264935,0.9607482187264935,0.0,,0,104,1,104,,,
0,4,default_vehtype,boarding,True,3334.421928888724,3364.421928888724,2979;-1;-1,2979;-1;-1,0.0,0.8204057650695463,0.8204057650695463,0.0,,0,99,1,99,,,
0,6,default_vehtype,boarding,True,3342.0309015137736,3372.0309015137736,2984;-1;-1,2984;-1;-1,0.0,0.7620591870819571,0.7620591870819571,0.0,,0,96,1,,96,,
0,8,default_vehtype,route,False,3147.1722687935694,3409.8987186292848,2976;-1;-1,2992;-1;-1,2648.748284547927,0.914059633712944,0.9137947588844891,0.0,,0,95,1,,,2976;7557;2806;4344;2996;3013;7322;2804;3061;1173;3425;3125;3406;2825;1944;130;99;4526;714;2800;4332;799;3653;3825;7127;1836;4248;5046;7138;6879;1367;3637;3640;3643;7179;5275;5297;5072;1464;2847;5825;4587;5794;3202;2065;2023;4203;537;18;5629;1068;2559;6740;1717;2067;2063;1937;2992,2976:3147.1722687935694;7557:3152.1626221642296;2806:3159.9964621642293;4344:3161.1994621642293;2996:3163.242942164229;3013:3168.028062164229;7322:3172.038702164229;2804:3175.365462164229;3061:3182.033502164229;1173:3187.631862164229;3425:3188.814822164229;3125:3190.0683421642293;3406:3202.422702164229;2825:3204.892422164229;1944:3206.2037821642293;130:3208.5914221642292;99:3209.071662164229;4526:3217.481262164229;714:3220.278102164229;2800:3222.2845021642293;4332:3223.100142164229;799:3224.281062164229;3653:3228.8773021642287;3825:3230.1259021642286;7127:3273.6860221642287;1836:3275.036982164229;4248:3289.582182164229;5046:3305.922702164229;7138:3307.5613021642293;6879:3313.8277021642293;1367:3325.320582164229;3637:3327.2137021642293;3640:3328.0668301642295;3643:3329.1304141642295;7179:3332.7088141642294;5275:3337.2181021642295;5297:3340.5969181642295;5072:3340.8271741642293;1464:3347.7676861642294;2847:3348.8383981642296;5825:3351.7370461642295;4587:3354.0173581642293;5794:3355.6375021642293;3202:3359.7588541642294;2065:3364.9031101642295;2023:3370.4614381642295;4203:3371.2622221642296;537:3372.2162221642297;18:3378.08379016423;5629:3383.93321416423;1068:3386.48561416423;2559:3393.53621416423;6740:3398.00683816423;1717:3403.84056616423;2067:3404.57835016423;2063:3405.29460616423;1937:3408.56455816423;2992:3409.8987186292848
0,1,default_vehtype,boarding,True,3418.3286082162927,3448.3286082162927,2980;-1;-1,2980;-1;-1,0.0,0.8547917916536968,0.8547917916536968,0.0,,0,103,1,103,,,
0,2,default_vehtype,route,False,3379.2232056670255,3455.2038219526457,2987;-1;-1,2975;-1;-1,1011.5698525452128,0.9607482187264935,0.960647061741239,0.0,,0,104,1,,,2987;4613;1084;7357;3525;6025;3063;6027;7362;2188;2186;5744;6033;5746;6031;146;2828;2376;3091;4274;880;3109;3874;2975,2987:3379.2232056670255;4613:3380.819454696733;1084:3384.354438696733;7357:3388.9389666967327;3525:3399.8178066967325;6025:3401.5592706967327;3063:3402.823950696733;6027:3404.125926696733;7362:3408.1341666967332;2188:3414.7973346967333;2186:3416.0736066967333;5744:3418.0890306967335;6033:3419.4584706967335;5746:3421.3818786967336;6031:3422.8735026967333;146:3423.8346306967333;2828:3424.9264386967334;2376:3430.428318696733;3091:3443.750046696733;4274:3444.8929746967333;880:3445.4843106967332;3109:3447.334854696733;3874:3453.199134696733;2975:3455.2038219526457
0,6,default_vehtype,route,False,3372.0309015137736,3463.963685496178,2984;-1;-1,2978;-1;-1,766.1065331867103,0.7620591870819571,0.7619825764286384,0.0,,0,,0,,,2984;3012;4;4345;7330;7562;7316;7531;2802;2251;7515;7037;7512;3274;2902;3901;7011;7336;4365;7288;1182;2978,2984:3372.0309015137736;3012:3374.5235621912066;4:3379.3086821912066;4345:3381.3521621912064;7330:3382.5551621912064;7562:3390.389002191206;7316:3397.784002191206;7531:3405.338962191206;2802:3412.554442191206;2251:3419.449762191206;7515:3420.310882191206;7037:3427.622842191206;7512:3434.856202191206;3274:3446.202202191206;2902:3446.3138021912064;3901:3446.781802191206;7011:3448.762762191206;7336:3451.670242191206;4365:3459.2513621912058;7288:3460.3745621912058;1182:3461.291482191206;2978:3463.963685496178
0,7,default_vehtype,route,False,3360.0,3423.7964410299546,2993;-1;-1,2969;-1;-1,886.0616809715947,0.7699839109200801,0.769895304751983,0.0,,0,,0,,,2993;4483;7446;1960;816;6786;5444;1716;2720;4210;1711;98;2497;7434;2760;542;1074;336;2969,2993:3360;4483:3360.7614199819013;7446:3363.4281559819015;1960:3364.4123959819017;816:3371.9443159819016;6786:3373.2112999819014;5444:3383.7477079819014;1716:3386.5380679819013;2720:3387.284707981901;4210:3388.182979981901;1711:3389.312659981901;98:3397.928467981901;2497:3399.439099981901;7434:3406.646947981901;2760:3413.185483981901;542:3420.713587981901;1074:3421.646995981901;336:3422.670115981901;2969:3423.7964410299546
0,7,default_vehtype,boarding,True,3423.7964410299546,3453.7964410299546,2969;-1;-1,2969;-1;-1,0.0,0.769895304751983,0.769895304751983,0.0,,0,105,1,105,,,
0,8,default_vehtype,boarding,True,3409.8987186292848,3439.8987186292848,2992;-1;-1,2992;-1;-1,0.0,0.9137947588844891,0.9137947588844891,0.0,,0,95,1,,95,,
0,7,default_vehtype,route,False,3453.7964410299546,3480.0,2969;-1;-1,1071;1070;0.593,363.93831902840856,0.769895304751983,0.7698589109200802,0.0,,0,105,1,,,2969;7192;1664;337;1075;4198;1071,2969:3453.7964410299546;7192:3457.400083981901;1664:3460.653979981901;337:3468.414211981901;1075:3469.438051981901;4198:3470.419699981901;1071:3471.422227981901
0,0,default_vehtype,route,False,3332.5047998321197,3494.7341339098816,2987;-1;-1,2969;-1;-1,1787.992528857795,0.943770149239669,0.9435913499867832,0.0,,0,93,1,,,2987;4613;7368;7606;5900;3459;4818;5992;6047;5708;3884;3030;3347;7376;2207;3446;3720;5332;251;2711;3358;2296;5495;5697;5497;5500;670;5502;5512;5520;5531;6313;6632;6644;3793;6319;7102;3741;7384;6414;5446;2447;2571;42;2577;2566;3033;3036;2469;2404;2235;3762;5287;310;2280;1447;6261;3764;4397;4745;4182;4187;4191;4195;4202;336;2969,2987:3332.5047998321197;4613:3334.101048861827;7368:3345.8061608618273;7606:3346.0355528618275;5900:3349.5072488618275;3459:3350.2628168618276;4818:3350.8776968618276;5992:3351.3544808618276;6047:3355.5430088618277;5708:3356.9372888618277;3884:3359.476872861828;3030:3359.974896861828;3347:3361.9991048618276;7376:3362.4344888618275;2207:3362.8433768618274;3446:3365.6667848618276;3720:3368.6964728618277;5332:3369.6879128618275;251:3370.4354888618277;2711:3371.5733048618276;3358:3373.7883128618278;2296:3382.0893128618277;5495:3382.3061528618277;5697:3383.4099128618277;5497:3384.1073528618276;5500:3387.0145928618276;670:3388.4119928618275;5502:3390.7594328618275;5512:3394.2811928618275;5520:3396.7351928618277;5531:3398.4321128618276;6313:3399.4571528618276;6632:3401.7541928618275;6644:3403.3254728618276;3793:3405.1746728618277;6319:3406.0903928618277;7102:3406.5684728618276;3741:3407.1081128618275;7384:3414.7671128618276;6414:3419.9742728618276;5446:3422.2420328618277;2447:3426.1781528618276;2571:3433.7670728618277;42:3438.435072861828;2577:3439.107552861828;2566:3447.706632861828;3033:3448.337592861828;3036:3450.607152861828;2469:3454.1994728618283;2404:3457.5229928618282;2235:3458.806392861828;3762:3459.229824861828;5287:3459.768888861828;310:3462.559104861828;2280:3463.158216861828;1447:3463.604112861828;6261:3467.4821048618282;3764:3468.4878008618284;4397:3469.0384568618283;4745:3469.264752861828;4182:3473.718528861828;4187:3476.380584861828;4191:3477.118872861828;4195:3491.582160861828;4202:3492.584688861828;336:3493.607808861828;2969:3494.7341339098816
0,0,default_vehtype,boarding,True,3494.7341339098816,3524.7341339098816,2969;-1;-1,2969;-1;-1,0.0,0.9435913499867832,0.9435913499867832,0.0,,0,93;110,2,110,93,,
0,2,default_vehtype,boarding,True,3455.2038219526457,3485.2038219526457,2975;-1;-1,2975;-1;-1,0.0,0.960647061741239,0.960647061741239,0.0,,0,104,1,,104,,
0,3,default_vehtype,route,False,3420.0,3536.533235490484,2972;-1;-1,2990;-1;-1,1039.575804707168,0.689381960190773,0.6892780026103023,0.0,,0,,0,,,2972;6079;3446;3720;5332;251;2711;3358;2296;5495;5696;3307;3987;6878;746;2834;2045;2835;2641;7396;2616;486;2838;3722;3732;544;7400;5449;2990,2972:3420;6079:3421.378855611566;3446:3424.202263611566;3720:3427.2319516115663;5332:3428.223391611566;251:3428.9709676115663;2711:3430.108783611566;3358:3432.3237916115663;2296:3440.6247916115663;5495:3440.8416316115663;5696:3441.6043516115665;3307:3452.3427916115666;3987:3459.1699516115664;6878:3459.7733116115664;746:3460.8413116115667;2834:3464.905711611567;2045:3479.4439516115667;2835:3481.8090316115668;2641:3491.020111611567;7396:3491.614471611567;2616:3496.976071611567;486:3497.887831611567;2838:3504.212551611567;3722:3507.731791611567;3732:3530.181511611567;544:3532.871071611567;7400:3533.946631611567;5449:3535.145671611567;2990:3536.533235490484
0,6,default_vehtype,boarding,True,3463.963685496178,3493.963685496178,2978;-1;-1,2978;-1;-1,0.0,0.7619825764286384,0.7619825764286384,0.0,,0,106,1,106,,,
0,3,default_vehtype,boarding,True,3536.533235490484,3566.533235490484,2990;-1;-1,2990;-1;-1,0.0,0.6892780026103023,0.6892780026103023,0.0,,0,107,1,107,,,
0,4,default_vehtype,route,False,3364.421928888724,3540.5093095015764,2979;-1;-1,2969;-1;-1,2297.2581998185115,0.8204057650695463,0.8201760392495644,0.0,,0,99,1,,,2979;2786;2307;3549;6384;4032;1804;4811;5237;608;459;2416;4011;5246;363;366;2314;2877;1748;2880;906;984;2268;1857;1806;1371;938;5442;4054;2205;1369;2047;3631;4079;4572;4577;778;3636;3639;3642;7178;5275;5297;5072;1464;2847;5825;4587;5794;3202;2065;2023;4203;4198;336;2969,2979:3364.421928888724;2786:3366.4268644535227;2307:3369.9456244535227;3549:3375.5828644535227;6384:3375.844704453523;4032:3379.066344453523;1804:3379.982256453523;4811:3381.664896453523;5237:3386.405376453523;608:3395.2714564535227;459:3395.6012164535227;2416:3397.8148564535227;4011:3398.4789844535226;5246:3404.404152453523;363:3411.3128404535228;366:3412.7179204535228;2314:3413.8627924535226;2877:3427.0338964535226;1748:3428.1524164535226;2880:3429.3142084535225;906:3441.5395204535225;984:3444.3092164535224;2268:3445.0570804535223;1857:3445.4430004535225;1806:3446.1051844535223;1371:3446.7753604535224;938:3449.356488453522;5442:3459.077136453522;4054:3466.717128453522;2205:3472.4695684535222;1369:3478.915728453522;2047:3479.8587844535223;3631:3481.4216164535223;4079:3482.488872453522;4572:3486.287304453522;4577:3488.0199844535223;778:3492.3263044535224;3636:3493.3296964535225;3639:3494.1828244535227;3642:3495.2464084535227;7178:3498.8248084535226;5275:3503.3340964535228;5297:3506.7129124535227;5072:3506.9431684535225;1464:3513.8836804535226;2847:3514.954392453523;5825:3517.8530404535227;4587:3520.1333524535225;5794:3521.7534964535225;3202:3525.8748484535226;2065:3531.0191044535227;2023:3536.5774324535228;4203:3537.378216453523;4198:3538.3598644535227;336:3539.3829844535226;2969:3540.5093095015764
0,4,default_vehtype,boarding,True,3540.5093095015764,3570.5093095015764,2969;-1;-1,2969;-1;-1,0.0,0.8201760392495644,0.8201760392495644,0.0,,0,99,1,,99,,
0,5,default_vehtype,route,False,3326.533235490484,3542.241478240906,2990;-1;-1,2976;-1;-1,1797.5686895868587,0.5415498383330453,0.5413700814640866,0.0,,0,102,1,,,2990;2552;1946;7401;3551;3849;7263;5060;3728;4936;1207;2554;4974;5249;6709;2464;7135;1193;552;2755;7131;3567;888;712;2718;754;611;1812;1186;7311;3767;4527;3089;3131;5447;7352;414;122;3426;4314;68;7318;7325;3011;4;4345;7330;2976,2990:3326.533235490484;2552:3329.3989516115676;1946:3333.6522316115675;7401:3334.8512716115674;3551:3336.2099116115673;3849:3340.2548716115675;7263:3341.2295116115674;5060:3342.0127516115676;3728:3347.8211116115676;4936:3358.128511611568;1207:3362.498071611568;2554:3363.0469516115677;4974:3363.8198716115676;5249:3369.6237916115674;6709:3371.5509916115675;2464:3387.4105516115674;7135:3395.3426716115673;1193:3396.442711611567;552:3400.940911611567;2755:3402.770071611567;7131:3410.7272716115667;3567:3420.606151611567;888:3421.0644316115668;712:3424.8000316115667;2718:3425.7372316115666;754:3469.2973516115667;611:3470.5459516115666;1812:3475.1171116115665;1186:3476.2943116115666;7311:3477.1099516115664;3767:3479.1163516115666;4527:3481.9131916115666;3089:3490.3227916115666;3131:3490.8030316115664;5447:3493.1906716115664;7352:3494.5020316115665;414:3496.9717516115666;122:3509.3261116115664;3426:3510.5796316115666;4314:3511.7625916115667;68:3517.3609516115666;7318:3524.0289916115667;7325:3527.3557516115666;3011:3531.3663916115665;4:3536.1515116115665;4345:3538.1949916115664;7330:3539.3979916115663;2976:3542.241478240906
0,5,default_vehtype,boarding,True,3542.241478240906,3572.241478240906,2976;-1;-1,2976;-1;-1,0.0,0.5413700814640866,0.5413700814640866,0.0,,0,102,1,,102,,
0,2,default_vehtype,route,False,3540.0,3648.349824301108,2975;-1;-1,2988;-1;-1,1348.7991556037957,0.960647061741239,0.9605121818256787,0.0,,0,,0,,,2975;1166;793;118;3979;4275;103;6480;7360;3154;6028;5745;6035;5743;6038;6041;7365;6050;6068;6077;3629;4502;6912;2108;7370;7608;5900;3459;4818;5992;6047;5708;3884;3030;3347;7376;2207;2988,2975:3540;1166:3550.110872744087;793:3562.226432744087;118:3568.090712744087;3979:3569.941256744087;4275:3570.5325927440867;103:3571.675520744087;6480:3584.997248744087;7360:3590.4991287440866;3154:3591.590936744087;6028:3592.5520647440867;5745:3594.0436887440865;6035:3595.9670967440866;5743:3597.3365367440865;6038:3599.3519607440867;6041:3600.6282327440867;7365:3607.291400744087;6050:3609.564944744087;6068:3613.791272744087;6077:3614.436968744087;3629:3615.994256744087;4502:3616.457144744087;6912:3621.605576744087;2108:3623.501984744087;7370:3630.028712744087;7608:3630.258104744087;5900:3633.7298007440872;3459:3634.4853687440873;4818:3635.1002487440874;5992:3635.5770327440873;6047:3639.7655607440875;5708:3641.1598407440874;3884:3643.6994247440875;3030:3644.1974487440875;3347:3646.2216567440873;7376:3646.657040744087;2207:3647.065928744087;2988:3648.349824301108
0,5,default_vehtype,route,False,3572.241478240906,3602.399499508454,2976;-1;-1,2977;-1;-1,251.31684389623734,0.5413700814640866,0.541344949779697,0.0,,0,,0,,,2976;7557;7316;7531;2802;2977,2976:3572.241478240906;7557:3577.231831611566;7316:3584.626831611566;7531:3592.181791611566;2802:3599.397271611566;2977:3602.399499508454
0,5,default_vehtype,boarding,True,3602.399499508454,3632.399499508454,2977;-1;-1,2977;-1;-1,0.0,0.541344949779697,0.541344949779697,0.0,,0,111,1,111,,,
0,7,default_vehtype,route,False,3480.0,3602.0879590879276,1071;1070;0.593,2989;-1;-1,1151.8329700766221,0.7698589109200802,0.7697437276230725,0.0,,0,105,1,,,1071;1070;1069;1067;1504;4396;710;2281;4664;6260;3300;1832;708;6180;2405;6169;2744;2567;2576;3077;3241;88;2758;2742;2448;2353;6140;7386;3742;7100;6318;737;6639;2446;2301;1992;1990;1988;1985;3729;5498;5496;5699;5494;5695;3307;3987;6878;2989,1071:3480;1070:3485.885515981901;1069:3486.623803981901;1067:3489.285859981901;1504:3493.739635981901;4396:3493.9659319819007;710:3494.5165879819006;2281:3495.5222839819007;4664:3499.400275981901;6260:3499.846171981901;3300:3500.445283981901;1832:3503.235499981901;708:3503.774563981901;6180:3504.197995981901;2405:3506.420395981901;6169:3509.897515981901;2744:3514.498075981901;2567:3516.341035981901;2576:3524.8295959819006;3077:3526.9622359819004;3241:3530.0911159819007;88:3532.0179559819007;2758:3533.9813959819007;2742:3534.387835981901;2448:3537.573475981901;2353:3543.774355981901;6140:3548.945395981901;7386:3550.287835981901;3742:3557.946835981901;7100:3558.486475981901;6318:3558.964555981901;737:3559.880275981901;6639:3561.729475981901;2446:3563.300755981901;2301:3565.597795981901;1992:3566.622835981901;1990:3568.319755981901;1988:3570.773755981901;1985:3574.295515981901;3729:3576.642955981901;5498:3578.040355981901;5496:3580.947595981901;5699:3581.645035981901;5494:3582.748795981901;5695:3583.511515981901;3307:3594.249955981901;3987:3601.077115981901;6878:3601.680475981901;2989:3602.0879590879276
0,7,default_vehtype,boarding,True,3602.0879590879276,3632.0879590879276,2989;-1;-1,2989;-1;-1,0.0,0.7697437276230725,0.7697437276230725,0.0,,0,105;108,2,108,,,
0,8,default_vehtype,route,False,3480.0,3638.424886673119,2992;-1;-1,2966;-1;-1,1413.7091051984648,0.9137947588844891,0.9136533879739693,0.0,,0,,0,,,2992;2526;3895;5465;7450;4482;6930;7615;3488;4485;5469;2998;901;1083;1355;1961;1962;1033;1559;1958;2907;636;1954;1949;186;333;2164;695;694;1041;1623;1383;2333;2966,2992:3480;2526:3489.2022475349454;3895:3490.4692315349453;5465:3498.001151534945;7450:3498.9853915349454;4482:3501.6521275349455;6930:3502.9678555349456;7615:3506.8642075349458;3488:3508.188359534946;4485:3512.7430075349457;5469:3513.104231534946;2998:3513.512687534946;901:3514.758215534946;1083:3517.5486475349458;1355:3531.237935534946;1961:3532.2206635349457;1962:3533.159543534946;1033:3534.368999534946;1559:3540.753095534946;1958:3548.1001195349463;2907:3548.7237835349465;636:3551.5389115349467;1954:3552.149615534947;1949:3561.049751534947;186:3562.615895534947;333:3563.255615534947;2164:3563.872007534947;695:3568.579295534947;694:3571.748015534947;1041:3572.5669435349473;1623:3576.9502006778043;1383:3588.035629249233;2333:3628.189514963519;2966:3638.424886673119
0,2,default_vehtype,boarding,True,3648.349824301108,3678.349824301108,2988;-1;-1,2988;-1;-1,0.0,0.9605121818256787,0.9605121818256787,0.0,,0,112,1,112,,,
0,3,default_vehtype,route,False,3566.533235490484,3669.648827629667,2990;-1;-1,2993;-1;-1,1265.245690149289,0.6892780026103023,0.6891514780412873,0.0,,0,107,1,,,2990;2552;4848;3271;4846;4989;5000;337;1075;537;18;5629;1068;2559;6740;1717;2067;2063;1937;6789;3895;5465;7450;2993,2990:3566.533235490484;2552:3569.3989516115676;4848:3576.8792716115677;3271:3582.4323916115677;4846:3584.3054716115676;4989:3596.5779916115675;5000:3601.3375516115675;337:3609.0977836115676;1075:3610.1216236115674;537:3611.0756236115676;18:3616.9431916115677;5629:3622.7926156115677;1068:3625.3450156115678;2559:3632.395615611568;6740:3636.866239611568;1717:3642.699967611568;2067:3643.437751611568;2063:3644.154007611568;1937:3647.423959611568;6789:3657.960367611568;3895:3659.227351611568;5465:3666.759271611568;7450:3667.743511611568;2993:3669.648827629667
0,3,default_vehtype,boarding,True,3669.648827629667,3699.648827629667,2993;-1;-1,2993;-1;-1,0.0,0.6891514780412873,0.6891514780412873,0.0,,0,107,1,,107,,
0,3,default_vehtype,route,False,3699.648827629667,3705.513597176794,2993;-1;-1,2967;-1;-1,81.45513259898192,0.6891514780412873,0.6891433325280274,0.0,,0,,0,,,2993;4483;7446;1960;2967,2993:3699.648827629667;4483:3700.410247611568;7446:3703.0769836115683;1960:3704.0612236115685;2967:3705.513597176794
0,4,default_vehtype,route,False,3660.0,3706.9834627899613,2969;-1;-1,2970;-1;-1,456.06829520493284,0.8201760392495644,0.8201304324200439,0.0,,0,,0,,,2969;7192;1664;1659;4844;3270;4850;6823;1946;7401;3560;2970,2969:3660;7192:3663.6036429519463;1664:3666.8575389519465;1659:3671.6170989519464;4844:3683.8896189519464;3270:3685.7626989519463;4850:3691.3158189519463;6823:3698.7961389519464;1946:3703.0494189519463;7401:3704.2484589519463;3560:3705.3240189519465;2970:3706.9834627899613
0,6,default_vehtype,route,False,3493.963685496178,3707.1197332605793,2978;-1;-1,2991;-1;-1,2604.1815706442994,0.7619825764286384,0.761722158271574,0.0,,0,106,1,,,2978;4103;6297;1434;3820;3877;2787;4993;6537;7281;2307;3549;6384;4032;1804;4811;5237;608;459;2416;4011;5246;363;366;2314;2877;1748;2880;906;984;2268;1857;1806;1371;938;5442;4054;2205;1369;2047;3631;4079;4572;4577;778;3636;3639;3642;7178;5275;5297;5072;1464;2847;5825;4587;5794;3202;2065;2023;4203;537;2991,2978:3493.963685496178;4103:3496.5826421912057;6297:3498.9419621912057;1434:3504.9010421912058;3820:3510.0096821912057;3877:3511.917562191206;2787:3520.710082191206;4993:3521.7591221912057;6537:3527.558962191206;7281:3533.394082191206;2307:3536.912842191206;3549:3542.550082191206;6384:3542.811922191206;4032:3546.0335621912063;1804:3546.9494741912063;4811:3548.6321141912063;5237:3553.372594191206;608:3562.238674191206;459:3562.568434191206;2416:3564.782074191206;4011:3565.446202191206;5246:3571.371370191206;363:3578.280058191206;366:3579.685138191206;2314:3580.830010191206;2877:3594.001114191206;1748:3595.119634191206;2880:3596.281426191206;906:3608.506738191206;984:3611.2764341912057;2268:3612.0242981912056;1857:3612.410218191206;1806:3613.0724021912056;1371:3613.7425781912057;938:3616.3237061912055;5442:3626.0443541912055;4054:3633.6843461912053;2205:3639.4367861912056;1369:3645.8829461912055;2047:3646.8260021912056;3631:3648.3888341912057;4079:3649.4560901912055;4572:3653.2545221912055;4577:3654.9872021912056;778:3659.2935221912057;3636:3660.296914191206;3639:3661.150042191206;3642:3662.213626191206;7178:3665.792026191206;5275:3670.301314191206;5297:3673.680130191206;5072:3673.910386191206;1464:3680.850898191206;2847:3681.921610191206;5825:3684.820258191206;4587:3687.100570191206;5794:3688.720714191206;3202:3692.842066191206;2065:3697.986322191206;2023:3703.544650191206;4203:3704.345434191206;537:3705.2994341912063;2991:3707.1197332605793
0,8,default_vehtype,boarding,True,3638.424886673119,3668.424886673119,2966;-1;-1,2966;-1;-1,0.0,0.9136533879739693,0.9136533879739693,0.0,,0,109,1,109,,,
0,1,default_vehtype,route,False,3448.3286082162927,3749.7589579375435,2980;-1;-1,2988;-1;-1,2580.00288138907,0.8547917916536968,0.854533791365558,0.0,,0,103,1,,,2980;914;2135;1730;2664;2579;2961;2407;2581;370;361;2874;1887;4059;910;6541;3462;3648;2851;2850;1801;1560;5242;4277;5239;6501;3911;5389;7301;3914;5398;5400;4040;4041;5374;5418;5424;5403;6546;1200;7312;3767;4527;3089;3131;5447;7352;414;122;3426;4305;793;118;3979;4275;103;6480;7360;3154;6028;5745;6035;5743;6038;6041;7365;6050;6068;6077;3629;4502;6912;2108;7370;7608;5900;3459;4818;5992;6047;5708;3884;3030;3347;7376;2207;2988,2980:3448.3286082162927;914:3464.21077895195;2135:3472.1616360948074;1730:3487.61797895195;2664:3489.4400932376643;2579:3494.3160360948073;2961:3511.0868932376643;2407:3516.335693237664;2581:3524.8229503805214;370:3526.4057983805214;361:3528.9029023805215;2874:3529.4889103805217;1887:3535.144294380522;4059:3537.063598380522;910:3541.579798380522;6541:3542.2439263805218;3462:3544.4575663805217;3648:3544.787326380522;2851:3549.4615663805216;2850:3550.3949263805216;1801:3553.690606380522;1560:3558.4310863805217;5242:3560.1137263805217;4277:3561.7018063805217;5239:3567.206446380522;6501:3573.1690063805218;3911:3582.5238463805217;5389:3583.589686380522;7301:3583.843606380522;3914:3585.027286380522;5398:3586.204126380522;5400:3587.530726380522;4040:3596.835526380522;4041:3599.779846380522;5374:3604.032406380522;5418:3605.069686380522;5424:3605.2129663805217;5403:3606.318286380522;6546:3610.545166380522;1200:3615.154246380522;7312:3616.648006380522;3767:3618.6544063805222;4527:3621.451246380522;3089:3629.860846380522;3131:3630.341086380522;5447:3632.728726380522;7352:3634.040086380522;414:3636.509806380522;122:3648.864166380522;3426:3650.117686380522;4305:3651.5200063805223;793:3663.6355663805225;118:3669.4998463805223;3979:3671.350390380522;4275:3671.941726380522;103:3673.0846543805224;6480:3686.4063823805222;7360:3691.908262380522;3154:3693.000070380522;6028:3693.961198380522;5745:3695.452822380522;6035:3697.376230380522;5743:3698.745670380522;6038:3700.761094380522;6041:3702.037366380522;7365:3708.700534380522;6050:3710.9740783805223;6068:3715.2004063805225;6077:3715.8461023805226;3629:3717.4033903805225;4502:3717.8662783805225;6912:3723.0147103805225;2108:3724.9111183805226;7370:3731.4378463805224;7608:3731.6672383805226;5900:3735.1389343805226;3459:3735.8945023805227;4818:3736.5093823805228;5992:3736.9861663805227;6047:3741.174694380523;5708:3742.568974380523;3884:3745.108558380523;3030:3745.606582380523;3347:3747.6307903805227;7376:3748.0661743805226;2207:3748.4750623805226;2988:3749.7589579375435
0,1,default_vehtype,boarding,True,3749.7589579375435,3779.7589579375435,2988;-1;-1,2988;-1;-1,0.0,0.854533791365558,0.854533791365558,0.0,,0,103,1,,103,,
0,3,default_vehtype,boarding,True,3705.513597176794,3735.513597176794,2967;-1;-1,2967;-1;-1,0.0,0.6891433325280274,0.6891433325280274,0.0,,0,113,1,113,,,
0,4,default_vehtype,boarding,True,3706.9834627899613,3736.9834627899613,2970;-1;-1,2970;-1;-1,0.0,0.8201304324200439,0.8201304324200439,0.0,,0,114,1,114,,,
0,6,default_vehtype,boarding,True,3707.1197332605793,3737.1197332605793,2991;-1;-1,2991;-1;-1,0.0,0.761722158271574,0.761722158271574,0.0,,0,106,1,,106,,
0,7,default_vehtype,route,False,3632.0879590879276,3759.055115237815,2989;-1;-1,2975;-1;-1,1557.616034582387,0.7697437276230725,0.7695879660196143,0.0,,0,105;108,2,,,2989;3808;6876;885;316;2042;1982;6306;374;7114;3246;5330;661;445;6080;7381;364;3029;3886;5711;6045;2157;4817;456;5901;7605;2830;5852;6913;1321;597;2204;6066;6049;7367;2188;2186;5744;6033;5746;6031;146;2828;2376;3091;4274;880;3109;3874;2975,2989:3632.0879590879276;3808:3632.7484759819013;6876:3633.8164759819015;885:3634.4198359819015;316:3641.2469959819014;2042:3651.9854359819014;1982:3652.7481559819016;6306:3652.9649959819017;374:3661.2659959819016;7114:3663.4810039819017;3246:3664.6188199819017;5330:3665.366395981902;661:3666.3578359819016;445:3669.3875239819017;6080:3672.210931981902;7381:3672.619819981902;364:3673.0552039819017;3029:3675.0794119819016;3886:3675.5774359819015;5711:3678.1170199819016;6045:3679.5112999819016;2157:3683.6998279819018;4817:3684.1766119819017;456:3684.791491981902;5901:3685.547059981902;7605:3689.018755981902;2830:3689.248147981902;5852:3695.774875981902;6913:3697.671283981902;1321:3702.819715981902;597:3703.282603981902;2204:3704.839891981902;6066:3705.485587981902;6049:3709.711915981902;7367:3711.9854599819023;2188:3718.6486279819023;2186:3719.9248999819024;5744:3721.9403239819026;6033:3723.3097639819025;5746:3725.2331719819026;6031:3726.7247959819024;146:3727.6859239819023;2828:3728.7777319819024;2376:3734.2796119819022;3091:3747.601339981902;4274:3748.7442679819023;880:3749.3356039819023;3109:3751.186147981902;3874:3757.050427981902;2975:3759.055115237815
0,0,default_vehtype,route,False,3524.7341339098816,3804.410719472855,2969;-1;-1,2983;-1;-1,3227.3280516466903,0.9435913499867832,0.9432686171816185,0.0,,0,110,1,,,2969;7192;1664;337;1075;5648;5759;205;5793;1407;5826;7411;4686;5074;5295;5274;7181;604;603;602;3851;4573;1400;971;598;1368;591;585;940;1370;939;1903;983;3921;840;2881;5099;2878;1735;2581;370;361;2874;1887;4059;910;6541;3462;3648;2851;2850;1801;1560;5242;922;6385;3550;6322;7280;2411;1661;7283;796;751;4635;6299;4102;4325;7285;1218;7334;7010;820;7498;276;2915;2661;7517;6201;7314;2983,2969:3524.7341339098816;7192:3528.337776861828;1664:3531.591672861828;337:3539.351904861828;1075:3540.375744861828;5648:3541.176528861828;5759:3546.734856861828;205:3551.879112861828;5793:3556.0004648618283;1407:3557.6206088618283;5826:3559.900920861828;7411:3562.799568861828;4686:3563.870280861828;5074:3570.8107928618283;5295:3571.041048861828;5274:3574.419864861828;7181:3578.9291528618282;604:3582.507552861828;603:3583.571136861828;602:3584.4242648618283;3851:3585.4276568618284;4573:3589.7339768618285;1400:3591.4666568618286;971:3595.2650888618286;598:3596.3323448618285;1368:3597.2926808618286;591:3603.163632861829;585:3616.334880861829;940:3622.9147448618287;1370:3629.941368861829;939:3630.638040861829;1903:3631.4596328618286;983:3632.4421448618286;3921:3636.2402888618285;840:3640.8011288618286;2881:3647.4317528618285;5099:3648.5846168618286;2878:3649.7126408618287;1735:3660.6969608618288;2581:3662.0363768618286;370:3663.6192248618286;361:3666.1163288618286;2874:3666.702336861829;1887:3672.357720861829;4059:3674.277024861829;910:3678.793224861829;6541:3679.457352861829;3462:3681.670992861829;3648:3682.000752861829;2851:3686.6749928618287;2850:3687.6083528618287;1801:3690.904032861829;1560:3695.644512861829;5242:3697.327152861829;922:3698.2430648618288;6385:3701.464704861829;3550:3701.726544861829;6322:3707.363784861829;7280:3710.882544861829;2411:3716.7176648618292;1661:3722.5175048618294;7283:3723.5665448618292;796:3732.359064861829;751:3734.2669448618294;4635:3739.3755848618293;6299:3745.3346648618294;4102:3747.6939848618294;4325:3752.9851448618297;7285:3753.90206486183;1218:3755.02526486183;7334:3762.6063848618296;7010:3765.5138648618295;820:3767.4948248618293;7498:3767.962824861829;276:3768.0744248618294;2915:3779.4204248618294;2661:3786.6537848618295;7517:3793.9657448618295;6201:3794.8268648618296;7314:3801.7221848618296;2983:3804.410719472855
0,0,default_vehtype,boarding,True,3804.410719472855,3834.410719472855,2983;-1;-1,2983;-1;-1,0.0,0.9432686171816185,0.9432686171816185,0.0,,0,110,1,,110,,
0,4,default_vehtype,route,False,3736.9834627899613,3791.084784,2970;-1;-1,2969;-1;-1,543.4817047950673,0.8201304324200439,0.8200760842495645,0.0,,0,114,1,,,2970;671;544;7400;5449;6824;4848;3271;4846;4989;5000;337;1075;4198;336;2969,2970:3736.9834627899613;671:3738.013578951947;544:3740.7031389519466;7400:3741.778698951947;5449:3742.977738951947;6824:3747.2310189519467;4848:3754.711338951947;3271:3760.264458951947;4846:3762.1375389519467;4989:3774.4100589519467;5000:3779.1696189519466;337:3786.9298509519467;1075:3787.9536909519466;4198:3788.9353389519465;336:3789.9584589519463;2969:3791.084784
0,4,default_vehtype,boarding,True,3791.084784,3821.084784,2969;-1;-1,2969;-1;-1,0.0,0.8200760842495645,0.8200760842495645,0.0,,0,114,1,,114,,
0,7,default_vehtype,boarding,True,3759.055115237815,3789.055115237815,2975;-1;-1,2975;-1;-1,0.0,0.7695879660196143,0.7695879660196143,0.0,,0,105;108,2,,105,,
0,7,default_vehtype,route,False,3789.055115237815,3832.2301546112412,2975;-1;-1,2976;-1;-1,359.7919947785567,0.7695879660196143,0.7695519868201365,0.0,,0,108,1,,,2975;1166;429;4313;68;7318;7325;3011;4;4345;7330;2976,2975:3789.055115237815;1166:3799.1659879819017;429:3800.568307981902;4313:3801.751267981902;68:3807.349627981902;7318:3814.017667981902;7325:3817.344427981902;3011:3821.355067981902;4:3826.140187981902;4345:3828.1836679819016;7330:3829.3866679819016;2976:3832.2301546112412
0,0,default_vehtype,route,False,3834.410719472855,3840.0,2983;-1;-1,7527;2802;0.147,46.57733772620852,0.9432686171816185,0.9432639594478458,0.0,,0,,0,,,2983;7527,2983:3834.410719472855;7527:3838.9376648618295
0,1,default_vehtype,route,False,3779.7589579375435,3845.925589350815,2988;-1;-1,2987;-1;-1,918.9809918509917,0.854533791365558,0.8544418932663729,0.0,,0,,0,,,2988;3447;6082;7383;364;3029;3886;5711;6045;2157;4817;456;5901;7605;2830;1420;1084;7357;2826;2827;4225;2987,2988:3779.7589579375435;3447:3781.2984703805223;6082:3784.1218783805225;7383:3784.5307663805224;364:3784.9661503805223;3029:3786.990358380522;3886:3787.488382380522;5711:3790.0279663805222;6045:3791.422246380522;2157:3795.6107743805223;4817:3796.0875583805223;456:3796.7024383805224;5901:3797.4580063805224;7605:3800.9297023805225;2830:3801.1590943805227;1420:3812.864206380523;1084:3816.3991903805227;7357:3820.9837183805225;2826:3830.1930223805225;2827:3839.4023263805225;4225:3843.9868543805223;2987:3845.925589350815
0,1,default_vehtype,boarding,True,3845.925589350815,3875.925589350815,2987;-1;-1,2987;-1;-1,0.0,0.8544418932663729,0.8544418932663729,0.0,,0,116,1,116,,,
0,2,default_vehtype,route,False,3678.349824301108,3888.7081933986624,2988;-1;-1,2982;-1;-1,2215.976056051721,0.9605121818256787,0.9602905842200735,0.0,,0,112,1,,,2988;3447;6082;7383;364;3029;3886;5711;6045;2157;4817;456;5901;7605;2830;5852;6913;1321;597;2204;6066;6049;7367;2188;2186;5744;6033;5746;6031;146;2828;2376;3091;4274;880;3109;3874;4306;429;3125;3406;2825;1944;130;99;4526;714;2800;4339;2419;5404;5421;1925;1883;926;925;5399;1905;830;2795;918;3075;7097;7290;2736;1744;1164;2789;1218;2982,2988:3678.349824301108;3447:3679.889336744087;6082:3682.712744744087;7383:3683.121632744087;364:3683.557016744087;3029:3685.5812247440867;3886:3686.0792487440867;5711:3688.618832744087;6045:3690.013112744087;2157:3694.201640744087;4817:3694.678424744087;456:3695.293304744087;5901:3696.048872744087;7605:3699.520568744087;2830:3699.7499607440873;5852:3706.276688744087;6913:3708.173096744087;1321:3713.321528744087;597:3713.784416744087;2204:3715.341704744087;6066:3715.987400744087;6049:3720.2137287440873;7367:3722.4872727440875;2188:3729.1504407440875;2186:3730.4267127440876;5744:3732.4421367440877;6033:3733.8115767440877;5746:3735.734984744088;6031:3737.2266087440876;146:3738.1877367440875;2828:3739.2795447440876;2376:3744.7814247440874;3091:3758.1031527440873;4274:3759.2460807440875;880:3759.8374167440875;3109:3761.6879607440874;3874:3767.552240744087;4306:3779.6678007440873;429:3781.0701207440875;3125:3782.3236407440877;3406:3794.6780007440875;2825:3797.1477207440876;1944:3798.4590807440877;130:3800.8467207440876;99:3801.3269607440875;4526:3809.7365607440875;714:3812.5334007440874;2800:3814.5398007440876;4339:3816.0335607440875;2419:3820.6426407440877;5404:3824.869520744088;5421:3825.974840744088;1925:3826.1181207440877;1883:3827.1554007440877;926:3831.4079607440876;925:3834.3522807440877;5399:3843.6570807440876;1905:3844.9836807440875;830:3846.1605207440875;2795:3847.3442007440876;918:3848.4863607440875;3075:3856.3593207440877;7097:3857.208680744088;7290:3863.0108007440876;2736:3871.7292807440876;1744:3873.1845207440874;1164:3884.2930407440876;2789:3885.7048407440875;1218:3886.8280407440875;2982:3888.7081933986624
0,4,default_vehtype,route,False,3821.084784,3875.3628914170017,2969;-1;-1,2992;-1;-1,753.8626030139021,0.8200760842495645,0.8200006979892631,0.0,,0,,0,,,2969;7192;1664;337;1075;537;18;5629;1068;2559;6740;1717;2067;2063;1937;2992,2969:3821.084784;7192:3824.6884269519464;1664:3827.9423229519466;337:3835.7025549519467;1075:3836.7263949519465;537:3837.6803949519467;18:3843.547962951947;5629:3849.397386951947;1068:3851.949786951947;2559:3859.000386951947;6740:3863.471010951947;1717:3869.304738951947;2067:3870.042522951947;2063:3870.758778951947;1937:3874.028730951947;2992:3875.3628914170017
0,5,default_vehtype,route,False,3632.399499508454,3887.227250680939,2977;-1;-1,2991;-1;-1,2383.691365711668,0.541344949779697,0.5411065806431259,0.0,,0,111,1,,,2977;6202;7315;7530;2803;7558;2806;4344;2996;3013;7322;2804;3061;1173;3425;3125;3406;2825;1944;130;99;4526;714;2800;4332;799;3653;3825;7127;1836;4248;5046;7138;6879;1367;3637;3640;3643;7179;5275;5297;5072;1464;2847;5825;4587;5794;3202;2065;2023;4203;537;2991,2977:3632.399499508454;6202:3636.292591611566;7315:3643.187911611566;7530:3650.403391611566;2803:3657.958351611566;7558:3665.353351611566;2806:3673.1871916115656;4344:3674.3901916115656;2996:3676.4336716115654;3013:3681.2187916115654;7322:3685.2294316115654;2804:3688.5561916115653;3061:3695.2242316115653;1173:3700.8225916115653;3425:3702.0055516115654;3125:3703.2590716115656;3406:3715.6134316115654;2825:3718.0831516115654;1944:3719.3945116115656;130:3721.7821516115655;99:3722.2623916115654;4526:3730.6719916115653;714:3733.4688316115653;2800:3735.4752316115655;4332:3736.2908716115653;799:3737.471791611565;3653:3742.068031611565;3825:3743.316631611565;7127:3786.876751611565;1836:3788.227711611565;4248:3802.772911611565;5046:3819.1134316115654;7138:3820.7520316115656;6879:3827.0184316115656;1367:3838.5113116115654;3637:3840.4044316115655;3640:3841.2575596115657;3643:3842.3211436115657;7179:3845.8995436115656;5275:3850.408831611566;5297:3853.7876476115657;5072:3854.0179036115655;1464:3860.9584156115657;2847:3862.029127611566;5825:3864.9277756115657;4587:3867.2080876115656;5794:3868.8282316115656;3202:3872.9495836115657;2065:3878.0938396115657;2023:3883.652167611566;4203:3884.452951611566;537:3885.406951611566;2991:3887.227250680939
0,7,default_vehtype,boarding,True,3832.2301546112412,3862.2301546112412,2976;-1;-1,2976;-1;-1,0.0,0.7695519868201365,0.7695519868201365,0.0,,0,108,1,,108,,
0,8,default_vehtype,route,False,3668.424886673119,3849.3943245158184,2966;-1;-1,2970;-1;-1,1660.3445869925658,0.9136533879739693,0.9134873535152701,0.0,,0,109,1,,,2966;2743;2631;2150;735;738;1096;3736;81;831;2413;1146;832;1880;1340;3638;3641;7177;5275;5297;5072;1464;2847;5825;4587;5794;3202;2065;2023;4203;4198;336;2759;1664;1659;4844;3270;4850;6823;1946;7401;3560;2970,2966:3668.424886673119;2743:3676.2687149635185;2631:3680.280143534947;2150:3697.2104292492327;735:3707.692600677804;738:3713.8604292492323;1096:3723.399400677804;3736:3723.662416677804;81:3727.5113206778037;831:3738.3579046778036;2413:3739.3456006778038;1146:3740.158984677804;832:3740.9674006778037;1880:3743.5650886778035;1340:3755.0979046778034;3638:3756.0843766778034;3641:3757.1479606778034;7177:3760.7263606778033;5275:3765.2356486778035;5297:3768.6144646778034;5072:3768.8447206778033;1464:3775.7852326778034;2847:3776.8559446778036;5825:3779.7545926778034;4587:3782.0349046778033;5794:3783.6550486778033;3202:3787.7764006778034;2065:3792.9206566778034;2023:3798.4789846778035;4203:3799.2797686778035;4198:3800.2614166778035;336:3801.2845366778033;2759:3806.0145046778034;1664:3809.2684006778036;1659:3814.0279606778035;4844:3826.3004806778035;3270:3828.1735606778034;4850:3833.7266806778034;6823:3841.2070006778035;1946:3845.4602806778034;7401:3846.6593206778034;3560:3847.7348806778036;2970:3849.3943245158184
0,8,default_vehtype,boarding,True,3849.3943245158184,3879.3943245158184,2970;-1;-1,2970;-1;-1,0.0,0.9134873535152701,0.9134873535152701,0.0,,0,109,1,,109,,
0,1,default_vehtype,route,False,3875.925589350815,3900.0,2987;-1;-1,3063;6027;0.364,334.3668145720186,0.8544418932663729,0.8544084565849157,0.0,,0,116,1,,,2987;4613;1084;7357;3525;6025;3063,2987:3875.925589350815;4613:3877.5218383805222;1084:3881.056822380522;7357:3885.641350380522;3525:3896.520190380522;6025:3898.261654380522;3063:3899.5263343805223
0,1,default_vehtype,route,False,3900.0,3926.6301240470557,3063;6027;0.364,2974;-1;-1,369.86283398687544,0.8544084565849157,0.854371470301517,0.0,,0,116,1,,,3063;6027;7362;2188;2186;5744;6033;5746;6031;146;2828;2974,3063:3900;6027:3900.8283103805225;7362:3904.8365503805226;2188:3911.4997183805226;2186:3912.7759903805227;5744:3914.791414380523;6033:3916.160854380523;5746:3918.084262380523;6031:3919.5758863805227;146:3920.5370143805226;2828:3921.6288223805227;2974:3926.6301240470557
0,1,default_vehtype,boarding,True,3926.6301240470557,3956.6301240470557,2974;-1;-1,2974;-1;-1,0.0,0.854371470301517,0.854371470301517,0.0,,0,116;122,2,122,,,
0,2,default_vehtype,boarding,True,3888.7081933986624,3918.7081933986624,2982;-1;-1,2982;-1;-1,0.0,0.9602905842200735,0.9602905842200735,0.0,,0,112,1,,112,,
0,2,default_vehtype,route,False,3918.7081933986624,3936.7026040490596,2982;-1;-1,2978;-1;-1,149.95342208664545,0.9602905842200735,0.9602755888778649,0.0,,0,,0,,,2982;2809;4365;7288;1182;2978,2982:3918.7081933986624;2809:3924.4091607440873;4365:3931.990280744087;7288:3933.113480744087;1182:3934.0304007440873;2978:3936.7026040490596
0,4,default_vehtype,boarding,True,3875.3628914170017,3905.3628914170017,2992;-1;-1,2992;-1;-1,0.0,0.8200006979892631,0.8200006979892631,0.0,,0,117,1,117,,,
0,5,default_vehtype,boarding,True,3887.227250680939,3917.227250680939,2991;-1;-1,2991;-1;-1,0.0,0.5411065806431259,0.5411065806431259,0.0,,0,111;121,2,121,111,,
0,6,default_vehtype,route,False,3737.1197332605793,3928.9438993370622,2991;-1;-1,2981;-1;-1,2335.0067446963876,0.761722158271574,0.7614886575971044,0.0,,0,,0,,,2991;3010;5658;3008;4585;330;4588;5827;7412;4686;5074;5295;5274;7181;604;603;602;3851;4573;1400;971;598;1368;591;585;940;1370;939;1903;983;3921;840;2881;5099;2878;1735;2581;370;361;2874;1887;4059;910;6541;3462;3648;2851;2850;1801;1560;5242;922;6385;3550;2981,2991:3737.1197332605793;3010:3741.1670021912064;5658:3741.9746021912065;3008:3750.0774821912064;4585:3772.4057621912066;330:3782.0014421912065;4588:3782.5738421912065;5827:3784.8541541912064;7412:3787.7528021912062;4686:3788.8235141912064;5074:3795.7640261912065;5295:3795.9942821912064;5274:3799.3730981912063;7181:3803.8823861912065;604:3807.4607861912064;603:3808.5243701912063;602:3809.3774981912065;3851:3810.3808901912066;4573:3814.6872101912068;1400:3816.419890191207;971:3820.218322191207;598:3821.2855781912067;1368:3822.245914191207;591:3828.116866191207;585:3841.288114191207;940:3847.867978191207;1370:3854.894602191207;939:3855.591274191207;1903:3856.412866191207;983:3857.395378191207;3921:3861.1935221912067;840:3865.754362191207;2881:3872.3849861912067;5099:3873.537850191207;2878:3874.665874191207;1735:3885.650194191207;2581:3886.989610191207;370:3888.572458191207;361:3891.069562191207;2874:3891.655570191207;1887:3897.310954191207;4059:3899.230258191207;910:3903.7464581912072;6541:3904.410586191207;3462:3906.624226191207;3648:3906.953986191207;2851:3911.628226191207;2850:3912.561586191207;1801:3915.857266191207;1560:3920.597746191207;5242:3922.280386191207;922:3923.196298191207;6385:3926.417938191207;3550:3926.6797781912073;2981:3928.9438993370622
0,6,default_vehtype,boarding,True,3928.9438993370622,3958.9438993370622,2981;-1;-1,2981;-1;-1,0.0,0.7614886575971044,0.7614886575971044,0.0,,0,115,1,115,,,
0,0,default_vehtype,route,False,3840.0,3962.7272980076846,7527;2802;0.147,2981;-1;-1,1045.7138833973695,0.9432639594478458,0.943159388059506,0.0,,0,,0,,,7527;2802;2251;7515;7037;7512;3274;2902;3901;7011;7336;4365;7288;4302;5102;7160;7294;2701;3076;4023;7300;1891;827;6499;1803;1141;5241;922;6385;3550;2981,7527:3840;2802:3846.1531448618293;2251:3853.0484648618294;7515:3853.9095848618294;7037:3861.2215448618294;7512:3868.4549048618296;3274:3879.8009048618296;2902:3879.91250486183;3901:3880.3805048618296;7011:3882.3614648618295;7336:3885.2689448618294;4365:3892.850064861829;7288:3893.973264861829;4302:3895.385064861829;5102:3906.4935848618293;7160:3907.948824861829;7294:3916.667304861829;2701:3922.469424861829;3076:3923.318784861829;4023:3931.191744861829;7300:3932.333904861829;1891:3932.587824861829;827:3933.6536648618294;6499:3943.0085048618294;1803:3948.9710648618293;1141:3954.4757048618294;5241:3956.0637848618294;922:3956.9796968618293;6385:3960.2013368618295;3550:3960.4631768618297;2981:3962.7272980076846
0,0,default_vehtype,boarding,True,3962.7272980076846,3992.7272980076846,2981;-1;-1,2981;-1;-1,0.0,0.943159388059506,0.943159388059506,0.0,,0,119,1,119,,,
0,2,default_vehtype,boarding,True,3936.7026040490596,3966.7026040490596,2978;-1;-1,2978;-1;-1,0.0,0.9602755888778649,0.9602755888778649,0.0,,0,118,1,118,,,
0,3,default_vehtype,route,False,3735.513597176794,4016.245050993966,2967;-1;-1,2986;-1;-1,3022.293303016282,0.6891433325280274,0.6888411031977257,0.0,,0,113,1,,,2967;3896;6788;5444;1716;2720;4210;1711;98;2497;7434;2760;542;1074;4204;5649;5760;205;5793;1407;5826;7411;4686;5074;5295;5274;7181;604;603;1365;2574;7139;1693;1114;5299;7129;754;611;1812;1186;7311;3767;4527;3089;3131;5447;7352;414;122;3426;4305;793;118;3979;4275;103;6480;7360;2986,2967:3735.513597176794;3896:3741.5931436115684;6788:3742.8601276115683;5444:3753.396535611568;1716:3756.186895611568;2720:3756.933535611568;4210:3757.831807611568;1711:3758.961487611568;98:3767.577295611568;2497:3769.087927611568;7434:3776.295775611568;2760:3782.834311611568;542:3790.362415611568;1074:3791.295823611568;4204:3792.2774716115678;5649:3793.078255611568;5760:3798.636583611568;205:3803.780839611568;5793:3807.902191611568;1407:3809.522335611568;5826:3811.802647611568;7411:3814.7012956115677;4686:3815.772007611568;5074:3822.712519611568;5295:3822.942775611568;5274:3826.321591611568;7181:3830.830879611568;604:3834.409279611568;603:3835.472863611568;1365:3837.4145836115677;2574:3848.9224636115678;7139:3855.1888636115677;1693:3856.827463611568;1114:3873.167983611568;5299:3887.713183611568;7129:3889.0641436115684;754:3932.6242636115685;611:3933.8728636115684;1812:3938.4440236115684;1186:3939.6212236115684;7311:3940.4368636115682;3767:3942.4432636115685;4527:3945.2401036115684;3089:3953.6497036115684;3131:3954.1299436115683;5447:3956.517583611568;7352:3957.8289436115683;414:3960.2986636115684;122:3972.653023611568;3426:3973.9065436115684;4305:3975.3088636115685;793:3987.4244236115687;118:3993.2887036115685;3979:3995.1392476115684;4275:3995.7305836115684;103:3996.8735116115686;6480:4010.1952396115685;7360:4015.6971196115683;2986:4016.245050993966
0,4,default_vehtype,route,False,3905.3628914170017,4012.1337427899616,2992;-1;-1,2970;-1;-1,1286.4486921910307,0.8200006979892631,0.8198720531200441,0.0,,0,117,1,,,2992;2526;5444;1716;2720;4210;1711;98;2497;7434;2760;542;1074;336;2759;1664;1659;4844;3270;4850;6823;1946;7401;3560;2970,2992:3905.3628914170017;2526:3914.565138951947;5444:3925.101546951947;1716:3927.891906951947;2720:3928.638546951947;4210:3929.5368189519468;1711:3930.666498951947;98:3939.282306951947;2497:3940.792938951947;7434:3948.000786951947;2760:3954.539322951947;542:3962.067426951947;1074:3963.0008349519467;336:3964.0239549519465;2759:3968.7539229519466;1664:3972.007818951947;1659:3976.7673789519467;4844:3989.0398989519467;3270:3990.9129789519466;4850:3996.4660989519466;6823:4003.9464189519467;1946:4008.1996989519466;7401:4009.3987389519466;3560:4010.474298951947;2970:4012.1337427899616
0,8,default_vehtype,route,False,3879.3943245158184,3987.8482410662386,2970;-1;-1,2972;-1;-1,956.9275289670156,0.9134873535152701,0.9133916607623734,0.0,,0,,0,,,2970;671;662;7398;3491;6933;7394;6989;7392;5704;7389;3806;2573;885;316;2042;1982;6306;374;7114;3246;5330;661;445;2972,2970:3879.3943245158184;671:3880.424440677804;662:3902.874160677804;7398:3906.393400677804;3491:3912.718120677804;6933:3913.629880677804;7394:3918.9914806778042;6989:3919.5858406778043;7392:3928.7969206778043;5704:3931.1620006778044;7389:3945.7002406778042;3806:3949.7646406778044;2573:3950.8326406778046;885:3951.4360006778047;316:3958.2631606778045;2042:3969.0016006778046;1982:3969.764320677805;6306:3969.981160677805;374:3978.2821606778048;7114:3980.497168677805;3246:3981.634984677805;5330:3982.382560677805;661:3983.374000677805;445:3986.403688677805;2972:3987.8482410662386
0,8,default_vehtype,boarding,True,3987.8482410662386,4017.8482410662386,2972;-1;-1,2972;-1;-1,0.0,0.9133916607623734,0.9133916607623734,0.0,,0,120,1,120,,,
0,1,default_vehtype,route,False,3956.6301240470557,4055.2392662774105,2974;-1;-1,2977;-1;-1,918.4490426611129,0.854371470301517,0.854279625397251,0.0,,0,116;122,2,,,2974;6479;3091;4274;880;3109;3874;4306;429;4313;68;7318;7325;3011;4;4345;7330;7562;7316;7531;2802;2977,2974:3956.6301240470557;6479:3957.130702380523;3091:3970.452430380523;4274:3971.595358380523;880:3972.186694380523;3109:3974.037238380523;3874:3979.9015183805227;4306:3992.017078380523;429:3993.419398380523;4313:3994.602358380523;68:4000.200718380523;7318:4006.868758380523;7325:4010.195518380523;3011:4014.206158380523;4:4018.991278380523;4345:4021.034758380523;7330:4022.237758380523;7562:4030.0715983805226;7316:4037.4665983805226;7531:4045.0215583805225;2802:4052.2370383805223;2977:4055.2392662774105
0,3,default_vehtype,boarding,True,4016.245050993966,4046.245050993966,2986;-1;-1,2986;-1;-1,0.0,0.6888411031977257,0.6888411031977257,0.0,,0,113,1,,113,,
0,4,default_vehtype,boarding,True,4012.1337427899616,4042.1337427899616,2970;-1;-1,2970;-1;-1,0.0,0.8198720531200441,0.8198720531200441,0.0,,0,117,1,,117,,
0,7,default_vehtype,route,False,4020.0,4050.158021267548,2976;-1;-1,2977;-1;-1,251.31684389623734,0.7695519868201365,0.7695268551357468,0.0,,0,,0,,,2976;7557;7316;7531;2802;2977,2976:4020;7557:4024.99035337066;7316:4032.38535337066;7531:4039.94031337066;2802:4047.15579337066;2977:4050.158021267548
0,1,default_vehtype,boarding,True,4055.2392662774105,4085.2392662774105,2977;-1;-1,2977;-1;-1,0.0,0.854279625397251,0.854279625397251,0.0,,0,116;122,2,,116,,
0,3,default_vehtype,route,False,4080.0,4086.636986284135,2986;-1;-1,2974;-1;-1,92.18036505743055,0.6888411031977257,0.68883188516122,0.0,,0,,0,,,2986;3155;7358;2974,2986:4080;3155:4080.543876617602;7358:4081.6356846176022;2974:4086.636986284135
0,3,default_vehtype,boarding,True,4086.636986284135,4116.636986284135,2974;-1;-1,2974;-1;-1,0.0,0.68883188516122,0.68883188516122,0.0,,0,125,1,125,,,
0,7,default_vehtype,boarding,True,4050.158021267548,4080.158021267548,2977;-1;-1,2977;-1;-1,0.0,0.7695268551357468,0.7695268551357468,0.0,,0,124,1,124,,,
0,7,default_vehtype,route,False,4080.158021267548,4128.565036675632,2977;-1;-1,2978;-1;-1,403.3917950673678,0.7695268551357468,0.7694865159562401,0.0,,0,124,1,,,2977;6202;7516;7037;7512;3274;2902;3901;7011;7336;4365;7288;1182;2978,2977:4080.158021267548;6202:4084.05111337066;7516:4084.91223337066;7037:4092.22419337066;7512:4099.45755337066;3274:4110.80355337066;2902:4110.91515337066;3901:4111.38315337066;7011:4113.36411337066;7336:4116.2715933706595;4365:4123.852713370659;7288:4124.975913370659;1182:4125.892833370659;2978:4128.565036675632
0,8,default_vehtype,route,False,4017.8482410662386,4106.071279933718,2972;-1;-1,2975;-1;-1,1181.6034995154696,0.9133916607623734,0.913273500412422,0.0,,0,120,1,,,2972;6079;7380;364;3029;3886;5711;6045;2157;4817;456;5901;7605;2830;5852;6913;1321;597;2204;6066;6049;7367;2188;2186;5744;6033;5746;6031;146;2828;2376;3091;4274;880;3109;3874;2975,2972:4017.8482410662386;6079:4019.2270966778046;7380:4019.6359846778046;364:4020.0713686778045;3029:4022.0955766778043;3886:4022.5936006778043;5711:4025.1331846778044;6045:4026.5274646778043;2157:4030.7159926778045;4817:4031.1927766778044;456:4031.8076566778045;5901:4032.5632246778046;7605:4036.0349206778046;2830:4036.264312677805;5852:4042.7910406778046;6913:4044.6874486778047;1321:4049.8358806778047;597:4050.2987686778047;2204:4051.8560566778046;6066:4052.5017526778047;6049:4056.728080677805;7367:4059.001624677805;2188:4065.664792677805;2186:4066.941064677805;5744:4068.9564886778053;6033:4070.325928677805;5746:4072.2493366778053;6031:4073.740960677805;146:4074.702088677805;2828:4075.793896677805;2376:4081.295776677805;3091:4094.617504677805;4274:4095.760432677805;880:4096.351768677805;3109:4098.202312677805;3874:4104.066592677805;2975:4106.071279933718
0,8,default_vehtype,boarding,True,4106.071279933718,4136.071279933718,2975;-1;-1,2975;-1;-1,0.0,0.913273500412422,0.913273500412422,0.0,,0,120,1,,120,,
0,0,default_vehtype,route,False,3992.7272980076846,4155.502872814078,2981;-1;-1,2974;-1;-1,1500.4598469308316,0.943159388059506,0.9430093420748129,0.0,,0,119,1,,,2981;6320;3549;6384;4032;1804;4277;5239;6501;3911;5389;7301;3914;5398;5400;4040;4041;5374;5418;5424;5403;6546;1200;7312;3767;4527;3089;3131;5447;7352;414;122;3426;4305;793;118;3979;4275;103;6480;7360;3154;6028;2181;2180;146;2828;2974,2981:3992.7272980076846;6320:3996.1004168618297;3549:4001.7376568618297;6384:4001.99949686183;4032:4005.22113686183;1804:4006.13704886183;4277:4007.72512886183;5239:4013.22976886183;6501:4019.19232886183;3911:4028.54716886183;5389:4029.61300886183;7301:4029.8669288618303;3914:4031.0506088618304;5398:4032.2274488618305;5400:4033.5540488618303;4040:4042.85884886183;4041:4045.8031688618303;5374:4050.05572886183;5418:4051.09300886183;5424:4051.23628886183;5403:4052.34160886183;6546:4056.5684888618302;1200:4061.1775688618304;7312:4062.6713288618303;3767:4064.6777288618305;4527:4067.4745688618304;3089:4075.8841688618304;3131:4076.3644088618303;5447:4078.75204886183;7352:4080.0634088618303;414:4082.5331288618304;122:4094.88748886183;3426:4096.14100886183;4305:4097.543328861831;793:4109.658888861831;118:4115.5231688618305;3979:4117.37371286183;4275:4117.965048861831;103:4119.107976861831;6480:4132.429704861831;7360:4137.931584861831;3154:4139.023392861831;6028:4139.984520861831;2181:4144.216578004688;2180:4148.448635147545;146:4149.409763147545;2828:4150.501571147545;2974:4155.502872814078
0,0,default_vehtype,boarding,True,4155.502872814078,4185.502872814078,2974;-1;-1,2974;-1;-1,0.0,0.9430093420748129,0.9430093420748129,0.0,,0,119,1,,119,,
0,1,default_vehtype,route,False,4085.2392662774105,4168.643768177952,2977;-1;-1,2982;-1;-1,577.1723729807225,0.854279625397251,0.8542219081599529,0.0,,0,122,1,,,2977;6202;7516;7037;7512;3274;2902;3901;7011;7336;4365;7288;1182;1001;6296;6301;2298;2295;2293;4102;4325;7285;1218;2982,2977:4085.2392662774105;6202:4089.1323583805224;7516:4089.9934783805224;7037:4097.305438380523;7512:4104.538798380523;3274:4115.884798380523;2902:4115.996398380523;3901:4116.464398380523;7011:4118.4453583805225;7336:4121.352838380522;4365:4128.933958380522;7288:4130.057158380522;1182:4130.974078380522;1001:4136.265238380522;6296:4138.624558380521;6301:4143.566844094807;2298:4147.8487869519495;2295:4152.130729809092;2293:4157.073015523378;4102:4159.432335523377;4325:4164.723495523377;7285:4165.640415523377;1218:4166.763615523377;2982:4168.643768177952
0,1,default_vehtype,boarding,True,4168.643768177952,4198.643768177952,2982;-1;-1,2982;-1;-1,0.0,0.8542219081599529,0.8542219081599529,0.0,,0,122,1,,122,,
0,2,default_vehtype,route,False,3966.7026040490596,4180.2154457921415,2978;-1;-1,2969;-1;-1,2609.13704257042,0.9602755888778649,0.960014675173608,0.0,,0,118,1,,,2978;4103;6297;1434;3820;3877;2787;4993;6537;7281;2307;3549;6384;4032;1804;4811;5237;608;459;2416;4011;5246;363;366;2314;2877;1748;2880;906;984;2268;1857;1806;1371;938;5442;4054;2205;1369;2047;3631;4079;4572;4577;778;3636;3639;3642;7178;5275;5297;5072;1464;2847;5825;4587;5794;3202;2065;2023;4203;4198;336;2969,2978:3966.7026040490596;4103:3969.321560744087;6297:3971.680880744087;1434:3977.639960744087;3820:3982.748600744087;3877:3984.6564807440873;2787:3993.4490007440872;4993:3994.498040744087;6537:4000.2978807440873;7281:4006.1330007440874;2307:4009.6517607440874;3549:4015.2890007440874;6384:4015.5508407440875;4032:4018.7724807440877;1804:4019.6883927440877;4811:4021.3710327440876;5237:4026.1115127440876;608:4034.9775927440874;459:4035.3073527440874;2416:4037.5209927440874;4011:4038.1851207440873;5246:4044.1102887440875;363:4051.0189767440875;366:4052.4240567440875;2314:4053.5689287440873;2877:4066.7400327440873;1748:4067.8585527440873;2880:4069.020344744087;906:4081.2456567440872;984:4084.015352744087;2268:4084.763216744087;1857:4085.149136744087;1806:4085.811320744087;1371:4086.481496744087;938:4089.062624744087;5442:4098.783272744087;4054:4106.423264744088;2205:4112.175704744088;1369:4118.621864744088;2047:4119.564920744088;3631:4121.127752744088;4079:4122.195008744088;4572:4125.993440744088;4577:4127.726120744088;778:4132.032440744088;3636:4133.035832744087;3639:4133.888960744087;3642:4134.952544744087;7178:4138.530944744088;5275:4143.040232744088;5297:4146.419048744088;5072:4146.649304744088;1464:4153.589816744088;2847:4154.660528744088;5825:4157.559176744088;4587:4159.839488744088;5794:4161.459632744089;3202:4165.580984744089;2065:4170.725240744088;2023:4176.283568744088;4203:4177.084352744088;4198:4178.066000744088;336:4179.089120744088;2969:4180.2154457921415
0,5,default_vehtype,route,False,3917.227250680939,4166.997552648419,2991;-1;-1,2984;-1;-1,2197.0858961689896,0.5411065806431259,0.5408868720535089,0.0,,0,121,1,,,2991;3010;5658;3008;4585;330;4588;5827;7412;4686;5074;5295;5274;7181;604;603;1365;2574;7139;1693;1114;5299;7129;754;611;1812;1186;7311;3767;4527;3089;3131;5447;7352;414;122;3426;4314;68;7318;7325;3011;4;4345;1199;1204;2996;2984,2991:3917.227250680939;3010:3921.274519611566;5658:3922.082119611566;3008:3930.184999611566;4585:3952.5132796115663;330:3962.108959611566;4588:3962.681359611566;5827:3964.961671611566;7412:3967.860319611566;4686:3968.931031611566;5074:3975.8715436115663;5295:3976.101799611566;5274:3979.480615611566;7181:3983.989903611566;604:3987.568303611566;603:3988.631887611566;1365:3990.573607611566;2574:4002.081487611566;7139:4008.347887611566;1693:4009.986487611566;1114:4026.3270076115664;5299:4040.8722076115664;7129:4042.2231676115666;754:4085.7832876115667;611:4087.0318876115666;1812:4091.6030476115666;1186:4092.7802476115667;7311:4093.5958876115665;3767:4095.6022876115667;4527:4098.399127611567;3089:4106.808727611567;3131:4107.2889676115665;5447:4109.676607611566;7352:4110.987967611566;414:4113.457687611566;122:4125.812047611566;3426:4127.065567611567;4314:4128.248527611567;68:4133.846887611567;7318:4140.514927611566;7325:4143.841687611566;3011:4147.852327611567;4:4152.637447611566;4345:4154.680927611566;1199:4158.671270468709;1204:4162.661613325851;2996:4164.7050933258515;2984:4166.997552648419
0,5,default_vehtype,boarding,True,4166.997552648419,4196.997552648419,2984;-1;-1,2984;-1;-1,0.0,0.5408868720535089,0.5408868720535089,0.0,,0,121;126,2,126,121,,
0,6,default_vehtype,route,False,3958.9438993370622,4189.276814209304,2981;-1;-1,2993;-1;-1,3062.616046258137,0.7614886575971044,0.7611823959924786,0.0,,0,115,1,,,2981;6320;3549;6384;4032;1804;4811;5237;608;459;2416;4011;5246;363;366;2314;2877;1748;2880;906;984;2268;1857;1806;1371;938;5442;4054;2205;1369;2047;3631;4079;4572;4577;778;3636;3639;3642;7178;5275;5297;5072;1464;2847;5825;4587;5794;3202;2065;2023;4203;537;18;5629;1068;2559;6740;1717;2067;2063;1937;6789;3895;5465;7450;2993,2981:3958.9438993370622;6320:3962.3170181912074;3549:3967.9542581912074;6384:3968.2160981912075;4032:3971.4377381912077;1804:3972.3536501912076;4811:3974.0362901912076;5237:3978.7767701912076;608:3987.6428501912073;459:3987.9726101912074;2416:3990.1862501912074;4011:3990.8503781912073;5246:3996.7755461912075;363:4003.6842341912075;366:4005.0893141912074;2314:4006.2341861912073;2877:4019.4052901912073;1748:4020.5238101912073;2880:4021.685602191207;906:4033.910914191207;984:4036.680610191207;2268:4037.428474191207;1857:4037.814394191207;1806:4038.476578191207;1371:4039.146754191207;938:4041.727882191207;5442:4051.448530191207;4054:4059.0885221912067;2205:4064.840962191207;1369:4071.287122191207;2047:4072.230178191207;3631:4073.793010191207;4079:4074.860266191207;4572:4078.658698191207;4577:4080.391378191207;778:4084.697698191207;3636:4085.701090191207;3639:4086.5542181912074;3642:4087.6178021912074;7178:4091.1962021912072;5275:4095.7054901912074;5297:4099.084306191207;5072:4099.314562191207;1464:4106.255074191207;2847:4107.325786191207;5825:4110.224434191207;4587:4112.504746191207;5794:4114.124890191208;3202:4118.246242191208;2065:4123.390498191207;2023:4128.948826191207;4203:4129.7496101912075;537:4130.703610191207;18:4136.571178191207;5629:4142.420602191207;1068:4144.973002191206;2559:4152.023602191206;6740:4156.494226191206;1717:4162.327954191205;2067:4163.065738191205;2063:4163.781994191205;1937:4167.0519461912045;6789:4177.588354191204;3895:4178.855338191204;5465:4186.387258191205;7450:4187.371498191204;2993:4189.276814209304
0,7,default_vehtype,boarding,True,4128.565036675632,4158.565036675632,2978;-1;-1,2978;-1;-1,0.0,0.7694865159562401,0.7694865159562401,0.0,,0,124;123,2,123,,,
0,7,default_vehtype,route,False,4158.565036675632,4195.990497805859,2978;-1;-1,2979;-1;-1,311.87884275190765,0.7694865159562401,0.7694553280719649,0.0,,0,124;123,2,,,2978;4103;6297;1434;3820;3877;2787;4993;6537;2979,2978:4158.565036675632;4103:4161.18399337066;6297:4163.543313370659;1434:4169.502393370659;3820:4174.611033370659;3877:4176.518913370659;2787:4185.311433370659;4993:4186.360473370659;6537:4192.1603133706585;2979:4195.990497805859
0,0,default_vehtype,route,False,4185.502872814078,4234.016066117838,2974;-1;-1,2987;-1;-1,673.794351441106,0.9430093420748129,0.9429419626396688,0.0,,0,,0,,,2974;6479;7359;3154;6028;5745;6035;5743;6038;6041;7365;2179;3064;6023;3524;7356;4225;2987,2974:4185.502872814078;6479:4186.003451147545;7359:4191.505331147545;3154:4192.597139147545;6028:4193.558267147545;5745:4195.049891147545;6035:4196.973299147545;5743:4198.342739147545;6038:4200.358163147545;6041:4201.634435147545;7365:4208.2976031475455;2179:4212.305843147546;3064:4213.607819147545;6023:4214.872499147546;3524:4216.613963147545;7356:4227.492803147546;4225:4232.077331147546;2987:4234.016066117838
0,1,default_vehtype,route,False,4200.0,4217.994410650397,2982;-1;-1,2978;-1;-1,149.95342208664545,0.8542219081599529,0.8542069128177443,0.0,,0,,0,,,2982;2809;4365;7288;1182;2978,2982:4200;2809:4205.700967345425;4365:4213.282087345425;7288:4214.405287345425;1182:4215.322207345424;2978:4217.994410650397
0,1,default_vehtype,boarding,True,4217.994410650397,4247.994410650397,2978;-1;-1,2978;-1;-1,0.0,0.8542069128177443,0.8542069128177443,0.0,,0,129,1,129,,,
0,2,default_vehtype,boarding,True,4180.2154457921415,4210.2154457921415,2969;-1;-1,2969;-1;-1,0.0,0.960014675173608,0.960014675173608,0.0,,0,118,1,,118,,
0,5,default_vehtype,route,False,4196.997552648419,4210.365299955191,2984;-1;-1,2976;-1;-1,111.3978942231051,0.5408868720535089,0.5408757322640867,0.0,,0,126,1,,,2984;3012;4;4345;7330;2976,2984:4196.997552648419;3012:4199.490213325851;4:4204.275333325851;4345:4206.318813325851;7330:4207.521813325851;2976:4210.365299955191
0,5,default_vehtype,boarding,True,4210.365299955191,4240.365299955191,2976;-1;-1,2976;-1;-1,0.0,0.5408757322640867,0.5408757322640867,0.0,,0,126,1,,126,,
0,6,default_vehtype,boarding,True,4189.276814209304,4219.276814209304,2993;-1;-1,2993;-1;-1,0.0,0.7611823959924786,0.7611823959924786,0.0,,0,115,1,,115,,
0,6,default_vehtype,route,False,4219.276814209304,4253.68073865626,2993;-1;-1,2992;-1;-1,477.8322839854968,0.7611823959924786,0.76113461276408,0.0,,0,,0,,,2993;4483;7446;1960;816;6786;5444;1716;2720;4210;2067;2063;1937;2992,2993:4219.276814209304;4483:4220.0382341912045;7446:4222.704970191205;1960:4223.689210191204;816:4231.221130191205;6786:4232.488114191205;5444:4243.024522191205;1716:4245.814882191205;2720:4246.561522191205;4210:4247.459794191205;2067:4248.360370191205;2063:4249.076626191205;1937:4252.346578191205;2992:4253.68073865626
0,7,default_vehtype,boarding,True,4195.990497805859,4225.990497805859,2979;-1;-1,2979;-1;-1,0.0,0.7694553280719649,0.7694553280719649,0.0,,0,124;123,2,,124,,
0,0,default_vehtype,boarding,True,4234.016066117838,4264.016066117838,2987;-1;-1,2987;-1;-1,0.0,0.9429419626396688,0.9429419626396688,0.0,,0,127,1,127,,,
0,0,default_vehtype,route,False,4264.016066117838,4314.720600814079,2987;-1;-1,2974;-1;-1,704.2296485588942,0.9429419626396688,0.9428715396748129,0.0,,0,127,1,,,2987;4613;1084;7357;3525;6025;3063;6027;7362;2188;2186;5744;6033;5746;6031;146;2828;2974,2987:4264.016066117838;4613:4265.612315147546;1084:4269.147299147546;7357:4273.731827147546;3525:4284.610667147546;6025:4286.352131147546;3063:4287.616811147546;6027:4288.918787147546;7362:4292.927027147546;2188:4299.590195147546;2186:4300.866467147546;5744:4302.881891147546;6033:4304.251331147547;5746:4306.1747391475465;6031:4307.666363147547;146:4308.627491147547;2828:4309.719299147547;2974:4314.720600814079
0,6,default_vehtype,boarding,True,4253.68073865626,4283.68073865626,2992;-1;-1,2992;-1;-1,0.0,0.76113461276408,0.76113461276408,0.0,,0,128,1,128,,,
0,0,default_vehtype,boarding,True,4314.720600814079,4344.720600814079,2974;-1;-1,2974;-1;-1,0.0,0.9428715396748129,0.9428715396748129,0.0,,0,127,1,,127,,
0,2,default_vehtype,route,False,4260.0,4351.29543594574,2969;-1;-1,2967;-1;-1,1125.588451627387,0.960014675173608,0.9599021163284452,0.0,,0,,0,,,2969;7192;1664;337;1075;537;18;5629;1068;2559;6740;1717;2067;2063;1937;6789;3895;5465;7450;1719;3469;470;469;5079;7447;1960;2967,2969:4260;7192:4263.603642951946;1664:4266.8575389519465;337:4274.617770951946;1075:4275.641610951946;537:4276.595610951946;18:4282.463178951945;5629:4288.312602951945;1068:4290.865002951945;2559:4297.9156029519445;6740:4302.386226951944;1717:4308.219954951944;2067:4308.957738951944;2063:4309.673994951943;1937:4312.943946951943;6789:4323.480354951943;3895:4324.747338951943;5465:4332.279258951943;7450:4333.263498951943;1719:4334.080122951943;3469:4335.100074951943;470:4341.061160666229;469:4347.022246380515;5079:4348.0421983805145;7447:4348.8588223805145;1960:4349.843062380514;2967:4351.29543594574
0,3,default_vehtype,route,False,4116.636986284135,4331.7626473127575,2974;-1;-1,2970;-1;-1,2128.3671755038336,0.68883188516122,0.6886190484436696,0.0,,0,125,1,,,2974;6479;7359;3154;6028;5745;6035;5743;6038;6041;7365;6050;6068;6077;3629;4502;6912;2108;7370;7608;5900;3459;4818;5992;6047;5708;3884;3030;3347;7376;2207;3446;3720;5332;251;2711;3358;2296;5495;5696;3307;3987;6878;746;2834;2045;2835;2641;7396;2616;486;2838;3722;3732;544;7400;5449;6824;4848;1631;1593;6821;1946;7401;3560;2970,2974:4116.636986284135;6479:4117.137564617602;7359:4122.639444617602;3154:4123.731252617602;6028:4124.692380617602;5745:4126.184004617602;6035:4128.107412617602;5743:4129.476852617602;6038:4131.492276617602;6041:4132.768548617602;7365:4139.431716617602;6050:4141.705260617602;6068:4145.931588617602;6077:4146.577284617601;3629:4148.134572617601;4502:4148.597460617601;6912:4153.745892617601;2108:4155.642300617601;7370:4162.169028617601;7608:4162.398420617601;5900:4165.870116617601;3459:4166.6256846176;4818:4167.2405646176;5992:4167.717348617601;6047:4171.9058766176;5708:4173.300156617601;3884:4175.839740617601;3030:4176.337764617601;3347:4178.361972617601;7376:4178.7973566176015;2207:4179.206244617601;3446:4182.029652617602;3720:4185.059340617601;5332:4186.050780617601;251:4186.798356617601;2711:4187.936172617601;3358:4190.151180617601;2296:4198.452180617602;5495:4198.669020617602;5696:4199.4317406176015;3307:4210.1701806176015;3987:4216.997340617601;6878:4217.600700617601;746:4218.668700617602;2834:4222.733100617602;2045:4237.271340617602;2835:4239.636420617601;2641:4248.847500617601;7396:4249.441860617601;2616:4254.803460617602;486:4255.7152206176015;2838:4262.039940617601;3722:4265.559180617601;3732:4288.0089006176;544:4290.6984606176;7400:4291.7740206176;5449:4292.973060617601;6824:4297.226340617601;4848:4304.7066606176;1631:4310.400832046172;1593:4316.095003474743;6821:4323.575323474743;1946:4327.8286034747425;7401:4329.027643474743;3560:4330.103203474743;2970:4331.7626473127575
0,3,default_vehtype,boarding,True,4331.7626473127575,4361.7626473127575,2970;-1;-1,2970;-1;-1,0.0,0.6886190484436696,0.6886190484436696,0.0,,0,125,1,,125,,
0,4,default_vehtype,route,False,4320.0,4327.381840040903,2970;-1;-1,2990;-1;-1,61.51533367418344,0.8198720531200441,0.8198659015866766,0.0,,0,,0,,,2970;671;544;7400;5449;2990,2970:4320;671:4321.0301161619855;544:4323.719676161985;7400:4324.7952361619855;5449:4325.994276161986;2990:4327.381840040903
0,4,default_vehtype,boarding,True,4327.381840040903,4357.381840040903,2990;-1;-1,2990;-1;-1,0.0,0.8198659015866766,0.8198659015866766,0.0,,0,131,1,131,,,
0,2,default_vehtype,boarding,True,4351.29543594574,4381.29543594574,2967;-1;-1,2967;-1;-1,0.0,0.9599021163284452,0.9599021163284452,0.0,,0,130,1,130,,,
0,7,default_vehtype,route,False,4225.990497805859,4437.900420893737,2979;-1;-1,2968;-1;-1,2794.7935119716462,0.7694553280719649,0.7691758487207678,0.0,,0,123,1,,,2979;2786;2307;3549;6384;4032;1804;4811;5237;608;459;2416;4011;5246;363;366;2314;2877;1748;2880;906;984;2268;1857;1806;1371;938;5442;4054;2205;1369;2047;3631;4079;4572;4577;778;3636;3639;3642;7178;5275;5297;5072;1464;2847;5825;4587;5794;3202;2065;2023;4203;537;18;5629;1068;2559;6740;1717;2067;2720;4210;1711;2968,2979:4225.990497805859;2786:4227.995433370658;2307:4231.514193370658;3549:4237.151433370658;6384:4237.413273370658;4032:4240.634913370658;1804:4241.5508253706585;4811:4243.233465370658;5237:4247.973945370659;608:4256.840025370659;459:4257.169785370658;2416:4259.383425370658;4011:4260.0475533706585;5246:4265.972721370658;363:4272.881409370659;366:4274.286489370659;2314:4275.431361370659;2877:4288.602465370659;1748:4289.720985370659;2880:4290.882777370659;906:4303.1080893706585;984:4305.877785370659;2268:4306.625649370659;1857:4307.011569370658;1806:4307.673753370658;1371:4308.343929370658;938:4310.925057370658;5442:4320.645705370658;4054:4328.285697370658;2205:4334.038137370659;1369:4340.484297370659;2047:4341.427353370659;3631:4342.990185370659;4079:4344.057441370659;4572:4347.855873370659;4577:4349.588553370659;778:4353.894873370658;3636:4354.898265370658;3639:4355.751393370658;3642:4356.814977370658;7178:4360.3933773706585;5275:4364.902665370659;5297:4368.281481370659;5072:4368.511737370659;1464:4375.452249370659;2847:4376.522961370659;5825:4379.421609370659;4587:4381.701921370659;5794:4383.322065370659;3202:4387.4434173706595;2065:4392.587673370659;2023:4398.146001370659;4203:4398.946785370659;537:4399.900785370659;18:4405.768353370659;5629:4411.617777370659;1068:4414.170177370658;2559:4421.220777370658;6740:4425.691401370657;1717:4431.525129370657;2067:4432.262913370657;2720:4433.026329370657;4210:4433.924601370657;1711:4435.054281370657;2968:4437.900420893737
0,1,default_vehtype,route,False,4247.994410650397,4472.860571224344,2978;-1;-1,2990;-1;-1,1873.8846714495362,0.8542069128177443,0.8540195243505994,0.0,,0,129,1,,,2978;4103;4326;7286;4302;5102;7160;7294;2701;3076;4023;7300;3914;5398;5400;4040;4041;5374;5418;5424;5403;6546;1200;7312;4332;799;3653;3825;7127;3766;3988;553;7132;7191;3566;4337;7134;6667;6711;1807;1653;6829;4349;4937;669;5061;7265;3848;534;2839;5449;2990,2978:4247.994410650397;4103:4250.613367345425;4326:4255.904527345425;7286:4256.8214473454245;4302:4258.233247345424;5102:4269.341767345424;7160:4270.797007345424;7294:4279.515487345425;2701:4285.317607345425;3076:4286.166967345425;4023:4294.039927345425;7300:4295.182087345425;3914:4296.365767345425;5398:4297.5426073454255;5400:4298.869207345426;4040:4308.174007345426;4041:4311.118327345425;5374:4315.370887345425;5418:4316.408167345425;5424:4316.551447345425;5403:4317.656767345425;6546:4321.883647345425;1200:4326.492727345425;7312:4327.986487345425;4332:4328.802127345425;799:4329.983047345425;3653:4334.579287345425;3825:4335.827887345425;7127:4379.388007345425;3766:4380.325207345425;3988:4384.060807345425;553:4384.519087345425;7132:4394.397967345425;7191:4402.355167345425;3566:4404.184327345425;4337:4408.682527345425;7134:4409.782567345425;6667:4417.714687345426;6711:4433.574247345426;1807:4435.501447345426;1653:4441.305367345426;6829:4442.078287345426;4349:4442.627167345427;4937:4446.996727345427;669:4457.304127345426;5061:4463.112487345426;7265:4463.895727345426;3848:4464.8703673454265;534:4468.915327345427;2839:4470.273967345427;5449:4471.4730073454275;2990:4472.860571224344
0,3,default_vehtype,route,False,4440.0,4493.744527231358,2970;-1;-1,2991;-1;-1,538.5262328689473,0.6886190484436696,0.6885651958203827,0.0,,0,,0,,,2970;671;544;7400;5449;6824;4848;3271;4846;4989;5000;337;1075;537;2991,2970:4440;671:4441.0301161619855;544:4443.719676161985;7400:4444.7952361619855;5449:4445.994276161986;6824:4450.247556161986;4848:4457.7278761619855;3271:4463.280996161985;4846:4465.154076161985;4989:4477.426596161986;5000:4482.186156161986;337:4489.946388161986;1075:4490.970228161986;537:4491.924228161985;2991:4493.744527231358
0,5,default_vehtype,route,False,4440.0,4470.158021267549,2976;-1;-1,2977;-1;-1,251.31684389623734,0.5408757322640867,0.540850600579697,0.0,,0,,0,,,2976;7557;7316;7531;2802;2977,2976:4440;7557:4444.99035337066;7316:4452.385353370661;7531:4459.940313370661;2802:4467.155793370661;2977:4470.158021267549
0,6,default_vehtype,route,False,4283.68073865626,4481.743831455549,2992;-1;-1,2980;-1;-1,2377.795994888241,0.76113461276408,0.7608968331645912,0.0,,0,128,1,,,2992;2526;5444;1716;2720;4210;1711;98;2497;7434;2760;542;1074;4204;5649;5760;205;5793;1407;5826;7411;4686;5074;5295;5274;7181;604;603;602;3851;4573;1400;971;598;1368;591;585;940;1370;939;1903;983;3921;840;2881;5099;1157;2058;2092;915;2980,2992:4283.68073865626;2526:4292.882986191205;5444:4303.419394191205;1716:4306.209754191205;2720:4306.956394191206;4210:4307.854666191206;1711:4308.984346191206;98:4317.600154191206;2497:4319.110786191206;7434:4326.318634191206;2760:4332.857170191206;542:4340.385274191206;1074:4341.318682191206;4204:4342.300330191206;5649:4343.101114191206;5760:4348.659442191206;205:4353.8036981912055;5793:4357.925050191206;1407:4359.545194191206;5826:4361.825506191206;7411:4364.724154191206;4686:4365.794866191206;5074:4372.735378191206;5295:4372.965634191206;5274:4376.344450191206;7181:4380.8537381912065;604:4384.432138191207;603:4385.495722191207;602:4386.348850191207;3851:4387.352242191207;4573:4391.658562191206;1400:4393.391242191206;971:4397.189674191206;598:4398.256930191206;1368:4399.217266191206;591:4405.088218191207;585:4418.259466191206;940:4424.8393301912065;1370:4431.865954191207;939:4432.562626191207;1903:4433.384218191207;983:4434.366730191206;3921:4438.164874191207;840:4442.725714191207;2881:4449.356338191207;5099:4450.509202191207;1157:4455.24834504835;2058:4461.038173619778;2092:4464.427316476921;915:4469.545487905492;2980:4481.743831455549
0,7,default_vehtype,boarding,True,4437.900420893737,4467.900420893737,2968;-1;-1,2968;-1;-1,0.0,0.7691758487207678,0.7691758487207678,0.0,,0,123,1,,123,,
0,1,default_vehtype,boarding,True,4472.860571224344,4502.860571224344,2990;-1;-1,2990;-1;-1,0.0,0.8540195243505994,0.8540195243505994,0,,0,129,1,,129,,
0,3,default_vehtype,boarding,True,4493.744527231358,4523.744527231358,2991;-1;-1,2991;-1;-1,0.0,0.6885651958203827,0.6885651958203827,0,,0,132,1,132,,,
0,5,default_vehtype,boarding,True,4470.158021267549,4500.158021267549,2977;-1;-1,2977;-1;-1,0.0,0.540850600579697,0.540850600579697,0,,0,133,1,133,,,
0,6,default_vehtype,boarding,True,4481.743831455549,4511.743831455549,2980;-1;-1,2980;-1;-1,0.0,0.7608968331645912,0.7608968331645912,0,,0,128,1,,128,,
0,2,default_vehtype,route,False,4381.29543594574,4651.350229009857,2967;-1;-1,2976;-1;-1,2805.785866838588,0.9599021163284452,0.9596215377417614,0.0,,0,130,1,,,2967;3896;6788;5444;1716;2720;4210;1711;98;2497;7434;2760;542;1074;4204;5649;5760;205;5793;1407;5826;7411;4686;5074;5295;5274;7181;604;603;1365;2574;7139;1693;1114;5299;7129;754;611;1812;1186;7311;3767;4527;3089;3131;5447;7352;414;122;3426;4314;68;7318;7325;3011;4;4345;7330;2976,2967:4381.29543594574;3896:4387.374982380515;6788:4388.6419663805145;5444:4399.1783743805145;1716:4401.968734380514;2720:4402.715374380515;4210:4403.613646380515;1711:4404.743326380515;98:4413.359134380515;2497:4414.869766380515;7434:4422.077614380515;2760:4428.616150380515;542:4436.144254380515;1074:4437.077662380515;4204:4438.059310380515;5649:4438.860094380515;5760:4444.418422380515;205:4449.562678380515;5793:4453.684030380515;1407:4455.304174380515;5826:4457.584486380515;7411:4460.483134380515;4686:4461.553846380515;5074:4468.494358380515;5295:4468.724614380515;5274:4472.103430380515;7181:4476.612718380516;604:4480.191118380516;603:4481.254702380516;1365:4483.196422380516;2574:4494.704302380516;7139:4500.970702380517;1693:4502.609302380517;1114:4518.949822380517;5299:4533.495022380516;7129:4534.845982380516;754:4578.406102380516;611:4579.654702380516;1812:4584.225862380516;1186:4585.4030623805165;7311:4586.218702380516;3767:4588.225102380517;4527:4591.0219423805165;3089:4599.4315423805165;3131:4599.911782380516;5447:4602.299422380516;7352:4603.610782380516;414:4606.080502380516;122:4618.434862380516;3426:4619.6883823805165;4314:4620.871342380517;68:4626.4697023805165;7318:4633.137742380516;7325:4636.464502380516;3011:4640.475142380516;4:4645.260262380516;4345:4647.303742380516;7330:4648.506742380517;2976:4651.350229009857
0,4,default_vehtype,route,False,4357.381840040903,4629.632250773013,2990;-1;-1,2983;-1;-1,2268.7534227675733,0.8198659015866766,0.8196390262443999,0.0,,0,131,1,,,2990;2552;1946;7401;3551;3849;7263;5060;3728;4936;1207;2554;4974;5249;6709;2464;7135;1193;552;2755;7131;3567;888;712;2718;754;611;1812;1186;7311;4339;2419;5404;5421;1925;1883;926;925;5399;1905;830;2795;918;3075;7097;7290;2736;1744;1164;2789;1218;7334;7010;820;7498;276;2915;2661;7517;6201;7314;2983,2990:4357.381840040903;2552:4360.247556161986;1946:4364.500836161986;7401:4365.699876161986;3551:4367.0585161619865;3849:4371.103476161987;7263:4372.078116161987;5060:4372.861356161987;3728:4378.669716161987;4936:4388.9771161619865;1207:4393.346676161987;2554:4393.895556161987;4974:4394.668476161987;5249:4400.4723961619875;6709:4402.399596161988;2464:4418.259156161987;7135:4426.191276161988;1193:4427.291316161988;552:4431.789516161988;2755:4433.618676161988;7131:4441.575876161988;3567:4451.454756161988;888:4451.913036161988;712:4455.648636161988;2718:4456.5858361619885;754:4500.145956161989;611:4501.3945561619885;1812:4505.965716161989;1186:4507.142916161989;7311:4507.958556161989;4339:4509.452316161989;2419:4514.061396161989;5404:4518.288276161989;5421:4519.393596161989;1925:4519.536876161989;1883:4520.574156161989;926:4524.826716161989;925:4527.771036161988;5399:4537.075836161988;1905:4538.402436161989;830:4539.579276161989;2795:4540.762956161989;918:4541.905116161989;3075:4549.778076161989;7097:4550.627436161989;7290:4556.429556161989;2736:4565.148036161989;1744:4566.603276161989;1164:4577.711796161989;2789:4579.123596161989;1218:4580.246796161989;7334:4587.8279161619885;7010:4590.735396161988;820:4592.716356161988;7498:4593.184356161988;276:4593.295956161988;2915:4604.641956161988;2661:4611.875316161988;7517:4619.187276161988;6201:4620.0483961619875;7314:4626.943716161987;2983:4629.632250773013
0,4,default_vehtype,boarding,True,4629.632250773013,4659.632250773013,2983;-1;-1,2983;-1;-1,0.0,0.8196390262443999,0.8196390262443999,0.0,,0,131,1,,131,,
0,7,default_vehtype,route,False,4620.0,4679.666256495018,2968;-1;-1,2993;-1;-1,828.6980068752708,0.7691758487207678,0.7690929789200803,0.0,,0,,0,,,2968;98;2497;7434;4184;2559;6740;1717;2067;2063;1937;6789;3895;5465;7450;2993,2968:4620;98:4625.769668476921;2497:4627.280300476921;7434:4634.488148476921;4184:4635.362444476921;2559:4642.413044476921;6740:4646.88366847692;1717:4652.71739647692;2067:4653.45518047692;2063:4654.17143647692;1937:4657.441388476919;6789:4667.977796476919;3895:4669.244780476919;5465:4676.776700476919;7450:4677.760940476919;2993:4679.666256495018
0,2,default_vehtype,boarding,True,4651.350229009857,4681.350229009857,2976;-1;-1,2976;-1;-1,0.0,0.9596215377417614,0.9596215377417614,0.0,,0,130,1,,130,,
0,2,default_vehtype,boarding,True,4681.350229009857,4711.350229009857,2976;-1;-1,2976;-1;-1,0.0,0.9596215377417614,0.9596215377417614,0.0,,0,139,1,139,,,
0,4,default_vehtype,route,False,4680.0,4694.744653285862,2983;-1;-1,2977;-1;-1,122.87211071552242,0.8196390262443999,0.8196267390333283,0.0,,0,,0,,,2983;7527;2802;2977,2983:4680;7527:4684.526945388974;2802:4691.742425388974;2977:4694.744653285862
0,4,default_vehtype,boarding,True,4694.744653285862,4724.744653285862,2977;-1;-1,2977;-1;-1,0.0,0.8196267390333283,0.8196267390333283,0.0,,0,136,1,136,,,
0,5,default_vehtype,route,False,4500.158021267549,4688.710014635,2977;-1;-1,2980;-1;-1,1527.828435539931,0.540850600579697,0.540697817736143,0.0,,0,133,1,,,2977;6202;7516;7037;7512;3274;2902;3901;7011;7336;4365;7288;1182;1001;6296;1434;3820;3877;2787;4993;6537;7281;2307;3549;6384;4032;1804;4811;5237;608;459;2416;4011;5246;363;366;2314;2877;1748;1743;1157;2058;2092;915;2980,2977:4500.158021267549;6202:4504.0511133706605;7516:4504.91223337066;7037:4512.22419337066;7512:4519.45755337066;3274:4530.80355337066;2902:4530.91515337066;3901:4531.38315337066;7011:4533.36411337066;7336:4536.2715933706595;4365:4543.852713370659;7288:4544.975913370659;1182:4545.892833370659;1001:4551.183993370659;6296:4553.543313370658;1434:4559.502393370658;3820:4564.611033370658;3877:4566.518913370658;2787:4575.311433370658;4993:4576.360473370658;6537:4582.160313370658;7281:4587.995433370657;2307:4591.514193370657;3549:4597.151433370657;6384:4597.413273370657;4032:4600.634913370657;1804:4601.550825370658;4811:4603.2334653706575;5237:4607.973945370658;608:4616.840025370658;459:4617.169785370657;2416:4619.383425370657;4011:4620.047553370658;5246:4625.972721370657;363:4632.881409370658;366:4634.286489370658;2314:4635.431361370658;2877:4648.602465370658;1748:4649.720985370658;1743:4657.475385370658;1157:4662.214528227801;2058:4668.004356799229;2092:4671.393499656372;915:4676.511671084943;2980:4688.710014635
0,5,default_vehtype,boarding,True,4688.710014635,4718.710014635,2980;-1;-1,2980;-1;-1,0.0,0.540697817736143,0.540697817736143,0.0,,0,133,1,,133,,
0,7,default_vehtype,boarding,True,4679.666256495018,4709.666256495018,2993;-1;-1,2993;-1;-1,0.0,0.7690929789200803,0.7690929789200803,0.0,,0,135,1,135,,,
0,0,default_vehtype,route,False,4680.0,4787.1332461504735,2974;-1;-1,2972;-1;-1,1306.730704470849,0.9428715396748129,0.9427408666043657,0.0,,0,,0,,,2974;6479;7359;3154;6028;5745;6035;5743;6038;6041;7365;6050;6068;6077;3629;4502;6912;2108;7370;7608;5900;3459;4818;5992;6047;5708;3884;3030;3347;7376;2207;3446;3720;5332;251;2711;3358;2296;5681;2294;2035;6308;374;7114;3246;5330;661;445;2972,2974:4680;6479:4680.500578333467;7359:4686.002458333467;3154:4687.094266333467;6028:4688.055394333467;5745:4689.547018333467;6035:4691.470426333467;5743:4692.839866333467;6038:4694.855290333468;6041:4696.131562333468;7365:4702.794730333468;6050:4705.068274333467;6068:4709.294602333467;6077:4709.940298333467;3629:4711.497586333467;4502:4711.960474333467;6912:4717.108906333467;2108:4719.005314333466;7370:4725.532042333466;7608:4725.761434333466;5900:4729.233130333466;3459:4729.988698333465;4818:4730.6035783334655;5992:4731.080362333466;6047:4735.268890333466;5708:4736.663170333466;3884:4739.202754333466;3030:4739.700778333467;3347:4741.724986333466;7376:4742.160370333467;2207:4742.569258333467;3446:4745.392666333467;3720:4748.4223543334665;5332:4749.413794333466;251:4750.161370333466;2711:4751.299186333466;3358:4753.514194333467;2296:4761.815194333467;5681:4764.209194333467;2294:4765.540680047753;2035:4766.872165762039;6308:4769.266165762039;374:4777.56716576204;7114:4779.78217376204;3246:4780.91998976204;5330:4781.66756576204;661:4782.65900576204;445:4785.688693762039;2972:4787.1332461504735
0,3,default_vehtype,route,False,4523.744527231358,4755.212313527152,2991;-1;-1,2985;-1;-1,2108.0376985526664,0.6885651958203827,0.6883543920505274,0.0,,0,132,1,,,2991;3010;5658;3008;4585;330;4588;5827;7412;4686;5074;5295;5274;7181;604;603;1365;2574;7139;1693;1114;5299;7129;754;611;1812;1186;7311;3767;4527;3089;3131;5447;7352;414;122;3426;4305;793;118;3979;2985,2991:4523.744527231358;3010:4527.791796161985;5658:4528.599396161985;3008:4536.7022761619855;4585:4559.030556161985;330:4568.626236161986;4588:4569.198636161986;5827:4571.4789481619855;7412:4574.377596161986;4686:4575.448308161986;5074:4582.388820161986;5295:4582.6190761619855;5274:4585.997892161986;7181:4590.507180161986;604:4594.085580161986;603:4595.149164161987;1365:4597.090884161987;2574:4608.598764161987;7139:4614.865164161987;1693:4616.503764161987;1114:4632.844284161987;5299:4647.389484161987;7129:4648.7404441619865;754:4692.300564161987;611:4693.5491641619865;1812:4698.120324161987;1186:4699.297524161987;7311:4700.113164161987;3767:4702.119564161987;4527:4704.916404161987;3089:4713.326004161987;3131:4713.806244161987;5447:4716.193884161987;7352:4717.505244161986;414:4719.9749641619865;122:4732.329324161987;3426:4733.582844161987;4305:4734.985164161987;793:4747.100724161987;118:4752.965004161987;3979:4754.815548161987;2985:4755.212313527152
0,3,default_vehtype,boarding,True,4755.212313527152,4785.212313527152,2985;-1;-1,2985;-1;-1,0.0,0.6883543920505274,0.6883543920505274,0.0,,0,132,1,,132,,
0,8,default_vehtype,route,False,4680.0,4799.73703604906,2975;-1;-1,2978;-1;-1,997.8086337421619,0.913273500412422,0.9131737195490477,0.0,,0,,0,,,2975;1166;429;3125;3406;2825;1944;130;99;4526;714;2800;4339;2419;5404;5421;1925;1883;926;925;5399;1905;830;2795;918;3075;7097;7290;2736;1744;1164;2789;1182;2978,2975:4680;1166:4690.110872744087;429:4691.513192744087;3125:4692.766712744087;3406:4705.1210727440875;2825:4707.590792744088;1944:4708.902152744087;130:4711.289792744087;99:4711.770032744087;4526:4720.179632744087;714:4722.976472744087;2800:4724.982872744087;4339:4726.4766327440875;2419:4731.085712744088;5404:4735.312592744088;5421:4736.4179127440875;1925:4736.561192744088;1883:4737.598472744087;926:4741.851032744087;925:4744.795352744087;5399:4754.100152744087;1905:4755.426752744087;830:4756.603592744087;2795:4757.787272744087;918:4758.9294327440875;3075:4766.802392744087;7097:4767.651752744087;7290:4773.453872744088;2736:4782.172352744088;1744:4783.627592744088;1164:4794.736112744088;2789:4796.147912744088;1182:4797.064832744088;2978:4799.73703604906
0,0,default_vehtype,boarding,True,4787.1332461504735,4817.1332461504735,2972;-1;-1,2972;-1;-1,0.0,0.9427408666043657,0.9427408666043657,0.0,,0,137,1,137,,,
0,1,default_vehtype,route,False,4620.0,4836.457853544972,2990;-1;-1,2966;-1;-1,1853.4960793332511,0.8540195243505994,0.853834174742666,0.0,,0,,0,,,2990;2552;4848;3271;4846;4989;5000;337;1075;5648;5759;205;5793;1407;5826;7411;4686;5074;5295;5274;7181;604;603;602;1339;1395;1399;835;1147;1093;2607;911;1150;665;666;1885;668;1415;1041;1623;1383;2333;2966,2990:4620;2552:4622.865716121083;4848:4630.346036121083;3271:4635.899156121082;4846:4637.772236121083;4989:4650.044756121083;5000:4654.8043161210835;337:4662.564548121083;1075:4663.588388121083;5648:4664.389172121083;5759:4669.947500121083;205:4675.091756121083;5793:4679.213108121083;1407:4680.833252121083;5826:4683.113564121083;7411:4686.012212121083;4686:4687.082924121083;5074:4694.023436121083;5295:4694.253692121083;5274:4697.632508121083;7181:4702.141796121084;604:4705.720196121084;603:4706.783780121084;602:4707.636908121084;1339:4708.629284121084;1395:4717.166612121085;1399:4719.307316121085;835:4722.884276121085;1147:4723.676852121085;1093:4724.936132121085;2607:4732.9948041210855;911:4735.848668121085;1150:4736.609132121085;665:4738.058996121085;666:4738.928108121086;1885:4739.913932121086;668:4753.284332121086;1415:4753.9133961210855;1041:4770.5999104068;1623:4774.983167549657;1383:4786.068596121086;2333:4826.222481835372;2966:4836.457853544972
0,3,default_vehtype,route,False,4800.0,4837.732394587082,2985;-1;-1,2974;-1;-1,422.96189307455245,0.6883543920505274,0.68831209586122,0.0,,0,,0,,,2985;1140;103;6480;7360;3154;6028;2181;2180;146;2828;2974,2985:4800;1140:4800.194570634835;103:4801.337498634835;6480:4814.659226634835;7360:4820.161106634835;3154:4821.252914634835;6028:4822.214042634835;2181:4826.446099777692;2180:4830.67815692055;146:4831.6392849205495;2828:4832.73109292055;2974:4837.732394587082
0,4,default_vehtype,route,False,4724.744653285862,4810.577129824172,2977;-1;-1,2979;-1;-1,715.2706378192755,0.8196267390333283,0.8195552119695464,0.0,,0,136,1,,,2977;6202;7516;7037;7512;3274;2902;3901;7011;7336;4365;7288;1182;1001;6296;1434;3820;3877;2787;4993;6537;2979,2977:4724.744653285862;6202:4728.637745388974;7516:4729.498865388973;7037:4736.810825388973;7512:4744.044185388973;3274:4755.390185388973;2902:4755.501785388973;3901:4755.969785388973;7011:4757.950745388973;7336:4760.858225388973;4365:4768.4393453889725;7288:4769.5625453889725;1182:4770.479465388972;1001:4775.770625388972;6296:4778.1299453889715;1434:4784.089025388971;3820:4789.1976653889715;3877:4791.105545388971;2787:4799.898065388971;4993:4800.947105388971;6537:4806.746945388971;2979:4810.577129824172
0,4,default_vehtype,boarding,True,4810.577129824172,4840.577129824172,2979;-1;-1,2979;-1;-1,0.0,0.8195552119695464,0.8195552119695464,0.0,,0,136,1,,136,,
0,8,default_vehtype,boarding,True,4799.73703604906,4829.73703604906,2978;-1;-1,2978;-1;-1,0.0,0.9131737195490477,0.9131737195490477,0.0,,0,138,1,138,,,
0,8,default_vehtype,route,False,4829.73703604906,4841.567425398663,2978;-1;-1,2982;-1;-1,98.58657791335457,0.9131737195490477,0.9131638608912563,0.0,,0,138,1,,,2978;4103;4326;7286;1218;2982,2978:4829.73703604906;4103:4832.355992744088;4326:4837.647152744088;7286:4838.564072744088;1218:4839.687272744088;2982:4841.567425398663
0,1,default_vehtype,boarding,True,4836.457853544972,4866.457853544972,2966;-1;-1,2966;-1;-1,0.0,0.853834174742666,0.853834174742666,0.0,,0,134,1,134,,,
0,1,default_vehtype,boarding,True,4866.457853544972,4896.457853544972,2966;-1;-1,2966;-1;-1,0.0,0.853834174742666,0.853834174742666,0.0,,0,134;143,2,143,,,
0,3,default_vehtype,boarding,True,4837.732394587082,4867.732394587082,2974;-1;-1,2974;-1;-1,0.0,0.68831209586122,0.68831209586122,0.0,,0,141,1,141,,,
0,3,default_vehtype,route,False,4867.732394587082,4893.008476176463,2974;-1;-1,2975;-1;-1,307.3402039863188,0.68831209586122,0.6882813618408213,0.0,,0,141,1,,,2974;6479;3091;4274;880;3109;3874;2975,2974:4867.732394587082;6479:4868.232972920549;3091:4881.554700920549;4274:4882.6976289205495;880:4883.28896492055;3109:4885.13950892055;3874:4891.00378892055;2975:4893.008476176463
0,7,default_vehtype,route,False,4709.666256495018,4918.390551462511,2993;-1;-1,2988;-1;-1,2316.518160262808,0.7690929789200803,0.7688613271040541,0.0,,0,135,1,,,2993;4483;7446;1960;816;6786;5444;1716;2720;4210;1711;98;2497;7434;2760;542;1074;1071;1070;1069;1067;1504;4396;710;2281;4664;6260;3300;1832;708;6180;2405;6169;2744;2567;2576;3077;3241;88;2758;2742;2448;2353;6140;7386;3742;7100;6318;737;6639;2446;2301;1992;1990;1988;1985;3729;5498;5496;5699;5494;6307;374;7114;3246;5330;661;445;6080;7381;364;3029;69;30;3346;2832;2207;2988,2993:4709.666256495018;4483:4710.427676476919;7446:4713.094412476919;1960:4714.078652476919;816:4721.6105724769195;6786:4722.877556476919;5444:4733.413964476919;1716:4736.204324476919;2720:4736.95096447692;4210:4737.84923647692;1711:4738.97891647692;98:4747.5947244769195;2497:4749.10535647692;7434:4756.31320447692;2760:4762.85174047692;542:4770.37984447692;1074:4771.31325247692;1071:4772.31578047692;1070:4786.77906847692;1069:4787.517356476919;1067:4790.179412476919;1504:4794.63318847692;4396:4794.8594844769195;710:4795.41014047692;2281:4796.41583647692;4664:4800.29382847692;6260:4800.73972447692;3300:4801.33883647692;1832:4804.12905247692;708:4804.66811647692;6180:4805.091548476919;2405:4807.313948476919;6169:4810.791068476919;2744:4815.391628476918;2567:4817.234588476918;2576:4825.723148476918;3077:4827.855788476918;3241:4830.984668476918;88:4832.911508476918;2758:4834.874948476919;2742:4835.281388476918;2448:4838.467028476918;2353:4844.6679084769185;6140:4849.838948476919;7386:4851.181388476919;3742:4858.840388476919;7100:4859.380028476919;6318:4859.8581084769185;737:4860.773828476918;6639:4862.623028476918;2446:4864.194308476918;2301:4866.491348476919;1992:4867.516388476919;1990:4869.213308476919;1988:4871.667308476919;1985:4875.189068476919;3729:4877.536508476918;5498:4878.933908476918;5496:4881.841148476918;5699:4882.5385884769175;5494:4883.6423484769175;6307:4883.859188476918;374:4892.160188476918;7114:4894.375196476918;3246:4895.513012476918;5330:4896.260588476918;661:4897.252028476918;445:4900.281716476918;6080:4903.105124476918;7381:4903.514012476918;364:4903.949396476918;3029:4905.973604476918;69:4910.105890191204;30:4914.23817590549;3346:4916.2623839054895;2832:4916.69776790549;2207:4917.10665590549;2988:4918.390551462511
0,8,default_vehtype,boarding,True,4841.567425398663,4871.567425398663,2982;-1;-1,2982;-1;-1,0.0,0.9131638608912563,0.9131638608912563,0.0,,0,138,1,,138,,
0,0,default_vehtype,route,False,4817.1332461504735,4952.00936083141,2972;-1;-1,2991;-1;-1,1408.0867039019315,0.9427408666043657,0.9426000579339755,0.0,,0,137,1,,,2972;6079;3446;3720;5332;251;2711;3358;2296;5495;5697;5497;5500;670;5502;5512;5520;5531;6313;6632;6644;3793;6319;7102;3741;7384;6414;5446;2447;2571;42;2577;2566;3033;3036;2469;2404;2235;3762;5287;310;2280;1447;6261;3764;4397;4745;4182;4187;4191;4195;4202;4208;537;2991,2972:4817.1332461504735;6079:4818.5121017620395;3446:4821.33550976204;3720:4824.365197762039;5332:4825.356637762039;251:4826.104213762039;2711:4827.242029762039;3358:4829.457037762039;2296:4837.75803776204;5495:4837.97487776204;5697:4839.07863776204;5497:4839.77607776204;5500:4842.683317762039;670:4844.080717762039;5502:4846.428157762039;5512:4849.949917762038;5520:4852.403917762038;5531:4854.100837762038;6313:4855.125877762039;6632:4857.422917762039;6644:4858.994197762039;3793:4860.843397762039;6319:4861.759117762039;7102:4862.237197762039;3741:4862.776837762039;7384:4870.435837762038;6414:4875.642997762038;5446:4877.910757762038;2447:4881.846877762038;2571:4889.435797762038;42:4894.103797762038;2577:4894.776277762038;2566:4903.375357762038;3033:4904.006317762039;3036:4906.275877762038;2469:4909.868197762038;2404:4913.191717762038;2235:4914.475117762038;3762:4914.898549762038;5287:4915.4376137620375;310:4918.227829762038;2280:4918.826941762038;1447:4919.272837762038;6261:4923.150829762038;3764:4924.156525762038;4397:4924.707181762038;4745:4924.933477762038;4182:4929.387253762038;4187:4932.049309762038;4191:4932.787597762038;4195:4947.250885762038;4202:4948.253413762038;4208:4949.235061762038;537:4950.189061762037;2991:4952.00936083141
0,3,default_vehtype,boarding,True,4893.008476176463,4923.008476176463,2975;-1;-1,2975;-1;-1,0.0,0.6882813618408213,0.6882813618408213,0.0,,0,141;142,2,142,,,
0,3,default_vehtype,route,False,4923.008476176463,4966.18351554989,2975;-1;-1,2976;-1;-1,359.7919947785567,0.6882813618408213,0.6882453826413435,0.0,,0,141;142,2,,,2975;1166;429;4313;68;7318;7325;3011;4;4345;7330;2976,2975:4923.008476176463;1166:4933.11934892055;429:4934.52166892055;4313:4935.70462892055;68:4941.30298892055;7318:4947.9710289205495;7325:4951.2977889205495;3011:4955.30842892055;4:4960.093548920549;4345:4962.13702892055;7330:4963.34002892055;2976:4966.18351554989
0,7,default_vehtype,boarding,True,4918.390551462511,4948.390551462511,2988;-1;-1,2988;-1;-1,0.0,0.7688613271040541,0.7688613271040541,0.0,,0,135,1,,135,,
0,8,default_vehtype,route,False,4920.0,4967.505301956449,2982;-1;-1,2983;-1;-1,395.8775163037552,0.9131638608912563,0.913124273139626,0.0,,0,,0,,,2982;2809;7010;820;7498;276;2915;2661;7517;6201;7314;2983,2982:4920;2809:4925.700967345425;7010:4928.608447345425;820:4930.589407345425;7498:4931.0574073454245;276:4931.169007345425;2915:4942.515007345424;2661:4949.748367345424;7517:4957.060327345424;6201:4957.921447345424;7314:4964.816767345424;2983:4967.505301956449
0,0,default_vehtype,boarding,True,4952.00936083141,4982.00936083141,2991;-1;-1,2991;-1;-1,0.0,0.9426000579339755,0.9426000579339755,0.0,,0,137,1,,137,,
0,0,default_vehtype,route,False,4982.00936083141,5017.87155822709,2991;-1;-1,2992;-1;-1,498.08607494002206,0.9426000579339755,0.9425502493264815,0.0,,0,,0,,,2991;3010;5631;1068;2559;6740;1717;2067;2063;1937;2992,2991:4982.00936083141;3010:4986.056629762037;5631:4991.906053762037;1068:4994.458453762037;2559:5001.509053762036;6740:5005.979677762036;1717:5011.8134057620355;2067:5012.551189762035;2063:5013.267445762035;1937:5016.537397762035;2992:5017.87155822709
0,2,default_vehtype,route,False,4711.350229009857,4982.856491945744,2976;-1;-1,2967;-1;-1,2770.6901331614126,0.9596215377417614,0.9593444687284453,0.0,,0,139,1,,,2976;7557;2806;4344;2996;3013;7322;2804;3061;1173;3425;3125;3406;2825;1944;130;99;4526;714;2800;4332;799;3653;3825;7127;1836;4248;5046;7138;6879;1367;3637;1339;1395;1399;835;1147;2412;836;1097;738;2470;734;1815;739;1724;1962;1910;164;1354;197;1311;7;1963;1308;482;7613;2611;1307;2876;1960;2967,2976:4711.350229009857;7557:4716.340582380517;2806:4724.174422380517;4344:4725.377422380518;2996:4727.420902380518;3013:4732.206022380517;7322:4736.216662380518;2804:4739.543422380518;3061:4746.211462380517;1173:4751.809822380517;3425:4752.992782380517;3125:4754.246302380518;3406:4766.600662380518;2825:4769.070382380518;1944:4770.381742380518;130:4772.7693823805175;99:4773.249622380517;4526:4781.659222380517;714:4784.456062380517;2800:4786.4624623805175;4332:4787.278102380517;799:4788.459022380517;3653:4793.055262380517;3825:4794.303862380517;7127:4837.863982380517;1836:4839.214942380517;4248:4853.760142380516;5046:4870.100662380516;7138:4871.739262380516;6879:4878.005662380517;1367:4889.4985423805165;3637:4891.391662380516;1339:4892.384038380516;1395:4900.921366380517;1399:4903.062070380517;835:4906.639030380517;1147:4907.431606380517;2412:4908.239662380517;836:4909.238446380517;1097:4924.4992063805175;738:4925.201854380518;2470:4926.151534380518;734:4926.360406380518;1815:4927.368622380518;739:4928.209150380518;1724:4944.666838380518;1962:4945.723654380518;1910:4946.545894380519;164:4947.497086380519;1354:4948.453606380519;197:4950.662854380519;1311:4962.197614380519;7:4965.892582380518;1963:4966.301038380519;1308:4966.662262380519;482:4971.216910380519;7613:4972.541062380519;2611:4976.437414380519;1307:4977.7531423805185;2876:4980.419878380519;1960:4981.404118380518;2967:4982.856491945744
0,2,default_vehtype,boarding,True,4982.856491945744,5012.856491945744,2967;-1;-1,2967;-1;-1,0.0,0.9593444687284453,0.9593444687284453,0.0,,0,139,1,,139,,
0,2,default_vehtype,route,False,5012.856491945744,5039.150521903599,2967;-1;-1,2968;-1;-1,365.194860525747,0.9593444687284453,0.9593079492423927,0.0,,0,,0,,,2967;3896;6788;5444;1716;2720;4210;1711;2968,2967:5012.856491945744;3896:5018.936038380519;6788:5020.203022380519;5444:5030.739430380519;1716:5033.5297903805185;2720:5034.276430380519;4210:5035.174702380519;1711:5036.304382380519;2968:5039.150521903599
0,3,default_vehtype,boarding,True,4966.18351554989,4996.18351554989,2976;-1;-1,2976;-1;-1,0.0,0.6882453826413435,0.6882453826413435,0.0,,0,141;142,2,,142;141,,
0,8,default_vehtype,boarding,True,4967.505301956449,4997.505301956449,2983;-1;-1,2983;-1;-1,0.0,0.913124273139626,0.913124273139626,0.0,,0,144,1,144,,,
0,8,default_vehtype,route,False,4997.505301956449,5038.04621968905,2983;-1;-1,2976;-1;-1,286.853266819285,0.913124273139626,0.9130955878129441,0.0,,0,144,1,,,2983;7527;2803;7558;2806;4344;1199;1204;7329;2976,2983:4997.505301956449;7527:5002.0322473454235;2803:5009.587207345424;7558:5016.982207345424;2806:5024.8160473454245;4344:5026.019047345425;1199:5030.009390202567;1204:5033.99973305971;7329:5035.20273305971;2976:5038.04621968905
0,0,default_vehtype,boarding,True,5017.87155822709,5047.87155822709,2992;-1;-1,2992;-1;-1,0.0,0.9425502493264815,0.9425502493264815,0.0,,0,140,1,140,,,
0,2,default_vehtype,boarding,True,5039.150521903599,5069.150521903599,2968;-1;-1,2968;-1;-1,0.0,0.9593079492423927,0.9593079492423927,0.0,,0,145,1,145,,,
0,3,default_vehtype,route,False,5040.0,5058.363132693228,2976;-1;-1,2984;-1;-1,153.0261057768949,0.6882453826413435,0.6882300800307658,0.0,,0,,0,,,2976;7557;2806;4344;2996;2984,2976:5040;7557:5044.99035337066;2806:5052.82419337066;4344:5054.027193370661;2996:5056.070673370661;2984:5058.363132693228
0,3,default_vehtype,boarding,True,5058.363132693228,5088.363132693228,2984;-1;-1,2984;-1;-1,0.0,0.6882300800307658,0.6882300800307658,0.0,,0,146,1,146,,,
0,7,default_vehtype,boarding,True,5040.0,5070.0,2988;-1;-1,2988;-1;-1,0.0,0.7688613271040541,0.7688613271040541,0.0,,0,147,1,147,,,
0,8,default_vehtype,boarding,True,5038.04621968905,5068.04621968905,2976;-1;-1,2976;-1;-1,0.0,0.9130955878129441,0.9130955878129441,0.0,,0,144,1,,144,,
0,1,default_vehtype,route,False,4896.457853544972,5104.536872695512,2966;-1;-1,2981;-1;-1,2134.166564557901,0.853834174742666,0.8536207580862102,0.0,,0,134;143,2,,,2966;2743;2631;2150;735;738;1096;3736;81;831;2413;1146;832;1880;1340;3638;602;3851;4573;1400;971;598;1368;591;585;940;1370;939;1903;983;3921;840;2881;5099;2878;1735;2581;370;361;2874;1887;4059;910;6541;3462;3648;2851;2850;1801;1560;5242;922;6385;3550;2981,2966:4896.457853544972;2743:4904.301681835372;2631:4908.313110406801;2150:4925.243396121086;735:4935.725567549658;738:4941.893396121087;1096:4951.432367549658;3736:4951.695383549658;81:4955.544287549658;831:4966.390871549658;2413:4967.378567549658;1146:4968.191951549658;832:4969.000367549658;1880:4971.598055549658;1340:4983.130871549658;3638:4984.117343549658;602:4984.970471549657;3851:4985.973863549657;4573:4990.280183549657;1400:4992.012863549657;971:4995.811295549656;598:4996.878551549657;1368:4997.838887549657;591:5003.709839549657;585:5016.8810875496565;940:5023.460951549657;1370:5030.487575549657;939:5031.184247549657;1903:5032.005839549657;983:5032.988351549657;3921:5036.786495549657;840:5041.347335549657;2881:5047.9779595496575;5099:5049.130823549657;2878:5050.258847549657;1735:5061.243167549656;2581:5062.582583549656;370:5064.165431549656;361:5066.662535549656;2874:5067.2485435496565;1887:5072.903927549656;4059:5074.823231549656;910:5079.339431549656;6541:5080.0035595496565;3462:5082.2171995496565;3648:5082.546959549656;2851:5087.221199549656;2850:5088.154559549656;1801:5091.4502395496565;1560:5096.190719549657;5242:5097.873359549657;922:5098.789271549657;6385:5102.010911549657;3550:5102.272751549657;2981:5104.536872695512
0,1,default_vehtype,boarding,True,5104.536872695512,5134.536872695512,2981;-1;-1,2981;-1;-1,0.0,0.8536207580862102,0.8536207580862102,0.0,,0,134;143,2,,134,,
0,0,default_vehtype,route,False,5047.87155822709,5206.296444900206,2992;-1;-1,2966;-1;-1,1413.709105198465,0.9425502493264815,0.9424088784159617,0.0,,0,140,1,,,2992;2526;3895;5465;7450;4482;6930;7615;3488;4485;5469;2998;901;1083;1355;1961;1962;1033;1559;1958;2907;636;1954;1949;186;333;2164;695;694;1041;1623;1383;2333;2966,2992:5047.87155822709;2526:5057.073805762036;3895:5058.3407897620355;5465:5065.872709762036;7450:5066.856949762036;4482:5069.523685762036;6930:5070.839413762035;7615:5074.735765762035;3488:5076.059917762035;4485:5080.614565762035;5469:5080.975789762036;2998:5081.384245762036;901:5082.629773762036;1083:5085.420205762036;1355:5099.1094937620355;1961:5100.0922217620355;1962:5101.031101762035;1033:5102.240557762035;1559:5108.6246537620345;1958:5115.971677762034;2907:5116.595341762034;636:5119.410469762034;1954:5120.021173762034;1949:5128.921309762034;186:5130.487453762034;333:5131.1271737620345;2164:5131.743565762034;695:5136.450853762034;694:5139.619573762034;1041:5140.438501762033;1623:5144.821758904891;1383:5155.907187476319;2333:5196.061073190605;2966:5206.296444900206
0,3,default_vehtype,route,False,5088.363132693228,5208.990170059996,2984;-1;-1,2973;-1;-1,1438.3667374416136,0.6882300800307658,0.6880862433570215,0.0,,0,146,1,,,2984;3012;7321;2804;3061;1173;3425;4304;793;118;3979;4275;103;6480;7360;3154;6028;5745;6035;5743;6038;6041;7365;6050;6068;6077;3629;4502;6912;2108;7370;1420;1084;2973,2984:5088.363132693228;3012:5090.855793370661;7321:5094.866433370661;2804:5098.193193370661;3061:5104.861233370661;1173:5110.4595933706605;3425:5111.642553370661;4304:5113.044873370661;793:5125.160433370661;118:5131.024713370661;3979:5132.875257370661;4275:5133.466593370661;103:5134.609521370661;6480:5147.931249370661;7360:5153.433129370661;3154:5154.524937370661;6028:5155.486065370661;5745:5156.977689370661;6035:5158.901097370661;5743:5160.270537370661;6038:5162.285961370661;6041:5163.5622333706615;7365:5170.2254013706615;6050:5172.498945370661;6068:5176.725273370661;6077:5177.3709693706605;3629:5178.9282573706605;4502:5179.3911453706605;6912:5184.5395773706605;2108:5186.43598537066;7370:5192.96271337066;1420:5204.66782537066;1084:5208.202809370659;2973:5208.990170059996
0,7,default_vehtype,route,False,5070.0,5185.4712952539485,2988;-1;-1,2986;-1;-1,1435.8222753524553,0.7688613271040541,0.7687177448765188,0.0,,0,147,1,,,2988;3447;6082;7383;364;3029;3886;5711;6045;2157;4817;456;5901;7605;2830;5852;6913;1321;597;2204;6066;6049;7367;2188;2186;5744;6033;5746;6031;146;2828;2376;3091;4274;3068;70;73;4273;103;6480;7360;2986,2988:5070;3447:5071.539512442979;6082:5074.362920442979;7383:5074.771808442979;364:5075.207192442979;3029:5077.231400442979;3886:5077.7294244429795;5711:5080.26900844298;6045:5081.66328844298;2157:5085.85181644298;4817:5086.32860044298;456:5086.94348044298;5901:5087.69904844298;7605:5091.170744442979;2830:5091.40013644298;5852:5097.926864442979;6913:5099.823272442979;1321:5104.971704442979;597:5105.434592442979;2204:5106.991880442979;6066:5107.637576442979;6049:5111.863904442978;7367:5114.137448442978;2188:5120.800616442978;2186:5122.076888442978;5744:5124.092312442978;6033:5125.461752442979;5746:5127.385160442978;6031:5128.8767844429785;146:5129.837912442978;2828:5130.929720442979;2376:5136.431600442978;3091:5149.753328442978;4274:5150.8962564429785;3068:5155.6405421572645;70:5157.9265421572645;73:5160.212542157265;4273:5164.956827871551;103:5166.099755871551;6480:5179.421483871551;7360:5184.9233638715505;2986:5185.4712952539485
0,7,default_vehtype,boarding,True,5185.4712952539485,5215.4712952539485,2986;-1;-1,2986;-1;-1,0.0,0.7687177448765188,0.7687177448765188,0.0,,0,147;150,2,150,147,,
0,0,default_vehtype,boarding,True,5206.296444900206,5236.296444900206,2966;-1;-1,2966;-1;-1,0.0,0.9424088784159617,0.9424088784159617,0.0,,0,140;149,2,149,140,,
0,3,default_vehtype,boarding,True,5208.990170059996,5238.990170059996,2973;-1;-1,2973;-1;-1,0.0,0.6880862433570215,0.6880862433570215,0.0,,0,146,1,,146,,
0,4,default_vehtype,route,False,5100.0,5275.730586634172,2979;-1;-1,2991;-1;-1,2292.302727892392,0.8195552119695464,0.8193259816967572,0.0,,0,,0,,,2979;2786;2307;3549;6384;4032;1804;4811;5237;608;459;2416;4011;5246;363;366;2314;2877;1748;2880;906;984;2268;1857;1806;1371;938;5442;4054;2205;1369;2047;3631;4079;4572;4577;778;3636;3639;3642;7178;5275;5297;5072;1464;2847;5825;4587;5794;3202;2065;2023;4203;537;2991,2979:5100;2786:5102.004935564799;2307:5105.523695564799;3549:5111.160935564799;6384:5111.422775564799;4032:5114.644415564799;1804:5115.560327564799;4811:5117.242967564799;5237:5121.9834475647995;608:5130.849527564799;459:5131.179287564799;2416:5133.392927564799;4011:5134.057055564799;5246:5139.982223564799;363:5146.890911564799;366:5148.2959915648;2314:5149.4408635648;2877:5162.6119675648;1748:5163.7304875648;2880:5164.8922795647995;906:5177.117591564799;984:5179.887287564799;2268:5180.635151564799;1857:5181.021071564799;1806:5181.683255564799;1371:5182.3534315647985;938:5184.934559564798;5442:5194.655207564799;4054:5202.295199564799;2205:5208.047639564799;1369:5214.4937995648;2047:5215.4368555648;3631:5216.999687564799;4079:5218.0669435648;4572:5221.865375564799;4577:5223.598055564799;778:5227.904375564799;3636:5228.907767564799;3639:5229.760895564798;3642:5230.824479564799;7178:5234.402879564799;5275:5238.912167564799;5297:5242.2909835648;5072:5242.5212395647995;1464:5249.4617515648;2847:5250.532463564799;5825:5253.4311115648;4587:5255.7114235648;5794:5257.3315675648;3202:5261.4529195648;2065:5266.5971755648;2023:5272.1555035648;4203:5272.9562875648;537:5273.9102875648;2991:5275.730586634172
0,8,default_vehtype,route,False,5160.0,5275.9904978058585,2976;-1;-1,2979;-1;-1,966.5874817155129,0.9130955878129441,0.9129989290647725,0.0,,0,,0,,,2976;7557;7316;7531;2802;2251;7515;7037;7512;3274;2902;3901;7011;7336;4365;7288;1182;1001;6296;1434;3820;3877;2787;4993;6537;2979,2976:5160;7557:5164.99035337066;7316:5172.385353370661;7531:5179.940313370661;2802:5187.155793370661;2251:5194.0511133706605;7515:5194.91223337066;7037:5202.22419337066;7512:5209.45755337066;3274:5220.80355337066;2902:5220.91515337066;3901:5221.38315337066;7011:5223.36411337066;7336:5226.2715933706595;4365:5233.852713370659;7288:5234.975913370659;1182:5235.892833370659;1001:5241.183993370659;6296:5243.543313370658;1434:5249.502393370658;3820:5254.611033370658;3877:5256.518913370658;2787:5265.311433370658;4993:5266.360473370658;6537:5272.160313370658;2979:5275.9904978058585
0,1,default_vehtype,route,False,5134.536872695512,5322.251894519952,2981;-1;-1,2987;-1;-1,1947.9401983719376,0.8536207580862102,0.8534259640663729,0.0,,0,143,1,,,2981;6320;3549;6384;4032;1804;4277;5239;6501;3911;5389;7301;3914;5398;5400;4040;4041;5374;5418;5424;5403;6546;1200;7312;3767;4527;3089;3131;5447;7352;414;122;3426;4305;793;118;3979;4275;103;6480;7360;3154;6028;5745;6035;5743;6038;6041;7365;2179;3064;6023;3524;7356;4225;2987,2981:5134.536872695512;6320:5137.909991549657;3549:5143.547231549657;6384:5143.809071549657;4032:5147.030711549657;1804:5147.9466235496575;4277:5149.534703549658;5239:5155.039343549658;6501:5161.001903549658;3911:5170.356743549658;5389:5171.422583549658;7301:5171.676503549658;3914:5172.860183549658;5398:5174.037023549658;5400:5175.363623549659;4040:5184.668423549659;4041:5187.612743549658;5374:5191.865303549658;5418:5192.902583549658;5424:5193.045863549658;5403:5194.151183549658;6546:5198.378063549658;1200:5202.987143549658;7312:5204.480903549658;3767:5206.4873035496585;4527:5209.284143549658;3089:5217.693743549658;3131:5218.173983549658;5447:5220.561623549658;7352:5221.872983549658;414:5224.342703549658;122:5236.697063549658;3426:5237.950583549658;4305:5239.352903549659;793:5251.468463549659;118:5257.3327435496585;3979:5259.183287549658;4275:5259.774623549659;103:5260.917551549659;6480:5274.239279549659;7360:5279.741159549659;3154:5280.832967549659;6028:5281.794095549659;5745:5283.285719549659;6035:5285.209127549659;5743:5286.578567549659;6038:5288.593991549659;6041:5289.870263549659;7365:5296.533431549659;2179:5300.541671549659;3064:5301.843647549659;6023:5303.108327549659;3524:5304.849791549659;7356:5315.728631549659;4225:5320.31315954966;2987:5322.251894519952
0,2,default_vehtype,route,False,5069.150521903599,5292.234301350811,2968;-1;-1,2987;-1;-1,2614.671158989071,0.9593079492423927,0.9590464821264939,0.0,,0,145,1,,,2968;98;2497;7434;2760;542;1074;1071;1070;1069;1067;1504;4396;710;2281;4664;6260;3300;1832;708;6180;2405;6169;2744;2567;2576;3077;3241;88;2758;2742;2448;2353;6140;7386;3742;7100;6318;737;6639;2446;2301;1992;1990;1988;1985;3729;5498;5496;5699;5494;6307;374;7114;3246;5330;661;445;6080;7381;364;3029;3886;5711;6045;2157;4817;456;5901;7605;2830;1420;1084;7357;2826;2827;4225;2987,2968:5069.150521903599;98:5074.92019038052;2497:5076.43082238052;7434:5083.63867038052;2760:5090.17720638052;542:5097.70531038052;1074:5098.63871838052;1071:5099.64124638052;1070:5114.10453438052;1069:5114.8428223805195;1067:5117.50487838052;1504:5121.95865438052;4396:5122.18495038052;710:5122.73560638052;2281:5123.74130238052;4664:5127.61929438052;6260:5128.06519038052;3300:5128.66430238052;1832:5131.45451838052;708:5131.99358238052;6180:5132.4170143805195;2405:5134.639414380519;6169:5138.116534380519;2744:5142.717094380519;2567:5144.5600543805185;2576:5153.048614380518;3077:5155.181254380518;3241:5158.310134380518;88:5160.236974380518;2758:5162.200414380519;2742:5162.606854380519;2448:5165.792494380518;2353:5171.993374380519;6140:5177.164414380519;7386:5178.506854380519;3742:5186.165854380519;7100:5186.705494380519;6318:5187.183574380519;737:5188.099294380519;6639:5189.948494380518;2446:5191.519774380518;2301:5193.816814380519;1992:5194.841854380519;1990:5196.5387743805195;1988:5198.992774380519;1985:5202.514534380519;3729:5204.861974380518;5498:5206.259374380518;5496:5209.166614380518;5699:5209.864054380518;5494:5210.967814380518;6307:5211.184654380518;374:5219.485654380518;7114:5221.700662380518;3246:5222.838478380519;5330:5223.586054380518;661:5224.577494380518;445:5227.607182380518;6080:5230.430590380518;7381:5230.839478380518;364:5231.274862380518;3029:5233.299070380518;3886:5233.7970943805185;5711:5236.336678380519;6045:5237.730958380519;2157:5241.919486380519;4817:5242.396270380519;456:5243.011150380519;5901:5243.766718380519;7605:5247.238414380518;2830:5247.467806380519;1420:5259.172918380518;1084:5262.707902380518;7357:5267.292430380518;2826:5276.501734380518;2827:5285.711038380518;4225:5290.295566380519;2987:5292.234301350811
0,2,default_vehtype,boarding,True,5292.234301350811,5322.234301350811,2987;-1;-1,2987;-1;-1,0.0,0.9590464821264939,0.9590464821264939,0.0,,0,145,1,,145,,
0,3,default_vehtype,boarding,True,5280.0,5310.0,2973;-1;-1,2973;-1;-1,0.0,0.6880862433570215,0.6880862433570215,0.0,,0,155,1,155,,,
0,4,default_vehtype,boarding,True,5275.730586634172,5305.730586634172,2991;-1;-1,2991;-1;-1,0.0,0.8193259816967572,0.8193259816967572,0.0,,0,153;148,2,153;148,,,
0,8,default_vehtype,boarding,True,5275.9904978058585,5305.9904978058585,2979;-1;-1,2979;-1;-1,0.0,0.9129989290647725,0.9129989290647725,0.0,,0,152,1,152,,,
0,1,default_vehtype,boarding,True,5322.251894519952,5352.251894519952,2987;-1;-1,2987;-1;-1,0.0,0.8534259640663729,0.8534259640663729,0.0,,0,143,1,,143,,
0,7,default_vehtype,route,False,5215.4712952539485,5386.644543750466,2986;-1;-1,2990;-1;-1,1798.4648742354475,0.7687177448765188,0.7685378983890953,0.0,,0,150,1,,,2986;3155;6029;5745;6035;5743;6038;6041;7365;6050;6068;6077;3629;4502;6912;2108;7370;7608;5900;3459;4818;5992;6047;5708;3884;3030;3347;7376;2207;3446;3720;5332;251;2711;3358;2296;5495;5696;3307;3987;6878;746;2834;2045;2835;2641;7396;2616;486;2838;3722;3732;544;7400;5449;2990,2986:5215.4712952539485;3155:5216.015171871551;6029:5216.9762998715505;5745:5218.467923871551;6035:5220.39133187155;5743:5221.760771871551;6038:5223.776195871551;6041:5225.052467871551;7365:5231.715635871551;6050:5233.989179871551;6068:5238.2155078715505;6077:5238.86120387155;3629:5240.41849187155;4502:5240.88137987155;6912:5246.02981187155;2108:5247.92621987155;7370:5254.452947871549;7608:5254.68233987155;5900:5258.154035871549;3459:5258.909603871549;4818:5259.524483871549;5992:5260.001267871549;6047:5264.189795871549;5708:5265.584075871549;3884:5268.1236598715495;3030:5268.62168387155;3347:5270.64589187155;7376:5271.08127587155;2207:5271.49016387155;3446:5274.31357187155;3720:5277.34325987155;5332:5278.33469987155;251:5279.082275871549;2711:5280.22009187155;3358:5282.43509987155;2296:5290.73609987155;5495:5290.95293987155;5696:5291.71565987155;3307:5302.45409987155;3987:5309.28125987155;6878:5309.88461987155;746:5310.95261987155;2834:5315.0170198715505;2045:5329.55525987155;2835:5331.92033987155;2641:5341.13141987155;7396:5341.72577987155;2616:5347.08737987155;486:5347.99913987155;2838:5354.32385987155;3722:5357.843099871549;3732:5380.292819871549;544:5382.982379871549;7400:5384.057939871549;5449:5385.256979871549;2990:5386.644543750466
0,3,default_vehtype,route,False,5310.0,5431.507200347517,2973;-1;-1,2984;-1;-1,1307.089262558386,0.6880862433570215,0.6879555344307656,0.0,,0,155,1,,,2973;7354;3525;6025;3063;6027;7362;2188;2186;5744;6033;5746;6031;146;2828;2376;3091;4274;880;3109;3874;4306;429;4313;68;7318;7325;3011;4;4345;1199;1204;2996;2984,2973:5310;7354:5313.797167310664;3525:5324.676007310664;6025:5326.417471310664;3063:5327.682151310664;6027:5328.984127310664;7362:5332.992367310664;2188:5339.655535310664;2186:5340.931807310664;5744:5342.947231310664;6033:5344.316671310665;5746:5346.240079310664;6031:5347.731703310665;146:5348.692831310665;2828:5349.784639310665;2376:5355.2865193106645;3091:5368.608247310664;4274:5369.751175310665;880:5370.342511310665;3109:5372.193055310665;3874:5378.057335310665;4306:5390.172895310665;429:5391.575215310665;4313:5392.758175310665;68:5398.356535310665;7318:5405.024575310665;7325:5408.351335310665;3011:5412.361975310665;4:5417.147095310665;4345:5419.190575310665;1199:5423.180918167807;1204:5427.17126102495;2996:5429.21474102495;2984:5431.507200347517
0,4,default_vehtype,route,False,5305.730586634172,5415.835851443716,2991;-1;-1,2990;-1;-1,1151.377100805236,0.8193259816967572,0.8192108439866767,0.0,,0,153;148,2,,,2991;3010;5631;1068;2867;2760;542;1074;336;2759;1664;1659;538;4990;4939;5252;3070;1657;4439;4842;1272;3423;4282;4975;6830;4349;4937;669;5061;7265;3848;534;2839;5449;2990,2991:5305.730586634172;3010:5309.777855564799;5631:5315.627279564799;1068:5318.179679564799;2867:5319.053975564799;2760:5325.592511564799;542:5333.120615564799;1074:5334.054023564799;336:5335.0771435647985;2759:5339.807111564798;1664:5343.061007564798;1659:5347.820567564799;538:5348.971607564798;4990:5352.668687564798;4939:5354.059247564798;5252:5359.483967564798;3070:5360.520407564798;1657:5368.037207564798;4439:5373.667367564798;4842:5378.0519275647985;1272:5378.236847564798;3423:5379.453407564798;4282:5383.230887564798;4975:5384.280647564798;6830:5385.053567564798;4349:5385.602447564798;4937:5389.972007564798;669:5400.279407564798;5061:5406.087767564798;7265:5406.871007564798;3848:5407.845647564798;534:5411.890607564798;2839:5413.249247564799;5449:5414.448287564799;2990:5415.835851443716
0,4,default_vehtype,boarding,True,5415.835851443716,5445.835851443716,2990;-1;-1,2990;-1;-1,0.0,0.8192108439866767,0.8192108439866767,0.0,,0,153;148,2,,153,,
0,7,default_vehtype,boarding,True,5386.644543750466,5416.644543750466,2990;-1;-1,2990;-1;-1,0.0,0.7685378983890953,0.7685378983890953,0.0,,0,150;151,2,151,,,
0,8,default_vehtype,route,False,5305.9904978058585,5457.750244055144,2979;-1;-1,2975;-1;-1,1224.9515235059305,0.9129989290647725,0.9128764339124219,0.0,,0,152,1,,,2979;2786;2307;3549;6384;4032;1804;4277;5239;6501;3911;5389;7301;3914;5398;5400;4040;4041;5374;5418;5424;5403;6546;1200;7312;3767;4527;3089;3131;5447;7352;414;122;3426;4305;793;118;3979;4275;3068;70;73;4273;880;3109;3874;2975,2979:5305.9904978058585;2786:5307.995433370657;2307:5311.514193370657;3549:5317.151433370657;6384:5317.413273370657;4032:5320.634913370657;1804:5321.550825370658;4277:5323.138905370658;5239:5328.643545370658;6501:5334.606105370658;3911:5343.960945370658;5389:5345.026785370658;7301:5345.280705370658;3914:5346.464385370658;5398:5347.6412253706585;5400:5348.967825370659;4040:5358.272625370659;4041:5361.216945370658;5374:5365.469505370658;5418:5366.506785370658;5424:5366.650065370658;5403:5367.755385370658;6546:5371.982265370658;1200:5376.591345370658;7312:5378.085105370658;3767:5380.0915053706585;4527:5382.8883453706585;3089:5391.297945370658;3131:5391.778185370658;5447:5394.165825370658;7352:5395.477185370658;414:5397.946905370658;122:5410.301265370658;3426:5411.5547853706585;4305:5412.957105370659;793:5425.072665370659;118:5430.936945370659;3979:5432.7874893706585;4275:5433.378825370659;3068:5438.123111084945;70:5440.409111084945;73:5442.695111084945;4273:5447.439396799231;880:5448.030732799231;3109:5449.881276799231;3874:5455.745556799231;2975:5457.750244055144
0,0,default_vehtype,route,False,5236.296444900206,5515.210273890484,2966;-1;-1,2988;-1;-1,2634.732771078847,0.9424088784159617,0.9421454051388537,0.0,,0,149,1,,,2966;2743;2631;2150;735;738;1096;3736;81;831;2413;1146;832;1880;1340;3638;3641;7177;5275;5297;5072;1464;2847;5825;4587;5794;3202;2065;2023;4203;4198;1071;1070;1069;1067;1504;4396;710;2281;4664;6260;3300;1832;708;6180;2405;6169;2744;2567;2576;3077;3241;88;2758;2742;2448;2353;6140;7386;3742;7100;6318;737;6639;2446;2301;1992;1990;1988;1985;3729;5498;5496;5699;5494;6307;374;7114;3246;5330;661;445;6080;7381;364;3029;69;30;3346;2832;2207;2988,2966:5236.296444900206;2743:5244.1402731906055;2631:5248.1517017620345;2150:5265.08198747632;735:5275.564158904892;738:5281.731987476321;1096:5291.270958904892;3736:5291.533974904892;81:5295.382878904892;831:5306.229462904892;2413:5307.217158904892;1146:5308.030542904892;832:5308.838958904892;1880:5311.436646904892;1340:5322.969462904892;3638:5323.955934904891;3641:5325.019518904892;7177:5328.597918904892;5275:5333.107206904892;5297:5336.486022904893;5072:5336.7162789048925;1464:5343.656790904893;2847:5344.727502904892;5825:5347.626150904893;4587:5349.906462904893;5794:5351.526606904893;3202:5355.647958904893;2065:5360.792214904893;2023:5366.350542904893;4203:5367.151326904893;4198:5368.132974904893;1071:5369.135502904893;1070:5383.598790904893;1069:5384.337078904892;1067:5386.999134904892;1504:5391.452910904893;4396:5391.679206904892;710:5392.229862904893;2281:5393.235558904893;4664:5397.113550904893;6260:5397.559446904893;3300:5398.158558904893;1832:5400.948774904893;708:5401.487838904893;6180:5401.911270904892;2405:5404.133670904892;6169:5407.6107909048915;2744:5412.211350904891;2567:5414.054310904891;2576:5422.542870904891;3077:5424.675510904891;3241:5427.804390904891;88:5429.731230904891;2758:5431.694670904892;2742:5432.101110904891;2448:5435.286750904891;2353:5441.487630904891;6140:5446.658670904892;7386:5448.001110904892;3742:5455.660110904892;7100:5456.1997509048915;6318:5456.677830904891;737:5457.593550904891;6639:5459.442750904891;2446:5461.014030904891;2301:5463.3110709048915;1992:5464.336110904892;1990:5466.033030904892;1988:5468.487030904892;1985:5472.008790904892;3729:5474.356230904891;5498:5475.753630904891;5496:5478.6608709048905;5699:5479.3583109048905;5494:5480.46207090489;6307:5480.6789109048905;374:5488.979910904891;7114:5491.194918904891;3246:5492.332734904891;5330:5493.080310904891;661:5494.071750904891;445:5497.1014389048905;6080:5499.924846904891;7381:5500.333734904891;364:5500.769118904891;3029:5502.793326904891;69:5506.925612619177;30:5511.057898333463;3346:5513.082106333462;2832:5513.517490333463;2207:5513.926378333463;2988:5515.210273890484
0,1,default_vehtype,route,False,5400.0,5518.245437761547,2987;-1;-1,2971;-1;-1,1214.7314981779514,0.8534259640663729,0.8533044909165551,0.0,,0,,0,,,2987;4613;7368;7606;5900;3459;4818;5992;6047;5708;3884;3030;3347;7376;2207;3446;3720;5332;251;2711;3358;2296;5495;5696;3307;3987;2396;886;808;1372;807;1375;108;1376;1380;373;2390;7391;5704;7389;2971,2987:5400;4613:5401.596249029708;7368:5413.301361029708;7606:5413.530753029708;5900:5417.002449029707;3459:5417.758017029707;4818:5418.372897029707;5992:5418.849681029707;6047:5423.038209029707;5708:5424.4324890297075;3884:5426.972073029708;3030:5427.470097029708;3347:5429.494305029708;7376:5429.929689029708;2207:5430.338577029708;3446:5433.161985029708;3720:5436.191673029708;5332:5437.183113029708;251:5437.9306890297075;2711:5439.068505029708;3358:5441.283513029708;2296:5449.584513029708;5495:5449.8013530297085;5696:5450.564073029708;3307:5461.302513029708;3987:5468.129673029708;2396:5469.435633029708;886:5475.073233029708;808:5475.539433029708;1372:5476.402353029707;807:5477.506233029707;1375:5479.190433029707;108:5481.330873029707;1376:5483.131113029706;1380:5485.147713029706;373:5494.708713029706;2390:5497.253433029706;7391:5498.654073029706;5704:5501.019153029705;7389:5515.557393029705;2971:5518.245437761547
0,2,default_vehtype,route,False,5340.0,5502.22933407776,2987;-1;-1,2969;-1;-1,1787.9925288577947,0.9590464821264939,0.9588676828736081,0.0,,0,,0,,,2987;4613;7368;7606;5900;3459;4818;5992;6047;5708;3884;3030;3347;7376;2207;3446;3720;5332;251;2711;3358;2296;5495;5697;5497;5500;670;5502;5512;5520;5531;6313;6632;6644;3793;6319;7102;3741;7384;6414;5446;2447;2571;42;2577;2566;3033;3036;2469;2404;2235;3762;5287;310;2280;1447;6261;3764;4397;4745;4182;4187;4191;4195;4202;336;2969,2987:5340;4613:5341.596249029708;7368:5353.301361029708;7606:5353.530753029708;5900:5357.002449029707;3459:5357.758017029707;4818:5358.372897029707;5992:5358.849681029707;6047:5363.038209029707;5708:5364.4324890297075;3884:5366.972073029708;3030:5367.470097029708;3347:5369.494305029708;7376:5369.929689029708;2207:5370.338577029708;3446:5373.161985029708;3720:5376.191673029708;5332:5377.183113029708;251:5377.9306890297075;2711:5379.068505029708;3358:5381.283513029708;2296:5389.584513029708;5495:5389.8013530297085;5697:5390.905113029708;5497:5391.602553029708;5500:5394.509793029708;670:5395.907193029708;5502:5398.254633029707;5512:5401.776393029707;5520:5404.230393029707;5531:5405.927313029707;6313:5406.952353029707;6632:5409.249393029708;6644:5410.820673029708;3793:5412.669873029708;6319:5413.5855930297075;7102:5414.063673029707;3741:5414.603313029707;7384:5422.262313029707;6414:5427.469473029707;5446:5429.737233029707;2447:5433.673353029707;2571:5441.262273029707;42:5445.930273029707;2577:5446.602753029707;2566:5455.201833029707;3033:5455.832793029707;3036:5458.102353029707;2469:5461.694673029707;2404:5465.018193029707;2235:5466.301593029707;3762:5466.725025029707;5287:5467.264089029706;310:5470.0543050297065;2280:5470.653417029706;1447:5471.0993130297065;6261:5474.977305029706;3764:5475.983001029706;4397:5476.533657029707;4745:5476.759953029707;4182:5481.213729029707;4187:5483.875785029707;4191:5484.614073029707;4195:5499.0773610297065;4202:5500.0798890297065;336:5501.103009029706;2969:5502.22933407776
0,3,default_vehtype,boarding,True,5431.507200347517,5461.507200347517,2984;-1;-1,2984;-1;-1,0.0,0.6879555344307656,0.6879555344307656,0.0,,0,155,1,,155,,
0,3,default_vehtype,route,False,5461.507200347517,5474.87494765429,2984;-1;-1,2976;-1;-1,111.3978942231051,0.6879555344307656,0.6879443946413433,0.0,,0,,0,,,2984;3012;4;4345;7330;2976,2984:5461.507200347517;3012:5463.9998610249495;4:5468.784981024949;4345:5470.828461024949;7330:5472.03146102495;2976:5474.87494765429
0,3,default_vehtype,boarding,True,5474.87494765429,5504.87494765429,2976;-1;-1,2976;-1;-1,0.0,0.6879443946413433,0.6879443946413433,0.0,,0,154,1,154,,,
0,7,default_vehtype,route,False,5416.644543750466,5463.0072309409215,2990;-1;-1,2991;-1;-1,477.01089919476397,0.7685378983890953,0.7684901972991758,0.0,,0,150;151,2,,,2990;2552;4848;3271;4846;4989;5000;337;1075;537;2991,2990:5416.644543750466;2552:5419.510259871549;4848:5426.990579871549;3271:5432.543699871549;4846:5434.416779871549;4989:5446.689299871549;5000:5451.44885987155;337:5459.209091871549;1075:5460.232931871549;537:5461.186931871549;2991:5463.0072309409215
0,7,default_vehtype,boarding,True,5463.0072309409215,5493.0072309409215,2991;-1;-1,2991;-1;-1,0.0,0.7684901972991758,0.7684901972991758,0.0,,0,150;151,2,,151,,
0,8,default_vehtype,boarding,True,5457.750244055144,5487.750244055144,2975;-1;-1,2975;-1;-1,0.0,0.9128764339124219,0.9128764339124219,0.0,,0,152,1,,152,,
0,8,default_vehtype,route,False,5487.750244055144,5520.0,2975;-1;-1,7325;3011;0.987,268.74796620713494,0.9128764339124219,0.9128495591158012,0.0,,0,,0,,,2975;1166;429;4313;68;7318;7325,2975:5487.750244055144;1166:5497.861116799231;429:5499.263436799231;4313:5500.4463967992315;68:5506.044756799231;7318:5512.712796799231;7325:5516.039556799231
0,0,default_vehtype,boarding,True,5515.210273890484,5545.210273890484,2988;-1;-1,2988;-1;-1,0.0,0.9421454051388537,0.9421454051388537,0.0,,0,149,1,,149,,
0,1,default_vehtype,boarding,True,5518.245437761547,5548.245437761547,2971;-1;-1,2971;-1;-1,0.0,0.8533044909165551,0.8533044909165551,0.0,,0,157,1,157,,,
0,2,default_vehtype,boarding,True,5502.22933407776,5532.22933407776,2969;-1;-1,2969;-1;-1,0.0,0.9588676828736081,0.9588676828736081,0.0,,0,156,1,156,,,
0,7,default_vehtype,route,False,5493.0072309409215,5529.186567394627,2991;-1;-1,2968;-1;-1,502.4907840792541,0.7684901972991758,0.7684399482207679,0.0,,0,150,1,,,2991;3010;5631;1068;2559;6740;1717;2067;2720;4210;1711;2968,2991:5493.0072309409215;3010:5497.054499871549;5631:5502.903923871549;1068:5505.456323871548;2559:5512.506923871548;6740:5516.977547871547;1717:5522.811275871547;2067:5523.549059871547;2720:5524.312475871547;4210:5525.210747871547;1711:5526.340427871547;2968:5529.186567394627
0,7,default_vehtype,boarding,True,5529.186567394627,5559.186567394627,2968;-1;-1,2968;-1;-1,0.0,0.7684399482207679,0.7684399482207679,0.0,,0,150,1,,150,,
0,8,default_vehtype,route,False,5520.0,5561.083304696121,7325;3011;0.987,2977;-1;-1,342.3608724676592,0.9128495591158012,0.9128153230285545,0.0,,0,,0,,,7325;3011;4;4345;7330;7562;7316;7531;2802;2977,7325:5520;3011:5520.050196799231;4:5524.835316799231;4345:5526.878796799231;7330:5528.081796799232;7562:5535.915636799232;7316:5543.310636799232;7531:5550.865596799233;2802:5558.0810767992325;2977:5561.083304696121
0,1,default_vehtype,route,False,5548.245437761547,5622.148921719042,2971;-1;-1,2973;-1;-1,860.3601923643268,0.8533044909165551,0.8532184548973186,0.0,,0,157,1,,,2971;3807;6875;885;316;2042;1982;6306;374;7114;3246;5330;661;445;6080;7381;364;3029;3886;5711;6045;2157;4817;456;5901;7605;2830;1420;1084;2973,2971:5548.245437761547;3807:5549.621793029705;6875:5550.6897930297055;885:5551.2931530297055;316:5558.120313029705;2042:5568.858753029705;1982:5569.621473029705;6306:5569.838313029705;374:5578.139313029706;7114:5580.354321029706;3246:5581.492137029706;5330:5582.239713029706;661:5583.231153029706;445:5586.260841029705;6080:5589.0842490297055;7381:5589.493137029705;364:5589.928521029706;3029:5591.952729029706;3886:5592.450753029706;5711:5594.990337029706;6045:5596.3846170297065;2157:5600.573145029706;4817:5601.049929029707;456:5601.664809029707;5901:5602.420377029706;7605:5605.892073029706;2830:5606.121465029706;1420:5617.826577029706;1084:5621.361561029706;2973:5622.148921719042
0,7,default_vehtype,route,False,5559.186567394627,5590.824208919601,2968;-1;-1,2969;-1;-1,439.4116878468658,0.7684399482207679,0.7683960070519832,0.0,,0,,0,,,2968;98;2497;7434;2760;542;1074;336;2969,2968:5559.186567394627;98:5564.9562358715475;2497:5566.466867871548;7434:5573.674715871548;2760:5580.213251871548;542:5587.741355871548;1074:5588.674763871548;336:5589.697883871548;2969:5590.824208919601
0,7,default_vehtype,boarding,True,5590.824208919601,5620.824208919601,2969;-1;-1,2969;-1;-1,0.0,0.7683960070519832,0.7683960070519832,0.0,,0,158,1,158,,,
0,8,default_vehtype,boarding,True,5561.083304696121,5591.083304696121,2977;-1;-1,2977;-1;-1,0.0,0.9128153230285545,0.9128153230285545,0.0,,0,160,1,160,,,
0,8,default_vehtype,route,False,5591.083304696121,5604.5602514102575,2977;-1;-1,2983;-1;-1,112.30788928447757,0.9128153230285545,0.9128040922396261,0.0,,0,160,1,,,2977;6202;7315;2983,2977:5591.083304696121;6202:5594.976396799232;7315:5601.871716799232;2983:5604.5602514102575
0,8,default_vehtype,boarding,True,5604.5602514102575,5634.5602514102575,2983;-1;-1,2983;-1;-1,0.0,0.9128040922396261,0.9128040922396261,0.0,,0,160;159,2,159,,,
0,1,default_vehtype,boarding,True,5622.148921719042,5652.148921719042,2973;-1;-1,2973;-1;-1,0.0,0.8532184548973186,0.8532184548973186,0.0,,0,157,1,,157,,
0,8,default_vehtype,route,False,5634.5602514102575,5675.101169142858,2983;-1;-1,2976;-1;-1,286.85326681928507,0.9128040922396261,0.9127754069129442,0.0,,0,160;159,2,,,2983;7527;2803;7558;2806;4344;1199;1204;7329;2976,2983:5634.5602514102575;7527:5639.087196799232;2803:5646.642156799232;7558:5654.037156799232;2806:5661.870996799233;4344:5663.073996799233;1199:5667.0643396563755;1204:5671.054682513518;7329:5672.257682513518;2976:5675.101169142858
0,1,default_vehtype,route,False,5652.148921719042,5700.0,2973;-1;-1,2376;3091;0.193,664.5983094577375,0.8532184548973186,0.8531519950663728,0.0,,0,,0,,,2973;7354;3525;6025;3063;6027;7362;2188;2186;5744;6033;5746;6031;146;2828;2376,2973:5652.148921719042;7354:5655.946089029706;3525:5666.824929029706;6025:5668.566393029706;3063:5669.831073029706;6027:5671.133049029706;7362:5675.141289029706;2188:5681.804457029706;2186:5683.080729029706;5744:5685.096153029706;6033:5686.465593029707;5746:5688.389001029706;6031:5689.880625029707;146:5690.8417530297065;2828:5691.933561029707;2376:5697.435441029706
0,1,default_vehtype,route,False,5700.0,5722.21094428562,2376;3091;0.193,2975;-1;-1,264.768852545197,0.8531519950663728,0.8531255181811184,0.0,,0,,0,,,2376;3091;4274;880;3109;3874;2975,2376:5700;3091:5710.757169029706;4274:5711.900097029707;880:5712.491433029707;3109:5714.341977029707;3874:5720.206257029707;2975:5722.21094428562
0,1,default_vehtype,boarding,True,5722.21094428562,5752.21094428562,2975;-1;-1,2975;-1;-1,0.0,0.8531255181811184,0.8531255181811184,0.0,,0,165,1,165,,,
0,2,default_vehtype,route,False,5532.22933407776,5720.740410453594,2969;-1;-1,2966;-1;-1,1632.261708212367,0.9588676828736081,0.9587044567027869,0.0,,0,156,1,,,2969;7192;1664;337;1075;5648;5759;205;5793;1407;5826;7411;4686;5074;5295;5274;7181;604;603;602;1339;1395;1399;835;1147;1093;2607;911;1150;665;666;1885;668;1415;1041;1623;1383;2333;2966,2969:5532.22933407776;7192:5535.832977029706;1664:5539.086873029706;337:5546.847105029706;1075:5547.870945029706;5648:5548.671729029706;5759:5554.230057029706;205:5559.374313029705;5793:5563.495665029705;1407:5565.115809029706;5826:5567.396121029706;7411:5570.294769029706;4686:5571.365481029706;5074:5578.305993029706;5295:5578.536249029706;5274:5581.915065029706;7181:5586.424353029706;604:5590.002753029707;603:5591.066337029707;602:5591.919465029707;1339:5592.911841029707;1395:5601.449169029707;1399:5603.589873029708;835:5607.166833029708;1147:5607.959409029708;1093:5609.218689029708;2607:5617.277361029708;911:5620.131225029708;1150:5620.891689029708;665:5622.341553029708;666:5623.210665029708;1885:5624.196489029709;668:5637.566889029708;1415:5638.195953029708;1041:5654.882467315422;1623:5659.26572445828;1383:5670.351153029708;2333:5710.505038743994;2966:5720.740410453594
0,2,default_vehtype,boarding,True,5720.740410453594,5750.740410453594,2966;-1;-1,2966;-1;-1,0.0,0.9587044567027869,0.9587044567027869,0.0,,0,156;161,2,161,156,,
0,3,default_vehtype,route,False,5504.87494765429,5725.009664862967,2976;-1;-1,2970;-1;-1,1834.455976738958,0.6879443946413433,0.6877609490436695,0.0,,0,154,1,,,2976;7557;2806;4344;2996;3013;7322;2804;3061;1173;3425;3125;3406;2825;1944;130;99;4526;714;2800;4332;799;3653;3825;7127;3766;3988;553;7132;7191;3566;4337;7134;6667;6711;1807;1653;6829;4349;4937;669;5061;7265;3848;534;2839;3560;2970,2976:5504.87494765429;7557:5509.86530102495;2806:5517.69914102495;4344:5518.902141024951;2996:5520.945621024951;3013:5525.7307410249505;7322:5529.741381024951;2804:5533.068141024951;3061:5539.73618102495;1173:5545.33454102495;3425:5546.51750102495;3125:5547.771021024951;3406:5560.125381024951;2825:5562.595101024951;1944:5563.906461024951;130:5566.294101024951;99:5566.77434102495;4526:5575.18394102495;714:5577.98078102495;2800:5579.987181024951;4332:5580.80282102495;799:5581.98374102495;3653:5586.57998102495;3825:5587.82858102495;7127:5631.38870102495;3766:5632.32590102495;3988:5636.06150102495;553:5636.51978102495;7132:5646.39866102495;7191:5654.35586102495;3566:5656.18502102495;4337:5660.68322102495;7134:5661.783261024951;6667:5669.715381024951;6711:5685.574941024951;1807:5687.502141024951;1653:5693.306061024951;6829:5694.078981024952;4349:5694.627861024952;4937:5698.997421024952;669:5709.304821024952;5061:5715.113181024952;7265:5715.896421024951;3848:5716.871061024952;534:5720.916021024952;2839:5722.274661024952;3560:5723.350221024953;2970:5725.009664862967
0,3,default_vehtype,boarding,True,5725.009664862967,5755.009664862967,2970;-1;-1,2970;-1;-1,0.0,0.6877609490436695,0.6877609490436695,0.0,,0,154,1,,154,,
0,4,default_vehtype,route,False,5445.835851443716,5718.086262175826,2990;-1;-1,2983;-1;-1,2268.7534227675733,0.8192108439866767,0.8189839686443999,0.0,,0,148,1,,,2990;2552;1946;7401;3551;3849;7263;5060;3728;4936;1207;2554;4974;5249;6709;2464;7135;1193;552;2755;7131;3567;888;712;2718;754;611;1812;1186;7311;4339;2419;5404;5421;1925;1883;926;925;5399;1905;830;2795;918;3075;7097;7290;2736;1744;1164;2789;1218;7334;7010;820;7498;276;2915;2661;7517;6201;7314;2983,2990:5445.835851443716;2552:5448.701567564799;1946:5452.954847564799;7401:5454.153887564799;3551:5455.5125275648;3849:5459.5574875648;7263:5460.5321275648;5060:5461.3153675648;3728:5467.1237275648;4936:5477.4311275648;1207:5481.8006875648;2554:5482.3495675648;4974:5483.1224875648;5249:5488.926407564801;6709:5490.853607564801;2464:5506.713167564801;7135:5514.645287564801;1193:5515.745327564801;552:5520.243527564801;2755:5522.0726875648015;7131:5530.029887564801;3567:5539.908767564802;888:5540.367047564801;712:5544.102647564801;2718:5545.039847564802;754:5588.599967564802;611:5589.848567564802;1812:5594.419727564802;1186:5595.596927564802;7311:5596.412567564802;4339:5597.906327564802;2419:5602.515407564802;5404:5606.742287564803;5421:5607.847607564802;1925:5607.9908875648025;1883:5609.028167564802;926:5613.280727564802;925:5616.225047564802;5399:5625.5298475648015;1905:5626.856447564802;830:5628.033287564802;2795:5629.216967564802;918:5630.359127564802;3075:5638.232087564802;7097:5639.081447564802;7290:5644.883567564802;2736:5653.602047564802;1744:5655.057287564802;1164:5666.165807564802;2789:5667.577607564802;1218:5668.700807564802;7334:5676.281927564802;7010:5679.1894075648015;820:5681.170367564801;7498:5681.638367564801;276:5681.749967564801;2915:5693.095967564801;2661:5700.329327564801;7517:5707.641287564801;6201:5708.502407564801;7314:5715.3977275648;2983:5718.086262175826
0,4,default_vehtype,boarding,True,5718.086262175826,5748.086262175826,2983;-1;-1,2983;-1;-1,0.0,0.8189839686443999,0.8189839686443999,0.0,,0,148;162,2,162,148,,
0,8,default_vehtype,boarding,True,5675.101169142858,5705.101169142858,2976;-1;-1,2976;-1;-1,0.0,0.9127754069129442,0.9127754069129442,0.0,,0,160;159;163,3,163,160,,
0,0,default_vehtype,boarding,True,5760.0,5790.0,2988;-1;-1,2988;-1;-1,0.0,0.9421454051388537,0.9421454051388537,0.0,,0,167,1,167,,,
0,3,default_vehtype,route,False,5760.0,5767.381840040903,2970;-1;-1,2990;-1;-1,61.51533367418344,0.6877609490436695,0.687754797510302,0.0,,0,,0,,,2970;671;544;7400;5449;2990,2970:5760;671:5761.0301161619855;544:5763.719676161985;7400:5764.7952361619855;5449:5765.994276161986;2990:5767.381840040903
0,3,default_vehtype,boarding,True,5767.381840040903,5797.381840040903,2990;-1;-1,2990;-1;-1,0.0,0.687754797510302,0.687754797510302,0.0,,0,170,1,170,,,
0,4,default_vehtype,route,False,5748.086262175826,5762.830915461688,2983;-1;-1,2977;-1;-1,122.87211071552242,0.8189839686443999,0.8189716814333284,0.0,,0,162,1,,,2983;7527;2802;2977,2983:5748.086262175826;7527:5752.6132075648;2802:5759.8286875648;2977:5762.830915461688
0,4,default_vehtype,boarding,True,5762.830915461688,5792.830915461688,2977;-1;-1,2977;-1;-1,0.0,0.8189716814333284,0.8189716814333284,0.0,,0,162;164,2,164,,,
0,8,default_vehtype,route,False,5705.101169142858,5806.1055864657665,2976;-1;-1,2974;-1;-1,962.7138012351244,0.9127754069129442,0.9126791355328207,0.0,,0,159;163,2,,,2976;7557;2806;4344;2996;3013;7322;2804;3061;1173;3425;4304;793;118;3979;4275;103;6480;7360;3154;6028;2181;2180;146;2828;2974,2976:5705.101169142858;7557:5710.091522513519;2806:5717.925362513519;4344:5719.128362513519;2996:5721.17184251352;3013:5725.956962513519;7322:5729.9676025135195;2804:5733.294362513519;3061:5739.962402513519;1173:5745.560762513519;3425:5746.743722513519;4304:5748.146042513519;793:5760.261602513519;118:5766.125882513519;3979:5767.976426513519;4275:5768.5677625135195;103:5769.71069051352;6480:5783.03241851352;7360:5788.534298513519;3154:5789.6261065135195;6028:5790.587234513519;2181:5794.819291656377;2180:5799.051348799234;146:5800.012476799234;2828:5801.104284799234;2974:5806.1055864657665
0,1,default_vehtype,route,False,5752.21094428562,5871.362209684283,2975;-1;-1,2982;-1;-1,992.9272116555164,0.8531255181811184,0.8530262254599528,0.0,,0,165,1,,,2975;1166;429;3125;3406;2825;1944;130;99;4526;714;2800;4339;2419;5404;5421;1925;1883;926;925;5399;1905;830;2795;918;3075;7097;7290;2736;1744;1164;2789;1218;2982,2975:5752.21094428562;1166:5762.321817029707;429:5763.724137029707;3125:5764.977657029707;3406:5777.3320170297075;2825:5779.8017370297075;1944:5781.113097029707;130:5783.500737029707;99:5783.980977029707;4526:5792.390577029707;714:5795.187417029707;2800:5797.193817029707;4339:5798.687577029707;2419:5803.296657029708;5404:5807.523537029708;5421:5808.628857029707;1925:5808.772137029708;1883:5809.809417029707;926:5814.061977029707;925:5817.006297029707;5399:5826.311097029707;1905:5827.637697029707;830:5828.814537029707;2795:5829.998217029707;918:5831.140377029707;3075:5839.013337029707;7097:5839.862697029707;7290:5845.664817029708;2736:5854.383297029708;1744:5855.838537029708;1164:5866.947057029708;2789:5868.358857029708;1218:5869.482057029708;2982:5871.362209684283
0,2,default_vehtype,route,False,5750.740410453594,5853.8305905949355,2966;-1;-1,2967;-1;-1,889.10574341502,0.9587044567027869,0.9586155461284455,0.0,,0,161,1,,,2966;2743;2631;2150;735;738;2470;734;1815;739;1724;1962;1910;164;1354;197;1311;7;1963;1308;482;7613;2611;1307;2876;1960;2967,2966:5750.740410453594;2743:5758.584238743994;2631:5762.595667315423;2150:5779.525953029709;735:5790.008124458281;738:5796.1759530297095;2470:5797.125633029709;734:5797.334505029709;1815:5798.3427210297095;739:5799.183249029709;1724:5815.64093702971;1962:5816.69775302971;1910:5817.51999302971;164:5818.471185029711;1354:5819.4277050297105;197:5821.636953029711;1311:5833.17171302971;7:5836.86668102971;1963:5837.27513702971;1308:5837.63636102971;482:5842.191009029711;7613:5843.515161029711;2611:5847.4115130297105;1307:5848.72724102971;2876:5851.39397702971;1960:5852.37821702971;2967:5853.8305905949355
0,4,default_vehtype,route,False,5792.830915461688,5876.235417362228,2977;-1;-1,2982;-1;-1,577.1723729807225,0.8189716814333284,0.8189139641960304,0.0,,0,162;164,2,,,2977;6202;7516;7037;7512;3274;2902;3901;7011;7336;4365;7288;1182;1001;6296;6301;2298;2295;2293;4102;4325;7285;1218;2982,2977:5792.830915461688;6202:5796.7240075648;7516:5797.585127564799;7037:5804.897087564799;7512:5812.130447564799;3274:5823.476447564799;2902:5823.588047564799;3901:5824.056047564799;7011:5826.037007564799;7336:5828.944487564799;4365:5836.5256075647985;7288:5837.6488075647985;1182:5838.565727564798;1001:5843.856887564798;6296:5846.2162075647975;6301:5851.158493279083;2298:5855.440436136226;2295:5859.722378993369;2293:5864.664664707654;4102:5867.023984707654;4325:5872.315144707653;7285:5873.232064707653;1218:5874.355264707653;2982:5876.235417362228
0,5,default_vehtype,route,False,5760.0,5878.448631310085,2980;-1;-1,2981;-1;-1,632.2576748681246,0.540697817736143,0.5406345919686563,0.0,,0,,0,,,2980;914;2135;1730;2664;2579;2961;2407;2581;370;361;2874;1887;4059;910;6541;3462;3648;2851;2850;1801;1560;5242;922;6385;3550;2981,2980:5760;914:5775.882170735657;2135:5783.833027878514;1730:5799.289370735657;2664:5801.111485021372;2579:5805.987427878515;2961:5822.758285021372;2407:5828.007085021372;2581:5836.494342164229;370:5838.077190164229;361:5840.574294164229;2874:5841.1603021642295;1887:5846.815686164229;4059:5848.734990164229;910:5853.251190164229;6541:5853.91531816423;3462:5856.1289581642295;3648:5856.458718164229;2851:5861.132958164229;2850:5862.066318164229;1801:5865.36199816423;1560:5870.10247816423;5242:5871.78511816423;922:5872.70103016423;6385:5875.92267016423;3550:5876.18451016423;2981:5878.448631310085
0,7,default_vehtype,route,False,5620.824208919601,5837.290617236714,2969;-1;-1,2985;-1;-1,1880.9112266265465,0.7683960070519832,0.7682079159293206,0.0,,0,158,1,,,2969;7192;1664;1659;538;4990;4939;5252;3070;1657;4439;4842;1272;3423;4282;4975;5250;6710;2464;7135;1193;552;2755;7131;3567;888;712;2718;754;611;1812;1186;7311;3767;4527;3089;3131;5447;7352;414;122;3426;4305;793;118;3979;2985,2969:5620.824208919601;7192:5624.427851871547;1664:5627.6817478715475;1659:5632.441307871548;538:5633.592347871548;4990:5637.289427871548;4939:5638.679987871547;5252:5644.104707871547;3070:5645.141147871547;1657:5652.657947871548;4439:5658.288107871547;4842:5662.672667871548;1272:5662.857587871547;3423:5664.074147871547;4282:5667.851627871547;4975:5668.901387871547;5250:5674.705307871547;6710:5676.632507871547;2464:5692.492067871547;7135:5700.4241878715475;1193:5701.524227871548;552:5706.022427871548;2755:5707.851587871548;7131:5715.808787871548;3567:5725.687667871548;888:5726.145947871548;712:5729.881547871548;2718:5730.818747871548;754:5774.378867871548;611:5775.627467871548;1812:5780.1986278715485;1186:5781.375827871549;7311:5782.191467871548;3767:5784.197867871549;4527:5786.994707871549;3089:5795.404307871549;3131:5795.884547871548;5447:5798.272187871548;7352:5799.583547871548;414:5802.053267871548;122:5814.407627871548;3426:5815.661147871549;4305:5817.063467871549;793:5829.179027871549;118:5835.043307871549;3979:5836.893851871549;2985:5837.290617236714
0,7,default_vehtype,boarding,True,5837.290617236714,5867.290617236714,2985;-1;-1,2985;-1;-1,0.0,0.7682079159293206,0.7682079159293206,0.0,,0,158,1,,158,,
0,8,default_vehtype,boarding,True,5806.1055864657665,5836.1055864657665,2974;-1;-1,2974;-1;-1,0.0,0.9126791355328207,0.9126791355328207,0.0,,0,159;163,2,,159,,
0,0,default_vehtype,route,False,5790.0,5932.652281479831,2988;-1;-1,2984;-1;-1,1600.770944951656,0.9421454051388537,0.9419853280443585,0.0,,0,167,1,,,2988;3447;6082;7383;364;3029;3886;5711;6045;2157;4817;456;5901;7605;2830;5852;6913;1321;597;2204;6066;6049;7367;2188;2186;5744;6033;5746;6031;146;2828;2376;3091;4274;880;3109;3874;4306;429;4313;68;7318;7325;3011;4;4345;1199;1204;2996;2984,2988:5790;3447:5791.539512442979;6082:5794.362920442979;7383:5794.771808442979;364:5795.207192442979;3029:5797.231400442979;3886:5797.7294244429795;5711:5800.26900844298;6045:5801.66328844298;2157:5805.85181644298;4817:5806.32860044298;456:5806.94348044298;5901:5807.69904844298;7605:5811.170744442979;2830:5811.40013644298;5852:5817.926864442979;6913:5819.823272442979;1321:5824.971704442979;597:5825.434592442979;2204:5826.991880442979;6066:5827.637576442979;6049:5831.863904442978;7367:5834.137448442978;2188:5840.800616442978;2186:5842.076888442978;5744:5844.092312442978;6033:5845.461752442979;5746:5847.385160442978;6031:5848.8767844429785;146:5849.837912442978;2828:5850.929720442979;2376:5856.431600442978;3091:5869.753328442978;4274:5870.8962564429785;880:5871.487592442979;3109:5873.338136442979;3874:5879.202416442979;4306:5891.317976442979;429:5892.720296442979;4313:5893.903256442979;68:5899.501616442979;7318:5906.1696564429785;7325:5909.496416442978;3011:5913.507056442979;4:5918.292176442978;4345:5920.335656442979;1199:5924.325999300121;1204:5928.3163421572635;2996:5930.359822157264;2984:5932.652281479831
0,1,default_vehtype,boarding,True,5871.362209684283,5901.362209684283,2982;-1;-1,2982;-1;-1,0.0,0.8530262254599528,0.8530262254599528,0.0,,0,165,1,,165,,
0,2,default_vehtype,boarding,True,5853.8305905949355,5883.8305905949355,2967;-1;-1,2967;-1;-1,0.0,0.9586155461284455,0.9586155461284455,0.0,,0,161,1,,161,,
0,4,default_vehtype,boarding,True,5876.235417362228,5906.235417362228,2982;-1;-1,2982;-1;-1,0.0,0.8189139641960304,0.8189139641960304,0.0,,0,162;164,2,,162,,
0,5,default_vehtype,boarding,True,5878.448631310085,5908.448631310085,2981;-1;-1,2981;-1;-1,0.0,0.5406345919686563,0.5406345919686563,0.0,,0,166,1,166,,,
0,6,default_vehtype,route,False,5760.0,5914.627871742287,2980;-1;-1,2979;-1;-1,808.3882022793446,0.7608968331645912,0.7608159943443633,0.0,,0,,0,,,2980;914;2135;1730;2664;2579;2961;2407;2581;370;361;2874;1887;4059;910;6541;3462;3648;2851;2850;1801;1560;5242;922;6385;3550;6322;7280;2411;6281;2286;2287;6538;2979,2980:5760;914:5775.882170735657;2135:5783.833027878514;1730:5799.289370735657;2664:5801.111485021372;2579:5805.987427878515;2961:5822.758285021372;2407:5828.007085021372;2581:5836.494342164229;370:5838.077190164229;361:5840.574294164229;2874:5841.1603021642295;1887:5846.815686164229;4059:5848.734990164229;910:5853.251190164229;6541:5853.91531816423;3462:5856.1289581642295;3648:5856.458718164229;2851:5861.132958164229;2850:5862.066318164229;1801:5865.36199816423;1560:5870.10247816423;5242:5871.78511816423;922:5872.70103016423;6385:5875.92267016423;3550:5876.18451016423;6322:5881.82175016423;7280:5885.34051016423;2411:5891.17563016423;6281:5896.219744449944;2286:5900.986658735658;2287:5905.753573021372;6538:5910.797687307087;2979:5914.627871742287
0,8,default_vehtype,route,False,5836.1055864657665,5884.618779769527,2974;-1;-1,2987;-1;-1,673.794351441106,0.9126791355328207,0.9126117560976765,0.0,,0,163,1,,,2974;6479;7359;3154;6028;5745;6035;5743;6038;6041;7365;2179;3064;6023;3524;7356;4225;2987,2974:5836.1055864657665;6479:5836.606164799234;7359:5842.1080447992335;3154:5843.199852799234;6028:5844.160980799234;5745:5845.652604799234;6035:5847.5760127992335;5743:5848.945452799234;6038:5850.960876799234;6041:5852.237148799234;7365:5858.900316799234;2179:5862.908556799234;3064:5864.210532799234;6023:5865.475212799234;3524:5867.216676799234;7356:5878.095516799234;4225:5882.680044799235;2987:5884.618779769527
0,8,default_vehtype,boarding,True,5884.618779769527,5914.618779769527,2987;-1;-1,2987;-1;-1,0.0,0.9126117560976765,0.9126117560976765,0.0,,0,163,1,,163,,
0,0,default_vehtype,boarding,True,5932.652281479831,5962.652281479831,2984;-1;-1,2984;-1;-1,0.0,0.9419853280443585,0.9419853280443585,0.0,,0,167,1,,167,,
0,3,default_vehtype,route,False,5797.381840040903,5980.071363132278,2990;-1;-1,2987;-1;-1,1926.571842263089,0.687754797510302,0.6875621403260757,0.0,,0,170,1,,,2990;2552;1946;7401;3560;3731;662;7398;3491;6933;7394;6989;7392;5704;7389;3806;2573;885;316;2042;1982;6306;374;7114;3246;5330;661;445;6080;7381;364;3029;3886;5711;6045;2157;4817;456;5901;7605;2830;1420;1084;7357;2826;2827;4225;2987,2990:5797.381840040903;2552:5800.247556161986;1946:5804.500836161986;7401:5805.699876161986;3560:5806.775436161986;3731:5809.464996161986;662:5831.914716161986;7398:5835.433956161985;3491:5841.758676161985;6933:5842.670436161985;7394:5848.032036161985;6989:5848.626396161985;7392:5857.837476161985;5704:5860.202556161985;7389:5874.740796161985;3806:5878.805196161985;2573:5879.873196161985;885:5880.476556161985;316:5887.303716161985;2042:5898.042156161985;1982:5898.804876161985;6306:5899.021716161985;374:5907.322716161985;7114:5909.537724161985;3246:5910.675540161986;5330:5911.4231161619855;661:5912.414556161985;445:5915.444244161985;6080:5918.267652161985;7381:5918.676540161985;364:5919.111924161985;3029:5921.136132161985;3886:5921.634156161986;5711:5924.173740161986;6045:5925.568020161986;2157:5929.756548161986;4817:5930.233332161986;456:5930.848212161986;5901:5931.603780161986;7605:5935.0754761619855;2830:5935.304868161986;1420:5947.009980161985;1084:5950.544964161985;7357:5955.129492161986;2826:5964.338796161986;2827:5973.5481001619855;4225:5978.132628161986;2987:5980.071363132278
0,6,default_vehtype,boarding,True,5914.627871742287,5944.627871742287,2979;-1;-1,2979;-1;-1,0.0,0.7608159943443633,0.7608159943443633,0.0,,0,168,1,168,,,
0,2,default_vehtype,route,False,5883.8305905949355,6037.8657921678805,2967;-1;-1,2966;-1;-1,1352.74125658498,0.9586155461284455,0.958480272002787,0.0,,0,,0,,,2967;3896;5466;7451;4482;6930;7615;3488;4485;5469;2998;901;1083;1355;1961;1962;1033;1559;1958;2907;636;1954;1949;186;333;2164;695;694;1041;1623;1383;2333;2966,2967:5883.8305905949355;3896:5889.91013702971;5466:5897.442057029711;7451:5898.42629702971;4482:5901.093033029711;6930:5902.40876102971;7615:5906.30511302971;3488:5907.62926502971;4485:5912.18391302971;5469:5912.5451370297105;2998:5912.953593029711;901:5914.199121029711;1083:5916.989553029711;1355:5930.67884102971;1961:5931.66156902971;1962:5932.60044902971;1033:5933.80990502971;1559:5940.194001029709;1958:5947.541025029709;2907:5948.164689029709;636:5950.979817029709;1954:5951.590521029709;1949:5960.490657029709;186:5962.056801029709;333:5962.696521029709;2164:5963.312913029709;695:5968.020201029709;694:5971.188921029709;1041:5972.007849029708;1623:5976.391106172566;1383:5987.476534743994;2333:6027.63042045828;2966:6037.8657921678805
0,3,default_vehtype,boarding,True,5980.071363132278,6010.071363132278,2987;-1;-1,2987;-1;-1,0.0,0.6875621403260757,0.6875621403260757,0.0,,0,170,1,,170,,
0,5,default_vehtype,route,False,5908.448631310085,6041.718369486795,2981;-1;-1,2984;-1;-1,1110.581151472602,0.5406345919686563,0.5405235338535089,0.0,,0,166,1,,,2981;6320;7278;2411;1661;7283;796;751;4635;6299;4102;4325;7285;1218;7334;7010;820;7498;276;2915;2661;7517;6201;7314;7529;2803;7558;2806;4344;2996;2984,2981:5908.448631310085;6320:5911.82175016423;7278:5915.34051016423;2411:5921.17563016423;1661:5926.97547016423;7283:5928.0245101642295;796:5936.817030164229;751:5938.724910164229;4635:5943.83355016423;6299:5949.792630164229;4102:5952.151950164229;4325:5957.4431101642285;7285:5958.360030164228;1218:5959.483230164228;7334:5967.064350164228;7010:5969.971830164228;820:5971.952790164228;7498:5972.420790164228;276:5972.532390164228;2915:5983.878390164227;2661:5991.1117501642275;7517:5998.4237101642275;6201:5999.284830164227;7314:6006.180150164227;7529:6013.3956301642265;2803:6020.950590164227;7558:6028.345590164227;2806:6036.179430164228;4344:6037.382430164228;2996:6039.425910164228;2984:6041.718369486795
0,6,default_vehtype,route,False,5944.627871742287,6047.347388571429,2979;-1;-1,2980;-1;-1,812.5577977206555,0.7608159943443633,0.7607347385645912,0.0,,0,168,1,,,2979;2786;2307;3549;6384;4032;1804;4811;5237;608;459;2416;4011;5246;363;366;2314;2877;1748;1743;1157;2058;2092;915;2980,2979:5944.627871742287;2786:5946.632807307086;2307:5950.151567307086;3549:5955.788807307086;6384:5956.050647307086;4032:5959.272287307086;1804:5960.1881993070865;4811:5961.8708393070865;5237:5966.611319307087;608:5975.477399307087;459:5975.807159307086;2416:5978.020799307086;4011:5978.684927307087;5246:5984.610095307086;363:5991.518783307087;366:5992.923863307087;2314:5994.068735307087;2877:6007.239839307087;1748:6008.358359307087;1743:6016.112759307087;1157:6020.85190216423;2058:6026.641730735658;2092:6030.030873592801;915:6035.149045021372;2980:6047.347388571429
0,2,default_vehtype,boarding,True,6037.8657921678805,6067.8657921678805,2966;-1;-1,2966;-1;-1,0.0,0.958480272002787,0.958480272002787,0.0,,0,169,1,169,,,
0,3,default_vehtype,route,False,6060.0,6091.62247258673,2987;-1;-1,2988;-1;-1,439.20100814900826,0.6875621403260757,0.6875182202252608,0.0,,0,,0,,,2987;4613;7368;7606;5900;3459;4818;5992;6047;5708;3884;3030;3347;7376;2207;2988,2987:6060;4613:6061.596249029708;7368:6073.301361029708;7606:6073.530753029708;5900:6077.002449029707;3459:6077.758017029707;4818:6078.372897029707;5992:6078.849681029707;6047:6083.038209029707;5708:6084.4324890297075;3884:6086.972073029708;3030:6087.470097029708;3347:6089.494305029708;7376:6089.929689029708;2207:6090.338577029708;2988:6091.62247258673
0,5,default_vehtype,boarding,True,6041.718369486795,6071.718369486795,2984;-1;-1,2984;-1;-1,0.0,0.5405235338535089,0.5405235338535089,0.0,,0,166,1,,166,,
0,6,default_vehtype,boarding,True,6047.347388571429,6077.347388571429,2980;-1;-1,2980;-1;-1,0.0,0.7607347385645912,0.7607347385645912,0.0,,0,168,1,,168,,
0,7,default_vehtype,route,False,5880.0,6080.510774472852,2985;-1;-1,2970;-1;-1,1685.570068578386,0.7682079159293206,0.7680393589224628,0.0,,0,,0,,,2985;1140;880;3109;3874;4306;429;3125;3406;2825;1944;130;99;4526;714;2800;4332;799;3653;3825;7127;3766;3988;553;7132;7191;3566;4337;7134;6667;6711;1807;1653;6829;4349;4937;669;5061;7265;3848;534;2839;3560;2970,2985:5880;1140:5880.194570634835;880:5880.785906634836;3109:5882.6364506348355;3874:5888.500730634835;4306:5900.616290634835;429:5902.018610634836;3125:5903.272130634836;3406:5915.626490634836;2825:5918.096210634836;1944:5919.407570634836;130:5921.795210634836;99:5922.275450634836;4526:5930.6850506348355;714:5933.4818906348355;2800:5935.488290634836;4332:5936.3039306348355;799:5937.484850634835;3653:5942.081090634835;3825:5943.329690634835;7127:5986.889810634835;3766:5987.8270106348355;3988:5991.562610634835;553:5992.020890634835;7132:6001.8997706348355;7191:6009.856970634835;3566:6011.6861306348355;4337:6016.1843306348355;7134:6017.284370634836;6667:6025.216490634836;6711:6041.076050634836;1807:6043.003250634836;1653:6048.807170634836;6829:6049.580090634837;4349:6050.128970634837;4937:6054.498530634837;669:6064.805930634837;5061:6070.614290634837;7265:6071.397530634837;3848:6072.372170634837;534:6076.417130634837;2839:6077.7757706348375;3560:6078.851330634838;2970:6080.510774472852
0,7,default_vehtype,boarding,True,6080.510774472852,6110.510774472852,2970;-1;-1,2970;-1;-1,0.0,0.7680393589224628,0.7680393589224628,0.0,,0,171,1,171,,,
0,8,default_vehtype,route,False,5914.618779769527,6060.111736678151,2987;-1;-1,2990;-1;-1,1441.794157736911,0.9126117560976765,0.9124675766819028,0.0,,0,,0,,,2987;4613;7368;7606;5900;3459;4818;5992;6047;5708;3884;3030;3347;7376;2207;3446;3720;5332;251;2711;3358;2296;5495;5696;3307;3987;6878;746;2834;2045;2835;2641;7396;2616;486;2838;3722;3732;544;7400;5449;2990,2987:5914.618779769527;4613:5916.2150287992345;7368:5927.920140799234;7606:5928.149532799234;5900:5931.621228799234;3459:5932.3767967992335;4818:5932.991676799234;5992:5933.468460799234;6047:5937.656988799234;5708:5939.051268799234;3884:5941.590852799234;3030:5942.088876799235;3347:5944.1130847992345;7376:5944.548468799235;2207:5944.957356799235;3446:5947.780764799235;3720:5950.810452799235;5332:5951.801892799234;251:5952.549468799234;2711:5953.6872847992345;3358:5955.902292799235;2296:5964.203292799235;5495:5964.420132799235;5696:5965.182852799235;3307:5975.921292799235;3987:5982.748452799235;6878:5983.351812799235;746:5984.419812799235;2834:5988.484212799235;2045:6003.022452799235;2835:6005.387532799235;2641:6014.598612799235;7396:6015.192972799235;2616:6020.554572799235;486:6021.466332799235;2838:6027.791052799234;3722:6031.310292799234;3732:6053.760012799234;544:6056.4495727992335;7400:6057.525132799234;5449:6058.724172799234;2990:6060.111736678151
0,8,default_vehtype,boarding,True,6060.111736678151,6090.111736678151,2990;-1;-1,2990;-1;-1,0.0,0.9124675766819028,0.9124675766819028,0.0,,0,172,1,172,,,
0,3,default_vehtype,boarding,True,6091.62247258673,6121.62247258673,2988;-1;-1,2988;-1;-1,0.0,0.6875182202252608,0.6875182202252608,0.0,,0,174,1,174,,,
0,4,default_vehtype,route,False,5906.235417362228,6173.248073172704,2982;-1;-1,2992;-1;-1,3252.2210676709674,0.8189139641960304,0.8185887420892632,0.0,,0,164,1,,,2982;2809;4365;7288;1182;1001;6296;1434;3820;3877;2787;4993;6537;7281;2307;3549;6384;4032;1804;4811;5237;608;459;2416;4011;5246;363;366;2314;2877;1748;2880;906;984;2268;1857;1806;1371;938;5442;4054;2205;1369;2047;3631;4079;4572;4577;778;3636;3639;3642;7178;5275;5297;5072;1464;2847;5825;4587;5794;3202;2065;2023;4203;537;18;5629;1068;2559;6740;1717;2067;2063;1937;2992,2982:5906.235417362228;2809:5911.936384707653;4365:5919.517504707653;7288:5920.640704707653;1182:5921.557624707652;1001:5926.848784707652;6296:5929.208104707652;1434:5935.167184707651;3820:5940.275824707652;3877:5942.1837047076515;2787:5950.976224707651;4993:5952.025264707651;6537:5957.825104707651;7281:5963.660224707651;2307:5967.178984707651;3549:5972.816224707651;6384:5973.078064707651;4032:5976.299704707651;1804:5977.215616707651;4811:5978.898256707651;5237:5983.638736707651;608:5992.504816707651;459:5992.834576707651;2416:5995.048216707651;4011:5995.712344707651;5246:6001.637512707651;363:6008.546200707651;366:6009.951280707652;2314:6011.0961527076515;2877:6024.2672567076515;1748:6025.3857767076515;2880:6026.547568707651;906:6038.772880707651;984:6041.542576707651;2268:6042.290440707651;1857:6042.676360707651;1806:6043.338544707651;1371:6044.00872070765;938:6046.58984870765;5442:6056.310496707651;4054:6063.950488707651;2205:6069.702928707651;1369:6076.149088707652;2047:6077.092144707652;3631:6078.654976707651;4079:6079.7222327076515;4572:6083.520664707651;4577:6085.253344707651;778:6089.559664707651;3636:6090.5630567076505;3639:6091.41618470765;3642:6092.479768707651;7178:6096.058168707651;5275:6100.567456707651;5297:6103.946272707652;5072:6104.176528707651;1464:6111.1170407076515;2847:6112.187752707651;5825:6115.086400707652;4587:6117.3667127076515;5794:6118.986856707652;3202:6123.108208707652;2065:6128.252464707652;2023:6133.810792707652;4203:6134.611576707652;537:6135.565576707651;18:6141.433144707651;5629:6147.282568707651;1068:6149.834968707651;2559:6156.88556870765;6740:6161.35619270765;1717:6167.189920707649;2067:6167.927704707649;2063:6168.643960707649;1937:6171.913912707649;2992:6173.248073172704
0,4,default_vehtype,boarding,True,6173.248073172704,6203.248073172704,2992;-1;-1,2992;-1;-1,0.0,0.8185887420892632,0.8185887420892632,0.0,,0,164,1,,164,,
0,4,default_vehtype,route,False,6203.248073172704,6224.138780725749,2992;-1;-1,2993;-1;-1,290.1487160145031,0.8185887420892632,0.8185597272176618,0.0,,0,,0,,,2992;2526;3895;5465;7450;2993,2992:6203.248073172704;2526:6212.45032070765;3895:6213.717304707649;5465:6221.24922470765;7450:6222.23346470765;2993:6224.138780725749
0,7,default_vehtype,route,False,6110.510774472852,6228.104585169434,2970;-1;-1,2989;-1;-1,932.344993900098,0.7680393589224628,0.7679461244230729,0.0,,0,171,1,,,2970;671;662;7398;3491;6933;7394;6989;7392;5704;7389;3806;2573;885;316;2042;1982;6306;5681;2294;2035;6308;5495;5696;3307;3987;6878;2989,2970:6110.510774472852;671:6111.5408906348375;662:6133.990610634837;7398:6137.509850634837;3491:6143.834570634836;6933:6144.746330634836;7394:6150.1079306348365;6989:6150.702290634837;7392:6159.913370634837;5704:6162.278450634836;7389:6176.816690634836;3806:6180.881090634836;2573:6181.9490906348365;885:6182.5524506348365;316:6189.379610634836;2042:6200.118050634836;1982:6200.880770634836;6306:6201.097610634836;5681:6203.491610634836;2294:6204.823096349122;2035:6206.154582063408;6308:6208.5485820634085;5495:6208.765422063409;5696:6209.528142063408;3307:6220.266582063408;3987:6227.093742063408;6878:6227.697102063408;2989:6228.104585169434
0,0,default_vehtype,route,False,6180.0,6245.617928059831,2984;-1;-1,2986;-1;-1,674.351330400799,0.9419853280443585,0.9419178929113184,0.0,,0,,0,,,2984;3012;7321;2804;3061;1173;3425;4304;793;118;3979;4275;103;6480;7360;2986,2984:6180;3012:6182.4926606774325;7321:6186.503300677433;2804:6189.830060677433;3061:6196.498100677432;1173:6202.096460677432;3425:6203.279420677432;4304:6204.681740677433;793:6216.797300677433;118:6222.6615806774325;3979:6224.512124677432;4275:6225.103460677433;103:6226.246388677433;6480:6239.568116677433;7360:6245.069996677433;2986:6245.617928059831
0,0,default_vehtype,boarding,True,6245.617928059831,6275.617928059831,2986;-1;-1,2986;-1;-1,0.0,0.9419178929113184,0.9419178929113184,0.0,,0,175,1,175,,,
0,4,default_vehtype,boarding,True,6224.138780725749,6254.138780725749,2993;-1;-1,2993;-1;-1,0.0,0.8185597272176618,0.8185597272176618,0.0,,0,173,1,173,,,
0,5,default_vehtype,route,False,6180.0,6287.580731647726,2984;-1;-1,2987;-1;-1,1257.1680468993354,0.5405235338535089,0.540397817048819,0.0,,0,,0,,,2984;3012;7321;2804;3061;1173;3425;4304;793;118;3979;4275;103;6480;7360;3154;6028;5745;6035;5743;6038;6041;7365;2179;3064;6023;3524;7356;4225;2987,2984:6180;3012:6182.4926606774325;7321:6186.503300677433;2804:6189.830060677433;3061:6196.498100677432;1173:6202.096460677432;3425:6203.279420677432;4304:6204.681740677433;793:6216.797300677433;118:6222.6615806774325;3979:6224.512124677432;4275:6225.103460677433;103:6226.246388677433;6480:6239.568116677433;7360:6245.069996677433;3154:6246.161804677433;6028:6247.122932677433;5745:6248.614556677433;6035:6250.537964677433;5743:6251.907404677433;6038:6253.922828677433;6041:6255.199100677433;7365:6261.862268677433;2179:6265.8705086774335;3064:6267.172484677433;6023:6268.437164677433;3524:6270.178628677433;7356:6281.0574686774335;4225:6285.641996677434;2987:6287.580731647726
0,7,default_vehtype,boarding,True,6228.104585169434,6258.104585169434,2989;-1;-1,2989;-1;-1,0.0,0.7679461244230729,0.7679461244230729,0.0,,0,171,1,,171,,
0,7,default_vehtype,boarding,True,6258.104585169434,6288.104585169434,2989;-1;-1,2989;-1;-1,0.0,0.7679461244230729,0.7679461244230729,0.0,,0,179,1,179,,,
0,1,default_vehtype,route,False,6240.0,6323.159320491281,2982;-1;-1,2981;-1;-1,715.980737427333,0.8530262254599528,0.8529546273862101,0.0,,0,,0,,,2982;2809;4365;7288;4302;5102;7160;7294;2701;3076;4023;7300;1891;827;6499;1803;1141;5241;922;6385;3550;2981,2982:6240;2809:6245.700967345425;4365:6253.282087345425;7288:6254.405287345425;4302:6255.817087345425;5102:6266.925607345424;7160:6268.380847345425;7294:6277.099327345424;2701:6282.9014473454245;3076:6283.750807345425;4023:6291.623767345424;7300:6292.765927345425;1891:6293.019847345425;827:6294.085687345425;6499:6303.440527345425;1803:6309.403087345425;1141:6314.907727345425;5241:6316.495807345425;922:6317.411719345426;6385:6320.633359345426;3550:6320.895199345426;2981:6323.159320491281
0,1,default_vehtype,boarding,True,6323.159320491281,6353.159320491281,2981;-1;-1,2981;-1;-1,0.0,0.8529546273862101,0.8529546273862101,0.0,,0,177,1,177,,,
0,2,default_vehtype,route,False,6067.8657921678805,6331.370581278591,2966;-1;-1,2989;-1;-1,2459.3155808926635,0.958480272002787,0.9582343404446978,0.0,,0,169,1,,,2966;2743;2631;2150;735;738;1096;3736;81;831;2413;1146;832;1880;1340;3638;3641;7177;5275;5297;5072;1464;2847;5825;4587;5794;3202;2065;2023;4203;4198;1071;1070;1069;1067;1504;4396;710;2281;4664;6260;3300;1832;708;6180;2405;6169;2744;2567;2576;3077;3241;88;2758;2742;2448;2353;6140;7386;3742;7100;6318;737;6639;2446;2301;1992;1990;1988;1985;3729;5498;5496;5699;5494;5695;3307;3987;6878;2989,2966:6067.8657921678805;2743:6075.70962045828;2631:6079.721049029709;2150:6096.651334743995;735:6107.133506172567;738:6113.3013347439955;1096:6122.840306172567;3736:6123.103322172567;81:6126.952226172567;831:6137.798810172567;2413:6138.786506172567;1146:6139.599890172567;832:6140.408306172567;1880:6143.005994172567;1340:6154.538810172567;3638:6155.525282172566;3641:6156.588866172567;7177:6160.167266172567;5275:6164.676554172567;5297:6168.055370172568;5072:6168.285626172567;1464:6175.2261381725675;2847:6176.296850172567;5825:6179.195498172568;4587:6181.475810172567;5794:6183.095954172568;3202:6187.217306172568;2065:6192.361562172568;2023:6197.919890172568;4203:6198.720674172568;4198:6199.702322172568;1071:6200.704850172568;1070:6215.1681381725675;1069:6215.906426172567;1067:6218.568482172567;1504:6223.0222581725675;4396:6223.248554172567;710:6223.799210172568;2281:6224.804906172568;4664:6228.682898172568;6260:6229.128794172568;3300:6229.727906172568;1832:6232.518122172568;708:6233.0571861725675;6180:6233.480618172567;2405:6235.703018172567;6169:6239.180138172566;2744:6243.780698172566;2567:6245.623658172566;2576:6254.112218172566;3077:6256.244858172566;3241:6259.373738172566;88:6261.300578172566;2758:6263.2640181725665;2742:6263.670458172566;2448:6266.856098172566;2353:6273.056978172566;6140:6278.228018172566;7386:6279.570458172567;3742:6287.229458172566;7100:6287.769098172566;6318:6288.247178172566;737:6289.162898172566;6639:6291.012098172566;2446:6292.583378172566;2301:6294.880418172566;1992:6295.905458172567;1990:6297.602378172567;1988:6300.056378172567;1985:6303.5781381725665;3729:6305.925578172566;5498:6307.322978172566;5496:6310.230218172565;5699:6310.927658172565;5494:6312.031418172565;5695:6312.794138172565;3307:6323.532578172565;3987:6330.359738172565;6878:6330.963098172565;2989:6331.370581278591
0,3,default_vehtype,route,False,6121.62247258673,6326.7153620235,2988;-1;-1,2967;-1;-1,2240.9159723361736,0.6875182202252608,0.6872941286280272,0.0,,0,174,1,,,2988;3447;3721;5333;251;2711;3358;2296;5495;5697;5497;5500;670;5502;5512;5520;5531;6313;6632;6644;3793;6319;7102;3741;7384;6414;5446;2447;2571;42;2577;2566;3033;3036;2469;2404;2235;3762;5287;310;2280;1447;6261;3764;4397;4745;4182;4187;4191;4195;4202;4208;537;18;5629;1068;2559;6740;1717;2067;2063;1937;6789;3895;5465;7450;1719;3469;470;469;5079;7447;1960;2967,2988:6121.62247258673;3447:6123.161985029708;3721:6126.191673029708;5333:6127.183113029708;251:6127.9306890297075;2711:6129.068505029708;3358:6131.283513029708;2296:6139.584513029708;5495:6139.8013530297085;5697:6140.905113029708;5497:6141.602553029708;5500:6144.509793029708;670:6145.907193029708;5502:6148.254633029707;5512:6151.776393029707;5520:6154.230393029707;5531:6155.927313029707;6313:6156.952353029707;6632:6159.249393029708;6644:6160.820673029708;3793:6162.669873029708;6319:6163.5855930297075;7102:6164.063673029707;3741:6164.603313029707;7384:6172.262313029707;6414:6177.469473029707;5446:6179.737233029707;2447:6183.673353029707;2571:6191.262273029707;42:6195.930273029707;2577:6196.602753029707;2566:6205.201833029707;3033:6205.832793029707;3036:6208.102353029707;2469:6211.694673029707;2404:6215.018193029707;2235:6216.301593029707;3762:6216.725025029707;5287:6217.264089029706;310:6220.0543050297065;2280:6220.653417029706;1447:6221.0993130297065;6261:6224.977305029706;3764:6225.983001029706;4397:6226.533657029707;4745:6226.759953029707;4182:6231.213729029707;4187:6233.875785029707;4191:6234.614073029707;4195:6249.0773610297065;4202:6250.0798890297065;4208:6251.061537029706;537:6252.015537029706;18:6257.883105029706;5629:6263.732529029706;1068:6266.284929029705;2559:6273.335529029705;6740:6277.806153029705;1717:6283.639881029704;2067:6284.377665029704;2063:6285.093921029704;1937:6288.363873029703;6789:6298.900281029703;3895:6300.167265029703;5465:6307.699185029704;7450:6308.683425029703;1719:6309.500049029703;3469:6310.520001029703;470:6316.481086743989;469:6322.442172458275;5079:6323.462124458275;7447:6324.278748458275;1960:6325.262988458275;2967:6326.7153620235
0,3,default_vehtype,boarding,True,6326.7153620235,6356.7153620235,2967;-1;-1,2967;-1;-1,0.0,0.6872941286280272,0.6872941286280272,0.0,,0,174;178,2,178,174,,
0,5,default_vehtype,boarding,True,6287.580731647726,6317.580731647726,2987;-1;-1,2987;-1;-1,0.0,0.540397817048819,0.540397817048819,0.0,,0,176,1,176,,,
0,7,default_vehtype,route,False,6288.104585169434,6343.512985049001,2989;-1;-1,2988;-1;-1,508.7451901861828,0.7679461244230729,0.7678952499040542,0.0,,0,179,1,,,2989;3808;6876;885;316;2042;1982;6306;374;7114;3246;5330;661;445;6080;7381;364;3029;69;30;3346;2832;2207;2988,2989:6288.104585169434;3808:6288.7651020634075;6876:6289.833102063408;885:6290.436462063408;316:6297.263622063408;2042:6308.002062063408;1982:6308.764782063407;6306:6308.9816220634075;374:6317.282622063408;7114:6319.497630063408;3246:6320.635446063408;5330:6321.383022063408;661:6322.374462063408;445:6325.4041500634075;6080:6328.227558063408;7381:6328.636446063408;364:6329.071830063408;3029:6331.096038063408;69:6335.228323777694;30:6339.36060949198;3346:6341.384817491979;2832:6341.82020149198;2207:6342.22908949198;2988:6343.512985049001
0,8,default_vehtype,route,False,6090.111736678151,6314.856845453813,2990;-1;-1,2982;-1;-1,1872.8759064638184,0.9124675766819028,0.9122802890912565,0.0,,0,172,1,,,2990;2552;1946;7401;3551;3849;7263;5060;3728;4936;1207;2554;4974;5249;6709;2464;7135;1193;552;2755;7131;3567;888;712;2718;754;611;1812;1186;7311;4339;2419;5404;5421;1925;1883;926;925;5399;1905;830;2795;918;3075;7097;7290;2736;1744;1164;2789;1218;2982,2990:6090.111736678151;2552:6092.977452799234;1946:6097.230732799234;7401:6098.429772799234;3551:6099.788412799235;3849:6103.833372799235;7263:6104.808012799235;5060:6105.591252799235;3728:6111.399612799235;4936:6121.707012799235;1207:6126.076572799235;2554:6126.625452799235;4974:6127.398372799235;5249:6133.202292799236;6709:6135.129492799236;2464:6150.989052799236;7135:6158.921172799236;1193:6160.021212799236;552:6164.519412799236;2755:6166.3485727992365;7131:6174.305772799236;3567:6184.184652799237;888:6184.642932799236;712:6188.378532799236;2718:6189.315732799237;754:6232.875852799237;611:6234.124452799237;1812:6238.695612799237;1186:6239.872812799237;7311:6240.688452799237;4339:6242.182212799237;2419:6246.791292799237;5404:6251.018172799238;5421:6252.123492799237;1925:6252.2667727992375;1883:6253.304052799237;926:6257.556612799237;925:6260.500932799237;5399:6269.8057327992365;1905:6271.132332799237;830:6272.309172799237;2795:6273.492852799237;918:6274.635012799237;3075:6282.507972799237;7097:6283.357332799237;7290:6289.159452799237;2736:6297.877932799238;1744:6299.333172799238;1164:6310.441692799238;2789:6311.853492799238;1218:6312.976692799238;2982:6314.856845453813
0,8,default_vehtype,boarding,True,6314.856845453813,6344.856845453813,2982;-1;-1,2982;-1;-1,0.0,0.9122802890912565,0.9122802890912565,0.0,,0,172,1,,172,,
0,2,default_vehtype,boarding,True,6331.370581278591,6361.370581278591,2989;-1;-1,2989;-1;-1,0.0,0.9582343404446978,0.9582343404446978,0.0,,0,169,1,,169,,
0,4,default_vehtype,route,False,6254.138780725749,6391.67295984582,2993;-1;-1,2966;-1;-1,1123.5603891839621,0.8185597272176618,0.8184473711787434,0.0,,0,173,1,,,2993;4483;6931;7616;3488;4485;5469;2998;901;1083;1355;1961;1962;1033;1559;1958;2907;636;1954;1949;186;333;2164;695;694;1041;1623;1383;2333;2966,2993:6254.138780725749;4483:6254.90020070765;6931:6256.215928707649;7616:6260.112280707649;3488:6261.436432707649;4485:6265.991080707649;5469:6266.35230470765;2998:6266.76076070765;901:6268.00628870765;1083:6270.79672070765;1355:6284.4860087076495;1961:6285.468736707649;1962:6286.407616707649;1033:6287.617072707649;1559:6294.0011687076485;1958:6301.348192707648;2907:6301.971856707648;636:6304.786984707648;1954:6305.397688707648;1949:6314.297824707648;186:6315.863968707648;333:6316.5036887076485;2164:6317.120080707648;695:6321.827368707648;694:6324.996088707648;1041:6325.815016707647;1623:6330.198273850505;1383:6341.283702421933;2333:6381.437588136219;2966:6391.67295984582
0,7,default_vehtype,boarding,True,6343.512985049001,6373.512985049001,2988;-1;-1,2988;-1;-1,0.0,0.7678952499040542,0.7678952499040542,0.0,,0,179,1,,179,,
0,8,default_vehtype,route,False,6360.0,6420.0,2982;-1;-1,2803;7558;0.056,500.00000000001074,0.9122802890912565,0.9122302890912565,0.0,,0,,0,,,2982;2809;7010;820;7498;276;2915;2661;7517;6201;7314;7529;2803,2982:6360;2809:6365.700967345425;7010:6368.608447345425;820:6370.589407345425;7498:6371.0574073454245;276:6371.169007345425;2915:6382.515007345424;2661:6389.748367345424;7517:6397.060327345424;6201:6397.921447345424;7314:6404.816767345424;7529:6412.0322473454235;2803:6419.587207345424
0,0,default_vehtype,route,False,6275.617928059831,6451.890902255492,2986;-1;-1,2979;-1;-1,1500.143045537819,0.9419178929113184,0.9417678786067647,0.0,,0,175,1,,,2986;3155;7358;2376;3091;4274;880;3109;3874;4306;429;3125;3406;2825;1944;130;99;4526;714;2800;4339;2419;5404;5421;1925;1883;926;925;5399;1905;830;2795;1891;827;6499;1803;1141;5241;922;6385;3550;6322;7280;2411;6281;2286;2287;6538;2979,2986:6275.617928059831;3155:6276.161804677433;7358:6277.253612677433;2376:6282.755492677433;3091:6296.077220677433;4274:6297.220148677433;880:6297.811484677433;3109:6299.662028677433;3874:6305.526308677433;4306:6317.641868677433;429:6319.044188677433;3125:6320.297708677434;3406:6332.652068677434;2825:6335.121788677434;1944:6336.433148677434;130:6338.8207886774335;99:6339.301028677433;4526:6347.710628677433;714:6350.507468677433;2800:6352.5138686774335;4339:6354.007628677434;2419:6358.616708677434;5404:6362.843588677434;5421:6363.948908677434;1925:6364.092188677434;1883:6365.129468677434;926:6369.3820286774335;925:6372.326348677433;5399:6381.631148677433;1905:6382.957748677433;830:6384.134588677433;2795:6385.3182686774335;1891:6385.572188677434;827:6386.638028677434;6499:6395.992868677434;1803:6401.955428677434;1141:6407.460068677434;5241:6409.048148677434;922:6409.964060677435;6385:6413.185700677434;3550:6413.4475406774345;6322:6419.0847806774345;7280:6422.6035406774345;2411:6428.438660677434;6281:6433.482774963149;2286:6438.2496892488625;2287:6443.0166035345765;6538:6448.060717820291;2979:6451.890902255492
0,4,default_vehtype,boarding,True,6391.67295984582,6421.67295984582,2966;-1;-1,2966;-1;-1,0.0,0.8184473711787434,0.8184473711787434,0.0,,0,173,1,,173,,
0,7,default_vehtype,boarding,True,6420.0,6450.0,2988;-1;-1,2988;-1;-1,0.0,0.7678952499040542,0.7678952499040542,0.0,,0,183,1,183,,,
0,8,default_vehtype,route,False,6420.0,6440.354986667992,2803;7558;0.056,2984;-1;-1,169.62488889992443,0.9122302890912565,0.9122133266023665,0.0,,0,,0,,,2803;7558;2806;4344;2996;2984,2803:6420;7558:6426.982207345424;2806:6434.8160473454245;4344:6436.019047345425;2996:6438.062527345425;2984:6440.354986667992
0,8,default_vehtype,boarding,True,6440.354986667992,6470.354986667992,2984;-1;-1,2984;-1;-1,0.0,0.9122133266023665,0.9122133266023665,0.0,,0,181,1,181,,,
0,0,default_vehtype,boarding,True,6451.890902255492,6481.890902255492,2979;-1;-1,2979;-1;-1,0.0,0.9417678786067647,0.9417678786067647,0.0,,0,175;184,2,184,175,,
0,2,default_vehtype,route,False,6480.0,6535.408399879567,2989;-1;-1,2988;-1;-1,508.74519018618275,0.9582343404446978,0.9581834659256792,0.0,,0,,0,,,2989;3808;6876;885;316;2042;1982;6306;374;7114;3246;5330;661;445;6080;7381;364;3029;69;30;3346;2832;2207;2988,2989:6480;3808:6480.660516893973;6876:6481.728516893973;885:6482.3318768939735;316:6489.159036893973;2042:6499.897476893973;1982:6500.660196893973;6306:6500.877036893973;374:6509.1780368939735;7114:6511.393044893974;3246:6512.530860893974;5330:6513.278436893974;661:6514.269876893974;445:6517.299564893973;6080:6520.122972893973;7381:6520.531860893973;364:6520.967244893974;3029:6522.9914528939735;69:6527.123738608259;30:6531.256024322545;3346:6533.280232322545;2832:6533.715616322545;2207:6534.124504322545;2988:6535.408399879567
0,8,default_vehtype,route,False,6470.354986667992,6515.26387671059,2984;-1;-1,2985;-1;-1,386.72580238367703,0.9122133266023665,0.9121746540221282,0.0,,0,181,1,,,2984;3012;7321;2804;3061;1173;3425;4304;793;118;3979;2985,2984:6470.354986667992;3012:6472.847647345425;7321:6476.858287345425;2804:6480.185047345425;3061:6486.853087345425;1173:6492.451447345425;3425:6493.634407345425;4304:6495.036727345425;793:6507.152287345425;118:6513.016567345425;3979:6514.867111345425;2985:6515.26387671059
0,1,default_vehtype,route,False,6353.159320491281,6540.0,2981;-1;-1,7608;5900;0.541,1935.7965550980653,0.8529546273862101,0.8527610477307003,0.0,,0,177,1,,,2981;6320;3549;6384;4032;1804;4277;5239;6501;3911;5389;7301;3914;5398;5400;4040;4041;5374;5418;5424;5403;6546;1200;7312;3767;4527;3089;3131;5447;7352;414;122;3426;4305;793;118;3979;4275;103;6480;7360;3154;6028;5745;6035;5743;6038;6041;7365;6050;6068;6077;3629;4502;6912;2108;7370;7608,2981:6353.159320491281;6320:6356.532439345426;3549:6362.169679345426;6384:6362.431519345426;4032:6365.653159345426;1804:6366.569071345426;4277:6368.157151345426;5239:6373.6617913454265;6501:6379.6243513454265;3911:6388.979191345426;5389:6390.045031345427;7301:6390.298951345427;3914:6391.482631345427;5398:6392.659471345427;5400:6393.986071345427;4040:6403.290871345427;4041:6406.235191345427;5374:6410.487751345427;5418:6411.525031345426;5424:6411.668311345426;5403:6412.773631345426;6546:6417.000511345426;1200:6421.609591345426;7312:6423.103351345427;3767:6425.109751345427;4527:6427.906591345427;3089:6436.316191345427;3131:6436.796431345427;5447:6439.184071345427;7352:6440.495431345426;414:6442.965151345426;122:6455.319511345427;3426:6456.573031345427;4305:6457.975351345427;793:6470.090911345427;118:6475.955191345427;3979:6477.805735345427;4275:6478.397071345427;103:6479.5399993454275;6480:6492.861727345427;7360:6498.363607345427;3154:6499.455415345427;6028:6500.416543345427;5745:6501.9081673454275;6035:6503.831575345427;5743:6505.201015345428;6038:6507.216439345428;6041:6508.492711345428;7365:6515.155879345428;6050:6517.4294233454275;6068:6521.655751345427;6077:6522.301447345427;3629:6523.858735345427;4502:6524.321623345427;6912:6529.470055345427;2108:6531.366463345426;7370:6537.893191345426;7608:6538.122583345426
0,1,default_vehtype,route,False,6540.0,6556.214302902448,7608;5900;0.541,2988;-1;-1,225.19865142288052,0.8527610477307003,0.852738527865558,0.0,,0,177,1,,,7608;5900;3459;4818;5992;6047;5708;3884;3030;3347;7376;2207;2988,7608:6540;5900:6541.594279345426;3459:6542.349847345426;4818:6542.964727345426;5992:6543.441511345426;6047:6547.630039345426;5708:6549.024319345426;3884:6551.563903345426;3030:6552.061927345427;3347:6554.086135345427;7376:6554.521519345427;2207:6554.930407345427;2988:6556.214302902448
0,1,default_vehtype,boarding,True,6556.214302902448,6586.214302902448,2988;-1;-1,2988;-1;-1,0.0,0.852738527865558,0.852738527865558,0.0,,0,177;188,2,188,,,
0,1,default_vehtype,route,False,6586.214302902448,6589.198367733861,2988;-1;-1,2972;-1;-1,41.44534488073482,0.852738527865558,0.85273438333107,0.0,,0,177;188,2,,,2988;3447;2972,2988:6586.214302902448;3447:6587.753815345427;2972:6589.198367733861
0,2,default_vehtype,boarding,True,6535.408399879567,6565.408399879567,2988;-1;-1,2988;-1;-1,0.0,0.9581834659256792,0.9581834659256792,0.0,,0,185,1,185,,,
0,4,default_vehtype,boarding,True,6540.0,6570.0,2966;-1;-1,2966;-1;-1,0.0,0.8184473711787434,0.8184473711787434,0.0,,0,187,1,187,,,
0,7,default_vehtype,route,False,6450.0,6584.382143072319,2988;-1;-1,2976;-1;-1,1582.8408391747612,0.7678952499040542,0.7677369658201367,0.0,,0,183,1,,,2988;3447;6082;7383;364;3029;3886;5711;6045;2157;4817;456;5901;7605;2830;5852;6913;1321;597;2204;6066;6049;7367;2188;2186;5744;6033;5746;6031;146;2828;2376;3091;4274;880;3109;3874;4306;429;4313;68;7318;7325;3011;4;4345;7330;2976,2988:6450;3447:6451.539512442979;6082:6454.362920442979;7383:6454.771808442979;364:6455.207192442979;3029:6457.231400442979;3886:6457.7294244429795;5711:6460.26900844298;6045:6461.66328844298;2157:6465.85181644298;4817:6466.32860044298;456:6466.94348044298;5901:6467.69904844298;7605:6471.170744442979;2830:6471.40013644298;5852:6477.926864442979;6913:6479.823272442979;1321:6484.971704442979;597:6485.434592442979;2204:6486.991880442979;6066:6487.637576442979;6049:6491.863904442978;7367:6494.137448442978;2188:6500.800616442978;2186:6502.076888442978;5744:6504.092312442978;6033:6505.461752442979;5746:6507.385160442978;6031:6508.8767844429785;146:6509.837912442978;2828:6510.929720442979;2376:6516.431600442978;3091:6529.753328442978;4274:6530.8962564429785;880:6531.487592442979;3109:6533.338136442979;3874:6539.202416442979;4306:6551.317976442979;429:6552.720296442979;4313:6553.903256442979;68:6559.501616442979;7318:6566.1696564429785;7325:6569.496416442978;3011:6573.507056442979;4:6578.292176442978;4345:6580.335656442979;7330:6581.538656442979;2976:6584.382143072319
0,8,default_vehtype,boarding,True,6515.26387671059,6545.26387671059,2985;-1;-1,2985;-1;-1,0.0,0.9121746540221282,0.9121746540221282,0.0,,0,181;182,2,182,181,,
0,3,default_vehtype,route,False,6356.7153620235,6600.0,2967;-1;-1,7283;796;0.379,3152.518841108459,0.6872941286280272,0.6869788767439163,0.0,,0,178,1,,,2967;3896;6788;5444;1716;2720;4210;1711;98;2497;7434;2760;542;1074;4204;5649;5760;205;5793;1407;5826;7411;4686;5074;5295;5274;7181;604;603;602;3851;4573;1400;971;598;1368;591;585;940;1370;939;1903;983;3921;840;2881;5099;2878;1735;2581;370;361;2874;1887;4059;910;6541;3462;3648;2851;2850;1801;1560;5242;922;6385;3550;6322;7280;2411;1661;7283,2967:6356.7153620235;3896:6362.794908458275;6788:6364.061892458275;5444:6374.598300458275;1716:6377.388660458275;2720:6378.135300458275;4210:6379.033572458276;1711:6380.163252458276;98:6388.779060458275;2497:6390.289692458276;7434:6397.497540458276;2760:6404.036076458276;542:6411.564180458276;1074:6412.4975884582755;4204:6413.479236458275;5649:6414.280020458275;5760:6419.8383484582755;205:6424.982604458275;5793:6429.103956458275;1407:6430.724100458276;5826:6433.0044124582755;7411:6435.903060458276;4686:6436.973772458276;5074:6443.914284458276;5295:6444.1445404582755;5274:6447.523356458276;7181:6452.032644458276;604:6455.611044458276;603:6456.674628458277;602:6457.527756458277;3851:6458.531148458276;4573:6462.837468458276;1400:6464.570148458276;971:6468.368580458276;598:6469.435836458276;1368:6470.396172458276;591:6476.267124458276;585:6489.438372458276;940:6496.018236458276;1370:6503.044860458276;939:6503.741532458276;1903:6504.563124458276;983:6505.545636458276;3921:6509.343780458276;840:6513.904620458276;2881:6520.535244458277;5099:6521.6881084582765;2878:6522.816132458276;1735:6533.800452458276;2581:6535.1398684582755;370:6536.7227164582755;361:6539.2198204582755;2874:6539.805828458276;1887:6545.461212458275;4059:6547.380516458275;910:6551.8967164582755;6541:6552.560844458276;3462:6554.774484458276;3648:6555.104244458275;2851:6559.778484458276;2850:6560.711844458276;1801:6564.007524458276;1560:6568.748004458276;5242:6570.430644458276;922:6571.346556458277;6385:6574.568196458276;3550:6574.8300364582765;6322:6580.4672764582765;7280:6583.986036458276;2411:6589.821156458276;1661:6595.620996458276;7283:6596.670036458276
0,0,default_vehtype,route,False,6481.890902255492,6617.964930163914,2979;-1;-1,2976;-1;-1,1082.9625182844873,0.9417678786067647,0.9416595823549362,0.0,,0,184,1,,,2979;2786;2411;1661;7283;796;751;4635;6299;4102;4325;7285;1218;7334;7010;820;7498;276;2915;2661;7517;6201;7314;7529;2803;7558;2806;4344;1199;1204;7329;2976,2979:6481.890902255492;2786:6483.895837820291;2411:6489.73095782029;1661:6495.53079782029;7283:6496.57983782029;796:6505.37235782029;751:6507.28023782029;4635:6512.38887782029;6299:6518.34795782029;4102:6520.707277820289;4325:6525.998437820289;7285:6526.915357820289;1218:6528.038557820289;7334:6535.619677820288;7010:6538.527157820288;820:6540.508117820288;7498:6540.976117820288;276:6541.087717820288;2915:6552.433717820288;2661:6559.667077820288;7517:6566.979037820288;6201:6567.8401578202875;7314:6574.735477820287;7529:6581.950957820287;2803:6589.505917820287;7558:6596.900917820288;2806:6604.734757820288;4344:6605.937757820288;1199:6609.928100677431;1204:6613.918443534573;7329:6615.121443534574;2976:6617.964930163914
0,0,default_vehtype,boarding,True,6617.964930163914,6647.964930163914,2976;-1;-1,2976;-1;-1,0.0,0.9416595823549362,0.9416595823549362,0.0,,0,184,1,,184,,
0,1,default_vehtype,boarding,True,6589.198367733861,6619.198367733861,2972;-1;-1,2972;-1;-1,0.0,0.85273438333107,0.85273438333107,0.0,,0,177;188,2,,177,,
0,2,default_vehtype,route,False,6565.408399879567,6602.835993011882,2988;-1;-1,2973;-1;-1,519.82768239327,0.9581834659256792,0.9581314831574399,0.0,,0,185,1,,,2988;3447;6082;7383;364;3029;3886;5711;6045;2157;4817;456;5901;7605;2830;1420;1084;2973,2988:6565.408399879567;3447:6566.947912322546;6082:6569.771320322546;7383:6570.180208322546;364:6570.615592322546;3029:6572.639800322546;3886:6573.137824322546;5711:6575.677408322546;6045:6577.071688322547;2157:6581.2602163225465;4817:6581.737000322547;456:6582.351880322547;5901:6583.107448322547;7605:6586.579144322546;2830:6586.808536322546;1420:6598.513648322546;1084:6602.048632322546;2973:6602.835993011882
0,2,default_vehtype,boarding,True,6602.835993011882,6632.835993011882,2973;-1;-1,2973;-1;-1,0.0,0.9581314831574399,0.9581314831574399,0.0,,0,185,1,,185,,
0,3,default_vehtype,route,False,6600.0,6630.008909112849,7283;796;0.379,2982;-1;-1,250.0742426070882,0.6869788767439163,0.6869538693196556,0.0,,0,178,1,,,7283;796;751;4635;6299;4102;4325;7285;1218;2982,7283:6600;796:6605.462556458276;751:6607.370436458275;4635:6612.479076458276;6299:6618.438156458275;4102:6620.797476458275;4325:6626.088636458275;7285:6627.005556458274;1218:6628.128756458274;2982:6630.008909112849
0,5,default_vehtype,route,False,6317.580731647726,6651.511734101321,2987;-1;-1,2966;-1;-1,3186.7902370701618,0.540397817048819,0.540079138025112,0.0,,0,176,1,,,2987;4613;7368;7606;5900;3459;4818;5992;6047;5708;3884;3030;3347;7376;2207;3446;3720;5332;251;2711;3358;2296;5495;5697;5497;5500;670;5502;5512;5520;5531;6313;6632;6644;3793;6319;7102;3741;7384;6414;5446;2447;2571;42;2577;2566;3033;3036;2469;2404;2235;3762;5287;310;2280;1447;6261;3764;4397;4745;4182;4187;4191;4195;4202;4208;5653;5764;205;5793;1407;5826;7411;4686;5074;5295;5274;7181;604;603;602;1339;1395;1399;835;1147;1093;2607;911;1150;665;666;1885;668;1415;1041;1623;1383;2333;2966,2987:6317.580731647726;4613:6319.176980677434;7368:6330.882092677433;7606:6331.1114846774335;5900:6334.583180677433;3459:6335.338748677433;4818:6335.953628677433;5992:6336.430412677433;6047:6340.618940677433;5708:6342.013220677433;3884:6344.552804677433;3030:6345.050828677434;3347:6347.075036677434;7376:6347.510420677434;2207:6347.919308677434;3446:6350.742716677434;3720:6353.772404677434;5332:6354.763844677434;251:6355.511420677433;2711:6356.649236677434;3358:6358.864244677434;2296:6367.165244677434;5495:6367.382084677434;5697:6368.485844677434;5497:6369.183284677434;5500:6372.090524677434;670:6373.4879246774335;5502:6375.835364677433;5512:6379.357124677433;5520:6381.811124677432;5531:6383.508044677433;6313:6384.533084677433;6632:6386.830124677434;6644:6388.401404677434;3793:6390.250604677433;6319:6391.166324677433;7102:6391.644404677433;3741:6392.184044677433;7384:6399.843044677433;6414:6405.050204677433;5446:6407.317964677432;2447:6411.254084677433;2571:6418.843004677433;42:6423.5110046774325;2577:6424.183484677433;2566:6432.782564677433;3033:6433.413524677433;3036:6435.683084677433;2469:6439.275404677433;2404:6442.5989246774325;2235:6443.882324677433;3762:6444.305756677432;5287:6444.844820677432;310:6447.635036677432;2280:6448.234148677432;1447:6448.680044677432;6261:6452.558036677432;3764:6453.563732677432;4397:6454.1143886774325;4745:6454.340684677432;4182:6458.794460677433;4187:6461.456516677433;4191:6462.194804677432;4195:6476.658092677432;4202:6477.660620677432;4208:6478.642268677432;5653:6479.443052677432;5764:6485.001380677432;205:6490.145636677432;5793:6494.266988677432;1407:6495.887132677432;5826:6498.167444677432;7411:6501.066092677433;4686:6502.136804677432;5074:6509.0773166774325;5295:6509.307572677432;5274:6512.686388677433;7181:6517.195676677433;604:6520.774076677433;603:6521.837660677434;602:6522.690788677433;1339:6523.6831646774335;1395:6532.220492677434;1399:6534.361196677434;835:6537.938156677435;1147:6538.730732677434;1093:6539.990012677435;2607:6548.048684677435;911:6550.902548677434;1150:6551.663012677434;665:6553.1128766774345;666:6553.981988677435;1885:6554.967812677435;668:6568.338212677435;1415:6568.967276677435;1041:6585.653790963149;1623:6590.037048106006;1383:6601.122476677435;2333:6641.276362391721;2966:6651.511734101321
0,7,default_vehtype,boarding,True,6584.382143072319,6614.382143072319,2976;-1;-1,2976;-1;-1,0.0,0.7677369658201367,0.7677369658201367,0.0,,0,183;180,2,180,,,
0,0,default_vehtype,route,False,6660.0,6678.363132693228,2976;-1;-1,2984;-1;-1,153.0261057768949,0.9416595823549362,0.9416442797443585,0.0,,0,,0,,,2976;7557;2806;4344;2996;2984,2976:6660;7557:6664.99035337066;2806:6672.82419337066;4344:6674.027193370661;2996:6676.070673370661;2984:6678.363132693228
0,0,default_vehtype,boarding,True,6678.363132693228,6708.363132693228,2984;-1;-1,2984;-1;-1,0.0,0.9416442797443585,0.9416442797443585,0.0,,0,190,1,190,,,
0,2,default_vehtype,route,False,6632.835993011882,6702.89801557846,2973;-1;-1,2975;-1;-1,929.3671620029346,0.9581314831574399,0.9580385464412396,0.0,,0,,0,,,2973;7354;3525;6025;3063;6027;7362;2188;2186;5744;6033;5746;6031;146;2828;2376;3091;4274;880;3109;3874;2975,2973:6632.835993011882;7354:6636.633160322546;3525:6647.512000322547;6025:6649.253464322546;3063:6650.5181443225465;6027:6651.820120322546;7362:6655.828360322546;2188:6662.491528322546;2186:6663.7678003225465;5744:6665.783224322547;6033:6667.152664322547;5746:6669.076072322547;6031:6670.567696322547;146:6671.528824322547;2828:6672.620632322547;2376:6678.122512322547;3091:6691.444240322547;4274:6692.587168322547;880:6693.178504322547;3109:6695.029048322547;3874:6700.893328322547;2975:6702.89801557846
0,3,default_vehtype,boarding,True,6630.008909112849,6660.008909112849,2982;-1;-1,2982;-1;-1,0.0,0.6869538693196556,0.6869538693196556,0.0,,0,178;189,2,189,,,
0,3,default_vehtype,route,False,6660.008909112849,6707.514211069299,2982;-1;-1,2983;-1;-1,395.8775163037552,0.6869538693196556,0.6869142815680253,0.0,,0,178;189,2,,,2982;2809;7010;820;7498;276;2915;2661;7517;6201;7314;2983,2982:6660.008909112849;2809:6665.709876458274;7010:6668.617356458274;820:6670.598316458274;7498:6671.066316458274;276:6671.177916458274;2915:6682.523916458274;2661:6689.757276458274;7517:6697.069236458274;6201:6697.930356458273;7314:6704.825676458273;2983:6707.514211069299
0,5,default_vehtype,boarding,True,6651.511734101321,6681.511734101321,2966;-1;-1,2966;-1;-1,0.0,0.540079138025112,0.540079138025112,0.0,,0,176,1,,176,,
0,7,default_vehtype,route,False,6614.382143072319,6692.947179747951,2976;-1;-1,2978;-1;-1,654.7086389636052,0.7677369658201367,0.7676714949562404,0.0,,0,183;180,2,,,2976;7557;7316;7531;2802;2251;7515;7037;7512;3274;2902;3901;7011;7336;4365;7288;1182;2978,2976:6614.382143072319;7557:6619.372496442979;7316:6626.76749644298;7531:6634.32245644298;2802:6641.53793644298;2251:6648.43325644298;7515:6649.294376442979;7037:6656.606336442979;7512:6663.839696442979;3274:6675.185696442979;2902:6675.297296442979;3901:6675.765296442979;7011:6677.746256442979;7336:6680.653736442979;4365:6688.2348564429785;7288:6689.3580564429785;1182:6690.274976442978;2978:6692.947179747951
0,2,default_vehtype,boarding,True,6702.89801557846,6732.89801557846,2975;-1;-1,2975;-1;-1,0.0,0.9580385464412396,0.9580385464412396,0.0,,0,186,1,186,,,
0,3,default_vehtype,boarding,True,6707.514211069299,6737.514211069299,2983;-1;-1,2983;-1;-1,0.0,0.6869142815680253,0.6869142815680253,0.0,,0,178;189,2,,178,,
0,7,default_vehtype,boarding,True,6692.947179747951,6722.947179747951,2978;-1;-1,2978;-1;-1,0.0,0.7676714949562404,0.7676714949562404,0.0,,0,183;180,2,,183,,
0,8,default_vehtype,route,False,6545.26387671059,6744.445636609769,2985;-1;-1,2980;-1;-1,1608.0703712755965,0.9121746540221282,0.9120138469850005,0.0,,0,182,1,,,2985;1140;880;3109;3874;4306;429;3125;3406;2825;1944;130;99;4526;714;2800;4339;2419;5404;5421;1925;1883;926;925;5399;1905;830;2795;1891;827;6499;1803;1141;5241;4811;5237;608;459;2416;4011;5246;363;366;2314;2877;1748;1743;1157;2058;2092;915;2980,2985:6545.26387671059;1140:6545.458447345425;880:6546.049783345426;3109:6547.9003273454255;3874:6553.764607345425;4306:6565.880167345425;429:6567.282487345426;3125:6568.536007345426;3406:6580.890367345426;2825:6583.360087345426;1944:6584.671447345426;130:6587.059087345426;99:6587.539327345426;4526:6595.948927345426;714:6598.7457673454255;2800:6600.752167345426;4339:6602.245927345426;2419:6606.855007345426;5404:6611.081887345426;5421:6612.187207345426;1925:6612.330487345426;1883:6613.367767345426;926:6617.620327345426;925:6620.564647345425;5399:6629.869447345425;1905:6631.1960473454255;830:6632.372887345426;2795:6633.556567345426;1891:6633.810487345426;827:6634.876327345426;6499:6644.231167345426;1803:6650.193727345426;1141:6655.698367345426;5241:6657.2864473454265;4811:6658.9690873454265;5237:6663.709567345427;608:6672.575647345427;459:6672.905407345426;2416:6675.119047345426;4011:6675.783175345427;5246:6681.708343345426;363:6688.617031345427;366:6690.022111345427;2314:6691.166983345427;2877:6704.338087345427;1748:6705.456607345427;1743:6713.211007345427;1157:6717.95015020257;2058:6723.739978773998;2092:6727.129121631141;915:6732.247293059712;2980:6744.445636609769
0,8,default_vehtype,boarding,True,6744.445636609769,6774.445636609769,2980;-1;-1,2980;-1;-1,0.0,0.9120138469850005,0.9120138469850005,0.0,,0,182,1,,182,,
0,1,default_vehtype,route,False,6619.198367733861,6815.602072491283,2972;-1;-1,2981;-1;-1,2106.0954485983193,0.85273438333107,0.8525237737862101,0.0,,0,188,1,,,2972;6079;7380;364;3029;3886;5711;6045;2157;4817;456;5901;7605;2830;5852;6913;1321;597;2204;6066;6049;7367;2188;2186;5744;6033;5746;6031;146;2828;2376;3091;4274;880;3109;3874;4306;429;3125;3406;2825;1944;130;99;4526;714;2800;4339;2419;5404;5421;1925;1883;926;925;5399;1905;830;2795;1891;827;6499;1803;1141;5241;922;6385;3550;2981,2972:6619.198367733861;6079:6620.577223345427;7380:6620.986111345427;364:6621.4214953454275;3029:6623.445703345427;3886:6623.943727345428;5711:6626.483311345428;6045:6627.877591345428;2157:6632.066119345428;4817:6632.542903345428;456:6633.1577833454285;5901:6633.913351345428;7605:6637.385047345428;2830:6637.614439345428;5852:6644.141167345428;6913:6646.037575345427;1321:6651.186007345427;597:6651.648895345427;2204:6653.206183345427;6066:6653.851879345427;6049:6658.078207345427;7367:6660.351751345426;2188:6667.014919345426;2186:6668.291191345426;5744:6670.3066153454265;6033:6671.676055345427;5746:6673.599463345427;6031:6675.091087345427;146:6676.052215345427;2828:6677.144023345427;2376:6682.645903345427;3091:6695.9676313454265;4274:6697.110559345427;880:6697.701895345427;3109:6699.552439345427;3874:6705.416719345427;4306:6717.532279345427;429:6718.934599345427;3125:6720.188119345427;3406:6732.542479345428;2825:6735.012199345428;1944:6736.323559345427;130:6738.711199345427;99:6739.191439345427;4526:6747.601039345427;714:6750.397879345427;2800:6752.404279345427;4339:6753.898039345428;2419:6758.507119345428;5404:6762.733999345428;5421:6763.839319345428;1925:6763.982599345428;1883:6765.019879345427;926:6769.272439345427;925:6772.216759345427;5399:6781.521559345427;1905:6782.848159345427;830:6784.024999345427;2795:6785.208679345427;1891:6785.462599345427;827:6786.528439345428;6499:6795.883279345428;1803:6801.8458393454275;1141:6807.350479345428;5241:6808.938559345428;922:6809.8544713454285;6385:6813.076111345428;3550:6813.337951345428;2981:6815.602072491283
0,4,default_vehtype,route,False,6570.0,6827.755016634026,2966;-1;-1,2976;-1;-1,1978.3156102536077,0.8184473711787434,0.8182495396177181,0.0,,0,187,1,,,2966;2743;2631;2150;735;738;1096;3736;81;831;2413;1146;832;1880;1340;3638;1365;2574;7139;1693;1114;5299;7129;754;611;1812;1186;7311;3767;4527;3089;3131;5447;7352;414;122;3426;4314;68;7318;7325;3011;4;4345;7330;2976,2966:6570;2743:6577.8438282904;2631:6581.855256861829;2150:6598.7855425761145;735:6609.267714004686;738:6615.435542576115;1096:6624.974514004686;3736:6625.237530004686;81:6629.086434004686;831:6639.933018004686;2413:6640.9207140046865;1146:6641.7340980046865;832:6642.542514004686;1880:6645.140202004686;1340:6656.673018004686;3638:6657.659490004686;1365:6659.6012100046855;2574:6671.109090004686;7139:6677.375490004686;1693:6679.014090004686;1114:6695.354610004686;5299:6709.899810004686;7129:6711.250770004685;754:6754.8108900046855;611:6756.059490004685;1812:6760.630650004686;1186:6761.807850004686;7311:6762.623490004686;3767:6764.629890004686;4527:6767.426730004686;3089:6775.836330004686;3131:6776.316570004686;5447:6778.704210004686;7352:6780.015570004685;414:6782.485290004685;122:6794.839650004686;3426:6796.093170004686;4314:6797.276130004686;68:6802.874490004686;7318:6809.542530004685;7325:6812.869290004685;3011:6816.879930004686;4:6821.665050004685;4345:6823.708530004686;7330:6824.911530004686;2976:6827.755016634026
0,5,default_vehtype,route,False,6720.0,6838.154206022787,2966;-1;-1,2993;-1;-1,955.9246108160382,0.540079138025112,0.5399835455640304,0.0,,0,,0,,,2966;2743;2631;2150;735;738;2470;734;1815;739;1724;1962;1910;164;1354;197;1311;7;1963;1308;482;7613;2611;1307;2876;1719;3469;470;469;5079;7447;2993,2966:6720;2743:6727.8438282904;2631:6731.855256861829;2150:6748.7855425761145;735:6759.267714004686;738:6765.435542576115;2470:6766.385222576115;734:6766.594094576115;1815:6767.602310576115;739:6768.442838576115;1724:6784.900526576115;1962:6785.9573425761155;1910:6786.779582576116;164:6787.730774576116;1354:6788.687294576116;197:6790.896542576116;1311:6802.431302576116;7:6806.1262705761155;1963:6806.534726576116;1308:6806.895950576116;482:6811.450598576116;7613:6812.774750576116;2611:6816.671102576116;1307:6817.986830576116;2876:6820.653566576116;1719:6821.470190576116;3469:6822.490142576115;470:6828.451228290402;469:6834.412314004688;5079:6835.432266004687;7447:6836.248890004687;2993:6838.154206022787
0,1,default_vehtype,boarding,True,6815.602072491283,6845.602072491283,2981;-1;-1,2981;-1;-1,0.0,0.8525237737862101,0.8525237737862101,0.0,,0,188,1,,188,,
0,4,default_vehtype,boarding,True,6827.755016634026,6857.755016634026,2976;-1;-1,2976;-1;-1,0.0,0.8182495396177181,0.8182495396177181,0.0,,0,187;193,2,193,187,,
0,4,default_vehtype,route,False,6857.755016634026,6876.118149327254,2976;-1;-1,2984;-1;-1,153.0261057768949,0.8182495396177181,0.8182342370071404,0.0,,0,193,1,,,2976;7557;2806;4344;2996;2984,2976:6857.755016634026;7557:6862.745370004686;2806:6870.5792100046865;4344:6871.782210004687;2996:6873.825690004687;2984:6876.118149327254
0,5,default_vehtype,boarding,True,6838.154206022787,6868.154206022787,2993;-1;-1,2993;-1;-1,0.0,0.5399835455640304,0.5399835455640304,0.0,,0,191,1,191,,,
0,7,default_vehtype,route,False,6722.947179747951,6863.09215770732,2978;-1;-1,2980;-1;-1,1124.4366404725629,0.7676714949562404,0.7675590512921933,0.0,,0,180,1,,,2978;4103;6297;1434;3820;3877;2787;4993;6537;7281;2307;3549;6384;4032;1804;4811;5237;608;459;2416;4011;5246;363;366;2314;2877;1748;1743;1157;2058;2092;915;2980,2978:6722.947179747951;4103:6725.566136442979;6297:6727.925456442978;1434:6733.884536442978;3820:6738.993176442978;3877:6740.901056442978;2787:6749.693576442978;4993:6750.742616442978;6537:6756.542456442978;7281:6762.377576442977;2307:6765.896336442977;3549:6771.533576442977;6384:6771.7954164429775;4032:6775.017056442977;1804:6775.932968442978;4811:6777.615608442978;5237:6782.356088442978;608:6791.222168442978;459:6791.551928442977;2416:6793.765568442977;4011:6794.429696442978;5246:6800.3548644429775;363:6807.263552442978;366:6808.668632442978;2314:6809.813504442978;2877:6822.984608442978;1748:6824.103128442978;1743:6831.857528442978;1157:6836.596671300121;2058:6842.386499871549;2092:6845.775642728692;915:6850.8938141572635;2980:6863.09215770732
0,7,default_vehtype,boarding,True,6863.09215770732,6893.09215770732,2980;-1;-1,2980;-1;-1,0.0,0.7675590512921933,0.7675590512921933,0.0,,0,180,1,,180,,
0,1,default_vehtype,route,False,6845.602072491283,6900.0,2981;-1;-1,4041;5374;0.311,476.30246257263127,0.8525237737862101,0.8524761435399528,0.0,,0,,0,,,2981;6320;3549;6384;4032;1804;4277;5239;6501;3911;5389;7301;3914;5398;5400;4040;4041,2981:6845.602072491283;6320:6848.975191345428;3549:6854.612431345428;6384:6854.8742713454285;4032:6858.095911345428;1804:6859.011823345429;4277:6860.599903345429;5239:6866.104543345429;6501:6872.067103345429;3911:6881.421943345429;5389:6882.487783345429;7301:6882.741703345429;3914:6883.9253833454295;5398:6885.10222334543;5400:6886.42882334543;4040:6895.73362334543;4041:6898.677943345429
0,0,default_vehtype,route,False,6708.363132693228,6910.134717208677,2984;-1;-1,2970;-1;-1,1681.429870962063,0.9416442797443585,0.9414761367572623,0.0,,0,190,1,,,2984;3012;7321;2804;3061;1173;3425;3125;3406;2825;1944;130;99;4526;714;2800;4332;799;3653;3825;7127;3766;3988;553;7132;7191;3566;4337;7134;6667;6711;1807;1653;6829;4349;4937;669;5061;7265;3848;534;2839;3560;2970,2984:6708.363132693228;3012:6710.855793370661;7321:6714.866433370661;2804:6718.193193370661;3061:6724.861233370661;1173:6730.4595933706605;3425:6731.642553370661;3125:6732.896073370661;3406:6745.250433370661;2825:6747.720153370661;1944:6749.031513370661;130:6751.419153370661;99:6751.899393370661;4526:6760.308993370661;714:6763.105833370661;2800:6765.112233370661;4332:6765.927873370661;799:6767.10879337066;3653:6771.70503337066;3825:6772.95363337066;7127:6816.51375337066;3766:6817.4509533706605;3988:6821.1865533706605;553:6821.64483337066;7132:6831.5237133706605;7191:6839.48091337066;3566:6841.310073370661;4337:6845.808273370661;7134:6846.908313370661;6667:6854.840433370661;6711:6870.699993370661;1807:6872.627193370661;1653:6878.4311133706615;6829:6879.204033370662;4349:6879.752913370662;4937:6884.122473370662;669:6894.429873370662;5061:6900.238233370662;7265:6901.021473370662;3848:6901.996113370662;534:6906.041073370662;2839:6907.3997133706625;3560:6908.475273370663;2970:6910.134717208677
0,0,default_vehtype,boarding,True,6910.134717208677,6940.134717208677,2970;-1;-1,2970;-1;-1,0.0,0.9414761367572623,0.9414761367572623,0.0,,0,190,1,,190,,
0,4,default_vehtype,boarding,True,6876.118149327254,6906.118149327254,2984;-1;-1,2984;-1;-1,0.0,0.8182342370071404,0.8182342370071404,0.0,,0,193,1,,193,,
0,1,default_vehtype,route,False,6900.0,7008.377647297677,4041;5374;0.311,2974;-1;-1,1024.1573843582003,0.8524761435399528,0.852373727801517,0.0,,0,,0,,,4041;5374;5418;5424;5403;6546;1200;7312;3767;4527;3089;3131;5447;7352;414;122;3426;4305;793;118;3979;4275;103;6480;7360;3154;6028;2181;2180;146;2828;2974,4041:6900;5374:6902.930503345429;5418:6903.967783345429;5424:6904.111063345429;5403:6905.216383345429;6546:6909.443263345429;1200:6914.052343345429;7312:6915.546103345429;3767:6917.55250334543;4527:6920.34934334543;3089:6928.7589433454295;3131:6929.239183345429;5447:6931.626823345429;7352:6932.938183345429;414:6935.407903345429;122:6947.762263345429;3426:6949.01578334543;4305:6950.41810334543;793:6962.53366334543;118:6968.39794334543;3979:6970.24848734543;4275:6970.83982334543;103:6971.98275134543;6480:6985.30447934543;7360:6990.80635934543;3154:6991.89816734543;6028:6992.85929534543;2181:6997.091352488287;2180:7001.323409631144;146:7002.284537631144;2828:7003.376345631144;2974:7008.377647297677
0,2,default_vehtype,route,False,6732.89801557846,6965.495104787599,2975;-1;-1,2992;-1;-1,2397.670279326484,0.9580385464412396,0.957798779413307,0.0,,0,186,1,,,2975;1166;429;3125;3406;2825;1944;130;99;4526;714;2800;4332;799;3653;3825;7127;1836;4248;5046;7138;6879;1367;3637;3640;3643;7179;5275;5297;5072;1464;2847;5825;4587;5794;3202;2065;2023;4203;537;18;5629;1068;2559;6740;1717;2067;2063;1937;2992,2975:6732.89801557846;1166:6743.008888322547;429:6744.411208322547;3125:6745.6647283225475;3406:6758.019088322548;2825:6760.488808322548;1944:6761.8001683225475;130:6764.187808322547;99:6764.668048322547;4526:6773.077648322547;714:6775.874488322547;2800:6777.880888322547;4332:6778.696528322547;799:6779.877448322547;3653:6784.473688322547;3825:6785.722288322547;7127:6829.282408322547;1836:6830.633368322547;4248:6845.178568322546;5046:6861.519088322546;7138:6863.157688322546;6879:6869.424088322547;1367:6880.916968322546;3637:6882.810088322546;3640:6883.663216322546;3643:6884.726800322546;7179:6888.305200322547;5275:6892.814488322547;5297:6896.193304322547;5072:6896.423560322547;1464:6903.364072322547;2847:6904.434784322547;5825:6907.333432322547;4587:6909.613744322547;5794:6911.2338883225475;3202:6915.355240322548;2065:6920.499496322547;2023:6926.057824322547;4203:6926.858608322547;537:6927.812608322547;18:6933.680176322547;5629:6939.529600322547;1068:6942.082000322546;2559:6949.132600322546;6740:6953.603224322545;1717:6959.436952322545;2067:6960.174736322545;2063:6960.890992322545;1937:6964.160944322544;2992:6965.495104787599
0,2,default_vehtype,boarding,True,6965.495104787599,6995.495104787599,2992;-1;-1,2992;-1;-1,0.0,0.957798779413307,0.957798779413307,0.0,,0,186,1,,186,,
0,3,default_vehtype,route,False,6737.514211069299,7015.044351981352,2983;-1;-1,2968;-1;-1,2773.8742605064444,0.6869142815680253,0.6866368941419747,0.0,,0,189,1,,,2983;7527;2803;7558;2806;4344;2996;3013;7322;2804;3061;1173;3425;3125;3406;2825;1944;130;99;4526;714;2800;4332;799;3653;3825;7127;1836;4248;5046;7138;6879;1367;3637;3640;3643;7179;5275;5297;5072;1464;2847;5825;4587;5794;3202;2065;2023;4203;537;18;5629;1068;2559;6740;1717;2067;2720;4210;1711;2968,2983:6737.514211069299;7527:6742.041156458273;2803:6749.596116458273;7558:6756.991116458274;2806:6764.824956458274;4344:6766.027956458274;2996:6768.071436458275;3013:6772.856556458274;7322:6776.8671964582745;2804:6780.193956458274;3061:6786.861996458274;1173:6792.460356458274;3425:6793.643316458274;3125:6794.896836458274;3406:6807.2511964582745;2825:6809.720916458275;1944:6811.032276458274;130:6813.419916458274;99:6813.900156458274;4526:6822.309756458274;714:6825.106596458274;2800:6827.112996458274;4332:6827.928636458274;799:6829.109556458274;3653:6833.705796458274;3825:6834.954396458274;7127:6878.514516458274;1836:6879.865476458273;4248:6894.410676458273;5046:6910.751196458273;7138:6912.389796458273;6879:6918.656196458273;1367:6930.149076458273;3637:6932.042196458273;3640:6932.895324458273;3643:6933.958908458273;7179:6937.537308458273;5275:6942.046596458274;5297:6945.425412458274;5072:6945.655668458274;1464:6952.596180458274;2847:6953.666892458274;5825:6956.565540458274;4587:6958.845852458274;5794:6960.465996458274;3202:6964.587348458274;2065:6969.731604458274;2023:6975.289932458274;4203:6976.090716458274;537:6977.044716458274;18:6982.9122844582735;5629:6988.7617084582735;1068:6991.314108458273;2559:6998.364708458273;6740:7002.835332458272;1717:7008.669060458272;2067:7009.406844458272;2720:7010.1702604582715;4210:7011.068532458272;1711:7012.198212458272;2968:7015.044351981352
0,4,default_vehtype,route,False,6906.118149327254,6975.593028689173,2984;-1;-1,2975;-1;-1,516.2578994445483,0.8182342370071404,0.8181826112171959,0.0,,0,,0,,,2984;3012;7321;2804;3061;1173;3425;4304;793;118;3979;4275;3068;70;73;4273;880;3109;3874;2975,2984:6906.118149327254;3012:6908.610810004687;7321:6912.621450004687;2804:6915.948210004687;3061:6922.616250004687;1173:6928.214610004687;3425:6929.397570004687;4304:6930.799890004687;793:6942.915450004687;118:6948.779730004687;3979:6950.630274004687;4275:6951.221610004687;3068:6955.965895718973;70:6958.251895718973;73:6960.537895718973;4273:6965.282181433259;880:6965.87351743326;3109:6967.7240614332595;3874:6973.588341433259;2975:6975.593028689173
0,4,default_vehtype,boarding,True,6975.593028689173,7005.593028689173,2975;-1;-1,2975;-1;-1,0.0,0.8181826112171959,0.8181826112171959,0.0,,0,194,1,194,,,
0,0,default_vehtype,route,False,6940.134717208677,7065.252916356255,2970;-1;-1,2988;-1;-1,1089.6601840862809,0.9414761367572623,0.9413671707388537,0.0,,0,,0,,,2970;671;662;7398;3491;6933;7394;6989;7392;5704;7389;3806;2573;885;316;2042;1982;6306;374;7114;3246;5330;661;445;6080;7381;364;3029;69;30;3346;2832;2207;2988,2970:6940.134717208677;671:6941.164833370663;662:6963.614553370662;7398:6967.133793370662;3491:6973.458513370661;6933:6974.370273370661;7394:6979.731873370662;6989:6980.326233370662;7392:6989.537313370662;5704:6991.902393370661;7389:7006.440633370661;3806:7010.505033370661;2573:7011.5730333706615;885:7012.176393370662;316:7019.003553370661;2042:7029.7419933706615;1982:7030.504713370661;6306:7030.721553370661;374:7039.022553370662;7114:7041.237561370662;3246:7042.375377370662;5330:7043.122953370662;661:7044.114393370662;445:7047.144081370661;6080:7049.9674893706615;7381:7050.376377370661;364:7050.811761370662;3029:7052.835969370662;69:7056.9682550849475;30:7061.100540799233;3346:7063.124748799233;2832:7063.5601327992335;2207:7063.9690207992335;2988:7065.252916356255
0,1,default_vehtype,boarding,True,7008.377647297677,7038.377647297677,2974;-1;-1,2974;-1;-1,0.0,0.852373727801517,0.852373727801517,0.0,,0,192,1,192,,,
0,2,default_vehtype,route,False,7020.0,7057.017328528743,2992;-1;-1,2967;-1;-1,371.725848613485,0.957798779413307,0.9577616068284457,0.0,,0,,0,,,2992;2526;3895;5465;7450;1719;3469;470;469;5079;7447;1960;2967,2992:7020;2526:7029.202247534946;3895:7030.469231534946;5465:7038.001151534946;7450:7038.985391534946;1719:7039.802015534946;3469:7040.8219675349455;470:7046.783053249232;469:7052.744138963518;5079:7053.764090963517;7447:7054.5807149635175;1960:7055.564954963517;2967:7057.017328528743
0,3,default_vehtype,boarding,True,7015.044351981352,7045.044351981352,2968;-1;-1,2968;-1;-1,0.0,0.6866368941419747,0.6866368941419747,0.0,,0,189;196,2,196,189,,
0,0,default_vehtype,boarding,True,7065.252916356255,7095.252916356255,2988;-1;-1,2988;-1;-1,0.0,0.9413671707388537,0.9413671707388537,0.0,,0,195,1,195,,,
0,1,default_vehtype,route,False,7038.377647297677,7115.098906667997,2974;-1;-1,2984;-1;-1,685.0623045417705,0.852373727801517,0.8523052215710628,0.0,,0,192,1,,,2974;6479;3091;4274;880;3109;3874;4306;429;4313;68;7318;7325;3011;4;4345;1199;1204;2996;2984,2974:7038.377647297677;6479:7038.878225631144;3091:7052.199953631144;4274:7053.342881631144;880:7053.934217631145;3109:7055.784761631145;3874:7061.649041631144;4306:7073.764601631145;429:7075.166921631145;4313:7076.349881631145;68:7081.948241631145;7318:7088.616281631144;7325:7091.943041631144;3011:7095.953681631145;4:7100.738801631144;4345:7102.7822816311445;1199:7106.772624488287;1204:7110.762967345429;2996:7112.80644734543;2984:7115.098906667997
0,2,default_vehtype,boarding,True,7057.017328528743,7087.017328528743,2967;-1;-1,2967;-1;-1,0.0,0.9577616068284457,0.9577616068284457,0.0,,0,197,1,197,,,
0,4,default_vehtype,route,False,7005.593028689173,7111.6491981225945,2975;-1;-1,2973;-1;-1,1316.9428379970655,0.8181826112171959,0.8180509169333962,0.0,,0,194,1,,,2975;1166;793;118;3979;4275;103;6480;7360;3154;6028;5745;6035;5743;6038;6041;7365;6050;6068;6077;3629;4502;6912;2108;7370;1420;1084;2973,2975:7005.593028689173;1166:7015.7039014332595;793:7027.81946143326;118:7033.6837414332595;3979:7035.534285433259;4275:7036.12562143326;103:7037.26854943326;6480:7050.59027743326;7360:7056.09215743326;3154:7057.18396543326;6028:7058.14509343326;5745:7059.63671743326;6035:7061.56012543326;5743:7062.92956543326;6038:7064.94498943326;6041:7066.22126143326;7365:7072.88442943326;6050:7075.15797343326;6068:7079.38430143326;6077:7080.029997433259;3629:7081.587285433259;4502:7082.050173433259;6912:7087.198605433259;2108:7089.095013433259;7370:7095.621741433259;1420:7107.326853433258;1084:7110.861837433258;2973:7111.6491981225945
0,5,default_vehtype,route,False,6868.154206022787,7132.94840530966,2993;-1;-1,2978;-1;-1,3227.6636384011745,0.5399835455640304,0.5396607792001903,0.0,,0,191,1,,,2993;4483;6931;7616;3488;4485;5469;2998;901;1083;1355;1961;1721;2672;2790;5440;162;683;1096;3736;81;831;2413;1146;832;1880;1340;3638;602;3851;4573;1400;971;598;1368;591;585;940;1370;939;1903;983;3921;840;2881;5099;2878;1735;2581;370;361;2874;1887;4059;910;6541;3462;3648;2851;2850;1801;1560;5242;4277;5239;6501;3911;5389;7301;918;3075;7097;7290;2736;1744;1164;2789;1182;2978,2993:6868.154206022787;4483:6868.9156260046875;6931:6870.231354004687;7616:6874.127706004687;3488:6875.451858004687;4485:6880.006506004687;5469:6880.3677300046875;2998:6880.776186004688;901:6882.021714004688;1083:6884.812146004688;1355:6898.501434004687;1961:6899.484162004687;1721:6900.5442180046875;2672:6906.682506004688;2790:6909.127338004688;5440:6912.541938004688;162:6916.694610004688;683:6917.265570004688;1096:6920.827770004688;3736:6921.090786004688;81:6924.939690004689;831:6935.7862740046885;2413:6936.773970004689;1146:6937.587354004689;832:6938.3957700046885;1880:6940.993458004688;1340:6952.526274004688;3638:6953.512746004688;602:6954.365874004688;3851:6955.369266004687;4573:6959.675586004687;1400:6961.408266004687;971:6965.206698004687;598:6966.273954004687;1368:6967.234290004687;591:6973.105242004687;585:6986.276490004687;940:6992.856354004687;1370:6999.882978004687;939:7000.579650004687;1903:7001.401242004687;983:7002.383754004687;3921:7006.181898004687;840:7010.742738004687;2881:7017.373362004688;5099:7018.5262260046875;2878:7019.654250004687;1735:7030.638570004687;2581:7031.9779860046865;370:7033.5608340046865;361:7036.057938004687;2874:7036.643946004687;1887:7042.299330004686;4059:7044.2186340046865;910:7048.7348340046865;6541:7049.398962004687;3462:7051.612602004687;3648:7051.942362004686;2851:7056.616602004687;2850:7057.549962004687;1801:7060.845642004687;1560:7065.586122004687;5242:7067.268762004687;4277:7068.856842004688;5239:7074.361482004688;6501:7080.324042004688;3911:7089.678882004688;5389:7090.744722004688;7301:7090.998642004688;918:7092.140802004688;3075:7100.013762004688;7097:7100.863122004688;7290:7106.6652420046885;2736:7115.383722004688;1744:7116.838962004688;1164:7127.947482004688;2789:7129.359282004688;1182:7130.276202004688;2978:7132.94840530966
0,1,default_vehtype,boarding,True,7115.098906667997,7145.098906667997,2984;-1;-1,2984;-1;-1,0.0,0.8523052215710628,0.8523052215710628,0.0,,0,192,1,,192,,
0,4,default_vehtype,boarding,True,7111.6491981225945,7141.6491981225945,2973;-1;-1,2973;-1;-1,0.0,0.8180509169333962,0.8180509169333962,0.0,,0,194,1,,194,,
0,4,default_vehtype,route,False,7141.6491981225945,7151.969628403551,2973;-1;-1,2987;-1;-1,143.3393094577217,0.8180509169333962,0.8180365830024504,0.0,,0,,0,,,2973;7354;4225;2987,2973:7141.6491981225945;7354:7145.4463654332585;4225:7150.030893433259;2987:7151.969628403551
0,4,default_vehtype,boarding,True,7151.969628403551,7181.969628403551,2987;-1;-1,2987;-1;-1,0.0,0.8180365830024504,0.8180365830024504,0.0,,0,198,1,198,,,
0,5,default_vehtype,boarding,True,7132.94840530966,7162.94840530966,2978;-1;-1,2978;-1;-1,0.0,0.5396607792001903,0.5396607792001903,0.0,,0,191,1,,191,,
0,0,default_vehtype,route,False,7095.252916356255,7263.328477264284,2988;-1;-1,2992;-1;-1,1869.1901237226884,0.9413671707388537,0.9411802517264813,0.0,,0,195,1,,,2988;3447;3721;5333;251;2711;3358;2296;5495;5697;5497;5500;670;5502;5512;5520;5531;6313;6632;6644;3793;6319;7102;3741;7384;6414;5446;2447;2571;42;2577;2566;3033;3036;2469;2404;2235;3762;5287;310;2280;1447;6261;3764;4397;4745;4182;4187;4191;4195;4202;4208;537;18;5629;1068;2559;6740;1717;2067;2063;1937;2992,2988:7095.252916356255;3447:7096.792428799234;3721:7099.822116799233;5333:7100.813556799233;251:7101.561132799233;2711:7102.698948799233;3358:7104.913956799233;2296:7113.214956799234;5495:7113.431796799234;5697:7114.535556799234;5497:7115.232996799234;5500:7118.140236799233;670:7119.537636799233;5502:7121.885076799233;5512:7125.406836799232;5520:7127.860836799232;5531:7129.557756799232;6313:7130.582796799233;6632:7132.879836799233;6644:7134.451116799233;3793:7136.300316799233;6319:7137.216036799233;7102:7137.694116799233;3741:7138.233756799233;7384:7145.892756799232;6414:7151.099916799232;5446:7153.367676799232;2447:7157.303796799232;2571:7164.892716799232;42:7169.560716799232;2577:7170.233196799232;2566:7178.832276799232;3033:7179.463236799233;3036:7181.732796799232;2469:7185.325116799232;2404:7188.648636799232;2235:7189.932036799232;3762:7190.355468799232;5287:7190.8945327992315;310:7193.684748799232;2280:7194.283860799232;1447:7194.729756799232;6261:7198.607748799232;3764:7199.613444799232;4397:7200.164100799232;4745:7200.390396799232;4182:7204.844172799232;4187:7207.506228799232;4191:7208.244516799232;4195:7222.707804799232;4202:7223.710332799232;4208:7224.691980799232;537:7225.645980799231;18:7231.513548799231;5629:7237.362972799231;1068:7239.915372799231;2559:7246.96597279923;6740:7251.43659679923;1717:7257.2703247992295;2067:7258.008108799229;2063:7258.724364799229;1937:7261.994316799229;2992:7263.328477264284
0,0,default_vehtype,boarding,True,7263.328477264284,7293.328477264284,2992;-1;-1,2992;-1;-1,0.0,0.9411802517264813,0.9411802517264813,0.0,,0,195,1,,195,,
0,3,default_vehtype,route,False,7045.044351981352,7268.128131428563,2968;-1;-1,2987;-1;-1,2614.671158989071,0.6866368941419747,0.6863754270260758,0.0,,0,196,1,,,2968;98;2497;7434;2760;542;1074;1071;1070;1069;1067;1504;4396;710;2281;4664;6260;3300;1832;708;6180;2405;6169;2744;2567;2576;3077;3241;88;2758;2742;2448;2353;6140;7386;3742;7100;6318;737;6639;2446;2301;1992;1990;1988;1985;3729;5498;5496;5699;5494;6307;374;7114;3246;5330;661;445;6080;7381;364;3029;3886;5711;6045;2157;4817;456;5901;7605;2830;1420;1084;7357;2826;2827;4225;2987,2968:7045.044351981352;98:7050.814020458272;2497:7052.324652458273;7434:7059.532500458273;2760:7066.071036458273;542:7073.599140458273;1074:7074.532548458273;1071:7075.535076458273;1070:7089.998364458273;1069:7090.736652458272;1067:7093.398708458272;1504:7097.852484458273;4396:7098.078780458272;710:7098.629436458273;2281:7099.635132458273;4664:7103.513124458273;6260:7103.959020458273;3300:7104.558132458273;1832:7107.348348458273;708:7107.887412458273;6180:7108.310844458272;2405:7110.533244458272;6169:7114.010364458271;2744:7118.610924458271;2567:7120.453884458271;2576:7128.942444458271;3077:7131.075084458271;3241:7134.203964458271;88:7136.130804458271;2758:7138.0942444582715;2742:7138.500684458271;2448:7141.686324458271;2353:7147.887204458271;6140:7153.0582444582715;7386:7154.400684458272;3742:7162.0596844582715;7100:7162.599324458271;6318:7163.077404458271;737:7163.993124458271;6639:7165.842324458271;2446:7167.413604458271;2301:7169.710644458271;1992:7170.735684458272;1990:7172.432604458272;1988:7174.886604458272;1985:7178.4083644582715;3729:7180.755804458271;5498:7182.153204458271;5496:7185.0604444582705;5699:7185.75788445827;5494:7186.86164445827;6307:7187.07848445827;374:7195.379484458271;7114:7197.594492458271;3246:7198.732308458271;5330:7199.479884458271;661:7200.471324458271;445:7203.50101245827;6080:7206.324420458271;7381:7206.733308458271;364:7207.168692458271;3029:7209.192900458271;3886:7209.690924458271;5711:7212.230508458271;6045:7213.624788458272;2157:7217.813316458271;4817:7218.290100458272;456:7218.904980458272;5901:7219.6605484582715;7605:7223.132244458271;2830:7223.361636458271;1420:7235.066748458271;1084:7238.601732458271;7357:7243.186260458271;2826:7252.395564458271;2827:7261.604868458271;4225:7266.189396458271;2987:7268.128131428563
0,3,default_vehtype,boarding,True,7268.128131428563,7298.128131428563,2987;-1;-1,2987;-1;-1,0.0,0.6863754270260758,0.6863754270260758,0.0,,0,196,1,,196,,
0,4,default_vehtype,route,False,7181.969628403551,7309.395422470112,2987;-1;-1,2984;-1;-1,1389.2919531006646,0.8180365830024504,0.8178976538071403,0.0,,0,198,1,,,2987;4613;1084;7357;3525;6025;3063;6027;7362;2188;2186;5744;6033;5746;6031;146;2828;2376;3091;4274;880;3109;3874;4306;429;4313;68;7318;7325;3011;4;4345;1199;1204;2996;2984,2987:7181.969628403551;4613:7183.565877433259;1084:7187.100861433259;7357:7191.685389433259;3525:7202.564229433259;6025:7204.305693433259;3063:7205.570373433259;6027:7206.872349433259;7362:7210.880589433259;2188:7217.543757433259;2186:7218.820029433259;5744:7220.835453433259;6033:7222.20489343326;5746:7224.128301433259;6031:7225.61992543326;146:7226.5810534332595;2828:7227.67286143326;2376:7233.174741433259;3091:7246.496469433259;4274:7247.63939743326;880:7248.23073343326;3109:7250.08127743326;3874:7255.94555743326;4306:7268.06111743326;429:7269.46343743326;4313:7270.64639743326;68:7276.24475743326;7318:7282.91279743326;7325:7286.2395574332595;3011:7290.25019743326;4:7295.0353174332595;4345:7297.07879743326;1199:7301.069140290402;1204:7305.059483147545;2996:7307.102963147545;2984:7309.395422470112
0,1,default_vehtype,route,False,7145.098906667997,7346.722091224348,2984;-1;-1,2990;-1;-1,1680.1932046362463,0.8523052215710628,0.8521372022505992,0.0,,0,,0,,,2984;3012;7321;2804;3061;1173;3425;3125;3406;2825;1944;130;99;4526;714;2800;4332;799;3653;3825;7127;3766;3988;553;7132;7191;3566;4337;7134;6667;6711;1807;1653;6829;4349;4937;669;5061;7265;3848;534;2839;5449;2990,2984:7145.098906667997;3012:7147.591567345429;7321:7151.60220734543;2804:7154.92896734543;3061:7161.597007345429;1173:7167.195367345429;3425:7168.378327345429;3125:7169.631847345429;3406:7181.98620734543;2825:7184.45592734543;1944:7185.767287345429;130:7188.154927345429;99:7188.635167345429;4526:7197.044767345429;714:7199.841607345429;2800:7201.848007345429;4332:7202.663647345429;799:7203.844567345429;3653:7208.440807345429;3825:7209.689407345429;7127:7253.249527345429;3766:7254.186727345429;3988:7257.922327345429;553:7258.380607345429;7132:7268.259487345429;7191:7276.216687345429;3566:7278.045847345429;4337:7282.544047345429;7134:7283.644087345429;6667:7291.57620734543;6711:7307.43576734543;1807:7309.36296734543;1653:7315.16688734543;6829:7315.93980734543;4349:7316.488687345431;4937:7320.858247345431;669:7331.16564734543;5061:7336.97400734543;7265:7337.75724734543;3848:7338.731887345431;534:7342.776847345431;2839:7344.135487345431;5449:7345.3345273454315;2990:7346.722091224348
0,1,default_vehtype,boarding,True,7346.722091224348,7376.722091224348,2990;-1;-1,2990;-1;-1,0.0,0.8521372022505992,0.8521372022505992,0.0,,0,199,1,199,,,
0,2,default_vehtype,route,False,7087.017328528743,7360.310875618092,2967;-1;-1,2982;-1;-1,3402.593083715548,0.9577616068284457,0.9574213475200742,0.0,,0,197,1,,,2967;3896;6788;5444;1716;2720;4210;1711;98;2497;7434;2760;542;1074;4204;5649;5760;205;5793;1407;5826;7411;4686;5074;5295;5274;7181;604;603;602;3851;4573;1400;971;598;1368;591;585;940;1370;939;1903;983;3921;840;2881;5099;2878;1735;2581;370;361;2874;1887;4059;910;6541;3462;3648;2851;2850;1801;1560;5242;922;6385;3550;6322;7280;2411;1661;7283;796;751;4635;6299;4102;4325;7285;1218;2982,2967:7087.017328528743;3896:7093.096874963518;6788:7094.3638589635175;5444:7104.900266963517;1716:7107.690626963517;2720:7108.437266963518;4210:7109.335538963518;1711:7110.465218963518;98:7119.081026963518;2497:7120.591658963518;7434:7127.799506963518;2760:7134.338042963518;542:7141.866146963518;1074:7142.799554963518;4204:7143.781202963518;5649:7144.581986963518;5760:7150.140314963518;205:7155.284570963518;5793:7159.405922963518;1407:7161.026066963518;5826:7163.306378963518;7411:7166.205026963518;4686:7167.275738963518;5074:7174.216250963518;5295:7174.446506963518;5274:7177.825322963518;7181:7182.334610963519;604:7185.913010963519;603:7186.976594963519;602:7187.829722963519;3851:7188.833114963519;4573:7193.139434963518;1400:7194.8721149635185;971:7198.670546963518;598:7199.737802963518;1368:7200.698138963518;591:7206.569090963519;585:7219.740338963518;940:7226.320202963519;1370:7233.346826963519;939:7234.043498963519;1903:7234.865090963519;983:7235.8476029635185;3921:7239.645746963519;840:7244.206586963519;2881:7250.837210963519;5099:7251.990074963519;2878:7253.118098963519;1735:7264.102418963518;2581:7265.441834963518;370:7267.024682963518;361:7269.521786963518;2874:7270.107794963518;1887:7275.763178963518;4059:7277.682482963518;910:7282.198682963518;6541:7282.862810963518;3462:7285.076450963518;3648:7285.406210963518;2851:7290.080450963518;2850:7291.013810963518;1801:7294.309490963518;1560:7299.049970963519;5242:7300.732610963519;922:7301.648522963519;6385:7304.870162963519;3550:7305.132002963519;6322:7310.769242963519;7280:7314.288002963519;2411:7320.123122963519;1661:7325.922962963518;7283:7326.972002963518;796:7335.764522963518;751:7337.672402963518;4635:7342.781042963518;6299:7348.740122963518;4102:7351.0994429635175;4325:7356.390602963517;7285:7357.307522963517;1218:7358.430722963517;2982:7360.310875618092
0,4,default_vehtype,boarding,True,7309.395422470112,7339.395422470112,2984;-1;-1,2984;-1;-1,0.0,0.8178976538071403,0.8178976538071403,0.0,,0,198,1,,198,,
0,2,default_vehtype,boarding,True,7360.310875618092,7390.310875618092,2982;-1;-1,2982;-1;-1,0.0,0.9574213475200742,0.9574213475200742,0.0,,0,197,1,,197,,
0,1,default_vehtype,route,False,7376.722091224348,7459.264114868509,2990;-1;-1,2968;-1;-1,979.501683274018,0.8521372022505992,0.8520392520822718,0.0,,0,199,1,,,2990;2552;4848;3271;4846;4989;5000;337;1075;537;18;5629;1068;2559;6740;1717;2067;2720;4210;1711;2968,2990:7376.722091224348;2552:7379.587807345431;4848:7387.068127345431;3271:7392.621247345431;4846:7394.494327345431;4989:7406.766847345431;5000:7411.526407345432;337:7419.2866393454315;1075:7420.310479345431;537:7421.264479345431;18:7427.132047345431;5629:7432.981471345431;1068:7435.53387134543;2559:7442.58447134543;6740:7447.055095345429;1717:7452.888823345429;2067:7453.626607345429;2720:7454.390023345429;4210:7455.288295345429;1711:7456.417975345429;2968:7459.264114868509
0,1,default_vehtype,boarding,True,7459.264114868509,7489.264114868509,2968;-1;-1,2968;-1;-1,0.0,0.8520392520822718,0.8520392520822718,0.0,,0,199,1,,199,,
