operator_id,vehicle_id,vehicle_type,status,locked,start_time,end_time,start_pos,end_pos,driven_distance,start_soc,end_soc,charging_power,charging_unit,toll,rq_on_board,occupancy,rq_boarding,rq_alighting,route,trajectory
0,32,default_vehtype,out_of_service,True,60,120,2966;-1;-1,2966;-1;-1,0.0,0.8088177485379385,0.8088177485379385,0,,0,,0,,,,
0,8,default_vehtype,out_of_service,True,60,120,2966;-1;-1,2966;-1;-1,0.0,0.916309922773969,0.916309922773969,0,,0,,0,,,,
0,12,default_vehtype,out_of_service,True,60,120,2980;-1;-1,2980;-1;-1,0.0,0.5469702553792208,0.5469702553792208,0,,0,,0,,,,
0,26,default_vehtype,out_of_service,True,60,120,2980;-1;-1,2980;-1;-1,0.0,0.7073309699952618,0.7073309699952618,0,,0,,0,,,,
0,2,default_vehtype,to_depot,True,60.0,160.56894011848757,2981;-1;-1,2980;-1;-1,794.6363251318754,0.9627983191463305,0.9627188555138173,0.0,,0,,0,,,2981;6320;3549;6384;4032;1804;4811;5237;608;459;2416;4011;5246;363;366;2314;2877;1748;1743;1157;2058;2092;915;2980,2981:60;6320:63.37311885414516;3549:69.01035885414517;6384:69.27219885414517;4032:72.49383885414517;1804:73.40975085414517;4811:75.09239085414518;5237:79.83287085414518;608:88.69895085414518;459:89.02871085414517;2416:91.24235085414517;4011:91.90647885414518;5246:97.83164685414518;363:104.74033485414517;366:106.14541485414517;2314:107.29028685414518;2877:120.46139085414518;1748:121.57991085414518;1743:129.33431085414517;1157:134.07345371128804;2058:139.8632822827166;2092:143.25242513985944;915:148.37059656843087;2980:160.56894011848757
0,6,default_vehtype,to_depot,True,60.0,160.56894011848757,2981;-1;-1,2980;-1;-1,794.6363251318754,0.6326947454697227,0.6326152818372095,0.0,,0,,0,,,2981;6320;3549;6384;4032;1804;4811;5237;608;459;2416;4011;5246;363;366;2314;2877;1748;1743;1157;2058;2092;915;2980,2981:60;6320:63.37311885414516;3549:69.01035885414517;6384:69.27219885414517;4032:72.49383885414517;1804:73.40975085414517;4811:75.09239085414518;5237:79.83287085414518;608:88.69895085414518;459:89.02871085414517;2416:91.24235085414517;4011:91.90647885414518;5246:97.83164685414518;363:104.74033485414517;366:106.14541485414517;2314:107.29028685414518;2877:120.46139085414518;1748:121.57991085414518;1743:129.33431085414517;1157:134.07345371128804;2058:139.8632822827166;2092:143.25242513985944;915:148.37059656843087;2980:160.56894011848757
0,10,default_vehtype,to_depot,True,60.0,160.56894011848757,2981;-1;-1,2980;-1;-1,794.6363251318754,0.7193007567311602,0.719221293098647,0.0,,0,,0,,,2981;6320;3549;6384;4032;1804;4811;5237;608;459;2416;4011;5246;363;366;2314;2877;1748;1743;1157;2058;2092;915;2980,2981:60;6320:63.37311885414516;3549:69.01035885414517;6384:69.27219885414517;4032:72.49383885414517;1804:73.40975085414517;4811:75.09239085414518;5237:79.83287085414518;608:88.69895085414518;459:89.02871085414517;2416:91.24235085414517;4011:91.90647885414518;5246:97.83164685414518;363:104.74033485414517;366:106.14541485414517;2314:107.29028685414518;2877:120.46139085414518;1748:121.57991085414518;1743:129.33431085414517;1157:134.07345371128804;2058:139.8632822827166;2092:143.25242513985944;915:148.37059656843087;2980:160.56894011848757
0,22,default_vehtype,to_depot,True,60.0,162.71951682914118,2979;-1;-1,2980;-1;-1,812.5577977206555,0.6222127960008014,0.6221315402210293,0.0,,0,,0,,,2979;2786;2307;3549;6384;4032;1804;4811;5237;608;459;2416;4011;5246;363;366;2314;2877;1748;1743;1157;2058;2092;915;2980,2979:60;2786:62.004935564798764;2307:65.52369556479876;3549:71.16093556479876;6384:71.42277556479877;4032:74.64441556479876;1804:75.56032756479877;4811:77.24296756479878;5237:81.98344756479878;608:90.84952756479878;459:91.17928756479877;2416:93.39292756479877;4011:94.05705556479877;5246:99.98222356479877;363:106.89091156479877;366:108.29599156479877;2314:109.44086356479878;2877:122.61196756479877;1748:123.73048756479878;1743:131.48488756479878;1157:136.22403042194165;2058:142.0138589933702;2092:145.40300185051305;915:150.52117327908448;2980:162.71951682914118
0,30,default_vehtype,to_depot,True,60.0,160.56894011848757,2981;-1;-1,2980;-1;-1,794.6363251318754,0.8575946831862098,0.8575152195536966,0.0,,0,,0,,,2981;6320;3549;6384;4032;1804;4811;5237;608;459;2416;4011;5246;363;366;2314;2877;1748;1743;1157;2058;2092;915;2980,2981:60;6320:63.37311885414516;3549:69.01035885414517;6384:69.27219885414517;4032:72.49383885414517;1804:73.40975085414517;4811:75.09239085414518;5237:79.83287085414518;608:88.69895085414518;459:89.02871085414517;2416:91.24235085414517;4011:91.90647885414518;5246:97.83164685414518;363:104.74033485414517;366:106.14541485414517;2314:107.29028685414518;2877:120.46139085414518;1748:121.57991085414518;1743:129.33431085414517;1157:134.07345371128804;2058:139.8632822827166;2092:143.25242513985944;915:148.37059656843087;2980:160.56894011848757
0,22,default_vehtype,out_of_service,True,162.71951682914118,180.0,2980;-1;-1,2980;-1;-1,0.0,0.6221315402210293,0.6221315402210293,0.0,,0,,0,,,,
0,6,default_vehtype,out_of_service,True,160.56894011848757,180.0,2980;-1;-1,2980;-1;-1,0.0,0.6326152818372095,0.6326152818372095,0.0,,0,,0,,,,
0,10,default_vehtype,out_of_service,True,160.56894011848757,180.0,2980;-1;-1,2980;-1;-1,0.0,0.719221293098647,0.719221293098647,0.0,,0,,0,,,,
0,30,default_vehtype,out_of_service,True,160.56894011848757,180.0,2980;-1;-1,2980;-1;-1,0.0,0.8575152195536966,0.8575152195536966,0.0,,0,,0,,,,
0,2,default_vehtype,out_of_service,True,160.56894011848757,180.0,2980;-1;-1,2980;-1;-1,0.0,0.9627188555138173,0.9627188555138173,0.0,,0,,0,,,,
0,5,default_vehtype,to_depot,True,60.0,214.03520157294633,2967;-1;-1,2966;-1;-1,1352.74125658498,0.5435646498507704,0.5434293757251119,0.0,,0,,0,,,2967;3896;5466;7451;4482;6930;7615;3488;4485;5469;2998;901;1083;1355;1961;1962;1033;1559;1958;2907;636;1954;1949;186;333;2164;695;694;1041;1623;1383;2333;2966,2967:60;3896:66.0795464347745;5466:73.6114664347745;7451:74.5957064347745;4482:77.2624424347745;6930:78.5781704347745;7615:82.4745224347745;3488:83.7986744347745;4485:88.3533224347745;5469:88.71454643477449;2998:89.12300243477449;901:90.36853043477448;1083:93.15896243477448;1355:106.84825043477449;1961:107.83097843477448;1962:108.76985843477448;1033:109.97931443477448;1559:116.36341043477448;1958:123.71043443477448;2907:124.33409843477449;636:127.14922643477449;1954:127.75993043477449;1949:136.66006643477448;186:138.2262104347745;333:138.8659304347745;2164:139.4823224347745;695:144.1896104347745;694:147.3583304347745;1041:148.1772584347745;1623:152.56051557763163;1383:163.6459441490602;2333:203.7998298633459;2966:214.03520157294633
0,9,default_vehtype,to_depot,True,60.0,214.03520157294633,2967;-1;-1,2966;-1;-1,1352.74125658498,0.8462360596850099,0.8461007855593514,0.0,,0,,0,,,2967;3896;5466;7451;4482;6930;7615;3488;4485;5469;2998;901;1083;1355;1961;1962;1033;1559;1958;2907;636;1954;1949;186;333;2164;695;694;1041;1623;1383;2333;2966,2967:60;3896:66.0795464347745;5466:73.6114664347745;7451:74.5957064347745;4482:77.2624424347745;6930:78.5781704347745;7615:82.4745224347745;3488:83.7986744347745;4485:88.3533224347745;5469:88.71454643477449;2998:89.12300243477449;901:90.36853043477448;1083:93.15896243477448;1355:106.84825043477449;1961:107.83097843477448;1962:108.76985843477448;1033:109.97931443477448;1559:116.36341043477448;1958:123.71043443477448;2907:124.33409843477449;636:127.14922643477449;1954:127.75993043477449;1949:136.66006643477448;186:138.2262104347745;333:138.8659304347745;2164:139.4823224347745;695:144.1896104347745;694:147.3583304347745;1041:148.1772584347745;1623:152.56051557763163;1383:163.6459441490602;2333:203.7998298633459;2966:214.03520157294633
0,11,default_vehtype,to_depot,True,60.0,197.53417912007305,2993;-1;-1,2966;-1;-1,1123.560389183962,0.8995792821083618,0.8994669260694435,0.0,,0,,0,,,2993;4483;6931;7616;3488;4485;5469;2998;901;1083;1355;1961;1962;1033;1559;1958;2907;636;1954;1949;186;333;2164;695;694;1041;1623;1383;2333;2966,2993:60;4483:60.7614199819012;6931:62.0771479819012;7616:65.9734999819012;3488:67.2976519819012;4485:71.8522999819012;5469:72.2135239819012;2998:72.6219799819012;901:73.8675079819012;1083:76.6579399819012;1355:90.3472279819012;1961:91.3299559819012;1962:92.26883598190119;1033:93.4782919819012;1559:99.8623879819012;1958:107.2094119819012;2907:107.8330759819012;636:110.6482039819012;1954:111.2589079819012;1949:120.1590439819012;186:121.7251879819012;333:122.3649079819012;2164:122.9812999819012;695:127.68858798190121;694:130.85730798190122;1041:131.67623598190121;1623:136.05949312475835;1383:147.1449216961869;2333:187.29880741047262;2966:197.53417912007305
0,15,default_vehtype,to_depot,True,60.0,218.13938860976756,2982;-1;-1,2980;-1;-1,1274.3900625592084,0.964648098788107,0.9645206597818511,0.0,,0,,0,,,2982;2809;4365;7288;1182;1001;6296;1434;3820;3877;2787;4993;6537;7281;2307;3549;6384;4032;1804;4811;5237;608;459;2416;4011;5246;363;366;2314;2877;1748;1743;1157;2058;2092;915;2980,2982:60;2809:65.70096734542513;4365:73.28208734542513;7288:74.40528734542512;1182:75.32220734542513;1001:80.61336734542513;6296:82.97268734542513;1434:88.93176734542513;3820:94.04040734542512;3877:95.94828734542513;2787:104.74080734542513;4993:105.78984734542513;6537:111.58968734542513;7281:117.42480734542514;2307:120.94356734542514;3549:126.58080734542514;6384:126.84264734542515;4032:130.06428734542516;1804:130.98019934542515;4811:132.66283934542514;5237:137.40331934542513;608:146.26939934542514;459:146.59915934542514;2416:148.81279934542513;4011:149.47692734542514;5246:155.40209534542515;363:162.31078334542516;366:163.71586334542516;2314:164.86073534542516;2877:178.03183934542517;1748:179.15035934542516;1743:186.90475934542516;1157:191.64390220256803;2058:197.4337307739966;2092:200.82287363113943;915:205.94104505971086;2980:218.13938860976756
0,16,default_vehtype,to_depot,True,60.0,197.53417912007305,2993;-1;-1,2966;-1;-1,1123.560389183962,0.551022405374014,0.5509100493350957,0.0,,0,,0,,,2993;4483;6931;7616;3488;4485;5469;2998;901;1083;1355;1961;1962;1033;1559;1958;2907;636;1954;1949;186;333;2164;695;694;1041;1623;1383;2333;2966,2993:60;4483:60.7614199819012;6931:62.0771479819012;7616:65.9734999819012;3488:67.2976519819012;4485:71.8522999819012;5469:72.2135239819012;2998:72.6219799819012;901:73.8675079819012;1083:76.6579399819012;1355:90.3472279819012;1961:91.3299559819012;1962:92.26883598190119;1033:93.4782919819012;1559:99.8623879819012;1958:107.2094119819012;2907:107.8330759819012;636:110.6482039819012;1954:111.2589079819012;1949:120.1590439819012;186:121.7251879819012;333:122.3649079819012;2164:122.9812999819012;695:127.68858798190121;694:130.85730798190122;1041:131.67623598190121;1623:136.05949312475835;1383:147.1449216961869;2333:187.29880741047262;2966:197.53417912007305
0,17,default_vehtype,to_depot,True,60.0,200.1449779593701,2978;-1;-1,2980;-1;-1,1124.4366404725633,0.8902645881432277,0.8901521444791805,0.0,,0,,0,,,2978;4103;6297;1434;3820;3877;2787;4993;6537;7281;2307;3549;6384;4032;1804;4811;5237;608;459;2416;4011;5246;363;366;2314;2877;1748;1743;1157;2058;2092;915;2980,2978:60;4103:62.61895669502768;6297:64.97827669502767;1434:70.93735669502767;3820:76.04599669502767;3877:77.95387669502767;2787:86.74639669502767;4993:87.79543669502768;6537:93.59527669502768;7281:99.43039669502768;2307:102.94915669502768;3549:108.58639669502769;6384:108.8482366950277;4032:112.06987669502769;1804:112.9857886950277;4811:114.6684286950277;5237:119.4089086950277;608:128.2749886950277;459:128.6047486950277;2416:130.8183886950277;4011:131.4825166950277;5246:137.4076846950277;363:144.31637269502772;366:145.72145269502772;2314:146.8663246950277;2877:160.0374286950277;1748:161.1559486950277;1743:168.9103486950277;1157:173.64949155217056;2058:179.43932012359912;2092:182.82846298074196;915:187.9466344093134;2980:200.1449779593701
0,18,default_vehtype,to_depot,True,60.0,215.0851122162888,2969;-1;-1,2980;-1;-1,1780.8795979021431,0.8581636020592828,0.8579855140994925,0.0,,0,,0,,,2969;7192;1664;337;1075;5648;5759;205;5793;1407;5826;7411;4686;5074;5295;5274;7181;604;603;602;3851;4573;1400;971;598;1368;591;585;940;1370;939;1903;983;3921;840;2881;5099;1157;2058;2092;915;2980,2969:60;7192:63.60364295194638;1664:66.85753895194638;337:74.61777095194638;1075:75.64161095194639;5648:76.44239495194638;5759:82.00072295194639;205:87.14497895194638;5793:91.26633095194639;1407:92.88647495194638;5826:95.16678695194638;7411:98.06543495194637;4686:99.13614695194637;5074:106.07665895194637;5295:106.30691495194637;5274:109.68573095194637;7181:114.19501895194637;604:117.77341895194637;603:118.83700295194637;602:119.69013095194637;3851:120.69352295194638;4573:124.99984295194638;1400:126.73252295194638;971:130.53095495194637;598:131.59821095194636;1368:132.55854695194637;591:138.42949895194636;585:151.60074695194635;940:158.18061095194633;1370:165.20723495194633;939:165.90390695194634;1903:166.72549895194635;983:167.70801095194636;3921:171.50615495194637;840:176.06699495194638;2881:182.6976189519464;5099:183.8504829519464;1157:188.58962580908926;2058:194.3794543805178;2092:197.76859723766066;915:202.8867686662321;2980:215.0851122162888
0,23,default_vehtype,to_depot,True,60.0,215.0851122162888,2969;-1;-1,2980;-1;-1,1780.8795979021431,0.819960510663762,0.8197824227039717,0.0,,0,,0,,,2969;7192;1664;337;1075;5648;5759;205;5793;1407;5826;7411;4686;5074;5295;5274;7181;604;603;602;3851;4573;1400;971;598;1368;591;585;940;1370;939;1903;983;3921;840;2881;5099;1157;2058;2092;915;2980,2969:60;7192:63.60364295194638;1664:66.85753895194638;337:74.61777095194638;1075:75.64161095194639;5648:76.44239495194638;5759:82.00072295194639;205:87.14497895194638;5793:91.26633095194639;1407:92.88647495194638;5826:95.16678695194638;7411:98.06543495194637;4686:99.13614695194637;5074:106.07665895194637;5295:106.30691495194637;5274:109.68573095194637;7181:114.19501895194637;604:117.77341895194637;603:118.83700295194637;602:119.69013095194637;3851:120.69352295194638;4573:124.99984295194638;1400:126.73252295194638;971:130.53095495194637;598:131.59821095194636;1368:132.55854695194637;591:138.42949895194636;585:151.60074695194635;940:158.18061095194633;1370:165.20723495194633;939:165.90390695194634;1903:166.72549895194635;983:167.70801095194636;3921:171.50615495194637;840:176.06699495194638;2881:182.6976189519464;5099:183.8504829519464;1157:188.58962580908926;2058:194.3794543805178;2092:197.76859723766066;915:202.8867686662321;2980:215.0851122162888
0,27,default_vehtype,to_depot,True,60.0,218.13938860976756,2982;-1;-1,2980;-1;-1,1274.3900625592084,0.5100537730937468,0.5099263340874909,0.0,,0,,0,,,2982;2809;4365;7288;1182;1001;6296;1434;3820;3877;2787;4993;6537;7281;2307;3549;6384;4032;1804;4811;5237;608;459;2416;4011;5246;363;366;2314;2877;1748;1743;1157;2058;2092;915;2980,2982:60;2809:65.70096734542513;4365:73.28208734542513;7288:74.40528734542512;1182:75.32220734542513;1001:80.61336734542513;6296:82.97268734542513;1434:88.93176734542513;3820:94.04040734542512;3877:95.94828734542513;2787:104.74080734542513;4993:105.78984734542513;6537:111.58968734542513;7281:117.42480734542514;2307:120.94356734542514;3549:126.58080734542514;6384:126.84264734542515;4032:130.06428734542516;1804:130.98019934542515;4811:132.66283934542514;5237:137.40331934542513;608:146.26939934542514;459:146.59915934542514;2416:148.81279934542513;4011:149.47692734542514;5246:155.40209534542515;363:162.31078334542516;366:163.71586334542516;2314:164.86073534542516;2877:178.03183934542517;1748:179.15035934542516;1743:186.90475934542516;1157:191.64390220256803;2058:197.4337307739966;2092:200.82287363113943;915:205.94104505971086;2980:218.13938860976756
0,35,default_vehtype,to_depot,True,60.0,200.1449779593701,2978;-1;-1,2980;-1;-1,1124.4366404725633,0.7842169744343243,0.784104530770277,0.0,,0,,0,,,2978;4103;6297;1434;3820;3877;2787;4993;6537;7281;2307;3549;6384;4032;1804;4811;5237;608;459;2416;4011;5246;363;366;2314;2877;1748;1743;1157;2058;2092;915;2980,2978:60;4103:62.61895669502768;6297:64.97827669502767;1434:70.93735669502767;3820:76.04599669502767;3877:77.95387669502767;2787:86.74639669502767;4993:87.79543669502768;6537:93.59527669502768;7281:99.43039669502768;2307:102.94915669502768;3549:108.58639669502769;6384:108.8482366950277;4032:112.06987669502769;1804:112.9857886950277;4811:114.6684286950277;5237:119.4089086950277;608:128.2749886950277;459:128.6047486950277;2416:130.8183886950277;4011:131.4825166950277;5246:137.4076846950277;363:144.31637269502772;366:145.72145269502772;2314:146.8663246950277;2877:160.0374286950277;1748:161.1559486950277;1743:168.9103486950277;1157:173.64949155217056;2058:179.43932012359912;2092:182.82846298074196;915:187.9466344093134;2980:200.1449779593701
0,36,default_vehtype,to_depot,True,60.0,218.13938860976756,2982;-1;-1,2980;-1;-1,1274.3900625592084,0.7724415914984484,0.7723141524921925,0.0,,0,,0,,,2982;2809;4365;7288;1182;1001;6296;1434;3820;3877;2787;4993;6537;7281;2307;3549;6384;4032;1804;4811;5237;608;459;2416;4011;5246;363;366;2314;2877;1748;1743;1157;2058;2092;915;2980,2982:60;2809:65.70096734542513;4365:73.28208734542513;7288:74.40528734542512;1182:75.32220734542513;1001:80.61336734542513;6296:82.97268734542513;1434:88.93176734542513;3820:94.04040734542512;3877:95.94828734542513;2787:104.74080734542513;4993:105.78984734542513;6537:111.58968734542513;7281:117.42480734542514;2307:120.94356734542514;3549:126.58080734542514;6384:126.84264734542515;4032:130.06428734542516;1804:130.98019934542515;4811:132.66283934542514;5237:137.40331934542513;608:146.26939934542514;459:146.59915934542514;2416:148.81279934542513;4011:149.47692734542514;5246:155.40209534542515;363:162.31078334542516;366:163.71586334542516;2314:164.86073534542516;2877:178.03183934542517;1748:179.15035934542516;1743:186.90475934542516;1157:191.64390220256803;2058:197.4337307739966;2092:200.82287363113943;915:205.94104505971086;2980:218.13938860976756
0,37,default_vehtype,to_depot,True,60.0,197.53417912007305,2993;-1;-1,2966;-1;-1,1123.560389183962,0.7343256008238508,0.7342132447849324,0.0,,0,,0,,,2993;4483;6931;7616;3488;4485;5469;2998;901;1083;1355;1961;1962;1033;1559;1958;2907;636;1954;1949;186;333;2164;695;694;1041;1623;1383;2333;2966,2993:60;4483:60.7614199819012;6931:62.0771479819012;7616:65.9734999819012;3488:67.2976519819012;4485:71.8522999819012;5469:72.2135239819012;2998:72.6219799819012;901:73.8675079819012;1083:76.6579399819012;1355:90.3472279819012;1961:91.3299559819012;1962:92.26883598190119;1033:93.4782919819012;1559:99.8623879819012;1958:107.2094119819012;2907:107.8330759819012;636:110.6482039819012;1954:111.2589079819012;1949:120.1590439819012;186:121.7251879819012;333:122.3649079819012;2164:122.9812999819012;695:127.68858798190121;694:130.85730798190122;1041:131.67623598190121;1623:136.05949312475835;1383:147.1449216961869;2333:187.29880741047262;2966:197.53417912007305
0,39,default_vehtype,to_depot,True,60.0,200.1449779593701,2978;-1;-1,2980;-1;-1,1124.4366404725633,0.9458865003910399,0.9457740567269927,0.0,,0,,0,,,2978;4103;6297;1434;3820;3877;2787;4993;6537;7281;2307;3549;6384;4032;1804;4811;5237;608;459;2416;4011;5246;363;366;2314;2877;1748;1743;1157;2058;2092;915;2980,2978:60;4103:62.61895669502768;6297:64.97827669502767;1434:70.93735669502767;3820:76.04599669502767;3877:77.95387669502767;2787:86.74639669502767;4993:87.79543669502768;6537:93.59527669502768;7281:99.43039669502768;2307:102.94915669502768;3549:108.58639669502769;6384:108.8482366950277;4032:112.06987669502769;1804:112.9857886950277;4811:114.6684286950277;5237:119.4089086950277;608:128.2749886950277;459:128.6047486950277;2416:130.8183886950277;4011:131.4825166950277;5246:137.4076846950277;363:144.31637269502772;366:145.72145269502772;2314:146.8663246950277;2877:160.0374286950277;1748:161.1559486950277;1743:168.9103486950277;1157:173.64949155217056;2058:179.43932012359912;2092:182.82846298074196;915:187.9466344093134;2980:200.1449779593701
0,41,default_vehtype,to_depot,True,60.0,218.42488667311721,2992;-1;-1,2966;-1;-1,1413.709105198465,0.8409101495517417,0.8407687786412219,0.0,,0,,0,,,2992;2526;3895;5465;7450;4482;6930;7615;3488;4485;5469;2998;901;1083;1355;1961;1962;1033;1559;1958;2907;636;1954;1949;186;333;2164;695;694;1041;1623;1383;2333;2966,2992:60;2526:69.20224753494541;3895:70.46923153494541;5465:78.00115153494541;7450:78.9853915349454;4482:81.65212753494541;6930:82.96785553494541;7615:86.86420753494541;3488:88.1883595349454;4485:92.7430075349454;5469:93.1042315349454;2998:93.5126875349454;901:94.75821553494539;1083:97.54864753494539;1355:111.2379355349454;1961:112.22066353494539;1962:113.15954353494539;1033:114.36899953494539;1559:120.75309553494539;1958:128.10011953494538;2907:128.72378353494537;636:131.53891153494536;1954:132.14961553494535;1949:141.04975153494536;186:142.61589553494537;333:143.25561553494538;2164:143.87200753494537;695:148.57929553494537;694:151.74801553494538;1041:152.56694353494538;1623:156.9502006778025;1383:168.03562924923108;2333:208.18951496351679;2966:218.42488667311721
0,43,default_vehtype,to_depot,True,60.0,197.53417912007305,2993;-1;-1,2966;-1;-1,1123.560389183962,0.802422759872523,0.8023104038336046,0.0,,0,,0,,,2993;4483;6931;7616;3488;4485;5469;2998;901;1083;1355;1961;1962;1033;1559;1958;2907;636;1954;1949;186;333;2164;695;694;1041;1623;1383;2333;2966,2993:60;4483:60.7614199819012;6931:62.0771479819012;7616:65.9734999819012;3488:67.2976519819012;4485:71.8522999819012;5469:72.2135239819012;2998:72.6219799819012;901:73.8675079819012;1083:76.6579399819012;1355:90.3472279819012;1961:91.3299559819012;1962:92.26883598190119;1033:93.4782919819012;1559:99.8623879819012;1958:107.2094119819012;2907:107.8330759819012;636:110.6482039819012;1954:111.2589079819012;1949:120.1590439819012;186:121.7251879819012;333:122.3649079819012;2164:122.9812999819012;695:127.68858798190121;694:130.85730798190122;1041:131.67623598190121;1623:136.05949312475835;1383:147.1449216961869;2333:187.29880741047262;2966:197.53417912007305
0,45,default_vehtype,to_depot,True,60.0,218.42488667311721,2992;-1;-1,2966;-1;-1,1413.709105198465,0.6917207594128889,0.6915793885023691,0.0,,0,,0,,,2992;2526;3895;5465;7450;4482;6930;7615;3488;4485;5469;2998;901;1083;1355;1961;1962;1033;1559;1958;2907;636;1954;1949;186;333;2164;695;694;1041;1623;1383;2333;2966,2992:60;2526:69.20224753494541;3895:70.46923153494541;5465:78.00115153494541;7450:78.9853915349454;4482:81.65212753494541;6930:82.96785553494541;7615:86.86420753494541;3488:88.1883595349454;4485:92.7430075349454;5469:93.1042315349454;2998:93.5126875349454;901:94.75821553494539;1083:97.54864753494539;1355:111.2379355349454;1961:112.22066353494539;1962:113.15954353494539;1033:114.36899953494539;1559:120.75309553494539;1958:128.10011953494538;2907:128.72378353494537;636:131.53891153494536;1954:132.14961553494535;1949:141.04975153494536;186:142.61589553494537;333:143.25561553494538;2164:143.87200753494537;695:148.57929553494537;694:151.74801553494538;1041:152.56694353494538;1623:156.9502006778025;1383:168.03562924923108;2333:208.18951496351679;2966:218.42488667311721
0,5,default_vehtype,out_of_service,True,214.03520157294633,240.0,2966;-1;-1,2966;-1;-1,0.0,0.5434293757251119,0.5434293757251119,0.0,,0,,0,,,,
0,16,default_vehtype,out_of_service,True,197.53417912007305,240.0,2966;-1;-1,2966;-1;-1,0.0,0.5509100493350957,0.5509100493350957,0.0,,0,,0,,,,
0,45,default_vehtype,out_of_service,True,218.42488667311721,240.0,2966;-1;-1,2966;-1;-1,0.0,0.6915793885023691,0.6915793885023691,0.0,,0,,0,,,,
0,37,default_vehtype,out_of_service,True,197.53417912007305,240.0,2966;-1;-1,2966;-1;-1,0.0,0.7342132447849324,0.7342132447849324,0.0,,0,,0,,,,
0,43,default_vehtype,out_of_service,True,197.53417912007305,240.0,2966;-1;-1,2966;-1;-1,0.0,0.8023104038336046,0.8023104038336046,0.0,,0,,0,,,,
0,41,default_vehtype,out_of_service,True,218.42488667311721,240.0,2966;-1;-1,2966;-1;-1,0.0,0.8407687786412219,0.8407687786412219,0.0,,0,,0,,,,
0,9,default_vehtype,out_of_service,True,214.03520157294633,240.0,2966;-1;-1,2966;-1;-1,0.0,0.8461007855593514,0.8461007855593514,0.0,,0,,0,,,,
0,11,default_vehtype,out_of_service,True,197.53417912007305,240.0,2966;-1;-1,2966;-1;-1,0.0,0.8994669260694435,0.8994669260694435,0.0,,0,,0,,,,
0,27,default_vehtype,out_of_service,True,218.13938860976756,240.0,2980;-1;-1,2980;-1;-1,0.0,0.5099263340874909,0.5099263340874909,0.0,,0,,0,,,,
0,36,default_vehtype,out_of_service,True,218.13938860976756,240.0,2980;-1;-1,2980;-1;-1,0.0,0.7723141524921925,0.7723141524921925,0.0,,0,,0,,,,
0,35,default_vehtype,out_of_service,True,200.1449779593701,240.0,2980;-1;-1,2980;-1;-1,0.0,0.784104530770277,0.784104530770277,0.0,,0,,0,,,,
0,23,default_vehtype,out_of_service,True,215.0851122162888,240.0,2980;-1;-1,2980;-1;-1,0.0,0.8197824227039717,0.8197824227039717,0.0,,0,,0,,,,
0,18,default_vehtype,out_of_service,True,215.0851122162888,240.0,2980;-1;-1,2980;-1;-1,0.0,0.8579855140994925,0.8579855140994925,0.0,,0,,0,,,,
0,17,default_vehtype,out_of_service,True,200.1449779593701,240.0,2980;-1;-1,2980;-1;-1,0.0,0.8901521444791805,0.8901521444791805,0.0,,0,,0,,,,
0,39,default_vehtype,out_of_service,True,200.1449779593701,240.0,2980;-1;-1,2980;-1;-1,0.0,0.9457740567269927,0.9457740567269927,0.0,,0,,0,,,,
0,15,default_vehtype,out_of_service,True,218.13938860976756,240.0,2980;-1;-1,2980;-1;-1,0.0,0.9645206597818511,0.9645206597818511,0.0,,0,,0,,,,
0,0,default_vehtype,to_depot,True,60.0,273.9524235978097,2974;-1;-1,2980;-1;-1,1813.2184782010438,0.559363859477122,0.5591825376293018,0.0,,0,,0,,,2974;6479;3091;4274;880;3109;3874;4306;429;3125;3406;2825;1944;130;99;4526;714;2800;4339;2419;5404;5421;1925;1883;926;925;5399;1905;830;2795;1891;827;6499;1803;1141;5241;4811;5237;608;459;2416;4011;5246;363;366;2314;2877;1748;1743;1157;2058;2092;915;2980,2974:60;6479:60.500578333467224;3091:73.82230633346722;4274:74.96523433346722;880:75.55657033346722;3109:77.40711433346722;3874:83.27139433346721;4306:95.38695433346722;429:96.78927433346722;3125:98.04279433346721;3406:110.39715433346721;2825:112.86687433346721;1944:114.1782343334672;130:116.5658743334672;99:117.0461143334672;4526:125.4557143334672;714:128.2525543334672;2800:130.25895433346722;4339:131.75271433346722;2419:136.36179433346723;5404:140.58867433346722;5421:141.69399433346723;1925:141.83727433346724;1883:142.87455433346724;926:147.12711433346723;925:150.07143433346724;5399:159.37623433346724;1905:160.70283433346725;830:161.87967433346725;2795:163.06335433346726;1891:163.31727433346725;827:164.38311433346726;6499:173.73795433346726;1803:179.70051433346725;1141:185.20515433346725;5241:186.79323433346724;4811:188.47587433346723;5237:193.21635433346722;608:202.08243433346723;459:202.41219433346723;2416:204.62583433346722;4011:205.28996233346723;5246:211.21513033346724;363:218.12381833346726;366:219.52889833346725;2314:220.67377033346725;2877:233.84487433346726;1748:234.96339433346725;1743:242.71779433346725;1157:247.45693719061012;2058:253.24676576203868;2092:256.6359086191815;915:261.75408004775295;2980:273.9524235978097
0,1,default_vehtype,to_depot,True,60.0,260.44256994177533,2984;-1;-1,2980;-1;-1,1603.9301736592736,0.8353189348090797,0.8351585417917138,0.0,,0,,0,,,2984;3012;7321;2804;3061;1173;3425;3125;3406;2825;1944;130;99;4526;714;2800;4339;2419;5404;5421;1925;1883;926;925;5399;1905;830;2795;1891;827;6499;1803;1141;5241;4811;5237;608;459;2416;4011;5246;363;366;2314;2877;1748;1743;1157;2058;2092;915;2980,2984:60;3012:62.492660677432916;7321:66.50330067743292;2804:69.83006067743293;3061:76.49810067743293;1173:82.09646067743293;3425:83.27942067743292;3125:84.53294067743292;3406:96.88730067743292;2825:99.35702067743291;1944:100.6683806774329;130:103.05602067743291;99:103.5362606774329;4526:111.9458606774329;714:114.74270067743291;2800:116.7491006774329;4339:118.2428606774329;2419:122.8519406774329;5404:127.0788206774329;5421:128.1841406774329;1925:128.3274206774329;1883:129.36470067743292;926:133.6172606774329;925:136.56158067743291;5399:145.86638067743291;1905:147.19298067743293;830:148.36982067743293;2795:149.55350067743294;1891:149.80742067743293;827:150.87326067743294;6499:160.22810067743293;1803:166.19066067743293;1141:171.69530067743293;5241:173.28338067743292;4811:174.9660206774329;5237:179.7065006774329;608:188.5725806774329;459:188.9023406774329;2416:191.1159806774329;4011:191.7801086774329;5246:197.70527667743292;363:204.61396467743293;366:206.01904467743293;2314:207.16391667743292;2877:220.3350206774329;1748:221.4535406774329;1743:229.2079406774329;1157:233.94708353457577;2058:239.73691210600433;2092:243.12605496314717;915:248.2442263917186;2980:260.44256994177533
0,3,default_vehtype,to_depot,True,60.0,273.9524235978097,2974;-1;-1,2980;-1;-1,1813.2184782010438,0.707131497257335,0.7069501754095149,0.0,,0,,0,,,2974;6479;3091;4274;880;3109;3874;4306;429;3125;3406;2825;1944;130;99;4526;714;2800;4339;2419;5404;5421;1925;1883;926;925;5399;1905;830;2795;1891;827;6499;1803;1141;5241;4811;5237;608;459;2416;4011;5246;363;366;2314;2877;1748;1743;1157;2058;2092;915;2980,2974:60;6479:60.500578333467224;3091:73.82230633346722;4274:74.96523433346722;880:75.55657033346722;3109:77.40711433346722;3874:83.27139433346721;4306:95.38695433346722;429:96.78927433346722;3125:98.04279433346721;3406:110.39715433346721;2825:112.86687433346721;1944:114.1782343334672;130:116.5658743334672;99:117.0461143334672;4526:125.4557143334672;714:128.2525543334672;2800:130.25895433346722;4339:131.75271433346722;2419:136.36179433346723;5404:140.58867433346722;5421:141.69399433346723;1925:141.83727433346724;1883:142.87455433346724;926:147.12711433346723;925:150.07143433346724;5399:159.37623433346724;1905:160.70283433346725;830:161.87967433346725;2795:163.06335433346726;1891:163.31727433346725;827:164.38311433346726;6499:173.73795433346726;1803:179.70051433346725;1141:185.20515433346725;5241:186.79323433346724;4811:188.47587433346723;5237:193.21635433346722;608:202.08243433346723;459:202.41219433346723;2416:204.62583433346722;4011:205.28996233346723;5246:211.21513033346724;363:218.12381833346726;366:219.52889833346725;2314:220.67377033346725;2877:233.84487433346726;1748:234.96339433346725;1743:242.71779433346725;1157:247.45693719061012;2058:253.24676576203868;2092:256.6359086191815;915:261.75408004775295;2980:273.9524235978097
0,4,default_vehtype,to_depot,True,60.0,273.9524235978097,2974;-1;-1,2980;-1;-1,1813.2184782010438,0.6818553854713113,0.6816740636234911,0.0,,0,,0,,,2974;6479;3091;4274;880;3109;3874;4306;429;3125;3406;2825;1944;130;99;4526;714;2800;4339;2419;5404;5421;1925;1883;926;925;5399;1905;830;2795;1891;827;6499;1803;1141;5241;4811;5237;608;459;2416;4011;5246;363;366;2314;2877;1748;1743;1157;2058;2092;915;2980,2974:60;6479:60.500578333467224;3091:73.82230633346722;4274:74.96523433346722;880:75.55657033346722;3109:77.40711433346722;3874:83.27139433346721;4306:95.38695433346722;429:96.78927433346722;3125:98.04279433346721;3406:110.39715433346721;2825:112.86687433346721;1944:114.1782343334672;130:116.5658743334672;99:117.0461143334672;4526:125.4557143334672;714:128.2525543334672;2800:130.25895433346722;4339:131.75271433346722;2419:136.36179433346723;5404:140.58867433346722;5421:141.69399433346723;1925:141.83727433346724;1883:142.87455433346724;926:147.12711433346723;925:150.07143433346724;5399:159.37623433346724;1905:160.70283433346725;830:161.87967433346725;2795:163.06335433346726;1891:163.31727433346725;827:164.38311433346726;6499:173.73795433346726;1803:179.70051433346725;1141:185.20515433346725;5241:186.79323433346724;4811:188.47587433346723;5237:193.21635433346722;608:202.08243433346723;459:202.41219433346723;2416:204.62583433346722;4011:205.28996233346723;5246:211.21513033346724;363:218.12381833346726;366:219.52889833346725;2314:220.67377033346725;2877:233.84487433346726;1748:234.96339433346725;1743:242.71779433346725;1157:247.45693719061012;2058:253.24676576203868;2092:256.6359086191815;915:261.75408004775295;2980:273.9524235978097
0,19,default_vehtype,to_depot,True,60.0,260.44256994177533,2984;-1;-1,2980;-1;-1,1603.9301736592736,0.626645801269891,0.6264854082525251,0.0,,0,,0,,,2984;3012;7321;2804;3061;1173;3425;3125;3406;2825;1944;130;99;4526;714;2800;4339;2419;5404;5421;1925;1883;926;925;5399;1905;830;2795;1891;827;6499;1803;1141;5241;4811;5237;608;459;2416;4011;5246;363;366;2314;2877;1748;1743;1157;2058;2092;915;2980,2984:60;3012:62.492660677432916;7321:66.50330067743292;2804:69.83006067743293;3061:76.49810067743293;1173:82.09646067743293;3425:83.27942067743292;3125:84.53294067743292;3406:96.88730067743292;2825:99.35702067743291;1944:100.6683806774329;130:103.05602067743291;99:103.5362606774329;4526:111.9458606774329;714:114.74270067743291;2800:116.7491006774329;4339:118.2428606774329;2419:122.8519406774329;5404:127.0788206774329;5421:128.1841406774329;1925:128.3274206774329;1883:129.36470067743292;926:133.6172606774329;925:136.56158067743291;5399:145.86638067743291;1905:147.19298067743293;830:148.36982067743293;2795:149.55350067743294;1891:149.80742067743293;827:150.87326067743294;6499:160.22810067743293;1803:166.19066067743293;1141:171.69530067743293;5241:173.28338067743292;4811:174.9660206774329;5237:179.7065006774329;608:188.5725806774329;459:188.9023406774329;2416:191.1159806774329;4011:191.7801086774329;5246:197.70527667743292;363:204.61396467743293;366:206.01904467743293;2314:207.16391667743292;2877:220.3350206774329;1748:221.4535406774329;1743:229.2079406774329;1157:233.94708353457577;2058:239.73691210600433;2092:243.12605496314717;915:248.2442263917186;2980:260.44256994177533
0,20,default_vehtype,to_depot,True,60.0,250.41372942632776,2970;-1;-1,2980;-1;-1,2063.6293026972107,0.972334458524792,0.9721280955945223,0.0,,0,,0,,,2970;671;544;7400;5449;6824;4848;3271;4846;4989;5000;337;1075;5648;5759;205;5793;1407;5826;7411;4686;5074;5295;5274;7181;604;603;602;3851;4573;1400;971;598;1368;591;585;940;1370;939;1903;983;3921;840;2881;5099;1157;2058;2092;915;2980,2970:60;671:61.03011616198536;544:63.71967616198536;7400:64.79523616198536;5449:65.99427616198535;6824:70.24755616198536;4848:77.72787616198536;3271:83.28099616198537;4846:85.15407616198537;4989:97.42659616198537;5000:102.18615616198537;337:109.94638816198537;1075:110.97022816198537;5648:111.77101216198537;5759:117.32934016198537;205:122.47359616198537;5793:126.59494816198537;1407:128.21509216198538;5826:130.4954041619854;7411:133.3940521619854;4686:134.46476416198539;5074:141.4052761619854;5295:141.6355321619854;5274:145.0143481619854;7181:149.5236361619854;604:153.10203616198538;603:154.16562016198537;602:155.01874816198537;3851:156.02214016198536;4573:160.32846016198536;1400:162.06114016198535;971:165.85957216198534;598:166.92682816198533;1368:167.88716416198534;591:173.75811616198533;585:186.92936416198532;940:193.5092281619853;1370:200.5358521619853;939:201.2325241619853;1903:202.05411616198532;983:203.03662816198533;3921:206.83477216198534;840:211.39561216198535;2881:218.02623616198537;5099:219.17910016198536;1157:223.91824301912823;2058:229.70807159055678;2092:233.09721444769963;915:238.21538587627106;2980:250.41372942632776
0,21,default_vehtype,to_depot,True,60.0,273.9524235978097,2974;-1;-1,2980;-1;-1,1813.2184782010438,0.8337051899818408,0.8335238681340207,0.0,,0,,0,,,2974;6479;3091;4274;880;3109;3874;4306;429;3125;3406;2825;1944;130;99;4526;714;2800;4339;2419;5404;5421;1925;1883;926;925;5399;1905;830;2795;1891;827;6499;1803;1141;5241;4811;5237;608;459;2416;4011;5246;363;366;2314;2877;1748;1743;1157;2058;2092;915;2980,2974:60;6479:60.500578333467224;3091:73.82230633346722;4274:74.96523433346722;880:75.55657033346722;3109:77.40711433346722;3874:83.27139433346721;4306:95.38695433346722;429:96.78927433346722;3125:98.04279433346721;3406:110.39715433346721;2825:112.86687433346721;1944:114.1782343334672;130:116.5658743334672;99:117.0461143334672;4526:125.4557143334672;714:128.2525543334672;2800:130.25895433346722;4339:131.75271433346722;2419:136.36179433346723;5404:140.58867433346722;5421:141.69399433346723;1925:141.83727433346724;1883:142.87455433346724;926:147.12711433346723;925:150.07143433346724;5399:159.37623433346724;1905:160.70283433346725;830:161.87967433346725;2795:163.06335433346726;1891:163.31727433346725;827:164.38311433346726;6499:173.73795433346726;1803:179.70051433346725;1141:185.20515433346725;5241:186.79323433346724;4811:188.47587433346723;5237:193.21635433346722;608:202.08243433346723;459:202.41219433346723;2416:204.62583433346722;4011:205.28996233346723;5246:211.21513033346724;363:218.12381833346726;366:219.52889833346725;2314:220.67377033346725;2877:233.84487433346726;1748:234.96339433346725;1743:242.71779433346725;1157:247.45693719061012;2058:253.24676576203868;2092:256.6359086191815;915:261.75408004775295;2980:273.9524235978097
0,24,default_vehtype,to_depot,True,60.0,273.9524235978097,2974;-1;-1,2980;-1;-1,1813.2184782010438,0.5915956810035584,0.5914143591557383,0.0,,0,,0,,,2974;6479;3091;4274;880;3109;3874;4306;429;3125;3406;2825;1944;130;99;4526;714;2800;4339;2419;5404;5421;1925;1883;926;925;5399;1905;830;2795;1891;827;6499;1803;1141;5241;4811;5237;608;459;2416;4011;5246;363;366;2314;2877;1748;1743;1157;2058;2092;915;2980,2974:60;6479:60.500578333467224;3091:73.82230633346722;4274:74.96523433346722;880:75.55657033346722;3109:77.40711433346722;3874:83.27139433346721;4306:95.38695433346722;429:96.78927433346722;3125:98.04279433346721;3406:110.39715433346721;2825:112.86687433346721;1944:114.1782343334672;130:116.5658743334672;99:117.0461143334672;4526:125.4557143334672;714:128.2525543334672;2800:130.25895433346722;4339:131.75271433346722;2419:136.36179433346723;5404:140.58867433346722;5421:141.69399433346723;1925:141.83727433346724;1883:142.87455433346724;926:147.12711433346723;925:150.07143433346724;5399:159.37623433346724;1905:160.70283433346725;830:161.87967433346725;2795:163.06335433346726;1891:163.31727433346725;827:164.38311433346726;6499:173.73795433346726;1803:179.70051433346725;1141:185.20515433346725;5241:186.79323433346724;4811:188.47587433346723;5237:193.21635433346722;608:202.08243433346723;459:202.41219433346723;2416:204.62583433346722;4011:205.28996233346723;5246:211.21513033346724;363:218.12381833346726;366:219.52889833346725;2314:220.67377033346725;2877:233.84487433346726;1748:234.96339433346725;1743:242.71779433346725;1157:247.45693719061012;2058:253.24676576203868;2092:256.6359086191815;915:261.75408004775295;2980:273.9524235978097
0,25,default_vehtype,to_depot,True,60.0,260.44256994177533,2984;-1;-1,2980;-1;-1,1603.9301736592736,0.5690914756743068,0.5689310826569409,0.0,,0,,0,,,2984;3012;7321;2804;3061;1173;3425;3125;3406;2825;1944;130;99;4526;714;2800;4339;2419;5404;5421;1925;1883;926;925;5399;1905;830;2795;1891;827;6499;1803;1141;5241;4811;5237;608;459;2416;4011;5246;363;366;2314;2877;1748;1743;1157;2058;2092;915;2980,2984:60;3012:62.492660677432916;7321:66.50330067743292;2804:69.83006067743293;3061:76.49810067743293;1173:82.09646067743293;3425:83.27942067743292;3125:84.53294067743292;3406:96.88730067743292;2825:99.35702067743291;1944:100.6683806774329;130:103.05602067743291;99:103.5362606774329;4526:111.9458606774329;714:114.74270067743291;2800:116.7491006774329;4339:118.2428606774329;2419:122.8519406774329;5404:127.0788206774329;5421:128.1841406774329;1925:128.3274206774329;1883:129.36470067743292;926:133.6172606774329;925:136.56158067743291;5399:145.86638067743291;1905:147.19298067743293;830:148.36982067743293;2795:149.55350067743294;1891:149.80742067743293;827:150.87326067743294;6499:160.22810067743293;1803:166.19066067743293;1141:171.69530067743293;5241:173.28338067743292;4811:174.9660206774329;5237:179.7065006774329;608:188.5725806774329;459:188.9023406774329;2416:191.1159806774329;4011:191.7801086774329;5246:197.70527667743292;363:204.61396467743293;366:206.01904467743293;2314:207.16391667743292;2877:220.3350206774329;1748:221.4535406774329;1743:229.2079406774329;1157:233.94708353457577;2058:239.73691210600433;2092:243.12605496314717;915:248.2442263917186;2980:260.44256994177533
0,28,default_vehtype,to_depot,True,60.0,250.41372942632776,2970;-1;-1,2980;-1;-1,2063.6293026972107,0.5551875705821525,0.5549812076518829,0.0,,0,,0,,,2970;671;544;7400;5449;6824;4848;3271;4846;4989;5000;337;1075;5648;5759;205;5793;1407;5826;7411;4686;5074;5295;5274;7181;604;603;602;3851;4573;1400;971;598;1368;591;585;940;1370;939;1903;983;3921;840;2881;5099;1157;2058;2092;915;2980,2970:60;671:61.03011616198536;544:63.71967616198536;7400:64.79523616198536;5449:65.99427616198535;6824:70.24755616198536;4848:77.72787616198536;3271:83.28099616198537;4846:85.15407616198537;4989:97.42659616198537;5000:102.18615616198537;337:109.94638816198537;1075:110.97022816198537;5648:111.77101216198537;5759:117.32934016198537;205:122.47359616198537;5793:126.59494816198537;1407:128.21509216198538;5826:130.4954041619854;7411:133.3940521619854;4686:134.46476416198539;5074:141.4052761619854;5295:141.6355321619854;5274:145.0143481619854;7181:149.5236361619854;604:153.10203616198538;603:154.16562016198537;602:155.01874816198537;3851:156.02214016198536;4573:160.32846016198536;1400:162.06114016198535;971:165.85957216198534;598:166.92682816198533;1368:167.88716416198534;591:173.75811616198533;585:186.92936416198532;940:193.5092281619853;1370:200.5358521619853;939:201.2325241619853;1903:202.05411616198532;983:203.03662816198533;3921:206.83477216198534;840:211.39561216198535;2881:218.02623616198537;5099:219.17910016198536;1157:223.91824301912823;2058:229.70807159055678;2092:233.09721444769963;915:238.21538587627106;2980:250.41372942632776
0,38,default_vehtype,to_depot,True,60.0,263.29664665331694,2983;-1;-1,2980;-1;-1,1650.7005462554534,0.8084669984373785,0.8083019283827528,0.0,,0,,0,,,2983;7527;2802;2251;7515;7037;7512;3274;2902;3901;7011;7336;4365;7288;1182;1001;6296;1434;3820;3877;2787;4993;6537;7281;2307;3549;6384;4032;1804;4811;5237;608;459;2416;4011;5246;363;366;2314;2877;1748;1743;1157;2058;2092;915;2980,2983:60;7527:64.52694538897451;2802:71.74242538897451;2251:78.63774538897451;7515:79.49886538897451;7037:86.81082538897451;7512:94.04418538897451;3274:105.39018538897452;2902:105.50178538897451;3901:105.96978538897451;7011:107.95074538897451;7336:110.85822538897452;4365:118.43934538897452;7288:119.56254538897451;1182:120.47946538897452;1001:125.77062538897452;6296:128.12994538897453;1434:134.08902538897453;3820:139.19766538897454;3877:141.10554538897455;2787:149.89806538897454;4993:150.94710538897453;6537:156.74694538897452;7281:162.5820653889745;2307:166.1008253889745;3549:171.7380653889745;6384:171.9999053889745;4032:175.2215453889745;1804:176.1374573889745;4811:177.8200973889745;5237:182.56057738897448;608:191.4266573889745;459:191.75641738897448;2416:193.97005738897448;4011:194.6341853889745;5246:200.5593533889745;363:207.4680413889745;366:208.8731213889745;2314:210.0179933889745;2877:223.18909738897452;1748:224.3076173889745;1743:232.0620173889745;1157:236.80116024611738;2058:242.59098881754593;2092:245.98013167468878;915:251.0983031032602;2980:263.29664665331694
0,42,default_vehtype,to_depot,True,60.0,248.55199336745417,2977;-1;-1,2980;-1;-1,1527.8284355399308,0.8229470565333281,0.8227942736897742,0.0,,0,,0,,,2977;6202;7516;7037;7512;3274;2902;3901;7011;7336;4365;7288;1182;1001;6296;1434;3820;3877;2787;4993;6537;7281;2307;3549;6384;4032;1804;4811;5237;608;459;2416;4011;5246;363;366;2314;2877;1748;1743;1157;2058;2092;915;2980,2977:60;6202:63.89309210311182;7516:64.75421210311183;7037:72.06617210311182;7512:79.29953210311183;3274:90.64553210311183;2902:90.75713210311183;3901:91.22513210311183;7011:93.20609210311183;7336:96.11357210311184;4365:103.69469210311183;7288:104.81789210311183;1182:105.73481210311184;1001:111.02597210311184;6296:113.38529210311184;1434:119.34437210311184;3820:124.45301210311183;3877:126.36089210311184;2787:135.15341210311183;4993:136.20245210311182;6537:142.0022921031118;7281:147.8374121031118;2307:151.3561721031118;3549:156.99341210311178;6384:157.2552521031118;4032:160.4768921031118;1804:161.39280410311179;4811:163.07544410311178;5237:167.81592410311177;608:176.68200410311178;459:177.01176410311177;2416:179.22540410311177;4011:179.88953210311178;5246:185.8147001031118;363:192.7233881031118;366:194.1284681031118;2314:195.2733401031118;2877:208.44444410311178;1748:209.56296410311177;1743:217.31736410311177;1157:222.05650696025464;2058:227.8463355316832;2092:231.23547838882604;915:236.35364981739747;2980:248.55199336745417
0,44,default_vehtype,to_depot,True,60.0,259.1817598991774,2985;-1;-1,2980;-1;-1,1608.0703712755965,0.5301127358146349,0.5299519287775074,0.0,,0,,0,,,2985;1140;880;3109;3874;4306;429;3125;3406;2825;1944;130;99;4526;714;2800;4339;2419;5404;5421;1925;1883;926;925;5399;1905;830;2795;1891;827;6499;1803;1141;5241;4811;5237;608;459;2416;4011;5246;363;366;2314;2877;1748;1743;1157;2058;2092;915;2980,2985:60;1140:60.194570634835;880:60.785906634835;3109:62.636450634835;3874:68.500730634835;4306:80.616290634835;429:82.018610634835;3125:83.272130634835;3406:95.626490634835;2825:98.09621063483499;1944:99.40757063483498;130:101.79521063483499;99:102.27545063483498;4526:110.68505063483498;714:113.48189063483498;2800:115.48829063483498;4339:116.98205063483498;2419:121.59113063483498;5404:125.81801063483498;5421:126.92333063483498;1925:127.06661063483499;1883:128.10389063483498;926:132.35645063483497;925:135.30077063483498;5399:144.60557063483498;1905:145.932170634835;830:147.109010634835;2795:148.292690634835;1891:148.546610634835;827:149.612450634835;6499:158.967290634835;1803:164.929850634835;1141:170.434490634835;5241:172.02257063483498;4811:173.70521063483497;5237:178.44569063483496;608:187.31177063483497;459:187.64153063483496;2416:189.85517063483496;4011:190.51929863483497;5246:196.44446663483498;363:203.353154634835;366:204.758234634835;2314:205.90310663483498;2877:219.07421063483497;1748:220.19273063483496;1743:227.94713063483496;1157:232.68627349197783;2058:238.4761020634064;2092:241.86524492054923;915:246.98341634912066;2980:259.1817598991774
0,46,default_vehtype,to_depot,True,60.0,280.58940988194473,2986;-1;-1,2980;-1;-1,1905.3988432584747,0.5195938961271603,0.5194033562428346,0.0,,0,,0,,,2986;3155;7358;2376;3091;4274;880;3109;3874;4306;429;3125;3406;2825;1944;130;99;4526;714;2800;4339;2419;5404;5421;1925;1883;926;925;5399;1905;830;2795;1891;827;6499;1803;1141;5241;4811;5237;608;459;2416;4011;5246;363;366;2314;2877;1748;1743;1157;2058;2092;915;2980,2986:60;3155:60.54387661760222;7358:61.63568461760222;2376:67.13756461760222;3091:80.45929261760222;4274:81.60222061760221;880:82.19355661760221;3109:84.04410061760221;3874:89.9083806176022;4306:102.02394061760221;429:103.42626061760221;3125:104.6797806176022;3406:117.0341406176022;2825:119.5038606176022;1944:120.8152206176022;130:123.2028606176022;99:123.6831006176022;4526:132.0927006176022;714:134.8895406176022;2800:136.8959406176022;4339:138.38970061760222;2419:142.99878061760222;5404:147.22566061760222;5421:148.33098061760222;1925:148.47426061760223;1883:149.51154061760224;926:153.76410061760222;925:156.70842061760223;5399:166.01322061760223;1905:167.33982061760224;830:168.51666061760224;2795:169.70034061760225;1891:169.95426061760224;827:171.02010061760225;6499:180.37494061760225;1803:186.33750061760225;1141:191.84214061760224;5241:193.43022061760223;4811:195.11286061760222;5237:199.8533406176022;608:208.71942061760222;459:209.04918061760222;2416:211.26282061760222;4011:211.92694861760222;5246:217.85211661760223;363:224.76080461760225;366:226.16588461760225;2314:227.31075661760224;2877:240.48186061760225;1748:241.60038061760224;1743:249.35478061760224;1157:254.0939234747451;2058:259.8837520461737;2092:263.27289490331657;915:268.391066331888;2980:280.58940988194473
0,47,default_vehtype,to_depot,True,60.0,278.7100146350027,2976;-1;-1,2980;-1;-1,1779.1452794361683,0.7185159768996707,0.7183380623717271,0.0,,0,,0,,,2976;7557;7316;7531;2802;2251;7515;7037;7512;3274;2902;3901;7011;7336;4365;7288;1182;1001;6296;1434;3820;3877;2787;4993;6537;7281;2307;3549;6384;4032;1804;4811;5237;608;459;2416;4011;5246;363;366;2314;2877;1748;1743;1157;2058;2092;915;2980,2976:60;7557:64.9903533706603;7316:72.3853533706603;7531:79.94031337066029;2802:87.15579337066029;2251:94.05111337066029;7515:94.91223337066029;7037:102.22419337066029;7512:109.45755337066029;3274:120.8035533706603;2902:120.91515337066029;3901:121.3831533706603;7011:123.36411337066029;7336:126.2715933706603;4365:133.8527133706603;7288:134.9759133706603;1182:135.8928333706603;1001:141.1839933706603;6296:143.5433133706603;1434:149.5023933706603;3820:154.6110333706603;3877:156.5189133706603;2787:165.3114333706603;4993:166.3604733706603;6537:172.16031337066028;7281:177.99543337066027;2307:181.51419337066025;3549:187.15143337066024;6384:187.41327337066025;4032:190.63491337066026;1804:191.55082537066025;4811:193.23346537066024;5237:197.97394537066023;608:206.84002537066024;459:207.16978537066024;2416:209.38342537066023;4011:210.04755337066024;5246:215.97272137066025;363:222.88140937066026;366:224.28648937066026;2314:225.43136137066026;2877:238.60246537066024;1748:239.72098537066023;1743:247.47538537066023;1157:252.2145282278031;2058:258.0043567992317;2092:261.39349965637456;915:266.511671084946;2980:278.7100146350027
0,20,default_vehtype,out_of_service,True,250.41372942632776,300.0,2980;-1;-1,2980;-1;-1,0.0,0.9721280955945223,0.9721280955945223,0.0,,0,,0,,,,
0,46,default_vehtype,out_of_service,True,280.58940988194473,300.0,2980;-1;-1,2980;-1;-1,0.0,0.5194033562428346,0.5194033562428346,0.0,,0,,0,,,,
0,44,default_vehtype,out_of_service,True,259.1817598991774,300.0,2980;-1;-1,2980;-1;-1,0.0,0.5299519287775074,0.5299519287775074,0.0,,0,,0,,,,
0,28,default_vehtype,out_of_service,True,250.41372942632776,300.0,2980;-1;-1,2980;-1;-1,0.0,0.5549812076518829,0.5549812076518829,0.0,,0,,0,,,,
0,0,default_vehtype,out_of_service,True,273.9524235978097,300.0,2980;-1;-1,2980;-1;-1,0.0,0.5591825376293018,0.5591825376293018,0.0,,0,,0,,,,
0,25,default_vehtype,out_of_service,True,260.44256994177533,300.0,2980;-1;-1,2980;-1;-1,0.0,0.5689310826569409,0.5689310826569409,0.0,,0,,0,,,,
0,24,default_vehtype,out_of_service,True,273.9524235978097,300.0,2980;-1;-1,2980;-1;-1,0.0,0.5914143591557383,0.5914143591557383,0.0,,0,,0,,,,
0,19,default_vehtype,out_of_service,True,260.44256994177533,300.0,2980;-1;-1,2980;-1;-1,0.0,0.6264854082525251,0.6264854082525251,0.0,,0,,0,,,,
0,4,default_vehtype,out_of_service,True,273.9524235978097,300.0,2980;-1;-1,2980;-1;-1,0.0,0.6816740636234911,0.6816740636234911,0.0,,0,,0,,,,
0,3,default_vehtype,out_of_service,True,273.9524235978097,300.0,2980;-1;-1,2980;-1;-1,0.0,0.7069501754095149,0.7069501754095149,0.0,,0,,0,,,,
0,47,default_vehtype,out_of_service,True,278.7100146350027,300.0,2980;-1;-1,2980;-1;-1,0.0,0.7183380623717271,0.7183380623717271,0.0,,0,,0,,,,
0,38,default_vehtype,out_of_service,True,263.29664665331694,300.0,2980;-1;-1,2980;-1;-1,0.0,0.8083019283827528,0.8083019283827528,0.0,,0,,0,,,,
0,42,default_vehtype,out_of_service,True,248.55199336745417,300.0,2980;-1;-1,2980;-1;-1,0.0,0.8227942736897742,0.8227942736897742,0.0,,0,,0,,,,
0,21,default_vehtype,out_of_service,True,273.9524235978097,300.0,2980;-1;-1,2980;-1;-1,0.0,0.8335238681340207,0.8335238681340207,0.0,,0,,0,,,,
0,1,default_vehtype,out_of_service,True,260.44256994177533,300.0,2980;-1;-1,2980;-1;-1,0.0,0.8351585417917138,0.8351585417917138,0.0,,0,,0,,,,
0,7,default_vehtype,to_depot,True,60.0,320.10016853250085,2971;-1;-1,2980;-1;-1,2644.349628581987,0.5644631488274267,0.5641987138645684,0.0,,0,,0,,,2971;3807;7387;2045;2835;2641;7396;2616;486;2838;3722;3732;544;7400;5449;6824;4848;3271;4846;4989;5000;337;1075;5648;5759;205;5793;1407;5826;7411;4686;5074;5295;5274;7181;604;603;602;3851;4573;1400;971;598;1368;591;585;940;1370;939;1903;983;3921;840;2881;5099;1157;2058;2092;915;2980,2971:60;3807:61.37635526815849;7387:65.4407552681585;2045:79.9789952681585;2835:82.3440752681585;2641:91.5551552681585;7396:92.1495152681585;2616:97.51111526815849;486:98.42287526815849;2838:104.74759526815849;3722:108.26683526815849;3732:130.7165552681585;544:133.4061152681585;7400:134.48167526815848;5449:135.68071526815848;6824:139.93399526815847;4848:147.41431526815848;3271:152.96743526815848;4846:154.84051526815847;4989:167.11303526815846;5000:171.87259526815845;337:179.63282726815845;1075:180.65666726815846;5648:181.45745126815845;5759:187.01577926815844;205:192.16003526815845;5793:196.28138726815845;1407:197.90153126815846;5826:200.18184326815847;7411:203.08049126815848;4686:204.15120326815847;5074:211.09171526815848;5295:211.32197126815848;5274:214.70078726815848;7181:219.21007526815848;604:222.78847526815846;603:223.85205926815846;602:224.70518726815845;3851:225.70857926815845;4573:230.01489926815844;1400:231.74757926815843;971:235.54601126815842;598:236.6132672681584;1368:237.57360326815842;591:243.4445552681584;585:256.6158032681584;940:263.1956672681584;1370:270.2222912681584;939:270.9189632681584;1903:271.7405552681584;983:272.7230672681584;3921:276.52121126815837;840:281.08205126815835;2881:287.71267526815836;5099:288.8655392681584;1157:293.6046821253012;2058:299.3945106967298;2092:302.7836535538727;915:307.9018249824441;2980:320.10016853250085
0,13,default_vehtype,to_depot,True,60.0,320.10016853250085,2971;-1;-1,2980;-1;-1,2644.349628581987,0.5806547589424982,0.58039032397964,0.0,,0,,0,,,2971;3807;7387;2045;2835;2641;7396;2616;486;2838;3722;3732;544;7400;5449;6824;4848;3271;4846;4989;5000;337;1075;5648;5759;205;5793;1407;5826;7411;4686;5074;5295;5274;7181;604;603;602;3851;4573;1400;971;598;1368;591;585;940;1370;939;1903;983;3921;840;2881;5099;1157;2058;2092;915;2980,2971:60;3807:61.37635526815849;7387:65.4407552681585;2045:79.9789952681585;2835:82.3440752681585;2641:91.5551552681585;7396:92.1495152681585;2616:97.51111526815849;486:98.42287526815849;2838:104.74759526815849;3722:108.26683526815849;3732:130.7165552681585;544:133.4061152681585;7400:134.48167526815848;5449:135.68071526815848;6824:139.93399526815847;4848:147.41431526815848;3271:152.96743526815848;4846:154.84051526815847;4989:167.11303526815846;5000:171.87259526815845;337:179.63282726815845;1075:180.65666726815846;5648:181.45745126815845;5759:187.01577926815844;205:192.16003526815845;5793:196.28138726815845;1407:197.90153126815846;5826:200.18184326815847;7411:203.08049126815848;4686:204.15120326815847;5074:211.09171526815848;5295:211.32197126815848;5274:214.70078726815848;7181:219.21007526815848;604:222.78847526815846;603:223.85205926815846;602:224.70518726815845;3851:225.70857926815845;4573:230.01489926815844;1400:231.74757926815843;971:235.54601126815842;598:236.6132672681584;1368:237.57360326815842;591:243.4445552681584;585:256.6158032681584;940:263.1956672681584;1370:270.2222912681584;939:270.9189632681584;1903:271.7405552681584;983:272.7230672681584;3921:276.52121126815837;840:281.08205126815835;2881:287.71267526815836;5099:288.8655392681584;1157:293.6046821253012;2058:299.3945106967298;2092:302.7836535538727;915:307.9018249824441;2980:320.10016853250085
0,14,default_vehtype,to_depot,True,60.0,324.65695829405007,2987;-1;-1,2980;-1;-1,2517.448126759938,0.9350060741234096,0.9347543293107337,0.0,,0,,0,,,2987;4613;1084;7357;3525;6025;3063;6027;7362;2188;2186;5744;6033;5746;6031;146;2828;2376;3091;4274;880;3109;3874;4306;429;3125;3406;2825;1944;130;99;4526;714;2800;4339;2419;5404;5421;1925;1883;926;925;5399;1905;830;2795;1891;827;6499;1803;1141;5241;4811;5237;608;459;2416;4011;5246;363;366;2314;2877;1748;1743;1157;2058;2092;915;2980,2987:60;4613:61.59624902970759;1084:65.13123302970759;7357:69.7157610297076;3525:80.59460102970759;6025:82.33606502970758;3063:83.60074502970758;6027:84.90272102970758;7362:88.91096102970758;2188:95.57412902970758;2186:96.85040102970758;5744:98.86582502970758;6033:100.23526502970758;5746:102.15867302970757;6031:103.65029702970757;146:104.61142502970758;2828:105.70323302970758;2376:111.20511302970758;3091:124.52684102970758;4274:125.66976902970758;880:126.26110502970758;3109:128.1116490297076;3874:133.9759290297076;4306:146.0914890297076;429:147.4938090297076;3125:148.7473290297076;3406:161.1016890297076;2825:163.57140902970758;1944:164.8827690297076;130:167.2704090297076;99:167.7506490297076;4526:176.16024902970761;714:178.95708902970762;2800:180.96348902970763;4339:182.45724902970764;2419:187.06632902970765;5404:191.29320902970764;5421:192.39852902970765;1925:192.54180902970765;1883:193.57908902970766;926:197.83164902970765;925:200.77596902970765;5399:210.08076902970765;1905:211.40736902970767;830:212.58420902970767;2795:213.76788902970767;1891:214.02180902970767;827:215.08764902970768;6499:224.44248902970767;1803:230.40504902970767;1141:235.90968902970766;5241:237.49776902970765;4811:239.18040902970765;5237:243.92088902970764;608:252.78696902970765;459:253.11672902970764;2416:255.33036902970764;4011:255.99449702970765;5246:261.91966502970763;363:268.8283530297076;366:270.2334330297076;2314:271.37830502970763;2877:284.54940902970765;1748:285.66792902970764;1743:293.4223290297076;1157:298.16147188685045;2058:303.95130045827904;2092:307.3404433154219;915:312.45861474399334;2980:324.65695829405007
0,29,default_vehtype,to_depot,True,60.0,318.738364575006,2973;-1;-1,2980;-1;-1,2435.2454362176595,0.8871168447171083,0.8868733201734865,0.0,,0,,0,,,2973;7354;3525;6025;3063;6027;7362;2188;2186;5744;6033;5746;6031;146;2828;2376;3091;4274;880;3109;3874;4306;429;3125;3406;2825;1944;130;99;4526;714;2800;4339;2419;5404;5421;1925;1883;926;925;5399;1905;830;2795;1891;827;6499;1803;1141;5241;4811;5237;608;459;2416;4011;5246;363;366;2314;2877;1748;1743;1157;2058;2092;915;2980,2973:60;7354:63.79716731066355;3525:74.67600731066355;6025:76.41747131066354;3063:77.68215131066354;6027:78.98412731066354;7362:82.99236731066354;2188:89.65553531066354;2186:90.93180731066354;5744:92.94723131066354;6033:94.31667131066354;5746:96.24007931066353;6031:97.73170331066353;146:98.69283131066354;2828:99.78463931066354;2376:105.28651931066354;3091:118.60824731066353;4274:119.75117531066353;880:120.34251131066353;3109:122.19305531066352;3874:128.05733531066352;4306:140.1728953106635;429:141.5752153106635;3125:142.82873531066352;3406:155.18309531066353;2825:157.65281531066353;1944:158.96417531066353;130:161.35181531066354;99:161.83205531066355;4526:170.24165531066356;714:173.03849531066356;2800:175.04489531066358;4339:176.5386553106636;2419:181.1477353106636;5404:185.3746153106636;5421:186.4799353106636;1925:186.6232153106636;1883:187.6604953106636;926:191.9130553106636;925:194.8573753106636;5399:204.1621753106636;1905:205.4887753106636;830:206.6656153106636;2795:207.84929531066362;1891:208.10321531066361;827:209.16905531066362;6499:218.52389531066362;1803:224.48645531066362;1141:229.9910953106636;5241:231.5791753106636;4811:233.2618153106636;5237:238.00229531066358;608:246.8683753106636;459:247.1981353106636;2416:249.4117753106636;4011:250.0759033106636;5246:256.0010713106636;363:262.90975931066356;366:264.31483931066356;2314:265.4597113106636;2877:278.6308153106636;1748:279.7493353106636;1743:287.50373531066356;1157:292.2428781678064;2058:298.032706739235;2092:301.42184959637785;915:306.5400210249493;2980:318.738364575006
0,31,default_vehtype,to_depot,True,60.0,320.10016853250085,2971;-1;-1,2980;-1;-1,2644.349628581987,0.684362585330482,0.6840981503676238,0.0,,0,,0,,,2971;3807;7387;2045;2835;2641;7396;2616;486;2838;3722;3732;544;7400;5449;6824;4848;3271;4846;4989;5000;337;1075;5648;5759;205;5793;1407;5826;7411;4686;5074;5295;5274;7181;604;603;602;3851;4573;1400;971;598;1368;591;585;940;1370;939;1903;983;3921;840;2881;5099;1157;2058;2092;915;2980,2971:60;3807:61.37635526815849;7387:65.4407552681585;2045:79.9789952681585;2835:82.3440752681585;2641:91.5551552681585;7396:92.1495152681585;2616:97.51111526815849;486:98.42287526815849;2838:104.74759526815849;3722:108.26683526815849;3732:130.7165552681585;544:133.4061152681585;7400:134.48167526815848;5449:135.68071526815848;6824:139.93399526815847;4848:147.41431526815848;3271:152.96743526815848;4846:154.84051526815847;4989:167.11303526815846;5000:171.87259526815845;337:179.63282726815845;1075:180.65666726815846;5648:181.45745126815845;5759:187.01577926815844;205:192.16003526815845;5793:196.28138726815845;1407:197.90153126815846;5826:200.18184326815847;7411:203.08049126815848;4686:204.15120326815847;5074:211.09171526815848;5295:211.32197126815848;5274:214.70078726815848;7181:219.21007526815848;604:222.78847526815846;603:223.85205926815846;602:224.70518726815845;3851:225.70857926815845;4573:230.01489926815844;1400:231.74757926815843;971:235.54601126815842;598:236.6132672681584;1368:237.57360326815842;591:243.4445552681584;585:256.6158032681584;940:263.1956672681584;1370:270.2222912681584;939:270.9189632681584;1903:271.7405552681584;983:272.7230672681584;3921:276.52121126815837;840:281.08205126815835;2881:287.71267526815836;5099:288.8655392681584;1157:293.6046821253012;2058:299.3945106967298;2092:302.7836535538727;915:307.9018249824441;2980:320.10016853250085
0,33,default_vehtype,to_depot,True,60.0,319.38433015831595,2989;-1;-1,2980;-1;-1,2638.3843087971127,0.5023477380962735,0.5020838996653938,0.0,,0,,0,,,2989;3808;7388;2045;2835;2641;7396;2616;486;2838;3722;3732;544;7400;5449;6824;4848;3271;4846;4989;5000;337;1075;5648;5759;205;5793;1407;5826;7411;4686;5074;5295;5274;7181;604;603;602;3851;4573;1400;971;598;1368;591;585;940;1370;939;1903;983;3921;840;2881;5099;1157;2058;2092;915;2980,2989:60;3808:60.66051689397359;7388:64.7249168939736;2045:79.2631568939736;2835:81.62823689397361;2641:90.8393168939736;7396:91.4336768939736;2616:96.7952768939736;486:97.7070368939736;2838:104.0317568939736;3722:107.55099689397359;3732:130.0007168939736;544:132.6902768939736;7400:133.76583689397359;5449:134.96487689397358;6824:139.21815689397357;4848:146.69847689397358;3271:152.25159689397358;4846:154.12467689397357;4989:166.39719689397356;5000:171.15675689397355;337:178.91698889397355;1075:179.94082889397356;5648:180.74161289397355;5759:186.29994089397354;205:191.44419689397355;5793:195.56554889397356;1407:197.18569289397357;5826:199.46600489397358;7411:202.36465289397358;4686:203.43536489397357;5074:210.37587689397358;5295:210.60613289397358;5274:213.98494889397358;7181:218.49423689397358;604:222.07263689397357;603:223.13622089397356;602:223.98934889397356;3851:224.99274089397355;4573:229.29906089397355;1400:231.03174089397353;971:234.83017289397353;598:235.8974288939735;1368:236.85776489397352;591:242.7287168939735;585:255.8999648939735;940:262.4798288939735;1370:269.5064528939735;939:270.2031248939735;1903:271.0247168939735;983:272.0072288939735;3921:275.80537289397347;840:280.36621289397345;2881:286.99683689397347;5099:288.1497008939735;1157:292.8888437511163;2058:298.6786723225449;2092:302.0678151796878;915:307.1859866082592;2980:319.38433015831595
0,34,default_vehtype,to_depot,True,60.0,328.8825657073214,2988;-1;-1,2980;-1;-1,2896.2071186109297,0.5485506378965306,0.5482610171846696,0.0,,0,,0,,,2988;3447;3721;5333;251;2711;3358;2296;5495;5697;5497;5500;670;5502;5512;5520;5531;6313;6632;6644;3793;6319;7102;3741;7384;6414;5446;2447;2571;42;2577;2566;3033;3036;2469;2404;2235;3762;5287;310;2280;1447;6261;3764;4397;4745;4182;4187;4191;4195;4202;4208;5653;5764;205;5793;1407;5826;7411;4686;5074;5295;5274;7181;604;603;602;3851;4573;1400;971;598;1368;591;585;940;1370;939;1903;983;3921;840;2881;5099;1157;2058;2092;915;2980,2988:60;3447:61.539512442978996;3721:64.569200442979;5333:65.560640442979;251:66.30821644297899;2711:67.44603244297899;3358:69.66104044297899;2296:77.96204044297899;5495:78.178880442979;5697:79.28264044297899;5497:79.98008044297899;5500:82.88732044297899;670:84.284720442979;5502:86.632160442979;5512:90.153920442979;5520:92.607920442979;5531:94.304840442979;6313:95.329880442979;6632:97.626920442979;6644:99.198200442979;3793:101.047400442979;6319:101.96312044297899;7102:102.441200442979;3741:102.980840442979;7384:110.63984044297901;6414:115.84700044297901;5446:118.114760442979;2447:122.05088044297901;2571:129.639800442979;42:134.30780044297902;2577:134.98028044297902;2566:143.579360442979;3033:144.210320442979;3036:146.479880442979;2469:150.072200442979;2404:153.395720442979;2235:154.679120442979;3762:155.102552442979;5287:155.641616442979;310:158.431832442979;2280:159.03094444297898;1447:159.47684044297898;6261:163.354832442979;3764:164.360528442979;4397:164.911184442979;4745:165.13748044297898;4182:169.591256442979;4187:172.253312442979;4191:172.991600442979;4195:187.454888442979;4202:188.45741644297902;4208:189.43906444297903;5653:190.23984844297902;5764:195.798176442979;205:200.94243244297903;5793:205.06378444297903;1407:206.68392844297904;5826:208.96424044297905;7411:211.86288844297906;4686:212.93360044297904;5074:219.87411244297905;5295:220.10436844297905;5274:223.48318444297905;7181:227.99247244297905;604:231.57087244297904;603:232.63445644297903;602:233.48758444297903;3851:234.49097644297902;4573:238.79729644297902;1400:240.529976442979;971:244.328408442979;598:245.39566444297898;1368:246.356000442979;591:252.22695244297898;585:265.398200442979;940:271.97806444297896;1370:279.004688442979;939:279.70136044297897;1903:280.522952442979;983:281.50546444297896;3921:285.30360844297894;840:289.8644484429789;2881:296.49507244297894;5099:297.64793644297896;1157:302.3870793001218;2058:308.1769078715504;2092:311.56605072869326;915:316.6842221572647;2980:328.8825657073214
0,40,default_vehtype,to_depot,True,60.0,319.38433015831595,2989;-1;-1,2980;-1;-1,2638.3843087971127,0.5480492039469815,0.5477853655161018,0.0,,0,,0,,,2989;3808;7388;2045;2835;2641;7396;2616;486;2838;3722;3732;544;7400;5449;6824;4848;3271;4846;4989;5000;337;1075;5648;5759;205;5793;1407;5826;7411;4686;5074;5295;5274;7181;604;603;602;3851;4573;1400;971;598;1368;591;585;940;1370;939;1903;983;3921;840;2881;5099;1157;2058;2092;915;2980,2989:60;3808:60.66051689397359;7388:64.7249168939736;2045:79.2631568939736;2835:81.62823689397361;2641:90.8393168939736;7396:91.4336768939736;2616:96.7952768939736;486:97.7070368939736;2838:104.0317568939736;3722:107.55099689397359;3732:130.0007168939736;544:132.6902768939736;7400:133.76583689397359;5449:134.96487689397358;6824:139.21815689397357;4848:146.69847689397358;3271:152.25159689397358;4846:154.12467689397357;4989:166.39719689397356;5000:171.15675689397355;337:178.91698889397355;1075:179.94082889397356;5648:180.74161289397355;5759:186.29994089397354;205:191.44419689397355;5793:195.56554889397356;1407:197.18569289397357;5826:199.46600489397358;7411:202.36465289397358;4686:203.43536489397357;5074:210.37587689397358;5295:210.60613289397358;5274:213.98494889397358;7181:218.49423689397358;604:222.07263689397357;603:223.13622089397356;602:223.98934889397356;3851:224.99274089397355;4573:229.29906089397355;1400:231.03174089397353;971:234.83017289397353;598:235.8974288939735;1368:236.85776489397352;591:242.7287168939735;585:255.8999648939735;940:262.4798288939735;1370:269.5064528939735;939:270.2031248939735;1903:271.0247168939735;983:272.0072288939735;3921:275.80537289397347;840:280.36621289397345;2881:286.99683689397347;5099:288.1497008939735;1157:292.8888437511163;2058:298.6786723225449;2092:302.0678151796878;915:307.1859866082592;2980:319.38433015831595
0,48,default_vehtype,to_depot,True,60.0,328.8825657073214,2988;-1;-1,2980;-1;-1,2896.2071186109297,0.7644474598764522,0.7641578391645912,0.0,,0,,0,,,2988;3447;3721;5333;251;2711;3358;2296;5495;5697;5497;5500;670;5502;5512;5520;5531;6313;6632;6644;3793;6319;7102;3741;7384;6414;5446;2447;2571;42;2577;2566;3033;3036;2469;2404;2235;3762;5287;310;2280;1447;6261;3764;4397;4745;4182;4187;4191;4195;4202;4208;5653;5764;205;5793;1407;5826;7411;4686;5074;5295;5274;7181;604;603;602;3851;4573;1400;971;598;1368;591;585;940;1370;939;1903;983;3921;840;2881;5099;1157;2058;2092;915;2980,2988:60;3447:61.539512442978996;3721:64.569200442979;5333:65.560640442979;251:66.30821644297899;2711:67.44603244297899;3358:69.66104044297899;2296:77.96204044297899;5495:78.178880442979;5697:79.28264044297899;5497:79.98008044297899;5500:82.88732044297899;670:84.284720442979;5502:86.632160442979;5512:90.153920442979;5520:92.607920442979;5531:94.304840442979;6313:95.329880442979;6632:97.626920442979;6644:99.198200442979;3793:101.047400442979;6319:101.96312044297899;7102:102.441200442979;3741:102.980840442979;7384:110.63984044297901;6414:115.84700044297901;5446:118.114760442979;2447:122.05088044297901;2571:129.639800442979;42:134.30780044297902;2577:134.98028044297902;2566:143.579360442979;3033:144.210320442979;3036:146.479880442979;2469:150.072200442979;2404:153.395720442979;2235:154.679120442979;3762:155.102552442979;5287:155.641616442979;310:158.431832442979;2280:159.03094444297898;1447:159.47684044297898;6261:163.354832442979;3764:164.360528442979;4397:164.911184442979;4745:165.13748044297898;4182:169.591256442979;4187:172.253312442979;4191:172.991600442979;4195:187.454888442979;4202:188.45741644297902;4208:189.43906444297903;5653:190.23984844297902;5764:195.798176442979;205:200.94243244297903;5793:205.06378444297903;1407:206.68392844297904;5826:208.96424044297905;7411:211.86288844297906;4686:212.93360044297904;5074:219.87411244297905;5295:220.10436844297905;5274:223.48318444297905;7181:227.99247244297905;604:231.57087244297904;603:232.63445644297903;602:233.48758444297903;3851:234.49097644297902;4573:238.79729644297902;1400:240.529976442979;971:244.328408442979;598:245.39566444297898;1368:246.356000442979;591:252.22695244297898;585:265.398200442979;940:271.97806444297896;1370:279.004688442979;939:279.70136044297897;1903:280.522952442979;983:281.50546444297896;3921:285.30360844297894;840:289.8644484429789;2881:296.49507244297894;5099:297.64793644297896;1157:302.3870793001218;2058:308.1769078715504;2092:311.56605072869326;915:316.6842221572647;2980:328.8825657073214
0,33,default_vehtype,out_of_service,True,319.38433015831595,360.0,2980;-1;-1,2980;-1;-1,0.0,0.5020838996653938,0.5020838996653938,0.0,,0,,0,,,,
0,40,default_vehtype,out_of_service,True,319.38433015831595,360.0,2980;-1;-1,2980;-1;-1,0.0,0.5477853655161018,0.5477853655161018,0.0,,0,,0,,,,
0,34,default_vehtype,out_of_service,True,328.8825657073214,360.0,2980;-1;-1,2980;-1;-1,0.0,0.5482610171846696,0.5482610171846696,0.0,,0,,0,,,,
0,7,default_vehtype,out_of_service,True,320.10016853250085,360.0,2980;-1;-1,2980;-1;-1,0.0,0.5641987138645684,0.5641987138645684,0.0,,0,,0,,,,
0,13,default_vehtype,out_of_service,True,320.10016853250085,360.0,2980;-1;-1,2980;-1;-1,0.0,0.58039032397964,0.58039032397964,0.0,,0,,0,,,,
0,31,default_vehtype,out_of_service,True,320.10016853250085,360.0,2980;-1;-1,2980;-1;-1,0.0,0.6840981503676238,0.6840981503676238,0.0,,0,,0,,,,
0,48,default_vehtype,out_of_service,True,328.8825657073214,360.0,2980;-1;-1,2980;-1;-1,0.0,0.7641578391645912,0.7641578391645912,0.0,,0,,0,,,,
0,29,default_vehtype,out_of_service,True,318.738364575006,360.0,2980;-1;-1,2980;-1;-1,0.0,0.8868733201734865,0.8868733201734865,0.0,,0,,0,,,,
0,14,default_vehtype,out_of_service,True,324.65695829405007,360.0,2980;-1;-1,2980;-1;-1,0.0,0.9347543293107337,0.9347543293107337,0.0,,0,,0,,,,
0,20,default_vehtype,route,False,360.0,531.3633828188039,2980;-1;-1,2982;-1;-1,1073.2139374407914,0.9721280955945223,0.9720207742007783,0.0,,0,,0,,,2980;914;2135;1730;2664;2579;2961;2407;2581;370;361;2874;1887;4059;910;6541;3462;3648;2851;2850;1801;1560;5242;922;6385;3550;6322;7280;2411;1661;7283;796;751;4635;6299;4102;4325;7285;1218;2982,2980:360;914:375.88217073565755;2135:383.8330278785147;1730:399.28937073565754;2664:401.11148502137183;2579:405.98742787851467;2961:422.7582850213718;2407:428.00708502137184;2581:436.49434216422895;370:438.07719016422897;361:440.57429416422895;2874:441.16030216422894;1887:446.81568616422896;4059:448.734990164229;910:453.251190164229;6541:453.915318164229;3462:456.128958164229;3648:456.458718164229;2851:461.132958164229;2850:462.066318164229;1801:465.361998164229;1560:470.102478164229;5242:471.785118164229;922:472.701030164229;6385:475.922670164229;3550:476.184510164229;6322:481.821750164229;7280:485.340510164229;2411:491.175630164229;1661:496.975470164229;7283:498.024510164229;796:506.81703016422904;751:508.724910164229;4635:513.833550164229;6299:519.792630164229;4102:522.151950164229;4325:527.443110164229;7285:528.360030164229;1218:529.483230164229;2982:531.3633828188039
0,49,default_vehtype,route,False,300.0,493.21541000582107,2973;-1;-1,2970;-1;-1,1824.0581335204495,0.5600982806065844,0.5599158747932323,0.0,,0,,0,,,2973;7354;4225;4614;7369;7607;5900;3459;4818;5992;6047;5708;3884;3030;3347;7376;2207;3446;3720;5332;251;2711;3358;2296;5495;5696;3307;3987;6878;746;2834;2045;2835;2641;7396;2616;486;2838;3722;3732;544;7400;5449;6824;4848;1631;1593;6821;1946;7401;3560;2970,2973:300;7354:303.79716731066355;4225:308.38169531066353;4614:311.91667931066354;7369:323.6217913106635;7607:323.85118331066354;5900:327.32287931066355;3459:328.07844731066353;4818:328.69332731066356;5992:329.1701113106636;6047:333.3586393106636;5708:334.7529193106636;3884:337.29250331066356;3030:337.79052731066355;3347:339.81473531066354;7376:340.25011931066354;2207:340.6590073106635;3446:343.4824153106635;3720:346.5121033106635;5332:347.50354331066353;251:348.2511193106635;2711:349.3889353106635;3358:351.6039433106635;2296:359.9049433106635;5495:360.1217833106635;5696:360.8845033106635;3307:371.6229433106635;3987:378.4501033106635;6878:379.0534633106635;746:380.1214633106635;2834:384.1858633106635;2045:398.72410331066345;2835:401.08918331066343;2641:410.3002633106634;7396:410.8946233106634;2616:416.2562233106634;486:417.16798331066343;2838:423.49270331066344;3722:427.01194331066347;3732:449.4616633106635;544:452.15122331066345;7400:453.22678331066345;5449:454.4258233106635;6824:458.6791033106635;4848:466.1594233106635;1631:471.85359473923495;1593:477.5477661678064;6821:485.0280861678064;1946:489.2813661678064;7401:490.48040616780645;3560:491.55596616780645;2970:493.21541000582107
0,49,default_vehtype,boarding,True,493.21541000582107,523.215410005821,2970;-1;-1,2970;-1;-1,0.0,0.5599158747932323,0.5599158747932323,0.0,,0,2,1,2,,,
0,20,default_vehtype,boarding,True,531.3633828188039,561.3633828188039,2982;-1;-1,2982;-1;-1,0.0,0.9720207742007783,0.9720207742007783,0.0,,0,3,1,3,,,
0,20,default_vehtype,route,False,561.3633828188039,600.0,2982;-1;-1,3877;2787;0.306,321.9718098433003,0.9720207742007783,0.9719885770197939,0.0,,0,3,1,,,2982;2809;4365;7288;1182;1001;6296;1434;3820;3877,2982:561.3633828188039;2809:567.064350164229;4365:574.6454701642291;7288:575.7686701642291;1182:576.6855901642291;1001:581.9767501642291;6296:584.3360701642291;1434:590.2951501642291;3820:595.4037901642291;3877:597.3116701642291
0,20,default_vehtype,route,True,600.0,719.5027714285715,3877;2787;0.306,2980;-1;-1,952.4182527159082,0.9719885770197939,0.9718933351945223,0.0,,0,3,1,,,3877;2787;4993;6537;7281;2307;3549;6384;4032;1804;4811;5237;608;459;2416;4011;5246;363;366;2314;2877;1748;1743;1157;2058;2092;915;2980,3877:600;2787:606.1041901642291;4993:607.1532301642291;6537:612.9530701642291;7281:618.788190164229;2307:622.3069501642291;3549:627.9441901642291;6384:628.2060301642291;4032:631.4276701642291;1804:632.3435821642291;4811:634.0262221642291;5237:638.7667021642292;608:647.6327821642292;459:647.9625421642291;2416:650.1761821642292;4011:650.8403101642292;5246:656.7654781642292;363:663.6741661642292;366:665.0792461642292;2314:666.2241181642291;2877:679.3952221642292;1748:680.5137421642291;1743:688.2681421642292;1157:693.007285021372;2058:698.7971135928005;2092:702.1862564499434;915:707.3044278785147;2980:719.5027714285715
0,49,default_vehtype,route,False,523.215410005821,694.8518931380985,2970;-1;-1,2987;-1;-1,1834.4631759372726,0.5599158747932323,0.5597324284756386,0.0,,0,2,1,,,2970;671;662;7398;3491;6933;7394;6989;7392;5704;7389;3806;2573;885;316;2042;1982;6306;374;7114;3246;5330;661;445;6080;7381;364;3029;3886;5711;6045;2157;4817;456;5901;7605;2830;1420;1084;7357;2826;2827;4225;2987,2970:523.215410005821;671:524.2455261678064;662:546.6952461678063;7398:550.2144861678063;3491:556.5392061678062;6933:557.4509661678062;7394:562.8125661678062;6989:563.4069261678062;7392:572.6180061678062;5704:574.9830861678063;7389:589.5213261678063;3806:593.5857261678062;2573:594.6537261678062;885:595.2570861678062;316:602.0842461678062;2042:612.8226861678062;1982:613.5854061678061;6306:613.8022461678062;374:622.1032461678062;7114:624.3182541678062;3246:625.4560701678063;5330:626.2036461678063;661:627.1950861678063;445:630.2247741678062;6080:633.0481821678062;7381:633.4570701678063;364:633.8924541678062;3029:635.9166621678063;3886:636.4146861678063;5711:638.9542701678063;6045:640.3485501678063;2157:644.5370781678063;4817:645.0138621678062;456:645.6287421678062;5901:646.3843101678062;7605:649.8560061678062;2830:650.0853981678061;1420:661.7905101678061;1084:665.3254941678061;7357:669.9100221678061;2826:679.1193261678061;2827:688.3286301678061;4225:692.913158167806;2987:694.8518931380985
0,20,default_vehtype,boarding,True,719.5027714285715,749.5027714285715,2980;-1;-1,2980;-1;-1,0.0,0.9718933351945223,0.9718933351945223,0,,0,3,1,,3,,
0,49,default_vehtype,boarding,True,694.8518931380985,724.8518931380985,2987;-1;-1,2987;-1;-1,0.0,0.5597324284756386,0.5597324284756386,0,,0,2,1,,2,,
0,20,default_vehtype,out_of_service,True,780,840,2980;-1;-1,2980;-1;-1,0.0,0.9718933351945223,0.9718933351945223,0,,0,,0,,,,
0,49,default_vehtype,route,False,724.8518931380985,902.7752710645458,2987;-1;-1,2983;-1;-1,1775.4145805044843,0.5597324284756386,0.5595548870175882,0.0,,0,,0,,,2987;4613;1084;7357;3525;6025;3063;6027;7362;2188;2186;5744;6033;5746;6031;146;2828;2376;3091;4274;880;3109;3874;4306;429;4313;68;7318;7325;3011;4;4345;7330;7562;7316;7531;2802;2251;7515;4311;2918;1172;2919;6201;7314;2983,2987:724.8518931380985;4613:726.448142167806;1084:729.9831261678061;7357:734.567654167806;3525:745.446494167806;6025:747.187958167806;3063:748.452638167806;6027:749.7546141678059;7362:753.7628541678059;2188:760.426022167806;2186:761.7022941678059;5744:763.717718167806;6033:765.087158167806;5746:767.010566167806;6031:768.502190167806;146:769.463318167806;2828:770.5551261678061;2376:776.0570061678061;3091:789.3787341678061;4274:790.5216621678061;880:791.112998167806;3109:792.963542167806;3874:798.8278221678061;4306:810.943382167806;429:812.345702167806;4313:813.528662167806;68:819.127022167806;7318:825.795062167806;7325:829.121822167806;3011:833.132462167806;4:837.917582167806;4345:839.9610621678061;7330:841.164062167806;7562:848.997902167806;7316:856.392902167806;7531:863.9478621678061;2802:871.163342167806;2251:878.058662167806;7515:878.919782167806;4311:883.6697250249489;2918:885.6250393106632;1172:887.5803535963774;2919:892.3302964535203;6201:893.1914164535203;7314:900.0867364535203;2983:902.7752710645458
0,49,default_vehtype,boarding,True,902.7752710645458,932.7752710645458,2983;-1;-1,2983;-1;-1,0.0,0.5595548870175882,0.5595548870175882,0.0,,0,5,1,5,,,
0,49,default_vehtype,route,False,932.7752710645458,1010.5338458186853,2983;-1;-1,2985;-1;-1,660.4731749798569,0.5595548870175882,0.5594888397000901,0.0,,0,5,1,,,2983;7527;2803;7558;2806;4344;2996;3013;7322;2804;3061;1173;3425;4304;793;118;3979;2985,2983:932.7752710645458;7527:937.3022164535203;2803:944.8571764535203;7558:952.2521764535203;2806:960.0860164535203;4344:961.2890164535203;2996:963.3324964535203;3013:968.1176164535203;7322:972.1282564535203;2804:975.4550164535203;3061:982.1230564535203;1173:987.7214164535203;3425:988.9043764535203;4304:990.3066964535203;793:1002.4222564535203;118:1008.2865364535203;3979:1010.1370804535203;2985:1010.5338458186853
0,49,default_vehtype,boarding,True,1010.5338458186853,1040.5338458186852,2985;-1;-1,2985;-1;-1,0.0,0.5594888397000901,0.5594888397000901,0,,0,5,1,,5,,
0,20,default_vehtype,route,False,900.0,1133.4509247935687,2980;-1;-1,2976;-1;-1,1567.6237205638315,0.9718933351945223,0.971736572822466,0.0,,0,,0,,,2980;914;2135;1730;2664;2579;2961;2407;2581;370;361;2874;1887;4059;910;6541;3462;3648;2851;2850;1801;1560;5242;4277;5239;6501;3911;5389;7301;3914;5398;5400;4040;4041;5374;5418;5424;5403;6546;1200;7312;3767;4527;3089;3131;5447;7352;414;122;3426;4314;68;7318;7325;3011;4;4345;7330;2976,2980:900;914:915.8821707356576;2135:923.8330278785147;1730:939.2893707356576;2664:941.1114850213719;2579:945.9874278785147;2961:962.7582850213719;2407:968.0070850213718;2581:976.494342164229;370:978.077190164229;361:980.5742941642291;2874:981.160302164229;1887:986.8156861642291;4059:988.7349901642291;910:993.2511901642291;6541:993.9153181642291;3462:996.1289581642292;3648:996.4587181642291;2851:1001.1329581642292;2850:1002.0663181642292;1801:1005.3619981642291;1560:1010.1024781642292;5242:1011.7851181642292;4277:1013.3731981642292;5239:1018.8778381642292;6501:1024.840398164229;3911:1034.195238164229;5389:1035.261078164229;7301:1035.5149981642292;3914:1036.6986781642292;5398:1037.8755181642293;5400:1039.2021181642294;4040:1048.5069181642293;4041:1051.4512381642294;5374:1055.7037981642293;5418:1056.7410781642293;5424:1056.8843581642293;5403:1057.9896781642292;6546:1062.2165581642291;1200:1066.825638164229;7312:1068.3193981642291;3767:1070.3257981642291;4527:1073.122638164229;3089:1081.532238164229;3131:1082.0124781642292;5447:1084.400118164229;7352:1085.711478164229;414:1088.181198164229;122:1100.535558164229;3426:1101.789078164229;4314:1102.9720381642292;68:1108.5703981642291;7318:1115.2384381642291;7325:1118.565198164229;3011:1122.575838164229;4:1127.360958164229;4345:1129.404438164229;7330:1130.607438164229;2976:1133.4509247935687
0,49,default_vehtype,route,False,1040.5338458186852,1124.372324350408,2985;-1;-1,2977;-1;-1,713.3009357356655,0.5594888397000901,0.5594175096065165,0.0,,0,,0,,,2985;1140;880;3109;3874;4306;429;4313;68;7318;7325;3011;4;4345;7330;7562;7316;7531;2802;2977,2985:1040.5338458186852;1140:1040.7284164535201;880:1041.31975245352;3109:1043.17029645352;3874:1049.03457645352;4306:1061.15013645352;429:1062.5524564535199;4313:1063.73541645352;68:1069.33377645352;7318:1076.00181645352;7325:1079.3285764535199;3011:1083.3392164535198;4:1088.1243364535198;4345:1090.16781645352;7330:1091.3708164535199;7562:1099.2046564535199;7316:1106.5996564535199;7531:1114.1546164535198;2802:1121.3700964535199;2977:1124.372324350408
0,20,default_vehtype,boarding,True,1133.4509247935687,1163.4509247935687,2976;-1;-1,2976;-1;-1,0.0,0.971736572822466,0.971736572822466,0,,0,9,1,9,,,
0,49,default_vehtype,boarding,True,1124.372324350408,1154.372324350408,2977;-1;-1,2977;-1;-1,0.0,0.5594175096065165,0.5594175096065165,0,,0,8;10,2,8;10,,,
0,20,default_vehtype,route,False,1163.4509247935687,1277.013447961661,2976;-1;-1,2982;-1;-1,828.4892168769599,0.971736572822466,0.9716537239007783,0.0,,0,9,1,,,2976;7557;7316;7531;2802;2251;7515;7037;7512;3274;2902;3901;7011;7336;4365;7288;1182;1001;6296;6301;2298;2295;2293;4102;4325;7285;1218;2982,2976:1163.4509247935687;7557:1168.441278164229;7316:1175.836278164229;7531:1183.391238164229;2802:1190.606718164229;2251:1197.5020381642291;7515:1198.3631581642292;7037:1205.6751181642292;7512:1212.908478164229;3274:1224.254478164229;2902:1224.366078164229;3901:1224.8340781642291;7011:1226.8150381642292;7336:1229.7225181642293;4365:1237.3036381642294;7288:1238.4268381642294;1182:1239.3437581642293;1001:1244.6349181642292;6296:1246.9942381642293;6301:1251.936523878515;2298:1256.2184667356578;2295:1260.5004095928007;2293:1265.4426953070863;4102:1267.8020153070863;4325:1273.0931753070863;7285:1274.0100953070862;1218:1275.1332953070862;2982:1277.013447961661
0,20,default_vehtype,boarding,True,1277.013447961661,1307.013447961661,2982;-1;-1,2982;-1;-1,0.0,0.9716537239007783,0.9716537239007783,0.0,,0,9,1,,9,,
0,49,default_vehtype,route,False,1154.372324350408,1266.3168838359172,2977;-1;-1,2986;-1;-1,1060.4065922814566,0.5594175096065165,0.5593114689472883,0.0,,0,8;10,2,,,2977;6202;7315;7530;2803;7558;2806;4344;2996;3013;7322;2804;3061;1173;3425;4304;793;118;3979;4275;103;6480;7360;2986,2977:1154.372324350408;6202:1158.2654164535197;7315:1165.1607364535198;7530:1172.3762164535199;2803:1179.9311764535198;7558:1187.3261764535198;2806:1195.1600164535198;4344:1196.3630164535198;2996:1198.4064964535198;3013:1203.1916164535198;7322:1207.2022564535198;2804:1210.5290164535197;3061:1217.1970564535197;1173:1222.7954164535197;3425:1223.9783764535198;4304:1225.3806964535197;793:1237.4962564535197;118:1243.3605364535197;3979:1245.2110804535196;4275:1245.8024164535195;103:1246.9453444535195;6480:1260.2670724535194;7360:1265.7689524535194;2986:1266.3168838359172
0,49,default_vehtype,boarding,True,1266.3168838359172,1296.3168838359172,2986;-1;-1,2986;-1;-1,0.0,0.5593114689472883,0.5593114689472883,0.0,,0,8;10,2,,8,,
0,20,default_vehtype,route,False,1307.013447961661,1456.8433139915705,2982;-1;-1,2975;-1;-1,1185.8827883444835,0.9716537239007783,0.9715351356219438,0.0,,0,,0,,,2982;2809;7010;820;7498;276;2915;2661;7517;6201;7314;7529;2803;7558;2806;4344;2996;3013;7322;2804;3061;1173;3425;4304;793;118;3979;4275;3068;70;73;4273;880;3109;3874;2975,2982:1307.013447961661;2809:1312.7144153070863;7010:1315.6218953070863;820:1317.6028553070864;7498:1318.0708553070865;276:1318.1824553070865;2915:1329.5284553070865;2661:1336.7618153070864;7517:1344.0737753070864;6201:1344.9348953070864;7314:1351.8302153070865;7529:1359.0456953070866;2803:1366.6006553070865;7558:1373.9956553070865;2806:1381.8294953070865;4344:1383.0324953070865;2996:1385.0759753070865;3013:1389.8610953070865;7322:1393.8717353070865;2804:1397.1984953070864;3061:1403.8665353070865;1173:1409.4648953070864;3425:1410.6478553070865;4304:1412.0501753070864;793:1424.1657353070864;118:1430.0300153070864;3979:1431.8805593070863;4275:1432.4718953070862;3068:1437.216181021372;70:1439.502181021372;73:1441.788181021372;4273:1446.5324667356579;880:1447.1238027356578;3109:1448.9743467356577;3874:1454.8386267356577;2975:1456.8433139915705
0,20,default_vehtype,boarding,True,1456.8433139915705,1486.8433139915705,2975;-1;-1,2975;-1;-1,0.0,0.9715351356219438,0.9715351356219438,0.0,,0,14,1,14,,,
0,49,default_vehtype,route,False,1296.3168838359172,1485.8330115228919,2986;-1;-1,2991;-1;-1,2166.975773430211,0.5593114689472883,0.5590947713699452,0.0,,0,10,1,,,2986;3155;6029;5745;6035;5743;6038;6041;7365;6050;6068;6077;3629;4502;6912;2108;7370;7608;5900;3459;4818;5992;6047;5708;3884;3030;3347;7376;2207;3446;3720;5332;251;2711;3358;2296;5495;5697;5497;5500;670;5502;5512;5520;5531;6313;6632;6644;3793;6319;7102;3741;7384;6414;5446;2447;2571;42;2577;2566;3033;3036;2469;2404;2235;3762;5287;310;2280;1447;6261;3764;4397;4745;4182;4187;4191;4195;4202;4208;537;2991,2986:1296.3168838359172;3155:1296.8607604535193;6029:1297.8218884535193;5745:1299.3135124535193;6035:1301.2369204535194;5743:1302.6063604535193;6038:1304.6217844535192;6041:1305.8980564535193;7365:1312.5612244535193;6050:1314.8347684535192;6068:1319.0610964535192;6077:1319.7067924535193;3629:1321.2640804535192;4502:1321.7269684535192;6912:1326.8754004535192;2108:1328.7718084535193;7370:1335.2985364535193;7608:1335.5279284535193;5900:1338.9996244535193;3459:1339.7551924535194;4818:1340.3700724535195;5992:1340.8468564535194;6047:1345.0353844535193;5708:1346.4296644535193;3884:1348.9692484535194;3030:1349.4672724535194;3347:1351.4914804535194;7376:1351.9268644535196;2207:1352.3357524535195;3446:1355.1591604535195;3720:1358.1888484535195;5332:1359.1802884535196;251:1359.9278644535195;2711:1361.0656804535195;3358:1363.2806884535194;2296:1371.5816884535193;5495:1371.7985284535193;5697:1372.9022884535193;5497:1373.5997284535192;5500:1376.5069684535192;670:1377.9043684535193;5502:1380.2518084535193;5512:1383.7735684535194;5520:1386.2275684535193;5531:1387.9244884535194;6313:1388.9495284535194;6632:1391.2465684535193;6644:1392.8178484535192;3793:1394.6670484535193;6319:1395.5827684535193;7102:1396.0608484535194;3741:1396.6004884535193;7384:1404.2594884535195;6414:1409.4666484535194;5446:1411.7344084535193;2447:1415.6705284535194;2571:1423.2594484535193;42:1427.9274484535192;2577:1428.5999284535192;2566:1437.1990084535191;3033:1437.829968453519;3036:1440.099528453519;2469:1443.691848453519;2404:1447.015368453519;2235:1448.298768453519;3762:1448.722200453519;5287:1449.261264453519;310:1452.0514804535192;2280:1452.6505924535193;1447:1453.0964884535192;6261:1456.9744804535192;3764:1457.980176453519;4397:1458.530832453519;4745:1458.757128453519;4182:1463.210904453519;4187:1465.872960453519;4191:1466.611248453519;4195:1481.074536453519;4202:1482.077064453519;4208:1483.0587124535189;537:1484.0127124535188;2991:1485.8330115228919
0,49,default_vehtype,boarding,True,1485.8330115228919,1515.8330115228919,2991;-1;-1,2991;-1;-1,0.0,0.5590947713699452,0.5590947713699452,0,,0,10,1,,10,,
0,20,default_vehtype,route,False,1486.8433139915705,1595.0239798815126,2975;-1;-1,2981;-1;-1,924.4919490828496,0.9715351356219438,0.9714426864270356,0.0,,0,14,1,,,2975;1166;429;3125;3406;2825;1944;130;99;4526;714;2800;4339;2419;5404;5421;1925;1883;926;925;5399;1905;830;2795;1891;827;6499;1803;1141;5241;922;6385;3550;2981,2975:1486.8433139915705;1166:1496.9541867356577;429:1498.3565067356576;3125:1499.6100267356576;3406:1511.9643867356576;2825:1514.4341067356577;1944:1515.7454667356576;130:1518.1331067356575;99:1518.6133467356576;4526:1527.0229467356576;714:1529.8197867356575;2800:1531.8261867356575;4339:1533.3199467356576;2419:1537.9290267356575;5404:1542.1559067356575;5421:1543.2612267356574;1925:1543.4045067356574;1883:1544.4417867356574;926:1548.6943467356573;925:1551.6386667356574;5399:1560.9434667356575;1905:1562.2700667356576;830:1563.4469067356576;2795:1564.6305867356577;1891:1564.8845067356579;827:1565.9503467356578;6499:1575.3051867356578;1803:1581.2677467356577;1141:1586.7723867356578;5241:1588.3604667356578;922:1589.2763787356578;6385:1592.4980187356578;3550:1592.7598587356576;2981:1595.0239798815126
0,49,default_vehtype,route,False,1515.8330115228919,1572.5859164716178,2991;-1;-1,2993;-1;-1,788.2347909545251,0.5590947713699452,0.5590159478908499,0.0,,0,,0,,,2991;3010;5631;1068;2559;6740;1717;2067;2063;1937;6789;3895;5465;7450;2993,2991:1515.8330115228919;3010:1519.880280453519;5631:1525.729704453519;1068:1528.282104453519;2559:1535.332704453519;6740:1539.803328453519;1717:1545.637056453519;2067:1546.374840453519;2063:1547.091096453519;1937:1550.361048453519;6789:1560.897456453519;3895:1562.164440453519;5465:1569.696360453519;7450:1570.680600453519;2993:1572.5859164716178
0,49,default_vehtype,boarding,True,1572.5859164716178,1602.5859164716178,2993;-1;-1,2993;-1;-1,0.0,0.5590159478908499,0.5590159478908499,0.0,,0,15,1,15,,,
0,20,default_vehtype,boarding,True,1595.0239798815126,1625.0239798815126,2981;-1;-1,2981;-1;-1,0.0,0.9714426864270356,0.9714426864270356,0.0,,0,14,1,,14,,
0,49,default_vehtype,route,False,1602.5859164716178,1666.3823575015724,2993;-1;-1,2969;-1;-1,886.0616809715948,0.5590159478908499,0.5589273417227527,0.0,,0,15,1,,,2993;4483;7446;1960;816;6786;5444;1716;2720;4210;1711;98;2497;7434;2760;542;1074;336;2969,2993:1602.5859164716178;4483:1603.347336453519;7446:1606.0140724535188;1960:1606.9983124535188;816:1614.5302324535187;6786:1615.7972164535188;5444:1626.3336244535187;1716:1629.1239844535187;2720:1629.8706244535188;4210:1630.7688964535187;1711:1631.8985764535187;98:1640.5143844535187;2497:1642.0250164535187;7434:1649.2328644535187;2760:1655.7714004535187;542:1663.2995044535187;1074:1664.2329124535188;336:1665.2560324535189;2969:1666.3823575015724
0,49,default_vehtype,boarding,True,1666.3823575015724,1696.3823575015724,2969;-1;-1,2969;-1;-1,0.0,0.5589273417227527,0.5589273417227527,0,,0,15,1,,15,,
0,20,default_vehtype,route,False,1625.0239798815126,1758.2937180582248,2981;-1;-1,2984;-1;-1,1110.581151472602,0.9714426864270356,0.9713316283118882,0.0,,0,,0,,,2981;6320;7278;2411;1661;7283;796;751;4635;6299;4102;4325;7285;1218;7334;7010;820;7498;276;2915;2661;7517;6201;7314;7529;2803;7558;2806;4344;2996;2984,2981:1625.0239798815126;6320:1628.3970987356577;7278:1631.9158587356576;2411:1637.7509787356576;1661:1643.5508187356575;7283:1644.5998587356576;796:1653.3923787356575;751:1655.3002587356575;4635:1660.4088987356574;6299:1666.3679787356575;4102:1668.7272987356575;4325:1674.0184587356575;7285:1674.9353787356574;1218:1676.0585787356574;7334:1683.6396987356575;7010:1686.5471787356576;820:1688.5281387356576;7498:1688.9961387356577;276:1689.1077387356577;2915:1700.4537387356577;2661:1707.6870987356576;7517:1714.9990587356576;6201:1715.8601787356577;7314:1722.7554987356577;7529:1729.9709787356578;2803:1737.5259387356577;7558:1744.9209387356577;2806:1752.7547787356577;4344:1753.9577787356577;2996:1756.0012587356578;2984:1758.2937180582248
0,20,default_vehtype,boarding,True,1758.2937180582248,1788.2937180582248,2984;-1;-1,2984;-1;-1,0.0,0.9713316283118882,0.9713316283118882,0.0,,0,17,1,17,,,
0,49,default_vehtype,route,False,1696.3823575015724,1912.848765818684,2969;-1;-1,2985;-1;-1,1880.911226626547,0.5589273417227527,0.5587392506000901,0.0,,0,,0,,,2969;7192;1664;1659;538;4990;4939;5252;3070;1657;4439;4842;1272;3423;4282;4975;5250;6710;2464;7135;1193;552;2755;7131;3567;888;712;2718;754;611;1812;1186;7311;3767;4527;3089;3131;5447;7352;414;122;3426;4305;793;118;3979;2985,2969:1696.3823575015724;7192:1699.9860004535187;1664:1703.2398964535187;1659:1707.9994564535186;538:1709.1504964535186;4990:1712.8475764535185;4939:1714.2381364535186;5252:1719.6628564535185;3070:1720.6992964535186;1657:1728.2160964535187;4439:1733.8462564535187;4842:1738.2308164535186;1272:1738.4157364535185;3423:1739.6322964535186;4282:1743.4097764535186;4975:1744.4595364535187;5250:1750.2634564535188;6710:1752.1906564535188;2464:1768.050216453519;7135:1775.9823364535189;1193:1777.082376453519;552:1781.580576453519;2755:1783.409736453519;7131:1791.366936453519;3567:1801.245816453519;888:1801.704096453519;712:1805.439696453519;2718:1806.376896453519;754:1849.9370164535192;611:1851.185616453519;1812:1855.756776453519;1186:1856.933976453519;7311:1857.7496164535191;3767:1859.7560164535191;4527:1862.552856453519;3089:1870.962456453519;3131:1871.4426964535191;5447:1873.830336453519;7352:1875.141696453519;414:1877.611416453519;122:1889.965776453519;3426:1891.219296453519;4305:1892.621616453519;793:1904.737176453519;118:1910.601456453519;3979:1912.4520004535188;2985:1912.848765818684
0,20,default_vehtype,route,False,1788.2937180582248,1954.4945025526624,2984;-1;-1,2972;-1;-1,1890.1043999290782,0.9713316283118882,0.9711426178718954,0.0,,0,17,1,,,2984;3012;7321;2804;3061;1173;3425;4304;793;118;3979;4275;103;6480;7360;3154;6028;5745;6035;5743;6038;6041;7365;6050;6068;6077;3629;4502;6912;2108;7370;7608;5900;3459;4818;5992;6047;5708;3884;3030;3347;7376;2207;3446;3720;5332;251;2711;3358;2296;5681;2294;2035;6308;374;7114;3246;5330;661;445;2972,2984:1788.2937180582248;3012:1790.7863787356578;7321:1794.7970187356577;2804:1798.1237787356577;3061:1804.7918187356577;1173:1810.3901787356576;3425:1811.5731387356577;4304:1812.9754587356576;793:1825.0910187356576;118:1830.9552987356576;3979:1832.8058427356575;4275:1833.3971787356575;103:1834.5401067356574;6480:1847.8618347356573;7360:1853.3637147356574;3154:1854.4555227356573;6028:1855.4166507356572;5745:1856.9082747356572;6035:1858.8316827356573;5743:1860.2011227356572;6038:1862.2165467356572;6041:1863.4928187356572;7365:1870.1559867356573;6050:1872.4295307356572;6068:1876.6558587356571;6077:1877.3015547356572;3629:1878.8588427356572;4502:1879.3217307356572;6912:1884.4701627356571;2108:1886.3665707356572;7370:1892.8932987356573;7608:1893.1226907356572;5900:1896.5943867356573;3459:1897.3499547356573;4818:1897.9648347356574;5992:1898.4416187356574;6047:1902.6301467356573;5708:1904.0244267356572;3884:1906.5640107356573;3030:1907.0620347356573;3347:1909.0862427356574;7376:1909.5216267356575;2207:1909.9305147356574;3446:1912.7539227356574;3720:1915.7836107356575;5332:1916.7750507356575;251:1917.5226267356575;2711:1918.6604427356574;3358:1920.8754507356573;2296:1929.1764507356572;5681:1931.5704507356572;2294:1932.901936449943;2035:1934.2334221642286;6308:1936.6274221642286;374:1944.9284221642286;7114:1947.1434301642284;3246:1948.2812461642284;5330:1949.0288221642284;661:1950.0202621642284;445:1953.0499501642284;2972:1954.4945025526624
0,49,default_vehtype,boarding,True,1912.848765818684,1942.848765818684,2985;-1;-1,2985;-1;-1,0.0,0.5587392506000901,0.5587392506000901,0.0,,0,22,1,22,,,
0,20,default_vehtype,boarding,True,1954.4945025526624,1984.4945025526624,2972;-1;-1,2972;-1;-1,0.0,0.9711426178718954,0.9711426178718954,0,,0,17,1,,17,,
0,49,default_vehtype,route,False,1942.848765818684,2072.5054491080937,2985;-1;-1,2982;-1;-1,1095.1193087163879,0.5587392506000901,0.5586297386692185,0.0,,0,22,1,,,2985;1140;880;3109;3874;4306;429;3125;3406;2825;1944;130;99;4526;714;2800;4339;2419;5404;5421;1925;1883;926;925;5399;1905;830;2795;918;3075;7097;7290;2736;1744;1164;2789;1218;2982,2985:1942.848765818684;1140:1943.0433364535188;880:1943.6346724535188;3109:1945.4852164535187;3874:1951.3494964535187;4306:1963.4650564535186;429:1964.8673764535185;3125:1966.1208964535185;3406:1978.4752564535186;2825:1980.9449764535186;1944:1982.2563364535185;130:1984.6439764535185;99:1985.1242164535186;4526:1993.5338164535185;714:1996.3306564535185;2800:1998.3370564535185;4339:1999.8308164535185;2419:2004.4398964535185;5404:2008.6667764535184;5421:2009.7720964535183;1925:2009.9153764535183;1883:2010.9526564535183;926:2015.2052164535182;925:2018.1495364535183;5399:2027.4543364535184;1905:2028.7809364535185;830:2029.9577764535186;2795:2031.1414564535187;918:2032.2836164535188;3075:2040.1565764535187;7097:2041.0059364535186;7290:2046.8080564535187;2736:2055.526536453519;1744:2056.9817764535187;1164:2068.090296453519;2789:2069.502096453519;1218:2070.625296453519;2982:2072.5054491080937
0,49,default_vehtype,boarding,True,2072.5054491080937,2102.5054491080937,2982;-1;-1,2982;-1;-1,0.0,0.5586297386692185,0.5586297386692185,0,,0,22,1,,22,,
0,20,default_vehtype,route,False,2040.0,2173.26961265962,2972;-1;-1,2969;-1;-1,1385.7741758280517,0.9711426178718954,0.9710040404543125,0.0,,0,,0,,,2972;6079;3446;3720;5332;251;2711;3358;2296;5495;5697;5497;5500;670;5502;5512;5520;5531;6313;6632;6644;3793;6319;7102;3741;7384;6414;5446;2447;2571;42;2577;2566;3033;3036;2469;2404;2235;3762;5287;310;2280;1447;6261;3764;4397;4745;4182;4187;4191;4195;4202;336;2969,2972:2040;6079:2041.378855611566;3446:2044.202263611566;3720:2047.231951611566;5332:2048.223391611566;251:2048.9709676115663;2711:2050.108783611566;3358:2052.3237916115663;2296:2060.6247916115663;5495:2060.8416316115663;5697:2061.9453916115663;5497:2062.642831611566;5500:2065.550071611566;670:2066.947471611566;5502:2069.294911611566;5512:2072.816671611566;5520:2075.2706716115663;5531:2076.967591611566;6313:2077.992631611566;6632:2080.289671611566;6644:2081.860951611566;3793:2083.7101516115663;6319:2084.6258716115663;7102:2085.103951611566;3741:2085.643591611566;7384:2093.302591611566;6414:2098.509751611566;5446:2100.7775116115663;2447:2104.713631611566;2571:2112.3025516115663;42:2116.9705516115664;2577:2117.6430316115666;2566:2126.2421116115665;3033:2126.8730716115665;3036:2129.1426316115667;2469:2132.734951611567;2404:2136.058471611567;2235:2137.3418716115666;3762:2137.7653036115667;5287:2138.3043676115667;310:2141.0945836115666;2280:2141.6936956115665;1447:2142.1395916115666;6261:2146.017583611567;3764:2147.023279611567;4397:2147.573935611567;4745:2147.8002316115667;4182:2152.2540076115665;4187:2154.9160636115666;4191:2155.6543516115667;4195:2170.1176396115666;4202:2171.1201676115666;336:2172.1432876115664;2969:2173.26961265962
0,20,default_vehtype,boarding,True,2173.26961265962,2203.26961265962,2969;-1;-1,2969;-1;-1,0.0,0.9710040404543125,0.9710040404543125,0.0,,0,27,1,27,,,
0,20,default_vehtype,route,False,2203.26961265962,2221.68552268094,2969;-1;-1,2991;-1;-1,255.77652807388006,0.9710040404543125,0.9709784628015051,0.0,,0,27,1,,,2969;7192;1664;337;1075;537;2991,2969:2203.26961265962;7192:2206.8732556115665;1664:2210.1271516115667;337:2217.8873836115667;1075:2218.9112236115666;537:2219.8652236115668;2991:2221.68552268094
0,20,default_vehtype,boarding,True,2221.68552268094,2251.68552268094,2991;-1;-1,2991;-1;-1,0.0,0.9709784628015051,0.9709784628015051,0.0,,0,27;26,2,26,,,
0,20,default_vehtype,route,False,2251.68552268094,2308.438427629666,2991;-1;-1,2993;-1;-1,788.2347909545252,0.9709784628015051,0.9708996393224096,0.0,,0,27;26,2,,,2991;3010;5631;1068;2559;6740;1717;2067;2063;1937;6789;3895;5465;7450;2993,2991:2251.68552268094;3010:2255.732791611567;5631:2261.582215611567;1068:2264.134615611567;2559:2271.185215611567;6740:2275.655839611567;1717:2281.489567611567;2067:2282.227351611567;2063:2282.943607611567;1937:2286.2135596115672;6789:2296.749967611567;3895:2298.016951611567;5465:2305.548871611567;7450:2306.533111611567;2993:2308.438427629666
0,20,default_vehtype,boarding,True,2308.438427629666,2338.438427629666,2993;-1;-1,2993;-1;-1,0.0,0.9708996393224096,0.9708996393224096,0.0,,0,27;26,2,,26;27,,
0,49,default_vehtype,route,False,2102.5054491080937,2303.4874731428545,2982;-1;-1,2973;-1;-1,2107.991626341549,0.5586297386692185,0.5584189395065843,0.0,,0,,0,,,2982;2809;7010;820;7498;276;2915;2661;7517;6201;7314;7529;2803;7558;2806;4344;2996;3013;7322;2804;3061;1173;3425;4304;793;118;3979;4275;103;6480;7360;3154;6028;5745;6035;5743;6038;6041;7365;6050;6068;6077;3629;4502;6912;2108;7370;1420;1084;2973,2982:2102.5054491080937;2809:2108.2064164535186;7010:2111.1138964535185;820:2113.0948564535183;7498:2113.562856453518;276:2113.6744564535184;2915:2125.0204564535184;2661:2132.2538164535185;7517:2139.5657764535185;6201:2140.4268964535186;7314:2147.3222164535186;7529:2154.5376964535185;2803:2162.0926564535184;7558:2169.4876564535184;2806:2177.321496453518;4344:2178.524496453518;2996:2180.567976453518;3013:2185.353096453518;7322:2189.363736453518;2804:2192.690496453518;3061:2199.358536453518;1173:2204.956896453518;3425:2206.139856453518;4304:2207.542176453518;793:2219.6577364535183;118:2225.522016453518;3979:2227.372560453518;4275:2227.963896453518;103:2229.106824453518;6480:2242.428552453518;7360:2247.930432453518;3154:2249.022240453518;6028:2249.983368453518;5745:2251.4749924535176;6035:2253.3984004535178;5743:2254.7678404535177;6038:2256.783264453518;6041:2258.059536453518;7365:2264.722704453518;6050:2266.996248453518;6068:2271.2225764535183;6077:2271.8682724535183;3629:2273.4255604535183;4502:2273.8884484535183;6912:2279.0368804535183;2108:2280.9332884535183;7370:2287.460016453518;1420:2299.1651284535183;1084:2302.700112453518;2973:2303.4874731428545
0,49,default_vehtype,boarding,True,2303.4874731428545,2333.4874731428545,2973;-1;-1,2973;-1;-1,0.0,0.5584189395065843,0.5584189395065843,0.0,,0,28,1,28,,,
0,32,default_vehtype,charging,True,120,2414.187017544738,2966;-1;-1,2966;-1;-1,0.0,0.8088177485379385,1.0,15,0-0,0,,0,,,,
0,8,default_vehtype,out_of_service,True,120,2414.187017544738,2966;-1;-1,2966;-1;-1,0.0,0.916309922773969,0.916309922773969,0,,0,,0,,,,
0,49,default_vehtype,route,False,2333.4874731428545,2511.7301615993742,2973;-1;-1,2981;-1;-1,1853.8591110857842,0.5584189395065843,0.5582335535954757,0.0,,0,28,1,,,2973;7354;3525;6025;3063;6027;7362;2188;2186;5744;6033;5746;6031;146;2828;2376;3091;4274;880;3109;3874;4306;429;3125;3406;2825;1944;130;99;4526;714;2800;4339;2419;5404;5421;1925;1883;926;925;5399;1905;830;2795;1891;827;6499;1803;1141;5241;922;6385;3550;2981,2973:2333.4874731428545;7354:2337.284640453518;3525:2348.163480453518;6025:2349.904944453518;3063:2351.1696244535183;6027:2352.4716004535185;7362:2356.4798404535186;2188:2363.1430084535186;2186:2364.4192804535187;5744:2366.434704453519;6033:2367.804144453519;5746:2369.727552453519;6031:2371.2191764535187;146:2372.1803044535186;2828:2373.2721124535187;2376:2378.7739924535185;3091:2392.0957204535184;4274:2393.2386484535186;880:2393.8299844535186;3109:2395.6805284535185;3874:2401.5448084535183;4306:2413.6603684535185;429:2415.0626884535186;3125:2416.316208453519;3406:2428.6705684535186;2825:2431.1402884535187;1944:2432.451648453519;130:2434.8392884535187;99:2435.3195284535186;4526:2443.7291284535186;714:2446.5259684535185;2800:2448.5323684535188;4339:2450.0261284535186;2419:2454.6352084535188;5404:2458.862088453519;5421:2459.967408453519;1925:2460.110688453519;1883:2461.147968453519;926:2465.4005284535187;925:2468.344848453519;5399:2477.6496484535187;1905:2478.9762484535186;830:2480.1530884535186;2795:2481.3367684535187;1891:2481.590688453519;827:2482.656528453519;6499:2492.011368453519;1803:2497.973928453519;1141:2503.478568453519;5241:2505.066648453519;922:2505.982560453519;6385:2509.204200453519;3550:2509.4660404535193;2981:2511.7301615993742
0,20,default_vehtype,route,False,2340.0,2533.3152550879277,2993;-1;-1,2989;-1;-1,2141.100970076626,0.9708996393224096,0.970685529225402,0.0,,0,,0,,,2993;4483;7446;1960;816;6786;5444;1716;2720;4210;1711;98;2497;7434;2760;542;1074;1071;1070;1069;1067;1504;4396;710;2281;4664;6260;3300;1832;708;6180;2405;6169;2744;2567;2576;3077;3241;88;2758;2742;2448;2353;6140;7386;3742;7100;6318;737;6639;2446;2301;1992;1990;1988;1985;3729;5498;5496;5699;5494;5695;3307;3987;6878;2989,2993:2340;4483:2340.7614199819013;7446:2343.4281559819015;1960:2344.4123959819017;816:2351.9443159819016;6786:2353.2112999819014;5444:2363.7477079819014;1716:2366.5380679819013;2720:2367.284707981901;4210:2368.182979981901;1711:2369.312659981901;98:2377.928467981901;2497:2379.439099981901;7434:2386.646947981901;2760:2393.185483981901;542:2400.713587981901;1074:2401.646995981901;1071:2402.649523981901;1070:2417.112811981901;1069:2417.851099981901;1067:2420.513155981901;1504:2424.966931981901;4396:2425.1932279819007;710:2425.7438839819006;2281:2426.7495799819008;4664:2430.627571981901;6260:2431.073467981901;3300:2431.672579981901;1832:2434.462795981901;708:2435.001859981901;6180:2435.425291981901;2405:2437.647691981901;6169:2441.124811981901;2744:2445.725371981901;2567:2447.568331981901;2576:2456.0568919819007;3077:2458.1895319819005;3241:2461.3184119819007;88:2463.2452519819008;2758:2465.2086919819008;2742:2465.615131981901;2448:2468.800771981901;2353:2475.001651981901;6140:2480.172691981901;7386:2481.515131981901;3742:2489.174131981901;7100:2489.713771981901;6318:2490.191851981901;737:2491.107571981901;6639:2492.956771981901;2446:2494.528051981901;2301:2496.825091981901;1992:2497.850131981901;1990:2499.547051981901;1988:2502.001051981901;1985:2505.522811981901;3729:2507.870251981901;5498:2509.267651981901;5496:2512.174891981901;5699:2512.872331981901;5494:2513.976091981901;5695:2514.738811981901;3307:2525.477251981901;3987:2532.304411981901;6878:2532.907771981901;2989:2533.3152550879277
0,20,default_vehtype,boarding,True,2533.3152550879277,2563.3152550879277,2989;-1;-1,2989;-1;-1,0.0,0.970685529225402,0.970685529225402,0.0,,0,31,1,31,,,
0,49,default_vehtype,boarding,True,2511.7301615993742,2541.7301615993742,2981;-1;-1,2981;-1;-1,0.0,0.5582335535954757,0.5582335535954757,0.0,,0,28;32,2,32,28,,
0,8,default_vehtype,route,False,2460.0,2591.629335041169,2966;-1;-1,2992;-1;-1,1285.482894801535,0.916309922773969,0.9161813744844889,0.0,,0,,0,,,2966;2743;2631;2150;735;738;2470;734;1815;739;1724;1962;1910;164;1354;197;1311;7;1963;1308;482;7613;2611;1307;2876;1960;816;6786;5444;1716;2720;4210;2067;2063;1937;2992,2966:2460;2743:2467.8438282903994;2631:2471.855256861828;2150:2488.7855425761136;735:2499.267714004685;738:2505.435542576113;2470:2506.3852225761134;734:2506.5940945761135;1815:2507.6023105761137;739:2508.442838576114;1724:2524.900526576114;1962:2525.9573425761137;1910:2526.7795825761136;164:2527.7307745761136;1354:2528.687294576114;197:2530.896542576114;1311:2542.431302576114;7:2546.1262705761137;1963:2546.534726576114;1308:2546.895950576114;482:2551.450598576114;7613:2552.774750576114;2611:2556.671102576114;1307:2557.9868305761142;2876:2560.6535665761144;1960:2561.6378065761146;816:2569.1697265761145;6786:2570.4367105761144;5444:2580.9731185761143;1716:2583.7634785761143;2720:2584.510118576114;4210:2585.408390576114;2067:2586.308966576114;2063:2587.025222576114;1937:2590.2951745761143;2992:2591.629335041169
0,8,default_vehtype,boarding,True,2591.629335041169,2621.629335041169,2992;-1;-1,2992;-1;-1,0.0,0.9161813744844889,0.9161813744844889,0.0,,0,33,1,33,,,
0,32,default_vehtype,route,False,2520.0,2723.1294938835995,2966;-1;-1,2990;-1;-1,1523.102920666749,1.0,0.9998476897079333,0.0,,0,,0,,,2966;2743;2631;2150;735;738;1096;3736;81;831;2413;1146;832;1880;1340;3638;1365;2574;7139;711;91;913;3564;4948;592;557;3881;4091;5064;991;990;4272;2724;6667;6711;1807;1653;6829;4349;4937;669;5061;7265;3848;534;2839;5449;2990,2966:2520;2743:2527.8438282903994;2631:2531.855256861828;2150:2548.7855425761136;735:2559.267714004685;738:2565.435542576113;1096:2574.974514004685;3736:2575.2375300046847;81:2579.0864340046846;831:2589.9330180046845;2413:2590.9207140046847;1146:2591.7340980046847;832:2592.5425140046846;1880:2595.1402020046844;1340:2606.6730180046843;3638:2607.6594900046844;1365:2609.601210004684;2574:2621.1090900046843;7139:2627.3754900046843;711:2628.561090004684;91:2629.643130004684;913:2631.6588900046836;3564:2637.5453700046837;4948:2642.4612900046836;592:2644.0878900046837;557:2649.6836100046835;3881:2650.6467300046834;4091:2651.7455700046835;5064:2653.3034100046834;991:2653.7750100046833;990:2655.887850004683;4272:2659.057050004683;2724:2660.051490004683;6667:2667.9836100046828;6711:2683.8431700046826;1807:2685.7703700046827;1653:2691.5742900046826;6829:2692.3472100046824;4349:2692.8960900046823;4937:2697.2656500046824;669:2707.5730500046825;5061:2713.3814100046825;7265:2714.1646500046827;3848:2715.1392900046826;534:2719.184250004683;2839:2720.5428900046827;5449:2721.7419300046827;2990:2723.1294938835995
0,32,default_vehtype,boarding,True,2723.1294938835995,2753.1294938835995,2990;-1;-1,2990;-1;-1,0.0,0.9998476897079333,0.9998476897079333,0.0,,0,34;35,2,34;35,,,
0,49,default_vehtype,route,False,2541.7301615993742,2715.666965501573,2981;-1;-1,2969;-1;-1,2279.336727229732,0.5582335535954757,0.5580056199227528,0.0,,0,32,1,,,2981;6320;3549;6384;4032;1804;4811;5237;608;459;2416;4011;5246;363;366;2314;2877;1748;2880;906;984;2268;1857;1806;1371;938;5442;4054;2205;1369;2047;3631;4079;4572;4577;778;3636;3639;3642;7178;5275;5297;5072;1464;2847;5825;4587;5794;3202;2065;2023;4203;4198;336;2969,2981:2541.7301615993742;6320:2545.1032804535193;3549:2550.7405204535194;6384:2551.0023604535195;4032:2554.2240004535197;1804:2555.1399124535196;4811:2556.8225524535196;5237:2561.5630324535196;608:2570.4291124535193;459:2570.7588724535194;2416:2572.9725124535194;4011:2573.6366404535192;5246:2579.5618084535195;363:2586.4704964535194;366:2587.8755764535194;2314:2589.0204484535193;2877:2602.1915524535193;1748:2603.3100724535193;2880:2604.471864453519;906:2616.697176453519;984:2619.466872453519;2268:2620.214736453519;1857:2620.600656453519;1806:2621.262840453519;1371:2621.933016453519;938:2624.514144453519;5442:2634.234792453519;4054:2641.8747844535187;2205:2647.627224453519;1369:2654.073384453519;2047:2655.016440453519;3631:2656.579272453519;4079:2657.646528453519;4572:2661.444960453519;4577:2663.177640453519;778:2667.483960453519;3636:2668.487352453519;3639:2669.3404804535194;3642:2670.4040644535194;7178:2673.9824644535192;5275:2678.4917524535194;5297:2681.8705684535194;5072:2682.100824453519;1464:2689.0413364535193;2847:2690.1120484535195;5825:2693.0106964535194;4587:2695.291008453519;5794:2696.911152453519;3202:2701.0325044535193;2065:2706.1767604535194;2023:2711.7350884535194;4203:2712.5358724535195;4198:2713.5175204535194;336:2714.5406404535192;2969:2715.666965501573
0,49,default_vehtype,boarding,True,2715.666965501573,2745.666965501573,2969;-1;-1,2969;-1;-1,0.0,0.5580056199227528,0.5580056199227528,0.0,,0,32,1,,32,,
0,20,default_vehtype,route,False,2563.3152550879277,2810.0194472868748,2989;-1;-1,2978;-1;-1,2555.424668324549,0.970685529225402,0.9704299867585695,0.0,,0,31,1,,,2989;3808;6876;885;316;2042;1982;6306;374;7114;3246;5330;661;445;6080;7381;364;3029;3886;5711;6045;2157;4817;456;5901;7605;2830;5852;6913;1321;597;2204;6066;6049;7367;2188;2186;5744;6033;5746;6031;146;2828;2376;3091;4274;880;3109;3874;4306;429;3125;3406;2825;1944;130;99;4526;714;2800;4339;2419;5404;5421;1925;1883;926;925;5399;1905;830;2795;918;3075;7097;7290;2736;1744;1164;2789;1182;2978,2989:2563.3152550879277;3808:2563.9757719819013;6876:2565.0437719819015;885:2565.6471319819016;316:2572.4742919819014;2042:2583.2127319819015;1982:2583.9754519819016;6306:2584.1922919819017;374:2592.4932919819016;7114:2594.7082999819017;3246:2595.8461159819017;5330:2596.593691981902;661:2597.5851319819017;445:2600.6148199819017;6080:2603.438227981902;7381:2603.847115981902;364:2604.2824999819018;3029:2606.3067079819016;3886:2606.8047319819016;5711:2609.3443159819017;6045:2610.7385959819017;2157:2614.927123981902;4817:2615.4039079819017;456:2616.018787981902;5901:2616.774355981902;7605:2620.246051981902;2830:2620.475443981902;5852:2627.002171981902;6913:2628.898579981902;1321:2634.047011981902;597:2634.509899981902;2204:2636.067187981902;6066:2636.712883981902;6049:2640.939211981902;7367:2643.2127559819023;2188:2649.8759239819024;2186:2651.1521959819024;5744:2653.1676199819026;6033:2654.5370599819025;5746:2656.4604679819026;6031:2657.9520919819024;146:2658.9132199819023;2828:2660.0050279819025;2376:2665.5069079819023;3091:2678.828635981902;4274:2679.9715639819024;880:2680.5628999819023;3109:2682.413443981902;3874:2688.277723981902;4306:2700.393283981902;429:2701.7956039819023;3125:2703.0491239819025;3406:2715.4034839819024;2825:2717.8732039819024;1944:2719.1845639819026;130:2721.5722039819025;99:2722.0524439819023;4526:2730.4620439819023;714:2733.2588839819023;2800:2735.2652839819025;4339:2736.7590439819023;2419:2741.3681239819025;5404:2745.5950039819027;5421:2746.700323981903;1925:2746.8436039819026;1883:2747.8808839819026;926:2752.1334439819025;925:2755.0777639819025;5399:2764.3825639819024;1905:2765.7091639819023;830:2766.8860039819024;2795:2768.0696839819025;918:2769.2118439819023;3075:2777.0848039819025;7097:2777.9341639819027;7290:2783.7362839819025;2736:2792.4547639819025;1744:2793.9100039819023;1164:2805.0185239819025;2789:2806.4303239819023;1182:2807.3472439819025;2978:2810.0194472868748
0,32,default_vehtype,route,False,2753.1294938835995,2764.182533842698,2990;-1;-1,2970;-1;-1,92.10866632581657,0.9998476897079333,0.9998384788413006,0.0,,0,34;35,2,,,2990;2552;1946;7401;3560;2970,2990:2753.1294938835995;2552:2755.995210004683;1946:2760.248490004683;7401:2761.447530004683;3560:2762.523090004683;2970:2764.182533842698
0,32,default_vehtype,boarding,True,2764.182533842698,2794.182533842698,2970;-1;-1,2970;-1;-1,0.0,0.9998384788413006,0.9998384788413006,0.0,,0,34;35;37,3,37,34,,
0,20,default_vehtype,boarding,True,2810.0194472868748,2840.0194472868748,2978;-1;-1,2978;-1;-1,0.0,0.9704299867585695,0.9704299867585695,0,,0,31,1,,31,,
0,8,default_vehtype,route,False,2621.629335041169,2904.216505958512,2992;-1;-1,2986;-1;-1,3048.0671516297666,0.9161813744844889,0.9158765677693259,0.0,,0,33,1,,,2992;2526;5444;1716;2720;4210;1711;98;2497;7434;2760;542;1074;4204;5649;5760;205;5793;1407;5826;7411;4686;5074;5295;5274;7181;604;603;1365;2574;7139;1693;1114;5299;7129;754;611;1812;1186;7311;3767;4527;3089;3131;5447;7352;414;122;3426;4305;793;118;3979;4275;103;6480;7360;2986,2992:2621.629335041169;2526:2630.831582576114;5444:2641.367990576114;1716:2644.158350576114;2720:2644.904990576114;4210:2645.803262576114;1711:2646.932942576114;98:2655.548750576114;2497:2657.059382576114;7434:2664.267230576114;2760:2670.805766576114;542:2678.333870576114;1074:2679.2672785761138;4204:2680.2489265761137;5649:2681.0497105761137;5760:2686.608038576114;205:2691.752294576114;5793:2695.873646576114;1407:2697.493790576114;5826:2699.774102576114;7411:2702.6727505761137;4686:2703.743462576114;5074:2710.683974576114;5295:2710.914230576114;5274:2714.2930465761137;7181:2718.802334576114;604:2722.380734576114;603:2723.444318576114;1365:2725.3860385761136;2574:2736.8939185761137;7139:2743.1603185761137;1693:2744.798918576114;1114:2761.139438576114;5299:2775.684638576114;7129:2777.0355985761144;754:2820.5957185761145;611:2821.8443185761143;1812:2826.4154785761143;1186:2827.5926785761144;7311:2828.408318576114;3767:2830.4147185761144;4527:2833.2115585761144;3089:2841.6211585761143;3131:2842.101398576114;5447:2844.489038576114;7352:2845.8003985761143;414:2848.2701185761143;122:2860.624478576114;3426:2861.8779985761144;4305:2863.2803185761145;793:2875.3958785761147;118:2881.2601585761145;3979:2883.1107025761144;4275:2883.7020385761143;103:2884.8449665761145;6480:2898.1666945761144;7360:2903.668574576114;2986:2904.216505958512
0,8,default_vehtype,boarding,True,2904.216505958512,2934.216505958512,2986;-1;-1,2986;-1;-1,0.0,0.9158765677693259,0.9158765677693259,0.0,,0,33,1,,33,,
0,32,default_vehtype,route,False,2794.182533842698,2902.636450393118,2970;-1;-1,2972;-1;-1,956.9275289670157,0.9998384788413006,0.999742786088404,0.0,,0,35;37,2,,,2970;671;662;7398;3491;6933;7394;6989;7392;5704;7389;3806;2573;885;316;2042;1982;6306;374;7114;3246;5330;661;445;2972,2970:2794.182533842698;671:2795.2126500046834;662:2817.6623700046835;7398:2821.1816100046835;3491:2827.5063300046836;6933:2828.4180900046836;7394:2833.7796900046837;6989:2834.374050004684;7392:2843.585130004684;5704:2845.950210004684;7389:2860.4884500046837;3806:2864.552850004684;2573:2865.620850004684;885:2866.224210004684;316:2873.051370004684;2042:2883.789810004684;1982:2884.5525300046843;6306:2884.7693700046843;374:2893.0703700046843;7114:2895.2853780046844;3246:2896.4231940046843;5330:2897.1707700046845;661:2898.1622100046843;445:2901.1918980046844;2972:2902.636450393118
0,32,default_vehtype,boarding,True,2902.636450393118,2932.636450393118,2972;-1;-1,2972;-1;-1,0.0,0.999742786088404,0.999742786088404,0.0,,0,35;37;36,3,36,37,,
0,32,default_vehtype,route,False,2932.636450393118,2935.299201561705,2972;-1;-1,2988;-1;-1,36.982655119265175,0.999742786088404,0.999739087822892,0.0,,0,35;36,2,,,2972;6079;2988,2972:2932.636450393118;6079:2934.015306004684;2988:2935.299201561705
0,49,default_vehtype,to_depot,True,2760.0,2915.085112216289,2969;-1;-1,2980;-1;-1,1780.8795979021431,0.5580056199227528,0.5578275319629625,0.0,,0,,0,,,2969;7192;1664;337;1075;5648;5759;205;5793;1407;5826;7411;4686;5074;5295;5274;7181;604;603;602;3851;4573;1400;971;598;1368;591;585;940;1370;939;1903;983;3921;840;2881;5099;1157;2058;2092;915;2980,2969:2760;7192:2763.6036429519463;1664:2766.8575389519465;337:2774.6177709519466;1075:2775.6416109519464;5648:2776.4423949519464;5759:2782.0007229519465;205:2787.1449789519465;5793:2791.2663309519467;1407:2792.8864749519466;5826:2795.1667869519465;7411:2798.0654349519464;4686:2799.1361469519466;5074:2806.0766589519467;5295:2806.3069149519465;5274:2809.6857309519464;7181:2814.1950189519466;604:2817.7734189519465;603:2818.8370029519465;602:2819.6901309519467;3851:2820.6935229519468;4573:2824.999842951947;1400:2826.732522951947;971:2830.530954951947;598:2831.598210951947;1368:2832.558546951947;591:2838.429498951947;585:2851.6007469519473;940:2858.180610951947;1370:2865.207234951947;939:2865.903906951947;1903:2866.725498951947;983:2867.708010951947;3921:2871.506154951947;840:2876.066994951947;2881:2882.697618951947;5099:2883.850482951947;1157:2888.5896258090897;2058:2894.3794543805184;2092:2897.768597237661;915:2902.8867686662325;2980:2915.085112216289
0,49,default_vehtype,out_of_service,True,2915.085112216289,2940.0,2980;-1;-1,2980;-1;-1,0.0,0.5578275319629625,0.5578275319629625,0.0,,0,,0,,,,
0,32,default_vehtype,boarding,True,2935.299201561705,2965.299201561705,2988;-1;-1,2988;-1;-1,0.0,0.999739087822892,0.999739087822892,0,,0,35;36,2,,35,,
0,32,default_vehtype,route,False,2965.299201561705,3115.394590226991,2988;-1;-1,2985;-1;-1,1314.1227473353329,0.999739087822892,0.9996076755481584,0.0,,0,36,1,,,2988;3447;6082;7383;364;3029;3886;5711;6045;2157;4817;456;5901;7605;2830;5852;6913;1321;597;2204;6066;6049;7367;2188;2186;5744;6033;5746;6031;146;2828;2376;3091;4274;880;3109;114;5021;1108;1680;3103;3110;3980;2985,2988:2965.299201561705;3447:2966.838714004684;6082:2969.662122004684;7383:2970.071010004684;364:2970.506394004684;3029:2972.5306020046837;3886:2973.0286260046837;5711:2975.568210004684;6045:2976.962490004684;2157:2981.151018004684;4817:2981.627802004684;456:2982.242682004684;5901:2982.998250004684;7605:2986.469946004684;2830:2986.6993380046843;5852:2993.226066004684;6913:2995.122474004684;1321:3000.270906004684;597:3000.733794004684;2204:3002.291082004684;6066:3002.936778004684;6049:3007.1631060046843;7367:3009.4366500046845;2188:3016.0998180046845;2186:3017.3760900046846;5744:3019.3915140046847;6033:3020.7609540046847;5746:3022.6843620046848;6031:3024.1759860046845;146:3025.1371140046845;2828:3026.2289220046846;2376:3031.7308020046844;3091:3045.0525300046843;4274:3046.1954580046845;880:3046.7867940046845;3109:3048.6373380046844;114:3053.4495094332556;5021:3055.822938004684;1108:3080.8923094332554;1680:3105.9616808618266;3103:3108.335109433255;3110:3113.1472808618264;3980:3114.9978248618263;2985:3115.394590226991
0,8,default_vehtype,route,False,2934.216505958512,3159.59483104117,2986;-1;-1,2992;-1;-1,2665.0618483702333,0.9158765677693259,0.9156100615844889,0.0,,0,,0,,,2986;3155;6029;5745;6035;5743;6038;6041;7365;6050;6068;6077;3629;4502;6912;2108;7370;7608;5900;3459;4818;5992;6047;5708;3884;3030;3347;7376;2207;3446;3720;5332;251;2711;3358;2296;5495;5697;5497;5500;670;5502;5512;5520;5531;6313;6632;6644;3793;6319;7102;3741;7384;6414;5446;2447;2571;42;2577;2566;3033;3036;2469;2404;2235;3762;5287;310;2280;1447;6261;3764;4397;4745;4182;4187;4191;4195;4202;4208;537;18;5629;1068;2559;6740;1717;2067;2063;1937;2992,2986:2934.216505958512;3155:2934.760382576114;6029:2935.721510576114;5745:2937.2131345761136;6035:2939.1365425761137;5743:2940.5059825761136;6038:2942.521406576114;6041:2943.797678576114;7365:2950.460846576114;6050:2952.734390576114;6068:2956.9607185761142;6077:2957.6064145761143;3629:2959.1637025761142;4502:2959.6265905761143;6912:2964.775022576114;2108:2966.6714305761143;7370:2973.198158576114;7608:2973.4275505761143;5900:2976.8992465761144;3459:2977.6548145761144;4818:2978.2696945761145;5992:2978.7464785761144;6047:2982.9350065761146;5708:2984.3292865761146;3884:2986.8688705761147;3030:2987.3668945761146;3347:2989.3911025761145;7376:2989.8264865761143;2207:2990.2353745761143;3446:2993.0587825761145;3720:2996.0884705761146;5332:2997.0799105761143;251:2997.8274865761146;2711:2998.9653025761145;3358:3001.1803105761146;2296:3009.4813105761145;5495:3009.6981505761146;5697:3010.8019105761146;5497:3011.4993505761145;5500:3014.4065905761145;670:3015.8039905761143;5502:3018.1514305761143;5512:3021.6731905761144;5520:3024.1271905761146;5531:3025.8241105761144;6313:3026.8491505761144;6632:3029.1461905761143;6644:3030.7174705761145;3793:3032.5666705761146;6319:3033.4823905761145;7102:3033.9604705761144;3741:3034.5001105761144;7384:3042.1591105761145;6414:3047.3662705761144;5446:3049.6340305761146;2447:3053.5701505761144;2571:3061.1590705761146;42:3065.8270705761147;2577:3066.499550576115;2566:3075.098630576115;3033:3075.729590576115;3036:3077.999150576115;2469:3081.591470576115;2404:3084.914990576115;2235:3086.198390576115;3762:3086.621822576115;5287:3087.160886576115;310:3089.951102576115;2280:3090.5502145761147;1447:3090.996110576115;6261:3094.874102576115;3764:3095.8797985761153;4397:3096.430454576115;4745:3096.656750576115;4182:3101.110526576115;4187:3103.772582576115;4191:3104.510870576115;4195:3118.974158576115;4202:3119.976686576115;4208:3120.958334576115;537:3121.912334576115;18:3127.779902576115;5629:3133.629326576115;1068:3136.181726576115;2559:3143.232326576115;6740:3147.702950576115;1717:3153.5366785761153;2067:3154.274462576115;2063:3154.9907185761153;1937:3158.2606705761154;2992:3159.59483104117
0,20,default_vehtype,route,False,2880.0,3149.9089527131273,2978;-1;-1,2993;-1;-1,3392.4163615988255,0.9704299867585695,0.9700907451224097,0.0,,0,,0,,,2978;4103;6297;1434;3820;3877;2787;4993;6537;7281;2307;3549;6384;4032;1804;4811;5237;608;459;2416;4011;5246;363;366;2314;2877;1748;2880;906;984;2268;1857;1806;1371;938;5442;4054;2205;1369;2047;3631;4079;4572;4577;778;3636;3639;3642;7178;5275;5297;5072;1464;2847;5825;4587;5794;3202;2065;2023;4203;537;18;5629;1068;2559;6740;1717;2067;2063;1937;6789;3895;5465;7450;2993,2978:2880;4103:2882.6189566950275;6297:2884.9782766950275;1434:2890.9373566950276;3820:2896.0459966950275;3877:2897.9538766950277;2787:2906.7463966950277;4993:2907.7954366950275;6537:2913.5952766950277;7281:2919.430396695028;2307:2922.949156695028;3549:2928.586396695028;6384:2928.848236695028;4032:2932.069876695028;1804:2932.985788695028;4811:2934.668428695028;5237:2939.408908695028;608:2948.274988695028;459:2948.604748695028;2416:2950.818388695028;4011:2951.4825166950277;5246:2957.407684695028;363:2964.316372695028;366:2965.721452695028;2314:2966.8663246950277;2877:2980.0374286950278;1748:2981.1559486950277;2880:2982.3177406950276;906:2994.5430526950277;984:2997.3127486950275;2268:2998.0606126950274;1857:2998.4465326950276;1806:2999.1087166950274;1371:2999.7788926950275;938:3002.3600206950273;5442:3012.0806686950273;4054:3019.720660695027;2205:3025.4731006950274;1369:3031.9192606950273;2047:3032.8623166950274;3631:3034.4251486950275;4079:3035.4924046950273;4572:3039.2908366950273;4577:3041.0235166950274;778:3045.3298366950276;3636:3046.3332286950276;3639:3047.186356695028;3642:3048.249940695028;7178:3051.8283406950277;5275:3056.337628695028;5297:3059.716444695028;5072:3059.9467006950276;1464:3066.8872126950278;2847:3067.957924695028;5825:3070.856572695028;4587:3073.1368846950277;5794:3074.7570286950277;3202:3078.8783806950278;2065:3084.022636695028;2023:3089.580964695028;4203:3090.381748695028;537:3091.335748695028;18:3097.203316695028;5629:3103.052740695028;1068:3105.6051406950282;2559:3112.6557406950283;6740:3117.1263646950283;1717:3122.9600926950284;2067:3123.6978766950283;2063:3124.4141326950285;1937:3127.6840846950286;6789:3138.2204926950285;3895:3139.4874766950284;5465:3147.0193966950283;7450:3148.0036366950285;2993:3149.9089527131273
0,20,default_vehtype,boarding,True,3149.9089527131273,3179.9089527131273,2993;-1;-1,2993;-1;-1,0.0,0.9700907451224097,0.9700907451224097,0.0,,0,38,1,38,,,
0,32,default_vehtype,boarding,True,3115.394590226991,3145.394590226991,2985;-1;-1,2985;-1;-1,0.0,0.9996076755481584,0.9996076755481584,0.0,,0,36,1,,36,,
0,8,default_vehtype,boarding,True,3159.59483104117,3189.59483104117,2992;-1;-1,2992;-1;-1,0.0,0.9156100615844889,0.9156100615844889,0.0,,0,39,1,39,,,
0,8,default_vehtype,route,False,3189.59483104117,3226.612159569913,2992;-1;-1,2967;-1;-1,371.725848613485,0.9156100615844889,0.9155728889996275,0.0,,0,39,1,,,2992;2526;3895;5465;7450;1719;3469;470;469;5079;7447;1960;2967,2992:3189.59483104117;2526:3198.7970785761154;3895:3200.0640625761152;5465:3207.595982576115;7450:3208.5802225761154;1719:3209.3968465761154;3469:3210.4167985761155;470:3216.377884290401;469:3222.338970004687;5079:3223.358922004687;7447:3224.175546004687;1960:3225.1597860046872;2967:3226.612159569913
0,32,default_vehtype,route,False,3145.394590226991,3229.2330687587137,2985;-1;-1,2977;-1;-1,713.3009357356655,0.9996076755481584,0.9995363454545848,0.0,,0,,0,,,2985;1140;880;3109;3874;4306;429;4313;68;7318;7325;3011;4;4345;7330;7562;7316;7531;2802;2977,2985:3145.394590226991;1140:3145.5891608618263;880:3146.180496861826;3109:3148.031040861826;3874:3153.895320861826;4306:3166.010880861826;429:3167.413200861826;4313:3168.5961608618263;68:3174.1945208618263;7318:3180.8625608618263;7325:3184.189320861826;3011:3188.199960861826;4:3192.985080861826;4345:3195.028560861826;7330:3196.231560861826;7562:3204.0654008618258;7316:3211.4604008618257;7531:3219.0153608618257;2802:3226.2308408618255;2977:3229.2330687587137
0,8,default_vehtype,boarding,True,3226.612159569913,3256.612159569913,2967;-1;-1,2967;-1;-1,0.0,0.9155728889996275,0.9155728889996275,0,,0,39;44,2,44,,,
0,32,default_vehtype,boarding,True,3229.2330687587137,3259.2330687587137,2977;-1;-1,2977;-1;-1,0.0,0.9995363454545848,0.9995363454545848,0,,0,41,1,41,,,
0,32,default_vehtype,route,False,3259.2330687587137,3342.6375706592585,2977;-1;-1,2982;-1;-1,577.1723729807223,0.9995363454545848,0.9994786282172867,0.0,,0,41,1,,,2977;6202;7516;7037;7512;3274;2902;3901;7011;7336;4365;7288;1182;1001;6296;6301;2298;2295;2293;4102;4325;7285;1218;2982,2977:3259.2330687587137;6202:3263.1261608618256;7516:3263.9872808618256;7037:3271.2992408618256;7512:3278.532600861826;3274:3289.878600861826;2902:3289.990200861826;3901:3290.458200861826;7011:3292.4391608618257;7336:3295.3466408618256;4365:3302.9277608618254;7288:3304.0509608618254;1182:3304.9678808618255;1001:3310.2590408618257;6296:3312.6183608618257;6301:3317.5606465761116;2298:3321.8425894332545;2295:3326.1245322903974;2293:3331.0668180046832;4102:3333.4261380046833;4325:3338.7172980046835;7285:3339.6342180046836;1218:3340.7574180046836;2982:3342.6375706592585
0,49,default_vehtype,route,False,3060.0,3304.127585546627,2980;-1;-1,2986;-1;-1,1784.1311567415257,0.5578275319629625,0.5576491188472884,0.0,,0,,0,,,2980;914;2135;1730;2664;2579;2961;2407;2581;370;361;2874;1887;4059;910;6541;3462;3648;2851;2850;1801;1560;5242;4277;5239;6501;3911;5389;7301;3914;5398;5400;4040;4041;5374;5418;5424;5403;6546;1200;7312;3767;4527;3089;3131;5447;7352;414;122;3426;4305;793;118;3979;4275;103;6480;7360;2986,2980:3060;914:3075.8821707356574;2135:3083.8330278785147;1730:3099.2893707356575;2664:3101.1114850213717;2579:3105.9874278785146;2961:3122.7582850213716;2407:3128.0070850213715;2581:3136.494342164229;370:3138.077190164229;361:3140.574294164229;2874:3141.160302164229;1887:3146.815686164229;4059:3148.734990164229;910:3153.2511901642292;6541:3153.915318164229;3462:3156.128958164229;3648:3156.458718164229;2851:3161.132958164229;2850:3162.066318164229;1801:3165.361998164229;1560:3170.102478164229;5242:3171.785118164229;4277:3173.373198164229;5239:3178.877838164229;6501:3184.840398164229;3911:3194.195238164229;5389:3195.2610781642293;7301:3195.5149981642294;3914:3196.6986781642295;5398:3197.8755181642296;5400:3199.2021181642294;4040:3208.5069181642293;4041:3211.4512381642294;5374:3215.7037981642293;5418:3216.7410781642293;5424:3216.884358164229;5403:3217.989678164229;6546:3222.2165581642294;1200:3226.8256381642295;7312:3228.3193981642294;3767:3230.3257981642296;4527:3233.1226381642296;3089:3241.5322381642295;3131:3242.0124781642294;5447:3244.4001181642293;7352:3245.7114781642294;414:3248.1811981642295;122:3260.5355581642293;3426:3261.7890781642295;4305:3263.1913981642297;793:3275.30695816423;118:3281.1712381642296;3979:3283.0217821642295;4275:3283.6131181642295;103:3284.7560461642297;6480:3298.0777741642296;7360:3303.5796541642294;2986:3304.127585546627
0,49,default_vehtype,boarding,True,3304.127585546627,3334.127585546627,2986;-1;-1,2986;-1;-1,0.0,0.5576491188472884,0.5576491188472884,0.0,,0,42,1,42,,,
0,5,default_vehtype,out_of_service,True,240.0,3418.467944257109,2966;-1;-1,2966;-1;-1,0.0,0.5434293757251119,0.5434293757251119,0.0,,0,,0,,,,
0,20,default_vehtype,route,False,3179.9089527131273,3371.968965083462,2993;-1;-1,2972;-1;-1,2183.785505143543,0.9700907451224097,0.9698723665718954,0.0,,0,38,1,,,2993;4483;7446;1960;816;6786;5444;1716;2720;4210;1711;98;2497;7434;2760;542;1074;1071;1070;1069;1067;1504;4396;710;2281;4664;6260;3300;1832;708;6180;2405;6169;2744;2567;2576;3077;3241;88;2758;2742;2448;2353;6140;7386;3742;7100;6318;737;6639;2446;2301;1992;1990;1988;1985;3729;5498;5496;5699;5494;6307;374;7114;3246;5330;661;445;2972,2993:3179.9089527131273;4483:3180.6703726950286;7446:3183.3371086950287;1960:3184.321348695029;816:3191.853268695029;6786:3193.1202526950287;5444:3203.6566606950287;1716:3206.4470206950286;2720:3207.1936606950285;4210:3208.0919326950284;1711:3209.2216126950284;98:3217.8374206950284;2497:3219.3480526950284;7434:3226.5559006950284;2760:3233.0944366950284;542:3240.6225406950284;1074:3241.5559486950283;1071:3242.5584766950283;1070:3257.021764695028;1069:3257.760052695028;1067:3260.4221086950283;1504:3264.875884695028;4396:3265.102180695028;710:3265.652836695028;2281:3266.658532695028;4664:3270.536524695028;6260:3270.9824206950284;3300:3271.5815326950283;1832:3274.371748695028;708:3274.910812695028;6180:3275.3342446950282;2405:3277.5566446950284;6169:3281.0337646950284;2744:3285.634324695028;2567:3287.477284695028;2576:3295.965844695028;3077:3298.0984846950278;3241:3301.227364695028;88:3303.154204695028;2758:3305.117644695028;2742:3305.5240846950283;2448:3308.7097246950284;2353:3314.9106046950283;6140:3320.0816446950284;7386:3321.4240846950283;3742:3329.0830846950284;7100:3329.6227246950284;6318:3330.1008046950283;737:3331.0165246950282;6639:3332.8657246950283;2446:3334.4370046950285;2301:3336.7340446950284;1992:3337.7590846950284;1990:3339.4560046950282;1988:3341.9100046950284;1985:3345.4317646950285;3729:3347.7792046950285;5498:3349.1766046950283;5496:3352.0838446950283;5699:3352.7812846950283;5494:3353.8850446950282;6307:3354.1018846950283;374:3362.402884695028;7114:3364.6178926950283;3246:3365.7557086950283;5330:3366.5032846950285;661:3367.4947246950283;445:3370.5244126950283;2972:3371.968965083462
0,20,default_vehtype,boarding,True,3371.968965083462,3401.968965083462,2972;-1;-1,2972;-1;-1,0.0,0.9698723665718954,0.9698723665718954,0.0,,0,38,1,,38,,
0,32,default_vehtype,boarding,True,3342.6375706592585,3372.6375706592585,2982;-1;-1,2982;-1;-1,0.0,0.9994786282172867,0.9994786282172867,0.0,,0,41;45,2,45,41,,
0,8,default_vehtype,route,False,3256.612159569913,3476.9909551505425,2967;-1;-1,2981;-1;-1,2961.6368211428808,0.9155728889996275,0.9152767253175133,0.0,,0,39;44,2,,,2967;3896;6788;5444;1716;2720;4210;1711;98;2497;7434;2760;542;1074;4204;5649;5760;205;5793;1407;5826;7411;4686;5074;5295;5274;7181;604;603;602;3851;4573;1400;971;598;1368;591;585;940;1370;939;1903;983;3921;840;2881;5099;2878;1735;2581;370;361;2874;1887;4059;910;6541;3462;3648;2851;2850;1801;1560;5242;922;6385;3550;2981,2967:3256.612159569913;3896:3262.691706004687;6788:3263.958690004687;5444:3274.495098004687;1716:3277.285458004687;2720:3278.0320980046868;4210:3278.9303700046867;1711:3280.0600500046867;98:3288.6758580046867;2497:3290.1864900046867;7434:3297.3943380046867;2760:3303.9328740046867;542:3311.4609780046867;1074:3312.3943860046866;4204:3313.3760340046865;5649:3314.1768180046865;5760:3319.7351460046866;205:3324.8794020046867;5793:3329.0007540046868;1407:3330.6208980046868;5826:3332.9012100046866;7411:3335.7998580046865;4686:3336.8705700046867;5074:3343.811082004687;5295:3344.0413380046866;5274:3347.4201540046865;7181:3351.9294420046867;604:3355.5078420046866;603:3356.5714260046866;602:3357.424554004687;3851:3358.427946004687;4573:3362.734266004687;1400:3364.466946004687;971:3368.265378004687;598:3369.332634004687;1368:3370.292970004687;591:3376.1639220046873;585:3389.3351700046874;940:3395.915034004687;1370:3402.9416580046873;939:3403.6383300046873;1903:3404.459922004687;983:3405.442434004687;3921:3409.240578004687;840:3413.801418004687;2881:3420.432042004687;5099:3421.584906004687;2878:3422.712930004687;1735:3433.6972500046872;2581:3435.036666004687;370:3436.619514004687;361:3439.116618004687;2874:3439.7026260046873;1887:3445.3580100046875;4059:3447.2773140046875;910:3451.7935140046875;6541:3452.4576420046874;3462:3454.6712820046873;3648:3455.0010420046874;2851:3459.6752820046872;2850:3460.608642004687;1801:3463.9043220046874;1560:3468.6448020046873;5242:3470.3274420046873;922:3471.2433540046873;6385:3474.4649940046875;3550:3474.7268340046876;2981:3476.9909551505425
0,32,default_vehtype,route,False,3372.6375706592585,3460.6837903483083,2982;-1;-1,2976;-1;-1,682.7307831230403,0.9994786282172867,0.9994103551389745,0.0,,0,45,1,,,2982;2809;7010;820;7498;276;2915;2661;7517;6201;7314;7529;2803;7558;2806;4344;1199;1204;7329;2976,2982:3372.6375706592585;2809:3378.3385380046834;7010:3381.2460180046833;820:3383.226978004683;7498:3383.694978004683;276:3383.806578004683;2915:3395.152578004683;2661:3402.3859380046833;7517:3409.6978980046833;6201:3410.5590180046834;7314:3417.4543380046834;7529:3424.6698180046833;2803:3432.2247780046832;7558:3439.619778004683;2806:3447.453618004683;4344:3448.656618004683;1199:3452.646960861826;1204:3456.6373037189687;7329:3457.8403037189687;2976:3460.6837903483083
0,8,default_vehtype,boarding,True,3476.9909551505425,3506.9909551505425,2981;-1;-1,2981;-1;-1,0.0,0.9152767253175133,0.9152767253175133,0.0,,0,39;44,2,,44,,
0,20,default_vehtype,route,False,3420.0,3509.2857163434082,2972;-1;-1,2971;-1;-1,812.5131451482081,0.9698723665718954,0.9697911152573805,0.0,,0,,0,,,2972;6079;3446;3720;5332;251;2711;3358;2296;5495;5696;3307;3987;2396;886;808;1372;807;1375;108;1376;1380;373;2390;7391;5704;7389;2971,2972:3420;6079:3421.378855611566;3446:3424.202263611566;3720:3427.2319516115663;5332:3428.223391611566;251:3428.9709676115663;2711:3430.108783611566;3358:3432.3237916115663;2296:3440.6247916115663;5495:3440.8416316115663;5696:3441.6043516115665;3307:3452.3427916115666;3987:3459.1699516115664;2396:3460.4759116115665;886:3466.1135116115665;808:3466.5797116115664;1372:3467.4426316115664;807:3468.5465116115665;1375:3470.2307116115667;108:3472.371151611567;1376:3474.171391611567;1380:3476.1879916115668;373:3485.748991611567;2390:3488.293711611567;7391:3489.6943516115666;5704:3492.0594316115667;7389:3506.5976716115665;2971:3509.2857163434082
0,20,default_vehtype,boarding,True,3509.2857163434082,3539.2857163434082,2971;-1;-1,2971;-1;-1,0.0,0.9697911152573805,0.9697911152573805,0.0,,0,47,1,47,,,
0,32,default_vehtype,boarding,True,3460.6837903483083,3490.6837903483083,2976;-1;-1,2976;-1;-1,0.0,0.9994103551389745,0.9994103551389745,0.0,,0,45;46,2,46,,,
0,5,default_vehtype,out_of_service,True,3480.0,3540.0,2966;-1;-1,2966;-1;-1,0.0,0.5434293757251119,0.5434293757251119,0.0,,0,,0,,,,
0,8,default_vehtype,route,False,3506.9909551505425,3559.905706659263,2981;-1;-1,2982;-1;-1,440.95626257266684,0.9152767253175133,0.915232629691256,0.0,,0,39,1,,,2981;6320;7278;2411;1661;7283;796;751;4635;6299;4102;4325;7285;1218;2982,2981:3506.9909551505425;6320:3510.3640740046876;7278:3513.8828340046875;2411:3519.7179540046877;1661:3525.517794004688;7283:3526.5668340046877;796:3535.3593540046877;751:3537.267234004688;4635:3542.375874004688;6299:3548.334954004688;4102:3550.694274004688;4325:3555.985434004688;7285:3556.9023540046883;1218:3558.0255540046883;2982:3559.905706659263
0,8,default_vehtype,boarding,True,3559.905706659263,3589.905706659263,2982;-1;-1,2982;-1;-1,0.0,0.915232629691256,0.915232629691256,0.0,,0,39,1,,39,,
0,49,default_vehtype,route,False,3334.127585546627,3542.7028568593882,2986;-1;-1,2970;-1;-1,2037.389540561264,0.5576491188472884,0.5574453798932322,0.0,,0,42,1,,,2986;3155;6029;5745;6035;5743;6038;6041;7365;6050;6068;6077;3629;4502;6912;2108;7370;7608;5900;3459;4818;5992;6047;5708;3884;3030;3347;7376;2207;3446;3720;5332;251;2711;3358;2296;5495;5696;3307;3987;6878;746;2834;2045;2835;2641;7396;2616;486;2838;3722;3732;544;7400;5449;6824;4848;1631;1593;6821;1946;7401;3560;2970,2986:3334.127585546627;3155:3334.671462164229;6029:3335.632590164229;5745:3337.1242141642288;6035:3339.047622164229;5743:3340.417062164229;6038:3342.432486164229;6041:3343.708758164229;7365:3350.371926164229;6050:3352.645470164229;6068:3356.8717981642294;6077:3357.5174941642294;3629:3359.0747821642294;4502:3359.5376701642294;6912:3364.6861021642294;2108:3366.5825101642295;7370:3373.1092381642293;7608:3373.3386301642295;5900:3376.8103261642295;3459:3377.5658941642296;4818:3378.1807741642297;5992:3378.6575581642296;6047:3382.8460861642297;5708:3384.2403661642297;3884:3386.77995016423;3030:3387.27797416423;3347:3389.3021821642296;7376:3389.7375661642295;2207:3390.1464541642295;3446:3392.9698621642297;3720:3395.9995501642297;5332:3396.9909901642295;251:3397.7385661642297;2711:3398.8763821642297;3358:3401.09139016423;2296:3409.3923901642297;5495:3409.6092301642298;5696:3410.37195016423;3307:3421.11039016423;3987:3427.93755016423;6878:3428.54091016423;746:3429.60891016423;2834:3433.6733101642303;2045:3448.21155016423;2835:3450.57663016423;2641:3459.7877101642302;7396:3460.3820701642303;2616:3465.7436701642305;486:3466.6554301642304;2838:3472.9801501642305;3722:3476.4993901642306;3732:3498.9491101642307;544:3501.6386701642305;7400:3502.7142301642307;5449:3503.9132701642307;6824:3508.1665501642306;4848:3515.6468701642307;1631:3521.341041592802;1593:3527.0352130213732;6821:3534.5155330213734;1946:3538.7688130213733;7401:3539.9678530213732;3560:3541.0434130213735;2970:3542.7028568593882
0,49,default_vehtype,boarding,True,3542.7028568593882,3572.7028568593882,2970;-1;-1,2970;-1;-1,0.0,0.5574453798932322,0.5574453798932322,0.0,,0,42,1,,42,,
0,8,default_vehtype,route,False,3600.0,3647.5053019564502,2982;-1;-1,2983;-1;-1,395.8775163037552,0.915232629691256,0.9151930419396256,0.0,,0,,0,,,2982;2809;7010;820;7498;276;2915;2661;7517;6201;7314;2983,2982:3600;2809:3605.700967345425;7010:3608.608447345425;820:3610.5894073454247;7498:3611.0574073454245;276:3611.1690073454247;2915:3622.5150073454247;2661:3629.748367345425;7517:3637.060327345425;6201:3637.921447345425;7314:3644.816767345425;2983:3647.5053019564502
0,32,default_vehtype,route,False,3490.6837903483083,3616.627654689261,2976;-1;-1,2987;-1;-1,1410.1941526762303,0.9994103551389745,0.9992693357237068,0.0,,0,45;46,2,,,2976;7557;2806;4344;2996;3013;7322;2804;3061;1173;3425;4304;793;118;3979;4275;103;6480;7360;3154;6028;5745;6035;5743;6038;6041;7365;2179;3064;6023;3524;7356;4225;2987,2976:3490.6837903483083;7557:3495.6741437189685;2806:3503.5079837189683;4344:3504.7109837189682;2996:3506.754463718968;3013:3511.539583718968;7322:3515.550223718968;2804:3518.876983718968;3061:3525.545023718968;1173:3531.143383718968;3425:3532.326343718968;4304:3533.728663718968;793:3545.8442237189684;118:3551.708503718968;3979:3553.559047718968;4275:3554.150383718968;103:3555.293311718968;6480:3568.615039718968;7360:3574.116919718968;3154:3575.208727718968;6028:3576.169855718968;5745:3577.6614797189677;6035:3579.584887718968;5743:3580.9543277189678;6038:3582.969751718968;6041:3584.246023718968;7365:3590.909191718968;2179:3594.917431718968;3064:3596.2194077189683;6023:3597.4840877189686;3524:3599.2255517189687;7356:3610.1043917189686;4225:3614.6889197189685;2987:3616.627654689261
0,32,default_vehtype,boarding,True,3616.627654689261,3646.627654689261,2987;-1;-1,2987;-1;-1,0.0,0.9992693357237068,0.9992693357237068,0.0,,0,45;46,2,,46,,
0,8,default_vehtype,boarding,True,3647.5053019564502,3677.5053019564502,2983;-1;-1,2983;-1;-1,0.0,0.9151930419396256,0.9151930419396256,0.0,,0,49,1,49,,,
0,8,default_vehtype,route,True,3677.5053019564502,3692.249955242313,2983;-1;-1,2977;-1;-1,122.87211071552242,0.9151930419396256,0.915180754728554,0.0,,0,49,1,,,2983;7527;2802;2977,2983:3677.5053019564502;7527:3682.032247345425;2802:3689.2477273454247;2977:3692.249955242313
0,8,default_vehtype,boarding,True,3692.249955242313,3722.249955242313,2977;-1;-1,2977;-1;-1,0.0,0.915180754728554,0.915180754728554,0.0,,0,49,1,,49,,
0,20,default_vehtype,route,False,3539.2857163434082,3725.8569958338744,2971;-1;-1,2985;-1;-1,1654.65525730639,0.9697911152573805,0.9696256497316499,0.0,,0,47,1,,,2971;3807;6875;885;316;2042;1982;6306;374;7114;3246;5330;661;445;6080;7381;364;3029;3886;5711;6045;2157;4817;456;5901;7605;2830;5852;6913;1321;597;2204;6066;6049;7367;2188;2186;5744;6033;5746;6031;146;2828;2376;3091;4274;880;3109;114;5021;1108;1680;3103;3110;3980;2985,2971:3539.2857163434082;3807:3540.6620716115667;6875:3541.730071611567;885:3542.333431611567;316:3549.160591611567;2042:3559.899031611567;1982:3560.661751611567;6306:3560.878591611567;374:3569.179591611567;7114:3571.394599611567;3246:3572.532415611567;5330:3573.2799916115673;661:3574.271431611567;445:3577.301119611567;6080:3580.1245276115674;7381:3580.5334156115673;364:3580.968799611567;3029:3582.993007611567;3886:3583.491031611567;5711:3586.030615611567;6045:3587.424895611567;2157:3591.613423611567;4817:3592.090207611567;456:3592.7050876115673;5901:3593.4606556115673;7605:3596.9323516115674;2830:3597.1617436115675;5852:3603.6884716115674;6913:3605.5848796115674;1321:3610.7333116115674;597:3611.1961996115674;2204:3612.7534876115674;6066:3613.3991836115674;6049:3617.6255116115676;7367:3619.8990556115677;2188:3626.562223611568;2186:3627.838495611568;5744:3629.853919611568;6033:3631.223359611568;5746:3633.146767611568;6031:3634.638391611568;146:3635.5995196115678;2828:3636.691327611568;2376:3642.1932076115677;3091:3655.5149356115676;4274:3656.657863611568;880:3657.2491996115677;3109:3659.0997436115676;114:3663.911915040139;5021:3666.2853436115674;1108:3691.3547150401387;1680:3716.42408646871;3103:3718.7975150401385;3110:3723.6096864687097;3980:3725.4602304687096;2985:3725.8569958338744
0,20,default_vehtype,boarding,True,3725.8569958338744,3755.8569958338744,2985;-1;-1,2985;-1;-1,0.0,0.9696256497316499,0.9696256497316499,0.0,,0,47,1,,47,,
0,32,default_vehtype,route,False,3646.627654689261,3764.873092450811,2987;-1;-1,2971;-1;-1,1214.7314981779514,0.9992693357237068,0.999147862573889,0.0,,0,45,1,,,2987;4613;7368;7606;5900;3459;4818;5992;6047;5708;3884;3030;3347;7376;2207;3446;3720;5332;251;2711;3358;2296;5495;5696;3307;3987;2396;886;808;1372;807;1375;108;1376;1380;373;2390;7391;5704;7389;2971,2987:3646.627654689261;4613:3648.2239037189684;7368:3659.9290157189685;7606:3660.1584077189686;5900:3663.6301037189687;3459:3664.3856717189688;4818:3665.000551718969;5992:3665.477335718969;6047:3669.665863718969;5708:3671.060143718969;3884:3673.599727718969;3030:3674.097751718969;3347:3676.121959718969;7376:3676.5573437189687;2207:3676.9662317189686;3446:3679.789639718969;3720:3682.819327718969;5332:3683.8107677189687;251:3684.558343718969;2711:3685.696159718969;3358:3687.911167718969;2296:3696.212167718969;5495:3696.429007718969;5696:3697.191727718969;3307:3707.930167718969;3987:3714.757327718969;2396:3716.063287718969;886:3721.700887718969;808:3722.167087718969;1372:3723.030007718969;807:3724.133887718969;1375:3725.8180877189693;108:3727.9585277189694;1376:3729.7587677189695;1380:3731.7753677189694;373:3741.3363677189695;2390:3743.8810877189694;7391:3745.2817277189693;5704:3747.6468077189693;7389:3762.185047718969;2971:3764.873092450811
0,49,default_vehtype,route,False,3600.0,3726.6240531557833,2970;-1;-1,2967;-1;-1,1408.3381564224546,0.5574453798932322,0.55730454607759,0.0,,0,,0,,,2970;671;544;7400;5449;6824;4848;3271;4846;4989;5000;337;1075;537;18;5629;1068;2559;6740;1717;2067;2063;1937;6789;3895;5465;7450;1719;3469;470;469;5079;7447;1960;2967,2970:3600;671:3601.0301161619855;544:3603.7196761619853;7400:3604.7952361619855;5449:3605.9942761619855;6824:3610.2475561619854;4848:3617.7278761619855;3271:3623.2809961619855;4846:3625.1540761619854;4989:3637.4265961619853;5000:3642.1861561619853;337:3649.9463881619854;1075:3650.9702281619852;537:3651.9242281619854;18:3657.7917961619855;5629:3663.6412201619855;1068:3666.1936201619856;2559:3673.2442201619856;6740:3677.7148441619856;1717:3683.5485721619857;2067:3684.2863561619856;2063:3685.002612161986;1937:3688.272564161986;6789:3698.808972161986;3895:3700.0759561619857;5465:3707.6078761619856;7450:3708.592116161986;1719:3709.408740161986;3469:3710.428692161986;470:3716.3897778762716;469:3722.3508635905573;5079:3723.3708155905574;7447:3724.1874395905575;1960:3725.1716795905577;2967:3726.6240531557833
0,49,default_vehtype,boarding,True,3726.6240531557833,3756.6240531557833,2967;-1;-1,2967;-1;-1,0.0,0.55730454607759,0.55730454607759,0.0,,0,48,1,48,,,
0,20,default_vehtype,route,False,3755.8569958338744,3793.589390420957,2985;-1;-1,2974;-1;-1,422.96189307455256,0.9696256497316499,0.9695833535423424,0.0,,0,,0,,,2985;1140;103;6480;7360;3154;6028;2181;2180;146;2828;2974,2985:3755.8569958338744;1140:3756.0515664687096;103:3757.1944944687098;6480:3770.5162224687097;7360:3776.0181024687095;3154:3777.1099104687096;6028:3778.0710384687095;2181:3782.3030956115667;2180:3786.535152754424;146:3787.496280754424;2828:3788.588088754424;2974:3793.589390420957
0,20,default_vehtype,boarding,True,3793.589390420957,3823.589390420957,2974;-1;-1,2974;-1;-1,0.0,0.9695833535423424,0.9695833535423424,0.0,,0,50,1,50,,,
0,32,default_vehtype,boarding,True,3764.873092450811,3794.873092450811,2971;-1;-1,2971;-1;-1,0.0,0.999147862573889,0.999147862573889,0.0,,0,45,1,,45,,
0,8,default_vehtype,to_depot,True,3722.249955242313,3910.801948609767,2977;-1;-1,2980;-1;-1,1527.828435539931,0.915180754728554,0.915027971885,0.0,,0,,0,,,2977;6202;7516;7037;7512;3274;2902;3901;7011;7336;4365;7288;1182;1001;6296;1434;3820;3877;2787;4993;6537;7281;2307;3549;6384;4032;1804;4811;5237;608;459;2416;4011;5246;363;366;2314;2877;1748;1743;1157;2058;2092;915;2980,2977:3722.249955242313;6202:3726.1430473454247;7516:3727.004167345425;7037:3734.316127345425;7512:3741.549487345425;3274:3752.895487345425;2902:3753.007087345425;3901:3753.475087345425;7011:3755.456047345425;7336:3758.3635273454247;4365:3765.9446473454245;7288:3767.0678473454245;1182:3767.9847673454246;1001:3773.275927345425;6296:3775.635247345425;1434:3781.594327345425;3820:3786.702967345425;3877:3788.610847345425;2787:3797.403367345425;4993:3798.452407345425;6537:3804.252247345425;7281:3810.0873673454253;2307:3813.606127345425;3549:3819.243367345425;6384:3819.5052073454253;4032:3822.7268473454255;1804:3823.6427593454255;4811:3825.3253993454255;5237:3830.0658793454254;608:3838.931959345425;459:3839.2617193454253;2416:3841.475359345425;4011:3842.139487345425;5246:3848.0646553454253;363:3854.9733433454253;366:3856.3784233454253;2314:3857.523295345425;2877:3870.694399345425;1748:3871.812919345425;1743:3879.567319345425;1157:3884.3064622025677;2058:3890.0962907739963;2092:3893.485433631139;915:3898.6036050597104;2980:3910.801948609767
0,8,default_vehtype,out_of_service,True,3910.801948609767,3960.0,2980;-1;-1,2980;-1;-1,0.0,0.915027971885,0.915027971885,0.0,,0,,0,,,,
0,20,default_vehtype,route,False,3823.589390420957,4038.7150514495834,2974;-1;-1,2970;-1;-1,2128.3671755038336,0.9695833535423424,0.969370516824792,0.0,,0,50,1,,,2974;6479;7359;3154;6028;5745;6035;5743;6038;6041;7365;6050;6068;6077;3629;4502;6912;2108;7370;7608;5900;3459;4818;5992;6047;5708;3884;3030;3347;7376;2207;3446;3720;5332;251;2711;3358;2296;5495;5696;3307;3987;6878;746;2834;2045;2835;2641;7396;2616;486;2838;3722;3732;544;7400;5449;6824;4848;1631;1593;6821;1946;7401;3560;2970,2974:3823.589390420957;6479:3824.0899687544243;7359:3829.591848754424;3154:3830.683656754424;6028:3831.644784754424;5745:3833.136408754424;6035:3835.059816754424;5743:3836.429256754424;6038:3838.444680754424;6041:3839.720952754424;7365:3846.384120754424;6050:3848.6576647544243;6068:3852.8839927544245;6077:3853.5296887544246;3629:3855.0869767544245;4502:3855.5498647544246;6912:3860.6982967544245;2108:3862.5947047544246;7370:3869.1214327544244;7608:3869.3508247544246;5900:3872.8225207544247;3459:3873.5780887544247;4818:3874.192968754425;5992:3874.6697527544247;6047:3878.858280754425;5708:3880.252560754425;3884:3882.792144754425;3030:3883.290168754425;3347:3885.3143767544248;7376:3885.7497607544246;2207:3886.1586487544246;3446:3888.982056754425;3720:3892.011744754425;5332:3893.0031847544246;251:3893.750760754425;2711:3894.888576754425;3358:3897.103584754425;2296:3905.404584754425;5495:3905.621424754425;5696:3906.384144754425;3307:3917.122584754425;3987:3923.949744754425;6878:3924.553104754425;746:3925.6211047544252;2834:3929.6855047544254;2045:3944.2237447544253;2835:3946.5888247544253;2641:3955.7999047544254;7396:3956.3942647544254;2616:3961.7558647544256;486:3962.6676247544256;2838:3968.9923447544256;3722:3972.5115847544257;3732:3994.961304754426;544:3997.6508647544256;7400:3998.726424754426;5449:3999.925464754426;6824:4004.1787447544257;4848:4011.659064754426;1631:4017.353236182997;1593:4023.0474076115684;6821:4030.5277276115685;1946:4034.7810076115684;7401:4035.9800476115684;3560:4037.0556076115686;2970:4038.7150514495834
0,20,default_vehtype,boarding,True,4038.7150514495834,4068.7150514495834,2970;-1;-1,2970;-1;-1,0.0,0.969370516824792,0.969370516824792,0.0,,0,50,1,,50,,
0,49,default_vehtype,route,False,3756.6240531557833,4029.9176002451336,2967;-1;-1,2982;-1;-1,3402.5930837155474,0.55730454607759,0.5569642867692184,0.0,,0,48,1,,,2967;3896;6788;5444;1716;2720;4210;1711;98;2497;7434;2760;542;1074;4204;5649;5760;205;5793;1407;5826;7411;4686;5074;5295;5274;7181;604;603;602;3851;4573;1400;971;598;1368;591;585;940;1370;939;1903;983;3921;840;2881;5099;2878;1735;2581;370;361;2874;1887;4059;910;6541;3462;3648;2851;2850;1801;1560;5242;922;6385;3550;6322;7280;2411;1661;7283;796;751;4635;6299;4102;4325;7285;1218;2982,2967:3756.6240531557833;3896:3762.7035995905576;6788:3763.9705835905575;5444:3774.5069915905574;1716:3777.2973515905574;2720:3778.043991590557;4210:3778.942263590557;1711:3780.071943590557;98:3788.687751590557;2497:3790.198383590557;7434:3797.406231590557;2760:3803.944767590557;542:3811.472871590557;1074:3812.406279590557;4204:3813.387927590557;5649:3814.188711590557;5760:3819.747039590557;205:3824.891295590557;5793:3829.012647590557;1407:3830.632791590557;5826:3832.913103590557;7411:3835.811751590557;4686:3836.882463590557;5074:3843.8229755905572;5295:3844.053231590557;5274:3847.432047590557;7181:3851.941335590557;604:3855.519735590557;603:3856.583319590557;602:3857.4364475905572;3851:3858.4398395905573;4573:3862.7461595905575;1400:3864.4788395905575;971:3868.2772715905576;598:3869.3445275905574;1368:3870.3048635905575;591:3876.1758155905577;585:3889.347063590558;940:3895.9269275905576;1370:3902.9535515905577;939:3903.6502235905577;1903:3904.4718155905575;983:3905.4543275905576;3921:3909.2524715905574;840:3913.8133115905575;2881:3920.4439355905574;5099:3921.5967995905576;2878:3922.7248235905577;1735:3933.7091435905577;2581:3935.0485595905575;370:3936.6314075905575;361:3939.1285115905575;2874:3939.7145195905578;1887:3945.369903590558;4059:3947.289207590558;910:3951.805407590558;6541:3952.469535590558;3462:3954.6831755905578;3648:3955.012935590558;2851:3959.6871755905577;2850:3960.6205355905577;1801:3963.916215590558;1560:3968.656695590558;5242:3970.3393355905578;922:3971.2552475905577;6385:3974.476887590558;3550:3974.738727590558;6322:3980.375967590558;7280:3983.894727590558;2411:3989.729847590558;1661:3995.5296875905583;7283:3996.578727590558;796:4005.371247590558;751:4007.2791275905583;4635:4012.3877675905583;6299:4018.3468475905584;4102:4020.7061675905584;4325:4025.9973275905586;7285:4026.9142475905587;1218:4028.0374475905587;2982:4029.9176002451336
0,49,default_vehtype,boarding,True,4029.9176002451336,4059.9176002451336,2982;-1;-1,2982;-1;-1,0.0,0.5569642867692184,0.5569642867692184,0.0,,0,48,1,,48,,
0,8,default_vehtype,out_of_service,True,4020.0,4080.0,2980;-1;-1,2980;-1;-1,0.0,0.915027971885,0.915027971885,0.0,,0,,0,,,,
0,20,default_vehtype,route,False,4068.7150514495834,4122.816372659622,2970;-1;-1,2969;-1;-1,543.4817047950673,0.969370516824792,0.9693161686543125,0.0,,0,,0,,,2970;671;544;7400;5449;6824;4848;3271;4846;4989;5000;337;1075;4198;336;2969,2970:4068.7150514495834;671:4069.745167611569;544:4072.4347276115686;7400:4073.510287611569;5449:4074.709327611569;6824:4078.9626076115687;4848:4086.442927611569;3271:4091.996047611569;4846:4093.8691276115687;4989:4106.141647611569;5000:4110.90120761157;337:4118.661439611569;1075:4119.685279611569;4198:4120.666927611569;336:4121.690047611569;2969:4122.816372659622
0,32,default_vehtype,route,False,3840.0,4133.5261326920445,2971;-1;-1,2966;-1;-1,2495.7317388922106,0.999147862573889,0.9988982893999998,0.0,,0,,0,,,2971;3807;7387;2045;2835;2641;7396;2616;486;2838;3722;3732;544;7400;5449;6824;4848;3271;4846;4989;5000;337;1075;5648;5759;205;5793;1407;5826;7411;4686;5074;5295;5274;7181;604;603;602;1339;1395;1399;835;1147;1093;2607;911;1150;665;666;1885;668;1415;1041;1623;1383;2333;2966,2971:3840;3807:3841.3763552681585;7387:3845.4407552681587;2045:3859.9789952681585;2835:3862.3440752681586;2641:3871.5551552681586;7396:3872.1495152681587;2616:3877.511115268159;486:3878.422875268159;2838:3884.747595268159;3722:3888.266835268159;3732:3910.716555268159;544:3913.406115268159;7400:3914.481675268159;5449:3915.680715268159;6824:3919.933995268159;4848:3927.414315268159;3271:3932.967435268159;4846:3934.840515268159;4989:3947.113035268159;5000:3951.872595268159;337:3959.632827268159;1075:3960.656667268159;5648:3961.457451268159;5759:3967.015779268159;205:3972.160035268159;5793:3976.281387268159;1407:3977.901531268159;5826:3980.181843268159;7411:3983.0804912681588;4686:3984.151203268159;5074:3991.091715268159;5295:3991.321971268159;5274:3994.700787268159;7181:3999.210075268159;604:4002.788475268159;603:4003.852059268159;602:4004.705187268159;1339:4005.6975632681592;1395:4014.234891268159;1399:4016.375595268159;835:4019.952555268159;1147:4020.7451312681587;1093:4022.004411268159;2607:4030.063083268159;911:4032.916947268159;1150:4033.677411268159;665:4035.1272752681593;666:4035.996387268159;1885:4036.982211268159;668:4050.352611268159;1415:4050.981675268159;1041:4067.668189553873;1623:4072.05144669673;1383:4083.1368752681587;2333:4123.290760982444;2966:4133.5261326920445
0,20,default_vehtype,boarding,True,4122.816372659622,4152.816372659622,2969;-1;-1,2969;-1;-1,0.0,0.9693161686543125,0.9693161686543125,0,,0,52,1,52,,,
0,32,default_vehtype,boarding,True,4133.5261326920445,4163.5261326920445,2966;-1;-1,2966;-1;-1,0.0,0.9988982893999998,0.9988982893999998,0,,0,51,1,51,,,
0,20,default_vehtype,route,False,4152.816372659622,4207.09448007662,2969;-1;-1,2992;-1;-1,753.8626030139021,0.9693161686543125,0.9692407823940111,0.0,,0,52,1,,,2969;7192;1664;337;1075;537;18;5629;1068;2559;6740;1717;2067;2063;1937;2992,2969:4152.816372659622;7192:4156.4200156115685;1664:4159.673911611569;337:4167.434143611568;1075:4168.457983611568;537:4169.411983611568;18:4175.2795516115675;5629:4181.1289756115675;1068:4183.681375611567;2559:4190.731975611567;6740:4195.202599611566;1717:4201.036327611566;2067:4201.774111611566;2063:4202.4903676115655;1937:4205.760319611565;2992:4207.09448007662
0,20,default_vehtype,boarding,True,4207.09448007662,4237.09448007662,2992;-1;-1,2992;-1;-1,0.0,0.9692407823940111,0.9692407823940111,0.0,,0,52,1,,52,,
0,49,default_vehtype,to_depot,True,4080.0,4238.139388609767,2982;-1;-1,2980;-1;-1,1274.3900625592087,0.5569642867692184,0.5568368477629625,0.0,,0,,0,,,2982;2809;4365;7288;1182;1001;6296;1434;3820;3877;2787;4993;6537;7281;2307;3549;6384;4032;1804;4811;5237;608;459;2416;4011;5246;363;366;2314;2877;1748;1743;1157;2058;2092;915;2980,2982:4080;2809:4085.700967345425;4365:4093.2820873454248;7288:4094.4052873454248;1182:4095.322207345425;1001:4100.613367345425;6296:4102.972687345425;1434:4108.931767345424;3820:4114.040407345425;3877:4115.948287345424;2787:4124.740807345424;4993:4125.789847345424;6537:4131.589687345424;7281:4137.424807345424;2307:4140.943567345424;3549:4146.580807345424;6384:4146.842647345424;4032:4150.0642873454235;1804:4150.980199345424;4811:4152.662839345424;5237:4157.403319345424;608:4166.269399345424;459:4166.599159345424;2416:4168.812799345424;4011:4169.476927345424;5246:4175.402095345424;363:4182.310783345424;366:4183.715863345425;2314:4184.8607353454245;2877:4198.0318393454245;1748:4199.1503593454245;1743:4206.904759345424;1157:4211.643902202567;2058:4217.433730773995;2092:4220.8228736311385;915:4225.94104505971;2980:4238.139388609767
0,49,default_vehtype,out_of_service,True,4238.139388609767,4260.0,2980;-1;-1,2980;-1;-1,0.0,0.5568368477629625,0.5568368477629625,0.0,,0,,0,,,,
0,32,default_vehtype,route,False,4163.5261326920445,4320,2966;-1;-1,710;2281;0.537,1516.6081286656154,0.9988982893999998,0.9987466285871333,0.0,,0,51,1,,,2966;2743;2631;2150;735;738;1096;3736;81;831;2413;1146;832;1880;1340;3638;3641;7177;5275;5297;5072;1464;2847;5825;4587;5794;3202;2065;2023;4203;4198;1071;1070;1069;1067;1504;4396;710,2966:4163.5261326920445;2743:4171.369960982444;2631:4175.381389553873;2150:4192.311675268159;735:4202.793846696731;738:4208.9616752681595;1096:4218.500646696731;3736:4218.7636626967305;81:4222.612566696731;831:4233.459150696731;2413:4234.446846696731;1146:4235.260230696731;832:4236.068646696731;1880:4238.666334696731;1340:4250.199150696731;3638:4251.18562269673;3641:4252.249206696731;7177:4255.827606696731;5275:4260.336894696731;5297:4263.715710696732;5072:4263.945966696731;1464:4270.8864786967315;2847:4271.957190696731;5825:4274.855838696732;4587:4277.136150696731;5794:4278.756294696732;3202:4282.877646696732;2065:4288.021902696732;2023:4293.580230696732;4203:4294.381014696732;4198:4295.362662696732;1071:4296.365190696732;1070:4310.8284786967315;1069:4311.566766696731;1067:4314.228822696731;1504:4318.6825986967315;4396:4318.908894696731;710:4319.459550696732
0,20,default_vehtype,to_depot,True,4260.0,4418.424886673116,2992;-1;-1,2966;-1;-1,1413.709105198465,0.9692407823940111,0.9690994114834913,0.0,,0,,0,,,2992;2526;3895;5465;7450;4482;6930;7615;3488;4485;5469;2998;901;1083;1355;1961;1962;1033;1559;1958;2907;636;1954;1949;186;333;2164;695;694;1041;1623;1383;2333;2966,2992:4260;2526:4269.202247534946;3895:4270.469231534946;5465:4278.001151534946;7450:4278.985391534946;4482:4281.652127534946;6930:4282.967855534946;7615:4286.864207534945;3488:4288.188359534945;4485:4292.743007534946;5469:4293.104231534946;2998:4293.512687534946;901:4294.758215534946;1083:4297.548647534946;1355:4311.237935534946;1961:4312.220663534946;1962:4313.159543534945;1033:4314.368999534945;1559:4320.753095534945;1958:4328.1001195349445;2907:4328.723783534944;636:4331.538911534944;1954:4332.149615534944;1949:4341.049751534944;186:4342.615895534945;333:4343.255615534945;2164:4343.872007534945;695:4348.579295534944;694:4351.748015534944;1041:4352.566943534944;1623:4356.950200677801;1383:4368.03562924923;2333:4408.189514963516;2966:4418.424886673116
0,32,default_vehtype,route,False,4320.0,4425.775679085164,710;2281;0.537,2972;-1;-1,985.391987293966,0.9987466285871333,0.9986480893884039,0.0,,0,51,1,,,710;2281;4664;6260;3300;1832;708;6180;2405;6169;2744;2567;2576;3077;3241;88;2758;2742;2448;2353;6140;7386;3742;7100;6318;737;6639;2446;2301;1992;1990;1988;1985;3729;5498;5496;5699;5494;6307;374;7114;3246;5330;661;445;2972,710:4320;2281:4320.465246696732;4664:4324.3432386967315;6260:4324.789134696732;3300:4325.388246696732;1832:4328.178462696732;708:4328.7175266967315;6180:4329.140958696731;2405:4331.363358696731;6169:4334.84047869673;2744:4339.44103869673;2567:4341.28399869673;2576:4349.77255869673;3077:4351.90519869673;3241:4355.03407869673;88:4356.96091869673;2758:4358.92435869673;2742:4359.33079869673;2448:4362.51643869673;2353:4368.71731869673;6140:4373.88835869673;7386:4375.230798696731;3742:4382.88979869673;7100:4383.42943869673;6318:4383.90751869673;737:4384.82323869673;6639:4386.67243869673;2446:4388.24371869673;2301:4390.54075869673;1992:4391.565798696731;1990:4393.262718696731;1988:4395.716718696731;1985:4399.23847869673;3729:4401.58591869673;5498:4402.98331869673;5496:4405.890558696729;5699:4406.587998696729;5494:4407.691758696729;6307:4407.908598696729;374:4416.20959869673;7114:4418.42460669673;3246:4419.56242269673;5330:4420.30999869673;661:4421.30143869673;445:4424.331126696729;2972:4425.775679085164
0,20,default_vehtype,out_of_service,True,4418.424886673116,4440.0,2966;-1;-1,2966;-1;-1,0.0,0.9690994114834913,0.9690994114834913,0.0,,0,,0,,,,
0,32,default_vehtype,boarding,True,4425.775679085164,4455.775679085164,2972;-1;-1,2972;-1;-1,0.0,0.9986480893884039,0.9986480893884039,0.0,,0,51;55,2,55,,,
0,32,default_vehtype,route,False,4455.775679085164,4458.438430253751,2972;-1;-1,2988;-1;-1,36.982655119265175,0.9986480893884039,0.9986443911228919,0.0,,0,51;55,2,,,2972;6079;2988,2972:4455.775679085164;6079:4457.15453469673;2988:4458.438430253751
0,32,default_vehtype,boarding,True,4458.438430253751,4488.438430253751,2988;-1;-1,2988;-1;-1,0.0,0.9986443911228919,0.9986443911228919,0.0,,0,51;55,2,,51,,
0,20,default_vehtype,out_of_service,True,4500,4560,2966;-1;-1,2966;-1;-1,0.0,0.9690994114834913,0.9690994114834913,0,,0,,0,,,,
0,32,default_vehtype,route,False,4488.438430253751,4620.6517937661,2988;-1;-1,2991;-1;-1,1371.1040487826665,0.9986443911228919,0.9985072807180136,0.0,,0,55,1,,,2988;3447;3721;5333;251;2711;3358;2296;5495;5697;5497;5500;670;5502;5512;5520;5531;6313;6632;6644;3793;6319;7102;3741;7384;6414;5446;2447;2571;42;2577;2566;3033;3036;2469;2404;2235;3762;5287;310;2280;1447;6261;3764;4397;4745;4182;4187;4191;4195;4202;4208;537;2991,2988:4488.438430253751;3447:4489.97794269673;3721:4493.007630696729;5333:4493.999070696729;251:4494.746646696729;2711:4495.884462696729;3358:4498.099470696729;2296:4506.40047069673;5495:4506.61731069673;5697:4507.72107069673;5497:4508.41851069673;5500:4511.325750696729;670:4512.723150696729;5502:4515.070590696729;5512:4518.592350696728;5520:4521.046350696728;5531:4522.743270696728;6313:4523.768310696729;6632:4526.065350696729;6644:4527.636630696729;3793:4529.485830696729;6319:4530.401550696729;7102:4530.879630696729;3741:4531.419270696729;7384:4539.078270696728;6414:4544.285430696728;5446:4546.553190696728;2447:4550.489310696728;2571:4558.0782306967285;42:4562.746230696728;2577:4563.418710696728;2566:4572.017790696728;3033:4572.648750696729;3036:4574.918310696728;2469:4578.510630696728;2404:4581.834150696728;2235:4583.117550696728;3762:4583.540982696728;5287:4584.080046696728;310:4586.870262696728;2280:4587.469374696728;1447:4587.915270696728;6261:4591.793262696728;3764:4592.798958696728;4397:4593.349614696728;4745:4593.575910696728;4182:4598.029686696728;4187:4600.691742696728;4191:4601.430030696728;4195:4615.893318696728;4202:4616.895846696728;4208:4617.877494696728;537:4618.8314946967275;2991:4620.6517937661
0,32,default_vehtype,boarding,True,4620.6517937661,4650.6517937661,2991;-1;-1,2991;-1;-1,0.0,0.9985072807180136,0.9985072807180136,0.0,,0,55;62,2,62,55,,
0,32,default_vehtype,route,False,4650.6517937661,4843.831775386061,2991;-1;-1,2973;-1;-1,2199.3406336106036,0.9985072807180136,0.9982873466546527,0.0,,0,62,1,,,2991;3010;5631;1068;2867;2760;542;1074;1071;1070;1069;1067;1504;4396;710;2281;4664;6260;3300;1832;708;6180;2405;6169;2744;2567;2576;3077;3241;88;2758;2742;2448;2353;6140;7386;3742;7100;6318;737;6639;2446;2301;1992;1990;1988;1985;3729;5498;5496;5699;5494;6307;374;7114;3246;5330;661;445;6080;7381;364;3029;3886;5711;6045;2157;4817;456;5901;7605;2830;1420;1084;2973,2991:4650.6517937661;3010:4654.699062696727;5631:4660.548486696727;1068:4663.100886696727;2867:4663.975182696727;2760:4670.513718696727;542:4678.041822696727;1074:4678.975230696727;1071:4679.977758696727;1070:4694.4410466967265;1069:4695.179334696726;1067:4697.841390696726;1504:4702.2951666967265;4396:4702.521462696726;710:4703.072118696727;2281:4704.077814696727;4664:4707.9558066967265;6260:4708.401702696727;3300:4709.000814696727;1832:4711.791030696727;708:4712.3300946967265;6180:4712.753526696726;2405:4714.975926696726;6169:4718.453046696725;2744:4723.053606696725;2567:4724.896566696725;2576:4733.385126696725;3077:4735.517766696725;3241:4738.646646696725;88:4740.573486696725;2758:4742.5369266967255;2742:4742.943366696725;2448:4746.129006696725;2353:4752.329886696725;6140:4757.500926696725;7386:4758.843366696726;3742:4766.502366696725;7100:4767.042006696725;6318:4767.520086696725;737:4768.435806696725;6639:4770.285006696725;2446:4771.856286696725;2301:4774.153326696725;1992:4775.178366696726;1990:4776.875286696726;1988:4779.329286696726;1985:4782.8510466967255;3729:4785.198486696725;5498:4786.595886696725;5496:4789.503126696724;5699:4790.200566696724;5494:4791.304326696724;6307:4791.521166696724;374:4799.822166696725;7114:4802.037174696725;3246:4803.174990696725;5330:4803.922566696725;661:4804.914006696725;445:4807.943694696724;6080:4810.767102696725;7381:4811.1759906967245;364:4811.611374696725;3029:4813.635582696725;3886:4814.133606696725;5711:4816.673190696725;6045:4818.067470696726;2157:4822.255998696725;4817:4822.732782696726;456:4823.347662696726;5901:4824.103230696725;7605:4827.574926696725;2830:4827.804318696725;1420:4839.509430696725;1084:4843.044414696725;2973:4843.831775386061
0,20,default_vehtype,route,False,4620.0,4864.2582595827425,2966;-1;-1,2979;-1;-1,2310.2970919691206,0.9690994114834913,0.9688683817742945,0.0,,0,,0,,,2966;2743;2631;2150;735;738;1096;3736;81;831;2413;1146;832;1880;1340;3638;602;3851;4573;1400;971;598;1368;591;585;940;1370;939;1903;983;3921;840;2881;5099;2878;1735;2581;370;361;2874;1887;4059;910;6541;3462;3648;2851;2850;1801;1560;5242;922;6385;3550;6322;7280;2411;6281;2286;2287;6538;2979,2966:4620;2743:4627.8438282904;2631:4631.855256861829;2150:4648.7855425761145;735:4659.267714004686;738:4665.435542576115;1096:4674.974514004686;3736:4675.237530004686;81:4679.086434004686;831:4689.933018004686;2413:4690.9207140046865;1146:4691.7340980046865;832:4692.542514004686;1880:4695.140202004686;1340:4706.673018004686;3638:4707.659490004686;602:4708.5126180046855;3851:4709.516010004685;4573:4713.822330004685;1400:4715.555010004685;971:4719.353442004684;598:4720.420698004685;1368:4721.381034004685;591:4727.251986004685;585:4740.423234004685;940:4747.003098004685;1370:4754.029722004685;939:4754.726394004685;1903:4755.547986004685;983:4756.530498004685;3921:4760.328642004685;840:4764.889482004685;2881:4771.520106004686;5099:4772.672970004685;2878:4773.800994004685;1735:4784.785314004685;2581:4786.124730004684;370:4787.707578004684;361:4790.204682004684;2874:4790.790690004685;1887:4796.446074004684;4059:4798.365378004684;910:4802.881578004684;6541:4803.545706004685;3462:4805.759346004685;3648:4806.089106004684;2851:4810.7633460046845;2850:4811.6967060046845;1801:4814.992386004685;1560:4819.732866004685;5242:4821.415506004685;922:4822.3314180046855;6385:4825.553058004685;3550:4825.814898004685;6322:4831.452138004685;7280:4834.970898004685;2411:4840.806018004685;6281:4845.850132290399;2286:4850.617046576113;2287:4855.383960861827;6538:4860.428075147542;2979:4864.2582595827425
0,20,default_vehtype,boarding,True,4864.2582595827425,4894.2582595827425,2979;-1;-1,2979;-1;-1,0.0,0.9688683817742945,0.9688683817742945,0.0,,0,61,1,61,,,
0,32,default_vehtype,boarding,True,4843.831775386061,4873.831775386061,2973;-1;-1,2973;-1;-1,0.0,0.9982873466546527,0.9982873466546527,0.0,,0,62;60,2,60,,,
0,32,default_vehtype,route,False,4873.831775386061,4884.152205667017,2973;-1;-1,2987;-1;-1,143.3393094577217,0.9982873466546527,0.9982730127237069,0.0,,0,62;60,2,,,2973;7354;4225;2987,2973:4873.831775386061;7354:4877.628942696725;4225:4882.213470696725;2987:4884.152205667017
0,32,default_vehtype,boarding,True,4884.152205667017,4914.152205667017,2987;-1;-1,2987;-1;-1,0.0,0.9982730127237069,0.9982730127237069,0.0,,0,62;60,2,,62,,
0,20,default_vehtype,route,False,4894.2582595827425,4989.791369758564,2979;-1;-1,2983;-1;-1,796.1092514652021,0.9688683817742945,0.9687887708491479,0.0,,0,61,1,,,2979;2786;2411;1661;7283;796;751;4635;6299;4102;4325;7285;1218;7334;7010;820;7498;276;2915;2661;7517;6201;7314;2983,2979:4894.2582595827425;2786:4896.263195147541;2411:4902.098315147541;1661:4907.898155147541;7283:4908.947195147541;796:4917.739715147541;751:4919.64759514754;4635:4924.756235147541;6299:4930.71531514754;4102:4933.07463514754;4325:4938.36579514754;7285:4939.282715147539;1218:4940.405915147539;7334:4947.987035147539;7010:4950.894515147539;820:4952.875475147539;7498:4953.343475147539;276:4953.455075147539;2915:4964.8010751475385;2661:4972.034435147539;7517:4979.346395147539;6201:4980.207515147538;7314:4987.102835147538;2983:4989.791369758564
0,20,default_vehtype,boarding,True,4989.791369758564,5019.791369758564,2983;-1;-1,2983;-1;-1,0.0,0.9687887708491479,0.9687887708491479,0.0,,0,61,1,,61,,
0,32,default_vehtype,route,False,4914.152205667017,5076.381539744777,2987;-1;-1,2969;-1;-1,1787.9925288577945,0.9982730127237069,0.9980942134708212,0.0,,0,60,1,,,2987;4613;7368;7606;5900;3459;4818;5992;6047;5708;3884;3030;3347;7376;2207;3446;3720;5332;251;2711;3358;2296;5495;5697;5497;5500;670;5502;5512;5520;5531;6313;6632;6644;3793;6319;7102;3741;7384;6414;5446;2447;2571;42;2577;2566;3033;3036;2469;2404;2235;3762;5287;310;2280;1447;6261;3764;4397;4745;4182;4187;4191;4195;4202;336;2969,2987:4914.152205667017;4613:4915.748454696725;7368:4927.453566696725;7606:4927.682958696725;5900:4931.154654696725;3459:4931.910222696724;4818:4932.525102696724;5992:4933.001886696725;6047:4937.1904146967245;5708:4938.584694696725;3884:4941.124278696725;3030:4941.6223026967255;3347:4943.646510696725;7376:4944.081894696726;2207:4944.490782696726;3446:4947.314190696726;3720:4950.343878696725;5332:4951.335318696725;251:4952.082894696725;2711:4953.220710696725;3358:4955.435718696725;2296:4963.736718696726;5495:4963.953558696726;5697:4965.057318696726;5497:4965.754758696726;5500:4968.661998696725;670:4970.059398696725;5502:4972.406838696725;5512:4975.928598696724;5520:4978.382598696724;5531:4980.079518696724;6313:4981.104558696725;6632:4983.401598696725;6644:4984.972878696725;3793:4986.822078696725;6319:4987.737798696725;7102:4988.215878696725;3741:4988.755518696725;7384:4996.414518696724;6414:5001.621678696724;5446:5003.889438696724;2447:5007.825558696724;2571:5015.4144786967245;42:5020.082478696724;2577:5020.754958696724;2566:5029.354038696724;3033:5029.984998696725;3036:5032.254558696724;2469:5035.846878696724;2404:5039.170398696724;2235:5040.453798696724;3762:5040.877230696724;5287:5041.4162946967235;310:5044.206510696724;2280:5044.805622696724;1447:5045.251518696724;6261:5049.129510696724;3764:5050.135206696724;4397:5050.685862696724;4745:5050.912158696724;4182:5055.365934696724;4187:5058.027990696724;4191:5058.766278696724;4195:5073.229566696724;4202:5074.232094696724;336:5075.255214696724;2969:5076.381539744777
0,20,default_vehtype,route,False,5019.791369758564,5120.368499582735,2983;-1;-1,2979;-1;-1,838.142748534798,0.9687887708491479,0.9687049565742945,0.0,,0,,0,,,2983;7527;2802;2251;7515;7037;7512;3274;2902;3901;7011;7336;4365;7288;1182;1001;6296;1434;3820;3877;2787;4993;6537;2979,2983:5019.791369758564;7527:5024.318315147538;2802:5031.533795147538;2251:5038.429115147537;7515:5039.290235147537;7037:5046.602195147537;7512:5053.835555147537;3274:5065.1815551475365;2902:5065.293155147537;3901:5065.761155147537;7011:5067.742115147536;7336:5070.649595147536;4365:5078.230715147536;7288:5079.353915147536;1182:5080.270835147536;1001:5085.5619951475355;6296:5087.921315147535;1434:5093.880395147535;3820:5098.989035147535;3877:5100.896915147535;2787:5109.689435147535;4993:5110.738475147535;6537:5116.538315147534;2979:5120.368499582735
0,20,default_vehtype,boarding,True,5120.368499582735,5150.368499582735,2979;-1;-1,2979;-1;-1,0.0,0.9687049565742945,0.9687049565742945,0.0,,0,66,1,66,,,
0,32,default_vehtype,boarding,True,5076.381539744777,5106.381539744777,2969;-1;-1,2969;-1;-1,0.0,0.9980942134708212,0.9980942134708212,0.0,,0,60,1,,60,,
0,32,default_vehtype,route,False,5106.381539744777,5160.9767862198005,2969;-1;-1,2968;-1;-1,758.2673121531342,0.9980942134708212,0.9980183867396059,0.0,,0,,0,,,2969;7192;1664;337;1075;537;18;5629;1068;2559;6740;1717;2067;2720;4210;1711;2968,2969:5106.381539744777;7192:5109.985182696723;1664:5113.2390786967235;337:5120.999310696723;1075:5122.023150696723;537:5122.977150696723;18:5128.844718696722;5629:5134.694142696722;1068:5137.246542696722;2559:5144.2971426967215;6740:5148.767766696721;1717:5154.601494696721;2067:5155.339278696721;2720:5156.10269469672;4210:5157.000966696721;1711:5158.130646696721;2968:5160.9767862198005
0,32,default_vehtype,boarding,True,5160.9767862198005,5190.9767862198005,2968;-1;-1,2968;-1;-1,0.0,0.9980183867396059,0.9980183867396059,0.0,,0,69,1,69,,,
0,20,default_vehtype,route,False,5150.368499582735,5382.851991165631,2979;-1;-1,2993;-1;-1,3080.537518846917,0.9687049565742945,0.9683969028224098,0.0,,0,66,1,,,2979;2786;2307;3549;6384;4032;1804;4811;5237;608;459;2416;4011;5246;363;366;2314;2877;1748;2880;906;984;2268;1857;1806;1371;938;5442;4054;2205;1369;2047;3631;4079;4572;4577;778;3636;3639;3642;7178;5275;5297;5072;1464;2847;5825;4587;5794;3202;2065;2023;4203;537;18;5629;1068;2559;6740;1717;2067;2063;1937;6789;3895;5465;7450;2993,2979:5150.368499582735;2786:5152.373435147534;2307:5155.892195147534;3549:5161.529435147534;6384:5161.791275147534;4032:5165.012915147534;1804:5165.928827147534;4811:5167.611467147534;5237:5172.351947147535;608:5181.2180271475345;459:5181.547787147534;2416:5183.761427147534;4011:5184.425555147534;5246:5190.350723147534;363:5197.259411147535;366:5198.664491147535;2314:5199.809363147535;2877:5212.980467147535;1748:5214.098987147535;2880:5215.260779147535;906:5227.486091147534;984:5230.255787147535;2268:5231.003651147535;1857:5231.389571147534;1806:5232.051755147534;1371:5232.721931147534;938:5235.3030591475335;5442:5245.023707147534;4054:5252.663699147534;2205:5258.4161391475345;1369:5264.862299147535;2047:5265.805355147535;3631:5267.368187147535;4079:5268.435443147535;4572:5272.2338751475345;4577:5273.966555147535;778:5278.272875147534;3636:5279.276267147534;3639:5280.129395147534;3642:5281.192979147534;7178:5284.771379147534;5275:5289.280667147535;5297:5292.659483147535;5072:5292.889739147535;1464:5299.830251147535;2847:5300.900963147535;5825:5303.799611147535;4587:5306.079923147535;5794:5307.700067147535;3202:5311.821419147535;2065:5316.965675147535;2023:5322.524003147535;4203:5323.324787147535;537:5324.278787147535;18:5330.146355147534;5629:5335.995779147534;1068:5338.548179147534;2559:5345.598779147534;6740:5350.069403147533;1717:5355.903131147533;2067:5356.640915147533;2063:5357.357171147532;1937:5360.627123147532;6789:5371.163531147532;3895:5372.430515147532;5465:5379.962435147532;7450:5380.946675147532;2993:5382.851991165631
0,32,default_vehtype,route,False,5190.9767862198005,5385.0615518425775,2968;-1;-1,2981;-1;-1,2596.441960617134,0.9980183867396059,0.9977587425435441,0.0,,0,69,1,,,2968;98;2497;7434;2760;542;1074;4204;5649;5760;205;5793;1407;5826;7411;4686;5074;5295;5274;7181;604;603;602;3851;4573;1400;971;598;1368;591;585;940;1370;939;1903;983;3921;840;2881;5099;2878;1735;2581;370;361;2874;1887;4059;910;6541;3462;3648;2851;2850;1801;1560;5242;922;6385;3550;2981,2968:5190.9767862198005;98:5196.746454696721;2497:5198.257086696722;7434:5205.464934696722;2760:5212.003470696722;542:5219.531574696722;1074:5220.464982696722;4204:5221.4466306967215;5649:5222.2474146967215;5760:5227.805742696722;205:5232.949998696721;5793:5237.071350696721;1407:5238.691494696722;5826:5240.971806696722;7411:5243.870454696722;4686:5244.941166696722;5074:5251.881678696722;5295:5252.111934696722;5274:5255.490750696722;7181:5260.000038696722;604:5263.5784386967225;603:5264.642022696723;602:5265.495150696723;3851:5266.498542696722;4573:5270.804862696722;1400:5272.537542696722;971:5276.335974696722;598:5277.403230696722;1368:5278.363566696722;591:5284.234518696722;585:5297.405766696722;940:5303.985630696722;1370:5311.012254696722;939:5311.708926696722;1903:5312.5305186967225;983:5313.513030696722;3921:5317.311174696722;840:5321.8720146967225;2881:5328.502638696723;5099:5329.655502696723;2878:5330.783526696722;1735:5341.767846696722;2581:5343.107262696722;370:5344.690110696722;361:5347.187214696722;2874:5347.773222696722;1887:5353.4286066967215;4059:5355.347910696722;910:5359.864110696722;6541:5360.528238696722;3462:5362.741878696722;3648:5363.0716386967215;2851:5367.745878696722;2850:5368.679238696722;1801:5371.974918696722;1560:5376.715398696722;5242:5378.398038696722;922:5379.313950696723;6385:5382.5355906967225;3550:5382.797430696723;2981:5385.0615518425775
0,20,default_vehtype,boarding,True,5382.851991165631,5412.851991165631,2993;-1;-1,2993;-1;-1,0.0,0.9683969028224098,0.9683969028224098,0.0,,0,66,1,,66,,
0,20,default_vehtype,route,False,5412.851991165631,5418.716760712758,2993;-1;-1,2967;-1;-1,81.45513259898192,0.9683969028224098,0.9683887573091499,0.0,,0,,0,,,2993;4483;7446;1960;2967,2993:5412.851991165631;4483:5413.613411147532;7446:5416.280147147532;1960:5417.264387147532;2967:5418.716760712758
0,20,default_vehtype,boarding,True,5418.716760712758,5448.716760712758,2967;-1;-1,2967;-1;-1,0.0,0.9683887573091499,0.9683887573091499,0.0,,0,72,1,72,,,
0,32,default_vehtype,boarding,True,5385.0615518425775,5415.0615518425775,2981;-1;-1,2981;-1;-1,0.0,0.9977587425435441,0.9977587425435441,0.0,,0,69,1,,69,,
0,20,default_vehtype,route,False,5448.716760712758,5460.0,2967;-1;-1,6788;5444;0.374,156.71165676725337,0.9683887573091499,0.9683730861434732,0.0,,0,72,1,,,2967;3896;6788,2967:5448.716760712758;3896:5454.796307147532;6788:5456.063291147532
0,20,default_vehtype,route,False,5460.0,5506.648432195586,6788;5444;0.374,2969;-1;-1,647.8948916053595,0.9683730861434732,0.9683082966543126,0.0,,0,72,1,,,6788;5444;1716;2720;4210;1711;98;2497;7434;2760;542;1074;336;2969,6788:5460;5444:5466.599699147532;1716:5469.390059147532;2720:5470.136699147532;4210:5471.034971147533;1711:5472.164651147533;98:5480.780459147532;2497:5482.291091147533;7434:5489.498939147533;2760:5496.037475147533;542:5503.565579147533;1074:5504.498987147533;336:5505.522107147533;2969:5506.648432195586
0,32,default_vehtype,route,False,5415.0615518425775,5494.150946001697,2981;-1;-1,2978;-1;-1,682.0646846593124,0.9977587425435441,0.9976905360750782,0.0,,0,,0,,,2981;6320;3549;6384;4032;1804;4277;5239;6501;3911;5389;7301;918;3075;7097;7290;2736;1744;1164;2789;1182;2978,2981:5415.0615518425775;6320:5418.434670696723;3549:5424.071910696723;6384:5424.333750696723;4032:5427.5553906967225;1804:5428.471302696723;4277:5430.059382696723;5239:5435.564022696723;6501:5441.526582696723;3911:5450.881422696723;5389:5451.947262696724;7301:5452.201182696724;918:5453.343342696724;3075:5461.216302696724;7097:5462.065662696724;7290:5467.867782696724;2736:5476.586262696725;1744:5478.041502696725;1164:5489.150022696725;2789:5490.561822696724;1182:5491.478742696724;2978:5494.150946001697
0,20,default_vehtype,boarding,True,5506.648432195586,5536.648432195586,2969;-1;-1,2969;-1;-1,0.0,0.9683082966543126,0.9683082966543126,0,,0,72;74,2,74,,,
0,32,default_vehtype,boarding,True,5494.150946001697,5524.150946001697,2978;-1;-1,2978;-1;-1,0.0,0.9976905360750782,0.9976905360750782,0,,0,73,1,73,,,
0,20,default_vehtype,route,False,5536.648432195586,5715.904964293388,2969;-1;-1,2981;-1;-1,2390.494272770268,0.9683082966543126,0.9680692472270356,0.0,,0,72;74,2,,,2969;7192;1664;337;1075;5648;5759;205;5793;1407;5826;7411;4686;5074;5295;5274;7181;604;603;602;3851;4573;1400;971;598;1368;591;585;940;1370;939;1903;983;3921;840;2881;5099;2878;1735;2581;370;361;2874;1887;4059;910;6541;3462;3648;2851;2850;1801;1560;5242;922;6385;3550;2981,2969:5536.648432195586;7192:5540.252075147532;1664:5543.505971147532;337:5551.266203147532;1075:5552.290043147532;5648:5553.090827147532;5759:5558.649155147532;205:5563.7934111475315;5793:5567.914763147532;1407:5569.534907147532;5826:5571.815219147532;7411:5574.713867147532;4686:5575.784579147532;5074:5582.725091147532;5295:5582.955347147532;5274:5586.334163147532;7181:5590.8434511475325;604:5594.421851147533;603:5595.485435147533;602:5596.338563147533;3851:5597.341955147533;4573:5601.648275147532;1400:5603.380955147532;971:5607.179387147532;598:5608.246643147532;1368:5609.206979147532;591:5615.077931147533;585:5628.249179147532;940:5634.8290431475325;1370:5641.855667147533;939:5642.552339147533;1903:5643.373931147533;983:5644.356443147532;3921:5648.154587147533;840:5652.715427147533;2881:5659.346051147533;5099:5660.498915147533;2878:5661.6269391475325;1735:5672.611259147532;2581:5673.950675147532;370:5675.533523147532;361:5678.030627147532;2874:5678.616635147532;1887:5684.272019147532;4059:5686.191323147532;910:5690.707523147532;6541:5691.371651147532;3462:5693.585291147532;3648:5693.915051147532;2851:5698.589291147532;2850:5699.522651147532;1801:5702.818331147532;1560:5707.558811147533;5242:5709.241451147533;922:5710.157363147533;6385:5713.379003147533;3550:5713.640843147533;2981:5715.904964293388
0,20,default_vehtype,boarding,True,5715.904964293388,5745.904964293388,2981;-1;-1,2981;-1;-1,0.0,0.9680692472270356,0.9680692472270356,0.0,,0,72;74,2,,72,,
0,32,default_vehtype,route,False,5524.150946001697,5737.663787744777,2978;-1;-1,2969;-1;-1,2609.13704257042,0.9976905360750782,0.9974296223708212,0.0,,0,73,1,,,2978;4103;6297;1434;3820;3877;2787;4993;6537;7281;2307;3549;6384;4032;1804;4811;5237;608;459;2416;4011;5246;363;366;2314;2877;1748;2880;906;984;2268;1857;1806;1371;938;5442;4054;2205;1369;2047;3631;4079;4572;4577;778;3636;3639;3642;7178;5275;5297;5072;1464;2847;5825;4587;5794;3202;2065;2023;4203;4198;336;2969,2978:5524.150946001697;4103:5526.769902696725;6297:5529.129222696724;1434:5535.088302696724;3820:5540.196942696724;3877:5542.104822696724;2787:5550.897342696724;4993:5551.946382696724;6537:5557.746222696724;7281:5563.581342696723;2307:5567.100102696723;3549:5572.737342696723;6384:5572.999182696723;4032:5576.220822696723;1804:5577.136734696724;4811:5578.819374696724;5237:5583.559854696724;608:5592.425934696724;459:5592.755694696723;2416:5594.969334696723;4011:5595.633462696724;5246:5601.558630696723;363:5608.467318696724;366:5609.872398696724;2314:5611.017270696724;2877:5624.188374696724;1748:5625.306894696724;2880:5626.468686696724;906:5638.693998696724;984:5641.463694696724;2268:5642.211558696724;1857:5642.597478696724;1806:5643.259662696723;1371:5643.929838696723;938:5646.510966696723;5442:5656.231614696723;4054:5663.871606696724;2205:5669.624046696724;1369:5676.070206696724;2047:5677.013262696724;3631:5678.576094696724;4079:5679.643350696724;4572:5683.441782696724;4577:5685.174462696724;778:5689.4807826967235;3636:5690.484174696723;3639:5691.337302696723;3642:5692.400886696723;7178:5695.979286696724;5275:5700.488574696724;5297:5703.867390696724;5072:5704.097646696724;1464:5711.038158696724;2847:5712.108870696724;5825:5715.007518696724;4587:5717.287830696724;5794:5718.9079746967245;3202:5723.029326696725;2065:5728.173582696724;2023:5733.731910696724;4203:5734.532694696724;4198:5735.514342696724;336:5736.537462696724;2969:5737.663787744777
0,20,default_vehtype,route,False,5745.904964293388,5782.08420472559,2981;-1;-1,2979;-1;-1,176.13052741122,0.9680692472270356,0.9680516341742945,0.0,,0,74,1,,,2981;6320;7278;2411;6281;2286;2287;6538;2979,2981:5745.904964293388;6320:5749.278083147533;7278:5752.796843147533;2411:5758.631963147533;6281:5763.676077433247;2286:5768.442991718961;2287:5773.209906004675;6538:5778.254020290389;2979:5782.08420472559
0,20,default_vehtype,boarding,True,5782.08420472559,5812.08420472559,2979;-1;-1,2979;-1;-1,0.0,0.9680516341742945,0.9680516341742945,0.0,,0,74,1,,74,,
0,32,default_vehtype,boarding,True,5737.663787744777,5767.663787744777,2969;-1;-1,2969;-1;-1,0.0,0.9974296223708212,0.9974296223708212,0.0,,0,73,1,,73,,
0,32,default_vehtype,route,False,5767.663787744777,5814.647250534739,2969;-1;-1,2970;-1;-1,456.06829520493284,0.9974296223708212,0.9973840155413007,0.0,,0,,0,,,2969;7192;1664;1659;4844;3270;4850;6823;1946;7401;3560;2970,2969:5767.663787744777;7192:5771.267430696724;1664:5774.521326696724;1659:5779.280886696724;4844:5791.553406696725;3270:5793.426486696725;4850:5798.979606696725;6823:5806.459926696724;1946:5810.713206696724;7401:5811.912246696725;3560:5812.987806696725;2970:5814.647250534739
0,32,default_vehtype,boarding,True,5814.647250534739,5844.647250534739,2970;-1;-1,2970;-1;-1,0.0,0.9973840155413007,0.9973840155413007,0,,0,78,1,78,,,
0,20,default_vehtype,route,False,5812.08420472559,5977.0103562426375,2979;-1;-1,2974;-1;-1,1518.3813195196117,0.9680516341742945,0.9678997960423424,0.0,,0,,0,,,2979;2786;2307;3549;6384;4032;1804;4277;5239;6501;3911;5389;7301;3914;5398;5400;4040;4041;5374;5418;5424;5403;6546;1200;7312;3767;4527;3089;3131;5447;7352;414;122;3426;4305;793;118;3979;4275;103;6480;7360;3154;6028;2181;2180;146;2828;2974,2979:5812.08420472559;2786:5814.089140290389;2307:5817.607900290389;3549:5823.245140290389;6384:5823.506980290389;4032:5826.728620290389;1804:5827.644532290389;4277:5829.23261229039;5239:5834.73725229039;6501:5840.69981229039;3911:5850.05465229039;5389:5851.12049229039;7301:5851.37441229039;3914:5852.55809229039;5398:5853.73493229039;5400:5855.0615322903905;4040:5864.36633229039;4041:5867.31065229039;5374:5871.56321229039;5418:5872.600492290389;5424:5872.74377229039;5403:5873.849092290389;6546:5878.0759722903895;1200:5882.68505229039;7312:5884.17881229039;3767:5886.18521229039;4527:5888.98205229039;3089:5897.39165229039;3131:5897.87189229039;5447:5900.25953229039;7352:5901.57089229039;414:5904.04061229039;122:5916.39497229039;3426:5917.64849229039;4305:5919.05081229039;793:5931.16637229039;118:5937.03065229039;3979:5938.88119629039;4275:5939.4725322903905;103:5940.615460290391;6480:5953.937188290391;7360:5959.43906829039;3154:5960.530876290391;6028:5961.4920042903905;2181:5965.724061433248;2180:5969.956118576105;146:5970.917246576105;2828:5972.009054576105;2974:5977.0103562426375
0,20,default_vehtype,boarding,True,5977.0103562426375,6007.0103562426375,2974;-1;-1,2974;-1;-1,0.0,0.9678997960423424,0.9678997960423424,0.0,,0,84,1,84,,,
0,20,default_vehtype,route,False,6007.0103562426375,6055.523549546398,2974;-1;-1,2987;-1;-1,673.794351441106,0.9678997960423424,0.9678324166071983,0.0,,0,84,1,,,2974;6479;7359;3154;6028;5745;6035;5743;6038;6041;7365;2179;3064;6023;3524;7356;4225;2987,2974:6007.0103562426375;6479:6007.510934576105;7359:6013.012814576105;3154:6014.104622576105;6028:6015.065750576105;5745:6016.557374576105;6035:6018.4807825761045;5743:6019.850222576105;6038:6021.865646576105;6041:6023.141918576105;7365:6029.805086576105;2179:6033.813326576105;3064:6035.115302576105;6023:6036.379982576105;3524:6038.121446576105;7356:6049.000286576105;4225:6053.584814576106;2987:6055.523549546398
0,32,default_vehtype,route,False,5844.647250534739,6035.060979961068,2970;-1;-1,2980;-1;-1,2063.6293026972107,0.9973840155413007,0.9971776526110311,0.0,,0,78,1,,,2970;671;544;7400;5449;6824;4848;3271;4846;4989;5000;337;1075;5648;5759;205;5793;1407;5826;7411;4686;5074;5295;5274;7181;604;603;602;3851;4573;1400;971;598;1368;591;585;940;1370;939;1903;983;3921;840;2881;5099;1157;2058;2092;915;2980,2970:5844.647250534739;671:5845.677366696725;544:5848.3669266967245;7400:5849.442486696725;5449:5850.641526696725;6824:5854.894806696725;4848:5862.375126696725;3271:5867.928246696724;4846:5869.801326696725;4989:5882.073846696725;5000:5886.833406696725;337:5894.593638696725;1075:5895.617478696725;5648:5896.418262696725;5759:5901.976590696725;205:5907.120846696725;5793:5911.242198696725;1407:5912.862342696725;5826:5915.142654696725;7411:5918.041302696725;4686:5919.112014696725;5074:5926.052526696725;5295:5926.282782696725;5274:5929.661598696725;7181:5934.170886696726;604:5937.749286696726;603:5938.812870696726;602:5939.665998696726;3851:5940.669390696726;4573:5944.975710696725;1400:5946.7083906967255;971:5950.506822696725;598:5951.574078696725;1368:5952.534414696725;591:5958.405366696726;585:5971.576614696725;940:5978.156478696726;1370:5985.183102696726;939:5985.879774696726;1903:5986.701366696726;983:5987.6838786967255;3921:5991.482022696726;840:5996.042862696726;2881:6002.673486696726;5099:6003.826350696726;1157:6008.565493553869;2058:6014.355322125297;2092:6017.74446498244;915:6022.862636411011;2980:6035.060979961068
0,20,default_vehtype,boarding,True,6055.523549546398,6085.523549546398,2987;-1;-1,2987;-1;-1,0.0,0.9678324166071983,0.9678324166071983,0,,0,84,1,,84,,
0,32,default_vehtype,boarding,True,6035.060979961068,6065.060979961068,2980;-1;-1,2980;-1;-1,0.0,0.9971776526110311,0.9971776526110311,0,,0,78,1,,78,,
0,32,default_vehtype,route,False,6065.060979961068,6242.525741430272,2980;-1;-1,2978;-1;-1,1101.072359527437,0.9971776526110311,0.9970675453750784,0.0,,0,,0,,,2980;914;2135;1730;2664;2579;2961;2407;2581;370;361;2874;1887;4059;910;6541;3462;3648;2851;2850;1801;1560;5242;4277;5239;6501;3911;5389;7301;918;3075;7097;7290;2736;1744;1164;2789;1182;2978,2980:6065.060979961068;914:6080.943150696726;2135:6088.894007839583;1730:6104.350350696725;2664:6106.17246498244;2579:6111.048407839583;2961:6127.8192649824405;2407:6133.068064982441;2581:6141.555322125298;370:6143.138170125298;361:6145.635274125298;2874:6146.221282125298;1887:6151.876666125298;4059:6153.795970125298;910:6158.312170125298;6541:6158.976298125298;3462:6161.189938125298;3648:6161.5196981252975;2851:6166.193938125298;2850:6167.127298125298;1801:6170.422978125298;1560:6175.163458125298;5242:6176.846098125298;4277:6178.434178125299;5239:6183.938818125299;6501:6189.901378125299;3911:6199.256218125299;5389:6200.322058125299;7301:6200.575978125299;918:6201.718138125299;3075:6209.591098125299;7097:6210.440458125299;7290:6216.2425781253;2736:6224.9610581253;1744:6226.4162981253;1164:6237.5248181253;2789:6238.9366181253;1182:6239.8535381253;2978:6242.525741430272
0,32,default_vehtype,boarding,True,6242.525741430272,6272.525741430272,2978;-1;-1,2978;-1;-1,0.0,0.9970675453750784,0.9970675453750784,0.0,,0,87,1,87,,,
0,32,default_vehtype,route,False,6272.525741430272,6341.503802128296,2978;-1;-1,2981;-1;-1,459.00231534068763,0.9970675453750784,0.9970216451435442,0.0,,0,87,1,,,2978;4103;6297;1434;3820;3877;2787;4993;6537;7281;2307;3549;3552;536;535;533;2981,2978:6272.525741430272;4103:6275.1446981253;6297:6277.5040181253;1434:6283.463098125299;3820:6288.5717381253;3877:6290.4796181253;2787:6299.2721381252995;4993:6300.321178125299;6537:6306.121018125299;7281:6311.956138125299;2307:6315.474898125299;3549:6321.112138125299;3552:6326.341395268156;536:6330.17590955387;535:6334.010423839584;533:6339.239680982441;2981:6341.503802128296
0,20,default_vehtype,to_depot,True,6120.0,6384.656958294053,2987;-1;-1,2980;-1;-1,2517.448126759938,0.9678324166071983,0.9675806717945223,0.0,,0,,0,,,2987;4613;1084;7357;3525;6025;3063;6027;7362;2188;2186;5744;6033;5746;6031;146;2828;2376;3091;4274;880;3109;3874;4306;429;3125;3406;2825;1944;130;99;4526;714;2800;4339;2419;5404;5421;1925;1883;926;925;5399;1905;830;2795;1891;827;6499;1803;1141;5241;4811;5237;608;459;2416;4011;5246;363;366;2314;2877;1748;1743;1157;2058;2092;915;2980,2987:6120;4613:6121.596249029708;1084:6125.131233029708;7357:6129.715761029708;3525:6140.594601029708;6025:6142.336065029708;3063:6143.600745029708;6027:6144.902721029708;7362:6148.910961029708;2188:6155.574129029708;2186:6156.850401029708;5744:6158.8658250297085;6033:6160.235265029709;5746:6162.158673029709;6031:6163.650297029709;146:6164.611425029709;2828:6165.703233029709;2376:6171.205113029709;3091:6184.5268410297085;4274:6185.669769029709;880:6186.261105029709;3109:6188.111649029709;3874:6193.975929029709;4306:6206.091489029709;429:6207.493809029709;3125:6208.747329029709;3406:6221.10168902971;2825:6223.57140902971;1944:6224.882769029709;130:6227.270409029709;99:6227.750649029709;4526:6236.160249029709;714:6238.957089029709;2800:6240.963489029709;4339:6242.45724902971;2419:6247.06632902971;5404:6251.29320902971;5421:6252.39852902971;1925:6252.54180902971;1883:6253.579089029709;926:6257.831649029709;925:6260.775969029709;5399:6270.080769029709;1905:6271.407369029709;830:6272.584209029709;2795:6273.767889029709;1891:6274.021809029709;827:6275.08764902971;6499:6284.44248902971;1803:6290.4050490297095;1141:6295.90968902971;5241:6297.49776902971;4811:6299.18040902971;5237:6303.92088902971;608:6312.78696902971;459:6313.11672902971;2416:6315.33036902971;4011:6315.99449702971;5246:6321.91966502971;363:6328.82835302971;366:6330.233433029711;2314:6331.378305029711;2877:6344.549409029711;1748:6345.667929029711;1743:6353.42232902971;1157:6358.161471886853;2058:6363.951300458281;2092:6367.340443315425;915:6372.458614743996;2980:6384.656958294053
0,32,default_vehtype,boarding,True,6341.503802128296,6371.503802128296,2981;-1;-1,2981;-1;-1,0.0,0.9970216451435442,0.9970216451435442,0.0,,0,87,1,,87,,
0,20,default_vehtype,out_of_service,True,6384.656958294053,6420.0,2980;-1;-1,2980;-1;-1,0.0,0.9675806717945223,0.9675806717945223,0.0,,0,,0,,,,
0,32,default_vehtype,route,False,6371.503802128296,6534.27937693469,2981;-1;-1,2974;-1;-1,1500.4598469308316,0.9970216451435442,0.9968715991588512,0.0,,0,,0,,,2981;6320;3549;6384;4032;1804;4277;5239;6501;3911;5389;7301;3914;5398;5400;4040;4041;5374;5418;5424;5403;6546;1200;7312;3767;4527;3089;3131;5447;7352;414;122;3426;4305;793;118;3979;4275;103;6480;7360;3154;6028;2181;2180;146;2828;2974,2981:6371.503802128296;6320:6374.876920982441;3549:6380.514160982441;6384:6380.7760009824415;4032:6383.997640982441;1804:6384.913552982442;4277:6386.501632982442;5239:6392.006272982442;6501:6397.968832982442;3911:6407.323672982442;5389:6408.389512982442;7301:6408.643432982442;3914:6409.8271129824425;5398:6411.003952982443;5400:6412.330552982443;4040:6421.635352982443;4041:6424.579672982442;5374:6428.832232982442;5418:6429.869512982442;5424:6430.012792982442;5403:6431.118112982442;6546:6435.344992982442;1200:6439.954072982442;7312:6441.447832982442;3767:6443.454232982443;4527:6446.251072982443;3089:6454.6606729824425;3131:6455.140912982442;5447:6457.528552982442;7352:6458.839912982442;414:6461.309632982442;122:6473.663992982442;3426:6474.9175129824425;4305:6476.319832982443;793:6488.435392982443;118:6494.299672982443;3979:6496.1502169824425;4275:6496.741552982443;103:6497.884480982443;6480:6511.206208982443;7360:6516.708088982443;3154:6517.799896982443;6028:6518.761024982443;2181:6522.9930821253;2180:6527.225139268157;146:6528.186267268157;2828:6529.278075268157;2974:6534.27937693469
0,20,default_vehtype,out_of_service,True,6480.0,6540.0,2980;-1;-1,2980;-1;-1,0.0,0.9675806717945223,0.9675806717945223,0.0,,0,,0,,,,
0,32,default_vehtype,boarding,True,6534.27937693469,6564.27937693469,2974;-1;-1,2974;-1;-1,0.0,0.9968715991588512,0.9968715991588512,0,,0,88,1,88,,,
0,32,default_vehtype,route,False,6564.27937693469,6708.706723922733,2974;-1;-1,2982;-1;-1,1300.2674156418352,0.9968715991588512,0.9967415724172869,0.0,,0,88,1,,,2974;6479;3091;4274;880;3109;3874;4306;429;3125;3406;2825;1944;130;99;4526;714;2800;4339;2419;5404;5421;1925;1883;926;925;5399;1905;830;2795;918;3075;7097;7290;2736;1744;1164;2789;1218;2982,2974:6564.27937693469;6479:6564.779955268157;3091:6578.101683268157;4274:6579.244611268157;880:6579.835947268158;3109:6581.686491268158;3874:6587.550771268157;4306:6599.666331268158;429:6601.068651268158;3125:6602.322171268158;3406:6614.676531268158;2825:6617.146251268158;1944:6618.457611268158;130:6620.845251268158;99:6621.325491268158;4526:6629.735091268158;714:6632.531931268158;2800:6634.538331268158;4339:6636.032091268158;2419:6640.641171268158;5404:6644.8680512681585;5421:6645.973371268158;1925:6646.116651268158;1883:6647.153931268158;926:6651.406491268158;925:6654.3508112681575;5399:6663.655611268157;1905:6664.982211268158;830:6666.159051268158;2795:6667.342731268158;918:6668.484891268158;3075:6676.357851268158;7097:6677.207211268158;7290:6683.009331268158;2736:6691.727811268158;1744:6693.183051268158;1164:6704.291571268158;2789:6705.703371268158;1218:6706.826571268158;2982:6708.706723922733
0,32,default_vehtype,boarding,True,6708.706723922733,6738.706723922733,2982;-1;-1,2982;-1;-1,0.0,0.9967415724172869,0.9967415724172869,0,,0,88;90,2,90,88,,
0,32,default_vehtype,route,False,6738.706723922733,6786.212025879182,2982;-1;-1,2983;-1;-1,395.8775163037552,0.9967415724172869,0.9967019846656565,0.0,,0,90,1,,,2982;2809;7010;820;7498;276;2915;2661;7517;6201;7314;2983,2982:6738.706723922733;2809:6744.407691268158;7010:6747.315171268157;820:6749.296131268157;7498:6749.764131268157;276:6749.875731268157;2915:6761.221731268157;2661:6768.455091268157;7517:6775.767051268157;6201:6776.628171268157;7314:6783.523491268156;2983:6786.212025879182
0,32,default_vehtype,boarding,True,6786.212025879182,6816.212025879182,2983;-1;-1,2983;-1;-1,0.0,0.9967019846656565,0.9967019846656565,0.0,,0,90,1,,90,,
0,20,default_vehtype,route,False,6600,6899.136694853566,2980;-1;-1,2973;-1;-1,2548.1465637823408,0.9675806717945223,0.9673258571381441,0.0,,0,,0,,,2980;914;2135;1730;2664;2579;2961;2407;2581;370;361;2874;1887;4059;910;6541;3462;3648;2851;2850;1801;1560;5242;4277;5239;6501;3911;5389;7301;3914;5398;5400;4040;4041;5374;5418;5424;5403;6546;1200;7312;3767;4527;3089;3131;5447;7352;414;122;3426;4305;793;118;3979;4275;103;6480;7360;3154;6028;5745;6035;5743;6038;6041;7365;6050;6068;6077;3629;4502;6912;2108;7370;1420;1084;2973,2980:6600;914:6615.882170735657;2135:6623.833027878514;1730:6639.289370735657;2664:6641.111485021372;2579:6645.987427878515;2961:6662.758285021372;2407:6668.007085021372;2581:6676.494342164229;370:6678.077190164229;361:6680.574294164229;2874:6681.1603021642295;1887:6686.815686164229;4059:6688.734990164229;910:6693.251190164229;6541:6693.91531816423;3462:6696.1289581642295;3648:6696.458718164229;2851:6701.132958164229;2850:6702.066318164229;1801:6705.36199816423;1560:6710.10247816423;5242:6711.78511816423;4277:6713.37319816423;5239:6718.8778381642305;6501:6724.8403981642305;3911:6734.19523816423;5389:6735.261078164231;7301:6735.514998164231;3914:6736.698678164231;5398:6737.875518164231;5400:6739.202118164231;4040:6748.506918164231;4041:6751.451238164231;5374:6755.703798164231;5418:6756.74107816423;5424:6756.88435816423;5403:6757.98967816423;6546:6762.21655816423;1200:6766.82563816423;7312:6768.319398164231;3767:6770.325798164231;4527:6773.122638164231;3089:6781.532238164231;3131:6782.012478164231;5447:6784.400118164231;7352:6785.71147816423;414:6788.18119816423;122:6800.535558164231;3426:6801.789078164231;4305:6803.191398164231;793:6815.306958164231;118:6821.171238164231;3979:6823.021782164231;4275:6823.613118164231;103:6824.7560461642315;6480:6838.077774164231;7360:6843.579654164231;3154:6844.671462164231;6028:6845.632590164231;5745:6847.1242141642315;6035:6849.047622164231;5743:6850.4170621642315;6038:6852.432486164232;6041:6853.708758164232;7365:6860.371926164232;6050:6862.6454701642315;6068:6866.871798164231;6077:6867.517494164231;3629:6869.074782164231;4502:6869.537670164231;6912:6874.686102164231;2108:6876.58251016423;7370:6883.10923816423;1420:6894.81435016423;1084:6898.34933416423;2973:6899.136694853566
0,32,default_vehtype,route,False,6840,6900.0,2983;-1;-1,4304;793;0.204,499.99999999999136,0.9967019846656565,0.9966519846656565,0.0,,0,,0,,,2983;7527;2803;7558;2806;4344;2996;3013;7322;2804;3061;1173;3425;4304,2983:6840;7527:6844.526945388974;2803:6852.0819053889745;7558:6859.476905388975;2806:6867.310745388975;4344:6868.513745388976;2996:6870.557225388976;3013:6875.342345388975;7322:6879.352985388976;2804:6882.679745388976;3061:6889.347785388975;1173:6894.946145388975;3425:6896.129105388975;4304:6897.531425388976
0,10,default_vehtype,charging,True,180.0,6918.688965632472,2980;-1;-1,2980;-1;-1,0.0,0.719221293098647,0.999999999999994,7.5,1-4,0,,0,,,,
0,8,default_vehtype,out_of_service,True,4080.0,6918.688965632555,2980;-1;-1,2980;-1;-1,0.0,0.915027971885,0.915027971885,0.0,,0,,0,,,,
0,20,default_vehtype,boarding,True,6899.136694853566,6929.136694853566,2973;-1;-1,2973;-1;-1,0.0,0.9673258571381441,0.9673258571381441,0.0,,0,91,1,91,,,
0,30,default_vehtype,out_of_service,True,180.0,6918.688965632472,2980;-1;-1,2980;-1;-1,0.0,0.8575152195536966,0.8575152195536966,0.0,,0,,0,,,,
0,49,default_vehtype,out_of_service,True,4260.0,6918.688965632558,2980;-1;-1,2980;-1;-1,0.0,0.5568368477629625,0.5568368477629625,0.0,,0,,0,,,,
0,32,default_vehtype,route,False,6900.0,6985.499603446889,4304;793;0.204,2976;-1;-1,649.7972668192936,0.9966519846656565,0.9965870049389746,0.0,,0,,0,,,4304;793;118;3979;4275;3068;70;73;4273;880;3109;3874;4306;429;4313;68;7318;7325;3011;4;4345;7330;2976,4304:6900;793:6909.646985388976;118:6915.5112653889755;3979:6917.361809388975;4275:6917.953145388976;3068:6922.697431103262;70:6924.983431103262;73:6927.269431103262;4273:6932.013716817548;880:6932.605052817548;3109:6934.455596817548;3874:6940.319876817548;4306:6952.435436817548;429:6953.837756817548;4313:6955.020716817548;68:6960.619076817548;7318:6967.287116817548;7325:6970.613876817548;3011:6974.624516817548;4:6979.409636817548;4345:6981.453116817548;7330:6982.6561168175485;2976:6985.499603446889
0,32,default_vehtype,boarding,True,6985.499603446889,7015.499603446889,2976;-1;-1,2976;-1;-1,0.0,0.9965870049389746,0.9965870049389746,0.0,,0,98,1,98,,,
0,10,default_vehtype,out_of_service,True,6960.0,7020.0,2980;-1;-1,2980;-1;-1,0.0,0.999999999999994,0.999999999999994,0.0,,0,,0,,,,
0,30,default_vehtype,out_of_service,True,6960.0,7020.0,2980;-1;-1,2980;-1;-1,0.0,0.8575152195536966,0.8575152195536966,0.0,,0,,0,,,,
0,8,default_vehtype,out_of_service,True,6960.0,7020.0,2980;-1;-1,2980;-1;-1,0.0,0.915027971885,0.915027971885,0.0,,0,,0,,,,
0,32,default_vehtype,route,False,7015.499603446889,7078.7716261827145,2976;-1;-1,2985;-1;-1,539.7519081605719,0.9965870049389746,0.9965330297481585,0.0,,0,98,1,,,2976;7557;2806;4344;2996;3013;7322;2804;3061;1173;3425;4304;793;118;3979;2985,2976:7015.499603446889;7557:7020.489956817549;2806:7028.323796817549;4344:7029.526796817549;2996:7031.57027681755;3013:7036.355396817549;7322:7040.36603681755;2804:7043.69279681755;3061:7050.360836817549;1173:7055.959196817549;3425:7057.142156817549;4304:7058.544476817549;793:7070.66003681755;118:7076.524316817549;3979:7078.374860817549;2985:7078.7716261827145
0,20,default_vehtype,route,False,6929.136694853566,7118.349982818807,2973;-1;-1,2982;-1;-1,1922.294373658451,0.9673258571381441,0.9671336277007783,0.0,,0,91,1,,,2973;7354;3525;6025;3063;6027;7362;2188;2186;5744;6033;5746;6031;146;2828;2376;3091;4274;880;3109;3874;4306;429;3125;3406;2825;1944;130;99;4526;714;2800;4339;2419;5404;5421;1925;1883;926;925;5399;1905;830;2795;918;3075;7097;7290;2736;1744;1164;2789;1218;2982,2973:6929.136694853566;7354:6932.93386216423;3525:6943.81270216423;6025:6945.55416616423;3063:6946.81884616423;6027:6948.12082216423;7362:6952.12906216423;2188:6958.79223016423;2186:6960.06850216423;5744:6962.08392616423;6033:6963.453366164231;5746:6965.3767741642305;6031:6966.868398164231;146:6967.829526164231;2828:6968.921334164231;2376:6974.423214164231;3091:6987.74494216423;4274:6988.887870164231;880:6989.479206164231;3109:6991.329750164231;3874:6997.194030164231;4306:7009.309590164231;429:7010.711910164231;3125:7011.965430164231;3406:7024.319790164232;2825:7026.789510164232;1944:7028.100870164231;130:7030.488510164231;99:7030.968750164231;4526:7039.378350164231;714:7042.175190164231;2800:7044.181590164231;4339:7045.6753501642315;2419:7050.284430164232;5404:7054.511310164232;5421:7055.6166301642315;1925:7055.759910164232;1883:7056.797190164231;926:7061.049750164231;925:7063.994070164231;5399:7073.298870164231;1905:7074.625470164231;830:7075.802310164231;2795:7076.985990164231;918:7078.128150164232;3075:7086.001110164231;7097:7086.850470164231;7290:7092.652590164232;2736:7101.371070164232;1744:7102.826310164232;1164:7113.934830164232;2789:7115.346630164232;1218:7116.469830164232;2982:7118.349982818807
0,32,default_vehtype,boarding,True,7078.7716261827145,7108.7716261827145,2985;-1;-1,2985;-1;-1,0.0,0.9965330297481585,0.9965330297481585,0.0,,0,98;95,2,95,,,
0,10,default_vehtype,out_of_service,True,7080.0,7140.0,2980;-1;-1,2980;-1;-1,0.0,0.999999999999994,0.999999999999994,0.0,,0,,0,,,,
0,49,default_vehtype,out_of_service,True,7080.0,7140.0,2980;-1;-1,2980;-1;-1,0.0,0.5568368477629625,0.5568368477629625,0.0,,0,,0,,,,
0,26,default_vehtype,charging,True,120.0,7144.056720113716,2980;-1;-1,2980;-1;-1,0.0,0.7073309699952618,0.9999999999999938,7.5,1-1,0,,0,,,,
0,2,default_vehtype,out_of_service,True,180.0,7144.056720113717,2980;-1;-1,2980;-1;-1,0.0,0.9627188555138173,0.9627188555138173,0.0,,0,,0,,,,
0,8,default_vehtype,out_of_service,True,7020.0,7144.056720113864,2980;-1;-1,2980;-1;-1,0.0,0.915027971885,0.915027971885,0.0,,0,,0,,,,
0,20,default_vehtype,boarding,True,7118.349982818807,7148.349982818807,2982;-1;-1,2982;-1;-1,0.0,0.9671336277007783,0.9671336277007783,0.0,,0,91,1,,91,,
0,20,default_vehtype,route,False,7148.349982818807,7195.855284775256,2982;-1;-1,2983;-1;-1,395.8775163037552,0.9671336277007783,0.9670940399491479,0.0,,0,,0,,,2982;2809;7010;820;7498;276;2915;2661;7517;6201;7314;2983,2982:7148.349982818807;2809:7154.050950164232;7010:7156.958430164232;820:7158.939390164232;7498:7159.407390164231;276:7159.518990164232;2915:7170.864990164231;2661:7178.098350164231;7517:7185.410310164231;6201:7186.271430164231;7314:7193.1667501642305;2983:7195.855284775256
0,32,default_vehtype,route,False,7108.7716261827145,7171.443467787843,2985;-1;-1,2987;-1;-1,870.4422445156584,0.9965330297481585,0.996445985523707,0.0,,0,98;95,2,,,2985;1140;103;6480;7360;3154;6028;5745;6035;5743;6038;6041;7365;2179;3064;6023;3524;7356;4225;2987,2985:7108.7716261827145;1140:7108.96619681755;103:7110.10912481755;6480:7123.43085281755;7360:7128.93273281755;3154:7130.02454081755;6028:7130.98566881755;5745:7132.47729281755;6035:7134.4007008175495;5743:7135.77014081755;6038:7137.78556481755;6041:7139.06183681755;7365:7145.72500481755;2179:7149.73324481755;3064:7151.03522081755;6023:7152.29990081755;3524:7154.04136481755;7356:7164.92020481755;4225:7169.504732817551;2987:7171.443467787843
0,49,default_vehtype,out_of_service,True,7140.0,7144.0567201138665,2980;-1;-1,2980;-1;-1,0.0,0.5568368477629625,0.5568368477629625,0.0,,0,,0,,,,
0,0,default_vehtype,out_of_service,True,300.0,7200.0,2980;-1;-1,2980;-1;-1,0.0,0.5591825376293018,0.5591825376293018,0.0,,0,,0,,,,
0,1,default_vehtype,out_of_service,True,300.0,7200.0,2980;-1;-1,2980;-1;-1,0.0,0.8351585417917138,0.8351585417917138,0.0,,0,,0,,,,
0,3,default_vehtype,out_of_service,True,300.0,7200.0,2980;-1;-1,2980;-1;-1,0.0,0.7069501754095149,0.7069501754095149,0.0,,0,,0,,,,
0,4,default_vehtype,out_of_service,True,300.0,7200.0,2980;-1;-1,2980;-1;-1,0.0,0.6816740636234911,0.6816740636234911,0.0,,0,,0,,,,
0,7,default_vehtype,out_of_service,True,360.0,7200.0,2980;-1;-1,2980;-1;-1,0.0,0.5641987138645684,0.5641987138645684,0.0,,0,,0,,,,
0,9,default_vehtype,out_of_service,True,240.0,7200.0,2966;-1;-1,2966;-1;-1,0.0,0.8461007855593514,0.8461007855593514,0.0,,0,,0,,,,
0,11,default_vehtype,out_of_service,True,240.0,7200.0,2966;-1;-1,2966;-1;-1,0.0,0.8994669260694435,0.8994669260694435,0.0,,0,,0,,,,
0,13,default_vehtype,out_of_service,True,360.0,7200.0,2980;-1;-1,2980;-1;-1,0.0,0.58039032397964,0.58039032397964,0.0,,0,,0,,,,
0,14,default_vehtype,out_of_service,True,360.0,7200.0,2980;-1;-1,2980;-1;-1,0.0,0.9347543293107337,0.9347543293107337,0.0,,0,,0,,,,
0,15,default_vehtype,out_of_service,True,240.0,7200.0,2980;-1;-1,2980;-1;-1,0.0,0.9645206597818511,0.9645206597818511,0.0,,0,,0,,,,
0,16,default_vehtype,out_of_service,True,240.0,7200.0,2966;-1;-1,2966;-1;-1,0.0,0.5509100493350957,0.5509100493350957,0.0,,0,,0,,,,
0,17,default_vehtype,out_of_service,True,240.0,7200.0,2980;-1;-1,2980;-1;-1,0.0,0.8901521444791805,0.8901521444791805,0.0,,0,,0,,,,
0,18,default_vehtype,out_of_service,True,240.0,7200.0,2980;-1;-1,2980;-1;-1,0.0,0.8579855140994925,0.8579855140994925,0.0,,0,,0,,,,
0,19,default_vehtype,out_of_service,True,300.0,7200.0,2980;-1;-1,2980;-1;-1,0.0,0.6264854082525251,0.6264854082525251,0.0,,0,,0,,,,
0,21,default_vehtype,out_of_service,True,300.0,7200.0,2980;-1;-1,2980;-1;-1,0.0,0.8335238681340207,0.8335238681340207,0.0,,0,,0,,,,
0,23,default_vehtype,out_of_service,True,240.0,7200.0,2980;-1;-1,2980;-1;-1,0.0,0.8197824227039717,0.8197824227039717,0.0,,0,,0,,,,
0,24,default_vehtype,out_of_service,True,300.0,7200.0,2980;-1;-1,2980;-1;-1,0.0,0.5914143591557383,0.5914143591557383,0.0,,0,,0,,,,
0,25,default_vehtype,out_of_service,True,300.0,7200.0,2980;-1;-1,2980;-1;-1,0.0,0.5689310826569409,0.5689310826569409,0.0,,0,,0,,,,
0,27,default_vehtype,out_of_service,True,240.0,7200.0,2980;-1;-1,2980;-1;-1,0.0,0.5099263340874909,0.5099263340874909,0.0,,0,,0,,,,
0,28,default_vehtype,out_of_service,True,300.0,7200.0,2980;-1;-1,2980;-1;-1,0.0,0.5549812076518829,0.5549812076518829,0.0,,0,,0,,,,
0,29,default_vehtype,out_of_service,True,360.0,7200.0,2980;-1;-1,2980;-1;-1,0.0,0.8868733201734865,0.8868733201734865,0.0,,0,,0,,,,
0,31,default_vehtype,out_of_service,True,360.0,7200.0,2980;-1;-1,2980;-1;-1,0.0,0.6840981503676238,0.6840981503676238,0.0,,0,,0,,,,
0,33,default_vehtype,out_of_service,True,360.0,7200.0,2980;-1;-1,2980;-1;-1,0.0,0.5020838996653938,0.5020838996653938,0.0,,0,,0,,,,
0,34,default_vehtype,out_of_service,True,360.0,7200.0,2980;-1;-1,2980;-1;-1,0.0,0.5482610171846696,0.5482610171846696,0.0,,0,,0,,,,
0,35,default_vehtype,out_of_service,True,240.0,7200.0,2980;-1;-1,2980;-1;-1,0.0,0.784104530770277,0.784104530770277,0.0,,0,,0,,,,
0,36,default_vehtype,out_of_service,True,240.0,7200.0,2980;-1;-1,2980;-1;-1,0.0,0.7723141524921925,0.7723141524921925,0.0,,0,,0,,,,
0,37,default_vehtype,out_of_service,True,240.0,7200.0,2966;-1;-1,2966;-1;-1,0.0,0.7342132447849324,0.7342132447849324,0.0,,0,,0,,,,
0,38,default_vehtype,out_of_service,True,300.0,7200.0,2980;-1;-1,2980;-1;-1,0.0,0.8083019283827528,0.8083019283827528,0.0,,0,,0,,,,
0,39,default_vehtype,out_of_service,True,240.0,7200.0,2980;-1;-1,2980;-1;-1,0.0,0.9457740567269927,0.9457740567269927,0.0,,0,,0,,,,
0,40,default_vehtype,out_of_service,True,360.0,7200.0,2980;-1;-1,2980;-1;-1,0.0,0.5477853655161018,0.5477853655161018,0.0,,0,,0,,,,
0,41,default_vehtype,out_of_service,True,240.0,7200.0,2966;-1;-1,2966;-1;-1,0.0,0.8407687786412219,0.8407687786412219,0.0,,0,,0,,,,
0,42,default_vehtype,out_of_service,True,300.0,7200.0,2980;-1;-1,2980;-1;-1,0.0,0.8227942736897742,0.8227942736897742,0.0,,0,,0,,,,
0,43,default_vehtype,out_of_service,True,240.0,7200.0,2966;-1;-1,2966;-1;-1,0.0,0.8023104038336046,0.8023104038336046,0.0,,0,,0,,,,
0,44,default_vehtype,out_of_service,True,300.0,7200.0,2980;-1;-1,2980;-1;-1,0.0,0.5299519287775074,0.5299519287775074,0.0,,0,,0,,,,
0,45,default_vehtype,out_of_service,True,240.0,7200.0,2966;-1;-1,2966;-1;-1,0.0,0.6915793885023691,0.6915793885023691,0.0,,0,,0,,,,
0,46,default_vehtype,out_of_service,True,300.0,7200.0,2980;-1;-1,2980;-1;-1,0.0,0.5194033562428346,0.5194033562428346,0.0,,0,,0,,,,
0,47,default_vehtype,out_of_service,True,300.0,7200.0,2980;-1;-1,2980;-1;-1,0.0,0.7183380623717271,0.7183380623717271,0.0,,0,,0,,,,
0,48,default_vehtype,out_of_service,True,360.0,7200.0,2980;-1;-1,2980;-1;-1,0.0,0.7641578391645912,0.7641578391645912,0.0,,0,,0,,,,
0,20,default_vehtype,boarding,True,7195.855284775256,7225.855284775256,2983;-1;-1,2983;-1;-1,0.0,0.9670940399491479,0.9670940399491479,0.0,,0,97,1,97,,,
0,32,default_vehtype,boarding,True,7171.443467787843,7201.443467787843,2987;-1;-1,2987;-1;-1,0.0,0.996445985523707,0.996445985523707,0.0,,0,98;95,2,,95,,
0,32,default_vehtype,route,False,7201.443467787843,7233.065940374572,2987;-1;-1,2988;-1;-1,439.20100814900826,0.996445985523707,0.9964020654228921,0.0,,0,98,1,,,2987;4613;7368;7606;5900;3459;4818;5992;6047;5708;3884;3030;3347;7376;2207;2988,2987:7201.443467787843;4613:7203.0397168175505;7368:7214.74482881755;7606:7214.97422081755;5900:7218.44591681755;3459:7219.2014848175495;4818:7219.81636481755;5992:7220.29314881755;6047:7224.48167681755;5708:7225.87595681755;3884:7228.41554081755;3030:7228.913564817551;3347:7230.9377728175505;7376:7231.373156817551;2207:7231.782044817551;2988:7233.065940374572
0,32,default_vehtype,boarding,True,7233.065940374572,7263.065940374572,2988;-1;-1,2988;-1;-1,0.0,0.9964020654228921,0.9964020654228921,0.0,,0,98;99,2,99,,,
0,32,default_vehtype,route,False,7263.065940374572,7266.050005205985,2988;-1;-1,2972;-1;-1,41.44534488073482,0.9964020654228921,0.9963979208884041,0.0,,0,98;99,2,,,2988;3447;2972,2988:7263.065940374572;3447:7264.605452817551;2972:7266.050005205985
0,32,default_vehtype,boarding,True,7266.050005205985,7296.050005205985,2972;-1;-1,2972;-1;-1,0.0,0.9963979208884041,0.9963979208884041,0.0,,0,98;99,2,,98,,
0,32,default_vehtype,route,False,7296.050005205985,7385.33572154939,2972;-1;-1,2971;-1;-1,812.5131451482082,0.9963979208884041,0.9963166695738892,0.0,,0,99,1,,,2972;6079;3446;3720;5332;251;2711;3358;2296;5495;5696;3307;3987;2396;886;808;1372;807;1375;108;1376;1380;373;2390;7391;5704;7389;2971,2972:7296.050005205985;6079:7297.428860817551;3446:7300.252268817551;3720:7303.281956817551;5332:7304.273396817551;251:7305.0209728175505;2711:7306.158788817551;3358:7308.373796817551;2296:7316.674796817551;5495:7316.891636817551;5696:7317.654356817551;3307:7328.392796817551;3987:7335.219956817551;2396:7336.525916817551;886:7342.163516817551;808:7342.629716817551;1372:7343.49263681755;807:7344.59651681755;1375:7346.28071681755;108:7348.42115681755;1376:7350.221396817549;1380:7352.237996817549;373:7361.798996817549;2390:7364.343716817549;7391:7365.744356817549;5704:7368.109436817548;7389:7382.647676817548;2971:7385.33572154939
0,32,default_vehtype,boarding,True,7385.33572154939,7415.33572154939,2971;-1;-1,2971;-1;-1,0.0,0.9963166695738892,0.9963166695738892,0.0,,0,99,1,,99,,
0,20,default_vehtype,route,False,7225.855284775256,7468.24862689607,2983;-1;-1,2971;-1;-1,2519.500917673467,0.9670940399491479,0.9668420898573806,0.0,,0,97,1,,,2983;7527;2803;7558;2806;4344;2996;3013;7322;2804;3061;1173;3425;4304;793;118;3979;4275;103;6480;7360;3154;6028;5745;6035;5743;6038;6041;7365;6050;6068;6077;3629;4502;6912;2108;7370;7608;5900;3459;4818;5992;6047;5708;3884;3030;3347;7376;2207;3446;3720;5332;251;2711;3358;2296;5495;5696;3307;3987;2396;886;808;1372;807;1375;108;1376;1380;373;2390;7391;5704;7389;2971,2983:7225.855284775256;7527:7230.38223016423;2803:7237.937190164231;7558:7245.332190164231;2806:7253.166030164231;4344:7254.369030164232;2996:7256.412510164232;3013:7261.197630164232;7322:7265.208270164232;2804:7268.535030164232;3061:7275.203070164232;1173:7280.8014301642315;3425:7281.984390164232;4304:7283.386710164232;793:7295.502270164232;118:7301.366550164232;3979:7303.217094164232;4275:7303.808430164232;103:7304.951358164232;6480:7318.273086164232;7360:7323.774966164232;3154:7324.866774164232;6028:7325.827902164232;5745:7327.319526164232;6035:7329.242934164232;5743:7330.612374164232;6038:7332.627798164232;6041:7333.9040701642325;7365:7340.567238164233;6050:7342.840782164232;6068:7347.067110164232;6077:7347.712806164232;3629:7349.2700941642315;4502:7349.7329821642315;6912:7354.8814141642315;2108:7356.777822164231;7370:7363.304550164231;7608:7363.533942164231;5900:7367.005638164231;3459:7367.76120616423;4818:7368.37608616423;5992:7368.852870164231;6047:7373.0413981642305;5708:7374.435678164231;3884:7376.975262164231;3030:7377.4732861642315;3347:7379.497494164231;7376:7379.932878164232;2207:7380.341766164232;3446:7383.165174164232;3720:7386.194862164231;5332:7387.186302164231;251:7387.933878164231;2711:7389.071694164231;3358:7391.286702164231;2296:7399.587702164232;5495:7399.804542164232;5696:7400.567262164232;3307:7411.305702164232;3987:7418.1328621642315;2396:7419.438822164231;886:7425.076422164231;808:7425.542622164231;1372:7426.405542164231;807:7427.50942216423;1375:7429.19362216423;108:7431.33406216423;1376:7433.13430216423;1380:7435.15090216423;373:7444.711902164229;2390:7447.256622164229;7391:7448.657262164229;5704:7451.022342164229;7389:7465.560582164228;2971:7468.24862689607
0,20,default_vehtype,boarding,True,7468.24862689607,7498.24862689607,2971;-1;-1,2971;-1;-1,0.0,0.9668420898573806,0.9668420898573806,0.0,,0,97,1,,97,,
0,6,default_vehtype,charging,True,180.0,8997.233235906971,2980;-1;-1,2980;-1;-1,0.0,0.6326152818372095,0.9999999999999922,7.5,1-3,0,,0,,,,
0,5,default_vehtype,charging,True,3540.0,9018.847491298658,2966;-1;-1,2966;-1;-1,0.0,0.5434293757251119,1.0,15.0,0-0,0,,0,,,,
0,22,default_vehtype,charging,True,180.0,9248.843034695296,2980;-1;-1,2980;-1;-1,0.0,0.6221315402210293,0.9999999999999919,7.5,1-2,0,,0,,,,
0,30,default_vehtype,charging,True,7020.0,10439.634730711281,2980;-1;-1,2980;-1;-1,0.0,0.8575152195536966,0.999999999999997,7.5,1-4,0,,0,,,,
0,30,default_vehtype,out_of_service,True,10439.634730711281,10440.0,2980;-1;-1,2980;-1;-1,0.0,0.999999999999997,0.999999999999997,0.0,,0,,0,,,,
0,12,default_vehtype,charging,True,120.0,10992.713870898699,2980;-1;-1,2980;-1;-1,0.0,0.5469702553792208,0.9999999999999903,7.5,1-0,0,,0,,,,
0,49,default_vehtype,charging,True,7144.0567201138665,17779.972373802768,2980;-1;-1,2980;-1;-1,0.0,0.5568368477629625,0.9999999999999907,7.5,1-1,0,,0,,,,
0,49,default_vehtype,out_of_service,True,17779.972373802768,17820.0,2980;-1;-1,2980;-1;-1,0.0,0.9999999999999907,0.9999999999999907,0.0,,0,,0,,,,
